GeneID,Mean,Mean.log10,Std.Dev,log10.Std.Dev,0.025,0.975,log10.0.025,log10.0.975
YAL067C,0.00401646597310901,-2.40922999382019,0.000983692174470611,0.107360098154738,0.00236931396648288,0.00610104637065281,-2.6253773855093,-2.21459567466207
YAL061W,0.18916529417038,-0.727887988090515,0.0276116916224168,0.0645373437200295,0.141483621299267,0.239161202435692,-0.849293843034383,-0.621309271871137
YAL060W,1.3964831829071,0.140617311000824,0.195366041474141,0.0626126890238378,1.03737674057484,1.7263789186875,0.0159365059670271,0.237136118255291
YAL058W,0.135727390646935,-0.871732532978058,0.0189271139887668,0.0625029838863004,0.101019851987561,0.166977897658944,-0.995593277014712,-0.777341015323769
YAL053W,0.362639516592026,-0.44452103972435,0.0481534238769826,0.0595767650861727,0.276800832897425,0.434351280331612,-0.557832607682607,-0.36215889399237
YAL049C,0.656280934810638,-0.189822971820831,0.116652231852586,0.0778749786596208,0.452861441175143,0.891307363907496,-0.344034655755774,-0.0499725135922278
YAL048C,0.0745216533541679,-1.13219225406647,0.0105324337248751,0.0628921122108565,0.0559357158839703,0.0924294738098979,-1.25231080278161,-1.03418951980297
YAL047C,0.0671054050326347,-1.1778609752655,0.00962198612924885,0.0639383282922415,0.0500541610022386,0.0833920612931252,-1.30055983068496,-1.07887529109717
YAL043C,0.20934771001339,-0.683229207992554,0.0282013971867409,0.0602849517116316,0.15983419418335,0.252825606365999,-0.796330305052524,-0.597178943074938
YAL039C,0.286345809698105,-0.549532830715179,0.0489718348933322,0.0751345903280078,0.201233235746622,0.385738657911619,-0.696300343938109,-0.413706835675068
YAL038W,52.8976936340332,1.71927309036255,7.19183882075921,0.0607033886989674,40.3335476557414,64.6168212890625,1.60566639494279,1.81034558981426
YAL037W,0.0119831934571266,-1.94164216518402,0.00368550348461634,0.133333642283717,0.00613909420014049,0.02021999193045,-2.21189570265153,-1.69421902823938
YAL036C,1.32648968696594,0.118056200444698,0.191217085726809,0.0640824125616326,0.988779389361541,1.65636023183664,-0.00490062748692989,0.21915479423698
YAL035W,2.90209913253784,0.458792179822922,0.382037702166595,0.0589665494124372,2.24643506407738,3.47132831414541,0.351493867126764,0.540495690635674
YAL034C,0.0229674931615591,-1.64544177055359,0.00395048624207782,0.0760364306402131,0.0159523388991753,0.030539568591242,-1.79717565381259,-1.51513710988962
YAL032C,0.123932704329491,-0.911865413188934,0.0186304675007134,0.0668114124897412,0.0908905765662591,0.157231711596251,-1.04148114708056,-0.803459857913351
YAL031C,0.0735269337892532,-1.13778269290924,0.0100826576543881,0.0611940509085834,0.0558271035552025,0.0900048208112518,-1.2531549038104,-1.04573422996721
YAL028W,0.0219457000494003,-1.66469097137451,0.00362923151238169,0.0729239831245357,0.0154931042343378,0.0291478265542537,-1.80986155727146,-1.53539401883462
YAL027W,0.101330928504467,-1.00226831436157,0.0193773306742164,0.083914300605174,0.0672518331557512,0.142011073231697,-1.17229587907901,-0.847677819443484
YAL026C,0.217079669237137,-0.667316675186157,0.0286385042981993,0.0590966084522485,0.167388615757227,0.259402782469988,-0.776274085247516,-0.586025381806657
YAL025C,1.02674722671509,0.00642112735658884,0.154105744105705,0.0667927169063306,0.749624833464622,1.30744820634524,-0.125156034783294,0.116424492998739
YAL023C,1.53310358524323,0.181552276015282,0.204565115005464,0.0596983366417283,1.17229068279266,1.8545393884182,0.0690353132861533,0.268236061214463
YAL022C,0.22629326581955,-0.649678409099579,0.031519426870061,0.0620123851920534,0.171113407115142,0.278656810522079,-0.766715961533616,-0.554930410712577
YAL021C,0.436983287334442,-0.363623678684235,0.0588661497957417,0.0601822541434978,0.333870732535919,0.528227166831493,-0.476421666612199,-0.277179269514163
YAL020C,0.0827386304736137,-1.08864533901215,0.0140875349701313,0.07464533483504,0.0583363708729545,0.11185948929439,-1.23406062731499,-0.95132719262569
YAL019W,0.253793030977249,-0.599550366401672,0.0338987092205929,0.0597750631372349,0.195417442421118,0.304791596780221,-0.709036733087849,-0.515997016012506
YAL018C,0.00143121543806046,-2.91742277145386,0.000817665928234349,0.264419851083352,0.000324576431254779,0.00341093990136869,-3.48868309339822,-2.46712621146563
YAL015C,0.0854591578245163,-1.07362079620361,0.0132599765875573,0.0689859624336572,0.0617884302822252,0.110079862549901,-1.20909283877645,-0.958292122542683
YAL014C,0.199138507246971,-0.70839524269104,0.0370349058401894,0.0813950350288552,0.134087365493178,0.275885091722012,-0.87261214367052,-0.559271767534802
YAL013W,0.271321803331375,-0.571206331253052,0.039227157991395,0.0644313313022522,0.200585833440224,0.337850691378117,-0.697699766343826,-0.471275188082667
YAL012W,8.33440113067627,0.91641640663147,1.1743684816611,0.0627972196501656,6.2468399922053,10.3657624165217,0.795660143446099,1.0156012475274
YAL010C,0.0751954764127731,-1.12857460975647,0.0109599040733211,0.0649601364373084,0.0554008999839425,0.095185196151336,-1.25648318356085,-1.0214306223498
YAL009W,0.122181497514248,-0.920844733715057,0.0231875726106341,0.0829812568372491,0.0827842578912775,0.171341556310654,-1.08205224053521,-0.766137302888047
YAL001C,0.138107433915138,-0.863833129405975,0.0185120910843845,0.0598857882445258,0.106196280134221,0.166483057414492,-0.973890697906906,-0.778629960495314
YAR002W,0.572679042816162,-0.24628958106041,0.0782383156578799,0.0610079418545667,0.434979945669572,0.699742741386096,-0.361530774704934,-0.155061597895885
YAR007C,0.771964251995087,-0.116625636816025,0.105427106830662,0.061241067686937,0.585508371889591,0.935485995312532,-0.232466899935127,-0.0289627241370903
YAR008W,0.136278182268143,-0.872503101825714,0.024156913724765,0.0781433948080486,0.0939470930645863,0.184707954525948,-1.02711670098422,-0.733514401082027
YAR015W,2.05673408508301,0.308029055595398,0.312503182871822,0.0674429949538237,1.49203787048658,2.63495852748553,0.173779845825186,0.420773768375288
YAR018C,0.0819185301661491,-1.09174966812134,0.0124478049260567,0.0672511528365685,0.0599297620356083,0.105481710533301,-1.22235744676251,-0.976822839108214
YAR042W,0.199987217783928,-0.703000783920288,0.0266150496006771,0.0595756473653861,0.153573244065046,0.239959963411093,-0.813684450199505,-0.619861213251648
YBL106C,0.0547051504254341,-1.26625084877014,0.00755074637744037,0.0615392675924231,0.0415706752799451,0.0670627447466055,-1.38121296166398,-1.1735186960893
YBL105C,0.175441652536392,-0.759878218173981,0.023359086820729,0.0596526136322891,0.134353995323181,0.210505778094133,-0.871749414299577,-0.676735979388734
YBL103C,0.163792490959167,-0.790285587310791,0.0234609451848099,0.0635855179808112,0.121984504163265,0.204991084337234,-0.91369533476634,-0.688265027522651
YBL101C,0.115675196051598,-0.940850079059601,0.0155806764939607,0.060179975401244,0.088531115402778,0.140193477272987,-1.05290406409013,-0.853272192148586
YBL098W,0.265102952718735,-0.581194460391998,0.0380533825069673,0.0638061148316977,0.198255817095439,0.329920828342438,-0.702774061032811,-0.481590265998608
YBL097W,0.131157502532005,-0.88635516166687,0.0177878887643077,0.0606450143048495,0.0995011124759912,0.159895643591881,-1.00217206362273,-0.7961633685851
YBL095W,0.0478575564920902,-1.32994902133942,0.0102186049471485,0.0931786621698121,0.0303489477218439,0.0698693916201591,-1.51785636438235,-1.15571303829937
YBL091C,1.05951178073883,0.0207255482673645,0.148030532548892,0.0622477787981912,0.798753635088603,1.30518090724945,-0.0975871523908064,0.115670712114875
YBL086C,0.13915079832077,-0.861102342605591,0.0199092109190347,0.0636948061529551,0.103589062703153,0.173418015614152,-0.984686103648592,-0.760905788638762
YBL085W,0.209521755576134,-0.682863891124725,0.0282085304977805,0.0602427311492935,0.160438368096948,0.252073122560978,-0.794691765231877,-0.598473458752304
YBL084C,0.0585959851741791,-1.2366715669632,0.00835136209044277,0.0632974555316878,0.0439967140555382,0.0729100779319803,-1.3565797580783,-1.13721244039506
YBL081W,0.132034003734589,-0.884651839733124,0.0204955615053961,0.0685401229928542,0.0958345135052999,0.170745700597763,-1.01847806370708,-0.767650231257061
YBL080C,0.0511994101107121,-1.29560732841492,0.00756068330706097,0.0656225223868288,0.0373451691741745,0.0647490070511897,-1.42776559591835,-1.18876689981039
YBL079W,0.231957569718361,-0.638509809970856,0.0305384288130106,0.0589652384889777,0.178865621238947,0.276307761669159,-0.747473129615554,-0.558606915290724
YBL076C,3.36813950538635,0.523481428623199,0.443085472431559,0.0588532760100503,2.60644193490346,4.02069978316625,0.416048054058841,0.604301646274713
YBL069W,0.365423500537872,-0.441661328077316,0.0515210973440998,0.0628008678801325,0.274512478957574,0.45223613033692,-0.561437911219372,-0.344634743673355
YBL068W,0.788296163082123,-0.108379602432251,0.118842271198528,0.0669193778568555,0.573459952076276,1.00479305783908,-0.24149690594748,0.00207662427554633
YBL064C,0.798203766345978,-0.104174122214317,0.1353695440527,0.074226171975714,0.563804445167383,1.0760583649079,-0.248871558893045,0.0318358244967406
YBL063W,0.0661517530679703,-1.18362629413605,0.00899756334354058,0.0607638279123606,0.0503660672344267,0.0803343433886766,-1.29786195914991,-1.09509875214761
YBL061C,0.27002489566803,-0.572742223739624,0.0366508966609702,0.0606073358360654,0.205887247125308,0.328240692615509,-0.6863705609828,-0.48380757964224
YBL060W,0.0673360377550125,-1.17609691619873,0.0093726382099396,0.0619896094640068,0.0508943653665483,0.0830549747993549,-1.29333029694706,-1.08063435021028
YBL058W,1.40586352348328,0.143444359302521,0.198838703571091,0.0631234286426668,1.05109185278416,1.73601743280888,0.0216406697976348,0.239554081847375
YBL056W,0.910906851291656,-0.0449152663350105,0.127261147593027,0.0623419148191754,0.682156983514627,1.12075781822205,-0.16611567315476,0.0495117771152106
YBL054W,0.210331469774246,-0.681502878665924,0.029448593205868,0.0624795131336003,0.158092733100057,0.259512478113174,-0.801088094377975,-0.585841755269239
YBL052C,0.0332712419331074,-1.48263394832611,0.00481098342331427,0.0645603242130851,0.0244727674871683,0.0415299400997658,-1.611316915959,-1.38163869949457
YBL051C,0.580618381500244,-0.240214869379997,0.0783169117805208,0.0603330204080819,0.443214511374633,0.703345032036304,-0.353386034472775,-0.152831575774345
YBL050W,1.14405620098114,0.0533611513674259,0.172291619205891,0.0671074777441543,0.830228072404861,1.44920992851257,-0.080802639641025,0.161131300716801
YBL047C,1.00560104846954,-0.00149520917329937,0.132361051493666,0.0589780680966673,0.776504534482956,1.19708209633827,-0.109856004551047,0.0781239345754025
YBL046W,0.177934184670448,-0.754266262054443,0.0252886613838173,0.063245598881861,0.132704370344679,0.221654616792997,-0.877114788642855,-0.654323219085601
YBL043W,0.00735232001170516,-2.16805601119995,0.00292839966348602,0.177136337304426,0.00279833668998132,0.0141465804694841,-2.55310006159449,-1.84934884039845
YBL042C,0.344447582960129,-0.466995269060135,0.0466205900178631,0.0603699753274187,0.263030200451612,0.420959055423737,-0.579994387673604,-0.375760143929208
YBL039C,2.46086573600769,0.386750787496567,0.341929742328719,0.0619533425498068,1.86812586685022,3.01689021587372,0.271406133853365,0.479559506093536
YBL038W,0.403382331132889,-0.403157651424408,0.082388746012649,0.0877571602588854,0.270593374967575,0.585319792727629,-0.567682840592225,-0.232606793977976
YBL037W,0.13559128344059,-0.871815502643585,0.0181599952453583,0.0599008520069331,0.10384594971935,0.163584818566839,-0.983610458271193,-0.786257015691437
YBL036C,1.51972937583923,0.175738990306854,0.250894481135389,0.0728594379412506,1.08070152302583,2.00641637047132,0.0337057557594493,0.302421053980737
YBL035C,0.204931005835533,-0.692479074001312,0.0275785200273762,0.0602068312204862,0.156430289149284,0.247816284373403,-0.805679151936093,-0.60587016098267
YBL034C,0.0963761359453201,-1.01996195316315,0.0127240735495253,0.0590622391928359,0.0741453078264991,0.115477778017521,-1.12991632746555,-0.937501581251427
YBL033C,0.395854771137238,-0.407151013612747,0.0572363340608535,0.0644175944507984,0.290752023458481,0.497051029155652,-0.536477254161699,-0.303599024732813
YBL031W,0.058177649974823,-1.24145483970642,0.00975001883746144,0.0739614833857175,0.04104991943265,0.0771545171737671,-1.38668769093262,-1.112638642171
YBL030C,5.05821084976196,0.698970794677734,0.759134653304865,0.0666201875882799,3.69807501832644,6.42137813568115,0.567975716748871,0.807628244967789
YBL029W,0.0260705295950174,-1.5914204120636,0.00483566014155957,0.0816213322617952,0.0175199719766776,0.0358915557463964,-1.75646666107375,-1.44500772445918
YBL024W,1.30669546127319,0.11205467581749,0.17648599600248,0.060437827200137,0.995764469603697,1.57801878452301,-0.00184337776257126,0.198112168687174
YBL023C,0.265509486198425,-0.579989969730377,0.0356435449019573,0.0600672440385787,0.203275356565913,0.320003747940063,-0.691915284724028,-0.494844935117106
YBL022C,0.591297030448914,-0.232148930430412,0.0782768115624195,0.0592034585662218,0.455111198872328,0.709889986117681,-0.341882478012686,-0.148808953407827
YBL016W,0.305835425853729,-0.519577205181122,0.0460621344512697,0.0668988818125263,0.222376862416665,0.390273461987575,-0.652910432157077,-0.4086309901784
YBL015W,0.240618869662285,-0.622993052005768,0.0334103373470547,0.0618203149105193,0.181542987748981,0.298271714647611,-0.741020527114806,-0.525387937972249
YBL014C,0.037774745374918,-1.42722642421722,0.00530777942590246,0.0625666285549763,0.0283430413963894,0.0468442569176356,-1.54755355977627,-1.32934364607318
YBL013W,0.0472047403454781,-1.33190143108368,0.00770103106108767,0.0719682334979924,0.0336552672709028,0.0621348029312988,-1.47294702393212,-1.20666507998408
YBL011W,0.240832537412643,-0.622479856014252,0.0328238507347445,0.0609946612490061,0.182791556666295,0.291148959596952,-0.738043870412513,-0.535884759700758
YBL010C,0.143794685602188,-0.849016189575195,0.0251776747180178,0.0771491105014081,0.0993678048253059,0.19387257322669,-1.00275430425041,-0.712483626409714
YBL009W,0.167257726192474,-0.780847489833832,0.0229679802032497,0.0611987857892161,0.127302274480462,0.204832762479782,-0.895163836993514,-0.688600577841662
YBL008W,0.0991834104061127,-1.0078467130661,0.0136773564641091,0.0615981363766095,0.0749405591438214,0.121386323620876,-1.12528307094681,-0.915830241843781
YBL007C,0.957535326480865,-0.0227595511823893,0.125988797029888,0.058938182338899,0.739568054676056,1.14260244369507,-0.131021856271032,0.0578951485553973
YBL004W,0.311575561761856,-0.510315597057343,0.0407494668272965,0.0586960674059886,0.240850348522266,0.368543342500925,-0.618252721332219,-0.433511429645648
YBR002C,0.243733078241348,-0.618878901004791,0.0393701064667941,0.0714935707212342,0.173555723453561,0.318356125553449,-0.760561085972939,-0.49708679218742
YBR003W,0.207276001572609,-0.687980949878693,0.0294693983130954,0.0633003871143927,0.154670670380195,0.257209269702434,-0.810592066263287,-0.589713394643545
YBR004C,0.128546953201294,-0.895659863948822,0.0187276042114165,0.064479136275673,0.0957430005073547,0.161806015546123,-1.01889296620682,-0.791005340603317
YBR006W,0.145026594400406,-0.843209266662598,0.0209088641242157,0.0641689211811347,0.108098317931096,0.182147853821516,-0.966181063856721,-0.739575942951056
YBR008C,0.00136645475868136,-2.89775347709656,0.000531921681578708,0.174376330507323,0.000531332765725286,0.00259656921455947,-3.27463341427189,-2.58560009673104
YBR011C,13.406044960022,1.12179625034332,2.11388970886206,0.0696104017068517,9.73974873224894,17.4575805664062,0.988547752977769,1.24198405497855
YBR015C,0.869945049285889,-0.0647007152438164,0.118674480272768,0.0609455232504125,0.659922301769257,1.05707891782125,-0.180507194608534,0.0241074105916062
YBR017C,0.54811692237854,-0.265134781599045,0.0729943596664603,0.0596248697375928,0.419924591730038,0.656529758373896,-0.376828691906921,-0.182745583979999
YBR018C,0.00144062284380198,-2.90116500854492,0.000753948611450352,0.236226690608291,0.000400271109053089,0.00334668337794331,-3.39764586789952,-2.47538555979712
YBR020W,0.000582618522457778,-3.3056948184967,0.000330301848191524,0.259678618121977,0.000131157823974111,0.00136954818541805,-3.88220600083759,-2.86342272017933
YBR021W,0.0701469779014587,-1.15843296051025,0.00987629579170811,0.062673008894001,0.0527990385890007,0.0870247262219588,-1.27737398540735,-1.060357334337
YBR023C,0.251693934202194,-0.603053450584412,0.0331746287638096,0.0590018445475212,0.194577094291647,0.300539686530828,-0.710908286417135,-0.522098171532306
YBR024W,0.128235667943954,-0.897919833660126,0.020972686572434,0.072279458397309,0.0910997421170274,0.168661395584544,-1.04048285286215,-0.77298431606022
YBR025C,7.06018352508545,0.844360649585724,0.994775565584643,0.0627862811049802,5.3022464354833,8.76175594329834,0.724459907637765,0.942591151837479
YBR026C,0.615413308143616,-0.215415924787521,0.0878319438435953,0.0637385719647107,0.453628279765447,0.763841764132182,-0.343299898193172,-0.11699660618334
YBR028C,0.170852482318878,-0.771711051464081,0.0237299252377186,0.0619256650269922,0.128883334249258,0.210827304298679,-0.889803240216236,-0.676073156228059
YBR029C,0.498705863952637,-0.306457757949829,0.0690304210597098,0.0617045148446389,0.377797494331996,0.610448298851649,-0.422740957410166,-0.214351114699812
YBR030W,0.0931630730628967,-1.03546702861786,0.0135332196133087,0.0644782371439874,0.0697493904580673,0.11667013677458,-1.15645961558571,-0.933040295089558
YBR035C,1.95717418193817,0.282673984766006,0.399778092938949,0.0884119941356231,1.28309651215871,2.82158395051956,0.108259201483624,0.45049294327566
YBR036C,0.744450509548187,-0.132688924670219,0.105751343356442,0.0632560199904295,0.559389157096545,0.926247298717499,-0.252285957052084,-0.033273045575417
YBR038W,0.409866988658905,-0.391367822885513,0.054626665168267,0.0596418986361895,0.313320072243611,0.491768147299687,-0.504011782679343,-0.3082396116487
YBR039W,1.96084237098694,0.287392795085907,0.295608743801317,0.0667224780644734,1.44528155128161,2.52080227533976,0.159952457175099,0.40153878106388
YBR040W,0.00646660150960088,-2.21498680114746,0.00222849007963362,0.151406867456112,0.00290701379611467,0.0117702409081782,-2.53655301069595,-1.92921481802212
YBR041W,0.329501390457153,-0.486281394958496,0.0446406220723833,0.0605684019090256,0.251836964239677,0.398686468601227,-0.598880524515662,-0.399368504020436
YBR042C,0.230166718363762,-0.642795383930206,0.0338680622043971,0.0653948192778082,0.169888722524047,0.289116604626179,-0.769835449988728,-0.538926965922023
YBR043C,0.0354166254401207,-1.45555508136749,0.00517040737884956,0.0648752894165404,0.0262745769539227,0.0444537401199341,-1.58046426918411,-1.35209169374627
YBR049C,0.684852361679077,-0.168415680527687,0.0912360601931014,0.0596734096743535,0.523838222026825,0.821027115484079,-0.280802816316048,-0.0856425006292484
YBR053C,0.703622877597809,-0.157338961958885,0.10172877547231,0.0643068590211165,0.522172786295414,0.881861886382103,-0.282185775490748,-0.0545994274119322
YBR055C,0.104032069444656,-0.98694384098053,0.0140307910250797,0.0604096461076283,0.0791760507350167,0.125363962103923,-1.10140621083714,-0.901827312095569
YBR056W,0.422926038503647,-0.37813264131546,0.0591354916409538,0.0624073634718078,0.319232824941476,0.520781077941259,-0.495892459404443,-0.283344803817958
YBR057C,0.204646170139313,-0.694019973278046,0.0306552100843068,0.0666472919847704,0.150131088122725,0.258884527534246,-0.823529368364364,-0.586893904793263
YBR058C,0.330967396497726,-0.484378844499588,0.044894526283558,0.0608084186477429,0.251474442829688,0.39936972334981,-0.599506147015238,-0.398624862681857
YBR059C,0.337692201137543,-0.47546249628067,0.0448385092243178,0.0594433384934927,0.259757684916258,0.404815557350715,-0.585431604232745,-0.392742807840966
YBR061C,0.412949174642563,-0.389393031597137,0.0635407453448046,0.0683918228796205,0.299466353406509,0.53245791097482,-0.523651983217558,-0.273714722626602
YBR063C,0.00218235771171749,-2.69324231147766,0.000835381617550413,0.17068428791087,0.000905153874191456,0.00415206886827946,-3.04327759361641,-2.38173545167557
YBR065C,0.105815976858139,-0.980758905410767,0.0163818308919794,0.0683641193650869,0.0772052671139439,0.13774001126488,-1.11235309155853,-0.86093990104277
YBR068C,1.18960297107697,0.0712355747818947,0.161706291170314,0.0607641670196087,0.911922624707222,1.43862152596315,-0.0400420094267577,0.157946552878199
YBR069C,1.0111118555069,0.00063812849111855,0.137245267922829,0.0607582275794116,0.768619963526726,1.2285248041153,-0.114288379616093,0.089383928579398
YBR070C,0.245384156703949,-0.619420409202576,0.0507196823441041,0.0900945066591602,0.159290853391091,0.355136320988337,-0.797809170326235,-0.449604925988556
YBR074W,0.326470732688904,-0.490168690681458,0.0435430727748085,0.0596309318254667,0.251686265071233,0.391868255784114,-0.599140485461093,-0.406859917138768
YBR076W,0.00302017875947058,-2.55070543289185,0.00113357887957222,0.16634193776061,0.00128323458096323,0.00570343163950989,-2.89169397607292,-2.24386388482588
YBR078W,11.53883934021,1.0579651594162,1.57580040166864,0.0609716294612939,8.7291518052419,14.1479725837708,0.94097204445805,1.15069420888691
YBR079C,1.99613237380981,0.296256750822067,0.263247324741569,0.0590820450428087,1.53381698230902,2.38500933249791,0.18577353992866,0.377490082259992
YBR080C,0.874255299568176,-0.0624876096844673,0.118304232540237,0.0604452021686434,0.668349802494049,1.06035052339236,-0.174996175951747,0.0254494528715157
YBR081C,0.129614859819412,-0.891323745250702,0.0172015177326619,0.0594157417957914,0.0994889661669731,0.15581914074719,-1.0022250820534,-0.807379194903769
YBR083W,0.322691649198532,-0.495521575212479,0.0446989082232964,0.0617496649207211,0.244897454977036,0.396914233267307,-0.611015728126298,-0.401303334550061
YBR084W,1.11902570724487,0.0448228195309639,0.149187015234611,0.0596948186303298,0.864035567641258,1.33862591882547,-0.063468384282145,0.126659229663739
YBR085W,0.175467178225517,-0.761545479297638,0.0282272719944856,0.0711388638691256,0.125404260804256,0.228984240442514,-0.901687719462796,-0.640194406640874
YBR086C,0.578103601932526,-0.241966187953949,0.0766805269425666,0.0593388979413738,0.444444345434507,0.692915618419647,-0.352182682470917,-0.159319649494959
YBR088C,1.96606409549713,0.287535816431046,0.325558788629923,0.0730935209174071,1.36945971945922,2.61931545535723,0.13654922849596,0.418187783082442
YBR094W,0.240098357200623,-0.623765647411346,0.0325573307020058,0.060693881553558,0.182290898015102,0.290817958364884,-0.739235016114439,-0.536378778769605
YBR095C,0.142331391572952,-0.851488649845123,0.0208282750167939,0.0650711484469037,0.10546763241291,0.17866651241978,-0.976880803127168,-0.747956839982335
YBR096W,1.3386002779007,0.11805123090744,0.267550529672009,0.0866198972944097,0.888851587474346,1.9261078864336,-0.0511708296391076,0.284680609458093
YBR097W,0.0582934804260731,-1.23844802379608,0.00782161745009429,0.0600210533824237,0.0446880389936268,0.0704703496769071,-1.34980870871858,-1.1519935735142
YBR098W,0.0433546267449856,-1.36764144897461,0.00627200965603153,0.0642588063137111,0.0321788779459894,0.0545169030937056,-1.49242910615734,-1.26346882318957
YBR102C,0.210836112499237,-0.680234849452972,0.028702397722685,0.0608624570896156,0.161212500060598,0.255782594531775,-0.792601287167791,-0.592129011695824
YBR103W,0.158061906695366,-0.80566269159317,0.0223737467823255,0.0629901516067431,0.119018320056299,0.195469380790989,-0.924386186387641,-0.708921271535666
YBR104W,0.323066800832748,-0.495953410863876,0.0496633196945172,0.0679775370749489,0.2362243698289,0.41726134493947,-0.626675321805228,-0.379591851233968
YBR105C,0.147172749042511,-0.837292373180389,0.0223298080502743,0.0671672864104474,0.108193909935653,0.187548249959946,-0.965797191280228,-0.726886983959458
YBR107C,0.0406059771776199,-1.40749621391296,0.0113559962463998,0.117872078392891,0.0234279586157451,0.0666567968825499,-1.63026563142175,-1.17615563222743
YBR108W,0.124249987304211,-0.909941792488098,0.0170637510562839,0.0612246642182916,0.0947839147721728,0.151702036460241,-1.02326536859032,-0.819008589182428
YBR110W,0.260427862405777,-0.588991940021515,0.0376337423172101,0.0643286731720705,0.193889012684425,0.3244180560112,-0.712446825299164,-0.488894986563997
YBR114W,0.048902366310358,-1.3152129650116,0.00694159141782867,0.0635000588872498,0.0363529415490727,0.0603625737130642,-1.43946044993363,-1.21923225124316
YBR115C,0.73221880197525,-0.139291495084763,0.0965739645062568,0.0590634750356371,0.566206973791122,0.874394314984481,-0.247024795803803,-0.0582926753291259
YBR117C,0.00449877046048641,-2.35689496994019,0.000963588619356385,0.0936994863560302,0.00281425915115202,0.00663422226983433,-2.5506359202406,-2.17821000691765
YBR119W,0.195578843355179,-0.714574992656708,0.0319630913884017,0.0720421712874976,0.139744629214207,0.258049170672894,-0.854664874498489,-0.588297532756874
YBR121C,4.03316593170166,0.601529955863953,0.545568950216826,0.0603716086301195,3.09394141038259,4.90887641906738,0.49051198472797,0.690982098876672
YBR125C,0.228135734796524,-0.646522462368011,0.0331342417380159,0.0645632164847066,0.168848603963852,0.287272025148074,-0.772502525749932,-0.541706664002357
YBR126C,1.97091698646545,0.290476649999619,0.268393770037682,0.0609910614950016,1.49165784617265,2.39333207805951,0.17366921683252,0.379002957932023
YBR127C,6.02275609970093,0.775575220584869,0.824054575112767,0.0611727955506534,4.56655582586924,7.33956730365753,0.659588770862643,0.865670456960869
YBR128C,0.0183324553072453,-1.74629592895508,0.00382260016549738,0.0915378507595955,0.0116321482307588,0.0265120323747396,-1.93434007246704,-1.57655697859273
YBR129C,0.170292645692825,-0.773967325687408,0.0258532162676583,0.0676053181273692,0.123316136499246,0.216659884154797,-0.908980213672568,-0.664221497785229
YBR130C,0.35397008061409,-0.45551785826683,0.049949934413643,0.0630354113538471,0.263199082016945,0.436615638931592,-0.579715633647048,-0.359900717687578
YBR131W,0.0557284727692604,-1.25841128826141,0.00787791372502451,0.0630151225719574,0.0415778291722139,0.0688371211290359,-1.38113822635931,-1.16217730080697
YBR133C,0.112773582339287,-0.951995313167572,0.015424227314293,0.0609825059778804,0.085971472474436,0.137782014533877,-1.06564563547321,-0.860807471380879
YBR139W,0.690822064876556,-0.164892986416817,0.0951201775255168,0.0613991697157071,0.524263731141885,0.84622016698122,-0.28045018598254,-0.0725166299116507
YBR141C,0.12009759247303,-0.926242291927338,0.0194083766951088,0.0713401670047045,0.0859604626893997,0.158363018309077,-1.06570125554783,-0.80034623284751
YBR142W,0.325049161911011,-0.492143422365189,0.0437904437065932,0.0602176003531963,0.249441936612129,0.394093521436055,-0.603030530375662,-0.404400706468083
YBR143C,3.56786489486694,0.54808509349823,0.494282999749845,0.0618886308003266,2.68197208245595,4.38984047969182,0.428454252504424,0.642448738650454
YBR145W,0.143860399723053,-0.847395896911621,0.0222847496684344,0.0686237162922044,0.103764869955679,0.184756576890747,-0.983949715858289,-0.733400099898495
YBR146W,0.494686126708984,-0.311299800872803,0.0788090058260405,0.0704397236014837,0.354952176660299,0.646547900140285,-0.449830157341175,-0.189399305625287
YBR147W,0.00853634532541037,-2.0886709690094,0.00256001795823092,0.133858126892206,0.00423067508575817,0.0142368009934823,-2.3735904897983,-1.84658772959297
YBR148W,0.0205526389181614,-1.69256567955017,0.0032050593183264,0.0693379086227697,0.0148360617614041,0.026520607387647,-1.82868154289908,-1.57641653465787
YBR151W,0.541102468967438,-0.271620333194733,0.0802307361067328,0.065767175778281,0.398173331966003,0.684775460759799,-0.399927842386957,-0.164451811193834
YBR152W,0.115326829254627,-0.944424986839294,0.019592682516519,0.0747592344711916,0.0806491221611698,0.155053783829013,-1.09340035558887,-0.809517706911637
YBR153W,0.0898162871599197,-1.05647993087769,0.0192784474031814,0.0925200364604586,0.0574846017484864,0.131774562721451,-1.24044854925266,-0.880168424071707
YBR155W,0.538189113140106,-0.273545861244202,0.0761982890327718,0.06290219952713,0.404096066951752,0.670771320164203,-0.3935153765048,-0.173425526169397
YBR156C,0.0620711669325829,-1.21163332462311,0.00882855209782778,0.0632174927161718,0.0466548062860966,0.0772485392789046,-1.3311036103563,-1.11210973744833
YBR157C,0.197704881429672,-0.710943162441254,0.0351735824006789,0.0782757972676073,0.134182676672935,0.270852211117744,-0.872303549077445,-0.567267615685835
YBR159W,1.59576046466827,0.198194742202759,0.233202472922278,0.0649344756077938,1.18891852597396,2.00094154278437,0.0751520930279362,0.301234399227167
YBR160W,0.654370605945587,-0.189535468816757,0.101954469452686,0.0686356377657887,0.47617129261295,0.851734279096126,-0.322236791714845,-0.0696961400644861
YBR161W,0.166517242789268,-0.783398568630219,0.0245767833117825,0.0655074298235567,0.122056908905506,0.210804629450043,-0.913437632759569,-0.676119860547943
YBR165W,0.218816876411438,-0.66615629196167,0.0367910747628856,0.0740768776943295,0.15430628284812,0.292491659025351,-0.811616414408444,-0.533886639868371
YBR166C,0.434332191944122,-0.366549968719482,0.060626592762661,0.0621969355560807,0.327400600661834,0.536955714225769,-0.484920530934171,-0.270061531545292
YBR169C,0.29186886548996,-0.539007186889648,0.0398219724585706,0.0609624334060369,0.22295174151659,0.354980395485957,-0.651789149140662,-0.449795643370159
YBR170C,0.451110243797302,-0.349981874227524,0.0621535282969151,0.0614275222495205,0.342225897560517,0.550533166031043,-0.465687129442652,-0.259216516303573
YBR172C,0.353012889623642,-0.456350356340408,0.0478693408442802,0.0605539425447402,0.269151002168655,0.428714960813522,-0.570003998774146,-0.367831360703534
YBR176W,0.267455875873566,-0.578119277954102,0.0414101340725907,0.0689459261718326,0.193072066828609,0.341656891504923,-0.714280576656249,-0.466409816453427
YBR177C,0.559868931770325,-0.256347179412842,0.0785641842701771,0.0626844797847341,0.418349951505661,0.691998079419136,-0.378460277020865,-0.15989511138443
YBR179C,0.150554582476616,-0.826382219791412,0.0202518710279056,0.0600994017988772,0.11500505246222,0.1821039583534,-0.939283080061971,-0.739680613939776
YBR180W,0.00172837183345109,-2.78732919692993,0.000591194215141954,0.148541796584115,0.000826189760118723,0.00310891441185958,-3.08292019201677,-2.50739158269213
YBR182C,0.00990840885788202,-2.01245355606079,0.00193738520746443,0.08647415994606,0.00650253451118867,0.0139708283357322,-2.18691733445925,-1.85477784396882
YBR185C,0.27896124124527,-0.560147702693939,0.044667274000989,0.0708489517244488,0.199117996667822,0.363288700580597,-0.700889485830513,-0.439748109849398
YBR186W,0.00199674977920949,-2.72259902954102,0.00065230399537936,0.142479921513762,0.000977030302359102,0.00352558509136239,-3.01009264652486,-2.45276891054529
YBR187W,1.06778335571289,0.0229229107499123,0.169143312666333,0.0699924962138826,0.768718675772349,1.38750794132551,-0.114232573217693,0.142235466419779
YBR192W,0.189466252923012,-0.727065205574036,0.0271365766292978,0.0637675730476166,0.141164726639787,0.237735005840659,-0.850273816599999,-0.623906901307408
YBR195C,0.149986356496811,-0.828752338886261,0.0219451036161091,0.0651952436285644,0.110468102060258,0.188105089589953,-0.956763111794038,-0.725599456526918
YBR196C,14.421630859375,1.15491569042206,1.94392149190184,0.060264809068735,11.0512676239014,17.4548642158508,1.04341209616509,1.24191646852682
YBR198C,0.399448364973068,-0.40259200334549,0.0535071625596958,0.0599546676954984,0.307032257318497,0.48167858744661,-0.512815994426772,-0.317242660612311
YBR199W,0.727907299995422,-0.142238318920135,0.100748740541842,0.0618293532452453,0.548867166042328,0.891865189373493,-0.260532748509953,-0.0497007946854028
YBR200W,0.244171112775803,-0.616682112216949,0.0340451128711763,0.0622505036088573,0.184367762878537,0.299731281399727,-0.734315016268303,-0.523267929884512
YBR203W,0.00790362898260355,-2.10829639434814,0.00130620324867589,0.0737656957585198,0.0055180094204843,0.010429701084892,-2.25821756241775,-1.98172813863469
YBR207W,0.399590969085693,-0.402726113796234,0.0554274751330573,0.0620485237864834,0.300229107836882,0.4890074921151,-0.522547207505947,-0.310684504407756
YBR211C,0.157459661364555,-0.808362603187561,0.0247797390452675,0.0699306490523793,0.113252597488463,0.201984954501192,-0.945951878619322,-0.694680980623923
YBR212W,0.359881579875946,-0.448054105043411,0.0492492137780524,0.0610655155970989,0.273832209408283,0.439915031194687,-0.562515488073115,-0.35663119862013
YBR213W,0.121738538146019,-0.920874714851379,0.0205316468938314,0.0745487718458762,0.0847108387077848,0.16295633216699,-1.07206105733294,-0.787928759265664
YBR214W,0.24089640378952,-0.622326910495758,0.0327404921609768,0.0606849292446106,0.18341801588734,0.293870449066162,-0.736558009195052,-0.531844083382128
YBR215W,0.174371331930161,-0.762798190116882,0.0239822089645357,0.0615673816507554,0.131480598946412,0.212103128929933,-0.881138365506952,-0.673452930208917
YBR216C,0.170203179121017,-0.773131370544434,0.0229456967329605,0.0602665437370444,0.129955621063709,0.206216603517532,-0.88620493330279,-0.685676370450429
YBR228W,0.0448156706988811,-1.35685157775879,0.00876950822253167,0.0850710237839231,0.0298340727419903,0.063488710920016,-1.52528746746522,-1.19730349900871
YBR229C,0.364678978919983,-0.442138612270355,0.0488651802602135,0.0598910639080244,0.279836455484231,0.439073862880468,-0.55309570905646,-0.357462415900047
YBR231C,0.150156155228615,-0.828994929790497,0.0237179249608531,0.0698842844000454,0.10758838771532,0.195384537304441,-0.968234607552046,-0.709109840204713
YBR233W,0.194583490490913,-0.715749680995941,0.0287022750301126,0.0654799318267122,0.143678048501412,0.245427780970931,-0.842609598541416,-0.610076300938358
YBR234C,1.46159863471985,0.160219997167587,0.209517778636314,0.0638451840180829,1.09291326999664,1.81335711975892,0.0385856991350888,0.258483341772214
YBR236C,0.277928531169891,-0.560407698154449,0.0385987529716576,0.0620057335916376,0.209492939462264,0.341800088435411,-0.678830609730255,-0.466227926981937
YBR237W,0.0471700355410576,-1.33079934120178,0.00665938149050771,0.0628636072601093,0.0354729343516131,0.0584074346969525,-1.45010289701781,-1.2335318683969
YBR238C,0.135640174150467,-0.871905267238617,0.0187661223958065,0.0616277272482252,0.102738904083769,0.166600372021397,-0.988265073634828,-0.778324033699363
YBR239C,0.0405548214912415,-1.39724791049957,0.00626059551166493,0.0682882620268453,0.0292623993785431,0.0522189215136071,-1.53369006665578,-1.28217211788639
YBR241C,0.107568249106407,-0.972935736179352,0.0154649059815804,0.0639082425245233,0.0801279525582989,0.134674131125212,-1.0962159697263,-0.870715817703271
YBR242W,0.329067230224609,-0.492988914251328,0.0722585913096182,0.0945023212620821,0.209168821573257,0.492808193961779,-0.679503050339237,-0.307322079789271
YBR243C,0.317122250795364,-0.50342857837677,0.0457825135237302,0.0641088466352892,0.23714173125724,0.398300792773564,-0.624992027049573,-0.399788989062698
YBR246W,0.169468328356743,-0.775855422019958,0.0251428441773906,0.0661902877935994,0.124291005730629,0.212920524304112,-0.905560297872873,-0.67178248073534
YBR248C,0.737859725952148,-0.136299639940262,0.101531615513149,0.0615555059022962,0.557598696152369,0.895754832029343,-0.253678270869942,-0.0478108404809719
YBR249C,3.54325199127197,0.54487669467926,0.502441732482508,0.0633213088611999,2.64363956451416,4.3774455110232,0.422202242866119,0.641220748801398
YBR250W,0.00315688387490809,-2.51834774017334,0.000902180754848122,0.124528741607866,0.00170797656561869,0.00521129512150461,-2.76751809498607,-2.28305457371499
YBR251W,0.336198806762695,-0.478870749473572,0.05274736721211,0.069423730769393,0.243591242407759,0.435495006789764,-0.613338330892702,-0.361016859029153
YBR256C,0.5343017578125,-0.280294716358185,0.102791303374354,0.0842312605037415,0.354084626833598,0.754847878714402,-0.450892928559758,-0.122140639555679
YBR257W,0.229035302996635,-0.646081447601318,0.0376799444634354,0.0725869336495608,0.161711682503422,0.303976035118103,-0.791258637581082,-0.517160677355372
YBR260C,0.18259970843792,-0.74278312921524,0.0251894301748397,0.0615851928699069,0.138500943779945,0.224082572385669,-0.858547267198624,-0.649591931405255
YBR261C,0.78104043006897,-0.115936934947968,0.156475256436597,0.0865782185426464,0.52446453422308,1.1222380588452,-0.280283899997994,0.0500849910864821
YBR265W,0.390794932842255,-0.413251221179962,0.0596595997880261,0.0677721516764799,0.283721704532703,0.502841930091381,-0.547107440502039,-0.298568547778519
YBR267W,0.67022430896759,-0.178453460335732,0.0968598075074904,0.064272497406494,0.496675689021746,0.841214676201343,-0.303927102651151,-0.0750931593575544
YBR271W,0.139629483222961,-0.859811544418335,0.0204287335504053,0.0650522533706711,0.10321055923899,0.175910585870345,-0.986275871507399,-0.754708025225866
YBR272C,0.230956956744194,-0.640984296798706,0.0326878735409722,0.063291110047663,0.170768991112709,0.285248428583145,-0.767590987342916,-0.544776739405974
YBR273C,0.385802745819092,-0.418233931064606,0.0552682355178446,0.0637764266873336,0.288235857337713,0.479785757015149,-0.54025200444238,-0.318952652438672
YBR274W,0.0775845125317574,-1.11519634723663,0.0115783087880156,0.0662832593766142,0.0568636395037174,0.098155112316211,-1.2451653471465,-1.00808708844314
YBR279W,0.461710005998611,-0.340018272399902,0.0644042342607195,0.0623718079550971,0.345409930497408,0.568400542934736,-0.461665201465749,-0.245345519993123
YBR280C,0.0586253851652145,-1.23656606674194,0.00845420528573298,0.064117384433502,0.0438603638981779,0.0731694186727206,-1.35792777567029,-1.13567039764229
YBR281C,0.227337151765823,-0.647486686706543,0.0308514367151365,0.060680106304993,0.17278216779232,0.275182428956032,-0.762501081469502,-0.560379300665991
YBR283C,1.94872581958771,0.285563945770264,0.265771040319478,0.0609018950034452,1.47547376155853,2.37947310606639,0.168931490818924,0.376480794303141
YBR284W,0.00865223258733749,-2.06946444511414,0.0014987858144331,0.0760651660180046,0.00603058134826521,0.0117087304824963,-2.21964083306572,-1.93149019356031
YBR286W,4.8484673500061,0.681431293487549,0.660560551822679,0.0607835791915027,3.69553862810135,5.92228507995605,0.567677697867116,0.772489309110675
YBR287W,0.44069629907608,-0.360199749469757,0.061118433406901,0.0620282124939522,0.330729890863101,0.539873869717121,-0.480526557915762,-0.267707692186724
YBR288C,0.337288051843643,-0.476435244083405,0.0474496697562765,0.0626199956182159,0.252822617938121,0.418958004564047,-0.597184076561039,-0.377829522219243
YBR289W,0.180444687604904,-0.747823059558868,0.0245360984137754,0.0607782315979381,0.13767506852746,0.218185047681133,-0.861144698694834,-0.661175015124275
YBR291C,0.129841431975365,-0.89302921295166,0.0222882311861839,0.0751429846371894,0.0909821643183629,0.174508957689007,-1.0410437371081,-0.758182304103487
YBR293W,0.0129728550091386,-1.89594531059265,0.00262311982377972,0.0889977711397791,0.00847095977514982,0.0182355072659751,-2.07206738059344,-1.73908215776958
YBR294W,0.000379460107069463,-3.47795629501343,0.000192060242894077,0.23293442669656,0.000101806190165613,0.000839162782358471,-3.99222582080867,-3.07615390817653
YBR296C,0.078888326883316,-1.10764729976654,0.011364737361122,0.0642454928325207,0.0586826536804438,0.0982943494493762,-1.23149037071614,-1.0074714702923
YBR298C,0.000877765938639641,-3.09582686424255,0.000365791563408823,0.190636146328971,0.000303420284277915,0.00172446680080611,-3.51795545497457,-2.76334519050478
YCL064C,3.26060914993286,0.508834898471832,0.460070214380864,0.0628336998288405,2.44363582332929,4.06426572799683,0.38803645238758,0.608982095050955
YCL063W,0.134835049510002,-0.875016987323761,0.01984162115872,0.0651957221786856,0.0998671874403954,0.170199439922969,-1.00057718098696,-0.76904187338674
YCL059C,1.30006301403046,0.108971349895,0.195016751486843,0.0663158945044886,0.953522861003876,1.65672685603301,-0.0206688901493707,0.219250909384838
YCL057W,0.754127562046051,-0.126666560769081,0.101885415207408,0.0603461591838727,0.576664745807648,0.913463210066159,-0.239076598214905,-0.0393089402453128
YCL055W,0.330333977937698,-0.486377596855164,0.0511633227022968,0.0685695244962353,0.239877909421921,0.426615208387375,-0.620009744770394,-0.369963666465153
YCL052C,0.170331627130508,-0.773642897605896,0.025349823786664,0.0660102763068876,0.125549312805136,0.214839460949103,-0.901185690123897,-0.667886052215037
YCL051W,0.0966673418879509,-1.01915383338928,0.0135835258048599,0.0626549699407609,0.0729088559746742,0.118689126707613,-1.13721971630017,-0.925589066613123
YCL050C,2.84342956542969,0.448845446109772,0.42623445032233,0.0663828703451426,2.08563663164775,3.62707114219666,0.319238645206107,0.55955607401452
YCL049C,0.160849049687386,-0.79911082983017,0.0254057898534006,0.0697982946701537,0.115278378129005,0.210418361922105,-0.938252142313587,-0.676916461207834
YCL048W,0.00204530404880643,-2.7114405632019,0.000649003006208742,0.140918240510569,0.00098800873674918,0.00346520426683128,-3.00523944777766,-2.46027115951021
YCL047C,0.275908291339874,-0.566272974014282,0.0496022772217036,0.078489176010403,0.191269162297249,0.379729569454988,-0.718355051108749,-0.42052565559766
YCL045C,1.03396713733673,0.0104677313938737,0.138301812275703,0.0598389478081386,0.792905483146509,1.24521759947141,-0.100778589997227,0.095245250116648
YCL044C,0.188670516014099,-0.729032754898071,0.0274473562696498,0.0646948472056835,0.1403522507598,0.236870892594258,-0.852780619634541,-0.625488308274614
YCL039W,0.103432357311249,-0.989694535732269,0.0143786976735538,0.0620634527749141,0.0777441491683324,0.126810883358121,-1.10933228863424,-0.89684347289853
YCL038C,0.120272852480412,-0.924307882785797,0.0169841426681694,0.062957560270335,0.0902072563767433,0.148839889342586,-1.0447585393752,-0.827280664198356
YCL036W,0.0810546800494194,-1.09570777416229,0.0114774009423557,0.0629677591234058,0.0607587359845638,0.101164594292641,-1.21639126971115,-0.994971455814044
YCL032W,0.113483726978302,-0.950510323047638,0.0177606503893323,0.0692601999149975,0.0818331390619278,0.147541451826692,-1.08707078927208,-0.831085948909762
YCL031C,0.798822224140167,-0.102702990174294,0.121648995981814,0.0674018487439567,0.582890120148659,1.02657887736956,-0.234413346564748,0.0113923144399039
YCL030C,2.06802320480347,0.311568379402161,0.274754364134342,0.0594555773899706,1.58724113901456,2.48573429981867,0.20064291018141,0.395454705041946
YCL029C,0.199688136577606,-0.704346537590027,0.028920040916522,0.0644478615143281,0.148169919848442,0.250233214100202,-0.829239955249659,-0.601655050603645
YCL028W,1.96812963485718,0.2898009121418,0.270263906201379,0.0614088937381997,1.48672497272491,2.40514354308446,0.172230636393477,0.381141000906362
YCL027W,0.0930332094430923,-1.03591370582581,0.0132387500891604,0.0634941553531632,0.0692365914583206,0.115131504833698,-1.15966432074003,-0.938805818827026
YCL024W,0.0616068728268147,-1.21455335617065,0.00838878209637848,0.0608801418193747,0.0468373611569405,0.0750157942374547,-1.3294075900744,-1.12484733031012
YCL017C,0.939165830612183,-0.0314919836819172,0.12888195791526,0.0612072216815872,0.714100062847137,1.14745035668214,-0.146240928703464,0.0597339049077854
YCL016C,0.111519351601601,-0.957823514938354,0.017009083627808,0.0675230398472035,0.0813168704509735,0.143870683759451,-1.0898193444496,-0.842027735780389
YCL014W,0.17032815515995,-0.772675633430481,0.0225195999756531,0.0593010177974457,0.131087815140684,0.203054570158323,-0.88243768523928,-0.692387236601764
YCL010C,0.218686833977699,-0.667047321796417,0.0386340953177102,0.0777384313646426,0.15080099478364,0.294138291974862,-0.821595801244991,-0.531448444796248
YCL008C,0.15809491276741,-0.806057691574097,0.0235835173562607,0.0663115653831457,0.116099245846272,0.200838613882661,-0.935170601328322,-0.697152784689995
YCL005W,0.0998754650354385,-1.00997114181519,0.0209826319531848,0.0905569935362599,0.0658245416358113,0.1463209297508,-1.18161224365659,-0.834693559388262
YCL004W,0.031090646982193,-1.51320564746857,0.00506740032764322,0.0715570052194604,0.0223739166433613,0.0410414803773165,-1.65025799144171,-1.38677698492947
YCL002C,0.0739613622426987,-1.13964307308197,0.0145831470986734,0.0875555406072586,0.0476847961544991,0.104162650989989,-1.32162006957071,-0.982287983017788
YCR002C,0.980017364025116,-0.0136677687987685,0.144829307410162,0.0658708651340248,0.721486715972424,1.23453472654025,-0.141771662949084,0.0915033106692845
YCR004C,2.81776833534241,0.443073004484177,0.496419829488138,0.0775339508053262,1.94282843073209,3.80018369555473,0.288434448275092,0.579804587764903
YCR005C,0.576444625854492,-0.243641063570976,0.080601132740503,0.0624212051446373,0.432988524685303,0.708601869146029,-0.363523613776411,-0.149597706424342
YCR008W,0.233090251684189,-0.636684358119965,0.0318307739294585,0.0610899031201153,0.176643005758524,0.284059433142344,-0.752903554029431,-0.546590785203564
YCR010C,0.00662427535280585,-2.21700763702393,0.00283567276298319,0.18411144355532,0.00256815932419462,0.0135787410972019,-2.59037806178899,-1.86714061603542
YCR012W,48.6115989685059,1.68225276470184,6.87173717407402,0.0630213554547227,36.3181697209676,59.9375513076782,1.56012394226248,1.77769895823326
YCR014C,0.000914253410883248,-3.08172249794006,0.000401111625921248,0.198564061407567,0.000304736121324822,0.00184144706872758,-3.5160761837612,-2.73484076271074
YCR015C,0.0916750654578209,-1.04414522647858,0.0155522554892851,0.0751532523693487,0.0642065665995081,0.121991025780638,-1.19242055384553,-0.913672116886449
YCR016W,0.49756196141243,-0.308683753013611,0.078474217973685,0.0698490632146264,0.357511730243762,0.643649889528751,-0.446709710667686,-0.191350303810685
YCR017C,0.402351528406143,-0.399423241615295,0.0537210628328969,0.0597664075688009,0.308035224676132,0.484263509511948,-0.511399617889945,-0.314918254915194
YCR019W,0.0823520421981812,-1.08981573581696,0.0129409499022448,0.0695922606661703,0.0592382634679476,0.107242334075272,-1.22739768173714,-0.969633744967559
YCR021C,0.0428369306027889,-1.3755224943161,0.00781403885899698,0.0804391896941815,0.0290791237416367,0.058113805949688,-1.53641872397442,-1.23572068111223
YCR023C,0.086716465651989,-1.06642782688141,0.0123247431614778,0.0632788329487013,0.065148995940884,0.107054587701956,-1.18609227385754,-0.97039471678165
YCR024C,0.0593351125717163,-1.23169350624084,0.00889155772270108,0.0664551638925687,0.0434985698511203,0.0753376342977087,-1.36152502174512,-1.12298802184901
YCR026C,0.146209999918938,-0.839229583740234,0.0199732157471985,0.0610798900704915,0.110701464116573,0.178320728863279,-0.955846635186826,-0.748798172668047
YCR028C,0.170027777552605,-0.773892939090729,0.0238208684463846,0.0625079492639705,0.128449713811278,0.209562790269653,-0.89126687368737,-0.678685827685082
YCR030C,0.293368071317673,-0.536697506904602,0.0395978615018754,0.0603684075466618,0.224537988752127,0.354627013206482,-0.648710174083639,-0.450228185712879
YCR034W,1.30453193187714,0.110541395843029,0.194047886901792,0.0658015140833459,0.963116645812988,1.66247398058573,-0.0163211110425599,0.22075485266285
YCR035C,0.436756044626236,-0.364454388618469,0.0632350840063386,0.0644176703530527,0.324842151751121,0.548955244322618,-0.488327622664764,-0.260463078388485
YCR036W,0.460856735706329,-0.341527432203293,0.0693333618599051,0.0672088810811088,0.334432356307904,0.583524398008982,-0.475691712684679,-0.233940984792614
YCR042C,0.191292211413383,-0.722278833389282,0.0253666227856155,0.059381563128209,0.147092015172044,0.229085400824745,-0.832410908073785,-0.640002591134568
YCR044C,0.305527865886688,-0.519732475280762,0.0447212721057107,0.0649931815988821,0.225964540615678,0.387164324522018,-0.645959710031767,-0.412104667833275
YCR045C,0.000791776576079428,-3.15571260452271,0.000389169329177299,0.226730374919587,0.000220384862162367,0.00174443638922336,-3.65681824504094,-2.75834492579131
YCR048W,0.293195068836212,-0.53713321685791,0.0405233995977253,0.0616075720060054,0.222913307324052,0.360455166051785,-0.651864004974497,-0.44314874756979
YCR052W,0.466340035200119,-0.335750162601471,0.0657628707229691,0.0627276848020222,0.351890802383423,0.577426818013191,-0.453592084475774,-0.238503055301033
YCR054C,0.165130227804184,-0.786665201187134,0.02339297774624,0.0630057480716872,0.124543123195569,0.204853513588508,-0.904680247583556,-0.688556586583916
YCR057C,0.480577826499939,-0.322249084711075,0.0640274171308067,0.0596611354617392,0.367764101674159,0.579642514884472,-0.434430669483205,-0.236839783231731
YCR059C,0.246528193354607,-0.615161836147308,0.0442102130578428,0.0785142470234138,0.17015366256237,0.337423546860615,-0.769158698266628,-0.471824614331702
YCR061W,0.546197414398193,-0.266793221235275,0.0740181602720675,0.060616812383541,0.416058967759212,0.663801421721776,-0.380845113181841,-0.177961821952772
YCR065W,0.23794387280941,-0.627741158008575,0.0325379804022561,0.0610985179080887,0.179396762574712,0.28961294144392,-0.746185400840911,-0.538182036575626
YCR066W,0.0496082864701748,-1.30970752239227,0.00761867198860268,0.0681765154199768,0.0360964751491944,0.06330578563114,-1.44253523350897,-1.19855669197805
YCR067C,0.344069451093674,-0.467376619577408,0.0459008723485656,0.0597354776260474,0.264169445385536,0.413541740427415,-0.578117420067506,-0.383480649381133
YCR068W,0.0911971852183342,-1.04461717605591,0.0130687208043011,0.063760879975448,0.0680204790706436,0.11371362550805,-1.16736031566619,-0.944187497905955
YCR069W,0.650786399841309,-0.191928222775459,0.101459258130472,0.0686859131537332,0.473621711879969,0.845345497131348,-0.324568404189806,-0.0729657563392065
YCR072C,0.47770819067955,-0.325217872858047,0.0666919166678576,0.062262575871801,0.359306433051825,0.589680548508962,-0.444535013102311,-0.229383199191525
YCR075C,0.122999720275402,-0.917994618415833,0.023456472674873,0.0832032623424202,0.0819472992792726,0.173089193428556,-1.08646535482409,-0.761730093065792
YCR076C,0.324082583189011,-0.497067153453827,0.0610538930743635,0.0822910101578676,0.218212585523725,0.454571206867695,-0.661120232456514,-0.342398091481756
YCR077C,0.697549998760223,-0.160500779747963,0.0937721852040402,0.0601136548322387,0.534024820228418,0.841925919055939,-0.272438663671304,-0.0747261203300714
YCR079W,0.0241424478590488,-1.62371730804443,0.00411872671215072,0.0758816925970821,0.0166860587429255,0.0321571356306473,-1.77764644659334,-1.49272265350163
YCR081W,0.0622444078326225,-1.20995128154755,0.00834254014719833,0.0598735109055207,0.0476676548520724,0.0752420127391815,-1.32177627610649,-1.12353959550033
YCR084C,0.823782503604889,-0.0882614478468895,0.110659633457627,0.0601092102007866,0.630905131002267,0.992177809774876,-0.200035989160027,-0.00341049033991426
YCR088W,3.22330927848816,0.504277169704437,0.431112682898773,0.0596996217172545,2.46406391263008,3.91494174202283,0.391651956639388,0.592725303674343
YCR092C,0.104920163750648,-0.983255088329315,0.0141697996697523,0.0603657443472783,0.0798091851174831,0.127660036087036,-1.0979471235579,-0.893945037139502
YCR094W,0.294640123844147,-0.535364031791687,0.0424670192649698,0.0641677165403546,0.218987259144584,0.368301942696174,-0.659581165726011,-0.43379599038672
YCR095C,0.147716715931892,-0.8357013463974,0.0224380091070485,0.0672546494730861,0.108593214054902,0.187875207141042,-0.964197313269477,-0.726130534057484
YDL240W,0.08006352186203,-1.10070598125458,0.010864456046364,0.0605283331936335,0.0612028883459667,0.0973942844818036,-1.21322808652239,-1.01146652867155
YDL238C,0.036361075937748,-1.44513034820557,0.00584313879977947,0.0714138747772948,0.0257088945868115,0.0474697492706279,-1.58991660460876,-1.32358306456632
YDL237W,0.520409166812897,-0.288253992795944,0.0746876997027261,0.0637349847157467,0.388941411922375,0.653214124838511,-0.410115813597442,-0.184944447389445
YDL236W,1.10126411914825,0.0366585254669189,0.168676824510334,0.067990835482105,0.798657894134521,1.41446228722731,-0.0976392113069298,0.15059137067141
YDL233W,0.113111764192581,-0.951101779937744,0.0161849050230594,0.0639497360559024,0.0838213838015993,0.140550150101384,-1.07664517485013,-0.852168686609974
YDL231C,0.00782710406929255,-2.11181783676147,0.00121782907950982,0.0692280480660561,0.00563505943864584,0.0100240682329362,-2.24910149865252,-1.99895598633186
YDL230W,0.129612118005753,-0.892716705799103,0.0201122669977649,0.068787186357127,0.0936078801751137,0.166417770211895,-1.02868758958974,-0.778800304576271
YDL227C,0.612881124019623,-0.216721698641777,0.0826705081933416,0.0602524717800084,0.468137741088867,0.744861881931623,-0.329626344803106,-0.127924253079002
YDL226C,1.82711577415466,0.257170587778091,0.261174147764605,0.0637880641592828,1.3635778427124,2.26831239064534,0.134679935600327,0.35570286474631
YDL225W,0.646592795848846,-0.193484380841255,0.0873934165828262,0.0603868384488089,0.494710326939821,0.786525259415308,-0.305649025003426,-0.104287330943023
YDL224C,0.251141607761383,-0.604216992855072,0.0341045490384901,0.0604593794576718,0.191666253035267,0.306960782408714,-0.717454352140346,-0.512917122955842
YDL222C,0.00995631143450737,-2.01882266998291,0.00279154254245986,0.12191916072224,0.00548430856239672,0.0161734433999906,-2.26087814732404,-1.79119753063061
YDL218W,0.00674156099557877,-2.19313812255859,0.00215367122433064,0.138964840533108,0.00335045030224137,0.0117137143388391,-2.47489694412397,-1.93130537127431
YDL216C,0.0568563677370548,-1.25050711631775,0.00873234448668458,0.0684073109810248,0.0411010529845953,0.072785869675378,-1.38614711397456,-1.13795292518123
YDL215C,0.232047259807587,-0.6385178565979,0.0312341793440248,0.0602518477003221,0.17828766045471,0.279121356954177,-0.74887871439143,-0.5542069448887
YDL214C,0.00139100477099419,-2.88272333145142,0.000485562499116971,0.151906222726992,0.000655738952627871,0.00253170784756852,-3.18326903086308,-2.59658642845234
YDL211C,0.0346628203988075,-1.46689331531525,0.00602517515760189,0.0774087287344637,0.0237821025463442,0.0462158582483729,-1.62374976109162,-1.33520897878909
YDL209C,0.0935386568307877,-1.03477358818054,0.015066407029141,0.0713067032922077,0.0665023543561498,0.122025164527198,-1.17716298132233,-0.91355059895821
YDL205C,0.441854506731033,-0.359752863645554,0.0664542599640989,0.0666073950397856,0.325152074793975,0.562369144459565,-0.487913481095961,-0.249978515828535
YDL204W,0.0173389092087746,-1.76933813095093,0.00337343737762758,0.085963554117494,0.0113399127187828,0.0243101175719251,-1.94539029469101,-1.61421296297043
YDL199C,0.0226140953600407,-1.65082788467407,0.0034585560200167,0.0678071125259238,0.0165213141590357,0.0290222633630037,-1.78195541044675,-1.53726872119764
YDL198C,0.369050621986389,-0.438309133052826,0.0574073769957672,0.0690397970018709,0.265945198386908,0.475486099720001,-0.575207877233445,-0.322862175173794
YDL197C,0.0270941313356161,-1.57279193401337,0.0043097858151404,0.0708427567851979,0.0192596483975649,0.0352011758834124,-1.71535164558071,-1.45344283309552
YDL193W,0.476925492286682,-0.326390773057938,0.070145129637214,0.0654087210982154,0.354726788401604,0.599788340429465,-0.450106019109006,-0.222001984883145
YDL190C,0.360233813524246,-0.447460830211639,0.0481872389481112,0.0599106346203798,0.27513724565506,0.433109859625498,-0.560450614671879,-0.36340192985463
YDL189W,0.288795351982117,-0.543772518634796,0.0402153816923611,0.0621668441022367,0.217510743935903,0.354558001706998,-0.662519292114835,-0.450312709497566
YDL186W,0.00137224420905113,-2.98431205749512,0.00103014474257503,0.346589498474389,0.000170699335285462,0.00396287580952048,-3.7677681700535,-2.40198953757877
YDL183C,0.0367879718542099,-1.44290030002594,0.00734590706777333,0.0866620073600087,0.0245463973066459,0.0526218332039813,-1.61001225519274,-1.27883403053411
YDL178W,0.414791464805603,-0.386453628540039,0.0572680689789792,0.0615608124513779,0.314470296104749,0.50892463127772,-0.50242037061502,-0.293346529374262
YDL175C,0.216548517346382,-0.669878005981445,0.0337349275398633,0.0693286502393523,0.157022133469582,0.279309931149085,-0.804039126150007,-0.553913637916825
YDL174C,0.293749153614044,-0.536311984062195,0.0405216371011469,0.0616591617835116,0.22092667222023,0.359390722463528,-0.655751849095515,-0.444433139062293
YDL173W,0.922469913959503,-0.0403634458780289,0.143028065357839,0.0683774447400682,0.67100299646457,1.19149922927221,-0.173275541759967,0.0760937596846955
YDL171C,0.974904000759125,-0.0148965073749423,0.127267038607957,0.0585186158703154,0.753551544745763,1.15527546405792,-0.12288703566849,0.0626855498182812
YDL170W,0.0495302639901638,-1.31044924259186,0.00766335486937878,0.0685065082511162,0.0358020950729648,0.0638730296865106,-1.44609157859835,-1.19468248773387
YDL168W,1.45468091964722,0.15820324420929,0.207138213830263,0.0636010782719847,1.08360967536767,1.8020338366429,0.0348727506486829,0.255762939773874
YDL160C,2.17621660232544,0.333441317081451,0.299109357752459,0.0614595914499098,1.64487648010254,2.6479287147522,0.21613329072126,0.422906289224429
YDL156W,0.105524204671383,-0.981257140636444,0.0151494673333209,0.0638446114678503,0.0786893788104256,0.132666217535734,-1.10408401434738,-0.877239656770577
YDL155W,0.170318379998207,-0.773393034934998,0.024535455504601,0.0641711453530307,0.126997894545396,0.212904459113876,-0.896203502982537,-0.671815252172977
YDL148C,0.541254878044128,-0.270640224218369,0.072381783255245,0.0598860370703436,0.414308420568705,0.653275592625141,-0.382676239849491,-0.184903588687772
YDL147W,1.68518650531769,0.222129300236702,0.239587447746165,0.0631689909697243,1.26685884098212,2.09480309486389,0.102728224650044,0.321143206856963
YDL146W,0.0706246718764305,-1.1561017036438,0.010643056643783,0.0668207827107399,0.0515374618271987,0.0900470035150647,-1.2878769949383,-1.04553073473768
YDL145C,1.4760445356369,0.165112674236298,0.19603707379776,0.0594681739684014,1.13343335489432,1.76569556196531,0.054395980294679,0.24691582445471
YDL144C,0.361038088798523,-0.447325587272644,0.0531797761278912,0.0657577191556468,0.263085609426101,0.455657945076624,-0.579902912404659,-0.341361054966922
YDL143W,1.64689838886261,0.212477415800095,0.224523519609887,0.0609262639470688,1.25529865324497,2.0084265311559,0.0987470617633206,0.302855949686583
YDL142C,0.10066694021225,-1.00414490699768,0.0179769299446067,0.078693186388784,0.0688374953965346,0.136898596460621,-1.16217494209629,-0.863601007426218
YDL141W,0.2699294090271,-0.572939872741699,0.0368111067785143,0.0609376605502483,0.205523381754756,0.329032692561547,-0.687138763068505,-0.482760948611525
YDL133W,0.0803858414292336,-1.09975874423981,0.0119164481324866,0.0661250675857736,0.058323655774196,0.101433262228966,-1.23415526757871,-0.993819606800325
YDL132W,0.428897768259048,-0.371698081493378,0.0574051016683358,0.0599767002547862,0.325782926380634,0.516212683916092,-0.487071680135439,-0.287171330760885
YDL129W,0.0597551800310612,-1.23125886917114,0.0111729025013958,0.0818780166082996,0.0405922668675582,0.0827777506162723,-1.39155684149365,-1.08208638042828
YDL128W,0.746280312538147,-0.131674081087112,0.10653580310197,0.0636600885715653,0.55505782365799,0.928468443453312,-0.255661771494469,-0.0322328568568116
YDL127W,0.162899196147919,-0.793863236904144,0.0263771936627394,0.0713127893651797,0.116213910281658,0.215808543066184,-0.934741885740854,-0.665931367250415
YDL126C,5.81759119033813,0.760747492313385,0.77385935212491,0.0595072075899581,4.47319122552872,6.97989619572957,0.650617456686056,0.843848956923539
YDL124W,1.96944844722748,0.289443165063858,0.291386285051915,0.0658482182545464,1.44523755411307,2.4889115134875,0.159939236898358,0.396009455301275
YDL119C,0.110834829509258,-0.961214244365692,0.0180625226705299,0.072071471889857,0.0786896422505379,0.145945051560799,-1.10408242913363,-0.83581062579453
YDL117W,0.153027012944221,-0.819317400455475,0.0205970897124151,0.0601589287433933,0.116893544793129,0.185336326062679,-0.932209471200263,-0.732039450318158
YDL116W,0.299053758382797,-0.528381407260895,0.0404945292392785,0.0604885285489154,0.229117615893483,0.362108541031678,-0.639941520007342,-0.441161232445289
YDL115C,0.236033052206039,-0.631845235824585,0.0346323169146369,0.0652823176356017,0.173567375540733,0.297484244157871,-0.760531932786699,-0.526536031431223
YDL114W,0.00190717750228941,-2.78176236152649,0.00101085665019135,0.242823503998529,0.000486325860159316,0.0042966490262188,-3.31307293776934,-2.36687035500925
YDL113C,0.114480294287205,-0.945521414279938,0.0157534481040965,0.0613620359066264,0.0860867649316788,0.140219873810808,-1.06506361229736,-0.853190431205114
YDL112W,0.318759083747864,-0.50045907497406,0.0419770091370478,0.058989302322021,0.245936539644996,0.38021140396595,-0.609176963898847,-0.419974862448299
YDL111C,0.42479345202446,-0.377867192029953,0.0703063737001737,0.0729176579419376,0.300376238673925,0.562511758009593,-0.522334428341234,-0.249868395847447
YDL108W,0.221329838037491,-0.660473763942719,0.0349453920827838,0.0696750427827594,0.159405784929792,0.289762336015701,-0.79749598184202,-0.537958080475019
YDL107W,0.0863197222352028,-1.06941998004913,0.0135965309496249,0.0698874727255062,0.0622611404707034,0.111651236129304,-1.20578293416862,-0.952136464394519
YDL106C,0.178192749619484,-0.753433525562286,0.0246770180314062,0.0618978434748073,0.134044509877761,0.218641824771961,-0.87275096935458,-0.660266758034652
YDL105W,0.0510518997907639,-1.2976781129837,0.00816646947981758,0.0708769355830038,0.0365379480024179,0.0670807967583338,-1.43725591404901,-1.1734019542443
YDL104C,0.0416685529053211,-1.38601613044739,0.00678723920682528,0.0714812855235298,0.030114921523879,0.0548814470258852,-1.5212182826222,-1.26057445166253
YDL103C,0.888257324695587,-0.0558814257383347,0.124512833234998,0.0625695646100567,0.670044189691544,1.09614027341207,-0.173896556277186,0.0398661223222016
YDL102W,0.236699655652046,-0.62978458404541,0.0314274273530755,0.0594257198493403,0.182811030497154,0.283915247023106,-0.737997603260936,-0.546811288951937
YDL101C,0.168312400579453,-0.778297543525696,0.0235797407842125,0.0625277323588925,0.126672057807446,0.207184672107299,-0.897319174359832,-0.683642377631394
YDL100C,3.74713158607483,0.569087982177734,0.537294806636033,0.0638746360786638,2.78594559629758,4.67281642754873,0.444972582757861,0.669578704510326
YDL093W,0.227822750806808,-0.646662890911102,0.0313575558910518,0.061418822823797,0.174254817018906,0.276563273121913,-0.758815295173253,-0.558205514639759
YDL091C,0.103228248655796,-0.991365432739258,0.0157085361219929,0.0675068211751437,0.0754165574908257,0.131878675272067,-1.12253329554297,-0.87982543084948
YDL090C,0.132853448390961,-0.881381452083588,0.0193337347721859,0.0648880251571007,0.0982892839858929,0.165938327958186,-1.00749382883525,-0.780053298055618
YDL089W,0.132542923092842,-0.882202625274658,0.0188913876599536,0.0635160873309455,0.0990433764954408,0.16442976060013,-1.00417456472759,-0.784019596934478
YDL088C,0.228947967290878,-0.64455384016037,0.0315603587691889,0.061693705233636,0.172722599531213,0.280413611233234,-0.762650837651691,-0.55220090970701
YDL086W,1.26938414573669,0.0984657034277916,0.192592351825126,0.0672877165884429,0.921332615613937,1.62881967127323,-0.0355835545361669,0.211872977621096
YDL084W,5.95282125473022,0.770569622516632,0.807905374054258,0.0606658577852937,4.52877476215363,7.24947475592295,0.655980719891468,0.860306535124669
YDL080C,0.0392226092517376,-1.4113712310791,0.00582213600946816,0.065823483744443,0.028881966896976,0.0498681163725754,-1.53937325389755,-1.30217703860528
YDL078C,1.61924433708191,0.204804465174675,0.228874194208369,0.0632500642297441,1.20471631884575,2.00022969444593,0.0808847930789104,0.301079870264284
YDL077C,0.0804344192147255,-1.09869241714478,0.010903653032669,0.0605126830431666,0.0614960451299945,0.0978583225359519,-1.21115281341389,-1.00940223825714
YDL076C,0.209333807229996,-0.684936881065369,0.03374297576676,0.0713874353719872,0.148954871296883,0.273148695876201,-0.826945289443311,-0.563600932020582
YDL074C,0.306991428136826,-0.516949892044067,0.041253148626142,0.0601129421640022,0.234989585106572,0.371984146783749,-0.628951386701413,-0.429475568763488
YDL069C,0.0326126590371132,-1.51087117195129,0.0110054191311543,0.146257689235161,0.0156319581981127,0.0591025150691469,-1.80598788151405,-1.22839451473506
YDL066W,2.17211580276489,0.33254873752594,0.302298533584888,0.0618847444385879,1.64286720752716,2.6804100116094,0.215602460958558,0.428201231401537
YDL065C,0.568440973758698,-0.250085949897766,0.0830576494616509,0.0649217920153623,0.420256173610687,0.7170170545578,-0.376485900077937,-0.144470514329051
YDL063C,0.283632874488831,-0.551528513431549,0.0391759595590197,0.0615837826798864,0.215482686708371,0.348565933853388,-0.666587620101731,-0.457715061616776
YDL060W,0.504156827926636,-0.301556140184402,0.0682162626029686,0.0604231651160776,0.38559615512689,0.610710271199544,-0.413867305984491,-0.214164777399715
YDL059C,0.101915463805199,-1.00306761264801,0.0234059093582496,0.0994377340377557,0.0629504420484106,0.15341465100646,-1.20100129500781,-0.814133168401444
YDL058W,0.321609795093536,-0.496568202972412,0.042215991498954,0.0588097267491495,0.248280847196778,0.381475816170374,-0.605056784280489,-0.418532996112782
YDL057W,0.11428389698267,-0.947872340679169,0.0186609874789353,0.0716779435800562,0.0818597301840782,0.151217186699311,-1.08692969325943,-0.820398845994565
YDL055C,12.2553386688232,1.08366918563843,1.76748518725802,0.0641316285137341,9.13508605957031,15.3140164852142,0.960712643097473,1.18508910453245
YDL052C,0.899523019790649,-0.0514144636690617,0.140666895824352,0.0691559833774865,0.652546880642573,1.17125588854154,-0.185388287545018,0.0686517873122745
YDL051W,2.45735144615173,0.384848207235336,0.391677278347868,0.0703302202147816,1.75689060191313,3.22602076133092,0.244744714785191,0.50866715786803
YDL045C,0.166669294238091,-0.783804535865784,0.0266630627895722,0.0705762426740989,0.119380444909136,0.217205375557144,-0.923066809439475,-0.663129430785246
YDL044C,0.115657590329647,-0.941683888435364,0.0170652570292807,0.0654854359052731,0.08521025814116,0.146791941300034,-1.06950811916172,-0.833297863779715
YDL043C,0.234958231449127,-0.635437250137329,0.0398264040775329,0.0754812920852244,0.162594349433978,0.312270902345578,-0.788894598536103,-0.505468484869432
YDL042C,0.123627528548241,-0.912305295467377,0.0173545785582691,0.0625344122087569,0.0924157599608103,0.153288800269365,-1.03425398052037,-0.814489575450634
YDL040C,0.851322829723358,-0.0739440023899078,0.11373061222524,0.059866207465113,0.652187347412109,1.01997945308685,-0.185627630863401,0.00859142273359067
YDL037C,0.00103451637551188,-3.1110532283783,0.000788936949247674,0.356182116181141,0.000127897733909776,0.00305467804622215,-3.89313717918322,-2.51503519228492
YDL036C,0.11699727922678,-0.936517000198364,0.0169858416061297,0.0643357450740602,0.0866793841123581,0.147601020336151,-1.06208418315696,-0.830910659847798
YDL033C,0.0415765605866909,-1.38682806491852,0.00663427046017547,0.0708063123449852,0.0299124199276169,0.0539249867511292,-1.52414845106467,-1.26821005488643
YDL031W,0.543395459651947,-0.268894404172897,0.0723553017349346,0.0596530215057685,0.416578883926074,0.653957837820053,-0.380302754601859,-0.184450250753679
YDL030W,0.110420517623425,-0.961542367935181,0.015827283309552,0.0636877727554178,0.0826541043817997,0.137725118796031,-1.08273557623741,-0.860986865823999
YDL029W,1.53562700748444,0.181810215115547,0.216356569226926,0.0630048537816047,1.14751173754533,1.89384949207306,0.0597571350497345,0.277345461805894
YDL028C,0.0928604826331139,-1.03635942935944,0.0126729766431369,0.0609181522410651,0.0702920369183024,0.113442100584507,-1.15309391736493,-0.945225740343185
YDL025C,0.0966314971446991,-1.01927733421326,0.0135095455730965,0.0623718079550971,0.0727035489554207,0.119362423941493,-1.13844438894829,-0.923132370697263
YDL022W,3.16097950935364,0.49537655711174,0.446066986857817,0.0626537807850868,2.37514495849609,3.9349555114905,0.375690120383543,0.594939826484569
YDL021W,0.132850527763367,-0.882315635681152,0.0212365687155903,0.0708100937605368,0.094249963760376,0.173675245543321,-1.02571880811073,-0.760262088575917
YDL020C,0.487601965665817,-0.31616348028183,0.066833719052853,0.0611879191788527,0.369554521888494,0.59543471088012,-0.432321480967153,-0.225165856847963
YDL019C,0.251807630062103,-0.602921605110168,0.0334743021543563,0.0594769218712816,0.193797858307759,0.30227000216643,-0.712651026814149,-0.519604951004938
YDL017W,0.0781730711460114,-1.11185884475708,0.0115544428372289,0.0660122338671106,0.0567177292269965,0.097987162694335,-1.24628116637718,-1.00883082528242
YDL014W,8.51894283294678,0.925608217716217,1.24707040809147,0.0649287311833283,6.3362340927124,10.7521811326345,0.801831213924747,1.03149657193854
YDL013W,0.0929011851549149,-1.03635108470917,0.0129605685543569,0.0622002839751456,0.069863937360545,0.1144809247305,-1.15574699165233,-0.941266871188128
YDL007W,1.81145584583282,0.253703355789185,0.251354526654421,0.0618613477478102,1.36820311148961,2.22763991355896,0.136150572938408,0.347844990723879
YDL006W,0.322524338960648,-0.497011959552765,0.0508961455230927,0.0702524789957376,0.228773210818569,0.416372775783141,-0.640594837242914,-0.380517674710696
YDL005C,0.213148638606071,-0.675792396068573,0.0300520368864383,0.0629834202805492,0.159012442703048,0.263437058776617,-0.798568891487776,-0.579323154613361
YDL003W,0.376783311367035,-0.428145110607147,0.0516623930996671,0.0612728544853409,0.286550998687744,0.459658892452717,-0.542798073600157,-0.337564333894069
YDL001W,0.160042151808739,-0.800672888755798,0.0237731762201642,0.0657562709791728,0.118464630159239,0.20314259827137,-0.926411374498086,-0.692198997056311
YDR005C,0.208143144845963,-0.686425626277924,0.030460212195998,0.065046784226086,0.154378669212262,0.262736770510674,-0.811412708563045,-0.580479142654409
YDR006C,0.132517516613007,-0.881848335266113,0.0179044310621537,0.0604513052424669,0.100985956564546,0.16011369228363,-0.995739017134405,-0.795571537110524
YDR014W,0.0384844541549683,-1.41963243484497,0.00571727649284653,0.0658765450763288,0.0286542285233736,0.0486445277929306,-1.5428112798875,-1.31296600807811
YDR017C,0.187673002481461,-0.730597376823425,0.0250096056317504,0.059519362939921,0.144375801086426,0.226291072120269,-0.840505593022142,-0.645332600413446
YDR018C,0.00675100460648537,-2.18501710891724,0.00172589752018795,0.113079289749902,0.00385229764700246,0.0105778788138802,-2.41428027224228,-1.97560142613915
YDR019C,1.03120815753937,0.00885445158928633,0.146130668850787,0.0629957401679422,0.780352327227593,1.28072094917297,-0.107709286153312,0.107454513479112
YDR020C,0.157633110880852,-0.812828302383423,0.0347073090004957,0.0958143240234954,0.0986901110038161,0.233151592935125,-1.00572637157871,-0.632361625080346
YDR021W,0.139854148030281,-0.85915607213974,0.0205605338695761,0.0653349703254532,0.103135470425089,0.175737682854136,-0.986591946536481,-0.755135105088916
YDR026C,0.0889850929379463,-1.0552464723587,0.0126721171388366,0.0635915814552512,0.0660280748580893,0.110213999760648,-1.1802713654335,-0.957763237916546
YDR028C,0.40057784318924,-0.401314169168472,0.0533198117312995,0.0595568344627971,0.308171122521162,0.480325644711653,-0.511208060121899,-0.318464234908045
YDR034C,0.106740161776543,-0.975813865661621,0.0144653229773771,0.0605926974778395,0.0815163105726242,0.129290809979041,-1.0887554847206,-0.888432344965197
YDR035W,1.22806835174561,0.0847418159246445,0.17330222997766,0.0630147678665504,0.920332610607147,1.51780903140704,-0.0360551891265251,0.181217132084877
YDR036C,0.376573234796524,-0.4284328520298,0.0519714982664634,0.0615688565041761,0.28393811310331,0.46314949815472,-0.546776312703343,-0.334278810064565
YDR044W,0.791833519935608,-0.106301553547382,0.117836059540658,0.0660034261526756,0.584704798460007,1.00980662604173,-0.233063352438006,0.00423821596340697
YDR046C,0.51084178686142,-0.295869380235672,0.0693592818008849,0.0606884972826037,0.388478636741638,0.622565388679504,-0.410632858974584,-0.205815027442984
YDR047W,0.470227152109146,-0.332403898239136,0.0683721189881353,0.0644684325449381,0.350311641146739,0.590966815749804,-0.455545496393321,-0.228436913135036
YDR049W,0.177209004759789,-0.755722999572754,0.0242391339493276,0.061048883801712,0.134394685799877,0.215837852408489,-0.871617903951714,-0.665872389812535
YDR050C,36.8395614624023,1.56019604206085,6.10608695836501,0.0735523554583689,25.8151977539063,48.3058222452799,1.4118754468825,1.6839994787705
YDR052C,0.138093397021294,-0.863983392715454,0.0187517410888043,0.0607173925801209,0.104990919431051,0.168632373213768,-0.978848263685905,-0.7730590479884
YDR054C,0.928525984287262,-0.0371321216225624,0.137717326413322,0.0660187586486419,0.68128702690204,1.17670341730118,-0.166669902844311,0.0706670104409783
YDR055W,1.33993315696716,0.122782871127129,0.185188348619497,0.0617302944154576,1.01162904699643,1.64191525777181,0.0050212750199603,0.215350738405498
YDR057W,0.211851641535759,-0.678254187107086,0.0292082827910096,0.0616365463994931,0.159524654224515,0.259213107575973,-0.797172212659293,-0.586343043386831
YDR058C,0.0586925037205219,-1.23824226856232,0.0103596474680375,0.0774025414247994,0.0404827958283325,0.0802371966342131,-1.3927295033703,-1.09562426372422
YDR060W,0.703000068664551,-0.15702797472477,0.0932821231510441,0.0594400423727867,0.541379148761431,0.840810275574525,-0.266498475221411,-0.0753019894328889
YDR061W,0.183608561754227,-0.740576803684235,0.0258996201334359,0.0629005856652353,0.138240713129441,0.227655208607515,-0.859364037418926,-0.642722408940959
YDR072C,0.269425302743912,-0.573845207691193,0.0371972004726377,0.061576544078317,0.205243499577045,0.329622785995404,-0.687730594528972,-0.481982774313265
YDR074W,0.739911258220673,-0.134752362966537,0.0975743570279819,0.0590587246851312,0.568984540303548,0.885630548000336,-0.244899556752264,-0.0527474117779669
YDR075W,0.238933354616165,-0.627508223056793,0.038748384180528,0.0712798060325691,0.170978888869286,0.315038293600082,-0.767057509570283,-0.501636653548755
YDR077W,10.1818609237671,1.00295317173004,1.50611718886265,0.0655607540556803,7.54785520633062,12.8869712511698,0.87782355966195,1.11015085452518
YDR080W,0.110462062060833,-0.960944712162018,0.0150028643847217,0.0607239399115094,0.0839987695217133,0.134164169430733,-1.0757270757696,-0.872363453587547
YDR081C,0.123871520161629,-0.911149501800537,0.0167560975796742,0.0604364017955844,0.0946354616433382,0.150584330285589,-1.02394609764046,-0.822220220194025
YDR087C,1.20300626754761,0.0742948949337006,0.198469022815236,0.0723866917764149,0.859860619405905,1.60366236766179,-0.0655719421194482,0.205112937612069
YDR088C,0.142433062195778,-0.851436495780945,0.0214342425118965,0.0667516442301313,0.104509290121496,0.180985787014166,-0.980845409907053,-0.74235554212809
YDR089W,0.246528193354607,-0.612175047397614,0.0329452256342218,0.0598824600998176,0.188795489817858,0.295995518565178,-0.724008385225462,-0.528714864502947
YDR090C,0.205499678850174,-0.692781448364258,0.0327647596994473,0.0700597624871358,0.149625761558612,0.26835717583696,-0.824993626127306,-0.571286790393011
YDR091C,1.4086138010025,0.144635006785393,0.191307879490904,0.0606907569315033,1.07697431345781,1.70904220342636,0.0322053427211473,0.232752786647293
YDR093W,0.202213078737259,-0.69810551404953,0.0266151228657654,0.0589211496120343,0.156477212285002,0.241158873215318,-0.805548901139046,-0.617696756908665
YDR097C,0.250782281160355,-0.604724824428558,0.0334920444209622,0.0596853946425575,0.192213714122772,0.301580003400644,-0.716215629386698,-0.520597458275903
YDR098C,2.41468501091003,0.375950932502747,0.429819260249379,0.0777913808265497,1.65579703549544,3.30510265628497,0.219007099819557,0.519184830525947
YDR101C,0.886148035526276,-0.0567643605172634,0.121935464764303,0.0615334672926727,0.671792566776276,1.07897751331329,-0.172764805832113,0.0330123904617477
YDR103W,0.135069489479065,-0.873552322387695,0.0182061101894395,0.0603760705801374,0.102541597746313,0.16315570573012,-0.989099922095102,-0.787397734611175
YDR105C,0.203931957483292,-0.695051550865173,0.0289742638210883,0.0633930390387023,0.152884185314178,0.252464203784863,-0.815637436667508,-0.597800201104064
YDR106W,0.0130385924130678,-1.90158843994141,0.00360800454564548,0.122271646406205,0.00711843341123313,0.0211032708641142,-2.14761558563926,-1.67565025656778
YDR107C,0.123901888728142,-0.911165058612823,0.0170110700707536,0.061313207522008,0.094190996264418,0.151359306896726,-1.02599063057728,-0.819990869688137
YDR108W,0.0882368311285973,-1.05871367454529,0.0122646930905855,0.0621984310433272,0.0665349012861649,0.108216621043781,-1.17695048651412,-0.965706030915424
YDR109C,0.0645457357168198,-1.19469344615936,0.00922211644035119,0.0634739325051899,0.0481556616723537,0.0806957648446162,-1.31735264543429,-1.09314932402124
YDR110W,0.157952308654785,-0.805908143520355,0.0222723065670035,0.0625471406719446,0.119196645915508,0.196996834998329,-0.923735965072972,-0.705540752552341
YDR111C,0.0965460762381554,-1.02006196975708,0.0141405651408385,0.0651179616935854,0.0714510332172116,0.121049375087023,-1.14599148892725,-0.917037449301073
YDR113C,0.255529224872589,-0.59727931022644,0.0370236004677708,0.0646739485846707,0.188585951924324,0.320161356031895,-0.724490661699319,-0.494631090739013
YDR116C,0.351218491792679,-0.460249900817871,0.056880437088685,0.0717291832588344,0.248277316614985,0.462503501027822,-0.605062977041996,-0.334884976052637
YDR117C,0.354806661605835,-0.454304337501526,0.0489829945255672,0.0617136512533449,0.267599209149679,0.434553772211075,-0.572515175900766,-0.361956475763929
YDR118W,0.0681186616420746,-1.17125773429871,0.00965781153925524,0.0633046095319275,0.0510770604014397,0.084117017686367,-1.29177410530389,-1.07511613333848
YDR122W,0.178549319505692,-0.752242743968964,0.0237568063045425,0.0595728099799753,0.136524258553982,0.214926861350735,-0.864790217904356,-0.667709306094007
YDR123C,0.102861776947975,-0.994312763214111,0.0178268831620427,0.0758688228982044,0.0720411242296298,0.138608694076538,-1.14241951880214,-0.858209528230365
YDR124W,0.0049163643270731,-2.33421230316162,0.00168881948869127,0.152365597356575,0.00222286040661857,0.00871541990588108,-2.6530878225105,-2.05971177841058
YDR125C,0.0166294854134321,-1.78658843040466,0.00305667763749884,0.0811802483288634,0.011255107820034,0.0228400182289382,-1.94865034025284,-1.64130362682009
YDR127W,1.05063652992249,0.017552625387907,0.138038626609536,0.0588079075375762,0.813509109119574,1.25354881683985,-0.089637580376578,0.0981412509043713
YDR128W,0.0678079351782799,-1.17285048961639,0.00917439926671821,0.060527725421629,0.0516221150445441,0.082155205309391,-1.28716420599673,-1.08536491469359
YDR129C,2.51006841659546,0.395574927330017,0.338534783024374,0.0603964922301449,1.92215480109056,3.02110596299171,0.28378835906211,0.480165958012397
YDR130C,0.160420641303062,-0.800663888454437,0.0262661771777947,0.0722296277164807,0.114304238371551,0.211996736998359,-0.941937671610248,-0.673670824594763
YDR132C,0.0474342703819275,-1.32905995845795,0.00720332603808554,0.0674943381104968,0.0346069373190403,0.060442731808871,-1.46083687589433,-1.21865591661443
YDR135C,0.449882358312607,-0.350802898406982,0.0590960155047244,0.058832520520819,0.347399097432693,0.535453247527281,-0.4591713271843,-0.271278443199739
YDR137W,0.101592935621738,-0.997460961341858,0.0140899617098248,0.061897679848002,0.0767284482717514,0.124816094525158,-1.1150435847242,-0.903729410646512
YDR138W,0.138015896081924,-0.864204585552216,0.0186858038406132,0.0605233535146814,0.104919872184594,0.168105112761259,-0.979142248365461,-0.774419081388448
YDR141C,0.195899188518524,-0.711897969245911,0.0258261755174687,0.0590574966278044,0.150927795718114,0.23369478918612,-0.821230771230836,-0.631350972133694
YDR142C,0.0588531978428364,-1.23615789413452,0.00960174495257025,0.0723654148235153,0.0419542666214208,0.07670770312349,-1.37722386845855,-1.11516105017725
YDR143C,0.212823197245598,-0.676181435585022,0.0290799544347346,0.0609856805545582,0.16133163832128,0.260812086860339,-0.792280518296338,-0.583672285888803
YDR144C,0.555121839046478,-0.259899109601974,0.0766221912187777,0.0616159103649827,0.421559929102659,0.677599852283796,-0.375140682538718,-0.169026697754133
YDR146C,0.341738104820251,-0.470405369997025,0.0460698498170107,0.0602636345656296,0.261046553899844,0.413850684215625,-0.583282035966096,-0.383156322475793
YDR147W,0.151978820562363,-0.822690904140472,0.0214393961747904,0.0629354558523247,0.11379468968759,0.187371026600401,-0.943878030234606,-0.72729756374695
YDR148C,0.97303318977356,-0.016205471009016,0.134898465792427,0.0619837123225046,0.730338630080223,1.19402775963147,-0.136475735690378,0.0770144127581209
YDR150W,0.268008261919022,-0.575701296329498,0.0349712204861608,0.0584444687507955,0.207965561126669,0.317123115062714,-0.682008589468591,-0.498772101150726
YDR151C,0.321396887302399,-0.497982323169708,0.0483257918693459,0.0665371985154808,0.23711070343852,0.41030264471968,-0.625048846412935,-0.386895683904308
YDR152W,0.929371118545532,-0.0369860827922821,0.141811878944826,0.0675517845361661,0.678478540976842,1.19304960370064,-0.168463884689194,0.0766584972373603
YDR153C,0.592159450054169,-0.231899172067642,0.0823742134359864,0.0619393606126582,0.448597073554993,0.731349538266659,-0.348143563885159,-0.13587501319312
YDR158W,6.10683488845825,0.781002998352051,0.896762746504969,0.065190043633622,4.51973381439845,7.72930206457774,0.655112855318793,0.888140274778485
YDR161W,0.654436886310577,-0.18867252767086,0.0931617590581491,0.0633648917128332,0.489106241116921,0.816465271015962,-0.31059679546901,-0.0880622841691342
YDR162C,0.383614659309387,-0.424054205417633,0.0742341859978093,0.0829734843460467,0.264790117740631,0.549343840281168,-0.577098227279162,-0.260155771689611
YDR164C,0.17624107003212,-0.758126437664032,0.0241412681699152,0.0612516815912034,0.133799258247018,0.214383970449368,-0.873546298122184,-0.668807690088949
YDR165W,0.760442793369293,-0.123356863856316,0.106734504179164,0.0625694901870417,0.572050056358178,0.940967822571595,-0.242565967726924,-0.0264252447816183
YDR166C,0.132342368364334,-0.882376968860626,0.0177812504429494,0.0601033280634074,0.10128750645866,0.159867827097575,-0.994444120560493,-0.796238933770638
YDR170C,0.728756546974182,-0.141283258795738,0.0952012419155176,0.0585714218194369,0.56374677469333,0.863545208672682,-0.248915947709711,-0.0637149228869903
YDR171W,0.326250493526459,-0.491103082895279,0.0469861897345501,0.0641835637410876,0.240702545146147,0.406694086889426,-0.618519317572441,-0.390732143881098
YDR173C,0.106962867081165,-0.976188004016876,0.0167082068029945,0.069139814372079,0.0776931746552388,0.138545777524511,-1.10961713237937,-0.858406712847724
YDR174W,1.75647580623627,0.238479807972908,0.292419261609853,0.0738026410983395,1.22266435523828,2.32942966620127,0.0873072159609802,0.36724960015539
YDR175C,0.380008488893509,-0.425205528736115,0.0568869041892227,0.0664475817239607,0.278797363986572,0.482140192141136,-0.554711344940935,-0.316826663648915
YDR176W,0.133361354470253,-0.87917286157608,0.0182412257888054,0.061006335129462,0.101421117596328,0.163167119026184,-0.993871614799376,-0.787367354554132
YDR180W,0.0714961588382721,-1.14976274967194,0.00956067934251335,0.0599201416967288,0.0548936506112417,0.0856626042475303,-1.26047788721155,-1.06720872732683
YDR184C,0.21684704720974,-0.669764220714569,0.0353877061283341,0.0722664207981729,0.153661712631583,0.284864962100983,-0.813434389104122,-0.545360964947888
YDR186C,0.180935919284821,-0.746575713157654,0.0243940772273173,0.0603022613970165,0.138590131700039,0.219117537140846,-0.858267723077857,-0.659322862153106
YDR189W,0.531032502651215,-0.279044896364212,0.0722619390836417,0.0607351502178161,0.406015177816153,0.646174192428589,-0.391457747498191,-0.18965039127299
YDR191W,0.0630907565355301,-1.20620882511139,0.0106089906394645,0.0735373114210532,0.044748724407206,0.0849246054887771,-1.34921934356009,-1.07096651330515
YDR194C,0.512626826763153,-0.294348776340485,0.0694650334725285,0.0606749721580722,0.38933978776137,0.62077557494243,-0.409671221604011,-0.207065385720057
YDR195W,0.202412039041519,-0.698061227798462,0.0280113581267941,0.0616429432250514,0.153665202483535,0.249475434919198,-0.813424469625417,-0.602972216806444
YDR196C,0.185546383261681,-0.740713894367218,0.0380759822232185,0.0896669597232442,0.12047832775861,0.265292127678792,-0.919091110085374,-0.576275637293287
YDR197W,0.0531775392591953,-1.28018486499786,0.0086733687979959,0.0722554592766468,0.0376477555992703,0.0696954324220618,-1.42426091456101,-1.15679568452307
YDR198C,0.0843645185232162,-1.0787308216095,0.0124566069829693,0.0657831544158702,0.0620086245859663,0.106565837127467,-1.20754790164826,-0.972381999670839
YDR200C,0.0820833593606949,-1.09023821353912,0.0116050019016647,0.0630745887882517,0.06165064657107,0.101577915251255,-1.21006240600143,-0.993200704720328
YDR202C,0.151497527956963,-0.824908018112183,0.0234022073463179,0.0684636852877883,0.10966045272847,0.195034615074595,-0.959949969570311,-0.709888305741722
YDR204W,0.26829332113266,-0.576522052288055,0.0407399180988113,0.0672820727246643,0.194998641933004,0.343571335077286,-0.709968413531942,-0.463983077486515
YDR206W,0.117631174623966,-0.933664441108704,0.0160402726529443,0.0609205142061452,0.0890585044398904,0.143741968894998,-1.05032460275857,-0.84241641201747
YDR211W,0.731710910797119,-0.139767438173294,0.0987050481231189,0.0603401631635582,0.559962661067645,0.881442920366923,-0.251840938053332,-0.0548058067149558
YDR212W,2.15943312644958,0.330110043287277,0.295883858198804,0.0612139714602254,1.62892255087694,2.64573858976364,0.211900433843503,0.422546889527625
YDR214W,1.79427814483643,0.249003171920776,0.265093777096356,0.0657350191275645,1.32678065101306,2.25988393823306,0.122799116795438,0.354086117376089
YDR217C,0.119887575507164,-0.925232827663422,0.0159676593145128,0.0596058614377779,0.092296219120423,0.143790307889382,-1.03481609564898,-0.842270386487381
YDR218C,0.00601158058270812,-2.23614835739136,0.00159530152491606,0.115356009346274,0.00344296460971236,0.00954066393120835,-2.46306745919432,-2.02042140438826
YDR219C,0.20176038146019,-0.699615597724915,0.0284345354051884,0.0627371231192145,0.151182729005814,0.250431591272354,-0.820497830496827,-0.601310888659447
YDR221W,0.257775008678436,-0.592946171760559,0.0351805900715904,0.0608781358831065,0.196515291060011,0.314425050467253,-0.706603651243202,-0.502482863497526
YDR222W,0.195289343595505,-0.714222311973572,0.0289271499414937,0.0657983683899256,0.143962537745635,0.246902512262265,-0.841750506901781,-0.607474491117584
YDR223W,0.00619697477668524,-2.22142720222473,0.00155915455376214,0.109263917168017,0.00366131254122593,0.00956829359444478,-2.43636320829747,-2.01916573124267
YDR228C,0.183251217007637,-0.74121618270874,0.0252030671184653,0.0614585704802259,0.138270274922252,0.224435741951068,-0.859271174839913,-0.64890798022197
YDR233C,3.33044767379761,0.517253041267395,0.512416218678284,0.0680071509886181,2.42685545285543,4.28135508298874,0.385043884727668,0.631581247043407
YDR234W,0.437808781862259,-0.36283016204834,0.0591410153311846,0.0603837808392428,0.333931273718675,0.529469907283783,-0.476342906256186,-0.276158718223137
YDR235W,0.088915079832077,-1.05548667907715,0.0125106165037824,0.0629119484452806,0.0664694681763649,0.110134530005356,-1.17737779601139,-0.958076502593993
YDR237W,0.255843549966812,-0.597885429859161,0.0416758300284149,0.0717919133768438,0.182675613338749,0.337851475924253,-0.738319426815661,-0.471274255233965
YDR239C,0.124752528965473,-0.908173620700836,0.0170877557568902,0.0611495814617896,0.0949646700794498,0.151620402932167,-1.02243793727245,-0.819242353554612
YDR243C,0.100356750190258,-1.00300538539886,0.0142899252039041,0.063497576536374,0.0751541911934813,0.124090929391483,-1.12404679519309,-0.906259968112456
YDR244W,0.196631878614426,-0.710657835006714,0.0272334537360543,0.0617842482134544,0.148333717013399,0.241336222489675,-0.828760122187169,-0.6173774980277
YDR245W,0.624730110168457,-0.208882302045822,0.0893766398963,0.0635722356331677,0.468235313892365,0.780112225810687,-0.329535835299291,-0.107842918621678
YDR247W,0.0842945575714111,-1.0792852640152,0.0126959962156392,0.0670823502554939,0.0609672785115739,0.106701167797049,-1.21490319202219,-0.971830827402608
YDR251W,0.235689014196396,-0.631789863109589,0.0318334784026074,0.0605425083216238,0.17945886105299,0.284261455386877,-0.74603509286188,-0.54628203611067
YDR254W,0.0594601817429066,-1.23105669021606,0.00911692415595544,0.0683752858855078,0.04304824291418,0.0759132301434874,-1.3660446223145,-1.11968257624947
YDR256C,0.00129235372878611,-2.9208824634552,0.000494487720089188,0.171100954226358,0.000521677520009689,0.0024229070947816,-3.28259833447002,-2.61566330066524
YDR257C,0.21216669678688,-0.67780590057373,0.0299785173041974,0.0629896710856084,0.159612983465195,0.262210984279712,-0.796931784552016,-0.58134911992217
YDR258C,0.589781224727631,-0.233341187238693,0.0788324393272281,0.0597951565971048,0.453976322213809,0.710152138272921,-0.342966798576503,-0.148648601856031
YDR259C,0.0250793676823378,-1.60807359218597,0.00459472130449321,0.0806621502795102,0.0170910470187664,0.03439986333251,-1.76723133104496,-1.46344328283704
YDR261C,0.422880262136459,-0.378009438514709,0.0579721500127098,0.0611643967831908,0.321373875439167,0.516596244772275,-0.492989431202527,-0.286848755556798
YDR262W,0.462833017110825,-0.340523272752762,0.0759090357628908,0.0723707941662368,0.328597944229841,0.612935051321983,-0.483335157920726,-0.212585560521031
YDR264C,0.550301611423492,-0.263376444578171,0.0730293200557784,0.0593812474929236,0.422544757028421,0.66284339427948,-0.374127298384742,-0.178589087357974
YDR266C,0.379984140396118,-0.424388438463211,0.0515671628592089,0.0606732568417701,0.289404821892579,0.460602754851182,-0.538494237198049,-0.336673468868598
YDR267C,0.262382447719574,-0.586404800415039,0.0407971569714103,0.0685124386641331,0.190561413764954,0.339967889338732,-0.719965033841774,-0.468562127946419
YDR268W,0.136707171797752,-0.869328498840332,0.0207095652923048,0.067268042332658,0.0995753332972527,0.174583971500397,-1.00184823125139,-0.757995631240236
YDR270W,0.143527537584305,-0.847159445285797,0.0193216242880441,0.0602632849147244,0.109804920417567,0.173487831776341,-0.95937820151407,-0.760730999592986
YDR272W,1.37465631961823,0.132390022277832,0.222295544224651,0.0715543142940611,0.979233264923096,1.79348745147387,-0.00911384180068165,0.253698341436711
YDR273W,0.0180488042533398,-1.75233769416809,0.003603191203031,0.0880512227294043,0.0118406923254952,0.025491247108827,-1.92662290406338,-1.5936089187622
YDR275W,0.0289351493120193,-1.56039929389954,0.00922470507654405,0.139068573379764,0.0142776984721422,0.0494766395228604,-1.84534179405886,-1.30560038793444
YDR277C,0.0628375485539436,-1.20695054531097,0.00959560956543928,0.0674806727338653,0.0458394810557365,0.0807009788230062,-1.33876030761802,-1.09312119816663
YDR279W,0.127971440553665,-0.898023128509521,0.0194321906838881,0.0673294478029985,0.0932068079710007,0.163801980142792,-1.03055236493941,-0.785680859188392
YDR280W,0.598328292369843,-0.228077441453934,0.0896973557489946,0.0665683765738732,0.440104555586974,0.756398834784826,-0.356444140555412,-0.121249153329073
YDR284C,0.408283531665802,-0.394185334444046,0.0618236102897766,0.067524843213889,0.296943254520496,0.516234230995178,-0.52732654552878,-0.287153201194085
YDR288W,0.118968836963177,-0.930650472640991,0.0196825330139098,0.0732871108568385,0.0834488175809383,0.157256036996841,-1.07857981693185,-0.803392673169884
YDR289C,0.274539113044739,-0.566098868846893,0.0396514233160194,0.0645950950146639,0.202148901919524,0.341675888746977,-0.694328614643324,-0.466385686916046
YDR291W,0.0638391450047493,-1.1989871263504,0.008571432066493,0.0600880050751086,0.048920627993842,0.0770515650510788,-1.31050799854409,-1.11321853590318
YDR292C,0.449273496866226,-0.351673692464828,0.0612942840668917,0.0608537132319234,0.342012017965317,0.549847408135732,-0.465958632995565,-0.259757817808057
YDR293C,0.471666693687439,-0.330282598733902,0.0620691566587733,0.0589503543048738,0.363698860257864,0.563747782011827,-0.439258060192666,-0.248915154471171
YDR294C,0.440043687820435,-0.36059507727623,0.0592828639632208,0.060189590797944,0.3368013103803,0.532692849139372,-0.472626263008711,-0.27352313793654
YDR295C,0.157746002078056,-0.806322872638702,0.021763450687763,0.0615780338365567,0.119449808138112,0.193696157013377,-0.922814566737019,-0.712879006808794
YDR296W,0.358179360628128,-0.457328468561172,0.0831097033595128,0.0996109176965068,0.223821240539352,0.547949015100797,-0.650098730734528,-0.261259851392109
YDR297W,0.760993480682373,-0.12358183413744,0.113792486699104,0.0661084636809347,0.562164249519507,0.970515104631583,-0.2501367806108,-0.0129977087489358
YDR300C,0.793051064014435,-0.105042733252048,0.110014497745765,0.0620764690926518,0.598072717587153,0.970453631877899,-0.223246021257056,-0.0130252108832142
YDR301W,0.15617211163044,-0.810303866863251,0.0205305631782523,0.0588878206051909,0.120608955621719,0.186192557836572,-0.918620443168575,-0.730037681867964
YDR303C,0.240673899650574,-0.622609972953796,0.0321862680496866,0.0598604842585797,0.183675560603539,0.289653810362021,-0.735948634073818,-0.538120754868192
YDR307W,0.200668960809708,-0.701765656471252,0.0275262993293289,0.0613362875596687,0.152271158496539,0.244226962327957,-0.817382367101411,-0.612206392218058
YDR309C,0.644158542156219,-0.195626258850098,0.0924991316931798,0.0639212219355979,0.48211869324247,0.806819395720959,-0.316846042500258,-0.093223670039914
YDR310C,0.16180756688118,-0.795010209083557,0.0215539334542228,0.0596104510111454,0.124672594045599,0.194614562268058,-0.904229012567108,-0.710824666758146
YDR311W,0.209596216678619,-0.682951927185059,0.0291071560383662,0.0619534590526921,0.158772219593326,0.256668837368488,-0.799225522469571,-0.59062685662131
YDR313C,0.0700159817934036,-1.16244840621948,0.0129923896010405,0.0822352614297916,0.0465712419090172,0.0964946215351422,-1.33188219787749,-1.01549711572054
YDR315C,0.0268446560949087,-1.58175075054169,0.00590453187763563,0.0967395481555774,0.01661640657112,0.0394874959252775,-1.77946290233029,-1.4035404059274
YDR316W,0.0950066596269608,-1.02706122398376,0.0139319496993889,0.0652655492749733,0.0700371265411377,0.119933693421384,-1.154671680306,-0.921058793549485
YDR317W,0.0285092201083899,-1.55183589458466,0.00501666956264267,0.0774757377703323,0.0195670066401362,0.0383651480078697,-1.7084757700998,-1.41606312200705
YDR318W,0.0503917746245861,-1.30404734611511,0.00857730672062218,0.0751181770384504,0.03532818298166,0.0674014693746964,-1.45187871486642,-1.1713306497521
YDR320C,0.22394685447216,-0.654068529605865,0.0306631127593089,0.0610612718024015,0.169977680842082,0.274470383425554,-0.769608101400926,-0.561504511459394
YDR321W,2.58332514762878,0.407676160335541,0.364982028218264,0.0632084208121718,1.91551435391108,3.20377403100332,0.282285406914683,0.505661860605687
YDR322W,0.281029373407364,-0.556125819683075,0.0415237645717705,0.0656388732176524,0.207581456626455,0.35690226405859,-0.682811452019197,-0.447450697544092
YDR323C,0.0348133742809296,-1.46352434158325,0.00535476485726205,0.0681745380396889,0.025471789871032,0.0449994577715794,-1.59394053703652,-1.34679272374164
YDR325W,0.105141580104828,-0.982367277145386,0.0142408611500802,0.0605938559964548,0.0803264379501343,0.127335495750109,-1.09514149125769,-0.895050517134136
YDR330W,0.23473647236824,-0.63384872674942,0.0329569551055117,0.0626290821217392,0.176243677735329,0.29052030518651,-0.753886453195611,-0.536823510228137
YDR331W,0.357213169336319,-0.451749116182327,0.0515876843981224,0.0643395412862483,0.264405600726604,0.445955573519071,-0.577729349725095,-0.350708404985469
YDR332W,0.0264259092509747,-1.58315372467041,0.00402756344302848,0.0676621335237703,0.019124400926133,0.0338685645721853,-1.71841216559946,-1.47020321067999
YDR335W,0.30943751335144,-0.513392210006714,0.0409842638055323,0.0592907772522479,0.238072498887777,0.371249258518219,-0.623290783011172,-0.430334405073432
YDR336W,0.0451614335179329,-1.35326683521271,0.00871504889074295,0.0837189449907505,0.0305361913051456,0.0641309022903442,-1.51518513662575,-1.1929326497294
YDR341C,2.99241638183594,0.471762925386429,0.411707062528222,0.0614162411885025,2.27655414938927,3.65595243771871,0.357277984679019,0.563000537057503
YDR346C,1.21163153648376,0.0790385007858276,0.168074280833085,0.0619470698613355,0.913199855883916,1.48542841970921,-0.0394341828277518,0.171851727373273
YDR349C,0.211358323693275,-0.679298460483551,0.0292690930166979,0.0618382697740943,0.160691291093826,0.259090524911881,-0.794007659841414,-0.586548469412262
YDR351W,0.131749480962753,-0.884365618228912,0.0178112974448481,0.0603446544471278,0.100515598617494,0.160864889621735,-0.997766536778062,-0.793538734691886
YDR353W,4.63474607467651,0.661108076572418,0.69029478403536,0.0658100693257003,3.43983689347903,5.89874124526978,0.536537845188466,0.770759345784979
YDR354W,0.392852306365967,-0.410558789968491,0.0574642552118825,0.0650607067327324,0.291516690949599,0.493464022874832,-0.535336576626173,-0.30674450507438
YDR356W,0.191522121429443,-0.721859931945801,0.0257300524643187,0.0601397775879968,0.146804052591324,0.230359828223785,-0.833261968883905,-0.637593255083929
YDR358W,0.234623074531555,-0.634015083312988,0.0328233648375454,0.0622595711143871,0.17703518246611,0.290619254112244,-0.751940417269065,-0.536675616198709
YDR359C,0.0741878673434258,-1.1339476108551,0.0102311098064773,0.0615602167639212,0.0561105210334063,0.0910235300660133,-1.25095569976562,-1.04084632573682
YDR361C,1.1416050195694,0.0520573779940605,0.179152667160313,0.0693517888445661,0.82766225039959,1.48999166389306,-0.0821470360058892,0.173183828565705
YDR362C,0.0921386778354645,-1.04000973701477,0.0129783956428519,0.0627595236953481,0.0693779364228249,0.114092513732612,-1.15877862195588,-0.94274285164461
YDR363W,0.0704629123210907,-1.15708482265472,0.0105948658389322,0.0667561471038281,0.0517846426926553,0.0895804318909844,-1.28579901705641,-1.047786857157
YDR364C,0.0902774631977081,-1.04929077625275,0.0133087073791659,0.0656644147912264,0.0664045191680392,0.113694911325971,-1.177802369353,-0.944258974752635
YDR365C,0.653280913829803,-0.188924953341484,0.0873111216843179,0.0597110672242721,0.49948126077652,0.790347355604172,-0.301480800719311,-0.102182004562564
YDR368W,1.76884138584137,0.242593243718147,0.2685774498743,0.0669342048668325,1.30138528347015,2.28180377284686,0.114405891268405,0.358278290283103
YDR370C,0.0789618641138077,-1.10775971412659,0.0120928123525942,0.0674358345898649,0.0578188472737869,0.101336542889476,-1.23793057893119,-0.994233929705317
YDR372C,0.706240236759186,-0.155905917286873,0.103997834794036,0.0655690104763096,0.519111617406209,0.889711846411228,-0.284739251762775,-0.0507506335429258
YDR375C,0.123798474669456,-0.912206649780273,0.0183385380736173,0.0659969104390049,0.0906703727319837,0.155398830771446,-1.04253459937031,-0.808552253176155
YDR376W,0.184182465076447,-0.739221394062042,0.0260227776856463,0.0628573328063844,0.1386587065955,0.228417793785532,-0.858052861856453,-0.64127006760139
YDR379W,0.0792185515165329,-1.1053192615509,0.010735822479789,0.0606654643973285,0.060044564306736,0.0961933715268969,-1.22152630214019,-1.01685485844204
YDR380W,0.216132327914238,-0.669545888900757,0.0296814649652895,0.0615429771517763,0.162414424245556,0.263314569244782,-0.789375415002842,-0.57952511383792
YDR381W,7.04283761978149,0.839483976364136,1.37308247114465,0.0851151283963957,4.69593229293823,9.99615160624186,0.67172182396116,0.999832806605105
YDR383C,0.0911252126097679,-1.05159330368042,0.0206994908220099,0.0994824414146961,0.0555961926467717,0.137001217529178,-1.25495495998254,-0.863275575363672
YDR384C,1.34861195087433,0.124101810157299,0.217588371706742,0.0714754581101331,0.953322916229566,1.7747312416633,-0.0207599672300026,0.249132577306258
YDR386W,0.0473957993090153,-1.32900762557983,0.00689692913944728,0.0648152086053834,0.035131145020326,0.0595395175119241,-1.45430769722211,-1.2251946895253
YDR387C,0.0320966504514217,-1.4986879825592,0.00486380726635484,0.0675095320302596,0.0232430975884199,0.0409926389344036,-1.63370599435775,-1.38729412840575
YDR389W,0.179897680878639,-0.749232590198517,0.0247022193437152,0.061471966754086,0.136064135283232,0.219165528193116,-0.866256334795986,-0.659227754751346
YDR390C,0.250371128320694,-0.605572581291199,0.0340594646677424,0.0606510070592804,0.191186666488647,0.304422570765018,-0.718542406948388,-0.516523150909478
YDR393W,0.0901658982038498,-1.04985642433167,0.0133470718866326,0.0657969954192202,0.0664586189513405,0.114293845370412,-1.17744868923785,-0.941977171196217
YDR394W,1.49794328212738,0.17101363837719,0.211383339584285,0.0630071264360872,1.12517249584198,1.84186694125334,0.0512191075581747,0.265258250387756
YDR395W,0.858859956264496,-0.0700434446334839,0.113761586415307,0.0593104812688788,0.661614361902078,1.0285204877456,-0.17939508933213,0.0122129449351308
YDR400W,0.376454174518585,-0.429171055555344,0.055602196143896,0.0657138383513279,0.277485557148854,0.472935322423776,-0.556759621461009,-0.325198262910242
YDR405W,0.265503168106079,-0.581885695457458,0.043587276482703,0.0724052420798307,0.189463479196032,0.348030176013708,-0.722474597933697,-0.458383118118317
YDR406W,0.0643185973167419,-1.19562840461731,0.0085227038837987,0.0592749417618039,0.049560057806472,0.0773654013251265,-1.30486820159223,-1.11145321804353
YDR407C,0.0945500954985619,-1.02833235263824,0.0125859552757131,0.059494916699252,0.0728929055233796,0.114045555206637,-1.13731475662149,-0.942921641071418
YDR410C,0.328899592161179,-0.491154938936234,0.0639925489048701,0.0847908982162817,0.220381964867314,0.465160044034322,-0.656824032155554,-0.332397597192913
YDR411C,0.316745162010193,-0.504067420959473,0.0463145246372066,0.0649781660859259,0.232847524806857,0.401067763566971,-0.63292837431186,-0.396782243696752
YDR412W,1.14782512187958,0.0521580316126347,0.217763070856205,0.0819837625744939,0.781228686869144,1.5982277482748,-0.107221817793805,0.203638665021011
YDR414C,0.13223585486412,-0.883406162261963,0.0192512725520346,0.0648879928633715,0.0970699397226175,0.166771576926112,-1.01291534403558,-0.777877981035726
YDR415C,0.307789862155914,-0.516373157501221,0.044199444500106,0.0639840271990386,0.230200263982018,0.383040179063876,-0.637894215501119,-0.416755669435653
YDR416W,0.09022206813097,-1.04887700080872,0.0122877604610012,0.0609645301370577,0.0682572057470679,0.109648652374744,-1.16585151895628,-0.959996701604413
YDR421W,0.0482729263603687,-1.32055497169495,0.0066406086853998,0.0614239251200514,0.0365256928838789,0.0590639187333484,-1.43740153828951,-1.22867774550621
YDR422C,0.167449310421944,-0.780194640159607,0.0225240181818453,0.0600983054206904,0.12814537199835,0.202610224485397,-0.89229710056762,-0.693338642265246
YDR429C,4.26876306533813,0.625231146812439,0.642697911561855,0.0669757078993505,3.11728855371475,5.46370296478271,0.493777003963688,0.737487071633078
YDR430C,0.264683067798615,-0.581226944923401,0.0350290271412589,0.0591905873398772,0.20429727435112,0.317297478765249,-0.689737427504432,-0.498533379876497
YDR434W,0.490976572036743,-0.313125401735306,0.0667654518479616,0.0609659852030842,0.371527311454217,0.594623965521653,-0.430009268988842,-0.225757593936766
YDR438W,0.00170366116799414,-2.81317257881165,0.000767758690588336,0.20197289442036,0.000571156720980071,0.00354119404607142,-3.24324471482491,-2.45085044079356
YDR440W,0.0946044623851776,-1.02851998806,0.0133201417551955,0.0625559325579649,0.0714125214765469,0.117359069610635,-1.14622564501295,-0.930483348916506
YDR444W,0.0578359924256802,-1.24219048023224,0.00805430938486944,0.0624198268970944,0.0432890488766134,0.0707570388913155,-1.3636219590584,-1.15023035015562
YDR446W,0.00487800082191825,-2.34320402145386,0.00184790579794905,0.168498009383063,0.00208465551647047,0.00920129678367327,-2.68096571023225,-2.03615096254058
YDR448W,0.215052053332329,-0.672112643718719,0.030988668760026,0.0641977822572751,0.160461915036043,0.268947232017914,-0.794628030401289,-0.570332930520247
YDR449C,0.361869394779205,-0.445989459753036,0.0515699260233715,0.0633357209490957,0.271658832083146,0.449378433078527,-0.565976174194374,-0.347387775303588
YDR451C,0.470925450325012,-0.331775188446045,0.0682786055648578,0.0647144906488041,0.347310338417689,0.587700658539931,-0.459282288876648,-0.230843832250972
YDR456W,0.195074379444122,-0.7139732837677,0.0265447720454724,0.0608129959507681,0.147697657346725,0.237504318356514,-0.830626393039159,-0.624328489528146
YDR457W,0.276258498430252,-0.562538087368011,0.0360375660062141,0.0585112209056953,0.213868692765633,0.325921326875687,-0.669852786174697,-0.486887220260897
YDR458C,0.167378485202789,-0.780613005161285,0.0231407635776877,0.061834464968356,0.126536407197515,0.20441223680973,-0.897784501468483,-0.689493233264192
YDR460W,0.194498255848885,-0.716637492179871,0.0305888687951337,0.0701561487490257,0.139416560530663,0.250013990700245,-0.855685635707814,-0.602035689507337
YDR463W,0.487910360097885,-0.315975576639175,0.0674851959659501,0.0618771346643957,0.367855489253998,0.596576154232025,-0.434322758895823,-0.224334109828159
YDR464W,0.106736987829208,-0.975765407085419,0.0143480090137655,0.0601738138536548,0.0817444922402501,0.128645825386047,-1.08754150312473,-0.890604302709422
YDR465C,0.498090088367462,-0.307331115007401,0.0716278504595844,0.0640590171041642,0.371548183013996,0.619927504161993,-0.429984895578779,-0.207659103745118
YDR470C,0.114577621221542,-0.945637881755829,0.0166381772265908,0.0648001338871905,0.0843836286415656,0.143951038643718,-1.0737418031546,-0.841785206108831
YDR472W,0.268489927053452,-0.577088117599487,0.0441078636767409,0.0729257582917265,0.188806093359987,0.354571923116843,-0.723983995214333,-0.450295657848836
YDR473C,0.103320859372616,-0.99046915769577,0.0148885894538475,0.0641973397897097,0.0769037278369069,0.128923844421903,-1.11405262883039,-0.889666753463144
YDR477W,0.510059654712677,-0.296601891517639,0.0698031313604784,0.0611738441261189,0.386956561853488,0.620707356433074,-0.412337792914621,-0.207113107868257
YDR479C,0.0700666755437851,-1.15922546386719,0.0101935995292779,0.0647155447994632,0.0520664020751913,0.0878703288113077,-1.28344243229175,-1.05615774966886
YDR481C,1.48129034042358,0.166454583406448,0.201937201146997,0.0608983413800747,1.1216291119655,1.81065251131852,0.0498492695398316,0.25783510797281
YDR484W,0.0992527827620506,-1.00770056247711,0.013992369889823,0.0626455675624442,0.0748966054370006,0.123310195406278,-1.12553786554802,-0.909001018362382
YDR485C,0.106503158807755,-0.97693532705307,0.0147116400281375,0.0617100085484242,0.080302686492602,0.130896024902662,-1.0952699420038,-0.883073549796212
YDR486C,0.565272927284241,-0.257422119379044,0.119727246094288,0.0920240351143172,0.363895684480667,0.823481031258901,-0.439023094777453,-0.0843464060356078
YDR488C,0.0641484633088112,-1.1976352930069,0.00942011703603542,0.0652776560284841,0.0475383930529157,0.0812511913478374,-1.32295550308271,-1.09017034720839
YDR489W,0.15391181409359,-0.81900680065155,0.0259498274421105,0.0743521132136636,0.10804083943367,0.20526491800944,-0.966412050178824,-0.68768527061556
YDR490C,0.13366961479187,-0.878199338912964,0.0183010935222402,0.0612576149961754,0.101606788362066,0.162228763476014,-0.993077275895487,-0.789872144650369
YDR492W,0.289748907089233,-0.543183743953705,0.0443134990493432,0.0677534978265403,0.211381524925431,0.371570378541946,-0.674933020683144,-0.429958915099653
YDR494W,0.254688501358032,-0.598846971988678,0.0375460357024532,0.0655196695623665,0.188418552279472,0.321755885332823,-0.724876337445889,-0.492473501147525
YDR495C,0.0723390132188797,-1.14483618736267,0.00989719033577081,0.0610394609840605,0.0551045660860836,0.0884184239432216,-1.25881242056311,-1.05345724417091
YDR496C,1.04013252258301,0.0128894289955497,0.1420757444013,0.0609866101798261,0.791799489657084,1.26456713676453,-0.101384798689297,0.101941891293999
YDR497C,0.856060922145844,-0.0717031359672546,0.116991399561755,0.0610596607608728,0.650196596980095,1.0429512878259,-0.186955309516646,0.0182640245702916
YDR498C,0.15768501162529,-0.807234227657318,0.0237271765791804,0.0665315924723453,0.115863494575024,0.200428895900647,-0.936053376822964,-0.698039669846581
YDR499W,0.043565820902586,-1.36542546749115,0.00622363124108081,0.063585865840691,0.0322266190933684,0.054509524255991,-1.49178525616879,-1.26352760835755
YDR501W,0.0700813382863998,-1.15910518169403,0.0101533938338322,0.0645477222058286,0.0518890765495598,0.0877933124701182,-1.28492412225099,-1.05653856476086
YDR503C,0.146349489688873,-0.841599881649017,0.026104637593548,0.0783873177479499,0.101603142668804,0.197665974497795,-0.993092859805025,-0.704068082125962
YDR505C,0.215463057160378,-0.670768022537231,0.0291698204156256,0.0605976733794957,0.164034759625793,0.260351390143235,-0.785064113484313,-0.584440109302563
YDR506C,0.0871924087405205,-1.06391036510468,0.0121814573142902,0.0623357876823538,0.0657802202428381,0.107340484795471,-1.18190467676264,-0.96923645486295
YDR507C,0.397694528102875,-0.404377639293671,0.0524303205234759,0.0590107740290113,0.306512782971064,0.475531488656998,-0.513551408739791,-0.322820719741939
YDR514C,0.171460971236229,-0.770324766635895,0.0242636481696987,0.063023073360866,0.128382995724678,0.212833079819878,-0.891492494584771,-0.671960870527068
YDR515W,0.184624031186104,-0.738387763500214,0.0267142397018395,0.0642487797867092,0.13856756053865,0.230551317209999,-0.858338438949147,-0.637232394219445
YDR517W,0.486116856336594,-0.318071067333221,0.0712399999759784,0.065220759021549,0.359070641547442,0.611078321933746,-0.444820102877994,-0.213903122648269
YDR518W,0.574054300785065,-0.245168775320053,0.0777038068428861,0.060402243669806,0.438796748965979,0.698904305199782,-0.357736613183894,-0.155582292829115
YDR522C,0.00141799217090011,-2.88199615478516,0.0005526493292811,0.17512700398195,0.000562952578184195,0.00267039186049563,-3.24952819018017,-2.57342500450056
YDR524C,0.0863564908504486,-1.06854009628296,0.012688538114787,0.065365354025554,0.0636950981492797,0.108669313477973,-1.19589400179079,-0.963893115392237
YDR527W,0.29055780172348,-0.541361153125763,0.0416322938258969,0.063713994166281,0.217799770087004,0.362266562134027,-0.66194258450099,-0.440971750477642
YDR528W,0.116407193243504,-0.939019918441772,0.0174860446577382,0.0663168494713117,0.0863232508301735,0.149190047259132,-1.06387221568346,-0.826260150000921
YDR530C,0.135661453008652,-0.873448729515076,0.0221571803623975,0.0721326874682618,0.0967078080400825,0.177669871474306,-1.01453846045204,-0.750386215453647
YDR531W,0.404816538095474,-0.397567808628082,0.0595109812174693,0.0652827206510349,0.301115200420221,0.511740121245384,-0.521267320923782,-0.290950542358283
YDR532C,0.0994041115045547,-1.00787377357483,0.0153188762143508,0.0682480006970931,0.0721682233735919,0.128186762705445,-1.14165399411703,-0.892156820371444
YDR533C,0.25576713681221,-0.600961804389954,0.0514875408987896,0.0878826084719567,0.167546999578675,0.365964968999227,-0.775863369412083,-0.436560490891622
YDR534C,0.164171814918518,-0.78917932510376,0.0231949027702386,0.0629266762915787,0.123462035196523,0.203426325942079,-0.908466568255731,-0.691592852110284
YDR536W,0.00132808089256287,-2.91187524795532,0.000532047659627589,0.178085734406372,0.000525328619793678,0.00253850733861327,-3.27957095529313,-2.59542157674839
YDR538W,0.129581660032272,-0.895691692829132,0.0255232816388696,0.0844338443654436,0.0885791637624303,0.186176259194811,-1.0526684241656,-0.730075700729758
YDR539W,0.397965580224991,-0.404429286718369,0.0549054825278083,0.0615021824072734,0.301727505524953,0.488167256116867,-0.520385155398357,-0.311431354301605
YDR541C,0.0666549280285835,-1.18230211734772,0.0111362401805264,0.0733659080789461,0.047392550855875,0.0885234250997504,-1.32428991521247,-1.05294179093668
YEL072W,0.0193974897265434,-1.73614239692688,0.00646050798450894,0.145393377787395,0.00933433999307454,0.0339792519807816,-2.02991704063173,-1.46878618592002
YEL065W,0.811965644359589,-0.0945097282528877,0.108800272132927,0.059875408565301,0.621620893478394,0.978248657286167,-0.206474396765251,-0.00955074011159781
YEL064C,0.0561846420168877,-1.25529432296753,0.00837717985563787,0.0657037326555581,0.0417058110237122,0.0720824841409921,-1.37980349611205,-1.14217045402654
YEL063C,0.425300538539886,-0.375521808862686,0.0583605516620219,0.061041207967194,0.324290025730928,0.522149509191513,-0.489066502034237,-0.282205125894051
YEL062W,0.0667153671383858,-1.18040192127228,0.00959634277391005,0.0639364019161656,0.0499741413630545,0.0836648132652044,-1.30125467191751,-1.07745715405839
YEL060C,0.756355226039886,-0.125413239002228,0.102328911644753,0.0605993120715663,0.574211220939954,0.916950732966264,-0.240928326091791,-0.0376540005271541
YEL058W,0.770258128643036,-0.117499001324177,0.104255859118014,0.0605532273682605,0.585688563684622,0.934200712045034,-0.232333259634821,-0.0295598064799002
YEL057C,0.0129736438393593,-1.92022633552551,0.0051140210564148,0.172267990139319,0.00536905077363675,0.0250893314058582,-2.27010250090366,-1.60051107076603
YEL056W,0.240861251950264,-0.622820138931274,0.0345290331565849,0.0636280745820138,0.18036084746321,0.303573883821567,-0.743857740773926,-0.517735593679573
YEL055C,0.566064476966858,-0.251082301139832,0.0748343286975544,0.0591710873608816,0.436814606189728,0.676966737707456,-0.35970285089186,-0.169432669583325
YEL053C,0.0979105979204178,-1.01334369182587,0.0133352983169102,0.060781152530239,0.0744632545858622,0.119232252240181,-1.12805798593212,-0.923606252353072
YEL052W,0.218919023871422,-0.664114713668823,0.0306424020008645,0.0623746299990686,0.164318488289913,0.269752300282319,-0.784313576439366,-0.569034886659507
YEL051W,2.98631024360657,0.469180673360825,0.490570424318555,0.0723501497263997,2.13020572861036,3.94226332902908,0.328421502930261,0.595745605940537
YEL050C,0.246451690793037,-0.612999975681305,0.0359034994207278,0.0646037487511699,0.18297672085464,0.311120473841826,-0.737604161037549,-0.507071408645525
YEL047C,1.22612655162811,0.0842044204473495,0.16995651615488,0.0619590452968506,0.924884501099587,1.49880855182807,-0.0339125109946517,0.175746162281884
YEL043W,0.124139755964279,-0.910202324390411,0.0167662641024831,0.0603814133025329,0.0946906189123789,0.150238753979405,-1.02369304987665,-0.82321802694589
YEL042W,1.22722911834717,0.0847112834453583,0.167634348340894,0.0611367486411717,0.931780169407527,1.48721727033456,-0.0306865387250943,0.172374415801657
YEL041W,0.0319088026881218,-1.50157356262207,0.00502257031097133,0.069473244817652,0.0230707513013234,0.0412533310241997,-1.63693828234803,-1.38454099009565
YEL040W,2.26017022132874,0.349865794181824,0.311410411073836,0.0615366191215502,1.70990358491739,2.77265355189641,0.232971622836207,0.442895604382911
YEL038W,0.266718626022339,-0.585110545158386,0.0609869843165919,0.0987071238914398,0.167345577230056,0.402241042256355,-0.776385761192548,-0.395513703618715
YEL037C,1.86789643764496,0.266801834106445,0.265996953054057,0.063463587535241,1.39818383355935,2.31786861022313,0.145564274107647,0.365088811079608
YEL036C,0.383150279521942,-0.421042591333389,0.0536194998360508,0.0625361323221181,0.286427050828934,0.472746407488982,-0.542985968658302,-0.325371774763336
YEL032W,0.295007020235062,-0.534204065799713,0.0394414107711924,0.0598175943289404,0.226682901382446,0.354408944149812,-0.644581237329631,-0.450495338636689
YEL031W,1.49404156208038,0.170460551977158,0.196128029505719,0.058874160620022,1.15092301368713,1.77666771411896,0.0610462742387622,0.249606210349658
YEL029C,0.156042829155922,-0.812854528427124,0.0259597635266323,0.0731900092866712,0.110850415378809,0.206999877467751,-0.955262675160216,-0.68402992279813
YEL023C,0.000710489810444415,-3.19162845611572,0.000317818628357224,0.199401136197935,0.000239966655499302,0.00145767087815329,-3.61984910136645,-2.8363405716136
YEL022W,0.314544200897217,-0.506256222724915,0.041500443426296,0.0591201501625458,0.242269322276115,0.375098794698715,-0.615701575584731,-0.425854331361242
YEL021W,0.0022257287055254,-2.73845887184143,0.00140827015161283,0.286795866675333,0.000425766834814567,0.00571385994553565,-3.370829186184,-2.24307062339624
YEL020C,0.072993166744709,-1.14144623279572,0.0106309449831979,0.0645811838931878,0.054203370337685,0.092039498500526,-1.26597381455256,-1.03602575669836
YEL019C,0.0818700417876244,-1.09560585021973,0.0164259535398304,0.0874730628562958,0.0537718296051025,0.118505203537643,-1.26944525584608,-0.926262773050258
YEL016C,0.0547960326075554,-1.26632714271545,0.00827670198652351,0.0669340483341414,0.0399874462435643,0.0703043365851045,-1.39807633344419,-1.15301788557283
YEL015W,0.414912194013596,-0.386311292648315,0.0570854955375241,0.0615027975852865,0.314595127850771,0.50530627866586,-0.502248007691633,-0.296445305779197
YEL013W,0.817316234111786,-0.0917923375964165,0.111508532795798,0.0608474821558525,0.62236343473196,0.997267603874207,-0.205955932873218,-0.00118828873790212
YEL011W,0.0924785360693932,-1.03832280635834,0.0128727624778141,0.0621804378892971,0.0696006917705139,0.113305407389998,-1.15738645902496,-0.945749364787202
YEL007W,0.3314528465271,-0.483743697404861,0.0450752945231153,0.0607407315959811,0.251556677122911,0.404179423799117,-0.599364220389214,-0.393425810867172
YEL006W,0.0816679820418358,-1.09422564506531,0.0137318223946303,0.074435338410526,0.0573165185128649,0.108785728241007,-1.24172019725136,-0.963428084676226
YEL005C,0.0396694205701351,-1.41085159778595,0.00815835597607652,0.0906186171454338,0.0254046404734254,0.0560694763436913,-1.59508703590946,-1.25127350059782
YEL004W,0.0984073281288147,-1.01275455951691,0.0159295052719778,0.0712961755104203,0.0709108678003152,0.129902489483356,-1.14928729751563,-0.886382546804819
YEL002C,1.84572184085846,0.261832416057587,0.256069839343494,0.0619692074747508,1.39357589681943,2.26570961674054,0.144130620400718,0.355204236311935
YER001W,0.39570951461792,-0.406701475381851,0.0531486753868881,0.0601523508783729,0.302656023204327,0.476901839673519,-0.519050689586986,-0.321571063776208
YER002W,1.59422278404236,0.194226041436195,0.316114986251273,0.0848683724451028,1.06771386265755,2.30216393669446,0.028454761339159,0.362136110407813
YER003C,3.13861203193665,0.492380559444427,0.438163730688889,0.0620166483744433,2.37371353507042,3.88833912611008,0.375428276957104,0.589764132595524
YER004W,1.28535127639771,0.100959077477455,0.248371055102781,0.0839189396484958,0.859756411115329,1.82507987717787,-0.0656245789005075,0.261281780532223
YER005W,0.108172103762627,-0.970264673233032,0.0150827427989293,0.0622948786060681,0.0816118478775024,0.132644860570629,-1.08824679348156,-0.877309575902062
YER006W,1.36763787269592,0.13170699775219,0.187970019357633,0.0614922289182397,1.03520638048649,1.66871167023977,0.015026938640451,0.222381303031745
YER008C,0.158068314194679,-0.805184900760651,0.021132637863178,0.0597505812317418,0.121544868002335,0.189697024971247,-0.915263378882363,-0.721939483809859
YER010C,0.341314554214478,-0.475487262010574,0.067665722472395,0.0873128656742846,0.223148347437382,0.482258758445581,-0.651406367318974,-0.316719901859247
YER014W,0.161785215139389,-0.795536577701569,0.0227938986166091,0.0629945944054553,0.121455028653145,0.198982212195794,-0.915584499211253,-0.70118574518887
YER016W,0.304315507411957,-0.521527528762817,0.0449188661604269,0.0654175519364485,0.225144726534685,0.385320344567299,-0.647538239691524,-0.414178063252496
YER017C,0.207550629973412,-0.686994731426239,0.028065987481316,0.060399830598941,0.158610039204359,0.251563137769699,-0.79966936779965,-0.599352996992867
YER020W,0.213027849793434,-0.676074147224426,0.0302123570682687,0.0631745563393757,0.159118112549186,0.26486883337299,-0.798280383167428,-0.576969161342705
YER021W,1.23373126983643,0.0871129110455513,0.166871250151532,0.0602855426205215,0.944376239180565,1.50722363988558,-0.0248550202910272,0.178177697019376
YER022W,0.168138593435287,-0.778402268886566,0.0226062873757529,0.0600410005341049,0.128347553436955,0.203859646370014,-0.891612410387785,-0.690668733591527
YER023W,4.39513874053955,0.637580811977386,0.684354369841082,0.0689738787186092,3.19206486940384,5.69075678984324,0.504071708256258,0.755169963625596
YER025W,3.40044617652893,0.527284801006317,0.467481868718691,0.0613431787541979,2.58184824983279,4.14898681640625,0.411930710713192,0.617942054840756
YER027C,0.718836426734924,-0.147868126630783,0.101821335754252,0.0630675563666036,0.540409997602304,0.894517311453819,-0.26727665251159,-0.0484112504849896
YER028C,0.0782469287514687,-1.11194539070129,0.0122524311297617,0.0689886691656709,0.0567162670195103,0.101702380614976,-1.24629236150234,-0.992668881459798
YER037W,0.19433119893074,-0.717217206954956,0.031490161185986,0.0710487004222394,0.140762235845129,0.25666516845425,-0.851513847835721,-0.590633064797415
YER038C,0.029230572283268,-1.54023516178131,0.00486688605575706,0.0729525561507632,0.0209223594826957,0.0388830230260889,-1.67938935764479,-1.41023997845687
YER039C,0.00326237478293478,-2.58261823654175,0.00221257261108651,0.301620921469794,0.000598481174286765,0.00900111726174751,-3.22294953057209,-2.0457040082368
YER040W,0.0966165587306023,-1.0191388130188,0.0131884015332573,0.0608920020727662,0.0734993458415071,0.117570869624615,-1.13371652651335,-0.929700269488084
YER043C,10.7087268829346,1.02532505989075,1.50500590757307,0.0624171374549897,8.06935145060221,13.385039861997,0.906838629637485,1.12661966544215
YER044C-A,0.0018819795222953,-2.76697373390198,0.000823699167802481,0.193981960095704,0.000682985744303248,0.00386019219877198,-3.16558837027109,-2.41339107130924
YER045C,0.0417385064065456,-1.38487386703491,0.00651377933181576,0.0690721409744094,0.0303959633999815,0.0536220166211327,-1.51718409002019,-1.27065685806642
YER047C,0.0859476774930954,-1.06989204883575,0.0116298683732821,0.0604743061174496,0.065462589263916,0.104401915272077,-1.18400682089187,-0.98129154020931
YER049W,0.874385058879852,-0.0625073984265327,0.119349289130026,0.0611185762629666,0.664819478988647,1.05785911679268,-0.177296264354286,0.0244278332223858
YER051W,0.0457352213561535,-1.34479689598083,0.00689150479563513,0.0666750907542609,0.0335989021075269,0.0585297748136024,-1.47367492295722,-1.23262315037876
YER052C,0.952753305435181,-0.0252093002200127,0.130109331322694,0.0608843504374799,0.723047375679016,1.16329524219036,-0.140833245828708,0.0656899516561786
YER053C,0.138687878847122,-0.864127457141876,0.0232360897961011,0.0735937834697088,0.0980239819735289,0.185490101079146,-1.00866767084,-0.731679269156117
YER055C,3.05183839797974,0.479754894971848,0.445542025391715,0.0653069718944007,2.23875724474589,3.82156348228455,0.350007004182714,0.582241078307198
YER059W,0.194755494594574,-0.715232372283936,0.0282899718706015,0.0646221156283644,0.144302620490392,0.243266935025652,-0.840725785901407,-0.613916932661527
YER061C,0.133894219994545,-0.877872049808502,0.019244149203905,0.0640374964964335,0.0993958142896493,0.167116104935606,-1.00263193822377,-0.776981695320339
YER062C,1.58731484413147,0.193436235189438,0.288853789064583,0.0795889134732976,1.0932015389204,2.17582801779111,0.0387002030916846,0.337624564692375
YER064C,0.869089245796204,-0.0652440935373306,0.120144937767772,0.0618048751314903,0.654647409419219,1.06574088335037,-0.183992546721652,0.0276516225585385
YER065C,0.00666498392820358,-2.18632578849792,0.00144127105430836,0.0942253637602109,0.00421349382571255,0.0097886000527069,-2.37535763953853,-2.00927941634336
YER068W,0.487485736608505,-0.316281646490097,0.0669218202604524,0.0613060642004965,0.371251260240873,0.595467681189378,-0.430332065393416,-0.22514181643844
YER073W,0.947499990463257,-0.0275827702134848,0.128633065175661,0.060759639686028,0.71940295646588,1.14741206169128,-0.143027782260792,0.059719410910231
YER076C,0.0540226735174656,-1.27461445331573,0.00980082961283763,0.0794077029451832,0.0367075157972674,0.0741215982163946,-1.43524501068775,-1.13005524737191
YER080W,0.717323243618011,-0.148389264941216,0.0967078408758507,0.0603164163118469,0.547011974453926,0.865428211291631,-0.262003168460465,-0.0627689521207395
YER082C,0.455187410116196,-0.345902651548386,0.0613243366851197,0.060222852748405,0.346605722854535,0.553228570024172,-0.46016427195925,-0.25709541736086
YER087W,0.133827105164528,-0.877792775630951,0.018594803547363,0.0619461941149352,0.101127632024388,0.164790481701493,-0.995130180309588,-0.783067877336741
YER088C,0.353188514709473,-0.456132620573044,0.0478327529295143,0.0605774214045458,0.268988738705715,0.428546857088804,-0.570265908258174,-0.368001685928604
YER089C,0.707799971103668,-0.154336467385292,0.0972041632942212,0.0613406698492816,0.532609135409196,0.864612934490045,-0.273591398234777,-0.0631782722265499
YER090W,1.67758965492249,0.220473408699036,0.229580841796623,0.0610773894106391,1.27116286555926,2.04388298193614,0.104201179772192,0.310456023851156
YER091C,5.90153694152832,0.766984105110168,0.783339338753047,0.0594223169590706,4.54279494285583,7.08926959037781,0.65732313362834,0.850601491911422
YER095W,0.402860820293427,-0.399495005607605,0.0581340459064242,0.0640551206653426,0.302050320059061,0.503917624056339,-0.519920701271606,-0.297640452328063
YER096W,0.00860142335295677,-2.07509994506836,0.00180439887227377,0.0923033903162369,0.00545715124656757,0.0123220251795525,-2.26303400956424,-1.90931792280733
YER098W,0.0274486932903528,-1.56651222705841,0.00412663968142358,0.0666193068686038,0.0200859960789482,0.0348619073318938,-1.69710662645739,-1.45764888511218
YER099C,0.606058180332184,-0.222817897796631,0.0941697597927529,0.0684705341370867,0.439753590027491,0.787645356357098,-0.356790606963736,-0.103669287130873
YER101C,0.130507364869118,-0.88925975561142,0.0193604766942679,0.0656629858320154,0.0968444358557463,0.165951363618175,-1.01392532842306,-0.780019182351557
YER103W,0.163695797324181,-0.790243625640869,0.0225303538681757,0.0616188671598473,0.12378367750595,0.199392126003901,-0.907336652217422,-0.700291998484978
YER106W,0.00327731319703162,-2.53615474700928,0.00160006905840161,0.218497215398377,0.000967801318620332,0.00721347263703744,-3.01421426073124,-2.14185561128624
YER107C,0.453151315450668,-0.348664432764053,0.06714847146389,0.0658566825798278,0.33408894961079,0.572866100072861,-0.476137889447321,-0.241946877518826
YER110C,3.50051045417786,0.540187656879425,0.462079056997207,0.0591727537556286,2.69653812448184,4.17826425234477,0.430806545518222,0.620995903260092
YER111C,0.127365976572037,-0.89904248714447,0.0171536845495121,0.0602691031508843,0.0971788401405017,0.153715595602989,-1.01242829203103,-0.813282067824143
YER116C,0.118141390383244,-0.934730648994446,0.0213192410336982,0.0791296143888748,0.081092642309765,0.161684957146645,-1.09101856871351,-0.791330384126646
YER118C,0.474604874849319,-0.328400254249573,0.0690999312717735,0.064639764100221,0.35196661328276,0.597896949450175,-0.453498530712549,-0.223373663595939
YER119C,0.233224347233772,-0.636761724948883,0.0331970272355268,0.063318665063549,0.174007415771484,0.291562227656444,-0.759432242751848,-0.535268740241788
YER122C,1.41979074478149,0.147887334227562,0.19698200042908,0.0620048586737942,1.07427872618039,1.73518732388814,0.0311169673261593,0.239346364737731
YER124C,1.15682983398438,0.059082105755806,0.157712487595854,0.0609094928300933,0.87882088770469,1.41220081448555,-0.0560996293766479,0.149896441946998
YER126C,1.41848623752594,0.145654872059822,0.238631140109378,0.0735184957114043,0.994594264527162,1.89405087033907,-0.00235405054375669,0.277391472625054
YER127W,0.474588721990585,-0.328453689813614,0.0693694591081527,0.0649152107754705,0.349357289324204,0.596522782246272,-0.456730197318132,-0.224372969520167
YER129W,0.0584001019597054,-1.23779618740082,0.00798153458136603,0.06109376001236,0.0444247615213196,0.0707579031586647,-1.35237489767075,-1.15022504546433
YER130C,0.201421588659286,-0.700557172298431,0.0290741751197196,0.0641988702793024,0.149909877280394,0.251834130038818,-0.824169752973429,-0.598885413325984
YER132C,0.0429253131151199,-1.37141966819763,0.00581081735608518,0.06051936216681,0.0328130799345672,0.0520527066662907,-1.4839530050616,-1.28355669115794
YER133W,2.3308789730072,0.362450003623962,0.351417511606471,0.0669116464703134,1.69412231445312,2.97802688876788,0.228944762886289,0.473928591819196
YER136W,1.59708607196808,0.198974281549454,0.222531367298294,0.0620486382344614,1.20058587193489,1.97793780863285,0.0793932270197683,0.296212622313507
YER139C,0.288536608219147,-0.550057351589203,0.0627240657233468,0.0948804706176113,0.181609975298246,0.427670836448669,-0.740860337701201,-0.368890363961679
YER141W,0.50513619184494,-0.30077987909317,0.0689341056457992,0.0608914877875932,0.382014036178589,0.614905514319738,-0.417920679698452,-0.211191628183705
YER142C,0.152040153741837,-0.824329018592834,0.0257450433827042,0.0742542345147204,0.108028492393593,0.203543474525213,-0.966461687187285,-0.691342914798229
YER143W,0.423036962747574,-0.37819904088974,0.0605108438462679,0.0635931228623175,0.316144376993179,0.527718883752823,-0.500114538230175,-0.277597365642121
YER148W,1.37692141532898,0.131382539868355,0.256495173561315,0.0811116466545816,0.942192033926646,1.92872876326243,-0.0258605719787427,0.285271156796856
YER149C,0.154320403933525,-0.816447973251343,0.0228371610968643,0.06553128880139,0.115075291134417,0.194627210497856,-0.939017917801074,-0.710796441853139
YER151C,0.452221393585205,-0.348709523677826,0.060696472815452,0.0599809470323768,0.347177293151617,0.547994533181191,-0.459448692509347,-0.261223774051024
YER154W,0.290663450956345,-0.541302919387817,0.042087334859026,0.0644310133025029,0.214924971883496,0.364569424837828,-0.667713132792665,-0.438219757083188
YER155C,0.276832938194275,-0.561682939529419,0.0363193125700998,0.0588541107455272,0.213415122032166,0.327817317595084,-0.670774811001178,-0.484368109270111
YER156C,1.22553241252899,0.0835180804133415,0.179825760681562,0.0651513377803315,0.909340143203735,1.55060350894928,-0.0412737137154449,0.190500762424399
YER157W,0.141922637820244,-0.852196097373962,0.019487106834321,0.0613783609354746,0.107827511864404,0.172665665671229,-0.967270424142761,-0.762794012713674
YER158C,0.0362443886697292,-1.44601690769196,0.00557537646213582,0.068087678209684,0.0264769985495756,0.0463889092206955,-1.57713126034698,-1.33358583927263
YER162C,0.0580081604421139,-1.24101543426514,0.00822372556849718,0.063106234211413,0.0438431856843332,0.0718107787892222,-1.35809789989408,-1.14381036331698
YER163C,0.297332942485809,-0.536328256130219,0.0625938627132043,0.0915090838324213,0.192097839837273,0.434484601020813,-0.716477518875801,-0.362025611183551
YER164W,0.347999840974808,-0.462367683649063,0.0459392599414218,0.0592029355121106,0.267416633417209,0.414237169921398,-0.572811604706191,-0.382750934069436
YER165W,8.79277324676514,0.940027415752411,1.18420042095,0.0603177673505459,6.70955689748128,10.6125580151876,0.826693839898526,1.0258200773441
YER166W,0.236040666699409,-0.630895555019379,0.0308970829845227,0.058707978246352,0.182969556748867,0.280435651540756,-0.737621165901878,-0.55216677571539
YER167W,0.108359985053539,-0.969316005706787,0.0147734291364037,0.0608899276989339,0.0825409889221191,0.131903936341405,-1.08333033215297,-0.879742244233092
YER168C,0.326675117015839,-0.490048676729202,0.0444248893092805,0.060755048782416,0.247875480353832,0.398400515317917,-0.605766432749535,-0.399680108502398
YER169W,0.0834024548530579,-1.08314847946167,0.0115548483638773,0.0619254807945176,0.0627180558318893,0.102320821024477,-1.20260742872105,-0.990035987282256
YER173W,0.0228923875838518,-1.64521443843842,0.00339170633830428,0.0658513898522506,0.0168464761227369,0.0290473978345593,-1.77349092924371,-1.53689276737282
YER174C,0.345688581466675,-0.469276666641235,0.0661628554185985,0.0835250558872087,0.231392566735546,0.481106761097908,-0.635650883815748,-0.317758540888593
YER176W,0.18096399307251,-0.746418833732605,0.0240917337940196,0.059659757845214,0.138747468590736,0.216529682278633,-0.857774931715942,-0.664482561360362
YER178W,5.18674278259277,0.710416972637177,0.731931191428367,0.0629657549832092,3.89013863801956,6.3850793838501,0.589965073029632,0.805166301091013
YER179W,0.0168288666754961,-1.78552675247192,0.0038611455990307,0.101182290133941,0.0102052740054205,0.025165194645524,-1.99117538481089,-1.59919970611127
YER180C,0.00225219945423305,-2.72465038299561,0.00133575910638109,0.271852216642891,0.000479319042885133,0.00547537168410296,-3.31937533203208,-2.26158642106861
YER182W,0.326919972896576,-0.492978870868683,0.0603196626138331,0.0806130996412215,0.224713397398591,0.451154138396183,-0.648371134180146,-0.345675092225265
YER184C,0.00982872489839792,-2.0134015083313,0.00160712324577431,0.072027535911679,0.00705013333742196,0.0129390733937422,-2.15180269485182,-1.8880968324712
YER185W,0.00504438951611519,-2.32302141189575,0.00174261501339293,0.151517153868033,0.00233423539903015,0.00910189260418216,-2.63185535127773,-2.04086833979221
YER186C,0.00460749166086316,-2.36199641227722,0.00158295429668108,0.150336007938766,0.00217401084373705,0.00818050290302684,-2.66273844203577,-2.08722000656805
YFL055W,0.00609503081068397,-2.22468781471252,0.00128297027241573,0.0921270540045974,0.00392788825556636,0.00878227816428989,-2.40584087756603,-2.05639281748327
YFL054C,0.0220782458782196,-1.66151058673859,0.00346790470426681,0.0694484871773702,0.016065935868149,0.028575076131771,-1.79409397198633,-1.54401260610998
YFL053W,0.00226051989011467,-2.66448450088501,0.000661533325312689,0.129138578224463,0.00114801386371255,0.00375511270637313,-2.94005286725381,-2.42537712327898
YFL052W,0.00673491647467017,-2.18210101127625,0.00146592135950943,0.0960385371356504,0.00417344141363477,0.00993192626629024,-2.37950593419717,-2.00296653155536
YFL049W,0.14929772913456,-0.83017373085022,0.0204432463087933,0.0611973457698707,0.113127374214431,0.182163935899734,-0.946432295305991,-0.739537598851265
YFL047W,0.187296137213707,-0.731647670269012,0.0254714943425276,0.0608616766782077,0.142498476058245,0.227023482322693,-0.846189807713102,-0.643929218949086
YFL044C,0.433874607086182,-0.368093639612198,0.0679343189801587,0.0694072484282105,0.312776089211305,0.559754054745038,-0.504766454864629,-0.252002751994294
YFL042C,0.149220332503319,-0.830448150634766,0.0205660656822024,0.0615252880544732,0.112831514018277,0.183127522468567,-0.947569584519228,-0.737246380122241
YFL040W,0.000870928284712136,-3.10746479034424,0.000401921858614735,0.210445138489008,0.000270739430561662,0.00180184515193105,-3.56744848886089,-2.7442825344177
YFL039C,16.5823822021484,1.21504509449005,2.37429036028996,0.0638395129915721,12.3073110103607,20.7018117586772,1.09016314059288,1.31600835507256
YFL036W,0.173773467540741,-0.764032304286957,0.0231847433349116,0.0596573752350342,0.133945459251602,0.209948411956429,-0.873072006072356,-0.677887412426995
YFL034C-B,0.283108711242676,-0.554010510444641,0.0464843500562008,0.072471756397361,0.198943072805802,0.373024848848581,-0.701271179847553,-0.428262259617881
YFL034W,0.0979730263352394,-1.01305150985718,0.0132933683409942,0.0607165777090983,0.0745970195780198,0.118475452313821,-1.12727854339308,-0.926371625099394
YFL031W,0.108120933175087,-0.977423131465912,0.0247465148007793,0.0996788194219284,0.066210041133066,0.162346297378341,-1.17907797534455,-0.789557617822125
YFL030W,0.0108832661062479,-1.97438788414001,0.00245018169810445,0.0992570095562726,0.0066217104671523,0.0161143416073173,-2.17902981327729,-1.79278752937022
YFL029C,0.156596511602402,-0.810201108455658,0.0234582146358794,0.0662720038539878,0.114933538126449,0.200403149674336,-0.939553227921954,-0.698095457249318
YFL028C,0.357303023338318,-0.452823102474213,0.0581951311081481,0.0718005136474816,0.255656417459249,0.472115053484837,-0.592343310898166,-0.325952154009983
YFL027C,0.0637864172458649,-1.20032227039337,0.00957650972628041,0.0668814082395405,0.0465665857618054,0.0806410152465105,-1.33192560391141,-1.09344401332857
YFL026W,2.23316311836243,0.344497859477997,0.313538708572543,0.0625356594818186,1.68104136884212,2.76494710842768,0.225578398555794,0.441686820559193
YFL025C,0.0845655128359795,-1.07701587677002,0.0115565647678326,0.0610241861021535,0.0645732062558333,0.102480180871983,-1.1899476718349,-0.989360122496211
YFL024C,0.0932003557682037,-1.03480112552643,0.0127533990244679,0.0611644862390902,0.0708258285497626,0.113775988606115,-1.14980835025118,-0.943949384026899
YFL023W,0.257562249898911,-0.593222260475159,0.0347260321366368,0.0603257552309846,0.197101200123628,0.31097623705864,-0.705310734959533,-0.507272795888266
YFL022C,3.01692581176758,0.475387364625931,0.411152655695749,0.060829906585863,2.29770504633586,3.68544604182243,0.361294191171267,0.566490057103221
YFL018C,2.37307167053223,0.371041685342789,0.327461457314091,0.0614282139810386,1.80953407287598,2.90869587461154,0.257566765130154,0.46369829462899
YFL016C,0.337688684463501,-0.475904822349548,0.0473565288528254,0.0625696985712605,0.253679803262154,0.41638772363464,-0.595714112945261,-0.380502086998084
YFL013C,0.212863847613335,-0.676201462745667,0.0294230396935528,0.0617173786252409,0.161799490451813,0.260619404663642,-0.791022850426555,-0.58399325576429
YFL011W,0.0015451090876013,-2.84164500236511,0.000575675396904436,0.166609968038228,0.000637962616747245,0.00290382076830913,-3.19520477537451,-2.53703027230398
YFL008W,0.23720495402813,-0.628832042217255,0.0313613331451384,0.0592518545052422,0.182303612555067,0.283203520129124,-0.739204764989578,-0.547901354006542
YFL007W,0.241007745265961,-0.621848702430725,0.0315541593731042,0.0586637595274668,0.186316434914867,0.286084920167923,-0.729748847529687,-0.543505033702814
YFL004W,1.51198589801788,0.175548657774925,0.201020924868586,0.0595696011485167,1.16002023220062,1.81386268138885,0.0644655638119221,0.258604405672022
YFL002C,0.255253463983536,-0.597222328186035,0.0348320606829844,0.0609744303927438,0.19336723908782,0.310749251147111,-0.713617112744673,-0.507589911068807
YFR002W,0.40315306186676,-0.398563891649246,0.0539218079361489,0.0597867648597759,0.309910036126773,0.485128931204478,-0.508764384797656,-0.314142824968501
YFR005C,0.153300732374191,-0.819162428379059,0.0222227080833708,0.0645091037699545,0.11392698828131,0.19161383981506,-0.943373440976928,-0.717573139986593
YFR007W,0.12374222278595,-0.912759482860565,0.0190794325142962,0.0681994884434725,0.0902143428723017,0.159550220022599,-1.04472441217303,-0.797102631173229
YFR009W,1.24955785274506,0.0927094593644142,0.167220444864756,0.0599127720467404,0.960855287313461,1.50488376319408,-0.017342015922045,0.17750295409964
YFR013W,0.154194578528404,-0.816067218780518,0.0208794331651382,0.0605378355692521,0.117208559811115,0.186881746972601,-0.931040673035388,-0.728433115585278
YFR014C,0.215019166469574,-0.672216773033142,0.0311144285280854,0.0644234386627189,0.160353615880013,0.267843582232793,-0.794921242539213,-0.572118761160302
YFR015C,0.113846361637115,-0.947999715805054,0.0157936510627564,0.0618192358710213,0.0864927642047405,0.139969216038783,-1.06302022470285,-0.853967470102843
YFR016C,0.297503679990768,-0.530424296855927,0.0391504787083446,0.0589348421631457,0.229495100304484,0.353986650705338,-0.639226582877938,-0.451013115472302
YFR018C,0.201203912496567,-0.701395094394684,0.0302138665355035,0.0666675720147161,0.147195916995406,0.256247181942066,-0.83210424293011,-0.591340902454849
YFR020W,0.0210203360766172,-1.70683944225311,0.00785490491449188,0.161488637208171,0.00934290015138686,0.0398126449435949,-2.02951831490637,-1.39997897493583
YFR021W,0.208244800567627,-0.68585616350174,0.0292691974236484,0.0626174783789148,0.156564310689767,0.257930478950341,-0.805307231891831,-0.588497337710004
YFR022W,0.0156903099268675,-1.81008911132812,0.00251414443478412,0.0710814568874304,0.0111532057790707,0.0205018352717161,-1.95260029281616,-1.6882072602758
YFR024C-A,1.43985033035278,0.154070496559143,0.197781888135922,0.0613407856179543,1.08871781826019,1.76011490821838,0.0369153307632927,0.245541021436965
YFR025C,0.253037869930267,-0.601864755153656,0.0382102045518489,0.0666606392159725,0.186682384336988,0.325472086419662,-0.728896662392021,-0.487486257130861
YFR027W,0.110586330294609,-0.962819516658783,0.0191118228925792,0.075565772484049,0.0774642851824562,0.149029710267981,-1.11089854063616,-0.82672718149391
YFR028C,0.31736946105957,-0.502681374549866,0.0435595735772924,0.0613525985674981,0.240034000823895,0.387017011642456,-0.619727236112347,-0.412269944800028
YFR029W,0.0521775633096695,-1.28717935085297,0.00751934746031516,0.0642382768890203,0.0387544552795589,0.0649676769971848,-1.41167837140237,-1.18730266171455
YFR030W,0.185278460383415,-0.736210346221924,0.0247714562538106,0.0597991437198768,0.142224575951695,0.222926945487658,-0.847025353879097,-0.65183743460696
YFR034C,0.388146251440048,-0.4161576628685,0.0589776713464998,0.0674602264263005,0.282608420650164,0.499236762523651,-0.548814930478317,-0.301693441808587
YFR037C,0.969927132129669,-0.0174331311136484,0.132108004961631,0.0607911420154407,0.738036256531874,1.18187864820162,-0.131922309747519,0.0725728857359693
YFR038W,0.110903687775135,-0.959258496761322,0.0151433997253624,0.0610516201702181,0.0840380458161235,0.134601716448863,-1.07552405955592,-0.870949405870088
YFR039C,0.189346820116043,-0.727187693119049,0.0266538769799394,0.0627068249064523,0.142746313537161,0.233917996287346,-0.845435133738476,-0.630936364819173
YFR041C,0.379410803318024,-0.426228165626526,0.0587661234246995,0.0686219248388827,0.275044714659452,0.491115535795689,-0.560596699526134,-0.308816328585654
YFR043C,0.133268341422081,-0.886959850788116,0.0311643200756339,0.100986354987607,0.0822088959316413,0.202910602092743,-1.08508148864235,-0.692695260457626
YFR044C,2.88008213043213,0.45530167222023,0.388102992104946,0.060340143870382,2.1870362897714,3.48841333389282,0.339855988944339,0.542627937841275
YFR046C,0.0537140257656574,-1.27594721317291,0.008839729006574,0.0730395533977418,0.0377026157143215,0.0705426914617419,-1.42362852618013,-1.15154817342742
YFR047C,0.879380345344543,-0.0613432936370373,0.138913863555919,0.0697012765966829,0.631205193201701,1.14769619802634,-0.199829441758691,0.0598269117158551
YFR048W,0.0992322340607643,-1.00746762752533,0.0134138658820677,0.0604347567598947,0.0757233797262112,0.120601133815944,-1.12077001164595,-0.918648609234758
YFR051C,0.961797833442688,-0.0211006123572588,0.131035024984319,0.0608940132875711,0.72701751490434,1.17108918428421,-0.13845512816432,0.0685899697696825
YFR053C,3.458176612854,0.534611642360687,0.474089443670761,0.0612514060026938,2.61927849650383,4.20147653420766,0.418181626836233,0.623401942276732
YFR055W,0.681998550891876,-0.170913949608803,0.0988794255830561,0.0644151655314372,0.506659300625324,0.857168753941854,-0.295283980818925,-0.0669336695409157
YGL257C,0.10661006718874,-0.976578891277313,0.0149031727463073,0.0621664939199682,0.0803526863455772,0.131875813007355,-1.09499959935417,-0.879834849947657
YGL256W,0.091784656047821,-1.0425238609314,0.0141309635579329,0.0684122766429594,0.0660527606805166,0.117116530922552,-1.18010907156802,-0.931381808407161
YGL255W,0.056793786585331,-1.25141406059265,0.00909691729544975,0.0710761372002519,0.0405094789341092,0.0739098522191246,-1.39244339720818,-1.13129766608708
YGL254W,0.142377495765686,-0.852408230304718,0.0230942679820249,0.0718780544139936,0.101020247365038,0.18684374379615,-0.995591626925256,-0.728521471602117
YGL252C,0.357277184724808,-0.45126411318779,0.0492488852086708,0.0614553350876353,0.272297441959381,0.439600577950478,-0.564956438528355,-0.356941748858488
YGL250W,0.114671267569065,-0.950088977813721,0.0243764623541829,0.0908984289263568,0.0745096900810798,0.171330911293626,-1.12778747838753,-0.766164284600556
YGL248W,0.150263667106628,-0.828160226345062,0.0225826585587997,0.0664552199497433,0.111220858991146,0.192084382598599,-0.953813780624981,-0.716507943975979
YGL246C,0.26325199007988,-0.584497213363647,0.0388591749711865,0.0656005706048855,0.193740159397324,0.332769846916199,-0.712780348845084,-0.477856033617791
YGL245W,6.33621788024902,0.797807157039642,0.845538328117535,0.0597282313724332,4.87581498622894,7.60557797749837,0.688047217613931,0.881132221004473
YGL241W,0.17073005437851,-0.771715700626373,0.022797523235948,0.0597548382349694,0.131031855940819,0.205241839339336,-0.88262310756989,-0.687734105491754
YGL240W,0.054214458912611,-1.27848482131958,0.0132901693163312,0.10445712740241,0.0328749575962623,0.0842518731951714,-1.48313479886456,-1.07442043456009
YGL238W,0.572165012359619,-0.246481567621231,0.0762052585122456,0.0595616701767287,0.439066421737274,0.690704026818275,-0.357469782122481,-0.160708031119868
YGL237C,0.185717269778252,-0.738072097301483,0.0331471809846505,0.0777997997176245,0.129109531641006,0.254902072499195,-0.889041694323154,-0.593626823075137
YGL234W,3.12030267715454,0.490188121795654,0.415727452865862,0.0596070645260784,2.40415445566177,3.75062789519628,0.380962364674292,0.57410397870563
YGL233W,0.166850849986076,-0.781785428524017,0.0225502201429616,0.0603636557459361,0.127810850242774,0.201803903281689,-0.893432276089337,-0.695070460242641
YGL232W,0.7531378865242,-0.128701731562614,0.120104440152248,0.0699216423084074,0.547142890095711,0.995742638409137,-0.261899254928647,-0.00185290756149762
YGL229C,0.0293437074869871,-1.53729128837585,0.0042879099905488,0.06525168474761,0.0214489144273102,0.0366194593720138,-1.66859469382489,-1.43628807575056
YGL228W,0.843078196048737,-0.0783547461032867,0.115138260310937,0.0612404783940856,0.636509239673615,1.02311074733734,-0.196195287673891,0.00992264676617238
YGL225W,2.22910928726196,0.343348413705826,0.325916212928383,0.0650233311286174,1.646360039711,2.80679579774539,0.216524816393321,0.448210798452236
YGL224C,0.21439853310585,-0.675138235092163,0.0363734662861843,0.0748399754599778,0.149646728734175,0.285868756224712,-0.824932773856827,-0.543833307902652
YGL223C,0.184620201587677,-0.738397777080536,0.0266851878814572,0.0643188493938232,0.136247033625841,0.231911450624466,-0.865673714382183,-0.634677807548954
YGL216W,0.110523849725723,-0.960740923881531,0.0150719181369913,0.0609901319375816,0.0835936516523361,0.134615093221267,-1.07782670290843,-0.870906361089259
YGL215W,0.19990836083889,-0.703826129436493,0.0288477970344553,0.0641578064231287,0.149300320694844,0.250334114581346,-0.82593926020068,-0.601479964902015
YGL213C,0.46029007434845,-0.341463327407837,0.06520253935084,0.0630441056024989,0.345649302005768,0.57182872792085,-0.461364315782414,-0.242734030050763
YGL209W,0.28601136803627,-0.548402190208435,0.0418880732767415,0.0649888754286296,0.211531756942471,0.361904889345169,-0.674624471386429,-0.441405549521579
YGL208W,0.120463661849499,-0.924132227897644,0.0180270468634712,0.0663616612745413,0.0883807997529705,0.15365324045221,-1.05364209256461,-0.813458280091851
YGL207W,1.32858991622925,0.119416333734989,0.176158473780213,0.0593728423510825,1.02495189408461,1.58935213088989,0.01070347640203,0.201220128522675
YGL206C,2.61679458618164,0.41385293006897,0.344310325496591,0.0589373961998419,2.0238676071167,3.11471104621887,0.306182099383551,0.493417763080764
YGL205W,0.00165679154451936,-2.7999153137207,0.000491119067097544,0.130770838378879,0.000860428216886551,0.0027663963031955,-3.06528540412107,-2.55808580449798
YGL203C,0.496049165725708,-0.30857127904892,0.0668602145363611,0.0602437070224028,0.379859085629384,0.6008726293842,-0.420377482250748,-0.221217580630751
YGL202W,3.13235950469971,0.491580963134766,0.432771538954853,0.0616303812485042,2.37006265322367,3.83692748347918,0.374759813731626,0.583983581149791
YGL196W,0.282513350248337,-0.553651928901672,0.0408409933811382,0.0644464200318092,0.208670267338554,0.353106267253558,-0.68053946728469,-0.452094574657511
YGL195W,1.33629024028778,0.122045375406742,0.174321652715466,0.0585160296289896,1.03465898533662,1.57853960792224,0.0147972336173495,0.19825548340933
YGL194C,0.190559089183807,-0.72465592622757,0.0275837475273494,0.0643380430938951,0.142268402501941,0.23845891803503,-0.84689158380338,-0.622586430952833
YGL192W,0.00045299920020625,-3.42435312271118,0.00027169837013044,0.279222305053212,8.77666223459528e-05,0.00112953499289385,-4.05668112370427,-2.94710031049244
YGL190C,0.319300204515457,-0.500150203704834,0.044320654650732,0.0621132620009017,0.240058145299554,0.390429935107628,-0.619683561051409,-0.408456899350959
YGL186C,0.443314105272293,-0.357451945543289,0.0602616177667657,0.0607423185150843,0.336164072901011,0.53978748768568,-0.473448706676946,-0.267777191070484
YGL185C,0.13896344602108,-0.861997961997986,0.0205534373548965,0.0658378431988885,0.10211839620024,0.176044568791986,-0.990896014678588,-0.754377369192016
YGL184C,0.0699246972799301,-1.16017460823059,0.0102447564025901,0.0651939293832956,0.0515891712158918,0.0878407995526989,-1.28744145032822,-1.05630377327707
YGL181W,0.765294432640076,-0.120710328221321,0.108846751177995,0.0633666664436504,0.573989101250966,0.95031911432743,-0.241096376285947,-0.0221305614375623
YGL180W,0.0627469941973686,-1.20665192604065,0.0086141168855064,0.0613246480144443,0.0475084351375699,0.0766849919532736,-1.32322927471616,-1.11528962371795
YGL179C,0.0521887578070164,-1.28721690177917,0.00764212714123022,0.0650621632341451,0.0387404001628359,0.0656737610697746,-1.41183589877086,-1.18260811139512
YGL178W,0.125681951642036,-0.904919922351837,0.0171466988597812,0.0609588355683804,0.0955977663397789,0.153046935796738,-1.01955225497956,-0.8151753611329
YGL175C,0.0353928618133068,-1.45800697803497,0.00624756550266753,0.0782110872416806,0.0240649878978729,0.0476463730757435,-1.61861435239046,-1.32197015371655
YGL174W,0.142823413014412,-0.851889431476593,0.0248870311668652,0.0766962932041351,0.0992839692781369,0.192325401802858,-1.00312086978417,-0.715963351569642
YGL173C,1.45206654071808,0.158128991723061,0.189679178089932,0.0584899101427946,1.12603626449903,1.72547958095868,0.0515522572293386,0.236909823843234
YGL172W,0.554775953292847,-0.260240018367767,0.0771938051754715,0.0621296763229974,0.416841065883636,0.681690778831641,-0.380029502266204,-0.166412580668217
YGL171W,0.468163669109344,-0.3337761759758,0.063719606938196,0.060803760586687,0.355627864599228,0.56942880153656,-0.449004245028112,-0.244560570149972
YGL170C,0.0027778462972492,-2.5832359790802,0.000977733925082612,0.155253361057827,0.00126501343717488,0.00507825601768369,-2.89790486704827,-2.29428551267555
YGL169W,0.184379070997238,-0.739149034023285,0.0272028241906414,0.0655113145179917,0.136298841858904,0.23331779440244,-0.865507876880007,-0.632052160180894
YGL167C,0.568212926387787,-0.249491989612579,0.0756412941643631,0.0595965601206521,0.434532200048367,0.683676810065905,-0.361978037415771,-0.165149155952678
YGL164C,0.189266964793205,-0.727445185184479,0.0268795609779736,0.0632327201276542,0.141259449968735,0.235807800417145,-0.84998250938379,-0.62744183527273
YGL162W,0.093647837638855,-1.03512811660767,0.0161971542781672,0.076449188978164,0.0648997871826092,0.125702137996753,-1.18775673641257,-0.900657335738205
YGL161C,0.507019758224487,-0.300189405679703,0.077554587340211,0.0678303788552547,0.369759071618319,0.650061105688413,-0.432081163007395,-0.18704582682727
YGL160W,0.152260422706604,-0.821748733520508,0.0211444729447067,0.0619551802633419,0.115343781063954,0.187018253405889,-0.938005816288218,-0.728116012364351
YGL159W,0.199922770261765,-0.704007387161255,0.0294853436584962,0.0656337154652341,0.146574210251371,0.252442209670941,-0.833942454168056,-0.597838044907102
YGL158W,0.00163697800599039,-2.81086182594299,0.000556347238340016,0.148775324879562,0.000772354798876525,0.00294213583304857,-3.11218319536201,-2.53133728206588
YGL157W,0.777167558670044,-0.114500753581524,0.116799893706999,0.0664714885464965,0.572019521892071,0.991448497275511,-0.242589155363331,-0.00372984404029699
YGL156W,0.0553308837115765,-1.26129305362701,0.00761184987747458,0.0614332453827663,0.0419400313558678,0.0675103596722086,-1.37737128302551,-1.17062957827494
YGL155W,0.150882840156555,-0.826613664627075,0.0231450242279763,0.0681195753348189,0.110533565469086,0.193829092259208,-0.956505822312224,-0.712581048163617
YGL153W,0.227420479059219,-0.64837634563446,0.0347795554310148,0.0677537211945932,0.165947292496761,0.291263297200203,-0.780029835698705,-0.535714264506632
YGL151W,0.161990612745285,-0.794552803039551,0.0216800753831531,0.0598595818750266,0.124557530072828,0.19478103518486,-0.904630012464894,-0.710453330391264
YGL150C,0.19358991086483,-0.717028796672821,0.0254704808326459,0.0589000108846218,0.149257836366693,0.230737672622005,-0.826062858686156,-0.636881493726139
YGL148W,2.9903712272644,0.4712093770504,0.425388119692821,0.0631356548296862,2.24285197257996,3.74236957033475,0.350800611249876,0.573146672534796
YGL146C,0.0164552852511406,-1.79460728168488,0.00365570397276953,0.0983217404549425,0.0100507551416134,0.0242394815199077,-1.99780142982195,-1.61547669395672
YGL142C,0.0913866385817528,-1.0434889793396,0.0127414554840154,0.0622357148882937,0.0688186033939322,0.112072786378364,-1.16229414521932,-0.950499840831749
YGL141W,0.106886744499207,-0.975157022476196,0.0143859410922505,0.0601331356773896,0.08182136255006,0.129068703204393,-1.08713329586353,-0.889179072366627
YGL140C,0.154560655355453,-0.814842939376831,0.0204260251079366,0.0591099846342344,0.119129867417117,0.185418844471375,-0.92397934176782,-0.731846140376183
YGL139W,0.219190061092377,-0.663248360157013,0.0294200523057392,0.0600852422597132,0.168044232328733,0.264497487992048,-0.774576408760014,-0.577578448372221
YGL138C,0.00116330257151276,-3.01165962219238,0.000683118096945329,0.271255396600296,0.000248530502237069,0.00286185451744434,-3.60462064095828,-2.5433527601153
YGL137W,1.99448883533478,0.295894771814346,0.263101101263425,0.0591188150766367,1.53635623455048,2.38284299770991,0.186491926498698,0.377095425560559
YGL134W,0.0432665571570396,-1.36978340148926,0.00709267099606352,0.0722605439281392,0.0309305091698964,0.0570887622113029,-1.50961293208523,-1.24344937431844
YGL133W,0.114903561770916,-0.943747282028198,0.0154403141027174,0.0601480407191413,0.0880049868797263,0.138576448212067,-1.05549281775106,-0.858310574493458
YGL130W,0.327881544828415,-0.48901641368866,0.047805058010777,0.0645964719049362,0.244738012552261,0.411564344912767,-0.611298571066814,-0.385562264412925
YGL129C,0.239300847053528,-0.625656306743622,0.0341590342111106,0.0639202421057186,0.178085153301557,0.296731025973956,-0.749372289024146,-0.527637041852266
YGL128C,0.0823099762201309,-1.09196448326111,0.0150821899551691,0.0808815975105323,0.0556731701828539,0.113258484316369,-1.25435432352317,-0.945929282616119
YGL126W,0.168085962533951,-0.779348909854889,0.0248529713782806,0.0656459884061881,0.123851430602372,0.212047819669048,-0.907098976135969,-0.673566188837157
YGL125W,0.153306901454926,-0.818804860115051,0.021346951825996,0.0621688964677454,0.115683167241514,0.188177734489242,-0.936729829618756,-0.725431764571079
YGL122C,0.941181719303131,-0.0305816978216171,0.129389636828866,0.0613963236927268,0.712183637917042,1.15001873870691,-0.147408025828997,0.0607049164427828
YGL120C,1.04441165924072,0.0148345828056335,0.139620638127783,0.0598343504683905,0.796590506037076,1.25989491244157,-0.0987648800116539,0.100334322171619
YGL119W,0.134060859680176,-0.877207100391388,0.0190200117089302,0.0631473587705709,0.0996747940778732,0.167016052827239,-1.00141465523047,-0.777241790312674
YGL117W,0.0409133024513721,-1.39884352684021,0.00906828643294812,0.0970501928758817,0.0253966604204228,0.0602896629832684,-1.59522348467342,-1.21975732378127
YGL116W,0.186791434884071,-0.732771575450897,0.0253180328109128,0.0604596990919869,0.141878804067771,0.227597717195749,-0.848082480994484,-0.642832103482632
YGL115W,0.68347841501236,-0.170219838619232,0.101855259544911,0.0660540941269277,0.501170041163762,0.868182650705179,-0.300014898066571,-0.0613888971944338
YGL114W,0.117211073637009,-0.935379087924957,0.0162944685417853,0.0620016010921529,0.0885278880596161,0.143510092670719,-1.05291989627959,-0.843117555125894
YGL112C,0.366266369819641,-0.440538287162781,0.0507602143734403,0.0620047554101441,0.275050065418084,0.448451220989227,-0.560588247422537,-0.348284789202518
YGL111W,0.491221189498901,-0.313282191753387,0.0701707231804638,0.0634479274718172,0.36794600362579,0.613108456134796,-0.434215910437656,-0.212462706811425
YGL110C,0.161369994282722,-0.796545684337616,0.0225073035211423,0.0621593194308432,0.121593268526097,0.198198030143976,-0.915090467566797,-0.70290066622917
YGL107C,0.188143238425255,-0.729857921600342,0.0261279974907865,0.0620495388013482,0.142063827440143,0.229891300201416,-0.847516489076681,-0.6384774634676
YGL105W,6.55838441848755,0.812183678150177,0.941297247816597,0.0638450636735557,4.89223534266154,8.248970301946,0.689507320932434,0.91639971522961
YGL104C,0.060846459120512,-1.22082507610321,0.0091626523005073,0.0668536604331096,0.044488824903965,0.0774610042572021,-1.35174906524462,-1.11091687682406
YGL100W,0.637314677238464,-0.200367912650108,0.0924016479662733,0.0646728937560045,0.471812479197979,0.799828267097473,-0.326230576433887,-0.0970032514065009
YGL099W,0.716530203819275,-0.148893520236015,0.096829885314433,0.0605211722516442,0.545272409915924,0.867470848560333,-0.263386476500611,-0.0617451130783789
YGL098W,0.178209945559502,-0.757389068603516,0.0346663249660374,0.0856733298735619,0.11663781106472,0.250141593813896,-0.933160639329886,-0.601814210139562
YGL097W,1.06965517997742,0.0249642711132765,0.147510659127685,0.0615600314377591,0.809896989166737,1.31160801748435,-0.0915702206804193,0.117804061388244
YGL095C,0.194800496101379,-0.714799463748932,0.0272602878790977,0.0623240994464542,0.146209180355072,0.240594220409791,-0.835025357526055,-0.618714809563825
YGL094C,0.0851882994174957,-1.0737270116806,0.0114871505674511,0.060342798553465,0.0651108521968126,0.102775674561659,-1.18634662326528,-0.988109664453368
YGL093W,0.121192909777164,-0.920635044574738,0.0163571861235867,0.0603888722710699,0.0924655282869935,0.146621384595831,-1.03402018263284,-0.833802683619474
YGL092W,0.389120399951935,-0.413858503103256,0.0513537237885441,0.0591583822632348,0.299904465675354,0.463998895386855,-0.523017067405778,-0.333483053495515
YGL091C,0.303402274847031,-0.523364722728729,0.0473053174406109,0.0688271593465623,0.221680809557438,0.390092266350985,-0.654271924340196,-0.408832659570072
YGL085W,0.0502814836800098,-1.30882561206818,0.0109750149678948,0.0944510661690399,0.0323446112064024,0.0746104253455996,-1.49019807156096,-1.12720049785887
YGL084C,0.385057896375656,-0.418745934963226,0.0530845201238532,0.0614976147546748,0.292678519586722,0.471280026684205,-0.533609230460845,-0.326720965682015
YGL083W,0.108737379312515,-0.967871606349945,0.0149444702963207,0.0613141435734378,0.0826118630667527,0.132250631103913,-1.08295759230195,-0.878602252277075
YGL082W,0.439266979694366,-0.361931383609772,0.0633941996363171,0.0641656337646904,0.32737030784289,0.550139092405637,-0.484960760484122,-0.259527493408438
YGL081W,0.0391829758882523,-1.41543853282928,0.00776784070043909,0.086465613566613,0.02592881883805,0.0558809387187163,-1.58621728456693,-1.25273630944163
YGL078C,1.19624161720276,0.073457382619381,0.166547629692786,0.0621468356062129,0.899245474735896,1.46911127865314,-0.0461217719253693,0.16705469282528
YGL077C,0.574905693531036,-0.244654878973961,0.0789277468802131,0.0614008476887562,0.435961378365755,0.700563048819701,-0.360551983773913,-0.154552774868347
YGL075C,0.0920881554484367,-1.04094290733337,0.013906915621452,0.067612212602458,0.0666656512146195,0.116033491057654,-1.17609787802458,-0.93541664384808
YGL073W,0.138848900794983,-0.861631035804749,0.0188736803248928,0.0608524793114299,0.105527982053657,0.167971983551979,-0.97663236708761,-0.774763149246968
YGL071W,0.144214496016502,-0.845127046108246,0.0195514656291519,0.0605201412216478,0.109982375365992,0.17585856517156,-0.958676906244088,-0.754836475194159
YGL067W,0.399236470460892,-0.403373181819916,0.0571346341220507,0.0638439477407723,0.295992690821489,0.496738868206739,-0.528719043564587,-0.303871856678922
YGL065C,0.312306851148605,-0.509783685207367,0.0435334535550733,0.0621543355669002,0.236931443338593,0.383522987365723,-0.625377300498332,-0.41620860045843
YGL064C,0.0985405668616295,-1.0108950138092,0.0139975584745199,0.0631120670461754,0.0738986787075798,0.122716598212719,-1.13136341804034,-0.911096692165641
YGL063W,0.0176568459719419,-1.76154744625092,0.00348093424750272,0.0860664283779422,0.0118529358878732,0.0249879439982275,-1.92617406467661,-1.60226947818169
YGL061C,0.282429963350296,-0.556594610214233,0.052182147296208,0.0812719059949924,0.190461128950119,0.388167308767637,-0.720193645736475,-0.410981054555945
YGL060W,0.156287476420403,-0.810307741165161,0.0214196627197196,0.061239064068106,0.118579913116992,0.19060430675745,-0.925988873366399,-0.719867290591603
YGL057C,0.10835038125515,-0.971665799617767,0.0185821402266681,0.0756514881085843,0.0749672676747044,0.144547051688035,-1.12512833857592,-0.839990762947489
YGL056C,0.351574450731277,-0.458214640617371,0.0482199487316195,0.0612144012603142,0.266392290840546,0.430371609081824,-0.574478347422641,-0.366156420132086
YGL050W,0.278755605220795,-0.56079238653183,0.0460664307527842,0.0727106644307755,0.19864432066679,0.370182060947021,-0.701923851876904,-0.431584651818128
YGL049C,0.561195969581604,-0.254843950271606,0.0742432403313177,0.059260571477807,0.429542660464843,0.672373993694782,-0.366993699188894,-0.172389093527138
YGL045W,0.0409082919359207,-1.39320707321167,0.00615564348414478,0.0664627802279349,0.0303883085803439,0.0522791602648795,-1.51729347719452,-1.28167140539671
YGL044C,0.417229235172272,-0.384938567876816,0.0644690284471051,0.0684523155013901,0.302259256442388,0.534756422042847,-0.519620390478809,-0.271843991158447
YGL043W,1.14000368118286,0.0516803972423077,0.174742549102637,0.0678818714723306,0.835422857602437,1.46137970983982,-0.078093647428981,0.164763055508873
YGL039W,0.705355703830719,-0.156164661049843,0.100748356914611,0.0635884179755057,0.525310868521531,0.877733419338862,-0.279583823466508,-0.0566373791005831
YGL038C,0.276378720998764,-0.56293511390686,0.0388583421226684,0.0626914363328347,0.206145726020137,0.342065501461426,-0.685825666406923,-0.46589080729034
YGL036W,0.0942980945110321,-1.02958166599274,0.0126814715192989,0.0601853161884314,0.0719596386576692,0.114115597928564,-1.14291102654152,-0.942654989855401
YGL035C,0.296004593372345,-0.533018887042999,0.0409931010321151,0.0618426014327075,0.223607629537582,0.363617986440659,-0.650513384765832,-0.43935464245027
YGL028C,1.34678637981415,0.125084936618805,0.18443379070995,0.0610611764756836,1.02422551115354,1.65460091531277,0.0103955864977848,0.218693260238853
YGL026C,3.05186557769775,0.480518251657486,0.408293974043444,0.059919098381905,2.34409427642822,3.66900889873505,0.369975074457481,0.564548764927424
YGL025C,0.153916299343109,-0.817623198032379,0.02278467168502,0.0658821715182717,0.113117944945892,0.193972173705697,-0.94646849815487,-0.712260572372297
YGL023C,0.182750582695007,-0.742376625537872,0.0249907674449341,0.0613375003597609,0.138036284719904,0.222700640559196,-0.860006738470333,-0.652278533792525
YGL022W,0.927118360996246,-0.0370884872972965,0.126927439218627,0.0611735681869496,0.702216810981433,1.13052873710791,-0.153528802464338,0.0532816052379125
YGL020C,0.840440332889557,-0.0830347687005997,0.156703766917638,0.0812158992163544,0.568716506163279,1.17291390895844,-0.245104227071159,0.0692661363811581
YGL019W,0.749906420707703,-0.130488604307175,0.117704277228911,0.0696930887778129,0.539410173892975,0.969949413339297,-0.268080866515108,-0.0132509612504604
YGL017W,0.108679562807083,-0.968680739402771,0.0159646962837234,0.0653077277066731,0.0797560587525368,0.136373281478882,-1.09823631538241,-0.865270709173106
YGL016W,0.241194292902946,-0.621637761592865,0.0320803983373352,0.059618115787305,0.185510531067848,0.288731182118257,-0.731631431305885,-0.539506327980947
YGL014W,0.319213151931763,-0.499909043312073,0.0424014609155775,0.0594853397055182,0.244207896664739,0.383088804533084,-0.612240297790714,-0.416700539784441
YGL011C,1.84744489192963,0.259711146354675,0.328381619694918,0.0774231708843511,1.28508841991425,2.54394489725431,0.108933010126271,0.405507694011566
YGL009C,5.46390247344971,0.733483076095581,0.728907053007642,0.0597254207276161,4.18398511807124,6.56718420584996,0.621590123920545,0.81737919671627
YGL006W,0.121186904609203,-0.920584201812744,0.0162032291817443,0.0598870945685355,0.093082457780838,0.145329845572511,-1.03113215797487,-0.837645189703614
YGL005C,0.181904494762421,-0.746560335159302,0.0310710405832025,0.0749642115380393,0.128191095590591,0.24450832977891,-0.892142277079719,-0.611706382952192
YGL003C,0.0841564834117889,-1.07958376407623,0.0121221974140785,0.0643335736413117,0.0622728813439608,0.104627621360123,-1.20570104147401,-0.980353650263261
YGL001C,1.22049379348755,0.0817607492208481,0.17879397646598,0.0648821976728436,0.906490365167459,1.54064034720262,-0.0426368076871621,0.187701263840831
YGR002C,0.195794939994812,-0.712652146816254,0.0275537978564197,0.0628313097320955,0.146544847885768,0.242100132753452,-0.834029447896604,-0.616004972999022
YGR003W,0.103144235908985,-0.99080616235733,0.0141736302520007,0.0613797473954227,0.0782330046718319,0.125832549482584,-1.10660998970668,-0.900207022812803
YGR004W,0.135779649019241,-0.871724784374237,0.0194195713559057,0.0634248522895849,0.101840484142303,0.168919858833154,-0.992079629874253,-0.772319290717457
YGR006W,0.0932897925376892,-1.04105889797211,0.0210613412375588,0.0974547978609746,0.0587657179993888,0.139952049776912,-1.23087597030663,-0.85402074257086
YGR009C,0.421830087900162,-0.379125207662582,0.0579846572739328,0.0614689839541187,0.317819352696339,0.514493240912755,-0.497819661209002,-0.288620327584706
YGR010W,0.133710578083992,-0.878756463527679,0.0198276008635976,0.065967502350215,0.0987880453467369,0.168809482082724,-1.0052956075791,-0.772603230623918
YGR012W,0.330425411462784,-0.485512584447861,0.0473307394533177,0.0636393842997666,0.246799862633149,0.413371551036835,-0.607655120315505,-0.383659465994689
YGR013W,0.115818314254284,-0.940610527992249,0.0161694627352922,0.0623438512501337,0.087269655118386,0.14269821656247,-1.05913674166137,-0.845581454969223
YGR014W,0.58812141418457,-0.234470874071121,0.0775971041683027,0.0591097916258918,0.453524201363325,0.703866635759672,-0.343399535880655,-0.152509620508692
YGR017W,0.338255286216736,-0.476175844669342,0.0527941731214305,0.0691797014039347,0.24446880556643,0.438938804219166,-0.611776613612717,-0.357596024105238
YGR019W,0.581446945667267,-0.239797413349152,0.0804617925061976,0.0617663926172892,0.437986895938714,0.714697003364563,-0.358538890449692,-0.145878038837637
YGR021W,0.110844165086746,-0.961978137493134,0.0193350955510103,0.0766912840558209,0.077016670567294,0.149341956153512,-1.11341526802829,-0.825818167451182
YGR023W,0.0263371951878071,-1.58514285087585,0.00423075466227841,0.0709284453557949,0.0188772124238312,0.0343215830934544,-1.72406216110412,-1.46443270027366
YGR024C,0.279698044061661,-0.562285959720612,0.0568851319493626,0.0887824902029937,0.18343242717286,0.395318291584651,-0.736523890747112,-0.403053098964589
YGR026W,1.16935098171234,0.062339048832655,0.186262757453257,0.0702392773036512,0.838548344870408,1.52230381965637,-0.0764718982974899,0.182501337081364
YGR028W,0.205110788345337,-0.692905306816101,0.0302941526403594,0.0658245024493592,0.150079486643275,0.259425953030586,-0.823678666789723,-0.585986579831735
YGR031W,0.225301861763,-0.65230804681778,0.0339590546948464,0.066947192326504,0.164531759048502,0.286353196700414,-0.783750261455467,-0.543097982180393
YGR033C,0.277194529771805,-0.565941095352173,0.0554688716437121,0.087518244889044,0.182947532956799,0.395180523395538,-0.737673446633182,-0.403204467905975
YGR036C,0.184377506375313,-0.743385970592499,0.0381762842099154,0.0887569330422201,0.123100900091231,0.271098588158687,-0.909738772245283,-0.566872783687659
YGR040W,0.146593451499939,-0.839217662811279,0.0227717745392162,0.0684570160129764,0.107322777621448,0.189522933835785,-0.969308099652105,-0.722338230801926
YGR042W,0.08399748057127,-1.08455657958984,0.0170177377584193,0.0876831227817277,0.0561040213952462,0.120080970476071,-1.25100609313055,-0.920525811215351
YGR043C,0.0361017622053623,-1.45063877105713,0.00699838703573053,0.0845635261631976,0.02418662814113,0.050876644346863,-1.61642503878607,-1.29348160454876
YGR044C,0.511951684951782,-0.296521127223969,0.0823927305771079,0.0712056684663384,0.365776881327232,0.669632860521475,-0.436783752100391,-0.174163266286398
YGR046W,0.0965856537222862,-1.02052915096283,0.0151121248325436,0.0692895142861697,0.0698289292554061,0.125317022204399,-1.15596463618761,-0.90198993341659
YGR047C,0.120955862104893,-0.92158454656601,0.0165159352328902,0.0611514452335526,0.0916988808040818,0.146500349541505,-1.03763596858253,-0.834161344663504
YGR048W,0.382122218608856,-0.42261153459549,0.0561434344811785,0.0651833108811371,0.282378179579973,0.482297827551762,-0.549168865887027,-0.316684695482393
YGR052W,0.0227152686566114,-1.65133881568909,0.00422661657313107,0.082214123244832,0.0152447100107869,0.0314016416668892,-1.81688085017016,-1.50304764656902
YGR053C,0.0125135518610477,-1.91984355449677,0.00347700343841729,0.124346226683832,0.00664111382405584,0.0200945309208085,-2.17776133061312,-1.69692231504213
YGR054W,1.25662708282471,0.0950362086296082,0.170911957342243,0.0607861551386942,0.959113619724909,1.52698655426502,-0.0181299506771102,0.183835203714647
YGR055W,1.17619132995605,0.0663552209734917,0.158939203316955,0.0604688522395913,0.895185174544652,1.42351884444555,-0.0480871190033426,0.153363220384278
YGR056W,0.152296826243401,-0.821428894996643,0.0206096736405146,0.0603875768016821,0.116595557518303,0.184667551890016,-0.933317997610545,-0.733609415990307
YGR058W,0.143834516406059,-0.847878634929657,0.0231800241783385,0.0710891048779311,0.102962754356364,0.188820426166058,-0.987319890524673,-0.723951028203198
YGR060W,4.82917213439941,0.678649067878723,0.741922270916673,0.0678070919236003,3.53103539745013,6.22749328613281,0.54790198860247,0.79431326520774
YGR061C,2.26960730552673,0.352044701576233,0.298310436041833,0.0588728140234847,1.74647840460142,2.70549869537354,0.242163212551018,0.432247328846235
YGR062C,0.029051510617137,-1.54525816440582,0.00567892516218774,0.0862281716927501,0.0189736109226942,0.0405611257379253,-1.7218500453261,-1.39189004433137
YGR065C,0.13960012793541,-0.859389424324036,0.0192030170480221,0.0615775536392331,0.105272099375725,0.169645668193698,-0.977686716114979,-0.770457225532044
YGR066C,0.00238318392075598,-2.68382549285889,0.00126002461918297,0.237996619277673,0.000649142385130593,0.00559211244496206,-3.18766008368987,-2.2524241242277
YGR071C,0.0561914965510368,-1.25476682186127,0.00790367024280514,0.0626610454308129,0.0425097024689118,0.0691293776035309,-1.37151193479522,-1.16033735320825
YGR072W,0.204407706856728,-0.694451451301575,0.0303153778091457,0.066236088625965,0.149427029987176,0.257766366004944,-0.825570836015998,-0.588773751107513
YGR075C,0.10653305798769,-0.983256161212921,0.023943634087172,0.0966600243965833,0.067656805117925,0.160678995152314,-1.16968855179294,-0.794040899426375
YGR077C,0.06394924223423,-1.19908285140991,0.00949783207221295,0.0659245311154944,0.0471765491180122,0.0808256590738892,-1.32627391424258,-1.0924507455419
YGR083C,0.664621531963348,-0.181649163365364,0.0909503395644912,0.0611880675804361,0.504562443991502,0.807124129931132,-0.297085078401371,-0.0930596691696281
YGR086C,4.12024354934692,0.610167682170868,0.600852150571685,0.0648306281819463,3.05062193671862,5.19347710212072,0.484388385665233,0.715458212857577
YGR088W,0.0170720834285021,-1.7737033367157,0.00280198619037606,0.0727412737689737,0.0120065732936685,0.0223662662164619,-1.92058097141027,-1.65040651902796
YGR090W,0.452209234237671,-0.348621875047684,0.0598527357636003,0.0592925855752511,0.347053199758132,0.540544772644838,-0.459603947527408,-0.267168329657506
YGR092W,0.256558448076248,-0.595158517360687,0.0356160549830756,0.0620508952555511,0.19328188324968,0.313212156792482,-0.713808859304064,-0.504161390232669
YGR093W,0.178291290998459,-0.75323873758316,0.0248643149987331,0.0621597726598269,0.134102901195486,0.219900564476848,-0.872561834132099,-0.657773659111286
YGR097W,0.0964462012052536,-1.01975536346436,0.0129014584235122,0.0598640644868576,0.0737654864788055,0.116024505781631,-1.13214678909574,-0.935450273886229
YGR099W,0.0760867521166801,-1.12313735485077,0.010712176294666,0.0627470832164381,0.0574883453237514,0.0939845635245244,-1.24042021576824,-1.0269434725972
YGR100W,0.131471410393715,-0.885205447673798,0.0175746584825283,0.0598491840348057,0.100488779321313,0.15825488952299,-0.997882479226585,-0.800642862925747
YGR103W,1.34169220924377,0.12352579087019,0.181675353883325,0.0604491964873241,1.03178776303927,1.62455797890822,0.0135903635871708,0.210735215428569
YGR106C,1.92508101463318,0.278618425130844,0.313344826751712,0.0715602036122264,1.36233088771502,2.54080236355464,0.134282597804754,0.404970860304093
YGR108W,0.216611206531525,-0.66879791021347,0.0305501287433568,0.0630104816850495,0.162069066241384,0.267348788430293,-0.790299870075943,-0.572921779751128
YGR109C,0.109606444835663,-0.965266525745392,0.0166118901750273,0.0670448479942737,0.0806305066371957,0.140682756900787,-1.09350061321768,-0.851759129585494
YGR110W,0.00984479021281004,-2.01594305038452,0.00201891197248256,0.0895588805634621,0.00646872528983901,0.0141862067549179,-2.18918149152592,-1.84813374882447
YGR111W,0.376224011182785,-0.429090321063995,0.0534811523187072,0.0633874524471873,0.280833747734626,0.465555244435867,-0.551550705384356,-0.332028778039294
YGR112W,0.0917508825659752,-1.04254722595215,0.0139892058845874,0.0674169115502718,0.06710467984279,0.118080786926051,-1.17324720993193,-0.927820767799562
YGR113W,0.189552366733551,-0.727465629577637,0.0290568022324425,0.0675964286580308,0.138757534325123,0.243562813351552,-0.857743458730076,-0.613389036980552
YGR116W,0.82371574640274,-0.0881294906139374,0.108209897080729,0.058879928292243,0.636731033027172,0.97863085915645,-0.196043985439079,-0.00938109376170578
YGR117C,0.185027107596397,-0.737498164176941,0.0268952843980322,0.0646978378270595,0.137473029394945,0.231759090349078,-0.861782510319869,-0.634963222947947
YGR119C,0.588910222053528,-0.234265133738518,0.0815770711799685,0.0617983368291978,0.447490197916826,0.720543177922567,-0.349216482404497,-0.142339998726683
YGR120C,0.147815182805061,-0.838618636131287,0.0289044079966935,0.0855546573251854,0.0982588252673546,0.20944803978006,-1.00762843545862,-0.678923799529432
YGR122W,0.0873844996094704,-1.0639876127243,0.0136402564916615,0.0691666551395104,0.0629326030611992,0.112610633981725,-1.20112430429678,-0.948420618176232
YGR123C,0.732367098331451,-0.13942863047123,0.0994629906273228,0.060694368742255,0.556745899717013,0.888773814340432,-0.254342974297312,-0.0512087528894069
YGR125W,0.150965213775635,-0.825176954269409,0.0202452406306057,0.0599265158197762,0.115764509265621,0.182327916597327,-0.936424608309779,-0.739146830569408
YGR126W,0.0859884545207024,-1.07986903190613,0.0222794140293221,0.111815011128214,0.0509095407401522,0.13698482910792,-1.29320086315745,-0.863327527868412
YGR127W,0.0698263272643089,-1.16285359859467,0.0123151455867163,0.0778048093185597,0.0480851344764233,0.0945358340318004,-1.31798916505436,-1.02440358611571
YGR130C,0.740560472011566,-0.134509399533272,0.0994744228144005,0.0600610883706408,0.567703627546628,0.892892552912235,-0.24587833114651,-0.0492007992150824
YGR132C,1.31481862068176,0.113459154963493,0.205338929868794,0.0690290246773622,0.950539385775725,1.71541993021965,-0.0220298840843312,0.234370448332438
YGR135W,2.37633895874023,0.369516491889954,0.406145375791169,0.0748786077975528,1.66388882497946,3.18972171743711,0.221124303842671,0.503752786233511
YGR136W,1.12045049667358,0.0417437665164471,0.210363065073935,0.0817990621686069,0.75678962469101,1.56091181238492,-0.121024830583972,0.193378360957616
YGR140W,0.0836997330188751,-1.08151769638062,0.0114879378562874,0.0612892735479452,0.0634105580548445,0.101931662485003,-1.19783843001892,-0.991690892705767
YGR141W,0.208174511790276,-0.686069130897522,0.0294867975633867,0.0630708567188173,0.155377328395844,0.259236332774162,-0.808612350212633,-0.586304130861216
YGR144W,0.0133246490731835,-1.89126527309418,0.00360491906511728,0.11855228349363,0.00737831209941457,0.0212668609650185,-2.13204299273943,-1.67229660820631
YGR145W,0.465393394231796,-0.336279600858688,0.0627338683035448,0.0603036031004073,0.355626282840967,0.562554401159286,-0.449006152235242,-0.249835473396582
YGR147C,0.336088269948959,-0.4793341755867,0.0543801856342936,0.0713863655895677,0.240359940379858,0.441635599980752,-0.619137914148067,-0.35493593916638
YGR149W,0.0903450474143028,-1.04905128479004,0.0134239890553968,0.0662475189495653,0.0658408245071769,0.114065989851952,-1.1815047411999,-0.942843826409099
YGR150C,0.0547180473804474,-1.26629912853241,0.00767513321588567,0.0626532753870908,0.041176436158518,0.0672813042998314,-1.38535124487577,-1.1721055982292
YGR152C,0.582751393318176,-0.240738987922668,0.0980982220460653,0.0739184881162951,0.412251710891724,0.780906592309475,-0.384837533307961,-0.107400919355249
YGR154C,0.00448435824364424,-2.37481260299683,0.00158883200111844,0.152835583874054,0.00211689364126263,0.00829637323816617,-2.67430104213414,-2.08111183684503
YGR155W,5.2620906829834,0.716986119747162,0.716675833894812,0.0607784039847258,4.0074356675148,6.40666251977285,0.602866522517721,0.806631842392754
YGR156W,0.15924870967865,-0.802952170372009,0.0238801608827023,0.0666775700412284,0.116578314080834,0.202354654669762,-0.933382249129209,-0.693886801284065
YGR157W,0.738633036613464,-0.135622203350067,0.098918199766459,0.059940613803243,0.566507843633493,0.888770184914271,-0.246794074177951,-0.0512105229741331
YGR158C,0.484646379947662,-0.321707874536514,0.0875954226886326,0.0790563766319017,0.33637943516175,0.666207122306028,-0.473170563595375,-0.176390868434818
YGR161C,0.442361176013947,-0.360823690891266,0.0764720881648957,0.0762488544731783,0.305211122830709,0.591712795197963,-0.515399651870386,-0.227889062323898
YGR162W,2.29691982269287,0.357172667980194,0.304411616502175,0.0593724051021429,1.76751674214999,2.74446105957031,0.247363536182056,0.438457073072193
YGR163W,0.410840392112732,-0.391274273395538,0.0611834289094587,0.0660864760181544,0.303388927876949,0.519663190344969,-0.518000301559343,-0.284278066748991
YGR165W,0.255073398351669,-0.598250210285187,0.0378349867199532,0.0659076929913436,0.186944819490115,0.322418138384819,-0.728286569060446,-0.491580540674567
YGR166W,0.0801926478743553,-1.10046231746674,0.0114918323372983,0.0637501798246222,0.0598790869116783,0.0998472727214297,-1.22272483077793,-1.00066379385564
YGR167W,4.43374919891357,0.638495266437531,0.86994762887847,0.0849714217897061,2.94930038054784,6.29544470310211,0.469719006115401,0.799026363378126
YGR168C,0.0208634659647942,-1.68921077251434,0.00415045987099495,0.0867877401176841,0.0137833845956872,0.0297424745435516,-1.86064429717734,-1.52662293872744
YGR169C,0.0681631937623024,-1.17198514938354,0.0107654558624248,0.0698402026361551,0.0492625012993813,0.0885998241603374,-1.30748354067109,-1.05256714062568
YGR171C,0.0601740889251232,-1.22542405128479,0.0088495998406985,0.0653544819322833,0.0447913333773613,0.0758061631893118,-1.34880600900405,-1.12029550551218
YGR172C,0.546255350112915,-0.269665986299515,0.0983703539434654,0.0786477303697198,0.375374507407347,0.752503319084644,-0.425535233176263,-0.123491622803262
YGR173W,1.07049155235291,0.0248410739004612,0.156086979701065,0.0646967366034994,0.798711638152599,1.34210931559404,-0.0976100361872709,0.127787889962847
YGR175C,4.05260419845581,0.603488206863403,0.555920962194378,0.061356243518089,3.05297780036926,4.95272291898727,0.484723646351665,0.694843977708066
YGR177C,0.278816312551498,-0.559062957763672,0.0389079897536578,0.0623050813004775,0.209366864214341,0.344507765769959,-0.679092063556145,-0.462800983971826
YGR178C,0.877649784088135,-0.0607650950551033,0.11815387902634,0.0601607574130423,0.672706026335557,1.05953429043293,-0.172174682620517,0.0251150161852604
YGR179C,0.114476382732391,-0.94604766368866,0.0167089714744737,0.064887031220514,0.0844903588294983,0.144732493783037,-1.07319284544124,-0.839433954807578
YGR184C,0.25065016746521,-0.604819178581238,0.0328580618052662,0.0587274555724781,0.193646633004149,0.298273040850957,-0.712990051162234,-0.52538600043417
YGR185C,3.00042223930359,0.472784668207169,0.419565945971854,0.0623953210881837,2.25501059492429,3.70713722705841,0.353148580411965,0.569038662338675
YGR186W,0.56711220741272,-0.250364512205124,0.0757546982999916,0.0598081682757001,0.433975351105134,0.682865917682648,-0.362535031225361,-0.165664562683167
YGR189C,2.16471672058105,0.331227332353592,0.294545976184641,0.0608123527370211,1.64392984608809,2.62853739857674,0.215883275918094,0.419714160349391
YGR191W,0.769227802753448,-0.118101254105568,0.104461277641431,0.0606844515719894,0.585612201193969,0.937044322490692,-0.232389883954598,-0.0282398663610132
YGR193C,0.79243791103363,-0.1054867208004,0.11164465878262,0.0627626139538442,0.595624235769113,0.984772612651189,-0.225027645500695,-0.00666403802172874
YGR194C,0.100329056382179,-1.00311803817749,0.0142704633010703,0.0634307512618633,0.0752222902451952,0.124372762379547,-1.12365344865503,-0.905274719691982
YGR195W,0.455757617950439,-0.348694980144501,0.0839251126188827,0.0807667812527373,0.30894437606136,0.625675082206726,-0.510119887285548,-0.203651140652343
YGR198W,0.209128156304359,-0.683720529079437,0.0283054290088543,0.0605129350626547,0.160016849637032,0.253349946190913,-0.795834285130453,-0.596279198260339
YGR199W,0.231612578034401,-0.639274477958679,0.0309877943743388,0.0598231620676571,0.177784324064851,0.279814505328735,-0.750106542635183,-0.553129775833156
YGR200C,0.594918489456177,-0.229580149054527,0.0795745162012639,0.0598296087877532,0.456636130809784,0.716559272507826,-0.340429728433788,-0.144747879778638
YGR204W,2.7135694026947,0.429605513811111,0.357978116982306,0.0591121510111707,2.09584305882454,3.23606011470159,0.321358756029762,0.510016579196492
YGR205W,0.430998057126999,-0.370957672595978,0.0674163900555554,0.0692083333004868,0.311786036441723,0.560825332502524,-0.506143359547865,-0.251172399476209
YGR207C,0.691474497318268,-0.16612121462822,0.113301809681402,0.0719374700066879,0.495681790510813,0.916997294127941,-0.304797054957501,-0.0376319493439068
YGR208W,0.901760339736938,-0.0498796105384827,0.134625112839017,0.0662491180534409,0.6633314092954,1.14790283938249,-0.178269444833094,0.0599051300428326
YGR210C,0.589663088321686,-0.233733892440796,0.0820076942682845,0.0619449406108838,0.446514189243317,0.729143488407135,-0.350164735628377,-0.137186998305783
YGR213C,0.00703311478719115,-2.17432141304016,0.00222048908500811,0.137643933010374,0.00357406690600328,0.0120835694096362,-2.44683733068266,-1.91780475907354
YGR216C,0.0785277560353279,-1.1095027923584,0.0111458599968637,0.0633048044625211,0.0583851405108968,0.0971265634521842,-1.23369767064998,-1.01266197729251
YGR217W,0.0497874468564987,-1.30683529376984,0.0065843810315382,0.059191883438811,0.0382163673639297,0.0597995070119699,-1.41775059694553,-1.22330239761635
YGR218W,1.14893984794617,0.0563421510159969,0.151912568080827,0.0592441836088368,0.88558348317941,1.37069145143032,-0.0527704926736341,0.136939703072758
YGR220C,0.428559362888336,-0.374827414751053,0.0758084897115153,0.0774286138111581,0.297241471707821,0.587737758457661,-0.526890639806674,-0.230816424838509
YGR222W,0.0962634012103081,-1.0231716632843,0.0166816907699822,0.07645420485205,0.0667045682047804,0.129255641251802,-1.17584446732918,-0.888550535067085
YGR227W,0.207964301109314,-0.686425685882568,0.0291302562312938,0.0625424464452162,0.155692442258199,0.255475865056117,-0.80773246945472,-0.592650124014208
YGR229C,0.760580539703369,-0.123019456863403,0.103341590586844,0.0607706001195338,0.577462784449259,0.926548926532268,-0.238476004640144,-0.0331316462345985
YGR231C,1.10336089134216,0.0378652103245258,0.163058244329826,0.0654034419584707,0.819002210597197,1.40355265140533,-0.0867149401795974,0.147228708944741
YGR232W,0.690389633178711,-0.170447543263435,0.145392026212931,0.0912530648601889,0.44657207330068,1.00290051996708,-0.350108442520997,0.00125780960133281
YGR233C,0.331912070512772,-0.482889950275421,0.0436626509630934,0.0588977754312554,0.25632500872016,0.397519064942996,-0.591209037647027,-0.400642043601803
YGR234W,5.97529411315918,0.771722257137299,0.861008392295299,0.063982171339763,4.45144830147425,7.51328924496968,0.648501327097062,0.87583009311817
YGR237C,0.147391632199287,-0.835707247257233,0.0200839358694316,0.0608597236930593,0.111578828717271,0.179253393039107,-0.952418206917496,-0.746532617170466
YGR240C,7.97797012329102,0.897925317287445,1.05563148356514,0.0593377247303254,6.14109001954397,9.5183217604955,0.78824546262178,0.978560381303533
YGR241C,0.236223191022873,-0.631016492843628,0.0328136790864132,0.0619887530986595,0.178309757386645,0.290292411545912,-0.748824890969714,-0.537164319964001
YGR244C,0.826310455799103,-0.0873052552342415,0.116346600630042,0.0627363734502995,0.618946514527003,1.02507793605328,-0.208346878467869,0.010756884417411
YGR246C,0.237212747335434,-0.629149436950684,0.0327375870263389,0.0616210605754249,0.179743296901385,0.289528378099203,-0.745347365212099,-0.538308875489285
YGR247W,0.14174248278141,-0.85814094543457,0.0298504416827027,0.0919622797853053,0.090923079662025,0.205316178997358,-1.04132586500123,-0.687576854191108
YGR248W,0.149226456880569,-0.834496796131134,0.0292177831440727,0.0855170307836717,0.0991699514289697,0.211361101642251,-1.00361990220535,-0.674974937462484
YGR249W,0.00331539125181735,-2.49851608276367,0.000986111348481833,0.129645690440619,0.00171734610533652,0.00557066861074418,-2.76514250412188,-2.25409267621018
YGR250C,0.197840094566345,-0.707784593105316,0.0266557102461071,0.0603109249930958,0.150993032505115,0.238847614576419,-0.821043114959282,-0.621879092599741
YGR252W,0.173577010631561,-0.765260756015778,0.0253278318047836,0.0647520517107953,0.129034228250384,0.218261048197746,-0.889295074204571,-0.661023763430528
YGR253C,1.95933198928833,0.285998821258545,0.326491673103401,0.0732605752115845,1.3926663428545,2.60219751795133,0.143847068551049,0.415340258281776
YGR255C,0.193242117762566,-0.718470633029938,0.027560685889087,0.0636411038155248,0.144698559617003,0.240071431299051,-0.839535805965127,-0.619659518360425
YGR257C,0.0952177867293358,-1.02695167064667,0.0153047603469257,0.0705075307560414,0.0688202449431022,0.124434702222546,-1.16228379096505,-0.905058496633756
YGR260W,1.20035541057587,0.0751469507813454,0.163132786446206,0.0607356945780938,0.908618745207787,1.46077309846878,-0.0416183090695087,0.16458272918132
YGR261C,0.358922272920609,-0.449078917503357,0.0482451735278964,0.0601516502807852,0.27236995100975,0.434758235514164,-0.564840807297054,-0.361752182555023
YGR263C,0.0861956030130386,-1.06977248191833,0.0132411983107869,0.0681181363543815,0.0623403625562787,0.110374911253651,-1.20523067630834,-0.957129632787434
YGR264C,2.37596797943115,0.371772229671478,0.31869777878103,0.0600785342507629,1.82034694055716,2.85705426136653,0.260154156526303,0.455918488421763
YGR266W,0.340482652187347,-0.472044378519058,0.0461734184258901,0.0605380124866106,0.259437441825867,0.414228568971157,-0.585967346660042,-0.382759951536082
YGR267C,1.3800755739212,0.133347526192665,0.238661345641385,0.0758598336806019,0.957817793389161,1.85120296577612,-0.0187171484723655,0.26745382362994
YGR270W,0.160640507936478,-0.798121392726898,0.0212870409589736,0.0594263623997246,0.123520106077194,0.191576631988088,-0.908262344042663,-0.717657466141958
YGR271W,0.130680620670319,-0.887687861919403,0.0171487185790807,0.0588178976605474,0.100780481037994,0.155891310671965,-0.996623573213572,-0.807178094022021
YGR274C,0.143772095441818,-0.846416294574738,0.0193316076107592,0.0602452104157821,0.109621249139309,0.173437968393167,-0.960105253429499,-0.760855832667217
YGR276C,0.28547528386116,-0.54881227016449,0.0398908173488846,0.0622510178871266,0.215603937581182,0.351283913354079,-0.666343313867547,-0.454341740331913
YGR277C,0.250026822090149,-0.60758101940155,0.0394763245687707,0.0701514890707819,0.179609658693274,0.322814210504293,-0.745670313891481,-0.491047362732393
YGR278W,0.105717517435551,-0.980199813842773,0.0147150833264115,0.0620157961368482,0.0798496827483177,0.130861565719048,-1.09772680502241,-0.88318788829269
YGR280C,0.546272754669189,-0.268848985433578,0.0926587248884971,0.0739536444538764,0.387976431846619,0.733833289643129,-0.411194738833867,-0.134402590899418
YGR281W,0.291916370391846,-0.538680732250214,0.0385607895230276,0.0590851128775485,0.225330504154166,0.349365606655677,-0.647180012777711,-0.456719851503205
YGR282C,8.6350622177124,0.931360721588135,1.27337571444725,0.0659690870654098,6.33119441668193,10.813348476092,0.801485642426375,1.03396018809207
YGR283C,0.233198270201683,-0.637406229972839,0.035292737978005,0.0673951953069643,0.170302379255493,0.296883185456196,-0.768779289923154,-0.527414457517427
YGR286C,0.272156715393066,-0.57007098197937,0.0401791210529601,0.0658023845186286,0.199711722135544,0.343683818231026,-0.699596474215798,-0.463840966575287
YGR288W,0.0252087153494358,-1.60477364063263,0.00425919021482125,0.0747015115780709,0.0175639946634571,0.0336294114900132,-1.75537682740379,-1.47328078291267
YGR289C,0.00130164017900825,-2.91169261932373,0.000444813134877543,0.154490355614605,0.000572190096136183,0.00229054357817707,-3.2424596635364,-2.64006146733191
YHL047C,0.127873137593269,-0.897531151771545,0.0176899148419688,0.0617863999590265,0.0968565511827668,0.157044067978859,-1.01387099928939,-0.803978463548849
YHL044W,0.044650062918663,-1.36660015583038,0.0124390890594435,0.119754196263698,0.0250838499671469,0.0731268181155125,-1.60060596173832,-1.13592334544634
YHL039W,0.2487902790308,-0.608453392982483,0.0343398496961713,0.0616047261622499,0.189562574649851,0.305887491007646,-0.722247406555066,-0.514438312099258
YHL038C,0.0708442553877831,-1.15419733524323,0.0100327299572046,0.0631373179982635,0.0531723942918082,0.087964474533995,-1.27431378851254,-1.05569269052924
YHL036W,0.0184846129268408,-1.7392498254776,0.00305262121265505,0.0731323340245143,0.0132014915967981,0.0243459586364527,-1.87937700028469,-1.6135731560371
YHL034C,6.95355463027954,0.83715409040451,1.05055580415078,0.0666787712400712,5.11338996887207,8.91637229919434,0.708708915134318,0.950188193961416
YHL032C,0.0229819435626268,-1.64361333847046,0.00343190512090064,0.0665407361685304,0.0166391257507106,0.0291531303121398,-1.77886949629712,-1.53531481070514
YHL030W,0.40058371424675,-0.401172518730164,0.0523389343459158,0.0585647888930929,0.310072063903014,0.473649982362986,-0.508537360012611,-0.324542474626459
YHL027W,0.296490639448166,-0.532228231430054,0.040623370124143,0.0613017535001594,0.22515170276165,0.361123428990444,-0.647524764236503,-0.442344334693083
YHL025W,0.178595319390297,-0.753470003604889,0.0276906265328477,0.0686108323943461,0.130157234271367,0.230521446342269,-0.885531689365081,-0.63728874812584
YHL024W,0.0189243908971548,-1.72832572460175,0.00292882046560503,0.0687366564762909,0.0135609375623365,0.0242936339074125,-1.86771028374604,-1.61450751858022
YHL023C,0.0785465091466904,-1.10897505283356,0.0105893910769507,0.0602874157248016,0.0598643545682232,0.0951764034728209,-1.22283170531047,-1.02147071871048
YHL022C,0.013491197489202,-1.87957656383514,0.00283566490500629,0.0919130685657693,0.00864152566840251,0.0195506858328978,-2.06340957997824,-1.70883800709811
YHL021C,0.579225361347198,-0.241522148251534,0.0805928244770581,0.062259909554174,0.435167157153289,0.71240585098664,-0.361343893125155,-0.14727252323138
YHL020C,0.16469319164753,-0.788004517555237,0.0238139900608167,0.0643087272334479,0.122255053122838,0.206435541684429,-0.912733181303719,-0.685215541409163
YHL019C,0.0579983219504356,-1.24121940135956,0.00833942293198681,0.0640176816916717,0.0433492884039879,0.0722094419101874,-1.36301802724793,-1.14140601270993
YHL017W,0.28332844376564,-0.552005589008331,0.0391319149880271,0.0616887045110293,0.213418831552068,0.34761497626702,-0.670767263658546,-0.458901533858581
YHL014C,0.0739510878920555,-1.13629579544067,0.0113108900261783,0.0681089275270584,0.053663183003664,0.0942253626883029,-1.27032357094978,-1.02583222968935
YHL013C,0.466772019863129,-0.335968345403671,0.070409919219868,0.0669310150061588,0.33954682374994,0.598011960089207,-0.46910039585662,-0.223290132205214
YHL012W,0.00320999184623361,-2.50882053375244,0.000851655026098364,0.116458780801638,0.00175162488982702,0.00510946509505932,-2.75655901475401,-2.29162458273229
YHL011C,1.61146867275238,0.202274799346924,0.240305370602061,0.0660380364923529,1.19346407850583,2.04534132281939,0.0768091701389174,0.310765773269098
YHL009C,0.312506884336472,-0.510333955287933,0.0476114295837583,0.0677715951245892,0.228403817365567,0.396965284148852,-0.641296646544869,-0.401247473735905
YHL008C,0.0664525032043457,-1.18208634853363,0.00951884230000816,0.0637653749639109,0.0491554582801958,0.0829270541047056,-1.30842826473339,-1.08130376270958
YHL007C,0.327059745788574,-0.489367336034775,0.0435008527248931,0.0595218997186654,0.250854324797789,0.3924164985617,-0.600578413779712,-0.4062527524589
YHL003C,0.71157431602478,-0.152209803462029,0.100056816701841,0.0625770697165388,0.539311289787292,0.880929612616698,-0.268160488221011,-0.0550587960138722
YHL002W,0.330476522445679,-0.485362738370895,0.0467714666365827,0.0631476205541475,0.246631249785423,0.409102063377698,-0.607951896314788,-0.388168334884754
YHR001W,0.477643847465515,-0.325474083423615,0.0679916744651142,0.0637503843494591,0.35586154460907,0.59013109455506,-0.448718940533452,-0.229051510417802
YHR003C,0.303517431020737,-0.52217048406601,0.0422751986516205,0.0620593485052468,0.230788707733154,0.374375848472118,-0.636785444602768,-0.426692185042383
YHR006W,0.250289440155029,-0.605882108211517,0.0347369709496999,0.0618514727616752,0.189346581697464,0.307768933226665,-0.722742530856486,-0.511775220835931
YHR007C,3.3809700012207,0.524903178215027,0.458365099701959,0.0605425371646543,2.57446665962537,4.10069207747777,0.410687271852606,0.612857127461119
YHR008C,2.21445846557617,0.337391018867493,0.423704524849361,0.0828432387082954,1.49576833446821,3.12926372289658,0.174864219342113,0.495442163861886
YHR009C,0.386060535907745,-0.417643845081329,0.0534154196589518,0.0616739339723992,0.29257593130072,0.472576987743378,-0.533761409152175,-0.325527430328213
YHR011W,0.0805758386850357,-1.09880912303925,0.0120805325245335,0.0665357358106935,0.0590045905051132,0.102939164203902,-1.22911420113748,-0.987419408139725
YHR012W,0.348979115486145,-0.462773084640503,0.0550978899892983,0.0702241302524816,0.249994985262553,0.450466268261274,-0.602068737773204,-0.346337744717652
YHR013C,1.48677980899811,0.164849102497101,0.275311641323729,0.0803245816578064,1.02608155508836,2.08857729037603,0.011181778895477,0.319850535650715
YHR014W,0.00300299539230764,-2.57160496711731,0.00144958449037444,0.211126781239852,0.000983637527679093,0.0066234115511179,-3.00716723426133,-2.17891825887029
YHR015W,0.0289454367011786,-1.54339301586151,0.00432972592906485,0.0662520350006489,0.0212267528288066,0.0367720271150271,-1.67311651528989,-1.43448243195811
YHR016C,0.437462985515594,-0.363474279642105,0.0612855752259181,0.0625427591564433,0.329574346790711,0.538157224655151,-0.482046604310532,-0.269090825031031
YHR017W,0.162651211023331,-0.793624222278595,0.0240680384744934,0.06564450229643,0.119732814220091,0.206624499335885,-0.921786836312106,-0.684818186629358
YHR018C,0.623747229576111,-0.209248974919319,0.0858257933174391,0.0613897551520811,0.470223387082418,0.764026277760664,-0.327695775135914,-0.116891711844824
YHR019C,4.96802997589111,0.69200474023819,0.676467502963794,0.0608453488652922,3.78645606040955,6.05503972371419,0.578232920008877,0.78211699663843
YHR020W,3.14047718048096,0.493001371622086,0.417377927802443,0.0595354990775657,2.40110944509506,3.77179232438405,0.380411955117414,0.57654777175014
YHR022C,0.0115886004641652,-1.96486485004425,0.00423121403296333,0.160956251339018,0.00500691055009762,0.0212360522244126,-2.30043019534429,-1.67292621576349
YHR024C,0.363868862390518,-0.443592190742493,0.051834986838971,0.0633041608214875,0.272573335468769,0.452590867131948,-0.56451664075932,-0.344294214086514
YHR025W,1.93203437328339,0.281394481658936,0.278673262746407,0.0638040056555365,1.45028507709503,2.43556478023529,0.161453378262777,0.386599683337541
YHR027C,1.68913853168488,0.223725199699402,0.222901944910252,0.0591245234407984,1.3005902270476,2.01556921005249,0.114140485145051,0.30439771542771
YHR028C,0.396750599145889,-0.40557387471199,0.0534814614169075,0.0601911419612567,0.304893046617508,0.4805655742685,-0.51585248002977,-0.318247363854265
YHR029C,0.462397962808609,-0.340529710054398,0.0731057836019802,0.0699185754221241,0.333741948505243,0.601390108466148,-0.476589204880477,-0.22084372376322
YHR030C,0.299870848655701,-0.527444779872894,0.0418482436941223,0.0622627534976002,0.224876104543606,0.371182770530383,-0.648056691328289,-0.430412191158185
YHR031C,0.0716949179768562,-1.14899063110352,0.0101402686398617,0.0629196310384453,0.054167773698767,0.0886841251204411,-1.26625901382804,-1.05215412111086
YHR032W,0.246127486228943,-0.613119184970856,0.0339314454845477,0.0615547721025583,0.186455443128943,0.300333016614119,-0.729424936280836,-0.522396922406502
YHR033W,0.00248610717244446,-2.6323869228363,0.000887665605806559,0.158470545911458,0.00108903078750397,0.00457741081093748,-2.96296019510468,-2.33938014020404
YHR034C,0.177535265684128,-0.755928635597229,0.0272055126729643,0.0677637445075887,0.12937060855329,0.228798825293779,-0.888164379480837,-0.640546209777788
YHR035W,0.0195703748613596,-1.71412169933319,0.00314848653655721,0.0709614443541974,0.0140202920107792,0.0257771160143117,-1.85324296925888,-1.5887656933487
YHR036W,0.130274713039398,-0.889931440353394,0.0190614723515819,0.0650775779630148,0.0962646380066872,0.164109692474206,-1.01653324838808,-0.784865772773343
YHR037W,0.523236930370331,-0.285621762275696,0.0725406972498586,0.0618349375225236,0.396339286367098,0.641169726848602,-0.401932889833527,-0.193026991266394
YHR040W,0.116689272224903,-0.938209354877472,0.0178571459338332,0.0680942879194272,0.0851664303491513,0.148854830364386,-1.06973155638853,-0.827237217674823
YHR042W,1.16523730754852,0.062321599572897,0.156833399969454,0.0602676505761416,0.887783081829548,1.40456182062626,-0.0516931360980943,0.147540855245754
YHR045W,0.162886947393417,-0.792682468891144,0.0231944096478027,0.0636486545007466,0.120537706588705,0.201553121209145,-0.918877082030771,-0.695610473177126
YHR046C,0.323653697967529,-0.495650976896286,0.0520413097581588,0.0710579804417124,0.2320726595819,0.422705565392971,-0.634376064188456,-0.373962036495593
YHR049W,0.906503915786743,-0.0498716086149216,0.165329727995005,0.07963602797226,0.62428731272618,1.25189323822657,-0.204615513196889,0.0975672893872866
YHR050W,0.193447694182396,-0.71780401468277,0.0269825292088807,0.0621635538092129,0.145701383923491,0.238895952701569,-0.836536329612247,-0.621791207865294
YHR052W,1.16687023639679,0.0623367503285408,0.169039457473121,0.0643275801065943,0.871979758143425,1.46483317315578,-0.0594936279181889,0.16578816653442
YHR058C,0.291834145784378,-0.540558397769928,0.0467680615272479,0.0708617276923046,0.208556574086348,0.384312304854393,-0.680776116933685,-0.415315718288699
YHR061C,0.173441678285599,-0.766542315483093,0.0278381907607412,0.0708128787261636,0.122968992839257,0.226577541977167,-0.91020438835432,-0.644783139013737
YHR062C,0.341774791479111,-0.471764832735062,0.0537050265614278,0.0697473823494556,0.243760761494438,0.444162747015556,-0.613036202968037,-0.352457869806178
YHR063C,0.926764965057373,-0.0375283285975456,0.13125051572108,0.0630655775491252,0.691536229848862,1.15504811604818,-0.160185072081206,0.0626000712296078
YHR064C,7.0067024230957,0.841390550136566,0.947792928954579,0.0604861631875581,5.31420419216156,8.50202941894531,0.72543820499949,0.929522602505889
YHR065C,0.638860881328583,-0.198801726102829,0.0873684551029712,0.0610524553579174,0.48382986014088,0.780855710307757,-0.315307334512514,-0.107429211852115
YHR069C,0.424853175878525,-0.376633912324905,0.0626802601674591,0.0656266947368502,0.313605910539627,0.534502432743708,-0.503615776123466,-0.272050320442257
YHR070W,0.30588111281395,-0.518866717815399,0.0429151997881684,0.0625255949541176,0.229670196771622,0.376280814409256,-0.638895357514561,-0.424487924674043
YHR071W,0.0919643417000771,-1.05107522010803,0.0242668505776411,0.113092314255416,0.0532654828391969,0.144502220923702,-1.27355413207644,-0.84012555195527
YHR072W,0.236946538090706,-0.629542350769043,0.0323518571506284,0.0609231130263097,0.180616830537717,0.288892269134521,-0.74324178315797,-0.539264079883532
YHR074W,0.590445578098297,-0.232937648892403,0.0798019000568824,0.0603973788818856,0.451628158489863,0.713915239274502,-0.345218997981308,-0.146353347768434
YHR075C,0.0557381957769394,-1.25958180427551,0.00895123204354726,0.0711277744073902,0.0397071960071723,0.0730863518392046,-1.40113082085806,-1.13616383596139
YHR076W,0.394750684499741,-0.408597260713577,0.0586382776187468,0.065895864524652,0.290480389694373,0.500392210980256,-0.536883186400448,-0.300689486546206
YHR077C,0.132518261671066,-0.881779372692108,0.0177382651706783,0.0600118261158906,0.101042568869889,0.159093786155184,-0.9954956215188,-0.798346782705984
YHR078W,0.0576735660433769,-1.24378871917725,0.00841622852384597,0.0648922339689315,0.0428012050688267,0.0726979376127322,-1.36854400324444,-1.13847792159196
YHR082C,0.210684448480606,-0.680418968200684,0.0282243611800854,0.0599397281636814,0.162119008228183,0.254119757562876,-0.790166062394224,-0.594961575182434
YHR083W,0.309322625398636,-0.514477729797363,0.0457496056213995,0.0657406151822085,0.226716926942269,0.392059261600176,-0.644516069971983,-0.406648289478299
YHR084W,0.220287665724754,-0.661101996898651,0.0296291532031551,0.060265042807576,0.168188484509786,0.264990229656299,-0.774203742727822,-0.576770138856198
YHR086W,0.161675348877907,-0.795924305915833,0.0230889240360677,0.0635507736689072,0.120226475099723,0.200929060578346,-0.919999886557033,-0.696957326482582
YHR088W,0.82483446598053,-0.0889110192656517,0.126784373881702,0.0682973955377201,0.596776247024536,1.05549515088399,-0.224188471043875,0.0234562400548792
YHR090C,0.163860186934471,-0.791718542575836,0.0273747321847467,0.0739146042743355,0.114902354776859,0.215200232466062,-0.939671070910349,-0.667157272141543
YHR091C,0.0418522395193577,-1.38296473026276,0.00607021545994764,0.0642698673779026,0.0310603514779359,0.0527167823165655,-1.5077936354816,-1.27805111065257
YHR098C,0.60680627822876,-0.220922514796257,0.0804936456130771,0.059350789617819,0.467346450934807,0.729556679725647,-0.330361051261534,-0.136940961843381
YHR099W,0.205761522054672,-0.690491914749146,0.0268398336933907,0.0585121221983671,0.159513174866637,0.242635597785314,-0.79720345038523,-0.615045485295755
YHR101C,0.152606695890427,-0.821785748004913,0.0236975012099175,0.0687395593182182,0.110364690423012,0.196744508544604,-0.957169850585521,-0.706097390291945
YHR102W,0.109346151351929,-0.965249419212341,0.014656054979803,0.0599533997373572,0.0837349179511269,0.13184045975407,-1.07709340271941,-0.87995129126359
YHR103W,0.227194607257843,-0.647681772708893,0.0305514510043144,0.0601241521537625,0.173793536176284,0.275173555811246,-0.759966382632593,-0.560393304178719
YHR106W,0.0912893489003181,-1.04545629024506,0.0148584123438075,0.0719915360076122,0.0645648359631499,0.11984005253762,-1.19000394802865,-0.921398009605668
YHR109W,0.0486355125904083,-1.3179270029068,0.00720857479008833,0.0656023842295718,0.0359718878443042,0.0618013529727856,-1.44403678727977,-1.20900202857063
YHR111W,0.311831116676331,-0.510627806186676,0.0442772304363509,0.0635227182282137,0.231938157478968,0.385851230720679,-0.63462779768917,-0.413580110368412
YHR112C,0.262460589408875,-0.585795223712921,0.0387546463289047,0.0654630469214407,0.194782772287726,0.331635476400455,-0.710449471390149,-0.479339017608248
YHR113W,0.488981932401657,-0.315077006816864,0.0680664633062444,0.0622336029959723,0.367943499982357,0.598753015697002,-0.434218871199007,-0.222752287828542
YHR114W,0.255790591239929,-0.59644341468811,0.0354799904872441,0.0618781919992617,0.194702231759826,0.313817140708367,-0.710629078091739,-0.503323362334319
YHR117W,0.37862554192543,-0.425957322120667,0.0514251142133315,0.0607903989890816,0.287373338391384,0.461152575165033,-0.541553529229066,-0.336155361839956
YHR118C,0.16990128159523,-0.774392604827881,0.0243155662169381,0.0637034798507688,0.126663520932198,0.21178990441064,-0.897348443829847,-0.674094745681056
YHR119W,0.101368732750416,-0.998236119747162,0.0137288734013183,0.0605472979992273,0.0774031855165958,0.122864801498751,-1.11124120296146,-0.910572517254687
YHR122W,0.435762196779251,-0.370171964168549,0.0910849458683178,0.0907431397652879,0.283142311871052,0.632890772819519,-0.547995468713673,-0.198671269108881
YHR123W,0.366719663143158,-0.440444469451904,0.0535560911740325,0.0650071800546376,0.272082996616761,0.460510324935118,-0.56529859796118,-0.336760672255111
YHR127W,0.371338754892349,-0.438373386859894,0.0723027185659382,0.0842139189967661,0.24919433457156,0.531320916116237,-0.603461836912573,-0.274643134675316
YHR129C,0.0675118193030357,-1.17630434036255,0.0108444506799257,0.0706365324411465,0.0486233804064492,0.0887314155697823,-1.31315488111122,-1.05192258994233
YHR132C,0.972789943218231,-0.0164775475859642,0.137686262442057,0.0630820522647289,0.728391736249129,1.20175550679366,-0.137635029137157,0.0798158526711539
YHR133C,0.925198912620544,-0.0394000858068466,0.147195482371665,0.0705530700308111,0.664448642234008,1.20942829052607,-0.17753858252138,0.0825801231994082
YHR137W,0.36997926235199,-0.436138391494751,0.0512249662081638,0.0618398341760272,0.278609960774581,0.455209451913834,-0.555003450113011,-0.341788734560192
YHR139C,0.00327934953384101,-2.52648496627808,0.00145149841883773,0.19574192522892,0.00115340315678623,0.00678144674748182,-2.9380188898008,-2.16867764427139
YHR142W,0.306036978960037,-0.519582390785217,0.0473588494065902,0.068835314868756,0.221854369839032,0.393438041210175,-0.65393202089046,-0.40512365079967
YHR143W,3.53910112380981,0.543916940689087,0.52893135428191,0.066255320805433,2.57817459106445,4.51174958149592,0.411312323943865,0.654344986524544
YHR144C,0.235243409872055,-0.633848428726196,0.036547421419088,0.0687797732528315,0.169957473874092,0.302856127421061,-0.769659732576024,-0.518763635226474
YHR149C,0.238390550017357,-0.62682980298996,0.0321967066113785,0.0604532463876566,0.181223792955279,0.28836326872309,-0.741784789976482,-0.540060081024852
YHR150W,0.0318712182343006,-1.50179815292358,0.00487331886794996,0.0677310163606801,0.0232126327231526,0.0410742912441492,-1.6342756004659,-1.3864299345073
YHR154W,0.169855326414108,-0.773949682712555,0.0226940582051074,0.0597658446407645,0.130353333055973,0.2041205316782,-0.884877859794482,-0.690113309119898
YHR156C,0.0593794733285904,-1.23296821117401,0.0102866500063786,0.0762524056836836,0.0409798892525335,0.0797503806650638,-1.38742922696898,-1.09826723885409
YHR158C,0.247336745262146,-0.610656201839447,0.0326444844276044,0.0591705659880697,0.189523177718123,0.296388098845879,-0.722337672273268,-0.528139240449416
YHR160C,0.00556350266560912,-2.28643107414246,0.002124614404708,0.169580934205491,0.00227211689537701,0.0104784846693898,-2.64356985935381,-1.97970154121181
YHR161C,0.155969724059105,-0.811261832714081,0.0215152152016982,0.0617885780069493,0.117938284575939,0.190174630284309,-0.928345201432225,-0.720847435765194
YHR163W,1.20021390914917,0.0723123475909233,0.214407651627839,0.077956650068354,0.826125979423523,1.65174745420615,-0.0829537202381977,0.217943634723482
YHR167W,0.18242035806179,-0.746135234832764,0.03326762295119,0.0793466773340133,0.125379575540622,0.252821749945481,-0.90177320475337,-0.597185761664854
YHR168W,0.0481317155063152,-1.32267141342163,0.0073035532259876,0.0669899767741677,0.0354895628367861,0.0617389796612163,-1.44989935415227,-1.20944055223011
YHR169W,0.35396021604538,-0.455629974603653,0.0505724935083401,0.0636904450992986,0.264306272317966,0.439974089215199,-0.577892531579797,-0.356572942502914
YHR171W,0.0571850463747978,-1.24749290943146,0.00835635971313257,0.0649722069285735,0.0422130115951101,0.0718747302889824,-1.37455366507121,-1.1434237719959
YHR172W,0.104190185666084,-0.986484587192535,0.0144245103871312,0.061807244647928,0.0786466524004936,0.127277120947838,-1.10431975841812,-0.895249657140614
YHR176W,0.0219876077026129,-1.66472005844116,0.00386193155099282,0.078237890100756,0.0148339428007603,0.0297468576114625,-1.82874350511848,-1.52655890611076
YHR177W,0.00681435177102685,-2.17838263511658,0.00156725435423621,0.102657109384699,0.00400410265816996,0.0101669537136331,-2.39749485044981,-1.99280915690033
YHR178W,0.0558880381286144,-1.25709760189056,0.00783460765468515,0.0625487413189872,0.0419466936029494,0.0690119092663129,-1.37730226675541,-1.16107595760795
YHR179W,8.11054039001465,0.904728591442108,1.12366942026628,0.0618671417694992,6.13442302942276,9.94596764246623,0.787773711176734,0.99764704187111
YHR181W,0.420668691396713,-0.385948598384857,0.0903736894794143,0.0928844390169715,0.272029989461104,0.615919888019562,-0.565383215733311,-0.210475772338221
YHR182W,0.0453413650393486,-1.34790241718292,0.00634101143914209,0.0623747494478487,0.0340938344597816,0.0556232444941998,-1.46732415186365,-1.25474368241124
YHR183W,8.27295207977295,0.913421273231506,1.13737830464744,0.0612266645055868,6.30679098367691,10.1338983933131,0.799808421953562,1.005776544974
YHR186C,0.107864990830421,-0.971094608306885,0.0143075498415704,0.0593750246261244,0.0830517359077931,0.12950809635222,-1.08065128685895,-0.887703082616719
YHR187W,0.270654112100601,-0.573035717010498,0.0426150361015442,0.0691598651269033,0.195571435367068,0.352995428194602,-0.708694642829323,-0.452230920990712
YHR188C,0.432264447212219,-0.368493020534515,0.0594296886622866,0.0612660598896326,0.32906085178256,0.528892878691355,-0.482723782726866,-0.276632280875537
YHR190W,1.84227752685547,0.260968446731567,0.257466228177823,0.0623001389950829,1.38693803151449,2.274334192276,0.142057035831083,0.356854280579293
YHR194W,0.0210213214159012,-1.683100938797,0.00337852435364721,0.071367661375906,0.0148411989212036,0.027419769577682,-1.82853101389317,-1.56193622058491
YHR195W,0.108154989778996,-0.971748828887939,0.017522673099226,0.0714096003963016,0.0771735012531281,0.141958656658729,-1.11253179597371,-0.847838125729429
YHR196W,0.581895530223846,-0.239394873380661,0.0797825160342607,0.061300433643629,0.442584718763828,0.70846688747406,-0.354003594740616,-0.14968044312062
YHR197W,0.257026374340057,-0.594075858592987,0.0344736908225193,0.0599362534557718,0.196733340620995,0.310799951851368,-0.706122033468001,-0.507519057159878
YHR198C,0.171510130167007,-0.771202564239502,0.0270483901158284,0.0695145281497013,0.123521286124984,0.225437242537737,-0.908258196356067,-0.646974518977005
YHR199C,0.272752285003662,-0.569633007049561,0.0424817211141907,0.0690512656227072,0.19741125193735,0.352273878455162,-0.704628100247094,-0.453119560246943
YHR200W,1.72649025917053,0.231452494859695,0.276691462196087,0.0710058694849176,1.23349660038948,2.25406026244164,0.0911379233484055,0.352965519276696
YHR205W,0.409174084663391,-0.392168641090393,0.0549497023664429,0.0601222797719479,0.313336471219858,0.492247629414002,-0.503989053130075,-0.307816369007121
YHR206W,0.194196611642838,-0.716036677360535,0.0267732803943573,0.0615672417269293,0.147004883736372,0.238019999985894,-0.832668237220822,-0.623386549262553
YHR207C,0.260096341371536,-0.589172124862671,0.0359788931615636,0.061758001060005,0.195676303034027,0.318615700801214,-0.708461785883778,-0.496732831077575
YHR208W,4.80768203735352,0.677589654922485,0.669189497659954,0.0620068563222007,3.62372166713079,5.9223256111145,0.559154832184376,0.772492281341493
YHR209W,0.0841085463762283,-1.08167016506195,0.0144664596971149,0.0756589357138901,0.0585975740415355,0.113216099143028,-1.23212039074991,-0.946091830114878
YHR210C,0.0154454605653882,-1.822429895401,0.00350991511210651,0.0993146275423874,0.00957360957593967,0.0230841385976722,-2.01892447389126,-1.63668636627851
YIL160C,0.00106538052204996,-3.04984498023987,0.000638697742234094,0.269105436685079,0.000233798351837322,0.00271703038791505,-3.63115900224525,-2.56590552352817
YIL156W,0.0680264234542847,-1.17144012451172,0.00919621334151595,0.0603962994780441,0.0518956115779777,0.0824463183060288,-1.28486936628039,-1.08382873352985
YIL155C,0.140808463096619,-0.855702340602875,0.0195269907837232,0.0619466601789383,0.106650086678565,0.172532043854396,-0.972038788399484,-0.763130233768094
YIL154C,0.269897431135178,-0.573488414287567,0.0390838862526508,0.0643417776534066,0.200783753270904,0.338698758433262,-0.697271472218216,-0.470186396774707
YIL152W,0.0465222261846066,-1.3477885723114,0.0125454809125751,0.116247087353704,0.0262786900779853,0.0756483565395077,-1.58039629122468,-1.12120050353428
YIL150C,0.072569228708744,-1.14372527599335,0.0102440241469752,0.0629434647920412,0.0544498713376621,0.0896526735275984,-1.26400314564521,-1.0474367548396
YIL149C,0.0941118746995926,-1.03030550479889,0.0124493684117065,0.0592099275377023,0.0728590276092291,0.112439189602931,-1.13751663050594,-0.949082293556385
YIL144W,0.109254479408264,-0.965805888175964,0.0149660020229142,0.0613710411975512,0.0825044843678673,0.133117711047331,-1.08352245079117,-0.875764159537453
YIL143C,0.20849646627903,-0.684932887554169,0.0278535182728989,0.0597785199503375,0.159803956747055,0.250828819473584,-0.796412471754578,-0.600622581554202
YIL142W,1.7669243812561,0.243177071213722,0.236594924392778,0.0598357765959128,1.35294854640961,2.13804831902186,0.131281280385285,0.330017513701726
YIL140W,0.302496194839478,-0.523311197757721,0.0404024123132517,0.0597910854860187,0.231206803644697,0.364321474482616,-0.635999394809099,-0.438515229363687
YIL139C,0.0855633616447449,-1.07719683647156,0.0180188249981025,0.0908568370346546,0.0555787570774555,0.126774156838655,-1.2550911696932,-0.896969270257557
YIL137C,0.518206477165222,-0.28947639465332,0.068775243757536,0.0593918644646038,0.399568162361781,0.621088850994905,-0.39840914633947,-0.206846266614606
YIL136W,0.201648756861687,-0.700128018856049,0.0292473871764867,0.0646716985027304,0.148883253335953,0.251975208520889,-0.827154149748227,-0.59864218672728
YIL135C,0.205258771777153,-0.692373931407928,0.0296836544278586,0.0642593570569976,0.153457392379642,0.257228641460339,-0.814012215819132,-0.58968068127405
YIL131C,0.297335535287857,-0.531243085861206,0.0420832395350911,0.0629886250153853,0.223774769902229,0.369575037310521,-0.650188882220356,-0.432297377975588
YIL130W,0.158346444368362,-0.804469883441925,0.0212897102668626,0.0601185909898112,0.120802616265913,0.19120297220846,-0.917923661527852,-0.718505365762739
YIL129C,0.119815856218338,-0.925384283065796,0.0157301926913074,0.0587926944295145,0.0924857668578625,0.142727376768986,-1.03392509981503,-0.845492717507325
YIL128W,0.190308332443237,-0.72457879781723,0.0254514783399935,0.059813715482562,0.145923444007834,0.229469219471017,-0.83587494503116,-0.639275570139052
YIL126W,0.371714890003204,-0.433739751577377,0.0491268556525862,0.0591802490006301,0.287107503414154,0.443619395295779,-0.541955457415022,-0.352989474610617
YIL125W,0.713599801063538,-0.150523245334625,0.0945285960289911,0.0594367499865756,0.549285890161991,0.850985586643219,-0.260201557353043,-0.0700777956079221
YIL122W,0.0288704689592123,-1.54740405082703,0.00545970508566251,0.0831586141131979,0.0194632966847469,0.0403302773212393,-1.7107836136573,-1.394368830349
YIL121W,0.224577933549881,-0.653021216392517,0.0313801050102015,0.0623353562763606,0.169005798920989,0.276222375035286,-0.77209839378021,-0.558741145175821
YIL119C,0.193799033761024,-0.717470824718475,0.0284496920120827,0.0652678787688444,0.143457608049115,0.243815495694677,-0.843276416732226,-0.612938699926493
YIL118W,0.703876316547394,-0.16132889688015,0.142428633298828,0.0877531857888664,0.465926882127921,1.0144608438015,-0.331682232126696,0.00623526081868346
YIL117C,0.346976161003113,-0.46497255563736,0.0532969363291076,0.068278356633764,0.251035323490699,0.443480184674263,-0.600265201418922,-0.353125971496791
YIL116W,0.721506655216217,-0.146436586976051,0.104301296097565,0.0642871815662074,0.536850969990095,0.903617890675862,-0.270146292287309,-0.0440152002491586
YIL115C,0.495640248060226,-0.308758735656738,0.0652795749246704,0.0590313544350705,0.383109629154205,0.590567611157894,-0.416676932235189,-0.228730375076191
YIL114C,0.247889548540115,-0.612179219722748,0.0425895408760252,0.0750619057880755,0.174923083310326,0.333755802114804,-0.757152877361755,-0.476571200804289
YIL108W,0.203974187374115,-0.694518983364105,0.0275190833003161,0.0602062666095828,0.156026020646095,0.248499695708354,-0.806802967795198,-0.60467413905822
YIL107C,0.0935447886586189,-1.03330159187317,0.012968449222857,0.0618618633794025,0.070305038181444,0.115013905862967,-1.15301355417064,-0.939249651634241
YIL106W,0.253803282976151,-0.601036012172699,0.0399201593105031,0.0699746305823584,0.181345375627279,0.328141880532106,-0.741493524722168,-0.483938337721386
YIL104C,0.206294119358063,-0.689972579479218,0.0290433684246523,0.062851435582357,0.15473447740078,0.254431277513504,-0.810412907524739,-0.594429501449089
YIL103W,0.311491757631302,-0.511214673519135,0.0449186640089411,0.0642140063798539,0.23292144027849,0.388980413724979,-0.632790533970255,-0.41007226750337
YIL101C,0.0250097624957561,-1.60715806484222,0.00383888018022918,0.0682516168315078,0.0179731294512749,0.0319936975526313,-1.74537633510931,-1.49493561662974
YIL097W,0.035513773560524,-1.45483338832855,0.00543031903451752,0.0680143265176308,0.0258493246821066,0.0453987588485082,-1.58755079857681,-1.34295603201201
YIL094C,1.54473090171814,0.18434089422226,0.219465448149631,0.0631201642374811,1.15614922940731,1.92438518702984,0.0630138940010082,0.28429200114751
YIL093C,0.308960288763046,-0.516694605350494,0.0538371078071719,0.0759271394761506,0.217710137491425,0.422903907547394,-0.662121348513323,-0.373758306889604
YIL091C,0.348057359457016,-0.462480455636978,0.0471446803159583,0.0604736150249506,0.265527515113354,0.422920515884956,-0.575890476718816,-0.373741247179107
YIL090W,0.137413322925568,-0.866581618785858,0.0196921175908834,0.0638991083640923,0.102551489447554,0.171238586306572,-0.989058030029998,-0.766398366225425
YIL088C,0.265193849802017,-0.580900132656097,0.0374154391035505,0.0628275150351525,0.199914657200376,0.327834337949753,-0.699155364578348,-0.484345559609099
YIL085C,0.174398630857468,-0.762973070144653,0.0247423146699752,0.063205518117283,0.130493259926637,0.215990949173768,-0.88441195784123,-0.665564450333923
YIL084C,0.149726718664169,-0.830595910549164,0.0244071998487677,0.0721013709086523,0.106506914707522,0.196198110903303,-0.97262222912425,-0.707305181726457
YIL083C,0.392907649278641,-0.41065701842308,0.0584947743529734,0.0661109853483911,0.289196473111709,0.498414068420728,-0.538807011743692,-0.30240970779446
YIL079C,0.247536286711693,-0.61149275302887,0.0375196697757791,0.0673309451351613,0.18085318133235,0.317479196439187,-0.742673852669451,-0.498284737789196
YIL078W,5.44595813751221,0.732040762901306,0.728123086100015,0.0597976154840242,4.17424281438192,6.56511953274409,0.620577702802597,0.817242623946781
YIL077C,0.0774021670222282,-1.11758267879486,0.0130882063053593,0.0747259558599707,0.0542732185684145,0.102560637456675,-1.26541442387963,-0.989019323855478
YIL076W,1.69314086437225,0.223512232303619,0.25868496510604,0.0675738673715636,1.23955454230309,2.19256413380305,0.0932656406036913,0.340952294321499
YIL075C,1.52050518989563,0.177987605333328,0.202424114793512,0.0595452693766781,1.17389686902364,1.82433195809523,0.0696299273449343,0.261103865929879
YIL071C,0.03215516731143,-1.49853599071503,0.00517787104632067,0.0715222692107741,0.0227997883533438,0.042077728950729,-1.64206934477376,-1.37594771679306
YIL070C,1.15282893180847,0.0561237186193466,0.184379236528248,0.070423498886773,0.82844653626283,1.51076059142749,-0.0817355435263447,0.179195646849012
YIL068C,0.160962119698524,-0.797394931316376,0.0217837251093432,0.0603812648464053,0.12322506736964,0.195911431809266,-0.909300945483579,-0.70794022193583
YIL067C,0.0679739266633987,-1.17213904857635,0.0095981346149144,0.0629857491568315,0.0510018477216363,0.0845806077122688,-1.29241410122261,-1.07272919876896
YIL061C,0.142709314823151,-0.851321578025818,0.0230311114542882,0.0713773892225314,0.10090507020553,0.186943949759006,-0.996087100757666,-0.728288743592973
YIL056W,0.0870181247591972,-1.06484472751617,0.012249683727742,0.0628166892543064,0.0652424906070034,0.107264780191084,-1.18546946965369,-0.969542853222541
YIL055C,0.0342155247926712,-1.47070968151093,0.00509205432841089,0.0659989354237851,0.025069011002779,0.0434277820090453,-1.60086281070885,-1.3622323578667
YIL053W,18.0820789337158,1.25127267837524,2.96663920000484,0.0726270690123021,12.730970954895,23.7599563598633,1.10486148658702,1.3758456386371
YIL050W,0.221847727894783,-0.659828782081604,0.0360595017408624,0.0720994882532224,0.155392175291975,0.291270641982555,-0.808570862889122,-0.535703291970896
YIL049W,0.0682001113891602,-1.17564499378204,0.0141935509667064,0.0910399457665577,0.0435688836810489,0.0993388528004288,-1.36082356895832,-1.00288087792518
YIL048W,0.164503693580627,-0.787800788879395,0.0218225951165621,0.0594030027955638,0.126010438303153,0.19744222064813,-0.899593477821396,-0.704559973367031
YIL047C,0.18147774040699,-0.745285272598267,0.0244785850970278,0.0603803046927655,0.138694787149628,0.21917789640526,-0.857939917437732,-0.659203246204285
YIL044C,0.462157517671585,-0.340728372335434,0.0728156288798798,0.0697718570687421,0.332209701836109,0.599139874180158,-0.478587691803862,-0.222471776632463
YIL043C,1.98405957221985,0.292586177587509,0.29706796849597,0.0661330317546006,1.45512559711933,2.55118725299835,0.162900479751701,0.406742329145481
YIL042C,0.0552039369940758,-1.26450562477112,0.00950300313603963,0.0753024904190008,0.0389129219266276,0.074935268300275,-1.40990616059252,-1.12531374578112
YIL039W,0.609948575496674,-0.219204172492027,0.086388075949633,0.0630713919945663,0.456764694551627,0.757690849900246,-0.340307482585481,-0.120507957818982
YIL038C,0.468230962753296,-0.333625108003616,0.0629283560831647,0.0601922443846966,0.358303959916035,0.563623368740082,-0.445748393848797,-0.249011008634952
YIL036W,0.274448573589325,-0.56582099199295,0.0378738682725537,0.0615534728016681,0.207673547168573,0.337406507631143,-0.682618819602082,-0.471846545743408
YIL035C,0.511383175849915,-0.295844942331314,0.0732497719970286,0.0636872426601991,0.380860138684511,0.640666876733303,-0.419234483946449,-0.193367732328148
YIL034C,0.792108654975891,-0.106416188180447,0.121206385004211,0.0677073066737516,0.577672100563844,1.02334545652072,-0.238318608926116,0.0100222619751691
YIL033C,0.810745716094971,-0.095600888133049,0.114624580000074,0.0630062580330761,0.608591130375862,1.00679012437661,-0.215674387771884,0.00293892724062457
YIL030C,0.434979677200317,-0.365453749895096,0.0573407366250611,0.0589840881075419,0.335010062158108,0.520791729787985,-0.474942148668134,-0.283335921096746
YIL026C,0.156850129365921,-0.808525919914246,0.0208865108839036,0.059658741198455,0.120244294404984,0.188565751165151,-0.919935521750132,-0.724537249522371
YIL022W,0.612480580806732,-0.217237010598183,0.08492727818711,0.0619353139067618,0.463884426653385,0.752067735791206,-0.333590207258553,-0.123743072995995
YIL020C,0.385802060365677,-0.420084327459335,0.0661686616025021,0.0752232301583866,0.271747580170631,0.519041216373443,-0.565834314759269,-0.284798177598217
YIL019W,0.340015172958374,-0.473459124565125,0.0506694553478605,0.0661695272080971,0.251220067342122,0.429886462291082,-0.599945690892235,-0.366646231196521
YIL017C,0.0393228568136692,-1.40988838672638,0.00559765815857534,0.0632981029192231,0.0295829222692798,0.0487419593147933,-1.52895892859428,-1.31209701774417
YIL015W,1.81158339977264,0.253976672887802,0.243835701303746,0.0601262723088966,1.38320596516132,2.20002258618673,0.140886850517697,0.342427139243588
YIL014W,0.146798700094223,-0.837546586990356,0.0201951009980938,0.0615147346063221,0.110681185126305,0.179468283181389,-0.955926205779441,-0.746012291931071
YIL011W,0.0922171697020531,-1.04385185241699,0.0183461082365642,0.0872961176649419,0.0603643004472057,0.13109130859375,-1.21921985224105,-0.882426101297465
YIL006W,0.0218250080943108,-1.66907107830048,0.00417225788607218,0.0840306210162738,0.0144932993454859,0.0302868944903215,-1.83883273785008,-1.51874530654765
YIL005W,0.370409190654755,-0.435500293970108,0.050392224227309,0.0609074974172081,0.281534293293953,0.449012978374958,-0.550468720892515,-0.347741105962566
YIL002C,0.0653935223817825,-1.18875455856323,0.00903359537948352,0.0616366823885193,0.0496695779574414,0.0798834475999077,-1.30390953625176,-1.09754320024416
YIL001W,0.0687169507145882,-1.16791915893555,0.0102397357430519,0.0664432086196616,0.0502362428233027,0.0864326721057296,-1.29898285315867,-1.06332206249594
YIR003W,0.358136743307114,-0.450063586235046,0.0483574353585563,0.0603499632996955,0.273993896444639,0.432973357786735,-0.562259115273861,-0.363538828803707
YIR004W,0.444092571735382,-0.356908321380615,0.0620154206980682,0.0622903503914947,0.333409923315048,0.54843242218097,-0.477021480747383,-0.260876882016906
YIR006C,0.718008100986481,-0.147773489356041,0.0942928373709698,0.0588451594694436,0.554409073789914,0.854807482659817,-0.256169678799999,-0.0681316855344938
YIR007W,0.0878467783331871,-1.06066310405731,0.0122696848176641,0.0623431622087883,0.0661739958450198,0.107972587520878,-1.17931264064794,-0.966686496513328
YIR008C,0.291963487863541,-0.539368629455566,0.042402565984965,0.0643730424669001,0.21746072160701,0.369144461055597,-0.662619181177475,-0.432803645465221
YIR010W,0.106302760541439,-0.978123068809509,0.0153339779393976,0.0642502474462349,0.0794985964894295,0.132652453457316,-1.09964053854198,-0.877284714489438
YIR011C,0.25939616560936,-0.591694951057434,0.0414160809002564,0.070626695958595,0.186515288303296,0.338434773435195,-0.729285618198399,-0.470525020545683
YIR012W,1.09348928928375,0.0343239679932594,0.154346850305558,0.0630935373541228,0.815142041444778,1.3461594581604,-0.0887667222552646,0.129096506914268
YIR014W,0.0501774922013283,-1.31288659572601,0.0124553142930943,0.108661028549018,0.0292038922042896,0.0783662631486853,-1.53455926329505,-1.10587094819893
YIR016W,0.0054392023012042,-2.30473351478577,0.00232704936329186,0.191975379976532,0.00196265187502528,0.0109401803774138,-2.70715689960357,-1.96097551747653
YIR018W,0.163863778114319,-0.794046878814697,0.0325510332812385,0.086334034342057,0.109485285170376,0.23332251769801,-0.960644249284638,-0.632043345904611
YIR021W,0.101349979639053,-0.999621510505676,0.0158471872626084,0.0693312831444774,0.0734886163845658,0.131352585554123,-1.13377995286119,-0.881561374121728
YIR025W,0.0696393102407455,-1.16254127025604,0.0108575378219379,0.0689735141490585,0.0502047559867303,0.0900284945964813,-1.29925514019416,-1.04562001181158
YIR026C,0.420403659343719,-0.38109964132309,0.0613227781163858,0.0649242270843485,0.310918660461903,0.528378042081992,-0.507353212208336,-0.277055250866707
YIR030C,0.0900676921010017,-1.05495285987854,0.0188652790034298,0.0913549244476622,0.0582077824821075,0.129560519134005,-1.23501895162444,-0.887527342295931
YIR031C,0.00514648808166385,-2.29947757720947,0.00115525402061365,0.0984132040406836,0.00318235499047053,0.00764466925757005,-2.49725137825645,-2.11664135636007
YIR033W,0.290833353996277,-0.540325224399567,0.038545191683911,0.059333506472212,0.223239314556122,0.348755252858003,-0.651229331988032,-0.45747924244649
YIR035C,0.283193916082382,-0.55589485168457,0.0542913204206105,0.0835713777730089,0.192600286627809,0.396221376458804,-0.715343070898986,-0.402062102350437
YIR038C,0.480927735567093,-0.327215492725372,0.0998539120169609,0.0901418333162709,0.311090435832739,0.702219624320666,-0.507113340693011,-0.153527051563567
YIR042C,0.00270796474069357,-2.71283078193665,0.00223349741031174,0.386019951974273,0.000261521988674455,0.00849252664484084,-3.58249211908536,-2.07096309163063
YJL216C,0.00144165102392435,-2.87336349487305,0.000550664368136063,0.171114278458858,0.000571825949009508,0.00269395369299067,-3.24273614059059,-2.56960988830945
YJL213W,0.0012650319840759,-2.97775793075562,0.000765215303055836,0.275889668212552,0.000267716941743856,0.00317408437064538,-3.57232418107319,-2.49838169840983
YJL208C,0.245776876807213,-0.614713251590729,0.0377573856145721,0.0681117955915578,0.177889508754015,0.317142915229002,-0.749849665597134,-0.498745053581179
YJL207C,0.1378203779459,-0.864614725112915,0.0181645950244449,0.0590479472658048,0.106704360060394,0.164334993685285,-0.97181783471508,-0.784269954069484
YJL206C,0.0232507660984993,-1.63887286186218,0.00359699947655104,0.0684023211317236,0.0169124510139227,0.0298677013255656,-1.77179344830497,-1.52479821559736
YJL204C,0.148296892642975,-0.832929611206055,0.0199085033819905,0.0599992233774965,0.113464435997109,0.179616034030914,-0.945140242781523,-0.745654897176901
YJL203W,0.188437700271606,-0.731003046035767,0.0313383247473804,0.0739047850872937,0.130710937455297,0.249220665668448,-0.883688078552718,-0.603415958908933
YJL201W,0.174380227923393,-0.762867271900177,0.0242710310630493,0.0621681886340108,0.131898924956719,0.214085989693801,-0.879758746095309,-0.669411767799212
YJL197W,0.153479248285294,-0.817936956882477,0.0203791446346005,0.0594771039016898,0.118036337196827,0.183523178100586,-0.927984275619785,-0.736309078629836
YJL196C,1.47428500652313,0.163490042090416,0.223099334613769,0.0669895249440998,1.07811045646667,1.89333105782668,0.0326632582315155,0.27722655420581
YJL194W,0.124904684722424,-0.90787136554718,0.0175591961284735,0.0627959998186797,0.0932746455073357,0.154495563233892,-1.03023639283123,-0.811083991074132
YJL193W,0.100055813789368,-1.00470566749573,0.0148776122822408,0.0661936540466793,0.0732069878528516,0.127036626636982,-1.13544756165099,-0.896071051118518
YJL192C,1.7492390871048,0.235225141048431,0.328436635394642,0.0816027912971374,1.19633910655975,2.44447408517202,0.0778542709910945,0.38818538300964
YJL187C,0.0648790001869202,-1.19218456745148,0.00895813002706248,0.0616342156520434,0.0491613745689392,0.079523392021656,-1.30837598259275,-1.09950510365011
YJL186W,0.850372552871704,-0.074546717107296,0.115518248579721,0.0606769656247046,0.650025427341461,1.03175401290258,-0.187069654529303,0.0135761628021498
YJL185C,0.0504076220095158,-1.30547058582306,0.00965627603812858,0.0835063493018555,0.0337887098702292,0.0709046037867665,-1.47122839622135,-1.14932557038408
YJL183W,0.707639575004578,-0.154654935002327,0.0998488520720068,0.0628632628110691,0.529206991195679,0.879298816621303,-0.276374427111805,-0.0558635441838307
YJL180C,0.159933507442474,-0.801578879356384,0.0251840535316873,0.0697928705070113,0.114920752247175,0.208355957518021,-0.939601673863703,-0.68119407726572
YJL178C,0.924617648124695,-0.0398665592074394,0.150496092883829,0.0715638736161996,0.662542200585206,1.2191353470087,-0.178786499171107,0.0860519224325945
YJL176C,0.288541227579117,-0.543901205062866,0.038938118677712,0.0603374466236231,0.220457426334421,0.349112570285797,-0.656675266967427,-0.457034513524769
YJL172W,1.76049768924713,0.241435334086418,0.240160054441658,0.0610254756879893,1.33464574813843,2.14007954001427,0.125366007240032,0.33042990918448
YJL168C,0.282057285308838,-0.553744792938232,0.0379928803050298,0.060114915537149,0.216222820679347,0.341618567705154,-0.665098503899951,-0.466458532500766
YJL167W,5.01446104049683,0.695626974105835,0.718644258764949,0.0637474405894558,3.72957846919696,6.24951680103938,0.57165974891912,0.795846439906275
YJL165C,0.182078808546066,-0.743892073631287,0.0247172802279117,0.0606376751573204,0.139171458904942,0.221716334794958,-0.856449820239598,-0.654202334145148
YJL164C,0.306007862091064,-0.518804371356964,0.0435301682283218,0.0633550618169972,0.228998556733131,0.382432779173056,-0.64016725479903,-0.417444927380001
YJL163C,0.0335906632244587,-1.47864270210266,0.00495139218920386,0.0655560944896846,0.0247450813185424,0.042363723864158,-1.60651111465744,-1.37300589452633
YJL162C,0.0732559114694595,-1.13966596126556,0.0103753096702781,0.0632058385990265,0.0541982921461264,0.0908739268779755,-1.26601439850847,-1.04156070464708
YJL160C,0.00895069818943739,-2.06877255439758,0.0027720625425342,0.135114405058295,0.00449288414868837,0.0153836878016591,-2.34747478012812,-1.81293954230263
YJL157C,0.329130202531815,-0.486624985933304,0.0437567719472198,0.0595092538686853,0.252268959085147,0.394433224201202,-0.598136190425147,-0.404026512003347
YJL156C,0.143708452582359,-0.846705675125122,0.0195779658959569,0.0609447037889302,0.1094970703125,0.174636529386044,-0.960597500587663,-0.757864914702309
YJL155C,0.139672920107841,-0.85946261882782,0.019921943019302,0.0636640530737321,0.103665992617607,0.173814744999011,-0.984363689519887,-0.759913473916479
YJL154C,0.298430114984512,-0.529106438159943,0.0394269821803682,0.0592072161612279,0.22904267249008,0.357146109640598,-0.640083617047634,-0.447154077683643
YJL153C,0.00561195518821478,-2.2618682384491,0.00126750667228269,0.0980540850446604,0.00350310397334397,0.00846567062350611,-2.45554697247979,-2.07233863282732
YJL149W,0.117741495370865,-0.933273553848267,0.0160947886830273,0.0609930789866966,0.0892758975426356,0.143813446164131,-1.04926583041219,-0.84220050682859
YJL148W,1.30220401287079,0.106715127825737,0.248844284239563,0.0835754368901209,0.867129212617874,1.84254727760951,-0.0619163821860256,0.265418542792939
YJL147C,0.054170086979866,-1.2719521522522,0.00869594568276636,0.070959390364264,0.0387093379783134,0.070778545923531,-1.41218426782724,-1.15009837143776
YJL146W,0.130016058683395,-0.890478909015656,0.0183368406652881,0.0629702845450335,0.0974570903927088,0.16091212965548,-1.0111865683073,-0.793411218598121
YJL145W,0.916564762592316,-0.0431091412901878,0.141378694294203,0.0681332595109792,0.668439140915871,1.18596134583155,-0.174938135631708,0.0740705274946879
YJL139C,0.102581284940243,-0.993849813938141,0.0152462564499286,0.0658672879681722,0.0753083181257049,0.130401187514265,-1.12315705147089,-0.884718455458748
YJL137C,0.108697630465031,-0.968900382518768,0.0164387481833352,0.067311632874012,0.0788166951388121,0.138776499032974,-1.1033817870704,-0.857684116992759
YJL134W,0.299260377883911,-0.528551876544952,0.0428502306865959,0.0637847498132579,0.224069471408923,0.37175456409653,-0.649617310740294,-0.429743692183611
YJL133W,0.194207221269608,-0.717026054859161,0.029935411873749,0.0683485226872481,0.141004835565885,0.249573854605357,-0.850766059546741,-0.60280091421713
YJL131C,0.0945444405078888,-1.02972638607025,0.0146865061968414,0.068763634294257,0.0684316492949923,0.12109231390059,-1.16474304502632,-0.9168834221021
YJL130C,2.56520175933838,0.405299454927444,0.333354914483177,0.0582334767319161,1.98655984004339,3.03308046261469,0.298101650543488,0.481883924337907
YJL129C,0.0442576520144939,-1.3582900762558,0.006094027833936,0.061617393503465,0.0335310913622379,0.0541026783796648,-1.4745523126776,-1.26678124280096
YJL128C,0.281136959791183,-0.555318355560303,0.0385489501761782,0.0612656000491653,0.213321229070425,0.342278511822224,-0.670965948934837,-0.465620366285201
YJL127C,0.0812683328986168,-1.09446501731873,0.0113452309753438,0.0623377971358635,0.0613102287364503,0.100115016102791,-1.21246706670014,-0.999500784682901
YJL126W,0.106833547353745,-0.977366089820862,0.0177203918199704,0.0731149299068029,0.0755718663955728,0.141313223044078,-1.12163987532078,-0.849817218111993
YJL125C,0.418945610523224,-0.382578432559967,0.0609500959870243,0.0647151526430326,0.310002718369166,0.529555302858353,-0.508634502786926,-0.276088678715899
YJL121C,2.15141534805298,0.325267732143402,0.398245578244429,0.0807925835319771,1.46369862159093,2.98206238349279,0.165451662553228,0.47451664434232
YJL117W,1.44862282276154,0.156077116727829,0.214435970683413,0.0655966131088428,1.06672587394714,1.84139903783798,0.0280528263298572,0.265147911286544
YJL116C,0.0255973637104034,-1.60055649280548,0.00512604407357599,0.0876524293631278,0.0167942945069323,0.0361095406115055,-1.77483823854262,-1.44237803666753
YJL115W,0.566096305847168,-0.252906262874603,0.0915669798894274,0.0714659749254569,0.402346244454384,0.746334637204806,-0.395400077074554,-0.127066404979184
YJL111W,1.50563871860504,0.173448815941811,0.207611234261973,0.0614709952294191,1.14473481973012,1.8478786945343,0.0587048865185821,0.266673458213349
YJL110C,0.156589433550835,-0.809873640537262,0.0225062754960122,0.0640464691422393,0.116720237769186,0.194861350084345,-0.932853865143928,-0.710274294694183
YJL109C,0.461723327636719,-0.339529663324356,0.0606970558820819,0.058912702540302,0.356613060335318,0.54932603041331,-0.447802759722253,-0.260169824932806
YJL107C,0.0645902380347252,-1.19514858722687,0.00999563516552127,0.0684782357237225,0.0465860943309963,0.0834672107671698,-1.33174376792456,-1.07848410021138
YJL106W,0.000561866443604231,-3.30071043968201,0.000267646306543909,0.216284541736803,0.000169730179428977,0.00119064182702762,-3.77024092967043,-2.92421946205096
YJL105W,0.00440937886014581,-2.36727952957153,0.00102108623544288,0.10129054043799,0.00266528884142948,0.00667049176990986,-2.57425581925873,-2.17584214733002
YJL102W,0.0397789850831032,-1.40504848957062,0.00576882505025469,0.0644686528488052,0.0297696157513807,0.0499052340785662,-1.52622677253186,-1.30185390328431
YJL101C,0.231019869446754,-0.640608131885529,0.0317621599748962,0.0614130471649938,0.17506658496956,0.282198528945446,-0.75679674051282,-0.54944526005315
YJL100W,0.0379561111330986,-1.42565059661865,0.00564181796470742,0.0660405784768235,0.0278367800482859,0.0478726960718632,-1.55538101850722,-1.31991211343801
YJL095W,0.0571712777018547,-1.2468935251236,0.00767393462460843,0.0600604758704302,0.0437472992266218,0.0689017710586389,-1.35904875333816,-1.16176961644675
YJL094C,0.104354038834572,-0.985748827457428,0.014350353172072,0.0614000551603074,0.0791030883168181,0.127455875774225,-1.10180656058998,-0.894640145378555
YJL092W,0.0685429722070694,-1.16815841197968,0.00926437930829727,0.0604666459071107,0.0520975454399983,0.0829794257879257,-1.28318274203601,-1.0810295747854
YJL091C,0.250658392906189,-0.605319261550903,0.035041927849892,0.0624545927057794,0.188509324441353,0.308355689048767,-0.724667163973974,-0.510948034590701
YJL088W,0.0501261167228222,-1.30642974376678,0.00858993806406111,0.0756831538279884,0.0346071013249457,0.067200129168729,-1.46083477666909,-1.17262993334682
YJL087C,0.242038458585739,-0.620251953601837,0.0327357751870056,0.06058030589903,0.183797761797905,0.291631877422333,-0.735659781550222,-0.535165006307578
YJL085W,0.135591775178909,-0.871921956539154,0.0184288068331929,0.0606552181410393,0.102975852104525,0.165296204636494,-0.987264605723178,-0.781737118161576
YJL084C,0.10094191133976,-1.00005412101746,0.0136398324178014,0.0604788259371683,0.0769248846297463,0.122112240145604,-1.11393315085391,-0.913240827352314
YJL082W,0.204077854752541,-0.694347023963928,0.027651486688713,0.0606080772651143,0.155621529370546,0.246992990374565,-0.80793032356304,-0.607315371780187
YJL081C,0.290619254112244,-0.541034936904907,0.0404963705329014,0.0621021992358871,0.219391260668635,0.358234104265769,-0.658780682376747,-0.445833074132748
YJL079C,0.590450882911682,-0.234003081917763,0.0899330607465846,0.0677319616880002,0.428225189447403,0.754249042272568,-0.368327789829408,-0.122485236803501
YJL078C,0.652116179466248,-0.189677715301514,0.0867423842631536,0.0595990154812441,0.501743529736996,0.779407624403636,-0.299518219298855,-0.108235351347557
YJL076W,0.436332851648331,-0.364150166511536,0.0578028024775211,0.0593306064910574,0.33571700801452,0.52315695087115,-0.474026664152114,-0.28136800009748
YJL074C,0.244486525654793,-0.615653812885284,0.0321536286439935,0.0588677575850142,0.188762005542715,0.292232816914717,-0.724085420032725,-0.534271019661402
YJL073W,0.152914837002754,-0.819818437099457,0.0210593899604828,0.0614846576601775,0.116091728210449,0.187220880016685,-0.935198723590774,-0.72764571772294
YJL071W,0.0533352419734001,-1.27796018123627,0.0079445578915458,0.0663486188561,0.0389851827795307,0.0675100867946943,-1.4091004252829,-1.17063133813749
YJL070C,0.049667164683342,-1.308265209198,0.00689992772784985,0.061913826036453,0.0375461466610432,0.0610616498005887,-1.42543462776014,-1.21423146586922
YJL068C,0.901219546794891,-0.0503006279468536,0.136891188186795,0.0672685269041065,0.659827799598376,1.15190374851227,-0.180569449631958,0.0614161670780709
YJL062W,0.258406430482864,-0.591740489006042,0.0345791178470056,0.0598894544328308,0.197615210215251,0.312248416741689,-0.704179631319039,-0.50549975514815
YJL061W,0.287489295005798,-0.545554637908936,0.0391196577796081,0.0608435063308261,0.217946295067668,0.349861716727416,-0.661650528407041,-0.456103577315165
YJL060W,0.449895709753036,-0.351288139820099,0.0630216584007122,0.0623949479330564,0.336795955896378,0.558672352135181,-0.472633131965832,-0.25284282084313
YJL059W,0.0830418169498444,-1.08593988418579,0.0127174741083214,0.0680064662611669,0.0604322742049893,0.106543506123125,-1.21873106529953,-0.972473069932121
YJL058C,0.0491842925548553,-1.31319236755371,0.00736304660475105,0.0666139034684428,0.036073058222731,0.0623811721801758,-1.44281705925545,-1.20494646903019
YJL057C,0.0550330206751823,-1.2639274597168,0.00784921308644494,0.063424621018139,0.041225628896306,0.0685295933236678,-1.38483273561115,-1.16412184682475
YJL055W,0.987548410892487,-0.0127281146124005,0.180617744075667,0.0798940082949411,0.675203878680865,1.36885589162509,-0.170565072030781,0.136357725874706
YJL054W,0.271398842334747,-0.570839524269104,0.0382025108405051,0.0627353491357157,0.203889155139526,0.334985479464134,-0.690605880323371,-0.474974018595363
YJL053W,0.330566763877869,-0.485564440488815,0.0485743771931235,0.0652840259759784,0.244421849772334,0.416403007258972,-0.611859977415422,-0.380486142735102
YJL051W,0.0756337493658066,-1.12547039985657,0.0103042793612682,0.0608948678425743,0.0576047077775002,0.0918748412902157,-1.23954202216287,-1.0368033981795
YJL050W,0.814440727233887,-0.0930407047271729,0.106951154721366,0.0588323978376938,0.628713858127594,0.970449804762999,-0.201546973367647,-0.0130269230800355
YJL049W,0.117098987102509,-0.935978710651398,0.0166113558101255,0.0633435359293948,0.0873080700015028,0.145096521327893,-1.05894561258039,-0.838342999830817
YJL048C,0.0660111233592033,-1.1858731508255,0.0103878027474086,0.0695524897174057,0.0474048329517245,0.0860170459374785,-1.3241773916572,-1.06541548131295
YJL047C,0.0618045479059219,-1.21318471431732,0.00843155668481205,0.0610675249100366,0.04682049555704,0.0751550583789746,-1.32956399460878,-1.12404178355424
YJL046W,0.0814864039421082,-1.09414827823639,0.0124867022318597,0.067957367026073,0.059029774616162,0.104931446475287,-1.22892890956233,-0.979094398469105
YJL044C,0.157050564885139,-0.808502793312073,0.0223541285804513,0.0633894910041001,0.117759173115094,0.195461788897713,-0.929005264189472,-0.708938132299422
YJL043W,0.00401724502444267,-2.44672656059265,0.00192291706908726,0.216387809559916,0.00122265584844475,0.00861895313331235,-2.91269577669992,-2.06454581016632
YJL041W,1.16602599620819,0.0627142935991287,0.155104449221514,0.0594995520054206,0.898684153457483,1.40514536400636,-0.0463929174772371,0.147721243823123
YJL039C,0.342187017202377,-0.469636708498001,0.0449077490697063,0.0588218105075756,0.263868004083633,0.40679004167517,-0.578613267954872,-0.390629687853569
YJL036W,0.240800946950912,-0.622732758522034,0.0336845501544184,0.0623228703546939,0.181842940176527,0.296817800899347,-0.740303555328276,-0.527510071011817
YJL035C,0.0740524306893349,-1.14085757732391,0.0162321155592862,0.0954342539331438,0.0469847881856064,0.109261197907229,-1.32804272790246,-0.961534042321139
YJL033W,0.53914886713028,-0.272304594516754,0.0718027446202989,0.0596926616982028,0.410600871841113,0.647238450745741,-0.386580133212179,-0.188935690816261
YJL031C,0.23094767332077,-0.641530215740204,0.0346634166710886,0.0667994826348819,0.168919721618295,0.29206403195858,-0.772319704017609,-0.534521941429637
YJL025W,0.0237088333815336,-1.63098227977753,0.00386359572440726,0.0720895962386635,0.0168596638987462,0.0311938262078911,-1.77315111192218,-1.50593136554992
YJL020C,0.725430071353912,-0.143319129943848,0.0954411531463041,0.0589321359091378,0.558939006427924,0.861817240715027,-0.252635678351693,-0.0645848220688331
YJL019W,0.154512092471123,-0.815306127071381,0.0212689861456761,0.061491337228101,0.117639127373695,0.189112558960915,-0.929448205689162,-0.723279628710169
YJL016W,0.0585558600723743,-1.23731982707977,0.00862827813522147,0.0658733358100583,0.0428287577504913,0.073543593287468,-1.36826452402363,-1.1334551546304
YJL014W,1.92649471759796,0.280507266521454,0.265193687205856,0.0614154355899293,1.460497584939,2.35441422462463,0.164500828617077,0.371882872969113
YJL012C,3.23496222496033,0.505821704864502,0.433242535324858,0.059905111934854,2.48403942584991,3.89272844791412,0.395158483174998,0.590254089166945
YJL010C,0.546063601970673,-0.26691997051239,0.0740915513502794,0.0607859521312052,0.415038552135229,0.659618020057678,-0.381911570018079,-0.180707488405455
YJL008C,1.85304808616638,0.263761222362518,0.250561604912849,0.0604767797403606,1.40702181557814,2.24586517810822,0.148300830962451,0.351383671961395
YJL006C,0.123017773032188,-0.915777444839478,0.0197897949857835,0.0711486557228006,0.0878663898135225,0.160976514220238,-1.05617725505676,-0.793237481039996
YJL002C,1.35906541347504,0.128932729363441,0.188184967194372,0.0617390687458436,1.0314113587141,1.67078483104706,0.0134319016724841,0.222920523678034
YJR001W,0.409263074398041,-0.392254620790482,0.0562417686585638,0.0614133030721085,0.310403235008319,0.49999463558197,-0.508073769093167,-0.301034655163275
YJR002W,0.542510867118835,-0.269768208265305,0.0739494727959888,0.0607977101266915,0.413755869368712,0.660678498446941,-0.383255840010906,-0.180009826981195
YJR003C,0.184342235326767,-0.738780558109283,0.0258576670346256,0.0623875272798899,0.138950661073128,0.229044052089254,-0.857139383155195,-0.640080982053202
YJR004C,0.00660592131316662,-2.18872356414795,0.00130425279303409,0.0874668421462273,0.00427462298733493,0.00919239666933815,-2.36910219042614,-2.03657124696221
YJR005W,0.176876336336136,-0.756539463996887,0.0241627586230648,0.0610946441667884,0.134646732111772,0.215222496042649,-0.870804184318223,-0.667112347570176
YJR006W,0.148248687386513,-0.833653211593628,0.0214168608070777,0.0639822732314727,0.111076980829239,0.186908048142989,-0.954375933270189,-0.728371997808484
YJR007W,3.76815986633301,0.57086980342865,0.580310916107596,0.0680601861484238,2.75908040006955,4.83962735335032,0.440764335042897,0.684811921433197
YJR010W,0.202154412865639,-0.698818147182465,0.0285823503081925,0.0631830140253796,0.151076154659192,0.2496990095824,-0.820804113051625,-0.602583180250819
YJR011C,0.0886165350675583,-1.06101286411285,0.0174583428557121,0.086685370022178,0.0573765813373029,0.125758921975891,-1.24126536135203,-0.900461930373626
YJR013W,0.216303899884224,-0.66965913772583,0.0313718736397482,0.0646759285920245,0.159221760928631,0.270724186052879,-0.797997584599731,-0.567472945536027
YJR015W,0.941857099533081,-0.0303069707006216,0.130065989572621,0.0616644990580064,0.712276637554169,1.15294331908226,-0.147351300141886,0.0618079569160645
YJR016C,3.44827580451965,0.533412218093872,0.469927516786062,0.060927322497583,2.61328159769376,4.19841780265172,0.417186210041931,0.623085654828823
YJR019C,0.10479261726141,-0.984977900981903,0.0161856845275837,0.068446478526896,0.0756847485899925,0.135569317142169,-1.12099162737617,-0.867838593010553
YJR030C,0.0900372117757797,-1.04988026618958,0.0124422636374828,0.0617354407406768,0.0679808302472035,0.110299460589886,-1.16761355199131,-0.957426611434777
YJR031C,0.138401299715042,-0.862822473049164,0.0183203313434459,0.0592961784963952,0.106727602581183,0.165173763905962,-0.971723258621385,-0.782058935166168
YJR032W,0.565384447574615,-0.252358198165894,0.0819945082806292,0.064454634966647,0.41937604000171,0.710023236274719,-0.377396385807389,-0.148727440649599
YJR033C,0.106998257339001,-0.974668920040131,0.0143157522704648,0.05991966375588,0.0819815093651414,0.128749943524599,-1.08628409027218,-0.890253040636876
YJR035W,0.0493825040757656,-1.31059443950653,0.00671513772993484,0.0607856820918908,0.0377825743829211,0.0599549571362634,-1.42270845421823,-1.22217490359335
YJR036C,0.00966334249824286,-2.02103781700134,0.0016129817400039,0.073672477071452,0.00682554416901742,0.0127685202828919,-2.16586275080188,-1.89385945410167
YJR040W,0.187511697411537,-0.731231272220612,0.0257827743437259,0.0614277951527484,0.142769995952646,0.228505535299579,-0.845363053272468,-0.641103277404791
YJR041C,0.216878712177277,-0.667820870876312,0.0289987294557453,0.0598280093343119,0.166459206491709,0.260485811531544,-0.7786921800013,-0.584215928645932
YJR042W,0.307089984416962,-0.516860604286194,0.0415297918378564,0.0604761387256144,0.234591960906982,0.37204476694266,-0.629686874545969,-0.429404800160892
YJR043C,0.225809693336487,-0.651053667068481,0.0330411293539476,0.0651296204240833,0.166895355160038,0.283458443979422,-0.777555753833276,-0.547510601390414
YJR046W,0.154030278325081,-0.81666511297226,0.0212248501201462,0.0615131165157962,0.11676609882464,0.187992766499519,-0.932683231214886,-0.725858861001112
YJR049C,0.265261083841324,-0.580659449100494,0.0368285991831782,0.0619204160667398,0.199777749056617,0.325790076951186,-0.699452934839314,-0.487062160031214
YJR050W,0.165072470903397,-0.792548775672913,0.036221819870951,0.0942127311738883,0.106189721574386,0.245404037460685,-0.973917557412386,-0.610118298273536
YJR051W,0.373205274343491,-0.432425051927567,0.0520875655878628,0.0621893209281856,0.282182380308708,0.4597689298292,-0.549470108403226,-0.337460380787162
YJR053W,0.0925749093294144,-1.03809595108032,0.0132379449072519,0.0637389883939756,0.0688575759530067,0.11539840263625,-1.1620482707509,-0.93780020387767
YJR054W,0.0656194314360619,-1.18779158592224,0.00964926825042491,0.0652644326580798,0.0487071504195531,0.0824346678952376,-1.31240727920682,-1.08389013077996
YJR056C,0.193018272519112,-0.723665356636047,0.0399651339174307,0.0900558218180903,0.123729830048978,0.28158258224527,-0.907526597029857,-0.550394215561928
YJR059W,0.276006102561951,-0.563201248645782,0.0372877008649858,0.0604288966787384,0.21065964375933,0.334211785842975,-0.676418654584085,-0.475978239284829
YJR060W,1.16293478012085,0.0609959848225117,0.165478437507546,0.0635799190057661,0.861910236378511,1.44160327812036,-0.0645379634347075,0.158845749862416
YJR062C,0.149132013320923,-0.831027269363403,0.0213343778354976,0.0638205232377437,0.111066103043656,0.185546480491757,-0.954418739952079,-0.73154727917217
YJR064W,2.22869229316711,0.343890696763992,0.302649910741774,0.0607206845477196,1.68823384344578,2.70318922599157,0.22743260189436,0.431876442114991
YJR070C,5.0829176902771,0.701216578483582,0.753551221672173,0.0657360604548199,3.73357494473457,6.43286439180374,0.57212487223976,0.808404389333116
YJR072C,0.911146700382233,-0.0450833030045033,0.131874502687285,0.0641940828444448,0.67897823403279,1.14518039524555,-0.168144151358817,0.0588738717914746
YJR076C,0.966333329677582,-0.019479725509882,0.138667711007369,0.0638037903550862,0.725981448590755,1.20594918727875,-0.139074505453927,0.0813290091728263
YJR077C,1.65249526500702,0.213141813874245,0.24800444412768,0.0663591035204553,1.21384662886461,2.11161414384842,0.0841638134693948,0.32461455457146
YJR080C,0.282188147306442,-0.554152548313141,0.040870916448772,0.0643963527624299,0.208989780892928,0.353291816512744,-0.679874949960168,-0.451866424134168
YJR088C,0.856657028198242,-0.0724342465400696,0.131436675866355,0.0680304002417455,0.622061789035797,1.10208472311497,-0.206166474948232,0.0422149747828182
YJR089W,0.0636395961046219,-1.20052742958069,0.00874463332284356,0.0614321519644053,0.0483109552413225,0.0775212648635109,-1.315954378117,-1.11057915303054
YJR090C,0.103335000574589,-0.989804029464722,0.013844313695617,0.0599230364602387,0.0793382481982311,0.124476589697103,-1.10051739321096,-0.904912320403431
YJR092W,0.388940781354904,-0.414040386676788,0.0511818931506397,0.0590285244137551,0.300177991886934,0.461847286174695,-0.522621156613702,-0.335501603958293
YJR093C,0.204833000898361,-0.69364333152771,0.0307986193299133,0.0667548635890615,0.150545701260368,0.260860550403595,-0.822331641033895,-0.583591594217548
YJR094C,0.0554137080907822,-1.26241314411163,0.00913094307611218,0.0729558497406395,0.0390765439718962,0.0727465940018494,-1.40808385398062,-1.13818738857254
YJR096W,0.244872629642487,-0.617708027362823,0.0427798785624805,0.0763222481681967,0.170490739991268,0.333523164441188,-0.768299204693314,-0.476874045883586
YJR098C,0.0558317489922047,-1.25794720649719,0.00820921876616059,0.06530103917729,0.0412311147587995,0.0706281508629521,-1.38477492470458,-1.15102216414655
YJR099W,0.245160400867462,-0.61961156129837,0.050270999350628,0.0889444958126217,0.160740326220791,0.35367526486516,-0.793875205049334,-0.451395346451943
YJR101W,0.335488826036453,-0.480962514877319,0.0583995820574408,0.0763416690337858,0.235524224614104,0.45272157539924,-0.627964417359744,-0.344168809140533
YJR103W,0.381152391433716,-0.42317271232605,0.052477779685104,0.0615204439494559,0.287838918964068,0.467002426832914,-0.540850486303069,-0.330680863195329
YJR106W,0.0361081250011921,-1.44688820838928,0.00510385289058199,0.0630893377149509,0.0269383201375604,0.0446532586279015,-1.56962950169863,-1.35014684243223
YJR107W,0.00090571993496269,-3.14397716522217,0.000612817983266966,0.315880892669578,0.000138708202818331,0.002445756989376,-3.85789791897994,-2.61158701493308
YJR109C,0.737965524196625,-0.135874554514885,0.0970517954444212,0.0588824016734618,0.572409525513649,0.881470712522666,-0.242293149061034,-0.0547921141208475
YJR111C,0.148636072874069,-0.834142208099365,0.0250659655808974,0.0742488411084842,0.104291908132533,0.197616539647182,-0.981749387219304,-0.704176709663003
YJR116W,0.221478313207626,-0.660649240016937,0.0363199408090207,0.0726662690422644,0.157560989260674,0.288603514432907,-0.802551301097835,-0.539698384644031
YJR117W,0.914885938167572,-0.0428689010441303,0.125747124266021,0.0611920019937172,0.694022064407667,1.12260797818502,-0.158626722229375,0.0502281082421484
YJR119C,0.0318439714610577,-1.50189173221588,0.00472209793763589,0.0659224367393562,0.0233536679297686,0.0401174521694581,-1.63164489939951,-1.39666665697221
YJR122W,0.0705166384577751,-1.1566014289856,0.0104245127044052,0.0657390462098815,0.0515749976970255,0.0889406196773052,-1.28756083737439,-1.05089985013554
YJR124C,0.266380697488785,-0.57916134595871,0.0385372567244811,0.0641348741092898,0.199812784915169,0.334196678797404,-0.699376737428642,-0.475997896964555
YJR125C,0.94824743270874,-0.0275892186909914,0.134252906656411,0.063223274777097,0.708159029483795,1.17474062045415,-0.14986920294336,0.069941985456741
YJR126C,0.162721380591393,-0.792651951313019,0.0219439537613383,0.0602420934414936,0.124534353613853,0.197370691597462,-0.904710829075005,-0.704717337676366
YJR130C,0.0685593783855438,-1.1685619354248,0.0098483530349028,0.0639945536331921,0.0509754343579213,0.0855530498549342,-1.29263909184439,-1.06776450963184
YJR131W,0.290329396724701,-0.541387617588043,0.0399975183162266,0.061592090237646,0.219404518604279,0.354221642017364,-0.658754432437259,-0.450724911706209
YJR132W,0.31020399928093,-0.512364685535431,0.0413057730999087,0.059659418314442,0.238261443997423,0.373060941696167,-0.622946236427522,-0.428220217841434
YJR134C,0.135065138339996,-0.873717069625854,0.0185961166696848,0.0614451068685574,0.102572038335105,0.165281634405255,-0.988971014902336,-0.781775407190965
YJR136C,0.0729026943445206,-1.14239513874054,0.011070510419555,0.067368758159511,0.0531944021893044,0.0931696434815725,-1.27413407351323,-1.03072556843078
YJR137C,0.277547955513,-0.560595095157623,0.0366026418612259,0.0590820903620148,0.213980292528868,0.331206714113553,-0.669626224512251,-0.479900868910313
YJR139C,5.71879196166992,0.752522170543671,0.836782331570899,0.0649875104349095,4.24735905726751,7.23473951419194,0.628118972331744,0.859422896646047
YJR140C,0.0839987620711327,-1.07976114749908,0.0112116243508405,0.0598508704514821,0.0642646852880716,0.100561660466095,-1.19202761871012,-0.997567567416683
YJR141W,0.0464557781815529,-1.33990561962128,0.00826664525227231,0.0780886654999879,0.0323744661795596,0.062978483736515,-1.48979742355718,-1.2008077996028
YJR142W,0.421432822942734,-0.380298793315887,0.0633698336451226,0.0665766933860657,0.308736652135849,0.53886396586895,-0.510411809534886,-0.268520872018228
YJR144W,0.654677271842957,-0.190522029995918,0.113236077115181,0.0757788028518555,0.459989751130342,0.888030554850896,-0.337251849255268,-0.0515721197485476
YJR148W,3.92885828018188,0.589663207530975,0.563648138253636,0.0637691941770843,2.91964721083641,4.92444167137146,0.465330377220183,0.692356986469761
YJR149W,0.00426179030910134,-2.39239740371704,0.00137174899729049,0.139256908847183,0.00213973431964405,0.00746628145764891,-2.66964023232856,-2.12689615570928
YJR150C,0.0521411970257759,-1.29148173332214,0.0103809306295009,0.087302939932996,0.0339317749564846,0.073733410735925,-1.46939347332839,-1.13233567890215
YJR151C,0.00083397189155221,-3.1037609577179,0.000281616802161603,0.149417889614582,0.000390911875001621,0.00147665069283297,-3.40792115284525,-2.83072233910037
YJR152W,0.000894219963811338,-3.09604334831238,0.00041180155019147,0.21082976910408,0.000279757397705301,0.00187406830567246,-3.55321844756189,-2.72721458743665
YKL222C,0.00643778918311,-2.19917821884155,0.00122138866531381,0.0834735148279186,0.00426424900069833,0.0089861476017783,-2.37015744364566,-2.04642648902077
YKL221W,0.00277205719612539,-2.58063721656799,0.000922575502379028,0.143592323507834,0.00135077729549569,0.00496046288559834,-2.86941648311713,-2.30447794196889
YKL218C,0.122408740222454,-0.917989730834961,0.0198567396467256,0.0714172458477518,0.0874135427176952,0.161808870111903,-1.058421279378,-0.790997675341255
YKL216W,4.23852109909058,0.622361779212952,0.625338820170906,0.0654622929024475,3.11503815452258,5.3557505607605,0.493463369046296,0.728820341938191
YKL215C,0.324451357126236,-0.492847859859467,0.0431659869589239,0.0595322217480253,0.249566197146972,0.388522813220819,-0.602814241106905,-0.410583475616431
YKL213C,0.329161167144775,-0.486698925495148,0.0444214772902003,0.0603129941884237,0.25182588348786,0.400141399353743,-0.598899647077582,-0.397786513429801
YKL212W,1.62987792491913,0.208002924919128,0.221063884497274,0.060669574695907,1.24064147472382,1.97092171808084,0.0936462955639252,0.294669372384728
YKL211C,0.795479953289032,-0.103706419467926,0.11044852883067,0.061959567630965,0.600040915608406,0.977976107597351,-0.221819142501197,-0.0096717551128594
YKL210W,3.33159875869751,0.518725633621216,0.439077784995104,0.0590181576855991,2.56245160102844,3.9736688931783,0.408655671291213,0.599191674843696
YKL209C,0.538606464862823,-0.272662609815598,0.0710400484648668,0.0590668828318222,0.415752622981866,0.64216878314813,-0.381165070730486,-0.192350810117103
YKL208W,0.101718112826347,-0.99970817565918,0.0184001518281493,0.0788518413541416,0.0700111854821444,0.141098517427842,-1.1548325840794,-0.850477556623372
YKL207W,1.57262551784515,0.190054103732109,0.273394036244659,0.0758021564255694,1.09821913142999,2.13325125376383,0.040689000848552,0.329042006991163
YKL205W,0.202233269810677,-0.698193907737732,0.0270830073493663,0.0598872034275835,0.155455295120676,0.243313078954816,-0.808394481617242,-0.61383456582907
YKL204W,0.497942686080933,-0.306924909353256,0.067231260093441,0.060291200376478,0.379856258630753,0.607257058719794,-0.420380713628768,-0.216627428362977
YKL197C,0.0947906821966171,-1.02732133865356,0.0127520377119723,0.0602361083214234,0.0719331502914429,0.114656280788283,-1.14307091948191,-0.940602149948226
YKL195W,0.806368768215179,-0.0978123620152473,0.112056711334876,0.0620436511087172,0.605658586819967,0.994714770217736,-0.217772146685699,-0.00230143544328245
YKL194C,0.0975136756896973,-1.01574659347534,0.0142859531496639,0.0652334522992968,0.0716651007533073,0.122934450209141,-1.14469228422212,-0.910326437980625
YKL193C,0.340633630752563,-0.472675532102585,0.0507272630515665,0.0662280454448214,0.250021249055862,0.431045021116734,-0.602023079505796,-0.365477368324063
YKL191W,0.394483923912048,-0.40826153755188,0.0543827031183369,0.0616995282058225,0.297703133275111,0.481639524300893,-0.526216594463566,-0.317277889863639
YKL189W,0.128106579184532,-0.897485375404358,0.0192883300998529,0.06683725842899,0.0937673023591439,0.16246688204507,-1.02794858117254,-0.789235155936905
YKL187C,0.00129230122547597,-2.91077280044556,0.000410421552851897,0.140845476936382,0.000624969776254147,0.00223785549557457,-3.20414098477341,-2.6501679733839
YKL185W,0.339341193437576,-0.47359761595726,0.046579072566409,0.0612086633705299,0.257834967474143,0.415958911180496,-0.588658192166708,-0.380949567279279
YKL183W,0.261766254901886,-0.587536692619324,0.0410493119161339,0.069293754801987,0.188274726271629,0.341912623743216,-0.725207975137095,-0.466084871567612
YKL181W,1.49480712413788,0.170043125748634,0.212610375265265,0.0634024627709812,1.12024211883545,1.84759473800659,0.0493118972328691,0.266606716695339
YKL179C,0.269193857908249,-0.574129521846771,0.0366802675279535,0.060988114348398,0.204735816518466,0.325535118579865,-0.688806179897844,-0.487402153078158
YKL175W,0.431071043014526,-0.369807004928589,0.0600560214879691,0.0620822580388948,0.324743548035622,0.53141329139471,-0.488459468913016,-0.274567587646625
YKL174C,0.170919388532639,-0.771518528461456,0.0236264610918069,0.0618235067233878,0.128408032407363,0.208956957235932,-0.891407829149215,-0.679943166646788
YKL173W,0.146097600460052,-0.839353740215302,0.0194434958718517,0.0595262473925553,0.111889151732127,0.175497700273991,-0.951212035313854,-0.755728570393642
YKL172W,1.98617088794708,0.293629258871078,0.277795812729977,0.0622935087764605,1.49254965583483,2.45647542675336,0.173928788253729,0.390312419230901
YKL171W,0.0277731847018003,-1.56095290184021,0.00396909649470227,0.0636379830429935,0.0207371930902203,0.0343902148616811,-1.68325002857568,-1.46356512071797
YKL168C,0.0638671740889549,-1.19927442073822,0.00908782712199215,0.0635075456857913,0.0474322326481342,0.0791191097348928,-1.32392643250722,-1.10171861299553
YKL166C,0.290072202682495,-0.542004525661469,0.0411135775448957,0.0631991891908638,0.216482970739404,0.359279554337263,-0.664576273356871,-0.444567502461298
YKL165C,0.380566209554672,-0.42350697517395,0.0502422479767955,0.0590873412433714,0.29415993442138,0.455762704958518,-0.531416480567554,-0.341261216224026
YKL155C,0.107433192431927,-0.973278105258942,0.0150638347464131,0.062530573430183,0.0809111243113875,0.132970324903727,-1.09199176450129,-0.876245270131983
YKL154W,0.561603307723999,-0.257769614458084,0.101729214909301,0.0795505461770117,0.382475227117538,0.770498959720134,-0.417396688809886,-0.113227961376488
YKL151C,0.31379571557045,-0.5081866979599,0.0460961855430795,0.0653802414424033,0.230461324378848,0.394974899788698,-0.637402085983435,-0.403430504346731
YKL150W,1.00288462638855,-0.00381992803886533,0.151377148454305,0.0668933374061698,0.733211937050025,1.28108018040657,-0.134770484151338,0.107576311925539
YKL149C,0.114501036703587,-0.94593220949173,0.0166650986803108,0.0647652323012646,0.0845114106933276,0.143441060309609,-1.0730847512134,-0.843326516203526
YKL148C,0.290204614400864,-0.541507005691528,0.0396480012973036,0.06108632994188,0.220296053712567,0.353542354951302,-0.656993285108063,-0.451558549632894
YKL146W,0.209401443600655,-0.683207392692566,0.0284798062812802,0.0609421517357282,0.159063576658567,0.252980759739876,-0.798429257001261,-0.596912508752598
YKL143W,0.609764456748962,-0.219188332557678,0.0847561522214058,0.062075120698861,0.460240113735199,0.748325058817863,-0.337015552267718,-0.125909711549674
YKL140W,0.247029006481171,-0.611476004123688,0.0338243146940818,0.0611681176574851,0.186902823423346,0.302270509550969,-0.728384138280521,-0.519604235972104
YKL139W,0.126117661595345,-0.903679668903351,0.0177988689168469,0.062736926424772,0.0950759075582027,0.156730787456036,-1.02192953870291,-0.804845684416317
YKL135C,0.265542984008789,-0.579977095127106,0.0358691259602746,0.0603533100288736,0.202833485851685,0.321793531874816,-0.692860345591506,-0.492422695935805
YKL134C,0.0992804616689682,-1.00747275352478,0.0137558015134684,0.0619916545518106,0.0748239979147911,0.121380846761167,-1.12595909076563,-0.915849837199623
YKL132C,0.00797247234731913,-2.10876488685608,0.00172750995120217,0.095791561760222,0.0049355351831764,0.0117340736168747,-2.30666578506844,-1.93055119360353
YKL130C,0.497683584690094,-0.309775590896606,0.0872401725573593,0.0768237070134559,0.347423735260963,0.672063594559828,-0.459140540215436,-0.172589632032319
YKL127W,1.28855156898499,0.10598848760128,0.174030641391695,0.0603715295692591,0.988134561975797,1.56271617611249,-0.00518391163778062,0.193880107536074
YKL126W,0.535070478916168,-0.275698095560074,0.0721741851741238,0.0603780970526913,0.409058954318364,0.644578031202157,-0.388214099653779,-0.19072452190682
YKL125W,0.202917769551277,-0.696951568126678,0.0279706631038133,0.0614882133708405,0.153529641528924,0.248478886360923,-0.813807767353056,-0.604710537848494
YKL124W,0.073372446000576,-1.1390825510025,0.0105361955740759,0.0638592335942334,0.0548625488455097,0.0915079293151696,-1.26072402758463,-1.03854127381847
YKL121W,0.0330475121736526,-1.48561275005341,0.00480554869872963,0.0648529339227034,0.0244316316830615,0.041420939254264,-1.61204752990434,-1.38278005735702
YKL120W,1.45328736305237,0.157621443271637,0.210798482649977,0.0647336102011636,1.07225078344345,1.82289218902588,0.0302963717408767,0.26076098401663
YKL116C,0.101025827229023,-1.00024771690369,0.014583506822175,0.0643717873915167,0.0750741076345245,0.125745145852367,-1.12450983565724,-0.90050877174903
YKL113C,0.427452683448792,-0.373990058898926,0.0632755839201263,0.0656134139630406,0.316840119163195,0.543012003600597,-0.499159840364438,-0.26519057001519
YKL112W,0.606602549552917,-0.221233233809471,0.0821571972684637,0.0605626931600768,0.462583065032959,0.732823677361012,-0.334810270608553,-0.135000507177099
YKL110C,0.339547544717789,-0.474435776472092,0.0526164135136138,0.0686025857013925,0.246023269494375,0.436201991637548,-0.609023826041973,-0.360312358265707
YKL109W,0.133811354637146,-0.877932786941528,0.0187637106368029,0.0626032877336447,0.100481700276335,0.164489229147633,-0.997913025629069,-0.783862535046714
YKL108W,0.111039377748966,-0.959215402603149,0.0160526068904348,0.0644348978510183,0.0823589848354459,0.139095964903633,-1.08428901644046,-0.856685468502953
YKL107W,0.0117119755595922,-1.94714200496674,0.00314306184678305,0.118231387702173,0.00646567209235703,0.0186774457960079,-2.18938634379352,-1.72868347540602
YKL106W,0.261850714683533,-0.586482286453247,0.0372271550942935,0.0633468623335327,0.19659777097404,0.324334386736155,-0.706421439064722,-0.489007008197236
YKL104C,1.39708817005157,0.141133233904839,0.188081109053291,0.0602100892313462,1.06926608085632,1.68602243165175,0.0290857903991781,0.226863347323836
YKL101W,0.195816025137901,-0.71214234828949,0.0260014936906136,0.0595022911470379,0.150419605274995,0.234176152820388,-0.822695585528183,-0.63045733401078
YKL100C,0.430386573076248,-0.370369344949722,0.0590207889872786,0.0611771020172469,0.327970504760742,0.526731410125891,-0.484165211762821,-0.278410783803065
YKL099C,0.972348511219025,-0.0192464087158442,0.174970856862534,0.0787106911534697,0.66759507060051,1.33907627761364,-0.175486879499175,0.126805308311823
YKL098W,0.0883904919028282,-1.05961000919342,0.0145703998740749,0.0727946244295371,0.0624920501063267,0.116538885856668,-1.20417522865221,-0.933529151960139
YKL095W,0.196253448724747,-0.713626861572266,0.0335621826179734,0.0752926172131992,0.137599162757397,0.264305167893569,-0.861384216805785,-0.577894345164413
YKL094W,0.72811496257782,-0.143059924244881,0.111598143299881,0.0682289821346835,0.527450382212798,0.931154888868332,-0.277818449979458,-0.0309780723168592
YKL093W,0.00867634452879429,-2.07907795906067,0.00244590030864701,0.124378507075872,0.00460854871974637,0.0139560852975895,-2.33643604869695,-1.85523644382817
YKL092C,0.0884331837296486,-1.05751502513885,0.0119553981644141,0.060560003902998,0.0671875476837158,0.106999285643299,-1.17271121018079,-0.970619122379448
YKL091C,0.147448629140854,-0.836964666843414,0.0234092788365569,0.0703559648427363,0.105315424501896,0.192010760307312,-0.977508017366422,-0.716674436017931
YKL089W,0.106525428593159,-0.976895391941071,0.0148002496496409,0.0621139535925718,0.0798211482043068,0.130947192013264,-1.09788202931923,-0.882903814290061
YKL088W,0.228883221745491,-0.644669353961945,0.0315479273928752,0.0616089419702351,0.172707388425867,0.280487111707528,-0.762689083055191,-0.552087102104517
YKL085W,1.64618265628815,0.211696609854698,0.240972826108319,0.0649822006591011,1.225284593304,2.07964155872663,0.0882364023567852,0.317988484700416
YKL082C,0.726278841495514,-0.143407851457596,0.103151702855466,0.0631306798133578,0.544861445824305,0.905407555898031,-0.263713928507661,-0.0431558857847681
YKL080W,2.20987939834595,0.339756339788437,0.316845412481266,0.0638907819147998,1.65010735491912,2.75133679111799,0.217512198850214,0.439543752390711
YKL079W,0.1599200963974,-0.800415515899658,0.0221570214262848,0.0618445911455081,0.12065439671278,0.196335496380925,-0.918456847536319,-0.707001181683245
YKL077W,1.57911705970764,0.19373419880867,0.228193251315557,0.0643446869856044,1.17561912735303,1.98149135112762,0.0702666434198056,0.296992181032918
YKL075C,0.150967478752136,-0.825717270374298,0.0216253064963242,0.0638065016280649,0.112213117380937,0.187906013304989,-0.949956382924119,-0.726059326129455
YKL072W,0.0844266638159752,-1.07784008979797,0.011695663987967,0.0618740980186128,0.0638360671078165,0.103551592491567,-1.19493388693137,-0.984843218591536
YKL071W,0.00897931680083275,-2.08038997650146,0.00351224604353703,0.174978329815434,0.00345347912128394,0.0171812648419291,-2.4617432514538,-1.76494487647614
YKL068W,0.341598570346832,-0.470508009195328,0.045550391329742,0.0597588222035344,0.261819159736236,0.409074570735296,-0.58199857527382,-0.388197516878387
YKL064W,0.148465737700462,-0.832369446754456,0.0197484140006876,0.0595312127009348,0.113865479826927,0.178013750165701,-0.943607919406173,-0.749546454001785
YKL060C,50.9647750854492,1.70275783538818,7.22686601980843,0.0631968755485125,37.9670493761698,63.2013127009074,1.57940683988289,1.8007260987088
YKL059C,0.206741020083427,-0.689275026321411,0.0299482842263872,0.0644863072145817,0.153687002758185,0.258133815228939,-0.813362859555364,-0.588155099678162
YKL057C,0.311205476522446,-0.510995864868164,0.0416323022147196,0.0598895963327447,0.238415886461735,0.373442200571299,-0.622664810580763,-0.42777661137411
YKL055C,0.0536061078310013,-1.28014314174652,0.0110587718445917,0.0908365440220448,0.0344517174487313,0.0771094974130392,-1.46278945141402,-1.11289212824264
YKL054C,3.48653125762939,0.538287818431854,0.469503671023405,0.0603754516344277,2.66402224302292,4.18724103768667,0.425537841151734,0.621927961507239
YKL052C,0.187443390488625,-0.732845425605774,0.0300376490863765,0.071044312307358,0.132909210026264,0.246147528290749,-0.876444924210454,-0.608804520870621
YKL050C,0.00122435833327472,-2.93199729919434,0.000368322927197879,0.13322407398328,0.000624398796935566,0.002035020738064,-3.2045379429577,-2.69143121363254
YKL049C,0.344602018594742,-0.471799075603485,0.0708220055436156,0.0892739419115845,0.225393158942461,0.493150727450847,-0.647059270328181,-0.30702037477759
YKL048C,0.041043147444725,-1.3914440870285,0.00593169632238419,0.0643951776857936,0.0303925941853474,0.0511951324840387,-1.51723222915469,-1.29077132985404
YKL047W,0.198302686214447,-0.706945359706879,0.0273603491127718,0.0614934840779894,0.150438264633218,0.243171686554948,-0.822641688236601,-0.614086993447746
YKL046C,0.765470266342163,-0.120456725358963,0.10722269753055,0.0622214222076245,0.580520033836365,0.946670148770014,-0.236182788096891,-0.0238013211967909
YKL045W,0.236782789230347,-0.629766702651978,0.0318709845356941,0.060523970947879,0.178432062640786,0.285510776688655,-0.748527107447791,-0.544377497721929
YKL043W,0.195352703332901,-0.714277863502502,0.029523257955627,0.0671025855445754,0.141970850030581,0.249864563966791,-0.847800837636742,-0.602295332153257
YKL040C,0.783976197242737,-0.111849576234818,0.130662827421775,0.0736504809281327,0.552817290027936,1.03118658065796,-0.257418414185901,0.0133372526927865
YKL039W,0.94029289484024,-0.0309660062193871,0.129024198785673,0.0611683517509595,0.717210418482621,1.14865756034851,-0.144353413726509,0.0601905754096989
YKL038W,0.0647837296128273,-1.19263768196106,0.00871631697033052,0.0603514235380727,0.0493612576586505,0.0776617099841436,-1.30661378417372,-1.10979305269833
YKL035W,2.79333877563477,0.44190326333046,0.382949026246557,0.0611055749933599,2.12932372093201,3.41036086281141,0.328241692216597,0.532800332934442
YKL034W,0.129243597388268,-0.892733514308929,0.0175119360875286,0.0606031387156576,0.0978313002735376,0.157404151807229,-1.00952218437443,-0.80298382742223
YKL033W-A,1.05783069133759,0.016572643071413,0.201457718664479,0.0827706089319583,0.71613123267889,1.49827742576599,-0.145007385087291,0.175592236143138
YKL033W,0.0663180202245712,-1.18253946304321,0.00902252637571772,0.060797872884287,0.0506326055464645,0.0802027340357502,-1.29556972426919,-1.0958108273316
YKL032C,0.513897240161896,-0.293288350105286,0.0699784769024423,0.0606975334555107,0.392762293666601,0.627652645607789,-0.405870215310605,-0.202280636529367
YKL027W,0.250234514474869,-0.606181561946869,0.0355562855242583,0.0633072833388519,0.187789391974608,0.309610388676325,-0.726328971455191,-0.509184476193531
YKL025C,0.217942997813225,-0.665867388248444,0.0297670231012718,0.0611068266644735,0.165479309484363,0.264675859113534,-0.781256300177095,-0.577285668566453
YKL023W,0.188283488154411,-0.731293201446533,0.031270303686872,0.0733410390713297,0.133397984380523,0.249887884656588,-0.874850734688162,-0.602254817074676
YKL020C,0.150852024555206,-0.825460910797119,0.020091543704626,0.0596612115614417,0.115618326452871,0.180736497913798,-0.936973323472704,-0.742954137222582
YKL018W,0.181469663977623,-0.74664181470871,0.028372625836121,0.0693307256754608,0.131713624298573,0.234649764373898,-0.880369300663805,-0.629579913697062
YKL017C,0.0595847107470036,-1.22930717468262,0.00835949193708904,0.0627822277974154,0.0444675781453649,0.0736209933335582,-1.35195652392362,-1.13299838445722
YKL014C,0.278261184692383,-0.55941516160965,0.0363862230663353,0.0585817185606156,0.215289179235697,0.33033487200737,-0.666977798288636,-0.481045577319895
YKL012W,0.134697631001472,-0.875068485736847,0.0188697909179042,0.0626675178736552,0.100991038108865,0.165895649666587,-0.995717166573995,-0.780165017078284
YKL011C,0.0673657208681107,-1.17756605148315,0.0110807690914341,0.0728042991260232,0.0478388132837911,0.0886316301922003,-1.32021961125725,-1.05241130815452
YKL010C,0.271497160196304,-0.570202708244324,0.0359778884763455,0.0593253398570049,0.209192665790518,0.324730089306831,-0.679453546196408,-0.488477471526188
YKL009W,2.27202272415161,0.348514318466187,0.434504969109719,0.0830533295542734,1.53292643626531,3.22563996712367,0.18552131347938,0.508615882067294
YKL007W,1.07275676727295,0.0244686119258404,0.178099843390357,0.0726984728136985,0.76684612184763,1.42183265089989,-0.115291780573946,0.152848472548518
YKL005C,0.114517726004124,-0.945698261260986,0.0163461990074402,0.0636018616777418,0.0853724578395486,0.142102122306824,-1.06868224324742,-0.847399435800472
YKL002W,0.554488360881805,-0.265304088592529,0.114939080946485,0.0895530153368177,0.362149361769358,0.793153903881708,-0.441112277832635,-0.10064256966957
YKR002W,0.308654308319092,-0.514842450618744,0.0427680884243412,0.0617934218158025,0.232669485236208,0.377045579751333,-0.633260638964561,-0.423606155170632
YKR003W,0.410008013248444,-0.391684800386429,0.0578666656382285,0.0629683322514007,0.30578992019097,0.507111066579819,-0.514576846434546,-0.294896914348935
YKR004C,0.0517232976853848,-1.29226088523865,0.00845546988952971,0.0724884059541286,0.0365246734271447,0.0675555542111397,-1.43741366170836,-1.17033893880944
YKR008W,0.408873349428177,-0.392641097307205,0.0559854244842611,0.0612526223840153,0.30942416464289,0.497275474419196,-0.509445796152724,-0.303402979725363
YKR010C,0.0984937027096748,-1.01081323623657,0.0134848177847582,0.0611881341707732,0.0740983389938871,0.120143817427258,-1.13019156105092,-0.920298581000003
YKR011C,0.350103139877319,-0.460673540830612,0.0516249485323017,0.0656316934021783,0.256185443202655,0.441767691324155,-0.591445569813152,-0.354806049427532
YKR013W,2.45463871955872,0.385187476873398,0.360514451508395,0.06506356602532,1.81685200134913,3.11047522823016,0.259319527338435,0.492826745384587
YKR015C,0.000511157675646245,-3.36323738098145,0.000297029411779194,0.25836312131239,0.000123228843828353,0.00124639307032339,-3.90928806810495,-2.90434497696739
YKR016W,0.314743876457214,-0.506405770778656,0.0438568615861676,0.0621467157193721,0.23831404907008,0.386026164640983,-0.622850355555546,-0.413383258118907
YKR018C,0.713295221328735,-0.150814056396484,0.0959244086920031,0.0601738215922578,0.54686653961738,0.86105078458786,-0.262118650645848,-0.0649712344136462
YKR019C,0.0629336982965469,-1.20587623119354,0.00915369338070263,0.0649605271148106,0.0466940807799498,0.0784585972627004,-1.33073817078245,-1.1053594634646
YKR022C,0.0752776637673378,-1.12966895103455,0.0127696169052157,0.0746442711943539,0.0525163635611534,0.101736486703157,-1.27970535379355,-0.992523359340899
YKR023W,0.166741371154785,-0.782508790493011,0.0237623086968495,0.0634381031021802,0.125282555818558,0.208046364039183,-0.902109395399683,-0.681839871254413
YKR024C,0.255458503961563,-0.596822679042816,0.0346097154525218,0.0606070169803693,0.19450680911541,0.310135056823492,-0.711065190690522,-0.508449139704763
YKR025W,0.619315564632416,-0.213616967201233,0.0978752398825954,0.0697755911032037,0.44619355276227,0.805314123630524,-0.350476710037225,-0.0940346841672115
YKR026C,0.695513248443604,-0.162876904010773,0.106238132929047,0.0675810889051654,0.507208398977915,0.891848821441332,-0.29481356368642,-0.0497087620413392
YKR029C,0.172761008143425,-0.766720533370972,0.0234894648299255,0.0607680005241644,0.131380057210724,0.209906949475408,-0.881470559493843,-0.677973183516367
YKR031C,0.0900257155299187,-1.04957413673401,0.0118933531151477,0.0591014128807277,0.0692855722581347,0.107852122746408,-1.15935719886742,-0.967171302815509
YKR034W,0.00231395405717194,-2.72527527809143,0.00148365481478453,0.29501643149229,0.000406689258913199,0.00613425772559517,-3.39073734187786,-2.21223883428385
YKR036C,0.075100839138031,-1.12890160083771,0.0107097158660278,0.0633633814990172,0.0562101501350602,0.0936289519071579,-1.25018526202349,-1.02858984263235
YKR037C,0.16871365904808,-0.778943777084351,0.0281388888404654,0.0731313916463518,0.11909593641758,0.226501634344459,-0.924103056498156,-0.644928664487785
YKR038C,0.348494052886963,-0.462677866220474,0.0514529014390536,0.0656350634726628,0.257319384813309,0.439748540023963,-0.589527497106285,-0.356795594297995
YKR041W,0.0173909217119217,-1.78189086914062,0.00556369672937328,0.140661983130334,0.00841538820726176,0.030026089400053,-2.07492596205343,-1.52250122666115
YKR043C,2.20356416702271,0.337274521589279,0.358462211069708,0.0717738955181984,1.5736929833889,2.9000161588192,0.196919933204607,0.462400415350381
YKR046C,0.28095617890358,-0.557446599006653,0.0466674491369335,0.0731443037174694,0.201527335743109,0.373203953107198,-0.695666040578986,-0.428053767656507
YKR052C,0.186205565929413,-0.735671520233154,0.0297221059723189,0.0706947486352033,0.133097632105152,0.241203390558561,-0.875829673878611,-0.617616641436659
YKR055W,0.16564604640007,-0.787066280841827,0.0278938395603798,0.074096431448959,0.118063725531101,0.223320157577594,-0.927883516624977,-0.651072101223919
YKR058W,0.0119371209293604,-1.92980444431305,0.00207656248195322,0.0769645999447085,0.00821591536514461,0.0161366659527024,-2.08534405025815,-1.79218619800867
YKR060W,0.367453128099442,-0.440914392471313,0.0612033814499609,0.0733648798403656,0.258392635732889,0.488261354714632,-0.587719905298598,-0.311347649811995
YKR061W,0.0158829968422651,-1.8068391084671,0.0029864292565038,0.0827525055365899,0.0106508831571167,0.0220745614885042,-1.97261461225498,-1.6561079232305
YKR062W,0.570031821727753,-0.249022096395493,0.084600228244949,0.0659306655241235,0.422093687703212,0.721553335587184,-0.374591142706508,-0.141731561342719
YKR070W,0.451261669397354,-0.350418567657471,0.0664241184709583,0.0654580247066856,0.335076286395391,0.567621584733327,-0.474856378888114,-0.245941098255108
YKR071C,1.31985807418823,0.115779615938663,0.191867059580618,0.064840184107938,0.979905725022157,1.65499296784401,-0.00881570517442333,0.218796150885811
YKR072C,0.321026861667633,-0.497732281684875,0.0442056968508131,0.0615392051654928,0.243674889206886,0.390765909850597,-0.613189222726532,-0.408083332156368
YKR075C,0.121819615364075,-0.920528292655945,0.0204385748110414,0.0742305413717392,0.0853921573609114,0.160747983306646,-1.0685820147942,-0.793854468333502
YKR076W,0.0967845469713211,-1.01985609531403,0.0155103967736004,0.0705360098643129,0.0695837163676818,0.126417582357923,-1.15749238494888,-0.898192591766695
YKR077W,0.172531366348267,-0.768192648887634,0.0261362378961021,0.066672705663035,0.127475337932507,0.221929853782058,-0.894573830767008,-0.653784273000608
YKR078W,0.0591192804276943,-1.23298346996307,0.00858496835670546,0.0645198115794071,0.0439816887490451,0.0741598533466458,-1.356728105273,-1.12983114739974
YKR079C,0.143505662679672,-0.847348928451538,0.0196400310177879,0.0611345283279696,0.109288476407528,0.174959389741222,-0.961425628502834,-0.757062747835993
YKR081C,1.42757618427277,0.149742811918259,0.210853241940461,0.0654398212840921,1.06677580376466,1.80340437491735,0.0280731562189037,0.256093108217602
YKR082W,0.330056846141815,-0.485372006893158,0.0437010546634743,0.0592837044321391,0.254863581806421,0.394921602805455,-0.593692220380733,-0.403489112253021
YKR084C,0.518161475658417,-0.289509385824203,0.0687514810240053,0.05935250980989,0.400822795430819,0.619906922678153,-0.397047587420753,-0.207673517167941
YKR086W,0.0557492934167385,-1.25809407234192,0.00773846928937238,0.0619637517816629,0.0423072243109345,0.0685367956757545,-1.37358546847769,-1.16407620414994
YKR087C,0.209190532565117,-0.68443238735199,0.0311718920134615,0.0663561947886656,0.154403765251239,0.265394322574139,-0.811342114873088,-0.576108372584283
YKR091W,0.0849570482969284,-1.08033120632172,0.0178435163003487,0.0912830755713332,0.0553647433718046,0.123379339712361,-1.25676674694847,-0.908757574306551
YKR093W,1.40969753265381,0.144872382283211,0.193809005766083,0.0613749164616663,1.07439207136631,1.72381415764491,0.0311627666786208,0.236490442332165
YKR095W,0.256769806146622,-0.594369173049927,0.0337753597489458,0.0589222935784615,0.198627128824592,0.306237007677555,-0.70196145287878,-0.513942332043613
YKR101W,0.048873994499445,-1.31565010547638,0.00711250586495583,0.0646064084339496,0.0366115755401552,0.0613608323348065,-1.43638159950027,-1.21210875799773
YKR102W,0.000404567515943199,-3.42870664596558,0.000160708818299583,0.182111764873336,0.000145265026731067,0.000770526637400811,-3.83783895194149,-3.11321234299178
YKR103W,0.00125222478527576,-2.91469097137451,0.000298071046806917,0.104410933159752,0.00074893190030707,0.00190282428035668,-3.1255576815873,-2.72060132031496
YLL062C,0.129459783434868,-0.893628895282745,0.0209158393511093,0.0712008420292768,0.092943151978155,0.168393721431494,-1.03178260491568,-0.773674105299823
YLL061W,0.209711223840714,-0.682667553424835,0.0289567857627956,0.0616184288452211,0.158843619873126,0.256523281335831,-0.799030224427471,-0.590873213410459
YLL058W,0.193378165364265,-0.717849731445312,0.0265807273329123,0.061415306693177,0.146121389170488,0.23705508125325,-0.835286207785567,-0.625150731200897
YLL048C,0.434353858232498,-0.366058945655823,0.0570016343972316,0.0588591604449132,0.335467257102331,0.515213370323181,-0.474349862263049,-0.288012875108194
YLL046C,0.00510905915871263,-2.34752035140991,0.00257627001480492,0.227359979581131,0.0014994569636959,0.0113180535535017,-2.8240708283552,-1.94622892878407
YLL040C,0.296464502811432,-0.531912386417389,0.0388301720429787,0.0587354793669287,0.229214726388454,0.351522772262494,-0.639757484385464,-0.454046535443144
YLL038C,0.214946120977402,-0.675553321838379,0.0410138396601168,0.0829991223891378,0.144483906279008,0.30395657941699,-0.84018053220096,-0.517188451871325
YLL036C,0.149368658661842,-0.830311238765717,0.0213068118714013,0.0635997384061284,0.112088035419583,0.184836951394876,-0.950440743646271,-0.733211203997706
YLL035W,0.0891496613621712,-1.05433237552643,0.0125518224025294,0.0627639494326378,0.0669269795839985,0.110328141165276,-1.17439877645157,-0.957313736896518
YLL033W,0.0401772782206535,-1.4156254529953,0.0121506371808434,0.131451073246819,0.0208262843235085,0.0677918940782547,-1.68138821567009,-1.16882223190789
YLL032C,0.124306336045265,-0.909824907779694,0.0171776889507112,0.0619028517504307,0.0937275019784768,0.15115958203872,-1.02813295761814,-0.820564318125398
YLL031C,0.284292757511139,-0.55028247833252,0.0380492522771819,0.0599216104666977,0.218034223218759,0.341713577508926,-0.661475341386556,-0.46633776477731
YLL029W,0.394035339355469,-0.40851366519928,0.0527519951629217,0.0599352667496153,0.301757216453552,0.4749376475811,-0.520342335055034,-0.323363403193963
YLL028W,0.344215244054794,-0.467459291219711,0.0476010465021119,0.0615989906128526,0.261942714452744,0.422826839486758,-0.581793676303543,-0.373837466613543
YLL027W,0.377383887767792,-0.430883198976517,0.0705339830971428,0.0820943895942363,0.255200886478027,0.521148513257503,-0.593117962811134,-0.283038517905576
YLL026W,3.23025631904602,0.505145311355591,0.434412055184579,0.0602560905419218,2.47523495952288,3.88461828231812,0.3936164302091,0.589348349770753
YLL023C,0.588168501853943,-0.236471831798553,0.0962848693367957,0.0726550986598683,0.414314876993497,0.770361172159513,-0.382669477275272,-0.113305623179806
YLL021W,0.412077993154526,-0.388939380645752,0.0542111598426843,0.0589796155942012,0.31777646318078,0.489785343408585,-0.497878277015997,-0.309994215070866
YLL019C,0.0735784396529198,-1.13753092288971,0.010133157566346,0.0616226663857325,0.0554850169147054,0.09003796428442,-1.25582428379197,-1.04557433275234
YLL018C,4.63500118255615,0.661850333213806,0.633416699791113,0.0609672531063198,3.52594436208407,5.66229889392853,0.547275447560355,0.752992789809985
YLL015W,0.140826970338821,-0.855342090129852,0.0187998808528861,0.0597553525617353,0.108299817455312,0.168897518639763,-0.965372279738729,-0.772376730825543
YLL013C,0.378287434577942,-0.426232367753983,0.0506980884457454,0.0599686425846931,0.289230988671382,0.456450868397951,-0.538755180927629,-0.340605969650112
YLL012W,0.20211498439312,-0.698737561702728,0.0280261973651675,0.062011104866053,0.151838493222992,0.247814720124006,-0.818618126280587,-0.605872900570008
YLL011W,0.402450799942017,-0.399606019258499,0.0557291252962,0.0618480696948945,0.3048155605793,0.494414324810107,-0.515962866396642,-0.30590895941099
YLL010C,0.33273908495903,-0.482566028833389,0.0481691960803396,0.0641521049627001,0.249654814973474,0.416371174156666,-0.602660053990195,-0.380519354842257
YLL007C,0.0733198821544647,-1.1393073797226,0.01041653399116,0.0632800949838983,0.0546904366463423,0.090850534165899,-1.26208861780843,-1.0416725149195
YLL006W,0.171813189983368,-0.769802331924438,0.025295966018653,0.0655678457625394,0.127263982345661,0.215998931104938,-0.895294506072499,-0.665548400706865
YLL005C,0.00046630430733785,-3.38116717338562,0.000223029040214405,0.214380953583749,0.00014211041428401,0.00100928017054684,-3.84737597757858,-2.99598828028343
YLL004W,0.127447754144669,-0.89909040927887,0.0178876227146047,0.0625542650979127,0.0957209037616849,0.157338552797834,-1.01899320966601,-0.803164850368401
YLL002W,0.0949188619852066,-1.02757608890533,0.0140846769855653,0.0660170587406554,0.0698309431473414,0.119425719603896,-1.15595211380805,-0.922902134091744
YLL001W,0.373971253633499,-0.431303918361664,0.0506239826231148,0.06062266198116,0.285047672440608,0.451446252812942,-0.54508250247699,-0.345393950534586
YLR001C,0.11233377456665,-0.953661501407623,0.0152727249403383,0.0608240692635874,0.0853416914741198,0.136297836899757,-1.06883876071587,-0.865511036534759
YLR002C,0.456469178199768,-0.344639539718628,0.0611873636210113,0.0599149404850159,0.349993923058112,0.550339102745056,-0.455939509477321,-0.25936962856067
YLR004C,0.0122882863506675,-1.9178763628006,0.0022524771881471,0.0804793783687141,0.00836117014599343,0.0169049852527678,-2.0777331774471,-1.77198523890445
YLR005W,0.194243147969246,-0.71637499332428,0.0282248190113835,0.0645875035690527,0.145105987787247,0.24376058143874,-0.838314666064639,-0.613036523623418
YLR006C,0.0874090865254402,-1.06280434131622,0.0121905352474371,0.0621082556971572,0.0664636145656308,0.107508482225239,-1.17741604921629,-0.968557370213747
YLR015W,0.118348866701126,-0.93145215511322,0.0169910204763419,0.0638918860971764,0.0885934680700302,0.147742592170835,-1.05259829713909,-0.830494289758115
YLR019W,0.237040922045708,-0.629882991313934,0.0343810688426979,0.0644912462495062,0.175765459984541,0.298081692059835,-0.755066464947881,-0.525664698262227
YLR020C,0.196478024125099,-0.711026906967163,0.0273042632139583,0.0619983057850038,0.148025020956993,0.241948455572128,-0.829664868759687,-0.616277145775416
YLR023C,0.126132354140282,-0.903589069843292,0.0176504265797093,0.0625860136455682,0.0939691031972567,0.155640557408333,-1.02701491795876,-0.807877222490952
YLR026C,0.426811337471008,-0.3744957447052,0.0621143959073263,0.0646690091020919,0.315919472028812,0.53904410948356,-0.500423605592126,-0.268375697430369
YLR027C,3.26139903068542,0.509061396121979,0.453287555870316,0.0620085704184486,2.4537306924661,4.00257837772369,0.38982689321086,0.602339844870532
YLR028C,1.17965877056122,0.0675832703709602,0.160620087500235,0.0607997761584178,0.899072201053302,1.43739338914553,-0.0462054727765085,0.157575639331291
YLR030W,0.0133694028481841,-1.89525425434113,0.0042454459374685,0.137267136899278,0.00669753688465183,0.023252721891428,-2.17408516123448,-1.63352623653282
YLR032W,0.113263539969921,-0.949960350990295,0.0151792575508835,0.0599008267418584,0.0868804156780243,0.136415928602219,-1.06107810987493,-0.865134916335262
YLR033W,0.316217541694641,-0.504383981227875,0.0440626538135333,0.0622077606493768,0.236878255258004,0.390238438546658,-0.625474818971434,-0.408669955243704
YLR034C,0.576136708259583,-0.243871092796326,0.0806941435839391,0.0623493465024539,0.434138927857081,0.711617529392242,-0.362371270617314,-0.147753362408579
YLR045C,0.226047590374947,-0.649889051914215,0.0304359622596009,0.0602175210901352,0.172598082696398,0.273504549016555,-0.762964035624254,-0.56303544594595
YLR046C,0.00236790021881461,-2.70678901672363,0.0014570956874632,0.276995843624613,0.000513876005910182,0.00607274301194896,-3.28914171623408,-2.21661525121534
YLR049C,0.289567053318024,-0.542778968811035,0.0411145728241386,0.0633193159113216,0.216690495237708,0.359628021717072,-0.664160138067281,-0.444146475996197
YLR052W,0.508700013160706,-0.300399661064148,0.0899005275114398,0.0776612584899442,0.35098202402393,0.695025403797626,-0.454715189249951,-0.157999364751901
YLR058C,8.61463928222656,0.930965065956116,1.18672666967686,0.061517336709429,6.51143360137939,10.5339914083481,0.813676613956652,1.02259295929363
YLR060W,3.0621497631073,0.481935411691666,0.412404736442589,0.0602233843418242,2.33981182177862,3.70696771740913,0.369180913062325,0.56901880189897
YLR064W,0.45362851023674,-0.349025547504425,0.0730252613894027,0.0709988159329447,0.321451756854852,0.595846100151539,-0.492884230117119,-0.224865898868666
YLR069C,0.321004927158356,-0.497614502906799,0.043408015286154,0.0604966593745671,0.245144426822662,0.388154504944881,-0.610577975669597,-0.410995370747209
YLR070C,0.0355880744755268,-1.45579731464386,0.00639679576756457,0.0790242506080615,0.0245903410327931,0.0486116409301758,-1.60923545512137,-1.31325971867258
YLR072W,0.140565410256386,-0.856261610984802,0.019056180350774,0.0605627623602555,0.106889543185631,0.170538803065817,-0.971064780334122,-0.768176792054329
YLR077W,0.1590266674757,-0.802808582782745,0.0218948968536502,0.0615820113900997,0.120548367500305,0.193754978353779,-0.918838666583996,-0.712747130288862
YLR078C,0.389956742525101,-0.416217565536499,0.0707682600638361,0.0797483206266831,0.26829519867897,0.531377136707306,-0.571387099247132,-0.274597135690637
YLR083C,0.785311639308929,-0.109035387635231,0.10553493454098,0.0601333408887579,0.596828789512316,0.949628187219302,-0.224150319364384,-0.0224464043261926
YLR084C,0.21114756166935,-0.67944347858429,0.0281627915217293,0.059814717817694,0.1613439095517,0.252934520194928,-0.792247423806137,-0.59699189474935
YLR085C,0.14387184381485,-0.84655749797821,0.0204254323656347,0.0633767774192055,0.107165747880936,0.178008701403936,-0.969944001553464,-0.74955876999023
YLR086W,0.135683372616768,-0.871462821960449,0.0180378523917788,0.0594714783174468,0.104416688904166,0.163411710287134,-0.981230094093967,-0.786716824701669
YLR088W,0.372134536504745,-0.433513194322586,0.0509135306933323,0.0610798748228758,0.283337655166785,0.454686333487431,-0.547695711265077,-0.342288099873801
YLR089C,0.689013838768005,-0.165900066494942,0.093171265561575,0.0604994495835763,0.525852436323961,0.833226933081945,-0.279136116819704,-0.0792367016613633
YLR090W,0.187337070703506,-0.731979072093964,0.0268515551489791,0.0637941704274179,0.139890215918422,0.234719700490435,-0.854212661170454,-0.62945046795046
YLR091W,0.0280286744236946,-1.56137192249298,0.0056622579645307,0.0890057395459957,0.0181046805344522,0.0400153043990334,-1.74220914505633,-1.39777387923034
YLR093C,0.763923704624176,-0.123193882405758,0.128456334812109,0.0741620160649004,0.531043520569801,1.02021535833677,-0.274869889248031,0.00869174586997582
YLR094C,0.266085475683212,-0.579243779182434,0.0366241453806665,0.0614746142229074,0.201252887398005,0.325469739486774,-0.696257971047377,-0.487489390554983
YLR095C,0.173394694924355,-0.765038192272186,0.0233134935483869,0.0600803266141711,0.132215995589892,0.210455101976792,-0.878716000539322,-0.676840542009412
YLR096W,0.151919558644295,-0.822398364543915,0.0202550359788396,0.0596262110642383,0.116572955871622,0.182673502837618,-0.933402198313357,-0.738324443512143
YLR097C,0.10724899917841,-0.975079417228699,0.0168389560829524,0.0694834422923238,0.0772012048090498,0.139633237446348,-1.11237596351463,-0.855011192918216
YLR100W,1.44849836826324,0.15622341632843,0.209735856172688,0.0644326358075262,1.07941154142221,1.82186507781347,0.0331870384592159,0.260516177128681
YLR102C,0.14141970872879,-0.857404470443726,0.0269391587343699,0.0833219474474691,0.094819238781929,0.198067218065262,-1.02310356117135,-0.703187398219534
YLR103C,0.0954864919185638,-1.02455544471741,0.0135438638628368,0.0629954740572226,0.07205334144334,0.119298397190869,-1.14234588010417,-0.923365394004953
YLR105C,0.0730086416006088,-1.14274764060974,0.012124115558133,0.0735267293643256,0.0514781903785964,0.0964386692891518,-1.28837673573131,-1.01574879506187
YLR106C,0.305818885564804,-0.518359303474426,0.0397281261668989,0.0582551131146801,0.236560128380855,0.360314002136389,-0.626058482864406,-0.443318861692313
YLR107W,0.151392638683319,-0.824716508388519,0.0221794582307561,0.0653350558528784,0.111675584254165,0.190256484101216,-0.95204183152074,-0.720660533447071
YLR108C,0.153735369443893,-0.817868769168854,0.0221310930084879,0.0640640472306678,0.114603247245153,0.191170521825552,-0.940803076681941,-0.718579074430281
YLR113W,0.723021745681763,-0.145169407129288,0.100238449819607,0.0618350824886161,0.545388978719711,0.887882749239604,-0.263293644391451,-0.0516443818882457
YLR114C,0.216919362545013,-0.667886316776276,0.0295611255940075,0.0608971982123908,0.164941383029024,0.263554453849792,-0.782670387858402,-0.579129640173577
YLR115W,0.119316257536411,-0.927522540092468,0.0163306855787485,0.0611426722555223,0.0905915332958102,0.145789350072543,-1.04291238979074,-0.836274200353162
YLR116W,0.179867401719093,-0.749541580677032,0.0253965435099263,0.063111554250565,0.13463281057775,0.221755800396204,-0.87084909003438,-0.654125053034171
YLR117C,0.121665194630623,-0.919104695320129,0.0167460543626149,0.0615290798143104,0.0923016592860222,0.148578814417124,-1.03479049169038,-0.828043111639045
YLR118C,0.689712822437286,-0.170866161584854,0.146529101854924,0.0907973445029421,0.453863561153412,1.01897455354532,-0.34307468358289,0.00816328270663093
YLR120C,0.39051616191864,-0.412568300962448,0.0534172525305565,0.0610208780754109,0.296892665823301,0.477377689133088,-0.52740053770426,-0.321137882417413
YLR121C,0.0695134848356247,-1.16260826587677,0.0100479473556578,0.0643339427900497,0.0511892565215627,0.0877333357930183,-1.29082118222196,-1.0568353576019
YLR126C,0.367277324199677,-0.442614883184433,0.0687375845861079,0.0816200999418296,0.249546763425072,0.514235496520996,-0.602848140745492,-0.288837948286081
YLR128W,0.0920701250433922,-1.04414701461792,0.0179147045884577,0.0851903454523309,0.0604095623207589,0.131133987257878,-1.2188944556407,-0.882284804454605
YLR129W,0.442621618509293,-0.358010917901993,0.0591957007671429,0.0599174391436311,0.338678928216298,0.531494418283304,-0.470211838989606,-0.274501294915372
YLR130C,0.145274981856346,-0.842690110206604,0.0214360558030142,0.0657174592988811,0.106931604196628,0.183353056510289,-0.970893927997193,-0.736711868253332
YLR131C,0.133737668395042,-0.878032743930817,0.0184223631258978,0.0616583272616178,0.101469847063224,0.163292846580346,-0.993663003552915,-0.787032841304351
YLR132C,0.0624957196414471,-1.21184384822845,0.0116631160826087,0.0824120063659046,0.0418922283997138,0.0864233785619338,-1.37786654525647,-1.06336876036606
YLR136C,0.633908033370972,-0.203293696045876,0.098198444115298,0.0684694629868853,0.458856466164192,0.82143983344237,-0.338323149301646,-0.0854242460873749
YLR137W,0.0849971771240234,-1.07588911056519,0.0130922699843794,0.068383924299581,0.0615591295063496,0.108916657418013,-1.21070755045622,-0.962905710880567
YLR138W,0.165775746107101,-0.784547328948975,0.0222375557928728,0.0600576478216841,0.12726503846546,0.199135598043601,-0.895290887301903,-0.700851104125821
YLR139C,0.0622039623558521,-1.21076953411102,0.00889807145605657,0.0636784314658949,0.0466013746025662,0.0773153060426315,-1.33160128676704,-1.11173452076183
YLR141W,0.0523661486804485,-1.28696715831757,0.00863257099195157,0.0728180046108712,0.0372788885297875,0.0690832044308384,-1.42853705827997,-1.16062753253584
YLR142W,0.0289403963834047,-1.54436886310577,0.00471592807672566,0.0719346832661043,0.0205022954382002,0.0384153726200262,-1.68819801079556,-1.41549504719612
YLR143W,0.184244379401207,-0.738847553730011,0.0252790037839767,0.0613088916274287,0.13993664085865,0.224938577165206,-0.854068555420746,-0.647936056500277
YLR144C,0.155500888824463,-0.812392294406891,0.0210392551304848,0.0604516557316262,0.11882313384364,0.188163891434669,-0.925098998372276,-0.725463713827129
YLR146C,0.238107934594154,-0.62899923324585,0.038574229312847,0.0711942165903239,0.171719849854708,0.313089611629645,-0.765179501648424,-0.504331346285339
YLR150W,22.8646793365479,1.35360717773438,3.62952916247041,0.0699025828103483,16.5328963756561,29.8785934607188,1.21834894344631,1.47536010946088
YLR151C,0.0845270231366158,-1.0785323381424,0.0133367954043082,0.0698253424760787,0.0607692562043667,0.109650684148073,-1.21631607924123,-0.959988662483065
YLR163C,0.409940034151077,-0.391657888889313,0.0571658695494995,0.0622811602623164,0.307199262330929,0.504056853055954,-0.512579835028053,-0.29752047669092
YLR165C,0.0312003623694181,-1.52039074897766,0.00806872859035947,0.11349164399664,0.0173787362563113,0.0490236654877663,-1.75998180783452,-1.30959422319099
YLR166C,0.178336843848228,-0.75294440984726,0.0242810991678684,0.0609113696817865,0.135848227267464,0.216195710003376,-0.866946030435553,-0.665152930225891
YLR168C,0.122333541512489,-0.924347639083862,0.028843597789742,0.101950290245898,0.0746381300811966,0.186418306703369,-1.12703932815167,-0.729511442263567
YLR172C,2.01677179336548,0.29967075586319,0.301510620101743,0.0663521349823946,1.47665417293708,2.57336791157722,0.169278723875234,0.410501875572006
YLR174W,0.00164744188077748,-2.82589411735535,0.000725317085982853,0.197959444584541,0.000590920983813703,0.00339828925595308,-3.22847061170909,-2.46873971347879
YLR175W,3.17131066322327,0.496989399194717,0.436174530617024,0.0613158751359806,2.41327476501465,3.89313682715098,0.382606771613007,0.590299663579171
YLR176C,0.0654152780771255,-1.18868696689606,0.00911708696109402,0.0621725609701489,0.0495615320590635,0.0805339887738228,-1.30485538625407,-1.09402079090012
YLR177W,0.0468186661601067,-1.3345365524292,0.00699260828738979,0.0660637056882182,0.034846981211255,0.0594701086791853,-1.45783486965402,-1.22570126809855
YLR181C,0.314424395561218,-0.507572710514069,0.0473795007678924,0.0670948301569497,0.229782946780324,0.396721532195806,-0.638682223622723,-0.401514227449629
YLR182W,0.216216400265694,-0.669213950634003,0.0291355219737266,0.0603231441846975,0.165035104751587,0.261955211559931,-0.782423671131152,-0.581772958290833
YLR183C,0.316720694303513,-0.503665149211884,0.04407343994527,0.061956593273898,0.240000492458542,0.390954301506281,-0.619787867468697,-0.407874008727894
YLR187W,0.18260446190834,-0.742596507072449,0.0246063243776548,0.0603701373098257,0.139712024480104,0.219417944923043,-0.854766227171144,-0.658727857424291
YLR188W,0.150646090507507,-0.826262474060059,0.0206488276854124,0.061109108945501,0.114344529869656,0.184492000813286,-0.941784645816939,-0.734022459260006
YLR189C,0.0766557082533836,-1.11960673332214,0.010387601721254,0.0606838760578132,0.0584465898573399,0.0925823609655102,-1.233240823242,-1.03347175338035
YLR190W,0.343624293804169,-0.468397259712219,0.0485115445727726,0.0630009697546667,0.258157497396072,0.424334466457367,-0.588115257709129,-0.372291691343639
YLR191W,0.122983664274216,-0.915247976779938,0.0185952621333949,0.0670445562818275,0.0900613069534302,0.157389919832349,-1.04546175492423,-0.803023114374114
YLR192C,4.53632926940918,0.65127420425415,0.709971473752092,0.0691716740014823,3.28146637280782,5.88409927686055,0.516067904799869,0.769679990919188
YLR194C,0.627496182918549,-0.207907244563103,0.0985793355872579,0.0699112323301538,0.445883726576964,0.817782108982404,-0.35077837830366,-0.0873623956391117
YLR195C,0.743997812271118,-0.13270115852356,0.102459867866683,0.0615326291741485,0.563848704099655,0.908047673106193,-0.248837413611406,-0.0418913526890324
YLR196W,0.922064363956451,-0.0395085290074348,0.127128780328006,0.0614480093626679,0.704143524169922,1.12865388393402,-0.152338810457168,0.0525607804161998
YLR197W,4.20654582977295,0.619890630245209,0.561770681598949,0.0598352084837016,3.21937208175659,5.05319051345189,0.507771134054118,0.703565671287522
YLR199C,0.311261981725693,-0.512581527233124,0.049852654321686,0.0709837489565483,0.222016260027885,0.405306346714497,-0.653615217523282,-0.392216600424238
YLR201C,0.28630319237709,-0.549187839031219,0.0470422948259867,0.0729233956496179,0.199942260980606,0.375060784071684,-0.699095401125175,-0.425898371540364
YLR206W,0.544532418251038,-0.268133610486984,0.0739995989750373,0.0606792045991271,0.416404626518488,0.663072795172532,-0.380484453859331,-0.178438790845429
YLR208W,2.40479683876038,0.375779777765274,0.371227661867198,0.0683650423152996,1.74927599132061,3.10450055201848,0.24285817376907,0.491991739472434
YLR209C,0.393740296363831,-0.410171151161194,0.0613596719647695,0.0688502500600073,0.284236989170313,0.50844790438811,-0.546319451342309,-0.293753538396173
YLR211C,0.14059667289257,-0.86325204372406,0.0320479308138798,0.0991874716860245,0.0871544781451424,0.210809080302715,-1.059710446453,-0.67611078109772
YLR212C,0.17056143283844,-0.772486805915833,0.023736427043805,0.0622513788144293,0.128495674704512,0.210163886100054,-0.891111491663747,-0.677441910070658
YLR213C,0.033608540892601,-1.47937905788422,0.00545426777048101,0.0716655665320598,0.0238794120649497,0.0440329753483335,-1.6219763900002,-1.35622196802766
YLR214W,1.40491330623627,0.14353047311306,0.189765584026158,0.0604252131284531,1.07272203365962,1.69977961977323,0.0304872010684563,0.230392613914651
YLR215C,0.155863091349602,-0.812356114387512,0.0236378010792958,0.0669981335206052,0.1147151440382,0.199716463685036,-0.940379245236676,-0.69958613246107
YLR216C,4.08151912689209,0.606247067451477,0.583584958256652,0.0635783443196363,3.05564705530802,5.09774549802144,0.485103116589314,0.707378138307008
YLR219W,0.19697330892086,-0.709781408309937,0.0268619789555609,0.0609368486247339,0.149353141710162,0.239734262228012,-0.825785640984555,-0.620269893237044
YLR220W,0.418797552585602,-0.383003801107407,0.0627241993545798,0.0665279493409059,0.306380458921194,0.532514008879661,-0.513738939632821,-0.273668962831463
YLR222C,0.567651152610779,-0.250024825334549,0.0766038171308967,0.0603122317599721,0.435732272764047,0.687237684925397,-0.360780285485102,-0.162893050771016
YLR223C,0.165494158864021,-0.785252094268799,0.0221261780640378,0.0598036075023604,0.127260490258535,0.199251822754741,-0.895306408195298,-0.700597704788909
YLR225C,0.353054314851761,-0.456674814224243,0.0502298894677184,0.0631243802679914,0.2657387735943,0.441104052215815,-0.575545087044083,-0.355458953273419
YLR226W,0.143949925899506,-0.846886038780212,0.0218214508098874,0.0669918570496442,0.105972268929084,0.182782205815117,-0.974807803109183,-0.738066118231607
YLR227C,0.0132411243394017,-1.88573241233826,0.00246443338415782,0.0821910080188259,0.0088378520294403,0.0182106271386147,-2.05365347311792,-1.73967509768944
YLR231C,0.663637518882751,-0.182505413889885,0.0933258026203878,0.0626353013782581,0.501347879568736,0.819823520382245,-0.299860823929912,-0.0862796532280299
YLR234W,0.0316824838519096,-1.50401484966278,0.00465626911916314,0.0653730260986813,0.0235168520050744,0.0397883670404553,-1.62862081764273,-1.40024388728761
YLR238W,0.0775070264935493,-1.11562323570251,0.0115712074307007,0.0661923772122151,0.0572944530285895,0.0984039057046175,-1.24188742310723,-1.0069876683268
YLR239C,0.120820619165897,-0.923673927783966,0.0196509130259362,0.0714249491571406,0.0869331285357475,0.160047022253275,-1.06081469077212,-0.795752424490186
YLR240W,0.0862234830856323,-1.06867742538452,0.0119280813504238,0.0617334324236885,0.0653759085262815,0.1057416309913,-1.18458226574998,-0.975754026618875
YLR241W,0.203208938241005,-0.696182250976562,0.027466601254699,0.0604907398567956,0.155526196584105,0.245951980352402,-0.808196448607805,-0.609149676244891
YLR242C,0.0587664321064949,-1.23751997947693,0.0101569593851229,0.0767074882269147,0.0402325163595378,0.078544578825434,-1.39542286725323,-1.10488380785224
YLR243W,0.387888878583908,-0.417293071746826,0.0639319517291032,0.0726873938661392,0.272905348986387,0.514037144680818,-0.563988062852217,-0.289005512931329
YLR244C,2.74709463119507,0.434351325035095,0.390668847484138,0.0631993218174764,2.06933903694153,3.42116199930509,0.315831650554706,0.534173634710987
YLR246W,0.0207670591771603,-1.69227635860443,0.00441469180766123,0.0916087322641982,0.0133922318695113,0.0306732689806571,-1.87314704017013,-1.51323993862085
YLR248W,0.529749155044556,-0.280105531215668,0.0720815537377499,0.0608402516242694,0.402374512950579,0.644577124714851,-0.39536953650877,-0.190725111795588
YLR250W,1.1546276807785,0.0540353991091251,0.228368344895871,0.0855880127807102,0.775522409876188,1.64218842983246,-0.110405649057208,0.21542298794867
YLR253W,0.104673571884632,-0.984649121761322,0.014794666851477,0.0630290579584888,0.0784122676278154,0.12966334335506,-1.10561598846886,-0.887182795298748
YLR256W,0.312458217144012,-0.509165227413177,0.0413194526553869,0.0592582808672828,0.240755096077919,0.372845676789681,-0.618424511368138,-0.428470897673975
YLR257W,1.51848578453064,0.176557868719101,0.224166217325486,0.0654388321706312,1.11498713990053,1.93425750732422,0.0472698480732392,0.286514291135508
YLR258W,0.409751325845718,-0.3916335105896,0.0556201343203138,0.0606783028798616,0.313509845733643,0.497222423553467,-0.503748826239451,-0.303449293936382
YLR259C,8.01941299438477,0.899934589862823,1.09802733966789,0.0610004288106742,6.10863925615946,9.77671547730764,0.785944458731805,0.990192975286575
YLR263W,0.000963400583714247,-3.04292130470276,0.000337495394251886,0.155093965033713,0.000435309513704851,0.00173159813178548,-3.36120184121759,-2.76155290773559
YLR265C,0.0872787237167358,-1.06528401374817,0.014593438372103,0.0738779828087451,0.0617261374990145,0.115350887179375,-1.20953090362178,-0.937979060912067
YLR270W,0.647888243198395,-0.193400233983994,0.0957565158688671,0.0658725228653695,0.474457263946533,0.81892317533493,-0.32380289992385,-0.0867568382799457
YLR272C,0.0992481112480164,-1.00734639167786,0.0133218158671661,0.0600618384810606,0.0759352937961618,0.119918989700576,-1.11955632295608,-0.921112039541473
YLR273C,0.017015753313899,-1.77483749389648,0.00272363916777639,0.0708496188394447,0.0121579598635435,0.0222842190414667,-1.91513929466357,-1.65200258131865
YLR274W,0.27598774433136,-0.563201129436493,0.0371976793105441,0.0601863297432128,0.210913869490226,0.334059617420038,-0.675894860794814,-0.476176028517063
YLR276C,0.723920524120331,-0.144524186849594,0.0991345570257674,0.061076554563899,0.55086166759332,0.882681661844253,-0.25895745374117,-0.0541959025292121
YLR277C,0.129299804568291,-0.892629563808441,0.0177288883406341,0.0611819504732291,0.0983183798690637,0.158110916614532,-1.00736528661916,-0.801038143898391
YLR278C,0.0686065033078194,-1.16777849197388,0.00930296659750401,0.0606151626411949,0.0524163172580302,0.0830063831061125,-1.2805334956156,-1.08088850958355
YLR284C,0.0685245394706726,-1.17213308811188,0.0130590142308741,0.0838348449216011,0.045369522087276,0.094669981362919,-1.34323579588849,-1.02378771027481
YLR286C,6.22030448913574,0.789694726467133,0.84033710272066,0.060421564034539,4.75129201809565,7.5290135661761,0.676811723290129,0.876738079674365
YLR287C,0.451289981603622,-0.350263178348541,0.0654258371045781,0.0646399045769904,0.33264033695062,0.563381233811378,-0.478025117542745,-0.249197625532086
YLR288C,0.0465576499700546,-1.33718645572662,0.00710372121796325,0.0675838863529848,0.0341733582938711,0.0592231183002392,-1.46631237941589,-1.22750872984165
YLR290C,0.201561316847801,-0.702318131923676,0.0354583692956946,0.0766711621979191,0.140790923560659,0.2747387667497,-0.85142536831571,-0.561080055963274
YLR291C,0.617444217205048,-0.214091256260872,0.0896340701489531,0.0642717040620976,0.463398835311333,0.775669185320536,-0.33404506879722,-0.110323462163028
YLR298C,0.144109144806862,-0.853338181972504,0.0343091980409571,0.102265656502575,0.0891319317743182,0.221842681989073,-1.0499669599367,-0.653955355409473
YLR299W,0.167943596839905,-0.77917742729187,0.0233203922602633,0.0620066835957449,0.127122119069099,0.205770229796569,-0.895778876244776,-0.6866174689719
YLR300W,3.32459425926208,0.517341136932373,0.465876385974588,0.062342745792576,2.50743129253387,4.10542566776276,0.399229036850292,0.613358193263398
YLR303W,0.00830432586371899,-2.0935971736908,0.00201200036187407,0.106919183151999,0.00492582589310283,0.0127479831222445,-2.30752094569201,-1.89455852044599
YLR305C,0.186836540699005,-0.732429504394531,0.0245206366422471,0.0587446613815669,0.144584794715047,0.223208982000748,-0.839877380084231,-0.651288335057323
YLR307W,0.0121528329327703,-1.92989945411682,0.00312534278939745,0.113921616372022,0.00678056880521278,0.0189304253707329,-2.16873387653754,-1.72283963652534
YLR308W,0.00147952558472753,-2.89945459365845,0.000833148394434017,0.257934353670823,0.000339901568319571,0.00353202777332626,-3.46864686647354,-2.45197592524687
YLR309C,0.199802815914154,-0.703383564949036,0.0265285512540958,0.0594595089679291,0.153351841246088,0.239829897880554,-0.814311005284094,-0.620096677470822
YLR310C,0.116267174482346,-0.938517451286316,0.0154339827560261,0.0593602686884029,0.0897651545703411,0.139820615947247,-1.04689221702965,-0.85442879199511
YLR314C,1.39762377738953,0.141179025173187,0.191030737312237,0.0610997487651204,1.06326615810394,1.70219172338645,0.0266419912657315,0.231008473439119
YLR316C,0.0978138968348503,-1.01505410671234,0.0153366258898371,0.0693197869577889,0.0705925411234299,0.126596315701803,-1.15124120804062,-0.897578936017784
YLR318W,0.00760414497926831,-2.12474989891052,0.00122422449885853,0.0717061948746691,0.00537870591506362,0.00990019969176501,-2.26932220045818,-2.00435606389314
YLR319C,0.164539605379105,-0.787877082824707,0.0222973333208406,0.0606716546848687,0.124905449462434,0.199458290760716,-0.903418642321069,-0.700147907851965
YLR321C,0.473283350467682,-0.329364269971848,0.0669180487621752,0.063010322795131,0.355695164948702,0.588855155309041,-0.448922044371147,-0.229991518652551
YLR323C,0.105984665453434,-0.982813656330109,0.0202885605599332,0.0841937311189809,0.0700580339878798,0.147265779972076,-1.15454205636387,-0.831898194188387
YLR324W,0.239767014980316,-0.624512195587158,0.0331701788412488,0.0617240028318956,0.180530175566673,0.29485654681921,-0.743450195493624,-0.530389235920974
YLR328W,0.388651698827744,-0.414980858564377,0.0553739058404499,0.0633453700677555,0.291963162521521,0.485247837752104,-0.534671940968154,-0.314036397883037
YLR329W,0.0039751622825861,-2.44612002372742,0.00182632497293381,0.203974141039877,0.00135073175188154,0.00834234986299028,-2.86943205569911,-2.07871163506301
YLR330W,0.71661365032196,-0.14878012239933,0.0961587627809056,0.0600330891768054,0.546299362679323,0.865605083604654,-0.262569308774607,-0.0626802017561535
YLR335W,0.852615714073181,-0.0734164118766785,0.115700486228417,0.0608517523388063,0.647771123548349,1.03053919672966,-0.188578557845061,0.013064493520306
YLR336C,0.251036643981934,-0.604297041893005,0.0335226601439621,0.0598379575519379,0.193090852598349,0.300429675976435,-0.714238314604454,-0.522257170617055
YLR340W,26.280818939209,1.41488981246948,3.8323918444159,0.0647696216406162,19.459388701121,33.1815436045329,1.28912918273884,1.52089657492599
YLR341W,0.00129536865279078,-2.92301678657532,0.000514983910101384,0.181173534130742,0.000476339570013806,0.00251536461873911,-3.32208333970437,-2.59939905377354
YLR343W,0.00100528635084629,-3.03801774978638,0.000434626100085759,0.191130683040392,0.000362055459845578,0.00202400091996727,-3.44122492576871,-2.69378930513509
YLR345W,0.146546825766563,-0.838445007801056,0.0205583432369129,0.06255254920534,0.110250835803648,0.180748828376333,-0.957618110823671,-0.742924513976405
YLR347C,0.889161884784698,-0.0549695752561092,0.117544540253544,0.0592001294248808,0.686735570430756,1.06339275836945,-0.163210457132207,0.0266936984730834
YLR348C,0.672089397907257,-0.177757069468498,0.102385696885727,0.0676910530407795,0.486382370193799,0.861496377984683,-0.313022179426418,-0.0647465447446913
YLR357W,0.249343797564507,-0.607247769832611,0.03338863810448,0.0598836829034513,0.191106248274446,0.300784509380658,-0.718725126844853,-0.521744535330727
YLR359W,2.3238468170166,0.361906170845032,0.321316865686195,0.0617272222564775,1.75653622448444,2.84644012451172,0.244657102169165,0.454302047126834
YLR360W,0.0769245103001595,-1.11898803710938,0.0115856714452428,0.066792316030223,0.0563578799987833,0.0976886036495368,-1.24904535348116,-1.01015609822343
YLR361C,0.128786340355873,-0.894537389278412,0.0180077906777049,0.06252949733842,0.0961535650615891,0.157904002567132,-1.01703463640269,-0.801606861311516
YLR362W,0.120475634932518,-0.923465251922607,0.0167859397753138,0.0621341637860523,0.0908726707100868,0.148219830046097,-1.04156671820354,-0.829093695408663
YLR368W,0.0444653518497944,-1.35673916339874,0.00648527032562623,0.0648626768112162,0.0330274308721224,0.0558884918379287,-1.48112521070567,-1.25267761567389
YLR369W,0.214021995663643,-0.673828959465027,0.0295541483873153,0.0615888694199329,0.162220776081085,0.262768540531397,-0.789893525220119,-0.580426635418415
YLR372W,2.17147636413574,0.332002431154251,0.316819486269716,0.0647837187188062,1.61560956537724,2.74097597201665,0.208336411788315,0.437905223589196
YLR373C,0.104218319058418,-0.986222743988037,0.0141651102764137,0.0607660579388871,0.079226572625339,0.126966635261973,-1.10112913241151,-0.896310389829459
YLR375W,0.191584691405296,-0.722873747348785,0.0294542417453663,0.0678900273760972,0.139674409354726,0.247550158078472,-0.854883168409058,-0.60633682480627
YLR376C,0.027370385825634,-1.58132374286652,0.00807301706461876,0.128093032803264,0.0143775867608686,0.0447865631741782,-1.84231414521585,-1.34885227792049
YLR378C,1.83778536319733,0.260003298521042,0.254077926697597,0.0616204031257196,1.39497693578402,2.25520201126734,0.144567025989382,0.35318544465491
YLR383W,0.0625783503055573,-1.20776546001434,0.00852638430692531,0.060934344005166,0.0476020872592926,0.0762277990579605,-1.32237400389045,-1.11788661952922
YLR386W,0.197807461023331,-0.707878470420837,0.0266976225989081,0.0604883495622347,0.150984955206513,0.238097374886274,-0.821066325762545,-0.623245393343154
YLR387C,0.669141888618469,-0.1789790391922,0.0945478749828321,0.0631279616440128,0.502538739641507,0.823901410897573,-0.298830455280944,-0.0841247723741856
YLR390W-A,7.42791938781738,0.863646686077118,1.35052507750225,0.079552820288668,5.11585565805435,10.2359653631846,0.708918282309304,1.01012880612872
YLR392C,0.0749790519475937,-1.12990629673004,0.0110203844288742,0.0654907119907395,0.0552996130660176,0.0943325236439705,-1.25727790807575,-1.02533854688228
YLR393W,0.117398619651794,-0.937102854251862,0.0206437952768476,0.0770503640012479,0.0812544740736485,0.16001379887263,-1.09015271644517,-0.795842571199303
YLR394W,0.0023054254706949,-2.66343569755554,0.000801615419738971,0.15301231865557,0.00104201215823802,0.00423757436995705,-2.98212767619904,-2.37288267949946
YLR396C,0.11568795144558,-0.941104710102081,0.016186692343416,0.0623236418087375,0.0874706570679943,0.142112561563651,-1.05813761123727,-0.847367533441146
YLR397C,0.312919288873672,-0.508776783943176,0.0427485562380146,0.0610876734814152,0.238217207789421,0.37947140087684,-0.623026870558959,-0.420820949594588
YLR398C,0.309251636266708,-0.513630032539368,0.0408230059136679,0.0591473887845234,0.237924067551891,0.368962032099565,-0.623561626306442,-0.433018322492523
YLR399C,0.74884557723999,-0.129735097289085,0.101307093901717,0.0604824292311678,0.571956009666125,0.90893341054519,-0.242637373375425,-0.0414679329014839
YLR401C,0.332773655653,-0.481961905956268,0.0449436254297436,0.0603561107224108,0.252750784158707,0.40496888756752,-0.597307488337274,-0.392578340925507
YLR403W,0.258259892463684,-0.592161118984222,0.0353331832239297,0.0611188981640773,0.195261558269461,0.313747700552146,-0.709383259682861,-0.503419450437991
YLR404W,0.121482022106647,-0.92231696844101,0.021473631285771,0.0773635713629133,0.0845225006341934,0.165271545946598,-1.07302766264237,-0.781801947380467
YLR405W,0.129427269101143,-0.893318235874176,0.0200388069803463,0.0687205717652835,0.0936377215509613,0.166336044669151,-1.02854916661361,-0.779013629886329
YLR409C,0.485360652208328,-0.317945629358292,0.0646580595306706,0.0596473929957663,0.371571333706379,0.583224892616272,-0.429957800171202,-0.234163948175717
YLR410W,0.765643954277039,-0.119881398975849,0.100673558672097,0.0588668439389324,0.59139808366696,0.911871278782686,-0.228120087333218,-0.0400664631361127
YLR412W,0.0925523564219475,-1.0409574508667,0.0169912637056612,0.080223765168534,0.0636513813709219,0.12766582518816,-1.19619218256248,-0.893925357493513
YLR414C,0.530365645885468,-0.281699061393738,0.0896292852999298,0.0742124128145834,0.374160115917524,0.712572725117206,-0.426942697525819,-0.147170807708277
YLR418C,0.575973272323608,-0.244245365262032,0.0829030722477485,0.0641298059708383,0.430945675323407,0.719782829284668,-0.365577513678875,-0.142798517832962
YLR424W,0.0645142793655396,-1.19482827186584,0.00910590450813372,0.0630153849048803,0.0482444204390049,0.079653789413472,-1.31655290641695,-1.09879355959507
YLR426W,0.124734215438366,-0.909568727016449,0.0197252975426543,0.0699968604571613,0.089560018107295,0.161906510467331,-1.04788586340719,-0.790735692489866
YLR427W,0.125357329845428,-0.906086325645447,0.0172029795014151,0.0612595552963521,0.0950861722230911,0.152774342149496,-1.0218826351535,-0.815949586578809
YLR430W,0.136534467339516,-0.868673741817474,0.0179556426607692,0.0589636017680265,0.10543675335745,0.162071347236633,-0.977008044119042,-0.79029375774203
YLR431C,0.0311905425041914,-1.51179361343384,0.00504577031313426,0.0716543928673883,0.0220934567196916,0.0407592170250912,-1.65573633046443,-1.38977416772012
YLR433C,0.278471022844315,-0.559465527534485,0.0382332992331245,0.0613410342351851,0.210435863335927,0.340936170518398,-0.676880243978286,-0.467326949474949
YLR438W,2.27371406555176,0.352335512638092,0.318499551816173,0.0623692415013401,1.71257948875427,2.8068777402242,0.233650738252749,0.44822349412201
YLR439W,0.247751593589783,-0.611314356327057,0.0383621115373635,0.0685752559302026,0.179622739925981,0.318815515438716,-0.745638683963197,-0.496460551464957
YLR440C,0.229807198047638,-0.642826080322266,0.0313125167555631,0.0609600272323961,0.174740640322367,0.278930951158206,-0.757606084011703,-0.554503293381356
YLR442C,0.0996981859207153,-1.00536262989044,0.013349105630815,0.0599389493338673,0.0759581028173367,0.120792702399194,-1.11942589123335,-0.917959304297321
YLR443W,0.0529785342514515,-1.28101694583893,0.00803876332930833,0.0672126847571802,0.0387339740991592,0.0675399115309119,-1.41190794218788,-1.17043951520213
YLR446W,0.0410193838179111,-1.3927561044693,0.00660654274136653,0.0711301017665789,0.0296416870784014,0.0536953591431181,-1.52809708188601,-1.27006326373543
YLR447C,2.72753024101257,0.430944055318832,0.400965264296378,0.0652680928069896,2.02085140347481,3.42272982796033,0.305534379298691,0.534372571863491
YLR450W,0.229741901159286,-0.642798364162445,0.030726991268484,0.0598459199930287,0.175898466135065,0.276492621749639,-0.754738050702407,-0.558316462390241
YLR452C,0.406217128038406,-0.395393520593643,0.0551424769936117,0.0606335991759373,0.309459794809421,0.493712208420038,-0.509395835022905,-0.306526138521874
YLR453C,0.0257891044020653,-1.59594225883484,0.00471683846170542,0.0806418556883739,0.0174859102194508,0.0352729443150262,-1.75731175817574,-1.4525582994505
YLR455W,0.232269018888474,-0.639172613620758,0.0353861648652236,0.0674930479357141,0.169375479221344,0.298359342167775,-0.771149463011684,-0.525260385532644
YLR459W,0.253813296556473,-0.600208759307861,0.036842843070346,0.0646346743128891,0.186631619930267,0.317622894048691,-0.72901477432012,-0.498088205707738
YML130C,0.674092471599579,-0.175513386726379,0.0924705026688671,0.0612314786173698,0.510355596244335,0.824649302164714,-0.29212718327127,-0.0837307043227641
YML128C,0.115769483149052,-0.940804183483124,0.0161760356277269,0.0624426395979357,0.0869408604999383,0.142531767239173,-1.06077607498019,-0.846088336821613
YML127W,0.336492449045181,-0.477233409881592,0.0460101174076625,0.0610403916974551,0.255801748732726,0.41144046386083,-0.592096507500034,-0.385692999066003
YML121W,0.237326189875603,-0.630040884017944,0.0369080364516038,0.0689852604209784,0.170959184070428,0.307766003161669,-0.767107614850074,-0.51177935725456
YML120C,0.317433029413223,-0.502576887607574,0.0434048022685495,0.0612716708054445,0.239251425489783,0.386107324063778,-0.621145491828537,-0.413291967234317
YML117W,0.222539007663727,-0.656601130962372,0.0296330643444412,0.0596257951976324,0.170340863615274,0.267270311216513,-0.768681155371398,-0.573049280875878
YML116W,0.0554118230938911,-1.26136469841003,0.00828131547839554,0.0661833296244093,0.0410709790885448,0.0703499569247166,-1.38646494390349,-1.15273619574647
YML115C,0.752000272274017,-0.127943366765976,0.102232533915665,0.060713778304148,0.571945152183374,0.920106470584869,-0.242645622184039,-0.036161915141323
YML114C,0.106198519468307,-0.978423118591309,0.0151071109883069,0.0634056281843759,0.0790560581410925,0.132067435979843,-1.10206485718292,-0.879204264899301
YML113W,0.487334817647934,-0.319207727909088,0.087704198531508,0.0784264292731296,0.339122788856427,0.67329877614975,-0.469643030085081,-0.171792174945234
YML112W,0.215470120310783,-0.672256410121918,0.0343190790882165,0.0705949388991148,0.155263311291734,0.279449151456356,-0.80893115606938,-0.553697204823528
YML111W,0.147528514266014,-0.835265636444092,0.0200161720283671,0.0605475729471403,0.112788765815397,0.17930956184864,-0.947734158812946,-0.74639655066438
YML109W,0.112047143280506,-0.954687714576721,0.0150975578318469,0.0601781008872882,0.0857403948903084,0.135328963398933,-1.0668145206121,-0.868609244805308
YML107C,0.097894199192524,-1.01480567455292,0.0155693446940378,0.06987583813267,0.0705621111517151,0.128027139976621,-1.15142843449159,-0.892697958078164
YML106W,3.22863268852234,0.500391125679016,0.644631695867754,0.0868532283992411,2.1294299741586,4.57692384719849,0.328263348151482,0.6605736865115
YML105C,0.903139352798462,-0.0499349907040596,0.144579170633887,0.0708397987981906,0.647417706251144,1.18362341125806,-0.188815427588391,0.0732135462169867
YML103C,0.340583443641663,-0.471667289733887,0.0446620819939831,0.0587510322577765,0.263666103035212,0.404878496130307,-0.578945700557742,-0.392675290257264
YML102W,0.181302309036255,-0.745906829833984,0.0250839803780773,0.0618062595579298,0.137104995921254,0.22297436222434,-0.862946723316381,-0.651745069811737
YML100W,0.663976490497589,-0.181837931275368,0.088239823808291,0.0594901479639474,0.510282406707605,0.797221727669239,-0.292189404845147,-0.098420874565493
YML099C,0.043765913695097,-1.36320626735687,0.00607526828993454,0.0620521372387888,0.0329009703360498,0.0537660407833755,-1.48279129394941,-1.26949198032914
YML097C,0.194714859127998,-0.715256452560425,0.028086845815333,0.0641306773125492,0.14520766424636,0.243809792896112,-0.838010460601894,-0.612948854546929
YML096W,0.11587992310524,-0.940784931182861,0.0169843345889898,0.0650625747704053,0.0859244242310524,0.145805716514587,-1.06588336933464,-0.836225448568987
YML093W,0.573478817939758,-0.2454833984375,0.0762272169126706,0.0595940655894742,0.43962424993515,0.686933026214441,-0.356918359645836,-0.16308560574913
YML092C,1.5126086473465,0.172900497913361,0.26757982350945,0.0772966277463809,1.05498636960983,2.05799917777379,0.0232468420044123,0.313445117890681
YML087C,0.0121903279796243,-1.92885220050812,0.0031918393752867,0.11443722324765,0.0069840638898313,0.0192297185460726,-2.15589179638234,-1.71602707304243
YML086C,1.02421724796295,0.00614539626985788,0.140660466913839,0.0613350083047891,0.776568293571472,1.25276269117991,-0.109820345193592,0.0978688065965035
YML083C,0.00210200366564095,-2.70978450775146,0.000810853806110341,0.171035994618822,0.000854100389309072,0.00400261310472463,-3.06849108194888,-2.39765640912887
YML082W,0.130329713225365,-0.889307498931885,0.0181146618400438,0.0621067261730824,0.0979503506794572,0.159572670360406,-1.00899400579675,-0.797041487967569
YML080W,0.222843036055565,-0.656703531742096,0.0323240114476221,0.0644463622273266,0.165072461217642,0.278675081084172,-0.782325418096504,-0.554901865795706
YML075C,0.291434735059738,-0.539493680000305,0.0388995317562622,0.05984479757281,0.22310346364975,0.350032268961271,-0.651493687303357,-0.455891916861651
YML074C,3.54321956634521,0.54500538110733,0.494571106255279,0.0624068467510901,2.66384267807007,4.34636693398158,0.425508572576506,0.638126387984438
YML072C,1.05201530456543,0.0181430280208588,0.137661774250599,0.0586888098499469,0.809239462514718,1.24970289965471,-0.0919229513453474,0.0968067767886442
YML071C,0.172913387417793,-0.766533732414246,0.024086885432921,0.0621356607840961,0.130701936781406,0.212525421505173,-0.883717976883443,-0.672589114489591
YML069W,1.27428030967712,0.101089082658291,0.173424734900224,0.0608422167148391,0.969804511467616,1.55292629301548,-0.013315799906564,0.191150841666499
YML067C,0.604539930820465,-0.223390206694603,0.0885410928240113,0.0652954197126044,0.446264907469352,0.757834859192371,-0.350407313747859,-0.120425421814802
YML066C,0.00131490849889815,-2.94463038444519,0.000712529031571987,0.243666761197278,0.000342864176976339,0.00309325329338509,-3.4648793053537,-2.50958878437032
YML065W,0.1546411216259,-0.814748764038086,0.0207923691937429,0.0600804041205718,0.118445932678878,0.186580869803826,-0.926479851350314,-0.729132887824158
YML062C,0.204976662993431,-0.693146407604218,0.0302213174016297,0.0654460900656574,0.151885140438875,0.259055357674758,-0.818484748554618,-0.586607457503083
YML061C,0.102712050080299,-0.992634177207947,0.0141229325234341,0.0614043836061258,0.0777565408498049,0.125698748851816,-1.10926306905154,-0.900669045227786
YML060W,0.187877222895622,-0.731145143508911,0.0281472850053966,0.0666457897736211,0.137563951686025,0.239013199135661,-0.861495360875402,-0.621578157002368
YML057W,0.277328640222549,-0.561321318149567,0.0383325973824826,0.0618872613841536,0.208742084602515,0.338378556321065,-0.680389990341219,-0.470597166842301
YML054C,0.00798335205763578,-2.10662388801575,0.001604913385734,0.0878926197461423,0.00521452371031046,0.0113610757282004,-2.2827853630878,-1.94458054543371
YML052W,1.13149571418762,0.0486087277531624,0.170516120515976,0.0666775805168932,0.830790515244007,1.45059833625952,-0.0805084815721116,0.161547165881268
YML051W,0.0487357117235661,-1.31753075122833,0.0075708277584064,0.0688933498175072,0.0352261090961595,0.0627279108390212,-1.45313532952917,-1.20253917796163
YML050W,0.0606260821223259,-1.22380101680756,0.0103421321938135,0.0755384838371273,0.0423147936041156,0.0810427793612083,-1.37350778443716,-1.09128569809197
YML047C,0.00145320734009147,-2.88881373405457,0.000698761945192492,0.217368574952917,0.00044372834963724,0.00310084945522249,-3.35288282348606,-2.50851931804298
YML046W,0.117079421877861,-0.935808002948761,0.0161579580176023,0.061625511401015,0.0885019348934293,0.143174243842562,-1.05304723444435,-0.844135102346829
YML043C,0.0293342005461454,-1.5385650396347,0.00482563915908185,0.0721365316880921,0.021021356806159,0.0387206527714928,-1.67733925622352,-1.41205733507481
YML041C,0.0951597690582275,-1.02879583835602,0.017246340418312,0.0799282258503857,0.0642469106242061,0.13131902863582,-1.19214779648668,-0.881672345927923
YML038C,0.156087294220924,-0.811304032802582,0.0224815486587264,0.0643743409197132,0.115865275263786,0.194258066515128,-0.936046702267153,-0.711620939270144
YML037C,0.0456953011453152,-1.34743237495422,0.00832613716992401,0.0802345840837676,0.0312172326259315,0.0620680844721694,-1.50560562149852,-1.20713171458522
YML035C,0.469050824642181,-0.332905113697052,0.0634646331141218,0.0604485185887673,0.358442962169647,0.570853278537591,-0.445579942327444,-0.24347550403291
YML034W,0.242146551609039,-0.620100855827332,0.0329220370431025,0.0608981769793543,0.183264386033018,0.293022076785564,-0.736921929160255,-0.533099657973577
YML032C,0.138128221035004,-0.864289343357086,0.0196958874630257,0.0636441476103612,0.10298856596152,0.171802148222923,-0.987211027077461,-0.764971410030222
YML031W,0.312610238790512,-0.50913792848587,0.042346987162877,0.0605893178583386,0.237781516338388,0.379100129753351,-0.623821907948686,-0.421246067969956
YML027W,0.259430646896362,-0.590832531452179,0.0382228752314163,0.0654825879223821,0.191927409172058,0.325857069094976,-0.716863001519415,-0.486972864679937
YML025C,0.365317404270172,-0.442758738994598,0.0569579284281531,0.0692934255160743,0.26319120451808,0.471713998417059,-0.579728628590238,-0.326321302523569
YML023C,0.0360988453030586,-1.4475109577179,0.00539603035945669,0.0665327508133576,0.0265481262933463,0.0458532969777783,-1.57596614931756,-1.338629436081
YML021C,0.257240831851959,-0.594462215900421,0.0375579540760598,0.0652608472254789,0.189664445072412,0.322502447168032,-0.722014092240626,-0.491466986957286
YML019W,0.331333160400391,-0.484654188156128,0.0490633045384173,0.0659856766423991,0.241736974815528,0.419654064873854,-0.616656921060544,-0.377108606376811
YML018C,0.246060356497765,-0.613684594631195,0.0357736378801794,0.0646294184076808,0.182914638891816,0.307425505171219,-0.737751546577547,-0.512260110381237
YML017W,0.847364544868469,-0.0761020854115486,0.115577151572777,0.0607321580659369,0.647815346717834,1.03772144714991,-0.188548767786287,0.0160807923713138
YML015C,0.158319026231766,-0.805669367313385,0.0242087877745684,0.0677506352138389,0.11557099390775,0.202652838826179,-0.937151153500231,-0.693247311385389
YML014W,0.352815300226212,-0.458004236221313,0.0558929755783306,0.069885190605568,0.253155774871508,0.459843540440003,-0.596612161364898,-0.337389914035439
YML013W,0.227143406867981,-0.648008525371552,0.0313789734871133,0.0618339509909978,0.170850435644388,0.276824732869863,-0.767383910471291,-0.557795114204936
YML010W,1.13091635704041,0.049447238445282,0.150035451136962,0.059455548019635,0.86996603012085,1.35337138175964,-0.0604977051044777,0.131416988701849
YML007W,0.346632361412048,-0.46432963013649,0.0472677634283522,0.0610152631766011,0.263021558523178,0.421535141269366,-0.58000865493807,-0.375166214961172
YML006C,0.0803415775299072,-1.09935796260834,0.0110968291117243,0.0617116497730093,0.0607911478417615,0.0983693299815059,-1.21615965632129,-1.00714029678909
YML005W,0.122341319918633,-0.917113661766052,0.0177058728747727,0.0643574915497115,0.0908838413655758,0.15271722363929,-1.0415133300782,-0.816111982843859
YML004C,1.66410386562347,0.216256320476532,0.247112994220291,0.065944796860144,1.22699923614661,2.10230275392532,0.0888442915675725,0.322695258872015
YML003W,0.0292918365448713,-1.54281830787659,0.00618941890397728,0.0913360217916863,0.0187385640727977,0.0426794306375086,-1.72726369358191,-1.36978143391874
YMR001C,0.284214705228806,-0.550538837909698,0.0387369688151583,0.0608886581855275,0.215793162584305,0.34598795051376,-0.665962320074563,-0.460939040764379
YMR004W,0.290307253599167,-0.541523456573486,0.0405509431907596,0.0622715462761286,0.218149786318342,0.357501637687286,-0.661245209140461,-0.446721970356991
YMR010W,0.247619315981865,-0.610640466213226,0.0347546531342521,0.0625846297268296,0.185342675199111,0.306448685874542,-0.732024617044309,-0.513642238112406
YMR013C,0.067016065120697,-1.17846262454987,0.00963994378077152,0.0640595150461503,0.0495962915631632,0.0837360173463821,-1.30455079565529,-1.07708769887375
YMR014W,0.395661979913712,-0.406881242990494,0.0541678887964502,0.060991555853444,0.301482355346282,0.486477673053741,-0.52073810175912,-0.31293708693122
YMR016C,0.182320684194565,-0.743266940116882,0.024563048673282,0.0603273221904579,0.138832732165853,0.219902357459068,-0.857508143561911,-0.657770121484446
YMR018W,0.000420589931309223,-3.47470736503601,0.000275902181182798,0.312720435596847,6.55742953313165e-05,0.00112293811398558,-4.18329574223233,-2.94964418833934
YMR020W,0.0626816749572754,-1.20781528949738,0.00933472516693163,0.0661778343347865,0.0461423682359358,0.0794505601748823,-1.33590012457398,-1.09990314310929
YMR021C,0.100134752690792,-1.00453817844391,0.0151879851800069,0.0672250469497976,0.0733078251903256,0.128025344014168,-1.13484966443798,-0.892704051460198
YMR025W,0.0492378510534763,-1.31550228595734,0.00928504406252306,0.082848890424244,0.0331469901526968,0.0682749423508843,-1.47955600640262,-1.16573865789606
YMR026C,0.0724508091807365,-1.145094871521,0.0110024985545472,0.0673584997847632,0.0525214485824108,0.0926177026083072,-1.2796633042377,-1.03330601162201
YMR027W,1.02309787273407,0.00551996100693941,0.143287682862054,0.0623446803304386,0.770469903945923,1.26446832517783,-0.113244321002006,0.101907918130853
YMR028W,0.195315226912498,-0.714211106300354,0.0291150050830775,0.0660811735085016,0.143718600273132,0.247981611018379,-0.842487021196132,-0.605580534824368
YMR029C,0.172648012638092,-0.767376661300659,0.0245760798868275,0.0633335372874203,0.129093046238025,0.215131135781606,-0.889097151082217,-0.667296733067448
YMR030W,0.0624601431190968,-1.2100772857666,0.0099686032137931,0.0708819187509065,0.0443124245541791,0.0812993746250868,-1.35347453039936,-1.08991279517243
YMR031C,0.589075446128845,-0.23390419781208,0.0791197832338482,0.0601169217657174,0.451775157948335,0.70882172336181,-0.345077656818948,-0.149462981042601
YMR032W,0.132106259465218,-0.883423447608948,0.0183909755822155,0.0619968035925717,0.0995985865592957,0.163007332632939,-1.00174682476761,-0.787792860312159
YMR033W,0.44224688410759,-0.358743906021118,0.0618952216323239,0.0624915690994139,0.333554565906525,0.546491205692291,-0.476833110072299,-0.262416822460922
YMR034C,0.0219410713762045,-1.66577386856079,0.00392581604813459,0.0786236377078377,0.0150559637152279,0.0299071537330747,-1.82229149918559,-1.52422494101419
YMR036C,0.0611501038074493,-1.2184032201767,0.00895580596888354,0.0651152943002404,0.0451643504202366,0.0767787525430322,-1.34520423166062,-1.1147589503046
YMR037C,0.247854083776474,-0.609953641891479,0.0336632005826191,0.0606025067213187,0.188973458980521,0.301427659392357,-0.723599187901766,-0.520816918157405
YMR041C,0.0830867663025856,-1.08644711971283,0.0137025306371858,0.0724520308940726,0.0592135349288583,0.110529703522722,-1.22757902537447,-0.956521099610164
YMR043W,0.442731112241745,-0.359481751918793,0.0706158524840836,0.0703315245534097,0.316926561295986,0.581097922225793,-0.499041362219861,-0.235750765863806
YMR044W,0.345410615205765,-0.466133505105972,0.0487647670722634,0.0628357489401751,0.25875646546483,0.429059230039517,-0.587108789822964,-0.367482757472819
YMR048W,0.167247667908669,-0.782126486301422,0.0263314888500334,0.0695133257115028,0.119350762292743,0.217015364641945,-0.923174815916457,-0.663509519657602
YMR049C,0.919760227203369,-0.0404028333723545,0.12374471900008,0.0601046161012248,0.705294966697693,1.11520535647869,-0.15162921546522,0.0473548465753636
YMR054W,0.283377885818481,-0.551691889762878,0.0380463379008355,0.0599433988213258,0.217829997837543,0.343915519615014,-0.661882315008286,-0.463548225668428
YMR055C,0.0578568801283836,-1.24487125873566,0.0104987226035859,0.0796711892143176,0.039677399986734,0.079060504771769,-1.40145680600994,-1.10204042751159
YMR062C,0.347619861364365,-0.463432729244232,0.0493894380912884,0.0633810608707721,0.261151281744242,0.430525480707486,-0.583107867958285,-0.366001140576154
YMR063W,0.0821720063686371,-1.09677398204803,0.0188460662213107,0.100708669024522,0.0496936256686846,0.122554924711585,-1.30369935050418,-0.911669237405498
YMR064W,0.0555761344730854,-1.26016569137573,0.00837763192110881,0.0667160674746297,0.0409570457413793,0.0709566193322341,-1.38767137746015,-1.14900708547338
YMR065W,0.0027127843350172,-2.58722853660583,0.00082576191406351,0.136530958358705,0.0013329069527875,0.00455096596851945,-2.8752003294045,-2.34189641207424
YMR066W,0.0458445660769939,-1.34317028522491,0.00644336076196868,0.0628573920721594,0.0341467725733916,0.0564874135268231,-1.46665034040761,-1.24804831064788
YMR067C,0.310035020112991,-0.513205528259277,0.0446995332829008,0.0637614058068739,0.232881136362751,0.391354769468307,-0.632865689761962,-0.40742936903422
YMR070W,0.178541705012321,-0.752817809581757,0.0254742215921903,0.0634711483333675,0.133868143210808,0.221873967597882,-0.873322792443825,-0.653893652797234
YMR075W,0.0983869880437851,-1.01158702373505,0.0139925201674726,0.0632120563599949,0.0738427888602018,0.122668100583057,-1.1316919160348,-0.911268359537205
YMR076C,0.202171698212624,-0.698219776153564,0.0266872109348217,0.0591162550930691,0.155750815570354,0.242195670803388,-0.807569671670947,-0.615833634391593
YMR078C,0.0836194455623627,-1.08200311660767,0.0115644666339958,0.0618370762085788,0.063105464540422,0.101926260131101,-1.19993303415664,-0.991713910806129
YMR079W,2.45999789237976,0.38589271903038,0.371115593518302,0.0666207922025872,1.80682173371315,3.14731361468633,0.256915272649627,0.497939986569779
YMR080C,0.379347264766693,-0.424934536218643,0.0503293826857399,0.0593173762265087,0.293279925733805,0.455966920902332,-0.532717662562573,-0.34106666322346
YMR081C,0.00458535877987742,-2.36776638031006,0.00167454727904924,0.162194453744529,0.00196759569419858,0.00848721029081692,-2.70606439641402,-2.07123503844468
YMR083W,4.11602783203125,0.609907031059265,0.587113687647896,0.0636263217800439,3.07817240158717,5.10548875729243,0.488292919675635,0.708037324092631
YMR085W,0.000759711896535009,-3.20010447502136,0.000458651819773389,0.278738316966816,0.000155451871614787,0.00186430348160987,-3.80840433824833,-2.72948343528231
YMR086W,0.256491422653198,-0.595004320144653,0.0344461510697434,0.0601528772888709,0.19596780265371,0.307933852573236,-0.707815277046909,-0.511542565010683
YMR087W,0.0981823205947876,-1.0148993730545,0.0173440739321099,0.078290894327335,0.0671862011154493,0.132877069090803,-1.17271996961997,-0.876549964702633
YMR088C,0.18938872218132,-0.727050423622131,0.0264835944911703,0.0624950284023624,0.142444685101509,0.233048571025332,-0.84635375052523,-0.63255356022656
YMR089C,0.315561383962631,-0.504961490631104,0.042209910526682,0.059907756746797,0.241506790121396,0.379692479719718,-0.617070657673365,-0.420568007637724
YMR090W,0.124062143266201,-0.919293284416199,0.0308584912541758,0.105816501824818,0.0747984028110902,0.195742536708713,-1.12610774967411,-0.708314788338756
YMR091C,0.674545586109161,-0.175399735569954,0.0945198172363036,0.0624765020394996,0.507500395178795,0.832660436630249,-0.294563617073744,-0.079532070097751
YMR092C,1.26944065093994,0.0994984358549118,0.171459796464926,0.0603918968525703,0.969227135181427,1.53657717804114,-0.0135744355430005,0.186554378345448
YMR093W,0.455908834934235,-0.345493257045746,0.063589889891909,0.0622009614980488,0.345824151734511,0.559440411130587,-0.461144679807915,-0.2522461660818
YMR096W,0.00721161952242255,-2.16603422164917,0.00240090070898335,0.146515270789655,0.00340661984325076,0.0128693246437857,-2.4676763330498,-1.89044446861637
YMR098C,0.102535262703896,-0.9935382604599,0.0143527025238582,0.0624998062846043,0.0771572586769859,0.12594394274056,-1.11262321165447,-0.899822715499601
YMR099C,2.22792196273804,0.342686325311661,0.340152567281487,0.0678997768197145,1.61254052023093,2.86004667480787,0.207510576778319,0.456373096429909
YMR100W,0.0888665169477463,-1.05572509765625,0.0125275186730407,0.0628506983904475,0.0671916318436464,0.109435202553868,-1.17268483732537,-0.96084295393489
YMR102C,0.129304870963097,-0.892596185207367,0.0176750835325782,0.0610747590329312,0.0986562296748161,0.156900123382608,-1.00587548590115,-0.804376714904433
YMR104C,0.055362306535244,-1.26131010055542,0.00785286541170377,0.0632756943088858,0.0411361591890454,0.0687473929176728,-1.38577626007733,-1.16274376969153
YMR105C,0.539517104625702,-0.272029161453247,0.0721031501827511,0.0598077964971251,0.41196452776591,0.650407848258813,-0.385140177407832,-0.18681422757022
YMR106C,0.0716727748513222,-1.14909708499908,0.0100778973746838,0.0628077855879347,0.05370135375609,0.0885010110214352,-1.27001476864368,-1.05305177024056
YMR108W,3.33502149581909,0.51903247833252,0.447441532908122,0.0600522510932064,2.5522444208463,4.02765608628591,0.406922258879304,0.605052379887114
YMR110C,0.334618002176285,-0.479828715324402,0.0465952902343585,0.0623222408560626,0.251904722303152,0.408649753034115,-0.598763691313374,-0.388648760374656
YMR113W,0.172951281070709,-0.766548573970795,0.0244135284365414,0.0629159082804903,0.128936939438184,0.215017363429069,-0.88962266171028,-0.667526469170762
YMR115W,0.207196295261383,-0.688093721866608,0.0293179982249968,0.0628725474599274,0.156767442822456,0.257528871297836,-0.804744125877455,-0.589174075584103
YMR116C,22.6316719055176,1.34987938404083,3.32455223911991,0.0654363308565743,16.7042974630992,28.5164617697398,1.22282820254373,1.4550956356533
YMR119W,0.117794051766396,-0.933164179325104,0.0162605058513005,0.0616234938340014,0.0887731787438194,0.144773219774167,-1.05171822886449,-0.839311776940593
YMR120C,2.38813495635986,0.373929798603058,0.322736650198953,0.0605273369059477,1.81642329692841,2.89232420921326,0.259217063402111,0.461246972709814
YMR124W,0.144242465496063,-0.844946265220642,0.0192876480727475,0.0598374244799286,0.110022359527647,0.173951953897874,-0.958519045574797,-0.759570688815962
YMR125W,0.665083885192871,-0.181121662259102,0.0883047757197661,0.0596126070121309,0.508710980415344,0.792606661717097,-0.293528888115988,-0.100942296219424
YMR127C,0.058631170541048,-1.23777067661285,0.00951735241806484,0.0722556977283759,0.0407242756647368,0.0766323777536551,-1.39014674651076,-1.11558769898222
YMR128W,0.405560046434402,-0.395826160907745,0.0531226211078339,0.0586860982014765,0.313824936499198,0.482080228875081,-0.50331255103483,-0.316880681807426
YMR129W,0.285897374153137,-0.547706305980682,0.0376301383614027,0.0589504036749219,0.220760554075241,0.340931492050489,-0.656078524592651,-0.467332880912384
YMR130W,0.325484216213226,-0.492712318897247,0.0499551640963334,0.0680021112332093,0.237388862421115,0.418730139732361,-0.624539661840593,-0.378065777947187
YMR131C,1.11298012733459,0.0423344038426876,0.150989454935402,0.0606843038572048,0.845024250944455,1.3527506907781,-0.0731308529700414,0.131217764352526
YMR133W,0.00101066939532757,-3.05658388137817,0.000532399177234381,0.23939485323177,0.000262269986221023,0.00232232508327191,-3.58125155843158,-2.63407731515569
YMR134W,0.33586910367012,-0.482120901346207,0.0653609334482645,0.0853391565214972,0.222703994562229,0.466205182174842,-0.652272008282072,-0.33142290364396
YMR136W,0.120476193726063,-0.923536837100983,0.0168981780060589,0.0627323243410523,0.0903440745547414,0.148472368468841,-1.04410034336407,-0.828354374040721
YMR137C,0.038914430886507,-1.4148280620575,0.00579126453387401,0.0660155774573431,0.0287284312148889,0.0493034871605535,-1.54168808988356,-1.30712236570999
YMR139W,0.194056048989296,-0.717122435569763,0.0292608367279408,0.0667105951283666,0.142339752241969,0.247333675995469,-0.846673794454767,-0.606716780347569
YMR140W,0.151325091719627,-0.824766039848328,0.0219054638491801,0.064258523693613,0.112039499419431,0.190330071995656,-0.950628869722541,-0.720492588202878
YMR144W,0.121063925325871,-0.922499299049377,0.0190146224556244,0.0698355018729307,0.0874802848945061,0.156096644078692,-1.05808981142754,-0.806606433980096
YMR145C,0.987946391105652,-0.0094837574288249,0.135221656507565,0.0611030201330179,0.747773600618045,1.20528562068939,-0.126229882802426,0.0810899737360723
YMR146C,3.64129614830017,0.556520938873291,0.528130036956423,0.0647859074086438,2.7005410194397,4.55002578496933,0.431450778314496,0.658013855214257
YMR149W,1.01545906066895,0.00106855016201735,0.161435184562581,0.0701749867575582,0.731892434755961,1.32114858130614,-0.135552748357707,0.120951662686151
YMR152W,0.557512521743774,-0.258694767951965,0.0830615038291778,0.0661037828448768,0.409886240959167,0.708607472976049,-0.387336659814264,-0.149594272314167
YMR153W,0.437505751848221,-0.363513290882111,0.062138980656081,0.0629805220031324,0.330141228437424,0.547397250930468,-0.481300237227887,-0.261697389265185
YMR156C,0.0770017057657242,-1.12578916549683,0.0184009300163909,0.103797788945874,0.0464712646789849,0.118997450483342,-1.33281551799192,-0.924462353144589
YMR157C,0.286532133817673,-0.55012047290802,0.0521615248591766,0.0801703166609485,0.193273276090622,0.391643423338731,-0.713828191748608,-0.407109162247574
YMR165C,0.143133223056793,-0.848403513431549,0.0193846655730157,0.060630369682904,0.109195411081115,0.172862762088577,-0.961795617207848,-0.762298552890728
YMR167W,0.0833738148212433,-1.08329463005066,0.0115492597844353,0.061887366724935,0.0630487567434708,0.101905756878356,-1.20032347456184,-0.991801295283958
YMR171C,0.125172764062881,-0.907055675983429,0.0178660441323329,0.0635471208601398,0.0940392338360349,0.155421317617098,-1.02669092011462,-0.808489417664587
YMR173W,5.61391592025757,0.744908690452576,0.783111528857666,0.0620385040796817,4.25059178272883,6.94407735268275,0.628449380070019,0.841614536817431
YMR177W,0.106663793325424,-0.976677715778351,0.0154441258925447,0.0644127618231543,0.0793357864022255,0.133182100827495,-1.10053086903526,-0.875554151395361
YMR178W,0.60824054479599,-0.221841558814049,0.0998377426113229,0.0720560508149463,0.433230302234491,0.806202832361062,-0.363281174379878,-0.0935557141051024
YMR179W,0.116072669625282,-0.939525961875916,0.0159433984140888,0.0614205836566938,0.0877244232222438,0.141781143595775,-1.05687950467094,-0.848381526334359
YMR180C,0.0374596565961838,-1.43490958213806,0.00736283093302009,0.0863836449747475,0.0246804213306556,0.0527586520649493,-1.60764753388597,-1.27770631475425
YMR183C,1.80844449996948,0.251858592033386,0.283737349606306,0.0692429321728493,1.32010302444299,2.3448585152626,0.120607817572901,0.370116638511118
YMR185W,0.0668756663799286,-1.17901396751404,0.0092349215790161,0.0615376614976178,0.0505793984979391,0.0822375844543178,-1.29602634169341,-1.08492969025804
YMR188C,0.520725131034851,-0.292385429143906,0.106742627403516,0.088425386967458,0.345844642321269,0.756202664474645,-0.461118956993155,-0.121362008114224
YMR189W,0.670259833335876,-0.177758350968361,0.0892303560210572,0.0595593188256641,0.5156657670935,0.803482152024905,-0.287631711016827,-0.0950237726353776
YMR192W,0.177263215184212,-0.755624651908875,0.0243181406593705,0.0613140049703749,0.134953177844485,0.21606009863317,-0.869816884331998,-0.665425437135107
YMR193W,0.349657624959946,-0.463199526071548,0.0615306123455402,0.0776743078104052,0.238724745810032,0.473335679123799,-0.62210271623649,-0.324830774906295
YMR196W,0.130308613181114,-0.88906329870224,0.0174202568618852,0.0598514325798147,0.0995162945240736,0.156800690169136,-1.00210580391032,-0.804652030723366
YMR199W,0.181357771158218,-0.745759904384613,0.0250813580631932,0.0616677876614373,0.136607945089539,0.222777474174897,-0.864524044258832,-0.652128732890435
YMR200W,1.06393384933472,0.0206852499395609,0.178705111132424,0.0740616887034071,0.745604065557321,1.42476591169834,-0.127491891020503,0.153743439782867
YMR201C,0.104322582483292,-0.986893773078918,0.0160389607718814,0.068224518453201,0.0760065985843539,0.133796354134878,-1.11914870242486,-0.8735557250056
YMR203W,2.44498252868652,0.383735746145248,0.348284945855569,0.0633430433862002,1.83688236276309,3.05507038633029,0.26408134005287,0.485021218140598
YMR204C,0.054208055138588,-1.27154159545898,0.00864309261226566,0.0701766655736424,0.0389669887100657,0.0710468824952841,-1.40930315855924,-1.14845497414365
YMR205C,7.2341890335083,0.855377733707428,0.963849099404034,0.059644162803045,5.5543742497762,8.66845802466075,0.744635135420186,0.937941849454277
YMR206W,0.00144728482700884,-2.9280641078949,0.000924430770479381,0.291552707286879,0.000280112911665734,0.00367857159192984,-3.55266704676865,-2.43432092624457
YMR208W,0.520301342010498,-0.288202792406082,0.0733624742135617,0.062793348735413,0.390796008209387,0.648235871891181,-0.408049881667529,-0.188266948404008
YMR209C,0.147172689437866,-0.836800754070282,0.0211476811534273,0.0639718576036569,0.109958904112379,0.183552909394105,-0.958769619706642,-0.736238733500828
YMR210W,0.116388842463493,-0.938737869262695,0.0167923138283454,0.0640943868004231,0.0862997491533558,0.146252083281676,-1.0639904680856,-0.834897957289731
YMR211W,0.0675401911139488,-1.17552590370178,0.0101951979077137,0.067051227150292,0.0496460683643818,0.0855866743251681,-1.30411513901679,-1.06759384910875
YMR212C,0.289942353963852,-0.541673421859741,0.0385101788734628,0.0594546669028217,0.220981389284134,0.349309746176004,-0.655644300394277,-0.456789297823215
YMR214W,0.760867834091187,-0.123088099062443,0.106544693216971,0.062382802381019,0.571418739358584,0.942437198758125,-0.24304552330364,-0.0257475816950027
YMR217W,5.42395448684692,0.730139970779419,0.738713415501886,0.0608332077742504,4.12069129943848,6.60037921667099,0.614970080680351,0.819568887229267
YMR220W,0.537144482135773,-0.274381250143051,0.0758563346872299,0.0628803126250205,0.403928888340791,0.666046733160814,-0.393695116059544,-0.176495297511057
YMR221C,0.332885473966599,-0.482022702693939,0.0461171902846061,0.0618445384387096,0.251314552128315,0.407537309080362,-0.599782363273547,-0.389832630582382
YMR223W,0.147339895367622,-0.836361050605774,0.0213271089534952,0.0643076917581236,0.109538564831018,0.185350612054268,-0.960432976050857,-0.732006042450983
YMR224C,0.0665846318006516,-1.18118536472321,0.00950306438770133,0.0634933522834454,0.049737274646759,0.08298235591501,-1.30331801557394,-1.08101425185127
YMR226C,2.86510539054871,0.451049655675888,0.477586630731911,0.0731141656354482,2.02196367383003,3.82978181044261,0.305773345947538,0.583173999047508
YMR227C,0.182286009192467,-0.74360191822052,0.0253565931582167,0.0621229267180965,0.137361759568254,0.22303301555415,-0.862134171601972,-0.651630857452292
YMR228W,0.163610190153122,-0.791338086128235,0.024805041323789,0.0674901501270464,0.119372119754553,0.208854543417692,-0.923097103506243,-0.680156074073113
YMR229C,1.624875664711,0.206952169537544,0.212453629890028,0.0585870262102829,1.26023218929768,1.92785932620366,0.100450559790928,0.285075340548021
YMR231W,0.162326142191887,-0.793630242347717,0.021655658398102,0.0596673089785397,0.124671367059151,0.195430446664492,-0.904233285373023,-0.709007782611654
YMR233W,0.180304244160652,-0.756512403488159,0.0437991798773752,0.104375386244522,0.110330118983984,0.278568444401026,-0.957305938240457,-0.555068081050382
YMR234W,0.121842674911022,-0.919695973396301,0.019205791886141,0.0695387366100475,0.0882164177174369,0.157396152615547,-1.05445058276482,-0.80300588772193
YMR237W,0.523603737354279,-0.285138666629791,0.0709148310526896,0.0606028236797897,0.397837044050296,0.633258741597335,-0.400294786507516,-0.1984188074266
YMR238W,0.464404702186584,-0.337564826011658,0.0654444428787206,0.0628557437219568,0.348507106304169,0.575263619422913,-0.457788361906799,-0.240133090572922
YMR239C,0.122731603682041,-0.915442705154419,0.0171595980585244,0.0624120921070909,0.0918374285101891,0.151190662632386,-1.03698028521908,-0.820475029572202
YMR240C,0.110823184251785,-0.960038304328918,0.0160192469536986,0.0642184696516243,0.0823814303303758,0.139102980494499,-1.08417067290087,-0.856663564483533
YMR241W,1.83014690876007,0.257491588592529,0.274081384862881,0.066386675754678,1.33740101655324,2.34049227436383,0.126261643413419,0.369307178603855
YMR243C,1.28978025913239,0.106192640960217,0.178773743896462,0.0618848817633703,0.976012660066287,1.58453459839026,-0.0105445523487013,0.199901726471037
YMR244W,0.00373219535686076,-2.45426821708679,0.00128159360764521,0.154143081747934,0.00164264655419781,0.00670422744005918,-2.78445683760916,-2.17365129414004
YMR247C,0.209001004695892,-0.683795392513275,0.0276027940903332,0.0591352672178281,0.161554858088493,0.249138101935387,-0.791679977854925,-0.60355984855791
YMR250W,0.215835765004158,-0.670121908187866,0.0296632645056102,0.0613125258853014,0.164486406991879,0.265330616633097,-0.783869991692348,-0.576212633688641
YMR251W,0.00158126011956483,-2.85480046272278,0.000791306091939925,0.221751583724834,0.000489906802249607,0.00351968235142218,-3.30988681645572,-2.45349659488059
YMR253C,0.118727013468742,-0.930506825447083,0.0178699533106457,0.0668268731724456,0.087434417506059,0.151689459383488,-1.0583175885921,-0.819044608278714
YMR258C,0.118973426520824,-0.929041385650635,0.0168074851569201,0.0630708345693781,0.0887246344859401,0.148158290485541,-1.05195578657975,-0.829274041872523
YMR259C,0.192279025912285,-0.720023453235626,0.0254465436480933,0.0592148544928801,0.148329809308052,0.229585149263342,-0.828771561601073,-0.639056222309228
YMR261C,0.690645217895508,-0.164659515023232,0.0908956369166132,0.058922538570111,0.533087387681007,0.824853061636289,-0.273201593649721,-0.0836234111630047
YMR262W,0.104807570576668,-0.985611915588379,0.0172669666565171,0.0727206096366306,0.0742624035105109,0.13909454147021,-1.12923100050456,-0.856689921975308
YMR265C,0.0578774400055408,-1.24284505844116,0.00897707529222858,0.0687396914166266,0.0418320866922538,0.0744275933131575,-1.37849047835298,-1.12826609393673
YMR266W,0.412487506866455,-0.388617426156998,0.0551160957956913,0.0597635052186615,0.316481530666351,0.496430667241414,-0.499651629607869,-0.304141397729538
YMR267W,0.281618714332581,-0.555879056453705,0.0445593923811675,0.0698379956505555,0.202087325975299,0.367917585372925,-0.69446092269438,-0.434249458828995
YMR271C,0.0209393445402384,-1.71228575706482,0.00821611804872131,0.173302821114361,0.00847668123897165,0.0406621122422317,-2.0717744879557,-1.39081018709472
YMR275C,0.128541842103004,-0.895096361637115,0.0174048287357272,0.0605821775761401,0.0984978951513767,0.155145540833473,-1.00657307310763,-0.809260702317951
YMR276W,2.42595314979553,0.380228191614151,0.349851471175551,0.0641407295614173,1.80879913568497,3.04077350099881,0.257390293401113,0.482984069981543
YMR277W,0.208627641201019,-0.684860467910767,0.0286008244632589,0.0612495832860891,0.158222039416432,0.253249883155028,-0.800733025911963,-0.596450747455069
YMR278W,0.32498162984848,-0.492326021194458,0.0443116731877595,0.0608803273029934,0.247493262588978,0.394923457751671,-0.606436620628148,-0.403487071553342
YMR279C,0.0036378491204232,-2.45446181297302,0.00096994195793343,0.116104698505612,0.00202084797201678,0.00578850007926424,-2.69446637130426,-2.23743400573072
YMR281W,0.210444331169128,-0.682152390480042,0.0324409750324691,0.068315399875543,0.151611955712239,0.271940404425065,-0.819266590104207,-0.565526268442764
YMR282C,0.0673735439777374,-1.1761462688446,0.0096953756146294,0.0640064642810876,0.0504117385794719,0.0843678147842487,-1.29746832933644,-1.07382321050166
YMR284W,0.0740518718957901,-1.13502097129822,0.0105508040768771,0.0634926995526301,0.055377745659401,0.0922264456748962,-1.25666474227749,-1.03514452836238
YMR285C,0.215523347258568,-0.671047866344452,0.0306766911108434,0.0633882899163398,0.161539360880852,0.267753291626771,-0.79172163970694,-0.57226518484891
YMR289W,0.179007515311241,-0.752410650253296,0.0275798254123724,0.0682497303249111,0.130522583176692,0.230860096837084,-0.884314350021485,-0.636651126964341
YMR290C,1.52235245704651,0.178209528326988,0.210412112901216,0.0617807660706167,1.14710544447104,1.86441149115562,0.0596033287466715,0.270541770966532
YMR291W,0.402700781822205,-0.399249255657196,0.0552253458326429,0.061203006733923,0.307369858026505,0.491888989756505,-0.512338723481023,-0.308132900149803
YMR293C,0.0387565828859806,-1.41728091239929,0.00616663157640672,0.070456080069532,0.0277944136255731,0.0502941135937969,-1.55604248489532,-1.2984828416661
YMR296C,0.671201050281525,-0.177343741059303,0.0914872405713434,0.0610097164542566,0.507819578051567,0.816974818706512,-0.294290560634161,-0.0877913298883953
YMR300C,1.13391542434692,0.0503565073013306,0.155508517206469,0.0611355451881066,0.864594816664855,1.38716946840286,-0.0631873877348001,0.142129487246688
YMR301C,0.163657963275909,-0.790194630622864,0.0221645912987889,0.0605126349477252,0.124525471714636,0.198525316144029,-0.90474180444338,-0.702184108260772
YMR302C,0.159804940223694,-0.800573170185089,0.0217098171702454,0.0607729697348623,0.121144219860435,0.193881733218829,-0.916697445550182,-0.712463111462938
YMR304W,0.247462302446365,-0.610442042350769,0.0327088400327965,0.0591797788543751,0.189975879713893,0.296406473964453,-0.721301549058019,-0.528112315209352
YMR307W,8.60880661010742,0.93084979057312,1.15932894921164,0.0602544714964532,6.57939865589142,10.3937951167425,0.818186201581938,1.01677415129257
YMR309C,2.1099328994751,0.320256263017654,0.281171271113378,0.0596747050408346,1.62280941009521,2.53450655937195,0.210267517358994,0.403893419526813
YMR310C,0.248296678066254,-0.610329806804657,0.0383811340340645,0.0683437704259391,0.180579572916031,0.318408280859391,-0.743331378449938,-0.497015658916603
YMR312W,0.318906784057617,-0.50212174654007,0.0516264841784827,0.0713531845899971,0.226847976446152,0.419463679442803,-0.644265090421283,-0.377305652551465
YMR313C,0.11923311650753,-0.927859485149384,0.0164125690751055,0.0613660426369951,0.0905816890920202,0.145902381961544,-1.04295959952506,-0.835937617880525
YMR314W,1.72457242012024,0.228804782032967,0.329225092493201,0.0829694603226854,1.1575490852197,2.43481526772181,0.0635394159638349,0.386465788150824
YMR315W,1.90932619571686,0.2762630879879,0.274307773409434,0.0638703383388878,1.42545941074689,2.38024163246155,0.15395485491791,0.37662104710609
YMR316W,0.0541123040020466,-1.27310192584991,0.00918370877551979,0.0751819598740402,0.0378594051425656,0.0721270212282737,-1.42182621424489,-1.14190201501609
YMR318C,2.50769901275635,0.394694715738297,0.357785816113845,0.0637109719807843,1.87155275841554,3.11589021881421,0.272202070088295,0.493582147811193
YMR319C,0.232867553830147,-0.63722288608551,0.0323313234911276,0.061937706626404,0.175745270897945,0.286141002178192,-0.755116353778206,-0.543419985822058
YNL330C,0.309433847665787,-0.513925969600677,0.0438245438406342,0.0630341702757812,0.231986181686322,0.385751504451036,-0.63453788756037,-0.413692376451275
YNL329C,0.0551351979374886,-1.26275956630707,0.0075290670847647,0.0608903502268926,0.0419375500020881,0.0670470050225655,-1.37739697162874,-1.17362061869818
YNL327W,1.76632618904114,0.243104070425034,0.234121026080246,0.0592975724126491,1.35770156681538,2.11621584892273,0.132804311674057,0.325559961825329
YNL326C,0.114805638790131,-0.945643663406372,0.0182773328585122,0.0702469407521457,0.083142408542335,0.149922323971987,-1.08017740866891,-0.824133734629076
YNL323W,0.533794343471527,-0.277167171239853,0.07597066211589,0.0633717368292627,0.399755161007245,0.661608904600143,-0.398205920657098,-0.17939865848406
YNL322C,1.62693655490875,0.206437617540359,0.242182439320512,0.0659629632893349,1.19726869066556,2.08255250851313,0.0781916034127746,0.318595950866218
YNL321W,0.149120852351189,-0.830561697483063,0.0200919934778411,0.0603080720122233,0.113732067930202,0.179989355802536,-0.944117065222547,-0.744753181138718
YNL320W,0.349006623029709,-0.462986528873444,0.0568201963347967,0.0714314684482598,0.250420399258534,0.461548616240422,-0.601330297286319,-0.335782547240647
YNL318C,0.00121671648230404,-2.95103096961975,0.000499204667397478,0.180151981756462,0.000481543984399953,0.00241496835951693,-3.31736591811232,-2.61708855678552
YNL316C,0.18157085776329,-0.746257245540619,0.0279816862044098,0.0684821932882712,0.131145131215453,0.233863320946693,-0.882247846230238,-0.631037889579209
YNL315C,0.421860218048096,-0.379871904850006,0.0635870741812766,0.0666377855615002,0.307571375121673,0.541499139865239,-0.512054087675076,-0.26640227764377
YNL314W,0.0740944370627403,-1.13970685005188,0.0155121079631772,0.0911695370051563,0.0480177312158048,0.107713429319362,-1.31859836390669,-0.9677304089704
YNL313C,0.35996350646019,-0.447809338569641,0.0483327316099939,0.0600568453216364,0.275871376941601,0.434563210606575,-0.559293357504084,-0.361947050194384
YNL311C,0.0657748654484749,-1.18617045879364,0.00902250218304574,0.0612004102882002,0.0502007268369198,0.0803077891469002,-1.29928999482752,-1.09524233779238
YNL309W,0.13791623711586,-0.865224301815033,0.020245099748837,0.0654789717656234,0.102129644341767,0.173083077867826,-0.990848182108382,-0.761745396880103
YNL308C,0.895436644554138,-0.0521457642316818,0.121990929541208,0.0608534702759129,0.680220448970795,1.09023722906907,-0.167350317030893,0.0375210080714071
YNL307C,0.886327266693115,-0.0569159351289272,0.125638093099996,0.0631757393779461,0.662201073269049,1.09777801831563,-0.17901011970323,0.0405145229091732
YNL304W,0.0920739620923996,-1.04075074195862,0.0136181529459834,0.0657169739192526,0.0680010231832663,0.11640745010227,-1.16748456188224,-0.934019223861512
YNL299W,0.0962200909852982,-1.02102816104889,0.0132935161212697,0.0616914087257006,0.0728673851738373,0.117235393449664,-1.13746681474503,-0.930941276135898
YNL298W,0.149165496230125,-0.83053332567215,0.0203735092144636,0.0610024135502484,0.113863810524344,0.181389332314332,-0.943614291148047,-0.741388258569617
YNL297C,0.162142157554626,-0.79404079914093,0.0213807523637535,0.0591063035808063,0.124867366005977,0.193095538516839,-0.903551050532763,-0.714227760511457
YNL295W,0.0735983476042747,-1.13772594928741,0.0105137042896013,0.0638213769130736,0.0547262064491709,0.0915949743241071,-1.26180465562017,-1.0381283730196
YNL293W,0.0853414088487625,-1.0733048915863,0.0120545556268414,0.0628050200791278,0.0645776292930047,0.105959549359977,-1.18991792397774,-0.974859924965972
YNL292W,0.461720556020737,-0.339932024478912,0.0640205584734658,0.0617323782668408,0.347773011525472,0.571137223641078,-0.458704189279737,-0.24325954320291
YNL291C,0.155471980571747,-0.81264728307724,0.0214848958570026,0.0617123741617005,0.117440150988599,0.190388437981407,-0.930183409919216,-0.720359445555734
YNL290W,0.495171815156937,-0.310005217790604,0.0722645521084297,0.0648558454550285,0.364613622675339,0.623291811347008,-0.438167109342384,-0.205308578809237
YNL289W,0.490385502576828,-0.315377503633499,0.0801162628909081,0.0722098296224,0.348270543664694,0.644648556907972,-0.458083259167596,-0.190676986307681
YNL288W,0.343601256608963,-0.468774497509003,0.0503609276837548,0.0654037587900697,0.252996057271957,0.429669251541297,-0.596886246881,-0.366865724742584
YNL287W,1.30490183830261,0.111673131585121,0.171498634336417,0.0588628411318029,1.00830851594607,1.55434466501077,0.00359343413163548,0.191547326893955
YNL286W,0.138268306851387,-0.865672469139099,0.0234952280268755,0.0751201855035925,0.0965605195611715,0.185643245776494,-1.01520042753925,-0.731320849265676
YNL283C,0.170966938138008,-0.77155613899231,0.0240524621600391,0.0629715564613526,0.12788790439566,0.210218781605363,-0.893170542332308,-0.677328486957752
YNL280C,0.687894105911255,-0.166813462972641,0.095343063292942,0.0620052060139007,0.517155051231384,0.845726671318213,-0.286379229055549,-0.0727699738514515
YNL278W,0.105377584695816,-0.981294512748718,0.0141113448101658,0.059849092612936,0.0807943731546402,0.126998515675465,-1.0926188857577,-0.896201358889413
YNL275W,0.0573780760169029,-1.24600493907928,0.00836547367836704,0.0647828094383974,0.0424352693371475,0.0722636612132192,-1.37227303893748,-1.14108003906434
YNL274C,0.233820453286171,-0.636233806610107,0.0355062300184652,0.0671598678422481,0.17064075594147,0.301372722536325,-0.767917282647121,-0.520896058757266
YNL273W,0.080282986164093,-1.09944295883179,0.0107868998675926,0.0600393039460251,0.0615083963610232,0.0969221049298843,-1.21106570453787,-1.01357716723103
YNL272C,0.150694817304611,-0.82608836889267,0.0205300797758761,0.0609104637544828,0.114008169807494,0.18316982400914,-0.943064028872959,-0.737146072222076
YNL271C,0.12346064299345,-0.912442982196808,0.0163680627359545,0.0593782733811738,0.094783845419685,0.147481139128407,-1.02326568262771,-0.831263517471495
YNL267W,0.161919310688972,-0.794751226902008,0.021684571362594,0.0599137202623804,0.123994901652137,0.194902464747429,-0.906596171601995,-0.710182668735435
YNL265C,0.522085607051849,-0.287666290998459,0.0815405302768146,0.0690174309146856,0.378935564309359,0.677965824802716,-0.421434634094494,-0.168792234770009
YNL264C,0.300479233264923,-0.527282953262329,0.0454880855846005,0.0670348734865526,0.219729186967015,0.385649528851112,-0.658112251510807,-0.413807199300601
YNL261W,0.124010048806667,-0.911114037036896,0.0177253347306228,0.0635542357662585,0.091919720855852,0.155424745380878,-1.03659130334753,-0.808479853520787
YNL258C,0.181918874382973,-0.744324266910553,0.0248499042345378,0.0610105102369792,0.138199582695961,0.221453500290712,-0.859493268344708,-0.654717453340017
YNL256W,0.204170435667038,-0.694144189357758,0.0276341493544457,0.0605929952749552,0.154644747202595,0.247364275654157,-0.810664828247965,-0.606663027397658
YNL254C,0.0567955449223518,-1.25138735771179,0.0091128091685518,0.0708430985890692,0.0410432741045952,0.0744139611721038,-1.38675800196928,-1.12834567190001
YNL253W,0.186143398284912,-0.734979808330536,0.0273025012113108,0.0653676158491607,0.136955887079239,0.234005952626467,-0.86341929476397,-0.63077309491353
YNL252C,0.309715688228607,-0.515062630176544,0.0510904864266348,0.0728842221041056,0.218500019485752,0.408597447474798,-0.660548727207159,-0.388704351600156
YNL251C,0.663051664829254,-0.182651042938232,0.0904620961145465,0.0610146526229882,0.503099723160267,0.806940225760142,-0.298345929240536,-0.093158635067379
YNL250W,0.0595317706465721,-1.22939884662628,0.00807279489882667,0.0606097425662089,0.0454345420002937,0.0724120429406563,-1.34261384546439,-1.14018922545169
YNL249C,0.0418983325362206,-1.38298726081848,0.00639981893170164,0.0675888987315683,0.0306217148900032,0.053909650631249,-1.51397049141664,-1.26833348276225
YNL248C,1.28036439418793,0.102938942611217,0.178610883126238,0.0624350922279465,0.962710919479529,1.5727893948555,-0.0165041022399727,0.196670558363351
YNL247W,1.46215045452118,0.160939633846283,0.196004452453493,0.059927098607316,1.11640590528647,1.76968067487081,0.0478221247720162,0.247894907660502
YNL246W,0.391249597072601,-0.414243787527084,0.068696793509555,0.0765003738094216,0.274239454915126,0.533936853210131,-0.561870066566392,-0.272510104742011
YNL242W,0.0588411316275597,-1.2344183921814,0.00793507785274255,0.0602835168989461,0.0450260668682555,0.0711788009852171,-1.34653599002912,-1.14764933452003
YNL241C,1.79763126373291,0.250409215688705,0.248372150019386,0.0616342817603574,1.35581469535828,2.21343289216359,0.132200336815216,0.345066357488734
YNL240C,0.136289104819298,-0.870095789432526,0.0193726507760386,0.0635885534518222,0.101351695259412,0.16843247115612,-0.994168983904699,-0.773574180514646
YNL239W,0.865071177482605,-0.0672802403569221,0.119795414789967,0.0620040156618762,0.649565875530243,1.05742575526237,-0.187376798511628,0.0242498750523414
YNL237W,0.0482518225908279,-1.32169044017792,0.00735732162710519,0.0678652994166166,0.0348429140013953,0.0615303963422775,-1.45788553966587,-1.21091028743579
YNL236W,0.136996284127235,-0.867403447628021,0.0184960969561883,0.0603828457890114,0.104987790435553,0.16556187979877,-0.978861206648409,-0.781039651346215
YNL234W,0.0366638824343681,-1.44191408157349,0.0061138393591802,0.0736280354991673,0.0257262193132192,0.0488039298603932,-1.58962403242302,-1.31154521728799
YNL233W,0.179447010159492,-0.750170588493347,0.0242317977874718,0.0603125193606973,0.137543115889033,0.217327777544657,-0.861561141418398,-0.662884761247359
YNL232W,0.612291634082794,-0.218795672059059,0.0986748218775906,0.0712008027886104,0.436193073540926,0.802353429794312,-0.360321236876866,-0.0956342865863176
YNL231C,1.3057975769043,0.111066110432148,0.191578845622679,0.0651879470897642,0.961622064312299,1.65560101270676,-0.0169955839713574,0.218955675290254
YNL229C,0.57918244600296,-0.242164358496666,0.0863606509258846,0.0663686849426305,0.425029887010654,0.731540322303772,-0.371580534664822,-0.135761730685088
YNL227C,0.140967920422554,-0.855097055435181,0.0192834127782871,0.0611476947871641,0.106297925114632,0.172307308887442,-0.973475212617443,-0.763696300387944
YNL225C,0.0883522257208824,-1.05830550193787,0.0125173447690688,0.0633478142778183,0.0657007619738579,0.109412365779281,-1.18242959361948,-0.960933596470944
YNL224C,0.21646511554718,-0.668655514717102,0.0289579214787469,0.0599022124182994,0.164392437413335,0.261714625110229,-0.784118165297806,-0.582172012198827
YNL223W,0.0480238683521748,-1.32348906993866,0.00712948753488822,0.0662063823528384,0.0350238338733713,0.0607819237125416,-1.4556363160709,-1.21622556944415
YNL221C,0.158753708004951,-0.803350746631622,0.0213235223774445,0.0601207520045993,0.121719608393808,0.191470021754503,-0.914639454316881,-0.717899213492269
YNL220W,2.45540237426758,0.385808140039444,0.340743703894547,0.0617534806067163,1.86154953539371,3.02476122975349,0.269874587031727,0.480691085549313
YNL219C,0.338425517082214,-0.474765628576279,0.0464378652184438,0.061168279429494,0.257895327607791,0.414031698058049,-0.588556526765898,-0.382966409447935
YNL217W,0.465749472379684,-0.336805403232574,0.0694437464871035,0.0661434837109222,0.344550716131926,0.591167449951172,-0.462746843101425,-0.228289486480216
YNL216W,0.695566654205322,-0.161688581109047,0.0928618712313571,0.0597703011715407,0.53403717627128,0.836681242783864,-0.272428525594344,-0.0774399672260748
YNL215W,0.493577986955643,-0.311774998903275,0.0747799797687499,0.0673328228048781,0.36280108516415,0.626831704378128,-0.440331428092641,-0.202849075063914
YNL212W,0.416623771190643,-0.384295642375946,0.0557064200579698,0.0598514987122126,0.319070574144522,0.500656533241272,-0.496113252553701,-0.300460112585061
YNL207W,0.559180676937103,-0.256756901741028,0.077340743459199,0.0618004635957666,0.418451109280189,0.687870280941327,-0.378355276952614,-0.162493479765168
YNL206C,0.197336941957474,-0.709356963634491,0.0281491109611689,0.063548307954424,0.14717236161232,0.245028138657411,-0.832173741128033,-0.610784049923688
YNL204C,0.00114334945101291,-3.06145048141479,0.000867357648504561,0.340698176581808,0.00015807085352814,0.00333163771041047,-3.80114851410524,-2.47734289836625
YNL202W,0.0454717203974724,-1.35013258457184,0.00864276387397599,0.083074750277135,0.0308748793633034,0.0638173683856924,-1.51039486054095,-1.19506111290684
YNL201C,0.208532348275185,-0.68497496843338,0.0282825894937569,0.0606378575429233,0.158984744052092,0.253435025612513,-0.798644547964876,-0.596133364296014
YNL197C,0.341387212276459,-0.470877110958099,0.0462182927465292,0.0604330962686243,0.259928718457619,0.416831517467896,-0.585145768652836,-0.380039452467978
YNL196C,0.00117417064029723,-3.04277300834656,0.000844765441577256,0.331639698508039,0.0001659870390237,0.0034297468024306,-3.77992582234483,-2.46473794014502
YNL194C,0.00213726609945297,-2.73341155052185,0.00115794378925994,0.241343450247986,0.000565617760973206,0.00497637784962232,-3.24747704987027,-2.30308665203067
YNL193W,0.131867721676826,-0.884239733219147,0.0183903125002193,0.0622787732609466,0.0986433601627747,0.162237230191628,-1.00593215095738,-0.789849477202405
YNL192W,0.354587465524673,-0.454206675291061,0.0467935340991134,0.0590341527687344,0.274128505090872,0.424379853159189,-0.562045804032874,-0.372245241978907
YNL191W,0.17317932844162,-0.766678094863892,0.0264037869453782,0.0675624684570602,0.126439531768362,0.221912968282898,-0.898117123614721,-0.653817330237607
YNL189W,2.24713683128357,0.347440779209137,0.306600969022151,0.0609045978358021,1.7116649210453,2.72973944544792,0.233418747619675,0.436121194823613
YNL186W,0.274289906024933,-0.565821588039398,0.0366063231244439,0.0598142409807452,0.209942396606008,0.32924065515399,-0.677899850035753,-0.482486542828726
YNL183C,0.156915217638016,-0.808396339416504,0.0210746077542733,0.0599764304539125,0.120254710316658,0.190110254908601,-0.919897903524041,-0.720994457754987
YNL182C,0.394939541816711,-0.407709360122681,0.0541674030846885,0.0612937237752197,0.298993144929409,0.482957751800617,-0.524338770533062,-0.316090858832677
YNL181W,0.450555622577667,-0.350767850875854,0.0638619607425717,0.0632301462713983,0.336098480969667,0.558108389377594,-0.47353345087526,-0.253281449203441
YNL180C,0.332370072603226,-0.4833804666996,0.0498574809217027,0.0663870966160686,0.244865880161524,0.423389125367006,-0.611071727038621,-0.373260305865147
YNL178W,34.8711280822754,1.53558683395386,6.18232495224778,0.0776657554020618,24.279224395752,47.5561670621236,1.38523480900844,1.6772067904454
YNL177C,0.516636192798615,-0.291991025209427,0.0785385718666612,0.0676699339967673,0.376509150117636,0.657293301820755,-0.42422446597147,-0.182240804747689
YNL176C,0.0933766812086105,-1.0341260433197,0.0129917198035753,0.062191971553411,0.0704518258571625,0.114685989792148,-1.15210774706257,-0.940489633732239
YNL175C,1.43437445163727,0.152197912335396,0.202296529879062,0.0628483237587275,1.07454195618629,1.77118502557278,0.0312233773762833,0.248263931427008
YNL173C,0.442009091377258,-0.35947397351265,0.0654778303413459,0.0658362906896819,0.324800021201372,0.558124080797036,-0.488383980279745,-0.253269240470695
YNL169C,0.206193774938583,-0.690105438232422,0.0288521257936761,0.0621843282361581,0.155777305364609,0.255185470233361,-0.807495812856254,-0.593144057229625
YNL167C,0.11418442428112,-0.946791410446167,0.0159780014603733,0.0623912330520667,0.0860499130561948,0.140721855560939,-1.06524956438777,-0.851638446899645
YNL166C,0.511415421962738,-0.295693904161453,0.0721777626690959,0.0628512133143501,0.383733269572258,0.633042428890864,-0.415970556515887,-0.1985671854208
YNL165W,0.0773150846362114,-1.11706697940826,0.0119352940791439,0.0686473909764754,0.055933122523129,0.0987463387971123,-1.25233093599468,-1.00547901412279
YNL164C,0.17827545106411,-0.754274904727936,0.0277609597399987,0.0687127143636621,0.129225808257858,0.230113647257288,-0.888650845603283,-0.638057661180619
YNL163C,0.294679284095764,-0.534730315208435,0.039585408899566,0.0601595092794628,0.226056769490242,0.353770543138186,-0.645782483063498,-0.451278332146786
YNL161W,0.28704422712326,-0.546213150024414,0.0389872720651027,0.060746994702277,0.218564749509096,0.347559824585915,-0.660419881549099,-0.458970430856813
YNL156C,0.231032341718674,-0.642283022403717,0.037955243274944,0.0723867850543939,0.164485052103798,0.303759466856718,-0.78387356339431,-0.51747018822081
YNL155W,0.607382893562317,-0.222427293658257,0.0991421756968807,0.0719931304205475,0.433223509043455,0.79674807836612,-0.363288017376122,-0.0986790051429114
YNL154C,0.980972468852997,-0.0125194573774934,0.133577492767651,0.060814803038699,0.745323444902897,1.19321423172951,-0.127655220765664,0.0767184185165567
YNL152W,0.154927372932434,-0.814771771430969,0.0229262163156211,0.0658497916972502,0.113813303411007,0.195312280207872,-0.943806971154378,-0.709270453574538
YNL151C,0.490900248289108,-0.315962970256805,0.0875589390419647,0.0781452391157861,0.334429506957531,0.674153850972652,-0.475695417198733,-0.171241053329022
YNL148C,0.0765544846653938,-1.12577939033508,0.0162447009737008,0.0924337694151671,0.0487675574608147,0.111249646854897,-1.31186944916258,-0.95370135991191
YNL141W,0.83359158039093,-0.0839752033352852,0.123841554082008,0.0659770771207552,0.616348734498024,1.05263407925765,-0.210173491390111,0.0222773948727843
YNL138W,1.93809294700623,0.283132493495941,0.266169144952611,0.0612762628997271,1.47280861139297,2.37291784683863,0.168146313997413,0.375282700265569
YNL137C,0.3243667781353,-0.493374645709991,0.0453677825729406,0.0625361434915307,0.243798310433825,0.399337884038687,-0.612969314752164,-0.398659487585444
YNL136W,0.0871462225914001,-1.06487846374512,0.0132211254700922,0.0672560099963832,0.0637495638181766,0.111308310118814,-1.19552278433636,-0.953472411345817
YNL134C,1.07386565208435,0.026182446628809,0.156700949813256,0.0649407429768815,0.79488283842802,1.34265134731928,-0.0996968860328179,0.127963249097827
YNL132W,0.815504908561707,-0.0924605056643486,0.106900266566314,0.058732787712221,0.629093014200528,0.972022337714831,-0.201285140694286,-0.0123237572290154
YNL130C,0.676840424537659,-0.17416188120842,0.0973560870084802,0.0641597406672891,0.502766731878122,0.839941281576951,-0.298633471059053,-0.0757510813806147
YNL129W,0.308217018842697,-0.519501626491547,0.0606473197234505,0.0854223699623395,0.206142190347115,0.438181340694427,-0.685833113831933,-0.358346120170988
YNL127W,0.079388327896595,-1.10444045066833,0.0108249783343627,0.0610208055791605,0.0604266040337582,0.0963535115122795,-1.21877181269546,-1.01613246871559
YNL126W,0.0754509195685387,-1.12668919563293,0.0105106702720986,0.0620289388161202,0.0570396368081371,0.0930091564853986,-1.2438232501249,-1.03147429429395
YNL124W,0.186336636543274,-0.73427939414978,0.0266617212517385,0.0635981422449328,0.139719198519985,0.231615736087163,-0.854744011701384,-0.635231938894929
YNL123W,0.571300983428955,-0.247083991765976,0.0755173148645528,0.0591811046965716,0.439540505409241,0.685606240232785,-0.357001096778736,-0.163925240952155
YNL119W,0.141287848353386,-0.854482710361481,0.0202164991364415,0.0637027707938012,0.105935826897621,0.175628994281093,-0.974957139112635,-0.7554037895821
YNL118C,0.45782870054245,-0.343289345502853,0.0608836391421736,0.0594977088834472,0.352453949550788,0.550331838428974,-0.452897620730684,-0.259375361671011
YNL117W,0.00237480015493929,-2.64546275138855,0.00073787846307716,0.137340155262606,0.00116982889303472,0.00403978525428101,-2.93187765753108,-2.39364174395165
YNL115C,0.204966843128204,-0.692532122135162,0.028055078419493,0.0610858058581633,0.155481810991963,0.250105862816175,-0.808320411393343,-0.6018761326136
YNL108C,0.820909261703491,-0.0917051210999489,0.13558846970559,0.0726133242826618,0.580121522645156,1.09659760693709,-0.236481038738839,0.0400472933724149
YNL107W,0.302453368902206,-0.530273377895355,0.0684780963208012,0.0976075766382331,0.189250525335471,0.454694165537754,-0.722962907066623,-0.342280699956292
YNL106C,0.0661848857998848,-1.1833747625351,0.00895603222753699,0.0605448253346187,0.0502584096044302,0.0802478566765785,-1.29879126353569,-1.09556655824976
YNL103W,0.194163873791695,-0.716033577919006,0.026530277995141,0.0610188367006899,0.148118691767255,0.235825192928314,-0.829390136139552,-0.627409802011266
YNL102W,0.276949644088745,-0.561533510684967,0.0365339991909276,0.0590688753850024,0.213810335720579,0.330441206693649,-0.669971318296457,-0.480905800565338
YNL100W,0.354966580867767,-0.458775728940964,0.0722759696927974,0.0885748666573478,0.230916522319118,0.511390376587709,-0.636545004179234,-0.291247449434307
YNL099C,0.399905949831009,-0.405957520008087,0.0762611104881064,0.0832944045806943,0.267140663663546,0.561113342642784,-0.573260011137879,-0.250949406236329
YNL098C,1.80837166309357,0.252434879541397,0.266565788579692,0.0654705688524347,1.33478913605213,2.27587413787842,0.125412659500872,0.357148240703563
YNL097C,0.12201065570116,-0.919033229351044,0.0191089346497494,0.0691523707644641,0.088384911355873,0.158631350472569,-1.05362187053574,-0.799610978811284
YNL095C,0.0803860872983932,-1.09918892383575,0.0112004377430925,0.0622076296515555,0.0602808527648449,0.0995632605006297,-1.21982065465129,-1.00190088971958
YNL094W,0.0633172541856766,-1.20315444469452,0.00914584389505418,0.0643373229358802,0.0470373695405821,0.0793764604876439,-1.32755697469281,-1.10030829130146
YNL091W,0.197562262415886,-0.70833432674408,0.0264286818695698,0.0598123316485927,0.152133344734708,0.237783649936318,-0.817775600460489,-0.623818022336466
YNL088W,0.411827147006989,-0.38919734954834,0.0541284782543882,0.0589291964209196,0.318288028240204,0.490239799022675,-0.49717969617949,-0.309591434425613
YNL087W,0.447477489709854,-0.353210121393204,0.0593714521628042,0.0594145857771002,0.345108026017745,0.535831476251284,-0.462044940978844,-0.270971782104284
YNL085W,0.840542018413544,-0.079475924372673,0.112360090604638,0.0597999263172559,0.646457680563132,1.01112704475721,-0.189459901307358,0.00480572108711875
YNL084C,1.09257650375366,0.033684354275465,0.159401464135052,0.0649300579681954,0.812821686267853,1.37560065984726,-0.0900047178298161,0.138492375190646
YNL083W,0.0519238784909248,-1.28974592685699,0.00786335003585761,0.0671828731340964,0.0380020462286969,0.0664705422396461,-1.42019301887902,-1.17737078002621
YNL082W,0.114126682281494,-0.946712911128998,0.0153760027218945,0.0603202782720867,0.0871223280206323,0.137900044023991,-1.05987052826947,-0.860435596718966
YNL078W,0.228473410010338,-0.645671367645264,0.0323736957410223,0.0631531177585871,0.170487162222465,0.284138242652019,-0.768308318054856,-0.546470312410824
YNL077W,0.100267343223095,-1.00323557853699,0.0140465897221127,0.0622961157250664,0.0758396610617638,0.123444402466218,-1.12010361658949,-0.908528598259278
YNL075W,0.693177223205566,-0.164331749081612,0.10537109445708,0.0676827355592024,0.503509930272897,0.880535693466663,-0.297991959874299,-0.0552530356181277
YNL074C,0.410232752561569,-0.391309022903442,0.057021931399713,0.0619613074603187,0.309470311055581,0.503353754182656,-0.509381009192246,-0.29812669314659
YNL073W,0.0836634784936905,-1.08214473724365,0.0121112102513728,0.0642568859219054,0.0624984514589111,0.105122330474357,-1.20413074316466,-0.978305021994358
YNL068C,0.15442943572998,-0.815318465232849,0.0206609307507012,0.0599345791534377,0.118648028373718,0.185367503638069,-0.92573947441714,-0.731966400667211
YNL065W,0.0719198361039162,-1.14766061306,0.0102059118857717,0.0631077985413176,0.0539579764008522,0.0892806580290198,-1.26794434614659,-1.04924262248821
YNL064C,7.5404052734375,0.873091697692871,1.04262191205996,0.0617565910458642,5.67265558242798,9.27503374417623,0.753786416000491,0.967315498301989
YNL062C,0.60399854183197,-0.223472088575363,0.0856923567884434,0.0631212782116724,0.452939928571383,0.752494230369727,-0.343959396541536,-0.123496841542236
YNL058C,0.346470803022385,-0.46546658873558,0.0525412090210461,0.0673590320973527,0.25159137348334,0.445945657044649,-0.599304254770671,-0.350718411356953
YNL055C,10.063738822937,0.997537612915039,1.54036545182432,0.067914677766457,7.33403466939926,12.9534594456355,0.865342889518645,1.11238576871345
YNL053W,0.088308572769165,-1.05864942073822,0.0127363618773628,0.064125467238992,0.0654440581798554,0.111066311473648,-1.18412987803332,-0.954417650876967
YNL051W,0.133029535412788,-0.880876481533051,0.0195282151427377,0.06532953910465,0.0970593998829524,0.167308300733566,-1.01296240184813,-0.776482511677445
YNL050C,0.418019771575928,-0.384464800357819,0.0667300220198322,0.0706886093508356,0.299103853603204,0.548486430446307,-0.524178013909395,-0.260834200573632
YNL049C,0.195536866784096,-0.71279388666153,0.0260903530440245,0.0597378415309991,0.149750545745095,0.235075001915296,-0.824631586222297,-0.628793553949838
YNL048W,0.225873395800591,-0.650486350059509,0.0313979739552157,0.0620836681571888,0.1706836450845,0.278004683802525,-0.767808091991449,-0.5559478871526
YNL042W,0.0383513309061527,-1.42256963253021,0.0065235767993859,0.0746278904613859,0.0273233347106725,0.0512127391993999,-1.56346630785319,-1.29062199457433
YNL041C,0.183025643229485,-0.741553843021393,0.0245521265539879,0.0600533890213477,0.139219228054086,0.221260025103887,-0.856300826304434,-0.655097078339974
YNL040W,0.23100534081459,-0.64097273349762,0.0329885967882106,0.0638371021968431,0.172425592318177,0.286959202339252,-0.763398280109758,-0.54217984636266
YNL037C,1.66517007350922,0.21690659224987,0.237141462791196,0.0634679128182181,1.24403357505798,2.06961844364802,0.0948321016294313,0.315890285973321
YNL035C,0.374142736196518,-0.431619822978973,0.0538504111775524,0.0642299472834301,0.276926990846793,0.467090890804927,-0.557634713432992,-0.330598603070485
YNL032W,0.217815116047859,-0.668054580688477,0.0363414306141411,0.0735164213188087,0.15360217380027,0.288916099071503,-0.813602638124352,-0.539228281400362
YNL029C,0.0443203486502171,-1.35841763019562,0.00665092358864025,0.0665748433524347,0.0324302520292501,0.0562020457039277,-1.48904967631978,-1.2502478783957
YNL027W,0.232757031917572,-0.637324631214142,0.0318986016349157,0.0611842242438999,0.177111821124951,0.283746146907409,-0.75175258162166,-0.547070029589844
YNL026W,0.231353834271431,-0.640380084514618,0.0333385632849536,0.0641563112450933,0.172731614485383,0.288221776485443,-0.762628177571435,-0.540273209329875
YNL025C,0.0531462542712688,-1.28199875354767,0.00985245694946637,0.0808581099894988,0.0358761921525002,0.0739914774894714,-1.44519365857433,-1.13081830043723
YNL024C,0.0327416472136974,-1.50193011760712,0.00908432330413963,0.123232708731194,0.0172809777936588,0.0523676944275697,-1.76243168962868,-1.2809366336534
YNL023C,0.0974626690149307,-1.01525175571442,0.0131008545346474,0.0602755543231394,0.0742021625861526,0.11758972145617,-1.12958343754977,-0.929630638387214
YNL022C,0.290577173233032,-0.54123455286026,0.041108549813054,0.0630864959727508,0.217009139681856,0.359741449356079,-0.66352197477741,-0.444009519953147
YNL021W,0.245272517204285,-0.614555537700653,0.0335188260250414,0.0610047875193106,0.185955852270126,0.299134960273902,-0.730590149283346,-0.524132829251136
YNL020C,0.0709079802036285,-1.15382182598114,0.0100445955517578,0.0632542384743233,0.0525755018927157,0.0877347235257427,-1.27921657682899,-1.05682848850898
YNL016W,4.33409452438354,0.632573783397675,0.601234594373753,0.0618632070123384,3.26497574249903,5.33470382293065,0.513879958938343,0.727110299620865
YNL010W,6.26823759078979,0.789951384067535,1.1360286439958,0.0794608850027947,4.3164324760437,8.62405083179474,0.635124951430197,0.935711307209212
YNL008C,0.114881075918674,-0.944116234779358,0.0160118272250257,0.0621763450865175,0.0866703892126679,0.141798236841957,-1.06212926218385,-0.848329172927462
YNL006W,0.290150314569473,-0.542640566825867,0.0445206203866353,0.0682381304040947,0.209348342816035,0.370865331590176,-0.679130474042306,-0.43078376277894
YNL005C,0.427805960178375,-0.373362153768539,0.0612736049607496,0.0638852825837216,0.317385375499725,0.534416794776917,-0.498413088564461,-0.272119902021417
YNL004W,0.439346134662628,-0.361681967973709,0.062112189924881,0.0630311265761246,0.330577036490043,0.543329600989819,-0.480727354858064,-0.264936634050024
YNL003C,0.124147482216358,-0.912789523601532,0.0216755099932681,0.0769822195162467,0.0862689609328906,0.16824172201256,-1.0641455434637,-0.774066315336274
YNL002C,1.53778493404388,0.181991532444954,0.227973147370125,0.0657994971768554,1.12710799972216,1.9451301018397,0.0519655313570929,0.288948653993637
YNL001W,0.418548285961151,-0.383067578077316,0.0614307079401444,0.0651959435962098,0.311406193673611,0.528026069700718,-0.506672778556373,-0.277344670050621
YNR001C,1.05817902088165,0.0202488079667091,0.146515652178444,0.0617677892146066,0.801767718791962,1.29648221035798,-0.0959514672927373,0.112766558183529
YNR002C,0.00509841879829764,-2.33901619911194,0.00242358714012876,0.204648885651804,0.00174721772782505,0.0105162494350225,-2.75765297246349,-1.97813914703218
YNR003C,0.471803605556488,-0.331695139408112,0.0739827607954581,0.0693569084475687,0.34074254805843,0.611035793026288,-0.467573683889306,-0.2139333506154
YNR006W,0.263712137937546,-0.583136856555939,0.0362533398823313,0.0615185932492661,0.198796200131377,0.321038812398911,-0.701591921419565,-0.493442459832758
YNR007C,0.174508467316628,-0.763975024223328,0.0283252160990086,0.0712989741450456,0.125411495069663,0.23117943679293,-0.901662716143143,-0.636050864658697
YNR008W,0.327321499586105,-0.489270031452179,0.0449459514159741,0.0612972753679686,0.248178370545308,0.399572394788265,-0.605236073067587,-0.398404528052321
YNR009W,0.412110149860382,-0.392464935779572,0.0761372872833825,0.0810703498001726,0.278349702556928,0.572611333429813,-0.555409249981206,-0.242140088779298
YNR011C,0.10993554443121,-0.963136613368988,0.0151389811540137,0.0615730388450626,0.0832695759832859,0.134172497193019,-1.07951365835926,-0.872336499218559
YNR012W,0.203472122550011,-0.696000218391418,0.028766996044714,0.0632136475370254,0.152225083112717,0.251070439815521,-0.817513791153781,-0.60020441664078
YNR013C,0.364388793706894,-0.442492723464966,0.0488513795790366,0.0599587975968222,0.280696106205384,0.439213895797729,-0.551763612429005,-0.357323928519631
YNR019W,0.421001762151718,-0.379875987768173,0.0572294772353012,0.0606934883472303,0.320776666204135,0.510213077068329,-0.493797230498234,-0.292248414354547
YNR021W,1.68588244915009,0.222244635224342,0.241295988710042,0.0636355682722384,1.26193275849024,2.11074645519257,0.101036203498561,0.324436064742252
YNR023W,0.11905574798584,-0.928769528865814,0.0168975932731136,0.0632268137267521,0.0890111087510983,0.14825969102482,-1.0505558001562,-0.828976910131714
YNR026C,0.390227168798447,-0.413227796554565,0.0556117301185234,0.0633686615785741,0.293397705505292,0.485648947705825,-0.532543420416203,-0.31367755114456
YNR027W,0.141360834240913,-0.855554521083832,0.0231164422281696,0.0719004470673269,0.100562288674215,0.186942827701569,-0.997564851219861,-0.728291192913102
YNR028W,0.391047239303589,-0.413278222084045,0.0616975092854839,0.0696327712656911,0.280356177687645,0.507143664856752,-0.552289879623003,-0.294869001273611
YNR029C,0.218672245740891,-0.66491037607193,0.0317411017998599,0.0644473557346599,0.162375146274765,0.275189489126205,-0.789480481593121,-0.560368158015249
YNR030W,0.404556393623352,-0.397375643253326,0.0562059664731779,0.0621289399358903,0.305359501888355,0.494670463850101,-0.515188568485234,-0.305684020530472
YNR031C,0.0816173702478409,-1.09219789505005,0.0108394876198218,0.0593957708600088,0.0627807155251503,0.0981770051022371,-1.20217373886131,-1.00799022099133
YNR032W,0.139433696866035,-0.860841035842896,0.0213694199565259,0.0677299678913115,0.102223546927174,0.179359963784615,-0.99044911048432,-0.746274515499821
YNR033W,0.229757905006409,-0.64286345243454,0.0311350141205098,0.0605056549319275,0.175775241603454,0.278207285453876,-0.755042296970798,-0.555631506264602
YNR034W,0.278422623872757,-0.560840725898743,0.0440980059876547,0.0698510831891745,0.201467595373591,0.363608586291472,-0.695794865933433,-0.439365875669404
YNR035C,1.5940910577774,0.197595953941345,0.236995440577559,0.065843172376803,1.17687193155289,2.01272355318069,0.070729200039051,0.303784110081608
YNR038W,0.297826647758484,-0.530287146568298,0.0409149540949173,0.0613716595869899,0.225025519728661,0.363938443611065,-0.647768226560382,-0.438972071941055
YNR039C,0.102854236960411,-0.992188096046448,0.0143855400121415,0.0625296946853549,0.0773997381950418,0.126116211215655,-1.11126050832937,-0.899229100258223
YNR040W,0.134726211428642,-0.878714561462402,0.0261349160868777,0.0845022728439026,0.089832899098595,0.190343835453192,-1.04656458467778,-0.720461188195842
YNR043W,1.93602776527405,0.282430946826935,0.273451205318848,0.0629823001712881,1.44766899446646,2.39156257112821,0.160669272736593,0.378681747656609
YNR044W,0.349248021841049,-0.460918933153152,0.0467411106000867,0.0599761722979835,0.266091864804427,0.420606255531311,-0.574968404540134,-0.376124272490099
YNR048W,0.0830201432108879,-1.08617925643921,0.0128730840846311,0.0688469156266005,0.0595966946954528,0.107697226107121,-1.22477782614521,-0.967795487540842
YNR051C,0.383031189441681,-0.421165198087692,0.0535628618475177,0.0624106222580483,0.287879766027133,0.472107920298974,-0.54078889952065,-0.325958720749029
YNR052C,0.400538951158524,-0.401766061782837,0.0560057946049283,0.0625448401353818,0.300832932442427,0.493016719818115,-0.521674648712079,-0.307138352119085
YNR055C,0.19131837785244,-0.722560346126556,0.026467551729795,0.0618611539143848,0.144715772817532,0.23350256656607,-0.839484132152176,-0.631708341808706
YNR057C,0.0274445470422506,-1.58016717433929,0.00809464737665538,0.128131154540575,0.0144268720643595,0.0458193429745734,-1.84082781980673,-1.33895114381484
YNR058W,0.0034785617608577,-2.47543811798096,0.000961031430527295,0.122695682801979,0.00185064203978982,0.00558298442823191,-2.73267779314648,-2.25313359073767
YNR060W,0.0283683743327856,-1.55213177204132,0.00422544926105395,0.0662466332754248,0.0208092499524355,0.0358032889974614,-1.68174357319485,-1.44607707752229
YNR063W,0.0370703935623169,-1.43588316440582,0.00549653582274155,0.065860917869723,0.0274933102075011,0.0465990502387285,-1.56077316069432,-1.33162296482693
YNR064C,0.0100756539031863,-2.01556992530823,0.00292578436582319,0.130307199772871,0.00509758489206433,0.0165613829468687,-2.29263553768173,-1.78090340198054
YNR067C,1.18264985084534,0.0689520239830017,0.155289948983063,0.0588735911380202,0.911523342629274,1.40736758609613,-0.0402322067928291,0.148407543279035
YNR069C,0.00219315383583307,-2.68189096450806,0.00071824237021289,0.142426174661809,0.00109270227743157,0.00383952592189113,-2.96149824102351,-2.41572241840628
YNR071C,0.00595899159088731,-2.24667572975159,0.00189380738439584,0.139355846476695,0.00290184209782941,0.0103974224999547,-2.53732625528258,-1.98307432369905
YNR074C,0.212295070290565,-0.678090214729309,0.0318993041642283,0.0666351510535532,0.155307625855009,0.270093297710021,-0.808807221527431,-0.568486204389722
YNR075W,0.0608015321195126,-1.22168481349945,0.0096300428833872,0.070374127374756,0.043491446133703,0.0788408673057953,-1.36159615171734,-1.10324862764747
YOL158C,0.676976263523102,-0.173543453216553,0.0914203857022828,0.0604210110639103,0.517276309927305,0.820394061505795,-0.286277427079865,-0.0859774920883759
YOL152W,0.151470452547073,-0.823998928070068,0.0210007493269121,0.0619148056545242,0.114056096039712,0.185321181515853,-0.942881501196317,-0.732074939665582
YOL151W,0.880511343479156,-0.0600676462054253,0.129346817144289,0.0650694130484872,0.655245948334535,1.11612992187341,-0.183595657317612,0.0477147349074436
YOL148C,0.128117546439171,-0.896702349185944,0.0177453861812395,0.061770342964745,0.0968063062056899,0.15780063594381,-1.01409636648067,-0.801891253640431
YOL145C,0.420971870422363,-0.379736661911011,0.0559754155035493,0.0594621677263899,0.323687142382065,0.506771215796471,-0.489874564371271,-0.295188063770824
YOL144W,0.260639637708664,-0.588407218456268,0.0366795994399032,0.0627413203574122,0.195505471527576,0.322511766354243,-0.708841083724351,-0.49145443761121
YOL142W,0.590015888214111,-0.237012773752213,0.112276695743569,0.0831394554149833,0.392270425458749,0.823758736252784,-0.406414438763709,-0.0842000314352062
YOL141W,0.128744304180145,-0.894458770751953,0.0175277655830551,0.0609475766311385,0.0967895090579987,0.157151617606481,-1.01417171299255,-0.803681144414299
YOL140W,0.0576294921338558,-1.24485957622528,0.0090755327878907,0.0696573363923657,0.0417591631412506,0.0748687547321121,-1.37924821323325,-1.1256993905872
YOL136C,0.216728806495667,-0.668853044509888,0.0317149223052273,0.0648651284572498,0.16107720322907,0.273431280255318,-0.792965922566727,-0.563151804271712
YOL128C,0.0547423809766769,-1.26770508289337,0.009045705407584,0.0728223210166136,0.0388615085743368,0.0723472014069557,-1.41048034472272,-1.14057826395094
YOL126C,0.634840846061707,-0.201968058943748,0.0912244327290351,0.0640180926684142,0.471967645734549,0.791583798329035,-0.326087777056696,-0.101503104036254
YOL125W,0.114828661084175,-0.944554507732391,0.0164713371373203,0.0638065016280649,0.0855991671482722,0.143062971656521,-1.06753046175444,-0.844472762269725
YOL124C,0.459916651248932,-0.341803461313248,0.065066994147912,0.0629410714650938,0.345109105110168,0.571107610066732,-0.462043582444418,-0.243282079390835
YOL123W,1.69461345672607,0.224850386381149,0.231874735541591,0.06115223336918,1.2864156961441,2.06493644316991,0.109381330461578,0.314906687555252
YOL122C,0.221657440066338,-0.658702313899994,0.0309610136370718,0.0623006192287209,0.168472094585498,0.272579616804918,-0.773472025413099,-0.564506644457178
YOL119C,0.222479373216629,-0.657131135463715,0.0311552208585325,0.0625969127961999,0.166858943055073,0.273144383231799,-0.777650511765345,-0.563607725691445
YOL116W,0.156313583254814,-0.811048984527588,0.0234952366978608,0.0667563633457347,0.114386653589706,0.197914513821403,-0.941624645228075,-0.70352235978792
YOL115W,0.188603326678276,-0.728796541690826,0.0262546388963462,0.0619838381590889,0.142632003376881,0.23292352668941,-0.845783020342227,-0.632786644928169
YOL110W,0.0538440048694611,-1.28315305709839,0.0138321191121518,0.112225409182164,0.0307989936477194,0.0839138144627213,-1.51146347503284,-1.07616654009648
YOL107W,0.235522925853729,-0.63326632976532,0.0363092352224098,0.0684024981312406,0.170044491564234,0.303504765033722,-0.769437435724468,-0.517834486099081
YOL105C,0.0183093473315239,-1.74374806880951,0.00313557325302818,0.0750572373612333,0.0128798276806871,0.0246923462177316,-1.89008994834756,-1.60743767347072
YOL104C,0.00149379903450608,-2.88794589042664,0.000798088271884962,0.240300146264069,0.000401143347698962,0.00345892337500116,-3.3967004704171,-2.46106215106364
YOL103W,0.138078629970551,-0.864128410816193,0.0189988683244721,0.0613615616077785,0.104676068387926,0.169282030686736,-0.980152605303106,-0.771389139896639
YOL102C,0.324344456195831,-0.498254060745239,0.0664023580532618,0.0905564690313376,0.207807938630382,0.466093826542298,-0.682338483106112,-0.33152666819769
YOL101C,0.148414194583893,-0.834470093250275,0.0242267504098623,0.072508034862066,0.104905668646097,0.193525077030063,-0.979201167143164,-0.713262787020444
YOL100W,0.0606417842209339,-1.22144985198975,0.00828440361828773,0.0612382884561201,0.0457061110064387,0.0734454461062948,-1.34002573124217,-1.13403512716913
YOL098C,0.527243435382843,-0.281997740268707,0.0702150517276236,0.0596325795135235,0.405152152478695,0.63281774520874,-0.392381851180292,-0.198721351036641
YOL097C,1.67666625976562,0.22002886235714,0.235200398125157,0.0625265184411033,1.26306659777959,2.07546552022298,0.101426249571188,0.317115522809442
YOL096C,0.172398760914803,-0.769174993038177,0.027501540797862,0.0711410566807416,0.121968789584935,0.222482249761621,-0.913751286455468,-0.652704632511251
YOL095C,0.0398298762738705,-1.40460622310638,0.00584278857287599,0.0652334844220069,0.0293871523812413,0.0501314957005282,-1.53184250468146,-1.29988933862677
YOL094C,0.414567738771439,-0.387509822845459,0.0627121231382375,0.0671791162915727,0.300751558194558,0.531805112461249,-0.521792113930305,-0.274247494220855
YOL093W,0.336654037237167,-0.478402823209763,0.0532835734257916,0.0702650718204879,0.242836364607016,0.436934967835744,-0.614686277389181,-0.359583200070607
YOL092W,0.780663728713989,-0.112668551504612,0.118204775803127,0.0673775878207564,0.573180045684179,0.99858033657074,-0.24170895609093,-0.000616990056296525
YOL091W,0.00299684749916196,-2.5377631187439,0.000765433853151813,0.11335103171212,0.00168281607038807,0.00464602123635511,-2.77396335059635,-2.33291881045112
YOL090W,0.368597060441971,-0.4375339448452,0.0495703034592568,0.0601849506081862,0.282631438722213,0.443828009317319,-0.548779532058164,-0.352785295381196
YOL088C,0.62271112203598,-0.211760222911835,0.103474172353591,0.0727994795288503,0.444388418147961,0.828062788645426,-0.352237274851463,-0.0819367338458959
YOL087C,0.105792947113514,-0.979657709598541,0.0143065373031283,0.060348020761384,0.0813265146066745,0.128590702886383,-1.08976784104093,-0.890790429892851
YOL084W,0.000983251025900245,-3.02922296524048,0.000308393694784952,0.140358493515945,0.000468368104823943,0.00164301642216742,-3.32941278154274,-2.78435810775626
YOL083W,0.0367638990283012,-1.4403669834137,0.00591082786796086,0.0715941277102294,0.0258095683529973,0.0477061346173286,-1.58821927899632,-1.32142577066328
YOL082W,0.133079066872597,-0.880724191665649,0.0195481689010203,0.0653783967264426,0.098248745004336,0.167341873049736,-1.00767298845662,-0.776395374285336
YOL080C,0.263121128082275,-0.585650444030762,0.0425709139772146,0.0715466834896946,0.1873892908295,0.342169493436813,-0.727255232989031,-0.465758713154488
YOL078W,0.0499312505125999,-1.30581176280975,0.00680918573313884,0.060890193452155,0.0381064465890328,0.0607302297527591,-1.41900154956221,-1.21659509298143
YOL076W,0.340971022844315,-0.471364498138428,0.0458442718397174,0.0601748392098844,0.260170500725508,0.4118882941703,-0.584741947251583,-0.385220550608356
YOL073C,0.110816709697247,-0.961019814014435,0.0175981076888629,0.070542373666757,0.0787912751237551,0.144944725806514,-1.10352187157073,-0.838797592836452
YOL072W,0.0635025724768639,-1.20221292972565,0.00950417833342023,0.0664769805758769,0.0463632496073842,0.0808115900804599,-1.33382613369913,-1.09252636479918
YOL070C,0.505688607692719,-0.300429105758667,0.0700313922513805,0.0617829462014153,0.383751872181892,0.61919853190581,-0.415949498906383,-0.208170088207954
YOL069W,0.135974064469337,-0.871070325374603,0.0193142549003314,0.0632900579233201,0.10111964084208,0.168615665162603,-0.99516448490263,-0.773102095098009
YOL066C,0.134299769997597,-0.876400709152222,0.0190127297713195,0.0628664294489054,0.101218092565735,0.167325340459744,-0.994741855831177,-0.776438283194673
YOL065C,0.149662464857101,-0.829467594623566,0.0213419176640081,0.0637260303243602,0.111088962852955,0.185989256327351,-0.954329108722539,-0.730512142196884
YOL064C,0.745673596858978,-0.132174000144005,0.108626370881992,0.064523026823369,0.558260666827361,0.94418118695418,-0.253162970098938,-0.0249446578433619
YOL062C,0.172632977366447,-0.767297267913818,0.0242111896531458,0.062573467973115,0.130135402083397,0.212368207797408,-0.885604541732213,-0.672910499504758
YOL060C,0.21868796646595,-0.664351880550385,0.0297516425164807,0.0608568639200482,0.166973655795058,0.264820237706105,-0.777352046051018,-0.577048830023899
YOL058W,0.277325302362442,-0.561541378498077,0.0393091506038148,0.0633996607708862,0.206625580787659,0.342731278389692,-0.684815912694442,-0.465046260587852
YOL057W,0.537922143936157,-0.273407518863678,0.0727562231936609,0.0604815957960314,0.410713037848473,0.651166141033173,-0.386461510923692,-0.18630818972935
YOL056W,0.248011812567711,-0.610821068286896,0.0382574921839553,0.0683481615951212,0.178503069529931,0.321438534309467,-0.748354320819054,-0.492902070991369
YOL055C,0.0887763723731041,-1.05631244182587,0.0127826572222238,0.0637342869687156,0.0667587071657181,0.111767750730117,-1.17549208236174,-0.95168349189796
YOL052C,0.590718626976013,-0.233168452978134,0.0840263067958857,0.0634716875698573,0.438524885475636,0.732535614569982,-0.358005757069577,-0.135171273416899
YOL051W,0.313764482736588,-0.507370173931122,0.0416290052771968,0.059356703182111,0.241541870186726,0.37603194390734,-0.617007583267819,-0.424775260357502
YOL049W,0.582833170890808,-0.23878088593483,0.0807826377179465,0.0618983606831292,0.440006013959646,0.714972995221615,-0.356541399144575,-0.145710367546825
YOL048C,0.059196662157774,-1.23346030712128,0.00953053997475047,0.0712513824065267,0.0416381890575091,0.0776558242738247,-1.38050816779177,-1.10982596718544
YOL047C,0.00509075028821826,-2.3141074180603,0.00157046714392464,0.136567815845216,0.00257113940703372,0.00859394528282185,-2.58987446587024,-2.06580742599823
YOL044W,0.0981374010443687,-1.01355338096619,0.015267434055418,0.0689799039640333,0.0707931883012255,0.12601486692826,-1.15000853011713,-0.899578218693372
YOL043C,0.025605658069253,-1.59918642044067,0.00472476320929938,0.0814764642487165,0.0170387290418148,0.0353502191292742,-1.76856280339047,-1.45160850320436
YOL042W,0.111545547842979,-0.958006143569946,0.0174811040107547,0.0693792791969211,0.0809551171337565,0.14405300753812,-1.09175572249583,-0.841477672994065
YOL041C,1.12029576301575,0.0450787916779518,0.153993961107453,0.0613956998632667,0.841190307835738,1.37221384247144,-0.0751057398869193,0.137421794260774
YOL033W,0.0612435787916183,-1.21768224239349,0.00890487130843975,0.0647947584493685,0.0454527286191781,0.0768553319076697,-1.34244004026932,-1.11432599816279
YOL032W,0.382771223783493,-0.424235552549362,0.0691460204578546,0.0794240799190105,0.260930519302686,0.521049570043882,-0.583475561307254,-0.283120979773107
YOL031C,0.304072767496109,-0.521672070026398,0.0438277513208456,0.0641177148826331,0.227269262075424,0.37824930648009,-0.643459298167364,-0.422221874289434
YOL030W,1.62670028209686,0.207034006714821,0.223936166701312,0.0615551616983538,1.22837441265583,1.99482193092505,0.0893307552720031,0.29990412964579
YOL028C,0.28524112701416,-0.552984416484833,0.055439542246524,0.0846850283418657,0.191716921577851,0.400775581598282,-0.717339553271835,-0.397098746971599
YOL027C,0.593187868595123,-0.2310581356287,0.0814599339650272,0.061370384863294,0.449095636854569,0.723124692837397,-0.347661165304986,-0.140786810123465
YOL023W,0.0437333025038242,-1.36406803131104,0.0064593706830853,0.0656788728329276,0.0322653128144642,0.0553874390510221,-1.49126412193604,-1.25658872288416
YOL022C,0.53957611322403,-0.272581309080124,0.0777265640628411,0.063961884379178,0.403107715646426,0.67641827861468,-0.394578889560214,-0.169784671355123
YOL021C,0.514747440814972,-0.292367905378342,0.0682448893035691,0.0592417842849256,0.397509378194809,0.618843972682953,-0.400652621357232,-0.208418834573411
YOL020W,0.23037326335907,-0.641854345798492,0.0317855043489471,0.0616025926380466,0.174358986566464,0.281625815977653,-0.758555663938256,-0.550327615798652
YOL019W,0.267984986305237,-0.576277315616608,0.0374390364858603,0.0623248428670918,0.201754611109694,0.329826322694619,-0.695176551733704,-0.481714763760692
YOL018C,0.212686866521835,-0.677197217941284,0.0315629720741084,0.0661036701344293,0.156530716394385,0.268747615814209,-0.805400433198823,-0.570655379890097
YOL016C,0.292148888111115,-0.538878381252289,0.0412760552861064,0.0629958953986762,0.218503196537495,0.361721225331227,-0.66054220528094,-0.441626006992657
YOL015W,0.000913858239073306,-3.07925128936768,0.000389960080223132,0.191474406116335,0.00032379460753873,0.00182766046394439,-3.48973038824378,-2.73810471380877
YOL013C,0.131668508052826,-0.885056614875793,0.0187222831292642,0.0633759361241215,0.0982901354630788,0.163929681107402,-1.00749012296603,-0.785342412025768
YOL011W,0.0599960945546627,-1.22647845745087,0.0086060627125954,0.0637604271726896,0.0446994037056963,0.0747665274888277,-1.34969827686104,-1.12629278962024
YOL009C,0.0692412257194519,-1.16827738285065,0.0137943351108197,0.0870841403512924,0.04531576136748,0.0981625089421868,-1.34375072251731,-1.00805436364449
YOL006C,0.419681698083878,-0.381127119064331,0.0561957171069041,0.0599131256862953,0.321349449704091,0.506147546072801,-0.493022448009757,-0.295722864461679
YOL003C,0.139551505446434,-0.860551357269287,0.0215217450910068,0.0682549018894221,0.101534950236479,0.180236963058511,-0.993384620710322,-0.744156146459222
YOL001W,0.0268009193241596,-1.58265864849091,0.00594542199758021,0.0977362924611836,0.0162584987003356,0.0393503557269772,-1.78891963416892,-1.40505134185763
YOR001W,0.333284288644791,-0.481332212686539,0.0452228497859138,0.0606083384918413,0.254047498106956,0.406521532187859,-0.595085087324782,-0.390916447391016
YOR002W,0.234449684619904,-0.634222090244293,0.0322753039141023,0.0615350583621217,0.177042808880409,0.288586385051409,-0.751921715206852,-0.539724162915117
YOR004W,0.828410625457764,-0.0883346870541573,0.143164363564127,0.0761063091823172,0.572331459323565,1.11246171693007,-0.24235239049863,0.0462850593435138
YOR005C,0.0335261337459087,-1.47902870178223,0.00469482155560256,0.0625285105944028,0.0251602686165522,0.0412983856784801,-1.59928490088901,-1.3840669270994
YOR007C,4.00400447845459,0.597809553146362,0.57782454028874,0.0644380739729448,2.96849854985873,4.98154885371526,0.472536839942273,0.69736439377155
YOR008C,0.510476231575012,-0.296769112348557,0.0743783063914947,0.0647236356436077,0.381418253233035,0.642209243277709,-0.418598534501317,-0.192323449945149
YOR009W,0.0401151105761528,-1.40249001979828,0.00650898028462702,0.0714002095532782,0.028760056104511,0.0529105688755711,-1.54121028050927,-1.27645757045578
YOR017W,0.0610638558864594,-1.2187317609787,0.00866227920087819,0.0632212013982299,0.0459145012001197,0.0755365978305538,-1.33805012935475,-1.12184257985479
YOR018W,0.117976248264313,-0.932315707206726,0.0159298350491386,0.0603724339421876,0.0902068035677075,0.142915604636073,-1.04476070596158,-0.844920349008834
YOR022C,0.0723833739757538,-1.14488816261292,0.0102701700322465,0.0633039953127354,0.0543096959590912,0.0896269775927067,-1.26512262850287,-1.04756124879726
YOR023C,0.196740701794624,-0.710411131381989,0.0271986363474739,0.0617699792267085,0.148461044083039,0.240240275984009,-0.828387531164649,-0.619354182332141
YOR025W,0.185687467455864,-0.736004173755646,0.0271664302535658,0.0650260273583676,0.138800117125114,0.233693283175429,-0.857610167424529,-0.631353770496298
YOR026W,0.0659041553735733,-1.18742704391479,0.0111797030198558,0.0746684161598637,0.0463180319406092,0.0881386369466782,-1.33424997551184,-1.05483367029148
YOR032C,0.000738168600946665,-3.20720863342285,0.000429179535178518,0.268408593407733,0.00015914087331718,0.00178210122006324,-3.79821974450775,-2.74906837569714
YOR033C,0.0621073544025421,-1.21134042739868,0.00879168512699968,0.0629588435381365,0.0464338511228561,0.077306596810619,-1.33316529641665,-1.11178344512073
YOR034C,0.100501291453838,-1.00211322307587,0.0138804311205863,0.0615950727461054,0.0761170461773872,0.123332806242009,-1.11851807342958,-0.908921386734609
YOR035C,0.151539847254753,-0.823553621768951,0.0203826053855779,0.0601564033462997,0.115506702909867,0.183323712646961,-0.937392812989426,-0.736781357905568
YOR037W,0.10651058703661,-0.97790390253067,0.0164781260807216,0.0682838260887035,0.0774046488106251,0.137719342112541,-1.11123295544679,-0.861005060753379
YOR038C,0.122020065784454,-0.917712688446045,0.0165382177774509,0.0605851752136698,0.0930023465305567,0.147888517007232,-1.03150609738309,-0.83006554801737
YOR040W,0.117370337247849,-0.936970233917236,0.0202318819719045,0.0757275361502544,0.081870324909687,0.158695974697669,-1.08687348607063,-0.799434182899535
YOR042W,0.608033955097198,-0.220593109726906,0.0862716442572251,0.0632616292299801,0.453361552457015,0.757076985140641,-0.343555318744324,-0.120859957201489
YOR043W,0.24037204682827,-0.62354564666748,0.0337998348908379,0.0625615487426518,0.181776053334276,0.297733242064714,-0.740463341944813,-0.52617267433109
YOR046C,1.91399729251862,0.27767550945282,0.263210656184863,0.0614894326406784,1.44757435719172,2.34466200470924,0.160640878925402,0.370080245638545
YOR047C,0.144816383719444,-0.843965947628021,0.0211352233945986,0.0650951673327749,0.107612720628579,0.181504547595978,-0.968136395167615,-0.741112489244414
YOR048C,0.325906574726105,-0.490911573171616,0.0433972220375097,0.0595814585029526,0.250804631908735,0.392032295465469,-0.60066445315799,-0.406678154498139
YOR049C,0.0686602368950844,-1.1687628030777,0.010793900104291,0.0694043030637516,0.0493806784972548,0.0898341834545135,-1.30644295022458,-1.04655837535063
YOR051C,0.94379073381424,-0.0293319541960955,0.129062211449695,0.0610518528035563,0.709813153743744,1.15561433235804,-0.148855985223511,0.0628129155159887
YOR054C,0.103662021458149,-0.988668084144592,0.0142887494890529,0.0617005980181395,0.0778918437659741,0.126674991970261,-1.1085080218279,-0.897309115714101
YOR056C,0.497977524995804,-0.307080835103989,0.068714198495406,0.0616671628025245,0.376640651623408,0.611026900509993,-0.424072813004973,-0.213939683675105
YOR057W,0.347894549369812,-0.463232815265656,0.0502866815137002,0.0643352673651438,0.258205288648605,0.435315931588411,-0.588034866641461,-0.361195467587537
YOR058C,0.118930712342262,-0.928854703903198,0.016130436449249,0.0606468283176758,0.0907662957906723,0.144377573331197,-1.04207538792682,-0.840500297395677
YOR059C,0.0575026907026768,-1.24556159973145,0.00885722761035772,0.0679672198561828,0.0421132058215638,0.0743225042397777,-1.37558169910519,-1.12887967986831
YOR061W,0.712721347808838,-0.151945978403091,0.10496923253453,0.065632065892159,0.521600663661957,0.90217661857605,-0.282661864698409,-0.0447084325641606
YOR063W,30.4472560882568,1.47909927368164,4.28384944215957,0.0627387374748285,22.8049166361491,37.6676629384359,1.358028486524,1.57596865226425
YOR065W,0.475275725126266,-0.328280955553055,0.0729125999554146,0.0678765068365533,0.347213643292586,0.609255611896515,-0.45940323003935,-0.215200461807637
YOR066W,0.135620892047882,-0.8719442486763,0.0186471088225849,0.0615695598833649,0.10209733992815,0.165376827120781,-0.990985572992182,-0.781525344593773
YOR067C,0.326368868350983,-0.490461319684982,0.0443272602101488,0.060823445306821,0.247832941015561,0.397693673769633,-0.605840989695563,-0.400451317430776
YOR069W,0.324018269777298,-0.493617087602615,0.0441447078875815,0.0609065742299329,0.246758102253079,0.392626094569762,-0.607728580310831,-0.406020841281584
YOR070C,0.100971944630146,-1.00023090839386,0.0141971639947892,0.0626012644865997,0.0760167027513186,0.125017939632138,-1.11909097287415,-0.903027663129502
YOR075W,0.165903300046921,-0.785431385040283,0.0256554191131162,0.0682033085629417,0.121261581778526,0.214855848501126,-0.916276770974835,-0.667852871611874
YOR076C,0.117945067584515,-0.932493448257446,0.01606180809154,0.0607962797559061,0.0898134109874566,0.14380019903183,-1.04665881146248,-0.842240512851846
YOR077W,0.17963071167469,-0.756142854690552,0.0398431731163598,0.0957938610770034,0.112905268681546,0.269485657662153,-0.947285793078742,-0.569464377473452
YOR079C,0.222050860524178,-0.658990502357483,0.0348898576636269,0.0691549363114944,0.159754415104787,0.290551406145096,-0.796547131221352,-0.536777026774541
YOR083W,0.125428631901741,-0.90753698348999,0.0205202682169153,0.072325063438335,0.0890741112331549,0.164590324585636,-1.05024850252704,-0.783595701610263
YOR084W,0.00351401604712009,-2.47720074653625,0.0011413931841016,0.14330348918634,0.00164806292547534,0.00617548752731333,-2.78302630941723,-2.20932876808814
YOR085W,0.962927520275116,-0.0213392116129398,0.143724360719166,0.0658686912866286,0.71703428030014,1.22903184791406,-0.144460080888262,0.0895631365904858
YOR086C,0.573490679264069,-0.245425954461098,0.0757952451072629,0.0592288801114408,0.441779886682828,0.68357914686203,-0.354794060539018,-0.165211194255698
YOR087W,0.21904331445694,-0.663674533367157,0.0299087329407282,0.0610863204131253,0.166003645087282,0.26614898443222,-0.779882376101082,-0.574875186663213
YOR090C,0.230495050549507,-0.641762256622314,0.0323450338412916,0.0625683961585068,0.174196789289514,0.284107456356287,-0.758959855012858,-0.546517370553836
YOR091W,1.27946949005127,0.102315753698349,0.186134201877208,0.064497592787309,0.947444651524226,1.6173010379076,-0.0234461530362699,0.20879086235238
YOR092W,0.119179725646973,-0.928179800510406,0.0166040350320976,0.0623368372377139,0.0897417590022087,0.145700603723526,-1.04700542223925,-0.836538648688124
YOR098C,0.364795178174973,-0.441961228847504,0.0486009798083981,0.0596220737457462,0.280640340596437,0.436266732215881,-0.551849901650463,-0.360247903140708
YOR099W,1.651695728302,0.213366433978081,0.23519694524305,0.0635892198446367,1.23026853402456,2.04119680126508,0.0899999157339632,0.309884840068078
YOR100C,0.00355745991691947,-2.48421311378479,0.00144217457319159,0.178640330807288,0.00136736839194782,0.00702923239441588,-2.86411462683866,-2.15309242313018
YOR101W,0.379460543394089,-0.425916939973831,0.0572687540331378,0.0670180433496914,0.276199587682883,0.485155266523361,-0.558776975599982,-0.314119276709042
YOR106W,0.192487269639969,-0.721722066402435,0.0319942277856255,0.0734773294509212,0.135313961903254,0.253531831502914,-0.868657468393162,-0.595967506522534
YOR107W,0.00943438149988651,-2.04427742958069,0.00280857118564468,0.129397712524462,0.00490061451758568,0.0157100738491863,-2.30974954348947,-1.80382189823066
YOR109W,0.372413098812103,-0.43301722407341,0.0497959587451557,0.0598703629130594,0.287286907434464,0.446602908770243,-0.541684165718911,-0.35007845426986
YOR110W,0.242241963744164,-0.620352268218994,0.0347136076201346,0.0638111575965744,0.181049681454897,0.303241873035828,-0.742202235053452,-0.518210848498222
YOR112W,0.24293278157711,-0.61859929561615,0.0327159397454079,0.0601496161791196,0.185484893123309,0.296143442392349,-0.731691473384125,-0.528497879650923
YOR113W,0.112504713237286,-0.953046858310699,0.0153926121374707,0.0611060950972556,0.0855192989110947,0.13642229475081,-1.06793586813944,-0.865114660244171
YOR114W,0.0733908787369728,-1.14151442050934,0.0133033562329902,0.0791501584717383,0.0509174377967914,0.100966580274204,-1.29313346788757,-0.995822407842057
YOR115C,0.203813761472702,-0.69752162694931,0.0357068591413658,0.0770788965795576,0.142254210511843,0.275728703786929,-0.846934870786125,-0.559518020961088
YOR116C,0.450454443693161,-0.350277990102768,0.0593872893627886,0.0590302303313484,0.347991369913022,0.53656191577514,-0.45843153725744,-0.270380156295063
YOR117W,1.68366074562073,0.221892505884171,0.234448993446889,0.0621637729178033,1.26794542372227,2.07735014955203,0.103100556651022,0.317509705586592
YOR118W,0.136991038918495,-0.867730855941772,0.0192425142873978,0.0625267046263434,0.102991899723808,0.170061049113671,-0.987197008550131,-0.769395151434741
YOR119C,0.196343645453453,-0.711489319801331,0.027773141254114,0.0632080119380898,0.145900883898139,0.243646689752738,-0.835942083041613,-0.613239490683304
YOR120W,0.107710741460323,-0.973922371864319,0.0179886222785284,0.0738519905006906,0.0756563370426496,0.142613071079055,-1.12115481596123,-0.84584067120294
YOR123C,0.685250163078308,-0.168489277362823,0.0951060382567287,0.0619989028963862,0.51852282534043,0.842447876930237,-0.285232125380492,-0.0744569598475351
YOR124C,0.362362205982208,-0.444815665483475,0.0479024159492273,0.0592873960703901,0.27865989357233,0.431990166256825,-0.554925534148385,-0.364526139485438
YOR125C,0.266524940729141,-0.583619892597198,0.0551985360376609,0.0906951256854502,0.170575941726565,0.389127267897129,-0.768082285736699,-0.409908339269877
YOR126C,0.242392376065254,-0.623916327953339,0.0475363126960951,0.0862058735134973,0.159269590924184,0.340909405549367,-0.797867173800803,-0.467361020197463
YOR127W,0.0857867002487183,-1.07072901725769,0.0116251808580723,0.060625421427953,0.0654063843811552,0.104092122117678,-1.18437986802551,-0.982582138821965
YOR128C,0.864484965801239,-0.0674495697021484,0.118027880514497,0.0610713374663209,0.653782183428605,1.04690738320351,-0.18456691901563,0.0199082612403065
YOR130C,0.088630385696888,-1.05923593044281,0.015538086601194,0.0775959639673175,0.0603223964882394,0.11986037970831,-1.21952147785793,-0.921324363951636
YOR132W,0.314704656600952,-0.506354808807373,0.043225244868194,0.0614770987251331,0.237786048899094,0.382677476108074,-0.623813630025536,-0.417167099116358
YOR134W,0.00134752131998539,-2.91930627822876,0.000629307770278984,0.21389830375998,0.000414375195153601,0.00283407162836132,-3.38260625223775,-2.54758958733901
YOR136W,2.79706478118896,0.442121922969818,0.398986363567523,0.0637041779352279,2.08165550033251,3.45985511342684,0.318408857962421,0.539057912442164
YOR138C,0.170412749052048,-0.772699415683746,0.0232828084312868,0.0609870663973101,0.130003709097703,0.20753613250951,-0.886044256790854,-0.682906280736862
YOR140W,0.0937247574329376,-1.03240919113159,0.0129050960422134,0.0614439075604003,0.0709303150574366,0.114987426064908,-1.14916811242802,-0.939349649212999
YOR142W,2.02275800704956,0.301034033298492,0.300316935257407,0.06580804560536,1.49336384236813,2.56456277171771,0.174165628655509,0.409013333394113
YOR143C,0.17833785712719,-0.754354536533356,0.0283243488855388,0.0702540001962695,0.127795085310936,0.232316034535567,-0.893485847807282,-0.633920827060981
YOR144C,0.0542369186878204,-1.27011740207672,0.00759990332845485,0.0624652892821984,0.040838173404336,0.0669983291998506,-1.38893369944136,-1.17393602757476
YOR145C,1.1959400177002,0.0720017850399017,0.192005891980226,0.070901460425506,0.859565650423368,1.56823688745499,-0.065721183365631,0.195411654579957
YOR147W,0.0677580982446671,-1.17371654510498,0.00977107209044586,0.0643522202420055,0.0505086024602254,0.0843731239438057,-1.29663470219366,-1.0737958706932
YOR149C,0.0579362288117409,-1.24219155311584,0.00881522972232576,0.0672963631353404,0.0424792379140854,0.0740617141127586,-1.3718232925455,-1.13040624069195
YOR151C,0.9208624958992,-0.0396992489695549,0.120880150066663,0.0587580523020017,0.711462395389875,1.09717273016771,-0.14784806912261,0.0402749944328877
YOR152C,0.0545763783156872,-1.27439785003662,0.0125022889580322,0.100113979032189,0.0332099203951657,0.0820775602012872,-1.47873218854162,-1.08577557359319
YOR153W,5.66563844680786,0.749341607093811,0.744289073004282,0.0588925076481317,4.37081144650777,6.73731322288513,0.64056205861119,0.828486738329664
YOR154W,0.0661527737975121,-1.18395161628723,0.00936892211239568,0.0631057656427859,0.0494492635441323,0.0819953888654709,-1.30584018685976,-1.0862105732615
YOR155C,0.188913062214851,-0.728523731231689,0.0276257647416853,0.0650392132834671,0.139901890978217,0.237871836374203,-0.85417641713407,-0.62365697594577
YOR156C,0.0721597447991371,-1.14583230018616,0.00976025687137562,0.0604924641974455,0.0547214216863116,0.0878553986549377,-1.26184262882869,-1.05623154624597
YOR157C,2.60200452804565,0.409948736429214,0.4028152369842,0.0688737488399776,1.86888660391172,3.35512330929438,0.271582950815937,0.525708453336957
YOR158W,0.226406842470169,-0.650275826454163,0.034396277217643,0.0675715863642217,0.164803974330425,0.289376132190227,-0.783032327368844,-0.538537299734088
YOR160W,0.170955389738083,-0.77120965719223,0.0230234902355081,0.0602365006481196,0.130507838105162,0.206847533583641,-0.884363404927842,-0.684349653194386
YOR161C,0.102341927587986,-0.994427740573883,0.0144504100957679,0.0629908095451203,0.0769744311148922,0.126925840973854,-1.11365351331499,-0.896449950404395
YOR165W,0.603589773178101,-0.223297834396362,0.0807566708067694,0.0598419204238019,0.463201303283374,0.727511876324813,-0.334230227818543,-0.13815991566582
YOR168W,2.36224150657654,0.369304895401001,0.315167249980274,0.0596851742376204,1.81268465518951,2.83976364135742,0.258322258357553,0.453282194439311
YOR171C,0.350946098566055,-0.45885756611824,0.0472953914474879,0.0602922700767951,0.268010169019302,0.424914322296778,-0.571848730081473,-0.371698630609962
YOR172W,0.0323707647621632,-1.49450266361237,0.00467043923032687,0.0641551608052634,0.0242518142020951,0.0405828814332684,-1.61525578407417,-1.39165713142585
YOR173W,0.064320370554924,-1.19760382175446,0.0105518460286604,0.0724207495475404,0.0456068572277824,0.0846791745473941,-1.34096992518573,-1.07222338807979
YOR175C,0.573418915271759,-0.245634987950325,0.0774693935182133,0.0603086704158784,0.440421998500824,0.697679787874222,-0.356130996719102,-0.156343858933744
YOR176W,0.828693866729736,-0.0861101001501083,0.117311908329461,0.0631457991078952,0.622077699005604,1.02705304523309,-0.206155374073163,0.0115928745811249
YOR178C,0.00176122912671417,-2.7705352306366,0.00048151757539542,0.120455741606733,0.000971653294982389,0.00282319546289121,-3.01248873725611,-2.54925905704016
YOR180C,0.00443085748702288,-2.40071845054626,0.00205236496010738,0.207889066301113,0.00146048864116892,0.00930510396913935,-2.83550183348764,-2.03127881778402
YOR181W,0.231931731104851,-0.638857007026672,0.0318208445859957,0.0610603700056944,0.177012202392022,0.284398067494233,-0.751996794528968,-0.546073359343602
YOR184W,2.26312685012817,0.350208938121796,0.321261987443948,0.0630317139034004,1.7018656929334,2.82574009895325,0.230925283594788,0.451132214560971
YOR187W,1.77917718887329,0.245775043964386,0.250362610105216,0.0627072778912107,1.33842534820239,2.19986685315768,0.126594145455706,0.34239639595554
YOR188W,0.145246967673302,-0.841913878917694,0.0193752631262824,0.0597236995809236,0.111033458697299,0.174780890221397,-0.954546131832024,-0.757506057368041
YOR193W,0.0371150560677052,-1.43706393241882,0.00641715478636667,0.0763806392207945,0.025653998243312,0.0497264409437776,-1.59084500969105,-1.30341262873749
YOR194C,0.60302197933197,-0.224963933229446,0.0929349246720069,0.0684366368594238,0.435458841671546,0.778708301484585,-0.361052938257519,-0.108625199063487
YOR195W,0.242198467254639,-0.619963407516479,0.0327415535198028,0.0606021705514319,0.184902588402232,0.293065601587295,-0.733057010872667,-0.533035175809949
YOR196C,0.228269413113594,-0.646331369876862,0.0333576323994347,0.0649794166154132,0.169357940554619,0.287714618692795,-0.771194436112894,-0.541038071667781
YOR197W,1.2992171049118,0.109283924102783,0.181665552131124,0.0624063654694614,0.978731572628021,1.60265683829784,-0.00933640167096517,0.204840538705534
YOR198C,5.08045673370361,0.701618611812592,0.701258938200318,0.0615683478728208,3.84356665611267,6.24620980819066,0.584734417116201,0.795616565794543
YOR201C,0.136541649699211,-0.869646191596985,0.0202644388214575,0.0658532566744637,0.100769422451655,0.173180608451366,-0.996671250617667,-0.761500743253014
YOR206W,0.894163966178894,-0.0527017563581467,0.120786716009326,0.0604424229377792,0.68327654749155,1.08554081320763,-0.165403584862288,0.0356461300470516
YOR207C,0.459862500429153,-0.341280579566956,0.0604538067661915,0.0588803474496893,0.35327296257019,0.549106229345004,-0.451889600002715,-0.260343632558306
YOR209C,1.25781357288361,0.0951774269342422,0.177003110684523,0.0626559249650701,0.946631302932898,1.56302276055018,-0.0238191450658803,0.193965301104555
YOR211C,0.22932855784893,-0.643644213676453,0.0309246070549646,0.0602983442245153,0.17574627622962,0.277069086581469,-0.755113868792401,-0.557411927074813
YOR213C,0.137259349226952,-0.871040523052216,0.0272533292631397,0.0867659023898056,0.0907722339034081,0.196770239373048,-1.04204697644195,-0.706040587014984
YOR214C,0.00281447428278625,-2.68186187744141,0.00216099380475914,0.36243748865787,0.000347562515041015,0.00845928490161896,-3.45896716461446,-2.07266634812021
YOR216C,0.310171484947205,-0.512849807739258,0.0436355708474701,0.0627924106329858,0.233693777769804,0.382398709903161,-0.631352850893494,-0.417483581644713
YOR217W,0.374644666910172,-0.430378764867783,0.0498726581993816,0.0595409465543507,0.287672504285971,0.449939101934433,-0.541101650605155,-0.346846262854804
YOR219C,0.105377845466137,-0.981374442577362,0.0142377625869348,0.0604481026017981,0.0803090397268534,0.127538289626439,-1.09523556749272,-0.894359411496849
YOR220W,0.493689984083176,-0.313202053308487,0.0861831562243971,0.0763613197384612,0.348010946810246,0.670173027118047,-0.458407094962543,-0.173813055499464
YOR221C,0.227553740143776,-0.647836863994598,0.033820404623734,0.0658849845590607,0.167779803276062,0.289673745632172,-0.775260319154922,-0.53809086497494
YOR222W,0.195675641298294,-0.714390397071838,0.0319758401169813,0.0723112774035069,0.137169197201729,0.257279914120833,-0.862743403113466,-0.589594331136902
YOR223W,0.187186554074287,-0.73394501209259,0.0313777677208844,0.0740582839554511,0.130668765803178,0.249246968204776,-0.883828239333232,-0.603370120192568
YOR228C,0.0434354692697525,-1.3704708814621,0.00846343181765013,0.0855263198691943,0.0285527231326948,0.0607732924322287,-1.54435265412979,-1.21628726910354
YOR229W,0.15112991631031,-0.825262427330017,0.0216751964692235,0.0638888176620185,0.112209709671636,0.188337036098043,-0.949969565321122,-0.725064269172136
YOR230W,2.65321922302246,0.419446587562561,0.367925693236347,0.0619092925156661,2.00094849864642,3.26622610688209,0.301235910547965,0.514046241517916
YOR231W,0.103763453662395,-0.988521695137024,0.0148142288738911,0.0635394151997483,0.0773258879780769,0.129296854138374,-1.1116750840404,-0.888412041608123
YOR232W,2.65739893913269,0.416119575500488,0.521887319956199,0.0853846933061904,1.77694379389286,3.75899632573127,0.249673685119922,0.575071532921947
YOR233W,0.12851220369339,-0.895305097103119,0.0176569360704179,0.0613235279808307,0.0976999156177044,0.156950394809246,-1.01010581138804,-0.804237587526873
YOR237W,0.0186940375715494,-1.73615312576294,0.00352531654543098,0.0832824651117767,0.0124376414188494,0.0257209087101122,-1.90526199163869,-1.58971369969072
YOR238W,0.183948412537575,-0.741172075271606,0.0299850744956142,0.071880150175093,0.131706110884746,0.243344601616263,-0.880394075704964,-0.613778284144908
YOR242C,0.00348445517010987,-2.48636889457703,0.00125712760932023,0.160290347924182,0.00147914598346688,0.00637860735878348,-2.82998899851179,-2.19527413043488
YOR243C,0.645530581474304,-0.194232672452927,0.0875631350493223,0.060646323470878,0.492881668607394,0.778792083263397,-0.307257373329193,-0.108578471908678
YOR244W,0.150778025388718,-0.826318383216858,0.0217149985788336,0.0642146372754367,0.111007222843667,0.188567126418153,-0.954648765733659,-0.724534020479007
YOR245C,0.143074288964272,-0.849476158618927,0.0214942914661971,0.0667026999194857,0.104532698231439,0.18171164393425,-0.980747839320454,-0.740617242563358
YOR250C,0.185893788933754,-0.73548024892807,0.0270933517757605,0.0647407673389645,0.13810752791663,0.234207718446851,-0.859782648408453,-0.630398803749042
YOR251C,0.754957616329193,-0.127416402101517,0.116984218873717,0.068635566528073,0.548344612121582,0.974603062868118,-0.260946419427367,-0.0111722405926333
YOR254C,1.31451177597046,0.114676669239998,0.17689743639378,0.0601996436377297,1.00577573378881,1.58564563691616,0.002501153248758,0.200206133905207
YOR255W,0.00140281347557902,-2.95869994163513,0.000986490515570235,0.320036455160327,0.000222418464303094,0.00395175934148331,-3.65283193137127,-2.40320962912297
YOR256C,0.120484240353107,-0.9232137799263,0.0163481769840589,0.0606027794977992,0.0915813512479266,0.14683759957552,-1.03819295317746,-0.833162723774933
YOR259C,1.55322301387787,0.186892792582512,0.216015921276917,0.0619648884240014,1.17173058887323,1.91757719616095,0.0688277661613355,0.282752855705302
YOR261C,1.79285132884979,0.248642116785049,0.26520016299296,0.0658451419770542,1.31786767641703,2.2599766254425,0.119871788898745,0.35410394733597
YOR262W,0.256338983774185,-0.596228361129761,0.0385232208037369,0.0667340902375112,0.187501642107964,0.326430846254031,-0.726994927973698,-0.486208809148144
YOR264W,0.462033450603485,-0.339851558208466,0.0656001837391195,0.0632819567158172,0.345678060750167,0.57310791661342,-0.461328226661733,-0.241763592397716
YOR267C,0.254343241453171,-0.598727822303772,0.0344624674493541,0.0606579377226024,0.194407713661591,0.307198155919711,-0.711286522856495,-0.512581396465572
YOR270C,1.91256642341614,0.277593404054642,0.255131917658785,0.0597619858113745,1.46112464169661,2.29768756230672,0.164687265141619,0.361290973123349
YOR271C,1.15681529045105,0.0584865584969521,0.169291730960139,0.0649433745179158,0.858707982301712,1.456954023242,-0.0661545011410907,0.163445843410873
YOR272W,0.825384974479675,-0.0875328853726387,0.112688800881484,0.0608841286366093,0.625081896781921,1.00855207443237,-0.204063078671287,0.00369832699574776
YOR273C,0.173651561141014,-0.764486789703369,0.0236010852757266,0.0607811659374734,0.131888213256995,0.210626199841499,-0.87979401533827,-0.676487608225706
YOR274W,0.14880695939064,-0.832153975963593,0.0217760749626901,0.0649367703668965,0.110174820075432,0.188033754999439,-0.957917652125782,-0.725764181587076
YOR278W,0.106486849486828,-0.979541480541229,0.0187789514661615,0.0775580667560919,0.0734897582481305,0.143927305315932,-1.13377319704841,-0.841856817513508
YOR280C,0.405659645795822,-0.39799690246582,0.0678003580621162,0.0736095150029408,0.284752642114957,0.540166828533014,-0.545532240915191,-0.267472089921257
YOR283W,1.34941053390503,0.122590452432632,0.249408790275754,0.0816280184143155,0.910171130299568,1.84888725380103,-0.0408769470107801,0.266910427241475
YOR284W,0.113860353827477,-0.951713085174561,0.0220522538188421,0.0839403419611778,0.077019123484691,0.161275980124871,-1.11340142824644,-0.792430310204183
YOR287C,0.466919094324112,-0.336177259683609,0.0730338184397182,0.0690661102911239,0.337238491326571,0.607155160109202,-0.472062863162078,-0.216700328726917
YOR288C,0.331596910953522,-0.484576165676117,0.0505867796905106,0.067670439774957,0.241955452784896,0.424876150737206,-0.616264657407235,-0.371737651631928
YOR289W,0.0875860378146172,-1.06735134124756,0.018571555006046,0.0927686087706915,0.0557138340547681,0.126261827722192,-1.25403695379454,-0.898727963746706
YOR290C,0.202072113752365,-0.698399722576141,0.026524382038602,0.058882925597795,0.155802547931671,0.23972025513649,-0.807425444329584,-0.620295268751664
YOR291W,0.10853261500597,-0.968400478363037,0.0143693392672983,0.059282536020014,0.0834484621882439,0.130061762407422,-1.07858166221198,-0.885850369009553
YOR295W,0.264627456665039,-0.587139964103699,0.0565932523821655,0.0922834910893454,0.169455539683501,0.392930044233799,-0.77094423088963,-0.405684886191705
YOR296W,0.0465510115027428,-1.33621966838837,0.00631562994710174,0.0606217152526605,0.0354796914383769,0.0565238044597208,-1.45002016595223,-1.2477686151123
YOR298W,0.00337558472529054,-2.48879361152649,0.000940439780862649,0.123774801168868,0.00174790819000918,0.00542506873219584,-2.75748140686785,-2.26559475652465
YOR299W,0.102820888161659,-0.992115020751953,0.0140279614178244,0.0609815018380464,0.0779102194433411,0.125337461630503,-1.10840557240819,-0.901919105071577
YOR301W,0.240409836173058,-0.62364387512207,0.0344412570146268,0.0637290664095359,0.179896709695458,0.298638322701057,-0.744976812911087,-0.524854480535938
YOR303W,0.329270720481873,-0.487109810113907,0.0475135391046266,0.0642069174430235,0.243913608541091,0.413439334432284,-0.612763968941621,-0.383588207162924
YOR307C,0.153638258576393,-0.818104445934296,0.0220480697614449,0.0637630964715867,0.115545064210892,0.192255333065987,-0.93724860173621,-0.716121604249521
YOR308C,0.140790671110153,-0.85584032535553,0.0197727413522175,0.0624767610440159,0.106499593270322,0.173865575964252,-0.97265206017019,-0.759786402769845
YOR310C,4.64006185531616,0.662207722663879,0.642614694035953,0.0618300837862529,3.51070404052734,5.65063363711039,0.545394219102631,0.752097150334593
YOR313C,0.00784734077751637,-2.12414598464966,0.00229023551778179,0.130031278554303,0.00407691068248823,0.0128167392453179,-2.38966884423884,-1.89222263439544
YOR315W,0.467356204986572,-0.3351089656353,0.0681478189991115,0.0648588142935957,0.345082035412391,0.587348514298598,-0.462077653227028,-0.231104125674966
YOR316C,0.501096487045288,-0.304488122463226,0.0701838813712574,0.0624992195468096,0.37603099172314,0.620197214186192,-0.42477635991812,-0.207470188867555
YOR317W,1.08288073539734,0.0304674655199051,0.146116079827074,0.060397723901545,0.827463360130787,1.30776714682579,-0.0822512289680062,0.116530418402615
YOR320C,0.29152050614357,-0.539783179759979,0.0410263921592266,0.06280154263115,0.219293594360352,0.360027744869391,-0.658974054025088,-0.443664031107788
YOR321W,0.217820361256599,-0.66607803106308,0.0296363179970522,0.0608348037628292,0.165833954016368,0.264212007820606,-0.780326599728979,-0.578047448611737
YOR322C,0.11934919655323,-0.92742908000946,0.0163880868546376,0.0613246916763573,0.0904530808329582,0.145613729953766,-1.04357663647728,-0.836797673360691
YOR323C,2.95648455619812,0.466452926397324,0.40972245300775,0.0618999141628679,2.22154468297958,3.64620166023572,0.346655045665931,0.561840680259827
YOR326W,0.630420386791229,-0.204290017485619,0.0829905940878463,0.0589635069987151,0.486180905501048,0.750097880760829,-0.313202103062568,-0.124882063172282
YOR328W,0.00207575503736734,-2.69129872322083,0.000405808120102615,0.0866764469108274,0.00134609489759896,0.0028988169991256,-2.87092432999855,-2.53777920212011
YOR329C,0.118983142077923,-0.928682148456573,0.016191805075656,0.0607576182749693,0.0905640125274658,0.144737915943066,-1.04304434388624,-0.839417693727033
YOR332W,6.61291074752808,0.812340497970581,1.27287092652166,0.0839875825003318,4.42938423156738,9.31676155726115,0.646343355247874,0.969264980781279
YOR335C,3.68804693222046,0.562812983989716,0.489615882305596,0.0594455123055256,2.83993438283602,4.41513013839722,0.453308296632194,0.64494350917176
YOR336W,0.16287100315094,-0.7921262383461,0.0215809767614351,0.0593433708409314,0.125496085360646,0.195038689424594,-0.90136983592658,-0.709879230883722
YOR341W,1.22495877742767,0.0842381939291954,0.160483148786859,0.0586947444912152,0.950426385303338,1.45747697353363,-0.0220815157921307,0.163601702130003
YOR342C,0.321960121393204,-0.49745175242424,0.0494953181963409,0.0680693228984724,0.233712270855904,0.413315475483735,-0.631318484761803,-0.383718352554323
YOR346W,0.0876932665705681,-1.06112897396088,0.0118049337075733,0.0602966587388242,0.0665644034743309,0.1059585172683,-1.17675795562741,-0.974864128708118
YOR347C,0.343057036399841,-0.468966066837311,0.0476468827468847,0.0619173589815618,0.258894877880812,0.421534089495738,-0.586876542656361,-0.375167333627681
YOR348C,0.00174610270187259,-2.77866864204407,0.000539814492768344,0.135657647791553,0.000884371867869049,0.00293704119006482,-3.05336508090965,-2.53208996693648
YOR350C,0.0405853614211082,-1.39636468887329,0.00590148492835242,0.0646862632465078,0.030073182657361,0.0509000340476632,-1.52182060790257,-1.29328192722307
YOR351C,0.000599555147346109,-3.29086637496948,0.000338804136502036,0.253663930436648,0.00013995606568642,0.00144683988764882,-3.85400931217908,-2.83957952676486
YOR352W,0.15571703016758,-0.812785029411316,0.0236160042196916,0.0672350451887923,0.113625821409126,0.198694712171952,-0.944523030667253,-0.701813690636038
YOR353C,0.105900354683399,-0.979255199432373,0.0143769927796135,0.0606520128319099,0.0808531555036704,0.128475683306654,-1.09230302733434,-0.891179066390568
YOR354C,0.225996285676956,-0.650023996829987,0.0305739406815153,0.0604435670025497,0.172206935286522,0.27454522823294,-0.763949362440532,-0.561386100208395
YOR355W,0.480372607707977,-0.322699874639511,0.0661399142490501,0.0615999771275793,0.362154275178909,0.586030602455139,-0.441106383649375,-0.232079704578531
YOR356W,0.350643962621689,-0.459263563156128,0.0474259635217041,0.0605063706707064,0.266194015741348,0.426204819728931,-0.57480171204588,-0.370381651875801
YOR358W,0.136668011546135,-0.873521864414215,0.0281174356500498,0.089728343482604,0.0888668575013677,0.197950138896704,-1.05126023579629,-0.703444208737972
YOR359W,0.146620348095894,-0.838331758975983,0.0208378535603419,0.0632564653616165,0.110155184753239,0.181538835167885,-0.957995057216493,-0.741030455503939
YOR360C,0.169405311346054,-0.775696277618408,0.0243418208847319,0.0639440342490499,0.126619890332222,0.211607664823532,-0.897498066964693,-0.67446860539736
YOR362C,1.59327280521393,0.196887582540512,0.247474452961615,0.0691611646057841,1.14777738054593,2.0509795665741,0.0598576476296293,0.311961324363608
YOR363C,0.0283364411443472,-1.55226278305054,0.00405753848063225,0.0638818274934398,0.0210647147459288,0.0353249913081527,-1.6764444256839,-1.45191795577978
YOR368W,0.0968614593148232,-1.01900720596313,0.0147289092308883,0.0674693029360268,0.0706312079603473,0.123655118544896,-1.15100338954543,-0.907787902387757
YOR370C,0.370548993349075,-0.435379058122635,0.0507542487948888,0.0611622345752705,0.281751869122187,0.451837343970935,-0.550133197114031,-0.345017881243575
YOR371C,0.0975831896066666,-1.01482105255127,0.0132903045405218,0.06101203862126,0.0742484043041865,0.117989391150574,-1.12931287657046,-0.928157045760269
YOR372C,0.179990082979202,-0.749190449714661,0.0253218868906229,0.0626281341234376,0.135858013729254,0.223210657512148,-0.866914748739677,-0.651285073758537
YOR380W,0.0128334062173963,-1.8986644744873,0.00228690365335969,0.078581732585772,0.00881854076093684,0.0173342794024696,-2.05460327410001,-1.76109420851525
YOR384W,0.0226396266371012,-1.65042328834534,0.00348726776514808,0.0683746593282048,0.0165383767491827,0.0289151636262735,-1.78150713600286,-1.53887436264012
YOR385W,0.13651117682457,-0.871066987514496,0.0229869225905912,0.0740002251014314,0.0960239621500174,0.18321953167518,-1.0176203875955,-0.737028232972539
YOR386W,0.0737891867756844,-1.13671135902405,0.0106832103790134,0.0645310912926964,0.0543869110755622,0.0923299937819441,-1.2645056064581,-1.03465719393424
YPL274W,0.440301954746246,-0.360391348600388,0.05967912156096,0.060602043766876,0.334318789343039,0.536545640230179,-0.475839214952957,-0.270393329727379
YPL268W,0.0358330905437469,-1.45019340515137,0.00507074041805879,0.0629039725065714,0.02677538547044,0.0445999968486528,-1.57226432156599,-1.35066517390617
YPL266W,0.811957359313965,-0.095570370554924,0.122948800465764,0.0670974257958741,0.594597180684408,1.03315725028515,-0.225777171095084,0.0141664273115501
YPL265W,1.09468030929565,0.0351769030094147,0.147929363366218,0.0603334333294548,0.835106036563714,1.33127628266811,-0.0782583954194806,0.124268192147861
YPL264C,0.0346970967948437,-1.46650171279907,0.00605731165070953,0.0775413527258582,0.0236087275824199,0.0465706928322713,-1.62692750415826,-1.33188730205478
YPL263C,0.561527073383331,-0.254702210426331,0.0754760850773408,0.0600808071522437,0.428874143461386,0.68090575436751,-0.367670136447595,-0.166912996147262
YPL262W,1.48673856258392,0.167908757925034,0.206062244439422,0.0619038070945784,1.12358990510305,1.82542209426562,0.0506078276805899,0.261363273793877
YPL260W,0.740595996379852,-0.134658649563789,0.101480391213484,0.0613354011945123,0.560074042280515,0.900646150112152,-0.251754559491382,-0.0454458030698082
YPL259C,0.201063796877861,-0.701057970523834,0.0280876778784933,0.062379667179522,0.150443866848946,0.247415236756206,-0.822625512463298,-0.6065735587427
YPL258C,0.00362132652662694,-2.45730352401733,0.000990486048605312,0.119412331236324,0.00199974137940444,0.00583476780060058,-2.69902616729985,-2.23397642515781
YPL256C,0.389872401952744,-0.413340091705322,0.0536307342971282,0.0614610196424949,0.295248180627823,0.476561884582043,-0.529812769906595,-0.32188069653392
YPL255W,0.0490173324942589,-1.31555438041687,0.00797552853169292,0.0722585687543105,0.0346809647977352,0.0644622470562657,-1.45990884201438,-1.1906945612981
YPL253C,0.082121953368187,-1.08994889259338,0.0115162898986808,0.0624490172347782,0.0617520660161972,0.101053665143748,-1.20934850779422,-0.995447980005816
YPL249C,0.243234306573868,-0.618035078048706,0.0327187685249134,0.059918400885699,0.186603071168065,0.295777976512909,-0.729081214425178,-0.529034166495306
YPL247C,0.0719214379787445,-1.14781630039215,0.0103614723284742,0.0643792776948036,0.0536134149879217,0.0894417072335879,-1.27072653362178,-1.04845992001695
YPL246C,0.796300232410431,-0.104791611433029,0.129320216881108,0.0719816356269769,0.567499217391014,1.04613947371642,-0.246034797212188,0.0195895848189277
YPL245W,0.205469653010368,-0.691897571086884,0.0294998084494339,0.0641617546869492,0.153564602012436,0.254827670504649,-0.813708883760681,-0.593753415962297
YPL244C,0.139622762799263,-0.860386729240417,0.0216822016768152,0.0685772489173227,0.101415277396639,0.181079226359725,-0.993896619431961,-0.74213136993794
YPL243W,0.77732527256012,-0.113606467843056,0.106247661543806,0.0610670178221168,0.5922975897789,0.946036938329538,-0.227460039286281,-0.0240919204115729
YPL241C,0.137558415532112,-0.86898934841156,0.0253069742192106,0.0812181582321061,0.0923012718558311,0.188255738963683,-1.03479231461695,-0.725251775834807
YPL237W,2.95304131507874,0.464824706315994,0.460276631021513,0.0694810631271334,2.10856556892395,3.80673097372055,0.323987110581661,0.580552180669348
YPL236C,0.0619677416980267,-1.21392667293549,0.0102873866542208,0.0732365542470701,0.0435775369405746,0.082399328922232,-1.36073732028863,-1.08407632527787
YPL235W,1.31336581707001,0.114165969192982,0.180048465975646,0.0610946689381721,0.999843094746272,1.60501265525818,-6.81520860393719e-05,0.20547846109424
YPL232W,0.796539306640625,-0.103930227458477,0.121102340455064,0.0673163922837307,0.580474234124025,1.02850866218408,-0.236217052807267,0.0122079494059815
YPL230W,0.0145552158355713,-1.84587049484253,0.00291398585534885,0.0886870854309587,0.00942418011836708,0.0204513890358309,-2.02575643880941,-1.68927719030185
YPL228W,0.308377712965012,-0.515184938907623,0.0424539480514792,0.0615079421254375,0.233058271681269,0.377220243215561,-0.632535488936934,-0.423405009251477
YPL224C,0.119325645267963,-0.927879512310028,0.0170942624374228,0.063914315453889,0.0884888575722774,0.148409008979797,-1.05311143626958,-0.828539734963609
YPL222W,0.0407472588121891,-1.39473259449005,0.00599872031060009,0.0652944854653737,0.0301624593014518,0.0513873862723509,-1.52053326398589,-1.28914347297596
YPL221W,0.211956977844238,-0.677854955196381,0.028624366827757,0.0602513492047834,0.162560282026728,0.258323596666257,-0.788985556549476,-0.587835926220877
YPL219W,0.0892083048820496,-1.05441796779633,0.0130858339921217,0.0653026079770202,0.0658932941655318,0.112508048551778,-1.18115883739062,-0.948816420710357
YPL217C,0.501468896865845,-0.303718537092209,0.0664243603301735,0.0592753699098164,0.386683254937331,0.602090901633104,-0.412644644931459,-0.220337935492879
YPL215W,0.461590528488159,-0.340741038322449,0.0691401713297125,0.0664095421984769,0.339259281506141,0.586636439959208,-0.46946849035251,-0.231630969268374
YPL214C,0.0597845837473869,-1.22832953929901,0.0088695497329469,0.0659110383523145,0.0440828241407871,0.0756302165488402,-1.35573059043868,-1.12130465906761
YPL213W,0.251346081495285,-0.608570992946625,0.0507547212961126,0.0879750296831216,0.16520003999273,0.360195579876502,-0.781989882942231,-0.4434616299125
YPL212C,0.676524639129639,-0.173986434936523,0.0930566230187033,0.0615326707965568,0.513968335588773,0.825709462165833,-0.289063728969142,-0.0831727386051752
YPL209C,0.0684797391295433,-1.1702880859375,0.011118731435029,0.0718263471797046,0.0486946879265209,0.0899684153497219,-1.31251841973464,-1.04590992896528
YPL208W,0.173131629824638,-0.765945971012115,0.0240334961736515,0.0618235180215477,0.130972890928388,0.213017577057083,-0.882818586325775,-0.67158456368395
YPL207W,0.260850548744202,-0.587658822536469,0.0349712371306033,0.0598981097123967,0.199705139795939,0.31665449043115,-0.699610766502895,-0.499414349133462
YPL204W,0.461861193180084,-0.339816480875015,0.0640197801912735,0.0619181599299089,0.348548579216003,0.566045045852661,-0.457736687438515,-0.247149006290872
YPL203W,0.233001172542572,-0.637614667415619,0.0348838812075916,0.0661757655672037,0.172346830243866,0.297526643921931,-0.763596704878048,-0.526474401676984
YPL202C,0.18511438369751,-0.73744010925293,0.0273723739853652,0.0656187010478219,0.136603489518166,0.234895387788614,-0.86453820651739,-0.629125512810075
YPL201C,0.00223126006312668,-2.67873096466064,0.000790893580076282,0.156353391772067,0.00098074466707961,0.00408920413659264,-3.0084440717295,-2.3883614286696
YPL199C,1.27868485450745,0.0992267429828644,0.237293902493517,0.0813384460739862,0.869108599424362,1.76891663571199,-0.060925952959199,0.2477073113542
YPL196W,0.215333327651024,-0.673205733299255,0.0364123386732282,0.0745569354408664,0.152330907310049,0.286297642687956,-0.817212132404399,-0.543182285393582
YPL195W,0.339236825704575,-0.473501414060593,0.0451786281399489,0.0595901702395547,0.260273167987665,0.407797922939062,-0.584570603078711,-0.389554995526618
YPL193W,0.109982870519161,-0.963922381401062,0.0168073042038135,0.0682096715398292,0.0795929652949174,0.13941401677827,-1.0991253156057,-0.855693576821117
YPL191C,0.0806196928024292,-1.09927749633789,0.0129551561681555,0.0709433796731396,0.0583181623990337,0.105046017964681,-1.23419616911158,-0.978620411489705
YPL190C,0.780198216438293,-0.111811801791191,0.104119263731117,0.0596541709523885,0.601129958530267,0.943732969462872,-0.221031627630302,-0.0251508726126426
YPL189W,0.00400227447971702,-2.41116070747375,0.000999891194514605,0.108746498211847,0.0023601249869292,0.00622918674489483,-2.62706520661636,-2.20556866447836
YPL188W,0.282666176557541,-0.55353856086731,0.0415809855255718,0.0651377206007564,0.210817846531669,0.35801574587822,-0.67609263429573,-0.446097872367236
YPL186C,0.0173080787062645,-1.77518570423126,0.00432306616147753,0.108593580362476,0.0100987881033992,0.0269802147212128,-1.99573086335751,-1.56895463131382
YPL184C,0.49538242816925,-0.309243053197861,0.0674597742944571,0.0609082065225698,0.375861309965452,0.603132624924183,-0.424972378625133,-0.219587183727144
YPL183C,0.338303774595261,-0.474732220172882,0.0452239618520689,0.0598581193624473,0.259245734661818,0.407634026308854,-0.586288380291402,-0.389729576603258
YPL181W,0.284340888261795,-0.550422191619873,0.0390674170737205,0.0614791476064543,0.214498873675863,0.347112467139959,-0.668574984457068,-0.459529802919796
YPL180W,0.143665388226509,-0.846774399280548,0.0194265816907839,0.0604809721557613,0.109716080129147,0.174519221484661,-0.959729717005276,-0.758156734080068
YPL177C,0.534226179122925,-0.277653992176056,0.0830849625584515,0.0688817568799022,0.382984864960114,0.689253889520963,-0.416818388623501,-0.161620774599731
YPL176C,0.195250734686852,-0.71356213092804,0.0264987412190421,0.0606940982954691,0.14827661079665,0.236820267016689,-0.828927349404025,-0.625581133739315
YPL175W,0.101036302745342,-1.00048100948334,0.0150717062085678,0.066156330771255,0.074130967259407,0.128668491914868,-1.13000033317541,-0.890527798713217
YPL172C,0.0762256383895874,-1.12291634082794,0.0114489843718478,0.0665439097486581,0.0561757652089,0.0973043243711193,-1.25045101082187,-1.01186785892255
YPL169C,0.418418079614639,-0.38252004981041,0.0566096673418815,0.0605034537897229,0.318208890408277,0.506868230303129,-0.497287692935755,-0.295104928893823
YPL168W,0.0410788357257843,-1.39196217060089,0.00651381703079916,0.070145315516103,0.0294230226427317,0.0534252912737429,-1.53131271401404,-1.27225310244793
YPL165C,0.00261758430860937,-2.61470007896423,0.00101167023803474,0.171873135990092,0.00102725561300758,0.00497378966150183,-2.98832179451736,-2.30331389843512
YPL163C,1.7022842168808,0.225015699863434,0.281433773929329,0.0727193193341661,1.20785439014435,2.25951910018921,0.0820145821589626,0.354016016865148
YPL162C,0.148858219385147,-0.833938181400299,0.0258895519240835,0.0769837075425765,0.1021279025202,0.199620969593525,-0.990856143943542,-0.699793858232127
YPL161C,0.119205020368099,-0.928137719631195,0.0167057514309766,0.0626847955017177,0.0894840527325869,0.146226032078266,-1.04825437764263,-0.834975305558964
YPL160W,3.99327921867371,0.59738165140152,0.527754108277435,0.0591864097352805,3.07728958129883,4.76878060897191,0.488168366459552,0.678407342661486
YPL159C,0.239349707961082,-0.628237426280975,0.0434990998035735,0.0800083920940485,0.160425260042151,0.327473707000415,-0.794727309086443,-0.48482356534382
YPL158C,0.268011838197708,-0.576047360897064,0.036534432551365,0.0610478712189308,0.203583387285471,0.324803680429856,-0.691257664157522,-0.4883790584346
YPL157W,0.106675632297993,-0.977122843265533,0.0162726919382953,0.0676470082977126,0.0783068984746933,0.136129068086545,-1.10619997692643,-0.866049174998201
YPL156C,0.115841001272202,-0.943070411682129,0.0205406418642844,0.0781257271732821,0.0788497167949875,0.15696220099926,-1.10319991137418,-0.80420492003592
YPL154C,2.99548530578613,0.472067177295685,0.419769667608268,0.062367143463598,2.26601362228394,3.7028295079867,0.355262516323919,0.568533714475175
YPL153C,0.0755675509572029,-1.12612903118134,0.0106571332758906,0.062867473848861,0.0565402566144864,0.0931953780973951,-1.2476422257614,-1.03060563213084
YPL152W,0.18428461253643,-0.739494383335114,0.0275605633938832,0.0663128364115819,0.136263335868716,0.234904395913084,-0.865620983779617,-0.629108863725688
YPL151C,0.0887690335512161,-1.05661141872406,0.0131431241012051,0.0655522834856207,0.0656870706006885,0.112814518002172,-1.18252012950031,-0.947635007805561
YPL150W,0.0590963922441006,-1.23282706737518,0.00826196544543246,0.0623013386379448,0.0448473467802008,0.073474641268452,-1.34826324741815,-1.13386253775264
YPL146C,0.606343507766724,-0.221674188971519,0.0847183854011871,0.0623838567437357,0.456386513014634,0.745763035615285,-0.340667206900091,-0.127399146738255
YPL145C,1.96802771091461,0.289704293012619,0.273386909709469,0.0618616488470724,1.49383883178234,2.43171196381251,0.17430374456378,0.385912129726375
YPL141C,0.102172560989857,-0.994856655597687,0.0139263307254349,0.0609562879264658,0.0780362635850906,0.124189972442885,-1.10770353301438,-0.90591348044397
YPL139C,0.287204533815384,-0.546206712722778,0.0401682398110933,0.0623998454165426,0.216074004769325,0.352971071749926,-0.66539747867122,-0.452260886514699
YPL138C,0.134815737605095,-0.875825166702271,0.0214915629305338,0.0698246422334647,0.0977678439269463,0.178020249182979,-1.00980396262678,-0.749530645322152
YPL137C,0.151680067181587,-0.82312285900116,0.020314859318576,0.0599227625322326,0.116525422160824,0.182369497294227,-0.933579315475986,-0.739047829503067
YPL134C,0.0916641429066658,-1.0436190366745,0.0148557139285092,0.0716037597568846,0.0651475667953491,0.120486579835415,-1.18610184705497,-0.919061323445965
YPL132W,0.119019545614719,-0.92994499206543,0.0188233730853387,0.0701076151707949,0.0855029468114177,0.155594305073222,-1.06801894862027,-0.808006307639838
YPL131W,30.6608963012695,1.48176729679108,4.50300518991001,0.0652459397030108,22.541051308314,38.8576910018921,1.35297416591621,1.58947698858974
YPL128C,0.254230231046677,-0.599056482315063,0.035149484221785,0.0615101830267823,0.193186164895693,0.313222833971182,-0.714023980956004,-0.504146592883624
YPL126W,0.612519800662994,-0.216940104961395,0.0820929856961789,0.0600217361088658,0.470231031626463,0.737435799837112,-0.327688714178308,-0.13227578319145
YPL125W,0.222608223557472,-0.656488955020905,0.0297713853707657,0.0597396908852364,0.171349512785673,0.268467762569586,-0.766117126244138,-0.571107859555447
YPL124W,0.137998133897781,-0.867634057998657,0.0254686091041032,0.0813487875998273,0.0931893561035395,0.190556578959028,-1.0306336915498,-0.719976052645429
YPL123C,0.149145111441612,-0.831077635288239,0.0215439877027002,0.0644351652438823,0.110164312769969,0.18665400147438,-0.957959070564598,-0.728962695265589
YPL122C,0.17531706392765,-0.76060962677002,0.0246483292025622,0.0626279408043754,0.132158484558264,0.217331140985091,-0.878904951154352,-0.66287804569728
YPL119C,0.0414831973612309,-1.38682544231415,0.0059904859180135,0.0645678106747559,0.030565759461994,0.0517890366725623,-1.5147648547422,-1.28576220098757
YPL117C,1.7398933172226,0.235137224197388,0.271213300107599,0.0688665377650604,1.26233368317286,2.24528698523839,0.101174170381951,0.351271858416608
YPL116W,0.195903301239014,-0.712118744850159,0.0266086167957865,0.0607263209328214,0.14919302004079,0.23816777082781,-0.826251495172249,-0.623117008857388
YPL115C,0.136590644717216,-0.868659675121307,0.0183798036523449,0.0601326594294398,0.104407917894423,0.165597798054417,-0.981266565124086,-0.780945442824925
YPL113C,0.0487893521785736,-1.31752038002014,0.00790620741325008,0.0718902361829657,0.034237404105564,0.0637845396995544,-1.46549920579139,-1.19528457698068
YPL112C,0.448746055364609,-0.352797448635101,0.0658420231214307,0.0650573677501753,0.332750372588634,0.56806309123834,-0.477881449580265,-0.245603432651626
YPL111W,1.62200999259949,0.205102443695068,0.241618611159031,0.0661288068507987,1.19573740661144,2.06589069366455,0.0776358135110919,0.315107338984904
YPL110C,0.161441892385483,-0.795961976051331,0.0214172290716107,0.0594228909778281,0.124032612517476,0.193150162075957,-0.906464114307996,-0.714104923488848
YPL107W,0.108466856181622,-0.974024832248688,0.0224467341462097,0.0904609945247479,0.0697277004520098,0.1557947161297,-1.15659492262255,-0.807447338740268
YPL106C,12.2211170196533,1.08304345607758,1.64044130295998,0.0600554031206859,9.29135322570801,14.764590883255,0.968078970792181,1.16922141624863
YPL105C,0.290430039167404,-0.541068494319916,0.0392104075566644,0.0603516434388096,0.222846799716353,0.351086188107729,-0.651993601533707,-0.454586256590731
YPL104W,0.0744015350937843,-1.13297009468079,0.0106205809974239,0.0634203662072569,0.0559565424919128,0.0927655001481374,-1.25214912804499,-1.03261353096428
YPL103C,0.0990970581769943,-1.00887632369995,0.0147324072641029,0.0660487819673387,0.0730103230724732,0.125066661834717,-1.13661574738703,-0.902858464227383
YPL101W,0.251620948314667,-0.603797674179077,0.0358515290977961,0.0633787832567523,0.189092527205745,0.313463943948348,-0.723325635122664,-0.503812406510663
YPL097W,0.107955276966095,-0.971415340900421,0.0155731828356778,0.0641809953671244,0.0800990238785744,0.134939217567444,-1.09637277638432,-0.869861814168329
YPL096W,0.172418057918549,-0.768454611301422,0.025846156955114,0.0667921905380774,0.12559600174427,0.219455271959305,-0.901024185822064,-0.658653981666429
YPL092W,0.213512301445007,-0.675220549106598,0.0306686011906828,0.0641620631348281,0.156962229808172,0.264608417203029,-0.804204861110765,-0.577396352097533
YPL091W,1.53073215484619,0.180544644594193,0.213475517556581,0.0620242729395021,1.15739715695381,1.89124539395173,0.063482398030111,0.276747862128254
YPL089C,0.0692078098654747,-1.16444897651672,0.00993618437354901,0.0637630745626115,0.0516167401646574,0.0865020969261726,-1.28720943455337,-1.06297336489988
YPL088W,0.0274261757731438,-1.56991147994995,0.00526446311059422,0.0842739839425605,0.0181299249486377,0.0379936061178644,-1.7416040499133,-1.42028959946259
YPL087W,0.250590205192566,-0.606298267841339,0.0384833088517855,0.0681939541822046,0.180932619422674,0.321792279183864,-0.742483130489398,-0.492424402553077
YPL086C,0.531413555145264,-0.278778284788132,0.072634669657333,0.0610987846593952,0.402440692732731,0.649939263363679,-0.395298112884594,-0.187127231934969
YPL085W,0.531226396560669,-0.278582572937012,0.0694173985786757,0.058539691465515,0.411852419376373,0.629986293117205,-0.385258378463295,-0.200668899818822
YPL084W,0.296604603528976,-0.531952857971191,0.0401543072288986,0.0604896236279347,0.227477882057428,0.357947830110788,-0.643060828567636,-0.446180266173252
YPL078C,1.72927093505859,0.230611577630043,0.315942388943842,0.0796574235470893,1.19131784836451,2.395360404253,0.0760276437715873,0.379370812001687
YPL077C,0.0603127144277096,-1.23320734500885,0.0151524010682626,0.10948306092935,0.0347518755743901,0.0930894320830702,-1.45902201088322,-1.03109963940026
YPL075W,0.0645677149295807,-1.19445037841797,0.00911157950044832,0.0628626479833602,0.0486089423298836,0.0797601678098241,-1.31328383347544,-1.09821394549714
YPL074W,0.101414509117603,-0.998167455196381,0.0139582937058259,0.0614964202566153,0.07623924917231,0.124224259952704,-1.11782140498102,-0.905793581901775
YPL072W,0.0411275960505009,-1.39119899272919,0.00635493501930164,0.0686431580173183,0.0298979548116525,0.0525103247724473,-1.52435856009339,-1.27975529677578
YPL070W,0.128213077783585,-0.896262526512146,0.0174924306393129,0.0609819886379395,0.097088385745883,0.156421554461122,-1.01283272830566,-0.805703416174812
YPL069C,0.0857344269752502,-1.0728394985199,0.0141675427302508,0.0725180239100831,0.0608940664989253,0.11324167996645,-1.21542502300217,-0.945993696400303
YPL068C,0.13236702978611,-0.88467800617218,0.0227119873670786,0.0752847653433606,0.0930676308150093,0.177904016772906,-1.03120137916558,-0.749814246984738
YPL066W,0.0592385195195675,-1.23246896266937,0.00896838085538645,0.0668210196498336,0.0433700925360123,0.0762508281196157,-1.36280966763108,-1.11775543536569
YPL065W,0.134725287556648,-0.880347549915314,0.0287614837256345,0.0925045533928199,0.0862855017185211,0.198510389775037,-1.06406217129066,-0.702218240360407
YPL064C,0.149550333619118,-0.831102430820465,0.0244612297762068,0.0719352626322111,0.106951003645857,0.196828243508935,-0.970815252849121,-0.705912583738035
YPL061W,15.6080780029297,1.1890811920166,2.14846912707545,0.0614884462456743,11.8590224027634,19.0341945171356,1.07404887404013,1.27953448811384
YPL060W,0.0476492121815681,-1.32806050777435,0.00794405599442612,0.0733004020764459,0.0339749455451965,0.0634446751326322,-1.46884123067905,-1.19760482713768
YPL058C,0.139571651816368,-0.859198749065399,0.0185608829958894,0.0595322119705193,0.107311734929681,0.16760255706807,-0.969352783756588,-0.775719359805165
YPL057C,0.256454676389694,-0.595767796039581,0.0373897112212846,0.0650711305564345,0.188873202353716,0.321764825284481,-0.723829663512375,-0.49246143389126
YPL055C,0.282935619354248,-0.55348140001297,0.042959284010664,0.067685800556571,0.205421189839641,0.360152769833803,-0.687354759591347,-0.443513296376315
YPL053C,0.622978329658508,-0.209925904870033,0.0872699437998004,0.0623804771216707,0.467023134231567,0.771358689169089,-0.330661605900129,-0.112743624398848
YPL050C,0.842001259326935,-0.0792697370052338,0.120182589426908,0.0637175825969961,0.62283584823211,1.04486705164115,-0.205626444251646,0.0190610338800338
YPL049C,0.397908240556717,-0.404585927724838,0.0555232634774462,0.0621632448086062,0.301493063817422,0.490790903568268,-0.520722674996605,-0.309103495184471
YPL045W,0.108915224671364,-0.967101156711578,0.01484154777833,0.0609784282274262,0.0826923094068964,0.132523253560066,-1.08253490747148,-0.877707910355442
YPL043W,0.839970588684082,-0.079808883368969,0.112926313507547,0.0600703972173265,0.643521476785342,1.01639029880365,-0.191436954622881,0.00706050987480944
YPL042C,0.0515484735369682,-1.29271936416626,0.00766062068321557,0.0660052040158994,0.0378786542763313,0.0654223357637723,-1.42160545902411,-1.18427395882611
YPL039W,0.0751184895634651,-1.13057947158813,0.0127075851248185,0.0746247736284043,0.0527173094451427,0.0999695020417372,-1.27804676311332,-1.00013250226407
YPL033C,0.00204323744401336,-2.76621866226196,0.00121968043037357,0.267226468417872,0.000456558155807822,0.00519214244559407,-3.34050462912015,-2.28465340124489
YPL032C,0.46362841129303,-0.337818711996078,0.061651537383152,0.0594546982316434,0.355732102692127,0.558506592114766,-0.448876955855415,-0.252971711956095
YPL031C,0.401346951723099,-0.402288466691971,0.0648852944861075,0.0716042117353482,0.28281204799811,0.525142492850622,-0.548502140689116,-0.279722838633728
YPL030W,0.298465073108673,-0.529369652271271,0.0410571767731078,0.0614582352044782,0.226204068710407,0.364601952582598,-0.6454995927134,-0.438181009922186
YPL028W,4.66757154464722,0.664593994617462,0.66157329991985,0.0630421445152009,3.51836248238881,5.79552366336187,0.546340562751763,0.76309268145099
YPL027W,0.0029484189581126,-2.61133027076721,0.00178093852701642,0.279110119143234,0.000597324249974918,0.00736442650280271,-3.22379074974372,-2.1328612896385
YPL026C,0.132306113839149,-0.882870197296143,0.0185974844720507,0.0628191021455268,0.0989548878123363,0.162698373198509,-1.00456274989603,-0.78861678949979
YPL024W,0.0768959149718285,-1.12427246570587,0.0167327328795309,0.0942038883441514,0.0487563200294971,0.114319548010826,-1.31196908096987,-0.941879501298893
YPL023C,0.315059542655945,-0.505679666996002,0.0423609103466663,0.0600579502102248,0.241000890731812,0.381042718887329,-0.617981352283241,-0.419026332626134
YPL020C,0.0927998051047325,-1.03675901889801,0.0128244380606828,0.061780818831821,0.0699252113699913,0.114074740931392,-1.1553662121687,-0.942810510235997
YPL019C,3.02856183052063,0.477225691080093,0.403263725393645,0.0596568249380753,2.32841662764549,3.62555674115817,0.367060686947535,0.559374706111351
YPL017C,0.018500654026866,-1.73882400989532,0.00306053389846696,0.0726956800147129,0.0130938198262205,0.0248121998893718,-1.88293363942477,-1.60533472878309
YPL015C,0.184456720948219,-0.739071667194366,0.0276213512644,0.0661116051848822,0.135400555034479,0.235098424678048,-0.868379557503116,-0.628750280994701
YPL014W,0.0749998167157173,-1.13050556182861,0.0118717761069175,0.0700872575216519,0.0538112498819828,0.0977024659514427,-1.26912692143372,-1.01009447481153
YPL012W,0.612575829029083,-0.216805055737495,0.0811384956993932,0.0592947079773926,0.472679724295934,0.732687552769979,-0.325433027203809,-0.135081190673956
YPL011C,0.128799140453339,-0.89538985490799,0.0199064858862298,0.0683761746335733,0.0930387642234564,0.167303405950467,-1.03133607412304,-0.776495248849162
YPL009C,0.488558292388916,-0.315057992935181,0.0647904103425373,0.0593759873113611,0.375323732197285,0.58627621481816,-0.42559398601732,-0.231897724908828
YPL007C,0.0925346985459328,-1.03817570209503,0.0130852012284809,0.0629046350476491,0.069520191475749,0.115299351513386,-1.15788904041434,-0.938173135332796
YPL006W,0.200525477528572,-0.701873898506165,0.0268302191898403,0.0598612427169926,0.154131677870949,0.240659868096312,-0.812108100228177,-0.61859632574385
YPL005W,0.0204407796263695,-1.6953330039978,0.00331416218945888,0.0716638706125277,0.0144985315389931,0.0266919837022821,-1.83867600318975,-1.57361918897657
YPL004C,2.90266847610474,0.458030432462692,0.425044849076947,0.064813175375619,2.1526747683684,3.67448116739591,0.332978401350957,0.565196019964443
YPL002C,0.146343857049942,-0.845659196376801,0.0334656049055845,0.0977694903897965,0.092752205953002,0.219844388837616,-1.03267575628401,-0.657884682634638
YPL001W,0.325877100229263,-0.491833239793777,0.0481349837912911,0.0657372186463702,0.239931665981809,0.410027229040861,-0.619912431532627,-0.387187301811143
YPR001W,0.00825335551053286,-2.0934898853302,0.00177776045715423,0.0944079418510611,0.00515713117007787,0.0120333422208205,-2.28759182380681,-1.91961373329903
YPR002W,0.0336633287370205,-1.47842741012573,0.00533135230659509,0.070232017470097,0.024193265568465,0.0434684709956249,-1.6163055075415,-1.36182563617495
YPR005C,0.0138271898031235,-1.87593579292297,0.00384697502490212,0.121102221254172,0.00767050897702575,0.0224761978878329,-2.11517582547427,-1.64827716487372
YPR007C,0.00111266784369946,-2.98653244972229,0.000431567429467201,0.172388382939889,0.000447785795404343,0.00207602546627944,-3.34892970751934,-2.68276744282541
YPR008W,0.156020820140839,-0.811081945896149,0.0214654164220522,0.0614918786805552,0.11785750767837,0.190188720822334,-0.928642750619083,-0.720815242550395
YPR010C,1.38276743888855,0.136838763952255,0.18185652955313,0.0588925155551011,1.06858833829562,1.64659422039986,0.0288104303002483,0.216586586279867
YPR011C,0.0901103243231773,-1.05149936676025,0.0152192973257502,0.0742180943460114,0.063881577240924,0.120371010713279,-1.19462437090133,-0.919478093190435
YPR013C,0.0391640849411488,-1.41517162322998,0.00752738925803965,0.084078370212863,0.0261448117904365,0.054776644334197,-1.58261448647564,-1.26140458040442
YPR016C,2.0794997215271,0.310662269592285,0.37967601727363,0.0800389828036923,1.41759933431943,2.86540776888529,0.151553494588592,0.457186434043505
YPR018W,0.170872405171394,-0.771747291088104,0.0239343968274273,0.0625651027938784,0.128250440210104,0.210212599858642,-0.891941139084937,-0.677341257552957
YPR019W,0.288749992847443,-0.543524146080017,0.0386667454693969,0.0598816163701925,0.221347421531876,0.347854919731617,-0.654925542853935,-0.458601851134935
YPR024W,0.535085082054138,-0.275726348161697,0.0725488910374386,0.0606549072142789,0.408631625274817,0.647303690512975,-0.38866805293322,-0.188891918801419
YPR025C,0.13783323764801,-0.865415632724762,0.0200977100076411,0.0649847194529964,0.101406842470169,0.173874786744515,-0.993932739807632,-0.759763394919469
YPR027C,0.00514529785141349,-2.32527470588684,0.00212811317885439,0.181432461155151,0.00206897989846766,0.010195139539428,-2.68424372877698,-1.99160688593057
YPR029C,0.277866214513779,-0.560205101966858,0.0372001500787731,0.0598454414594266,0.213286908343434,0.335833230366309,-0.671035810270617,-0.473876333152379
YPR031W,0.0451983325183392,-1.34946274757385,0.00646572647279057,0.0636965716916091,0.0337450228631496,0.0561671637929976,-1.4717902748618,-1.25051750723117
YPR032W,0.146940350532532,-0.837013602256775,0.019936365579601,0.0606767680077416,0.112442625189821,0.178069059550762,-0.94906902751001,-0.749411562452892
YPR034W,0.422435581684113,-0.378643721342087,0.059038615235021,0.0624968725405464,0.316292716066043,0.519040156900883,-0.499910811575644,-0.28479904056574
YPR035W,5.19915771484375,0.711449861526489,0.736210537939347,0.0629468937124007,3.90158629417419,6.47089694341024,0.591241216959414,0.810964481054942
YPR036W,3.14608955383301,0.493616849184036,0.426844642587398,0.0606900817311383,2.38121164441109,3.8231782913208,0.376797966437732,0.582424551519237
YPR041W,3.09179830551147,0.48574310541153,0.435708413723836,0.062901870095382,2.31937336921692,3.81670882701874,0.365370666334586,0.581689024720456
YPR045C,0.305744022130966,-0.518956422805786,0.0424399401819234,0.0617571509082737,0.231495679914951,0.376713472853104,-0.63545711240285,-0.423988867719836
YPR047W,0.0773401409387589,-1.11653339862823,0.0115028608048285,0.0660646713490064,0.0568143173431357,0.0983852073550224,-1.24554220734606,-1.00707019472951
YPR048W,0.18422669172287,-0.738955497741699,0.0254542043040983,0.0617949685141447,0.139913247898221,0.22512524848183,-0.85414117656434,-0.647575810788768
YPR054W,0.000916937133297324,-3.1115837097168,0.00052501563016505,0.266555097394435,0.000205718313979257,0.00218334299861453,-3.68672705930445,-2.66087803726691
YPR055W,0.146783620119095,-0.83736914396286,0.0196447487021855,0.0599182163101355,0.11242156419903,0.176547714571158,-0.949150385013595,-0.753137900055453
YPR056W,0.255574405193329,-0.597599506378174,0.0387022167322736,0.0672307891060104,0.186327077324192,0.327391387025515,-0.729724032297484,-0.484932761239598
YPR058W,0.428541928529739,-0.373216271400452,0.0659005177321596,0.0676400381987178,0.313910245895386,0.55077039450407,-0.503194508883555,-0.259029412404878
YPR060C,0.969633102416992,-0.0199914760887623,0.168935814077805,0.07593462136978,0.683538402616978,1.31061363220215,-0.165237080849328,0.117474680909437
YPR061C,0.0422915481030941,-1.38193702697754,0.00821667859617641,0.0846589905357551,0.0284467414021492,0.0597662410077949,-1.5459674752133,-1.22354411688634
YPR066W,0.0619053021073341,-1.21542859077454,0.0111916944279858,0.079306648619846,0.0422824186893801,0.0850459858775139,-1.37384017959531,-1.07034618002186
YPR070W,0.106589987874031,-0.97686493396759,0.015225244844362,0.0636610833775996,0.0798927828048666,0.132207162678242,-1.0974924521473,-0.878745025170881
YPR072W,0.645683765411377,-0.194260820746422,0.0889263427787025,0.0616159575992427,0.488717499375343,0.785202058156331,-0.310942112243045,-0.105018572190055
YPR074C,6.67607879638672,0.820441603660583,0.897629449110608,0.0601331414852681,5.11583409706752,8.05565643310547,0.708916452142292,0.906100935650299
YPR075C,0.349290758371353,-0.461721777915955,0.0518275996030042,0.0658256413993834,0.258701787143946,0.442728246003389,-0.587200572352842,-0.353862781928082
YPR078C,0.00195860699750483,-2.75259160995483,0.000889154817160598,0.201219988134123,0.000680559760561058,0.00409224885515868,-3.16713390900381,-2.388038018837
YPR079W,0.265489131212234,-0.580593407154083,0.0380903052001909,0.0641330153543036,0.19768739528954,0.326899647712708,-0.704021098550201,-0.485585547441991
YPR081C,0.0696017220616341,-1.16187155246735,0.00984850374883342,0.063027310662487,0.0521691786746184,0.0864037126302719,-1.28258600877768,-1.06346759617621
YPR083W,0.041943296790123,-1.38223075866699,0.00619845843694804,0.065788576500745,0.0309871890426924,0.0527161336193482,-1.50881781910333,-1.27805644988466
YPR084W,0.0557075440883636,-1.25926673412323,0.00848121094874003,0.0676418659830401,0.0404442399740219,0.0707930773496628,-1.39314332140952,-1.15000920863557
YPR085C,0.0337017849087715,-1.47781205177307,0.00528852918705379,0.0694340428205044,0.0243327634098629,0.0435780811433991,-1.61380856791958,-1.36073190484179
YPR086W,0.526374161243439,-0.28359979391098,0.0779294128699949,0.0657434378214374,0.387352538853884,0.665351334710916,-0.411893596066039,-0.176948982036448
YPR088C,1.31111693382263,0.113500379025936,0.177856361530522,0.0605527236636274,1.0019598454237,1.59507477382819,0.00085031253127289,0.202781046408915
YPR089W,0.170244663953781,-0.773009240627289,0.0228819482575184,0.0601597453625287,0.129784826065103,0.204825537155072,-0.886776084634932,-0.688615897997935
YPR091C,0.229879692196846,-0.642695009708405,0.0313368480832298,0.061014946452677,0.174063503742218,0.279434453696012,-0.759292278767292,-0.553720047553125
YPR093C,0.0569808967411518,-1.25246489048004,0.0110252703475558,0.0848728825281492,0.0375032909214497,0.0801450715089838,-1.42593062117051,-1.09612317932899
YPR095C,0.0418092384934425,-1.38294911384583,0.00571920674141588,0.0611470455748656,0.0316154266707599,0.0508385984847943,-1.50010095722777,-1.29380644505851
YPR097W,0.257628440856934,-0.592956244945526,0.0340676976397548,0.0591911518052686,0.198086763173342,0.308521777391434,-0.703144561149485,-0.510714175335353
YPR103W,2.06203389167786,0.309143364429474,0.31477546756038,0.0673353988963618,1.51232288877169,2.65579024354617,0.179644521949987,0.424193765063783
YPR105C,0.134611919522285,-0.875044345855713,0.0182177289207158,0.0604828334334494,0.102632832340896,0.162990972399712,-0.988713698494619,-0.787836451154577
YPR106W,0.154568135738373,-0.815440058708191,0.0220270490276565,0.0635310562680148,0.114581726491451,0.192485421895981,-0.940884638186412,-0.715602156700291
YPR108W,1.49366223812103,0.169778883457184,0.211147142359799,0.0628697959099945,1.1245725363493,1.85265669425329,0.0509874718460327,0.267794950004184
YPR109W,0.092325821518898,-1.04148721694946,0.0162290456901981,0.0774298737490695,0.0638709717740615,0.125188375016054,-1.19469647621042,-0.902435998812339
YPR110C,1.98500919342041,0.293011128902435,0.28931880877051,0.0648036945099085,1.46267533302307,2.49193213780721,0.165147937386941,0.396536208342472
YPR111W,0.0946182310581207,-1.02865099906921,0.0135494271861578,0.0640540665506749,0.0701982652147611,0.117356604027251,-1.15367364544518,-0.930492518627991
YPR112C,0.598007798194885,-0.227259963750839,0.0792312442079761,0.0593171269778421,0.460533451785644,0.715743460754553,-0.336738819526567,-0.145242611289996
YPR115W,0.0675263181328773,-1.17478489875793,0.009278642020863,0.0614666998837212,0.0508570951720079,0.0825580162927508,-1.29364844930512,-1.08324076076238
YPR118W,0.995060622692108,-0.00663107540458441,0.14036249455282,0.0630066201770633,0.744710564613342,1.2269864966472,-0.128012485124358,0.0888397815988255
YPR119W,0.326187998056412,-0.490934193134308,0.0456598604861544,0.0624317340262383,0.244785339881976,0.403172600269318,-0.611214595911189,-0.394508991942153
YPR120C,0.142934277653694,-0.849691390991211,0.0209717304242445,0.0653733145852582,0.105034660175443,0.17888353690505,-0.978667366948258,-0.747429635836186
YPR121W,0.000377389864297584,-3.51571297645569,0.000244573887630399,0.297996485739026,6.96054738000385e-05,0.000983959323881815,-4.15735683448292,-3.00702285694105
YPR122W,0.0759542360901833,-1.12359154224396,0.0102966399466944,0.060581547284762,0.0579593257047236,0.0922687852134307,-1.23687668654671,-1.03494519735892
YPR125W,0.347069650888443,-0.46405702829361,0.0489926498936005,0.0629233461756966,0.261753364652395,0.430441322426001,-0.582107728068524,-0.366086068877536
YPR127W,0.219216600060463,-0.664330065250397,0.0334158143910309,0.0678559430453703,0.158376480266452,0.279413193464279,-0.80030933980504,-0.553753091015487
YPR128C,0.330549299716949,-0.486243158578873,0.0519612717335972,0.0694890078803037,0.238588839024305,0.431674510240555,-0.622349894978508,-0.364843595051634
YPR129W,1.18184292316437,0.0676278173923492,0.175638172412503,0.0660052992572207,0.866281409561634,1.49230074783166,-0.0623410074504146,0.173856348575639
YPR133C,0.706459105014801,-0.155470132827759,0.1006317682389,0.063520988176928,0.528719034294287,0.874235827724139,-0.276775075061148,-0.0583714006387884
YPR134W,0.0596755631268024,-1.23332417011261,0.0122058522131867,0.0894915269272001,0.0386455886376401,0.0859013250097632,-1.41290008401765,-1.06600013880481
YPR135W,0.24041973054409,-0.623118996620178,0.0323648627970439,0.0602159532066783,0.183594971895218,0.290435581405957,-0.736139216969543,-0.536950203457219
YPR139C,0.28681007027626,-0.547967731952667,0.0453727398818844,0.0700643451883273,0.207212861875693,0.371161669741074,-0.68358351908073,-0.430436882946142
YPR141C,0.112941592931747,-0.951364755630493,0.0154612673173534,0.0611056492941875,0.0856526114667455,0.138054070994258,-1.06725941827673,-0.859950782399861
YPR143W,0.79233318567276,-0.107747659087181,0.137915631153026,0.0764718902624743,0.549711864689986,1.06427779992421,-0.259864918481333,0.0270549827821468
YPR144C,0.330151528120041,-0.48550620675087,0.0451712502204113,0.0611567601930421,0.249704531828562,0.402850802242756,-0.602573576404399,-0.394855767176723
YPR147C,0.393602430820465,-0.410627484321594,0.0629587954622928,0.0708364659848499,0.280585264662902,0.514177642762661,-0.551935193020516,-0.28888691259893
YPR148C,0.695451974868774,-0.162079975008965,0.0967481495987707,0.0620250631226993,0.523871004581451,0.85705185731252,-0.280775638388775,-0.066992899659765
YPR152C,0.09602440148592,-1.02257084846497,0.0142969316601282,0.0661366438333228,0.0708464607596397,0.122222889214754,-1.14968184070165,-0.912847456227296
YPR155C,0.112724937498569,-0.952513456344604,0.0160091796050252,0.0633442526831721,0.0840602848057946,0.140310414259632,-1.07540914316823,-0.85291011078076
YPR157W,0.013351590372622,-1.88229477405548,0.00252679002157056,0.0828763846956701,0.00909090779411296,0.0185921657830477,-2.04139274720406,-1.73067001674556
YPR158W,0.264925837516785,-0.584131956100464,0.0484004219100948,0.0796711775247389,0.182338549817602,0.365439657370249,-0.739121503603239,-0.437184339384401
YPR160W,0.227564305067062,-0.646965146064758,0.0305494390110387,0.0600808769074509,0.173851127301653,0.274797278891007,-0.759822497142177,-0.560987582248686
YPR161C,0.248209252953529,-0.609381079673767,0.0338783055835785,0.0609877535803838,0.189066977178057,0.300949241220951,-0.723384323591888,-0.521506751341225
YPR162C,0.124430917203426,-0.909669697284698,0.0178123162206781,0.0637775365002144,0.092973105609417,0.155306303376953,-1.03164266192579,-0.808810928063899
YPR163C,6.01224565505981,0.774775624275208,0.827871895744106,0.0614399248557325,4.54907225370407,7.37263356049855,0.657922834790966,0.867622648084177
YPR164W,0.077411837875843,-1.11520206928253,0.0103174018323726,0.0596301235826908,0.0594034649742146,0.0933349746589859,-1.22618824895695,-1.02995558699167
YPR167C,0.0998372435569763,-1.00875842571259,0.0190951018875249,0.0842508452297722,0.0660413927709063,0.139488136519988,-1.18018379018425,-0.855462738176893
YPR169W,0.342605501413345,-0.469458341598511,0.047157669621284,0.0613257243664552,0.259641128281752,0.420935184260209,-0.585626512370189,-0.375784773581146
YPR171W,0.164541184902191,-0.788039803504944,0.0227884433653734,0.0618042516585717,0.124195157922804,0.202886897698045,-0.905895348681846,-0.692746016985792
YPR173C,0.460429936647415,-0.341141521930695,0.0637328256936382,0.0617181104916626,0.347500124077002,0.565928469101588,-0.459045044124859,-0.247238471500899
YPR178W,0.117834471166134,-0.933386027812958,0.0169855066297953,0.0641807377985283,0.0873772523676356,0.147045019517342,-1.05860162232251,-0.832549681028109
YPR179C,0.108638636767864,-0.968246400356293,0.014898636535395,0.0612072026617172,0.0826523028314114,0.13300121674935,-1.08274512582246,-0.876144394821755
YPR180W,0.342727959156036,-0.470100253820419,0.0517087740078862,0.0666910543513484,0.251664936542511,0.43754145031174,-0.599177288730037,-0.35898080186345
YPR181C,1.82774412631989,0.257896840572357,0.243918798760441,0.0596724225237885,1.41118639409542,2.19861826300621,0.149584372351242,0.342149818811442
YPR183W,2.60919833183289,0.410831063985825,0.418091283644816,0.0706967938470621,1.86967354317506,3.42837656935056,0.271765782589333,0.535088494263256
YPR185W,0.0855280384421349,-1.07218599319458,0.0118166163668197,0.061660096359103,0.064862956913809,0.104819108297427,-1.18800331349531,-0.979559540070859
YPR186C,0.0934439823031425,-1.03441655635834,0.0139467810101687,0.066203438775888,0.0693715188652277,0.118162784787516,-1.15881879714484,-0.927519290899772
YPR189W,0.356020152568817,-0.452456146478653,0.0469080416137403,0.0590680436845281,0.275053640455008,0.423657783617576,-0.560582605478697,-0.372984810201219
YPR190C,0.286260664463043,-0.547416388988495,0.0389502357524783,0.0608497129429325,0.21771449521184,0.346191863218943,-0.662112661616455,-0.460683146456967
YPR192W,0.00678716180846095,-2.19136786460876,0.00221385997714041,0.143390217459479,0.00327117011959975,0.0118257295029859,-2.48529686951727,-1.92717265986266
YPR198W,0.194092839956284,-0.716332495212555,0.0269514816757621,0.062022923410954,0.146754942834377,0.237453751762708,-0.833407262723721,-0.624420965543882
YPR201W,0.0211616382002831,-1.68228495121002,0.00398952800754656,0.083085976992061,0.0142228687182069,0.0289786850412686,-1.84701279862492,-1.53792142398696
