GeneID,Mean,Mean.log10,Std.Dev,log10.Std.Dev,0.025,0.975,log10.0.025,log10.0.975
YAL067C,0.00486446125432849,-2.32208800315857,0.000990675817234937,0.089732547024018,0.00311049477507671,0.00700827026351666,-2.50717064818846,-2.15438951890431
YAL061W,0.225128337740898,-0.648652374744415,0.0159439159199438,0.0306386102067345,0.196780758723617,0.258076804876328,-0.706017408126985,-0.588251035379728
YAL060W,1.64920783042908,0.216436982154846,0.102715354326266,0.0269804722067413,1.45805367628733,1.86312059660753,0.163773512224087,0.270240966941771
YAL058W,0.163269355893135,-0.787928283214569,0.0101364477846969,0.0268736875031286,0.144783169031143,0.184811770915985,-0.839281921714504,-0.733270371421868
YAL053W,0.44185084104538,-0.355073153972626,0.0177227706651671,0.0174151346118693,0.408473147203525,0.477987523376942,-0.388836489697426,-0.320583439416697
YAL049C,0.764806509017944,-0.119398355484009,0.08983611509805,0.0504999346537923,0.608970822393894,0.958569943904877,-0.215403515759756,-0.0183761924951801
YAL048C,0.0902705788612366,-1.04510653018951,0.00494202514746399,0.0237938567084955,0.0806014389420549,0.100456121998529,-1.09365720609332,-0.998023595096668
YAL047C,0.0810851529240608,-1.09189713001251,0.00504277639141982,0.0269840931590525,0.0715297559897105,0.0913725189864635,-1.14551325750548,-1.03918440423783
YAL043C,0.257550001144409,-0.589546024799347,0.0111462803886809,0.0188040517076784,0.236145639171203,0.280298382292191,-0.626820071734321,-0.552379409062435
YAL039C,0.33682656288147,-0.475128263235092,0.036577631272834,0.0468807241799188,0.269980282833179,0.416784866154194,-0.568667954711504,-0.380088059067099
YAL038W,62.6856002807617,1.79666721820831,3.02423637146523,0.0209410814457727,57.0240102132161,68.8459173202515,1.7560577464679,1.83787818972831
YAL037W,0.0142921917140484,-1.86041605472565,0.00384082808870837,0.116786473267156,0.00788771946293612,0.0231254511512816,-2.10304862453726,-1.63590979969366
YAL036C,1.56727719306946,0.194344624876976,0.0953837925419031,0.0263508540797497,1.39167364339034,1.76552568773429,0.143537399335586,0.246874038114269
YAL035W,3.59443330764771,0.555407643318176,0.114724668572249,0.0138677037631565,3.37437737385432,3.82178976337115,0.528193649728761,0.582266791485453
YAL034C,0.0272662620991468,-1.56767046451569,0.00337040687237183,0.0535390291931959,0.0212949148689707,0.0344673835361997,-1.67172409315618,-1.46259172065864
YAL032C,0.147395670413971,-0.832805931568146,0.0113960918877443,0.0334878939276149,0.126753469059865,0.170867742598057,-0.897040145826986,-0.767339918354594
YAL031C,0.0900547876954079,-1.04620182514191,0.00514254052501661,0.0247620188839613,0.0804351852585872,0.100609710067511,-1.0945539338313,-0.997360117985237
YAL028W,0.0263455752283335,-1.58136820793152,0.00257868950142814,0.0425266105710065,0.0216212062941243,0.0315293043230971,-1.66512008209402,-1.50128581103799
YAL027W,0.11872635781765,-0.929772973060608,0.0168504837757618,0.0612228559175447,0.0891016392658154,0.156352570404609,-1.05011430610244,-0.805895011831161
YAL026C,0.27821934223175,-0.555867075920105,0.00949025764759827,0.0148000446466572,0.260644478847583,0.297506935149431,-0.583951470178237,-0.526502906190394
YAL025C,1.2062680721283,0.0801742374897003,0.0925801673293682,0.0331828549865835,1.03839654326439,1.40511463383834,0.0163632169480589,0.147711656444092
YAL023C,1.86921584606171,0.271325320005417,0.0733037435622689,0.0170373801053315,1.73073734442393,2.01025207042694,0.238231164108707,0.303250517761562
YAL022C,0.271783411502838,-0.566473066806793,0.0154212315844514,0.0246468673748545,0.242585045844316,0.30271889269352,-0.615135984879733,-0.518960474006374
YAL021C,0.538137435913086,-0.269473791122437,0.0221538201314175,0.0178356985523336,0.497031495720148,0.584418952465057,-0.303616090634514,-0.233275708518836
YAL020C,0.0979160889983177,-1.01131999492645,0.00980483913921787,0.0434911719703521,0.0802900454650323,0.118008309478561,-1.09533830154492,-0.928087412470234
YAL019W,0.318758994340897,-0.49682343006134,0.0115818751099066,0.0157560749700641,0.29765602350235,0.342967185129722,-0.526285324989108,-0.46474744385299
YAL018C,0.00175265851430595,-2.83230638504028,0.00103926798104326,0.267643760371936,0.000406021744614312,0.00437443548580632,-3.39145076958631,-2.35907799239154
YAL015C,0.101627178490162,-0.994542896747589,0.00860831468495972,0.0367479400445671,0.0857011665279667,0.119656461787721,-1.06701326715624,-0.922063844714648
YAL014C,0.23530524969101,-0.632315993309021,0.0319268530109503,0.0585021116985398,0.178690549110373,0.303917840371529,-0.747898422614548,-0.517243816980348
YAL013W,0.323417901992798,-0.491275727748871,0.0224443820394708,0.0300420689364994,0.282731466492017,0.369499746461709,-0.548625859234574,-0.432385855289793
YAL012W,9.83719730377197,0.992056667804718,0.603686607855432,0.0266178007303639,8.73306344350179,11.051317413648,0.941166613550155,1.04341405258764
YAL010C,0.0898299440741539,-1.0476895570755,0.00644126318079922,0.0310336273985925,0.0781945086394747,0.103398664233585,-1.10682374758222,-0.985485075090974
YAL009W,0.143865570425987,-0.846119403839111,0.0198273638053297,0.0594884415365799,0.109195823905369,0.186872290819883,-0.961793978071771,-0.728455096875353
YAL001C,0.174203887581825,-0.759275436401367,0.00683821673160091,0.0170011415265946,0.161810964966814,0.188150808215141,-0.790992053462591,-0.725493911797361
YAR002W,0.688959538936615,-0.162405788898468,0.0362367922027837,0.0228314982059149,0.620559531946977,0.760712023576101,-0.207216549172839,-0.118779722009736
YAR007C,0.929405570030212,-0.0322365574538708,0.0420341586902198,0.0195992270319756,0.851366799076398,1.01595835387707,-0.0698832907758663,0.00687590393355576
YAR008W,0.16008697450161,-0.798910439014435,0.019792410361153,0.053182181883503,0.126167848954598,0.202271590009332,-0.899051448808988,-0.694065111643845
YAR015W,2.41388630867004,0.381432384252548,0.186139365418117,0.0333842114774307,2.07219634254773,2.80488173166911,0.316430895667498,0.447914545878532
YAR018C,0.0977394580841064,-1.01115942001343,0.00735784179172669,0.0326929143455686,0.0838074594736099,0.11308890581131,-1.07671732692247,-0.946579997914997
YAR042W,0.251752555370331,-0.599315524101257,0.00918807551025856,0.0158584742278529,0.2340097758919,0.269595531622569,-0.630765999315397,-0.56928731030087
YBL106C,0.0682747811079025,-1.16634321212769,0.00360084387478962,0.0228626592094612,0.0615076856066783,0.0757717615614335,-1.21107061649216,-1.12049261610373
YBL105C,0.220612213015556,-0.656669557094574,0.00819369400881827,0.0161214739028156,0.2048959693561,0.237077204013864,-0.688466584880573,-0.62511020328501
YBL103C,0.194886669516563,-0.710981905460358,0.0115672038069691,0.0257514941294317,0.173304602503777,0.218036490678787,-0.761189903440434,-0.661470834987956
YBL101C,0.145430818200111,-0.837657511234283,0.00555093900132896,0.0165754851474525,0.134540583069126,0.1564536554118,-0.871146694528841,-0.805614286640827
YBL098W,0.316514223814011,-0.500355899333954,0.0186318866719148,0.0255011676224884,0.282503892978032,0.35562565724055,-0.548975563333633,-0.449006915962967
YBL097W,0.160364046692848,-0.795450866222382,0.00812807483659793,0.0219960095227068,0.144762324293454,0.177203610539436,-0.839344455048199,-0.751527433569852
YBL095W,0.0563304573297501,-1.25642490386963,0.0102936571651499,0.0790352690726124,0.0385030625388026,0.0790252648914854,-1.41450472534111,-1.10223405192972
YBL091C,1.25843906402588,0.098979227244854,0.0790943978443992,0.0271768382370531,1.11313877701759,1.42522755563259,0.0465493073978016,0.153884205850445
YBL086C,0.166490912437439,-0.779503583908081,0.0107018440641281,0.0278854902400019,0.146598547697067,0.188426661863923,-0.833870332084208,-0.724857649864712
YBL085W,0.260619699954987,-0.584303319454193,0.0098635044993261,0.0164159840277709,0.242275590946277,0.281093823661407,-0.615690338514385,-0.551148697920286
YBL084C,0.0715708285570145,-1.14590299129486,0.00388314587530419,0.023588150852913,0.0641345910727978,0.0793937991683682,-1.19290767063512,-1.10021343644326
YBL081W,0.156459823250771,-0.807196497917175,0.013440816098957,0.0372877024260276,0.13204924762249,0.183912136654059,-0.879264068931361,-0.735389611490964
YBL080C,0.0616855844855309,-1.2110161781311,0.00459022321457693,0.0322352311006324,0.0536067317860822,0.0712916690856218,-1.27078067310916,-1.14696123044405
YBL079W,0.298988342285156,-0.524568796157837,0.00957770857041357,0.0138993325325545,0.280974915375312,0.318525460362434,-0.551332454194101,-0.496855849530689
YBL076C,4.21529674530029,0.624561011791229,0.148560673655517,0.0153122603980971,3.9334057311217,4.51388142506282,0.594768746231529,0.654550146392149
YBL069W,0.434007316827774,-0.363240122795105,0.0253393981511298,0.0253078551283994,0.388020755598942,0.486479246616364,-0.411145059109303,-0.31293569020646
YBL068W,0.930695295333862,-0.0326908938586712,0.0777793090669336,0.0360126688813563,0.793037135899067,1.10021126270294,-0.100706477287505,0.0414760864460531
YBL064C,0.93244880437851,-0.0334665663540363,0.111985229080422,0.0517463378962403,0.737614682813485,1.17412107090155,-0.13217048260182,0.0697128784244492
YBL063W,0.0829235091805458,-1.08181166648865,0.00393894300864689,0.0206341125452182,0.0755205971499284,0.0909616034477949,-1.12193458468342,-1.04114189848501
YBL061C,0.328176498413086,-0.484296232461929,0.0141757471273592,0.0187599698583814,0.301388219495614,0.356053733577331,-0.520873727164409,-0.448484456141223
YBL060W,0.0821508541703224,-1.08618247509003,0.00495957464062063,0.026286138590525,0.0719988281528155,0.0921779266248147,-1.14267459439413,-1.03537306912252
YBL058W,1.66951274871826,0.221880197525024,0.0955802556926514,0.0248271634743619,1.49464426040649,1.86694276332855,0.174537837612639,0.271131003566856
YBL056W,1.084223985672,0.0344870947301388,0.0585565468777313,0.0234213291450385,0.97535947461923,1.20257826646169,-0.0108352933196904,0.08011335081104
YBL054W,0.252160102128983,-0.598988056182861,0.0139569962191402,0.0240283986625022,0.225999573245645,0.280582268536091,-0.645892385974871,-0.551939777934823
YBL052C,0.041045043617487,-1.38769280910492,0.00272018752215855,0.02876961422861,0.0359843265886108,0.0465801179719468,-1.44388664050647,-1.33179941646712
YBL051C,0.700887620449066,-0.15474359691143,0.0298148714424172,0.0184451662065977,0.644808132449786,0.761085868875186,-0.190569493974268,-0.118566353362401
YBL050W,1.34492635726929,0.127217009663582,0.111629871880965,0.0358463105466346,1.14452860454718,1.58183655540148,0.0586266463964627,0.199161606972527
YBL047C,1.28390395641327,0.108345091342926,0.0377700802890073,0.0127679655566436,1.21381015479565,1.35854315757751,0.0841507641581419,0.133073439441471
YBL046W,0.212577641010284,-0.673288285732269,0.0129652166068366,0.0264287424366782,0.188841123630603,0.239006294806798,-0.723903425982687,-0.621590670465132
YBL043W,0.00869328901171684,-2.08863806724548,0.00311041210904807,0.157800550763815,0.00381662212118196,0.0159299786978712,-2.4183209445376,-1.79778480544282
YBL042C,0.417816370725632,-0.37946480512619,0.0190126195566427,0.0197605434949258,0.381756288806597,0.455618620663881,-0.418213799958557,-0.341398535136427
YBL039C,2.94868230819702,0.469201117753983,0.131188221424694,0.0192607929465226,2.70608826677004,3.21862921913465,0.43234195817592,0.50767094128832
YBL038W,0.477163732051849,-0.32783842086792,0.083803750575847,0.0749648513487828,0.336174660672744,0.673015708227952,-0.473435030288881,-0.171974799621037
YBL037W,0.168935090303421,-0.772722482681274,0.0076200652303138,0.0195733540421436,0.154720134163896,0.184568521256248,-0.810453166730165,-0.733842368009903
YBL036C,1.7826179265976,0.248709619045258,0.186487354163675,0.0450947353718996,1.45626031855742,2.1836354692777,0.163239012860634,0.339180015841277
YBL035C,0.249095365405083,-0.604058027267456,0.011016796500289,0.0192191118924932,0.22807240486145,0.270916491995255,-0.641927258087599,-0.567164556673485
YBL034C,0.124220669269562,-0.906093657016754,0.00452031485528321,0.0157983843912279,0.115698734795054,0.133371553570032,-0.93667139036578,-0.874936791558934
YBL033C,0.469292283058167,-0.329653561115265,0.0333992690267281,0.0308707298215484,0.408208707968394,0.539185374975205,-0.389117735513689,-0.26826190021924
YBL031W,0.0691054090857506,-1.16268265247345,0.00695474290793166,0.0436273302614503,0.0564041468314826,0.0832919180393219,-1.24868898460797,-1.07939713690304
YBL030C,5.93575763702393,0.772267162799835,0.443622594999371,0.032385711292843,5.116659116745,6.83264907201131,0.708986483886573,0.834589104339235
YBL029W,0.0309078712016344,-1.51358890533447,0.00400988354150404,0.056491212843167,0.0235549801650147,0.0393448682191471,-1.62791726453127,-1.40511190501378
YBL024W,1.58461034297943,0.199567437171936,0.0641984749667652,0.0175894776745027,1.46188069184621,1.71086695392927,0.164911928776649,0.233216237726988
YBL023C,0.326550245285034,-0.48641249537468,0.0133620759293013,0.01776216773218,0.301379103958607,0.352848601092895,-0.520886864356343,-0.452411605154266
YBL022C,0.743888258934021,-0.128728523850441,0.0244913415918638,0.0142966405563987,0.697877295315266,0.792454476157824,-0.156220930796683,-0.101025677266482
YBL016W,0.362054049968719,-0.442637205123901,0.0293233811158613,0.034974679031128,0.309405128906171,0.427049225568771,-0.509472501700825,-0.369522064014174
YBL015W,0.288723260164261,-0.540235221385956,0.0166010593590507,0.024954580934478,0.257929221292337,0.321958709508181,-0.588499462751318,-0.492199822366704
YBL014C,0.0468158572912216,-1.33036577701569,0.00277062692735333,0.0256592281878273,0.0416836669358114,0.0524230758969983,-1.38003409050663,-1.28047750226069
YBL013W,0.0563351325690746,-1.25139188766479,0.005638364843446,0.0434662870665602,0.0458685140435894,0.0682780007521312,-1.33848536241341,-1.16571922706236
YBL011W,0.294461756944656,-0.531414151191711,0.0132854153389625,0.019580526328962,0.268790803104639,0.321766369789839,-0.570585595106525,-0.492459350285274
YBL010C,0.169073864817619,-0.774616539478302,0.0189474603883108,0.0482763369345915,0.135605823248625,0.210387865205606,-0.867721661199264,-0.676979317208986
YBL009W,0.202639818191528,-0.693828701972961,0.01024417827302,0.0219321194881063,0.183093264698982,0.223789074892799,-0.737327664303406,-0.650161135064031
YBL008W,0.122421115636826,-0.912654221057892,0.00594444992161937,0.021081579221596,0.111358299106359,0.134618508194884,-0.9532774183473,-0.870895226538292
YBL007C,1.20728254318237,0.0815846472978592,0.0388418267648401,0.013961381854094,1.1343690464894,1.28416382968426,0.0547543671710123,0.108620432732206
YBL004W,0.433220207691193,-0.363460421562195,0.0121275591735706,0.0121410559906596,0.411202016224464,0.457367605964343,-0.385944765156424,-0.339734601059695
YBR002C,0.28970730304718,-0.540782511234283,0.0327060246323508,0.0487684433502171,0.232159586499135,0.360362319648266,-0.634213380069151,-0.443260677290402
YBR003W,0.247469633817673,-0.607458651065826,0.0166778642980726,0.0291632695318264,0.216359210014343,0.282634088148673,-0.664824614396347,-0.548775459994597
YBR004C,0.153176546096802,-0.816112041473389,0.011883297537064,0.0336771534059533,0.130398758128285,0.178412919119,-0.88472654471021,-0.748573713082809
YBR006W,0.173707813024521,-0.761019945144653,0.0108003427282172,0.0270058711832608,0.153712133814891,0.19549650264283,-0.813291849519377,-0.708861024539785
YBR008C,0.0016522859223187,-2.81035971641541,0.000595441558989893,0.160084650270647,0.000707421319869657,0.00306410760773967,-3.15032185903419,-2.5136960467092
YBR011C,15.6714029312134,1.19339203834534,1.39961210394851,0.0385598551288127,13.1516997734706,18.6048727989197,1.118981885769,1.26962669417679
YBR015C,1.04938006401062,0.0204840488731861,0.0477632539762452,0.0197253860698821,0.96176265925169,1.14888295829296,-0.0169320896265824,0.0602757872660617
YBR017C,0.675247251987457,-0.17080557346344,0.0237334044528325,0.0152651673337605,0.629435181617737,0.722744889557362,-0.201048986310894,-0.141014973217633
YBR018C,0.00173075788188726,-2.82413220405579,0.000924933531239628,0.241941319215489,0.000439563115408722,0.00400992655971398,-3.35698002396072,-2.39686391887063
YBR020W,0.000718524912372231,-3.20557618141174,0.000384765096626539,0.241150056823975,0.000184098846996979,0.00167386463241807,-3.73495068874112,-2.77627966688805
YBR021W,0.0847132802009583,-1.07300102710724,0.00562925699925298,0.0287472690478603,0.0745051428675652,0.0967255234718323,-1.12781374816558,-1.01445891122871
YBR023C,0.318041175603867,-0.497836858034134,0.0122323923115553,0.0166952403806227,0.29507157454888,0.342425910383463,-0.530072626484161,-0.465433381284979
YBR024W,0.151327505707741,-0.822687387466431,0.0166514668648206,0.0475425473818944,0.122142886122068,0.187488682940602,-0.913131822295965,-0.72702494181073
YBR025C,8.34008693695068,0.920437812805176,0.484963428799717,0.0252137926807482,7.41434741020203,9.36592460473379,0.870072931469719,0.971550656693407
YBR026C,0.726625025272369,-0.139551028609276,0.0458653868726425,0.0273316220226567,0.642171025772889,0.82361562649409,-0.192349301338318,-0.0842754313227811
YBR028C,0.204622387886047,-0.689684510231018,0.011114249941437,0.0235662870764505,0.183764070272446,0.227669328947862,-0.735739398324099,-0.642695472808494
YBR029C,0.593725979328156,-0.22713066637516,0.0341881826606541,0.0249399749338442,0.532176867624124,0.665682588020961,-0.273944024593172,-0.176732807224163
YBR030W,0.11188055574894,-0.952106356620789,0.00705119367978965,0.0273109520327836,0.0987212031458815,0.126801413049301,-1.00558956081878,-0.896875907887975
YBR035C,2.28147983551025,0.353165298700333,0.352625226087339,0.0659986038103227,1.68292742570241,3.09144711693128,0.2260653872278,0.490161821562784
YBR036C,0.885678112506866,-0.0534911975264549,0.052727968215291,0.0258219796827726,0.785602931678295,0.998209714889526,-0.104796909237832,-0.000778207759434963
YBR038W,0.506364524364471,-0.295845657587051,0.0191197246851898,0.016373101057502,0.470524137467146,0.546089815100034,-0.327418092796203,-0.262735926552243
YBR039W,2.2899923324585,0.358670592308044,0.1681863960473,0.0317522568376968,1.98248844047387,2.63875890771548,0.297210663705625,0.421399708987134
YBR040W,0.00753255747258663,-2.14424324035645,0.00236458445626876,0.136977686227358,0.00375508416521673,0.0128653459250927,-2.42538033481633,-1.89057853193019
YBR041W,0.399766683578491,-0.398701578378677,0.0193743032524361,0.0209934557322055,0.363571276764075,0.440622385342916,-0.43941043472192,-0.355933443745799
YBR042C,0.272503972053528,-0.565694451332092,0.0191241202611303,0.0304338154438299,0.236959958945711,0.311997122317553,-0.625325047690016,-0.505849412034156
YBR043C,0.0431180447340012,-1.36637449264526,0.00297354948374544,0.0300203015260275,0.0376705903870364,0.0490311009188493,-1.42399757850344,-1.30952835649868
YBR049C,0.838671386241913,-0.0767457485198975,0.0330944069523844,0.0171138841272608,0.777387629449368,0.906790260970592,-0.109362374780259,-0.0424931529033227
YBR053C,0.833774983882904,-0.0799783021211624,0.0574565401670282,0.0298698240068026,0.728773822883765,0.955078261097272,-0.137407239729535,-0.0199610407011678
YBR055C,0.129022747278214,-0.889759063720703,0.00571478382860275,0.0192218616956941,0.118007007427514,0.140907906368375,-0.928092219695976,-0.851064638303729
YBR056W,0.505374133586884,-0.296988725662231,0.0266413104166306,0.0228658592707009,0.45704154719909,0.561036367714405,-0.340044318750492,-0.25100898691015
YBR057C,0.241186454892159,-0.618941009044647,0.0186878168487281,0.0335399880869099,0.206834524869919,0.280449658632278,-0.684376966985122,-0.552145084284195
YBR058C,0.403949201107025,-0.394054114818573,0.0169674158058624,0.0181821221574093,0.372129090130329,0.440067574381828,-0.429306380261171,-0.356480634793743
YBR059C,0.427972942590714,-0.368873357772827,0.0156728767242933,0.0158862608479452,0.398859191437562,0.459194665402174,-0.399180417729458,-0.338003165907954
YBR061C,0.488922506570816,-0.312566250562668,0.0446931598695385,0.0395949714357644,0.407773801187674,0.581134134034316,-0.389580686280976,-0.235723619477452
YBR063C,0.00263750576414168,-2.61311435699463,0.00104209938155087,0.176212777170647,0.00104969044138367,0.0051101315766573,-2.97893932214622,-2.29156791742291
YBR065C,0.125837191939354,-0.901917099952698,0.011258239979788,0.038710543416863,0.105482619255781,0.149499653279781,-0.976819109305648,-0.825359818284801
YBR068C,1.4326936006546,0.155746027827263,0.0620232462493844,0.018813717970746,1.31564705471198,1.55759847164154,0.119139397697141,0.192455512370494
YBR069C,1.21858549118042,0.0854018479585648,0.0557557613911668,0.0198512330176143,1.11381311019262,1.32977115710576,0.0468123250470965,0.123776908710889
YBR070C,0.288816511631012,-0.544489800930023,0.0446170879926325,0.0665971417512072,0.213095025345683,0.386620778342088,-0.671426688896427,-0.412714845899933
YBR074W,0.405247688293457,-0.392583310604095,0.0151493554281068,0.0162318152326479,0.376435721168915,0.436194274326166,-0.424309171720796,-0.360320040429478
YBR076W,0.00360109051689506,-2.46937584877014,0.00123909271157252,0.151904144336081,0.00169820115843322,0.00644775855277355,-2.77001087099238,-2.19059135885551
YBR078W,13.6200761795044,1.13358223438263,0.71501257731973,0.0227742512964037,12.2951001008352,15.0342393159866,1.0897320689012,1.17708145903587
YBR079C,2.46203136444092,0.391044497489929,0.0835391987412684,0.0147141240509821,2.30547000368436,2.63070256312688,0.36275946659499,0.420071742947511
YBR080C,1.06324350833893,0.0262564271688461,0.0443205627175121,0.0180926872813884,0.979818683862686,1.15335680246353,-0.00885428342962997,0.0619636813957333
YBR081C,0.165583610534668,-0.781265795230865,0.00597401079076807,0.0156832583080989,0.154120811199148,0.177243982752164,-0.812138718195701,-0.751428500005412
YBR083W,0.38600417971611,-0.41403803229332,0.0208564232361135,0.0233516947833303,0.348514883468548,0.430441201726596,-0.457778677222404,-0.366086164897344
YBR084W,1.38443291187286,0.141000628471375,0.0489886720079187,0.0153506048608463,1.29239107271036,1.48581121563911,0.111393944823211,0.171963632250021
YBR085W,0.206588506698608,-0.686711192131042,0.0189347531753348,0.039756607263212,0.171900437399745,0.246287450194359,-0.764723020826876,-0.608557717475551
YBR086C,0.715055644512177,-0.145927578210831,0.0251580010587326,0.0152638732069506,0.66728606124719,0.765827310085297,-0.175687946927575,-0.115869150397197
YBR088C,2.30420804023743,0.36006173491478,0.246419909974869,0.0461615039220026,1.87783288955688,2.8217357079188,0.273656941299374,0.450516333042764
YBR094W,0.292962223291397,-0.533653318881989,0.0135923932038283,0.0201239060205831,0.267475868264834,0.320586647590001,-0.572715394065701,-0.494054571392091
YBR095C,0.16942210495472,-0.772233963012695,0.0126448410901502,0.0323497268203863,0.145587131381035,0.196051660552621,-0.836877011130111,-0.707629478987514
YBR096W,1.56477355957031,0.189410418272018,0.241218574495693,0.0659625750192375,1.1621879329284,2.12146031856537,0.0652762926990176,0.326634859431452
YBR097W,0.0752622783184052,-1.123774766922,0.0030376706726336,0.0175150818620923,0.0695483264823755,0.0813713546842337,-1.15771331590025,-1.08952845373786
YBR098W,0.0528466068208218,-1.27794361114502,0.0035223910204008,0.028889527227861,0.0464694717588524,0.0602004593548675,-1.33283226605042,-1.22040021081221
YBR102C,0.256640613079071,-0.591106653213501,0.0114687539439753,0.0193820867741335,0.23524565808475,0.280412469059229,-0.6284783841988,-0.552202687685732
YBR103W,0.19016507267952,-0.721599340438843,0.0110227091737762,0.0251742216944867,0.169055369993051,0.212651503458619,-0.771971031055618,-0.672331542742338
YBR104W,0.380728393793106,-0.420813620090485,0.0309461390199051,0.0352247997048241,0.324241541326046,0.445162067562342,-0.4891313448288,-0.351481861159132
YBR105C,0.17416276037693,-0.760648012161255,0.0149817314285676,0.0373214914761743,0.146126492818197,0.20533633120358,-0.835271039122471,-0.68753421081593
YBR107C,0.0477266646921635,-1.33070981502533,0.0100438805776484,0.0908450021306456,0.03088474185206,0.0699211121847232,-1.51025602461435,-1.15539167240825
YBR108W,0.155572280287743,-0.808461964130402,0.00661920191973041,0.018461354224992,0.143116870770852,0.169178786625465,-0.844309168121905,-0.77165409801477
YBR110W,0.310273587703705,-0.509354889392853,0.0221315572216382,0.0308819297185589,0.26989442979296,0.355245037128528,-0.568806078827386,-0.449471983166295
YBR114W,0.0600439384579659,-1.22229993343353,0.00357160797291208,0.0258722060454888,0.0531537387209634,0.0672600207229455,-1.27446618357376,-1.17224300322612
YBR115C,0.940522253513336,-0.0268653556704521,0.0309410958235399,0.014260537947667,0.883799159526825,1.00417411327362,-0.0536464195632207,0.00180902145245849
YBR117C,0.00548058375716209,-2.267657995224,0.00094264992761243,0.0755637974312163,0.00382788767844128,0.00743838871906822,-2.41704081739232,-2.12852118554748
YBR119W,0.229712918400764,-0.641076743602753,0.0235905307960139,0.0442913971268955,0.186242416501045,0.280765999605258,-0.729921402009474,-0.551655486205727
YBR121C,4.88042163848877,0.688096582889557,0.199172257626906,0.0176896236353441,4.51916027466456,5.30633561213811,0.655057744024925,0.724794712025928
YBR125C,0.271053642034531,-0.568139672279358,0.0201660924903107,0.0322024262237714,0.234531313180923,0.31305707047383,-0.629799164745024,-0.504376484453511
YBR126C,2.35721278190613,0.371821850538254,0.121659924171166,0.022372181861936,2.14046487013499,2.60614164471626,0.330508099845768,0.415998015633088
YBR127C,7.17480134963989,0.855219841003418,0.375081450835542,0.0226452588065984,6.473914539814,7.96139878431956,0.811166962101703,0.900989378023678
YBR128C,0.0217915754765272,-1.66849744319916,0.00385533608691431,0.0770758486536687,0.0149366334701578,0.0303312594847133,-1.82574732491353,-1.51810955587911
YBR129C,0.201350688934326,-0.697926998138428,0.018788260424936,0.0403974488049221,0.166746020317078,0.242138538012902,-0.777944522478627,-0.615936113541698
YBR130C,0.419054001569748,-0.378559798002243,0.0259713364395751,0.0268450955384272,0.371193601439397,0.474654570718606,-0.430399519800129,-0.323622357633343
YBR131W,0.0676884651184082,-1.17033755779266,0.00424634538685601,0.027176246019759,0.0597701781739791,0.0765302534525593,-1.22351544959133,-1.11616684837593
YBR133C,0.139356821775436,-0.856328904628754,0.00639962593992466,0.0199759120082328,0.127207207555572,0.151849287375808,-0.895488280914859,-0.818587248308079
YBR139W,0.826964914798737,-0.0830553621053696,0.041305935156381,0.0217062971819644,0.747814356784026,0.909526892006397,-0.126206201636653,-0.0411844556388497
YBR141C,0.141958430409431,-0.84995573759079,0.014024986499321,0.0429251758757697,0.115768224000931,0.171197427188357,-0.936410629164775,-0.766502770753725
YBR142W,0.397097378969193,-0.401563733816147,0.0183170092622862,0.0199936795794979,0.363107543935378,0.435231176763773,-0.439964728080924,-0.361280002744793
YBR143C,4.23137378692627,0.625808298587799,0.235419576164147,0.0241697003132847,3.78670904835065,4.69330318371455,0.578261937352133,0.67147861020065
YBR145W,0.169792726635933,-0.771915674209595,0.0156450859622147,0.0399079414629429,0.141268851980567,0.2028857079645,-0.84995362832684,-0.692748563447092
YBR146W,0.58069384098053,-0.238350585103035,0.0601160697077094,0.0445962120434429,0.472894645482302,0.710807340840499,-0.325235606876247,-0.148248180630575
YBR147W,0.00998222548514605,-2.02161908149719,0.0031015488723139,0.136086486968594,0.00491518498165533,0.0171284119132906,-2.30846035688052,-1.76628291745322
YBR148W,0.0249142646789551,-1.60581684112549,0.00254552888127427,0.0444601341254408,0.0201326276330898,0.0303146794904023,-1.69609956027214,-1.5183470354055
YBR151W,0.639827728271484,-0.195266038179398,0.0501647885168591,0.0339699543304725,0.549698647856712,0.743483110765616,-0.259875336453614,-0.128728894021316
YBR152W,0.135971233248711,-0.869085252285004,0.0147153068187148,0.0469529229427947,0.109357403591275,0.166673570871353,-0.961151810604446,-0.778133260008285
YBR153W,0.105838760733604,-0.981374144554138,0.0177632392979528,0.072282479872344,0.0752760951717695,0.144884939864278,-1.12334293396647,-0.838976755135037
YBR155W,0.636281311511993,-0.197214543819427,0.0401731707842645,0.0273845923184779,0.56144625544548,0.717882071932157,-0.250691810414737,-0.143946892429911
YBR156C,0.0756155326962471,-1.12219595909119,0.00461250949623625,0.0264703830591139,0.0670461057995757,0.0851937833552559,-1.17362644198049,-1.06959209482309
YBR157C,0.231080964207649,-0.639528155326843,0.0286323004467989,0.0534284837614791,0.18281726539135,0.293254514286915,-0.73798279158846,-0.532755294329433
YBR159W,1.87854468822479,0.272937476634979,0.119949332085476,0.0277016822698932,1.65692863166332,2.12743115027746,0.219303801176577,0.327855513584886
YBR160W,0.771965682506561,-0.113897621631622,0.0641777194528787,0.0360436047106911,0.65462661087513,0.905286833147208,-0.184006346296861,-0.0432138481447599
YBR161W,0.198198318481445,-0.704254806041718,0.0157210612080328,0.0342854396518896,0.170042042806745,0.231994501998027,-0.76944369338618,-0.63452231106439
YBR165W,0.257421106100082,-0.59208869934082,0.0289949786690502,0.048716931096704,0.204734444618225,0.319154181331396,-0.688809085284772,-0.495999462372171
YBR166C,0.517951250076294,-0.28643673658371,0.0299723043647945,0.0251338091172583,0.460768158982197,0.57661336461703,-0.336517543977121,-0.239115295934896
YBR169C,0.354617476463318,-0.450676798820496,0.0159282500465971,0.0195203959584771,0.324312291791042,0.385960233956575,-0.489036591422005,-0.413457442682683
YBR170C,0.54398113489151,-0.264913946390152,0.0260602115125505,0.0208104263474023,0.49329351435105,0.597542777160804,-0.306894595695178,-0.223631001349332
YBR172C,0.430736184120178,-0.3661208152771,0.0168281762885288,0.0169737671481973,0.398658918589354,0.464289195090532,-0.399398515941375,-0.333211423811751
YBR176W,0.314843446016312,-0.503827273845673,0.0297523360706357,0.0408388583362228,0.260653800020615,0.378909020374219,-0.583935965551199,-0.421465058368229
YBR177C,0.665644407272339,-0.17756561934948,0.0407445841694198,0.0264851175755512,0.589806854724884,0.751528621713321,-0.229290184392066,-0.12405450057519
YBR179C,0.185154885053635,-0.732886493206024,0.00815779588060526,0.0191358378746928,0.169458470121026,0.201557846491536,-0.770936718902337,-0.695600291486587
YBR180W,0.00211985991336405,-2.69270467758179,0.000625374977971182,0.129987745991285,0.00110774929538214,0.00349029619246721,-2.95555898983345,-2.45713771650906
YBR182C,0.0118563175201416,-1.93139350414276,0.00186076816209883,0.0683138593643594,0.00855001644231379,0.0158108273365845,-2.06803305876928,-1.80104541536494
YBR185C,0.328761577606201,-0.485645890235901,0.0355575656796729,0.0468475713550171,0.264253560702006,0.403984762728214,-0.577979157852961,-0.393635027385931
YBR186W,0.00239902012981474,-2.6393768787384,0.000712050727666948,0.131587062035697,0.00122248763315535,0.00396922939301779,-2.91275687452259,-2.40129391030129
YBR187W,1.25035047531128,0.0954283848404884,0.10797010888074,0.037278416193258,1.05668406188488,1.47997535367807,0.0239451520570277,0.170254415968738
YBR192W,0.224418625235558,-0.650066435337067,0.0161853545688898,0.0312948798725908,0.19446295623978,0.258466597398122,-0.71116312344165,-0.58759557667555
YBR195C,0.178445309400558,-0.749413251876831,0.0116275627098825,0.0282305196265061,0.157719524825613,0.202807739377022,-0.802114540035108,-0.692915480765813
YBR196C,17.2246208190918,1.23570203781128,0.782650264900644,0.0197020897043102,15.7477778673172,18.8274198373159,1.19721927265416,1.2747908070366
YBR198C,0.492074012756348,-0.308339476585388,0.0203146788054416,0.0179169658579711,0.45360440214475,0.532786947488785,-0.343322740100585,-0.273446428074638
YBR199W,0.868959784507751,-0.0616513565182686,0.0476229471176599,0.0237578806695835,0.782557884852091,0.968200479944547,-0.106483528367588,-0.0140347096930125
YBR200W,0.292565643787384,-0.534386515617371,0.0155281650915281,0.0229784482617734,0.263723007341226,0.323923853039742,-0.578851995843088,-0.489557070322359
YBR203W,0.0097659956663847,-2.01286005973816,0.00106571792748074,0.0474138702513449,0.00775638565343494,0.0120604625670239,-2.11034060648791,-1.9186360449845
YBR207W,0.477703601121902,-0.32158762216568,0.0280474432871739,0.0254634377104109,0.425058839966853,0.535265845557054,-0.371550952241651,-0.271430469865225
YBR211C,0.185024723410606,-0.734336495399475,0.0157627196138943,0.0368875079414425,0.156265032167236,0.217622542008758,-0.806138208718113,-0.662296123224349
YBR212W,0.436217665672302,-0.360677093267441,0.0182703180261964,0.0181941017310661,0.402155220508575,0.472736505915721,-0.395606289205997,-0.32538085944003
YBR213W,0.143151044845581,-0.847405850887299,0.0174500273255551,0.0527233712760542,0.111738297281166,0.182413198053837,-0.951797950901658,-0.738943743427748
YBR214W,0.289324849843979,-0.539234042167664,0.0154843566430216,0.0232199077748336,0.259025516609351,0.321560113877058,-0.586657452462619,-0.492737834050229
YBR215W,0.21062958240509,-0.677053153514862,0.0108368550107816,0.0222960671821195,0.190254464372993,0.232813447713852,-0.720665143667308,-0.632991937685187
YBR216C,0.206257864832878,-0.686145663261414,0.010439928453136,0.0219631147860854,0.186714018384616,0.227040435622136,-0.728823077585421,-0.643896799374698
YBR228W,0.0528927929699421,-1.28031921386719,0.00692463939042388,0.0569035454067551,0.0402156168594956,0.0675237255791823,-1.39560531255856,-1.17054363957453
YBR229C,0.451597690582275,-0.345532357692719,0.0163739889143055,0.0157367104821462,0.421155511339506,0.485217249393463,-0.375557513793126,-0.314063768639058
YBR231C,0.177931949496269,-0.75202739238739,0.0182907887988021,0.0445138866052323,0.145497411489487,0.215314290300012,-0.837144733041182,-0.666927145324283
YBR233W,0.231546625494957,-0.636389672756195,0.0159597214207746,0.0299257289328701,0.202164797857404,0.264736401041349,-0.694294465785181,-0.577186349616153
YBR234C,1.73202133178711,0.237691849470139,0.109183842643052,0.0273567247687295,1.5299612313509,1.95394248267015,0.184680423204326,0.290911773115078
YBR236C,0.330123960971832,-0.482271373271942,0.0218876485732178,0.0286878128979408,0.290392217536767,0.376859585444133,-0.537015032070629,-0.423820434417521
YBR237W,0.0580478683114052,-1.23690521717072,0.00327428560040697,0.0245148568880204,0.05190957095474,0.0645119586959481,-1.28475257708515,-1.19035977215325
YBR238C,0.164389654994011,-0.784681975841522,0.00832931045936575,0.0219727251263705,0.148457327857614,0.18161849565804,-0.828398360903365,-0.74083993046873
YBR239C,0.0488240793347359,-1.31278896331787,0.0039495792876692,0.0351401265576718,0.0415267673010627,0.0567152429682513,-1.38167189501822,-1.24630020689611
YBR241C,0.129045143723488,-0.890226066112518,0.00862256773754793,0.0290202311609712,0.112997005693614,0.146079642201463,-0.946933065451525,-0.835410306323449
YBR242W,0.38149094581604,-0.423394978046417,0.0578423058350413,0.0649087866983984,0.284655704100927,0.514327012499174,-0.545680109244864,-0.288760737877662
YBR243C,0.377095758914948,-0.424377113580704,0.0233558372044055,0.0268365912847131,0.333681970834732,0.426962024718523,-0.476667258069558,-0.369610752812897
YBR246W,0.200985759496689,-0.698124289512634,0.0155352299160106,0.0334474622762426,0.172744040687879,0.233828512206674,-0.762596926445765,-0.631102539730754
YBR248C,0.8858562707901,-0.0531272403895855,0.0421719584271629,0.020637314772587,0.809189389646053,0.971767582496007,-0.0919498206196312,-0.0124376002419424
YBR249C,4.17701578140259,0.619994819164276,0.264801966203999,0.0275060507399242,3.67937141458193,4.71652952829997,0.565773629940994,0.673622549252024
YBR250W,0.00380748393945396,-2.43454313278198,0.0010072952753133,0.115674028762766,0.00215782770731797,0.00605823380950218,-2.66598323519257,-2.21765401840104
YBR251W,0.397829324007034,-0.402165830135345,0.0369297215132923,0.0402150357627638,0.330597707132498,0.476051264256239,-0.480700165483517,-0.32234627770115
YBR256C,0.624489367008209,-0.208802446722984,0.0892490368041121,0.0611015683303262,0.470120984812578,0.82474616865317,-0.327790362786269,-0.0836797016518374
YBR257W,0.269836753606796,-0.571507811546326,0.0296872338954393,0.0476051770194519,0.217215115825335,0.332877558966478,-0.663109978810265,-0.477715498944468
YBR260C,0.220781832933426,-0.656600415706635,0.0112542711306861,0.0221016593720628,0.200036731859048,0.243726385136445,-0.698890259658066,-0.613097453423973
YBR261C,0.916664659976959,-0.0427470505237579,0.14001546658291,0.0654737622998511,0.684771133959293,1.22338518301646,-0.164454648460202,0.087563215454067
YBR265W,0.461197763681412,-0.337588012218475,0.0381567904236276,0.0357800302261145,0.394180628160636,0.542503343025843,-0.404304734653808,-0.265597581738445
YBR267W,0.794596612453461,-0.100717425346375,0.0502148016154566,0.0274025771732,0.701742314298948,0.898203670481841,-0.15382233629526,-0.0466251745969379
YBR271W,0.166718408465385,-0.779191255569458,0.012251195884724,0.0319197838492071,0.14365591108799,0.191477566957474,-0.84267649915286,-0.717882099592307
YBR272C,0.275687783956528,-0.560423731803894,0.017198477058752,0.0270181389217325,0.244644477963448,0.311591166257858,-0.611464582548919,-0.50641487132208
YBR273C,0.459409266710281,-0.33864027261734,0.0286161167445376,0.0270065738249374,0.405988839020332,0.519866904119651,-0.391485906423748,-0.284107829919261
YBR274W,0.092711552977562,-1.03394532203674,0.00653780714251492,0.0306219290983638,0.0803720479210218,0.106242082205911,-1.09489496548557,-0.973703428707119
YBR279W,0.54855889081955,-0.261486411094666,0.0314474517527001,0.0248035488374184,0.490611337870359,0.6131044814984,-0.309262419627732,-0.212465510876782
YBR280C,0.070974588394165,-1.14981603622437,0.00462770813337976,0.0282876128061904,0.0622653561644256,0.0803558824583888,-1.20575352409961,-1.09498232692952
YBR281C,0.279613375663757,-0.553790152072906,0.0111873644334089,0.0173397684185349,0.258851202825705,0.302927955736717,-0.586949813819805,-0.518660647030602
YBR283C,2.32274627685547,0.36540687084198,0.122047406908585,0.022752381854914,2.09576467871666,2.57746338844299,0.321342516623422,0.411192505067054
YBR284W,0.0106612583622336,-1.97521936893463,0.00125614194656545,0.0514459141766318,0.0083143338561058,0.0132305877904097,-2.08017257913074,-1.8784208612268
YBR286W,5.79533576965332,0.762545347213745,0.287349924536656,0.0215333352279503,5.24572610855103,6.37917457421621,0.719805611330547,0.804764482347763
YBR287W,0.522886395454407,-0.282361805438995,0.031162232777104,0.0258490360813966,0.466238435357809,0.586366527279218,-0.331391956587497,-0.231830831161149
YBR288C,0.401762157678604,-0.396767616271973,0.023408154902132,0.0252912127223986,0.357434872041146,0.449903428554535,-0.446803106973573,-0.346880697217536
YBR289W,0.222739398479462,-0.652573347091675,0.0092366551337612,0.0179909074201555,0.205228875825802,0.241630843281746,-0.687761537655369,-0.616847630465894
YBR291C,0.152672290802002,-0.818563938140869,0.0158491595727975,0.0449150432699219,0.123787817483147,0.186396894355615,-0.907322094102869,-0.72956132842941
YBR293W,0.0155898267403245,-1.81113910675049,0.00210963547708363,0.0589649660343597,0.0117001569985102,0.0199207868427038,-1.93180833038996,-1.70069351156013
YBR294W,0.000478233472676948,-3.36993980407715,0.000225155920400831,0.215331079736108,0.000142029448640339,0.0010204870661255,-3.84762242210809,-2.9911926139361
YBR296C,0.0945403650403023,-1.02527856826782,0.00607816168737172,0.0278972971022011,0.0829450211798151,0.107205837840835,-1.08120969538868,-0.969781564754362
YBR298C,0.001065275631845,-3.01139378547668,0.000447301530757573,0.188541924799607,0.000385529142658925,0.00213277094687025,-3.41394320662176,-2.67105587616181
YCL064C,3.86646842956543,0.586261808872223,0.269855345878321,0.0302519116088914,3.36562015016874,4.42969190279643,0.527065087130777,0.646373506226341
YCL063W,0.160547763109207,-0.795503437519073,0.0114775359703001,0.0310407127270063,0.138424895082911,0.184339834004641,-0.858785797358886,-0.734380841250076
YCL059C,1.53202867507935,0.184059843420982,0.114491118546815,0.0323723598050586,1.33119404315948,1.76211422483126,0.124241365565674,0.246034057087297
YCL057W,0.915818750858307,-0.0385393388569355,0.036743292380581,0.0174057091109057,0.847558448215326,0.989719582100709,-0.0718303432279612,-0.00448783724972412
YCL055W,0.389819353818893,-0.410350441932678,0.0292241027144128,0.0324446135950168,0.336478733023008,0.450321300576131,-0.473042379948116,-0.346477519447176
YCL052C,0.201767072081566,-0.696143567562103,0.0136898658943019,0.0293818493191765,0.176734607666731,0.230099626630545,-0.752678400946933,-0.638084087269111
YCL051W,0.116827249526978,-0.933216691017151,0.0069300128633155,0.0257295513723579,0.104019832611084,0.131106767182549,-0.98288385303113,-0.882374895850922
YCL050C,3.33226203918457,0.521532535552979,0.249338631212737,0.0323480336115781,2.87972743908564,3.86143374641736,0.459351384140058,0.586748577519863
YCL049C,0.190087825059891,-0.722735404968262,0.0167741716684063,0.0383570281731653,0.159628633409739,0.224162363509337,-0.796889204885084,-0.649437307861993
YCL048W,0.00245240307413042,-2.63459753990173,0.000815525761928823,0.146963828952868,0.00115140036990245,0.00431909806017454,-2.93877366257789,-2.36460693610659
YCL047C,0.323734968900681,-0.49279111623764,0.038085427036288,0.0508555821939714,0.254563858111699,0.405859237660964,-0.594203265656627,-0.391624567307713
YCL045C,1.25838875770569,0.099506251513958,0.0474371530645171,0.0163464233444541,1.17103823622068,1.35452880561352,0.0685710756531176,0.131788245159529
YCL044C,0.225020065903664,-0.648859143257141,0.0159155350854945,0.0306052854942673,0.196910391499599,0.258965235948563,-0.705731364366574,-0.586758547242296
YCL039W,0.126190260052681,-0.899491608142853,0.00616439468592181,0.0211773440073411,0.114812150100867,0.1389435334752,-0.94001215243183,-0.857161662505688
YCL038C,0.143886297941208,-0.842822551727295,0.00895707773638144,0.0270340885635123,0.127414472773671,0.161745860924323,-0.894781238613499,-0.791166826423327
YCL036W,0.0982204079627991,-1.00862097740173,0.00605498510732947,0.0267208311510612,0.086816582766672,0.111026115218798,-1.06139733017417,-0.954574856159917
YCL032W,0.134563803672791,-0.872982501983643,0.0126495499374995,0.0407508409514275,0.112168803811073,0.160397367676099,-0.950127911498322,-0.794802765875204
YCL031C,0.939851045608521,-0.0282796714454889,0.0740999632709572,0.0340649791677131,0.80552195161581,1.10187178850174,-0.0939226314957187,0.0421310534815285
YCL030C,2.52437257766724,0.401829093694687,0.0976089219802913,0.0167727835803254,2.33544874588648,2.72553982337316,0.36837033945649,0.435452531829068
YCL029C,0.238541185855865,-0.623193264007568,0.0141017207519206,0.0256185696165183,0.212635856121778,0.267574973156055,-0.672363521330058,-0.572554511458461
YCL028W,2.33632493019104,0.367824673652649,0.133686276790949,0.0248256195631301,2.08318018913269,2.60911864240964,0.318726836803966,0.416493825314708
YCL027W,0.111677870154381,-0.952989459037781,0.00742273754084807,0.0288316717088586,0.0977922314157089,0.127110676715771,-1.00969564407298,-0.895817969210227
YCL024W,0.0772188305854797,-1.11270618438721,0.00343840526519352,0.0193289381662201,0.0707713907584548,0.0840124413371086,-1.15014227002372,-1.07565639484894
YCL017C,1.12003636360168,0.0486622229218483,0.0574861588352956,0.0222351723962421,1.01363691886266,1.2404499322176,0.00588241884207882,0.0935792350511517
YCL016C,0.132456034421921,-0.879265010356903,0.0103950381497656,0.0340693275937576,0.113408049754798,0.154665260389447,-0.945356119792993,-0.810607226399009
YCL014W,0.224420309066772,-0.649170279502869,0.00735415262462351,0.0142254746212352,0.210426196455956,0.23871495599548,-0.676900194803165,-0.622120371277227
YCL010C,0.256607830524445,-0.593953311443329,0.0314830901106196,0.0528362865638117,0.201714884241422,0.324373915543159,-0.695262056055991,-0.488954083959562
YCL008C,0.187317535281181,-0.728620231151581,0.0139305886499895,0.0322678943937406,0.161080445721745,0.216480018943548,-0.79295717882563,-0.664582185712066
YCL005W,0.117579407989979,-0.935077607631683,0.0186871837674231,0.0685253444593735,0.0851560197149714,0.159527612725894,-1.06978465012696,-0.79716413569181
YCL004W,0.0372604057192802,-1.43089306354523,0.0037009513831451,0.0432121336057055,0.0302400907035917,0.0450097673262159,-1.51941691160036,-1.34669323217435
YCL002C,0.0866425111889839,-1.06769943237305,0.0137560707399603,0.0687549826322809,0.062426034361124,0.115951735898852,-1.20463425292364,-0.935722745215373
YCR002C,1.15317690372467,0.0605473704636097,0.0911340779716576,0.0342151900240277,0.987713118890921,1.346548640728,-0.00536918589028519,0.129222021606831
YCR004C,3.31184649467468,0.516212046146393,0.446532051831613,0.0577147857388174,2.54443283279737,4.34823942184448,0.405590990747464,0.638313449104046
YCR005C,0.686084449291229,-0.164414018392563,0.0414604885538125,0.0261993763678459,0.607341779271762,0.773882034917673,-0.216566848218364,-0.111325243718741
YCR008W,0.280762910842896,-0.552184700965881,0.0138209509020134,0.0213579629845658,0.254833262910446,0.308275288591782,-0.593743886889193,-0.511061287728969
YCR010C,0.00789472926408052,-2.12947249412537,0.00277906128484005,0.154673418694961,0.00361491899044874,0.014272004365921,-2.44190160364892,-1.84551503011375
YCR012W,57.4319076538086,1.75842344760895,3.32625903621852,0.0251233285935437,51.1621765136719,64.2239456176758,1.70894900954316,1.80769698306397
YCR014C,0.00112272868864238,-2.98403787612915,0.000445917099091816,0.175749187724338,0.000448574719484895,0.00215675750320467,-3.3481652057811,-2.66619869386948
YCR015C,0.10813757032156,-0.96851658821106,0.0116288886004046,0.0465441366722278,0.0874362664297223,0.133036273469528,-1.0583085011457,-0.876029928986106
YCR016W,0.584444880485535,-0.235094293951988,0.0539494679844144,0.0399332188513382,0.488958865404129,0.69898919959863,-0.310727675190132,-0.155529535975146
YCR017C,0.497031897306442,-0.303900629281998,0.0180430470701526,0.0157441489518724,0.46328142285347,0.533746494352818,-0.334155114245332,-0.272664968189725
YCR019W,0.0978264063596725,-1.01145362854004,0.00921408045278831,0.040712442306389,0.0809544427941243,0.117888694877426,-1.09175931771925,-0.928527841265111
YCR021C,0.0505690835416317,-1.29987895488739,0.00667452392758542,0.0572659466820304,0.0386073694253961,0.0645778517549237,-1.41332979479875,-1.18991641206177
YCR023C,0.104645133018494,-0.981076538562775,0.00634365660718396,0.0262929159527885,0.092801997748514,0.117493015527725,-1.03244268461936,-0.929987950694389
YCR024C,0.0708766132593155,-1.15076577663422,0.00542204485454863,0.0331384962462502,0.0607239495031536,0.0820734337593118,-1.21663999517493,-1.0857973971527
YCR026C,0.178982138633728,-0.747730791568756,0.00894006757429971,0.0216436940579272,0.162523746738831,0.197475454087059,-0.789083174308912,-0.704486880614345
YCR028C,0.203848615288734,-0.691417396068573,0.0117982697116356,0.0251334872035904,0.181984737018744,0.227746556823452,-0.739965036784907,-0.642548181033748
YCR030C,0.360985815525055,-0.442858189344406,0.0144731836296885,0.0174076695205271,0.333933645735184,0.389907971024513,-0.476339821129774,-0.409037886297085
YCR034W,1.53760600090027,0.185857236385345,0.103881930072172,0.0292655847266445,1.34609830379486,1.75068923930327,0.129076777002907,0.243209058808903
YCR035C,0.518000721931458,-0.286536753177643,0.0328553442303533,0.0274046449721389,0.45913952589035,0.586108538508415,-0.338055318566648,-0.232021952230966
YCR036W,0.543037354946136,-0.266559779644012,0.0436283188937544,0.0347103159122461,0.464786774665117,0.635928338766098,-0.332746244043966,-0.196591830545021
YCR042C,0.246294364333153,-0.608801662921906,0.0084869281545149,0.0149565246239193,0.230347356076042,0.263485850393772,-0.63761676831714,-0.579242703633753
YCR044C,0.360537499189377,-0.444405823945999,0.0285670368949669,0.0343150065754846,0.308562648296356,0.420989862829447,-0.510656650945517,-0.375728361947952
YCR045C,0.000965716841164976,-3.07105994224548,0.000481486896029093,0.230584640783625,0.0002625129466954,0.00210202415473759,-3.58085498586539,-2.67736229772311
YCR048W,0.354904264211655,-0.450338125228882,0.0161416037857398,0.0197331690112075,0.324051350355148,0.387537151575089,-0.489386164457497,-0.411686657156004
YCR052W,0.560472369194031,-0.252079725265503,0.0303484876635787,0.0234385356078233,0.504802043735981,0.624614660938581,-0.296878896446417,-0.204387826253802
YCR054C,0.198668271303177,-0.702558517456055,0.011171147340097,0.0244015399288445,0.177097274983923,0.22116303195556,-0.751788126272077,-0.655287464962063
YCR057C,0.592682421207428,-0.227473601698875,0.0219065771965312,0.0160293288596034,0.551303933064143,0.636417349676291,-0.25860890958798,-0.196257989379958
YCR059C,0.290306895971298,-0.541221797466278,0.0400185794307551,0.0595138254628439,0.220341062297424,0.378189348677794,-0.656904561101407,-0.422290709711768
YCR061W,0.661658704280853,-0.1799026876688,0.0329277296575956,0.0215857576480273,0.599297704795996,0.729128527144591,-0.222357388273438,-0.137195912054436
YCR065W,0.287215083837509,-0.542421281337738,0.0154682117042478,0.0233594132525951,0.25825786019365,0.320103079080582,-0.587946461335187,-0.494710148344857
YCR066W,0.0591998472809792,-1.22927045822144,0.00507635490637269,0.0371942287230889,0.0497376882781585,0.0699575468276938,-1.30331442567213,-1.15516542917721
YCR067C,0.433192133903503,-0.363638430833817,0.0165651013936558,0.0166090333131116,0.402067390332619,0.466658117373784,-0.395701149591295,-0.331001183491416
YCR068W,0.109605982899666,-0.961151361465454,0.00740379673561204,0.0293169231165917,0.0956720695520441,0.124729327795406,-1.01921483150907,-0.904031457004308
YCR069W,0.76207047700882,-0.11932996660471,0.0597798792508163,0.0339003524507533,0.651196340223153,0.888496624430021,-0.186288070799611,-0.0513442303419136
YCR072C,0.571841418743134,-0.24324943125248,0.0281778350489698,0.0213281733462987,0.519098507364591,0.630919928848743,-0.284750222314626,-0.200025754390026
YCR075C,0.144425436854362,-0.844217598438263,0.0193280911841883,0.0579943355484698,0.110464826660852,0.184840642785033,-0.956776102985901,-0.733202529887712
YCR076C,0.380363613367081,-0.423581689596176,0.0505073547305658,0.0572501265863306,0.293444014092286,0.486808583885431,-0.532474755017341,-0.312641809475936
YCR077C,0.854645967483521,-0.0685728117823601,0.0347957372181769,0.0176666492706477,0.79007629553477,0.925888113180796,-0.10233097738952,-0.0334414935068396
YCR079W,0.0288416538387537,-1.54265570640564,0.00320876900460035,0.0482375526904525,0.0230365116149187,0.0354538029370209,-1.63758328484483,-1.45033718358394
YCR081W,0.0799992755055428,-1.09729135036469,0.00334023922192163,0.0181168306809268,0.0738058963790536,0.0867617450033625,-1.13190894090507,-1.06167172266556
YCR084C,1.01004028320312,0.00398125080391765,0.0409446695766221,0.0175869757172326,0.932337752978007,1.09454612036546,-0.0304267310775171,0.0392340659398059
YCR088W,3.87984991073608,0.588422298431396,0.165277990937986,0.0184833864795076,3.57393221855164,4.21273436546326,0.553146304950847,0.624564075488308
YCR092C,0.130509719252586,-0.884741008281708,0.00549573705601262,0.0182756480792229,0.120060281517605,0.14161332162718,-0.920600643005128,-0.848895895394871
YCR094W,0.349469810724258,-0.457496494054794,0.0225978634918753,0.0280560078982752,0.30769578764836,0.396001853048801,-0.511878451509407,-0.4023027844761
YCR095C,0.174853041768074,-0.758615016937256,0.0134722729607939,0.0334371791722825,0.149680429697037,0.202811430891355,-0.824835001077556,-0.692907572535419
YDL240W,0.0999751314520836,-1.00055420398712,0.00453674068878108,0.0196889138884843,0.091412751438717,0.109250578470528,-1.03899321900143,-0.961576256329736
YDL238C,0.0436278581619263,-1.36232280731201,0.00427778946303508,0.0426332587071452,0.035846211699148,0.0523235502031942,-1.44555674596694,-1.28130281676986
YDL237W,0.617823302745819,-0.209967747330666,0.0383208789234315,0.0268845790533707,0.546034105122089,0.699096425871054,-0.262780231585688,-0.155462932880653
YDL236W,1.29742634296417,0.111808106303215,0.0998769280330511,0.0332504401654,1.11768224934737,1.50831466515859,0.0483183202921012,0.178491952688885
YDL233W,0.135236844420433,-0.870102763175964,0.0100577696386244,0.0322588809114289,0.116982268479963,0.155502930531899,-0.931879961544241,-0.808261423778917
YDL231C,0.00989035796374083,-2.00653553009033,0.000888643743956388,0.0390072043767047,0.00824571165721863,0.011734027788043,-2.08377185640953,-1.93055288773386
YDL230W,0.153844147920609,-0.814612030982971,0.0135871323644264,0.0383255160101183,0.128991838172078,0.181719141577681,-0.889437774112415,-0.740599325403738
YDL227C,0.739833354949951,-0.131348133087158,0.0349416307865389,0.0204312885035012,0.676440614958604,0.813939113914967,-0.169770324551646,-0.0894080830723129
YDL226C,2.168869972229,0.335307002067566,0.141999074776751,0.0283392789240206,1.90325053234895,2.47220773299535,0.279495959646564,0.393084960242405
YDL225W,0.775869309902191,-0.110674098134041,0.0358346301894018,0.0200443564569121,0.708798185487588,0.848669778803984,-0.149477403965704,-0.0712612628237687
YDL224C,0.304984509944916,-0.516172468662262,0.0138874869965727,0.0197487441134519,0.279119223356247,0.332799346993367,-0.554210251974124,-0.477817537952904
YDL222C,0.0118675986304879,-1.93683183193207,0.00270494888150552,0.0989699220982421,0.00739362644962966,0.0177537048235536,-2.13114314259473,-1.75071100527518
YDL218W,0.00794614013284445,-2.11539268493652,0.00212990161771657,0.117152586345467,0.00437536700628698,0.0127287542447448,-2.35898575104157,-1.89521409915643
YDL216C,0.0677316710352898,-1.17089152336121,0.005974333839327,0.0382097292625023,0.0571700409365197,0.0799851268529892,-1.24283149955892,-1.09699076208544
YDL215C,0.289840877056122,-0.538137137889862,0.0107202868838182,0.0160594604873497,0.269493683427572,0.311429912596941,-0.569451409745111,-0.506639676454368
YDL214C,0.00170591333881021,-2.78865098953247,0.000521613047887009,0.136145295072988,0.000832291190939335,0.00289353036593335,-3.07973062001228,-2.53857197669252
YDL211C,0.0411277748644352,-1.38916945457458,0.00507887205918225,0.0536765552059914,0.0317910765918593,0.0518271582201123,-1.49769476537976,-1.28544260744153
YDL209C,0.110934473574162,-0.957449436187744,0.011964614169854,0.0467913248356287,0.0883764326572418,0.136674209187428,-1.05366353285455,-0.86431344079451
YDL205C,0.519812643527985,-0.28558275103569,0.0422274436867562,0.035258965974519,0.440859109163284,0.60604356576999,-0.355700181256013,-0.217496155318756
YDL204W,0.0206195432692766,-1.69030892848969,0.00299224841965515,0.0633583802663702,0.0151661508250982,0.0270028889644891,-1.81912463389096,-1.56858990246397
YDL199C,0.0275105349719524,-1.56201159954071,0.00229686791831359,0.0362795703975178,0.0231530860066414,0.0322500770911574,-1.63539111577294,-1.49146924964845
YDL198C,0.433348834514618,-0.365036100149155,0.0403791340179123,0.0403176868113565,0.361456368118525,0.515582611163457,-0.441944119652555,-0.287701738776783
YDL197C,0.0325190201401711,-1.48989164829254,0.00313948353756869,0.0420006602078763,0.02691287426278,0.0387699601550897,-1.5700399180621,-1.41150464996964
YDL193W,0.565332114696503,-0.248722195625305,0.0388555408644704,0.0298561038775494,0.492387644946575,0.645612217485905,-0.307692868953563,-0.190028265574816
YDL190C,0.446320503950119,-0.350643515586853,0.0163227075905171,0.0158754684596656,0.415995463728905,0.479294114063184,-0.380911409213211,-0.319397908848605
YDL189W,0.344847321510315,-0.463165521621704,0.0208643680404887,0.0262482984965649,0.30513760621349,0.388206334163745,-0.515504265578177,-0.410937383257945
YDL186W,0.00168937374837697,-2.86737418174744,0.00111094753830959,0.303040601838009,0.000285136182840991,0.00451750081265345,-3.54494781699773,-2.34510178314891
YDL183C,0.0435702465474606,-1.36528158187866,0.00626224327030441,0.062482348944733,0.0325142298514644,0.0569430514859657,-1.4879265285251,-1.24455926506724
YDL178W,0.496674865484238,-0.304668992757797,0.0290407258147633,0.0253603300596671,0.440725685656071,0.557253531614939,-0.355831638172756,-0.253947175700685
YDL175C,0.256322801113129,-0.592589795589447,0.0204582182347005,0.0345952318648624,0.219370305538177,0.299385204166174,-0.658822159868412,-0.523769666626963
YDL174C,0.353672593832016,-0.451954156160355,0.0178948461155253,0.0219651308683296,0.320277982453505,0.390411451955636,-0.494472916827844,-0.408477469396187
YDL173W,1.08872306346893,0.0350067391991615,0.102556744821998,0.040705929380867,0.904701113700867,1.30724430084229,-0.0434948750598436,0.116356757123883
YDL171C,1.32101821899414,0.120738185942173,0.0370040940430268,0.0121585539016525,1.25251428087552,1.39505684375763,0.0977826852179043,0.144591903973278
YDL170W,0.0593667961657047,-1.22775840759277,0.00460219708698345,0.0336364820158813,0.0509330427274108,0.0690554403389494,-1.29300038727159,-1.16080212266528
YDL168W,1.72472286224365,0.23577356338501,0.11400909741392,0.0286541675144521,1.51098413467407,1.96205015679201,0.179259904020194,0.292710105011865
YDL160C,2.60111284255981,0.414492189884186,0.144374182129067,0.0240595445428026,2.32861138780912,2.90079008142153,0.367097016695403,0.462516298599439
YDL156W,0.126814112067223,-0.897862136363983,0.00872936855361544,0.0299138499730233,0.110284563153982,0.144550560042262,-0.957485272844767,-0.839980231127722
YDL155W,0.203224539756775,-0.693169295787811,0.0148108543126455,0.0315357329126738,0.176169277230899,0.234399890030424,-0.754069827820047,-0.630042648213032
YDL148C,0.65943831205368,-0.181162506341934,0.0260595436624981,0.0171323299221493,0.611150190234184,0.712521675725778,-0.213852048812997,-0.14720191959768
YDL147W,2.00096535682678,0.300604283809662,0.10840746266365,0.0234881105460386,1.79692081709703,2.22320965925852,0.254528939167428,0.346980419265848
YDL146W,0.0840833336114883,-1.07630121707916,0.00574317622805761,0.029663362619499,0.0734203094616532,0.0959653340280056,-1.13418380277484,-1.01788562273607
YDL145C,1.84671723842621,0.266192615032196,0.0573453085379626,0.0134709918561039,1.73972648282846,1.9636584430933,0.24048097411536,0.293065949115566
YDL144C,0.426922023296356,-0.370808482170105,0.031208424180521,0.0317031959863792,0.369719878832499,0.490489477167527,-0.432127209328895,-0.309370352657577
YDL143W,1.96928775310516,0.293757647275925,0.0992517549707329,0.0218644930361187,1.77927149534225,2.16654316584269,0.250242209059194,0.335767346206447
YDL142C,0.119041554629803,-0.92808210849762,0.0157353131812198,0.0573825260204542,0.0906232028578719,0.151723550384243,-1.04276060470947,-0.818947046156663
YDL141W,0.3283711373806,-0.484128713607788,0.015657106025228,0.0207265572264823,0.298724813510974,0.359940139949322,-0.524728702185635,-0.44376971921455
YDL133W,0.0957960486412048,-1.02000069618225,0.00755079094416659,0.0342575854497278,0.0812575228512287,0.111272588123878,-1.09013642135272,-0.953611840342596
YDL132W,0.526168465614319,-0.279207140207291,0.0205644120264327,0.0169838068015152,0.487086146573226,0.566445648670197,-0.312394226488423,-0.246841755023929
YDL129W,0.0706813633441925,-1.15420579910278,0.0090229223198972,0.0552821484431269,0.0545498731856545,0.0902584518616398,-1.2632062647693,-1.04451212242669
YDL128W,0.884688079357147,-0.0538986586034298,0.0499166207876702,0.0244897860166483,0.790669629971186,0.985279910266399,-0.102004942917148,-0.00644037264850232
YDL127W,0.191811248660088,-0.718924105167389,0.0174893989408724,0.0395211974516026,0.16003079675138,0.228056032210588,-0.795796454450063,-0.64195844222276
YDL126C,7.10296773910522,0.851154267787933,0.258724809263481,0.0158275131627947,6.60676598548889,7.61770176887512,0.819988922789105,0.8818239661033
YDL124W,2.31970739364624,0.364105701446533,0.18233089138544,0.0338897430268665,1.99172290662924,2.72434701720874,0.299228918052854,0.435262425542467
YDL119C,0.130515053868294,-0.886673748493195,0.0135860854146502,0.0450156156363804,0.106457166001201,0.158991368984183,-0.972825101187763,-0.798626476100329
YDL117W,0.188811853528023,-0.724363565444946,0.00802993411972435,0.0184679876207881,0.173465635254979,0.204626252998908,-0.760786549115366,-0.6890386483016
YDL116W,0.363924831151962,-0.439354628324509,0.0149609148922368,0.0178577253233908,0.335624925543865,0.393556622415781,-0.474145793409443,-0.404992775290563
YDL115C,0.279088050127029,-0.555609285831451,0.0220973305722042,0.034217736659766,0.237689524888992,0.325532441337903,-0.623989957452094,-0.48740572481323
YDL114W,0.0023203503806144,-2.69381833076477,0.00120782070932975,0.237175643433568,0.000595560922617248,0.00522667570815733,-3.22507423712879,-2.28177524650718
YDL113C,0.138609349727631,-0.858880400657654,0.00773812797757516,0.0241900117302971,0.124426953556637,0.155033845578631,-0.905085531967966,-0.809573480962993
YDL112W,0.409373998641968,-0.388091444969177,0.0127616385388634,0.0135333642368496,0.385861101498206,0.434976000587146,-0.413569000595126,-0.361534707798023
YDL111C,0.497203797101974,-0.306021749973297,0.0542841216244921,0.0470447818285081,0.403492152690887,0.611147576073806,-0.394164907227377,-0.213853908921819
YDL108W,0.261155515909195,-0.584985256195068,0.0243686336810242,0.0404780415460045,0.216365017245213,0.312143430610498,-0.6648129794254,-0.505645802232001
YDL107W,0.101796090602875,-0.994059860706329,0.00925188862359057,0.0394699468607703,0.0850129663323363,0.12103540673852,-1.07051486175577,-0.917087583823985
YDL106C,0.214036718010902,-0.670240938663483,0.0124254949495721,0.0251483534609027,0.191246698175867,0.239307564496994,-0.718406058737324,-0.621043584389498
YDL105W,0.0606546029448509,-1.21890246868134,0.00549215118686294,0.0391767678261622,0.0505169639674326,0.0722661837935448,-1.29656275811432,-1.14106487874215
YDL104C,0.0494363084435463,-1.30792832374573,0.00473143519784547,0.0414146234372335,0.0409162143245339,0.0597629249095917,-1.38810455535179,-1.22356815548632
YDL103C,1.06058764457703,0.0249677374958992,0.0548824810886898,0.0224241455540926,0.958006799221039,1.17614987293879,-0.0186314086107043,0.0704626659516646
YDL102W,0.296642035245895,-0.528061211109161,0.0109101275460043,0.0159641083515769,0.275981668382883,0.318663531790177,-0.559119766388137,-0.496667637766607
YDL101C,0.201181098818779,-0.697191953659058,0.012079482088904,0.0260394778424537,0.178972690800826,0.225574077789982,-0.747213257383094,-0.646710812340384
YDL100C,4.41427230834961,0.643894374370575,0.295678777964788,0.0289550298381615,3.87941755453746,5.04729529619217,0.588766501035921,0.703058713078539
YDL093W,0.277959227561951,-0.55646139383316,0.012584857413385,0.0196253410050335,0.253648268183072,0.303481966257095,-0.595768113482989,-0.517867110808576
YDL091C,0.123351089656353,-0.909891784191132,0.00853678963469778,0.0299771794804202,0.107931612742444,0.141444277515014,-0.96685135215271,-0.849414618516332
YDL090C,0.158072724938393,-0.802292883396149,0.0115173329483218,0.0315860600841813,0.136836456383268,0.1819878667593,-0.863798181795294,-0.739957565724467
YDL089W,0.158072412014008,-0.801905632019043,0.00937558302084709,0.0257367715832829,0.140882607549429,0.177001576622327,-0.851142620241532,-0.752022880787138
YDL088C,0.274195820093155,-0.56256502866745,0.0147332142326404,0.023330886820018,0.246267759799957,0.304278711229563,-0.608592440255395,-0.516728434476483
YDL086W,1.49404895305634,0.172443047165871,0.1416355881424,0.0407644739805471,1.24311619102955,1.80054314732552,0.0945117153173632,0.255403517790068
YDL084W,7.06686019897461,0.848688304424286,0.352156254263226,0.0216218710107492,6.40569532712301,7.78652368386587,0.806566278544598,0.891343608792097
YDL080C,0.0476728342473507,-1.3230232000351,0.00368152935492499,0.0335197151351524,0.0408207080326974,0.0552495629837116,-1.38911947051473,-1.25767115283766
YDL078C,1.91127240657806,0.280226588249207,0.136018348635903,0.0308402002644965,1.66044638554255,2.1963051756223,0.220224856199262,0.341692672973045
YDL077C,0.100531846284866,-0.998117983341217,0.00442845525839442,0.0191064427802545,0.0922345301136374,0.109552286565304,-1.03510646189507,-0.960378553453978
YDL076C,0.247177734971046,-0.608939945697784,0.0234787213404787,0.0411410556745135,0.204409887890021,0.296013433982929,-0.68949810092568,-0.528688579321413
YDL074C,0.37338799238205,-0.428232043981552,0.0158884920826348,0.0184610073976267,0.343583883841832,0.405780015637477,-0.463967215435367,-0.39170934547638
YDL069C,0.0385070480406284,-1.43607044219971,0.012145582747974,0.138525791860113,0.0189285279406856,0.0665879764283697,-1.7228831768149,-1.17660418294208
YDL066W,2.57930302619934,0.410787254571915,0.148315335497414,0.0249101741017389,2.30594681898753,2.88143429557482,0.362849285936259,0.459608720834443
YDL065C,0.670153737068176,-0.17509651184082,0.0514227756718683,0.0332067904833268,0.574098954101404,0.77984197884798,-0.241013244758722,-0.107993390474175
YDL063C,0.342743098735809,-0.465589255094528,0.0173949651549978,0.0220021573015755,0.309644492467244,0.37763096143802,-0.509136640225511,-0.422932406334922
YDL060W,0.61555027961731,-0.211140722036362,0.026570548081258,0.0187145144472031,0.564397175610065,0.67100513279438,-0.248415172875776,-0.173274157769394
YDL059C,0.119616501033306,-0.931374132633209,0.024938524366495,0.0890248702261621,0.0788981624568502,0.177502969404062,-1.10293313586946,-0.75079438975086
YDL058W,0.430879384279251,-0.365849941968918,0.0132782696744154,0.013381617638534,0.405830930173397,0.45717834730943,-0.391654856866066,-0.33991434738841
YDL057W,0.135161235928535,-0.871115148067474,0.0128847299944741,0.0413648322851497,0.111806738066177,0.161536887163917,-0.951532024528361,-0.791728331861926
YDL055C,14.4021158218384,1.15747737884521,0.954182741426773,0.028702584295509,12.5991310358047,16.3954132874807,1.10034058171237,1.21472236749494
YDL052C,1.05409395694733,0.021284207701683,0.0907738936147107,0.0371879886847531,0.894404117763042,1.24713959693909,-0.0484662121206233,0.0959150674892266
YDL051W,2.88213682174683,0.457892000675201,0.264918875377776,0.0397717197624621,2.40444987018903,3.43740959366163,0.381015726435168,0.536231284704434
YDL045C,0.196845576167107,-0.708023607730865,0.0196384905610424,0.0432212425501496,0.160487232729793,0.239068294689059,-0.794559511537452,-0.621478016363628
YDL044C,0.137536391615868,-0.862805247306824,0.0103306604702621,0.0326243436980736,0.117758283019066,0.159109423557917,-0.929008535214411,-0.798304105524124
YDL043C,0.274591833353043,-0.564749598503113,0.0347041743572642,0.0546207510234876,0.214152039587498,0.349535265564919,-0.669277785020061,-0.456509016994672
YDL042C,0.148651897907257,-0.828575789928436,0.00872252864622592,0.0254780828874918,0.132533465574185,0.166526092092196,-0.877674446376039,-0.778517713466988
YDL040C,1.04655838012695,0.0194400139153004,0.04033591693929,0.0167300366928264,0.972549239297708,1.12557907601198,-0.0120884020217952,0.0513760111134889
YDL037C,0.00132119271438569,-2.99253797531128,0.000946850863589859,0.335074791868339,0.000179995566577418,0.00372671755030751,-3.74473819443699,-2.42867352138386
YDL036C,0.139741003513336,-0.855803430080414,0.0100798580593389,0.0312906444253245,0.120950256846845,0.160675467550755,-0.917393211110266,-0.794050427804182
YDL033C,0.0497246384620667,-1.30562663078308,0.00500742663016508,0.0437120432091702,0.0408003032207489,0.0602491556977232,-1.38933660929716,-1.22004905952965
YDL031W,0.677446067333221,-0.169397950172424,0.0240545541843085,0.0154056193672612,0.631167809168498,0.726637584467729,-0.199855159465788,-0.138682142529404
YDL030W,0.132946357131004,-0.877123534679413,0.00807104665077191,0.0263063824636922,0.118031477369368,0.14934434282283,-0.928002161769297,-0.82581122387153
YDL029W,1.81781995296478,0.258684009313583,0.115222586820859,0.0274109875854121,1.60470094879468,2.06292414665222,0.205394107181545,0.314483259337177
YDL028C,0.113604381680489,-0.945155739784241,0.00572452523241007,0.0218546067166712,0.102917869202793,0.125527780006329,-0.987509214055547,-0.901260152461754
YDL025C,0.116667062044144,-0.933830976486206,0.00697928863531203,0.025976659928763,0.103167878898482,0.131274923682213,-0.986455499231945,-0.881818225521602
YDL022W,3.72702383995056,0.570435762405396,0.244052817766823,0.0283475140951366,3.27995029886564,4.22796754439672,0.515867255030788,0.626131644799473
YDL021W,0.156592577695847,-0.807570815086365,0.0163323963589677,0.0451016663610101,0.126420126607021,0.192774019514521,-0.898183780345125,-0.714951513894466
YDL020C,0.584561169147491,-0.23376376926899,0.0306017325712849,0.0227209953176841,0.525833740333716,0.646359384059906,-0.279151550793287,-0.189525941578856
YDL019C,0.319269210100174,-0.49611109495163,0.011206820977051,0.015241674839161,0.29800247574846,0.341772398352623,-0.525780127941401,-0.466263014017527
YDL017W,0.0936810970306396,-1.02936458587646,0.00641504353251108,0.0297183495309294,0.0818740054965019,0.106732100496689,-1.08685396223686,-0.97170494485896
YDL014W,10.0200681686401,0.999684989452362,0.742878963207628,0.032052095247958,8.71040790081024,11.580913345019,0.940038492844416,1.06374269506917
YDL013W,0.112982653081417,-0.947818160057068,0.00700052607347779,0.0268546375232716,0.0998127685859799,0.127715302631259,-1.00081389914695,-0.893757063189739
YDL007W,2.15722131729126,0.33326780796051,0.116006097659263,0.023316937542635,1.9341761102279,2.39176834225655,0.286496014752544,0.378719112710805
YDL006W,0.380229115486145,-0.422265321016312,0.0393331272613942,0.0447927802085152,0.307895733664433,0.463351954768101,-0.511596328920773,-0.334089000876826
YDL005C,0.254240870475769,-0.595872044563293,0.0182877398549978,0.0311231244810111,0.220265448093414,0.292643086612225,-0.657053623045517,-0.533661732924159
YDL003W,0.454955369234085,-0.342616200447083,0.0236518244485524,0.0225693029625699,0.409327745437622,0.503707056244214,-0.387928816600598,-0.297821965233667
YDL001W,0.190440997481346,-0.721332430839539,0.0135382020521299,0.0307979606774418,0.165972838799159,0.218096044411262,-0.779962977834925,-0.661352217725374
YDR005C,0.247161149978638,-0.608058869838715,0.0171024259162619,0.0300723412839138,0.214861205096046,0.281929267197847,-0.667841997160249,-0.549859847439708
YDR006C,0.163348272442818,-0.787259519100189,0.00678274628479041,0.0180369004096508,0.150650874773661,0.176907520368695,-0.822028343494366,-0.752253707241876
YDR014W,0.0465962067246437,-1.33270668983459,0.00324278283223422,0.0302780757319601,0.0403222735971212,0.0531938270355264,-1.39445500665764,-1.27413876320829
YDR017C,0.234700441360474,-0.629807770252228,0.00903809904471611,0.016693714103208,0.217841624096036,0.25343101794521,-0.66185913389758,-0.596140234134667
YDR018C,0.00805263686925173,-2.10476803779602,0.00179248859447563,0.0969689694075418,0.00504261197056621,0.0119648820332562,-2.29734444957201,-1.92209159499068
YDR019C,1.22237813472748,0.086429700255394,0.0731410249804273,0.0259546496261699,1.08431254525979,1.37412525018056,0.0351544804373114,0.13802631911583
YDR020C,0.184477403759956,-0.740525484085083,0.032158192082301,0.0748858368998619,0.12862593382597,0.25769819393754,-0.89067148809654,-0.588889078577108
YDR021W,0.165911287069321,-0.781346201896667,0.0124499569328183,0.0325591024142819,0.142449571813146,0.19213779270649,-0.84633886333226,-0.716387202813589
YDR026C,0.106920190155506,-0.971723318099976,0.00644053512178569,0.0261212887573436,0.0952660072594881,0.119975751700501,-1.02106203633548,-0.92090652465182
YDR028C,0.499858736991882,-0.30143141746521,0.0179230960040898,0.0155599584284758,0.466641893237829,0.535613783200582,-0.331016274637752,-0.271148256579148
YDR034C,0.130676701664925,-0.884339451789856,0.0065111929398411,0.021634903447934,0.118251670400302,0.143773952002327,-0.927192715882782,-0.842319790096802
YDR035W,1.45153784751892,0.1609718054533,0.091361856480369,0.0272713291809506,1.28604273200035,1.64109821418921,0.109255397090429,0.215134569967927
YDR036C,0.449496626853943,-0.347890883684158,0.0239795838923051,0.023147894820123,0.404898809393247,0.498296614487966,-0.392653500342854,-0.302512064875073
YDR044W,0.929276168346405,-0.0330790691077709,0.0702515377571264,0.0325469165913677,0.804010802010695,1.08219267030557,-0.0947381164234598,0.0343045611287856
YDR046C,0.615168929100037,-0.211411744356155,0.0266471422748648,0.0187887011226095,0.564806938171387,0.668633875250816,-0.24809997698628,-0.174811624360544
YDR047W,0.558579385280609,-0.254126042127609,0.0417951087155095,0.0324121445537536,0.48204712147514,0.646696510414283,-0.31691051153623,-0.189299490377211
YDR049W,0.214553415775299,-0.668995141983032,0.0106093164034248,0.0214616868395931,0.194812772795558,0.235672384003798,-0.710382572818075,-0.627691304964614
YDR050C,43.138671875,1.63179957866669,5.17545455189451,0.0515239375403247,34.3358704566956,54.4415564219157,1.53574805913513,1.73593050716785
YDR052C,0.16771799325943,-0.775963187217712,0.00839140756869037,0.0217188307255507,0.151784820854664,0.184544885531068,-0.818771667871599,-0.733897986372163
YDR054C,1.09330105781555,0.0372494757175446,0.0910407743784885,0.0359246355982374,0.926008503635724,1.28732839624087,-0.0333850252001345,0.109689348063812
YDR055W,1.58620452880859,0.199728816747665,0.0857063158679223,0.023413699453309,1.42618285914262,1.76205112834771,0.154175199403482,0.246018505857998
YDR057W,0.255508720874786,-0.593225002288818,0.0137866568510018,0.0233964324312583,0.22895800669988,0.283848992238442,-0.640244166866571,-0.546912643952863
YDR058C,0.0690809413790703,-1.16350638866425,0.0079546065628298,0.0499304954230359,0.0544040891341865,0.0858967387427887,-1.2643684590104,-1.06602333135718
YDR060W,0.874553620815277,-0.0584908574819565,0.0312454417748812,0.0154955608960189,0.81598288367192,0.937626910209656,-0.0883189677791932,-0.0279699369214265
YDR061W,0.220582321286201,-0.657039403915405,0.0116942585631978,0.0229853563668106,0.199296737213929,0.244223460555077,-0.70049981135428,-0.612212619260016
YDR072C,0.32371112704277,-0.490500599145889,0.0178314081022552,0.0239015561194741,0.290976252406836,0.361049465090036,-0.536142454737228,-0.442433294145747
YDR074W,0.914327263832092,-0.0392201729118824,0.035193762700129,0.0167082085448828,0.848698039352894,0.985214940210184,-0.0712468020460834,-0.0064690115249047
YDR075W,0.281727641820908,-0.552172482013702,0.0271437163587471,0.0417049698805692,0.231742526094119,0.339318231244882,-0.634994268077458,-0.469392821805087
YDR077W,11.9348821640015,1.07574355602264,0.840951623532228,0.0305291697422187,10.3770194530487,13.7066164016724,1.01607263083665,1.13693025862288
YDR080W,0.137067675590515,-0.86344051361084,0.00570763776681429,0.0180788520846156,0.126168458163738,0.148728265737494,-0.899049204220689,-0.827606486400404
YDR081C,0.15379473567009,-0.813585996627808,0.00757429756157792,0.0213594877565602,0.139681669697166,0.169803100327651,-0.854860584874018,-0.770054384655392
YDR087C,1.41310513019562,0.148473888635635,0.125212615211516,0.0384579321129495,1.18583452701569,1.66778570314248,0.0740240912055124,0.22214024556921
YDR088C,0.169296428561211,-0.772617161273956,0.0129484227643899,0.033158805664182,0.145330766091744,0.196029678359628,-0.837642437117061,-0.707678172990903
YDR089W,0.303159922361374,-0.518709242343903,0.0127168218715395,0.0182051845910538,0.279870919138193,0.328200672815243,-0.553042226175191,-0.483860533300162
YDR090C,0.24215529859066,-0.617698013782501,0.0220658399314165,0.0394467808442978,0.201117472474774,0.289469480514526,-0.696550232011061,-0.53839721826757
YDR091C,1.69167673587799,0.227864652872086,0.0772131395034652,0.0198164186083313,1.54498529334863,1.8478014955918,0.18892434974743,0.266655314282282
YDR093W,0.264413982629776,-0.577956855297089,0.00879510946341658,0.014436238341641,0.247875839471817,0.282203678538402,-0.605765801975303,-0.549437329901203
YDR097C,0.318176031112671,-0.497641354799271,0.0119957005637201,0.0163668775984347,0.295203022658825,0.342521196355422,-0.529879200656011,-0.465312547838489
YDR098C,2.82465386390686,0.447999119758606,0.331778643389909,0.0507253008517692,2.23308293223381,3.51601757407188,0.348904817624655,0.546051031851133
YDR101C,1.06292152404785,0.0260164830833673,0.0503055223519213,0.0205389847445621,0.967979482809703,1.16124271452427,-0.0141338482726651,0.0649229941977286
YDR103W,0.166586831212044,-0.778738737106323,0.00698174825791905,0.0181943992598083,0.15316938397785,0.180821016430855,-0.814828036625967,-0.742751093830209
YDR105C,0.243714720010757,-0.613966107368469,0.0152556788135681,0.0271471858164862,0.214907094836235,0.275244680047035,-0.667749246689269,-0.560281066494984
YDR106W,0.0152199724689126,-1.83242869377136,0.00400663176237632,0.114195900632836,0.0085395997390151,0.0245753293391317,-2.06856249195229,-1.60950069182176
YDR107C,0.150315046310425,-0.823641240596771,0.00819443989049503,0.0236638397976593,0.134751045207183,0.167132541537285,-0.870467857501606,-0.776938982577336
YDR108W,0.107158958911896,-0.970696866512299,0.00619499025624468,0.0251091928258096,0.0953212415178617,0.120102155084411,-1.02081030981088,-0.920449201665545
YDR109C,0.0785657912492752,-1.1055052280426,0.00459161511662185,0.0253308893352976,0.0700127641359965,0.0880589187145233,-1.15482277588164,-1.05522665159508
YDR110W,0.190460234880447,-0.720866978168488,0.0105896442698216,0.024125729484119,0.170112253228823,0.211729448785384,-0.769264403793856,-0.674218733241806
YDR111C,0.115747824311256,-0.937341034412384,0.00728547533200374,0.0272484955190523,0.102304972708225,0.130936177074909,-0.99010325614849,-0.88294034358074
YDR113C,0.30256375670433,-0.52022248506546,0.020968804117883,0.0300385414408223,0.264618326723576,0.345612361778816,-0.57738008191918,-0.461410733488549
YDR116C,0.41236674785614,-0.386922389268875,0.0417618324429705,0.0437130379150863,0.338470995426178,0.500459797680378,-0.470478541354205,-0.300630810672588
YDR117C,0.427193462848663,-0.369947522878647,0.0219403366972442,0.0222935268560505,0.385934393852949,0.471832027782996,-0.413486516446236,-0.326212582962389
YDR118W,0.0826145261526108,-1.0838497877121,0.0053459268400811,0.028068008479985,0.0727254524827003,0.0938651404033105,-1.13831356798219,-1.02749566729674
YDR122W,0.224208906292915,-0.649672210216522,0.00866447163586277,0.0167859692502607,0.207429826507966,0.241567757601539,-0.683128796230981,-0.616961032178514
YDR123C,0.12170448154211,-0.917269170284271,0.0133087347144658,0.0472902885828244,0.0979424985125661,0.150328946734468,-1.00902883175694,-0.822957408215454
YDR124W,0.00583746191114187,-2.25428366661072,0.00179074733011036,0.135188289934991,0.00295996458541291,0.00974487586257359,-2.52871349538457,-2.01122371191529
YDR125C,0.0197482500225306,-1.707799077034,0.00244800097900328,0.0538011811476347,0.015429539908655,0.0247624971282979,-1.8116471226488,-1.60620557057896
YDR127W,1.36537206172943,0.135067477822304,0.0398731676478709,0.0126755783409401,1.29116843044758,1.44522963066896,0.110982897698957,0.159936856862674
YDR128W,0.0859887972474098,-1.06596326828003,0.00372035904851406,0.0187721705925496,0.0789489260564248,0.0935871824622154,-1.10265377362175,-1.02878362740622
YDR129C,3.03267240524292,0.481492966413498,0.118657787025459,0.0169857936303848,2.80595560073853,3.27220348914464,0.448080794734907,0.514840302117472
YDR130C,0.190066322684288,-0.723785817623138,0.0213008446090857,0.048281456142899,0.152332299699386,0.235814387102922,-0.817208004441232,-0.627429702014194
YDR132C,0.0567341968417168,-1.24785470962524,0.00502630300610112,0.0384506921643803,0.0472414658715328,0.0672851883495847,-1.3256766462488,-1.17208052791524
YDR135C,0.58334743976593,-0.23429362475872,0.0186026597702221,0.0138470063810297,0.548542292912801,0.62007737159729,-0.260789882483639,-0.207554117015804
YDR137W,0.123207107186317,-0.910000801086426,0.00667305975080088,0.0234958473749157,0.110828849797448,0.136972078184287,-0.955347173934918,-0.863367958186566
YDR138W,0.168242007493973,-0.774561822414398,0.00805471001598442,0.0207810268376673,0.153129768247406,0.18454579487443,-0.814940377822991,-0.73389584647407
YDR141C,0.257878333330154,-0.588797926902771,0.00808419407199071,0.0136102817403871,0.242291986942291,0.273656977961461,-0.615660948571082,-0.562793476099333
YDR142C,0.0697429478168488,-1.15856242179871,0.00680611375941046,0.0424159755257799,0.057038021987925,0.0842781625688076,-1.2438355459258,-1.07428494332366
YDR143C,0.257799237966537,-0.589316189289093,0.0135537267498699,0.022797396849973,0.232722759867708,0.28550309240818,-0.633161150364397,-0.544389183626998
YDR144C,0.668755531311035,-0.17528447508812,0.0337542986919288,0.0218910017994953,0.604614909986655,0.737406986455123,-0.218521147588466,-0.132292752050585
YDR146C,0.417879730463028,-0.379357069730759,0.018125908879962,0.0188328053528078,0.384361170977354,0.45418191999197,-0.415260492770889,-0.342770158200638
YDR147W,0.182166203856468,-0.740372240543365,0.0113477478889501,0.0270284715641273,0.160627933467428,0.206362555921078,-0.794178928230359,-0.685369116470063
YDR148C,1.15955102443695,0.0635375827550888,0.0684519277457918,0.0255418444395669,1.03223067025344,1.30760213335355,0.0137767578499265,0.116475615332718
YDR150W,0.38323512673378,-0.416705965995789,0.010802772076149,0.0122352125786932,0.362693720807632,0.405241042375565,-0.440459966470538,-0.392286576207662
YDR151C,0.379532963037491,-0.422214448451996,0.0312611031179121,0.0356362803590155,0.323253347724676,0.444951737672091,-0.490456969971367,-0.351687104264491
YDR152W,1.09120059013367,0.0359388291835785,0.104234462272815,0.0412890130275513,0.90953403711319,1.31014881829421,-0.0411810438749979,0.117320628512034
YDR153C,0.703067004680634,-0.153769806027412,0.0418141480321185,0.0257992237467065,0.625048875808716,0.788294596473376,-0.204086021593369,-0.103311450514167
YDR158W,7.20563268661499,0.856771111488342,0.464890036963141,0.0279948320961446,6.34372250636419,8.14737033843994,0.802344177333076,0.91101745760013
YDR161W,0.775649726390839,-0.111156471073627,0.0477019471983039,0.0267416884576057,0.685305420557658,0.86999180217584,-0.164115833206512,-0.0604848421223921
YDR162C,0.449966162443161,-0.351159602403641,0.0641226895703404,0.0613238734849069,0.33809985195597,0.588720596333345,-0.47095502313816,-0.230091070532313
YDR164C,0.214554399251938,-0.668943881988525,0.0101190886824962,0.0204677054781613,0.195785169055065,0.235228453576565,-0.708220210448744,-0.628510146692292
YDR165W,0.900799036026001,-0.0460889264941216,0.0518368329220197,0.0249461030290484,0.806085608402888,1.00659496982892,-0.0936188347551815,0.00285475579875237
YDR166C,0.164243921637535,-0.784916281700134,0.00709684648144885,0.0187160936328667,0.151341166471442,0.178688144683838,-0.820042923033686,-0.747904261606848
YDR170C,0.97756415605545,-0.0100229568779469,0.0272105808040958,0.0120810577080979,0.927471582591534,1.03147367437681,-0.03269938815427,0.0134581482004022
YDR171W,0.387934297323227,-0.4122554063797,0.0265662507080822,0.0296668964654292,0.33887157390515,0.444461178034544,-0.469964860349758,-0.352166174458469
YDR173C,0.126775771379471,-0.89852374792099,0.010767003474119,0.0368140051005604,0.106735667151709,0.149432948107521,-0.97169044657917,-0.825553643017744
YDR174W,2.05782294273376,0.310253143310547,0.250375644277352,0.0522233409893768,1.61924369235833,2.61755431890488,0.20931220747923,0.417895701433939
YDR175C,0.447398722171783,-0.35057345032692,0.0342510381245649,0.0331902373771294,0.38202258994182,0.52047817359368,-0.417910955822086,-0.283597478887912
YDR176W,0.162347912788391,-0.790037870407104,0.0076674572859357,0.0204614828377718,0.147971702242891,0.178504231323799,-0.829821330198244,-0.748351484769759
YDR180W,0.0924345478415489,-1.03452086448669,0.00373821768981003,0.017544752800989,0.0854166495303313,0.100092865526676,-1.06845746786844,-0.999596877294109
YDR184C,0.254530817270279,-0.596678197383881,0.0269554639057166,0.0458111719695872,0.206390426432093,0.311313417057196,-0.685310506546201,-0.506802161594693
YDR186C,0.223822459578514,-0.650500535964966,0.00965493133231983,0.0187252815239246,0.205672363812725,0.243116468191147,-0.686824060913202,-0.614185621978119
YDR189W,0.643200576305389,-0.192127630114555,0.0301025541836097,0.0203095378056937,0.587418188651403,0.704268634319305,-0.231052611135917,-0.152261653145904
YDR191W,0.0750861763954163,-1.12692737579346,0.00804783780914139,0.0465027136852031,0.0599758554560443,0.0922360684722662,-1.22202356467998,-1.03509921927093
YDR194C,0.623211681842804,-0.205791354179382,0.0276930721843676,0.0192697875790547,0.572146058082581,0.681379892428716,-0.242493089874652,-0.166610686663745
YDR195W,0.241888716816902,-0.617151439189911,0.0143866319556004,0.0258294478629799,0.214347630739212,0.271784970412652,-0.668881312538574,-0.56577457321454
YDR196C,0.218091532588005,-0.66670835018158,0.0345545292913647,0.0680618145021925,0.158369182422757,0.293690383434296,-0.800329325699884,-0.532110273735271
YDR197W,0.0631870999932289,-1.20131206512451,0.00598032975011945,0.0410627480423924,0.0520270814187825,0.0757531112059951,-1.2837705381505,-1.12059952659126
YDR198C,0.10076217353344,-0.997784972190857,0.00711907267251897,0.0306808823040671,0.0877773830046256,0.114952594041824,-1.05661737146253,-0.939481224412635
YDR200C,0.0991225317120552,-1.00469946861267,0.00629307504717847,0.0275229781183811,0.0876505830014745,0.112009705851475,-1.05724519088343,-0.950744347173745
YDR202C,0.17943175137043,-0.747600853443146,0.0149508707295244,0.0361225509893119,0.151902609939377,0.210504357392589,-0.818434771214351,-0.676738909937721
YDR204W,0.31767538189888,-0.499414503574371,0.0255358068834238,0.0348311566091912,0.270949710160494,0.370872375120719,-0.567111310579761,-0.430775529932232
YDR206W,0.145325139164925,-0.838083684444427,0.00642624817337711,0.0192038369627318,0.132687821984291,0.158561063930392,-0.877168934616492,-0.799803448935502
YDR211W,0.884741008281708,-0.0535800158977509,0.0378657372947403,0.0185542632041905,0.814277624587218,0.964268119136493,-0.0892274990603674,-0.0158021984191881
YDR212W,2.5936336517334,0.413301557302475,0.137484998589086,0.0229274451164192,2.34085206588109,2.88092856208483,0.369373967619327,0.459532483669169
YDR214W,2.11552166938782,0.32442444562912,0.143229420979592,0.029368782211304,1.85370490749677,2.40267200867335,0.26804059942501,0.380694488634957
YDR217C,0.15368190407753,-0.813700258731842,0.00594187469717746,0.0167777636806306,0.142558298756679,0.165786639725169,-0.846007498722895,-0.780450478140655
YDR218C,0.00711758667603135,-2.15844464302063,0.00158934832041114,0.0971950704073154,0.00442588063888252,0.0106796276910851,-2.35400050018765,-1.97144395485615
YDR219C,0.241179347038269,-0.618526458740234,0.0152793078744949,0.0274497939082523,0.213346391916275,0.272436907639106,-0.670914697468846,-0.564734058417314
YDR221W,0.314215660095215,-0.503198206424713,0.0139147042610273,0.0192453998741967,0.288018338382244,0.342300889889399,-0.540579859469857,-0.465591973889088
YDR222W,0.232254222035408,-0.634951829910278,0.0151136996221671,0.0282108600674023,0.203369399284323,0.264081037789583,-0.691714395246769,-0.57826278200571
YDR223W,0.00746090104803443,-2.13509154319763,0.00142575881145589,0.0829862089654757,0.0049745240365155,0.0106184982617075,-2.30324859059157,-1.97393741213254
YDR228C,0.220516473054886,-0.65720933675766,0.0120835682760093,0.0237725959281629,0.197530121977131,0.245893845707178,-0.704366668113754,-0.60925234538926
YDR233C,3.91088509559631,0.590385615825653,0.366244444267917,0.0404560240022282,3.24253531297048,4.68806883096695,0.51088454176473,0.670993970987586
YDR234W,0.533438801765442,-0.273400455713272,0.0252167832484078,0.0205176200859461,0.48585357889533,0.584068935116132,-0.313494594079784,-0.233535891980742
YDR235W,0.106700368225574,-0.972742080688477,0.00690456306067149,0.0280581530509556,0.0936826509733995,0.12085981015116,-1.02834083388873,-0.917718095919604
YDR237W,0.300262838602066,-0.524672031402588,0.0301672183390119,0.043429920762553,0.246773191913962,0.362653049081564,-0.607702022429423,-0.440508717093879
YDR239C,0.153059169650078,-0.815652012825012,0.00742417098242873,0.0210454237926753,0.139141872525215,0.168224865073959,-0.856542156347809,-0.774109813091532
YDR243C,0.121223837137222,-0.917078733444214,0.00672446141144597,0.0240739944119657,0.108308873387674,0.135550968845685,-0.965335962190571,-0.867897377413708
YDR244W,0.237688213586807,-0.624524295330048,0.0117660279064102,0.0214830575614922,0.215616842110952,0.261842041959365,-0.666317319169453,-0.581960623300857
YDR245W,0.742289006710052,-0.130393832921982,0.0495560578253461,0.0289796713925536,0.649706198275089,0.846105893452963,-0.187282989993699,-0.0725753231835296
YDR247W,0.100363366305828,-0.999763667583466,0.0078960897771439,0.0340749412829765,0.0855069543545445,0.117222890692453,-1.0679985648292,-0.930987579382235
YDR251W,0.290904462337494,-0.536656439304352,0.0126016421074608,0.0187914016223258,0.266862479845683,0.317371835807959,-0.573712492867469,-0.498431618011358
YDR254W,0.0710000544786453,-1.15038919448853,0.0061901797305121,0.037823021753378,0.0595243847928941,0.0839932246133685,-1.22530508461013,-1.07575574623589
YDR256C,0.0015596249140799,-2.8410542011261,0.000621736023938275,0.175291523621959,0.000621121568838134,0.00306526368367486,-3.20682339060593,-2.5135329066486
YDR257C,0.253110140562057,-0.597336888313293,0.0138294835058097,0.0236842348211598,0.227435271566113,0.281407650311788,-0.643142183087201,-0.550664116376681
YDR258C,0.724305510520935,-0.140412867069244,0.0284862599406376,0.0170534128780583,0.671472449600697,0.781739345192909,-0.172971803134665,-0.106938029382133
YDR259C,0.029651552438736,-1.53123164176941,0.00365147175645363,0.0534339721286187,0.023186301610743,0.0371685047944387,-1.63476851932891,-1.42982491012134
YDR261C,0.508181869983673,-0.294492393732071,0.0246969263612335,0.0210634664314158,0.462381655722856,0.558204892277718,-0.334999408169792,-0.253206361666696
YDR262W,0.543217420578003,-0.267316192388535,0.0561051170113936,0.0445351749497418,0.445616147418817,0.663171028097471,-0.351039081822477,-0.178374455128266
YDR264C,0.674565613269806,-0.171332851052284,0.0273969507382359,0.0176178802179063,0.624170750379562,0.72905278702577,-0.204696587762709,-0.137241025507581
YDR266C,0.458955407142639,-0.33869081735611,0.021165339609993,0.0200135771689692,0.418089890976747,0.50287239352862,-0.378730334250119,-0.298542205641559
YDR267C,0.309776484966278,-0.510183572769165,0.0233741228708352,0.0327352666448913,0.266680932044983,0.357814084986846,-0.574008035847489,-0.446342573947088
YDR268W,0.162508308887482,-0.790312647819519,0.0120539127909113,0.0321069342986176,0.141056674718857,0.187514311075211,-0.850606361062813,-0.726965589042963
YDR270W,0.178917720913887,-0.747690796852112,0.00715170410152919,0.0173499804216818,0.165310660377145,0.193224003414313,-0.781699139539475,-0.713938924675308
YDR272W,1.61289072036743,0.205824881792068,0.146707428545149,0.0392774094116785,1.34624696473281,1.92779071231683,0.129124737130061,0.285059883231518
YDR273W,0.0214378889650106,-1.6737425327301,0.00323730727306395,0.0654965493204623,0.0156903639435768,0.0283774364273995,-1.80436698268113,-1.54702687984903
YDR275W,0.0336999408900738,-1.48964750766754,0.00961547813001465,0.123349011821204,0.0182338149442027,0.0552374063370129,-1.73912256495355,-1.2577667527603
YDR277C,0.0748976841568947,-1.12701809406281,0.00619727744802931,0.0359527767923827,0.0634614329785109,0.0877153704563777,-1.19749014063247,-1.05692429833178
YDR279W,0.151218205690384,-0.822029411792755,0.0131474901272829,0.0376371696219487,0.12738895850877,0.178644469752908,-0.894868215792673,-0.748010423946596
YDR280W,0.705510079860687,-0.152926430106163,0.0574059655733284,0.0352176487736962,0.603604694704215,0.826493432621161,-0.219247392197109,-0.0827605971187948
YDR284C,0.482158094644547,-0.318827688694,0.0465404522864241,0.0418686282613284,0.397619350254536,0.579407898088296,-0.400532489313011,-0.237015591293692
YDR288W,0.139880821108818,-0.856929183006287,0.015653770936792,0.0482469036136863,0.11280381642282,0.174170804396272,-0.947676206886179,-0.759024648408372
YDR289C,0.324549794197083,-0.489587098360062,0.0205611616427574,0.0274474442786381,0.287437645097574,0.367259591817856,-0.541456354545797,-0.435026852803417
YDR291W,0.0799500346183777,-1.09760069847107,0.00351731236370521,0.0191184102299918,0.0731743762269616,0.0869640884920955,-1.13564097181796,-1.06066005196903
YDR292C,0.543306469917297,-0.26544052362442,0.025795717406626,0.0205560985695327,0.496617048978806,0.596945457160473,-0.303978375094945,-0.224065348564521
YDR293C,0.595941007137299,-0.225015580654144,0.0189571471770319,0.0138071211408357,0.560144794980685,0.634473143021266,-0.25169970101177,-0.197586756692807
YDR294C,0.531763911247253,-0.274858802556992,0.0274991331468447,0.0224365057441882,0.479839873562256,0.587739288806915,-0.318903666022564,-0.230815276885183
YDR295C,0.192022740840912,-0.717128992080688,0.00906072191278812,0.020444911900159,0.17502533569932,0.210652852555116,-0.756899118790261,-0.676432674791849
YDR296W,0.416919231414795,-0.385393381118774,0.0667025917116348,0.0686159394170367,0.305418718109528,0.563403308391571,-0.515104368047891,-0.249180607098231
YDR297W,0.898805558681488,-0.0472314618527889,0.0578073499293013,0.0279260488370715,0.790139013528824,1.01648924748103,-0.102296494216883,0.00710278895791913
YDR300C,0.942160367965698,-0.0264491308480501,0.0485065768468951,0.0223243202205498,0.853637832403183,1.04274975955486,-0.0687263494478779,0.0181800983749639
YDR301W,0.200622826814651,-0.697881519794464,0.00698926923782744,0.0151160699224262,0.187242712453008,0.214987419173121,-0.727595078094646,-0.66758695408191
YDR303C,0.295479714870453,-0.529810190200806,0.0116726351670206,0.0171394912749362,0.273149849226077,0.319330543279648,-0.563599035369744,-0.495759540140742
YDR307W,0.24301852285862,-0.614851713180542,0.0115464956725523,0.0206301529714287,0.220923587307334,0.266356940070788,-0.655757915743578,-0.574535984409783
YDR309C,0.760756075382233,-0.119728624820709,0.0511217143550958,0.0290741791237993,0.667741259435813,0.865686223407586,-0.175391788079999,-0.0626394939802642
YDR310C,0.203517884016037,-0.691732943058014,0.00800085896153336,0.0170675720117158,0.18818803379933,0.219733344887694,-0.725407997554959,-0.658104033259598
YDR311W,0.25307509303093,-0.597322344779968,0.0130104722831296,0.0223166180380593,0.228369115541379,0.279125178108613,-0.641362630160257,-0.554200986804826
YDR313C,0.0818446725606918,-1.09111869335175,0.0112740452573103,0.0598552214593676,0.0615528380187849,0.105714440345764,-1.21075192253068,-0.97586568502809
YDR315C,0.0316930003464222,-1.50786125659943,0.00639351683130997,0.0879852474337399,0.0204839486007889,0.0457867288030684,-1.68858646195778,-1.33926045202676
YDR316W,0.113485768437386,-0.946409285068512,0.00897410187023098,0.0342368703432859,0.0967477032914758,0.132779743894935,-1.0143593374637,-0.876868174470002
YDR317W,0.0339019186794758,-1.47268187999725,0.0039259666308953,0.0503360508211889,0.0267651882022619,0.0422207854377727,-1.57242969848206,-1.37447369360922
YDR318W,0.0597288832068443,-1.22610890865326,0.00613712652695976,0.0446931234027688,0.0482700025973221,0.0726510601118207,-1.3163227121109,-1.13875804908366
YDR320C,0.271657049655914,-0.566486060619354,0.0131461701772486,0.0209872683285187,0.247102510680755,0.298238664368788,-0.607122847139879,-0.525436060043643
YDR321W,3.04978036880493,0.483425974845886,0.190085701938418,0.027037202873501,2.70568415125211,3.42827340165774,0.432277097740199,0.535075448504261
YDR322W,0.333286255598068,-0.478385835886002,0.0248291034848523,0.0323335864504307,0.28687679519256,0.38419914295276,-0.542304579422656,-0.415443645923924
YDR323C,0.0417514853179455,-1.38115131855011,0.00382211286266669,0.0398184744638217,0.0345587397304674,0.0496491164589922,-1.46144210361596,-1.30408848338346
YDR325W,0.13125117123127,-0.882302522659302,0.0056967372682394,0.0188219374267554,0.120648749731481,0.142887574682633,-0.918477178161735,-0.845005536095554
YDR330W,0.28177797794342,-0.55080771446228,0.0162007026650406,0.024897963007645,0.252402603377899,0.314460044105848,-0.597906185344229,-0.502434537727366
YDR331W,0.425035506486893,-0.37251752614975,0.0280510323383354,0.0285924006541733,0.374501075098912,0.482760332524776,-0.426546950139102,-0.316268422578704
YDR332W,0.0320414043962955,-1.49558734893799,0.00247913989877025,0.033638968640881,0.0273965754701446,0.0370460932763914,-1.56230372342597,-1.43125758768707
YDR335W,0.390836626291275,-0.408308386802673,0.0146225044053826,0.0162361976575158,0.363987878461679,0.420507358511289,-0.438913079490607,-0.37622640002775
YDR336W,0.0533171929419041,-1.27712607383728,0.00725939069615357,0.0589169272155146,0.0404365323173503,0.0685522739465038,-1.39322612388208,-1.16397814678953
YDR341C,3.60202383995056,0.556127905845642,0.158215634122257,0.0191008981184981,3.29460549354553,3.91580845912298,0.517803418252106,0.592821440228647
YDR346C,1.44130384922028,0.158173903822899,0.0747848990040676,0.0224683337369521,1.29941560526689,1.59923068583012,0.113748076004611,0.203911114374185
YDR349C,0.254610896110535,-0.594656467437744,0.0126362300368161,0.0215518843079585,0.23049250356853,0.281220846623182,-0.637343194837315,-0.550952488944654
YDR351W,0.162559017539024,-0.789463341236115,0.00759713912341834,0.0202900968454789,0.147934172178308,0.177990138282379,-0.829931494536635,-0.749604061444861
YDR353W,5.4534854888916,0.735233664512634,0.445780942711522,0.0353107237580116,4.65100546280543,6.41542105674744,0.667546843070353,0.807225160517491
YDR354W,0.464802503585815,-0.333817780017853,0.0329647571311931,0.0306866549297954,0.403885901470979,0.533322318394979,-0.393741306583924,-0.273010241953665
YDR356W,0.237907439470291,-0.623973071575165,0.00998989610388293,0.0182111769667726,0.219274280468623,0.257777107010285,-0.659012311296211,-0.588755654894144
YDR358W,0.282685339450836,-0.549336791038513,0.0153723482205652,0.0235588896361537,0.25378008633852,0.313689976930618,-0.595542470183795,-0.503499357723252
YDR359C,0.0927311852574348,-1.03322207927704,0.00421506031220962,0.0197297595580047,0.0846344251185656,0.101055332273245,-1.072452952362,-0.995440765917642
YDR361C,1.33995032310486,0.125004410743713,0.13214853455317,0.0424718642563989,1.10749514400959,1.63019568125407,0.0443418299104398,0.212239737157629
YDR362C,0.111763991415501,-0.952483415603638,0.00672549790043939,0.0261044502911562,0.0989609345793724,0.125537466257811,-1.00453621210059,-0.901226644702229
YDR363W,0.0842154696583748,-1.07594287395477,0.00660889447989993,0.0340876856734184,0.0716222381219268,0.097681703666846,-1.14495211247905,-1.01018677490287
YDR364C,0.107910677790642,-0.968316793441772,0.00862618277950079,0.0346772440067556,0.0920157819365462,0.125091325243314,-1.03613768996385,-0.902772806604773
YDR365C,0.789300560951233,-0.103218570351601,0.0364088040640902,0.0200130609197759,0.721740308900674,0.863721238076687,-0.141619058129857,-0.0636264014028473
YDR368W,2.07129430770874,0.314928889274597,0.161698515865504,0.0337236913157415,1.77723373274008,2.42027997970581,0.24974454443227,0.383865608380426
YDR370C,0.0940328612923622,-1.02797186374664,0.00714376697791964,0.032947052455911,0.0805483432486653,0.10886722865204,-1.09394339021735,-0.96310283244255
YDR372C,0.831322193145752,-0.0812287330627441,0.0564355673511875,0.0294330126025359,0.72881587545077,0.94847714304924,-0.137382177605302,-0.0229731305321811
YDR375C,0.14769284427166,-0.831708014011383,0.0103656173632469,0.0304489298232381,0.128475676104426,0.168757721781731,-0.891179093022473,-0.772736346987527
YDR376W,0.219668120145798,-0.658935129642487,0.0124765306178565,0.0246730290117192,0.195873014256358,0.244873026013374,-0.708025394315628,-0.611059051946901
YDR379W,0.0988310128450394,-1.0055068731308,0.0042429565173434,0.0186302753536507,0.0908738370363911,0.107329188038905,-1.0415611353122,-0.969282156129834
YDR380W,0.260881811380386,-0.584090888500214,0.012963971826343,0.021562358900659,0.236143683145444,0.287343469262123,-0.626823667354508,-0.541598678917253
YDR381W,8.19240093231201,0.90843790769577,1.25741092123692,0.0654761768409815,6.07472447156906,11.0045603752136,0.783526582008685,1.04157269681258
YDR383C,0.107040345668793,-0.977939069271088,0.0200518660977391,0.0806924989191165,0.0729443793495496,0.150536898896098,-1.13700817746817,-0.82235703776251
YDR384C,1.58644235134125,0.198541313409805,0.148714960683637,0.0403610676277775,1.32248879273733,1.9178719907999,0.121391999423038,0.282819608504079
YDR386W,0.0572430863976479,-1.24323451519012,0.00380280548491114,0.0288753524010228,0.0499916096838812,0.0649628484000762,-1.30110290682975,-1.18733494796736
YDR387C,0.0385028757154942,-1.41580593585968,0.00298261623397814,0.0336172542158019,0.0330243518576026,0.0445561765382687,-1.48116569721238,-1.35109209027292
YDR389W,0.218728363513947,-0.660638451576233,0.0109738948457116,0.0217649310065372,0.197697564959526,0.240981138249238,-0.703998679857566,-0.618016948888695
YDR390C,0.302246570587158,-0.520182192325592,0.0151607549469771,0.0217294478484352,0.27370738312602,0.333405866473913,-0.562713505787156,-0.477026765139444
YDR393W,0.107196189463139,-0.970945775508881,0.00772311605179147,0.0311941359053502,0.0931881483644247,0.123118290118873,-1.03063932355757,-0.909677450855049
YDR394W,1.78298532962799,0.250500380992889,0.0974555958218582,0.0236973783956781,1.60322595040003,1.97999074260394,0.204994733475051,0.296663129168305
YDR395W,1.06023979187012,0.025075638666749,0.0412794523279075,0.0168845783736776,0.983358531693618,1.14158338308334,-0.00728810993674739,0.057507638319106
YDR400W,0.44498085975647,-0.352857798337936,0.0331155132989547,0.0322772425900762,0.382947445909182,0.5131070236365,-0.416860835272772,-0.28979204688838
YDR405W,0.31347468495369,-0.506376683712006,0.0342224704829698,0.0473493796525017,0.251564987500509,0.385802514354388,-0.599349807120534,-0.413634946420291
YDR406W,0.0834377333521843,-1.07897388935089,0.00330104759552653,0.0171602620559642,0.077316633798182,0.0899496376514435,-1.11172706301032,-1.04600058180476
YDR407C,0.120822682976723,-0.918204605579376,0.00486687727266885,0.0175127354636158,0.11132234899948,0.130299451202154,-0.953417638245772,-0.885057413485268
YDR410C,0.381526380777359,-0.422773241996765,0.0541422905810233,0.0610190236705614,0.288126915693283,0.50306439747413,-0.540416169726993,-0.298376419899291
YDR411C,0.373967498540878,-0.428363561630249,0.0278470109899466,0.0322360201887084,0.3229419666032,0.433090545485417,-0.49087551827407,-0.363421297146392
YDR412W,1.34777736663818,0.12500311434269,0.19901192906043,0.0631168221969412,1.01035444438457,1.80243062376976,0.00447367446628669,0.255858496332415
YDR414C,0.156593695282936,-0.806970715522766,0.0140876429144465,0.038910830617797,0.130263174946109,0.186444575587908,-0.88517834164037,-0.729450247805098
YDR415C,0.364343643188477,-0.439671576023102,0.0269200696767461,0.0320470916866498,0.314417627702157,0.419251639395952,-0.50249311996694,-0.377525231340864
YDR416W,0.111300900578499,-0.953997194766998,0.00532602268620043,0.0207920066589238,0.100948579609394,0.12237663064152,-0.995899787390397,-0.912301509281626
YDR421W,0.0600121766328812,-1.22230553627014,0.00301214888880719,0.0218030162685156,0.0542976700390379,0.0661823986719052,-1.26521880710201,-1.17925749660566
YDR422C,0.205626904964447,-0.687281310558319,0.00839912140079926,0.0177604389997498,0.189184605081876,0.222441923742493,-0.723114207488193,-0.652783357748324
YDR429C,5.02061557769775,0.698806464672089,0.477855257849343,0.0411177694471391,4.17029333114624,6.04211616516113,0.62016660356316,0.781189070722679
YDR430C,0.330002993345261,-0.481789886951447,0.0124570684168142,0.0163800133374883,0.306751662244399,0.354914118846258,-0.513213081371912,-0.449876723922055
YDR434W,0.58896142244339,-0.230485051870346,0.0302856338067364,0.0222801011380019,0.533408614993095,0.652438868085543,-0.272939974642658,-0.185460181811708
YDR438W,0.00205758423544466,-2.73411417007446,0.000957000980159647,0.207759852660026,0.000687089229177218,0.00428521940484643,-3.16298800231229,-2.36802699082977
YDR440W,0.114410147070885,-0.942374229431152,0.00711659405615892,0.0269619100272162,0.101365266616146,0.129136979579926,-0.994110837404013,-0.888949375643604
YDR444W,0.070616826415062,-1.15199732780457,0.00456286211697886,0.0280557952412259,0.0620394418016076,0.0799401841436823,-1.20733211939427,-1.09723485677336
YDR446W,0.00578994350507855,-2.26279020309448,0.00197106832591776,0.151563848902412,0.00268032912863418,0.0103398516153296,-2.57181188713177,-1.98548569469588
YDR448W,0.255819350481033,-0.593023359775543,0.0170525365021056,0.0287988421940373,0.223880156874657,0.292138171444337,-0.649984397451506,-0.534411697031143
YDR449C,0.430571436882019,-0.366658806800842,0.024518534531526,0.0247362819830083,0.384334301203489,0.481354357053836,-0.415290854021195,-0.317535093377424
YDR451C,0.5566166639328,-0.25564432144165,0.0415157048901574,0.0322570818826175,0.479912251482407,0.644255285958449,-0.318838163078313,-0.190942014987688
YDR456W,0.235846266150475,-0.628065586090088,0.0133643044760826,0.024564981107686,0.210640317325791,0.263776974380016,-0.676458501628721,-0.578763120303615
YDR457W,0.41396176815033,-0.383187383413315,0.0108016815810535,0.0113266822188016,0.393652704606454,0.4346221126616,-0.404886760394579,-0.361888181575088
YDR458C,0.202377289533615,-0.694447159767151,0.0107444556236813,0.0230397091551165,0.182311882947882,0.224597254271309,-0.73918502679055,-0.648595559902509
YDR460W,0.228632733225822,-0.64269608259201,0.0210690319585255,0.0399049425749242,0.190415295958519,0.273086112737656,-0.72029817109415,-0.563700384607253
YDR463W,0.584938645362854,-0.233524799346924,0.0316543845734906,0.0234977003667606,0.524768293897311,0.648674398163954,-0.280032415108686,-0.187973244120398
YDR464W,0.137433513998985,-0.862205386161804,0.00510367771926466,0.0161136298430912,0.12776240631938,0.147946773096919,-0.893596918293891,-0.829894503264926
YDR465C,0.591488301753998,-0.228869706392288,0.0363233574692222,0.0266155832283463,0.524630791445573,0.666095856328805,-0.28014622371801,-0.176463268022823
YDR470C,0.136919781565666,-0.864538192749023,0.00931994833740916,0.0295451502231643,0.119230238410334,0.156270909185211,-0.923613588634074,-0.806121861221744
YDR472W,0.316032707691193,-0.502853274345398,0.034740632093249,0.0472978183765991,0.254863035182158,0.392748182266951,-0.593693159447444,-0.405885818231795
YDR473C,0.123580455780029,-0.909219741821289,0.00906791453517746,0.031871702284251,0.106308957996468,0.142352984721462,-0.973430144198965,-0.846633423704502
YDR477W,0.616166234016418,-0.210830792784691,0.0304345479601284,0.021434875246401,0.559191613892714,0.676150405903657,-0.252439350269213,-0.169956686916156
YDR479C,0.0842703953385353,-1.07540571689606,0.00595509248886146,0.0306885574008966,0.0733376621579131,0.0962842593590418,-1.13467294037191,-1.016444706374
YDR481C,1.78511834144592,0.251188188791275,0.0838570961035743,0.0203688152930381,1.62896768848101,1.95681593914827,0.211912469787888,0.291549977121019
YDR484W,0.120150171220303,-0.92096072435379,0.00676094342988058,0.0244104156154534,0.107509608815114,0.134365945185224,-0.968552718913904,-0.87171078868272
YDR485C,0.130562320351601,-0.884623527526855,0.00590155212117548,0.0196251838093759,0.119324976764619,0.142584858586391,-0.923268641529272,-0.845926591117551
YDR486C,0.662133991718292,-0.185394048690796,0.114399243714135,0.0740995359420161,0.467843395471573,0.919823645552,-0.3298994973157,-0.0362954808262906
YDR488C,0.0774449855089188,-1.11218369007111,0.00570527224910761,0.03198070375909,0.0667188391089439,0.0890083536505699,-1.17575151891957,-1.0505692318484
YDR489W,0.181001469492912,-0.744736194610596,0.0191785216741946,0.0458209951932022,0.146626560762525,0.221756433943907,-0.83378735652831,-0.654123771139175
YDR490C,0.163792252540588,-0.786212384700775,0.00790958689477297,0.0209594680184041,0.14863054715097,0.17958526139458,-0.827891937869733,-0.745729309151714
YDR492W,0.341896802186966,-0.467938631772995,0.0315592152649648,0.0398601220190643,0.285545803854863,0.408876240005096,-0.54432421834456,-0.388408127638809
YDR494W,0.301176577806473,-0.522560358047485,0.0241275437511344,0.0346319521937619,0.257640107472738,0.353619903326035,-0.588986528707253,-0.451463302831997
YDR495C,0.0903205648064613,-1.04475021362305,0.00450422772399763,0.0216453802202673,0.0815605119491617,0.0995377487192551,-1.08852006247052,-1.00201218665897
YDR496C,1.25573647022247,0.0984765812754631,0.0554965136952413,0.01917224721146,1.15146150390307,1.36858961582184,0.0612494227252844,0.13627324025687
YDR497C,1.02935373783112,0.0121610332280397,0.044432959709255,0.0187378698527595,0.945755239824454,1.12176416714986,-0.0242212447469467,0.0499015190410192
YDR498C,0.185943767428398,-0.731876611709595,0.0141848906146012,0.0330164831668751,0.160087396328648,0.216191141555707,-0.795642972455147,-0.665162162104518
YDR499W,0.0532561577856541,-1.27457225322723,0.00351548840854293,0.0286325403323515,0.0468102314819892,0.0603527277708054,-1.32965921286735,-1.21930309625368
YDR501W,0.0840812548995018,-1.07637476921082,0.00592037113658592,0.0305440711420005,0.0730652377009392,0.0960549191882213,-1.13628921997444,-1.01748038915621
YDR503C,0.173333287239075,-0.764167428016663,0.0206318182855573,0.0514500799482793,0.136401578783989,0.217761614173651,-0.865180602896502,-0.662018674858558
YDR505C,0.264442026615143,-0.57805073261261,0.011082419734542,0.0181991342707681,0.242994507402182,0.286743645370007,-0.614403543178208,-0.5425061980564
YDR506C,0.105036593973637,-0.979425609111786,0.00624175315764767,0.0257971863368278,0.0932054838165641,0.11808551431944,-1.03055853486659,-0.927803376238106
YDR507C,0.500618696212769,-0.300770312547684,0.0179282719857439,0.0155202466636961,0.466445587575436,0.537862034638723,-0.331199011127183,-0.269329110182099
YDR514C,0.20482037961483,-0.689460694789886,0.0127171542876231,0.0269114550139224,0.181364918624361,0.23154529457291,-0.741446716728932,-0.635364040247443
YDR515W,0.219252228736877,-0.660118937492371,0.015386625753036,0.0304017903066688,0.191320762659113,0.251282960176468,-0.718237897064218,-0.599836960481196
YDR517W,0.576677799224854,-0.240018382668495,0.0382236701502408,0.0287241800172646,0.505704948306084,0.654532732566198,-0.296102888981102,-0.184068630571165
YDR518W,0.687800049781799,-0.163085773587227,0.0345592910902783,0.021832387954298,0.62169984827439,0.756760076681773,-0.206419246230223,-0.121041787478689
YDR522C,0.00172506901435554,-2.79213428497314,0.000630315981850361,0.160807269143992,0.000754853939967385,0.0031800699303858,-3.12213733008834,-2.49756357814944
YDR524C,0.103182286024094,-0.987401485443115,0.00703767061759779,0.0295849504925687,0.0900485632320245,0.117700368414323,-1.04552321221607,-0.929222177932025
YDR527W,0.345218867063522,-0.462834864854813,0.0225777916425792,0.0284141853032646,0.302296751489242,0.391025400161743,-0.519566543126106,-0.407795031529808
YDR528W,0.138438314199448,-0.859963059425354,0.0103877533667799,0.0325731368328364,0.118676251421372,0.160200414682428,-0.925636184950876,-0.795336389382608
YDR530C,0.159397855401039,-0.799406468868256,0.0149396914272538,0.0404719683916658,0.132148014505704,0.19214062516888,-0.87893936955184,-0.716380815585922
YDR531W,0.479021728038788,-0.320767104625702,0.0344910067597041,0.0312097614476157,0.4161606580019,0.550488785902659,-0.380738978583033,-0.259251570160472
YDR532C,0.117784045636654,-0.930475115776062,0.0100134124741792,0.0367956040754141,0.0995513035605351,0.138892352581024,-1.00195304885813,-0.857321665877171
YDR533C,0.300008833408356,-0.528167068958282,0.0471304104229411,0.0678640368792875,0.219807459165653,0.399014940112829,-0.657957575935462,-0.399010894235752
YDR534C,0.195787012577057,-0.708982646465302,0.011630695422536,0.0257883703719778,0.173673848311106,0.219372485702236,-0.760265573458514,-0.658817844964791
YDR536W,0.00162194180302322,-2.81938338279724,0.000591936509128057,0.162870264496106,0.000708788204065058,0.00298159341715897,-3.1494835226487,-2.52555181028578
YDR538W,0.151464074850082,-0.824515640735626,0.0226582562240703,0.0648130388667422,0.11199434970816,0.199501391624411,-0.950803912736408,-0.700054075322068
YDR539W,0.475647568702698,-0.323320180177689,0.0251808383215141,0.0229455635528221,0.429481739799182,0.527957107623418,-0.367055297148684,-0.277401359100165
YDR541C,0.0785561427474022,-1.10688364505768,0.00766567544387363,0.0423756751080378,0.064334098311762,0.0945291593670845,-1.19155880057499,-1.02443420420154
YEL072W,0.0230139400810003,-1.66594302654266,0.00830054019830419,0.15770283821637,0.010293325339444,0.042374410138776,-1.98744430144927,-1.3728966309074
YEL065W,0.976976096630096,-0.0105040026828647,0.0413395389797789,0.0183543333400379,0.899135344227155,1.0603316038847,-0.0461749306502331,0.0254417056202944
YEL064C,0.0672550350427628,-1.17358231544495,0.0052249325809376,0.0336989501440766,0.0576126021022598,0.07797230972598,-1.23948251023845,-1.10805960749478
YEL063C,0.513255834579468,-0.290135771036148,0.0239483753391667,0.0202040009167657,0.470120104650656,0.562670588493347,-0.32779117919181,-0.249745785377152
YEL062W,0.0806232765316963,-1.09442007541656,0.00513702369264575,0.0276638668523892,0.0708805086712043,0.0912302600840728,-1.14947317481156,-1.03986108879631
YEL060C,0.912283778190613,-0.0402726233005524,0.0392957370159107,0.018693412417242,0.838022241989771,0.995127565165361,-0.0767444562814779,-0.00212124386086153
YEL058W,0.92781013250351,-0.0329775549471378,0.0416783774888652,0.0194756117728132,0.84937121172746,1.01148843765259,-0.0709024680765984,0.00496092270506467
YEL057C,0.0153440488502383,-1.85098206996918,0.00635014740725692,0.182152866699897,0.00577817450587948,0.030345553252846,-2.2382095571554,-1.51790503700157
YEL056W,0.285984754562378,-0.544751048088074,0.0203601253620825,0.0307916238532954,0.249140930424134,0.328912288447221,-0.60355491885856,-0.482919911939079
YEL055C,0.70642101764679,-0.151179805397987,0.0236326576259362,0.0145239612646562,0.662049208581448,0.753735592464606,-0.17910972929729,-0.122780976427424
YEL053C,0.119415365159512,-0.923449873924255,0.0057884206755509,0.021049453884627,0.108720633077125,0.131154302880168,-0.963688028938044,-0.882217456732518
YEL052W,0.262502580881119,-0.581615149974823,0.0154279303644215,0.0255042956638448,0.233647047479947,0.294658376276493,-0.631439702835457,-0.530681209196446
YEL051W,3.490394115448,0.540605306625366,0.359027009908239,0.0443339041735181,2.84799599647522,4.27510222991308,0.454539369726189,0.630946503120709
YEL050C,0.293384581804276,-0.533586204051971,0.0201665687427452,0.029803697294945,0.256066206345956,0.334218365699053,-0.591647742630822,-0.475969694361527
YEL047C,1.45732808113098,0.162996932864189,0.0740774811660589,0.0220458599419749,1.32194168865681,1.60703484515349,0.121212257727874,0.206025291520523
YEL043W,0.154258951544762,-0.812171220779419,0.00680543542441069,0.0191345876482682,0.14166886570553,0.167981800809503,-0.848725583415472,-0.774737770533524
YEL042W,1.4681259393692,0.166228726506233,0.0728705226831852,0.0215249768425394,1.33007563451926,1.61779685417811,0.123876290517928,0.208923986206748
YEL041W,0.0383429303765297,-1.418501496315,0.00386254922476844,0.0436410650407983,0.0311769722805669,0.0467203669250011,-1.5061660769824,-1.3304937550892
YEL040W,2.68490719795227,0.428362399339676,0.137210703356058,0.0221570135451256,2.43204832275709,2.96858717997869,0.385972199677464,0.472549806344096
YEL038W,0.312184303998947,-0.513726353645325,0.0613767506300955,0.0838142935015508,0.211803674697876,0.451749047388633,-0.674066532755191,-0.345102772553442
YEL037C,2.22071886062622,0.345594972372055,0.14329899833977,0.0279081917118741,1.95529506603877,2.5289849559466,0.291212303612613,0.402946245882633
YEL036C,0.45822948217392,-0.339526981115341,0.0243311451476374,0.022999888901128,0.412558616201083,0.509367716312408,-0.384514338503156,-0.292968584082996
YEL032W,0.366079896688461,-0.436804682016373,0.0153345259759805,0.0181871300077267,0.336549401283264,0.397045547763507,-0.472951177710432,-0.401159669849117
YEL031W,1.8994106054306,0.27840057015419,0.0603358027488669,0.0137882273562266,1.78752595384916,2.02097254594167,0.252252356220707,0.305560413732908
YEL029C,0.183405041694641,-0.73876416683197,0.0184249048645807,0.0434608819412783,0.149807722618183,0.223107086867094,-0.824465807833243,-0.651486634578305
YEL023C,0.000883923610672355,-3.09157299995422,0.000367628576929093,0.186270207374564,0.000334357931327152,0.001761930284556,-3.47578843453645,-2.75401135347986
YEL022W,0.40661233663559,-0.391055941581726,0.0134086440670944,0.0143211722214748,0.380555838843187,0.433575579027335,-0.419581610321834,-0.362935187932878
YEL021W,0.00273618171922863,-2.65260863304138,0.00175721396125581,0.293570142835308,0.000491570415518557,0.00718881584471093,-3.30841681118465,-2.14334314652912
YEL020C,0.0881064459681511,-1.0560439825058,0.00613756457730508,0.0302450273628301,0.076432663636903,0.100916892352204,-1.11672101863105,-0.996036132189905
YEL019C,0.0956215560436249,-1.02426815032959,0.0143550707517,0.0646746181939412,0.0707168718179067,0.127122035125891,-1.15047699431773,-0.895779181708702
YEL016C,0.0657886117696762,-1.18336570262909,0.00550776105165125,0.0363123948127303,0.0557090007389585,0.0771422222877542,-1.25407463215667,-1.11270785801204
YEL015W,0.498448401689529,-0.302909433841705,0.024603258424877,0.0214518523059271,0.451359609514475,0.548997855683168,-0.345477307123,-0.260429353485006
YEL013W,0.982143342494965,-0.00832932721823454,0.0474442865848726,0.0209199382296044,0.89735606610775,1.07872996330261,-0.0470352026382786,0.0329127420523333
YEL011W,0.112520068883896,-0.949402153491974,0.0060870407199718,0.0234424218334595,0.101291838785013,0.124840856405596,-0.994425545000785,-0.903643262788886
YEL007W,0.401106536388397,-0.397188872098923,0.018236585491814,0.0197263745969378,0.366436570882797,0.438712034126123,-0.436001189643867,-0.357820453808167
YEL006W,0.0961274206638336,-1.01960170269012,0.0102384737088146,0.0461334189149825,0.0773914678643147,0.117955914015571,-1.11130697286077,-0.928280280330373
YEL005C,0.0469841733574867,-1.3348890542984,0.00834701787875594,0.0773481849400738,0.0321901284779112,0.065243942476809,-1.49227730615394,-1.18545980523406
YEL004W,0.116166941821575,-0.937295198440552,0.0121846112356609,0.045449596115762,0.093853587595125,0.141724415247639,-1.02754912173459,-0.84855532719255
YEL002C,2.1893424987793,0.339525938034058,0.132180272878756,0.0261351521689133,1.94519338607788,2.458488347133,0.288962782865196,0.390668154109367
YER001W,0.48488911986351,-0.314759910106659,0.020906306282746,0.0187001642647948,0.445365149776141,0.528693290551504,-0.351283769934265,-0.276796204652379
YER002W,1.86310493946075,0.265256077051163,0.285044569851279,0.0656166891671129,1.3809236506621,2.50873770515124,0.140169663445666,0.399455256816964
YER003C,3.71500420570374,0.569257199764252,0.211575206434182,0.0246999759740498,3.31270298957825,4.146322453022,0.520182499569486,0.617663071760579
YER004W,1.50167882442474,0.171509757637978,0.232730164145657,0.0660705883563452,1.11271084944407,2.02446290254593,0.0463822901289227,0.306309816738025
YER005W,0.131054997444153,-0.883206903934479,0.00724027053820696,0.0239533027670635,0.117256776678065,0.146246529122194,-0.93086205463226,-0.834914443501515
YER006W,1.63630974292755,0.213394924998283,0.0762884122749507,0.0202122460875431,1.49246501922607,1.79515166282654,0.173904160816399,0.254101145637716
YER008C,0.201321184635162,-0.696379125118256,0.00707484177037818,0.0152499082470759,0.188279876609643,0.215669744461775,-0.725196095196679,-0.666210776432555
YER010C,0.40434467792511,-0.399454176425934,0.0694788480846206,0.0731412223454551,0.289553425212701,0.56488650739193,-0.538271300640835,-0.248038809239747
YER014W,0.194683313369751,-0.711438298225403,0.011605327293172,0.0257788006294528,0.173066791395346,0.21905022226274,-0.761786265238263,-0.659456301828491
YER016W,0.360743492841721,-0.444202452898026,0.0290674204532143,0.0348561612239659,0.307926756391923,0.422826363394658,-0.511552573472731,-0.37383794208902
YER017C,0.25482913851738,-0.594245731830597,0.0121451232586953,0.0206991069758828,0.231394361704588,0.279475037256877,-0.635647227761502,-0.55365697737918
YER020W,0.255371272563934,-0.59357476234436,0.0149756259827503,0.0254741393333794,0.227054379756252,0.284203076859315,-0.643870116406635,-0.546371228871136
YER021W,1.47598898410797,0.168548554182053,0.073343251754879,0.0215516452844707,1.33751625816027,1.62544564902782,0.126299066851834,0.210972452097624
YER022W,0.204677611589432,-0.689422726631165,0.00975555817477521,0.0206648661183629,0.186852902173996,0.224905847261349,-0.728500152358824,-0.647999256979714
YER023W,5.15835428237915,0.710950493812561,0.437988349293647,0.0367909719253558,4.36076247294744,6.0571099559466,0.639562430919276,0.782265457443253
YER025W,4.07154512405396,0.609247148036957,0.198099564234241,0.0211177444140684,3.68913559118907,4.46304768323898,0.566924616386922,0.649631526850013
YER027C,0.855008482933044,-0.068792961537838,0.0507224205262792,0.0257562201096375,0.760487191875776,0.957982971270879,-0.118908110079314,-0.0186422107171393
YER028C,0.0929794535040855,-1.03320503234863,0.00796622463679519,0.0372132913699741,0.0780772464970748,0.109168307669461,-1.10747551572872,-0.961903422090606
YER037W,0.228559821844101,-0.642647683620453,0.0199333945913269,0.037848665783037,0.192596957087517,0.269358598937591,-0.715350578740767,-0.569669161203987
YER038C,0.0348669737577438,-1.45993435382843,0.00363774989634404,0.0451581613052008,0.0281656788196415,0.0426926093796889,-1.55027978248127,-1.36964730182745
YER039C,0.00391043303534389,-2.48289561271667,0.00226211809187122,0.268702088565361,0.00080201729433611,0.00969952086452396,-3.09581642876068,-2.01325013299029
YER040W,0.117674350738525,-0.929905593395233,0.00612764981236733,0.0226082544709007,0.106191469356418,0.129660664498806,-0.973910370214938,-0.887191757019959
YER043C,12.6498222351074,1.10153770446777,0.634279575593588,0.0217437402825339,11.485259437561,13.9346647103628,1.06014080715262,1.14409652103077
YER044C-A,0.00228113564662635,-2.67282629013062,0.0008608262848776,0.167100291368623,0.000923407972247029,0.00432935839441295,-3.03460638035055,-2.36357679730496
YER045C,0.0498751141130924,-1.30351626873016,0.00402074973047084,0.0349108005491757,0.0427284727493922,0.0581953825739523,-1.36928263534557,-1.23511147842823
YER047C,0.106331408023834,-0.973764955997467,0.00469947383196773,0.0191687470997742,0.0977548733353615,0.115737873998781,-1.00986158267993,-0.936524501021142
YER049W,1.05459129810333,0.0227167587727308,0.0433626234388512,0.0178519224301704,0.973152022063732,1.14099117120107,-0.0118193113529992,0.0572822827012647
YER051W,0.0546809770166874,-1.26362466812134,0.00449408111136273,0.0356202205946678,0.0464920850781103,0.0637431416039666,-1.33262102533137,-1.19556666462946
YER052C,1.13863277435303,0.0558592528104782,0.0560606892625844,0.0213362855493068,1.03483343521754,1.25557931959629,0.0148704515673313,0.0988441538963383
YER053C,0.16370302438736,-0.788372993469238,0.0173854458547462,0.0459147104878353,0.132621617491047,0.201555188000202,-0.877385684624061,-0.695606029614793
YER055C,3.58416295051575,0.552999496459961,0.287994913495035,0.0346933107701649,3.04761412541072,4.19683966636658,0.483959977722066,0.622922376834002
YER059W,0.232624858617783,-0.634330153465271,0.0157078580045805,0.0292243506885973,0.204254245385528,0.266509383916855,-0.689828925472367,-0.574287494661575
YER061C,0.159437000751495,-0.798574686050415,0.0116972614503453,0.0317396108642249,0.138200214381019,0.184073445945978,-0.859491283344948,-0.735008860551897
YER062C,1.84993612766266,0.264639347791672,0.200787825792147,0.0466458710878247,1.50488395690918,2.28150360584259,0.177503009885788,0.358221066025687
YER064C,1.0391583442688,0.016172694042325,0.0503592817835015,0.0210412988730409,0.944903439780076,1.13859255115191,-0.0246125847084626,0.0563683381900373
YER065C,0.00808066222816706,-2.09783220291138,0.00126751756997002,0.0677412217605553,0.00585456409413988,0.0108322043903172,-2.23250544119005,-1.9652831767006
YER068W,0.587154269218445,-0.231728836894035,0.0276847863639511,0.0204396669635896,0.53520811299483,0.645316578447819,-0.271477311908177,-0.190227177614376
YER073W,1.13577449321747,0.0547458678483963,0.0570961458875858,0.0217746461921011,1.02974771062533,1.25458088119825,0.0127308349217589,0.0984986640214472
YER076C,0.0635692700743675,-1.20117557048798,0.00909559708563261,0.0620296163337832,0.0473295575628678,0.0829980573306481,-1.32486755825474,-1.0809320737979
YER080W,0.867341101169586,-0.0622462630271912,0.038903646525634,0.0194561901823064,0.7934611449639,0.946922790507476,-0.100474335403911,-0.0236854309212168
YER082C,0.548312425613403,-0.261469691991806,0.0262443741981552,0.0207663268910444,0.499768680085738,0.601525061825911,-0.301230964117432,-0.220746274832172
YER087W,0.161582067608833,-0.792263746261597,0.00889659293068733,0.0239073368426177,0.144639704252283,0.179368364190062,-0.83971247727246,-0.746254152809928
YER088C,0.429638266563416,-0.367387294769287,0.0204332840935137,0.0206429691116152,0.391693972051144,0.470762446771065,-0.407053112509464,-0.327198188731299
YER089C,0.846800029277802,-0.0729151293635368,0.0480120434731832,0.0245925802017913,0.759692966938019,0.945336705942949,-0.119361894175086,-0.024413484866248
YER090W,2.00821900367737,0.302194327116013,0.107201232593493,0.0231689852080087,1.80426805714766,2.22332402269046,0.256301058531645,0.347002732824459
YER091C,7.17836809158325,0.855704367160797,0.276379547921093,0.0167239190863729,6.64536075592041,7.71883865992228,0.822518561531091,0.887551963096011
YER095W,0.478899955749512,-0.320775598287582,0.0328699675903706,0.0297734499424318,0.417293569693963,0.546884449819724,-0.379558312441084,-0.262104426394678
YER096W,0.0103424284607172,-1.99168980121613,0.00176541660230137,0.0742641579858106,0.00721383334603161,0.0141003105090931,-2.14183391426944,-1.85077132349701
YER098W,0.0335092321038246,-1.47605621814728,0.00251266181262467,0.0325557072926937,0.0288827294794222,0.0385505482554436,-1.53936176759636,-1.41396944115075
YER099C,0.712246656417847,-0.148852080106735,0.0589379137096468,0.0358937204793299,0.604754822949568,0.83440597653389,-0.218420695793482,-0.0786225951386183
YER101C,0.155149802565575,-0.810361921787262,0.0111374037512965,0.03108705941659,0.135031110793352,0.178050340339541,-0.869566165724315,-0.749457193799865
YER103W,0.198112949728966,-0.703706562519073,0.0105912161975576,0.0231996916609366,0.177685829997063,0.220032100379467,-0.750347204725507,-0.657513955643074
YER106W,0.00389686669223011,-2.45013093948364,0.00167926212725408,0.193759581113614,0.00132308256967614,0.00788215465533237,-2.87841307290398,-2.10335507698583
YER107C,0.535441040992737,-0.272432804107666,0.0389484409235097,0.0315336028239418,0.462923321624597,0.617123664418856,-0.334490939376139,-0.20962780324029
YER110C,4.36430358886719,0.63968962430954,0.140503546135923,0.0139916486386417,4.0914693236351,4.64286222060522,0.611879296872082,0.666785793388031
YER111C,0.159633681178093,-0.797235071659088,0.00649607971603001,0.0176459179047385,0.147433373952905,0.172807175169388,-0.831404198001087,-0.762438233778112
YER116C,0.139080479741096,-0.86028528213501,0.0178120670467283,0.055639232150199,0.106710938798885,0.177269324660301,-0.971791179309389,-0.751366409821251
YER118C,0.562534630298615,-0.250969588756561,0.0405356071274683,0.0311583977604547,0.489984035491943,0.648706214129925,-0.309818069789248,-0.187951943295458
YER119C,0.277679979801178,-0.557389080524445,0.0182521157974374,0.028482031916714,0.24408982694149,0.315693587064743,-0.61245032052235,-0.500734240187867
YER122C,1.69979572296143,0.229851678013802,0.0853070165763561,0.0217645900206228,1.54317379991213,1.87090761264165,0.188414840926,0.272052341576365
YER124C,1.38868618011475,0.142120689153671,0.0655575932581703,0.0204838658348836,1.26456212997437,1.52050003111362,0.10194017179206,0.181986432358253
YER126C,1.66931641101837,0.220239117741585,0.17233821373224,0.044693652168018,1.36022251546383,2.0454273780187,0.133609880963728,0.310784059429619
YER127W,0.561299502849579,-0.251777499914169,0.0375815425129708,0.0290621083227421,0.491757303476334,0.638452852765719,-0.308249181310168,-0.194871169911675
YER129W,0.0741114839911461,-1.13060426712036,0.00351995919228701,0.0206048032858813,0.067387096149226,0.0812584811200698,-1.17142325904029,-1.09013130493389
YER130C,0.238611325621605,-0.62337452173233,0.0167515601568707,0.0304186418885529,0.207739097004135,0.274617562194665,-0.682481769957135,-0.561271696102963
YER132C,0.0570107251405716,-1.24446296691895,0.00250525142325881,0.0190864457926638,0.0521540168051918,0.0620574914539854,-1.28271223864122,-1.2072057857465
YER133W,2.73679304122925,0.436107903718948,0.198371816637833,0.0313622908434064,2.37394656340281,3.14873812596003,0.375470934049947,0.498136542142568
YER136W,1.9005069732666,0.278323501348495,0.0953965678148569,0.0217696734999077,1.72122438649336,2.09693543314934,0.235837478444542,0.32158505823753
YER139C,0.337101548910141,-0.478600203990936,0.058201792160877,0.0742624806517579,0.238580204794804,0.467492341746887,-0.622365696383728,-0.330225505030456
YER141W,0.602872431278229,-0.220379948616028,0.0319415807214231,0.0229081994592607,0.544017932812373,0.669552445411682,-0.264386787526339,-0.174215399442367
YER142C,0.178930386900902,-0.749891459941864,0.0195614484442568,0.047267820074798,0.144698769350847,0.220704390853644,-0.839535164496084,-0.656189105682109
YER143W,0.501441299915314,-0.300720423460007,0.0330324466892529,0.0285598514795444,0.441022444764773,0.568882703781128,-0.355539330791707,-0.244977270251572
YER148W,1.62023591995239,0.205633565783501,0.221035673041943,0.0583361765829919,1.24045861065388,2.12382813692093,0.0935822740411846,0.327119369974878
YER149C,0.183784797787666,-0.736746311187744,0.0128430739146733,0.0303068841477115,0.159290994952122,0.210252046957612,-0.797808775607976,-0.67725976874438
YER151C,0.555716335773468,-0.255457490682602,0.021045471502858,0.0164304320898586,0.516008677085241,0.599373960494995,-0.287342996526023,-0.222302128779458
YER154W,0.345703631639481,-0.462430119514465,0.0250474928059389,0.0313754933341488,0.298709462334712,0.397630357245604,-0.524751021238165,-0.400520469922694
YER155C,0.376782923936844,-0.424094617366791,0.0110236556992718,0.0127075507706873,0.355923475076755,0.398915136605501,-0.448643369307017,-0.399119484729517
YER156C,1.44896912574768,0.159961014986038,0.103290181913543,0.0308637535181957,1.25721402664979,1.66948794722557,0.0994091789955234,0.222583201801944
YER157W,0.174050197005272,-0.759774565696716,0.00792646682026436,0.019779861203891,0.159128681942821,0.19001841408511,-0.798251534452541,-0.721204311042953
YER158C,0.0435910448431969,-1.3618985414505,0.00336414126912687,0.0335712241595417,0.0371883030359944,0.0505574616913994,-1.42959364407192,-1.29621473969869
YER162C,0.0711143091320992,-1.14867007732391,0.00383316410066493,0.0233561076076711,0.0640941072876255,0.0790864928315083,-1.19318189968355,-1.10189768342306
YER163C,0.347959578037262,-0.465045958757401,0.0617736165106937,0.0751596465304888,0.246970873574416,0.488260424633821,-0.607354326345961,-0.311348489140005
YER164W,0.449739456176758,-0.347277283668518,0.0149548432759048,0.014413131816922,0.42196657905976,0.479661378264427,-0.374721945116519,-0.31906524904124
YER165W,10.525616645813,1.02175557613373,0.502608083469236,0.0206680861113588,9.6132231871287,11.5776104609172,0.982869024642727,1.06361893321021
YER166W,0.308785915374756,-0.510559618473053,0.00978545470410748,0.0137668079995781,0.290067507326603,0.328408337632815,-0.537500917639521,-0.483585825553661
YER167W,0.133841425180435,-0.873889088630676,0.00629984953411164,0.0204027691562054,0.121927846347292,0.146724537014961,-0.913897098886484,-0.833497252215921
YER168C,0.391968131065369,-0.407298982143402,0.0197479306113267,0.0218097195392809,0.356254890064398,0.433490339418252,-0.448239172721062,-0.363020577352216
YER169W,0.102683939039707,-0.989136397838593,0.0055585205119543,0.023558548672914,0.0921556020155549,0.113486660644412,-1.03547825987996,-0.945055182970619
YER173W,0.0279135648161173,-1.5556675195694,0.00230527031395745,0.0359226523312551,0.0235874875914305,0.0326917178618411,-1.62731832097028,-1.48556225785503
YER174C,0.403130948543549,-0.398709803819656,0.056222902416967,0.0599765896171647,0.306779086589813,0.524901636441549,-0.513174249964969,-0.279922077871683
YER176W,0.227735251188278,-0.642876267433167,0.00858804304309428,0.0163614006683524,0.211272185419997,0.245060250163078,-0.675157676925867,-0.610727127486534
YER178W,6.15859365463257,0.788794696331024,0.346902888268087,0.02441954312797,5.50910850763321,6.86030951738358,0.741081325003723,0.836343709839159
YER179W,0.0198545567691326,-1.70842635631561,0.00337413140363476,0.0742608565800711,0.013670653065977,0.0272856219206005,-1.864210926491,-1.56406614299433
YER180C,0.00268035707995296,-2.64368677139282,0.00155911678297468,0.25962318014059,0.000598017040465493,0.00682084198730688,-3.22328647763763,-2.16616234095514
YER182W,0.384111255407333,-0.420146733522415,0.0564748314785997,0.0631249445971633,0.286847277979056,0.509951877097289,-0.542349272848907,-0.292470816734732
YER184C,0.0120451953262091,-1.92227828502655,0.00143662093802491,0.0519637204602041,0.00942692996468395,0.0150941119141256,-2.02562971940906,-1.8211924634837
YER185W,0.00603190017864108,-2.24528241157532,0.00205619624769318,0.152367467745715,0.00265581905841827,0.010636245032462,-2.57580151688208,-1.97321167718154
YER186C,0.00549107417464256,-2.29016017913818,0.00203391624161092,0.163536369157952,0.00231812611843149,0.01010483946496,-2.63486314847144,-1.99547058191547
YFL055W,0.00737019348889589,-2.13850784301758,0.00122357111651606,0.0723788399128597,0.00518929786436881,0.00998281834181399,-2.28489142102185,-2.0007468785055
YFL054C,0.0268929526209831,-1.57175493240356,0.00215227000040847,0.0348305182287181,0.0229385244039198,0.0312019762583077,-1.63943452776132,-1.50581789984249
YFL053W,0.00275070848874748,-2.57446503639221,0.000693034705784887,0.111335582650679,0.00151137567202871,0.00429634557804093,-2.82062777246352,-2.36690088635957
YFL052W,0.00806561950594187,-2.1007399559021,0.00147920474064333,0.0806231934369053,0.00541176254628226,0.0111417601971577,-2.26666128460083,-1.95304620604002
YFL049W,0.180232912302017,-0.744819819927216,0.00989750240366172,0.023817698941492,0.161549590031306,0.201253390560548,-0.791694141136004,-0.69625679921731
YFL047W,0.228401809930801,-0.641741991043091,0.0102813695651125,0.0195814196146088,0.208730183914304,0.248429113750656,-0.680414758240187,-0.604797510595878
YFL044C,0.510540127754211,-0.293605417013168,0.044404525995345,0.0376692545341138,0.42917750403285,0.606098504364491,-0.367363050388516,-0.217456837379077
YFL042C,0.181095793843269,-0.742653489112854,0.00920413133315374,0.0220736975204982,0.163606872161229,0.199542435755332,-0.786198466405025,-0.699964731063683
YFL040W,0.00106666481588036,-3.01310229301453,0.000457862303831837,0.19466250981756,0.000378817950210456,0.00212612014535504,-3.42157052892724,-2.67241227498288
YFL039C,19.5060539245605,1.28922152519226,1.28946633226714,0.0285918163811152,17.2051605065664,22.2122344970703,1.2356587279658,1.34659224972067
YFL036W,0.222926020622253,-0.652137458324432,0.008266210002464,0.0161137833661538,0.206817520906528,0.239425983279943,-0.68441267200622,-0.620828722665039
YFL034C-B,0.334500372409821,-0.478152096271515,0.0363776683737056,0.0470463605738273,0.268391621609529,0.414155654609203,-0.57123106919851,-0.382836409218742
YFL034W,0.123179331421852,-0.909883081912994,0.00542170969933922,0.0190830405147993,0.112886448266606,0.134164663528403,-0.947358190977889,-0.872361854179922
YFL031W,0.127514690160751,-0.901228904724121,0.0227721962970855,0.0766952033627431,0.0896652725835641,0.178809428339203,-1.04737572698904,-0.747610265605357
YFL030W,0.0128889875486493,-1.89740037918091,0.00241857071346899,0.0816044547069255,0.00871520672614376,0.0179868236960222,-2.05972237140744,-1.74504552226962
YFL029C,0.185623407363892,-0.73276150226593,0.014905070318545,0.0348013257239813,0.158340694382787,0.21726297562321,-0.80040745485732,-0.663014281762416
YFL028C,0.420776963233948,-0.378002882003784,0.0411502383209065,0.0422070365832501,0.346906989812851,0.50905341655016,-0.459786949490405,-0.293236669360912
YFL027C,0.0765149891376495,-1.11742281913757,0.00562728716903708,0.0318615646423679,0.0661691580588619,0.087965189293027,-1.17934439194349,-1.05568920033546
YFL026W,2.64526152610779,0.421737551689148,0.153784971088287,0.0251494227701786,2.3672582368056,2.96122095187505,0.374245633668151,0.471470807697443
YFL025C,0.105886660516262,-0.97558867931366,0.00471514598107185,0.0193185060310119,0.0968572318553925,0.115863529220223,-1.01386794710178,-0.936053247016415
YFL024C,0.115071982145309,-0.939577043056488,0.00577748053880372,0.0217866441513723,0.104157782594363,0.127064736684163,-0.982308281385005,-0.895974968207921
YFL023W,0.316447377204895,-0.500147461891174,0.0143889849915642,0.0197546564712732,0.288465830435356,0.345321208238602,-0.539905623170851,-0.46177674821252
YFL022C,3.59390616416931,0.554989218711853,0.185148665115871,0.0223769348226364,3.2450233678023,3.96347999572754,0.511217826690192,0.598076670586169
YFL018C,2.83206629753113,0.451569467782974,0.140535610981706,0.021509703558274,2.56433281898499,3.12475061416626,0.408974383414111,0.494815362091831
YFL016C,0.404392808675766,-0.393838673830032,0.0220194933312624,0.0236131782091699,0.363438776135445,0.449329300721486,-0.439568738812741,-0.347435260254471
YFL013C,0.259263098239899,-0.586714088916779,0.0119015461319069,0.0198927475899101,0.237084454173843,0.283736854791641,-0.625096922242985,-0.547084249706116
YFL011W,0.00189253140706569,-2.74560213088989,0.00061041363199353,0.142100330503269,0.000923222571145743,0.00333492401793289,-3.03469358633282,-2.47691406531816
YFL008W,0.299725770950317,-0.523577690124512,0.0111946754867055,0.0162094687893827,0.278913289308548,0.322481917093198,-0.554530792525372,-0.491494635986088
YFL007W,0.329429775476456,-0.482423424720764,0.00965763449441389,0.012730823310251,0.311136891692877,0.348130701730649,-0.507048491759599,-0.458257674529326
YFL004W,1.85626900196075,0.268283396959305,0.0753327173236901,0.0176335106286497,1.70835906068484,2.00970124801,0.232579155393744,0.303131485818755
YFL002C,0.309118032455444,-0.510457217693329,0.0160100994594779,0.0224782744649191,0.279043363283078,0.342204689979553,-0.55432830353925,-0.465714042666682
YFR002W,0.495045751333237,-0.30571573972702,0.0201850732654123,0.0176950241624843,0.456595063209534,0.5358319029212,-0.340468788492846,-0.270971432479735
YFR005C,0.182522386312485,-0.73955637216568,0.0115843870865261,0.0275083064916827,0.161176086092989,0.205960140004754,-0.792699399207524,-0.686216824507354
YFR007W,0.14662492275238,-0.835502803325653,0.0130471457914415,0.0385501853097845,0.122227809391916,0.174564502884944,-0.912829971743489,-0.758044067788281
YFR009W,1.51647472381592,0.180491119623184,0.0602910613526605,0.0172650576987535,1.40176939964294,1.63799955745538,0.146676575185786,0.214313779540219
YFR013W,0.189122319221497,-0.723653972148895,0.00809815531794048,0.0185716756737911,0.173867708320419,0.205727071687579,-0.759781070104797,-0.686708558907179
YFR014C,0.256277173757553,-0.592147529125214,0.0161209982036013,0.0272593899896614,0.225858112176259,0.288842695206404,-0.646164306210365,-0.539338611898896
YFR015C,0.138459429144859,-0.859257102012634,0.00716941170142539,0.0224576939956809,0.125341549515724,0.152873312185208,-0.901904940703791,-0.815668326740806
YFR016C,0.377536475658417,-0.423280775547028,0.0125679501488746,0.0144456113313234,0.353637984395027,0.403122842311859,-0.451441094218048,-0.3945625925467
YFR018C,0.239227712154388,-0.622563660144806,0.0190749076313704,0.0345687201100865,0.204024332265059,0.279237848768632,-0.690318035777958,-0.554025716977378
YFR020W,0.0247087124735117,-1.63129770755768,0.00826527253120656,0.14679260250734,0.011580442606161,0.043577529489994,-1.93627496118298,-1.36073739454125
YFR021W,0.249659836292267,-0.603392601013184,0.0146068588888052,0.0253782551692789,0.222922293966015,0.280304469913244,-0.651846499022803,-0.552369976707679
YFR022W,0.0191407948732376,-1.71982908248901,0.00174143730853436,0.0394073286627358,0.0159944265459975,0.0226678227229665,-1.79603134471151,-1.64459019341293
YFR024C-A,1.70961618423462,0.232160866260529,0.0998849376307682,0.0253094363179785,1.52820389171441,1.91529460748037,0.184181301315468,0.282235569045396
YFR025C,0.298556238412857,-0.52648651599884,0.0249784885558172,0.0362245452027964,0.253398087869088,0.351094242433707,-0.596196685647315,-0.454576298926121
YFR027W,0.130456253886223,-0.887307047843933,0.0147665551508551,0.0490993406085918,0.103620960066716,0.162013837322593,-0.984552388214359,-0.790447899864327
YFR028C,0.383077025413513,-0.417256236076355,0.0191127959485952,0.0216845525725614,0.346058590213458,0.421789318323135,-0.460850371059708,-0.374904422823322
YFR029W,0.0634646713733673,-1.19834172725677,0.004031336668337,0.0275559504195624,0.0560171792283654,0.0716905951499939,-1.25167876422112,-1.14453782713587
YFR030W,0.230531081557274,-0.637591421604156,0.00885206562392182,0.0166755536820184,0.213775382315119,0.248079185684522,-0.670042308341998,-0.605409672468707
YFR034C,0.460515081882477,-0.338267356157303,0.0385541803487025,0.0361923182069452,0.391725547860066,0.542141079902649,-0.407018119835418,-0.265887683479244
YFR037C,1.16242611408234,0.0648483335971832,0.0567677772462044,0.0211801817278571,1.05745708942413,1.27670269608498,0.0242627531587387,0.106089773397376
YFR038W,0.136563897132874,-0.865131556987762,0.00631922305083956,0.020108962345076,0.124421935838958,0.149153702954451,-0.905103048680485,-0.826366005987754
YFR039C,0.227370709180832,-0.644080460071564,0.0139572422765059,0.026595352565892,0.201449766755104,0.256145723412434,-0.695833264393548,-0.591512896818625
YFR041C,0.444516658782959,-0.353846698999405,0.0399168419908037,0.0387622259449551,0.374175807336966,0.529194134473801,-0.426924297980266,-0.276384978249507
YFR043C,0.154258340597153,-0.817734062671661,0.0257605000913343,0.0721153455857942,0.109967345992724,0.211622306580345,-0.958736262178008,-0.674438622503157
YFR044C,3.42626786231995,0.534293830394745,0.168917405574373,0.0213893888986176,3.10914344390233,3.77452982664108,0.492640758668844,0.576862860965355
YFR046C,0.0635261088609695,-1.19933998584747,0.00653966236998391,0.0446597203694125,0.051692940822492,0.0773279829571644,-1.28656876131539,-1.11166331929197
YFR047C,1.0309089422226,0.0116360243409872,0.088390786863519,0.0370656150749916,0.879056512812773,1.21770395338535,-0.055983208923653,0.0855417157826528
YFR048W,0.120699808001518,-0.918848037719727,0.00612017295674503,0.0219575909784311,0.109503378594915,0.133558198809624,-0.960572493912432,-0.874329446553247
YFR051C,1.15713346004486,0.0628835931420326,0.0555698094557721,0.0208442368106939,1.05185277163982,1.26981997489929,0.0219549553743172,0.103742154460107
YFR053C,4.11243104934692,0.613536298274994,0.209856220124796,0.022110765915934,3.73005198041598,4.54216909408569,0.571714883461688,0.657263297928936
YFR055W,0.807215571403503,-0.0939823165535927,0.0539556973624619,0.0290589556324077,0.706555657088757,0.914301929871241,-0.150853625143843,-0.0389103796315441
YGL257C,0.128165110945702,-0.892951488494873,0.00739343762164953,0.0250111160766477,0.114632128179073,0.143045000980298,-0.940693644850065,-0.844527316871329
YGL256W,0.108257956802845,-0.967132985591888,0.00926151423133448,0.0372300429158227,0.0905607987816135,0.127521888166666,-1.04305977319921,-0.894415266422826
YGL255W,0.0671093612909317,-1.17518246173859,0.00638091790339119,0.0413337402706962,0.0556350885579983,0.0801430525258184,-1.25465121694132,-1.0961341272456
YGL254W,0.167549550533295,-0.778021216392517,0.0167927661780047,0.0433689400608791,0.136650113140543,0.203732035433253,-0.86439000716125,-0.690940677117327
YGL252C,0.430930852890015,-0.366143465042114,0.0217131140859044,0.0218665521511261,0.389397503683964,0.474083449939887,-0.409606914691913,-0.324145205783063
YGL250W,0.134798914194107,-0.876099288463593,0.022103044619644,0.0709978353976743,0.0960598933200041,0.182888796801368,-1.01745790004284,-0.737812922768926
YGL248W,0.178132966160774,-0.750680327415466,0.014461071557953,0.0351755433654367,0.151141971349716,0.210156214858095,-0.820614917564054,-0.677457913097182
YGL246C,0.312013149261475,-0.506817221641541,0.0211084824623714,0.0293054349632859,0.27416850104928,0.355329250792662,-0.561982442349295,-0.449369044713351
YGL245W,7.66852188110352,0.884359002113342,0.310033758175031,0.0175289677015229,7.10456203222275,8.31526513894399,0.851537308353654,0.919876101355622
YGL241W,0.212500855326653,-0.672960221767426,0.00817792625363855,0.0167049596076043,0.197232864424586,0.229110267013311,-0.705020717973868,-0.639955448588839
YGL240W,0.0631627291440964,-1.20694124698639,0.011723839503996,0.0803617652772701,0.0429594095796347,0.0889107984180252,-1.3669417203089,-1.05104552006888
YGL238W,0.705159068107605,-0.151998847723007,0.0256060803090847,0.0157590329027905,0.65647322734197,0.75623102982839,-0.182782988563489,-0.121345506850092
YGL237C,0.21872541308403,-0.6629798412323,0.0252788218772134,0.0500446271296265,0.17328711176912,0.272576506932577,-0.761233736745979,-0.564511578300196
YGL234W,3.80648040771484,0.580211937427521,0.144246013230083,0.0164500821789922,3.53103350400925,4.08893178701401,0.547901837545236,0.611609864292248
YGL233W,0.206014230847359,-0.686521351337433,0.00903473700890414,0.0190203353369,0.189200479661425,0.224553424492478,-0.723077767309979,-0.648680317817476
YGL232W,0.888589262962341,-0.0532846264541149,0.0853232245027344,0.0414878182926357,0.732142944137255,1.06682700018088,-0.135404118849779,0.0280939947257346
YGL229C,0.0360106341540813,-1.44469356536865,0.00258945074210519,0.0312694958133247,0.0312061154283583,0.0412546720976631,-1.50576029049438,-1.38452686043005
YGL228W,1.01556587219238,0.00626743212342262,0.0457985658862215,0.0195782988826736,0.928605320552985,1.1090681552887,-0.0321688356140074,0.0449582355597015
YGL225W,2.6158139705658,0.416227787733078,0.208958882711138,0.0345944259215909,2.22438346743584,3.07506230672201,0.347209648952808,0.487853914509727
YGL224C,0.252170562744141,-0.60116320848465,0.0290145733592792,0.049850022495302,0.198210298394163,0.313924470792214,-0.702873792115731,-0.503174834664214
YGL223C,0.218582794070244,-0.661459267139435,0.0154029724130115,0.0305548602302061,0.189992487430573,0.250874131421248,-0.721263571320601,-0.600544118124886
YGL216W,0.135669112205505,-0.86801290512085,0.00646365359770099,0.0206760469801454,0.123556690787276,0.149059980238477,-0.908133731993962,-0.826638941066091
YGL215W,0.237540289759636,-0.625137329101562,0.0151175639255982,0.0275191626192424,0.210916207606594,0.268899649381638,-0.675890052853839,-0.570409764053081
YGL213C,0.545966625213623,-0.263708859682083,0.0347243508706345,0.0275784144963828,0.480918064465125,0.618299420177937,-0.317928911747392,-0.208801160877399
YGL209W,0.339294672012329,-0.47048956155777,0.0238191236824568,0.0304584770123689,0.295140566428502,0.38837410757939,-0.529971096358472,-0.410749735937343
YGL208W,0.142913997173309,-0.846156418323517,0.0107797388315836,0.0327081032826398,0.122896960688134,0.165408709893624,-0.910458866794276,-0.781441626278547
YGL207W,1.66243278980255,0.220483034849167,0.0576325533469218,0.0150483995526052,1.55268577933311,1.7792432308197,0.191083575425992,0.250235322216685
YGL206C,3.41068601608276,0.53262984752655,0.10669962662087,0.0135642374342872,3.21553413470586,3.62273862163226,0.507253124208056,0.559036997718207
YGL205W,0.00205516233108938,-2.7023401260376,0.000539095909104217,0.116265584615006,0.0011355698069868,0.0032360863542029,-2.94478633175093,-2.48997993398971
YGL203C,0.605509519577026,-0.218275681138039,0.0259014607156596,0.0185492148296784,0.557619904478391,0.657354826728503,-0.253661732376463,-0.182200144358007
YGL202W,3.73690748214722,0.571956038475037,0.189440284372506,0.0219791442511186,3.37965206503868,4.13041456540426,0.528871978892266,0.615993643047038
YGL196W,0.335895627737045,-0.47459477186203,0.0204115550004517,0.0263749768972578,0.297648154944181,0.377739256620407,-0.526296807957612,-0.422807883405022
YGL195W,1.88806796073914,0.27586242556572,0.0503726855215468,0.0115783144437295,1.79288821518421,1.98704028228919,0.253553211832933,0.298206671149656
YGL194C,0.226967215538025,-0.644826352596283,0.0136986533035161,0.0261825314309418,0.201142234603564,0.255741522212823,-0.696496731494007,-0.592198754487215
YGL192W,0.000579194806050509,-3.30299305915833,0.000315664690603301,0.247814332286608,0.000148654936856474,0.00134286586544476,-3.82782088753831,-2.87196739443434
YGL190C,0.382648199796677,-0.417923986911774,0.0221415137619528,0.0250818616617455,0.340656144917011,0.428822139402231,-0.467683773617997,-0.367722803105432
YGL186C,0.534331798553467,-0.272675365209579,0.0253233304390163,0.0205490791283988,0.486854177465042,0.585292076071103,-0.312601100025926,-0.232627355506389
YGL185C,0.165299490094185,-0.783228993415833,0.0137861042819221,0.0360855053825009,0.140215497339765,0.194770670682192,-0.853203983686983,-0.710476440504545
YGL184C,0.0833944752812386,-1.08030605316162,0.00681234416964925,0.0353990127032223,0.0705674898500244,0.0975417115415136,-1.15139533986857,-1.01080962822696
YGL181W,0.912706434726715,-0.0405976437032223,0.0597918292486714,0.028396712010355,0.800367554525534,1.03907872041067,-0.096710525344219,0.0166484089766949
YGL180W,0.0774762108922005,-1.11142539978027,0.00405058478818295,0.0227254230347864,0.0697461207707723,0.085538295780619,-1.15647998592012,-1.06783940681297
YGL179C,0.0629089698195457,-1.20234370231628,0.0043829051761016,0.0302946656540112,0.0544108014864226,0.071935265014569,-1.26431488456702,-1.14305815226121
YGL178W,0.153679743409157,-0.813805222511292,0.00679845651474622,0.0191847986359188,0.140793302158515,0.167794564366341,-0.85141800764814,-0.775222115367346
YGL175C,0.0420151352882385,-1.38007140159607,0.00533288538164808,0.054969045831254,0.0323530706887444,0.0532068418649336,-1.49008450210079,-1.27403252107157
YGL174W,0.168641418218613,-0.776590883731842,0.0217299373836633,0.0555055855284845,0.130926795427998,0.21445565422376,-0.882971463816465,-0.668662499916802
YGL173C,1.88449275493622,0.275002539157867,0.0561596699786674,0.0129269452866019,1.77838966647784,1.99840581814448,0.250026909749779,0.300683685427089
YGL172W,0.663284599781036,-0.179049164056778,0.0390033930389917,0.0254919798495048,0.589921735723813,0.744211236139139,-0.229205602148214,-0.128303788101958
YGL171W,0.562954366207123,-0.250105112791061,0.0291664578456584,0.0223842378981329,0.508690206209819,0.625125904877981,-0.29354662516228,-0.204032504053323
YGL170C,0.00333192641846836,-2.49922370910645,0.00105510498343737,0.140227889599036,0.0016342685422084,0.00562233858120939,-2.78667660922758,-2.25008382874709
YGL169W,0.220159709453583,-0.65820050239563,0.014493476773857,0.0285489343807714,0.193204503258069,0.250119601438443,-0.713982758224888,-0.601852272034661
YGL167C,0.702727913856506,-0.15348756313324,0.0249447298225297,0.0154168407272723,0.654983445008596,0.751033525665601,-0.183769684853317,-0.124340677526294
YGL164C,0.225252196192741,-0.648205697536469,0.0143125326633081,0.0276000051146773,0.198309947177768,0.254838408529758,-0.702655503681585,-0.593735118205278
YGL162W,0.110768869519234,-0.958417177200317,0.012699892061713,0.0496162397598656,0.0881833044812083,0.137469013035297,-1.0546136314253,-0.861795189248307
YGL161C,0.596495091915131,-0.225973725318909,0.0510291709594657,0.0370305441233804,0.505247181653976,0.699716529746851,-0.296496120274213,-0.155077875551421
YGL160W,0.183523714542389,-0.736944735050201,0.00992969215436664,0.023519573454446,0.164737416307131,0.203289882962902,-0.783207751414027,-0.691884234326837
YGL159W,0.236170306801796,-0.628058671951294,0.0181679537858063,0.0334369546074819,0.202453374241789,0.272910509506861,-0.693674981039177,-0.563979740698773
YGL158W,0.00197599153034389,-2.72786164283752,0.000643858764306608,0.146030536786196,0.000923718165722676,0.00342178651480936,-3.03446100608563,-2.4657471016225
YGL157W,0.912509381771088,-0.0409244112670422,0.0669659560426657,0.0317346497438822,0.794734517733256,1.05463149746259,-0.099777926187829,0.023100736215407
YGL156W,0.0692732185125351,-1.15992701053619,0.00330257512157844,0.0206531704996826,0.0631738102063537,0.0760173677156369,-1.19946292920054,-1.11908717332293
YGL155W,0.179746747016907,-0.746690332889557,0.0142092726455365,0.0342387506525707,0.154300881549716,0.209824876611431,-0.811631592822879,-0.678143037935146
YGL153W,0.268473595380783,-0.572608113288879,0.0224673492671647,0.036171925806809,0.227923882876833,0.3169392456611,-0.642210169067846,-0.499023980562649
YGL151W,0.203228443861008,-0.692296922206879,0.00732900170279488,0.015657728719442,0.189439103007317,0.217539351060987,-0.722530371333309,-0.662462171837244
YGL150C,0.25007176399231,-0.602173745632172,0.00831746736579024,0.014422677726429,0.234556718170643,0.266971296817064,-0.629752123549615,-0.573535428918044
YGL148W,3.52581787109375,0.546534299850464,0.203829223144427,0.0250928153293584,3.15288171768188,3.94283317128817,0.498707676208043,0.59580840111023
YGL146C,0.0195216070860624,-1.71594178676605,0.0033715311379514,0.0751166799531117,0.0136465923395008,0.0266216862481087,-1.86497585841627,-1.57476444161216
YGL142C,0.110587693750858,-0.956988096237183,0.00626340155474289,0.0245607274183459,0.0990853356197476,0.123678043484688,-1.00399061678062,-0.907707393659618
YGL141W,0.132317021489143,-0.878772258758545,0.00558829160572539,0.0183479070990455,0.121607439157863,0.143555066734552,-0.915039857857539,-0.842981474648138
YGL140C,0.195957854390144,-0.708123922348022,0.00713604916636881,0.0158254489610584,0.181996168072025,0.210071754207214,-0.739937756052371,-0.677632338016781
YGL139W,0.2684066593647,-0.571568250656128,0.010959645492689,0.0177349915980182,0.247612702598174,0.289959064126015,-0.606227080351671,-0.537663312168999
YGL138C,0.00144130981061608,-2.91097569465637,0.000808069681198284,0.256595542582749,0.000342195539997192,0.00345976387616247,-3.4657264331771,-2.46095370190983
YGL137W,2.45659708976746,0.390022099018097,0.0931740943337942,0.0164549158651462,2.28330074350039,2.64749804337819,0.358563117574165,0.422835647816205
YGL134W,0.0513623058795929,-1.29139876365662,0.0049665182918597,0.0422320032937436,0.0418077737403413,0.0615495606015126,-1.37874295802556,-1.21077504425559
YGL133W,0.145557403564453,-0.837282299995422,0.00556556617939601,0.0165928544318725,0.135148435458541,0.15709335791568,-0.869188978075868,-0.803842177034132
YGL130W,0.39069139957428,-0.408859401941299,0.0220988570088199,0.0245312868618384,0.349079590042432,0.435491319497426,-0.457075550548589,-0.361020497217172
YGL129C,0.285368651151657,-0.545439541339874,0.017835986558132,0.0271256328331914,0.251709789037704,0.321534037590027,-0.599099894334872,-0.49277304589662
YGL128C,0.0966543406248093,-1.01849758625031,0.0126678893893374,0.0569215888654411,0.0735075669984023,0.123505305374662,-1.13366796144899,-0.908314396385146
YGL126W,0.199628338217735,-0.701036095619202,0.0152109569434697,0.0330565879404389,0.171500355005264,0.231350111961365,-0.765734976631894,-0.635730286011075
YGL125W,0.185539811849594,-0.732164025306702,0.0097779728638821,0.0228652623163289,0.167418628931046,0.205699152623614,-0.776196219031994,-0.686767497413014
YGL122C,1.13119411468506,0.0530243031680584,0.0550597117805433,0.0211078950964015,1.02925832271576,1.24362497429053,0.0125243834414592,0.0946894347167935
YGL120C,1.27130031585693,0.10390555113554,0.0504320014515816,0.0172122877499752,1.17575096984704,1.37494447131952,0.0703153456535933,0.138285158849405
YGL119W,0.160570874810219,-0.795280635356903,0.0106072995923209,0.0286980139262818,0.140708779916167,0.18238556223611,-0.851678803726736,-0.739009549925746
YGL117W,0.0478769019246101,-1.32685554027557,0.00861918965726482,0.0780803224845231,0.0332558498096963,0.0666463751345874,-1.47813198220446,-1.17622486730788
YGL116W,0.225674167275429,-0.647078394889832,0.0114692633684722,0.0220571872148505,0.204196408515175,0.248380212113261,-0.68995190098063,-0.604883006437686
YGL115W,0.805825412273407,-0.0952961593866348,0.0679974614536867,0.036525719744729,0.680481091638406,0.952223184704781,-0.167183939239283,-0.0212612519086843
YGL114W,0.14329169690609,-0.844395875930786,0.00765770784517411,0.0231955778165235,0.128626010939479,0.158504841476679,-0.890671199056348,-0.799957467927509
YGL112C,0.439762800931931,-0.357407778501511,0.0236392391250713,0.0233348271433349,0.395973103493452,0.487798080344995,-0.402334313192072,-0.311759921298622
YGL111W,0.585994601249695,-0.232788577675819,0.0329012807174805,0.024336609767963,0.523273025949796,0.654149014751116,-0.281271652011919,-0.184323308437731
YGL110C,0.195544272661209,-0.709319651126862,0.00998937205550822,0.0221598821019046,0.177319078768293,0.215909422313174,-0.751244534129952,-0.665728416097434
YGL107C,0.227773219347,-0.643057644367218,0.0115937994843613,0.0220846731539102,0.205764964222908,0.251553275436163,-0.686628570972975,-0.599370027261548
YGL105W,7.74346399307251,0.888052940368652,0.494987229967604,0.0276900663252795,6.83962510824203,8.78564983208974,0.835032297833469,0.943773889266093
YGL104C,0.0725729614496231,-1.14083349704742,0.00625519222507463,0.0374015704690064,0.0609865859150887,0.0858914166688919,-1.2147656781645,-1.0660502347324
YGL100W,0.754001080989838,-0.123920567333698,0.0583450582955996,0.033482957160221,0.648289343218009,0.877460503578186,-0.188231123883691,-0.0567724266335216
YGL099W,0.866955757141113,-0.062506765127182,0.0418698280257758,0.0208908210059456,0.790132526556651,0.954811777671178,-0.102300059929705,-0.0200822329247958
YGL098W,0.208892405033112,-0.685603976249695,0.0336492264051536,0.0692079766944159,0.150591880083084,0.283680422107379,-0.822198444670385,-0.547170644624377
YGL097W,1.27917802333832,0.106284327805042,0.0699016002211527,0.0236870535828746,1.15018427371979,1.4256717244784,0.0607674252653504,0.154019536215093
YGL095C,0.234166890382767,-0.631126224994659,0.0128336077132544,0.0237864443926986,0.209992811083794,0.260119318217039,-0.677795572695033,-0.584827396307462
YGL094C,0.107142068445683,-0.970453500747681,0.00467736080041517,0.0189546806484412,0.0982298583413164,0.116411551336447,-1.00775648225729,-0.934003931197032
YGL093W,0.149969756603241,-0.82443243265152,0.00672523825222273,0.0194675860827702,0.137190992136796,0.163523803527157,-0.862674404555764,-0.786419019912679
YGL092W,0.494483262300491,-0.306085675954819,0.0163568098039127,0.0143628499013566,0.464070392896732,0.527194128433863,-0.333416138138583,-0.278029435572338
YGL091C,0.358088850975037,-0.447421342134476,0.0288906615582875,0.035043901164673,0.304186962296565,0.416390015184879,-0.516859413051302,-0.380499694713138
YGL085W,0.0586397089064121,-1.2362494468689,0.00836400365415486,0.0623707795197627,0.0434176459908485,0.0757280073439082,-1.36233379954697,-1.12074347443715
YGL084C,0.461853116750717,-0.335999697446823,0.0222867882375068,0.0209301116926359,0.419484496116638,0.506900694966316,-0.377284085789796,-0.295077120209337
YGL083W,0.132847502827644,-0.877177655696869,0.00657830220213369,0.0214814413029228,0.120883085144063,0.146184615790844,-0.917634464837926,-0.835098332424195
YGL082W,0.519470632076263,-0.285267502069473,0.0322090140883806,0.0268280398572855,0.461315597345432,0.585870342453321,-0.336001915287104,-0.232198486091635
YGL081W,0.0460039488971233,-1.34104371070862,0.00611992091570184,0.0578910513880184,0.0347150846074025,0.0589257014915347,-1.45948177198655,-1.22969524159691
YGL078C,1.43391811847687,0.155975475907326,0.0723037908911693,0.0218222496969772,1.30316037833691,1.58137145439784,0.1149978626118,0.199033894962368
YGL077C,0.690331757068634,-0.161445692181587,0.0332617925098786,0.0209199577064036,0.627065487702688,0.757525065044562,-0.202687102897517,-0.120602994141846
YGL075C,0.109233826398849,-0.963119447231293,0.00900890087301241,0.035845233943265,0.0925483719135324,0.127709723015626,-1.03363123299583,-0.893776061191719
YGL073W,0.170160457491875,-0.769582808017731,0.00766977567054662,0.0195714157580155,0.155434894685944,0.185377965370814,-0.808451481283192,-0.731941895932614
YGL071W,0.175705477595329,-0.755720794200897,0.00847973867937544,0.0209745418473967,0.159256678074598,0.192478604242206,-0.797902348964986,-0.715617539938745
YGL067W,0.472956001758575,-0.326210290193558,0.0326614584830277,0.0299289857766684,0.411120031525691,0.539897420008977,-0.386031364115036,-0.267688756129872
YGL065C,0.372695356607437,-0.4293572306633,0.0213665917045859,0.024846270953637,0.3337248519063,0.415872164318959,-0.476611451182077,-0.381040148266719
YGL064C,0.118667185306549,-0.926458775997162,0.00714613282635226,0.0262041770634857,0.105064660062393,0.13272925230364,-0.978543340570768,-0.877033371664624
YGL063W,0.020907074213028,-1.68415510654449,0.00299683334020507,0.062255072121224,0.0155615470837802,0.02723228787072,-1.80794723422352,-1.56491589779093
YGL061C,0.329712420701981,-0.486350536346436,0.0476671284625997,0.0623992950518556,0.245212993770838,0.433787194142739,-0.610456571619013,-0.362723276528229
YGL060W,0.188487246632576,-0.725419282913208,0.0107151824539185,0.0246650572966767,0.168386242662867,0.21046263401707,-0.773693393730933,-0.676824999383246
YGL057C,0.127661660313606,-0.896845400333405,0.0147835682631277,0.0502916238660526,0.100509934127331,0.158542821307977,-0.997791011641834,-0.799853423682297
YGL056C,0.421289831399918,-0.376012444496155,0.022076403544293,0.0226882710855358,0.380559384822845,0.468209435045719,-0.419577563627937,-0.329559839794938
YGL050W,0.326197743415833,-0.489095956087112,0.0356707394936544,0.04728908232596,0.262830179433028,0.399831021825473,-0.580324768579976,-0.398123513248269
YGL049C,0.694087624549866,-0.158885717391968,0.0258058515485956,0.0161337983754407,0.644985020160675,0.74628066321214,-0.190450371778849,-0.127097811808501
YGL045W,0.0493031144142151,-1.30852067470551,0.0039470085669836,0.0347954009759441,0.0417501577486594,0.0574916775959233,-1.37934191240689,-1.2403950189412
YGL044C,0.493003219366074,-0.308802992105484,0.0431072403742914,0.037892499919103,0.415748320768277,0.581195919712385,-0.381169497301398,-0.235677443364228
YGL043W,1.34433138370514,0.127201586961746,0.104478197854736,0.0336297791527579,1.15412717262904,1.56432399054368,0.0622536510868739,0.194326705066767
YGL039W,0.833823323249817,-0.0800179019570351,0.0591533423630873,0.0308100201959225,0.722742623587449,0.951546031733354,-0.141016332133578,-0.0215701987002699
YGL038C,0.329958140850067,-0.482318371534348,0.0197742860685746,0.0259802807570409,0.293018728494644,0.369822456190983,-0.533104620526649,-0.432006721350832
YGL036W,0.11665903031826,-0.933535635471344,0.00533523138851533,0.0198894386559983,0.106336364957194,0.127070426816742,-0.973318189965998,-0.895955511325328
YGL035C,0.354580998420715,-0.450959384441376,0.0197727803579746,0.0242290976553232,0.317230124771595,0.394734577834606,-0.498625579304379,-0.403694829584728
YGL028C,1.61151099205017,0.206777781248093,0.0738438120327954,0.0198725020195692,1.47607085903486,1.76044666171074,0.169107205406309,0.245622871019014
YGL026C,3.69553589820862,0.567345261573792,0.144691964311297,0.0169804417707252,3.42597150802612,3.98563678065936,0.534783746849431,0.60049771709892
YGL025C,0.183539852499962,-0.737301349639893,0.0126600061118326,0.0299217869873097,0.159960918501019,0.209291232004762,-0.795986115091704,-0.679248997807671
YGL023C,0.222259327769279,-0.653666794300079,0.0109489972278942,0.021386997393095,0.20134841154019,0.245318243652582,-0.69605179277947,-0.610270168025051
YGL022W,1.12442803382874,0.0505801029503345,0.045344043103394,0.017469724224721,1.041218628486,1.21597826480865,0.0175419289572649,0.0849258121422856
YGL020C,0.978639960289001,-0.0134377991780639,0.135070256069652,0.0592409098142933,0.745168649156888,1.26594836115837,-0.12774544954188,0.102415990708285
YGL019W,0.880766212940216,-0.0568512380123138,0.0783628746451155,0.0385416669150194,0.736555063227813,1.04067925214767,-0.132794781090507,0.0173168941954932
YGL017W,0.130086615681648,-0.886529684066772,0.00772019639906291,0.0257476602725827,0.115909308195114,0.146089013169209,-0.935881686249932,-0.835382444724107
YGL016W,0.299558281898499,-0.523789048194885,0.0105780121043485,0.0153395907101526,0.279059980561336,0.321508246908585,-0.554302440627399,-0.492807883035919
YGL014W,0.393262058496475,-0.405656844377518,0.0155575743813764,0.0171869871892071,0.363633900880814,0.424086899558703,-0.439335635133373,-0.372545150016197
YGL011C,2.15801882743835,0.331604808568954,0.230709661229052,0.0460494605544904,1.75064555307229,2.66590926249822,0.243198224857039,0.425845360662168
YGL009C,6.65719938278198,0.823000967502594,0.243437050781031,0.0158573537848686,6.20554095506668,7.15334977706274,0.792779645637795,0.854509453572616
YGL006W,0.153050348162651,-0.815490067005157,0.00592924072733234,0.0168058703629502,0.141896440833807,0.165062840282917,-0.848028497867373,-0.782350686144241
YGL005C,0.213195726275444,-0.673774361610413,0.0232293727753174,0.0470407208937712,0.17190168487529,0.261545785268148,-0.764719872877728,-0.582452274191304
YGL003C,0.101485311985016,-0.994415640830994,0.0062392143484252,0.0266848595979581,0.0898135456567009,0.114265836340686,-1.04665816008663,-0.942083597342766
YGL001C,1.44240403175354,0.158121928572655,0.0963224254555545,0.0289419460028122,1.26089052855968,1.64683407147725,0.100677382102478,0.216649843483177
YGR002C,0.23332080245018,-0.632876932621002,0.0144354571104646,0.0268155440586429,0.207051604986191,0.263009763509035,-0.683921398661026,-0.580028146538452
YGR003W,0.125488460063934,-0.902086734771729,0.00709786831399095,0.0245115693342359,0.11210473626852,0.140305712198218,-0.950376038933817,-0.852924648139449
YGR004W,0.161736443638802,-0.792132496833801,0.0106623876455287,0.028577922636724,0.142177529012163,0.183431461453438,-0.847169039168394,-0.736526173770712
YGR006W,0.109484024345875,-0.966332018375397,0.0178036085872524,0.0702993195153873,0.078487720216314,0.149671068911751,-1.10519830659652,-0.824862139723161
YGR009C,0.512573659420013,-0.290673643350601,0.0228475120308841,0.0193407724577811,0.469932281970978,0.55798638065656,-0.327964720248725,-0.253376421780367
YGR010W,0.158577457070351,-0.801093876361847,0.0124558511290821,0.0340313057801593,0.135482030486067,0.184618986646334,-0.868118303630653,-0.733723639767934
YGR012W,0.393093198537827,-0.406488090753555,0.026479622631114,0.0292237342348307,0.343707258750995,0.44754242002964,-0.463811299080134,-0.349165794065286
YGR013W,0.139771029353142,-0.855249881744385,0.00774017797266232,0.0240733427886142,0.124847070810695,0.155777211859822,-0.903621642948741,-0.807496073573396
YGR014W,0.745342552661896,-0.12788026034832,0.0245705844264456,0.0143023439902926,0.698909047245979,0.794682935873667,-0.155579342248486,-0.0998061132164995
YGR017W,0.399699360132217,-0.400100231170654,0.0368882543172919,0.0398501162608701,0.333101833611727,0.477436035871506,-0.477423030525603,-0.321084804454716
YGR019W,0.693572044372559,-0.159634485840797,0.0402070163095629,0.0250893088664145,0.620665337642034,0.778079307576021,-0.207142508073531,-0.108976134265262
YGR021W,0.130504623055458,-0.887848556041718,0.0165902863803411,0.0549007858936078,0.101031538657844,0.16634741127491,-0.995543048339063,-0.778983973085169
YGR023W,0.0317699909210205,-1.50023627281189,0.00324315499104985,0.0442930424721004,0.0258412449931105,0.0387418512254953,-1.58768657941123,-1.41181963100374
YGR024C,0.326738804578781,-0.491501599550247,0.0532498858729335,0.0703882167353388,0.235885407899817,0.441427207489808,-0.627298944006445,-0.355140906440808
YGR026W,1.37576818466187,0.136546835303307,0.132697757072941,0.0415969325005427,1.14095130264759,1.65841773351034,0.0572670906807913,0.219693919480904
YGR028W,0.243415728211403,-0.614947438240051,0.0188254579583232,0.0335662666998446,0.208275088543693,0.282728877911965,-0.681362672232706,-0.548629830900946
YGR031W,0.266317874193192,-0.575942397117615,0.0209784093668464,0.034146028362241,0.227478554348151,0.309719499697288,-0.643059542292704,-0.509031456210047
YGR033C,0.325867563486099,-0.491732954978943,0.048637432621956,0.064359882851681,0.240764796982209,0.433948398878177,-0.618407114486871,-0.362561912736228
YGR036C,0.216478243470192,-0.670016527175903,0.0344988060505786,0.0685981463302989,0.156891134753823,0.292118476579587,-0.804401666876558,-0.534440972936483
YGR040W,0.173251584172249,-0.76274299621582,0.0140226491765298,0.0351369493539483,0.147494732340177,0.202765523890654,-0.831223490180921,-0.693005886928633
YGR042W,0.0985231548547745,-1.01078033447266,0.0140022249979937,0.0611769897446798,0.0739113590990504,0.128334895397226,-1.1312888121283,-0.891655450478432
YGR043C,0.0425386689603329,-1.37495112419128,0.0055873579934887,0.0570345674327227,0.0328040154650807,0.0542081445455551,-1.48407299809321,-1.26593545764133
YGR044C,0.601962566375732,-0.221989288926125,0.0511745299313046,0.0367849957800974,0.509283898770809,0.711419067283471,-0.293040054165571,-0.147874499138021
YGR046W,0.114313058555126,-0.943255066871643,0.00904787529689045,0.0342472362612733,0.0976816107829412,0.133154928684235,-1.01018719350473,-0.875642753665515
YGR047C,0.151070639491081,-0.821224391460419,0.00652157558582022,0.0187626993118462,0.138865560293198,0.163970152288675,-0.85740544921696,-0.785235200086991
YGR048W,0.453044533729553,-0.345132648944855,0.0348483350114898,0.033217907167519,0.389019933591286,0.527146589756012,-0.410028146850214,-0.278068598702984
YGR052W,0.0268810782581568,-1.5756721496582,0.00413456654291798,0.066818277376855,0.0194292664527893,0.0358709633350372,-1.71154359577282,-1.44525702928963
YGR053C,0.0149295972660184,-1.84350073337555,0.00424090851366593,0.124731423509961,0.00799944712780416,0.024412576140215,-2.09694027455669,-1.61238640217124
YGR054W,1.52395820617676,0.182464882731438,0.073826433722485,0.02100799259423,1.38483747939269,1.67285264829795,0.141398807470146,0.223457687649868
YGR055W,1.40992736816406,0.148722738027573,0.0660038000723303,0.0202903743972678,1.2880527973175,1.54289102554321,0.109933665130706,0.188335252909185
YGR056W,0.1886046230793,-0.724842846393585,0.00804125199403117,0.0185151447387773,0.173370206852754,0.204618286838134,-0.761025532665071,-0.689055557250108
YGR058W,0.170084863901138,-0.770883679389954,0.0143938506564303,0.0366772697645191,0.143549086898565,0.199262505893906,-0.842999567180008,-0.700574412518647
YGR060W,5.65912008285522,0.751573026180267,0.418309402686895,0.0319231681983072,4.90860474507014,6.54949944416682,0.690958062260093,0.816208109329525
YGR061C,2.90300989151001,0.462654739618301,0.0868651783017197,0.0129858503182059,2.7414483487606,3.07484859029452,0.437980062777935,0.487823735206224
YGR062C,0.0344250872731209,-1.46889877319336,0.00563217767209394,0.0709784777114694,0.0244828645139933,0.0467445687080423,-1.61113779174908,-1.33026884317845
YGR065C,0.168249860405922,-0.774788498878479,0.00985800958081907,0.0253974602742147,0.150376286109289,0.188883608952165,-0.822820645286187,-0.723805728294675
YGR066C,0.0028754451777786,-2.6056056022644,0.00152734700745325,0.248263722347805,0.000682245738183459,0.0065629796939902,-3.16605917480082,-2.18289894140113
YGR071C,0.0689383074641228,-1.16223442554474,0.00389777263426156,0.0245420498616749,0.0616322719492018,0.076727887056768,-1.21019182361587,-1.11504678874174
YGR072W,0.241907671093941,-0.617504894733429,0.0176753725088923,0.0316514900914615,0.209353491539756,0.278076860060294,-0.679119847028079,-0.555835149239646
YGR075C,0.124422520399094,-0.910902321338654,0.0204570168149951,0.071033126140216,0.0886998613054554,0.169449711591005,-1.0520770596667,-0.770959186483952
YGR077C,0.0770629122853279,-1.11401784420013,0.00486975839665605,0.0274365141604317,0.0679220366602143,0.0871166960646709,-1.16798930390464,-1.05989860438968
YGR083C,0.803637206554413,-0.0953042432665825,0.0329348051601489,0.0177952156155697,0.740805537998676,0.869429634511471,-0.130295780013832,-0.0607655610545404
YGR086C,4.85679197311401,0.685305416584015,0.33740175857162,0.0301342087158989,4.23615171114604,5.55999146699905,0.626971503928516,0.745074124347137
YGR088W,0.0204613450914621,-1.69160687923431,0.00221583154171474,0.0470684450815881,0.0163288380329808,0.0251152107957751,-1.78704471945686,-1.60006324278191
YGR090W,0.571022033691406,-0.243609011173248,0.0198633869052523,0.015085621504225,0.534621166686217,0.611840323110422,-0.271953850784965,-0.213361909778079
YGR092W,0.308678269386292,-0.511085867881775,0.0161130626981537,0.0226645081572256,0.277684729049603,0.340557596584161,-0.556448005651188,-0.46780943314943
YGR093W,0.213630378246307,-0.671018660068512,0.0119628291955655,0.0243148145384506,0.191219852368037,0.237115115920703,-0.718467031171741,-0.625040759662562
YGR097W,0.122132554650307,-0.913517892360687,0.00490215315628767,0.0174377276841441,0.112813699431717,0.131891738499204,-0.947638159002419,-0.879782413037317
YGR099W,0.0929594114422798,-1.03251528739929,0.0056801117690772,0.0265349694679529,0.0821042051538825,0.104395030687253,-1.08563460099313,-0.981320176902424
YGR100W,0.163353204727173,-0.78728586435318,0.00713261379708633,0.0189657993682369,0.149507537980874,0.177877876038353,-0.825336910342545,-0.749878066720524
YGR103W,1.61342799663544,0.207338288426399,0.0702650784476962,0.0188814151175447,1.4829402923584,1.75673156579336,0.171123664940305,0.244705404825164
YGR106C,2.24090480804443,0.348684132099152,0.201673345619397,0.0388244693074238,1.87231260637442,2.67347642381986,0.272378359065215,0.427076339258867
YGR108W,0.258322656154633,-0.588634669780731,0.0156780317127317,0.0263051510772977,0.229756003742417,0.290523082762957,-0.638733131547374,-0.53681935674996
YGR109C,0.12954968214035,-0.889024913311005,0.0106563443507635,0.0355874643354184,0.109749213419855,0.152005187049508,-0.95959858541892,-0.818141698485469
YGR110W,0.0117520801723003,-1.9363728761673,0.00203330140958151,0.0753066675116013,0.00820815217836449,0.0161565315444022,-2.08575468724213,-1.79165186712629
YGR111W,0.446819424629211,-0.350640177726746,0.0266942451682047,0.0259131742263506,0.396069414665302,0.501499315599601,-0.402228723530522,-0.299729665498065
YGR112W,0.10896672308445,-0.964046001434326,0.00857374575033672,0.0341313770020271,0.093162170983851,0.126331149786711,-1.03076040082351,-0.898489552833284
YGR113W,0.223467767238617,-0.652183651924133,0.0179588800642999,0.0348840547428024,0.190018904333313,0.260760526607434,-0.721203192174255,-0.583758154742323
YGR116W,1.05527925491333,0.0231648553162813,0.0321138426359605,0.0132087984262715,0.994483224054178,1.11894831061363,-0.00240253859509375,0.0488100240866094
YGR117C,0.221069291234016,-0.656435787677765,0.0147935946974018,0.028943411115341,0.193842712417245,0.252544451256593,-0.712550528861798,-0.597662188672231
YGR119C,0.707967817783356,-0.150491312146187,0.0341117933882101,0.0209343217770116,0.642170011997223,0.777488666772842,-0.192349978944248,-0.109305935570283
YGR120C,0.172944769263268,-0.765569686889648,0.0219937825630265,0.0549402781159477,0.134232491751512,0.220863076671958,-0.872142349738127,-0.655876891932514
YGR122W,0.103885389864445,-0.984850406646729,0.00837886726861058,0.0349698123376349,0.0882391110062599,0.121240098153551,-1.05433887598741,-0.916353730533325
YGR123C,0.876235663890839,-0.0580225996673107,0.0477706458585343,0.0236204551475138,0.787705946962039,0.975626148780187,-0.103635877404674,-0.0107165698653576
YGR125W,0.18877711892128,-0.724412322044373,0.00772583471314051,0.017729747699986,0.174287975952029,0.205016840000947,-0.758732573892107,-0.688210464858448
YGR126W,0.101436905562878,-1.00438988208771,0.0226127415880283,0.0959558992651028,0.0648978590344389,0.152853844314814,-1.1877696317718,-0.815723667077932
YGR127W,0.0819819122552872,-1.08915269374847,0.00944678296235258,0.0499775867965443,0.0649987391506632,0.10220529101789,-1.18709508309546,-0.990526621287889
YGR130C,0.909458875656128,-0.041559599339962,0.0361210249669866,0.0172436882506376,0.841377171377341,0.982561329007149,-0.0750092756369278,-0.00764033253745545
YGR132C,1.54179561138153,0.186293035745621,0.138375926877444,0.0387818146471635,1.29447069764137,1.84009460012118,0.112092223195825,0.264840150864818
YGR135W,2.79287075996399,0.443316072225571,0.315402546473766,0.0486718179364122,2.23907924890518,3.46828521490097,0.350069455267399,0.540114804530861
YGR136W,1.309889793396,0.113562405109406,0.171788323828407,0.0563567897098181,1.01232238709927,1.69000885287921,0.00531877455283732,0.227888924143712
YGR140W,0.104254141449928,-0.982363104820251,0.00478691101895002,0.0199476396273859,0.0952168084060152,0.113895615624885,-1.02128638006681,-0.943493003034217
YGR141W,0.249460846185684,-0.603961110115051,0.0166698516873277,0.0289095558148092,0.218917369842529,0.284040261308352,-0.659719778279112,-0.546620099593142
YGR144W,0.0156313702464104,-1.81586074829102,0.00334202411319588,0.0930097281279947,0.00987891401164234,0.0231352803763002,-2.00529088647275,-1.63572523356876
YGR145W,0.566610336303711,-0.247116357088089,0.0244177183751867,0.0186694472160604,0.521905160446962,0.617150902748108,-0.282408409269201,-0.209608631399735
YGR147C,0.397133320569992,-0.403516680002213,0.0423114706296145,0.0461663356554785,0.319742658982674,0.489270120859146,-0.49519942785555,-0.310451305274629
YGR149W,0.107142679393291,-0.971559286117554,0.00898387163439204,0.0363497504348974,0.0908560874561469,0.125535639499625,-1.04164597673535,-0.901232987007365
YGR150C,0.0673560351133347,-1.1723290681839,0.00384216161357467,0.0247231445051823,0.060161298699677,0.0753392082949479,-1.22068279779547,-1.12297894846259
YGR152C,0.682653248310089,-0.168176963925362,0.0718470935186631,0.0453662968142974,0.555202722549438,0.835632053017616,-0.255548412896683,-0.0779849097869993
YGR154C,0.00533738406375051,-2.29364204406738,0.00166387801498958,0.136816813858373,0.00271246978275788,0.00907122909557074,-2.56663509480528,-2.04233387596444
YGR155W,6.26298427581787,0.796281158924103,0.301297636282284,0.0208490058657474,5.70859241485596,6.88298095464706,0.756529036123164,0.837776567700773
YGR156W,0.189577117562294,-0.723268806934357,0.0132318937585108,0.0303209531810237,0.165005224818985,0.216587513685226,-0.782502312933576,-0.664366584155359
YGR157W,0.904435276985168,-0.0439103208482265,0.0329730869074602,0.0158346369584048,0.840198794007301,0.97057233552138,-0.0756179478281226,-0.0129720916888881
YGR158C,0.570087015628815,-0.247543305158615,0.0728885154224637,0.0548852958151318,0.443052699913581,0.731836927930514,-0.353544612729327,-0.135585685246838
YGR161C,0.522340059280396,-0.285056084394455,0.0619165768248199,0.0510550462977229,0.414727400491635,0.65994656085968,-0.382237270542871,-0.180491230008707
YGR162W,2.84260582923889,0.453413128852844,0.106598516331948,0.0162381845526538,2.64108869632085,3.06535817186038,0.421782985747423,0.486481226677542
YGR163W,0.485543638467789,-0.31489896774292,0.0351000807332862,0.0312571200812766,0.42177288060387,0.560606079300245,-0.3749213492439,-0.25134219887433
YGR165W,0.300703823566437,-0.523216903209686,0.0238175022081272,0.0343062611674827,0.256686831762393,0.350253679603338,-0.590596414395137,-0.455617345194673
YGR166W,0.0965509563684464,-1.01619505882263,0.00639032359994778,0.0287709434626235,0.0844072252511978,0.109672331934174,-1.07362037621297,-0.959902924029718
YGR167W,5.16639089584351,0.708974182605743,0.726466264811799,0.0603419516142086,3.93726229667664,6.75964644352595,0.59519434804011,0.829923959571851
YGR168C,0.024774381890893,-1.61049437522888,0.00357021924711162,0.0626073712206076,0.0183925258771827,0.0324493163575729,-1.73535869609852,-1.4887945015256
YGR169C,0.0810373649001122,-1.09282851219177,0.00677704481881363,0.036252683193899,0.0686711742232243,0.0950594896450639,-1.16322553736581,-1.02200452171949
YGR171C,0.0724935755133629,-1.140620470047,0.00473125796413395,0.0282572185268971,0.0638276362170776,0.0822394696374734,-1.1949912549628,-1.08491971823893
YGR172C,0.636404871940613,-0.19972051680088,0.0807811159090372,0.0547107919410252,0.496491801490386,0.811518070598444,-0.304087923937725,-0.0907018362381775
YGR173W,1.26537013053894,0.101284176111221,0.0831313728277407,0.0284783755697892,1.11172125339508,1.43956017494202,0.0459959082037737,0.158229823503127
YGR175C,4.82252597808838,0.682685434818268,0.25162267083797,0.0226157595294031,4.36309576034546,5.34394901990891,0.639794744899089,0.727862306168211
YGR177C,0.334609895944595,-0.476119935512543,0.0184528921421098,0.0239301368582919,0.299897894014915,0.372616547346115,-0.523026585020157,-0.428737863448071
YGR178C,1.06056952476501,0.0251616705209017,0.0443016151510856,0.0181380876431852,0.974151669939359,1.15074011385441,-0.0113734214369078,0.0609772499853736
YGR179C,0.136230796575546,-0.867156624794006,0.011090566921858,0.0352662026076409,0.115804232656956,0.159638351326187,-0.936275566809224,-0.796862769380109
YGR184C,0.336089193820953,-0.473751038312912,0.0103672316809392,0.0133949203956158,0.31637704372406,0.356715763360262,-0.499795036380619,-0.447677699162313
YGR185C,3.54871129989624,0.549227774143219,0.221616920962409,0.02704499515045,3.13729015390078,4.01774024963379,0.496554682523438,0.603981855807648
YGR186W,0.691980600357056,-0.160275250673294,0.0285131348051707,0.0179097237529555,0.638217568397522,0.749299438794454,-0.195031245029559,-0.125344592794185
YGR189C,2.58306241035461,0.411636084318161,0.123974779300941,0.0208204492357373,2.3506350060304,2.83381407856941,0.371185189996529,0.452371353515041
YGR191W,0.926198244094849,-0.0337161794304848,0.0408752955766331,0.0190923841317828,0.850988332927227,1.01321139832338,-0.0700763949551381,0.00570006019962873
YGR193C,0.940013408660889,-0.0275530517101288,0.0529382658267445,0.0244278594609577,0.843812871476014,1.04900216162205,-0.0737538542592135,0.0207763774101975
YGR194C,0.120893880724907,-0.918425023555756,0.00747329668452823,0.0268285768421706,0.106981555807094,0.136223495006561,-0.970691092469344,-0.865747981470881
YGR195W,0.533554255962372,-0.276794999837875,0.0729458344681805,0.0585981486576799,0.408764258523782,0.691497066120307,-0.388527086520808,-0.160209660631799
YGR198W,0.256491661071777,-0.591359794139862,0.0114662058474411,0.0193888487287099,0.234931504105528,0.280106157064438,-0.629058740876116,-0.552677344765431
YGR199W,0.283739686012268,-0.547498881816864,0.0124650572740499,0.0190474630212063,0.260794550180435,0.309084372967482,-0.583701488290171,-0.509922953482404
YGR200C,0.727473855018616,-0.138488858938217,0.0273146708871551,0.0162966376367461,0.675072848796844,0.782062959671021,-0.170649358838067,-0.106758284593877
YGR204W,3.35545301437378,0.525484204292297,0.118073756018377,0.0152673568513436,3.13635493119558,3.5961553076903,0.496425203413939,0.555838434523097
YGR205W,0.505574643611908,-0.297976613044739,0.0456901399391783,0.0391236616183185,0.423671589791775,0.600728575885296,-0.372970658119815,-0.221321709063708
YGR207C,0.811287939548492,-0.0932480841875076,0.0861245498456873,0.0458214143992922,0.658714976410071,0.998755937318007,-0.181302467635042,-0.000540652618470255
YGR208W,1.05979228019714,0.0238974280655384,0.0828238243331481,0.0339141733798912,0.90604081650575,1.23349416454633,-0.0428522381857166,0.0911370989047027
YGR210C,0.704183638095856,-0.153085842728615,0.0420619114064799,0.025883761886096,0.625918262203534,0.789033943911394,-0.203482378677202,-0.102904314486867
YGR213C,0.00840022321790457,-2.09313154220581,0.00237073211418798,0.124855069242918,0.00438731588268032,0.013672071765177,-2.35780128541615,-1.86416572225279
YGR216C,0.0947065278887749,-1.0243091583252,0.00534445604669879,0.0245096635621807,0.084538896009326,0.105608044999341,-1.07294342958994,-0.976302996980317
YGR217W,0.0669383630156517,-1.17468047142029,0.00270916650190337,0.0175907549916442,0.0616693245247006,0.072426502344509,-1.20993080905076,-1.14010249006541
YGR218W,1.42830038070679,0.154580146074295,0.0474237444436871,0.0144119570657574,1.33755147854487,1.52333033084869,0.126310505708629,0.182794089356449
YGR220C,0.500974595546722,-0.302393198013306,0.0506807442233414,0.0438026656188847,0.408524515728156,0.607026159763336,-0.388781881969962,-0.216792592621514
YGR222W,0.113662742078304,-0.946982622146606,0.0124492427556306,0.0475432109629136,0.0915084964906176,0.13914071607093,-1.03853858529256,-0.856545770174336
YGR227W,0.248910993337631,-0.604618012905121,0.0137444458301213,0.0239635104361875,0.22344874056677,0.276495127131542,-0.650822092617962,-0.558312520365135
YGR229C,0.911286354064941,-0.0409208945930004,0.0470029133719012,0.0223570278224142,0.824630193412304,1.00748466352622,-0.0837407678286297,0.00323844265936377
YGR231C,1.29824507236481,0.111926205456257,0.105562433385066,0.035236525279658,1.10563701192538,1.51331942677498,0.0436125681866583,0.179930602319709
YGR232W,0.810413599014282,-0.097283236682415,0.135775877524739,0.0720312920051005,0.586658059060574,1.11070183912913,-0.231614965468041,0.0455974888228055
YGR233C,0.417752295732498,-0.379346758127213,0.0146435098505876,0.0152008645194966,0.390893154591322,0.448276489973068,-0.407941935021886,-0.34845403727229
YGR234W,7.06371974945068,0.848254978656769,0.424533538222508,0.0260138725930616,6.28031239906947,7.95440407594045,0.797981246949138,0.900607648906113
YGR237C,0.179696917533875,-0.745888471603394,0.0080096348318657,0.0193370454824777,0.164670551816622,0.195857554674149,-0.783384059192054,-0.708059672060881
YGR240C,9.82328319549561,0.991977035999298,0.353330131466021,0.0155934983892952,9.16848731040955,10.5343284606934,0.96229768821666,1.02260685554821
YGR241C,0.285585552453995,-0.544903099536896,0.0154911051545893,0.0235326754283446,0.257059191415707,0.317421116183202,-0.58996686485882,-0.498364190534726
YGR244C,0.979662179946899,-0.00967501848936081,0.0577904673747634,0.0255390081739096,0.87276158084472,1.10286956926187,-0.0591043797865093,0.0425241535706928
YGR246C,0.286688208580017,-0.543120622634888,0.0141755608098447,0.0214899087140752,0.259934624284506,0.314587880174319,-0.585135866988358,-0.502258033572786
YGR247W,0.165796786546707,-0.78609299659729,0.0270538620537152,0.0700689641414688,0.119642588061591,0.225171620647113,-0.922114267419631,-0.647486346384284
YGR248W,0.173418149352074,-0.765011548995972,0.0239770689904894,0.0597123110841658,0.129808011899392,0.224164758870999,-0.886698772066738,-0.649432738816893
YGR249W,0.0039606336504221,-2.41815233230591,0.00107197108138846,0.118682496434948,0.00215232850944934,0.00640430906787515,-2.66709146054594,-2.193527717472
YGR250C,0.241851776838303,-0.616907835006714,0.0110882888850597,0.0199176964807146,0.221093354001641,0.264080684135358,-0.655424311994543,-0.578263364198294
YGR252W,0.205907836556435,-0.687295973300934,0.0137746668810667,0.0289982968904323,0.180639028176665,0.234325364232063,-0.74318843086043,-0.630180699239914
YGR253C,2.28591346740723,0.356788247823715,0.235632107941145,0.0443223882128915,1.87225437859694,2.79011008540789,0.272364848797687,0.445621338890899
YGR255C,0.230375751852989,-0.638358175754547,0.0139759762946497,0.026281857833555,0.204750954483946,0.259527364373207,-0.688774070481575,-0.585816844013849
YGR257C,0.113046057522297,-0.948702335357666,0.0107499789976375,0.04126695000438,0.0931784220660726,0.135157015671333,-1.0306846484306,-0.869161414903383
YGR260W,1.43741238117218,0.156980097293854,0.0758210011568392,0.0228476368658153,1.29354873200258,1.59213385283947,0.111782794579252,0.201979576069829
YGR261C,0.438335061073303,-0.35858216881752,0.0185549957161953,0.0183446495056057,0.403956294059753,0.477038879444202,-0.393665620719776,-0.321446233593063
YGR263C,0.10257625579834,-0.990456759929657,0.0085705088800312,0.0361086887298945,0.0871436338871718,0.120515110095342,-1.05976435537387,-0.918958498154461
YGR264C,2.8812940120697,0.459268808364868,0.110294149874467,0.016617051605506,2.66889400482178,3.1049177646637,0.426331325577012,0.492050102153267
YGR266W,0.41422227025032,-0.383156776428223,0.0175842888608279,0.0184201354593432,0.38064042776823,0.450002355376879,-0.419485088393784,-0.346785217109313
YGR267C,1.62529253959656,0.206900298595428,0.223127368625923,0.059099421424558,1.23226184050242,2.11504177649816,0.0907029958062495,0.325318948841439
YGR270W,0.205727592110634,-0.687004566192627,0.00760558250923642,0.0160484200621053,0.190842612956961,0.221200010180473,-0.719324646219314,-0.655214861424841
YGR271W,0.175219461321831,-0.756641626358032,0.00560867305886069,0.0139049304973383,0.164692837744951,0.186211125801007,-0.783325287421735,-0.72999437421615
YGR274C,0.179489001631737,-0.746353328227997,0.0076390784317301,0.0184677149868695,0.165234371026357,0.195341823870937,-0.781899608441989,-0.709204762409532
YGR276C,0.343072205781937,-0.465259373188019,0.018693197563389,0.0236918510959748,0.306931754450003,0.380393575380246,-0.512958178200674,-0.419766827794718
YGR277C,0.295015454292297,-0.532182335853577,0.0286125202533439,0.0419372015619461,0.24252919331193,0.357332706451416,-0.61523603484553,-0.446927231261035
YGR278W,0.127654790878296,-0.894735157489777,0.00762163840867269,0.0259148543724623,0.113243548199534,0.143303116907676,-0.945986535915361,-0.843744371324926
YGR280C,0.640620827674866,-0.195524394512177,0.0636980118670237,0.0429191357103373,0.530136458575726,0.773320084313552,-0.275612327727715,-0.111640720511385
YGR281W,0.376680105924606,-0.42424488067627,0.0119308961017648,0.0137334187731334,0.354581384857496,0.400976641476154,-0.450284072793492,-0.396880926067987
YGR282C,10.1091136932373,1.0034247636795,0.781693218392983,0.0334155217472623,8.68548712730408,11.7973918914795,0.938794180502058,1.07178600626088
YGR283C,0.274978637695312,-0.562038123607635,0.0216160910299098,0.0340477901897482,0.235823611170053,0.319813950608174,-0.62741271655544,-0.495102596877349
YGR286C,0.323292553424835,-0.491520553827286,0.0232212676739206,0.0311387052771513,0.279700139413277,0.37230903878808,-0.553307319112957,-0.429096420205522
YGR288W,0.0302086211740971,-1.52226233482361,0.00317843683152527,0.0456137017695141,0.0245257670370241,0.0368956496007741,-1.61037742265742,-1.43302484017711
YGR289C,0.00160136714112014,-2.8189332485199,0.000524482752758508,0.144937967553398,0.000751609920795697,0.0027902298354699,-3.12400756072847,-2.55436005835765
YHL047C,0.15445140004158,-0.811751484870911,0.0077231306543477,0.021735721904028,0.139328408862154,0.17006347005566,-0.855960372608537,-0.769388963680392
YHL044W,0.0515483655035496,-1.30167198181152,0.0131480927773835,0.110259553648097,0.0296472846685598,0.0815937619656324,-1.52801526286924,-1.08834304282413
YHL039W,0.300561487674713,-0.522711038589478,0.0163759146604517,0.0236314667267315,0.269912877927224,0.334346364686886,-0.568776395737503,-0.475803394862718
YHL038C,0.085702158510685,-1.06794083118439,0.00563629492430625,0.0284545835431983,0.0753823395818472,0.0976653362934788,-1.12273039039653,-1.01025955357117
YHL036W,0.0222706738859415,-1.65483629703522,0.00242332659631427,0.0473334695454738,0.0177923913734655,0.02730780391333,-1.74976568331415,-1.56371322896961
YHL034C,8.1777458190918,0.911254286766052,0.654613088234635,0.034568041522117,7.01897303263346,9.57643890380859,0.846273571159386,0.981204042278683
YHL032C,0.0280731115490198,-1.55327260494232,0.00238437108273515,0.0368770744560545,0.0236881933640689,0.0330561507493258,-1.62546808430109,-1.4807477306049
YHL030W,0.540350437164307,-0.26751297712326,0.0159251462735781,0.0127944263872705,0.509806855519613,0.572031125426292,-0.292594330385955,-0.242580340826513
YHL027W,0.358679294586182,-0.445796877145767,0.0172973223277208,0.0209063285564577,0.326923962930838,0.394385482370853,-0.485553246439952,-0.404079085108857
YHL025W,0.211688697338104,-0.675853610038757,0.0179290268268285,0.0367001617715501,0.178625564525525,0.250135788197319,-0.748056398084664,-0.601824223087821
YHL024W,0.0230937637388706,-1.6381551027298,0.00201369703813451,0.0378774582584225,0.0193626065272838,0.027310885488987,-1.7130362293769,-1.56366421869049
YHL023C,0.09869734197855,-1.00612235069275,0.00438405981468421,0.019270066988964,0.0905096591139833,0.107667196169496,-1.04330507403997,-0.967916596848142
YHL022C,0.0160284601151943,-1.8007355928421,0.00257781069658424,0.0702192330348043,0.01136662819578,0.0215798792274048,-1.94436836082407,-1.66595102037626
YHL021C,0.689130425453186,-0.162458270788193,0.0407872283826766,0.0256862044820579,0.613373279571533,0.773241906861464,-0.212275147146162,-0.11168461684834
YHL020C,0.196106284856796,-0.708560347557068,0.0136761637330198,0.0302553622829388,0.1713697463274,0.223778758446376,-0.766065846139665,-0.65018114020607
YHL019C,0.0703170225024223,-1.15384793281555,0.00454268383204225,0.0280732609442276,0.0617967659297089,0.0794691648955147,-1.20903425275553,-1.09980135213192
YHL017W,0.340318620204926,-0.468705922365189,0.0177751876289027,0.0226877849105477,0.306492758790652,0.376868091523647,-0.513579792197264,-0.42381063184987
YHL014C,0.0874629691243172,-1.0595874786377,0.00706245354944977,0.0350138226290558,0.0744931595399976,0.102325691344837,-1.12788360768455,-0.99001531474577
YHL013C,0.549704968929291,-0.261348366737366,0.0455265885408689,0.0358167693570811,0.46710164770484,0.648550109068553,-0.330588601046373,-0.188056471903533
YHL012W,0.00386022520251572,-2.4251389503479,0.000895871920864742,0.101660818414794,0.002363180561224,0.00579104695934802,-2.62650330872978,-2.23724292273103
YHL011C,1.89377498626709,0.276054620742798,0.145451419578551,0.0332442495270215,1.62856698532899,2.19496767322222,0.211805581083297,0.341428125893029
YHL009C,0.368216454982758,-0.435087978839874,0.0273636400735651,0.0321332364077562,0.318579566975435,0.424381700406472,-0.496782118943402,-0.372243352759715
YHL008C,0.0801677629351616,-1.09679102897644,0.00484017028413758,0.0262038794059465,0.0710391741866867,0.0901802255461613,-1.14850209772276,-1.04488868311492
YHL007C,0.40521502494812,-0.392645090818405,0.0158387250290603,0.0169635885896096,0.375357796996832,0.436729991436005,-0.425554558466114,-0.359786982929392
YHL003C,0.845502614974976,-0.0736976712942123,0.0518842515788936,0.0265553403857861,0.7498293141524,0.951889476180077,-0.125037588097632,-0.021413475765931
YHL002W,0.393117100000381,-0.406176656484604,0.022363375680216,0.0246240643908092,0.351619866987069,0.440620988607407,-0.453926594799111,-0.355934819442905
YHR001W,0.567692875862122,-0.246651336550713,0.0337812307823763,0.025776195933833,0.505973556637764,0.636662754416466,-0.295872179881693,-0.196090556357494
YHR003C,0.361382663249969,-0.442810922861099,0.0216744901843112,0.0260071254677008,0.321814779440562,0.406719625989596,-0.492394014710947,-0.390704872602864
YHR006W,0.301095753908157,-0.521839678287506,0.0150675283412679,0.0217057447648188,0.273231520255407,0.3321031610171,-0.56346920232347,-0.478726991121634
YHR007C,4.0363130569458,0.605516850948334,0.187614961984632,0.0201721573741279,3.67971623341242,4.42946540911992,0.565814328354552,0.646351313838485
YHR008C,2.57840490341187,0.407862842082977,0.329668784401282,0.0549246635244609,2.0149966776371,3.31017446517944,0.304274333832648,0.519850884188995
YHR009C,0.463025063276291,-0.334960639476776,0.0236459701831449,0.0221578686345536,0.41795122101903,0.511775203049183,-0.378874401944706,-0.290920760809446
YHR011W,0.0960172936320305,-1.01884233951569,0.00711097071645151,0.0322301801182684,0.0825884422287345,0.110096414635579,-1.08308074276999,-0.958226828800292
YHR012W,0.412376999855042,-0.386759757995605,0.0402046955809463,0.0422255317582478,0.337836184352636,0.498439646015565,-0.471293853359456,-0.302387422842302
YHR013C,1.74397730827332,0.23803049325943,0.223035230516358,0.0551670624587559,1.34631597995758,2.23784447113673,0.129147000636088,0.349829882903957
YHR014W,0.00364309875294566,-2.48042750358582,0.00160933925481421,0.195017868974733,0.00126682481689689,0.00764768976562968,-2.89728432155485,-2.11647041828294
YHR015W,0.0349791273474693,-1.45759129524231,0.00281237553400353,0.0348958230878568,0.0297719920519739,0.0407378152012825,-1.52619210570483,-1.39000226624087
YHR016C,0.523705720901489,-0.281619876623154,0.0299278431501243,0.0247827267959141,0.468149774273237,0.585979988674323,-0.329615181799734,-0.232117232079936
YHR017W,0.19268587231636,-0.716328024864197,0.0142089316114777,0.031965467822297,0.167006089414159,0.221977872153123,-0.777267693736091,-0.653690316049833
YHR018C,0.742500364780426,-0.129984721541405,0.0416054073536002,0.0243237206745138,0.6651780128479,0.827187183002631,-0.177062114626984,-0.082396203644441
YHR019C,5.9402642250061,0.773365437984467,0.268032342799795,0.0195736380400357,5.43272444407145,6.49043491681417,0.735017676954024,0.812273798746162
YHR020W,3.78700232505798,0.577904045581818,0.160783458338661,0.018434523648076,3.47831250826518,4.11531000534693,0.541368598408571,0.614402555612577
YHR022C,0.0138261411339045,-1.88618052005768,0.00480679613401798,0.156354142292164,0.00586513144274553,0.0250461258925498,-2.23172228929813,-1.60125949923371
YHR024C,0.436292976140976,-0.361022353172302,0.0265621213763264,0.0263391440545546,0.388280324886243,0.492524808148543,-0.410854616265853,-0.307571889495542
YHR025W,2.27891850471497,0.356732904911041,0.154781546084304,0.0293922778308217,1.99118355711301,2.59822436571121,0.299111283106048,0.414676649023497
YHR027C,2.08836841583252,0.319528251886368,0.0749176086925517,0.0155506352771056,1.94803202152252,2.24182268778483,0.289596091483169,0.350601259445225
YHR028C,0.489733308553696,-0.310396999120712,0.0198544112611904,0.0175861540643452,0.451701474189758,0.530389666557312,-0.345148492387791,-0.275404945766283
YHR029C,0.543530642986298,-0.266747117042542,0.052098515900396,0.0412979048456382,0.451206574589014,0.657061075170835,-0.34562458464659,-0.182394264249231
YHR030C,0.358430236577988,-0.446307510137558,0.0205416124110188,0.0248623601768315,0.32039720689257,0.400051859766245,-0.494311295020651,-0.397883711955017
YHR031C,0.0874368622899055,-1.05899965763092,0.00494959891867421,0.0245478338837233,0.0782412682970365,0.0973820056766272,-1.10656412284232,-1.01152128596575
YHR032W,0.29673308134079,-0.528238713741302,0.0156905644553417,0.0229410298935443,0.267020303259293,0.329196155071259,-0.573455715896822,-0.482545245881054
YHR033W,0.00298986211419106,-2.54702115058899,0.000957775091040031,0.142863751768399,0.00138643210812006,0.00512792431982234,-2.85810159896797,-2.29005839866201
YHR034C,0.210858955979347,-0.6778284907341,0.0194279224840232,0.0397103660452509,0.176329890390237,0.252976834774017,-0.753674063056716,-0.596919245584761
YHR035W,0.0236456468701363,-1.62832021713257,0.00231171510005538,0.0425007911281546,0.0192669772853454,0.0284868116645763,-1.71518641475004,-1.54535615677135
YHR036W,0.156111672520638,-0.807593405246735,0.0107616629351356,0.0298856199806317,0.136471848189831,0.178866126015782,-0.864956926938674,-0.747471899747644
YHR037W,0.630315482616425,-0.200986221432686,0.0315874348035986,0.0217582433645487,0.570373123884201,0.694920442501704,-0.243840948259208,-0.158064912494971
YHR040W,0.138677820563316,-0.859601855278015,0.011964673157644,0.0373899992250012,0.116427318317195,0.163520129521688,-0.933945152615768,-0.786428782993064
YHR042W,1.42244625091553,0.15267114341259,0.0583380045184235,0.0177888671610255,1.31377482414246,1.54115554094315,0.118520935229434,0.187846471512953
YHR045W,0.195614084601402,-0.709307909011841,0.0111960545915407,0.0247806985940776,0.17511404218773,0.218289663021763,-0.756679027092712,-0.660966840346849
YHR046C,0.379499793052673,-0.42259693145752,0.0347722961957974,0.0396071124112487,0.316001151005427,0.45425021648407,-0.500311341694396,-0.342704857046203
YHR049W,1.05735003948212,0.0205541979521513,0.138568161071896,0.056282092582161,0.819393157958984,1.3663717508316,-0.0865076667839798,0.135568874579726
YHR050W,0.231503024697304,-0.636096775531769,0.0127490743864715,0.0238776623244168,0.207571946829557,0.257960629959901,-0.682831346226008,-0.588446752388391
YHR052W,1.3776251077652,0.138268411159515,0.0871873507660782,0.0273309479700214,1.22126789093018,1.56454104880492,0.0868109389412716,0.194386952748435
YHR058C,0.344290882349014,-0.465255081653595,0.0346676430216786,0.0434534735777096,0.282803561786811,0.418474901219209,-0.548515125103757,-0.378330588066681
YHR061C,0.203879103064537,-0.692821145057678,0.0205471209889362,0.0436684523266569,0.166314005727569,0.245459358021617,-0.77907117795241,-0.610020438686847
YHR062C,0.403780311346054,-0.396022260189056,0.0404658353498816,0.0433832517385616,0.329568443447351,0.491461617002885,-0.48205437931342,-0.308510395223971
YHR063C,1.09500503540039,0.0385026037693024,0.0711718569053099,0.0281608031624951,0.962177068491777,1.24607503414154,-0.0167449978263026,0.0955441947569169
YHR064C,8.35384654998779,0.921342372894287,0.417901096038084,0.021684757248825,7.57031701405843,9.21433655420939,0.879114060167092,0.964464070452051
YHR065C,0.764297008514404,-0.11736511439085,0.0411247776476232,0.0233426821052211,0.686765702565511,0.850129011273384,-0.163191402376424,-0.070515193475874
YHR069C,0.502973914146423,-0.299571216106415,0.0361980303941514,0.0311309616631784,0.436829347411791,0.578936040401459,-0.359688192473913,-0.237369413535159
YHR070W,0.365285187959671,-0.438029199838638,0.0201827849211201,0.0239533100572045,0.32782847409447,0.40817924986283,-0.484353329040146,-0.389149088039801
YHR071W,0.107254736125469,-0.979451179504395,0.0231379675712502,0.0925998267961555,0.0693104405576984,0.16067714865009,-1.15920135014025,-0.794045895193433
YHR072W,0.289334356784821,-0.539032518863678,0.0129342046025707,0.0193919984478449,0.264521134148041,0.315811386952798,-0.577539628521028,-0.50057221534787
YHR074W,0.717606365680695,-0.144484922289848,0.029646169092892,0.0179468975379665,0.661784376204014,0.776391952236493,-0.179283495769422,-0.109918974980616
YHR075C,0.0660480260848999,-1.18209421634674,0.00628487379828308,0.0412040763494888,0.0548260239884257,0.0792254813015461,-1.26101327210817,-1.10113513533646
YHR076W,0.465813905000687,-0.333213418722153,0.0378917610352095,0.0351712108938713,0.397245854139328,0.546560129523277,-0.400940626616009,-0.262362055975513
YHR077C,0.166740387678146,-0.778359353542328,0.00717155831888725,0.0186530044760691,0.153114825487137,0.181641681368152,-0.814982756293692,-0.74078448671082
YHR078W,0.0694295465946198,-1.15967631340027,0.00521943749092587,0.0325991110051389,0.059744543582201,0.080064465602239,-1.2237017526911,-1.09656019610532
YHR082C,0.262259960174561,-0.581599414348602,0.0102238462829658,0.0169396115288706,0.24265965508918,0.282569685826699,-0.615002424033852,-0.548874431566508
YHR083W,0.365480005741119,-0.43851700425148,0.0292099079131471,0.0346017678928244,0.311930719017982,0.4257598541677,-0.505941853811631,-0.370835304341312
YHR084W,0.26850101351738,-0.57148152589798,0.0119383679816022,0.0193033316149399,0.246174407129486,0.29235930715998,-0.608757102164348,-0.53408307806131
YHR086W,0.193755999207497,-0.713535368442535,0.0117059565786093,0.0261908557995438,0.172308728471398,0.21739031424125,-0.763692754389609,-0.662759809922375
YHR088W,0.971346080303192,-0.0141866821795702,0.0826733188816688,0.0367694741528979,0.819436915715535,1.15218573013941,-0.0864845636967716,0.0615224920365297
YHR090C,0.191757306456566,-0.71959912776947,0.020008342075815,0.0452288937418397,0.156181709344188,0.233246938884258,-0.806369829048705,-0.632184047203395
YHR091C,0.0508345849812031,-1.29482340812683,0.00342465230462313,0.0292108414954587,0.0443916960929831,0.0579688967516025,-1.35269826367112,-1.23680496727434
YHR098C,0.750148713588715,-0.12515015900135,0.0277835649825467,0.0160746391013725,0.697661820054054,0.805278778076172,-0.1563550433925,-0.0940537459415445
YHR099W,0.316304177045822,-0.500048398971558,0.00840495374493085,0.0115235501168696,0.300977366417646,0.333151089648406,-0.521466163917828,-0.477358761956471
YHR101C,0.179894402623177,-0.746544361114502,0.015300194352847,0.0368264701859504,0.152497783303261,0.212040139858921,-0.816736469144466,-0.673581944746073
YHR102W,0.138008534908295,-0.8604696393013,0.00574120207818888,0.0180555702589042,0.127017579600215,0.149564938992262,-0.896136167967576,-0.825170202267987
YHR103W,0.278969347476959,-0.554831624031067,0.0118134652075658,0.0183742939414398,0.257055252790451,0.302755461384853,-0.589973517124319,-0.518908020794876
YHR106W,0.107624351978302,-0.970115542411804,0.0104356581524075,0.0419101676460021,0.0884613543748856,0.130813358724117,-1.0532464157121,-0.883347908252622
YHR109W,0.0586280338466167,-1.23314654827118,0.0044660510198151,0.0329573613226353,0.0505207428398232,0.0678877140705784,-1.29653027235174,-1.16820881568517
YHR111W,0.371915370225906,-0.430399805307388,0.0232456759130976,0.0270781249292173,0.328800550103188,0.421004758278529,-0.483067465779061,-0.375712996813936
YHR112C,0.31092694401741,-0.508738160133362,0.024972411529154,0.0348404168236771,0.263876988738775,0.362440449247758,-0.578598493841663,-0.440763342104633
YHR113W,0.583917796611786,-0.234287187457085,0.0317375696542636,0.0235553784668417,0.525048321982225,0.650825626154741,-0.279800725425301,-0.186535355305137
YHR114W,0.309989154338837,-0.509147763252258,0.014796197241399,0.0207314537280935,0.282049107551575,0.339540392160416,-0.549675273777039,-0.469108554081788
YHR117W,0.458323180675507,-0.339315384626389,0.0217186223502747,0.020549179686039,0.418458751340707,0.501865088939667,-0.378347350725761,-0.29941301393777
YHR118C,0.202229619026184,-0.69510680437088,0.0134107297817891,0.028743737568187,0.177333735426267,0.230181158830722,-0.751208637806082,-0.637930228011832
YHR119W,0.126964181661606,-0.896693170070648,0.00526889774912082,0.0180361218445449,0.116977733063201,0.137268902485569,-0.931896821215916,-0.862427848544626
YHR122W,0.508484780788422,-0.299351453781128,0.0828032666133129,0.069759382142684,0.368086087206999,0.690656337638696,-0.434050678992823,-0.160738047033506
YHR123W,0.434481382369995,-0.363019585609436,0.0293824693892553,0.0293560215824353,0.380674556891123,0.495909707248211,-0.419446149453207,-0.304597391337311
YHR127W,0.434092134237289,-0.367036134004593,0.0641230345161279,0.0631459097235385,0.329238021125396,0.574661520620188,-0.482490025811733,-0.240588232927996
YHR129C,0.0804108381271362,-1.09694826602936,0.00825987626291086,0.0442982225448599,0.065408427764972,0.0979839717348417,-1.18436630330176,-1.00884497687693
YHR132C,1.15603089332581,0.0622657276690006,0.0658532389964712,0.0247440413852363,1.03295526206493,1.28946733474731,0.0140814989972773,0.110410344908484
YHR133C,1.08574080467224,0.0340243652462959,0.0962602833496611,0.0384564412460674,0.90930438041687,1.28919923305511,-0.0412907167689862,0.110320038478498
YHR137W,0.442488044500351,-0.354718118906021,0.0236387331103777,0.0232150064638717,0.397634570548932,0.490263016770283,-0.400515865138173,-0.30957087021751
YHR139C,0.00391057413071394,-2.44681787490845,0.00164200078420607,0.189045181742289,0.00139951424207538,0.00781112164258957,-2.85402270937002,-2.10728659887414
YHR142W,0.360363245010376,-0.445169180631638,0.033956342952804,0.0406723144107615,0.298588698108991,0.434051181872686,-0.524926640222895,-0.362459057005236
YHR143W,4.16190004348755,0.618055701255798,0.314775029674168,0.0327401632572051,3.57611034313838,4.82864427566528,0.553410910720422,0.683825212274216
YHR144C,0.27656352519989,-0.560154318809509,0.0262780670209947,0.0411221930615184,0.228485982120037,0.332635176678499,-0.641140439528381,-0.47803201851867
YHR149C,0.291694223880768,-0.535527944564819,0.0133904160680587,0.0199065619115163,0.266096423317989,0.319679856300354,-0.574960963325374,-0.495284730654868
YHR150W,0.0384772010147572,-1.4163646697998,0.00327537927167276,0.0368993708474115,0.0324875576111178,0.0452477995306254,-1.48828294512483,-1.34440254528639
YHR154W,0.212973684072495,-0.671977758407593,0.0080001987120254,0.0163004009431911,0.197680159658194,0.229066468154391,-0.704036921725318,-0.640038480314832
YHR156C,0.0698859170079231,-1.1584951877594,0.00807859849481737,0.0500795061014735,0.0553157217800617,0.0869105335325003,-1.25715141640005,-1.06092762741709
YHR158C,0.313742101192474,-0.503725349903107,0.0116599646239852,0.0161357113026905,0.291786008079847,0.33715777421991,-0.534935537829878,-0.472166833522388
YHR160C,0.00666566845029593,-2.20520305633545,0.00246368244118638,0.161080502197519,0.00294597836327739,0.0123190238994236,-2.53077122046252,-1.90942370476855
YHR161C,0.189272552728653,-0.723456859588623,0.00946422240168589,0.0216856437096181,0.171660554284851,0.208466809988022,-0.765329489784666,-0.680963079475945
YHR163W,1.40142154693604,0.143190205097198,0.176175369727073,0.0540723712438537,1.09615752498309,1.79927751918634,0.0398729695009799,0.255098143178325
YHR167W,0.214218750596046,-0.672712624073029,0.0277262190458663,0.0555589691877068,0.165813010310133,0.276831020911535,-0.780381425592988,-0.557785282991589
YHR168W,0.0580062754452229,-1.23784422874451,0.00451785429451264,0.0338581750327711,0.0493470760683219,0.0672647281860312,-1.30673857538455,-1.17221260852822
YHR169W,0.421352535486221,-0.37605145573616,0.0239494253126173,0.0246142760951923,0.376626813908418,0.471719285597404,-0.424088768031288,-0.326316368378256
YHR171W,0.0691669285297394,-1.16088891029358,0.00417184194764249,0.0261343358950788,0.0613877697847784,0.0778708164890608,-1.21191814423673,-1.10862540754605
YHR172W,0.12758994102478,-0.894731521606445,0.0064194393290499,0.0218351985253172,0.115253796925147,0.140489346037308,-0.93834475849896,-0.852356609364334
YHR176W,0.0262219272553921,-1.58454084396362,0.0031950637374179,0.0527953903110004,0.0204489042982459,0.0330053381621838,-1.68932996428783,-1.48141581324665
YHR177W,0.00815191492438316,-2.09774208068848,0.00166012943591086,0.0889175607629767,0.00527087964195137,0.0117617704207078,-2.27811690107761,-1.92952730265855
YHR178W,0.0684356018900871,-1.16556453704834,0.0042695243995776,0.0270621162810912,0.0605868829724689,0.0775189120943348,-1.21762139043864,-1.11059235300148
YHR179W,9.61086750030518,0.982008814811707,0.567822809372455,0.0255824270005923,8.57004035313924,10.7887658596039,0.932982860987346,1.03297176803614
YHR181W,0.492335051298141,-0.312844932079315,0.0762631957076177,0.0664442668812339,0.363973927249511,0.661062604685625,-0.438929725319324,-0.17975745852422
YHR182W,0.0555419735610485,-1.25612759590149,0.00327004924520079,0.0255008651829719,0.0496486568202575,0.0623342964487771,-1.3040924962998,-1.20527294759957
YHR183W,9.8244457244873,0.991797745227814,0.476919603224201,0.0210381048760477,8.93813896179199,10.798095369339,0.951247102379646,1.03334715838395
YHR186C,0.141435518860817,-0.849680840969086,0.00470748384111957,0.0144377522977094,0.132605880498886,0.150832027196884,-0.877437216416994,-0.821506431953967
YHR187W,0.318069607019424,-0.499053329229355,0.0272044193389487,0.036972285201825,0.26830318570137,0.376548422127962,-0.571374170696259,-0.424179174808237
YHR188C,0.52385002374649,-0.281234532594681,0.0236568702359917,0.019605330702259,0.477600475152334,0.57235879500707,-0.320935251176077,-0.242331639365807
YHR190W,2.18800520896912,0.339466005563736,0.113560390204554,0.0224847395354902,1.98212480048339,2.41882538795471,0.297130988792324,0.383604518306144
YHR194W,0.0253803730010986,-1.5977828502655,0.0026075733506703,0.0445062886307504,0.0206323019694537,0.0309847537428141,-1.68545233507214,-1.50885197970155
YHR195W,0.127168133854866,-0.897933602333069,0.0131609283649549,0.0448381223702925,0.10352647335579,0.154740478098392,-0.984948582448404,-0.810396065656865
YHR196W,0.698685646057129,-0.156193315982819,0.0327519146280189,0.0203005622953715,0.637360158065955,0.765724297364553,-0.195615089654759,-0.115927575762415
YHR197W,0.313232868909836,-0.504518806934357,0.0132143690159012,0.0183153773929701,0.288602923850218,0.339708804835876,-0.539699274041017,-0.468893197427931
YHR198C,0.203173458576202,-0.694291532039642,0.0203376641369874,0.0432764746664512,0.167395238329967,0.245520030210416,-0.776256906643558,-0.609913072282141
YHR199C,0.321862041950226,-0.494089215993881,0.029103751228259,0.0390379798940205,0.270176124572754,0.384479196369648,-0.568353032163783,-0.415127171576889
YHR200W,2.02745008468628,0.305047541856766,0.190475194335395,0.0406421004695378,1.68274784286817,2.43155943353971,0.22601900308606,0.385884889293411
YHR205W,0.500532031059265,-0.30089083313942,0.019333727998158,0.0167622433764558,0.463618338108063,0.539392514526844,-0.333839394145823,-0.268095088693677
YHR206W,0.233783811330795,-0.631703615188599,0.0114302468794067,0.0212177083170747,0.212527750432491,0.257356049865484,-0.672584354847262,-0.589465618332403
YHR207C,0.312236756086349,-0.506213843822479,0.0177594762440519,0.0246126431516534,0.279231108973424,0.349595977614323,-0.554036199111444,-0.456433572919874
YHR208W,5.69633293151855,0.754832446575165,0.338900374840428,0.0257406341976991,5.07713445822398,6.41622322003047,0.705618659428695,0.807279463823244
YHR209W,0.0989286974072456,-1.00775265693665,0.0118272140332755,0.0516656153413947,0.0778861184294025,0.124827090837061,-1.10853999521609,-0.903691158273815
YHR210C,0.0183005928993225,-1.74504065513611,0.00340064829862962,0.0811050557283702,0.0123315165517852,0.0254180958649765,-1.90898353242174,-1.59485700331511
YIL160C,0.0012918843422085,-2.94030833244324,0.000625367956297924,0.218791106312759,0.000393395869468804,0.00273829224364211,-3.40517029343575,-2.56252020374471
YIL156W,0.0853473618626595,-1.0692104101181,0.00367945904963644,0.0186938896019305,0.0785319287950794,0.0927565402661761,-1.10495373612131,-1.03265546037693
YIL155C,0.170915558934212,-0.767853736877441,0.0092633080028484,0.023478261450577,0.153910220538576,0.189655665929119,-0.812732540229861,-0.722034178826727
YIL154C,0.321001291275024,-0.494676798582077,0.0237510563394322,0.0320756532500201,0.277891690780719,0.370476889113585,-0.556124440781755,-0.431238910944028
YIL152W,0.0548606440424919,-1.27305006980896,0.0131199712198597,0.103773605321272,0.0335260244707266,0.0841535031795502,-1.4746179828717,-1.07492780030752
YIL150C,0.0875845178961754,-1.05841517448425,0.00547358397555407,0.0270829708124009,0.0776334771886468,0.09897496458143,-1.10995099779371,-1.00447464499472
YIL149C,0.123638205230236,-0.908088386058807,0.00412508206962894,0.01448843967378,0.115980323466162,0.131987254321575,-0.935615687480319,-0.879468005500019
YIL144W,0.132716193795204,-0.877573251724243,0.00634006558761058,0.0207327508439851,0.120795324444771,0.145602740099033,-0.917949900032586,-0.836830451990156
YIL143C,0.256986528635025,-0.590450704097748,0.0105001820289229,0.0177351031883866,0.236440847069025,0.278295529137055,-0.626277493443832,-0.555493799914035
YIL142W,2.12251496315002,0.326326996088028,0.104390179228463,0.0213263740820809,1.92492854595184,2.34132620692253,0.284414612974505,0.36946192484155
YIL140W,0.371045619249344,-0.430935353040695,0.0151791837330309,0.0177467596940213,0.343212161958218,0.402243780096372,-0.464437331035012,-0.395510667083697
YIL139C,0.100599773228168,-1.00422239303589,0.017982950637425,0.0769466283640968,0.0699518949414293,0.140734687944253,-1.15520053686003,-0.851598997121823
YIL137C,0.641564726829529,-0.193061158061028,0.0239646921215219,0.0162010583591911,0.596828198929628,0.689597206314405,-0.224150665682875,-0.161404506873353
YIL136W,0.239567801356316,-0.621714413166046,0.0174144853462071,0.0314989807047012,0.207056404898564,0.277189781516791,-0.683911331042421,-0.557222851672558
YIL135C,0.244749799370766,-0.61235648393631,0.01730501161303,0.0305950212143909,0.21302659685413,0.281454067677259,-0.671566178646498,-0.550592470962174
YIL131C,0.355064362287521,-0.450376272201538,0.0199425083543784,0.0243459143803501,0.31819085975488,0.395918322106202,-0.497312300832878,-0.402394399820521
YIL130W,0.196392625570297,-0.707291424274445,0.00860125754938179,0.0190182473423502,0.179979284480214,0.214120765030384,-0.744777479597694,-0.66934121391903
YIL129C,0.16633976995945,-0.779217720031738,0.00522566413844272,0.0136319417055425,0.156462326645851,0.177109360694885,-0.80559021594132,-0.751758484599295
YIL128W,0.236814007163048,-0.625926077365875,0.0093207442132885,0.0170797284026682,0.219388331348697,0.255792712668578,-0.658786475186178,-0.592111833073438
YIL126W,0.473583251237869,-0.32483571767807,0.0154743423800285,0.0141874412218212,0.444466811666886,0.504299488166968,-0.352160662548522,-0.297311476510803
YIL125W,0.8909010887146,-0.0504540614783764,0.0322756159135398,0.0157113825988342,0.830279846489429,0.957297968864441,-0.0807755038968592,-0.0189528775587651
YIL122W,0.0343768820166588,-1.4670627117157,0.00425672635287484,0.053849213511572,0.0265147769202789,0.0431502610445023,-1.57651205653266,-1.36501659408123
YIL121W,0.269940584897995,-0.569383144378662,0.0148013036249496,0.0237822766268049,0.241400992373625,0.299792408943176,-0.617260999947593,-0.523179368138268
YIL119C,0.229568526148796,-0.640089571475983,0.0155796962595358,0.0294828423400267,0.20008154908816,0.261830950776736,-0.698792965758174,-0.58197901726185
YIL118W,0.821007430553436,-0.0912429615855217,0.133177976667441,0.06952080125737,0.592755332589149,1.12117016812166,-0.227124530674021,0.0496715331958821
YIL117C,0.410402774810791,-0.388470470905304,0.0362385446488106,0.0381948948256232,0.344678312540054,0.485712515066067,-0.462586041919852,-0.313620706186438
YIL116W,0.855476677417755,-0.068824514746666,0.0591879753881213,0.0299198484061289,0.747576139867306,0.982599139213562,-0.126344568782133,-0.00762362065607577
YIL115C,0.641962230205536,-0.192719727754593,0.0208250483477506,0.0140903484828742,0.60242520570755,0.684004900356134,-0.220096866883353,-0.164940787394379
YIL114C,0.291118621826172,-0.538314938545227,0.030641171998827,0.0454885488062484,0.236615957692266,0.355925421913465,-0.62595597014575,-0.448640993645746
YIL108W,0.248334154486656,-0.605458319187164,0.0118579249375055,0.0207297163921676,0.22592867910862,0.272740848114093,-0.64602863917163,-0.564249813493349
YIL107C,0.114707164466381,-0.94088339805603,0.00534960273445307,0.0202568578466188,0.10462353186061,0.125528697421153,-0.980370623874669,-0.901257055155234
YIL106W,0.300729751586914,-0.523661553859711,0.0277873860714967,0.0399230637438689,0.251315528651079,0.359673411150774,-0.599780676843301,-0.444091738470757
YIL104C,0.247100293636322,-0.607938349246979,0.0151508384652907,0.0265407709607581,0.219717685629924,0.27999567463994,-0.658134984224247,-0.552848677780162
YIL103W,0.368744879961014,-0.434149116277695,0.0234055997397851,0.0275841168126492,0.325232798357805,0.417581252753735,-0.487805664879004,-0.379259008345489
YIL101C,0.030461585149169,-1.51771104335785,0.00250063844313053,0.0356920020919092,0.0257932234400262,0.0356089154879252,-1.58849438646344,-1.44844125383118
YIL097W,0.042546596378088,-1.37304520606995,0.00399186516046469,0.040746991287164,0.0352854146932562,0.0507193319499493,-1.45240482026669,-1.29482647540159
YIL094C,1.82110738754272,0.259351521730423,0.122997788826133,0.0292131987327395,1.59950827558835,2.0856315056483,0.203986491105149,0.319237533936853
YIL093C,0.364231795072556,-0.441443175077438,0.0418155846098562,0.0494166950233254,0.290604311972857,0.457224528988202,-0.536697946107702,-0.339870478950069
YIL091C,0.425222814083099,-0.371790587902069,0.0184118788942386,0.0188001339632267,0.390101298193137,0.461948593954245,-0.408822606952998,-0.3354063544311
YIL090W,0.164220109581947,-0.785498261451721,0.0107433568388469,0.0283636478894353,0.14420747756958,0.186272114515305,-0.841012219623455,-0.729852155402055
YIL088C,0.316604048013687,-0.500138103961945,0.0173919072629562,0.0238256927620774,0.283866795152426,0.352849335968494,-0.546885406330798,-0.45241069795076
YIL085C,0.208823189139366,-0.680852711200714,0.011264353406405,0.0233872229519529,0.187351109832525,0.232386742408077,-0.727343757753495,-0.633788666951836
YIL084C,0.176328346133232,-0.755504727363586,0.0162332199963268,0.0397892828029321,0.147226264327765,0.21040652692318,-0.832014707559207,-0.67694079226186
YIL083C,0.464095324277878,-0.334521889686584,0.0335163079094393,0.0313122546458578,0.401617139577866,0.534471794962883,-0.396187761338004,-0.272075208946157
YIL079C,0.292913526296616,-0.534463942050934,0.0218213427778357,0.0322935030463743,0.25318954239289,0.338406050950289,-0.596554237705232,-0.470561890703255
YIL078W,6.57114696502686,0.817292869091034,0.263306031914367,0.017401505816962,6.08276319503784,7.10225025415421,0.784100909494291,0.851395961855818
YIL077C,0.0918005034327507,-1.03951382637024,0.00956838470378933,0.0453374727057579,0.073797925375402,0.11197432987392,-1.13195585179318,-0.950881643819896
YIL076W,1.98441600799561,0.296246498823166,0.159432187525725,0.0346236079444858,1.70145897567272,2.33170687357585,0.23082148192681,0.367673951100976
YIL075C,1.88425433635712,0.274881690740585,0.0648952083183784,0.0149488826002896,1.76272355516752,2.01337969700495,0.246184207978884,0.303925684849315
YIL071C,0.038441177457571,-1.41773128509521,0.00415020786261668,0.0469692717738621,0.0307240161889543,0.047334307897836,-1.51252202349761,-1.32482397436617
YIL070C,1.35256445407867,0.128867775201797,0.139597610080382,0.044552199346574,1.0983306457599,1.65310721894105,0.0407331001290163,0.218300972421091
YIL068C,0.198020353913307,-0.70372211933136,0.00883482898454657,0.0193746870574654,0.181035668154558,0.21645233767728,-0.742235850875738,-0.664637722429663
YIL067C,0.0830483362078667,-1.08138966560364,0.00478467785319598,0.0249785211801579,0.0741173788284262,0.0928648282463352,-1.13008000281697,-1.03214874016807
YIL061C,0.167601227760315,-0.778168976306915,0.0178870459205608,0.0460390690980405,0.136784874647856,0.206326127052307,-0.863961924545616,-0.68544577388729
YIL056W,0.105310194194317,-0.978251457214355,0.00606255075986341,0.0250151268077281,0.0938485053678354,0.117644332908094,-1.02757264018621,-0.929429049467366
YIL055C,0.041578121483326,-1.38234925270081,0.00311307724655028,0.0324795252065962,0.0358101594261825,0.0479587183333933,-1.44599375404117,-1.31913243329138
YIL053W,21.0924644470215,1.32193946838379,2.12859365985632,0.0435749741210508,17.3042388121287,25.7337614536285,1.23815249999672,1.41050325364693
YIL050W,0.260954618453979,-0.585588991641998,0.0259927593374111,0.0433145703443458,0.213486224412918,0.315743103871743,-0.670630143376529,-0.500666126997931
YIL049W,0.0799346268177032,-1.10393476486206,0.0141656470340883,0.076068676831158,0.0563605462821821,0.111183005943894,-1.24902480683313,-0.953961663039746
YIL048W,0.206414550542831,-0.685583531856537,0.00800934640946134,0.0168489050586422,0.191204968343178,0.22254322891434,-0.718500827985262,-0.652585617360475
YIL047C,0.224904045462608,-0.648388147354126,0.00949126654025889,0.0183161011854724,0.207259149601062,0.244454714407523,-0.683486288189778,-0.611801582854138
YIL044C,0.542630851268768,-0.267386734485626,0.0508199324362732,0.0405004567270296,0.450810126711925,0.649906082451344,-0.346006339281927,-0.187149402866308
YIL043C,2.34169912338257,0.367888242006302,0.204184346544536,0.0377830664897705,1.96492312947909,2.77639066378276,0.29334556247711,0.443480575200315
YIL042C,0.0656676441431046,-1.18447411060333,0.0060219415642064,0.0398610814233776,0.0545100868058701,0.0783155623823404,-1.26352312659786,-1.10615193524052
YIL039W,0.725918412208557,-0.139800578355789,0.0409468502798743,0.024462349346972,0.651077197988828,0.80993933826685,-0.186367523724181,-0.0915475098306447
YIL038C,0.575759589672089,-0.24006724357605,0.0217323601193364,0.016387808033791,0.534784863392512,0.619083667794864,-0.271820893559236,-0.208250666225121
YIL036W,0.332000643014908,-0.479374647140503,0.0161610548966192,0.021140349454566,0.30069887638092,0.364269817620516,-0.521868194721158,-0.438576811701431
YIL035C,0.605599343776703,-0.218784675002098,0.0405857013593639,0.029024018794293,0.531194439530373,0.691826524337133,-0.274746480994057,-0.160002793347716
YIL034C,0.931811213493347,-0.0322533659636974,0.0797920145894766,0.0370276108746311,0.788688648243745,1.10128754079342,-0.103094473921661,0.0419007259244736
YIL033C,0.964974105358124,-0.0161832943558693,0.0547675436781681,0.0246384087985853,0.864821506539981,1.07509791652362,-0.0630735194495005,0.0314480200334221
YIL030C,0.557535350322723,-0.253956705331802,0.0180947727063505,0.0140892537172325,0.523259937763214,0.594300381839275,-0.281282514781455,-0.225993990892387
YIL026C,0.196722120046616,-0.706443428993225,0.00728671959798163,0.016083275788639,0.182889857391516,0.211633159716924,-0.737810378909673,-0.674416284490469
YIL022W,0.728186190128326,-0.138416156172752,0.0401976341248091,0.0239149538667417,0.652861779928207,0.811816447476546,-0.18517875628292,-0.0905421567340967
YIL020C,0.450467586517334,-0.349050253629684,0.0505424303211426,0.0485364019590967,0.359768948207299,0.557235896587372,-0.44397633706937,-0.253960914524335
YIL019W,0.401638120412827,-0.397362351417542,0.0298699984159468,0.0322642160568701,0.345287638654312,0.464638506124417,-0.461818970240544,-0.332884832636151
YIL017C,0.0486866980791092,-1.31323409080505,0.00265028417507761,0.0236474938838429,0.0435817626925806,0.0540710542351008,-1.36069520883033,-1.26703516400049
YIL015W,2.18037009239197,0.338111042976379,0.0957520369666013,0.0190766011555761,1.99556922912598,2.37173344890277,0.300066798672725,0.375065877482283
YIL014W,0.177266672253609,-0.751922905445099,0.0089277156434742,0.0218666300130148,0.160518634691834,0.195269084473451,-0.794474542869074,-0.709366510099063
YIL011W,0.107687965035439,-0.972540616989136,0.0159070790229132,0.0640088359597756,0.079437965589265,0.142383595804373,-1.09997190791355,-0.846540047501653
YIL006W,0.0258758328855038,-1.59082806110382,0.00339377611260351,0.0569233824666173,0.0197221180113653,0.0328022151564558,-1.70504647568459,-1.48409682708895
YIL005W,0.450266152620316,-0.346949964761734,0.0198234779942991,0.0191135976547093,0.412806380043427,0.48889571428299,-0.384253599183895,-0.310783769795699
YIL002C,0.081251360476017,-1.09070932865143,0.00404620602587098,0.0216524360705267,0.0734642769520481,0.089322708422939,-1.13392379151217,-1.04903812057246
YIL001W,0.0826123729348183,-1.08424198627472,0.00637625364210438,0.0334834091480672,0.0709238270297647,0.0962781997397542,-1.14920783821897,-1.01647204408089
YIR003W,0.434304624795914,-0.362645834684372,0.0195648373949,0.0195561496148092,0.397387067725261,0.474350502838691,-0.40078628556745,-0.323900635301233
YIR004W,0.527673065662384,-0.278443366289139,0.0322366955027524,0.0265060549538297,0.466273948301872,0.594548126558463,-0.331358849231039,-0.225812985090364
YIR006C,0.927693367004395,-0.0328001864254475,0.0284725252558128,0.0133114340721586,0.874854655563831,0.985481308400631,-0.0580640950228742,-0.0063516086933253
YIR007W,0.107752062380314,-0.968151092529297,0.00555604567332346,0.0223964121955353,0.0974136283621192,0.118894286453724,-1.01138028099327,-0.924839015198303
YIR008C,0.346869707107544,-0.460803031921387,0.0232605125108893,0.0290389188406805,0.304356418053309,0.395761859416962,-0.516617536055692,-0.402566062478408
YIR010W,0.128513842821121,-0.891841113567352,0.00775002504666344,0.0261969423612562,0.114173048175871,0.144239750007788,-0.942436404743283,-0.840915039087275
YIR011C,0.306970447301865,-0.514992475509644,0.0301993399616883,0.0425873021419938,0.251947283744812,0.371002605557442,-0.598690319431644,-0.430623043222099
YIR012W,1.30053341388702,0.113385461270809,0.0759712382856087,0.0252603665044948,1.16180245379607,1.45716377000014,0.0651322891571448,0.163508364109893
YIR014W,0.0588750615715981,-1.23975324630737,0.0125545564242139,0.0919502782421507,0.0379430606340369,0.0861349221318961,-1.42086764060824,-1.06482114576781
YIR016W,0.0064319921657443,-2.22467994689941,0.00249154756976285,0.172966687070404,0.0025915400745968,0.0124028623104095,-2.58644219286577,-1.90647807756625
YIR018W,0.19268411397934,-0.719885468482971,0.0286760838768957,0.0640025646428809,0.143667164196571,0.257286977271239,-0.842642517121309,-0.589582195400796
YIR021W,0.120475463569164,-0.920925557613373,0.0110766262993937,0.039818956863311,0.100350946187973,0.143690103292465,-0.99847852828583,-0.842573145871261
YIR025W,0.0827025473117828,-1.08474493026733,0.00845926772732245,0.0443705751167277,0.0673298639555772,0.0998626202344894,-1.17179226617163,-1.00059704294293
YIR026C,0.496240049600601,-0.305564939975739,0.0378466772193401,0.0330014414535693,0.427948359400034,0.576489388942719,-0.368608634270806,-0.239208682065788
YIR030C,0.105778194963932,-0.982562184333801,0.0190155048275467,0.0778921232777686,0.0728448763489723,0.147691524152954,-1.13760099188912,-0.830644427915152
YIR031C,0.00623107142746449,-2.21375489234924,0.00121538126259685,0.085549807607124,0.00407435476857548,0.00883314456635465,-2.38994118787135,-2.05388467067906
YIR033W,0.362964510917664,-0.440417230129242,0.0130635420407005,0.0156274948140063,0.33788357352217,0.389209073533615,-0.471232921731449,-0.40981704763555
YIR035C,0.33083176612854,-0.483670890331268,0.0409379134926224,0.0532726525476697,0.259446699917316,0.420000677307447,-0.585951860168121,-0.37675001387586
YIR038C,0.562812149524689,-0.254866003990173,0.0882164109379725,0.0672911940247783,0.410137057304382,0.757409377892812,-0.387070989165939,-0.120669322054387
YIR042C,0.00333357765339315,-2.59818530082703,0.00250446115228476,0.347040209218723,0.00042128727970218,0.00976175914208095,-3.37545875278338,-2.01047198722428
YJL216C,0.00176537432707846,-2.77846789360046,0.000600640284830694,0.151107343557298,0.000772869289600446,0.00315152224696552,-3.11189444596744,-2.50148050321523
YJL213W,0.00157252757344395,-2.87129426002502,0.000869368919681604,0.2535732433045,0.000367973073055812,0.00362307987137077,-3.43418402486702,-2.44092212763339
YJL208C,0.290916442871094,-0.537977576255798,0.0261705881752536,0.0389091521544199,0.243067318449418,0.347153132160505,-0.614273433106637,-0.459478950496744
YJL207C,0.184806779026985,-0.733520686626434,0.00612208670340358,0.0143810793284941,0.173442732418577,0.196840658783913,-0.760843893238223,-0.705885190144057
YJL206C,0.0284414663910866,-1.54738247394562,0.00223048194467824,0.0341324735568116,0.0242816948487113,0.0330146122413377,-1.61472101893011,-1.48129379924888
YJL204C,0.181856602430344,-0.740646958351135,0.00756928727591473,0.0180621005095268,0.167884226019184,0.196830913424492,-0.774990107552479,-0.705906692107217
YJL203W,0.222464263439178,-0.65582799911499,0.026632897358835,0.0517931943192703,0.174310193086664,0.281545161704222,-0.758677216424615,-0.550451963486821
YJL201W,0.210474044084549,-0.677459836006165,0.0116070343519269,0.0238880582642065,0.188733512784044,0.234781122704347,-0.724150976779908,-0.629336825059694
YJL197W,0.19522750377655,-0.709765255451202,0.00733506869301833,0.0163071673520412,0.181398053715626,0.210007281973958,-0.741367377026523,-0.677765650460588
YJL196C,1.73453867435455,0.237995684146881,0.128366227840607,0.0321407820108266,1.49675830304623,1.99559821089109,0.175151653727195,0.300073103464454
YJL194W,0.149631708860397,-0.825748026371002,0.00892940250382167,0.0258778715826524,0.133375941092769,0.167984795446197,-0.874922507667642,-0.774730035152067
YJL193W,0.118880935013294,-0.926352918148041,0.00977386745164957,0.0356926038638624,0.100805565280219,0.138812631368637,-0.996515491281329,-0.857571013102338
YJL192C,2.04868292808533,0.307681560516357,0.27333414304185,0.0572626126467659,1.57868743737539,2.65317655007045,0.198296029212793,0.423766090688315
YJL187C,0.0796679779887199,-1.09927797317505,0.00405271326197445,0.0221018516264404,0.0720309985801578,0.0876923071220517,-1.14248056447736,-1.0570385038669
YJL186W,1.02670276165009,0.0109808603301644,0.0474813381156277,0.0200753495069,0.935688964029153,1.12516886194547,-0.0288684971569016,0.0512177044608422
YJL185C,0.0595704279839993,-1.22888576984406,0.00801493405095459,0.0584081432002273,0.0451397517075141,0.0759263411164284,-1.34544083713468,-1.11960752822997
YJL183W,0.841203689575195,-0.0758464783430099,0.0494444596237676,0.0254826859749004,0.74735293140014,0.942379483083884,-0.126474274258807,-0.0257741881874415
YJL180C,0.188542351126671,-0.726344406604767,0.0170175256916032,0.0389910058577389,0.158395691215992,0.224185033390919,-0.800256639015558,-0.649393391893216
YJL178C,1.089271068573,0.0351079516112804,0.106181307283157,0.0418556761235855,0.90530561208725,1.3291955669721,-0.043204787882281,0.123588813496983
YJL176C,0.354435563087463,-0.450830847024918,0.014626694476726,0.0178894676798254,0.326992554217577,0.38430274973313,-0.48546213831088,-0.415326508312713
YJL172W,2.11094737052917,0.324058353900909,0.0929208137040431,0.0190878066663946,1.93583599229654,2.30267167886098,0.286868520613947,0.362232019167934
YJL168C,0.345092207193375,-0.462520509958267,0.0158326426187288,0.0199111236283368,0.315516889095306,0.378035440544287,-0.500977388734961,-0.422467485246914
YJL167W,5.91722679138184,0.771237671375275,0.377880714259728,0.0276508109605806,5.22250640392303,6.7090024193128,0.717878981188393,0.826657946844356
YJL165C,0.223742753267288,-0.650636792182922,0.00946953898255693,0.0183126766237816,0.206629732375344,0.243724594513575,-0.684807186800811,-0.613100654814106
YJL164C,0.363217622041702,-0.440789937973022,0.0241270298835011,0.0288295013320805,0.319382101297379,0.41263221402963,-0.495689426098576,-0.384436875647637
YJL163C,0.0404016934335232,-1.39505803585052,0.0033150101967853,0.0355679001826966,0.0343780197203159,0.0473518302043279,-1.46371914396482,-1.32466329786925
YJL162C,0.0884682834148407,-1.05399417877197,0.00531448598972976,0.0260386518630712,0.0786662679165602,0.09954185107102,-1.10421145415748,-1.00199428775359
YJL160C,0.0106402300298214,-1.98880755901337,0.00288339419752615,0.117785904827022,0.0058294177831461,0.0171101474668831,-2.23437491419817,-1.76674624967393
YJL157C,0.404588520526886,-0.393304407596588,0.0154613303766299,0.0165865607711117,0.374800831079483,0.435858873277903,-0.426199454783103,-0.360654108243214
YJL156C,0.174529552459717,-0.758600234985352,0.00810683304295192,0.0201244201493786,0.159535070632895,0.191153110315402,-0.797143831752694,-0.718618634290554
YJL155C,0.166460394859314,-0.779623687267303,0.0109302293824293,0.028476205860856,0.146266320347786,0.188834037259221,-0.834855678626027,-0.723919722348259
YJL154C,0.369261980056763,-0.43298003077507,0.0140650919629902,0.0165500235307018,0.341544760763645,0.39729374696811,-0.466552381927845,-0.400888270323224
YJL153C,0.0067352638579905,-2.17869710922241,0.00120844540051682,0.0787731523483096,0.00454595625633374,0.00927156684920192,-2.34237479104417,-2.03284686604717
YJL149W,0.14241398870945,-0.847148537635803,0.00810091854327213,0.0246858170715106,0.127261294921239,0.15876904129982,-0.895303664877568,-0.79923417777806
YJL148W,1.51254308223724,0.176095768809319,0.196466915727599,0.0559191734678515,1.17638249099255,1.93684220810731,0.0705485422827049,0.287094240639578
YJL147C,0.0643604770302773,-1.19308137893677,0.00569263433443345,0.0384522316946915,0.0539548298964898,0.0758064193030199,-1.26796967233867,-1.12029402806913
YJL146W,0.155517816543579,-0.809127807617188,0.0100624306169694,0.0280784108471636,0.136966899285714,0.176691773285468,-0.863384376360399,-0.752783674418458
YJL145W,1.07528209686279,0.0298337396234274,0.0954255779769664,0.0382245640334631,0.901514234145482,1.28555342058341,-0.0450274147705391,0.109090127535794
YJL139C,0.122067429125309,-0.914439558982849,0.00845307563106933,0.0300430987204871,0.106151065106193,0.139494091272354,-0.974075645515708,-0.855444187961418
YJL137C,0.128693804144859,-0.891864538192749,0.0104446957978962,0.035098803792799,0.110055830702186,0.150436181699236,-0.958386944391181,-0.822647698547799
YJL134W,0.355879753828049,-0.449611872434616,0.0231357146725043,0.0281718489746761,0.313499605158965,0.403261134276787,-0.503763095639397,-0.394413633059887
YJL133W,0.229618281126022,-0.640953540802002,0.0218548430925546,0.0412400963415338,0.190156620120009,0.27623911028107,-0.720888553163198,-0.558714835024466
YJL131C,0.111615061759949,-0.954061031341553,0.0101429529270025,0.0393521699753427,0.0927357008680701,0.132874910533428,-1.03275304274367,-0.876557015006311
YJL130C,3.48445153236389,0.541979670524597,0.0930873579076177,0.0115817086305924,3.31673807700475,3.67181231578191,0.520711176518429,0.564880474188486
YJL129C,0.0564301572740078,-1.24898064136505,0.00268614632583817,0.020648596531616,0.051359986855338,0.0619362725876272,-1.28937509843099,-1.208054935512
YJL128C,0.342092663049698,-0.466331452131271,0.0160239753964159,0.0203210172941169,0.312244969358047,0.374496132135391,-0.505504549913981,-0.426552663414263
YJL127C,0.098727822303772,-1.0062620639801,0.00561125370612623,0.0246745376493957,0.0883926173051198,0.110058565251529,-1.05358401326811,-0.95837615623279
YJL126W,0.125577211380005,-0.903656959533691,0.0137085199992786,0.0472046540632026,0.100547551053266,0.155043853695194,-0.997628606741418,-0.809545457248909
YJL125C,0.497668415307999,-0.304019004106522,0.0331072105664046,0.0288485264420901,0.435560358315706,0.565623239179452,-0.360951661962531,-0.247472756637098
YJL121C,2.51897549629211,0.397462427616119,0.334069770915854,0.0570680628482637,1.9380770166715,3.2505736430486,0.287371029115176,0.511960008555612
YJL117W,1.70518791675568,0.23048110306263,0.131571922146073,0.0334937944957687,1.46096966663996,1.97535989085833,0.164641197091083,0.295646220836903
YJL116C,0.030111575499177,-1.52628791332245,0.00458587838367897,0.0662171743488121,0.0218478904416164,0.0401524528240164,-1.6605905022244,-1.39628793158042
YJL115W,0.664057791233063,-0.179995357990265,0.0671563489357604,0.0436963752692874,0.542991459369659,0.808667247494062,-0.265207001309494,-0.0922301471837712
YJL111W,1.80271947383881,0.255434960126877,0.0860220834237294,0.0207070313223217,1.64198557237784,1.98135706583659,0.215369336762291,0.296962747354927
YJL110C,0.188334912061691,-0.725817263126373,0.0110607921796949,0.0254924696279919,0.167198151350021,0.211280521253745,-0.776768528708744,-0.675140540601308
YJL109C,0.605475664138794,-0.218091309070587,0.0178095407979367,0.0127650709076837,0.572145760059357,0.641064912080765,-0.242493316092894,-0.193097999087027
YJL107C,0.0766841173171997,-1.11725533008575,0.00729542675913862,0.0412634842229576,0.0630793911715349,0.092186301574111,-1.2001125110549,-1.03533360844973
YJL106W,0.000709778862074018,-3.19910001754761,0.000337659002715665,0.215023451124968,0.000222253492635597,0.00152543755151176,-3.65315171099693,-2.81660594449023
YJL105W,0.00532271387055516,-2.28195261955261,0.00102657442210475,0.084287432092202,0.00351658601236219,0.00751679730601609,-2.45387880987476,-2.12396732223839
YJL102W,0.0490241199731827,-1.31041550636292,0.00301717037925764,0.0267715628040395,0.0432119772148629,0.0549580348966022,-1.36439586294104,-1.25996880451359
YJL101C,0.280715465545654,-0.552226722240448,0.0133714487834613,0.020697709322147,0.255145788192749,0.308016416678826,-0.593211596368572,-0.511426136223738
YJL100W,0.0460097976028919,-1.33861792087555,0.0037849888301829,0.0356983291594654,0.0389974005520344,0.05395117936035,-1.40896434075637,-1.26799905818371
YJL095W,0.0739416778087616,-1.1315153837204,0.00319301697307267,0.0187488749906675,0.0678326553354661,0.0804736698046327,-1.16856118241906,-1.09434619337572
YJL094C,0.128461748361588,-0.891664564609528,0.00577852319905915,0.0195315606867398,0.117485262453556,0.140125260874629,-0.930016608596681,-0.853483569683192
YJL092W,0.0867828354239464,-1.06199717521667,0.00386912581128425,0.0193654601114729,0.0793527528022726,0.0947842821478844,-1.10043800681537,-1.02326367471251
YJL091C,0.299418479204178,-0.524589717388153,0.0189390095814895,0.0274394512752831,0.263997614383698,0.338702172040939,-0.578399997617583,-0.470182018287847
YJL088W,0.0590819828212261,-1.23204636573792,0.00752537822440819,0.0552152454555919,0.0453632801771164,0.0751914624124766,-1.34329556650466,-1.12383152530497
YJL087C,0.297630995512009,-0.526737689971924,0.0130350404831907,0.0190110833730723,0.272452682505051,0.323351307461659,-0.56470891460846,-0.490325378685275
YJL085W,0.164099812507629,-0.785480320453644,0.00855295153114266,0.0225847900821433,0.148303599158923,0.181377649307251,-0.828848309830815,-0.741416230950531
YJL084C,0.126271620392799,-0.899058699607849,0.00519073672981146,0.0178185321868893,0.116653600831827,0.136904333283504,-0.933101851003304,-0.86358280821508
YJL082W,0.248700678348541,-0.604782223701477,0.0114483590117636,0.019964441819531,0.22754077501595,0.272018112738927,-0.642940768214577,-0.565402176845732
YJL081C,0.347047537565231,-0.460299372673035,0.0195886662073207,0.0244306412673211,0.311445781836907,0.387872383246819,-0.50661754735147,-0.411311142858551
YJL079C,0.690368950366974,-0.162515908479691,0.0594647128182595,0.0372142673950114,0.58282543917497,0.822838723659515,-0.234461506418766,-0.084685281686162
YJL078C,0.806116580963135,-0.0939012616872787,0.0299774435548646,0.0161455897976533,0.749043276409308,0.866365693012873,-0.125493091833404,-0.0622987541149101
YJL076W,0.553620398044586,-0.257047206163406,0.0191608442587405,0.0150111575255318,0.517589749395847,0.593737921615442,-0.286014334819859,-0.226405212392936
YJL074C,0.308318346738815,-0.511255741119385,0.010580257656738,0.0148751604518957,0.288599088291327,0.330253594865402,-0.539705045386978,-0.481152446737807
YJL073W,0.185393571853638,-0.7324498295784,0.00929974647800883,0.0217681025882141,0.167574175447226,0.204060557236274,-0.77579292927279,-0.69024094092109
YJL071W,0.0643380433320999,-1.19252562522888,0.00434973647098831,0.0293803000773158,0.0563099645699064,0.0730679484084249,-1.24941474881394,-1.13627308689874
YJL070C,0.0612697266042233,-1.21342504024506,0.00341249284341611,0.0241500286155375,0.0550690978144606,0.0683324250082175,-1.25909203931573,-1.16537316678423
YJL068C,1.06037986278534,0.0238704457879066,0.0908257985252676,0.0372033059765845,0.892902579903603,1.24441087245941,-0.0491959222075746,0.0949637968986552
YJL062W,0.318042516708374,-0.497914791107178,0.0136071246041657,0.0185974414363238,0.292357279111942,0.34469085931778,-0.534086090523829,-0.46257023327463
YJL061W,0.349663615226746,-0.456773638725281,0.0154708362092811,0.0192074329588972,0.31977880174915,0.38073686833183,-0.495150331967066,-0.419375066611823
YJL060W,0.535225212574005,-0.272313863039017,0.0335597926359612,0.0271379987198047,0.47468625108401,0.606564957400163,-0.32359334723018,-0.217122684048692
YJL059W,0.0986588597297668,-1.0074474811554,0.0084522178533834,0.0370783393729483,0.0831917291507125,0.116537445721527,-1.07991984982842,-0.933534506101408
YJL058C,0.0590442083775997,-1.23002958297729,0.00440337426333552,0.0324002735437753,0.0509284519279997,0.068123978190124,-1.29303954022761,-1.16670001184407
YJL057C,0.0667100995779037,-1.1767452955246,0.00438076959000644,0.028512760199712,0.0582957919376592,0.0760293103754521,-1.23436279435778,-1.11901897125781
YJL055W,1.16028439998627,0.0608332939445972,0.153440404134176,0.0568288007987868,0.886713199317455,1.49605237344901,-0.052216826771805,0.174946797470903
YJL054W,0.324835509061813,-0.489203333854675,0.0205546225193712,0.0274465419080347,0.286273842056592,0.367278766383727,-0.543218333330111,-0.435004179608719
YJL053W,0.391050547361374,-0.408938646316528,0.0287505156419605,0.0319292850095667,0.336077213287354,0.452477812767029,-0.473560935499436,-0.344402711550689
YJL051W,0.0930449888110161,-1.03187417984009,0.00476514993554708,0.0221962781620196,0.0840844362974167,0.10301311754932,-1.07528438298526,-0.987107470742849
YJL050W,1.01732265949249,0.0072064115665853,0.0346889516300094,0.0147945104595303,0.951427945991357,1.08728121121724,-0.0216241000103326,0.0363418817296449
YJL049W,0.140063539147377,-0.854803919792175,0.0101089301199129,0.0313849608214479,0.120780136063695,0.160824686288834,-0.918004486116028,-0.793647287079227
YJL048C,0.0781746730208397,-1.10848188400269,0.00659955278176117,0.0367201102288903,0.0656615947062771,0.0917366885269682,-1.18268857842024,-1.03745694105747
YJL047C,0.0761214196681976,-1.11905097961426,0.00385798121272106,0.0219925995230403,0.0689470323423545,0.083836629986763,-1.16148442239422,-1.07656618751169
YJL046W,0.0969184264540672,-1.01493346691132,0.0076323551155755,0.0340970539114545,0.083242121214668,0.11270048674196,-1.07965686264457,-0.948074208510077
YJL044C,0.187112346291542,-0.728827893733978,0.0122484493936932,0.0284431001057039,0.164230786636472,0.211769487584631,-0.784545430690144,-0.674136641574936
YJL043W,0.00482780020684004,-2.36621713638306,0.00230452631052308,0.214713846294741,0.00150573546707165,0.0102792153134942,-2.82225133504527,-1.9880400681803
YJL041W,1.42815268039703,0.154449433088303,0.0552749775951675,0.0168051438715215,1.32320553163687,1.53960264722506,0.121627307505313,0.187408647007611
YJL039C,0.44691064953804,-0.349960952997208,0.0129446348800085,0.012571031991896,0.422869682312012,0.472826052457094,-0.373793450527216,-0.325298602094676
YJL036W,0.286922037601471,-0.543251097202301,0.0196362548684738,0.0297283486839706,0.249805159742634,0.326922007153432,-0.602398595798656,-0.485555843544099
YJL035C,0.0870575681328773,-1.06605672836304,0.014382431135588,0.0714162775778455,0.0617807314731181,0.119337744141618,-1.20914695409251,-0.923222201628497
YJL033W,0.658481419086456,-0.181795358657837,0.0260647318936959,0.0171902322155377,0.608941339453061,0.710859466095765,-0.215424542904899,-0.148216249912949
YJL031C,0.272913753986359,-0.565476357936859,0.0227724237874812,0.0361056290003592,0.231149563193321,0.319825857877731,-0.636106923381735,-0.495086426519644
YJL025W,0.0284196343272924,-1.54850649833679,0.00281376431373428,0.0430446436774499,0.0233846787363291,0.0340930745005608,-1.63106861644435,-1.467333832493
YJL020C,0.914518773555756,-0.0390616953372955,0.0313468843139246,0.0148824394414295,0.854915265738964,0.976390081644058,-0.0680769286752129,-0.010376641076687
YJL019W,0.188237637281418,-0.725792348384857,0.00903888512413554,0.020841413395687,0.171020806456606,0.206187255432208,-0.766951050365983,-0.685738182791388
YJL016W,0.0700691938400269,-1.15562343597412,0.00510508159382678,0.0316087758221504,0.0604599771089852,0.0806109275047978,-1.21853202840427,-1.09360608397235
YJL014W,2.31350183486938,0.363731920719147,0.11521953956022,0.0215831249540338,2.09600640734037,2.55549544294675,0.32139260452327,0.407475110790307
YJL012C,3.91432976722717,0.592322409152985,0.153907290082409,0.017048894835475,3.62706947922707,4.23031099637349,0.559555874526159,0.626372296214908
YJL010C,0.661111056804657,-0.180157154798508,0.0295293248901396,0.0193550987862683,0.606577634811401,0.723695109287898,-0.217113606648268,-0.140444362559518
YJL008C,2.21915030479431,0.345715433359146,0.103568436987986,0.0202322883478187,2.02873458862305,2.43092101017634,0.307225233147462,0.385770845946792
YJL006C,0.144968017935753,-0.840848028659821,0.0143582494022992,0.0429513676662197,0.119023498892784,0.176298169294993,-0.924367289332534,-0.753752198233246
YJL002C,1.62097382545471,0.209193974733353,0.0840777055998931,0.0224962268255093,1.46268143852552,1.79100667536259,0.165149749440686,0.253097201126744
YJR001W,0.493401229381561,-0.30737367272377,0.0254009322189734,0.0223164784954283,0.447191048661868,0.54387266933918,-0.349506921306799,-0.264502765059295
YJR002W,0.653706252574921,-0.185073271393776,0.0299928859226689,0.0198826793458223,0.59772277623415,0.714951566855113,-0.223500195122442,-0.145723378609967
YJR003C,0.220622897148132,-0.657052874565125,0.012572086498701,0.0247318565281745,0.197349844003717,0.246793966864546,-0.704763213932392,-0.607665461328944
YJR004C,0.00800578389316797,-2.10190224647522,0.00124654267012182,0.0681410197192111,0.00572394217597321,0.0106139886736249,-2.24230476288651,-1.97412138442835
YJR005W,0.214860543608665,-0.668406307697296,0.0109544749229478,0.0221110831357378,0.194599748030305,0.2371269437174,-0.710857728396611,-0.625019096706538
YJR006W,0.177258417010307,-0.752273261547089,0.0113008228715604,0.0276577821656701,0.156313363959392,0.200517094135284,-0.806003890901115,-0.697848628934496
YJR007W,4.41185331344604,0.643219590187073,0.35555658198538,0.0348849491028915,3.77428265015284,5.17296357154846,0.576834407904785,0.713739391541072
YJR010W,0.241596654057503,-0.617671489715576,0.0143355100057032,0.0257384802058264,0.214990573128064,0.271612493942181,-0.667580583153969,-0.566050257728715
YJR011C,0.104363940656185,-0.986099779605865,0.015425760808446,0.0634353173578077,0.0778556494042277,0.137057329341769,-1.10870987111251,-0.863097735855212
YJR013W,0.256406366825104,-0.591982364654541,0.0166464673381473,0.028119679616659,0.225907941286763,0.290792740136385,-0.646068511636621,-0.536416443061272
YJR015W,1.12928783893585,0.0522236004471779,0.0585013316393406,0.0224493076961747,1.01872166792552,1.24945494532585,0.00805554239950429,0.0967206001426224
YJR016C,4.13793659210205,0.616374731063843,0.180138788328222,0.0188859278001427,3.80366730690002,4.50331492424011,0.580202523750084,0.653532318821782
YJR019C,0.124171018600464,-0.907957911491394,0.0118770940892562,0.0414845561752745,0.102179627493024,0.149668082470695,-0.990635691978068,-0.824870805565118
YJR030C,0.110249228775501,-0.958270728588104,0.00603634258844836,0.0237344430903807,0.098837277541558,0.123101085238159,-1.00507922764733,-0.909738119751727
YJR031C,0.177843242883682,-0.750264763832092,0.0066297923993722,0.0161723945483541,0.165359171728293,0.191475717971722,-0.781571711857279,-0.717886294104608
YJR032W,0.670092940330505,-0.174652144312859,0.0403490770586353,0.0261694482667535,0.596177439888318,0.747182336449623,-0.224624474657341,-0.126573407648677
YJR033C,0.13688363134861,-0.863913893699646,0.00480549797697407,0.0152403156988318,0.127692873155077,0.146408497914672,-0.89383334168654,-0.834433715076934
YJR035W,0.0621760934591293,-1.20690453052521,0.00306602243660729,0.0214067317295428,0.0563380976517995,0.0683435683449109,-1.24919782188838,-1.1653023496283
YJR036C,0.0120022296905518,-1.92314434051514,0.00126434112074054,0.0457963086244187,0.00963986811693758,0.0146080935373902,-2.01592890765682,-1.83540645896076
YJR040W,0.22961699962616,-0.639443695545197,0.0104274821277048,0.0197264498409982,0.21011372320354,0.250553719202677,-0.677545586953554,-0.601099148761743
YJR041C,0.273209631443024,-0.563759744167328,0.00936901879929711,0.0148890571262284,0.255354259659847,0.291963369150956,-0.592856896157547,-0.534671634172483
YJR042W,0.374663829803467,-0.4267618060112,0.0161626404778728,0.0187047844701713,0.345570111771425,0.408056082824866,-0.461463828133662,-0.389280143812839
YJR043C,0.266891121864319,-0.574861586093903,0.0198710176652693,0.0322079821689708,0.230594858278831,0.309345035254955,-0.637150401552679,-0.509556849840135
YJR046W,0.187062501907349,-0.72852486371994,0.00909455950060899,0.0210918485813229,0.169838162139058,0.205996011321743,-0.769964719095178,-0.686141189220846
YJR049C,0.318809926509857,-0.497129142284393,0.0176144314378959,0.0239518033808948,0.286145456383626,0.354948781182369,-0.543413145968924,-0.449834310824894
YJR050W,0.193576157093048,-0.720048904418945,0.0349080626936799,0.0773288392133984,0.135060791174571,0.273042142391205,-0.869470713617297,-0.563770317078421
YJR051W,0.446021229028702,-0.351341873407364,0.0253494736173818,0.0246060511543137,0.399211776008209,0.499107608447472,-0.398796656349304,-0.301805809755263
YJR053W,0.111878201365471,-0.952036440372467,0.00672442868045979,0.0260854577637762,0.0992389720554153,0.125622301672896,-1.00331774355687,-0.900933261241178
YJR054W,0.0787387937307358,-1.10492885112762,0.00564236668312376,0.0311789795256445,0.0682986285537481,0.0902428072566788,-1.16558802205312,-1.04458741053081
YJR056C,0.225969582796097,-0.652355909347534,0.0392812415806178,0.0744082046816392,0.159018883109093,0.314097543557485,-0.798551319603644,-0.502935484917173
YJR059W,0.338116854429245,-0.471378803253174,0.0153417103239553,0.0196762269853118,0.309384763240814,0.368685033420722,-0.509501078495018,-0.43334449459683
YJR060W,1.37471628189087,0.137287050485611,0.0899212492598728,0.0283461023747571,1.20834353665511,1.56351191798846,0.0821904185699806,0.194101196034246
YJR062C,0.177596479654312,-0.751440405845642,0.0112867641811225,0.0275524236346931,0.156997681533297,0.200336589540044,-0.804106761008963,-0.698239726285182
YJR064W,2.67251443862915,0.426501363515854,0.117592489277612,0.019072657757882,2.45580026507378,2.91366513172785,0.390193040629548,0.46443963672715
YJR070C,5.97372913360596,0.775117993354797,0.431962872521293,0.0313185688347231,5.16965428590775,6.89188144604365,0.713461501123027,0.838337797574661
YJR072C,1.08018565177917,0.0325938202440739,0.0699302095635149,0.0280125529525169,0.948956424494584,1.22710812091827,-0.0227537327209701,0.0888828289479321
YJR076C,1.14851927757263,0.0594232864677906,0.0661942449699952,0.024900312434355,1.02294690708319,1.2925060202678,0.00985306039825048,0.111432565541595
YJR077C,1.94425523281097,0.287449091672897,0.151258127855203,0.0336382799489523,1.65548017024994,2.27118952870369,0.218923957180701,0.356253375762638
YJR080C,0.33565953373909,-0.475119829177856,0.022977507180435,0.0297539637562428,0.292826385051012,0.381917041291793,-0.533389805520476,-0.418030963223407
YJR088C,1.00552380084991,0.000636153505183756,0.090564685926126,0.0390548728410795,0.841150286793709,1.19488877554735,-0.0751264194997762,0.0773274797608031
YJR089W,0.079155445098877,-1.10206246376038,0.00396720789870818,0.0217566870110652,0.0717693367352088,0.0870812098806103,-1.1440610706701,-1.06007554627467
YJR090C,0.130556121468544,-0.884532511234283,0.00508464141665416,0.0169187307000138,0.120824324339628,0.140654323622584,-0.917845624901823,-0.851846914723116
YJR092W,0.499877482652664,-0.30133467912674,0.0151149209219906,0.0131206239338749,0.472687311718861,0.530526452263196,-0.325426055505479,-0.275292957152731
YJR093C,0.242191851139069,-0.617483913898468,0.0211191177152839,0.0377937242274711,0.203029484550158,0.285270771384239,-0.692440910850319,-0.544742723745431
YJR094C,0.0657954812049866,-1.18433213233948,0.00711901569371303,0.0469086719809875,0.052810710016638,0.0803821825111906,-1.27727799739185,-1.09484020636004
YJR096W,0.287367224693298,-0.543779253959656,0.0292546912321782,0.0437999373819657,0.235717778652906,0.349445031086604,-0.627607666281248,-0.456621130831818
YJR098C,0.0675557777285576,-1.17111372947693,0.00404290067631545,0.025971987507863,0.0600750717955331,0.0758461967731516,-1.2213057099679,-1.12006619363477
YJR099W,0.288274943828583,-0.546329319477081,0.0489814758241363,0.0728845415561443,0.207408744345109,0.395295733213425,-0.683172939304649,-0.403077884683177
YJR101W,0.393323421478271,-0.408156841993332,0.0457407011324864,0.050211372663548,0.31237817555666,0.491024098048608,-0.505319344864368,-0.308897223634176
YJR103W,0.460111677646637,-0.337656736373901,0.0225566658831108,0.0212463076995924,0.419343590736389,0.50676701515913,-0.377429990369405,-0.295191661083697
YJR106W,0.0440046340227127,-1.35759079456329,0.00311153780417517,0.0307742350712948,0.0380323729167382,0.0503866093233228,-1.41984658915241,-1.29768489130296
YJR107W,0.00111544074025005,-3.02660632133484,0.000642808899571734,0.263964286010469,0.000260964897461236,0.00266989272786305,-3.58341809386149,-2.5735063788079
YJR109C,0.923629403114319,-0.0347281694412231,0.0298368550541203,0.0140227565825869,0.866372300684452,0.982083737850189,-0.0622954412538611,-0.00785148030286767
YJR111C,0.1742854565382,-0.761334419250488,0.0191353199988395,0.0474691461403122,0.139339895918965,0.215453284109632,-0.85592451823734,-0.666646886071641
YJR116W,0.261172831058502,-0.585854470729828,0.0298197303284905,0.0490408341251998,0.209735782568653,0.326401756455501,-0.678327469557391,-0.486247549264948
YJR117W,1.08868110179901,0.0362228900194168,0.0608850139231913,0.0242698379113025,0.975681245326996,1.21355962753296,-0.0106920429953696,0.0840611199941448
YJR119C,0.0387950390577316,-1.41231274604797,0.00274808613997822,0.0307957152942893,0.0335249987741311,0.044580702483654,-1.47463122963556,-1.3508531035976
YJR122W,0.0846951082348824,-1.07326519489288,0.00610829136689432,0.0312685967037072,0.0733627080917358,0.0975223345061143,-1.13452464560971,-1.01089592957316
YJR124C,0.316869378089905,-0.499840289354324,0.0182581421848259,0.0250087712405629,0.282358287771543,0.35376478806138,-0.549199460396439,-0.451285398621065
YJR125C,1.12200081348419,0.0491572134196758,0.0697911157366847,0.0269196069533341,0.996416070063909,1.26751036643982,-0.0015592828703592,0.102951518977118
YJR126C,0.199524208903313,-0.700449705123901,0.00905077986594763,0.0196820997609249,0.182297209898631,0.218256343280276,-0.73921997846112,-0.661033125851863
YJR130C,0.0830205529928207,-1.08159828186035,0.00499767982323526,0.0261245040843634,0.0738301339248816,0.0932241337994734,-1.13176634907009,-1.03047164456889
YJR131W,0.348781049251556,-0.457998305559158,0.0175790339473324,0.0219066622231202,0.315640382220348,0.383557273695866,-0.500807460048657,-0.416169776980955
YJR132W,0.386968016624451,-0.412694275379181,0.0159807361992667,0.0179170186500065,0.356650923689206,0.41969585220019,-0.447756667504101,-0.377065322869976
YJR134C,0.164558887481689,-0.784199237823486,0.0080620104782975,0.021265905723017,0.149573784942428,0.180523458619913,-0.825144524261963,-0.743466366205827
YJR136C,0.0866319909691811,-1.06391108036041,0.00742799875277017,0.0371688723441783,0.0729041893656055,0.102178323703508,-1.13724751514035,-0.99064122660009
YJR137C,0.355981022119522,-0.448799163103104,0.0115044698603456,0.0140263103770663,0.334581732749939,0.379084551334381,-0.475497774020567,-0.421263913830786
YJR139C,6.72470092773438,0.826524913311005,0.490890094792127,0.0315258306560385,5.84983688195546,7.74203400214513,0.767143753651846,0.888855073959948
YJR140C,0.110183022916317,-0.958181917667389,0.00407329495181635,0.0160293179656325,0.102389810979366,0.118594790498416,-0.989743259926861,-0.92593438781547
YJR141W,0.0549614876508713,-1.26282274723053,0.00634453970943476,0.0500964380231423,0.0435755599911014,0.0680646720652779,-1.36075704279452,-1.16707824514616
YJR142W,0.497512638568878,-0.304430574178696,0.0375664367734165,0.0327457968335375,0.428963196525971,0.574416329463323,-0.367579967417937,-0.240773229700328
YJR144W,0.768330335617065,-0.116866983473301,0.0815299217842245,0.0457216622587976,0.6246747965614,0.934634709854921,-0.204346016558006,-0.0293581111034956
YJR148W,4.65158557891846,0.666685044765472,0.303168766558839,0.0282210922137825,4.10883536338806,5.28636764685313,0.613718739722758,0.72315735975332
YJR149W,0.00502375001087785,-2.31350827217102,0.00129845818270943,0.113370391696846,0.00284516115789302,0.00786436026295026,-2.54589319132884,-2.10433660132956
YJR150C,0.0611695498228073,-1.21762609481812,0.00848085534531545,0.0602391019220678,0.0457926971837878,0.0794488872090976,-1.33920379233613,-1.09991218261187
YJR151C,0.00104828574694693,-2.99887228012085,0.000311492641810052,0.131502563569424,0.000528068992813739,0.00173841045567921,-3.27730935569234,-2.75984772514388
YJR152W,0.0010926160030067,-3.01009631156921,0.000513440457709881,0.212287134955732,0.000339951930072857,0.00231163065764122,-3.46858306817902,-2.63608167489105
YKL222C,0.0078440522775054,-2.11089992523193,0.00123833177813098,0.0690567783805646,0.00562893450260162,0.0104078691452742,-2.24957397079513,-1.98263819344542
YKL221W,0.00335209653712809,-2.49210596084595,0.00093862318173108,0.125026491457413,0.00175571663906643,0.00543157793193435,-2.75554682745922,-2.26507417857784
YKL218C,0.145268425345421,-0.839952349662781,0.0144014416305544,0.0429650231934321,0.119733148937424,0.17553506915768,-0.921785598876084,-0.755636144180867
YKL216W,4.96016979217529,0.694257378578186,0.375041204414016,0.0328132036820525,4.27080614566803,5.74936813513438,0.630509855260915,0.759620116588226
YKL215C,0.414569050073624,-0.382651478052139,0.014025375582941,0.0146809396175513,0.387924123555422,0.44270271062851,-0.411253214721827,-0.353887818867323
YKL213C,0.400705277919769,-0.397614985704422,0.0180283399944137,0.019520097767264,0.367420430481434,0.437278605997562,-0.434836700749234,-0.359241770756224
YKL212W,1.96568393707275,0.293128281831741,0.0830052768095585,0.01833144822866,1.80924820899963,2.13119953076045,0.25749815138406,0.328624110236747
YKL211C,0.949665307998657,-0.0231666639447212,0.0554507123807112,0.0252893783624296,0.848248900473118,1.0654354284207,-0.0714766957569119,0.0275271316783459
YKL210W,4.14717817306519,0.617487549781799,0.145355618652732,0.0151966019848813,3.87641563812892,4.44621153275172,0.588430336738021,0.647990120815623
YKL209C,0.685677409172058,-0.164102032780647,0.0219107231869989,0.0138659286935079,0.644227041304111,0.729280806084474,-0.190961050337209,-0.13710521670164
YKL208W,0.120133005082607,-0.924258887767792,0.0162200245896178,0.0583729218554928,0.09148869321992,0.15466900592049,-1.03863258832531,-0.810596706089562
YKL207W,1.85482358932495,0.265440762042999,0.214414149704976,0.0497709421763688,1.48162196278572,2.31688165664673,0.170737372005752,0.364903851149539
YKL205W,0.253439575433731,-0.596450626850128,0.00978157112455952,0.0167459726786947,0.23497409534951,0.273095358411471,-0.628980013801489,-0.563685681161689
YKL204W,0.601555705070496,-0.221148997545242,0.0266512082003513,0.0191872242065014,0.553101328015327,0.656747271617254,-0.257195300723224,-0.182601726338695
YKL197C,0.118629574775696,-0.926164448261261,0.00481337425465334,0.0176177629291737,0.109367414315542,0.12826528561612,-0.961112055434779,-0.89189086839948
YKL195W,0.958326101303101,-0.0192594565451145,0.0572668025219684,0.0258975670220156,0.853748559951782,1.07396996021271,-0.0686700195829084,0.030992133974047
YKL194C,0.116233505308628,-0.935752928256989,0.00822394542642937,0.0307293903684825,0.101357327091197,0.132878075291713,-0.994144851029801,-0.876546671175104
YKL193C,0.402289390563965,-0.39670741558075,0.0305400231791665,0.0329053070814258,0.345513046036164,0.464372747391462,-0.461535550367951,-0.333133275607576
YKL191W,0.474908590316772,-0.323962837457657,0.0244007014430604,0.0223152199640544,0.429377120236556,0.52376589179039,-0.367161102978707,-0.28086278754525
YKL189W,0.152448162436485,-0.818424701690674,0.0128916321211118,0.0366351815782901,0.128699835389853,0.179441821450988,-0.890422008597095,-0.746076331570759
YKL187C,0.00160916405729949,-2.81011056900024,0.00044250751619953,0.122035322896757,0.000871563685844497,0.00257809716276824,-3.05970087551716,-2.58870071907768
YKL185W,0.409788876771927,-0.387953072786331,0.0199417355941753,0.0211278474249405,0.37225967173775,0.449613080918789,-0.429154016991026,-0.347161067845924
YKL183W,0.307450979948044,-0.51378470659256,0.0261708461769209,0.036812841371826,0.260451257228851,0.361759971330563,-0.584273541835681,-0.44157949119614
YKL181W,1.77389645576477,0.248198211193085,0.103004276712583,0.0251722273489671,1.57983225484689,1.9841287424167,0.198610975229993,0.297569830030999
YKL179C,0.326963186264038,-0.485965222120285,0.0151351703920918,0.0200835366356839,0.298442006111145,0.357778019954761,-0.525140049368433,-0.446386347095557
YKL175W,0.515376150608063,-0.288536369800568,0.0284173234967914,0.0239369502564692,0.462131108343601,0.57382732629776,-0.335234795985489,-0.241218774009595
YKL174C,0.206229612231255,-0.686264991760254,0.0109991889091428,0.0231395448471877,0.185929956535498,0.228613255669673,-0.730650632666302,-0.640898594948503
YKL173W,0.182674169540405,-0.738681018352509,0.00741440486678028,0.0176352839847379,0.168283194303513,0.197771459817886,-0.773959252923032,-0.703836381798969
YKL172W,2.35164451599121,0.370658606290817,0.135009199972503,0.0248839050637736,2.09838486711184,2.63797323902448,0.321885145594554,0.421270383234486
YKL171W,0.0345077030360699,-1.46298491954803,0.00222745361813212,0.0280005088547972,0.0304016176300744,0.0391416102337341,-1.51710332180618,-1.40736131578887
YKL168C,0.0779415741562843,-1.10887026786804,0.00423190159855446,0.0235607314935443,0.0699651792024573,0.0866634669403235,-1.15511806395356,-1.06216395170557
YKL166C,0.344341099262238,-0.463866055011749,0.021607214434453,0.0272353195863343,0.304465774695079,0.38847559740146,-0.516461521380277,-0.410636276669164
YKL165C,0.468400985002518,-0.329725563526154,0.0186289302687191,0.0172484623650313,0.433237993468841,0.506116382777691,-0.363273471752913,-0.295749623526702
YKL155C,0.130647137761116,-0.884552121162415,0.00715970178464565,0.0237987745497315,0.117408376124998,0.145389430473248,-0.930300923430383,-0.837467169611968
YKL154W,0.658016324043274,-0.18507319688797,0.082000431447813,0.053514874846359,0.51654546658198,0.83354084144036,-0.286891446333314,-0.0790732480201699
YKL151C,0.371046364307404,-0.431705087423325,0.0268163482793194,0.0313874774608527,0.319977751374245,0.426470615714788,-0.494880218264685,-0.370110888923461
YKL150W,1.17728471755981,0.0693458095192909,0.0995080235911722,0.0364769594617614,0.992875693241755,1.38981486260891,-0.00310517871247102,0.142956928511299
YKL149C,0.136217325925827,-0.867357909679413,0.0116998338517741,0.0371659108587997,0.114659588287274,0.161049444849293,-0.940589636867653,-0.793040824606156
YKL148C,0.351438075304031,-0.454642683267593,0.016746327218779,0.0206706290794971,0.319514091312885,0.385725017885367,-0.495509995453414,-0.413722209233331
YKL146W,0.254693984985352,-0.594534754753113,0.0128869360735319,0.0219395553755349,0.231224170327187,0.280659165730079,-0.635966770288825,-0.551820783052866
YKL143W,0.726300954818726,-0.139446273446083,0.0369877846689839,0.0221010220236714,0.658974104623,0.800753402213256,-0.181131651326302,-0.0965012089331232
YKL140W,0.296597629785538,-0.528440713882446,0.0156829020046565,0.0229545166109558,0.26711337318023,0.327638783554236,-0.573304369538041,-0.484604695406839
YKL139W,0.151295676827431,-0.820902168750763,0.00878032524882548,0.0251708583849968,0.134857762604952,0.169751092791557,-0.870124056735065,-0.770187421219387
YKL135C,0.323279559612274,-0.490823477506638,0.0139379380950719,0.0187122010223,0.297835336128871,0.351590587198734,-0.52602377995887,-0.453962763442723
YKL134C,0.121694542467594,-0.91525012254715,0.00596289684256362,0.0212859150327219,0.110336057841778,0.133868046353261,-0.957282536855958,-0.873323075115279
YKL132C,0.0095324506983161,-2.02806687355042,0.00174122466772513,0.0798433251705551,0.00645861694744478,0.0132888891346132,-2.18986047243122,-1.87651133947261
YKL130C,0.583354949951172,-0.237215891480446,0.0706052513699595,0.052253178980619,0.459923045833906,0.732571037610372,-0.337314908850459,-0.135150256345594
YKL127W,1.54527962207794,0.18854321539402,0.0714246622946643,0.0200545118755732,1.41417968571186,1.68808131217957,0.150504594390585,0.227393358991446
YKL126W,0.650026977062225,-0.187471434473991,0.0279774537059719,0.018694298274077,0.596877345442772,0.705782353878021,-0.224114928212261,-0.151329204164212
YKL125W,0.245337009429932,-0.610825717449188,0.0127737437730637,0.0226218945541487,0.220942398533225,0.271820313235124,-0.655720935635805,-0.565718091542678
YKL124W,0.0883542448282242,-1.05482196807861,0.00615206157939838,0.0301864637906984,0.0768000754838189,0.101642481175562,-1.11463835318951,-0.99292474201179
YKL121W,0.0407701320946217,-1.39065945148468,0.00277789416972254,0.0295342928353817,0.0357318069785833,0.0465422215561072,-1.44694502289713,-1.33215289238829
YKL120W,1.71473395824432,0.233032986521721,0.12577662755635,0.0317882657756326,1.48849007984002,1.9729608297348,0.172745942120058,0.295118463053054
YKL116C,0.121313832700253,-0.917028605937958,0.00799864609247078,0.0285911913789476,0.106512204247216,0.138177220026652,-0.972600637036528,-0.859563582669863
YKL113C,0.504972755908966,-0.297737807035446,0.0344305809648184,0.0295289276943825,0.440861130257448,0.577625354627768,-0.355698190441573,-0.238353753525313
YKL112W,0.738671898841858,-0.131932184100151,0.0310909200823039,0.0182582067424921,0.681136375665665,0.802405599753062,-0.166765926142125,-0.0956060560971489
YKL110C,0.400288045406342,-0.399168848991394,0.0338401465469009,0.0365767671618426,0.338391998658578,0.471323691060146,-0.470579915356804,-0.326680732201713
YKL109W,0.160250976681709,-0.795982837677002,0.00963363408796867,0.0260523179494492,0.141891951362292,0.181003839770953,-0.848042244016146,-0.742312216979999
YKL108W,0.132826521992683,-0.877820014953613,0.00949425693961889,0.0309643777695169,0.115366975280146,0.152504312992096,-0.937918496237877,-0.816717874746106
YKL107W,0.0140431225299835,-1.86426246166229,0.00326249990426503,0.101584950129918,0.00852369147663315,0.0213095924196144,-2.06937230506169,-1.6714250550057
YKL106W,0.313113808631897,-0.505155980587006,0.0196966691297994,0.0272883594997378,0.276522063712279,0.353688210248947,-0.558270211999152,-0.451379416603576
YKL104C,1.69090175628662,0.227703362703323,0.0739646376130219,0.0189862476365222,1.55377411842346,1.84258885681629,0.191387883028254,0.265428440352351
YKL101W,0.255139112472534,-0.593462526798248,0.00848192168195359,0.0144135205188287,0.239440998807549,0.272092024236918,-0.62080148454247,-0.565284188509367
YKL100C,0.516671121120453,-0.287311315536499,0.0254410806343951,0.0213474828526766,0.469366044302781,0.567856658995152,-0.328488338810074,-0.245761283229197
YKL099C,1.13354778289795,0.0516710504889488,0.128572392897641,0.0490038475471105,0.901591070493062,1.41071980794271,-0.0449904118438954,0.149440754211789
YKL098W,0.105109252035618,-0.980140745639801,0.00955262387783,0.0393261831286869,0.0877686054756244,0.125091378390789,-1.05666080473513,-0.902772624392171
YKL095W,0.231409892439842,-0.638143539428711,0.0250683015842017,0.0468135619861124,0.186989275117715,0.286017530163129,-0.728183319229958,-0.543607348079863
YKL094W,0.858125388622284,-0.0679127350449562,0.0706536671966987,0.035631033549599,0.726858366529147,1.00790956517061,-0.138550210071884,0.00342154396472807
YKL093W,0.0102368695661426,-2.00163865089417,0.00238265465208432,0.102077877517638,0.00608690553732837,0.015690215692545,-2.21560343818047,-1.8043711270858
YKL092C,0.111104995012283,-0.954638004302979,0.0046000053340113,0.0179521193459223,0.102514329676827,0.120693387712042,-0.989215428049603,-0.918316522467179
YKL091C,0.174246937036514,-0.761534988880157,0.0194922392890812,0.0484361844499429,0.139181062579155,0.215866522366802,-0.856419852202967,-0.665814717114148
YKL089W,0.128159657120705,-0.893245220184326,0.00869655520236988,0.0294090527407132,0.112113567938407,0.14552861576279,-0.950341828029341,-0.837051606762715
YKL088W,0.275372862815857,-0.560696005821228,0.0146795345081005,0.0231204039929495,0.247745426371694,0.305287657678127,-0.605994354940676,-0.515290753330553
YKL085W,1.93196797370911,0.284800618886948,0.144253128103787,0.0322309386287646,1.67017459869385,2.24192119240761,0.222761874312666,0.350620339997107
YKL082C,0.863472163677216,-0.0645051375031471,0.0509373919033881,0.0255747376109351,0.766939914723237,0.970622144639492,-0.115238659501881,-0.0129498062676485
YKL080W,2.60405921936035,0.414846539497375,0.158981867308839,0.0264177191391281,2.30917408466339,2.93975041906039,0.363456674739514,0.46831045920788
YKL079W,0.193750649690628,-0.7132927775383,0.00963093929911796,0.0215554895949563,0.175691498443484,0.213505678375562,-0.755249253164689,-0.670590574506294
YKL077W,1.86751174926758,0.270557433366776,0.10666930839951,0.024746530089788,1.67196764051914,2.0830625196298,0.223227861447816,0.318702303804041
YKL075C,0.180128142237663,-0.745351552963257,0.0118172782682588,0.0284765584625822,0.158280074596405,0.204065940032403,-0.8005737537257,-0.690229475897212
YKL072W,0.103001609444618,-0.9877969622612,0.00559729549656942,0.0236023418286955,0.0922551420206825,0.114182309123377,-1.0350094184016,-0.94240117872152
YKL071W,0.0105859665200114,-2.00345635414124,0.00382634126249378,0.158863854243154,0.0045663100007611,0.0197389327610532,-2.34043460947726,-1.70467633239119
YKL068W,0.424262940883636,-0.372676134109497,0.0160627367094054,0.0164261271772575,0.393827867259582,0.456319216638803,-0.404693561964266,-0.340731242007595
YKL064W,0.184560388326645,-0.73425966501236,0.00790694774721142,0.0186044385198022,0.169343569253882,0.200665398935477,-0.771231291103103,-0.697527508622889
YKL060C,59.9070701599121,1.77653610706329,3.95963146941684,0.0286310176348604,52.6604433695475,68.0695953369141,1.72148449111465,1.83295316879958
YKL059C,0.245805144309998,-0.61022937297821,0.0151159799117203,0.0266985295701394,0.217185374349356,0.276565305391947,-0.663169424720937,-0.558202308625432
YKL057C,0.387522965669632,-0.411962002515793,0.0134247928345169,0.0150303980945655,0.362314643214146,0.415062692761421,-0.44091411327895,-0.381886301346365
YKL055C,0.0629045888781548,-1.20618987083435,0.00946677903717112,0.0650910968377166,0.0461717437331875,0.083187930410107,-1.33562375456415,-1.07993968272175
YKL054C,4.23572540283203,0.626590847969055,0.166842566492228,0.017093554162097,3.91714223821958,4.57815215587616,0.592969341734665,0.66069022241727
YKL052C,0.220621064305305,-0.658517122268677,0.0221103749790441,0.043335022724806,0.180337641264002,0.267964154481888,-0.74391361847898,-0.571923297582787
YKL050C,0.00150887237396091,-2.83502268791199,0.00037814097991799,0.109913822840278,0.000850531989029453,0.00237164116697386,-3.07030934767144,-2.62495103523092
YKL049C,0.407424092292786,-0.397704601287842,0.0780980212597514,0.0818234178029762,0.279950658728679,0.58757684280475,-0.552918516033437,-0.230935349053382
YKL048C,0.0500150956213474,-1.30213189125061,0.00376385411427157,0.0326767546701998,0.0429093515189985,0.0578549913130701,-1.36744806605575,-1.23765916870227
YKL047W,0.237929806113243,-0.62422102689743,0.0132401795099143,0.0241391028808603,0.212944554040829,0.265507838129997,-0.671733462408925,-0.575922653938523
YKL046C,0.911070108413696,-0.0411136150360107,0.0505539064550395,0.0240209060591266,0.819754327833653,1.01478399336338,-0.0863162821565586,0.00637359842249336
YKL045W,0.28425869345665,-0.546894550323486,0.0150498089000406,0.0229705118254552,0.256380436072747,0.314975095540285,-0.59111512094016,-0.501723784504892
YKL043W,0.231213480234146,-0.637443065643311,0.0189749046939303,0.0355661441509471,0.197022507588069,0.270001381635666,-0.705484158062255,-0.568634013488381
YKL040C,0.921954572200775,-0.037728875875473,0.0981156415789448,0.0459770837606797,0.749977963666121,1.13294367392858,-0.124951509132089,0.0542083186463609
YKL039W,1.12441682815552,0.0504547320306301,0.0524595037592478,0.0202607855119948,1.02561807632446,1.22958719730377,0.0109856666002352,0.0897593325583187
YKL038W,0.0818618014454842,-1.08732390403748,0.00353946647761214,0.0187766886053829,0.0751256258537372,0.088910334246854,-1.12421189701267,-1.05104775723304
YKL035W,3.33763360977173,0.522934079170227,0.160888411387115,0.020907592550714,3.03456572492917,3.66354775826136,0.482096547895018,0.563901854483196
YKL034W,0.157968610525131,-0.801930844783783,0.00760537969458295,0.020883271611403,0.143485426406066,0.173860427364707,-0.843192207315202,-0.759799257825293
YKL033W-A,1.23785316944122,0.0885745510458946,0.171512546701775,0.059501892022822,0.941419478257497,1.61813902854919,-0.0262168202507432,0.209015832936209
YKL033W,0.0825952440500259,-1.0835086107254,0.00383223436419842,0.0201571303529293,0.0751429335524638,0.0904206501940886,-1.12411185428762,-1.04373237618234
YKL032C,0.623527228832245,-0.205615282058716,0.0290308848131332,0.0202155720077397,0.567457929750284,0.681828618049622,-0.246066330949396,-0.166324774300734
YKL027W,0.298351287841797,-0.525972664356232,0.0169506132019177,0.0246492348310003,0.267575364808242,0.332687512288491,-0.572553957080014,-0.477963502302687
YKL025C,0.2635817527771,-0.579544365406036,0.0121175076061097,0.0199525588067459,0.24057516704003,0.288099929690361,-0.618749203989267,-0.540456847935083
YKL023W,0.221638575196266,-0.65696793794632,0.0244121085815558,0.0476269315211529,0.177455055713654,0.273284735778968,-0.75091162451069,-0.563384631826965
YKL020C,0.189414918422699,-0.722927749156952,0.00753687671900411,0.0172538626597201,0.175532476852338,0.204820335656405,-0.755642519026943,-0.688626926484134
YKL018W,0.21373376250267,-0.671589910984039,0.0175805760701294,0.0356046211520539,0.181363328794638,0.250032365322113,-0.741450522659371,-0.60200377064389
YKL017C,0.0724416151642799,-1.1407881975174,0.00434347028208756,0.0259982743448528,0.0645381016035875,0.0814309660345316,-1.19018381433617,-1.08921041305796
YKL014C,0.366566121578217,-0.436028510332108,0.010587023413438,0.0125436028407422,0.346641058474779,0.387736678123474,-0.460119997921616,-0.411463114769945
YKL012W,0.162923261523247,-0.788664758205414,0.00892740186859375,0.023730880631691,0.146137297526002,0.181756581986944,-0.835238928314945,-0.740509853865779
YKL011C,0.0796808674931526,-1.101527094841,0.00919573268066089,0.050054238189817,0.0628273617476225,0.0991928521543741,-1.20185118810069,-1.00351962389401
YKL010C,0.35205951333046,-0.453619241714478,0.0115647220721634,0.014269284962853,0.329860236495733,0.374685257673264,-0.481670034344814,-0.426333394275048
YKL009W,2.65478730201721,0.419970154762268,0.365473561836261,0.0593257480182341,2.02818115949631,3.45062158703804,0.307106742349174,0.53789719776906
YKL007W,1.26181662082672,0.0986751914024353,0.130939999695363,0.0448647996880495,1.02845931053162,1.54050579468409,0.0121871141531019,0.187663308340931
YKL005C,0.138319402933121,-0.859794318675995,0.00774422818395367,0.0242788432587308,0.123836233715216,0.154353437448541,-0.907152265604734,-0.811483694344726
YKL002W,0.648074448108673,-0.193509712815285,0.100701954977609,0.06664491637948,0.476713742067417,0.864696584145228,-0.321742328829893,-0.0631362619750675
YKR002W,0.371478736400604,-0.430591702461243,0.0182855339868992,0.0213490915306764,0.337466985235612,0.408412263542414,-0.471768709235479,-0.388901225717435
YKR003W,0.488179832696915,-0.312187552452087,0.0290617247703688,0.0258176591652543,0.434005019068718,0.548266620437304,-0.362505248121853,-0.261008194531729
YKR004C,0.060941357165575,-1.21734356880188,0.00621489349933651,0.0443523969850625,0.0496911580053469,0.0734958286086718,-1.30372089560782,-1.13373732859869
YKR008W,0.493614256381989,-0.307207316160202,0.0258392387598279,0.0227111877404492,0.445205223560333,0.548100531101227,-0.351439755842583,-0.261139777102731
YKR010C,0.12068360298872,-0.918881237506866,0.00596076476294369,0.0214174777485071,0.109552607436975,0.132787036399047,-0.960377281507844,-0.876844321810573
YKR011C,0.414116054773331,-0.38425812125206,0.033107208808248,0.0346325085176129,0.353790778418382,0.482880050192277,-0.451253494909961,-0.31616074604441
YKR013W,2.88919734954834,0.459606945514679,0.212764895348041,0.0318598345279761,2.49553456107775,3.34626790881157,0.397163582181222,0.524560691428778
YKR015C,0.000633376883342862,-3.26813721656799,0.000349781548308407,0.258401184182768,0.000149466795968086,0.00146788700270311,-3.82545531394213,-2.8333073753734
YKR016W,0.376910984516144,-0.424364656209946,0.0198782787418852,0.0228901150206401,0.340271048992872,0.417458535234133,-0.468175001961133,-0.379386655830169
YKR018C,0.868334949016571,-0.0616660267114639,0.0351096397277663,0.0175379701770187,0.802218040823936,0.938879189391931,-0.0957075760355702,-0.0273902956181575
YKR019C,0.0761300101876259,-1.11939311027527,0.00504574724121842,0.0286849772259802,0.0668059885501862,0.0866673682505886,-1.17518460522313,-1.06214439127624
YKR022C,0.0891154631972313,-1.05285787582397,0.0101504381307656,0.049432466871665,0.0708878553162018,0.11047268708547,-1.14942816315587,-0.956745095095723
YKR023W,0.200156435370445,-0.699457108974457,0.0123756216792301,0.0268203060828378,0.177272363379598,0.225105375920733,-0.751358979204761,-0.647614133164249
YKR024C,0.312432289123535,-0.505716443061829,0.0145499904868933,0.0202105202808289,0.284983307371537,0.342923395087322,-0.545180590781033,-0.46480288606638
YKR025W,0.728476643562317,-0.1397555321455,0.0731713556472444,0.0433934850811306,0.5942719211181,0.886961634457111,-0.226014799394689,-0.0520951671755087
YKR026C,0.820242702960968,-0.0877659991383553,0.0731224480004331,0.0384842526670681,0.688071569303672,0.982298991084099,-0.162366394189148,-0.00775630865937979
YKR029C,0.211088106036186,-0.676013112068176,0.00991423343640439,0.0203878378790258,0.192149071892103,0.230661570653319,-0.716361709760847,-0.637024759283028
YKR031C,0.118217349052429,-0.927594125270844,0.00420566632347162,0.0154381943593114,0.11023767956843,0.126735548426708,-0.957669936978094,-0.897101552112243
YKR034W,0.00287303561344743,-2.62980079650879,0.00180843791101753,0.293194874282246,0.0005030387226725,0.00753428731113672,-3.29840047414081,-2.12295782512597
YKR036C,0.0909749865531921,-1.04186344146729,0.00546927323190569,0.026095876423272,0.0808018267154694,0.1022507355238,-1.0925788225133,-0.990333612407052
YKR037C,0.198680073022842,-0.704437255859375,0.0218073861406402,0.0474090723504865,0.16047514056166,0.24392245747149,-0.79459223784357,-0.612748227553419
YKR038C,0.414131551980972,-0.38402071595192,0.0303551605263204,0.0317109522166315,0.35834214091301,0.47845986833175,-0.445702115948287,-0.320154484295466
YKR041W,0.0204996410757303,-1.70626544952393,0.0059063439557257,0.126411979260179,0.0107584729557857,0.0338382293159763,-1.96824936754133,-1.47059245572029
YKR043C,2.58776760101318,0.410754233598709,0.25983911206206,0.0434003913574335,2.11671691934268,3.16817689935366,0.32566278121101,0.500809412109449
YKR046C,0.331320077180862,-0.482428282499313,0.037042279509794,0.0481180100582031,0.266378290454547,0.415071249008179,-0.574501173577719,-0.381877348118803
YKR052C,0.220379143953323,-0.659211218357086,0.0231792256306378,0.0454712451704079,0.178036895642678,0.270014792184035,-0.749489990662013,-0.568612542677522
YKR055W,0.194951713085175,-0.712794840335846,0.0219143298661059,0.0486141235949873,0.155836451674501,0.241415360942483,-0.807330950285694,-0.617235149618622
YKR058W,0.0144158462062478,-1.84426760673523,0.00172758984227869,0.0520553985823662,0.0112644745890672,0.0181692066447189,-1.94828906210867,-1.74066410210738
YKR060W,0.431054532527924,-0.367665141820908,0.043543405632626,0.043654916834682,0.353974677622318,0.522531089683374,-0.451027849378078,-0.281887869001219
YKR061W,0.01904072239995,-1.72439181804657,0.00260501747517881,0.0596510718843733,0.0143089760094881,0.0245902647109081,-1.84439144446111,-1.60923680945418
YKR062W,0.671937942504883,-0.174001008272171,0.052722980451495,0.0339735764853324,0.573924422264099,0.783015687266986,-0.24114529428273,-0.106229540688092
YKR070W,0.532776594161987,-0.274441361427307,0.0359691978298491,0.0292731715713412,0.464592457811038,0.605133295059204,-0.332927844967561,-0.218148951079006
YKR071C,1.55652904510498,0.191261067986488,0.10016977456913,0.0278749511457986,1.37035406132539,1.76915865937869,0.136832786235105,0.247766771300858
YKR072C,0.385179877281189,-0.414813190698624,0.0180535601037875,0.0203230731181345,0.350975529601177,0.422572467724482,-0.454723161966436,-0.374098841342725
YKR075C,0.143966987729073,-0.844237685203552,0.0155061268888791,0.046605467748606,0.115755105080704,0.177214346577724,-0.936459858963996,-0.751501185969847
YKR076W,0.114528171718121,-0.942896485328674,0.010469818698989,0.0396293063705234,0.0957889803374807,0.135742702707648,-1.01868445064256,-0.867283508047187
YKR077W,0.204246401786804,-0.691200435161591,0.0161494108299722,0.034321463683907,0.174481491496166,0.237152690067887,-0.758250637952387,-0.624971950167949
YKR078W,0.0712727531790733,-1.14812207221985,0.00494833601936649,0.0301366965320997,0.0619862310277919,0.0815763644253214,-1.20770477086298,-1.08843565417298
YKR079C,0.176557257771492,-0.753527700901031,0.0077053041645564,0.0189366705592044,0.161910127351681,0.192335179323951,-0.790725989763836,-0.715941278436025
YKR081C,1.68528473377228,0.225762695074081,0.109327633853489,0.0281084310714786,1.48543682396412,1.9053457458814,0.171854182000264,0.279973791703228
YKR082W,0.41597855091095,-0.381179928779602,0.0141221818753684,0.0147394571148677,0.389597935726245,0.443876840422551,-0.409383355478938,-0.352737514275514
YKR084C,0.625988900661469,-0.203888192772865,0.0287013573541583,0.0198889374760658,0.572540164490541,0.685543290277322,-0.242194042371409,-0.163965126598622
YKR086W,0.0697768926620483,-1.15682411193848,0.00346631018675282,0.0215921004139006,0.0631443031132221,0.076860065634052,-1.19966582823931,-1.11429924900967
YKR087C,0.247381538152695,-0.607847213745117,0.0185298573154473,0.0324685644578405,0.213880004485448,0.284709850947062,-0.669829815531874,-0.54559750616974
YKR091W,0.099936231970787,-1.00680482387543,0.0173696315945428,0.0754414314331604,0.0697230565672119,0.137614041442672,-1.1566238809678,-0.861337251682059
YKR093W,1.69345080852509,0.228324756026268,0.0768926127201464,0.0197063339672888,1.55153918464979,1.84658215542634,0.190762746864252,0.266368633407951
YKR095W,0.343598455190659,-0.46413579583168,0.0100763558470137,0.0127201479294701,0.324827438841263,0.363971768816312,-0.488347292135712,-0.438932300889985
YKR101W,0.0595421344041824,-1.22625815868378,0.00420569184143737,0.030686434895618,0.0518560101899008,0.0680337157100439,-1.28520090172489,-1.16727580908846
YKR102W,0.00051442818948999,-3.31517887115479,0.000178620332975193,0.154123154156175,0.00023503145663805,0.000924314048703915,-3.62887400845115,-3.03418044924973
YKR103W,0.00158279901370406,-2.81085753440857,0.0003436244836609,0.0952040788482835,0.000992309722156885,0.00232075899839401,-3.00335275608247,-2.63436995695984
YLL062C,0.152575120329857,-0.818512856960297,0.0146595545148333,0.0416464070274373,0.126042271902164,0.183632504567504,-0.899483777392632,-0.736050450261018
YLL061W,0.252271324396133,-0.598704814910889,0.0129781736351447,0.0223097337640397,0.228090953330199,0.278791820506255,-0.641891942210635,-0.554719972907725
YLL058W,0.233223333954811,-0.632897675037384,0.0129459281681026,0.0240788006471906,0.20988789362212,0.259548073758682,-0.6780126137599,-0.585782189910606
YLL048C,0.566990077495575,-0.246624797582626,0.0171776186379095,0.0131539916452326,0.534912538528442,0.600355264047782,-0.271717232797431,-0.221591702312276
YLL046C,0.00615464244037867,-2.27473545074463,0.00331824547641876,0.244733913521294,0.00157187810303488,0.0145725549431518,-2.80358119310532,-1.83646810670119
YLL040C,0.437532365322113,-0.359155476093292,0.0120813058373449,0.0119861248216517,0.415049679080645,0.461366970340411,-0.38189991761171,-0.335953500643786
YLL038C,0.252566307783127,-0.602143883705139,0.0367480398345868,0.0626107999538567,0.188854788864652,0.333620115866264,-0.72387220423918,-0.476747785089059
YLL036C,0.179229438304901,-0.747434914112091,0.0111824374248177,0.0270653800612918,0.158349550018708,0.202170889079571,-0.800383166423276,-0.694281379917843
YLL035W,0.107827134430408,-0.968012392520905,0.00629865145712763,0.0253612882979576,0.0964811608816187,0.12020269036293,-1.01555750486529,-0.92008581189485
YLL033W,0.0469434820115566,-1.3474280834198,0.0139896536940836,0.12938877308827,0.0244398475624621,0.0796737670898438,-1.61190155076943,-1.09868464828373
YLL032C,0.152422368526459,-0.817488670349121,0.00758956718057494,0.0216216940062075,0.137804812565446,0.167928636074066,-0.860735615855942,-0.774875239368072
YLL031C,0.352937459945679,-0.452592879533768,0.0129398574181141,0.0159161952118965,0.328646939496199,0.379222924510638,-0.483270407893638,-0.421105418424515
YLL029W,0.480545938014984,-0.31864321231842,0.0200960083984273,0.0181309218228387,0.441940712183714,0.521937231222789,-0.354635990017836,-0.282381724087635
YLL028W,0.415085643529892,-0.382420003414154,0.0210576347622026,0.0220089691826039,0.375832733511925,0.457524557163318,-0.425005398030226,-0.339585590939489
YLL027W,0.441881388425827,-0.358363598585129,0.0578363622250202,0.0563988210350911,0.340482661128044,0.565780167778333,-0.46790500204939,-0.247352284600347
YLL026W,3.97518706321716,0.599053144454956,0.148645550085554,0.0162268029917962,3.69571661949158,4.27844689687093,0.567698662951376,0.631286145785554
YLL023C,0.687106907367706,-0.165104329586029,0.0685496848745445,0.0428988826121086,0.567929822703203,0.83859845896562,-0.245705325376128,-0.0764460088541382
YLL021W,0.535315096378326,-0.271605461835861,0.0168299532254071,0.0136406208112539,0.504406281312307,0.569484128554662,-0.297219514551006,-0.244518375295897
YLL019C,0.0899150520563126,-1.04674327373505,0.0046416080430365,0.0224142327580579,0.0809851091975967,0.0993838831782341,-1.09159484317988,-1.00268403828145
YLL018C,5.54227447509766,0.743142366409302,0.278373967403043,0.0217751099847858,5.03179442882538,6.09974145889282,0.70172288747549,0.785311427575398
YLL015W,0.183950260281563,-0.735556602478027,0.00630682411854296,0.0148755351243815,0.17224691696465,0.19651472804447,-0.76384854283799,-0.706604896560085
YLL013C,0.465111434459686,-0.332754284143448,0.0176168815867472,0.0164419231622993,0.432036533951759,0.501081723471483,-0.364479528437699,-0.300091442464754
YLL012W,0.243399605154991,-0.614268898963928,0.0126903718036669,0.0226350018222087,0.219210613891482,0.268951900551716,-0.659138422792641,-0.570325382592143
YLL011W,0.479900449514389,-0.319437950849533,0.0250260224639572,0.0226046664534126,0.433769865582387,0.53240030358235,-0.362740629719642,-0.273761705574622
YLL010C,0.396156221628189,-0.403034508228302,0.0255877313094278,0.0279562503705109,0.349613770842552,0.451296796898047,-0.456411469495973,-0.345537749005881
YLL007C,0.0888236537575722,-1.05226027965546,0.00535164384476635,0.0261419853742458,0.0789188562581937,0.0997473786274592,-1.10281921753976,-1.00109851127892
YLL006W,0.204466253519058,-0.690350651741028,0.0137267379665735,0.029046528818649,0.179678618907928,0.232993961994847,-0.745503599255875,-0.632655344058762
YLL005C,0.000589200819376856,-3.26714682579041,0.000242349531793208,0.185219123885008,0.000214613698456863,0.00115925335558131,-3.66834256127962,-2.93582166692437
YLL004W,0.153648421168327,-0.814126670360565,0.00845667579855915,0.0238611994300626,0.137400650978088,0.171509027481079,-0.862011210596591,-0.765713015667653
YLL002W,0.113596484065056,-0.945919632911682,0.00875214474134032,0.0334297155015511,0.0972090114528934,0.132405115415653,-1.01229347754434,-0.878095238297922
YLL001W,0.456433683633804,-0.340995281934738,0.0189421426810262,0.0179959620121004,0.421330823749304,0.49513515184323,-0.375376769342869,-0.305276240439941
YLR001C,0.138495042920113,-0.859005093574524,0.00621832074227944,0.0195122887541972,0.126617252578338,0.150890451172988,-0.89750711469882,-0.821338256514502
YLR002C,0.553581774234772,-0.257235288619995,0.0242772680735617,0.0190350878437069,0.508875586589177,0.602737400929133,-0.293388384769738,-0.21987185947854
YLR004C,0.0146638713777065,-1.83797681331635,0.00204732886714656,0.0606435265818749,0.0110538359343385,0.0189910663912694,-1.95648699226232,-1.72145065749464
YLR005W,0.231678828597069,-0.635841190814972,0.0134367690253145,0.0251686764447681,0.207205070306857,0.259052428851525,-0.683599621712338,-0.586612335014079
YLR006C,0.106694251298904,-0.972530961036682,0.00594183398167404,0.0241471240869069,0.0958525020629168,0.118604025617242,-1.01839654641095,-0.925900576482289
YLR015W,0.142034977674484,-0.848489761352539,0.00907045533216557,0.0277215443989925,0.124851000929872,0.16070704733332,-0.903607971572097,-0.79396508036479
YLR019W,0.282238185405731,-0.550455927848816,0.0198216023445039,0.0305401823253136,0.244405850768089,0.322359846532345,-0.611888401842404,-0.491659064186818
YLR020C,0.236870244145393,-0.626170516014099,0.0132439570322449,0.0243043472749194,0.211631752550602,0.263138296206792,-0.674419173059836,-0.57981594465889
YLR023C,0.151418268680573,-0.820585429668427,0.00897670812629788,0.0257590889510315,0.134531599283218,0.169299751520157,-0.871175695172599,-0.771343679301011
YLR026C,0.50448477268219,-0.298549085855484,0.0405874711128767,0.0347922290982706,0.43168978864948,0.590299100677172,-0.364828227615746,-0.22892788320733
YLR027C,3.87796831130981,0.587762355804443,0.242046368916629,0.0270639186676836,3.43353748321533,4.37616563240687,0.53574179285873,0.641093751140297
YLR028C,1.42330992221832,0.152809336781502,0.0678017385410482,0.0206451423064216,1.29665395319462,1.56676461696625,0.112824087154258,0.195003754848023
YLR030W,0.0157729648053646,-1.81794333457947,0.00426786294522442,0.118466577200308,0.00864547677338123,0.0253501504504432,-2.06321105162787,-1.59601945956958
YLR032W,0.143175944685936,-0.844457507133484,0.00556307845338485,0.0168636112807123,0.1327280121545,0.154292876149217,-0.877037410041109,-0.8116541273221
YLR033W,0.379293382167816,-0.421767860651016,0.0222673835812815,0.0253719286215974,0.337944884349902,0.426920982201894,-0.471154127101145,-0.369652502266962
YLR034C,0.685252904891968,-0.164876416325569,0.0397274727046599,0.0251237282516387,0.610453530152639,0.768726435303688,-0.214347390579229,-0.114228192356718
YLR045C,0.279217064380646,-0.554440975189209,0.0117402078948407,0.0182525311718329,0.256971949587266,0.303393692771594,-0.590114280576784,-0.517993454080681
YLR046C,0.00289757619611919,-2.61976552009583,0.00177793157769828,0.280340871108754,0.000562166853342205,0.00749480399535969,-3.25013476498073,-2.12523977903108
YLR049C,0.344102025032043,-0.464318931102753,0.0234729020153777,0.0295700559060089,0.299909336864948,0.394315872589747,-0.523010015105301,-0.404155764243146
YLR052W,0.596567869186401,-0.228142082691193,0.0795837411705688,0.0573782654681755,0.454374581575394,0.773067165911198,-0.342585971729941,-0.111782785101985
YLR058C,10.233193397522,1.00933957099915,0.568934853873751,0.0241213476596241,9.16187857786814,11.4082419077555,0.961984528840169,1.05721872030177
YLR060W,3.68897271156311,0.566398203372955,0.178405281455157,0.020975128785034,3.35416966080666,4.05539592901866,0.525585026237625,0.6080332605157
YLR064W,0.533955335617065,-0.275503426790237,0.0632561193710488,0.0510289063223553,0.423613101243973,0.673360631863276,-0.373030616765739,-0.171752279637331
YLR069C,0.391857475042343,-0.407356113195419,0.0185465410506478,0.0205178768291908,0.357856489221255,0.429801971962055,-0.446291103960305,-0.366731596776922
YLR070C,0.0419855713844299,-1.38117969036102,0.00590108761203293,0.0610662247739204,0.0316213898981611,0.0544612805048625,-1.50001905189976,-1.26391215657509
YLR072W,0.1713045835495,-0.766752779483795,0.00841073792575976,0.0213021562386274,0.155612758547068,0.188075438141823,-0.807954800676352,-0.725667917772211
YLR077W,0.191728293895721,-0.717897772789001,0.00994260356495204,0.0225114474733646,0.173094898959001,0.21184472690026,-0.761715742122952,-0.673982343442291
YLR078C,0.456963092088699,-0.343946874141693,0.0611011510735646,0.0575883134325383,0.350198180725177,0.59119841704766,-0.455686119849774,-0.22826674184318
YLR083C,0.949469149112701,-0.0228939540684223,0.0394659530798449,0.0180311390388461,0.874200767775377,1.03457483053207,-0.0583888175347824,0.0147619050677226
YLR084C,0.268256545066833,-0.571731269359589,0.00964201804786947,0.0156128708693564,0.249667261292537,0.287318135797977,-0.602638403009451,-0.541636961173214
YLR085C,0.171621009707451,-0.766384720802307,0.0114124158536633,0.0287994727954779,0.150282960012555,0.194847932706277,-0.823090272765489,-0.710304197715249
YLR086W,0.174678862094879,-0.758007109165192,0.0059104681106861,0.014692443570683,0.163382404918472,0.186493739361564,-0.786794716217701,-0.729335748908758
YLR088W,0.448428511619568,-0.348731756210327,0.0198628176669747,0.0191921312948156,0.412563482175271,0.488742649803559,-0.384509216110431,-0.31091976109394
YLR089C,0.827729761600494,-0.0825481563806534,0.0371796748324014,0.0194906341422571,0.757148500283559,0.903812612096469,-0.120818934093136,-0.0439216027825313
YLR090W,0.223714008927345,-0.651011288166046,0.0127647448694709,0.0247602546333963,0.199364057928324,0.249118939538797,-0.700353144750953,-0.60359325351462
YLR091W,0.0334310568869114,-1.48199236392975,0.00562667717367901,0.0732686567161283,0.0235287765506655,0.0455062687397003,-1.62840087718368,-1.34192877275973
YLR093C,0.895520985126495,-0.0507041923701763,0.101852767886582,0.0491028424743333,0.714292687674363,1.11491402387619,-0.146123800820792,0.0472413594790601
YLR094C,0.319930672645569,-0.495576113462448,0.0173047080427354,0.0234279600735216,0.287539139886697,0.35714654152592,-0.541303030707155,-0.44715356811051
YLR095C,0.21310693025589,-0.671788156032562,0.00897932253921581,0.0182744584486901,0.196023845175902,0.231708478803436,-0.707691096511354,-0.635058074242783
YLR096W,0.192467033863068,-0.715947866439819,0.00723513855701375,0.0162965278047891,0.179380536948641,0.207406387850642,-0.746224680333403,-0.683177872544438
YLR097C,0.126952409744263,-0.898246586322784,0.0118494672025194,0.040518640537359,0.104889795805017,0.151473790407181,-0.979266760305037,-0.819662506872919
YLR100W,1.70869278907776,0.23153181374073,0.123583866964862,0.0313666056909201,1.475508877635,1.96032582223415,0.168941820705021,0.292328260066693
YLR102C,0.166002601385117,-0.783847391605377,0.0225288812126075,0.0586391987966401,0.126138495529691,0.215223947167397,-0.899152355971731,-0.667109411102834
YLR103C,0.115756675601006,-0.937127351760864,0.00645902148376835,0.0241693426794918,0.103817973596354,0.128967036803563,-0.983727452426978,-0.889521278617532
YLR105C,0.0863963291049004,-1.06527662277222,0.00785074706611552,0.0392072395159739,0.0725294919684529,0.103686635444562,-1.1394853835547,-0.984277224874043
YLR106C,0.517616331577301,-0.28612756729126,0.0129678825492615,0.0108682800465963,0.494365155696869,0.543018077810605,-0.305952147186759,-0.26518571192625
YLR107W,0.179842904210091,-0.746342480182648,0.0135784881939192,0.032766626781922,0.155530066539844,0.207363458598653,-0.808185644890112,-0.683267772203374
YLR108C,0.1836256980896,-0.736955106258392,0.0117556337968938,0.027800479371379,0.16163564970096,0.207479590177536,-0.79146285416557,-0.683024618713105
YLR113W,0.862334072589874,-0.0650509670376778,0.0499679889504697,0.0251000262228717,0.770447048048178,0.966408746441205,-0.113257204493219,-0.0148391484881397
YLR114C,0.266089856624603,-0.575364589691162,0.0113416518284122,0.0184894453116871,0.244973903273543,0.289312729239464,-0.610880183626656,-0.538632460094241
YLR115W,0.147631660103798,-0.831234455108643,0.00644971822713056,0.0189455817328819,0.13547454935809,0.161220202719172,-0.868142284965997,-0.792580539750554
YLR116W,0.214920550584793,-0.668686151504517,0.0143240658161809,0.0289709016589569,0.187458639964461,0.243719834461808,-0.727094539349953,-0.613109125535122
YLR117C,0.148459404706955,-0.829064846038818,0.00826144584146959,0.024150497405051,0.132661306361357,0.165324093649785,-0.877255730383453,-0.781663866957381
YLR118C,0.800588846206665,-0.102195002138615,0.129974598110731,0.0696398261015655,0.584976842999458,1.08528762658437,-0.232861327472896,0.0355447296606511
YLR120C,0.470824360847473,-0.327648311853409,0.0228250280711231,0.0210061181057807,0.429369896898667,0.517423569162687,-0.367168410113275,-0.286153792645989
YLR121C,0.0830277502536774,-1.08195078372955,0.00610566012140324,0.0319393155020291,0.0715406984090805,0.0955061928679546,-1.14544682440889,-1.01996846673384
YLR126C,0.429351717233658,-0.370547980070114,0.0536477562623763,0.0540246601131887,0.334350683540106,0.547574754059315,-0.475797792363429,-0.261556583915185
YLR128W,0.108132675290108,-0.969985067844391,0.0146293615269068,0.0585105921811741,0.0826092128952344,0.140302613625924,-1.08297151952746,-0.852934239490028
YLR129W,0.550511598587036,-0.259520888328552,0.0200613097642922,0.0158056925622225,0.512568464875221,0.591157973309358,-0.290248117333182,-0.228296448463423
YLR130C,0.172369927167892,-0.764752388000488,0.0129151408294245,0.0324632413794809,0.149216511224707,0.199377142017086,-0.826183120549333,-0.700324634117252
YLR131C,0.163753464818001,-0.786367893218994,0.00833561326193928,0.0220884240366268,0.147654883315166,0.180715982740124,-0.830752185502318,-0.743003436219957
YLR132C,0.0738007426261902,-1.13608109951019,0.0101773821048354,0.0601992955489829,0.0546945580902199,0.0950309112668037,-1.26205593934466,-1.02213510619519
YLR136C,0.746458113193512,-0.129228189587593,0.0760344157561356,0.0440228929777919,0.608201229572296,0.910048098862171,-0.215952710905648,-0.0409356557095895
YLR137W,0.100888766348362,-0.998257219791412,0.00997610399898434,0.0426916158529465,0.0829424805318316,0.122972470708191,-1.08122298062374,-0.910192101834932
YLR138W,0.207114845514297,-0.684173464775085,0.00871742085912808,0.0182707513053549,0.190529685467482,0.22513713563482,-0.720037350843319,-0.64755286382832
YLR139C,0.0751496851444244,-1.12484967708588,0.00449714990697104,0.0259823721380015,0.0667510979498426,0.0843622577066223,-1.17554158667096,-1.0738518061925
YLR141W,0.0626601353287697,-1.20524859428406,0.0063799411889472,0.0441049853906455,0.0510445721447468,0.0761998334899545,-1.29205043208662,-1.11804597871571
YLR142W,0.0344901047646999,-1.46430230140686,0.00330919765903927,0.0417089223180196,0.0281294733285904,0.0414905681274831,-1.55083839910491,-1.38205067000825
YLR143W,0.223169013857841,-0.651820719242096,0.0102274061251913,0.0198902975831855,0.203392231836915,0.243679443995158,-0.691665638232755,-0.61318110502367
YLR144C,0.190329357981682,-0.72099894285202,0.00918102576450998,0.0209000589619615,0.17354498244822,0.208937680224578,-0.760587938183309,-0.679983232481164
YLR146C,0.279959052801132,-0.554854035377502,0.0266270350552422,0.0411074850046841,0.232077607885003,0.336275873581569,-0.634366789980854,-0.47330449999787
YLR150W,26.7604522705078,1.42566788196564,2.46616285909692,0.0397415856843934,22.3846650123596,31.9887491226196,1.34995059700136,1.50499725197861
YLR151C,0.100224502384663,-1.00094723701477,0.00946193998650476,0.0408447558054617,0.0831140464792649,0.120102844946086,-1.08032565428952,-0.920446715841198
YLR163C,0.488846868276596,-0.311490267515182,0.0270021162666235,0.0239964579843794,0.437550787379344,0.543400010466576,-0.358971530453557,-0.264880379265384
YLR165C,0.0366074666380882,-1.44508266448975,0.00736972189331647,0.0867869808933942,0.0239715613424778,0.0534206852937739,-1.62030367809237,-1.27229079324078
YLR166C,0.219430640339851,-0.659045457839966,0.00871192006056525,0.0172514773584164,0.202691232413054,0.236746852224072,-0.693165037366708,-0.625715786662484
YLR168C,0.142548620700836,-0.855314552783966,0.0298933405655861,0.0897399883663331,0.0925955661882957,0.21110314403971,-1.03340980849558,-0.67550530294325
YLR172C,2.36455965042114,0.37214657664299,0.204238398554552,0.0372860757850252,1.99510531425476,2.8049555738767,0.299965823112061,0.447925943815234
YLR174W,0.0020030930172652,-2.73763537406921,0.000845676682362074,0.190421197163994,0.000724205942242406,0.00402707145937408,-3.14014016056755,-2.39501070187473
YLR175W,3.76233315467834,0.574937522411346,0.184662568786522,0.0212692475026315,3.4148645401001,4.13685178756714,0.533373480886117,0.616669961554252
YLR176C,0.0802712887525558,-1.09604334831238,0.00423172901913116,0.0228725659811161,0.0723819114888708,0.0887702264512579,-1.1403699579231,-1.05173267269352
YLR177W,0.0568289421498775,-1.24668264389038,0.00430489832918985,0.0329614814942617,0.048758529809614,0.0655499580005805,-1.31194940252193,-1.18342759227331
YLR181C,0.37102746963501,-0.431875258684158,0.0286381435277909,0.033312942012812,0.319917208949725,0.432938858618339,-0.494962397846343,-0.363573432258221
YLR182W,0.265836924314499,-0.575776159763336,0.0113153058568586,0.0184900151191696,0.244465592627724,0.288377549499273,-0.611782262546505,-0.54003855660395
YLR183C,0.378205597400665,-0.422907322645187,0.0204858960821575,0.0235000832778452,0.338935243835052,0.420644128570954,-0.469883270412514,-0.376085181746742
YLR187W,0.228125631809235,-0.642166674137115,0.00905304578751658,0.017212974231616,0.211012918502092,0.246986792360743,-0.675690962041322,-0.607326270086267
YLR188W,0.183182299137115,-0.73765754699707,0.00914218244812345,0.0216667403511119,0.165784284224113,0.2019900418818,-0.780456642611671,-0.694670040937623
YLR189C,0.0973116084933281,-1.01224112510681,0.00421639465479995,0.0187723775659482,0.0895291459436218,0.106124272197485,-1.04803555844675,-0.974185275144427
YLR190W,0.41064926981926,-0.387141972780228,0.021811895240286,0.0230889971455592,0.367867541064819,0.454689701646566,-0.43430853062562,-0.342284882118061
YLR191W,0.14650870859623,-0.83562695980072,0.0121684131112559,0.035983722054102,0.123543993011117,0.172661653906107,-0.908178377629223,-0.762804103509451
YLR192C,5.32161426544189,0.723937332630157,0.526590756300565,0.0427425265208978,4.38677317301432,6.42916103204092,0.642145178165572,0.808154284541741
YLR194C,0.736935079097748,-0.135513857007027,0.0860716439293301,0.0505599693527362,0.584052947163582,0.921997426450253,-0.233547783023926,-0.0352703205946772
YLR195C,0.887320399284363,-0.052531260997057,0.0470958736274052,0.0230625895593585,0.798138978083928,0.981773555278778,-0.097921479535457,-0.00798867008823337
YLR196W,1.105797290802,0.0431839339435101,0.0526500730082184,0.0206742268590537,1.00520870288213,1.21484870910645,0.00225623867261273,0.0845221959438695
YLR197W,5.00741958618164,0.699106931686401,0.242265934702538,0.020977499263197,4.54861752986908,5.51341771284739,0.657879420331811,0.741420896926368
YLR199C,0.366383761167526,-0.438189268112183,0.0363914249742943,0.0429381673523627,0.301403202364842,0.445095508297284,-0.520852139353288,-0.351546788526819
YLR201C,0.335701197385788,-0.477138131856918,0.040253232152552,0.0517809856469342,0.263596971829732,0.423852565636237,-0.579059626381913,-0.372785183953155
YLR206W,0.656799495220184,-0.182977825403214,0.028544861440761,0.0188867922996462,0.603253506620725,0.714912389715513,-0.219500146620198,-0.145747176692343
YLR208W,2.82069301605225,0.448947072029114,0.227999348525008,0.0349479637901322,2.3975962638855,3.30713399251302,0.379776051705388,0.519451762056726
YLR209C,0.462388873100281,-0.33637073636055,0.0369091088639615,0.034590491841285,0.394484078635772,0.53817934046189,-0.403970520776101,-0.269072979638088
YLR211C,0.164857506752014,-0.790575683116913,0.0313063575269658,0.0816184282928794,0.112827010514836,0.236830065275232,-0.947586919999083,-0.625563746476646
YLR212C,0.204037189483643,-0.691080510616302,0.0123300109424042,0.0262186626798315,0.180982008576393,0.229515727857749,-0.7423645962046,-0.639187553646861
YLR213C,0.0399909242987633,-1.40029907226562,0.00407959891534569,0.0443535020040308,0.0323827439608673,0.0485049899977942,-1.48968635674737,-1.31421362012757
YLR214W,1.70632088184357,0.231713011860847,0.068292060133819,0.0173639354378751,1.58011558751265,1.84400487144788,0.198688857296405,0.265762064022785
YLR215C,0.184444561600685,-0.735877931118011,0.0165545801523337,0.0388978647767193,0.154831088955204,0.218840133274595,-0.81014183437472,-0.659873029548948
YLR216C,4.82828521728516,0.682851433753967,0.318874924619719,0.028598688468143,4.24522687594096,5.46472455263138,0.627900903877881,0.737568275855886
YLR219W,0.239917889237404,-0.62040376663208,0.011126752639869,0.0201343313736582,0.218662012368441,0.262435889740785,-0.660226661439576,-0.580976772802941
YLR220W,0.493493884801865,-0.307948410511017,0.0372492919422947,0.0326573967076388,0.426585891842842,0.572491084535917,-0.369993513025347,-0.242231273362422
YLR222C,0.694654941558838,-0.158526673913002,0.0256787048426155,0.0160284691209695,0.647880322237809,0.747588522235552,-0.18850521080464,-0.12633737515999
YLR223C,0.207459077239037,-0.683360755443573,0.00762792000826728,0.0159674560851175,0.192705101147294,0.223257267226775,-0.715106790456012,-0.65119439584816
YLR225C,0.4178666472435,-0.379780977964401,0.0256837059787285,0.0266374374622886,0.369250172624985,0.471303131679694,-0.432679293027893,-0.326699676333035
YLR226W,0.170738637447357,-0.768768191337585,0.0122103340925903,0.0308795811119746,0.148925334339341,0.196479546899597,-0.827031416243856,-0.706682663061672
YLR227C,0.0158097743988037,-1.80458784103394,0.00200764118588383,0.0554304386024852,0.0121711610428368,0.0199593634499858,-1.91466800549587,-1.69985334098583
YLR231C,0.791311323642731,-0.102326780557632,0.0442211185198415,0.0241741708912419,0.709576705594858,0.884659093618393,-0.149000650263684,-0.0532240559597626
YLR234W,0.0386336110532284,-1.41416096687317,0.00278180259285112,0.0312491794940401,0.0334735505903761,0.0444263026428719,-1.47529822007195,-1.35235982931599
YLR238W,0.0925780311226845,-1.03466427326202,0.00680392563242144,0.0319569519049211,0.079813645966351,0.106296593695879,-1.09792285363624,-0.973480654122687
YLR239C,0.142682045698166,-0.847798228263855,0.0143201266040354,0.0433592701279171,0.116426892206073,0.173308696721991,-0.933946717834849,-0.761179649243941
YLR240W,0.106615401804447,-0.972752749919891,0.00547430390264624,0.0222966075841416,0.096487327478826,0.117620213081439,-1.01552972273277,-0.929518038370058
YLR241W,0.249216645956039,-0.603850543498993,0.0110412891824055,0.0192478193199955,0.227939850340287,0.270594375332197,-0.642179745799779,-0.567681235429774
YLR242C,0.0691518932580948,-1.16332602500916,0.00831210498276257,0.0522021639267885,0.0540179991784195,0.0867772265026967,-1.26746152289422,-1.06159423498911
YLR243W,0.456556886434555,-0.342912822961807,0.0484334035456335,0.0456341454202347,0.374544730782509,0.560761219263077,-0.4264963088563,-0.25122209431612
YLR244C,3.24082040786743,0.509894788265228,0.192233216268028,0.0256780610724947,2.88869577050209,3.62691232363383,0.460701797009878,0.559537056673476
YLR246W,0.024561058729887,-1.61459457874298,0.00367854399303233,0.0649247291490713,0.0180725063662976,0.0323947992175818,-1.74298163377444,-1.48952470763215
YLR248W,0.638141393661499,-0.195540338754654,0.0292791809850515,0.0199303968752678,0.583293080329895,0.697589144607385,-0.234113175622734,-0.156400288044699
YLR250W,1.34971499443054,0.12547193467617,0.201273660927449,0.0643289084320785,1.010909045736,1.79016638994217,0.00471207443275373,0.252893393326252
YLR253W,0.126388102769852,-0.899115741252899,0.00778429684162276,0.0267071780425592,0.112189068210622,0.142141582320134,-0.950049459008489,-0.847278854510745
YLR256W,0.406387150287628,-0.391277015209198,0.0128627281524012,0.0137404304682221,0.382397578159968,0.432018717626731,-0.417484868121405,-0.364497436554289
YLR257W,1.78990137577057,0.251584768295288,0.136107714185149,0.0328310656391367,1.55202985306581,2.06779310703278,0.190900068260746,0.315507081417342
YLR258W,0.497985988855362,-0.303193271160126,0.0216711363596067,0.0188786719953616,0.456597472975651,0.541613670190175,-0.34046649658325,-0.26631038278683
YLR259C,9.59834861755371,0.981673240661621,0.471754553877497,0.0212984226641657,8.73389427661896,10.5636559963226,0.941207927173717,1.02381424948236
YLR263W,0.0011938369134441,-2.9472222328186,0.000399684108858718,0.146599235007972,0.000565628119996594,0.00213604763654682,-3.24746917194374,-2.67038906639891
YLR265C,0.102917812764645,-0.989628314971924,0.0101911174242104,0.0429099382174461,0.0844268750399351,0.123591802765926,-1.07351928580031,-0.908010368116255
YLR270W,0.765973627567291,-0.116930052638054,0.0556221791855425,0.0315340181471616,0.663131578266621,0.878118733068308,-0.178400292741816,-0.0564468109755394
YLR272C,0.12546469271183,-0.901816010475159,0.0049477375365981,0.0171130244535768,0.116042123797039,0.135592085123062,-0.935384331362,-0.867765660673587
YLR273C,0.0206285677850246,-1.68797516822815,0.00218959905513082,0.0461146759765857,0.0165880202315748,0.0252066474252691,-1.7802054436782,-1.59848491355971
YLR274W,0.337910294532776,-0.47166708111763,0.0156933242471654,0.0201387114329759,0.307569563388824,0.370705197751522,-0.512056643858574,-0.430971324587132
YLR276C,0.871446847915649,-0.0602814443409443,0.0427982717102806,0.0212937645138013,0.78952331840992,0.957621333003044,-0.102635048788522,-0.0188061885705569
YLR277C,0.158165693283081,-0.801400065422058,0.0076744418622732,0.0210612776718909,0.143557889759541,0.173717593525847,-0.842972934352934,-0.760156195666367
YLR278C,0.0882196351885796,-1.05479848384857,0.0036110710187477,0.0177662250863358,0.0815122573326031,0.0955506846308708,-1.08877708091043,-1.01976619687522
YLR284C,0.0803007557988167,-1.09985363483429,0.0117093193582543,0.0630870901657951,0.0592872259517511,0.105720289113621,-1.22703891309899,-0.975841659088316
YLR286C,7.47724533081055,0.873289465904236,0.341012151991036,0.0197828324467556,6.84593491156896,8.17053233782451,0.835432765720022,0.912250339935485
YLR287C,0.533835768699646,-0.27390843629837,0.0417531746509278,0.0337755493198276,0.459976299107075,0.624886962274711,-0.337264552275163,-0.204198601440908
YLR288C,0.0559502691030502,-1.25391960144043,0.00499955080818362,0.0386636668703577,0.0470944493388136,0.0665056301901738,-1.32703027881092,-1.17714159084618
YLR290C,0.236659452319145,-0.62889438867569,0.0279978738426181,0.0512082392034805,0.186598222702742,0.294763882706563,-0.729092501347354,-0.530525732508449
YLR291C,0.732595443725586,-0.13624119758606,0.0523280855126287,0.0310322937956712,0.634697275857131,0.841592927773794,-0.197433365743409,-0.0748979239029155
YLR298C,0.168816581368446,-0.779821157455444,0.031123482629594,0.0792598112755793,0.116280727088451,0.239800407613317,-0.934492261305505,-0.620150091057126
YLR299W,0.20383994281292,-0.691304087638855,0.0106651441641005,0.022718104092013,0.183364391451081,0.225502893328667,-0.736685002006134,-0.646847881508357
YLR300W,3.95289373397827,0.59633332490921,0.204986987980314,0.0225060013480469,3.55959674914678,4.36128365596135,0.551400778562655,0.639614333735916
YLR303W,0.00986175052821636,-2.01356887817383,0.00183131717747514,0.0812893452426332,0.00658333064833035,0.0139779300661758,-2.18155444157594,-1.85455714072039
YLR305C,0.249387890100479,-0.603318154811859,0.00745287685867159,0.0129752372819889,0.235355165724953,0.264161179711421,-0.628276265815693,-0.578131004651197
YLR307W,0.0144251529127359,-1.85169434547424,0.00324291506989264,0.0972339272075765,0.00889396434649825,0.0217395956783245,-2.05090471170381,-1.66274856571802
YLR308W,0.00184386083856225,-2.79488563537598,0.000965577407954729,0.239524949084855,0.00046079145783248,0.00426564431594064,-3.33649682094946,-2.37001554133115
YLR309C,0.246801391243935,-0.607953667640686,0.00920441591234472,0.0161944686656128,0.229576108232141,0.265253521998723,-0.639073312080981,-0.576338842644557
YLR310C,0.151432767510414,-0.8200603723526,0.00545571046037239,0.0156363915104946,0.141091600060463,0.162340990081429,-0.850498841355369,-0.789571810954688
YLR314C,1.67263031005859,0.222873046994209,0.0822978456004312,0.0213730424052449,1.51650886933009,1.83775547643503,0.180844953553053,0.264287718484808
YLR316C,0.116219557821751,-0.936799108982086,0.0114098392332016,0.0424677251467754,0.0953488131364187,0.140275365238388,-1.02068471563185,-0.853018611890051
YLR318W,0.00934319384396076,-2.0319766998291,0.000994379499468251,0.0463402691221647,0.0074497389801157,0.0114294757911315,-2.12785895675709,-1.94197371313157
YLR319C,0.201076850295067,-0.697062134742737,0.00889965969756259,0.0192019023019082,0.18428960206608,0.219216704368591,-0.734499168058546,-0.659126355576838
YLR321C,0.562598466873169,-0.250556856393814,0.0332594526967137,0.0256174426357661,0.501232984662056,0.632532318929831,-0.299960357142344,-0.19891727962035
YLR323C,0.124627694487572,-0.908913791179657,0.0180841717813321,0.0627520923548249,0.0928676801423232,0.163808622583747,-1.03213540755405,-0.785663297908547
YLR324W,0.287818819284439,-0.541516304016113,0.0155722039985047,0.0235195511806919,0.25883170713981,0.319243170072635,-0.586982523244577,-0.495878388872131
YLR328W,0.459827780723572,-0.338274449110031,0.0291636617281968,0.0274902044773786,0.407163798809052,0.519885800282161,-0.390230842351976,-0.284092067439103
YLR329W,0.00482703745365143,-2.3629584312439,0.00221739358570309,0.206774147104827,0.00157969784340821,0.0100960224168375,-2.80142599462954,-1.99585019566604
YLR330W,0.868563890457153,-0.0616084672510624,0.0377401432471954,0.0189049638284084,0.794971108436584,0.943140316009522,-0.0996486545819794,-0.0254236907184478
YLR335W,1.04011714458466,0.0167293585836887,0.0420233145387733,0.0175361106362255,0.961330238978068,1.12402212222417,-0.0171273966774932,0.050774857949861
YLR336C,0.309518963098526,-0.509665191173553,0.0124673335286554,0.0174696001103936,0.286046332120895,0.335278272628784,-0.543563616814209,-0.474594589676359
YLR340W,30.7575721740723,1.4869612455368,2.08220644673592,0.0292854743868749,27.0598460992177,35.0744966824849,1.43232532206825,1.54499144555884
YLR341W,0.00161087000742555,-2.82348465919495,0.00060002015652772,0.16591138371989,0.000683415114569167,0.00296209191243785,-3.16531542339469,-2.52840147449496
YLR343W,0.00124792428687215,-2.93647646903992,0.000482100480873186,0.172181468527402,0.000508752395398915,0.00240766476490535,-3.29349353378753,-2.61840408665019
YLR345W,0.175616160035133,-0.756158173084259,0.0101438818412681,0.025061518213417,0.156075243527691,0.196810927987099,-0.80666598572035,-0.705950790906762
YLR347C,1.09482753276825,0.0390606410801411,0.039709908711396,0.0157304674419836,1.01825177669525,1.17727665702502,0.00785517653684264,0.0708785307832001
YLR348C,0.793626546859741,-0.101818889379501,0.0647527708520258,0.0352667274698903,0.675436446567376,0.931443346540133,-0.170415508594102,-0.0308435567279698
YLR357W,0.307847499847412,-0.511976957321167,0.0116911161216978,0.0164848292503436,0.286104482412338,0.332000148544709,-0.54347533961186,-0.478861722578731
YLR359W,2.77027773857117,0.441924661397934,0.145748905169185,0.0228098661105733,2.50620866020521,3.0703884780407,0.399017226285066,0.487193323226593
YLR360W,0.091758705675602,-1.03872859477997,0.00732332586766696,0.034577862068772,0.0784491647655765,0.107070326805115,-1.10541167774076,-0.970330871748499
YLR361C,0.155682533979416,-0.808543562889099,0.00935615494788364,0.0260969682453483,0.137926550582051,0.174742814277609,-0.860352124977543,-0.757600674388589
YLR362W,0.146441534161568,-0.834872782230377,0.00730016777840383,0.0216707207043424,0.132577932501833,0.161242373784383,-0.877528758357916,-0.792520816885507
YLR368W,0.0537562929093838,-1.27071166038513,0.00389469311893659,0.0314696275696185,0.0465619022957981,0.0618520565330982,-1.33196928480911,-1.20864585583877
YLR369W,0.260140299797058,-0.585372865200043,0.0134743887851733,0.0224734250889826,0.234786120057106,0.287466707577308,-0.629327581486474,-0.54141244546709
YLR372W,2.54450964927673,0.404595524072647,0.173762920022771,0.0296061257379312,2.23002898097038,2.90274612108866,0.348310505830128,0.462809042606734
YLR373C,0.12895955145359,-0.890013575553894,0.00597830916438144,0.0201205924309924,0.117836516040067,0.140873149161537,-0.928720106355558,-0.851171776835884
YLR375W,0.227573052048683,-0.644387006759644,0.0190102153400262,0.0361690436247892,0.193813309073448,0.267874121665955,-0.712616403452971,-0.572069239958531
YLR376C,0.0322446823120117,-1.50547099113464,0.00819938896030015,0.110604548995249,0.0186774649812529,0.0505855150210361,-1.72868265295825,-1.29597384141359
YLR378C,2.19224405288696,0.340328276157379,0.11143457192491,0.0220617771787152,1.98671357433001,2.41914141178131,0.298135256894613,0.383661253346203
YLR383W,0.0786907151341438,-1.10458374023438,0.00380710549708638,0.0210043085739296,0.0712662041187286,0.0864305932074785,-1.14711637259343,-1.06333250652142
YLR386W,0.244133174419403,-0.612803637981415,0.0108531938429301,0.0193035517393777,0.223487407714129,0.265667686363061,-0.650746942479894,-0.575661266536609
YLR387C,0.794591724872589,-0.100690081715584,0.0493588076444468,0.0269027359019811,0.705420036117236,0.894499166309834,-0.151552209307579,-0.0484200598832663
YLR390W-A,8.65108871459961,0.932697355747223,1.24248913635478,0.0614198842576361,6.5490992307663,11.4535699129105,0.816181533885942,1.05894082381949
YLR392C,0.0898910611867905,-1.04757034778595,0.00693582593093052,0.0334000776680098,0.0772910701731841,0.104753801785409,-1.11187068022823,-0.979830208584945
YLR393W,0.138937592506409,-0.860786259174347,0.0179713112946699,0.0559761850087441,0.1072362932687,0.175720530624191,-0.969658209587006,-0.755177495816721
YLR394W,0.00276507274247706,-2.5792350769043,0.000856848975281166,0.136672127812536,0.00135743287682999,0.00478034807213893,-2.86728385693224,-2.32054048855126
YLR396C,0.140472516417503,-0.853005766868591,0.00736730760536675,0.0227713706667834,0.126655519008636,0.155682463074724,-0.897375881098275,-0.807760306047263
YLR397C,0.38325697183609,-0.416885554790497,0.0159503390786786,0.0180573021657688,0.353405046463013,0.41437859510382,-0.451727268717991,-0.382602686778468
YLR398C,0.392894178628922,-0.405961781740189,0.013007152778883,0.0143702891540737,0.368353022138278,0.41846701875329,-0.433735762644725,-0.378338765013943
YLR399C,0.91344553232193,-0.0397661179304123,0.0415145173252569,0.0197375798500898,0.835661375025908,0.996145458022754,-0.0779696710588066,-0.0016772473925144
YLR401C,0.402649015188217,-0.395519465208054,0.0182590778501619,0.0196804790440334,0.368393310407797,0.439009462545315,-0.433688264696116,-0.357526118922554
YLR403W,0.313902407884598,-0.50369530916214,0.0149125893981794,0.0206384013437468,0.285516204188267,0.34387172733744,-0.544369244516416,-0.463603532102664
YLR404W,0.142442032694817,-0.848920106887817,0.0155296723925858,0.0471075419248045,0.115396676771343,0.175244033212463,-0.937806698170774,-0.756356760172267
YLR405W,0.154133886098862,-0.813336431980133,0.0116317138259928,0.0327278314260443,0.132163582990567,0.177970043073098,-0.878888196045359,-0.7496531133546
YLR409C,0.601476788520813,-0.221044778823853,0.0209909768301134,0.0151461199053134,0.561857516566912,0.64424564242363,-0.250373804743675,-0.190948511090959
YLR410W,0.96310555934906,-0.0165771897882223,0.0327392245298895,0.0147487789908076,0.90135894070069,1.03065183758736,-0.0451022293507579,0.01311198188819
YLR412W,0.109161414206028,-0.966512024402618,0.0158822125002208,0.0631987692047547,0.0811949148774147,0.144075514251987,-1.09047116915578,-0.84140985266176
YLR414C,0.621839642524719,-0.209443792700768,0.0752287548804275,0.0519469870619984,0.489499667783578,0.791658977667491,-0.310247603426701,-0.101461893815892
YLR418C,0.682460188865662,-0.166928693652153,0.046523902720184,0.0295605742517728,0.595260209341844,0.778802692890167,-0.225293188448862,-0.108572555475943
YLR424W,0.0786831453442574,-1.10488951206207,0.00468712851951033,0.025881759243375,0.0697208249941468,0.0880169108510017,-1.15663752987414,-1.05543387822887
YLR426W,0.147445395588875,-0.8333820104599,0.0142597297422893,0.0417666825868982,0.121845014207065,0.177801184977094,-0.914192270631211,-0.750065349422705
YLR427W,0.152496665716171,-0.817319333553314,0.00790552821435051,0.0224462959002422,0.137800067663193,0.168696416417758,-0.860750569179162,-0.772894144612869
YLR430W,0.187352254986763,-0.727523744106293,0.00544153394516316,0.0126124881743222,0.176853931198517,0.198151130229235,-0.752385282072283,-0.703003446191464
YLR431C,0.0371842756867409,-1.43176519870758,0.00368476925215727,0.0430021779122537,0.0304694441457589,0.04491548606505,-1.51613547862274,-1.34760392457805
YLR433C,0.334006994962692,-0.476911097764969,0.0185304902746307,0.0240214331011679,0.300227562586466,0.372667456169923,-0.52254943957843,-0.428678531162601
YLR438W,2.69398546218872,0.429655134677887,0.157411496172876,0.0253533998287934,2.39396688143412,3.02414293289185,0.379118138002452,0.480602290988213
YLR439W,0.292493790388107,-0.535454869270325,0.0250047978997721,0.0369107615796401,0.248065008843939,0.343269055336714,-0.60543449189193,-0.464365345156539
YLR440C,0.279406934976578,-0.554205894470215,0.0126459049769642,0.0196163150450636,0.256112903108199,0.30458460599184,-0.591568541114209,-0.516292050258691
YLR442C,0.124123074114323,-0.906673610210419,0.00610981824428505,0.0213804610614625,0.112526200090845,0.136299458146095,-0.948746348054645,-0.865505870725666
YLR443W,0.0633837431669235,-1.19956302642822,0.00535434463746818,0.0365804987656174,0.0535260669266184,0.0745517085616788,-1.27143466726622,-1.12754243584004
YLR446W,0.049070917069912,-1.31104731559753,0.00454785993801359,0.0403018460338753,0.0407269665040076,0.0585281133341293,-1.39011795299722,-1.23263547863278
YLR447C,3.21209073066711,0.505865395069122,0.20962501089361,0.0282960152397345,2.8269781768322,3.6424453496933,0.451322455326991,0.561393033993777
YLR450W,0.285406857728958,-0.544846713542938,0.0108219458624513,0.0164645215310665,0.264192581176758,0.306919642041127,-0.578079382025178,-0.512975317849657
YLR452C,0.491972893476486,-0.308481216430664,0.0216882230305937,0.0191275440922045,0.451973779251178,0.535026671985785,-0.344886759641946,-0.271624567169448
YLR453C,0.030627204105258,-1.51703178882599,0.00368258580468308,0.0523130509219049,0.0239377676043659,0.0383925015106797,-1.62091635533315,-1.41575359152967
YLR455W,0.273823231458664,-0.564200937747955,0.0240473831925068,0.0380850067391738,0.229040859887997,0.323096096764008,-0.640087064029459,-0.490668290856756
YLR459W,0.300257921218872,-0.523407638072968,0.019375144459009,0.028002622921967,0.26417375082771,0.340808702011903,-0.578110339653229,-0.467489325503906
YML130C,0.809911012649536,-0.0920709446072578,0.0392515940272279,0.0210351317683603,0.735407567024231,0.890695016582807,-0.133471905754534,-0.0502709839185542
YML128C,0.138418793678284,-0.859581172466278,0.0082864651047173,0.0259935464675021,0.122750590803723,0.155159395933151,-0.910976409832603,-0.809221919979208
YML127W,0.40509557723999,-0.392916053533554,0.0189335842059745,0.0202814506761824,0.369816888620456,0.443053174267213,-0.432013263494948,-0.353544148302244
YML121W,0.2794009745121,-0.55548894405365,0.024911645012404,0.0386062350378012,0.233767262101173,0.332473754882812,-0.631216319032039,-0.478242631742641
YML120C,0.379719465970993,-0.421186923980713,0.0207750577491583,0.0237325914143935,0.340614647914966,0.422153678784768,-0.467736679534904,-0.374529424491637
YML117W,0.280821681022644,-0.551834940910339,0.00982250879692244,0.0151743028094265,0.262342163920403,0.300839330504338,-0.581131903515074,-0.521665387445775
YML116W,0.0667254254221916,-1.17684638500214,0.00483618429426915,0.0315158421762366,0.0573940260646244,0.076248399913311,-1.24113331055471,-1.11776926563509
YML115C,0.904239773750305,-0.0442713163793087,0.045801214468235,0.0219449391653705,0.818021535873413,0.998981521030267,-0.0872352626026756,-0.000442545205369533
YML114C,0.127442836761475,-0.895604014396667,0.008303813520729,0.0282822612290555,0.112171020607154,0.144829202443361,-0.950119357119185,-0.839143918263674
YML113W,0.571723699569702,-0.245828494429588,0.0677004769089321,0.0511166450150167,0.45298982684811,0.715972627699375,-0.343911562877606,-0.145103584837884
YML112W,0.254199266433716,-0.596578299999237,0.0228860599804222,0.0390292010833728,0.213233843818307,0.302059197425842,-0.671143891510981,-0.519907937445993
YML111W,0.182369634509087,-0.739385187625885,0.00720357729186508,0.0171308536303372,0.16893287387987,0.197024176518122,-0.77228582991242,-0.705480479640344
YML109W,0.138715758919716,-0.858229219913483,0.00560410805743197,0.0175418711698839,0.128086375817657,0.149635035047928,-0.89249706282658,-0.824966710884215
YML107C,0.115723289549351,-0.938564360141754,0.0110947366428103,0.0415073800035723,0.0951957975203792,0.139252210905155,-1.02138223063997,-0.85619793588381
YML106W,3.74997019767761,0.568821847438812,0.587830093664002,0.0670384612850557,2.7596297621727,5.07902971903483,0.440850816777014,0.70578073435676
YML105C,1.0590078830719,0.0229616649448872,0.100401848785317,0.040994547923378,0.878647727270921,1.27560877203941,-0.056185224968395,0.105717491930585
YML103C,0.44483157992363,-0.352002799510956,0.0134756679471253,0.0131466118356607,0.419857332855463,0.471448318411907,-0.376898257655624,-0.326565909317025
YML102W,0.217910766601562,-0.662675857543945,0.0144785225358888,0.0287746850176887,0.191173944498102,0.248464799299836,-0.718571316392167,-0.604735154370465
YML100W,0.833891689777374,-0.0791331455111504,0.0279376395865955,0.0145438358713168,0.781119167804718,0.890111430982749,-0.107282704954952,-0.0505556217006407
YML099C,0.0542585738003254,-1.26646244525909,0.00355383685385678,0.028431401158775,0.0475935057116052,0.0616778957347075,-1.32245230932965,-1.20987050568992
YML097C,0.232539743185043,-0.634391963481903,0.0148705643210361,0.0278046529779196,0.20422697365284,0.262260611106952,-0.689886909627119,-0.581266932153367
YML096W,0.138628944754601,-0.859066903591156,0.00902878082770987,0.0282733853183664,0.12131249109904,0.157301762079199,-0.916094534336496,-0.803266413509021
YML093W,0.707098543643951,-0.150839045643806,0.0270865662434126,0.0166272383825831,0.655869255959988,0.76186906794707,-0.183182726344907,-0.118119658902969
YML092C,1.76739859580994,0.244456127285957,0.204489298584215,0.0499644195724136,1.40390327970187,2.19675014615059,0.14733713205086,0.341780642351739
YML087C,0.0144675401970744,-1.84973120689392,0.00312149433409492,0.0943640526838984,0.00910347182458887,0.0212803615878026,-2.04079294868032,-1.6720209971778
YML086C,1.22504067420959,0.0876355096697807,0.0596466571908161,0.0211340439357454,1.11254771053791,1.35060576101144,0.0463186367803022,0.130528597424098
YML083C,0.00255471863783896,-2.62311339378357,0.000957152609839846,0.165441856702329,0.00106929789471906,0.0048117407093135,-2.97090173655902,-2.31769785056798
YML082W,0.158432975411415,-0.800741195678711,0.00823871641436408,0.0225635792953408,0.142932698130608,0.17523021697998,-0.844868408065161,-0.756391001910302
YML080W,0.265458077192307,-0.576955735683441,0.0175910875421589,0.0287506948165536,0.232937424133221,0.301647576193015,-0.632760731614356,-0.520500160034462
YML075C,0.362217515707016,-0.441335737705231,0.0135744553655132,0.0162595294600167,0.336463793118795,0.39042487218976,-0.473061664183215,-0.408462523220711
YML074C,4.18987703323364,0.621514856815338,0.235871899244793,0.0244102224667885,3.74944307605426,4.67965375979741,0.573966764267952,0.670213721498831
YML072C,1.36845576763153,0.136038392782211,0.0407217144571348,0.0129260002234694,1.29083304802577,1.44701283772786,0.110870073377606,0.160472382067166
YML071C,0.20903779566288,-0.680391609668732,0.0111443232123462,0.0231241284650003,0.187982354809841,0.231855720281601,-0.725882914455645,-0.634782184840042
YML069W,1.5280921459198,0.183642193675041,0.0739836608586392,0.0209965359286388,1.38885967731476,1.68241877257824,0.142658368788505,0.225934105497815
YML067C,0.713769853115082,-0.147758305072784,0.0555549899811732,0.0338544098603855,0.608012773096561,0.82800928602616,-0.216087298444201,-0.0819647927446559
YML066C,0.00161756493616849,-2.85123252868652,0.000838537022093652,0.238494753944333,0.000429833776676484,0.00364002001006156,-3.36669946065298,-2.43889626705388
YML065W,0.191472992300987,-0.718321979045868,0.00851596412932164,0.0192732414051815,0.175728349760175,0.208677159622312,-0.755158169468511,-0.680525084521024
YML062C,0.243215039372444,-0.615091919898987,0.0172144468621833,0.0306151907979847,0.211709037423134,0.280308663845062,-0.674260602447175,-0.552363478757896
YML061C,0.126519903540611,-0.898318827152252,0.00592284975716201,0.0203262728010659,0.115116760134697,0.138677071283261,-0.938861441755809,-0.857995338791622
YML060W,0.222789034247398,-0.653241574764252,0.0161383643134296,0.031418154225412,0.192800127093991,0.257088529318571,-0.714892684950766,-0.58991730775356
YML057W,0.333974450826645,-0.476845741271973,0.0169595691688156,0.0220339839789074,0.302177509417137,0.367628477265438,-0.519737865193038,-0.434590858678007
YML054C,0.00962198246270418,-2.02210569381714,0.00150817886965808,0.0686051209014204,0.00689279027283192,0.0128340701029326,-2.1616049356165,-1.89163560381087
YML052W,1.33157551288605,0.122825428843498,0.112615900472272,0.0365392358163871,1.12707388401031,1.56748934388161,0.0519523848758387,0.195204588721644
YML051W,0.0581122189760208,-1.23776721954346,0.00565018479843939,0.0420167512907633,0.0479897903588911,0.0699291826536259,-1.31885116180636,-1.15534171420461
YML050W,0.0716933682560921,-1.14816999435425,0.00929734308002097,0.0564048480152877,0.0545303751714528,0.0904233222827315,-1.26336151490263,-1.04371954771575
YML047C,0.00176616420503706,-2.81139612197876,0.0009056275041688,0.234712913422333,0.000455329961308356,0.0039521869000358,-3.34168250712548,-2.40316422234631
YML046W,0.141538858413696,-0.849902033805847,0.00849284669745456,0.025981656360253,0.125879362225533,0.15951332723101,-0.900045466129278,-0.797203044976622
YML043C,0.035121463239193,-1.45638489723206,0.00334461659121019,0.0412234211156421,0.0291191305344303,0.0421938237734139,-1.53582160602102,-1.3747511219207
YML041C,0.112342648208141,-0.952866792678833,0.0141351881519841,0.0544472359444659,0.0878192364548643,0.142186201736331,-1.05641034319248,-0.847142547228064
YML038C,0.185652017593384,-0.732327520847321,0.0128100340075772,0.0298740621530172,0.162312547490001,0.212896466379364,-0.789647908743954,-0.671831548619504
YML037C,0.0539740771055222,-1.27053105831146,0.00604113409667423,0.0486318769135162,0.043029868726929,0.0665191311389208,-1.36622997907765,-1.17705343690409
YML035C,0.573330879211426,-0.241907149553299,0.0217619802985739,0.0164488135986375,0.53251621723175,0.619324374198914,-0.273667163327396,-0.208081828647319
YML034W,0.296858698129654,-0.527838349342346,0.0125751088895507,0.0183672733577168,0.27372608880202,0.323225418229898,-0.562683821914727,-0.490494494414144
YML032C,0.165160402655602,-0.782979130744934,0.0105691996375019,0.0277356824516329,0.145583539580305,0.186846054593722,-0.836887742280644,-0.728516070964697
YML031W,0.37870067358017,-0.422143220901489,0.0170430419599752,0.0195178432942844,0.346997156490882,0.41298778851827,-0.459674084417199,-0.384062789807927
YML027W,0.308360785245895,-0.511853456497192,0.0200231573554191,0.0281485360977215,0.27095639705658,0.348754808306694,-0.567100591196794,-0.457479797601932
YML025C,0.429314643144608,-0.369144290685654,0.0405616127041649,0.0407956460069463,0.358942901343107,0.513570616642634,-0.444974631816814,-0.28939985122153
YML023C,0.0435616932809353,-1.36237680912018,0.00360607223667307,0.0358615191889669,0.0369105240640541,0.0512481579557061,-1.43284979256943,-1.29032174709192
YML021C,0.305510401725769,-0.516372382640839,0.0246327240243926,0.0347966305026546,0.261050214866797,0.35821264659365,-0.583275951681699,-0.445859088979501
YML019W,0.389815300703049,-0.410601615905762,0.0320370258962079,0.0356297298949323,0.330990242461363,0.456496046483517,-0.480184814069497,-0.34056297944069
YML018C,0.29087707400322,-0.537258863449097,0.0194606174384673,0.0289883390788329,0.255013765891393,0.330324144909779,-0.593436392022514,-0.481059683759927
YML017W,1.02395915985107,0.00982937123626471,0.0468282690165332,0.0198409669519758,0.935380260149638,1.1209568977356,-0.0290118034693392,0.0495889114240824
YML015C,0.187130898237228,-0.729329764842987,0.0154850389095152,0.0357954914344105,0.15990843847394,0.220026257137458,-0.796128633308742,-0.657525489512217
YML014W,0.415569424629211,-0.383374512195587,0.0402068918072484,0.0418247193657195,0.343792459865411,0.502103422085445,-0.463703653840796,-0.299207053139666
YML013W,0.27410426735878,-0.562609970569611,0.013522671368505,0.0213339719894972,0.249901017919183,0.303150195628405,-0.602231987619063,-0.518342147540424
YML010W,1.41217923164368,0.149648442864418,0.0470324791624077,0.0144609734451305,1.32439983288447,1.50533739527067,0.122019114429309,0.177633847872023
YML007W,0.420667737722397,-0.376511663198471,0.0191940123538775,0.0197751316006498,0.385612964630127,0.46053558588028,-0.413848373180326,-0.336736805957199
YML006C,0.0981034114956856,-1.00889110565186,0.00505320011139508,0.0223268935419214,0.0888369444136818,0.108245015144348,-1.05140638880884,-0.965592094467903
YML005W,0.146188512444496,-0.83610725402832,0.0100235988816912,0.0297986941761187,0.127040074889859,0.166454247261087,-0.896059261516954,-0.778705127396493
YML004C,1.96468472480774,0.29212760925293,0.14427333449756,0.0317841034008471,1.70102381706238,2.2729637046655,0.230710394474622,0.356592500776389
YML003W,0.0346591435372829,-1.46657168865204,0.00596652219028085,0.0746847256540218,0.0243008270704498,0.0479516643720369,-1.61437894576719,-1.31919634441765
YMR001C,0.344575881958008,-0.463225305080414,0.0167359442537196,0.0210484915447412,0.312688104063272,0.379291661083698,-0.504888652998374,-0.421026706078906
YMR004W,0.346654981374741,-0.460717856884003,0.0184626981194937,0.0231033662297302,0.312967346360286,0.38328418135643,-0.504500973011337,-0.416479104281723
YMR010W,0.2953140437603,-0.530577123165131,0.0186480889597936,0.0273339709608639,0.260479528705279,0.334328899780909,-0.584226404122333,-0.47582608950936
YMR013C,0.0804102197289467,-1.09564602375031,0.00533936009866891,0.0288585032504125,0.0704580204561353,0.0911759594455361,-1.15206957887213,-1.04011965806705
YMR014W,0.474711924791336,-0.324142813682556,0.0244172451805798,0.0222953440149606,0.428720835596323,0.525447152554989,-0.367825409852424,-0.279470957498039
YMR016C,0.224222600460052,-0.649708271026611,0.00946460371164722,0.0183212550958843,0.206023570771019,0.243573345988989,-0.686083093610723,-0.613370238236652
YMR018W,0.000530951947439462,-3.35886216163635,0.000318111971514299,0.288926453407489,9.08316314356246e-05,0.0013190763934593,-4.0417629429849,-2.879730100661
YMR020W,0.0750785619020462,-1.12558019161224,0.00534798091764889,0.0308244024912277,0.0652260705828667,0.0864658910781145,-1.18557878391167,-1.0631551791042
YMR021C,0.11888637393713,-0.926089525222778,0.00892365160891902,0.0326117521028728,0.102516874919335,0.137513432279229,-0.98920464352401,-0.861654879547584
YMR025W,0.0576656125485897,-1.24363386631012,0.00839185973474686,0.0628974281505336,0.0430881235127648,0.0756583401312431,-1.36564243134194,-1.12114321373134
YMR026C,0.0864014849066734,-1.06508493423462,0.00742463746508781,0.0373965230824922,0.0720575973391533,0.10132528282702,-1.14232022292041,-0.994282176985431
YMR027W,1.21526181697845,0.0841460451483727,0.0597536848800667,0.0213347372926508,1.10498988330364,1.33167723715305,0.0433582959152717,0.124398975726176
YMR028W,0.231622844934464,-0.636628329753876,0.0186913673132408,0.0349845568026921,0.198169559861223,0.269011939068635,-0.702963071846181,-0.570228446418551
YMR029C,0.206616327166557,-0.685602068901062,0.0123102875485069,0.0258160234245566,0.1836116284132,0.231914058327675,-0.736099818069942,-0.634672924199107
YMR030W,0.0740721896290779,-1.13279163837433,0.00787757198953428,0.0461320486619201,0.0597060742477576,0.0906092966596286,-1.22398148664923,-1.04282731237777
YMR031C,0.723742723464966,-0.140780732035637,0.0296917127691421,0.0177859678088507,0.668937770525614,0.784658957521121,-0.174614281603135,-0.105319063430902
YMR032W,0.160997346043587,-0.793710112571716,0.00796398569936298,0.0214586903648376,0.145797078187267,0.177816390991211,-0.83625118285155,-0.750028208557392
YMR033W,0.528374969959259,-0.277792245149612,0.0308166913406061,0.0252571056984172,0.470061726123095,0.592229381700357,-0.327845109210254,-0.227510072854706
YMR034C,0.0261876042932272,-1.58497178554535,0.00311202809459292,0.0517380469746396,0.0204475133990248,0.0327485539019108,-1.68935949911307,-1.48480787265804
YMR036C,0.0735357701778412,-1.13455402851105,0.00512215732033727,0.0302376641519264,0.0639868453145027,0.0838670999432604,-1.19390930093071,-1.07640837650957
YMR037C,0.301589757204056,-0.521072089672089,0.0143119343079137,0.0205907542279879,0.274745749930541,0.330952550967534,-0.561069020972149,-0.48023426744919
YMR041C,0.0983947068452835,-1.00939548015594,0.0102979241742106,0.0453281122886143,0.0799212938795487,0.120506422283749,-1.09733750891621,-0.918989807279593
YMR043W,0.522242188453674,-0.28400057554245,0.0486035571137432,0.040323189916293,0.433261456340551,0.624218533436457,-0.363249949630406,-0.20466334361421
YMR044W,0.413265764713287,-0.384470850229263,0.0235351289950803,0.0246239733823123,0.36912943571806,0.46293200229605,-0.432821328746533,-0.334482796986609
YMR048W,0.197336435317993,-0.70654034614563,0.0177625232894573,0.0389549817126868,0.164857981602351,0.233753985290726,-0.782890076286695,-0.631241018103863
YMR049C,1.12374007701874,0.0503457151353359,0.0431641435730289,0.0166611810578082,1.04457227687041,1.21302491724491,0.0189384898185503,0.0838697219385859
YMR054W,0.34992915391922,-0.456360161304474,0.0138515933555724,0.0171580672896495,0.324236879497766,0.377619571238756,-0.489137588990756,-0.42294550692209
YMR055C,0.0683848857879639,-1.16888725757599,0.0091461696661491,0.0578042686569418,0.0524212047768136,0.0879913457979759,-1.28049300235811,-1.05556004434471
YMR062C,0.413353502750397,-0.384614318609238,0.0271297182324821,0.0285161375953379,0.36284478182594,0.468432077517112,-0.440279118545556,-0.329353378029429
YMR063W,0.0972934886813164,-1.02101171016693,0.0201057374877713,0.0889197969339619,0.0634344935417175,0.142330122987429,-1.19767461747418,-0.846703318993227
YMR064W,0.0664883926510811,-1.17875182628632,0.00552968395900549,0.0360549493771897,0.055828662806501,0.0780975920458635,-1.25314277839447,-1.10736235712711
YMR065W,0.00329344091005623,-2.49946117401123,0.000919236644811269,0.123389221963083,0.00175490971887484,0.00533257205970586,-2.75574536214808,-2.27306342904591
YMR066W,0.0566549450159073,-1.24746382236481,0.00322894350946041,0.024729291025612,0.0506746619939804,0.0631543962284923,-1.29520913942111,-1.19959641287109
YMR067C,0.368742555379868,-0.434104233980179,0.0227993474564741,0.026810389310477,0.326489989459515,0.415697504331668,-0.486130141039492,-0.381222582812859
YMR070W,0.214259222149849,-0.669953882694244,0.0137518418472747,0.0278477363028107,0.188473961750666,0.24324799515307,-0.72474864095858,-0.61395073458691
YMR075W,0.119366757571697,-0.923750877380371,0.00645673629674615,0.0234582456525314,0.107501838107904,0.132819611082474,-0.968584109983451,-0.876737795930555
YMR076C,0.257001221179962,-0.590352833271027,0.00935879202831779,0.0158327970281913,0.238891776651144,0.275637470682462,-0.62179879969107,-0.559661747410633
YMR078C,0.101993344724178,-0.992065250873566,0.00552439256961543,0.0235281658376535,0.0916978567838669,0.113162260688841,-1.03764081479691,-0.946298386589731
YMR079W,2.89618396759033,0.460372060537338,0.238039644667989,0.0354784007323904,2.4725878238678,3.39549429019292,0.393151726252547,0.53090300449432
YMR080C,0.46929669380188,-0.328859984874725,0.0176652555252095,0.0163524107587718,0.436656227707863,0.504225318630536,-0.359860341584397,-0.29737535507794
YMR081C,0.00544950272887945,-2.28682470321655,0.00177895693279258,0.143711089227197,0.00264643080881797,0.00954290445273121,-2.577339459018,-2.0203194297412
YMR083W,4.87911081314087,0.687427520751953,0.316518904799342,0.0281450566825821,4.27264738082886,5.53224871555964,0.630697052218234,0.742901695257397
YMR085W,0.000957612995989621,-3.09630441665649,0.00056484727730999,0.27354002801492,0.000194205075361727,0.00238155050125594,-3.71173944936317,-2.62314025312357
YMR086W,0.318032175302505,-0.497845649719238,0.0121235016170116,0.0165391082084499,0.294941604137421,0.342348347852627,-0.530263962026403,-0.465531764125933
YMR087W,0.115578442811966,-0.940762102603912,0.014978835185929,0.0563277841728312,0.0877086311578751,0.148109543696046,-1.05695772846147,-0.829417085419064
YMR088C,0.227618917822838,-0.643565893173218,0.0136003956687959,0.0259082061517385,0.202530869841576,0.255872994661331,-0.693508773370994,-0.591975547987204
YMR089C,0.386774152517319,-0.412907630205154,0.0158365915351713,0.0177802438004497,0.356435488412778,0.418785794327656,-0.448019062093491,-0.378008058583961
YMR090W,0.143556579947472,-0.85220068693161,0.0299617076473897,0.089446750771911,0.0933481756597757,0.213408762340745,-1.02989452907345,-0.670788039532747
YMR091C,0.803479373455048,-0.0956410989165306,0.0428824207748783,0.0231144214288944,0.721327269574006,0.892818678418795,-0.141867652301243,-0.0492367328376264
YMR092C,1.5336195230484,0.185323163866997,0.0655127005837592,0.0185387780032149,1.40622265438239,1.6675000111262,0.148054088554627,0.222065845145813
YMR093W,0.545762121677399,-0.26356902718544,0.0280949364028175,0.022305614966569,0.493433184673389,0.604996002713839,-0.306771652813595,-0.218247495421941
YMR096W,0.00859757792204618,-2.08565044403076,0.0026075039405981,0.133469555106802,0.00440487277228385,0.0144372563343495,-2.35606681550117,-1.84051534239656
YMR098C,0.123914465308189,-0.907559454441071,0.00693113198744273,0.0243108450991664,0.110713055233161,0.137858562792341,-0.955801166627102,-0.860566253444612
YMR099C,2.61293911933899,0.415712207555771,0.212203939444308,0.0350368279443078,2.24072207212448,3.06338379979134,0.350387992124487,0.486201411221692
YMR100W,0.107318982481956,-0.970071077346802,0.00630932332540949,0.0254803833929355,0.0953376963734627,0.120669347296158,-1.02073534605677,-0.918403036396263
YMR102C,0.158996343612671,-0.799008846282959,0.00679033739954154,0.0185463472494516,0.145940056194862,0.172535014152527,-0.835825490910431,-0.763122757396283
YMR104C,0.0674330964684486,-1.17213666439056,0.00460525979942089,0.0296920999457986,0.0584970042109489,0.0769841853529215,-1.23286637473779,-1.11359848943716
YMR105C,0.646698653697968,-0.189786538481712,0.0306578730149671,0.0205894361514248,0.587432345747948,0.709242830673854,-0.231042148279869,-0.149205045797148
YMR106C,0.0867259278893471,-1.06275677680969,0.00561147608103046,0.0280361699119975,0.0763602421929439,0.0981897923474511,-1.1171327034718,-1.00793365952219
YMR108W,4.0491099357605,0.607003688812256,0.164298863673271,0.0176092491508216,3.73331030607224,4.38387848138809,0.572094080734157,0.641858505504162
YMR110C,0.400699108839035,-0.397770911455154,0.0208973440603948,0.0226164840327775,0.36212053646644,0.443294089784225,-0.441146849969266,-0.353308058902609
YMR113W,0.205435931682587,-0.68817126750946,0.012850204519403,0.027131334842187,0.181546096752087,0.231258898973465,-0.741013100481449,-0.635901546369643
YMR115W,0.247807368636131,-0.606550574302673,0.0137128715546925,0.0240308379486279,0.221643726651867,0.275462376326323,-0.65434455681312,-0.559937711208545
YMR116C,26.5694446563721,1.42327487468719,1.90474140945262,0.031005626587482,23.0336837768555,30.6516004085541,1.36236340023182,1.48645315484081
YMR119W,0.142511263489723,-0.846792101860046,0.00775721455952024,0.0236223279339759,0.127814733112852,0.158475637435913,-0.893419082478325,-0.800037492691542
YMR120C,2.86617279052734,0.456876218318939,0.127056666479067,0.0192328199026969,2.62726807792981,3.12259255051613,0.419504389049434,0.494515315202299
YMR124W,0.179622784256935,-0.746018171310425,0.00751775844146,0.0181647087823068,0.165491915121675,0.195029067868988,-0.781223218845201,-0.709900654928527
YMR125W,0.817138016223907,-0.087988093495369,0.0295239361736406,0.0156849302281214,0.761555902659893,0.876023620863756,-0.118298212354616,-0.0574841845488452
YMR127C,0.0692140609025955,-1.16197729110718,0.00694718926308755,0.0434251759605227,0.0566935423140724,0.084083865582943,-1.24646641494353,-1.07528738015492
YMR128W,0.513894736766815,-0.289358258247375,0.0168345066884779,0.0142091512875077,0.48304882645607,0.548297614852587,-0.316008968650755,-0.260983643340762
YMR129W,0.367116689682007,-0.435427844524384,0.011995584106108,0.014189532962182,0.344431579113007,0.390716181198756,-0.462897037224795,-0.408138603508609
YMR130W,0.382820069789886,-0.418781489133835,0.0347587695890293,0.0392378447884817,0.320374028136333,0.455998239914576,-0.494342700495771,-0.34103683364609
YMR131C,1.33117377758026,0.123631484806538,0.0702212489924441,0.0228919089782325,1.20092380046844,1.47301063934962,0.0795154519608203,0.16820587359745
YMR133W,0.00123303465079516,-2.95697569847107,0.000568343762111518,0.211982961959668,0.000377763719006907,0.00256363307319892,-3.42277977051708,-2.59114416306299
YMR134W,0.392026454210281,-0.411874711513519,0.0614595270478706,0.0668958816948899,0.288855001827081,0.534093234439691,-0.539320121114441,-0.272382925367513
YMR136W,0.14500118792057,-0.839445412158966,0.00890388912878912,0.0266303860377851,0.128499576573571,0.163241995995243,-0.891098306792577,-0.78716810571589
YMR137C,0.0472241938114166,-1.3269522190094,0.00339979369665693,0.0311462675569546,0.0410567563337584,0.0544898253244658,-1.38661536487316,-1.2636845848959
YMR139W,0.229263469576836,-0.64103639125824,0.0182805889152242,0.034523196562375,0.195551507299145,0.268334446599086,-0.708738833957357,-0.571323580042869
YMR140W,0.181128948926926,-0.742857158184052,0.0113041356029618,0.0270902675559069,0.159911850839853,0.203874007115761,-0.796119351252555,-0.690638156063601
YMR144W,0.143721833825111,-0.844238758087158,0.0129513045234284,0.0391341743940515,0.120028958159188,0.169627540931106,-0.920713966366197,-0.770503637019393
YMR145C,1.18772876262665,0.0742494165897369,0.0551388878822994,0.0201805929429144,1.08163774013519,1.29745426774025,0.0340818321168971,0.113092058911697
YMR146C,4.28616523742676,0.631041526794434,0.294679807641448,0.0298513220841262,3.74474452535311,4.88292284806569,0.57342213817441,0.688679856326082
YMR149W,1.19014263153076,0.0737534165382385,0.110336083195787,0.039970387027198,0.991417043904464,1.43248722652594,-0.00374363047226032,0.156090737564708
YMR152W,0.658145368099213,-0.18270705640316,0.0454676479520659,0.0298686440388577,0.576604744791985,0.755995207031568,-0.239121788596452,-0.121480980425277
YMR153W,0.521702826023102,-0.283224374055862,0.0285056070471453,0.0237164511900053,0.468085504819949,0.579320595661799,-0.329674809989714,-0.237081035940698
YMR156C,0.090371161699295,-1.05345273017883,0.0190765065662964,0.0907710977744108,0.0588849178204934,0.133694984267155,-1.2299960934596,-0.873884956029187
YMR157C,0.335173398256302,-0.478662699460983,0.0453136685442699,0.0584215335402364,0.256652307013671,0.430020238210758,-0.590654837720094,-0.36651110471063
YMR165C,0.176252231001854,-0.7543004155159,0.00789111000092479,0.0194360379258705,0.161317334945003,0.192389015853405,-0.792318962376182,-0.715819727430093
YMR167W,0.102132208645344,-0.99142062664032,0.00529778486393329,0.0225127700157748,0.0921236372242371,0.112648760030667,-1.03562892365831,-0.948273586292682
YMR171C,0.15073849260807,-0.822503983974457,0.00874093575034312,0.0251486126915689,0.134630938867728,0.168634608015418,-0.8708551287049,-0.773053292586274
YMR173W,6.63867712020874,0.821264922618866,0.408403192434994,0.0266114571769455,5.90254542827606,7.5038505713145,0.771039338190574,0.875284171482415
YMR177W,0.127571269869804,-0.895297467708588,0.00887976106488163,0.0302197312607594,0.110692426934838,0.146433406571547,-0.955882091251451,-0.834359836053851
YMR178W,0.714147329330444,-0.14851801097393,0.073868221793153,0.0447212356618643,0.583516538143158,0.874463685850302,-0.233946830582569,-0.0582582209095433
YMR179W,0.142189607024193,-0.8476642370224,0.00703844002494217,0.0215136135343383,0.129004752884308,0.156314510479569,-0.889394302430322,-0.806000711152419
YMR180C,0.0441122762858868,-1.35965538024902,0.00617614331223135,0.0605487592465478,0.0333429142832756,0.0571625940191249,-1.47699644404654,-1.24288809788873
YMR183C,2.11757016181946,0.324323862791061,0.177442678091124,0.036219418966527,1.7996756931146,2.48223233024279,0.255194247312453,0.394842427161834
YMR185W,0.0830328017473221,-1.08125102519989,0.00399658133507351,0.0208702990349204,0.0755332274983327,0.0912866589302818,-1.12186195771471,-1.03959268791553
YMR188C,0.612075626850128,-0.217940360307693,0.0915213976318089,0.0640183436175171,0.459164703140656,0.808682735761007,-0.338031508024232,-0.0922218286582009
YMR189W,0.838777720928192,-0.0766454190015793,0.0308173637587117,0.0159393234954062,0.779966541131337,0.900572436054548,-0.107924027280827,-0.0454813497403051
YMR192W,0.215870827436447,-0.666350781917572,0.010825161156323,0.0217425536766702,0.19567054460446,0.237838946158687,-0.708474546608861,-0.623717028502746
YMR193W,0.409104943275452,-0.391151040792465,0.0481881473161646,0.0509230440563909,0.323456213623285,0.511990959942341,-0.490184501620744,-0.290737709616054
YMR196W,0.163840442895889,-0.78593772649765,0.00666738070977659,0.0176487858455787,0.151314586400986,0.177442591761549,-0.820119204903985,-0.750942139143196
YMR199W,0.217758446931839,-0.662651240825653,0.0116938653375392,0.0232907596610057,0.195411293581128,0.242011182382703,-0.709050341112263,-0.616164566536307
YMR200W,1.24339282512665,0.0918382778763771,0.141220032595596,0.048993588475444,0.994412263234456,1.5459676027298,-0.00243358514220448,0.189200372636039
YMR201C,0.123211473226547,-0.910928785800934,0.0105374292012679,0.0370212122535616,0.104096630277733,0.144574184219042,-0.98256332905628,-0.839909250201749
YMR203W,2.88128256797791,0.458715051412582,0.182960310300732,0.0274876454846838,2.53599443435669,3.27302501400312,0.404148296040373,0.5149493242805
YMR204C,0.064580000936985,-1.1920610666275,0.00646202116632187,0.043289589300136,0.052844550460577,0.0784592212488254,-1.27699979221518,-1.10535603033737
YMR205C,8.88473320007324,0.948377251625061,0.312347899615006,0.0152654385383282,8.27956008911133,9.50846184889476,0.918007262395163,0.978110268255347
YMR206W,0.00181228620931506,-2.82265043258667,0.00109965275815378,0.278456162877243,0.000354334140865831,0.00466687317627172,-3.45058755950344,-2.33097401640278
YMR208W,0.620170533657074,-0.208345085382462,0.0390292711785203,0.0272630368810617,0.54899237404267,0.700589832663536,-0.260433692342648,-0.154536169771204
YMR209C,0.17563234269619,-0.75634753704071,0.0116344045343586,0.0287578497525388,0.153578281402588,0.200088079397877,-0.813670196634724,-0.698778784471882
YMR210W,0.138661131262779,-0.858972072601318,0.00906197253300003,0.0283964568087547,0.121915293298662,0.156995348632336,-0.91394181222988,-0.80411322812873
YMR211W,0.0807682946324348,-1.0940899848938,0.00634531748308138,0.0340211991467283,0.0691118212416768,0.0939692341412107,-1.16044766484738,-1.02701431361146
YMR212C,0.354996234178543,-0.450136810541153,0.0144771284379671,0.0177091756598724,0.327648984144131,0.383721307168404,-0.48459117434878,-0.415984085033137
YMR214W,0.902219653129578,-0.0455739460885525,0.0578251415684909,0.0277233794991987,0.796914198497931,1.02425026694934,-0.0985884355578574,0.0104060700439646
YMR217W,6.450119972229,0.809047102928162,0.316997740503586,0.0212674945706956,5.86423349380493,7.11715430816015,0.768211254104458,0.852306372055994
YMR220W,0.639551937580109,-0.194802269339561,0.0357590755317094,0.0242566637751585,0.572838920851549,0.713736384610335,-0.241967482101982,-0.146462163366032
YMR221C,0.396859288215637,-0.401986420154572,0.0212530105904616,0.0232560515126296,0.357789105176926,0.44087900792559,-0.446372934105168,-0.35568061443693
YMR223W,0.175004884600639,-0.757792949676514,0.0109176165901629,0.0270601201806763,0.154480528086424,0.197740770876408,-0.811126312109636,-0.703903777642877
YMR224C,0.0811577960848808,-1.09131252765656,0.00443026239644356,0.0236867476393532,0.07277969053636,0.0901858823994796,-1.1379898202201,-1.04486144423144
YMR226C,3.36237382888794,0.524333655834198,0.348017751072458,0.0448135827728764,2.74117780923843,4.10222012599309,0.437937200862834,0.613018960187781
YMR227C,0.219882890582085,-0.65852153301239,0.0126288247897119,0.0248965637661093,0.196111601715287,0.245604794224103,-0.707496713856431,-0.609763161470138
YMR228W,0.192995712161064,-0.716014862060547,0.0164230404096843,0.0368046720989967,0.163630084445079,0.228469622010986,-0.786136860903704,-0.641171536911618
YMR229C,2.14200878143311,0.330648303031921,0.0604819749815705,0.0122539358225324,2.02729770143827,2.26201981306076,0.306917527971653,0.354496404584864
YMR231W,0.202292039990425,-0.694356143474579,0.00794747843191434,0.0170541654843615,0.187468286106984,0.218296719839176,-0.727072192895385,-0.660952790554542
YMR233W,0.210426315665245,-0.685483753681183,0.0425558585928825,0.0861803492376384,0.14040013551712,0.303620381901662,-0.852632473264428,-0.517669078984153
YMR234W,0.143753066658974,-0.844035744667053,0.0126124581762567,0.0378533391884926,0.12151699376603,0.16933471262455,-0.915362989074166,-0.771254007295405
YMR237W,0.637405037879944,-0.19593420624733,0.0255871318855039,0.017418408146477,0.589685731629531,0.689119107524554,-0.229379382270079,-0.161705708060041
YMR238W,0.554656326770782,-0.256662547588348,0.0312860028179397,0.0244034613004124,0.497553990532955,0.621056951085726,-0.303159789921868,-0.206868573082466
YMR239C,0.146748915314674,-0.834396183490753,0.0098360469215651,0.029055077394204,0.12862322255969,0.167207155749202,-0.890680613742104,-0.776745140599408
YMR240C,0.132248505949974,-0.879607200622559,0.00898438792512835,0.0294812135063393,0.115571966581047,0.150959479684631,-0.937147498059298,-0.821139617721895
YMR241W,2.14608454704285,0.330541223287582,0.153389732778301,0.0310013450505126,1.86165090401967,2.4620042125384,0.269898245482741,0.39128877878552
YMR243C,1.53126811981201,0.184482678771019,0.0784256811375508,0.0222272114918762,1.38359472850959,1.69112428128719,0.141008898685122,0.228175520855426
YMR244W,0.00443648127838969,-2.3753776550293,0.00141403379995395,0.141925716976856,0.00211659889707031,0.00765441405431679,-2.6743615564334,-2.11608862761215
YMR247C,0.271048277616501,-0.567184627056122,0.00884823532898902,0.0141527330121348,0.254532732566198,0.289720505227645,-0.594256362815702,-0.538020766141811
YMR250W,0.259993702173233,-0.585607945919037,0.0133397034418482,0.0222479410698114,0.235405018677314,0.287646439671516,-0.628184282527888,-0.541140997442632
YMR251W,0.00193350319750607,-2.75351905822754,0.000821266668174613,0.190518226581369,0.000712008642828247,0.00383144563917692,-3.1475150120261,-2.41663734140888
YMR253C,0.141522273421288,-0.850456357002258,0.0108854463583187,0.0333741687556621,0.122094404449066,0.163606724391381,-0.913304245536479,-0.786198850472689
YMR258C,0.142403572797775,-0.847271025180817,0.00861222338302845,0.0262428138520603,0.126525547727942,0.159768618891637,-0.897821773964112,-0.796508533599697
YMR259C,0.246236398816109,-0.608938694000244,0.0090407480163488,0.0159314865727662,0.229200787221392,0.264481486876806,-0.639783896741099,-0.577604727059501
YMR261C,0.858534455299377,-0.066547229886055,0.0321629648074586,0.0162519902104648,0.797093627850215,0.924684875210126,-0.0984906786291152,-0.0340062459379516
YMR262W,0.123967185616493,-0.90903240442276,0.0129354499976412,0.0450396703743587,0.100908559871217,0.151907414197922,-0.996072001961653,-0.818421028858311
YMR265C,0.069328747689724,-1.16057419776917,0.00575310763965075,0.0359560826449442,0.0587529077505072,0.0813225403428078,-1.2309706360167,-1.08978906390992
YMR266W,0.510181903839111,-0.292592465877533,0.0195286592613011,0.0166083499062458,0.473914951086044,0.549367606639862,-0.324299589946425,-0.260136952254948
YMR267W,0.332103967666626,-0.480516076087952,0.0302276669097386,0.0394435491484128,0.276962476968765,0.396146006882191,-0.557579081606631,-0.402144717916093
YMR271C,0.0248265359550714,-1.63301968574524,0.00888981784764737,0.158400242062601,0.0109315393492579,0.0456506796181202,-1.96131867759139,-1.34055275258308
YMR275C,0.159948125481606,-0.796425700187683,0.00691290009024546,0.018751757385429,0.146728426218033,0.174051200101773,-0.833485740596379,-0.759322978193455
YMR276W,2.86749029159546,0.456388145685196,0.205563488574854,0.0311038166971771,2.49001490473747,3.28632564942042,0.396201923125287,0.516710595441202
YMR277W,0.255171865224838,-0.593624174594879,0.0117194844800535,0.0199005235760593,0.233685165767868,0.279463329911232,-0.631368858189271,-0.553675205000253
YMR278W,0.392979234457016,-0.406228601932526,0.0206538736635953,0.0228023062386029,0.354901753862699,0.435510670393705,-0.449891855087674,-0.36100120625617
YMR279C,0.00439513148739934,-2.36886978149414,0.00102105539404227,0.102335309634258,0.00261234395050754,0.00661784410476685,-2.58296965427087,-2.17928346764413
YMR281W,0.248192682862282,-0.607296466827393,0.0244426333620228,0.0425055035453226,0.204510156686107,0.300961454709371,-0.689285118782145,-0.521489160042655
YMR282C,0.0815344005823135,-1.08959937095642,0.00536560426947752,0.028572925916786,0.0715115365882715,0.0924183079351982,-1.14562389038851,-1.03424199153674
YMR284W,0.0892161279916763,-1.05042314529419,0.00563700552626069,0.027397831372286,0.0790658061082164,0.100735709567865,-1.10201129700673,-0.996816585035177
YMR285C,0.258070528507233,-0.5889812707901,0.0148996015113928,0.024990880409259,0.230790862813592,0.289440793295701,-0.636781389227108,-0.538440262307755
YMR289W,0.213071823120117,-0.672621607780457,0.0155105998934215,0.0315723759684359,0.184216854845484,0.245447307825089,-0.734670636964,-0.610041727072445
YMR290C,1.82021272182465,0.259580671787262,0.0911549228722651,0.0217012055624397,1.65278649330139,2.00875717997551,0.218216741488774,0.302927440726926
YMR291W,0.485738724470139,-0.314155995845795,0.0246504816391835,0.0220110623825392,0.438116471469402,0.536569426953793,-0.358410450212066,-0.27037407896552
YMR293C,0.0465935729444027,-1.33398485183716,0.00480880909792158,0.0448916737994593,0.0378444229252636,0.0561334188717107,-1.42199811390067,-1.25077850593155
YMR296C,0.807470679283142,-0.0934244245290756,0.040707519460144,0.0218725147708863,0.732054119805495,0.889557351668676,-0.135456817230268,-0.0508260525754472
YMR300C,1.35389184951782,0.131040573120117,0.0677025781838727,0.0217401642060992,1.22581521173318,1.49091057181358,0.0884250060975136,0.173451594209544
YMR301C,0.199088990688324,-0.701482117176056,0.00984854068817037,0.0214501624635722,0.180792663991451,0.21930567920208,-0.742819195833817,-0.658950121563751
YMR302C,0.196439504623413,-0.707156956195831,0.00828534331575905,0.0183031655374679,0.1809658964475,0.212922739858429,-0.742403261490734,-0.67177795431384
YMR304W,0.315372228622437,-0.501443445682526,0.0110448777184628,0.0151936992920349,0.294916806121667,0.33781029805541,-0.530300478066636,-0.471327122045129
YMR307W,10.2818326950073,1.01154386997223,0.506942767165151,0.0213678359636329,9.35093633333842,11.3247236967087,0.97085509988586,1.05402761374215
YMR309C,2.56303286552429,0.408399105072021,0.103869777028835,0.0175675080277579,2.36828171014786,2.77177392244339,0.374433360372891,0.44275780109968
YMR310C,0.293520420789719,-0.533844888210297,0.0242793611055055,0.0359008810464235,0.248796311890086,0.343045779814323,-0.604156062415797,-0.464647919304845
YMR312W,0.374966114759445,-0.428305476903915,0.0387559785384003,0.0446252071133049,0.307184730718533,0.458331197500229,-0.512600376524816,-0.338820580370165
YMR313C,0.144996494054794,-0.839288771152496,0.00791320997547812,0.0236653020871932,0.130466904863715,0.161319933583339,-0.884499640914598,-0.792311998497452
YMR314W,2.01049709320068,0.299476087093353,0.269194171046985,0.0575601084897861,1.53346598843733,2.60383442441622,0.185674137183395,0.415613363486378
YMR315W,2.25291514396667,0.35181400179863,0.148136712548791,0.0284071681793698,1.97717809677124,2.56252570350965,0.296045761966812,0.408668229814884
YMR316W,0.0640641152858734,-1.19568765163422,0.00660297375628146,0.0447365342605728,0.0520505930917958,0.0780591993903121,-1.28357436301911,-1.10757591609348
YMR318C,2.95914363861084,0.470330804586411,0.184210249467692,0.0269106914879154,2.62403312325478,3.34467799862226,0.418969311246708,0.524354312651677
YMR319C,0.280067592859268,-0.553350687026978,0.0148998906013471,0.0230644420272777,0.251385043064753,0.30964087843895,-0.599660575494506,-0.509141709252242
YNL330C,0.368444591760635,-0.434468120336533,0.0230004051744721,0.0270210988941277,0.326347101231416,0.417323735604684,-0.486320244610638,-0.379526914764428
YNL329C,0.0688503384590149,-1.16262149810791,0.00340216919959897,0.0214533127489039,0.0624105998935799,0.0757665555303295,-1.20474164575389,-1.12052245610681
YNL327W,2.19992256164551,0.342190355062485,0.0696815887967632,0.0137460571513105,2.07188047568003,2.34225013653437,0.316364696688582,0.36963327102123
YNL326C,0.136398032307625,-0.867153704166412,0.0130029310026967,0.0412847045716183,0.112933880773683,0.164579298347235,-0.947175748180168,-0.783624881150031
YNL323W,0.634228587150574,-0.198547914624214,0.038406772179503,0.0262528973513827,0.563972526292006,0.713204175233841,-0.248742052567952,-0.146786123057217
YNL322C,1.91356074810028,0.280595570802689,0.145855354167847,0.032833540576529,1.6602066586415,2.21372050046921,0.220162150989562,0.34512277844231
YNL321W,0.183996543288231,-0.735589325428009,0.00789747507582406,0.018616044713971,0.169407175232967,0.199872771029671,-0.771068199104247,-0.699246367113899
YNL320W,0.411009669303894,-0.388222724199295,0.0402904980729938,0.0424339283391211,0.337997431804736,0.495871214568615,-0.471086599608362,-0.304631102367411
YNL318C,0.00149708695244044,-2.8531928062439,0.00053908887079635,0.160009433162787,0.000656409204142013,0.00272828258457594,-3.18282533803405,-2.56411065280808
YNL316C,0.214461162686348,-0.670202851295471,0.0181731865447807,0.0367006819866267,0.181263926873604,0.253412881245216,-0.741688616951939,-0.596171319343415
YNL315C,0.496300548315048,-0.30569925904274,0.0406006887598622,0.0354147635254186,0.422570420304934,0.581682729224364,-0.374100907076983,-0.235313832027141
YNL314W,0.0875114724040031,-1.06359934806824,0.0142278716969925,0.0701259217095447,0.063349724188447,0.119231297386189,-1.19825527185258,-0.923609731740002
YNL313C,0.444836467504501,-0.352110266685486,0.0168502894668121,0.0164342772123175,0.412925007690986,0.479407152036826,-0.384128814574658,-0.319295491688877
YNL311C,0.0805558264255524,-1.09456896781921,0.00447667442306897,0.0240589384963049,0.072318470540146,0.0899724484110872,-1.14075076880158,-1.04589048136542
YNL309W,0.164201304316521,-0.785591840744019,0.0109855048877845,0.0289979917824793,0.144795370350281,0.186177802582582,-0.839245334966881,-0.73007210166069
YNL308C,1.07569718360901,0.0312591902911663,0.0479957078420059,0.019337557203435,0.98551585227251,1.17817866802216,-0.00633638572947235,0.071211155181391
YNL307C,1.05078744888306,0.0206219647079706,0.0675291083464953,0.0278419113190278,0.927052930990855,1.19639272491137,-0.0328954690283072,0.077873762776286
YNL304W,0.110238768160343,-0.959035933017731,0.00875702123646926,0.0345037611097058,0.0942524448037148,0.127962514137228,-1.02570737585965,-0.892917239429348
YNL299W,0.116570957005024,-0.934138655662537,0.00676201629113151,0.0251330367491266,0.103864885866642,0.130621606235703,-0.98353125178705,-0.883984982159279
YNL298W,0.184017494320869,-0.735571026802063,0.00819436264161596,0.0193249385791049,0.168515067050854,0.201106548930208,-0.773361262543994,-0.696573787501947
YNL297C,0.212283328175545,-0.673299670219421,0.00668217809852052,0.0136697524841416,0.199533755704761,0.225262388586998,-0.69998362307827,-0.647311315123501
YNL295W,0.0885812640190125,-1.05351090431213,0.00554891711104194,0.0271716609858524,0.0782624184464415,0.0999270653352142,-1.10644673576706,-1.00031687195113
YNL293W,0.103321485221386,-0.986542463302612,0.00602156095621556,0.0252331091187572,0.0920077158759038,0.116378855456909,-1.03617576668558,-0.934125918288449
YNL292W,0.5483558177948,-0.261825889348984,0.0351553559189594,0.0277789995167777,0.482251962771018,0.620294446746508,-0.316726009392339,-0.207402112506356
YNL291C,0.187164068222046,-0.728459298610687,0.0104982683108507,0.0243027174577943,0.167495051026344,0.208898690342903,-0.775998021716405,-0.680064282936827
YNL290W,0.585401237010956,-0.233657568693161,0.0419666509272907,0.0310530219366165,0.507481349011262,0.673515502611796,-0.294579918435351,-0.17165240620414
YNL289W,0.57370400428772,-0.243172734975815,0.0533926855155204,0.0401412471133342,0.478861757864555,0.688599129021168,-0.319789845326869,-0.162033531551572
YNL288W,0.407226324081421,-0.391085654497147,0.0265636640619712,0.0282985576979652,0.359143167734146,0.461040960997343,-0.444732391081115,-0.336260490389526
YNL287W,1.61314308643341,0.207413762807846,0.055890197019882,0.0150346027339836,1.50640412171682,1.72602389951547,0.177941495170911,0.237046804211216
YNL286W,0.162823349237442,-0.79126650094986,0.0191188806128779,0.0509151198069712,0.129040255645911,0.201987131436666,-0.889274789612196,-0.694676300472671
YNL283C,0.204111039638519,-0.690907716751099,0.0122103632909311,0.0259306195282811,0.181971348325411,0.229411598543326,-0.739996987157863,-0.639384628972537
YNL280C,0.816798090934753,-0.0886489897966385,0.0485676373723273,0.0257656830242069,0.728792927165826,0.915778406957785,-0.137395851320029,-0.0382096116672012
YNL278W,0.131764844059944,-0.880630195140839,0.00585815794543824,0.0192646215416127,0.120914477668703,0.144205088416735,-0.917521696110211,-0.841019414864077
YNL275W,0.0693536400794983,-1.16005957126617,0.00500123833338261,0.0313101353804189,0.0599066600824396,0.0797026341160138,-1.22252489554392,-1.0985273258378
YNL274C,0.275948345661163,-0.560675978660583,0.0229869732346881,0.0361318217605649,0.233389243483543,0.323326762765646,-0.63191916372934,-0.490358346214561
YNL273W,0.102043405175209,-0.991600751876831,0.00430285951605396,0.0182968660744695,0.0939491514116526,0.111030337711175,-1.02710713981513,-0.954558389253969
YNL272C,0.184698849916458,-0.734011888504028,0.00865195036923859,0.0203265512906986,0.168225452303886,0.202384530256192,-0.774108295346224,-0.693822700359321
YNL271C,0.166064977645874,-0.779949903488159,0.00539348399684537,0.0140814396809024,0.156056597828865,0.177013432607055,-0.806717865319088,-0.75199377746909
YNL267W,0.203230619430542,-0.692373752593994,0.00830615707534342,0.017737105952011,0.187770457689961,0.219583675265312,-0.726372735529034,-0.658399950222524
YNL265C,0.614606738090515,-0.213124543428421,0.0549123581845547,0.0386492099836094,0.51604597667853,0.727946212887764,-0.287311613450418,-0.137900712499621
YNL264C,0.355659663677216,-0.450247406959534,0.0273690266520047,0.0333445147173709,0.306281580775976,0.412419343491395,-0.513879123767566,-0.384660992208166
YNL261W,0.147660151124001,-0.831733882427216,0.0100266594620321,0.0294320672793673,0.12921821338435,0.167780190706253,-0.888676268865755,-0.775259316301202
YNL258C,0.222406134009361,-0.653261721134186,0.00966491815153259,0.0188540361716971,0.204123646020889,0.242066369702419,-0.690106682978394,-0.616065543228486
YNL256W,0.250734478235245,-0.601157426834106,0.0103914496109841,0.0180123331866492,0.230385122448206,0.271801024675369,-0.637545569862873,-0.5657489103334
YNL254C,0.0676302909851074,-1.17200434207916,0.00672706098726031,0.0431660813511085,0.0553873317626615,0.0821411040301125,-1.25658955614311,-1.08543950250423
YNL253W,0.220716699957848,-0.65730881690979,0.0160432852184875,0.0315262885470686,0.190830305218697,0.254390865564346,-0.719352655081944,-0.594498490122359
YNL252C,0.364014983177185,-0.441468805074692,0.0399519216317463,0.0473807342070364,0.29322843849659,0.449446542064349,-0.532793912349269,-0.347321957300494
YNL251C,0.79340660572052,-0.101059325039387,0.0401926670510698,0.0219448450035056,0.718469817439715,0.877033489942551,-0.143591482786199,-0.0569838227677888
YNL250W,0.0756968259811401,-1.12131345272064,0.0032051806270413,0.0184025100168799,0.0694666178897023,0.0820307279626528,-1.15822384595141,-1.0860234371271
YNL249C,0.0502001903951168,-1.3005747795105,0.00385429029427371,0.0333584106415361,0.0430959338632723,0.0580736473202705,-1.36556370403085,-1.2360208972089
YNL248C,1.51644361019135,0.18007718026638,0.0892392116171683,0.0255118511370575,1.35195275048415,1.70261916120847,0.130961513538458,0.231117515664688
YNL247W,1.78492498397827,0.251241594552994,0.0746274131170286,0.0181313086729052,1.64428376654784,1.9345544586579,0.215976765552273,0.286580959528859
YNL246W,0.459562987089157,-0.340277582406998,0.0508446481070888,0.0476483242682797,0.371412920703491,0.568975879748662,-0.430142999086552,-0.244906144318223
YNL242W,0.0767475217580795,-1.11530160903931,0.00314945279372966,0.0177953350056655,0.0708340844139457,0.0832103374724587,-1.14975771607891,-1.0798227166578
YNL241C,2.14964151382446,0.331824034452438,0.107650474585819,0.0216968578999452,1.95124793052673,2.37443255384763,0.290312455462506,0.375559833199034
YNL240C,0.164255186915398,-0.785296082496643,0.0100866593862093,0.0266060145786568,0.145690118645628,0.184892328580221,-0.836569904401335,-0.733081108866878
YNL239W,1.0240957736969,0.00977323111146688,0.052411988067913,0.0222154711233448,0.924470522006353,1.13321256637573,-0.0341069323770335,0.0543113818362026
YNL237W,0.0574353076517582,-1.24238002300262,0.00486774074260887,0.0368505410729531,0.0483756995759904,0.0672928792734941,-1.31537278918097,-1.17203088927017
YNL236W,0.170448467135429,-0.768789350986481,0.00716773647733027,0.0182607976278256,0.156695880244176,0.184724032506347,-0.804942443871618,-0.733476599940515
YNL234W,0.0435799732804298,-1.36305403709412,0.00452533144858411,0.045167448691238,0.0352550128474832,0.0530342426151037,-1.45277913259128,-1.27544364312284
YNL233W,0.221869796514511,-0.654253721237183,0.00896282910219675,0.0175169627420951,0.205166699613134,0.240537293379505,-0.687893139683726,-0.618817580329454
YNL232W,0.719250857830048,-0.145201578736305,0.0707197350280859,0.0424892961713684,0.591577083369096,0.871208853026231,-0.227988661541491,-0.0598777211619969
YNL231C,1.5392941236496,0.186207547783852,0.110538796443081,0.0311089139712117,1.33243217766285,1.76956778268019,0.124645099616045,0.247867196267543
YNL229C,0.685585081577301,-0.165068417787552,0.0496398498017152,0.0312789228079322,0.595209322373072,0.793597513933977,-0.225330275688299,-0.100399726588988
YNL227C,0.16985297203064,-0.770634472370148,0.00971998749099308,0.0247440060993458,0.152328399817149,0.18960815705359,-0.817219120824671,-0.722142998104428
YNL225C,0.106331124901772,-0.974116325378418,0.00636358108968121,0.0259625213183257,0.0941207334399223,0.119276568293571,-1.02631469722413,-0.923444864462883
YNL224C,0.265145272016525,-0.576958179473877,0.0119725803622537,0.0195549857930393,0.243708604450027,0.289826720952988,-0.613129137284375,-0.537861576672093
YNL223W,0.057544581592083,-1.24143588542938,0.00468939553338988,0.0354295561119301,0.0486818245301644,0.0671475341543555,-1.31263317098796,-1.17296993418482
YNL221C,0.196279689669609,-0.707518041133881,0.00836787213368199,0.0184981557820509,0.180615262811383,0.21297179783384,-0.743245554612683,-0.671677903143546
YNL220W,2.92110514640808,0.46482652425766,0.168561051912704,0.0249659028677692,2.61234889626503,3.27949175039927,0.417031179170175,0.515806542752086
YNL219C,0.406057447195053,-0.391969949007034,0.0206234995429852,0.0220289509236066,0.366427452117205,0.448669695854187,-0.436012006203204,-0.348073262703372
YNL217W,0.551827967166901,-0.25957116484642,0.0440561671263072,0.0345494399934434,0.471348519374927,0.64803249835968,-0.32665787241509,-0.188403217400685
YNL216W,0.851812958717346,-0.0699926912784576,0.0336092157166146,0.0171219337135705,0.790422901014487,0.919013100365798,-0.102140487039422,-0.0366782982093524
YNL215W,0.583101570606232,-0.235544919967651,0.0450626040014702,0.0334284113208899,0.502188658714294,0.679296356936296,-0.299133107042283,-0.167940720405233
YNL212W,0.510868966579437,-0.292054086923599,0.0208994100357757,0.0177639356172055,0.471003274371227,0.553675017257532,-0.326976073688378,-0.256745079627265
YNL207W,0.664059937000275,-0.178624138236046,0.0411222836521683,0.0268761501007255,0.58568714261055,0.746589776873589,-0.232334309885285,-0.126917961210512
YNL206C,0.234408587217331,-0.630858719348907,0.0145214482201483,0.0268679481468278,0.207239320253332,0.264851272106171,-0.683527869471421,-0.576997936765146
YNL204C,0.00141340424306691,-2.94016695022583,0.000907022678885224,0.294739888106748,0.000260752147247937,0.00366781973668064,-3.58378754587798,-2.43559202498272
YNL202W,0.0536687262356281,-1.27447485923767,0.00748751734379281,0.0604176295480512,0.0404229993000627,0.0699708851675193,-1.3933714683532,-1.15508263757802
YNL201C,0.256023228168488,-0.592099845409393,0.0106860990649843,0.0181409315204825,0.235569164156914,0.277182423820098,-0.627881559016303,-0.557234312034408
YNL197C,0.413560658693314,-0.383891433477402,0.0184464489595514,0.0193608758056877,0.378764737645785,0.450513615459204,-0.421630460489497,-0.346292080259631
YNL196C,0.00145890843123198,-2.922114610672,0.000915384498767459,0.286415936482605,0.000296025176066905,0.00374980106328925,-3.52867434077685,-2.42599185025536
YNL194C,0.00266570039093494,-2.62715673446655,0.00131652636685655,0.220036978269025,0.000793953757965937,0.0058948003842185,-3.10020511282659,-2.2295310347607
YNL193W,0.15857096016407,-0.800551056861877,0.00947693073596737,0.0259131012228803,0.141043916344643,0.178098693490028,-0.850645641553504,-0.749339266455636
YNL192W,0.442853957414627,-0.353984534740448,0.0148637156769216,0.0145832374045752,0.414425260325273,0.471780682106813,-0.382553781103552,-0.326259846480591
YNL191W,0.205106154084206,-0.689385294914246,0.0163323856671478,0.0343717035018823,0.174694259340564,0.241467550396919,-0.757721401423546,-0.617141223630638
YNL189W,2.68463468551636,0.42832025885582,0.137027432878977,0.0221263109147291,2.42567271391551,2.96721144517263,0.384832202867422,0.472348493520004
YNL186W,0.335161209106445,-0.475127339363098,0.0140541689420843,0.0181965529988713,0.308050606399775,0.363752424716949,-0.511377934624074,-0.439194103057083
YNL183C,0.19203881919384,-0.717001497745514,0.00815815441748573,0.018442581496104,0.176595504457752,0.20842356979847,-0.753020356533056,-0.681053169947343
YNL182C,0.475250631570816,-0.323627531528473,0.0239243884070441,0.0218624177524609,0.429954059173663,0.524798868596554,-0.36657794775242,-0.280007114319708
YNL181W,0.534261524677277,-0.273135960102081,0.034212142998341,0.0278124751016554,0.46893637701869,0.603286489347617,-0.328886076236398,-0.219476409334537
YNL180C,0.392526596784592,-0.407552182674408,0.0319186149254446,0.0350921015809812,0.335546070337296,0.4610328497986,-0.474247843720117,-0.33626815784855
YNL178W,40.5648918151855,1.60505855083466,4.87939919760015,0.0517396017642654,31.8857749621073,51.140883286794,1.50359697667822,1.70876822463571
YNL177C,0.610024929046631,-0.216303080320358,0.0535414775128091,0.0377913831407764,0.512914776305358,0.723829340438048,-0.289954797181525,-0.140363817558448
YNL176C,0.113402806222439,-0.946069836616516,0.00642034147252888,0.0245634444141037,0.101421065752705,0.126711327706774,-0.993871830234085,-0.897184561053259
YNL175C,1.70226585865021,0.23035903275013,0.0944439762960352,0.0240947887389858,1.52580506503582,1.89404121041298,0.183499050756863,0.27738940066075
YNL173C,0.523202657699585,-0.2823885679245,0.0366044085957377,0.0303157839013246,0.45717316493392,0.601927101612091,-0.339919269737015,-0.220456102238251
YNL169C,0.246953755617142,-0.608105003833771,0.0142517697375879,0.0250358915757423,0.220218945667148,0.27570513933897,-0.657145322270403,-0.559555139194344
YNL167C,0.13825649023056,-0.859934091567993,0.0074162836251197,0.0232334530771096,0.124614993793269,0.153568878769875,-0.904429700456656,-0.81369678656967
YNL166C,0.609751343727112,-0.215576857328415,0.0353371927525251,0.0251607287441287,0.543736766278744,0.681453850865364,-0.264611304127865,-0.166563550337344
YNL165W,0.0922951325774193,-1.03652250766754,0.00817814378408842,0.0384601826827147,0.0769457742571831,0.109393337120612,-1.1138152259583,-0.961009129063549
YNL164C,0.211452513933182,-0.676207065582275,0.0171558968408534,0.0350881088360468,0.17992803491652,0.247776944438617,-0.744901171682773,-0.605939129071545
YNL163C,0.370939433574677,-0.430959433317184,0.0128974750950824,0.0150996772087729,0.347009403755267,0.396778258681297,-0.459658756006531,-0.401452170136942
YNL161W,0.349685192108154,-0.456768006086349,0.0158384861508372,0.0196477211208741,0.319665540506442,0.382396331926187,-0.495304179585638,-0.417486288002541
YNL156C,0.271608948707581,-0.568059206008911,0.0261756621118831,0.0416905358362242,0.224245389923453,0.326364570856094,-0.649276484065885,-0.486297018752169
YNL155W,0.714151561260223,-0.148308038711548,0.0705155150467387,0.0426491452376925,0.58938506791989,0.860528180996577,-0.229600887954483,-0.065234902674605
YNL154C,1.17694425582886,0.070246696472168,0.0570469435400435,0.0210232212893852,1.07020291586717,1.29414810041587,0.0294661299140157,0.111983977146548
YNL152W,0.184394121170044,-0.735416769981384,0.0135278626147126,0.0318087144754764,0.159495549276471,0.212307577456037,-0.797251432483379,-0.673034507345209
YNL151C,0.573627173900604,-0.244750201702118,0.0719248203797015,0.0541379406051602,0.448368029544751,0.728431046009064,-0.348365362922106,-0.137611552686165
YNL148C,0.0899349749088287,-1.05183637142181,0.0147154991578247,0.0708134771342337,0.0643138421699405,0.121952614064018,-1.19169556174668,-0.913808886953188
YNL141W,0.982313394546509,-0.00883132964372635,0.0695218461621121,0.030662964691872,0.855268689990044,1.12704706192017,-0.0678974274373676,0.0519420511885214
YNL138W,2.32019925117493,0.365007340908051,0.113268621332712,0.0211800360720419,2.10253381729126,2.55531538923581,0.322742989746942,0.407444506618898
YNL137C,0.388512074947357,-0.411285072565079,0.0219367986396554,0.0244688896620383,0.348025694489479,0.433380633840958,-0.458388691373064,-0.363130501439806
YNL136W,0.103981271386147,-0.984384059906006,0.00817411119017638,0.0341282491545388,0.0883103999619683,0.120897468489905,-1.05398814878107,-0.917582797317791
YNL134C,1.2716726064682,0.103415407240391,0.0847117590162096,0.0288721833500229,1.11303636233012,1.45249794026216,0.0465093527364535,0.162115525203452
YNL132W,1.01616716384888,0.00670244544744492,0.035400152205618,0.0150976518077955,0.951851665973663,1.08859568635623,-0.0214307256369825,0.0368666087368395
YNL130C,0.800279319286346,-0.0978122279047966,0.0557494261866064,0.0302609362093586,0.694544723133246,0.914404505491257,-0.158299784615808,-0.0388616550143309
YNL129W,0.361194431781769,-0.4477718770504,0.0581212142639531,0.0690689756898124,0.261891096830368,0.495234317580859,-0.581879265466199,-0.305189272393836
YNL127W,0.0982102751731873,-1.00839793682098,0.00495980991362491,0.0219402683824493,0.088702172289292,0.108187101781368,-1.05206574801409,-0.965824513342959
YNL126W,0.0926587805151939,-1.03367412090302,0.00469955298555251,0.0220314134334275,0.0838176714256406,0.102041222155094,-1.0766644112051,-0.991224348454693
YNL124W,0.222776174545288,-0.652881026268005,0.0131086702929267,0.0255348403772387,0.197857589274645,0.249989871680737,-0.703647287312118,-0.602077590722753
YNL123W,0.709561705589294,-0.14927776157856,0.0249944880116276,0.0152781668643432,0.66320202400287,0.760778369009495,-0.17835415815195,-0.118741854001601
YNL119W,0.168529897928238,-0.774330854415894,0.0115110485814956,0.0296187992497614,0.147331765045722,0.192537437006831,-0.831703608783371,-0.715484814112588
YNL118C,0.569966912269592,-0.24449123442173,0.0225582115545553,0.0171860617407037,0.527289402981599,0.615400011837482,-0.277950960835841,-0.210842499797109
YNL117W,0.00287891365587711,-2.55683159828186,0.000781648102998037,0.119188963354996,0.00158740979774545,0.00458966757869348,-2.79931095358444,-2.33821889453662
YNL115C,0.248433500528336,-0.605298459529877,0.0120459738082677,0.0210263248086351,0.22566157070299,0.272548090914885,-0.646542396062836,-0.564556861486345
YNL108C,0.960934400558472,-0.0191285833716393,0.0884108248656571,0.0397371665784568,0.80239587277174,1.15032602846623,-0.0956113175318867,0.0608209118936328
YNL107W,0.352793395519257,-0.458517223596573,0.0593972643562407,0.0723037393683988,0.251817524433136,0.484019111345212,-0.598914049844598,-0.315137493946859
YNL106C,0.0834919586777687,-1.07873487472534,0.00349747869491217,0.0182003680022093,0.0768580871323745,0.0904876433312893,-1.11431042860032,-1.04341072499051
YNL103W,0.236175343394279,-0.627247333526611,0.0111322121500133,0.020483931192374,0.214489895974596,0.259111216167609,-0.668593162343002,-0.586513787721619
YNL102W,0.357402771711349,-0.44709300994873,0.0121649427817032,0.0147575906159872,0.334778928011656,0.38157687758406,-0.475241886146422,-0.418417950220254
YNL100W,0.415905177593231,-0.385854214429855,0.0628627998389559,0.0647260529872752,0.30943302338322,0.557475729286671,-0.50943334244633,-0.253774037793116
YNL099C,0.467168658971786,-0.334482073783875,0.0636085275578581,0.0585268134999679,0.357509811967611,0.603826716542244,-0.446712046902274,-0.219087681429695
YNL098C,2.12382960319519,0.326002717018127,0.152863417013897,0.0311562129162039,1.84114528894424,2.44136359890302,0.265088057384931,0.387632464750041
YNL097C,0.144459590315819,-0.842027246952057,0.0131089722362413,0.0392052070251818,0.120263459719717,0.171901942417026,-0.919866315779764,-0.764719305185597
YNL095C,0.0973925739526749,-1.01211547851562,0.00530144370135195,0.0236425187241329,0.0873781689132253,0.108224401126305,-1.05859706059158,-0.965674810889095
YNL094W,0.0764981806278229,-1.11739909648895,0.0053356843069886,0.0302182114921383,0.0668579425662756,0.0877407561366757,-1.17484700556066,-1.05679862725925
YNL091W,0.249770194292068,-0.602731049060822,0.00883634872250627,0.0153343935949118,0.233279752358794,0.267668545246124,-0.632122955804042,-0.572402661419203
YNL088W,0.526304960250854,-0.278951674699783,0.015531014175071,0.0128057608820771,0.497581590960423,0.557674467563629,-0.303135695748047,-0.253619238689469
YNL087W,0.564887940883636,-0.248285740613937,0.0190830450901436,0.0146744898747844,0.529143261412779,0.602690910299619,-0.276426732616878,-0.219905358796753
YNL085W,1.0274304151535,0.0114519540220499,0.0382121741975677,0.0161493540618164,0.9544517993927,1.1034631729126,-0.0202459989479878,0.0427578435531974
YNL084C,1.29243624210358,0.110483899712563,0.0844301381353709,0.0283428690134925,1.13506106734276,1.46142578125,0.0550192272925724,0.164776764536398
YNL083W,0.0621980279684067,-1.20744431018829,0.00465496004946112,0.0325169932460431,0.0534744711282353,0.0719297391052047,-1.27185350359123,-1.14309151500933
YNL082W,0.140663385391235,-0.852236032485962,0.00617909191815385,0.0190667323552254,0.129167185351253,0.153419807553291,-0.888847805066184,-0.814118566359908
YNL078W,0.272338777780533,-0.565796732902527,0.0176239451288118,0.0280376148842655,0.239123566076159,0.309179337322712,-0.62137762673859,-0.509789553656574
YNL077W,0.120364211499691,-0.920373857021332,0.00762291728677296,0.0274909974309066,0.1059550344944,0.136397454763452,-0.974878402792817,-0.86519373374014
YNL075W,0.814153432846069,-0.0908027440309525,0.0680166029466552,0.0361951486826507,0.691421830654144,0.95611898402373,-0.160256912916128,-0.0194881039018864
YNL074C,0.489376157522202,-0.310999661684036,0.0266702397983002,0.0236230794710058,0.440327888975541,0.543047714233398,-0.356223812125962,-0.265162009985254
YNL073W,0.100887790322304,-0.997037768363953,0.00641485326724101,0.0275909339863423,0.0889498664066195,0.114047214450936,-1.05085470024186,-0.942915322656861
YNL068C,0.190488636493683,-0.720527172088623,0.00813545077193155,0.0185355641611092,0.174800832693775,0.206906703238686,-0.757456505480443,-0.684225439525555
YNL065W,0.0865334495902061,-1.0636887550354,0.00547882699251609,0.0274893659756031,0.076147124171257,0.0977547235166033,-1.11834649390559,-1.00986224901678
YNL064C,8.90390205383301,0.948796212673187,0.536529672070563,0.0260701323193053,7.93722222646077,10.008450349172,0.899668539858894,1.00036683171682
YNL062C,0.717234373092651,-0.144996330142021,0.0394848536035744,0.0239015135015387,0.641724227865537,0.796811075011889,-0.192651563904552,-0.0986446383431131
YNL058C,0.407134115695953,-0.391942113637924,0.0359333580807425,0.0381635462043691,0.344479545205832,0.484783827513457,-0.462836561185397,-0.314451899757366
YNL055C,11.8157691955566,1.07087075710297,1.01617352271795,0.0371686938160481,9.96075135866801,13.985927995046,0.998292098324237,1.1456912872355
YNL053W,0.105698071420193,-0.976861357688904,0.00691796374576588,0.0283937775659711,0.0927300550664465,0.119857277410726,-1.03277948715474,-0.921335610459228
YNL051W,0.15800715982914,-0.802345335483551,0.0108573960885997,0.029805889495995,0.137990143895149,0.180244224642714,-0.860151933817965,-0.744138653294063
YNL050C,0.492307513952255,-0.310031890869141,0.0506231915517385,0.0443089014123544,0.40283755188187,0.604666854937871,-0.394870082408173,-0.218483859951367
YNL049C,0.240780413150787,-0.618750810623169,0.00995444136803685,0.0179549310830784,0.221295359234015,0.260987797131141,-0.655027693638066,-0.583379798858278
YNL048W,0.271137148141861,-0.567418217658997,0.0143384265866389,0.0229437103661113,0.244623291368286,0.300545857101679,-0.611502194762198,-0.522089269810272
YNL042W,0.0456095151603222,-1.34319531917572,0.00464892019962005,0.0442676063838778,0.0368693880426387,0.0557946064819892,-1.43333412590748,-1.25340779608397
YNL041C,0.224616155028343,-0.64892715215683,0.00924283238834537,0.0178752830746488,0.207117575282852,0.24312597475946,-0.68378304682408,-0.614168649016062
YNL040W,0.276022642850876,-0.559847950935364,0.016696953027233,0.0262524672130031,0.244567886243264,0.310194572558006,-0.611600583004572,-0.508365805467708
YNL037C,1.96317672729492,0.291907876729965,0.136968187579916,0.0301977073690047,1.71208143134912,2.24528636733691,0.233524416620987,0.351271713932635
YNL035C,0.443694680929184,-0.353919237852097,0.0302026106640265,0.0295352289742936,0.387528814127048,0.504743342598279,-0.411696017098243,-0.296929404312231
YNL032W,0.25588658452034,-0.594444155693054,0.0274992485072398,0.0465159898725364,0.205396243184805,0.313815549512704,-0.687407505576287,-0.503325541285224
YNL029C,0.0532801523804665,-1.27488994598389,0.00436482471985652,0.0356083663607808,0.045287622573475,0.0623648821686705,-1.34402047811948,-1.20505989831418
YNL027W,0.283048152923584,-0.548685133457184,0.0142319177320305,0.0217886952624947,0.256924341122309,0.312554722776016,-0.590194750057246,-0.50507393452863
YNL026W,0.275586843490601,-0.560612380504608,0.0174889279987353,0.0274976799877637,0.243482850616177,0.311519788702329,-0.613531633388753,-0.506514363173438
YNL025C,0.0626302808523178,-1.20667052268982,0.00791785285540373,0.0547749169788772,0.048494095976154,0.0793315236146252,-1.31431118574146,-1.10055421950023
YNL024C,0.0385921150445938,-1.42773628234863,0.00991719093926535,0.111868629587201,0.0220000200904906,0.0611580222845079,-1.65757705297673,-1.21354765189105
YNL023C,0.1215760409832,-0.915654182434082,0.00585557428165718,0.0208936161536026,0.11056854861478,0.133514637872577,-0.956368391466195,-0.874471117992939
YNL022C,0.347310543060303,-0.459964215755463,0.0194861935428034,0.0243280851897304,0.311066604653994,0.387711331744989,-0.50714664331949,-0.411491507364746
YNL021W,0.299304276704788,-0.52434766292572,0.013777093277717,0.0199830679750357,0.273138720790545,0.327318219095469,-0.563616762076723,-0.485029820495945
YNL020C,0.0860613584518433,-1.0660480260849,0.00540455169713728,0.0273140518236055,0.0758823245142897,0.0969766397029161,-1.11985937387448,-1.01333286857507
YNL016W,5.14405250549316,0.710678100585938,0.277225831982092,0.0233557138396638,4.63347678979238,5.71275709867477,0.665906991533576,0.756845757931366
YNL010W,7.33632802963257,0.861840724945068,0.957959748441894,0.0561187768204189,5.71718917687734,9.39470828374227,0.757182562873904,0.972883296688098
YNL008C,0.139309510588646,-0.856694459915161,0.00777576211956899,0.0241772912572119,0.124790390394628,0.155655004704992,-0.903818866482537,-0.807836927065367
YNL006W,0.34266260266304,-0.467188000679016,0.0334146403166174,0.0422493399163428,0.280810705075661,0.41211524878939,-0.551586341384377,-0.384981355704319
YNL005C,0.506931126117706,-0.296365976333618,0.0396084144789012,0.0337800435614792,0.434777562320232,0.590599462886651,-0.361732878846944,-0.228706953037803
YNL004W,0.526044845581055,-0.279691904783249,0.0301924986734199,0.0248984142082819,0.470135569820801,0.588647127151489,-0.327776890286018,-0.230144971182177
YNL003C,0.145593166351318,-0.839739739894867,0.0168632868203893,0.0499582191522619,0.115336188487709,0.182623749723037,-0.938034404919359,-0.738442766790931
YNL002C,1.81464743614197,0.257414996623993,0.145048029504513,0.0345380120323668,1.55584976971149,2.12413439949354,0.191967659597432,0.327181984631176
YNL001W,0.495416760444641,-0.30615559220314,0.0357673127425903,0.0312642236466558,0.430666709939639,0.569487273693085,-0.365858697481581,-0.24451599365789
YNR001C,1.25913774967194,0.0993776768445969,0.0714451016224314,0.024582314088353,1.12658776243528,1.40473257899284,0.0517650253116045,0.14759364929737
YNR002C,0.00603099726140499,-2.25770545005798,0.00251792261918468,0.1861320803809,0.00221517655882053,0.0122582243134578,-2.65459172892086,-1.91157269684052
YNR003C,0.556688845157623,-0.255983144044876,0.0478387153662482,0.0372306401525268,0.471239343285561,0.657790160179138,-0.326758461258071,-0.181912633069212
YNR006W,0.317978113889694,-0.498112827539444,0.0154563130661541,0.0210507873992872,0.289189297705889,0.350422056764364,-0.538817786291853,-0.455408565905531
YNR007C,0.20640105009079,-0.687297165393829,0.0198960610932879,0.0417746227848735,0.170896203567584,0.248426948363582,-0.767267588975285,-0.604801298341091
YNR008W,0.3969686627388,-0.401735603809357,0.0189323052508364,0.0206658280144365,0.362304576734702,0.434525176386038,-0.440926180815824,-0.361985056333243
YNR009W,0.482660263776779,-0.31980836391449,0.0613407419674968,0.0546351484504101,0.375887343784173,0.618552221854528,-0.424942297194801,-0.2086237348558
YNR011C,0.135892078280449,-0.867275297641754,0.00632514883443645,0.0202120574583544,0.123825523878137,0.148712068796158,-0.907189827042061,-0.8276537846799
YNR012W,0.243324652314186,-0.614703953266144,0.0156083530543389,0.0277845014493378,0.214159345502655,0.275590455283721,-0.669262969492931,-0.559735833348649
YNR013C,0.448014169931412,-0.349087953567505,0.0187181430321311,0.0181357528436301,0.411324489365021,0.486217059691747,-0.385815433391064,-0.313169808088758
YNR019W,0.507017970085144,-0.295478373765945,0.0243962723765005,0.0208666827584609,0.460332871476809,0.558525636295478,-0.336928015771308,-0.252956888033479
YNR021W,1.99113535881042,0.298298567533493,0.121339909250826,0.0263791851722074,1.76615930895011,2.24759372671445,0.24702987470346,0.351717798399901
YNR023W,0.143692180514336,-0.843342959880829,0.00859445960463878,0.0260276992911831,0.127193729703625,0.16129913131396,-0.895534297667468,-0.792367989595775
YNR026C,0.464578360319138,-0.333571344614029,0.0250626643859497,0.0234208084811414,0.418802291154861,0.515607322752476,-0.37799095107822,-0.287680925339413
YNR027W,0.166462853550911,-0.780395209789276,0.0148049452595365,0.0385802556999754,0.139845937366287,0.196996171151598,-0.854350148788979,-0.705542216977084
YNR028W,0.46046108007431,-0.338212907314301,0.0372056167939426,0.034902886526288,0.393577562024196,0.542481209337711,-0.40496967177996,-0.26561530064753
YNR029C,0.260296523571014,-0.585391640663147,0.0163565295602331,0.027321248503172,0.229115982105335,0.293793658167124,-0.639944615788458,-0.531957585653855
YNR030W,0.484992146492004,-0.314882546663284,0.0258655434872786,0.0231418351019433,0.437191621462504,0.537223858634631,-0.359328169660444,-0.269844725371306
YNR031C,0.10647577047348,-0.973079025745392,0.00415025366353801,0.0168971523418113,0.0986864481121302,0.114916839202245,-1.00574248185671,-0.939616330901971
YNR032W,0.16550250351429,-0.782528340816498,0.012977860239013,0.0340151522065389,0.141635928178827,0.192388847470284,-0.848826582750083,-0.715820107051312
YNR033W,0.282001942396164,-0.550132095813751,0.0118672025386465,0.0182564835324368,0.259352273742358,0.306483950962623,-0.58610996300639,-0.513592262402005
YNR034W,0.328789055347443,-0.48449295759201,0.0265928333215676,0.0349872504076389,0.280121513456106,0.383701595664024,-0.552653540578275,-0.416006396097552
YNR035C,1.87716150283813,0.272553652524948,0.124488316000859,0.0286696292965049,1.64490838845571,2.13927304347356,0.216141708422246,0.330266212293392
YNR038W,0.358663380146027,-0.445749461650848,0.0160840439332115,0.0194734149204447,0.328338652849197,0.390568658957879,-0.483677988026097,-0.408302609727675
YNR039C,0.12454392015934,-0.905386924743652,0.00711154752303891,0.0248152915279257,0.111171806665758,0.139031567300359,-0.954005351831785,-0.856886581687018
YNR040W,0.158637285232544,-0.803803861141205,0.022144079412449,0.0605474075939996,0.119304932653904,0.207581311712662,-0.923341600084176,-0.682811753658677
YNR043W,2.29379510879517,0.359818696975708,0.133794185790933,0.0252948741397668,2.04482365250587,2.56657637755076,0.310655859988104,0.409354183634178
YNR044W,0.42488956451416,-0.372089177370071,0.0174698924856896,0.0178422252703299,0.391634959727526,0.459901576240857,-0.407118548626713,-0.337335106952476
YNR048W,0.0988875105977058,-1.00641071796417,0.00836598856067034,0.0367606872139856,0.0833486629649997,0.116720798797905,-1.07910136551992,-0.932851750273041
YNR051C,0.458999454975128,-0.338780522346497,0.0239883257364352,0.0226766462124117,0.414227914065123,0.508081209162871,-0.382760638793091,-0.294066866962969
YNR052C,0.477219581604004,-0.321947932243347,0.0264601437593498,0.0240585598607048,0.427683366835117,0.531534638504187,-0.368877639884091,-0.274468430794767
YNR055C,0.229975238442421,-0.638882756233215,0.0117446159468505,0.0221506919525003,0.207826845596234,0.253548884391785,-0.682298354614528,-0.595938297689042
YNR057C,0.0321616381406784,-1.50904786586761,0.00889642159230977,0.120159219350449,0.0173261601477861,0.0515090294182301,-1.76129768319382,-1.28811663349393
YNR058W,0.00419821590185165,-2.3899941444397,0.00102326737725779,0.107800652537169,0.00240858016962496,0.00646699318507065,-2.6182389183782,-2.18929759745004
YNR060W,0.0344452522695065,-1.46408605575562,0.00257840415419077,0.0325188441246915,0.0295701934645573,0.0398145321756601,-1.52914585332359,-1.39995838613625
YNR063W,0.0448591187596321,-1.34920930862427,0.00313380645368102,0.0304010120065491,0.0387614248630901,0.0511232220567763,-1.41160027428985,-1.29138178313216
YNR064C,0.0117825949564576,-1.94701313972473,0.00343010336402391,0.126876551202866,0.00618405103450641,0.0195725836946319,-2.20872707965227,-1.70835184177865
YNR067C,1.48532593250275,0.171608686447144,0.0464870797700716,0.0135839066436362,1.39765792091688,1.5814566463232,0.145400890124062,0.199057290764118
YNR069C,0.00262020179070532,-2.59821557998657,0.000721667125124501,0.12130464370824,0.00140346044208854,0.0042164189935041,-2.85279985833987,-2.37505628407991
YNR071C,0.00700291432440281,-2.17227339744568,0.00197372766917674,0.125426614950035,0.00363291488805165,0.011433776615498,-2.43974480789265,-1.9418102979391
YNR074C,0.251405328512192,-0.600765943527222,0.0182709623659291,0.0314629144894046,0.217989161362251,0.289371386915445,-0.661565103988134,-0.538544419036993
YNR075W,0.0720212459564209,-1.1446270942688,0.00708611437587372,0.0425456331019619,0.059127380233258,0.0873733137423794,-1.22821136312417,-1.05862121002528
YOL158C,0.81948709487915,-0.0868736281991005,0.035917196161778,0.0190213865160028,0.749872388442357,0.8930735150973,-0.125012638746271,-0.0491127898900485
YOL152W,0.182900249958038,-0.738408088684082,0.00981407588855301,0.0232803632760156,0.164876099179188,0.202577769507964,-0.782842319202588,-0.69340821834946
YOL151W,1.03732299804688,0.0149082290008664,0.0707959469427312,0.0295399476480928,0.906353395183881,1.18670786718528,-0.042702439422084,0.0743437830854158
YOL148C,0.154589727520943,-0.811509370803833,0.00871234974631209,0.0244850628321994,0.138581577688456,0.172180688257019,-0.858294500156229,-0.76401556282185
YOL145C,0.526410043239594,-0.278945982456207,0.018599771482053,0.0153310087115085,0.491944345583518,0.564243180553118,-0.308084026854322,-0.2485336811075
YOL144W,0.312492668628693,-0.50599992275238,0.019476955167903,0.026992611321063,0.276325461268425,0.352876081814369,-0.558579122823474,-0.45237777868276
YOL142W,0.686235129833221,-0.167673334479332,0.0953762593570548,0.0599818281816502,0.521054154634476,0.892447471618652,-0.283117136987235,-0.0494173365127058
YOL141W,0.156307876110077,-0.806626081466675,0.00826484381173664,0.0229409613870649,0.140946910778681,0.173010755206148,-0.850944438414611,-0.761926898565516
YOL140W,0.0682288482785225,-1.16772830486298,0.00603555604069989,0.038383316315672,0.0570385574363172,0.0807062211136023,-1.2438314713747,-1.0930929871277
YOL136C,0.256735414266586,-0.591562569141388,0.0179081790957507,0.0301821865841978,0.224205285310745,0.294749925037225,-0.649354153764969,-0.530546313963807
YOL128C,0.0649077147245407,-1.18983852863312,0.00644288901396656,0.0430441325191596,0.0533779003036519,0.078636198801299,-1.27263851522701,-1.10437753628036
YOL126C,0.751821637153625,-0.12487480789423,0.0507917049539411,0.0293382342778543,0.655632844070594,0.856553777058919,-0.183339298492834,-0.0672453676275419
YOL125W,0.137596160173416,-0.862378835678101,0.0092860564459554,0.029262599166758,0.120411863178015,0.156405243525902,-0.91933081738789,-0.805748691365356
YOL124C,0.546786546707153,-0.262943029403687,0.0324240471215703,0.0256950917451944,0.486228976895412,0.613128302494685,-0.313159164368451,-0.212448641006567
YOL123W,2.02621006965637,0.30619814991951,0.0961920307352156,0.0205503134039771,1.84760168492794,2.22682868043582,0.266608346389562,0.347686805528434
YOL122C,0.266383916139603,-0.57512754201889,0.014423917685846,0.0235133941537189,0.23936952650547,0.295895951241255,-0.62093113928009,-0.528861005977706
YOL119C,0.266406089067459,-0.575235545635223,0.0159924230043414,0.0260054109937954,0.236485189820329,0.299231976270676,-0.626196055009874,-0.523992003484182
YOL116W,0.185530871152878,-0.732824563980103,0.0140290116960643,0.0328269698816062,0.159121048698823,0.214086954543988,-0.798272377239611,-0.66940979577036
YOL115W,0.226926982402802,-0.644863903522491,0.0133612389712446,0.0255418820416164,0.202172128732006,0.254369540015856,-0.69427871738141,-0.594534896580967
YOL110W,0.0631287842988968,-1.2093186378479,0.0133246043122426,0.0912868810530977,0.0404759351784984,0.0919683152809739,-1.39280312076469,-1.03636177707152
YOL107W,0.277812242507935,-0.557720422744751,0.0229839002020813,0.0356742982809902,0.236589996640881,0.328538149595261,-0.626003632367008,-0.483414193237441
YOL105C,0.0219465307891369,-1.66141891479492,0.00248605526711507,0.0492602774860155,0.0173592944163829,0.0270841134401659,-1.76046793107808,-1.56728537612317
YOL104C,0.00178667542058975,-2.80991864204407,0.000941152833839626,0.2416142940636,0.000464811170483396,0.0041017815625916,-3.33272358863235,-2.38702873280285
YOL103W,0.166394829750061,-0.77951443195343,0.0091551423063424,0.0238759180538907,0.149370609472195,0.185018593569597,-0.825734853509692,-0.732784624725961
YOL102C,0.380506485700607,-0.425419479608536,0.0626045782633203,0.0708038099233082,0.27452805613478,0.517956588665644,-0.561413273890174,-0.285706643831267
YOL101C,0.175270140171051,-0.758298873901367,0.0168715965599488,0.0417631495636269,0.144832682609558,0.210860463480155,-0.839133428408198,-0.676004844945435
YOL100W,0.0759243443608284,-1.12009453773499,0.00355262346225478,0.0203027943602919,0.0692117038493355,0.0831944690396388,-1.15982046023588,-1.07990554583365
YOL098C,0.657194375991821,-0.1826062053442,0.0243932384850125,0.0161251445288913,0.611177990833918,0.706005104879538,-0.213832293577042,-0.151192217397732
YOL097C,1.98964214324951,0.29806312918663,0.114028513103769,0.0248528273399092,1.78064608573914,2.22162240942319,0.250577609365403,0.34667024728154
YOL096C,0.203404754400253,-0.693899095058441,0.0208268462048846,0.0442948033968607,0.166246121625106,0.246784957125783,-0.779248477618636,-0.607681328944678
YOL095C,0.0486028492450714,-1.31447124481201,0.00351138026832262,0.0313791738253211,0.0420317002261678,0.0556842125952244,-1.37642305007072,-1.25426791711775
YOL094C,0.488729596138,-0.312264174222946,0.0383818089016013,0.0340170618827254,0.419102281332016,0.568607151508331,-0.37767997513082,-0.24518768238551
YOL093W,0.396684378385544,-0.403378665447235,0.0364306680556355,0.0398050380205626,0.329524340977271,0.470972457776467,-0.482112517734516,-0.327004508548162
YOL092W,0.92041689157486,-0.0375055037438869,0.0764931024875176,0.0359574618824001,0.782627892990907,1.07945850888888,-0.106444680924848,0.0332059504642807
YOL091W,0.00362866697832942,-2.45199608802795,0.000846300288687071,0.101556291757251,0.00219751734208937,0.00554124186358725,-2.65806769794087,-2.25639291845465
YOL090W,0.457159608602524,-0.340235412120819,0.0171005964511693,0.0162447403886149,0.423979339003563,0.490516666322947,-0.372655306640165,-0.309346233993399
YOL088C,0.730699002742767,-0.138410612940788,0.0729657136634586,0.0431773395098375,0.599471986293793,0.883957441151143,-0.222231106947595,-0.0535687442459148
YOL087C,0.13349874317646,-0.874932408332825,0.00579615099902172,0.0188341721913341,0.122716964346667,0.145240029568474,-0.91109539672108,-0.83791367152474
YOL084W,0.00124450295697898,-2.92417407035828,0.00036825723446975,0.130946984072785,0.000634944529641264,0.00205447063781321,-3.19726424167692,-2.68730014943237
YOL083W,0.0437072701752186,-1.36169135570526,0.00445150633742912,0.0441973979404651,0.0355160348117352,0.0530754036890964,-1.44957552700124,-1.27510669471984
YOL082W,0.158373773097992,-0.801314532756805,0.0107536410642584,0.0294735587571522,0.13820104089876,0.179990962147713,-0.859488686162779,-0.744749301496249
YOL080C,0.309434056282043,-0.511573731899261,0.0308623305320843,0.0431342271033213,0.255454763273398,0.374166935682297,-0.592685997044156,-0.426934592798524
YOL078W,0.0631424561142921,-1.20017790794373,0.00302553999789226,0.0208064653573102,0.0573532671357195,0.0691859211151799,-1.24144184107308,-1.15998227266559
YOL076W,0.416667103767395,-0.380595713853836,0.0175600828522187,0.0182877199619939,0.384233441452185,0.451707148303588,-0.415404839360561,-0.345143038334394
YOL073C,0.130640998482704,-0.886004686355591,0.0128341746463468,0.0425330020832174,0.107468496014675,0.156978979582588,-0.968718829225454,-0.804158513738464
YOL072W,0.0759252905845642,-1.12097120285034,0.0060319260454363,0.0343249995681246,0.0653158071140448,0.0890272124360005,-1.18498172374435,-1.05047723939062
YOL070C,0.607608377933502,-0.216948732733727,0.031220317691432,0.0222971597205063,0.547958212594191,0.671842909852664,-0.261252562954,-0.172732262230036
YOL069W,0.162381887435913,-0.790435791015625,0.0108849386879403,0.0290683045458198,0.142747339482109,0.184809989730517,-0.845431977792203,-0.733274572947816
YOL066C,0.16206257045269,-0.791051924228668,0.00939426768906217,0.0252143859747856,0.144256874794761,0.180657921731472,-0.840863483875438,-0.743142990328067
YOL065C,0.177489593625069,-0.752067089080811,0.0134344008543127,0.0328476154516763,0.152428327004115,0.205270737409592,-0.816934318618244,-0.68767295753316
YOL064C,0.879039645195007,-0.0570092424750328,0.060340655137469,0.029686124120376,0.769041730463505,1.00523820320765,-0.11405012133468,0.00226898467343668
YOL062C,0.206706300377846,-0.68535327911377,0.0118002972371787,0.0247844765297893,0.18436960875988,0.230357063437502,-0.734310665905245,-0.637598471263297
YOL060C,0.266015231609344,-0.575496673583984,0.0114498867621666,0.0186930434275818,0.244713544845581,0.288635423779488,-0.611341991870545,-0.539650371436305
YOL058W,0.328894197940826,-0.483754187822342,0.0200925678112869,0.0264973408368858,0.292213177929322,0.370203765978416,-0.534300202641528,-0.431559167783043
YOL057W,0.652500212192535,-0.185786470770836,0.0268895810394662,0.0179004261705344,0.600959796706835,0.706588921447595,-0.221154580670155,-0.150833176342219
YOL056W,0.291434198617935,-0.537107765674591,0.0254354631220017,0.0378372189613746,0.245594592268268,0.345114998767773,-0.609781207610312,-0.462036171452601
YOL055C,0.10630901157856,-0.974262118339539,0.00658572544305745,0.0268854126019267,0.094096342039605,0.119887507768969,-1.0264272640566,-0.921226070772543
YOL052C,0.700411379337311,-0.155540242791176,0.0450766013431722,0.0278483947116751,0.618160096307596,0.795983272294204,-0.208899033122161,-0.0990960593266685
YOL051W,0.391427576541901,-0.407627701759338,0.014040121159012,0.0155618684890216,0.365713457514842,0.419654369354248,-0.436859058776216,-0.377108250743272
YOL049W,0.694817662239075,-0.158677190542221,0.0349355298959995,0.0218157617280383,0.630558948715528,0.765395045280457,-0.200274306551553,-0.116114353470707
YOL048C,0.0698726177215576,-1.15820062160492,0.00752416834849324,0.0467101965046507,0.0559758245944977,0.0858240079755584,-1.25199950359727,-1.06639120786388
YOL047C,0.00603354163467884,-2.23363590240479,0.00153091842709651,0.112636978482495,0.00335773424206612,0.00941737696217994,-2.4739536925859,-2.02607004536809
YOL044W,0.11625013500452,-0.935983955860138,0.00928812631683609,0.0345524101051276,0.0991389105717341,0.136149223893881,-1.00375587443612,-0.865984830061671
YOL043C,0.0303896758705378,-1.52089989185333,0.00392896827774827,0.0562581930551582,0.0233595247380435,0.0388431246392429,-1.63153599773379,-1.41068584194007
YOL042W,0.131290078163147,-0.883284449577332,0.0109826147903583,0.0363195321344273,0.110282704234123,0.153967322409153,-0.957492593132475,-0.812571471435934
YOL041C,1.33563315868378,0.125037029385567,0.0732000992962875,0.0237346650365483,1.19932425320148,1.49026224017143,0.0789366156754648,0.173262694695992
YOL033W,0.073913499712944,-1.13236021995544,0.00521681434700902,0.0306615665583228,0.0642733930299679,0.0845471929137906,-1.19196878083678,-1.07290080782889
YOL032W,0.447203427553177,-0.352943271398544,0.0567358158416349,0.0546548929246388,0.348978247990211,0.568211752176285,-0.457201642391381,-0.245489789006176
YOL031C,0.362028479576111,-0.442176848649979,0.0235906578676126,0.0282666235946909,0.318506563951572,0.409809666375319,-0.496881616469128,-0.387417814889799
YOL030W,1.93184399604797,0.285390466451645,0.100226654110676,0.0224823693980795,1.74708306789398,2.13064003586769,0.242313554708358,0.328510081140265
YOL028C,0.33381199836731,-0.480713039636612,0.0469561113496397,0.0603670576413104,0.254647939900557,0.435135464370251,-0.594059866801148,-0.361375519507554
YOL027C,0.712652325630188,-0.147667199373245,0.0356940487274524,0.0217322395916076,0.646439366042614,0.78348267475764,-0.189472206017689,-0.105970608346742
YOL023W,0.0529506653547287,-1.27716457843781,0.00365813270365404,0.0299792570621035,0.0459362246406575,0.0603232197463512,-1.33784470155772,-1.21951548705964
YOL022C,0.640369355678558,-0.194347277283669,0.0383813023729205,0.0259957509766987,0.569261753062407,0.720370099445184,-0.244688009765186,-0.142444323936859
YOL021C,0.640647888183594,-0.193672120571136,0.0235495002255501,0.0159417152630138,0.597566626966,0.688886225223541,-0.223613665843507,-0.161852499192133
YOL020W,0.277761459350586,-0.556961715221405,0.0150218520871846,0.0234727829855787,0.249831465135018,0.308124717076619,-0.602352865155716,-0.51127346215374
YOL019W,0.322129487991333,-0.492532074451447,0.016424973694231,0.0221122242996385,0.291525842249393,0.356039022902648,-0.535322941617258,-0.448502399699128
YOL018C,0.252252489328384,-0.599196314811707,0.0174209618783511,0.0299056364142744,0.219961881637573,0.28987095952034,-0.657652576568605,-0.537795295050243
YOL016C,0.349268943071365,-0.457640916109085,0.0212435959479788,0.0263942650113546,0.310406099756559,0.391053571800391,-0.508069778001649,-0.407763743045577
YOL015W,0.00111598963849247,-2.99079132080078,0.000465333259440041,0.187286006485173,0.000414589184705013,0.00221862608062414,-3.38238205283783,-2.65391630398145
YOL013C,0.157648995518684,-0.803049266338348,0.00921135889489595,0.0253593912953097,0.140228927135468,0.176734230915705,-0.853162388655717,-0.75267934071343
YOL011W,0.0728678926825523,-1.13829350471497,0.0044957459537122,0.0268273347092943,0.0642039449264606,0.0820891061797738,-1.19243828897264,-1.08571447310296
YOL009C,0.0813799649477005,-1.09437227249146,0.0122731990420744,0.0651895293258677,0.0602831087385615,0.107428523090979,-1.21980436053704,-0.968880467998226
YOL006C,0.513660073280334,-0.289685904979706,0.0209870991458708,0.0177461504414707,0.473380768547455,0.556793790062269,-0.324789389824041,-0.254305618227241
YOL003C,0.165623843669891,-0.78218799829483,0.0128930221481734,0.0337219376369811,0.142003942156831,0.192968268195788,-0.847699606929688,-0.714514101346339
YOL001W,0.0317270569503307,-1.50524568557739,0.00559284837661581,0.0762205090908242,0.0221233303658664,0.0439520813524723,-1.65514952156889,-1.35702056721526
YOR001W,0.407122611999512,-0.390727430582047,0.0185876885369368,0.0198273417873901,0.372404527415832,0.444430410861969,-0.428985047873103,-0.352196231419585
YOR002W,0.282538235187531,-0.549608469009399,0.0158950511605818,0.0244064724567999,0.252524704982837,0.314904039601485,-0.597696127665201,-0.501821769502399
YOR004W,0.9692662358284,-0.016358558088541,0.110674390105596,0.0492839399489879,0.773561018705368,1.20168256759644,-0.111505473220689,0.0797897610545372
YOR005C,0.0417804978787899,-1.3797607421875,0.00243091246528736,0.0252274833670906,0.0372994173628588,0.0469218641519547,-1.42829795226157,-1.3286247421911
YOR007C,4.71624374389648,0.672672510147095,0.308197346332174,0.0283315734836819,4.13884677489599,5.36354303359985,0.616879348073066,0.729451769470402
YOR008C,0.604102611541748,-0.219950348138809,0.0422492296987878,0.030399262912542,0.523760840296745,0.69219255745411,-0.280867022207076,-0.159773142342722
YOR009W,0.0476317927241325,-1.32389581203461,0.00432264727089889,0.0394871031335145,0.0395274943672121,0.0565738044679165,-1.40310073776952,-1.24738461489816
YOR017W,0.0749537944793701,-1.12590980529785,0.00426727111696058,0.0247049007514957,0.0668682605028152,0.0837263309707244,-1.17477997601192,-1.07713794811315
YOR018W,0.145113080739975,-0.838860154151917,0.00742388186606875,0.0222399834274247,0.130940340956052,0.160301735003789,-0.882926534059403,-0.795061779859905
YOR022C,0.0881339013576508,-1.05555701255798,0.00500352825902216,0.0246442800342921,0.0787057585393389,0.0984405690183242,-1.10399349152263,-1.00682588842586
YOR023C,0.237354412674904,-0.625271558761597,0.0131961362171503,0.024082641560957,0.212702313065529,0.264154482384523,-0.672227787267609,-0.578142015862299
YOR025W,0.221784964203835,-0.654950559139252,0.0141781300304814,0.0276798807633232,0.195633247494698,0.251891865829627,-0.708557335762848,-0.598785858358977
YOR026W,0.0780324935913086,-1.10991275310516,0.00784646878585154,0.0436503778458732,0.0635823152959347,0.0948517139380177,-1.19666366549343,-1.0229548279117
YOR032C,0.000906305911485106,-3.10169005393982,0.000466980386646455,0.23458132404333,0.000250904121882437,0.00203474972125454,-3.60049258350096,-2.69148953386456
YOR033C,0.0759553611278534,-1.12024188041687,0.00461994724232246,0.0264139588431412,0.0673751036326091,0.0852567867065469,-1.17150055430279,-1.06927104442357
YOR034C,0.122209668159485,-0.913510322570801,0.00651942783706749,0.0231324802282704,0.109934695065022,0.135602810233831,-0.958865223888161,-0.86773131098053
YOR035C,0.185429900884628,-0.732394337654114,0.00954029970609127,0.0223131852968846,0.167457974329591,0.205097203577558,-0.77609416773692,-0.688040262103454
YOR037W,0.126051262021065,-0.901235520839691,0.0114479547974363,0.0393391986729075,0.105588984179,0.150523414586981,-0.976381390587429,-0.822395939596774
YOR038C,0.150515750050545,-0.822845339775085,0.00668506077847255,0.0192900229921179,0.1379274725914,0.163564688464006,-0.860349221811579,-0.786310452628995
YOR040W,0.138322129845619,-0.861698746681213,0.0151563270334309,0.0474518287418527,0.110837088339031,0.17073599571983,-0.955314895473062,-0.767674909805243
YOR042W,0.721270501613617,-0.142586827278137,0.0405611664033172,0.0244054004084623,0.644382517536481,0.806053343911966,-0.19085625653774,-0.0936362161322444
YOR043W,0.287216573953629,-0.542466759681702,0.0160613786442455,0.024187578870601,0.25821190799276,0.321375433603923,-0.588023733360185,-0.492987324578105
YOR046C,2.28795909881592,0.358910202980042,0.114013520757342,0.0216335575076473,2.07683183352153,2.51675152778625,0.317401328019993,0.400840340920631
YOR047C,0.172410532832146,-0.764502704143524,0.0120978250815861,0.0304568716883837,0.149551201984286,0.197098049521446,-0.825210095538489,-0.705317705175177
YOR048C,0.40762323141098,-0.390019297599792,0.0145640060911689,0.015510309989494,0.380080645034711,0.437095658232768,-0.420124247544499,-0.359423507812254
YOR049C,0.0813494548201561,-1.09173727035522,0.00802547983485869,0.0425827532405131,0.0675668096169829,0.0981266759335995,-1.17026658769764,-1.00821291359607
YOR051C,1.12373542785645,0.0499448552727699,0.0647246392838589,0.0249974722161725,1.00193929672241,1.25340382556121,0.000841410256687764,0.0980910155527643
YOR054C,0.12593275308609,-0.900550007820129,0.007117300494821,0.0244859043721215,0.113055791084965,0.140598631153504,-0.946707188401927,-0.852018911314474
YOR056C,0.597506642341614,-0.224337890744209,0.033523245294736,0.0243090744436141,0.535356956223647,0.665438294410706,-0.271356554099003,-0.176892210120775
YOR057W,0.411710262298584,-0.386256486177444,0.0257792285104997,0.0271391204671308,0.364554602404435,0.465278756866853,-0.438237417546846,-0.332286795510468
YOR058C,0.146818473935127,-0.833613097667694,0.0062660138789571,0.0185163055455309,0.13506755232811,0.159418414533138,-0.869448970277596,-0.797461514381975
YOR059C,0.0685564577579498,-1.16537094116211,0.005548693868078,0.0351401712816384,0.0583123483074208,0.0798209161808094,-1.23423946886323,-1.09788339581013
YOR061W,0.840127468109131,-0.0767770037055016,0.0605413795869078,0.0312206887080183,0.728823269406954,0.966882884502411,-0.137377770621838,-0.0146261274626432
YOR063W,35.9069480895996,1.55443823337555,2.1019167690114,0.0253758272735861,32.0522390683492,40.1014905611674,1.50585836284111,1.6031605152804
YOR065W,0.557105839252472,-0.255493521690369,0.0454143501724117,0.0352436657744372,0.473270390431086,0.651141967872779,-0.324890666439276,-0.186324314861549
YOR066W,0.164054319262505,-0.785612642765045,0.0086380359835587,0.0228573476975486,0.147503348067403,0.181843642145395,-0.831198124208559,-0.740301884417591
YOR067C,0.3910913169384,-0.408231884241104,0.0190054412152793,0.0210725168311204,0.355687232563893,0.430753529071808,-0.448931724472737,-0.365771156268098
YOR069W,0.39257800579071,-0.406559854745865,0.0185916033037037,0.020547887978631,0.357956875363986,0.429670077810685,-0.446169291571798,-0.366864895827876
YOR070C,0.122084438800812,-0.913903415203094,0.00621297349946863,0.0221083846476996,0.110608860974511,0.134532226125399,-0.956210084450774,-0.87117367274969
YOR075W,0.196026131510735,-0.709175646305084,0.0162774728106089,0.0359634800483881,0.165474534034729,0.230948075279594,-0.781268833182384,-0.636485722292376
YOR076C,0.144192203879356,-0.841525197029114,0.0066853315101635,0.0201328858389294,0.131552642583847,0.157662193477154,-0.88090042370847,-0.802272435672346
YOR077W,0.20885856449604,-0.687140703201294,0.0378210610829006,0.0779354597645233,0.142905000100533,0.29462555795908,-0.844952629219166,-0.530729835805356
YOR079C,0.261659622192383,-0.584187746047974,0.0247453539846143,0.0408673387447002,0.217456640303135,0.314302009095748,-0.662627342779098,-0.502652870358118
YOR083W,0.148964822292328,-0.82923299074173,0.0154314208226579,0.0448447815057037,0.120705237487952,0.182318468267719,-0.918273886961436,-0.739169339444954
YOR084W,0.00427363533526659,-2.38653588294983,0.00119882058491492,0.124473842769027,0.00221515641896985,0.00706085423007607,-2.65459648513265,-2.15114275433542
YOR085W,1.13416683673859,0.0536989197134972,0.0762748602838262,0.0291427252385911,0.991684431334337,1.29219466547171,-0.00362650777385348,0.111327943822882
YOR086C,0.724963307380676,-0.139901384711266,0.0229573425665695,0.0137405951507816,0.681193944811821,0.771206419666608,-0.166729221511461,-0.112829364544934
YOR087W,0.265388578176498,-0.576587915420532,0.0123596073668624,0.02020683345826,0.241942286491394,0.290625673532486,-0.616288219340122,-0.536666024271391
YOR090C,0.277731627225876,-0.557026386260986,0.0152383968465438,0.0237852465101144,0.249915539970001,0.309118670473496,-0.602206738804326,-0.509874768391941
YOR091W,1.50761771202087,0.177140265703201,0.110040149310957,0.0315914369972403,1.30465713540713,1.74418163299561,0.11549639084317,0.241591708865081
YOR092W,0.143046796321869,-0.845226943492889,0.00816234866375948,0.0247604156661428,0.127357325702906,0.159475238745411,-0.894976069104371,-0.797306740691995
YOR098C,0.456565827131271,-0.340832501649857,0.0179949875972522,0.0170874193719855,0.423679699500402,0.492891788482666,-0.372962344643223,-0.30724841707833
YOR099W,1.96254312992096,0.292034089565277,0.118231253791094,0.0261577404787794,1.74006685912609,2.19978053371112,0.240565933608033,0.342379353165712
YOR100C,0.00421061459928751,-2.40683388710022,0.00158520767852123,0.167492407325989,0.00176838713038402,0.00783341425315788,-2.75242378415188,-2.10604891772758
YOR101W,0.447687119245529,-0.35074108839035,0.0399525029476578,0.0385780121350482,0.377391892423232,0.530324277281761,-0.4232074341184,-0.275458494786009
YOR106W,0.2265744805336,-0.64740651845932,0.0249571431026558,0.0476728845120271,0.182331441094478,0.280888892461856,-0.73913844828569,-0.551465434304724
YOR107W,0.0111213177442551,-1.96817445755005,0.0028557544518765,0.112443108876245,0.00633043237030506,0.0173917234564821,-2.19856662653479,-1.75965737917605
YOR109W,0.467214167118073,-0.330766588449478,0.0168498058436976,0.0156538555311503,0.435772224267324,0.501399827500184,-0.360740454754524,-0.299815820343812
YOR110W,0.288659662008286,-0.540501356124878,0.0184797866069388,0.0277624504858568,0.254071966807048,0.328071013838053,-0.595043252604454,-0.484032139277828
YOR112W,0.297096222639084,-0.527527749538422,0.0131281995847019,0.0192272064844388,0.27130389213562,0.322724203020334,-0.566543975789094,-0.491168466683216
YOR113W,0.139051005244255,-0.857269942760468,0.00628981694218864,0.0196028336385147,0.127371776476502,0.152111011867722,-0.894926794972744,-0.817839344697356
YOR114W,0.0869942530989647,-1.06432735919952,0.0115572358968199,0.0576799402536246,0.0655924117192626,0.11160011018316,-1.18314642099996,-0.952335376959092
YOR115C,0.239572167396545,-0.6237713098526,0.0292674851026256,0.0527503223501148,0.187218084931374,0.302761734028657,-0.727652201503155,-0.51889901607404
YOR116C,0.580783069133759,-0.236212834715843,0.018806970523546,0.0140503886465664,0.545648044347763,0.619065535068512,-0.263087397019186,-0.208263374819205
YOR117W,1.9939923286438,0.299042969942093,0.11175445022912,0.0243525851599147,1.78159924248854,2.21690231164296,0.250810009143038,0.345746555904031
YOR118W,0.165224239230156,-0.782582819461823,0.00908965276794963,0.0238545901061911,0.148205919936299,0.183815497284134,-0.829134450357348,-0.735617877229565
YOR119C,0.234428077936172,-0.630854070186615,0.0147964854012264,0.0273393559331278,0.206893458093206,0.264316175381343,-0.684253262227701,-0.577876265776044
YOR120W,0.127071022987366,-0.898593366146088,0.0140795835523424,0.0478599088552181,0.101275648425023,0.15784025862813,-0.994494973857865,-0.801782224984404
YOR123C,0.816534817218781,-0.088734969496727,0.0467922080559554,0.0248023026833056,0.729574718574683,0.914180939892928,-0.136930223719668,-0.0389678380372078
YOR124C,0.461753994226456,-0.335865139961243,0.0164647097867785,0.0154489295750958,0.431873813271523,0.495083695401748,-0.364643128667757,-0.305321376228185
YOR125C,0.313218504190445,-0.510000824928284,0.052100426382364,0.0710442598711875,0.226249081393083,0.431350818276406,-0.645413200776703,-0.365169475795635
YOR126C,0.285166710615158,-0.550136625766754,0.0446671801748919,0.0673866547304557,0.208725341036916,0.385480344295502,-0.680424829828862,-0.413997761793655
YOR127W,0.107149206101894,-0.97046035528183,0.00488464890904808,0.0197731218390531,0.0981757591788967,0.116875976199905,-1.00799573250324,-0.932274748692561
YOR128C,1.03783309459686,0.015653233975172,0.0484602180779938,0.0203069918986365,0.944669891893864,1.13390949368477,-0.024719926069142,0.0545783892700293
YOR130C,0.104169324040413,-0.986053347587585,0.0138526013302,0.0573647229263829,0.0795157227665186,0.134618925799926,-1.09954698921688,-0.870893889493565
YOR132W,0.377608418464661,-0.423632770776749,0.0210775587240991,0.0241672690216874,0.338648241509994,0.421388460944096,-0.470251196176832,-0.375317379377513
YOR134W,0.0016594841144979,-2.82229971885681,0.000721446268571617,0.198095445865486,0.000542694049848554,0.00338476046648187,-3.26544607742573,-2.47047224114026
YOR136W,3.29942727088928,0.517454564571381,0.222562460637698,0.0292155846689129,2.8944175918897,3.76151096026103,0.461561188899613,0.575362331467658
YOR138C,0.207970455288887,-0.682573020458221,0.0107056078915461,0.0223076190124359,0.188135982428988,0.230367201069991,-0.725528134453213,-0.637579354954864
YOR140W,0.115016140043736,-0.939856827259064,0.00610638163749733,0.023061587549444,0.103244703946014,0.12762349434197,-0.986132216727618,-0.894069378520441
YOR142W,2.37874388694763,0.375249743461609,0.169805283941393,0.0308538733026538,2.07146081725756,2.73827442924182,0.316276703046543,0.437476955927123
YOR143C,0.209821954369545,-0.680125951766968,0.0200386348733579,0.0414757352478109,0.173100268716613,0.251674019793669,-0.761702258195638,-0.599161635861262
YOR144C,0.0665993317961693,-1.17722237110138,0.00376268633249187,0.0245143048377431,0.05944116236642,0.0742904517178734,-1.22591270837591,-1.12906700148062
YOR145C,1.40217018127441,0.145111247897148,0.124081091358595,0.0382886848358111,1.17653123239676,1.66523153980573,0.0706034602012052,0.22147461418307
YOR147W,0.0821059048175812,-1.0864725112915,0.00513978417616357,0.0271266917917101,0.0722743526101112,0.0928077258169651,-1.14101580138867,-1.03241586929322
YOR149C,0.0695226415991783,-1.1590861082077,0.00519307252047577,0.0324234654714381,0.0598600738371412,0.0801229327917099,-1.22286275728234,-1.09624316232473
YOR151C,1.16602301597595,0.0664786472916603,0.0379354993436616,0.01411930565326,1.09375815391541,1.24317831297715,0.0389213035255497,0.0945334252405477
YOR152C,0.0637819617986679,-1.2015585899353,0.0108547118526588,0.0738721963242311,0.0448234319066008,0.0864777372529109,-1.3484949777542,-1.06309568383061
YOR153W,7.28368186950684,0.862161040306091,0.215090531886118,0.0128166590213774,6.88747346798579,7.72183006207148,0.838059938836031,0.887720237367338
YOR154W,0.0799638777971268,-1.09797847270966,0.00507166099615732,0.0275462932005254,0.0700543625280261,0.0906302853797873,-1.15456481593617,-1.04272665360218
YOR155C,0.224934294819832,-0.648867607116699,0.0146876892070682,0.0283234867832726,0.197195333863298,0.255830337107182,-0.705103366736955,-0.592047957004998
YOR156C,0.0883129239082336,-1.05460965633392,0.00478413703127439,0.0235218192830325,0.0792859823132555,0.0980020408208172,-1.10080359009928,-1.00876488078881
YOR157C,3.06326627731323,0.483770787715912,0.3250096338018,0.0457272736826302,2.47702130277952,3.77196340362231,0.393929740713238,0.576567465479133
YOR158W,0.268116295337677,-0.573117136955261,0.0218603049938753,0.0353643398219177,0.228208021695415,0.313659835855166,-0.64166909933153,-0.503541089385532
YOR160W,0.211847752332687,-0.674332559108734,0.00857428122059955,0.0175677780653692,0.195870717987418,0.229053914546967,-0.708030485072636,-0.640062281702263
YOR161C,0.122972287237644,-0.911034882068634,0.00767470589702318,0.0270760816389467,0.108523607502381,0.138638392090797,-0.964475779669285,-0.858116487153224
YOR165W,0.737817645072937,-0.132406458258629,0.0298824548310336,0.0175728450567574,0.682423156499863,0.798969879249732,-0.165946244899442,-0.0974695931994873
YOR168W,2.89360165596008,0.461118310689926,0.111281004353204,0.0166949335673568,2.68537731568019,3.11638701756795,0.42900531556027,0.49365138343978
YOR171C,0.423785299062729,-0.373286604881287,0.0189048629921415,0.0193740719142253,0.38841500878334,0.462053353836139,-0.410703996823128,-0.335307873447683
YOR172W,0.0398786775767803,-1.40016531944275,0.00257562168609652,0.0280774655251389,0.0350167041334013,0.0450484052921335,-1.45572473981105,-1.34632057948184
YOR173W,0.0761296972632408,-1.12057566642761,0.00755921150341141,0.0430609691522344,0.0622857461993893,0.0923340161020557,-1.20561134952392,-1.03463827438453
YOR175C,0.692187368869781,-0.160238116979599,0.0319378556898451,0.0200299135768346,0.631122249861558,0.756923086941242,-0.19988651009135,-0.120948248163492
YOR176W,0.982930660247803,-0.00828585401177406,0.0601263129686754,0.026481593249316,0.869101224839687,1.10793542464574,-0.0609296384157308,0.0445144483011349
YOR178C,0.00216730148531497,-2.6761908531189,0.00051012968736667,0.103487307795961,0.00128504662910321,0.00328566742828116,-2.89108111610458,-2.48337641945772
YOR180C,0.00526435067877173,-2.31606459617615,0.00216822181618238,0.184710948588324,0.00195165941549931,0.0103945210886498,-2.7095959705358,-1.98319552096298
YOR181W,0.281662940979004,-0.550821483135223,0.0142234669448814,0.0218956963839934,0.254702947040399,0.310497581958771,-0.593966030850908,-0.50794177760029
YOR184W,2.68567752838135,0.428205668926239,0.168062195179309,0.0271150173597466,2.38268066644669,3.02724245389303,0.377065837456812,0.481047205286721
YOR187W,2.10792589187622,0.32315719127655,0.119784324272398,0.0245955906875786,1.89066829482714,2.36341593066851,0.276615341365743,0.373540158179881
YOR188W,0.183845356106758,-0.735909640789032,0.0074995459020814,0.0177080893178331,0.16958342641592,0.199053111175696,-0.770616594113147,-0.701031030964081
YOR193W,0.0439258441329002,-1.36025094985962,0.00514956897439371,0.0508647997075559,0.0345481485128403,0.0546684503555298,-1.46157522215961,-1.26226323684626
YOR194C,0.708826005458832,-0.151554420590401,0.0699188384936489,0.0426108111791538,0.580009222527345,0.859262415270011,-0.236565102342538,-0.0658741841913658
YOR195W,0.297719925642014,-0.526637017726898,0.0135104449700964,0.0196838785511159,0.272261028488477,0.325365668783585,-0.565014520220781,-0.487628274436079
YOR196C,0.271199107170105,-0.567671060562134,0.0180546022851197,0.0288570892973194,0.238698945815365,0.308020830154419,-0.622149513109724,-0.511419912995566
YOR197W,1.54372501373291,0.18791364133358,0.0849352611460011,0.0238759534037548,1.38345380922159,1.7173467874527,0.140964663122938,0.234858002015776
YOR198C,6.01661539077759,0.778783023357391,0.308839724086702,0.0222664294390335,5.44247712294261,6.6419694463412,0.735796611524458,0.822296872277852
YOR201C,0.162485539913177,-0.790348589420319,0.0118890008221286,0.0318257794673498,0.140197087700168,0.186321812868118,-0.853261035445975,-0.729736301416334
YOR206W,1.07978510856628,0.0329793766140938,0.0438591178004684,0.017633660822071,0.998138642807802,1.16859164138635,-0.000809130789283622,0.0676627754032344
YOR207C,0.579005241394043,-0.237579926848412,0.0201664590613632,0.0151115186560818,0.541436314086119,0.618794417877992,-0.266452620134814,-0.208453612770813
YOR209C,1.48950219154358,0.172307178378105,0.0867129501130169,0.0252264231352059,1.33285188674927,1.67378465135892,0.124781891093226,0.223699578250564
YOR211C,0.283437073230743,-0.547900438308716,0.0114982335159484,0.0176212837289967,0.261381467928489,0.306000886360804,-0.582725210777452,-0.514277320309342
YOR213C,0.160962671041489,-0.798488795757294,0.0250955988081472,0.0672590078971464,0.117677412927151,0.215450809895992,-0.929306887899603,-0.666651887903399
YOR214C,0.00349562265910208,-2.57968354225159,0.00263880261623136,0.348899546933392,0.000450007245672168,0.0106462662961955,-3.34678275926237,-1.97280271024216
YOR216C,0.370199710130692,-0.432314217090607,0.021778934227166,0.0255334099265377,0.329539299259583,0.414119837929805,-0.482092786127248,-0.382873969189537
YOR217W,0.461013048887253,-0.336618274450302,0.0180348308853324,0.0169766329201771,0.427054984122515,0.497923301657041,-0.369516205173849,-0.302837549274772
YOR219C,0.130702614784241,-0.884151875972748,0.00586932828290987,0.0194615835233243,0.119945042642454,0.142726354052623,-0.921017703454286,-0.845495828639962
YOR220W,0.579920530319214,-0.239166527986526,0.0629126479109324,0.0468855314543808,0.47000375688076,0.712516678869724,-0.327898670604604,-0.147204965102891
YOR221C,0.269069880247116,-0.571605741977692,0.0222076237258955,0.0356935285180673,0.229131766036153,0.315029813100894,-0.639914699643394,-0.501648415054924
YOR222W,0.230309277772903,-0.639989137649536,0.0238441038981162,0.0446389373799775,0.187053982789318,0.28099925617377,-0.728033042847741,-0.551294927619948
YOR223W,0.221107542514801,-0.657962441444397,0.0240792248940062,0.0472685540095663,0.176579202835759,0.271851343413194,-0.75306046385727,-0.565668516899677
YOR228C,0.0512546934187412,-1.29495561122894,0.00756245885881342,0.0638690989030401,0.0379142557891707,0.0675817324469487,-1.42119750266738,-1.17017068351765
YOR229W,0.181197538971901,-0.742893874645233,0.012606701265184,0.0300994195814549,0.158207214375337,0.208017517502109,-0.80077372003857,-0.681900090893488
YOR230W,3.14856338500977,0.497325241565704,0.190022262583411,0.0261705103294234,2.78853416641553,3.5342583656311,0.445375958515629,0.548298286326097
YOR231W,0.124178528785706,-0.906948506832123,0.00842109217789154,0.0293975055495162,0.107924864441156,0.142039248843988,-0.966878488930469,-0.847591636832137
YOR232W,3.11364054679871,0.488731920719147,0.457414222086437,0.0624428334906787,2.35427626371384,4.12888028224309,0.371857422070589,0.615832290027394
YOR233W,0.157461509108543,-0.803277611732483,0.00720099843065356,0.0198353260909213,0.143949366733432,0.172244062026342,-0.841790241569517,-0.763855742879945
YOR237W,0.0222774874418974,-1.65561056137085,0.00281771997667886,0.0550662130129332,0.017194494108359,0.0282822741971662,-1.76461060868477,-1.54848568917143
YOR238W,0.216609597206116,-0.666160583496094,0.019992263908257,0.0399283253041434,0.180926321571072,0.258156861861547,-0.742498247507157,-0.588116329370001
YOR242C,0.00408898293972015,-2.40855860710144,0.001238907408459,0.134515848751372,0.00203433986171149,0.00694089708849788,-2.6915765578925,-2.15858439476042
YOR243C,0.779679596424103,-0.108447231352329,0.0319336563074742,0.0177786878937038,0.719998885194461,0.8435098528862,-0.142668180782649,-0.073909840129846
YOR244W,0.179936304688454,-0.745984375476837,0.0128269063672987,0.0309927811411908,0.155661110455791,0.206316016366084,-0.807819876221893,-0.685467072397136
YOR245C,0.170634835958481,-0.769202947616577,0.0130622693098425,0.0332130652162023,0.146441298226515,0.197844902550181,-0.834336437059637,-0.703675203293775
YOR250C,0.22179901599884,-0.654913187026978,0.0140544179574919,0.0275190907034256,0.194789192577203,0.25051537156105,-0.710435142634128,-0.60116562077747
YOR251C,0.889804124832153,-0.052367951720953,0.0781687703304321,0.0379388011964733,0.744126533468564,1.06168055136999,-0.128353215948411,0.0259938465347755
YOR254C,1.59407711029053,0.202062666416168,0.0722808853996588,0.0196846104255896,1.45718546013037,1.73721997241179,0.163514828508134,0.239854812820136
YOR255W,0.00177067739423364,-2.86667656898499,0.00127274778183263,0.339036080434211,0.000231985934685023,0.00514655380587406,-3.63453849541156,-2.28848669401928
YOR256C,0.148063540458679,-0.830056071281433,0.00714861392350011,0.0209352483546162,0.134641227498651,0.162346351395051,-0.870821970556614,-0.789557467377444
YOR259C,1.84594357013702,0.26556807756424,0.101100664779336,0.0237807713527326,1.65528857707977,2.05229513049126,0.218873718056237,0.312239814687971
YOR261C,2.10577178001404,0.322398692369461,0.1439960661999,0.0296682728051156,1.83457582096259,2.40487123131752,0.263535665140152,0.381091826504171
YOR262W,0.302189975976944,-0.520867705345154,0.0220416594862541,0.0315520655798156,0.262169003486633,0.348848521709442,-0.581418656698079,-0.457363113059761
YOR264W,0.547244787216187,-0.262531071901321,0.0314264957181987,0.0248816698873466,0.48991562500596,0.610356037815412,-0.309878709732444,-0.214416755399501
YOR267C,0.308665335178375,-0.510870456695557,0.0125428452683189,0.0176519517485193,0.284299676616987,0.3338496585687,-0.546223634420799,-0.476449069568905
YOR270C,2.34655046463013,0.370147138834,0.0848228384560455,0.0156917366842848,2.18287206292152,2.51507844527562,0.339028282124627,0.400551534831462
YOR271C,1.36686372756958,0.134510040283203,0.102795878736449,0.032412442665076,1.18745255072912,1.58947091301282,0.0746162640658594,0.201252572007218
YOR272W,0.983160257339478,-0.00802917592227459,0.0539828763959426,0.0238184210978635,0.882867448031902,1.09496959845225,-0.0541044995393612,0.0394020598750465
YOR273C,0.210474878549576,-0.677384734153748,0.010938175959646,0.0225628118163248,0.190068477640549,0.232176900779208,-0.721089904222557,-0.634180990832259
YOR274W,0.177258029580116,-0.752290606498718,0.0114106382326883,0.0278904963755513,0.156358245263497,0.201669677471121,-0.805879214376922,-0.695359399658108
YOR278W,0.124862886965275,-0.906821668148041,0.0153756714768184,0.0531277817110058,0.0975774457057317,0.158173741524418,-1.01065055503224,-0.800865694168776
YOR280C,0.474265962839127,-0.326223731040955,0.0485186089068001,0.0440894438875096,0.387976896266143,0.580991455415885,-0.41119420216869,-0.235830338188942
YOR283W,1.57984828948975,0.194463267922401,0.220941735298536,0.0598734778514875,1.20228689014912,2.08035808602969,0.0800081109310906,0.318138092553365
YOR284W,0.133298382163048,-0.880654573440552,0.0212216158634164,0.0691317587625709,0.0959429498761892,0.179099581390619,-1.01798694165911,-0.746905430120041
YOR287C,0.548290073871613,-0.262643754482269,0.0479428845551184,0.0379035998771893,0.461425025512775,0.650144219398499,-0.335898856305901,-0.186990294524032
YOR288C,0.390162318944931,-0.410083830356598,0.0306314375692738,0.0339276627088605,0.336952980111043,0.453946470965942,-0.472430704308559,-0.342995355973069
YOR289W,0.103066124022007,-0.992807924747467,0.0171215971502381,0.0717633454303165,0.0736565589904785,0.140167175233364,-1.13278857391925,-0.853353687547769
YOR290C,0.265689671039581,-0.575847029685974,0.0084719616969439,0.0138421666341993,0.249790742993355,0.282136770089467,-0.602423660202867,-0.549540342199608
YOR291W,0.14020211994648,-0.853571772575378,0.00544853709220057,0.0168528982014124,0.129982803265254,0.151612262924512,-0.886114101093702,-0.819265671557804
YOR295W,0.309798985719681,-0.51548558473587,0.0544785505581956,0.075400935219116,0.217658309017618,0.431562117487192,-0.662224873445595,-0.364956684905408
YOR296W,0.0594095140695572,-1.22658038139343,0.00266371095804723,0.0194637390955216,0.0543850248679519,0.0647596352423231,-1.26452066862773,-1.18869560660081
YOR298W,0.00404810393229127,-2.40581130981445,0.0009932028107779,0.107433015072334,0.00228816990468961,0.00637960675715779,-2.6405117378912,-2.19520609499824
YOR299W,0.12568125128746,-0.901241779327393,0.00610506306343877,0.0210784527712138,0.113860326260328,0.138115122914314,-0.943627582813748,-0.859758765746833
YOR301W,0.287599205970764,-0.542113304138184,0.0185608892679672,0.0279682157108485,0.253237358977397,0.325577293833097,-0.596472226423744,-0.487345891359088
YOR303W,0.390471816062927,-0.409349858760834,0.0257479202514367,0.0285651429003385,0.343794585267703,0.443290689587593,-0.463700973934031,-0.353311391066354
YOR307C,0.182438567280769,-0.73987340927124,0.0123475251072433,0.0293326844473381,0.159334225331744,0.207248398164908,-0.797690927435387,-0.683508817618866
YOR308C,0.170279711484909,-0.769510805606842,0.00949387643745117,0.0242049115680125,0.152885052189231,0.189644669741392,-0.815634974417839,-0.722059366845392
YOR310C,5.53431844711304,0.742519676685333,0.277463886944018,0.0217393080825725,5.01657438278198,6.0877778172493,0.700407256090494,0.784458793756084
YOR313C,0.00935406237840652,-2.04425454139709,0.00247824359200403,0.116208837794721,0.00514695839956403,0.0151546783745289,-2.288449341933,-1.81945327616535
YOR315W,0.553313612937927,-0.258256703615189,0.0416758356151214,0.032659177249689,0.475330429027478,0.642538279791673,-0.323004400858217,-0.192100993744576
YOR316C,0.596508085727692,-0.2251186221838,0.0347696529021373,0.0252333005821834,0.532348740597566,0.66749609063069,-0.273803769113403,-0.175551273545863
YOR317W,1.31868195533752,0.119707748293877,0.0588870080937604,0.0193604526420927,1.20985098083814,1.44031099875768,0.0827318681158089,0.158456269441142
YOR320C,0.348495334386826,-0.458497315645218,0.0197377685901742,0.0245441345433247,0.311677547544241,0.389674763133129,-0.506294496312433,-0.409297728996876
YOR321W,0.266277194023132,-0.575089335441589,0.0117632893704862,0.0191510424255006,0.244762291262547,0.289993167668581,-0.611255490116023,-0.537612234280723
YOR322C,0.146570757031441,-0.834450304508209,0.00703058822277557,0.0208111088147456,0.133426713943481,0.160819102451205,-0.874757210636842,-0.793662367746813
YOR323C,3.5159010887146,0.545364081859589,0.196304548421314,0.0241372569270806,3.15398107171059,3.92858299215635,0.498859075394248,0.594235928339914
YOR326W,0.825742304325104,-0.0833636075258255,0.0255929731112394,0.0134696587729769,0.775844392677148,0.874627470970154,-0.110225374339254,-0.0581768861228936
YOR328W,0.00272571947425604,-2.57039833068848,0.000448986102345044,0.0716631460982703,0.00193778016255237,0.00370121956802905,-2.7126955009311,-2.43165515042099
YOR329C,0.147416099905968,-0.83188271522522,0.00655722881201687,0.0192950668397573,0.135240657751759,0.160717015465101,-0.868892725771323,-0.793938141329811
YOR332W,7.66746425628662,0.880985617637634,1.00799564796977,0.05621814396944,5.93569856484731,9.95156582196554,0.773471799635715,0.997891409235604
YOR335C,4.5662579536438,0.659307420253754,0.155954576400135,0.0148275256112403,4.27116698424021,4.88272049427033,0.630546550281199,0.688661863181625
YOR336W,0.209855318069458,-0.678390800952911,0.00794218367502608,0.0164522166056276,0.194643553346395,0.225651332611839,-0.710759976452096,-0.646562106548417
YOR341W,1.58828496932983,0.200744837522507,0.0461057384708992,0.0126050637842927,1.50072497328122,1.68023308515549,0.176301109441782,0.225369531968838
YOR342C,0.381385803222656,-0.420508652925491,0.0355425414126673,0.0403219282529265,0.316207886735598,0.456060678263505,-0.500027306605781,-0.340977421427949
YOR346W,0.109081886708736,-0.962690532207489,0.00493174229118156,0.0196270886096801,0.0998375829309225,0.119153964581589,-1.00070594197703,-0.923891502913906
YOR347C,0.411567777395248,-0.386297523975372,0.0240289061609983,0.0253207018781687,0.36683785195152,0.461166629691919,-0.435525858836116,-0.336142126065958
YOR348C,0.00209468184038997,-2.69755864143372,0.000610503023324001,0.12923571358791,0.00106824788090307,0.00343585075073255,-2.97132797802612,-2.46396575779505
YOR350C,0.049273956567049,-1.30846440792084,0.00347958278127377,0.0306646114272898,0.0426955041786035,0.0564683951747914,-1.36961790139539,-1.24819455606969
YOR351C,0.000754635024350137,-3.17770886421204,0.000377437921694719,0.227977069156492,0.000214836165105226,0.00163500235163762,-3.66789761458628,-2.78648179799373
YOR352W,0.183566465973854,-0.737630248069763,0.0149029877115431,0.0351474058762325,0.156240368261933,0.214623666678866,-0.806206746079991,-0.668322390324985
YOR353C,0.129708051681519,-0.887486934661865,0.00595853606499967,0.0199119428870428,0.118771528080106,0.141894261911511,-0.92528765602195,-0.848035166918717
YOR354C,0.27422684431076,-0.562341272830963,0.0124814696863875,0.0197836195049085,0.250276270757119,0.298730512956778,-0.601580325148816,-0.524720417406466
YOR355W,0.573742806911469,-0.241833940148354,0.0289697955860632,0.0218875242466659,0.521406006813049,0.633092962702115,-0.282823974833403,-0.198532514897674
YOR356W,0.423745453357697,-0.373332977294922,0.0190661103291672,0.0195238680598388,0.388359797000885,0.462302320698897,-0.410765734820825,-0.33507392659183
YOR358W,0.161123633384705,-0.797828555107117,0.0245279326899029,0.0658630955087549,0.118113240972161,0.214008205384016,-0.927701491379485,-0.669569574920749
YOR359W,0.175945475697517,-0.755359590053558,0.0102432580990248,0.0252818289273183,0.156563765803973,0.196883323788643,-0.805308741738081,-0.705791072077368
YOR360C,0.203275203704834,-0.692738115787506,0.0125054358559663,0.0267165328958224,0.179715720936656,0.229397599274913,-0.745413930813467,-0.639411132418719
YOR362C,1.87503004074097,0.271390497684479,0.162716223757016,0.0374451709550044,1.58357387582461,2.21842006643613,0.19963829572759,0.346043781526005
YOR363C,0.0352771021425724,-1.4532927274704,0.00212105572485956,0.0261144300759485,0.031236278048406,0.0396144576370716,-1.50534072146295,-1.40214628563767
YOR368W,0.114732943475246,-0.942077040672302,0.0103650231608523,0.0391611507579635,0.0962019339203835,0.136057604600986,-1.01681619737478,-0.866277183255062
YOR370C,0.447454690933228,-0.349767476320267,0.0218600799936907,0.0211670329413632,0.407790375004212,0.492080670843522,-0.389563029032142,-0.307963694246114
YOR371C,0.120740830898285,-0.918593168258667,0.00548529773646147,0.0196970289225108,0.11060060163339,0.132014994695783,-0.956242510680068,-0.879376737426954
YOR372C,0.215858086943626,-0.66646420955658,0.0116741472788684,0.0234441735283505,0.194017487640182,0.240073215216398,-0.712159129090493,-0.619656295315524
YOR380W,0.0155676938593388,-1.81100916862488,0.00189390385149,0.0532058330510478,0.011996175449652,0.0195721988410999,-1.92095719347631,-1.70836038182561
YOR384W,0.0275662317872047,-1.56105864048004,0.00223832613912243,0.0353542701595784,0.0232868617710968,0.0322131368952493,-1.63288903523631,-1.49196699218937
YOR385W,0.161414593458176,-0.794668614864349,0.0177758875732757,0.0476193779824107,0.129970702280601,0.198933997626106,-0.886154537569391,-0.701290999405728
YOR386W,0.08908411860466,-1.05108904838562,0.00570151811256433,0.0277355386933132,0.0784981420263648,0.10090605566899,-1.10514062716867,-0.99608279076912
YPL274W,0.530197620391846,-0.276080965995789,0.0259211079163209,0.0212451638607213,0.480022625376781,0.582265635828177,-0.318738296282062,-0.23487884040717
YPL268W,0.044109184294939,-1.35640966892242,0.00289932441927183,0.0285879826836453,0.0386195777604977,0.049853268203636,-1.41319248535162,-1.30230636732434
YPL266W,0.955823421478271,-0.0209421887993813,0.0747461777390805,0.0338442469622677,0.818956492841244,1.11398683190346,-0.0867391706450416,0.0468800565318938
YPL265W,1.31802427768707,0.119460634887218,0.0609077210443185,0.0200566225873227,1.20293853481611,1.44196711778641,0.080243436178593,0.158955356841777
YPL264C,0.0409589521586895,-1.39087104797363,0.00498753195396871,0.0529886732603675,0.031554519974937,0.0514745701414843,-1.5009384241725,-1.28840728027124
YPL263C,0.681032836437225,-0.167241469025612,0.0296147201404507,0.0188598007830723,0.625037766993046,0.740718663235506,-0.204093740298182,-0.130346713653738
YPL262W,1.76865112781525,0.247071087360382,0.0908494410410247,0.0222636452012179,1.60105777184168,1.9512692073981,0.204407000958078,0.290317191060374
YPL260W,0.889176785945892,-0.0514896064996719,0.0417795494637801,0.0203750390948501,0.809666909774144,0.975664303700129,-0.0916936100607385,-0.0106995844558949
YPL259C,0.240240722894669,-0.620045721530914,0.0135912160363188,0.0245106099360468,0.215447712317109,0.268432706594467,-0.666658113100887,-0.57116456962034
YPL258C,0.00434444518759847,-2.37242913246155,0.000946505183692143,0.095635696908317,0.00267047721426934,0.00647534718348955,-2.57341116217194,-2.18873695206715
YPL256C,0.466766119003296,-0.331404030323029,0.0225248464182721,0.0209323113866047,0.424781486640374,0.512646429737409,-0.371834423928211,-0.290182062899915
YPL255W,0.0584464035928249,-1.23545956611633,0.00591844810094208,0.043849968796135,0.0476965406909585,0.0707548355683684,-1.32151317848148,-1.15024387444724
YPL253C,0.0995028465986252,-1.00289058685303,0.00575975327993307,0.0251112153575247,0.0888486334433158,0.11118181006362,-1.05134924757343,-0.953966262033
YPL249C,0.300531774759293,-0.522539436817169,0.0134069672297642,0.0193309150660889,0.275394994268815,0.328765294949214,-0.560043961948408,-0.48311403370178
YPL247C,0.0865841805934906,-1.06371402740479,0.00631208983975567,0.0316419478275318,0.07491384614259,0.0993152615924676,-1.12543791207938,-1.00298401810393
YPL246C,0.93466055393219,-0.0314869843423367,0.0933235472800722,0.0430707830899494,0.770044830441475,1.13587622741858,-0.113483999442698,0.0553309641067915
YPL245W,0.244552001357079,-0.612322807312012,0.0138327608404589,0.0245584675684157,0.219112545251846,0.272283941507339,-0.659332756270074,-0.564977971294638
YPL244C,0.164688065648079,-0.785012006759644,0.0145026211231525,0.0380786971399287,0.138653262828787,0.19493369795382,-0.858069910815447,-0.710113099134227
YPL243W,0.933950364589691,-0.0301261451095343,0.0425645719183545,0.0197599241621379,0.852778598169486,1.02240133782228,-0.0691637093717639,0.00962140434154842
YPL241C,0.161625862121582,-0.795109272003174,0.0210065268222516,0.0560253926563578,0.124280792971452,0.207401231179635,-0.905596019193672,-0.683188725094612
YPL237W,3.46196985244751,0.537742555141449,0.296189118177441,0.0370413885241122,2.93186684846878,4.09401193062464,0.467144242161702,0.612149084301258
YPL236C,0.0734429508447647,-1.13622462749481,0.00736508195807124,0.0434522827104354,0.0601207573277255,0.0892694862559438,-1.22097556746746,-1.04929702002664
YPL235W,1.56663179397583,0.194360256195068,0.0830077788408997,0.022975111872201,1.40934948225816,1.74245629707972,0.149018694455308,0.241161892403522
YPL232W,0.934905588626862,-0.0307972021400928,0.0795293736236479,0.0368676090107252,0.787081911663214,1.10071647167206,-0.103980068332531,0.0416754655241772
YPL230W,0.0173820219933987,-1.76512789726257,0.00270166869908594,0.0675031203027797,0.0125570479858046,0.0233025084870557,-1.901112501767,-1.63259732523896
YPL228W,0.36937803030014,-0.433065235614777,0.0183850623889198,0.0215854529326582,0.335740208625793,0.407577698677778,-0.473996644040615,-0.389789587247986
YPL224C,0.142637640237808,-0.846629500389099,0.0089982607846133,0.0274157035079787,0.125663380324841,0.161183029413223,-0.900791262015664,-0.792680685981148
YPL222W,0.0497272424399853,-1.3042653799057,0.00312534482644147,0.0273160389571806,0.0437566303958495,0.0559812096258005,-1.35895612956968,-1.25195779760511
YPL221W,0.259129017591476,-0.586909353733063,0.0114921020524734,0.0192277476172854,0.238119542350372,0.281974330544472,-0.623204961940912,-0.549790425855986
YPL219W,0.106988817453384,-0.971642851829529,0.00719157954791479,0.0292058125517538,0.0933984940871596,0.121402372109393,-1.0296601477958,-0.915772827723106
YPL217C,0.635789811611176,-0.196949198842049,0.0221280286944051,0.015101238360296,0.594235616425673,0.68039426356554,-0.226041322092649,-0.167239356633294
YPL215W,0.545934498310089,-0.264142364263535,0.0420924268337043,0.0333637862979594,0.469229397922754,0.632442847887675,-0.328614788562827,-0.198978720400896
YPL214C,0.0714187473058701,-1.14732182025909,0.00517115825797525,0.031403840895438,0.0617264998455842,0.082059006827573,-1.20952837251029,-1.0858737588747
YPL213W,0.296388149261475,-0.533549726009369,0.0471508976548128,0.0685149771997935,0.215458110968272,0.398610953241587,-0.666637156451346,-0.399450854240856
YPL212C,0.811642944812775,-0.0911827310919762,0.0408242036137595,0.0218362321539466,0.735587656497955,0.895552769800027,-0.13336556703565,-0.0479088187926279
YPL209C,0.081023633480072,-1.09351909160614,0.00803299254530491,0.0430489693480941,0.0658199001724521,0.0981506620223324,-1.18164282716546,-1.00810676988924
YPL208W,0.209032341837883,-0.680450558662415,0.011577313967792,0.0240294645180816,0.187420864775777,0.232701809083422,-0.72718206270675,-0.633200240403311
YPL207W,0.321664720773697,-0.493010997772217,0.0140385311512215,0.0189578556785086,0.294895138094823,0.349805056800445,-0.530332388302821,-0.456173916903085
YPL204W,0.553973853588104,-0.257193028926849,0.0310276566879501,0.0243432962484118,0.494539439678192,0.615513012806575,-0.30579906756207,-0.210762762441958
YPL203W,0.277246326208115,-0.558512568473816,0.0221915258529601,0.0345576808772655,0.236127170796196,0.32218263844649,-0.62685412803068,-0.49189788143252
YPL202C,0.219669729471207,-0.659275591373444,0.0152458694121962,0.030166681933122,0.19098724424839,0.250376914441586,-0.718995637660798,-0.601405743760811
YPL201C,0.00269661657512188,-2.59144425392151,0.000863054015757071,0.140959018483425,0.00130782216050041,0.00463749136542902,-2.88345131218146,-2.33371728497635
YPL199C,1.49990963935852,0.17187973856926,0.210143546603257,0.0601636754289626,1.13423121074835,1.97596343656381,0.0547015904224292,0.295778902782604
YPL196W,0.252874255180359,-0.600358545780182,0.0312224467819463,0.0531484344455225,0.197548202425241,0.321192061901093,-0.704326917873222,-0.49323521164773
YPL195W,0.419959664344788,-0.377160489559174,0.0173346467294541,0.017908766584969,0.387091606855392,0.454964860280355,-0.412186245203665,-0.342022146458612
YPL193W,0.130026683211327,-0.887456655502319,0.0107948053564465,0.0359874100179581,0.109979676889877,0.152763152246674,-0.958687564233178,-0.815981491626808
YPL191C,0.0956557467579842,-1.02113842964172,0.00882283607689859,0.040097171206358,0.0792105820029974,0.113805059095224,-1.10121692893539,-0.943838452068761
YPL190C,0.953340709209442,-0.021095497533679,0.037933153196457,0.0172692857773184,0.881362855434418,1.02899600664775,-0.0548452565488033,0.0124136880896257
YPL189W,0.00484352791681886,-2.32360672950745,0.000970258431743971,0.0878555254256536,0.00314434254736019,0.00691055234832068,-2.50247014837208,-2.1604872389642
YPL188W,0.335385411977768,-0.475325107574463,0.0212321848524488,0.0274816848713535,0.295156814406315,0.378758926192919,-0.529947191453859,-0.421637123482733
YPL186C,0.0205626916140318,-1.69706249237061,0.00444727855146696,0.094381347333854,0.0128068662791823,0.0303503786524137,-1.89255719212921,-1.51783595065517
YPL184C,0.596603572368622,-0.224872455000877,0.0303056001936963,0.0220215723148036,0.538179874420166,0.659817913174629,-0.269072546987894,-0.180575900982964
YPL183C,0.421381592750549,-0.375651061534882,0.0163667388970617,0.0168579349130922,0.390661334991455,0.45379346087575,-0.408199570175544,-0.343141768180971
YPL181W,0.341783463954926,-0.466921001672745,0.0190164346027445,0.0241438274454544,0.306554315239191,0.381395052373409,-0.513492571291975,-0.418624951530789
YPL180W,0.176572561264038,-0.753551185131073,0.00824612661852197,0.020305151595954,0.160539222508669,0.192960851515333,-0.794418865625403,-0.714530802225469
YPL177C,0.629972517490387,-0.202016770839691,0.0496580147341115,0.0340864117903262,0.541507812341054,0.735398250818253,-0.266395275304006,-0.133477407731157
YPL176C,0.239946827292442,-0.620262801647186,0.010037555150037,0.0181396712845957,0.221701762328545,0.260720998048782,-0.654230862592588,-0.583823990045792
YPL175W,0.120542824268341,-0.920220613479614,0.00955886639870479,0.0344001692099494,0.102796644282838,0.140942416836818,-0.988021066032298,-0.850958296498732
YPL172C,0.0911991521716118,-1.0412689447403,0.00696551264330825,0.0331094609303775,0.078026460049053,0.106202306784689,-1.10775810421369,-0.973866053035776
YPL169C,0.504873514175415,-0.297316670417786,0.0242431763555797,0.0208129777936266,0.460064138720433,0.555000364780426,-0.337181618042901,-0.255706731432145
YPL168W,0.0491703599691391,-1.31054067611694,0.00499884638258058,0.0441768072274622,0.0400309207538764,0.0595146884831289,-1.39760442380316,-1.22537583740997
YPL165C,0.00315378769300878,-2.53548216819763,0.00124514928667098,0.176846455639791,0.00122366182040423,0.0061098585332123,-2.91233859021775,-2.21396886305425
YPL163C,1.99452173709869,0.297282069921494,0.217899687911257,0.0470233076104561,1.61098023056984,2.47755691607793,0.207090210571378,0.394023634775826
YPL162C,0.175056651234627,-0.760127902030945,0.0216774185653701,0.0536428496810343,0.135392581174771,0.221536067128181,-0.86840518526522,-0.654555558594335
YPL161C,0.144406780600548,-0.841052830219269,0.00785631090417286,0.0235884790501122,0.129437082757552,0.160585686688622,-0.887941288610331,-0.794293169944852
YPL160W,4.98882007598877,0.69775778055191,0.165234100621133,0.0143898066682533,4.67469236850738,5.31036108732224,0.669753035941835,0.725124052661949
YPL159C,0.280077576637268,-0.556158125400543,0.0355066742835256,0.0545441801609668,0.217373855784535,0.357141046971083,-0.662792754436243,-0.447160240407784
YPL158C,0.326752215623856,-0.486192137002945,0.0142131483884982,0.0188848999034248,0.298854050785303,0.354763781776031,-0.5245408562546,-0.450060728991614
YPL157W,0.126344114542007,-0.90062141418457,0.0126884113866606,0.0434875689054744,0.103481889081498,0.152871258060137,-0.985135664320262,-0.815674192063333
YPL156C,0.136237293481827,-0.868289351463318,0.0149480833805688,0.0473022510159398,0.110100588016212,0.169342162584265,-0.958210375510438,-0.771234898405078
YPL154C,3.53801441192627,0.548054039478302,0.202308784689388,0.0247816334431087,3.16627549330393,3.95993895928065,0.500548697119981,0.597688470161995
YPL153C,0.0928963646292686,-1.03258407115936,0.00480480201284767,0.0224508555735558,0.0838165429110328,0.102689608931541,-1.07667026013991,-0.988473502947359
YPL152W,0.217814892530441,-0.663189172744751,0.0167398417715207,0.0332777747894162,0.187239963064591,0.253034210950136,-0.727601453742191,-0.596820770192963
YPL151C,0.106163620948792,-0.975094318389893,0.00745014941684466,0.0304998747021073,0.092035074904561,0.121149770046274,-1.03604663204865,-0.916677414136121
YPL150W,0.0733597725629807,-1.13514280319214,0.00385608383460124,0.0228240589866322,0.0660722516477108,0.0812278017401695,-1.17998089291508,-1.09029529987451
YPL146C,0.722789525985718,-0.141651064157486,0.0399504690334586,0.0239986240163572,0.647457455595334,0.802619315187136,-0.188788765915876,-0.0954903931830489
YPL145C,2.3434522151947,0.369212538003922,0.127720042249929,0.0236362041057389,2.11075925827026,2.60652375221252,0.324438702863827,0.416061686833662
YPL141C,0.126363664865494,-0.898809254169464,0.00564701220906313,0.0193528732153149,0.115829227554301,0.138362213969231,-0.93618184003007,-0.858982497344817
YPL139C,0.342787206172943,-0.465722739696503,0.0200940980799069,0.0254634045643902,0.304509143034617,0.382657206555208,-0.516399679549583,-0.417190105308181
YPL138C,0.159168764948845,-0.799761891365051,0.0137939890928333,0.0375168849264012,0.133737817406654,0.189013548567891,-0.873745768738788,-0.723507076807876
YPL137C,0.193317666649818,-0.713986456394196,0.00665906654468569,0.0149423181927137,0.180879013364514,0.206838130950928,-0.742611820214579,-0.684369395292571
YPL134C,0.108016781508923,-0.968898832798004,0.0113462640996644,0.0455995884684216,0.0873966289063295,0.131882800037662,-1.05850531910067,-0.879811861025049
YPL132W,0.141053587198257,-0.853147923946381,0.0152361578005168,0.0469625172607151,0.112792044567565,0.172193441664179,-0.947721559913917,-0.763983395745769
YPL131W,35.8841705322266,1.55356812477112,2.82859418991971,0.033985622426959,30.6810238361359,42.0414588928223,1.48686984801427,1.62367777738978
YPL128C,0.306182831525803,-0.514655292034149,0.0165852517405899,0.0234868726647393,0.274748504161835,0.339976160476605,-0.561064663366817,-0.468551535126481
YPL126W,0.755564868450165,-0.122017078101635,0.0275974984866423,0.0158348538391886,0.704064400494099,0.811952257156372,-0.15238761429673,-0.0904695065999655
YPL125W,0.275900781154633,-0.559537768363953,0.0100858341341896,0.0158831818523491,0.256466013689836,0.296135943382978,-0.590970178526747,-0.528508877184143
YPL124W,0.163293838500977,-0.792055010795593,0.0250918816350279,0.0659456936493402,0.119535145660241,0.220016248275836,-0.922504391828691,-0.65754531415668
YPL123C,0.177672028541565,-0.751526832580566,0.0129124493472316,0.031559060335399,0.153030961751938,0.20448898250858,-0.815220692335003,-0.68933008607692
YPL122C,0.209650754928589,-0.679226338863373,0.012107722925347,0.0250829291644134,0.186838612084587,0.233836386849483,-0.728533367501513,-0.631087915117089
YPL119C,0.050320953130722,-1.29959189891815,0.00395084859722152,0.034173878107919,0.0426479578949511,0.0584065169095993,-1.37010175924879,-1.2335386922716
YPL117C,2.05027842521667,0.30994924902916,0.190986991561671,0.0401715610032661,1.71179691652457,2.45929616689682,0.233452237136722,0.390810825579545
YPL116W,0.238832354545593,-0.622490406036377,0.0124015767036743,0.0225383742758765,0.214776034404834,0.264077267795801,-0.668014186332698,-0.578268986410124
YPL115C,0.171943426132202,-0.76492714881897,0.00653152650740198,0.0164888549627831,0.159526438390215,0.185424858580033,-0.797167330935403,-0.731832063163161
YPL113C,0.0576810725033283,-1.24113655090332,0.00576623511300764,0.0435084189144787,0.0468031657549242,0.0697197447841366,-1.32972477777748,-1.15664421133887
YPL112C,0.532854080200195,-0.274262577295303,0.0337568094003644,0.0274993437585775,0.470926612615585,0.601223985354106,-0.327046766372904,-0.220963702212814
YPL111W,1.91444981098175,0.280871897935867,0.141154517514244,0.0318820758724903,1.6524844010671,2.20955212116241,0.218137365996984,0.344304250575367
YPL110C,0.204483792185783,-0.689660012722015,0.00785265369551617,0.0166631862690122,0.18982478864491,0.22061316135029,-0.721647075210636,-0.65636858196399
YPL107W,0.127120241522789,-0.902393579483032,0.0225643802834148,0.0755435077839933,0.0899545368428032,0.175201662878195,-1.04597701990973,-0.756461792559419
YPL106C,14.7774715423584,1.1692476272583,0.598610483969733,0.0175556894017733,13.6707562367121,15.9636614481608,1.13579253944278,1.20313250834501
YPL105C,0.356615424156189,-0.448205262422562,0.0154183107773198,0.0187663333130443,0.327333703885476,0.387716923902432,-0.485009283645377,-0.411485241585295
YPL104W,0.0899527594447136,-1.04677903652191,0.00543542591775363,0.026248400504975,0.0796121959884961,0.101076866003374,-1.09902039737192,-0.995348232644211
YPL103C,0.118777953088284,-0.926407635211945,0.0086345636794595,0.0315000487855361,0.102988373053571,0.136646852393945,-0.987211804314345,-0.864400367767681
YPL101W,0.300335168838501,-0.523133218288422,0.0175796862412236,0.0253051076484201,0.268442932019631,0.336768106619517,-0.571148041939788,-0.472669047468883
YPL097W,0.129413887858391,-0.888908565044403,0.00829342909194242,0.027815285672763,0.113796829308073,0.146149191011985,-0.943869839521697,-0.835203584494933
YPL096W,0.204048126935959,-0.691523611545563,0.0155459996863923,0.0330369239732015,0.174820618207256,0.237129707386096,-0.757407431712001,-0.625014037345945
YPL092W,0.254595339298248,-0.594919741153717,0.0151884570468698,0.0258535247167848,0.226239892840385,0.28668276766936,-0.645430877901291,-0.542598411452358
YPL091W,1.82112669944763,0.259702771902084,0.0988391992523609,0.0235111413309792,1.64001235961914,2.02635052204132,0.214847120805858,0.306714552107602
YPL089C,0.0841181874275208,-1.07593083381653,0.00518406060146923,0.0267295889121511,0.0740591778109471,0.094629575808843,-1.1304211144037,-1.02397310805503
YPL088W,0.0323246233165264,-1.49581897258759,0.00508797430019526,0.0683816907425252,0.0232604800257832,0.0433405617251992,-1.63338133007181,-1.3631054684432
YPL087W,0.294851660728455,-0.532280385494232,0.0275613712185887,0.0404278873420622,0.244480663289626,0.353427875041962,-0.611755486730698,-0.451699201213714
YPL086C,0.637356400489807,-0.196147590875626,0.0315391621640057,0.0214769664908886,0.577900409698486,0.704596923788389,-0.238146997643448,-0.152059257286096
YPL085W,0.723580002784729,-0.140678912401199,0.020031073051858,0.0120092068300001,0.686984738210837,0.763588603834311,-0.163052911382383,-0.11714056461412
YPL084W,0.365408033132553,-0.437564164400101,0.0145434556552501,0.0172674225838586,0.337738058716059,0.395167414098978,-0.471420001438816,-0.403218875629322
YPL078C,2.01286673545837,0.300077021121979,0.266791921991308,0.0568332356862752,1.54960003495216,2.60898917714755,0.190219591368505,0.416472259368885
YPL077C,0.070541076362133,-1.16202342510223,0.0155679113396036,0.0956886630906393,0.0438367030272881,0.106155257796248,-1.35816211819851,-0.974059137201176
YPL075W,0.0795315951108932,-1.10023176670074,0.00474843990278197,0.0258960251148515,0.0707994175453981,0.0891244639952978,-1.14997033137938,-1.05000307104782
YPL074W,0.123826809227467,-0.907668650150299,0.00584838688734326,0.0204857078416609,0.112864332584043,0.135621011257172,-0.947443282358144,-0.86767302163301
YPL072W,0.0493880212306976,-1.30784368515015,0.00405762388064421,0.0356905326819856,0.0416262242943048,0.0574942044913769,-1.3806329807425,-1.24037593068893
YPL070W,0.155249029397964,-0.809545159339905,0.00795763953671375,0.0223105399521566,0.139202332744996,0.170953479285042,-0.856353487958275,-0.767122116587307
YPL069C,0.101138569414616,-0.997436702251434,0.010579369809228,0.0451797129507123,0.0827091585844755,0.123873676794271,-1.08244642168047,-0.907020971615431
YPL068C,0.156179383397102,-0.80905681848526,0.017403016009174,0.0482376830125467,0.125006261840463,0.192496845126152,-0.903068231675282,-0.715576383847225
YPL066W,0.070919930934906,-1.15065181255341,0.00574338684422639,0.0350945514118679,0.0606555710857113,0.0828768685460091,-1.21712930403981,-1.08156666685175
YPL065W,0.157720386981964,-0.807732939720154,0.025547696019827,0.0698704899680614,0.113888642502328,0.21288883437713,-0.943519585876413,-0.671847121097931
YPL064C,0.176831960678101,-0.754582285881042,0.0175950635983194,0.0431578320434067,0.145101063822707,0.213541103899479,-0.838330115240001,-0.670518557297238
YPL061W,18.5385036468506,1.26758396625519,0.882200687376095,0.0206321018199334,16.8894290924072,20.3395804723104,1.22761496951134,1.3083419907284
YPL060W,0.0568652637302876,-1.24715709686279,0.00547750662173917,0.0416904995354232,0.0468058176338673,0.0684494800244769,-1.32970016382197,-1.16462985254452
YPL058C,0.179595768451691,-0.745949625968933,0.00606139580752585,0.0146536589297048,0.168047666549683,0.191824472819765,-0.774567513611835,-0.717095986672476
YPL057C,0.302325427532196,-0.520618140697479,0.0214872486999442,0.0308106974826281,0.263033784429232,0.346603516985973,-0.579988483669019,-0.460167053655626
YPL055C,0.334944665431976,-0.476393014192581,0.0265986725260361,0.0344329426244623,0.286868721246719,0.388405904173851,-0.542316802505135,-0.410714177069733
YPL053C,0.741621196269989,-0.130453795194626,0.0401842172710955,0.0234905700064908,0.667716591060162,0.825103370348613,-0.175407834867879,-0.0834916511845176
YPL050C,0.997383415699005,-0.00216190936043859,0.0686718508760499,0.0297900297524113,0.873910188674927,1.14524622559547,-0.0585331973050284,0.0588988677816779
YPL049C,0.475319147109985,-0.323692172765732,0.0265881334503329,0.0242576668108375,0.426447816689809,0.529209530850252,-0.370134104896538,-0.276372343525001
YPL045W,0.133784636855125,-0.874122381210327,0.00660327044193382,0.0214211124501212,0.121228703483939,0.147155225276947,-0.916394539503112,-0.832224312098832
YPL043W,1.02049279212952,0.0084341038018465,0.0425098347833107,0.0180819595892371,0.939917109906673,1.106144079566,-0.0269104455440231,0.043811694521315
YPL042C,0.0622362904250622,-1.20707297325134,0.00446593371801408,0.0311622878798462,0.0538868616335094,0.0712128213917216,-1.26851717319745,-1.14744180752135
YPL039W,0.0882880762219429,-1.05653965473175,0.00940887637508144,0.045991159688741,0.0720757922157645,0.108145104969541,-1.1422105771056,-0.965993135637406
YPL033C,0.00246631540358067,-2.6731128692627,0.00133996387294638,0.246730736941982,0.000619382170649866,0.0058749932795763,-3.20804131088176,-2.2309926258468
YPL032C,0.568698465824127,-0.245433136820793,0.0217046888312753,0.0165617637566231,0.526961242159208,0.611620550851027,-0.278221326156304,-0.213517947976904
YPL031C,0.472453474998474,-0.327104270458221,0.0389216954957597,0.0356055758825669,0.402274947613478,0.551509189605713,-0.395477020647269,-0.2584472906937
YPL030W,0.359225332736969,-0.445196092128754,0.0183211073621657,0.0221234972033937,0.324287956456343,0.397668690234423,-0.489069180053848,-0.400478601294964
YPL028W,5.50818490982056,0.740227162837982,0.330940125484696,0.0260615237098763,4.88667799631755,6.17910038630168,0.689013704474874,0.790925250451513
YPL027W,0.00360973132774234,-2.51598525047302,0.00207375367223684,0.264559319049647,0.000798756204312667,0.00860452761407942,-3.09758578509929,-2.06527297730941
YPL026C,0.158289581537247,-0.801402688026428,0.00992737347039527,0.0272646637326295,0.13915212067465,0.1786075035731,-0.856510179113395,-0.748100303173453
YPL024W,0.0908806473016739,-1.05031681060791,0.0184599542636957,0.087362568078647,0.0601795342440406,0.132248632485668,-1.2205511900157,-0.878608810387661
YPL023C,0.383102536201477,-0.417140036821365,0.0175605237112846,0.0198771367094099,0.350030060112476,0.419982715696096,-0.455894657914719,-0.376768583091684
YPL020C,0.112261816859245,-0.950438857078552,0.00623757537884074,0.0240959965977187,0.100289328893026,0.125282656525572,-0.998745280916601,-0.902109049854528
YPL019C,3.71324968338013,0.56947386264801,0.133555737882078,0.0156086966089553,3.45648457209269,3.98370838165283,0.53863461665287,0.600287539371545
YPL017C,0.0222062133252621,-1.65656363964081,0.00262862822830327,0.051517156510212,0.0173268211074173,0.0276407371430347,-1.7612811085131,-1.55845038173544
YPL015C,0.218168973922729,-0.662470161914825,0.0166577342554768,0.0331220724447354,0.18723828655978,0.25238372584184,-0.727605396722769,-0.597938667357527
YPL014W,0.0891881510615349,-1.05136835575104,0.00784526785247781,0.0381756194317252,0.0751414969563484,0.105574368933837,-1.12412015724434,-0.976441506138703
YPL012W,0.776339054107666,-0.11018006503582,0.0253378992354139,0.0141783686579881,0.728046573201815,0.826600313186646,-0.137840838904745,-0.082704434506517
YPL011C,0.152618244290352,-0.817932546138763,0.0128755289380771,0.0365510174712155,0.129278867691755,0.180325333525737,-0.888472461134315,-0.743943256869341
YPL009C,0.608517467975616,-0.216033294796944,0.0228668634935349,0.0163182164188221,0.565204727152983,0.653636160989602,-0.247794214631341,-0.184663929603563
YPL007C,0.111349023878574,-0.954064428806305,0.00656877189697601,0.0255911967736227,0.0988768208151062,0.124948396595816,-1.00490551394784,-0.903269313006296
YPL006W,0.253290593624115,-0.596725821495056,0.0101224427745837,0.0173300592585646,0.234190585588415,0.274244220306476,-0.630430573350767,-0.561862522594642
YPL005W,0.024690268561244,-1.60951888561249,0.00239824944147163,0.0421600631730335,0.0203038490222146,0.029673290795957,-1.69242163587161,-1.52763428778721
YPL004C,3.42978167533875,0.534236073493958,0.236627822194648,0.0299204135549081,2.99444089134534,3.92430111368497,0.476315741810687,0.593762323621587
YPL002C,0.171267792582512,-0.773215413093567,0.0308851328470748,0.0772190887132284,0.118723794755836,0.239520784591635,-0.925462242842006,-0.620656794487252
YPL001W,0.38600766658783,-0.414447695016861,0.0267855894660241,0.0301258426999509,0.335766667624315,0.442099129656951,-0.473962421035582,-0.354480357332332
YPR001W,0.0098479175940156,-2.01260733604431,0.00163171111576664,0.0721417667277087,0.00693820130545646,0.0134227888348202,-2.15875336422211,-1.87215756457293
YPR002W,0.0404359586536884,-1.39486122131348,0.0035070177144734,0.0376203193108548,0.0338769070804119,0.0477770111213128,-1.47009624707882,-1.32078102454318
YPR005C,0.0161539223045111,-1.80337202548981,0.00376271364609688,0.101078194618349,0.0097111149225384,0.024677840868632,-2.01273099678102,-1.60769286479653
YPR007C,0.00136627512983978,-2.89097332954407,0.000470326953803159,0.155310404473642,0.000596223582882279,0.00242787040576028,-3.22459109825581,-2.6147744986376
YPR008W,0.189705520868301,-0.722492277622223,0.00975270795386266,0.0222861209237666,0.17120875120163,0.209555119276047,-0.766474053680068,-0.678701725638985
YPR010C,1.74291837215424,0.241028875112534,0.0588869626244197,0.0146643770438965,1.63140077094237,1.86120776832104,0.212560661564367,0.26979485286403
YPR011C,0.107012569904327,-0.97281014919281,0.010885945316074,0.044220631491158,0.0870571071282029,0.129089656472206,-1.06019576837205,-0.889108558234428
YPR013C,0.0463768728077412,-1.33777797222137,0.00637189827884089,0.0596225989804733,0.0352119205519557,0.0598501704012354,-1.45331028677425,-1.22293466209416
YPR016C,2.43024635314941,0.382351577281952,0.301647573537756,0.0534440214168168,1.90214844346046,3.08943973580996,0.279244405961472,0.489879663753606
YPR018W,0.205706983804703,-0.68739926815033,0.0112456738381417,0.0237105944693511,0.184598463401198,0.22832576756676,-0.733771919420475,-0.641445073802376
YPR019W,0.356360733509064,-0.448430716991425,0.0136831526564044,0.0166497844994039,0.330304519832134,0.383939706534147,-0.481085483526598,-0.415736972968214
YPR024W,0.652129292488098,-0.186070010066032,0.0281304105051317,0.0187261044829587,0.597417928278446,0.708553944031398,-0.223721748935773,-0.149627082561832
YPR025C,0.163374215364456,-0.788235425949097,0.0132367911858339,0.0351317157836089,0.13912690654397,0.190524931252003,-0.85658887211967,-0.720048194476827
YPR027C,0.00617740489542484,-2.25029706954956,0.00267541554874648,0.194863050219225,0.00210251748018588,0.0124250205621744,-2.67726158668427,-1.90570288387985
YPR029C,0.341481924057007,-0.46700581908226,0.0141849193390535,0.0180189630963397,0.314425246914228,0.370826893548171,-0.502482589478314,-0.430828777122665
YPR031W,0.0550675615668297,-1.26003217697144,0.00359769714339152,0.0283611913088227,0.048303474796315,0.0623400432989001,-1.31602162676611,-1.20523290670755
YPR032W,0.183605223894119,-0.736463487148285,0.0073482410054772,0.0173848766738106,0.169881946220994,0.198258424674471,-0.769852772344671,-0.702768348973307
YPR034W,0.504927515983582,-0.297518074512482,0.0296554702825492,0.0254818590795272,0.448958694934845,0.567162124315898,-0.347793613088074,-0.246292783561631
YPR035W,6.14058589935303,0.787248313426971,0.410407706790593,0.0289019228621935,5.40582791169484,7.03697686990102,0.732862198237699,0.847386119294974
YPR036W,3.75272417068481,0.573824286460876,0.184382620750952,0.0212968204081977,3.40747134486834,4.11910377343496,0.532432211708012,0.614802731351328
YPR041W,3.64735436439514,0.56123685836792,0.213436843373977,0.0253877294246484,3.24704945882161,4.09000784953435,0.511488903805187,0.6117241414078
YPR045C,0.36457571387291,-0.439009517431259,0.0221148209848623,0.0263219982579304,0.322952001541853,0.410100399702787,-0.490862054991695,-0.38710981398931
YPR047W,0.09227254986763,-1.03632926940918,0.00744313178978862,0.0348757941767036,0.0784784915546576,0.108461840450764,-1.10524935504697,-0.96472305179811
YPR048W,0.222731128334999,-0.652767777442932,0.0112090359775687,0.0218450110265742,0.201562456289927,0.245323978240291,-0.69559036501526,-0.610260001411581
YPR054W,0.00112870358861983,-3.00734233856201,0.000584955185796084,0.237468223579226,0.00029082948458381,0.00249637572948511,-3.53636156637237,-2.60269009285086
YPR055W,0.184033244848251,-0.735467851161957,0.00755053943984359,0.0178329863376069,0.169672355055809,0.198630422353745,-0.770388912100369,-0.701954233944831
YPR056W,0.301801353693008,-0.521742939949036,0.0248644109800417,0.0356384902564178,0.256128793954849,0.35368061264356,-0.591541595573754,-0.451388746345477
YPR058W,0.504364669322968,-0.299083441495895,0.046470891976581,0.0398297727719321,0.420123875141144,0.601856217781703,-0.376622637320796,-0.220507248415918
YPR060C,1.13134574890137,0.0509109273552895,0.126639801130962,0.0482012152911786,0.914588311314583,1.40075040658315,-0.0387743622415779,0.14636072518587
YPR061C,0.0504115037620068,-1.30155098438263,0.00692950914599205,0.0596121910506204,0.0380428591432671,0.0650460583468278,-1.41972686094777,-1.18677902459395
YPR066W,0.0731896087527275,-1.13893818855286,0.00916332566288601,0.0542745410487961,0.056665994754682,0.0923746631170313,-1.24667754752899,-1.03444713251426
YPR070W,0.127856060862541,-0.894055247306824,0.007656873332013,0.0260240347349799,0.113431915765007,0.143592598413428,-0.945264734853814,-0.842867950096564
YPR072W,0.775022447109222,-0.111187390983105,0.0372688605745266,0.0208591922975693,0.705317556858063,0.852814376354218,-0.151615309166566,-0.0691454871182996
YPR074C,8.06400871276855,0.906200468540192,0.322791762447544,0.0173797557184415,7.44338605006536,8.72589887777964,0.871770543803139,0.940810173549129
YPR075C,0.414036422967911,-0.384116768836975,0.0302408816269488,0.0316879974524635,0.357906708369652,0.477201351026694,-0.446230162062419,-0.321298338692132
YPR078C,0.00236022216267884,-2.67066836357117,0.00104123521658967,0.201944469436125,0.000773269985317408,0.00478682015091181,-3.11167012596969,-2.31995288940418
YPR079W,0.315048336982727,-0.502713561058044,0.0223515219359711,0.0307769028336957,0.273679024974505,0.361935834338268,-0.562758486322546,-0.44136841668535
YPR081C,0.084377184510231,-1.07453000545502,0.00497130983222561,0.0255818604449618,0.0751532258465886,0.0946756973862648,-1.12405237391948,-1.02376148715891
YPR083W,0.0505029708147049,-1.297926902771,0.00382117555801828,0.0328417228524346,0.0433444253169,0.0582693168893456,-1.36306675159966,-1.23456007433562
YPR084W,0.0663934201002121,-1.17913830280304,0.00507193446515073,0.0331192201141116,0.0569009787713488,0.0770396996289492,-1.24488026491883,-1.11328542893343
YPR085C,0.0402340963482857,-1.39736127853394,0.00382041776412346,0.0412154411051723,0.0332555764354765,0.0479118462651968,-1.47813552580774,-1.31955709948674
YPR086W,0.624567151069641,-0.205673635005951,0.0475188237853721,0.0329739360097748,0.53683465719223,0.722779574990273,-0.270159454572512,-0.140994128885522
YPR088C,1.56831991672516,0.194959536194801,0.073328098138812,0.0203010275083363,1.42865869402885,1.72122979164124,0.154928486301766,0.235838854394845
YPR089W,0.209420502185822,-0.679333031177521,0.00845194453412752,0.0175037358053188,0.193713876977563,0.226944364607334,-0.712839272925197,-0.644080597568617
YPR091C,0.28136682510376,-0.55111563205719,0.0119031844253007,0.0183655730587677,0.258931846668323,0.305636066943407,-0.58681453188104,-0.514795397642251
YPR093C,0.0673341825604439,-1.17589175701141,0.00932220190680507,0.0599025583465484,0.0504636758938432,0.0881746678923567,-1.29702112433858,-1.05465618358669
YPR095C,0.05313466116786,-1.27511918544769,0.00254160431862543,0.0207959333163343,0.0481856199602286,0.0581820412228505,-1.31708254928102,-1.23521104636206
YPR097W,0.323441624641418,-0.490505278110504,0.0120448321644467,0.0161493819953783,0.300951022158066,0.3480282617112,-0.52150417745577,-0.45838548944489
YPR103W,2.42435050010681,0.382827460765839,0.219928860256998,0.0391300868411975,2.03069308996201,2.90459156036377,0.307644290636434,0.463085071132097
YPR105C,0.16600638628006,-0.78028929233551,0.00724843048540169,0.0189567403332299,0.152411439393957,0.180930897593498,-0.816982435465524,-0.742487262280361
YPR106W,0.184502363204956,-0.734963357448578,0.0123353749782106,0.0288985412055148,0.162191520879666,0.210435792431235,-0.789971857017068,-0.67688039985658
YPR108W,1.77312505245209,0.248110204935074,0.0955813031540488,0.0233688628482689,1.59111714263757,1.97223365306854,0.201702148311212,0.294958365081469
YPR109W,0.109064564108849,-0.965571165084839,0.013394603713373,0.0531763522807455,0.0854707901055614,0.137258422374725,-1.06818229447768,-0.86246099930015
YPR110C,2.33293724060059,0.366713643074036,0.173074422370184,0.0321213221222354,2.0231784760952,2.69590250849724,0.306034195154812,0.43070418266752
YPR111W,0.113708853721619,-0.945035040378571,0.00703505679565423,0.026819994645384,0.100785722831885,0.12839652026693,-0.996600987142716,-0.891446753399979
YPR112C,0.737959206104279,-0.132305815815926,0.0291005660452916,0.0171291478367279,0.68186270048221,0.79659099727869,-0.166303066206975,-0.0987646067469646
YPR115W,0.0848937854170799,-1.07157850265503,0.0038788915884902,0.0198229788171644,0.0775455911333362,0.0929984104509155,-1.11044289762688,-1.03152448679177
YPR118W,1.17885637283325,0.0707078948616982,0.069527422070948,0.0255801299835097,1.05244959890842,1.32006933589776,0.0222013051396572,0.120596736577317
YPR119W,0.38978698849678,-0.409882128238678,0.0222852798971679,0.0248354089371852,0.347906907896201,0.434587606539329,-0.458536948041495,-0.361922665359106
YPR120C,0.170452117919922,-0.769456028938293,0.0119312735877874,0.0303034201322209,0.148430362467964,0.195472528412938,-0.828477252010911,-0.708914270219187
YPR121W,0.000471804611152038,-3.41042470932007,0.000288736896261709,0.28305627369787,9.73033311311156e-05,0.00117067505683129,-4.0118722916217,-2.93156380460114
YPR122W,0.0961650684475899,-1.01737439632416,0.00409133261952287,0.0184997518634446,0.0883404494573673,0.104347415951391,-1.05384039620475,-0.981518302234889
YPR125W,0.413378030061722,-0.384470105171204,0.0254284423477138,0.0266287871055657,0.366852430005868,0.465428251773119,-0.435508600829337,-0.33214725831994
YPR127W,0.258313924074173,-0.589588105678558,0.0231873881031753,0.0387997492679195,0.216555803641677,0.306646893670162,-0.664430181110442,-0.513361449010572
YPR128C,0.389301180839539,-0.411209464073181,0.0323738899236259,0.036015702568703,0.329961875081062,0.455121578772863,-0.481536240201834,-0.341872595682492
YPR129W,1.39583206176758,0.143771827220917,0.097852700049818,0.0303563110369455,1.2166448344787,1.60151827335358,0.0851638076956665,0.204531898336306
YPR133C,0.839533388614655,-0.0767304077744484,0.0499512745137433,0.0258376257871532,0.747238944967588,0.940471244355043,-0.126540505312919,-0.0266545120426441
YPR134W,0.0707180947065353,-1.15672945976257,0.0121035667446901,0.0736983968440522,0.0502584650491675,0.0972119942307472,-1.29879093594302,-1.01228014755455
YPR135W,0.298041373491287,-0.526109397411346,0.0125812850847181,0.0183364756107098,0.273758796602488,0.322829842567444,-0.562631920533612,-0.491026325674527
YPR139C,0.336324423551559,-0.475123047828674,0.0314203236341326,0.0403687363777405,0.279777719825506,0.401923409601053,-0.553186914388641,-0.395856711797178
YPR141C,0.137401059269905,-0.862539649009705,0.00678851906069718,0.0214710173751308,0.124691898437838,0.150677070394158,-0.904161762882536,-0.821952832410856
YPR143W,0.92798113822937,-0.0352826006710529,0.106510155727219,0.0494271394893768,0.73890824864308,1.15197051763535,-0.131409485628542,0.0614413619236827
YPR144C,0.397112250328064,-0.401663154363632,0.0204583299083775,0.0223702031151103,0.35851599574089,0.439402908086777,-0.445491464188872,-0.357137073128161
YPR147C,0.462774962186813,-0.336396545171738,0.0418522257155941,0.0391359413698759,0.386012397209803,0.551961974302928,-0.413398747872988,-0.258090840813324
YPR148C,0.825877130031586,-0.0837803706526756,0.0467359198162202,0.0245771302799769,0.73685057858626,0.922806645929814,-0.132620571790464,-0.0348892939150711
YPR152C,0.114702060818672,-0.941449522972107,0.00788112808396358,0.0297552059804191,0.1003196719413,0.131055767585834,-0.998613897484054,-0.882543865982649
YPR155C,0.13590432703495,-0.867547869682312,0.00817127432359797,0.0260794824473485,0.120428644120693,0.152649441858133,-0.919270203244266,-0.816304779308121
YPR157W,0.0160314217209816,-1.80012166500092,0.00245583154328724,0.0667057959858872,0.0116127755648146,0.0212895623253038,-1.93506397707886,-1.67183364963691
YPR158W,0.312767267227173,-0.509077131748199,0.0445435285371649,0.0609285396168699,0.236371362581849,0.409090991814931,-0.626405200531577,-0.388180099562295
YPR160W,0.280980855226517,-0.551712989807129,0.0119266032637851,0.0184315553258252,0.258236625045538,0.304762373367945,-0.587982164227863,-0.516038653440534
YPR161C,0.30048879981041,-0.522680580615997,0.0145804466439245,0.0210532101840964,0.273698341101408,0.330327153205872,-0.562727835446196,-0.481055725422162
YPR162C,0.149404644966125,-0.826416909694672,0.00896495006509667,0.0260352504296399,0.132700024421016,0.167078410834074,-0.877129030813282,-0.77707966442566
YPR163C,7.12788772583008,0.852417409420013,0.357056060529962,0.0217271111870263,6.46855118274689,7.85432437260946,0.810807018010415,0.895108830838838
YPR164W,0.0998464077711105,-1.00098764896393,0.00385555747779993,0.0167619317125564,0.0926696136593819,0.107725710235536,-1.03306264755349,-0.967680635131941
YPR167C,0.117257691919804,-0.936042845249176,0.0182074657304763,0.0671725031838212,0.0857684877390663,0.158596684038639,-1.0666723846314,-0.799705937655879
YPR169W,0.408731937408447,-0.389279216527939,0.0234979778075073,0.0249611135354946,0.364474301536878,0.456552472213904,-0.438333088531676,-0.340509304815353
YPR171W,0.198831334710121,-0.702296793460846,0.0119409176899207,0.0260653862119774,0.17632833396395,0.223277631153663,-0.753677896107512,-0.65115478664954
YPR173C,0.547803997993469,-0.262141704559326,0.0326208697170759,0.0257944086118649,0.487791646768649,0.617065906524658,-0.311765641121744,-0.209668448267974
YPR178W,0.141102150082588,-0.851342499256134,0.00896291758714454,0.02760357959216,0.123889561804632,0.159068136041363,-0.90696530650726,-0.79841680823646
YPR179C,0.131441369652748,-0.881951093673706,0.00737782939598782,0.0243399484549039,0.117808695323765,0.14634782585005,-0.928822665266622,-0.83461372671971
YPR180W,0.404972225427628,-0.393669664859772,0.0289241022804987,0.0307801225650607,0.353528130054474,0.466760647545258,-0.451576025277217,-0.330905790734155
YPR181C,2.24351072311401,0.350636154413223,0.0825441566381088,0.0159772801325498,2.08637309074402,2.41592175165812,0.319391972720946,0.383082863954019
YPR183W,3.05527973175049,0.48307392001152,0.292630572641165,0.0414134442179449,2.53628755013148,3.68913372556369,0.404198475756639,0.566924396741129
YPR185W,0.104660049080849,-0.980809450149536,0.00545492388905755,0.022607924917157,0.0946369525045156,0.115859179385006,-1.02393925330242,-0.936069552306657
YPR186C,0.111391209065914,-0.95437490940094,0.00837924630357593,0.0326276603177934,0.0956026166677475,0.129084611063202,-1.01953022081164,-0.88912555020902
YPR189W,0.456711024045944,-0.340570151805878,0.014289386495118,0.0135749865347374,0.429719351728757,0.485233265409867,-0.366815088918982,-0.31404943531051
YPR190C,0.347191423177719,-0.459897398948669,0.0161001791571497,0.020153189706802,0.316322326660156,0.379175896197557,-0.499870153938391,-0.421159279856552
YPR192W,0.00791363697499037,-2.11968660354614,0.00228428122717698,0.126364148676799,0.0041639484736758,0.012966320461904,-2.38049494958748,-1.8871832504996
YPR198W,0.232122480869293,-0.634907007217407,0.0124751145969942,0.0233143274436165,0.20901951007545,0.256390438477198,-0.679813187791418,-0.591098186649011
YPR201W,0.0252688750624657,-1.60213983058929,0.00372184961500838,0.0643058343777409,0.0184555035084486,0.0328793915609519,-1.73387410175752,-1.48307623032377
