GeneID,Mean,Mean.log10,Std.Dev,log10.Std.Dev,0.025,0.975,log10.0.025,log10.0.975
YAL061W,0.239706829190254,-0.621531665325165,0.0179761601152897,0.0324278006682499,0.207151555269957,0.277666682998339,-0.683711804482797,-0.556476231631375
YAL058W,0.172333657741547,-0.764658570289612,0.0119322632884565,0.0298238731284934,0.151794585461418,0.197770434245467,-0.818743723063264,-0.703838634009605
YAL053W,0.475145697593689,-0.32377877831459,0.025236469898205,0.0229264854387838,0.431571424007416,0.527972084283829,-0.364947319333786,-0.277389039530571
YAL051W,0.148941710591316,-0.827611744403839,0.00805066439749942,0.0233007517144559,0.135016039013863,0.166365583613515,-0.869614637123791,-0.77893651478693
YAL049C,0.817744016647339,-0.0904338732361794,0.0976791974763006,0.0513741425059217,0.650420086582502,1.02772285441558,-0.186806057390949,0.0118760129591336
YAL048C,0.0964374840259552,-1.01671588420868,0.00643369305096994,0.0288780071206809,0.0844956785440445,0.110228713912268,-1.07316550208543,-0.957705259711075
YAL047C,0.0842436850070953,-1.07555532455444,0.00600179972620951,0.0308063198883826,0.0734298337250948,0.0969097044318914,-1.13412745561169,-1.01363273118064
YAL043C,0.271148681640625,-0.567439436912537,0.0148783722529364,0.0236734776831695,0.244979428375761,0.303250114868085,-0.610870383143638,-0.518199026146409
YAL042W,1.41062963008881,0.1484694480896,0.093089463899116,0.0286049474290755,1.24155121048292,1.59847924013933,0.0939646372578602,0.203706999911447
YAL040C,0.0847489908337593,-1.07308053970337,0.0063566770782025,0.0324563823038929,0.0733752339457472,0.0978821620345116,-1.13445050150819,-1.00929644646914
YAL039C,0.359536617994308,-0.446819424629211,0.0393371034537468,0.0470801844671821,0.290751996884743,0.443939572324355,-0.536477296102623,-0.352676163659169
YAL038W,65.9980010986328,1.81879997253418,3.84687554044123,0.0251678311378095,59.2384668032328,74.1783206303914,1.77260380948052,1.87027699456171
YAL037W,0.0149688506498933,-1.84097015857697,0.0040946795017398,0.119399426736037,0.00818349862626443,0.0242492779623717,-2.08706100029816,-1.6153011882628
YAL036C,1.62869918346405,0.210763961076736,0.115038754215054,0.0305892284417526,1.41603174507618,1.86543874641259,0.151072987377218,0.270780992764009
YAL035W,3.62390899658203,0.558675467967987,0.175262990529252,0.0208597085344334,3.32589821616809,3.99407815933228,0.521908952621676,0.601416559241392
YAL034C,0.0288399625569582,-1.54344129562378,0.00363769614256459,0.0546664044019055,0.0222241567292561,0.0367142638502022,-1.65317471219191,-1.43516518840013
YAL032C,0.156288534402847,-0.807577550411224,0.0130423361457262,0.036120016177657,0.132463017602762,0.184344711403052,-0.877905359184104,-0.734369336711015
YAL031C,0.0965676605701447,-1.01606214046478,0.00622345704488977,0.0277748063376535,0.0856198916211724,0.110051916539669,-1.06742532633687,-0.958402389937701
YAL028W,0.0278007537126541,-1.55864453315735,0.00311509566125296,0.0483817944417254,0.0222876708488911,0.0344248966003458,-1.65193531491878,-1.46312739308187
YAL027W,0.12561371922493,-0.905906081199646,0.0190265727066561,0.0655481490237577,0.0922752469778061,0.166404980793595,-1.03491478372694,-0.778833678696896
YAL025C,1.26229476928711,0.0994141325354576,0.113715859060606,0.0389082725029853,1.05935454368591,1.49820554256439,0.0250413336647891,0.175571399396771
YAL023C,1.98154067993164,0.296379774808884,0.106696087174858,0.0232093040971885,1.79502618312836,2.2129471262296,0.254070787791904,0.34497103722386
YAL022C,0.280873686075211,-0.552472591400146,0.018960739305686,0.0291462992427928,0.247945260132353,0.320910339057445,-0.605644190580683,-0.493616291624244
YAL021C,0.585960030555725,-0.232781589031219,0.0321297999086711,0.0237089275186902,0.528507554034392,0.652708181738853,-0.276948800888795,-0.185280943380837
YAL020C,0.107021279633045,-0.973488211631775,0.0125382344592318,0.0506325709309677,0.084676258576413,0.134426276882489,-1.07223834502071,-0.871515851997164
YAL019W,0.336296677589417,-0.473860144615173,0.0174784033769914,0.0224330173986648,0.306469125300646,0.372763812541962,-0.513613272052719,-0.428566255052394
YAL018C,0.00192038097884506,-2.78750276565552,0.00109366071644771,0.257715712788321,0.000454308957705507,0.00458033895896127,-3.3426488165153,-2.33910242860349
YAL014C,0.252049684524536,-0.602464377880096,0.0341144671799112,0.0586302246371491,0.191115993137161,0.324011631061633,-0.718702968674279,-0.48943940918813
YAL012W,10.120306968689,1.00416696071625,0.698729167859715,0.0298009072539995,8.8775093237559,11.6116787274679,0.948291136818149,1.06489501112331
YAL010C,0.0948714315891266,-1.02435147762299,0.00789034927722669,0.0359394693612484,0.0806357420360049,0.111531972015897,-1.09347241318239,-0.952600620672016
YAR002W,0.712141513824463,-0.148212224245071,0.0427162993387596,0.0259655310127497,0.634015942116578,0.801176185409228,-0.197899822268021,-0.0962719683894633
YAR007C,0.975145220756531,-0.0116336848586798,0.0556494229289844,0.0246929252354473,0.87549323340257,1.09064296384652,-0.0577472064160199,0.0376826019093287
YAR008W,0.156219780445099,-0.809755265712738,0.0199295382159514,0.0550423058413125,0.121023112597565,0.199806640048822,-0.917131681626127,-0.699390084004337
YAR015W,2.4728307723999,0.391523241996765,0.218039918376477,0.0380395307002826,2.07275861899058,2.93454285860062,0.316548720519988,0.467540444560032
YAR018C,0.106613352894783,-0.973808407783508,0.0092168971214847,0.0374823480277074,0.0895290623729428,0.12603906467557,-1.04803596910375,-0.899494836359824
YAR042W,0.276741236448288,-0.558518707752228,0.014465474880495,0.0226192788798491,0.251309728622437,0.306711378196875,-0.599790699079335,-0.513270112521706
YBL106C,0.0728832259774208,-1.13822221755981,0.00457676243380325,0.0271704281105834,0.0644787326455116,0.0823342453067501,-1.19058350734549,-1.08441949098596
YBL105C,0.240641131997108,-0.619218349456787,0.0125793874870395,0.0225606008148737,0.218761278564731,0.267623839030663,-0.660029547167579,-0.572475203813868
YBL103C,0.200211226940155,-0.699633359909058,0.0144550653231311,0.0311857229291011,0.174258578444521,0.230460554361343,-0.758805833190726,-0.637403397776257
YBL101C,0.157497808337212,-0.803340911865234,0.00840914646130932,0.0230652445489311,0.142791212722659,0.175187915563583,-0.845298518317771,-0.756495854703661
YBL098W,0.325519979000092,-0.488547652959824,0.023525173396861,0.0312479230816412,0.283354299515486,0.375165730714798,-0.547670193147931,-0.425776838846222
YBL097W,0.167083829641342,-0.77783989906311,0.0100008194767375,0.0259006044903829,0.1491583203276,0.187973254173994,-0.826352517848236,-0.725903941246074
YBL095W,0.0582349374890327,-1.24107134342194,0.00992870399512469,0.0738187854652103,0.0410691725400587,0.079938099719584,-1.38648404916234,-1.09724618004942
YBL091C,1.32431745529175,0.121007017791271,0.0892754754300973,0.0292303611782577,1.1601043621699,1.50835976699988,0.0644970597396558,0.178504933504652
YBL086C,0.171854972839355,-0.765937626361847,0.0122666322524619,0.0308901993126329,0.149725281571349,0.197540122146408,-0.824704877491169,-0.70434468223102
YBL085W,0.270641565322876,-0.5682053565979,0.0142627689486349,0.0227595861962766,0.245944316933552,0.300484597682953,-0.609163208467698,-0.522177784269348
YBL084C,0.0757322907447815,-1.12177073955536,0.00529150867415743,0.0302390905471406,0.0661189287900925,0.0868015687912703,-1.17967419386487,-1.06147242568477
YBL081W,0.162437736988068,-0.79113757610321,0.0149179705300546,0.0398077651519605,0.135022573173046,0.193630015105009,-0.869593620383322,-0.713027322271894
YBL080C,0.0659830123186111,-1.18222761154175,0.00577331022021777,0.0380017775118677,0.0552349620498717,0.0777943817898631,-1.25778594004503,-1.10905176611789
YBL079W,0.324079185724258,-0.489877790212631,0.0160403071269334,0.0213807680177362,0.296290483822425,0.357524750133355,-0.528282297799215,-0.446693888257623
YBL076C,4.36784219741821,0.639750897884369,0.214107639537605,0.0211208374889075,4.01427560249964,4.81388202508291,0.603607185921308,0.682495441358518
YBL069W,0.450432032346725,-0.347468376159668,0.0320897231561179,0.0308616100555153,0.391987703492244,0.515524904429913,-0.406727556429509,-0.28775035102266
YBL068W,0.953740894794464,-0.0220566987991333,0.0791913012111225,0.0359179837681634,0.813302830855052,1.11812913417816,-0.0897477178699905,0.0484919636777476
YBL064C,0.951920509338379,-0.0240364000201225,0.105566959220857,0.047801875086261,0.765887188911438,1.18210326333841,-0.115835195010325,0.0726554159600941
YBL063W,0.0897710248827934,-1.04757654666901,0.00515707144235787,0.0248366710073637,0.0806483775377274,0.100723545377453,-1.0934043652062,-0.996868997094651
YBL061C,0.344058245420456,-0.464061766862869,0.0195060500355462,0.0245450084442217,0.308987423280875,0.384282693515221,-0.510059197330982,-0.415349187244324
YBL058W,1.75489807128906,0.243363082408905,0.112612240980731,0.0277380496347677,1.5523979028066,1.99271419048309,0.191003047358105,0.299445013210137
YBL056W,1.14749038219452,0.058923352509737,0.0709833061476604,0.0267386235395637,1.02119223872821,1.29544476469358,0.00910750410133201,0.112418895876563
YBL052C,0.0449104495346546,-1.34891140460968,0.00343183462708836,0.0330841091195767,0.0386079145905872,0.0520861241035163,-1.41332365655907,-1.28327795866275
YBL051C,0.731826901435852,-0.136298060417175,0.041926478107351,0.0247504649313543,0.658921342094739,0.819808542728424,-0.181166425876961,-0.0862875604761104
YBL050W,1.39991509914398,0.144303485751152,0.128007653916988,0.0394573801290717,1.17324627439181,1.66923334896564,0.0693891701118393,0.222517026943156
YBL047C,1.33710515499115,0.125672027468681,0.0641080113153648,0.0206434512803245,1.23074438770612,1.47543944716454,0.0901678637187339,0.168921390160921
YBL046W,0.218042284250259,-0.662510931491852,0.0152355446198387,0.0302087020534657,0.190335638821125,0.250050660471121,-0.720479888969117,-0.6019719940688
YBL043W,0.00888170301914215,-2.0769944190979,0.0030359515997792,0.151056573943321,0.00413242905245473,0.0158067941665649,-2.38379459574404,-1.80115620198098
YBL042C,0.449268788099289,-0.348269730806351,0.0269832809948634,0.0259254897757034,0.401758061846097,0.506942502657572,-0.396035404276912,-0.295041295605169
YBL039C,3.06369972229004,0.485566318035126,0.172465302313828,0.024240499102203,2.77170896530151,3.44132333000501,0.442747626589406,0.536725478594675
YBL038W,0.493201613426208,-0.311549514532089,0.072092606293387,0.0629446891636859,0.371028408408165,0.652389418085416,-0.430592838184424,-0.185493092112982
YBL037W,0.17771378159523,-0.750883340835571,0.00940312778194288,0.0228463821163475,0.161516383290291,0.197582470377286,-0.791783418771296,-0.704251588960767
YBL036C,1.77271544933319,0.246231451630592,0.187452012120058,0.0456826815365267,1.44241727689902,2.16821209788322,0.159090915601874,0.336101763147695
YBL034C,0.132123082876205,-0.879579126834869,0.00671950775235681,0.0219674581101055,0.120343689310054,0.146032173186541,-0.919576678723724,-0.835551452774131
YBL033C,0.503186523914337,-0.299681752920151,0.0405509044343837,0.0350693399992797,0.426374039798975,0.585537195205688,-0.370209245883012,-0.232445511940484
YBL031W,0.0689536780118942,-1.16434681415558,0.00802205167424161,0.0501563220417242,0.054671949831148,0.0861932046090563,-1.26223543896782,-1.06452697221934
YBL030C,6.22577333450317,0.79267692565918,0.523185356103845,0.0362265376505747,5.30830998023351,7.3522768497467,0.72495627560776,0.866421846836396
YBL024W,1.66538453102112,0.220866218209267,0.0912746682610174,0.0236796963276999,1.50414937833945,1.85605037212372,0.177290956213377,0.268589758541526
YBL023C,0.34186714887619,-0.466703355312347,0.0174228370498705,0.0220314457982744,0.311009608705839,0.378113997727632,-0.507226193505374,-0.422377244954321
YBL022C,0.778255343437195,-0.109351575374603,0.0365282327773054,0.0202874674456044,0.715573847293854,0.8510502576828,-0.145345540356647,-0.0700447924538037
YBL020W,0.155399426817894,-0.809486925601959,0.0102350634485978,0.0284952901569373,0.136841241891185,0.176664452254772,-0.863782995189902,-0.752850829121486
YBL015W,0.315123856067657,-0.502445101737976,0.0207324778106409,0.0283265559121713,0.278810469309489,0.359780073165894,-0.554690922559755,-0.4439628942249
YBL013W,0.0585309751331806,-1.2347514629364,0.00580652092707393,0.0431813121975375,0.0479390424055358,0.0704100921129187,-1.31931064781234,-1.15236508752664
YBL011W,0.313098579645157,-0.50504994392395,0.0182410231594953,0.0251453292914714,0.281242489814758,0.351374218612909,-0.550919065949228,-0.454230107981755
YBL010C,0.17949153482914,-0.749220848083496,0.0221319911798,0.0531868420413389,0.139989579344789,0.226567073042194,-0.853904291488925,-0.644803206386573
YBL009W,0.214562356472015,-0.669291853904724,0.0134316303279968,0.0270338323409118,0.190459592143695,0.242934917782744,-0.720197150926415,-0.614510060657955
YBL008W,0.1323451846838,-0.879120230674744,0.00820722298427102,0.0267733119187194,0.118150702739755,0.149933824439843,-0.927563690929906,-0.82410038245934
YBL007C,1.28112137317657,0.107084520161152,0.0619992127160638,0.0208893463156074,1.17373135487239,1.41044969757398,0.0695687041724892,0.14935759945073
YBL004W,0.454910486936569,-0.342522829771042,0.020772455409766,0.0197107294013446,0.419991284608841,0.497850968192021,-0.376759721710576,-0.30290064460603
YBR003W,0.259086072444916,-0.58762514591217,0.0182056178217179,0.0304776454970615,0.225616913164655,0.296603053808212,-0.646628350405544,-0.527824381813275
YBR004C,0.162530720233917,-0.790643393993378,0.013933696515381,0.0369620000563134,0.137640174974998,0.192630196735263,-0.861254785596848,-0.71527563245341
YBR006W,0.181068077683449,-0.743287205696106,0.0130984767354413,0.0313099401777034,0.157264208172758,0.2084139585495,-0.803370107397463,-0.681073197474179
YBR008C,0.00179025949910283,-2.77748107910156,0.00066260907006507,0.166069437169223,0.000723991659469903,0.00332806585356593,-3.14026643693415,-2.47780808876432
YBR011C,16.4503269195557,1.21421504020691,1.56928428275288,0.0412098876539175,13.6445544083913,19.8096553007762,1.13495935332109,1.29687691599769
YBR015C,1.1332038640976,0.0535767376422882,0.0659158282462253,0.025151289323417,1.01491808394591,1.26962832212448,0.00643099084268208,0.103676601838575
YBR017C,0.71156120300293,-0.148342445492744,0.0360823017264885,0.0219069033514172,0.648283024132252,0.786925494670868,-0.188235350636218,-0.104066384267419
YBR020W,0.000784136529546231,-3.16292881965637,0.000396536993056456,0.233356799318028,0.00020886781688508,0.00176223635789938,-3.68012871112437,-2.7539359535589
YBR021W,0.0914961621165276,-1.03979814052582,0.00683491988782224,0.0322254733421768,0.07957733720541,0.106182181586822,-1.0992105981349,-0.973948356152493
YBR023C,0.342698276042938,-0.465654015541077,0.0175306910369517,0.0220812504858681,0.312468991180261,0.379577239354451,-0.505193074899796,-0.420699837158409
YBR024W,0.15025894343853,-0.826061129570007,0.017417503348898,0.0502453967902189,0.11877443852524,0.187782952189445,-0.92527704596304,-0.726343837946429
YBR025C,8.62062072753906,0.934515058994293,0.595135277428409,0.0297985662305802,7.56725464661916,9.92450338204702,0.878938345871834,0.996708781308227
YBR026C,0.758027017116547,-0.121531285345554,0.0569732861358169,0.0324464076078042,0.658036129673322,0.880956621468067,-0.18175026131155,-0.0550454760140141
YBR028C,0.213938429951668,-0.670671045780182,0.0142392174217748,0.0288910161533331,0.187413579970598,0.243055433034897,-0.727198943371145,-0.614294666666361
YBR029C,0.625685274600983,-0.204580396413803,0.0411042238574598,0.0285167948600447,0.549496044715246,0.710008203983307,-0.260035429605277,-0.148736633077974
YBR030W,0.117408104240894,-0.931449711322784,0.00856900780000636,0.0315595048336617,0.101764423710605,0.13547571003437,-0.992404032810886,-0.868138564152435
YBR035C,2.35286474227905,0.366131663322449,0.380155470408664,0.0685236353796869,1.72858204543591,3.22135787407557,0.237689996955089,0.508038973366355
YBR036C,0.909399926662445,-0.0422755666077137,0.0630171288368315,0.0298306155370851,0.800087601443132,1.0472219089667,-0.0968624597156078,0.0200387188565268
YBR038W,0.544897615909576,-0.264272123575211,0.0284829474628047,0.022571801936556,0.495665073394775,0.603816222151121,-0.304811682196974,-0.219095223425281
YBR039W,2.3766758441925,0.374294638633728,0.210099037352403,0.0380761045209275,2.00237612128258,2.82910732825597,0.301545657572694,0.451649416264188
YBR040W,0.00780994817614555,-2.13042545318604,0.00254879769276487,0.143474283862383,0.00375814986764453,0.0137192826718092,-2.42502594983638,-1.86266879568764
YBR041W,0.425109773874283,-0.372219979763031,0.0245889882006289,0.0249817484489842,0.380805387596289,0.47776628434658,-0.419296915952239,-0.32078450150447
YBR042C,0.28357458114624,-0.548677206039429,0.022321331979764,0.0341710011479959,0.24166567325592,0.328901689996322,-0.616785033900775,-0.482933897047256
YBR043C,0.045560248196125,-1.34285080432892,0.00371096991968738,0.0353205602865423,0.0386113666618864,0.0532372025152047,-1.41328482611093,-1.27378477376398
YBR049C,0.870804965496063,-0.0606613755226135,0.0453088923366419,0.0224797646771034,0.791313072045644,0.965181589126587,-0.101651660771716,-0.0153909708670534
YBR050C,0.0231437049806118,-1.6421982049942,0.0040582355253061,0.0760529182249839,0.0161526362101237,0.0321443887117008,-1.79175659634505,-1.49289489030402
YBR053C,0.882937908172607,-0.0553915053606033,0.0693050806128772,0.0338141685718001,0.762009656925996,1.03327581485112,-0.118039525095721,0.0142162623009794
YBR055C,0.134499311447144,-0.871995210647583,0.00776084431929304,0.0248843553497443,0.120981092192233,0.151036009440819,-0.917282499166014,-0.820919497531416
YBR056W,0.523544907569885,-0.281927794218063,0.0335025817215221,0.0275937882170812,0.464703444639842,0.594882753491402,-0.33282410961046,-0.225568623890514
YBR057C,0.247506767511368,-0.607912600040436,0.020654587371623,0.036110879388555,0.210428300624092,0.291230287402868,-0.676895853420514,-0.535763463894
YBR058C,0.440956145524979,-0.356268227100372,0.0244486968423126,0.0239602128251376,0.397456854581833,0.492001428703467,-0.400710008728322,-0.308033636103873
YBR059C,0.442881494760513,-0.354233384132385,0.0217648093219808,0.0212486869611458,0.40429722070694,0.487312280386686,-0.393299244211251,-0.312192644182752
YBR061C,0.503598034381866,-0.299796849489212,0.0472282593984679,0.0403060140470002,0.42054497996966,0.604616255064805,-0.37618754705653,-0.218520187661775
YBR063C,0.00273454142734408,-2.59185314178467,0.000987294704198447,0.161366004976452,0.00116500614288573,0.00502245409491782,-2.93367180100551,-2.29908404598143
YBR065C,0.132470026612282,-0.879824697971344,0.0125942927821791,0.0409803806740688,0.110167197883129,0.159697592879335,-0.957947703869075,-0.796701630042563
YBR068C,1.49439752101898,0.173778399825096,0.0845932292943345,0.0243573412026299,1.35046511987845,1.68103560407956,0.130483371607376,0.225576911673399
YBR069C,1.28484117984772,0.108185812830925,0.0712637627792605,0.023968785670206,1.15836657484372,1.43690139055252,0.0638460172256463,0.157426965065268
YBR070C,0.301667034626007,-0.526079952716827,0.0490167740552478,0.0697258509805316,0.216218677411477,0.408357441425323,-0.665106797963018,-0.388959525931952
YBR074W,0.431056529283524,-0.366040378808975,0.0222168545145817,0.0222766497050042,0.39157044266661,0.477136408289274,-0.407190098071126,-0.321357443003612
YBR076W,0.00391829293221235,-2.43215441703796,0.00132996662236576,0.150597479609218,0.00173951436202818,0.00706847758653263,-2.75957198122213,-2.15067411582946
YBR078W,14.317437171936,1.15502893924713,0.890667730276773,0.026907818878727,12.7005041201909,16.1666646003723,1.10382095967839,1.20862042330724
YBR079C,2.46926426887512,0.39204066991806,0.122089571387268,0.0213494105253014,2.26261508464813,2.7201408068339,0.354610678042423,0.434591385588783
YBR080C,1.10019409656525,0.0409140549600124,0.0558463820938932,0.0219132713663377,1.003493993481,1.21871469914913,0.00151477729623053,0.0859020490188287
YBR083W,0.389688372612,-0.410160630941391,0.0248337647514217,0.0275858006909477,0.345018221934636,0.44122612302502,-0.462157968853615,-0.35533878285545
YBR084W,1.46690738201141,0.165861681103706,0.0735265931998717,0.0216175464355878,1.34129070838292,1.62321489751339,0.127522916064709,0.210376019788107
YBR085W,0.205040350556374,-0.690650284290314,0.0220662949658956,0.0464751580060273,0.165471091866493,0.252835201472044,-0.781277867383495,-0.597162463012414
YBR086C,0.751586973667145,-0.124570861458778,0.0379602025707315,0.021811869221225,0.684871044754982,0.829577816526095,-0.164391195255123,-0.0811428698880336
YBR087W,0.539485692977905,-0.269243657588959,0.040594811754349,0.0325896336618323,0.465290784835815,0.623568052053452,-0.332275548658622,-0.205116143707194
YBR088C,2.31443428993225,0.361998945474625,0.246757694031187,0.0460364569592324,1.87374966144562,2.8442769408226,0.272711567135247,0.45397187682648
YBR094W,0.307694494724274,-0.512569069862366,0.0174086893478241,0.0244082348543962,0.277503131578366,0.344653934240341,-0.556732111583559,-0.462616759650228
YBR095C,0.176314190030098,-0.754988074302673,0.0135580770053524,0.0332447520341517,0.152123061940074,0.204879075288773,-0.817804944902073,-0.688502394701135
YBR096W,1.66027927398682,0.215565502643585,0.244076354150103,0.0632205053463847,1.24083506961664,2.19828835129738,0.0937140331045039,0.342084658542953
YBR097W,0.0831070691347122,-1.08098316192627,0.00446043499713086,0.0232093203988261,0.0750369371846318,0.0924491521591942,-1.12472490112649,-1.03409706736292
YBR098W,0.0549329034984112,-1.26146876811981,0.00426351171963583,0.0336093317534356,0.0472042374312878,0.0640471656496326,-1.32601901385694,-1.19350008501231
YBR102C,0.26588574051857,-0.576033413410187,0.0154808301804656,0.0251817178644386,0.238138289377093,0.297473548104366,-0.623170772391747,-0.526551646497198
YBR103W,0.198495030403137,-0.703286409378052,0.013784159822649,0.0299717800071832,0.173796976730227,0.227798357605934,-0.75995778262231,-0.642449411447661
YBR104W,0.387399584054947,-0.413712590932846,0.036061262802561,0.0403034592765021,0.32107008099556,0.463668727874756,-0.493400162399864,-0.333792199773556
YBR105C,0.184641793370247,-0.735759615898132,0.0182188647471678,0.042538295225312,0.152589489147067,0.223840645700693,-0.816475380946812,-0.650061050818943
YBR107C,0.0494014732539654,-1.31690609455109,0.0110310676688979,0.0964455370013937,0.0310161902414014,0.0741944034894307,-1.50841155079577,-1.12962885265674
YBR108W,0.170925691723824,-0.767934501171112,0.0100325432107725,0.02529354403184,0.153751693541805,0.192569284016887,-0.813180091866142,-0.715412984332408
YBR110W,0.323142051696777,-0.491775870323181,0.0237896290721041,0.031839091416799,0.280053316056728,0.372082393368085,-0.552759280953207,-0.429360880311682
YBR112C,0.712806761264801,-0.147613808512688,0.037247260439983,0.0225328623282244,0.649286612371604,0.792142681777477,-0.187563551859831,-0.101196587286535
YBR114W,0.0647901445627213,-1.18956875801086,0.00458500805063539,0.030572702213412,0.0566508518842359,0.0745489621534943,-1.24679355507852,-1.12755842005532
YBR115C,0.983652055263519,-0.00765284197404981,0.0470574820510596,0.0206658618137771,0.903417646884918,1.08105503122012,-0.0441114304118943,0.0338478021999119
YBR117C,0.00578737957403064,-2.244633436203,0.00104934346671836,0.0789769038110834,0.00390970465959981,0.00808129240758717,-2.40785604826176,-2.09251919713108
YBR121C,5.1141095161438,0.708148241043091,0.275196967786653,0.0232427835888918,4.62620800336202,5.69875765244166,0.665225155233473,0.755780188285604
YBR125C,0.288151115179062,-0.541646361351013,0.0220861543444283,0.0331561039613326,0.248068562274178,0.333668864021699,-0.605428270393979,-0.476684317224236
YBR126C,2.53076243400574,0.402471303939819,0.15195373593872,0.0259898994920449,2.25621342658997,2.8473467429479,0.353380179356592,0.454440356878986
YBR127C,7.2913646697998,0.862040340900421,0.435399565140328,0.0257705938739013,6.51960835456848,8.21993424892426,0.814221507598582,0.914868343274932
YBR128C,0.0229292884469032,-1.64664745330811,0.00413993788418413,0.0783978733380769,0.0157136989757419,0.0321748684781293,-1.80372157198,-1.49248322304187
YBR129C,0.210014745593071,-0.679974973201752,0.0214013927341198,0.0438828262492412,0.172086477279663,0.256733364611864,-0.764253255608311,-0.590517688622054
YBR130C,0.427272766828537,-0.370467275381088,0.0315111487690419,0.0318841388664159,0.370750370621681,0.492817608267069,-0.430918406531964,-0.307313783360762
YBR131W,0.0711503103375435,-1.14900982379913,0.00527936374912455,0.0321036744829483,0.0618007474268476,0.0820532559727629,-1.20900627274232,-1.08590418256236
YBR139W,0.888035714626312,-0.0523934625089169,0.0549169435973184,0.0266976858262671,0.789891402920087,1.00586590369542,-0.102432613152914,0.00254008685077328
YBR141C,0.139744699001312,-0.856842160224915,0.014061792715154,0.0434664397288219,0.114488230335216,0.170358525961637,-0.941239157711339,-0.768636128464031
YBR142W,0.407502233982086,-0.390527755022049,0.022547868505423,0.0238745052354412,0.368739625563224,0.45479694455862,-0.433280189787117,-0.342182462341161
YBR143C,4.4146523475647,0.644025385379791,0.280222765233003,0.0274911223534089,3.90511075059573,4.99935575723648,0.591633355059193,0.698914042507807
YBR145W,0.177854403853416,-0.751931488513947,0.0170987608329799,0.0415975789840393,0.147446199382345,0.214079985146721,-0.831366428180057,-0.669423935036059
YBR146W,0.536004960536957,-0.273326098918915,0.0578084655913412,0.046479088017786,0.43337963744998,0.660739957292875,-0.363131501820429,-0.179969429069804
YBR147W,0.0104681141674519,-1.99832558631897,0.00302933997362649,0.127156564127604,0.00543731876338522,0.0173069049138576,-2.26461521079969,-1.76178067745393
YBR148W,0.0257316473871469,-1.59189164638519,0.00268632644817725,0.0452947046219511,0.0207592753848682,0.0313935562968254,-1.68278780993909,-1.50315948567617
YBR151W,0.656557738780975,-0.184541672468185,0.0603992253887304,0.039644015175966,0.551353902121385,0.785742849608262,-0.258569547811968,-0.104719564807248
YBR152W,0.142611443996429,-0.849185168743134,0.0177975869126391,0.0538117978964559,0.110611489539345,0.180924832448363,-0.956199765281908,-0.742501828161584
YBR153W,0.104013510048389,-0.990492105484009,0.0196485084068847,0.0810638014713552,0.0709875375032425,0.148588035007318,-1.14881788886743,-0.828016186396601
YBR155W,0.656230092048645,-0.184179961681366,0.0496660528289729,0.0327296508188798,0.566664913793405,0.759911469121774,-0.246673678497948,-0.119237001983142
YBR156C,0.0782850012183189,-1.1074378490448,0.00562879296351106,0.0310915837614586,0.0681453034281731,0.0902742728590965,-1.16656407036315,-1.04443600108981
YBR157C,0.246414333581924,-0.612019777297974,0.03229706450565,0.0565206144217097,0.190390013406674,0.316289218515158,-0.720355835668772,-0.499915611865737
YBR159W,1.96843636035919,0.292875796556473,0.149585874419912,0.0328691317402835,1.70096647342046,2.27416453162829,0.230695746105361,0.356821881524227
YBR160W,0.811208009719849,-0.0927010625600815,0.0749475962876335,0.0398212956870711,0.677176035940647,0.972085543970267,-0.169298419608279,-0.0122955153813417
YBR161W,0.21030929684639,-0.67872029542923,0.0180059093459545,0.0370144712813595,0.177765891204278,0.248830285668373,-0.750151565701033,-0.604096761853867
YBR165W,0.269555807113647,-0.572095990180969,0.0305209148490181,0.0487441604621249,0.216656789183617,0.33654659986496,-0.664227697311427,-0.472954792768341
YBR166C,0.537913262844086,-0.270228147506714,0.0355379310165944,0.0285233534095583,0.47373332430919,0.613326795895894,-0.324466064666382,-0.212308061198204
YBR169C,0.367705166339874,-0.435187011957169,0.0207390850505144,0.0244043450089828,0.330403755853573,0.409418660153945,-0.480955024537149,-0.387832367728323
YBR170C,0.573091626167297,-0.2425706833601,0.0348197107772326,0.0262330271353051,0.512591809531053,0.647307634353638,-0.290228337812793,-0.188889270877781
YBR172C,0.444438725709915,-0.352852880954742,0.0246595993685344,0.0239667505195131,0.40141101727883,0.496520280838013,-0.396410711889863,-0.304063007639592
YBR176W,0.325585961341858,-0.489287555217743,0.031065265372977,0.0411127606334026,0.270649859557549,0.393513486286004,-0.567592194044956,-0.405040389971646
YBR177C,0.701157331466675,-0.155143156647682,0.0467600231914836,0.0288107727729946,0.617275602122148,0.801164447764556,-0.209520888226329,-0.0962783310950795
YBR179C,0.193399041891098,-0.714217960834503,0.0108165685471716,0.0241512011747935,0.174455866962671,0.216070099423329,-0.758314420617324,-0.665405328367467
YBR184W,0.0333232805132866,-1.47927582263947,0.00321845767536641,0.0419739167808309,0.0273562738051017,0.0400092098241051,-1.56294305922072,-1.39784002584899
YBR185C,0.345810443162918,-0.463760882616043,0.0380361656664424,0.0474589477914755,0.277166009694338,0.428556114435196,-0.557260030588646,-0.367992304209873
YBR186W,0.00247792224399745,-2.62433624267578,0.000719522979166997,0.128112320447017,0.00128529603243805,0.00406653032405302,-2.8909972224473,-2.3907759855107
YBR187W,1.29589653015137,0.110728845000267,0.119892371304035,0.0399235900768982,1.08354127307733,1.54861519634724,0.034845458640931,0.189943515660474
YBR192W,0.229324907064438,-0.640674114227295,0.0165542056827945,0.0312378364225788,0.198739760617415,0.263482102751732,-0.701715237665828,-0.579248879679443
YBR195C,0.185702607035637,-0.732481837272644,0.0144205950811458,0.0335741091715881,0.159860342741013,0.216496450578173,-0.796259260236585,-0.664549223707764
YBR196C,17.8654556274414,1.25134658813477,0.993620910897181,0.0240552135758765,16.0888189951579,19.9595760822296,1.20652416570314,1.30015131314471
YBR199W,0.921029686927795,-0.0366075560450554,0.0588976924154381,0.0275981691927665,0.815956465899944,1.04598965346813,-0.0883330138802132,0.0195273881172638
YBR200W,0.309655547142029,-0.509992897510529,0.0196793602870408,0.0274648941731604,0.274574753145377,0.351110425591469,-0.561339398401675,-0.454556276411215
YBR203W,0.0101789366453886,-1.99513578414917,0.00116527889692809,0.0497260454530048,0.00806596183683723,0.0126000282897924,-2.09334384110674,-1.89962848405956
YBR205W,1.501593708992,0.175550192594528,0.102542927078809,0.0294585090539552,1.3224624077479,1.72278836667538,0.121383335502149,0.236231929419467
YBR207W,0.498981773853302,-0.302830755710602,0.032529641203717,0.0281896154823483,0.440744712452094,0.566834539671739,-0.355812889312278,-0.246543694390486
YBR211C,0.198304384946823,-0.704533934593201,0.0184717788638166,0.0402086362522105,0.16552443454663,0.238118041306734,-0.781137887287437,-0.623207698810402
YBR212W,0.459708839654922,-0.338258892297745,0.0270362652811033,0.0252960281473305,0.41413855701685,0.519268031915029,-0.382854336518473,-0.284608415670986
YBR213W,0.143096506595612,-0.848031461238861,0.0187479847269551,0.0562211548007025,0.110704856241743,0.18497333911558,-0.955833340588011,-0.732890864197814
YBR214W,0.306654036045074,-0.514233350753784,0.0196381711919726,0.0275800354079081,0.273049302150806,0.34874736443162,-0.563758929745527,-0.457489068099523
YBR215W,0.2153689712286,-0.667660474777222,0.0134245489416905,0.0270458216028178,0.190398980304599,0.243129276608427,-0.720335381840903,-0.614162746996604
YBR216C,0.221397161483765,-0.655576527118683,0.0130594293083204,0.0254509088693513,0.198023222386837,0.249467999860644,-0.703283876600577,-0.602985156387854
YBR229C,0.48494166135788,-0.314905017614365,0.0254996451169539,0.0227003746390773,0.440109177182118,0.538400459786256,-0.356439576022316,-0.268894578106142
YBR231C,0.171749502420425,-0.767369091510773,0.0175813135593034,0.0443945021069117,0.139724534253279,0.208730190992355,-0.854727329399915,-0.680414729501459
YBR233W,0.242217823863029,-0.617016196250916,0.0182143497777399,0.0325378999010096,0.209519118070602,0.279792547225952,-0.678776342655929,-0.553163857899056
YBR234C,1.83062791824341,0.261553019285202,0.12764745986679,0.0301321630671869,1.60353276928266,2.10153136253357,0.20507783941107,0.322535875628599
YBR236C,0.338194072246552,-0.471811830997467,0.022749220842519,0.0290845188213191,0.296920319398244,0.386036895463864,-0.527360081439037,-0.413371188264304
YBR239C,0.0519461557269096,-1.28622961044312,0.00473827611268369,0.0393204812744114,0.0437215298103789,0.0620605659360687,-1.35930465055272,-1.20718427349812
YBR241C,0.135976180434227,-0.867840528488159,0.0105608579625032,0.0336342824887148,0.116530647315085,0.158105207482974,-0.933559841704044,-0.801053857467415
YBR242W,0.413106292486191,-0.388894557952881,0.0628699958921096,0.0655259555777628,0.307509882003069,0.549839465816816,-0.512140923496146,-0.259764091453547
YBR243C,0.388392835855484,-0.411753416061401,0.0266937436410894,0.0298140739160032,0.339489718278249,0.443676501512527,-0.469173374617446,-0.352933572260882
YBR246W,0.215865522623062,-0.667397439479828,0.0185224321734897,0.0369854083062923,0.183507310723265,0.255014717578888,-0.736346632521898,-0.59343475455094
YBR248C,0.921309888362885,-0.0363451801240444,0.0542047343154014,0.0255089373764061,0.822699725627899,1.02997010946274,-0.0847586475319109,0.0128246190591824
YBR249C,4.41836595535278,0.644005835056305,0.339080193932482,0.0329330006360396,3.83101154367129,5.17101670106252,0.583313451537793,0.71357594043393
YBR250W,0.00395665410906076,-2.41640186309814,0.000987834839547319,0.110550506990436,0.00225604893639684,0.00611003472392137,-2.64665149114281,-2.21395632230398
YBR251W,0.395156621932983,-0.405090004205704,0.0367553918712384,0.0401475167309928,0.329544941335916,0.471606876701117,-0.482085353718973,-0.326419873979665
YBR256C,0.649696707725525,-0.191894203424454,0.0954149393387924,0.0631504964149506,0.483267242709796,0.862276343007882,-0.315812644232449,-0.0643535288864871
YBR257W,0.2743039727211,-0.564481914043427,0.0308054998468728,0.048507673630137,0.219847775126497,0.340442050000032,-0.657877926689158,-0.467956803517306
YBR259W,0.0293468292802572,-1.53423583507538,0.00266549668276532,0.0396195905136618,0.0242818725761026,0.0349066527870794,-1.61471783343513,-1.45709179419013
YBR260C,0.226652473211288,-0.645471692085266,0.0140673539605949,0.0267991874231607,0.202133116746942,0.256418244789044,-0.694362527559554,-0.591051077557493
YBR261C,0.865438759326935,-0.0675721615552902,0.129545073835674,0.0646216760662291,0.639142394065857,1.14335105319818,-0.194402374912343,0.0581795954548757
YBR265W,0.493437558412552,-0.308514833450317,0.0443302304211947,0.0389173717453946,0.414073517421881,0.586182950933774,-0.382922544970169,-0.231966823967788
YBR267W,0.828254580497742,-0.0829641819000244,0.0599149929462599,0.0312698960297875,0.720203932623068,0.95267279446125,-0.142544519467122,-0.021056236872029
YBR271W,0.174657434225082,-0.759240388870239,0.014179004465222,0.0351830320865087,0.149185703818997,0.203968657925725,-0.826272793566127,-0.690436561767109
YBR272C,0.289285629987717,-0.53973662853241,0.0203091816988564,0.0303708190690894,0.252997881670793,0.331678640345732,-0.596883116738632,-0.479282496044577
YBR273C,0.487902194261551,-0.312691271305084,0.0336570806761623,0.0297684270748845,0.428023464232683,0.559386780361334,-0.368532422341435,-0.252287802499776
YBR274W,0.101070031523705,-0.996747970581055,0.00807935410149487,0.0344806702351779,0.0866379802425702,0.117897538344065,-1.06229168096179,-0.928495277250544
YBR279W,0.575139760971069,-0.241174682974815,0.0381226103235994,0.0286701267132334,0.505778605739276,0.654559863110383,-0.296039548129854,-0.184050628740454
YBR280C,0.076934851706028,-1.1151876449585,0.00597833715668307,0.0336778153774316,0.0660758468632897,0.0891714903836449,-1.1799572630363,-1.0497739749146
YBR281C,0.296465903520584,-0.528701484203339,0.0165867572922439,0.024164967558981,0.267012519886096,0.330717002600431,-0.573468374628152,-0.480543478111421
YBR283C,2.46181082725525,0.390389531850815,0.155713848303658,0.0273861343706121,2.17996323307355,2.78155190348625,0.338449168107229,0.444287165336232
YBR284W,0.0114305000752211,-1.94518041610718,0.00139415720273887,0.0533069634058625,0.00880040951694052,0.0142465844983235,-2.055497119626,-1.84628924569058
YBR286W,6.00073385238647,0.7774698138237,0.349704676164518,0.0251960936321739,5.35965755383174,6.73248075644175,0.729137042028251,0.828175120121186
YBR287W,0.55607283115387,-0.256023228168488,0.040773300313198,0.0316296184493061,0.48428296794494,0.644087851047516,-0.314900805684618,-0.191054892542249
YBR288C,0.418630033731461,-0.3791743516922,0.0286069751160163,0.029490332829345,0.367520449310541,0.480472720662753,-0.434718491221016,-0.318331277489207
YBR289W,0.244447454810143,-0.612554252147675,0.0143640387995139,0.0253215053019775,0.219572154556712,0.275619473059972,-0.658422736982587,-0.559690104722212
YBR291C,0.159488469362259,-0.800175726413727,0.0185380644747665,0.0502258032839142,0.126114716008306,0.199150397380193,-0.89923426946816,-0.700818824707525
YBR293W,0.0165895223617554,-1.78496742248535,0.00247244365842366,0.0647043728073632,0.0122051098694404,0.021920263239493,-1.91345832365657,-1.6591542368914
YBR294W,0.00052056839922443,-3.3294141292572,0.000238233486987078,0.205638492295205,0.000168949860380962,0.00110344359903441,-3.772242162787,-2.95724987831905
YBR298C,0.00114848313387483,-2.97787261009216,0.000476426066576552,0.186798970694534,0.00041990647756999,0.00225666557865528,-3.37684750698471,-2.64653283845779
YCL064C,4.05197238922119,0.606517910957336,0.295595952395304,0.0315851331283348,3.50743198394775,4.66107062896093,0.544989257951979,0.668485683820103
YCL063W,0.166972398757935,-0.778752386569977,0.0134368312972182,0.0348205466107447,0.142742449169358,0.195565132672588,-0.845446865264643,-0.708708579733137
YCL059C,1.57630658149719,0.196059465408325,0.135218846428407,0.036989252901544,1.33809391359488,1.86876460909843,0.126486595286546,0.27155459949368
YCL057W,0.954421281814575,-0.0209269542247057,0.0532020454570292,0.0239989623653997,0.863543598353863,1.06773006916046,-0.0637157310022998,0.0284614733937169
YCL055W,0.409441649913788,-0.389443576335907,0.0357232791623158,0.037635092551688,0.345085202654203,0.486047748227914,-0.462073664254845,-0.31332106635502
YCL054W,0.893744111061096,-0.0493695773184299,0.0464552699059631,0.0224575307066107,0.812481867770354,0.990213587383429,-0.0901863225871547,-0.00427111878443694
YCL052C,0.218584716320038,-0.661590993404388,0.0163368230620265,0.0324075593998807,0.188639044761658,0.252562552690506,-0.724368411442112,-0.597631041609194
YCL051W,0.122304931282997,-0.913571178913116,0.00838031558472559,0.0296253594332556,0.107218417401115,0.140211718529463,-0.969730607675151,-0.853215688275439
YCL050C,3.44562578201294,0.535771191120148,0.286649296427432,0.0360725890066676,2.91818404197693,4.05045946041743,0.465112678199836,0.607504288054703
YCL049C,0.192480817437172,-0.717601954936981,0.0184794369756568,0.0415498367177828,0.159288649260998,0.231676315019528,-0.7978151705242,-0.635118363209785
YCL048W,0.00264435377903283,-2.59961366653442,0.000833332553526148,0.140058309437468,0.00127744449904033,0.00448117046616971,-2.89365796766895,-2.34860855527677
YCL047C,0.333301186561584,-0.480768948793411,0.0432036142036996,0.0558884181700605,0.258780167748531,0.426654062171777,-0.587069010113707,-0.369924115245717
YCL044C,0.237651482224464,-0.625280857086182,0.0178522305525313,0.0325633891658322,0.204847635577122,0.274114684263865,-0.688569044631585,-0.562067699807169
YCL039W,0.138128146529198,-0.860598921775818,0.00885691749954149,0.0276175556788932,0.12271756157279,0.157409263029695,-0.911093282844504,-0.802969716706783
YCL038C,0.15021051466465,-0.824451386928558,0.011022023321048,0.031557896494939,0.131067126989365,0.174114524448911,-0.882506220265135,-0.759165006189696
YCL037C,3.65395855903625,0.561815500259399,0.242382778379821,0.0286602945338071,3.22902482350667,4.17679739793142,0.509071383656298,0.620843409544365
YCL036W,0.108220301568508,-0.966712892055511,0.00745528905482749,0.0297759669230295,0.0948733551427722,0.124056190935274,-1.02285574085786,-0.906381557765887
YCL032W,0.139926165342331,-0.855997741222382,0.0131134772481736,0.0406007045301402,0.115963920516272,0.167269676178694,-0.935677111416169,-0.77658278399716
YCL031C,0.961599409580231,-0.018797118216753,0.0877210491153977,0.0394187167584066,0.802172005176544,1.14752341608206,-0.0957324984370146,0.0597615564042919
YCL030C,2.60149765014648,0.414651066064835,0.133880639581654,0.0222424683702192,2.3671198228995,2.88509227434794,0.374220242319334,0.460159707632161
YCL029C,0.24884158372879,-0.605246722698212,0.0182534161030351,0.0318603406007244,0.214974054321647,0.286628624548515,-0.667613952859727,-0.542680440430317
YCL028W,2.40781450271606,0.38064256310463,0.162717173871839,0.0291361582738958,2.12688082257907,2.75472478270531,0.327743154887182,0.440078214463697
YCL027W,0.119664572179317,-0.923278212547302,0.00910122813994072,0.032804403909896,0.103588442442318,0.139090866719683,-0.984688697879659,-0.856701387106958
YCL024W,0.0815727412700653,-1.08923625946045,0.00491207748048658,0.0259816955661174,0.0729287258038918,0.0919875081628561,-1.13710137447679,-1.03627114880437
YCL016C,0.136966794729233,-0.865022957324982,0.0119662499090331,0.0376365788362651,0.11565864123404,0.162934075047572,-0.936821916421313,-0.787988080680625
YCL014W,0.238429740071297,-0.623156249523163,0.0116742762917092,0.0211463227821223,0.218218454221884,0.262545660386483,-0.66110852510242,-0.580795155765191
YCL010C,0.257339358329773,-0.592939436435699,0.0326078144471425,0.0546231295457166,0.200664638976256,0.328280145674944,-0.697529151931195,-0.483755383389003
YCL008C,0.20040337741375,-0.699624121189117,0.0168766785640587,0.0363969204013951,0.170407982791464,0.23639013034602,-0.768510066011922,-0.626370660084072
YCL005W,0.116316370666027,-0.939318835735321,0.0177184224824852,0.065527128142501,0.0860994762430588,0.155187461028496,-1.06499951803687,-0.809143382087021
YCL004W,0.0391829907894135,-1.40878140926361,0.00365915887408583,0.040400176288607,0.0327263051023086,0.0468383673578501,-1.48510302507819,-1.32939825152245
YCL002C,0.0925530716776848,-1.03937983512878,0.0151204052046252,0.0709074400868751,0.066583727983137,0.124742339116832,-1.17663189262637,-0.903986122277123
YCR002C,1.23639738559723,0.0905596166849136,0.106664209412823,0.0371770132554512,1.05111992657185,1.46211135387421,0.0216522683798561,0.164980449592776
YCR005C,0.708437383174896,-0.150620445609093,0.046305487430827,0.0282739308802491,0.624032616615295,0.805244168142478,-0.204792710244107,-0.0940724119965127
YCR008W,0.293959110975266,-0.532565295696259,0.0185030820304936,0.0271981965544316,0.260242312898239,0.333135385314624,-0.584622090049161,-0.477379234575613
YCR009C,1.88229537010193,0.272411406040192,0.193243126651972,0.0444407011991966,1.53472554385662,2.29145791530609,0.186030709181048,0.360111885327889
YCR010C,0.00833667535334826,-2.1049644947052,0.00287321433697664,0.15290434104785,0.00376118905260228,0.0148808249660457,-2.42467491912363,-1.82737299263618
YCR012W,59.8796615600586,1.77630209922791,4.01198926866034,0.0290096769307773,52.4546959877014,68.170272954305,1.71978437144677,1.83359503135814
YCR014C,0.00120007048826665,-2.95342040061951,0.000460952912480784,0.172721738607585,0.000461111470212927,0.00229668624039429,-3.3361940758018,-2.63889834139903
YCR015C,0.113588757812977,-0.947974681854248,0.0140981291962855,0.0535716178956688,0.0887361347675324,0.144307726621628,-1.05189950828999,-0.840710423871185
YCR016W,0.605103313922882,-0.220475018024445,0.0628337109453571,0.0446239496855122,0.493992197265228,0.742989336450895,-0.306279910862485,-0.129017419513331
YCR017C,0.531100273132324,-0.275411367416382,0.0277702897369765,0.0225672138246081,0.482720633844535,0.589857670168082,-0.316304137781143,-0.229252769451294
YCR019W,0.0995813459157944,-1.00391387939453,0.00981142027750759,0.0426391687292161,0.0819503595431646,0.12048199698329,-1.0864491399711,-0.91907784313521
YCR021C,0.0540714673697948,-1.27088499069214,0.00722855942270172,0.0578171102354527,0.0415362792089582,0.0695777496943871,-1.38157241985936,-1.15752962175931
YCR024C,0.0730023086071014,-1.13824617862701,0.00623576241773653,0.0370507671560282,0.061524234774212,0.0857610289007425,-1.21095377927565,-1.06671001729363
YCR026C,0.18930695950985,-0.723601222038269,0.0112956413215211,0.0257661529160029,0.169645741085211,0.213105082511902,-0.770457039604681,-0.6714061923292
YCR028C,0.221920013427734,-0.654840648174286,0.015360934260188,0.0299710798783672,0.193784940118591,0.253936327248812,-0.712679976973221,-0.595275175804046
YCR030C,0.372809380292892,-0.429134219884872,0.0200110692364761,0.023196038292216,0.336981385946274,0.414901558558146,-0.472394087864819,-0.382054934636837
YCR034W,1.63483154773712,0.212144926190376,0.128457038070866,0.0339443089130496,1.40660970012347,1.90539187292258,0.148173607956824,0.279984307676564
YCR035C,0.525075018405914,-0.281051427125931,0.0404832439168903,0.0331446539517471,0.454617284983397,0.612471710642179,-0.342354056499393,-0.212913969425932
YCR036W,0.546802639961243,-0.263684749603271,0.0458020303633132,0.036270006795014,0.463303446769714,0.641815593341986,-0.334134468828791,-0.192589756391912
YCR042C,0.265769511461258,-0.576032757759094,0.0132572288832553,0.0215529470526137,0.24216113264362,0.293392403672139,-0.615895562182312,-0.532551134895934
YCR044C,0.358384042978287,-0.447075009346008,0.0291154419120756,0.0351512726598211,0.305720554043849,0.420255733529727,-0.514675362066248,-0.376486361017787
YCR045C,0.00105658278334886,-3.02885150909424,0.000513497249224456,0.221521220094375,0.000314947067575607,0.00227856682613492,-3.5017625240263,-2.64233822984385
YCR048W,0.38044747710228,-0.420530378818512,0.0235266047192546,0.0266744004001945,0.340087026357651,0.431214578201373,-0.468409935220325,-0.365306565252524
YCR052W,0.600586473941803,-0.222313299775124,0.0385919934376888,0.0277868676157327,0.532282636562983,0.681861464679241,-0.273857700591771,-0.166303855788293
YCR054C,0.214060738682747,-0.670417308807373,0.0142244664706445,0.02875025143332,0.188120913133025,0.243567750478784,-0.725562922071573,-0.613380214888305
YCR057C,0.639140546321869,-0.194988787174225,0.0332456904940284,0.0225104299807204,0.58015138755242,0.707190177341302,-0.236458669282229,-0.150463780313512
YCR059C,0.301460415124893,-0.524667084217072,0.0407206781281954,0.0580908512513956,0.231066863238811,0.393188868214687,-0.636262331438003,-0.40539884956058
YCR061W,0.702248573303223,-0.15428914129734,0.0423478160028582,0.0259884358550834,0.627349674701691,0.794073894619942,-0.202490322864867,-0.100139081340932
YCR066W,0.0622786208987236,-1.20749366283417,0.00573209388978989,0.0398571093102067,0.0518154609948397,0.0744791488473614,-1.28554063369095,-1.12796529514467
YCR067C,0.446229338645935,-0.35099670290947,0.0226564823027737,0.0219218846353882,0.407755037645499,0.493273005634546,-0.389600669873062,-0.306912650934993
YCR068W,0.113635204732418,-0.945684671401978,0.00845211455265638,0.0322761154670522,0.097861735150218,0.131108872840802,-1.0093870884379,-0.882367919494834
YCR069W,0.816283524036407,-0.0898524895310402,0.0723924715676084,0.0383194039904955,0.685939460992813,0.972878098487854,-0.163714213606306,-0.0119415733705817
YCR072C,0.601827323436737,-0.221405789256096,0.0384340319265866,0.0275686521882828,0.53331919213136,0.683042970796426,-0.273012787812233,-0.165551973690233
YCR075C,0.145991608500481,-0.840030074119568,0.0208539489790565,0.0614422724469525,0.109590626135468,0.19166946709156,-0.960226594467345,-0.717447065837584
YCR076C,0.400533676147461,-0.401184678077698,0.0535390705068001,0.0575605615280126,0.308124883969625,0.516607005397479,-0.511273227889271,-0.286839709376984
YCR077C,0.900449097156525,-0.0461575761437416,0.0482018528983738,0.0231416074700724,0.816082396606604,0.999543476104736,-0.0882659901883252,-0.00019831110449898
YCR079W,0.0312970243394375,-1.50797200202942,0.00396542413784483,0.0550251038484653,0.0240748897194862,0.039716089113305,-1.61843569358363,-1.40103352527868
YCR081W,0.086379237473011,-1.06428301334381,0.00489241059025008,0.0244517976485162,0.0777207865690192,0.096757099032402,-1.10946281332653,-1.01431716111531
YCR084C,1.06204986572266,0.0254989676177502,0.0581584696709961,0.0236507108098682,0.959549282491207,1.18488628566265,-0.0179327150573147,0.073676670124731
YCR088W,4.06197118759155,0.608074426651001,0.224812863265044,0.0239172015084978,3.66260392268499,4.52560162146886,0.563789956183624,0.655676320724469
YCR092C,0.137998685240746,-0.860737383365631,0.0073489605713304,0.0229791638631047,0.125244912753503,0.153773076087236,-0.902239905505761,-0.813119697907621
YCR094W,0.364224791526794,-0.439777404069901,0.026499612164499,0.0315471469249597,0.314791755129894,0.420017921924591,-0.501976654996213,-0.376732179157101
YCR095C,0.180367633700371,-0.745581686496735,0.0162129875547156,0.0388252908887938,0.15178371767203,0.215031648551424,-0.818774826371096,-0.667497619667323
YDL240W,0.109760135412216,-0.960287094116211,0.00637596750428559,0.0252017425586169,0.0977997456366817,0.122714943749209,-1.0096622750102,-0.911102547499073
YDL237W,0.63952112197876,-0.195174798369408,0.0441641287132562,0.0298656788104311,0.559970890482267,0.731568971276283,-0.251834548771049,-0.135744737251237
YDL236W,1.33792996406555,0.125037357211113,0.107812915331275,0.0347592334551177,1.14903843402863,1.56780041456223,0.0603345555876649,0.19529077480681
YDL233W,0.142523840069771,-0.847282707691193,0.0105043038446233,0.0318535143359696,0.124155185123285,0.16484796255827,-0.906035139470301,-0.782916416792717
YDL230W,0.16069196164608,-0.795995235443115,0.01546229458682,0.0415312718884882,0.133128283545375,0.194733023643494,-0.875729667492454,-0.710560392753282
YDL227C,0.784805417060852,-0.10598699003458,0.0462007861866129,0.0254984044473998,0.7004200771451,0.880887918670972,-0.154641414455498,-0.0550793508951167
YDL225W,0.811376392841339,-0.0915789678692818,0.0494311079962494,0.0263573696702014,0.722314996520678,0.915971843898296,-0.141273370524066,-0.0381178761419821
YDL224C,0.328514903783798,-0.484146863222122,0.0187342078043975,0.0246355713009602,0.295679964373509,0.367702912042538,-0.529178102790645,-0.434502930829737
YDL222C,0.0126266358420253,-1.91112697124481,0.00300578114282758,0.104879175155052,0.00739798099190618,0.019249094541495,-2.13088681325857,-1.71558970803178
YDL218W,0.00836732797324657,-2.0917227268219,0.00214082328484443,0.112615689589548,0.00472479284120103,0.0132144442216183,-2.32561723038454,-1.87895110765348
YDL216C,0.0701643005013466,-1.15551578998566,0.00608708375131664,0.0376945985963648,0.0588173750787973,0.0824461540207267,-1.23049436235106,-1.0838295997304
YDL215C,0.302838891744614,-0.51932817697525,0.0151769790980608,0.0216488489450386,0.276523873955011,0.334490204354127,-0.558267367510431,-0.475616597498325
YDL214C,0.00181657692883164,-2.75822901725769,0.00051272507182744,0.124771094838285,0.000960588217033849,0.00295204123831354,-3.01746281711251,-2.5298775882144
YDL211C,0.0425321944057941,-1.37456142902374,0.0052197598462074,0.0534390416675841,0.0329474247992039,0.0534114301204681,-1.48217852459658,-1.27236580045399
YDL209C,0.12110511213541,-0.918978989124298,0.0120437417633683,0.0431591739950167,0.0990635195126136,0.14577371266981,-1.00408624660535,-0.8363207859483
YDL205C,0.56126993894577,-0.252374082803726,0.0474539066726997,0.0366155270478147,0.47503219768405,0.660308782756329,-0.323276953656485,-0.18025292614967
YDL204W,0.0213683508336544,-1.67545759677887,0.00331555474977515,0.067610070638029,0.0153815317510938,0.0283310620735089,-1.8130004148632,-1.54773716928545
YDL198C,0.460105717182159,-0.339121967554092,0.0441998975223774,0.0414210544404718,0.382548937946558,0.554608821868896,-0.417312999433695,-0.25601322664332
YDL197C,0.0338215194642544,-1.47284924983978,0.00327781899754487,0.042150619952359,0.0278198798342297,0.0405510237750908,-1.55564475028125,-1.39199817701438
YDL193W,0.590949296951294,-0.229744404554367,0.0458425044078737,0.033474209993801,0.509695092837016,0.690129935741425,-0.292689548461747,-0.161069133809278
YDL190C,0.459475964307785,-0.33832374215126,0.0239633452627838,0.0225380850225445,0.417755335569382,0.509471699595451,-0.37907799459186,-0.292879935423117
YDL189W,0.356757432222366,-0.448694199323654,0.0251267642871389,0.03036804950581,0.312317609786987,0.40969863285621,-0.505403527720799,-0.38753548526399
YDL186W,0.00180648418609053,-2.83118510246277,0.00113282509863693,0.292003121059702,0.00032916633572313,0.00461899126336599,-3.4825852840333,-2.33545286720609
YDL185W,8.84635734558105,0.946260571479797,0.428051365137614,0.0208820618940266,8.11266074975332,9.74370874563853,0.909163314983761,0.988724293723955
YDL183C,0.0452714152634144,-1.34851503372192,0.00641924607705657,0.0614145693227316,0.0339102066432436,0.0589425712823868,-1.46966956377688,-1.2295709226192
YDL179W,0.262677669525146,-0.58275032043457,0.0263855239017385,0.0434124441939287,0.216188252965609,0.319092810153961,-0.665167908179055,-0.496082981283264
YDL178W,0.516762018203735,-0.287557482719421,0.0323651361653306,0.027140039493244,0.456985800216595,0.585067784786224,-0.34009729977316,-0.232793814723503
YDL174C,0.379463821649551,-0.421658933162689,0.0235446761789718,0.0268302387151656,0.337843875338634,0.429190822690725,-0.471283952041546,-0.367349573048476
YDL173W,1.13082718849182,0.0515639111399651,0.104493078780607,0.0397882924086827,0.949482664465904,1.35749574104945,-0.0225129603146368,0.132738473548739
YDL171C,1.40180087089539,0.146237999200821,0.0640029793545027,0.0196752832734335,1.29550731182098,1.53797650337219,0.112439868479346,0.186949700527994
YDL168W,1.86742794513702,0.270038604736328,0.139922673049006,0.0322924251589089,1.61987290879091,2.17099024057388,0.209480937676085,0.336657869717471
YDL161W,0.781838059425354,-0.107858836650848,0.0526264176170695,0.0290325429217725,0.690132360657056,0.893834099173546,-0.161067608164777,-0.0487430813155659
YDL160C,2.69361710548401,0.429521232843399,0.16553364519486,0.026601010693556,2.39879178007444,3.03106144269307,0.379992551898685,0.48159474004573
YDL156W,0.128703981637955,-0.89160817861557,0.00958624087196004,0.0323099030461271,0.111051226096849,0.148460089663664,-0.954476642476012,-0.828390289377095
YDL155W,0.216715529561043,-0.665392160415649,0.0166969085790834,0.0333457680663984,0.186295982450247,0.251599863916636,-0.729796512004971,-0.599289598322127
YDL148C,0.682117283344269,-0.166765749454498,0.0367225069295174,0.0232540140596438,0.618239921828111,0.760110139846802,-0.208842954521051,-0.11912347395338
YDL147W,2.0659646987915,0.314251005649567,0.131217438200907,0.0274701411769169,1.82637694676717,2.34420681198438,0.261590413434889,0.369995923385102
YDL146W,0.087592214345932,-1.0589485168457,0.00709846566036324,0.0350091808461786,0.0748836619158586,0.103038570284843,-1.12561293003137,-0.987000176859844
YDL145C,1.95189106464386,0.289957314729691,0.09393926232221,0.0207920269554417,1.78895865579446,2.14548801183701,0.25260030379746,0.3315260919832
YDL143W,2.03540086746216,0.307848989963531,0.124166627510943,0.0263664744422004,1.81376744508743,2.29875294367472,0.258581602571695,0.361492297169596
YDL142C,0.127119585871696,-0.899459481239319,0.016586326521899,0.0564883379977151,0.0979458964740237,0.162275509536266,-1.00901379958902,-0.789747018555075
YDL141W,0.346479713916779,-0.461045056581497,0.0200414588387273,0.0250027749078733,0.310799823453029,0.389017357180516,-0.507519236599563,-0.410031020892276
YDL133W,0.10041481256485,-0.999734580516815,0.00846726604199055,0.0364623954474101,0.0855840732653936,0.117840384381513,-1.06760706293943,-0.928705849773619
YDL132W,0.540703535079956,-0.267648696899414,0.0286705378368723,0.0229407114635446,0.489894989629587,0.599347686767578,-0.30989700273514,-0.222321166568339
YDL129W,0.0728798732161522,-1.1416403055191,0.0102814888091238,0.0606309668256723,0.0551580357054869,0.0953702588876088,-1.25839121210509,-1.02058703981896
YDL128W,0.926155269145966,-0.034369632601738,0.0648457173543099,0.0301545697414896,0.811289376517137,1.06401662528515,-0.09082421088372,0.0269484126805498
YDL127W,0.195330739021301,-0.711532056331635,0.0202052800388305,0.0446777500090025,0.159075589478016,0.238883700718482,-0.798396458754084,-0.621813487362108
YDL126C,7.41132831573486,0.869348347187042,0.372687601174228,0.021740915880196,6.75381131966909,8.1711023569107,0.829548922430826,0.912280650794369
YDL124W,2.38355183601379,0.375638276338577,0.204746787024477,0.0370733877158601,2.02107814947764,2.82483371694883,0.305583106572512,0.450992888016343
YDL119C,0.133748024702072,-0.87670773267746,0.0157951813966948,0.050942444802664,0.10539092104882,0.168088141580423,-0.977196809881168,-0.77446292450699
YDL117W,0.20218513906002,-0.69495964050293,0.01160511789005,0.0247820667970911,0.18176833751301,0.226860949521263,-0.740481765313221,-0.64424025476949
YDL116W,0.385767877101898,-0.414345592260361,0.0215230216232335,0.0240899434089919,0.347419708967209,0.431645035743713,-0.459145547855213,-0.364873249451097
YDL115C,0.291520923376083,-0.536807596683502,0.0241556173438518,0.0357941108343638,0.247675687074661,0.342592027286688,-0.606116623561736,-0.46522274891188
YDL114W,0.00239390949718654,-2.6746711730957,0.00119058594823072,0.223584790466815,0.000682355333992746,0.00523249662170807,-3.16598953431781,-2.28129104428885
YDL113C,0.145145207643509,-0.839121878147125,0.00948172683727113,0.0283196958935139,0.127782911062241,0.165108650177717,-0.893527222293512,-0.782230173467999
YDL112W,0.435714989900589,-0.361301958560944,0.0210515519372438,0.0208620307447071,0.399527872850498,0.479490637779236,-0.39845291696951,-0.319219868160702
YDL111C,0.507763624191284,-0.296919792890549,0.0557968267128393,0.0472329031369194,0.410102989027897,0.627505964040756,-0.387107066583008,-0.202382142233993
YDL109C,0.00968525744974613,-2.0182363986969,0.00136884119068053,0.0616529309175257,0.0071739578503184,0.0124936448410153,-2.14424117997722,-1.90331084397825
YDL108W,0.27874755859375,-0.556774795055389,0.0267071682349142,0.0415066521802099,0.230438022936384,0.334915373971065,-0.63744586004248,-0.475064917971384
YDL107W,0.107695423066616,-0.969658493995667,0.00997567586804585,0.0401796947357228,0.0891640811537703,0.128652173280716,-1.04981008494142,-0.89058287478852
YDL106C,0.225188493728638,-0.648319900035858,0.0142292881702236,0.0273827642737629,0.199644900858402,0.255122878154119,-0.699741777950771,-0.593250595241807
YDL105W,0.0620355606079102,-1.20953166484833,0.0062193020728021,0.04342750285477,0.0508156083524227,0.0751590330774585,-1.29400287078354,-1.12401881577109
YDL103C,1.10729765892029,0.0434333272278309,0.0689703139558608,0.026826412564723,0.987995563944181,1.25252983272076,-0.00524500559295433,0.0977880786101127
YDL102W,0.315944254398346,-0.500934958457947,0.0159309622691019,0.0217234506490096,0.289419774214427,0.350216436634461,-0.538471799843351,-0.455663478320858
YDL101C,0.21048042178154,-0.677764773368835,0.0141615404488367,0.0290593672641865,0.185278297339876,0.240931774675846,-0.732175449175291,-0.618105920398811
YDL100C,4.55496740341187,0.65738844871521,0.325873243941743,0.030815690241525,3.98112636009852,5.23373457988103,0.60000596209724,0.718811694274937
YDL093W,0.298535883426666,-0.525719702243805,0.0171964885700205,0.024861863838302,0.267902485032876,0.334981623291969,-0.572023257923713,-0.474979017752973
YDL091C,0.129434332251549,-0.889244318008423,0.010008791187005,0.0335548282832389,0.110939488497873,0.149822421744466,-0.954913840830229,-0.824423191744771
YDL090C,0.165626287460327,-0.78216814994812,0.0127653695787381,0.0336555518228004,0.141257730995615,0.190987512841821,-0.849987774055176,-0.71899502716686
YDL089W,0.163644894957542,-0.787217259407043,0.0117681617661331,0.0312043308918422,0.141522341718276,0.188364083816608,-0.849174998022184,-0.725001904962804
YDL088C,0.277806401252747,-0.557204127311707,0.0183658472089439,0.028629672755243,0.244022007410725,0.315861344337463,-0.612571004549089,-0.500503520559431
YDL087C,0.204532757401466,-0.692842602729797,0.0266320209368757,0.0558106850449661,0.158480778212349,0.262837217996518,-0.800023405461833,-0.580313138404636
YDL086W,1.58009052276611,0.196672633290291,0.153519416111928,0.0416452777000579,1.31951701641083,1.91303854485353,0.120414995227287,0.281723719622721
YDL084W,7.35223197937012,0.865608692169189,0.451586330669377,0.0265262341289022,6.55238397518794,8.31362937291463,0.816399339361438,0.919790659412262
YDL077C,0.107577554881573,-0.968942403793335,0.00595676093436,0.0239320231100227,0.0969731658697128,0.120015988498926,-1.01334842580572,-0.920760893660448
YDL076C,0.259278863668442,-0.588701784610748,0.0276944699028092,0.0463346565613335,0.20837124834458,0.317021969954173,-0.681162230860365,-0.498910641376508
YDL074C,0.398167490959167,-0.400608628988266,0.0222454384220782,0.0241849460048904,0.357822984457016,0.443539686004321,-0.446331766333623,-0.353067515655738
YDL069C,0.0357045717537403,-1.4691321849823,0.0114785216895606,0.138624626491962,0.0181390305204938,0.0626234356934826,-1.741385928469,-1.20326310967224
YDL066W,2.70153832435608,0.430679440498352,0.178178943864805,0.0283153515203048,2.39190292358398,3.10150257547696,0.378743549644416,0.491572143326198
YDL065C,0.681975483894348,-0.16756771504879,0.0536493359949209,0.0340475850386851,0.583668377498786,0.795198974510034,-0.233833835642825,-0.0995241900604121
YDL060W,0.652401506900787,-0.186097919940948,0.0348044031171173,0.023024449662026,0.591820695996285,0.726132012406985,-0.227809851615332,-0.138984416426287
YDL059C,0.121255479753017,-0.924197435379028,0.023311054108754,0.082876143089275,0.0817227041348815,0.17217859129111,-1.08765729893316,-0.764020858905657
YDL058W,0.447333455085754,-0.349843114614487,0.0209932186686571,0.0202476670933407,0.411461482445399,0.491606270273526,-0.385670813538067,-0.308382587145008
YDL057W,0.14184458553791,-0.850691318511963,0.0152467751891619,0.0466765509433481,0.114095700097581,0.173612961793939,-0.942730750839592,-0.760417862904747
YDL055C,15.1334409713745,1.17873299121857,1.13276819602885,0.0323059538237875,13.13258934021,17.5172138214111,1.11835036396425,1.24346503115792
YDL052C,1.1573930978775,0.0616724379360676,0.106285938327779,0.0395652367818895,0.972016870975494,1.38571619093418,-0.012326198625853,0.141674289845816
YDL051W,2.97810173034668,0.471847265958786,0.293872684872042,0.0426064492210147,2.45980560580889,3.60526819427808,0.390900782395217,0.556937576929231
YDL047W,0.532347440719604,-0.275560647249222,0.0480552566203447,0.0389917627245344,0.446433825294177,0.632635635634263,-0.350242907663928,-0.198846348448937
YDL045C,0.199012503027916,-0.703457713127136,0.0207601937593411,0.0450291208616617,0.162385888149341,0.242977669710914,-0.78945171507511,-0.614433637504251
YDL044C,0.14472459256649,-0.840886354446411,0.0117642530021128,0.0351832587418987,0.123188264667988,0.169508017227054,-0.909430662566786,-0.770809756364126
YDL043C,0.280851542949677,-0.554831624031067,0.0348360643950232,0.0535798771297217,0.220189362764359,0.355361438045899,-0.657203665402085,-0.44932970266676
YDL042C,0.157599538564682,-0.803488969802856,0.0109787348494158,0.0301201867646135,0.137816352645556,0.180443359663089,-0.860699248925743,-0.743659095689127
YDL040C,1.08522260189056,0.0349431894719601,0.0561372052393851,0.0223306174236075,0.986997976402442,1.20394038061301,-0.00568373776558924,0.0806049809418604
YDL037C,0.00142241106368601,-2.94292521476746,0.000937902235797575,0.304253783008939,0.000255390046125588,0.0038232418107024,-3.59279616022945,-2.41756863164534
YDL036C,0.145752236247063,-0.837616324424744,0.0110076839123382,0.0327004963458102,0.126044298584263,0.168563138817747,-0.899476794172804,-0.77323739075419
YDL033C,0.0534406751394272,-1.27461385726929,0.00571914758394979,0.0464406026781438,0.0430345796048641,0.0655223149185379,-1.36618243520278,-1.18361077169077
YDL031W,0.694649279117584,-0.158791124820709,0.0352912321518432,0.0219469555911573,0.632733766237895,0.766613967219988,-0.198778988609515,-0.115423272800912
YDL030W,0.139997929334641,-0.855053782463074,0.010315791001967,0.0319692205891321,0.120981727167964,0.161018483713269,-0.917280220596416,-0.793124267396855
YDL029W,1.86016011238098,0.268411427736282,0.135173546505697,0.0314167257797283,1.61658799648285,2.14439854224523,0.208599349743606,0.331305502978211
YDL027C,0.0880813896656036,-1.05703699588776,0.00831698884713427,0.0408234151318177,0.0730945844824115,0.105979833255212,-1.13611479888545,-0.974776768359829
YDL025C,0.125328332185745,-0.903018355369568,0.00879573072358496,0.0304147781811615,0.10921190554897,0.143438874557614,-0.961730016512125,-0.843333130970563
YDL022W,3.93592429161072,0.594009578227997,0.272232903658334,0.0299453229964492,3.43831038475037,4.50891846021016,0.536345078953674,0.654072381539855
YDL021W,0.1693205088377,-0.773935973644257,0.0187978883607472,0.0479131516345611,0.135727524757385,0.209425580253204,-0.867332070998477,-0.678970272869843
YDL020C,0.584331393241882,-0.234188690781593,0.036613541460125,0.0271298641282214,0.518463003635407,0.659840594232082,-0.285282229348488,-0.180560969753821
YDL019C,0.331954270601273,-0.479475140571594,0.0168632031155164,0.0219329468543822,0.302604851126671,0.367737685640653,-0.519124114794662,-0.434461861536915
YDL017W,0.100798316299915,-0.997957646846771,0.00815345562090296,0.034953364758848,0.0861504816760619,0.118273019790649,-1.06474229165112,-0.927114314479509
YDL014W,10.4098987579346,1.01599860191345,0.852535287121151,0.035401663264057,8.8565303961436,12.2236718654633,0.94726361746468,1.0872016758909
YDL007W,2.25468158721924,0.352127373218536,0.150351754651996,0.0288335996739869,1.98459505736828,2.57259905139605,0.297671904398374,0.410372105158697
YDL006W,0.4014992415905,-0.398860484361649,0.0435770605982429,0.0470465808021142,0.321475146710873,0.493904785563548,-0.492852617106254,-0.306356770744481
YDL005C,0.272904574871063,-0.565225660800934,0.0206615244842762,0.0327590014515779,0.235279611870646,0.316540392736594,-0.628415705373964,-0.499570863410355
YDL003W,0.469290137290955,-0.329364776611328,0.0286926080459828,0.0264638029136653,0.416520249595245,0.529950817922751,-0.380363880214012,-0.275764433301222
YDL001W,0.201892048120499,-0.696144998073578,0.015404518414236,0.0331269452669836,0.173202205076814,0.23334477742513,-0.761446584234672,-0.632001914813784
YDR005C,0.251136094331741,-0.601385056972504,0.0194575543631986,0.0335210678570577,0.215871695429087,0.291587809224923,-0.665804297572847,-0.535230637802574
YDR006C,0.175845101475716,-0.755525648593903,0.0096881141048557,0.0237898823110605,0.159020545209448,0.196099836875995,-0.798546762084943,-0.707522767761771
YDR017C,0.251064717769623,-0.600815713405609,0.0132607420238956,0.0228358649884997,0.227248473713795,0.278890490531921,-0.643499025020084,-0.554566293836931
YDR018C,0.00867580994963646,-2.0733904838562,0.00201105855241805,0.101720407497361,0.00521779339760542,0.0130871370822812,-2.28251312110707,-1.88315536493025
YDR019C,1.25811958312988,0.0986702814698219,0.0877099670620819,0.0302062683429052,1.0967882057031,1.44029150903225,0.0401227716187882,0.158450400076842
YDR020C,0.18993815779686,-0.728469491004944,0.034494452704531,0.0785773088358199,0.130648479362329,0.265225399037202,-0.883895646614232,-0.576384896354745
YDR021W,0.170822039246559,-0.768994331359863,0.0143851773613573,0.0365798224904053,0.144516092290481,0.200034863005082,-0.840083804803353,-0.698894307016413
YDR026C,0.111533254384995,-0.953710854053497,0.00801004678097402,0.0310984331511792,0.0970322209099928,0.128020540997386,-1.01308402829644,-0.892720342201493
YDR027C,0.137651741504669,-0.861929953098297,0.0078980651475514,0.0247903284334369,0.123610287904739,0.154331684981783,-0.907945382043953,-0.811544903592193
YDR028C,0.52334326505661,-0.281741678714752,0.0259327553163792,0.0213973949241673,0.479031473398209,0.576751443247,-0.319635951566383,-0.239011311682515
YDR034C,0.13951188325882,-0.856111943721771,0.00810130339762717,0.0250581781047355,0.125381149103244,0.156273826211691,-0.901767754254593,-0.806113754442133
YDR035W,1.54002058506012,0.186538726091385,0.104216577573036,0.0292655658316536,1.35623335043589,1.75844014286995,0.132334419626267,0.245127589448548
YDR036C,0.46680736541748,-0.331743568181992,0.0298399557921025,0.0276433884420971,0.412948548793793,0.530016261835893,-0.384104055769551,-0.275710815773885
YDR044W,0.982468545436859,-0.00921415444463491,0.0830884289558522,0.0363921911211574,0.835283994674683,1.16070655783017,-0.0781658402642751,0.0647224381510911
YDR046C,0.634993553161621,-0.197922706604004,0.0360001192750089,0.0245017325340823,0.571076571941376,0.711493570605914,-0.243305656128845,-0.147829020132967
YDR049W,0.227476343512535,-0.643845677375793,0.01371959676728,0.0260617984253779,0.203412922099233,0.256251126527786,-0.691621461820758,-0.591334216692381
YDR050C,46.3332328796387,1.66329884529114,5.08137572486056,0.047430683626633,37.2547187805176,56.9006895065308,1.57118128944799,1.75511752901683
YDR052C,0.176190048456192,-0.754749774932861,0.0102467313141636,0.0251976390991611,0.15765870064497,0.197165193905433,-0.802282058311017,-0.705169752394153
YDR055W,1.64969277381897,0.216473415493965,0.10860511905518,0.0283585857052953,1.46314024825891,1.88580436209838,0.165285957073623,0.275496635905813
YDR057W,0.26678529381752,-0.574765741825104,0.0175065430847398,0.0283627623546173,0.234957840541999,0.303112365305424,-0.629010058027812,-0.518396348852349
YDR058C,0.0719246491789818,-1.14586365222931,0.00809725994210157,0.0488542057955964,0.0572287822142243,0.0887642427037159,-1.24238549624271,-1.0517619660288
YDR060W,0.878457725048065,-0.0567843578755856,0.0425806440146324,0.0209129692406597,0.806179028749466,0.967548951009909,-0.0935685035731731,-0.0143270535864094
YDR061W,0.239753350615501,-0.621090471744537,0.0150536915376546,0.0272369769440708,0.212143331517776,0.270338034133116,-0.673370615250185,-0.568092849148759
YDR062W,1.06976389884949,0.0285129975527525,0.0641832227482015,0.0259071591738849,0.954402882854144,1.20567047595978,-0.020268257734116,0.081228626189343
YDR072C,0.345823377370834,-0.462080419063568,0.022833631992109,0.0284380479710047,0.306007211158673,0.39548028682669,-0.514268339389358,-0.402875159933413
YDR074W,0.974767684936523,-0.0116450702771544,0.0490501933015894,0.0216998731229505,0.891141724586487,1.07929652531942,-0.0500532221742105,0.0331407784933167
YDR075W,0.302270650863647,-0.521561741828918,0.0287626362600113,0.0412297449992603,0.250542313605547,0.362908306221167,-0.601118916540415,-0.440203091614135
YDR077W,12.1643295288086,1.0838440656662,0.920036519352018,0.0328596614199584,10.4575976928075,14.0113391876221,1.01943192691333,1.14647964663475
YDR080W,0.146207332611084,-0.835704863071442,0.0081860292487574,0.0241674051034093,0.131688205028574,0.163623364518086,-0.880453122435812,-0.786154681377677
YDR081C,0.167989403009415,-0.775448560714722,0.0097930177565215,0.0251200557916795,0.151313059280316,0.188838928813736,-0.820123587990162,-0.723908471771242
YDR087C,1.44347310066223,0.157257437705994,0.144019923548798,0.0432596869239124,1.17994530598323,1.74638489087423,0.0718618748496328,0.242139958089248
YDR088C,0.182638019323349,-0.74001681804657,0.0157888545643621,0.0373715998935406,0.154031728828947,0.216567322611809,-0.812389812733611,-0.664407072549072
YDR089W,0.315453916788101,-0.501735150814056,0.0176415549041929,0.0240943828848611,0.285054146250089,0.353280988335609,-0.545072637594215,-0.45187973430213
YDR091C,1.78359770774841,0.250622421503067,0.0998307041143138,0.0241693125753957,1.60619583229224,1.99515493313471,0.205798494598103,0.299976626082197
YDR093W,0.292318910360336,-0.53462940454483,0.0138811607713238,0.0205164959098757,0.268213841319084,0.321261283258597,-0.571518829295716,-0.493141611915391
YDR097C,0.33756211400032,-0.472184807062149,0.0168594402817641,0.0215791682301315,0.308165563146273,0.373032679408789,-0.511215894494679,-0.428253120303144
YDR098C,2.97632646560669,0.470592737197876,0.35527580390465,0.0518482223842823,2.33405853509903,3.71643018722534,0.368111682552112,0.570125979036568
YDR101C,1.13441669940948,0.054013017565012,0.0672369289994661,0.0256844549886822,1.01215361158053,1.27236770689487,0.00524642900276494,0.104612637731332
YDR103W,0.179970771074295,-0.745507061481476,0.0103613445249719,0.02479511788829,0.161914888893565,0.202509075030684,-0.790713213849677,-0.693555509996826
YDR105C,0.259050160646439,-0.587748169898987,0.0187776364052605,0.0313046766818518,0.226259869461258,0.298570237557093,-0.645392468028176,-0.524953489110665
YDR106W,0.0160938128829002,-1.80638706684113,0.0039567794532876,0.10711096506448,0.00944051175999145,0.0250271196632336,-2.02500447230151,-1.6015891381534
YDR107C,0.157840862870216,-0.802635848522186,0.00996628737710208,0.0272100310356038,0.140465032309294,0.179588946700096,-0.852431777865629,-0.745720402237148
YDR108W,0.110284827649593,-0.958343863487244,0.0069543890263703,0.0272943953871065,0.0976718708872795,0.124920357453326,-1.01023049915378,-0.903366783433733
YDR109C,0.0851335600018501,-1.07096922397614,0.00597895234569781,0.0303990168633296,0.0742438137531281,0.0975610135744015,-1.12933972739536,-1.01072369672993
YDR110W,0.202119261026382,-0.695379853248596,0.0136725370212762,0.0292443002393144,0.17760842492183,0.231232083961368,-0.750536441020174,-0.635951910650729
YDR111C,0.122205466032028,-0.91418868303299,0.00941070932271391,0.0332744634927581,0.105201003762583,0.142307450994849,-0.9779801202458,-0.846772360586762
YDR113C,0.31688666343689,-0.500584363937378,0.0263563836003815,0.0359211097145655,0.269702665507793,0.372044708828131,-0.56911476215138,-0.429404867665883
YDR116C,0.415629774332047,-0.383760094642639,0.0446677066409982,0.0462056415268898,0.336135883380969,0.511969723304113,-0.473485128407783,-0.290755730027656
YDR117C,0.439135193824768,-0.358215838670731,0.0269828894647487,0.026547907579625,0.391369298597177,0.496393891423941,-0.407413246568761,-0.304173571887577
YDR118W,0.08565753698349,-1.06824731826782,0.00587294541904985,0.0296551964711375,0.0751200179879864,0.0980712198962768,-1.12424432171939,-1.00845842487037
YDR122W,0.242598041892052,-0.615712821483612,0.0128104883906691,0.0228171696500905,0.220318658525745,0.269004180282354,-0.656948728084772,-0.570240977618564
YDR123C,0.108891725540161,-0.966374099254608,0.0136372476825943,0.0540459566596622,0.0846127667153875,0.13810762266318,-1.07256410398679,-0.859782350522345
YDR124W,0.00622183084487915,-2.23068428039551,0.00207779798700576,0.148932203560852,0.00279702324381409,0.0109798432638248,-2.5533039594916,-1.95940388993401
YDR125C,0.0206785909831524,-1.68906188011169,0.00300987501004817,0.0632101925692984,0.0152905695528413,0.0271315212206294,-1.81557633822804,-1.56652586460418
YDR127W,1.39935183525085,0.145459592342377,0.0651179759956681,0.0200892084882781,1.28882040977478,1.53526774247487,0.110192404795306,0.186184124941867
YDR128W,0.0964101850986481,-1.01659595966339,0.00556701776529389,0.0249279862567263,0.0865871299058199,0.108354929896692,-1.06254665636126,-0.965151324541402
YDR129C,3.16773796081543,0.500107824802399,0.17250925318288,0.0235682333203674,2.85998235146205,3.52080973982811,0.456363353147585,0.546642556970282
YDR130C,0.196612969040871,-0.709011018276215,0.0217146956770611,0.0476752165276862,0.158677097906669,0.243796356519063,-0.799485752135211,-0.612972791035636
YDR132C,0.0578859485685825,-1.23918306827545,0.00522248756888413,0.0390596805985546,0.0485388261886934,0.0689975917339325,-1.31391073042076,-1.16116606744994
YDR135C,0.630171656608582,-0.20103195309639,0.0300944375802481,0.020622103821455,0.578851342201233,0.69175771822532,-0.237432955359165,-0.160045986578919
YDR137W,0.124922461807728,-0.904251098632812,0.00802683600461011,0.0278257113944294,0.110302361659706,0.141781486695011,-0.957415188968946,-0.848380474026963
YDR138W,0.177483305335045,-0.751592218875885,0.0104289145458943,0.0255134379356392,0.158213615914186,0.198663863415519,-0.800756144378994,-0.701881124361136
YDR141C,0.279213577508926,-0.554562330245972,0.0134551072717695,0.0208074500806378,0.255966494729122,0.306992316991091,-0.59181688046777,-0.512872493466126
YDR142C,0.0746929347515106,-1.12908637523651,0.00781818505283304,0.0453553253283593,0.0605959516949952,0.0910223096609115,-1.21755638941421,-1.04085216524079
YDR143C,0.277022302150726,-0.558313548564911,0.0171880946137786,0.026797599648876,0.247073446090023,0.313597858200471,-0.607173927409741,-0.503626912244363
YDR144C,0.66330498456955,-0.178982898592949,0.0376840024124033,0.0245343748573133,0.596945457160473,0.74237974435091,-0.22406534850141,-0.129373886258592
YDR145W,0.585943818092346,-0.232918873429298,0.035152405290182,0.0258956418714935,0.523993196090062,0.66132524361213,-0.280674352227028,-0.179584903962277
YDR146C,0.431727051734924,-0.365460515022278,0.0240573852056364,0.0240425864134261,0.389111906290054,0.482697278261185,-0.409925480178114,-0.316325149989017
YDR147W,0.19269160926342,-0.716062724590302,0.0126159980323231,0.0282856280767291,0.16983923924466,0.219282032673558,-0.769961965181085,-0.65899695432947
YDR148C,1.18642926216125,0.0733781233429909,0.0750553637049544,0.027354337354082,1.05350905458132,1.3429013778766,0.0226382724544243,0.128044116215134
YDR150W,0.381518870592117,-0.41895604133606,0.017891904564455,0.020228181058053,0.351798254003127,0.418422526866198,-0.453706320304389,-0.378384942139281
YDR151C,0.396656215190887,-0.40314969420433,0.033878570176055,0.0367786372474386,0.336731135596832,0.471212557206551,-0.47271672535848,-0.326783148733152
YDR152W,1.07830739021301,0.0303232949227095,0.114307710560285,0.0457905353237027,0.880039874712626,1.31473088363806,-0.0554976494705107,0.118836864754476
YDR153C,0.741774797439575,-0.130663946270943,0.0487746541980374,0.0284972643693495,0.65266752243042,0.842305947840214,-0.185307997814496,-0.074530134159623
YDR158W,7.56253814697266,0.877556324005127,0.541332578944908,0.0311005528055424,6.54872765541077,8.65993881225586,0.81615692947584,0.93751482347306
YDR161W,0.807294547557831,-0.0941034108400345,0.0586968309938974,0.0313277227983556,0.704762401183446,0.933117796977361,-0.151957273782048,-0.0300635430165648
YDR162C,0.462096571922302,-0.340090483427048,0.0695175257811133,0.064610376131173,0.344158159444729,0.616021677851677,-0.463241929971025,-0.210404004890912
YDR164C,0.223665922880173,-0.651130497455597,0.01298534884101,0.0251486728697342,0.199833287174503,0.249849971135457,-0.699332167721854,-0.602320696551805
YDR165W,0.933462679386139,-0.0308435820043087,0.0617180652218265,0.0285430026820305,0.824108654757341,1.06554718911648,-0.0840155254432604,0.0275726869957269
YDR166C,0.172137171030045,-0.764832735061646,0.00986153695172878,0.0247470005162069,0.154504135251045,0.192960469797254,-0.811059892338328,-0.714531652209649
YDR170C,1.03746449947357,0.0155371036380529,0.046685543750373,0.0194103072696614,0.960070471962293,1.13360035419464,-0.0176968873817238,0.0544599729351998
YDR171W,0.399033546447754,-0.400237441062927,0.0304246814166948,0.0328392095366161,0.344047636787097,0.464590279261271,-0.463381420913338,-0.33292988131452
YDR173C,0.131528973579407,-0.882712006568909,0.0117772203331423,0.0388168778526646,0.109963599654535,0.156043943141898,-0.958751052294144,-0.806753085272024
YDR174W,1.97314357757568,0.291874557733536,0.244694348869108,0.053289076717589,1.55195880532265,2.50602346460025,0.190880189155268,0.398985133090568
YDR175C,0.46260204911232,-0.336492002010345,0.0411916585433382,0.038342739553106,0.39094715466102,0.550691664218903,-0.407881945044376,-0.259091497354076
YDR176W,0.172615438699722,-0.763694763183594,0.0103437688172683,0.0259132685689922,0.154077034567793,0.194306647405028,-0.81226208988308,-0.711512341782046
YDR180W,0.0974441841244698,-1.01184046268463,0.00512097285239465,0.0226978257091856,0.0885628882795572,0.108321079177161,-1.05274823216537,-0.965287021992265
YDR186C,0.236022308468819,-0.627764880657196,0.0136254135292804,0.0249009704678671,0.212143875161807,0.265194891393185,-0.673369502475201,-0.576434850195513
YDR188W,2.46173095703125,0.390485823154449,0.145481702522934,0.0255628246187517,2.20422669450442,2.75567406813304,0.343256257650171,0.440227848264262
YDR189W,0.658870279788971,-0.181952729821205,0.0389779561789155,0.0255178316321264,0.591113340854645,0.743020242949327,-0.228329238935657,-0.128999354811362
YDR190C,1.90576910972595,0.27920851111412,0.120357327655909,0.0273531371845976,1.68471955557664,2.15876115560532,0.226527616812273,0.334204594837965
YDR191W,0.078409381210804,-1.10807681083679,0.00832889988704044,0.0461264132891176,0.0630856378003955,0.0960566103458405,-1.20006950192026,-1.01747274284874
YDR192C,0.29797950387001,-0.527046799659729,0.0224928667823684,0.0327701279409326,0.256213933229446,0.344104537119468,-0.591397256479986,-0.463309601572911
YDR194C,0.657864332199097,-0.182540699839592,0.0368501145891368,0.0242311720274028,0.592937111854553,0.735465532541275,-0.226991366370773,-0.133437676044403
YDR195W,0.250083595514297,-0.602862596511841,0.0165927483146652,0.0286823685660511,0.220500316098332,0.285008484125137,-0.656590787485621,-0.545142213282985
YDR198C,0.106401540338993,-0.974493741989136,0.00870867940542944,0.0353943951232283,0.0907999818523725,0.124752487055957,-1.04191423895299,-0.903950787743608
YDR200C,0.1043361723423,-0.982677757740021,0.0074804292388637,0.0310876145806255,0.0906649979452292,0.119801201112568,-1.04256034480444,-0.92153882780748
YDR202C,0.18658672273159,-0.730892658233643,0.016953774722126,0.0391695909003476,0.156545890122652,0.222606291373571,-0.805358331247986,-0.652462568551709
YDR204W,0.332348585128784,-0.480097055435181,0.0294249823220749,0.038290153351181,0.279036130259434,0.394434081266324,-0.554339594752519,-0.404025567096421
YDR206W,0.150570020079613,-0.823061048984528,0.00918344851182859,0.026279448078547,0.134661610176166,0.170498255640268,-0.87075619834904,-0.768280059898442
YDR208W,0.297051966190338,-0.527897000312805,0.0172929462697038,0.0251290876895528,0.266540870070457,0.333998255680005,-0.57423618899937,-0.47625580149927
YDR212W,2.6582567691803,0.423882722854614,0.153475889008817,0.0249102932732708,2.38719474871953,2.9934099137783,0.377887849769395,0.476166192303679
YDR214W,2.16030478477478,0.333158433437347,0.171200784534062,0.0342922519938521,1.8542347997427,2.51397610704104,0.26816472613914,0.400361143695684
YDR217C,0.162611052393913,-0.789448380470276,0.00856575130141114,0.0227634988362541,0.147431711976727,0.180485970030228,-0.831409091407719,-0.743556552370546
YDR218C,0.00750615634024143,-2.13660907745361,0.00176790088535014,0.102860550761149,0.00447150606196374,0.0113813168058793,-2.34954617865644,-1.94380750212929
YDR221W,0.332031190395355,-0.479559510946274,0.0194553696831508,0.0253131514372711,0.297335201998552,0.37294726545612,-0.526753672021609,-0.428352573145644
YDR222W,0.230898603796959,-0.637966215610504,0.0185582940147775,0.0346693774058028,0.19745457470417,0.269825631628434,-0.704532799978536,-0.568916820714532
YDR223W,0.00768580939620733,-2.12242269515991,0.00148773032885245,0.0843016873295034,0.00500891727084915,0.0109521376434714,-2.30025616403545,-1.96050114157769
YDR228C,0.230114936828613,-0.638943374156952,0.0147446764136947,0.027707372872239,0.203716682270169,0.260485403984785,-0.690973405422109,-0.584216607151165
YDR233C,4.23940801620483,0.62559962272644,0.376594451878319,0.0384764685242372,3.55336103638013,5.02094727357229,0.550639335681718,0.70078566001706
YDR234W,0.561254739761353,-0.251519203186035,0.0314805940577513,0.0243321666428992,0.502815569937229,0.62409970810016,-0.298591282746553,-0.204746020779916
YDR235W,0.110597208142281,-0.957477450370789,0.0083295642178852,0.0325742125791925,0.0956705431143443,0.128475641955932,-1.01922176057418,-0.891179206101242
YDR237W,0.311443358659744,-0.508956909179688,0.0325019639337656,0.0449945649533838,0.254159957170486,0.382506574441989,-0.594892871365607,-0.417361097045903
YDR238C,1.91408455371857,0.281419396400452,0.0958858759513532,0.0216526497871815,1.74462923308214,2.10970085660617,0.241703135537649,0.324220879211374
YDR242W,0.00677902298048139,-2.17694640159607,0.00131398775620916,0.0843039630830135,0.00446860320710888,0.00964952725917101,-2.34982821543219,-2.01549396269377
YDR243C,0.128387898206711,-0.892524778842926,0.00892336256034767,0.0301641174724446,0.111906513571739,0.146613735705614,-0.951144634419495,-0.833825340655467
YDR244W,0.249388664960861,-0.604001998901367,0.0159103463797491,0.0276080633779803,0.220641018201907,0.282284784813722,-0.656313752776876,-0.549312530006984
YDR245W,0.776944994926453,-0.110678382217884,0.0545306617690061,0.0304822727067609,0.676272178192933,0.8854471758008,-0.169878482142157,-0.0528373429359774
YDR247W,0.104862466454506,-0.980774998664856,0.00840965564157433,0.034859908365532,0.0893327308818698,0.122041077415148,-1.04898938952854,-0.913493967831507
YDR251W,0.305231362581253,-0.516045033931732,0.0170554973966557,0.0241751267868802,0.274339340875546,0.340730507175128,-0.561711909165094,-0.467588980307336
YDR254W,0.0754521787166595,-1.12400889396667,0.00664995398082274,0.0382012248493067,0.0633245540782809,0.0892572413509091,-1.19842785998324,-1.04935654408498
YDR256C,0.001691386802122,-2.80309128761292,0.000636562738352107,0.168641086593642,0.000699387312730929,0.00317330552497879,-3.155282269146,-2.49848813206608
YDR257C,0.262243866920471,-0.582238435745239,0.0173612442379887,0.028576449988634,0.231476356585821,0.298600983371337,-0.635493362402138,-0.52490876680492
YDR258C,0.770737707614899,-0.113671742379665,0.0399610847505856,0.0223795996289864,0.701274024943511,0.853350520133972,-0.154112253020934,-0.0688725424654145
YDR259C,0.0307429954409599,-1.51618003845215,0.00412180312299133,0.0586158194305385,0.0230356990980605,0.0393357962369919,-1.63759860383246,-1.40521205734038
YDR261C,0.523570597171783,-0.281820058822632,0.031786480397859,0.0263056555875886,0.465136408805847,0.589153528213501,-0.332419664520726,-0.229771517152564
YDR262W,0.570492625236511,-0.246313959360123,0.0624996554096975,0.0471044626252675,0.459468066692352,0.710101269682248,-0.337744666957353,-0.148679713279815
YDR264C,0.702982604503632,-0.153696343302727,0.0383567944739577,0.023521177109312,0.637003257870674,0.784918248653412,-0.195858348567002,-0.105175573837644
YDR267C,0.325520396232605,-0.489130944013596,0.0289954624745189,0.0384800673355341,0.273052011181911,0.387554627905289,-0.563754620320498,-0.411667073329262
YDR268W,0.167346730828285,-0.778071641921997,0.014825643633822,0.0382412181128398,0.140682184696198,0.198906310647726,-0.851760896898957,-0.701351438075444
YDR270W,0.195448622107506,-0.70962005853653,0.0107442744758282,0.0237254911665389,0.176382402206461,0.218185502042373,-0.753544747662345,-0.661174121945548
YDR273W,0.0219595711678267,-1.66357266902924,0.00339778286297922,0.0673672409309566,0.015837584141021,0.0291993443543712,-1.80031106991233,-1.53462690015504
YDR275W,0.0289451107382774,-1.55584406852722,0.00822599862461291,0.12400093775633,0.0154076467423389,0.0478667237485448,-1.81226369524104,-1.31996635085418
YDR277C,0.0785480737686157,-1.10655951499939,0.00695464247330974,0.0383972745236127,0.0657711002975702,0.0929906397437056,-1.18196489280309,-1.03156077031399
YDR279W,0.155959621071815,-0.808933675289154,0.0148074160868006,0.0411119960914776,0.129049779598912,0.187617801999052,-0.889242735076765,-0.726725963024908
YDR280W,0.738619685173035,-0.133461937308311,0.0689405396406101,0.0404210952829016,0.615136189262072,0.885553273558617,-0.211028722971104,-0.0527853083878857
YDR284C,0.506464600563049,-0.29719266295433,0.0454139374625104,0.0389302922150582,0.42357937892278,0.598562051355839,-0.373065193525151,-0.222890821342532
YDR288W,0.141254246234894,-0.852934837341309,0.016484311953137,0.0505031365540926,0.112298028729856,0.175860804567734,-0.949627876026777,-0.754830944418559
YDR289C,0.339943200349808,-0.469740658998489,0.0248111124240754,0.0315369160280581,0.29520521213611,0.392222746958335,-0.529875978996498,-0.406467223062023
YDR291W,0.0831132754683495,-1.08104145526886,0.00476381198322466,0.0248428491869193,0.0743042298282186,0.0928075592344006,-1.12898646747736,-1.03241664883869
YDR292C,0.565243542194366,-0.248471662402153,0.0323253367769443,0.0247532163616112,0.506437423825264,0.632423577209314,-0.295474209232112,-0.1989919476708
YDR293C,0.632854580879211,-0.199203103780746,0.0307330402782371,0.0209441901885928,0.58166867941618,0.69791094015042,-0.235324321113196,-0.15619999429489
YDR294C,0.56064635515213,-0.252153426408768,0.0350037968041806,0.0270329699940672,0.496283646176259,0.633286674320698,-0.304270040202808,-0.198399650811818
YDR296W,0.460125535726547,-0.343244522809982,0.0779110721353559,0.0728488628869061,0.328874765088161,0.631083518266678,-0.482969449546171,-0.199913164104312
YDR297W,0.932607114315033,-0.031530573964119,0.0702583216843107,0.0326866305809571,0.804608630140622,1.07325002749761,-0.0944153136476223,0.0307008985006839
YDR300C,0.983360826969147,-0.00824566464871168,0.0653712346041541,0.0288438893956833,0.861425080398719,1.11762617925803,-0.0647824879966059,0.0482965660714975
YDR301W,0.209352165460587,-0.679653823375702,0.01040707793514,0.0214507628443279,0.191708146159848,0.231170501684149,-0.717359432691133,-0.636067584982108
YDR303C,0.311485439538956,-0.507180869579315,0.016678839756631,0.023159108470459,0.281942993402481,0.34636838460962,-0.549838693643279,-0.460461755847299
YDR307W,0.255608677864075,-0.593195796012878,0.0152912909539241,0.025834609077767,0.228701665997505,0.28828733364741,-0.64073067172518,-0.540174438779397
YDR309C,0.764353215694427,-0.117874063551426,0.0563279081775603,0.0317907431645233,0.663950979709625,0.884680486718813,-0.177863983926405,-0.0532135535950689
YDR310C,0.210971504449844,-0.676398515701294,0.0113494879201267,0.0232113404592905,0.191152692958713,0.234855913495024,-0.718619579992824,-0.629198502875258
YDR311W,0.273831486701965,-0.563365995883942,0.0172016894630924,0.0271045169167053,0.243874958157539,0.31016518548131,-0.612832792141163,-0.508406952371006
YDR313C,0.089518167078495,-1.05228650569916,0.0124454853451978,0.0605381797884197,0.0669054463505745,0.115190393167237,-1.17453854771051,-0.938583785971129
YDR315C,0.0335080660879612,-1.48297965526581,0.00649024133300896,0.0843703609754227,0.0221448560090115,0.047475857908527,-1.65472714138725,-1.32352718088256
YDR316W,0.120331019163132,-0.920936942100525,0.00940083672544697,0.033777925759065,0.103656187653542,0.139843546226621,-0.984404768017003,-0.854357572217776
YDR317W,0.0360786579549313,-1.44615697860718,0.00452356389871072,0.0544456900538232,0.0278551368663708,0.0456504113972187,-1.55509471743515,-1.34055530429098
YDR320C,0.278062999248505,-0.556614995002747,0.0165111590706391,0.0256358770856141,0.249011569842696,0.313533112655083,-0.603780473785589,-0.503716586094737
YDR321W,3.14761090278625,0.496799468994141,0.232321829861725,0.0320482468431149,2.71241474151611,3.6321006278197,0.433356096028562,0.560157872200702
YDR322W,0.342542052268982,-0.466647028923035,0.0272163708817398,0.0343668919993065,0.292905534058809,0.399978782236576,-0.533272424650163,-0.397963046244232
YDR323C,0.0462158396840096,-1.33728170394897,0.00452963597041567,0.0424138401652432,0.0381602219926814,0.0558786429464817,-1.41838910927437,-1.2527541495874
YDR325W,0.141928508877754,-0.84860497713089,0.00789430884831203,0.0240998649617622,0.127719476819038,0.158071417485674,-0.89374286914191,-0.801146653022112
YDR330W,0.29253101348877,-0.534795820713043,0.0195903688010521,0.0289731799757621,0.257362409929434,0.333097138007482,-0.589454885812297,-0.477429103536651
YDR331W,0.454272896051407,-0.343885660171509,0.0339755484612118,0.0322363253457369,0.393840052684148,0.527263613541921,-0.404680119813195,-0.277972199043227
YDR332W,0.0338705740869045,-1.47195363044739,0.00308082683441635,0.039256887757147,0.0284218168196579,0.0405988489277661,-1.54634816396837,-1.391486281533
YDR337W,0.550117969512939,-0.261692643165588,0.0550323326404011,0.0431550144835986,0.453679530074199,0.667101567983627,-0.343250827463993,-0.175808038912604
YDR341C,3.67957305908203,0.565109610557556,0.207891315199585,0.0244419284577754,3.30349694887797,4.11752343972524,0.518973909786187,0.614636079927589
YDR346C,1.49831962585449,0.17471681535244,0.0961845995823273,0.027750526471758,1.32711980442206,1.70174399713675,0.122910129157051,0.23089422112234
YDR349C,0.265619367361069,-0.576561868190765,0.0163556416453768,0.0266437868457651,0.236163723717133,0.299484009047349,-0.626786812121263,-0.523626362585589
YDR351W,0.169041901826859,-0.772731184959412,0.00980037340859863,0.0250386755708087,0.151418255269527,0.189912151172757,-0.819821765352625,-0.721447246976689
YDR353W,5.69401788711548,0.753874540328979,0.483174327957484,0.0365731163460728,4.83223611911138,6.75120373169581,0.684148138665449,0.829381210927328
YDR354W,0.467333406209946,-0.33165454864502,0.0360318089949041,0.033342309895769,0.402879673490922,0.542345458765825,-0.394824646991113,-0.265723992044942
YDR356W,0.246075704693794,-0.609574139118195,0.013476080449612,0.0236219928146744,0.222509014233947,0.274727149804433,-0.652652390756175,-0.561098420639755
YDR358W,0.292651355266571,-0.534518778324127,0.018599067335143,0.0274367252528448,0.25973814278841,0.33273911823829,-0.585464269213087,-0.477896139317025
YDR361C,1.37376248836517,0.135946124792099,0.131206628184123,0.0412958808144013,1.13678154051304,1.6508590122064,0.0556770125665693,0.21770998088456
YDR362C,0.116132520139217,-0.935950756072998,0.00750697627463037,0.0279823768241532,0.102722328156233,0.132025329768658,-0.988335151273847,-0.879342739157311
YDR363W,0.089014932513237,-1.05221807956696,0.0078296672992961,0.0382512566880692,0.074323460025092,0.105106402312716,-1.12887408061758,-0.97837082917644
YDR364C,0.112420961260796,-0.950715303421021,0.00956784251146264,0.0367572035217108,0.0950263829280933,0.132731364791592,-1.02215580169068,-0.877026463579203
YDR368W,2.16517400741577,0.333869814872742,0.187718224689986,0.0375688925859706,1.82483635147413,2.55753540992737,0.261223923279738,0.407821655377199
YDR370C,0.101041458547115,-0.997130870819092,0.00875626718830026,0.0376514384551395,0.0848582835247119,0.119251965979735,-1.07130575852807,-0.923534453660008
YDR372C,0.847709357738495,-0.0731878206133842,0.0692587173981565,0.0352404615675773,0.724119298160076,0.996497025092443,-0.140189879886589,-0.00152399397074265
YDR375C,0.158058926463127,-0.802613615989685,0.0128985751175456,0.0352124371158503,0.134996452430884,0.185970741013686,-0.869677644171645,-0.730555382030681
YDR376W,0.234031856060028,-0.631810665130615,0.0166536523750855,0.0306779225348453,0.204399096593261,0.269039085507393,-0.689521030043068,-0.57018462191886
YDR379W,0.108379043638706,-0.965773224830627,0.0062670333103354,0.0249833630919929,0.097238510598739,0.121377533922593,-1.01216170187286,-0.915861690517262
YDR380W,0.27346470952034,-0.563870906829834,0.0163455420027591,0.0258681133094361,0.244061999768019,0.307571699966987,-0.612499835057489,-0.512053627187393
YDR381W,8.70652770996094,0.934417366981506,1.3942705867151,0.068480432132291,6.34627027908961,11.8317251523336,0.802518558518747,1.07304805040687
YDR383C,0.104525186121464,-0.989187479019165,0.0206740086589944,0.0856893109183101,0.0691847781340281,0.151418287555377,-1.15998944955028,-0.819821691133693
YDR384C,1.6754823923111,0.221868425607681,0.172475113939479,0.0443429283898676,1.36732304195563,2.04402991930644,0.135871129624803,0.310487245536581
YDR386W,0.0606660284101963,-1.21839773654938,0.0047835562212002,0.0341217861885903,0.0519788962167998,0.0705734434227149,-1.28417294707516,-1.15135869295721
YDR387C,0.0398113876581192,-1.40190541744232,0.00373484152326263,0.0407601914784578,0.0329545168516537,0.0475414507091045,-1.48208505482515,-1.32292757007637
YDR389W,0.232203736901283,-0.634946763515472,0.0142833508554362,0.026658650415114,0.206172588591774,0.261706852912903,-0.68576907642932,-0.582184905056951
YDR390C,0.323959350585938,-0.490289300680161,0.0194746538560945,0.0260438509611154,0.288494037091732,0.363906781623761,-0.539863159434461,-0.439009852102562
YDR393W,0.111186258494854,-0.955323040485382,0.00889066982336553,0.0345452396208686,0.0954125449061394,0.13032072968781,-1.02039452020858,-0.884986497321868
YDR394W,1.84910702705383,0.266050428152084,0.120254263933873,0.0281270850918656,1.62963045636813,2.10448042154312,0.212089132071794,0.323144889592319
YDR395W,1.14413011074066,0.0579502433538437,0.0564757219818773,0.0213147082743041,1.04663331111272,1.26249380409718,0.0197945528646589,0.101229255080896
YDR400W,0.468574106693268,-0.330550819635391,0.0366914550046253,0.0339644826707517,0.401102967560291,0.545995533466339,-0.396744129980754,-0.262810910040421
YDR405W,0.330166280269623,-0.484257191419601,0.0389778352175232,0.0509050812633924,0.261952787637711,0.414422096312046,-0.581776975535434,-0.382557096783996
YDR407C,0.130962565541267,-0.883426189422607,0.00676789006770714,0.0223044693438455,0.119157402031124,0.145391096174717,-0.923878974415346,-0.837462189638608
YDR410C,0.389314770698547,-0.414015769958496,0.0551179375891469,0.0612580121830947,0.292725520084302,0.506507700184981,-0.533539413970091,-0.295413950152979
YDR411C,0.403523623943329,-0.395536541938782,0.0325292636438278,0.0349504070699257,0.34494912425677,0.471494241058826,-0.462244955234411,-0.326523608238551
YDR412W,1.37659978866577,0.134699895977974,0.190452926391528,0.0596803309750114,1.04352374076843,1.78651950955391,0.0185023180820595,0.252007757140368
YDR414C,0.164412066340446,-0.785757005214691,0.0145369268952638,0.0383293157854017,0.138085569938024,0.194736653318008,-0.859851705059902,-0.710552298513288
YDR415C,0.373395055532455,-0.429107755422592,0.0287098921290322,0.0332470718727778,0.322156028201183,0.434286461025476,-0.491933738914633,-0.362223710662795
YDR416W,0.12074626237154,-0.918896019458771,0.0072223543547719,0.025865109157612,0.107974371189872,0.136239878336589,-0.96667931652975,-0.8656957528804
YDR421W,0.0654631927609444,-1.18492090702057,0.00428156542560968,0.0282626397210852,0.0577732749283314,0.074473759966592,-1.23827301345703,-1.12799672181038
YDR422C,0.214565873146057,-0.669072329998016,0.0116352894175071,0.0234519558770977,0.194092616438866,0.238761471336087,-0.711990985481546,-0.622035753490488
YDR427W,1.65683734416962,0.218252271413803,0.11439608089758,0.0298245591479588,1.45277996162573,1.8993616104126,0.162199839416261,0.278607655867232
YDR429C,5.08246898651123,0.704035341739655,0.497017968200304,0.0419441575006614,4.21158456802368,6.16646687984467,0.62444552568701,0.790036403151348
YDR430C,0.349806725978851,-0.456749260425568,0.0180800473419081,0.022345983434889,0.317567368845145,0.387009933839242,-0.498164131465248,-0.412277887310086
YDR438W,0.00225474825128913,-2.69240784645081,0.001030069529447,0.203940789085424,0.000752280129139156,0.0047904825846975,-3.12362045469533,-2.31962075183101
YDR448W,0.281422913074493,-0.551697134971619,0.0197182812339826,0.0302505781791713,0.245760366817315,0.323756158351898,-0.609488153502769,-0.489781961867264
YDR449C,0.45557314157486,-0.34244430065155,0.0311072767220413,0.0294543079482061,0.401425623645385,0.522238850593567,-0.396394909948228,-0.282130823109028
YDR451C,0.589736640453339,-0.23061303794384,0.0451714435099575,0.0332236699746341,0.505701348185539,0.681660538415114,-0.29610589097276,-0.166431846745022
YDR452W,0.49602347612381,-0.305213898420334,0.0285788279822867,0.0248813248265225,0.445635258903106,0.557623915374279,-0.351020455217551,-0.253658608700113
YDR456W,0.251186072826385,-0.600816011428833,0.015391818940621,0.0265291008833564,0.223244749878844,0.283145368099213,-0.651218745814795,-0.547990538488825
YDR457W,0.449033349752426,-0.348166197538376,0.0204396256707477,0.0196368751374997,0.414984405040741,0.491216209034125,-0.381968223606003,-0.308727311004883
YDR458C,0.210053876042366,-0.67848527431488,0.0129217564378896,0.0265967773325756,0.186582454045614,0.237108702336748,-0.729129200247525,-0.62505250630522
YDR463W,0.621310651302338,-0.207502588629723,0.0380795944262583,0.0265115740597735,0.552724627157052,0.702012806137403,-0.257491184599872,-0.153654965911555
YDR464W,0.142238825559616,-0.847581744194031,0.00750897479520627,0.0227937441202029,0.129198539877931,0.158398588001728,-0.888742394448813,-0.800248696298204
YDR465C,0.625279247760773,-0.205032661557198,0.0446121824094299,0.0310077976386918,0.540916223327319,0.716710152725379,-0.266869992943663,-0.144656444677949
YDR470C,0.143192574381828,-0.845349609851837,0.0109958425357853,0.0332122870735036,0.123633876442909,0.166265340149403,-0.907862513580533,-0.77919827492346
YDR472W,0.319176822900772,-0.498692661523819,0.0359920728101822,0.048556492565542,0.255334615707397,0.398220628499985,-0.592890303912458,-0.399876246539479
YDR477W,0.654093623161316,-0.185115993022919,0.0387756094263715,0.0256023099345361,0.5863516608874,0.734687626361847,-0.231841840943159,-0.133897274498925
YDR479C,0.0882728174328804,-1.05544543266296,0.0067859792154334,0.0332899221350924,0.0757833748434981,0.102580443769693,-1.12042605873614,-0.988935426493328
YDR480W,0.225140407681465,-0.649521291255951,0.0215453189761472,0.0413791703460002,0.186156988143921,0.270661652088165,-0.730120656166625,-0.567573271626072
YDR481C,1.89324712753296,0.276456564664841,0.111880255048285,0.0254813394008864,1.69791824221611,2.13837059338887,0.229916774106057,0.3300829436682
YDR484W,0.126350194215775,-0.899329006671906,0.00816486471201243,0.0280147138991685,0.111376743701597,0.142928878093759,-0.953205483756331,-0.844880016272979
YDR485C,0.137120336294174,-0.863735854625702,0.0085362611885791,0.0269180122264283,0.12189543992281,0.1551706229647,-0.914012540923077,-0.809190496375641
YDR486C,0.714205265045166,-0.152541637420654,0.124167302561925,0.074093273405057,0.50728938827912,0.999153895676136,-0.294744263772593,-0.000367614643798027
YDR488C,0.0818264856934547,-1.08859956264496,0.00680077157765881,0.0359808053834487,0.0693652735402187,0.0962220725292961,-1.15885789679032,-1.01672529522913
YDR489W,0.19110119342804,-0.721507012844086,0.021707938260662,0.0490081092534202,0.152099326252937,0.237627087409298,-0.817872709716098,-0.624104055179015
YDR492W,0.367137491703033,-0.43725311756134,0.0361716779900205,0.042436339762348,0.303474794576565,0.445250800003608,-0.517877373932393,-0.351395293307441
YDR494W,0.318207114934921,-0.498901814222336,0.0276001875402243,0.0373253997005075,0.269465863704681,0.379141050080458,-0.569496243997421,-0.421199194372377
YDR496C,1.29948747158051,0.11309365183115,0.0729898110020903,0.0242166152424727,1.17278758188089,1.45674015482267,0.0692193579002556,0.163382090949803
YDR497C,1.10022699832916,0.0407674349844456,0.0633377391149104,0.0248717676641794,0.988456250230471,1.23402243653933,-0.00504254845353827,0.0913230557742352
YDR498C,0.189170062541962,-0.724643707275391,0.0157870553865351,0.0360038880112974,0.160750258465608,0.222792258610328,-0.793848326922883,-0.652099904274429
YDR501W,0.0857186242938042,-1.06826436519623,0.00674775226161396,0.0340694625654882,0.073568174491326,0.09990275974075,-1.13331002042796,-1.00042251456005
YDR503C,0.179404392838478,-0.749473333358765,0.0221722058414504,0.053652148150937,0.13874488795797,0.226081492130955,-0.857783037192697,-0.645734989163138
YDR505C,0.285799831151962,-0.544620633125305,0.0160544424766327,0.0243474528498349,0.256596430639426,0.318199199686448,-0.590749389138045,-0.497300925562278
YDR506C,0.109556905925274,-0.961523830890656,0.00804690111894443,0.0317464157830727,0.094938996185859,0.126145940025647,-1.02255536743492,-0.899126769221924
YDR507C,0.51015716791153,-0.292843490839005,0.0257111433350418,0.0217844899762492,0.464672263960044,0.56327040741841,-0.332853250411374,-0.249283064761413
YDR514C,0.215049564838409,-0.668566167354584,0.0154242674106674,0.0309136768137574,0.187829864397645,0.24817093834281,-0.726235355876783,-0.605249077218058
YDR515W,0.224804073572159,-0.649355292320251,0.0164672576559076,0.0317007429704859,0.194806707277894,0.259126983086268,-0.710396094395646,-0.58648736199317
YDR516C,1.19261169433594,0.0757280513644218,0.0713592764870665,0.0258376145230235,1.06507113774618,1.34391330679258,0.0273786157282451,0.128371254105164
YDR517W,0.624173283576965,-0.205914527177811,0.0470717146969322,0.0324790556640983,0.540905261039734,0.72688583980004,-0.266878794531291,-0.138533794491556
YDR518W,0.710965991020203,-0.148957490921021,0.0434200780714804,0.0264301761847852,0.632580757141113,0.802384366095066,-0.198884023287414,-0.0956175432601644
YDR522C,0.00155911967158318,-2.84087204933167,0.000607445109194226,0.175929520910521,0.000604264060287581,0.00295601507920461,-3.21877325959881,-2.52929335508025
YDR523C,0.00487709185108542,-2.32383704185486,0.00114074129177266,0.103030159536636,0.00289958040424002,0.00732186096332346,-2.53766489329392,-2.13537853858373
YDR524C,0.109866283833981,-0.960519731044769,0.00882745221528766,0.0346619540356309,0.0941409839938084,0.128574641048908,-1.02622126921583,-0.890844679490489
YDR528W,0.144225731492043,-0.842417478561401,0.0118868152025382,0.0355698639552144,0.122904109147688,0.170430115362008,-0.910433600895774,-0.76845366312377
YDR530C,0.166965752840042,-0.779444694519043,0.0163739862481409,0.0423689493785993,0.13793588206172,0.201767086237669,-0.860322743583453,-0.695149685484959
YDR531W,0.498609364032745,-0.303515613079071,0.0383804788704075,0.0332723100110245,0.429167140523593,0.580382230381171,-0.367373537652595,-0.236285893652611
YDR532C,0.120448939502239,-0.920945525169373,0.0108484547715949,0.0389084535213173,0.101097582963606,0.143712076917291,-0.995259231939367,-0.842506736840725
YDR533C,0.294897466897964,-0.535420298576355,0.0455588015200235,0.0664172408881776,0.216990856577953,0.39385838607947,-0.663558566013196,-0.404659903468324
YDR534C,0.200858354568481,-0.698109090328217,0.0136702703700845,0.029412778429611,0.176573882997036,0.229506707191467,-0.753073532569328,-0.639204618227079
YDR536W,0.00172332860529423,-2.78679990768433,0.000562020132070681,0.143779850534893,0.000813471818401013,0.003038571481981,-3.08965749226178,-2.51733061686038
YDR538W,0.151850372552872,-0.825418055057526,0.0271820230677757,0.0769378709923595,0.107456229627132,0.211075109864275,-0.96876840181737,-0.675562976320872
YDR539W,0.496838867664337,-0.304757505655289,0.0334377153364048,0.029039160378391,0.437966520090898,0.568293828268846,-0.358559087567761,-0.245427060726527
YDR541C,0.0798086822032928,-1.10088062286377,0.00931633227684335,0.0504735371737383,0.063220429730912,0.100002634401123,-1.19914255964113,-0.999988575227108
YEL065W,1.04511380195618,0.0184521935880184,0.059978546126049,0.0247848135448778,0.938872069120407,1.17220803598563,-0.0273935808336817,0.0690046924770094
YEL064C,0.0711904838681221,-1.14911460876465,0.00601377919639638,0.0365311981564652,0.0603375770151615,0.0840779481455684,-1.21941213383742,-1.07531789785199
YEL063C,0.537519812583923,-0.270392388105392,0.0325220497977507,0.0260802390617045,0.48140517398715,0.608331479132175,-0.317489250948893,-0.215859722364476
YEL062W,0.0850076377391815,-1.07161200046539,0.00599480373177045,0.0304861221321792,0.0741562023758888,0.0974558212483923,-1.12985251901224,-1.01119221480804
YEL060C,0.960794806480408,-0.0180551391094923,0.0542481347743437,0.0243834768874421,0.86569082736969,1.07740080356598,-0.0626371841274289,0.0323772951231906
YEL058W,0.991934597492218,-0.00421635899692774,0.0564921999427382,0.0246250252781807,0.893307556708654,1.10881185829639,-0.0489989922063618,0.0448578603094175
YEL057C,0.0162578802555799,-1.8233904838562,0.00653186598247856,0.176311577724883,0.00631008515677725,0.0323008679474393,-2.1999647866343,-1.4907858131501
YEL056W,0.302422970533371,-0.520878374576569,0.0251846498375484,0.0359708921124397,0.25682149057587,0.356174108137687,-0.590368637881796,-0.448337657207236
YEL055C,0.741196393966675,-0.130596086382866,0.0367598163218681,0.0214055815071556,0.678165365258853,0.81792490084966,-0.168664394055306,-0.087286570067319
YEL053C,0.128571733832359,-0.891611695289612,0.00760085346377124,0.0255905837834357,0.114806127299865,0.144526853536566,-0.94003493265678,-0.840051452173313
YEL052W,0.279047071933746,-0.555275142192841,0.0185427909910458,0.0287213570556984,0.245703708628813,0.317652102559805,-0.60958828994342,-0.498048265858563
YEL051W,3.57402729988098,0.550774455070496,0.376157939807265,0.0454581017823387,2.90208864212036,4.36633199850718,0.462710673503441,0.640116739296724
YEL050C,0.313087195158005,-0.505658447742462,0.024531053140634,0.0338794051751251,0.268761442353328,0.36379029105107,-0.570633036862294,-0.439148895710211
YEL047C,1.51973533630371,0.180907189846039,0.0960220356190926,0.0272953806243178,1.34967803557714,1.72096576790015,0.130230179690383,0.235772231761448
YEL043W,0.161468043923378,-0.792616426944733,0.0092272638110209,0.0246681368052662,0.145099746932586,0.181261813516418,-0.83833334636663,-0.741693679453326
YEL042W,1.55418491363525,0.190701767802238,0.0948734766410011,0.0263114080909704,1.3880179554224,1.75759056111177,0.14239508390175,0.244917710543379
YEL041W,0.039242047816515,-1.40810596942902,0.00362698015250029,0.0402313896224371,0.0324857071973383,0.0466564662444095,-1.48830767546962,-1.33108817469722
YEL040W,2.87712025642395,0.458072513341904,0.185041693567467,0.0276570350342261,2.56510494152705,3.27970493833224,0.409105137280124,0.515834773755163
YEL038W,0.364270895719528,-0.446388721466064,0.0698531331036244,0.0822649702949954,0.249621972441673,0.519867447018623,-0.602717189461646,-0.284107376323591
YEL037C,2.28049063682556,0.356968760490417,0.159967846657165,0.0303068226881754,1.99501568476359,2.6154249171416,0.299946310655241,0.417542256644538
YEL036C,0.494133651256561,-0.307093739509583,0.032595600405617,0.0285029452119295,0.435959389060736,0.561993655065695,-0.360553964942698,-0.250268589246714
YEL032W,0.381141752004623,-0.419502407312393,0.0198818991367908,0.0225836057841546,0.34508722871542,0.42108985260129,-0.462071113485875,-0.375625225352128
YEL031W,1.96683168411255,0.293256282806396,0.096146815271037,0.021051248475682,1.80594374636809,2.17672026157379,0.256704217801382,0.337802619807117
YEL029C,0.191694527864456,-0.719728291034698,0.0200103507566097,0.0450061106796278,0.156342094019055,0.235030713304877,-0.805924075594038,-0.628875381688242
YEL023C,0.000955695635639131,-3.05463171005249,0.000381198223919804,0.177663254394277,0.000377955092456735,0.00182694748024611,-3.42255988609332,-2.73827396319458
YEL022W,0.438791155815125,-0.35825052857399,0.0213386793285447,0.0210095836307572,0.402323178698619,0.482307007660468,-0.395424948012036,-0.316676430829333
YEL021W,0.00290876929648221,-2.61141633987427,0.00171004262850125,0.267341509151376,0.000638823750099012,0.00714848791637147,-3.19461904595484,-2.14578582091592
YEL020C,0.0933222994208336,-1.03129982948303,0.00721735480452809,0.0334505928779243,0.0800936071823041,0.108278415476282,-1.09640214655111,-0.965458108921927
YEL019C,0.095973439514637,-1.02312481403351,0.0151201953994324,0.0676161519868786,0.070396929482619,0.128429509699345,-1.15244628901364,-0.891335297447894
YEL016C,0.0724350959062576,-1.14165687561035,0.00624062262608563,0.0374291299788576,0.0608341931675871,0.0851555742323399,-1.21585224755815,-1.06978691954757
YEL015W,0.516370236873627,-0.287842005491257,0.0315584959426915,0.0263802145195455,0.459778916835785,0.583406993250052,-0.337450947347321,-0.234028372036175
YEL011W,0.121243789792061,-0.917321264743805,0.00817663296236087,0.0291204934582796,0.106423780322075,0.138667362555861,-0.97296131838764,-0.858025744626724
YEL007W,0.410897076129913,-0.387032300233841,0.0244743663364654,0.0257006944087605,0.367764778186878,0.46327986245354,-0.434429866685563,-0.334156577016839
YEL006W,0.0993782505393028,-1.00533401966095,0.0109619369883606,0.0477215694476411,0.0799622518320878,0.122469588927925,-1.09711498668209,-0.911971740316177
YEL005C,0.0497215799987316,-1.30973422527313,0.00849581255872227,0.0739564684539837,0.0352139704239865,0.0679352178548773,-1.45328502340916,-1.16790502784107
YEL004W,0.116939537227154,-0.93438583612442,0.0121988942921625,0.0451566609154389,0.095184355850021,0.141952201724052,-1.02143445189766,-0.84785786703956
YEL002C,2.2513427734375,0.35152468085289,0.146591185729288,0.0282100584613011,1.986436226964,2.55297057429949,0.298074626501963,0.407045790810249
YER001W,0.511316895484924,-0.291932374238968,0.0275029228530646,0.0232124826999653,0.463659248501062,0.568874861299992,-0.333801075423136,-0.244983258407422
YER002W,1.92725348472595,0.280248641967773,0.286055049810059,0.0636910409691708,1.43439265390237,2.57320866584778,0.156668050351007,0.410474980886009
YER004W,1.5801465511322,0.193802997469902,0.239528051853914,0.0650566519759824,1.16899633407593,2.11415436863899,0.0678131492344731,0.325136693630751
YER005W,0.142519623041153,-0.847057521343231,0.00937765912314953,0.028431586438991,0.125693444286784,0.162114607294401,-0.900687373254146,-0.790177852056721
YER006W,1.69431090354919,0.228183224797249,0.103654592729361,0.026491517748434,1.50467600425084,1.90725629925728,0.177442994291639,0.280409057833145
YER007W,0.0559751838445663,-1.2539576292038,0.0053271661721742,0.0411690739456065,0.0462209613683323,0.0674419552087784,-1.33516102595524,-1.17106984757556
YER008C,0.215526953339577,-0.667064189910889,0.0110419629660141,0.0221487840851573,0.195928302779794,0.238274559378624,-0.70790282387675,-0.622922324885167
YER010C,0.428995937108994,-0.372476279735565,0.0649167530332294,0.0654947789794475,0.315194882452488,0.571854071815808,-0.501420842456664,-0.242714818996018
YER014W,0.203147783875465,-0.693124294281006,0.013355997125432,0.0284772585429249,0.179530635476112,0.23013277053833,-0.745861431860143,-0.638021534602206
YER016W,0.375425547361374,-0.426963537931442,0.03121842711633,0.0358861400074464,0.319997603197892,0.44137239481012,-0.494853274634827,-0.355194834073213
YER017C,0.270497351884842,-0.568569123744965,0.0157992096765972,0.0251706340713012,0.243296849230925,0.303980797280868,-0.613863516215744,-0.517153850460337
YER020W,0.275351077318192,-0.561208188533783,0.0195777020296929,0.030805286330179,0.23918006742994,0.316703966011604,-0.621275017249153,-0.499346501805217
YER021W,1.55469405651093,0.190822869539261,0.0962941787397346,0.0266574232915409,1.39061295986176,1.76413038671017,0.143206272489709,0.246530678352253
YER023W,5.30957555770874,0.723118484020233,0.505163325110652,0.0409531500686917,4.42221565643946,6.42029176950455,0.645639917642263,0.807554764985463
YER025W,4.38159656524658,0.640829920768738,0.267298796267034,0.0263612098010753,3.90482265551885,4.94317849477132,0.591601313763743,0.694006292800402
YER026C,1.68444359302521,0.224176689982414,0.173707866860304,0.0444318750070015,1.37630670169989,2.06721361279488,0.138715223879504,0.315385356189903
YER027C,0.879962027072906,-0.0565804876387119,0.0611571865881144,0.0300880290034132,0.76942620575428,1.00871836741765,-0.113833029214067,0.00376992871285083
YER036C,3.63513016700745,0.559839010238647,0.204424916800582,0.0243264174822243,3.26749169429143,4.05757885376612,0.514214486956432,0.608266968171999
YER037W,0.241598948836327,-0.61887925863266,0.0231839449497575,0.0413454058597411,0.20069412390391,0.292362820108732,-0.69746534308601,-0.534077857952215
YER038C,0.0355841442942619,-1.4512574672699,0.00383643572498662,0.0467682980011845,0.0285625133042534,0.0436256302831074,-1.54420358045067,-1.36025828551482
YER039C,0.004200822673738,-2.4416286945343,0.00230752778531515,0.245522350405858,0.00105430849362165,0.0100152650848031,-2.97703229474526,-1.99933755127868
YER040W,0.12312938272953,-0.910584270954132,0.00815972706663937,0.0286646556698,0.108546201263865,0.140184237807989,-0.964385372357082,-0.853300815963527
YER043C,13.5148239135742,1.1299831867218,0.839241663666686,0.0267147637221862,12.1002680619558,15.3344552834829,1.08279499147823,1.18566835334921
YER044C-A,0.00239465059712529,-2.64758038520813,0.000832817836087855,0.155843814751929,0.00104557027419408,0.00426838966086507,-2.98064678298445,-2.36973594073799
YER045C,0.0532231144607067,-1.27564632892609,0.00477485883023497,0.0389304118290003,0.0443285733150939,0.0628774227574468,-1.35331624639188,-1.20150526779533
YER047C,0.110132351517677,-0.958855986595154,0.00658750532331822,0.0258523685764698,0.0982087855537732,0.12387203934292,-1.0078496629723,-0.907026712435131
YER049W,1.09579277038574,0.0390770472586155,0.0602405977003504,0.0237601958407185,0.988125671943029,1.22465527156989,-0.00518781806449859,0.0880138541942927
YER051W,0.0585446245968342,-1.23413074016571,0.00504510803510077,0.037603470736648,0.0489772918634117,0.068815093797942,-1.31000524194403,-1.16231630114363
YER052C,1.18448293209076,0.0727295950055122,0.0721448359238509,0.0263058757546172,1.05730545520782,1.33219192922115,0.0242004729715937,0.124566798200434
YER053C,0.154883205890656,-0.812971651554108,0.0182184494039355,0.0508313321775147,0.122023746867975,0.193905429417888,-0.91355564397039,-0.712410129204124
YER055C,3.72906684875488,0.569928824901581,0.328412214098878,0.0380390731711029,3.14129919012388,4.42035525242488,0.497109302077769,0.645457171270998
YER059W,0.25092425942421,-0.601699650287628,0.0191193928451553,0.0328388266733186,0.217069904009501,0.292838334292173,-0.663400389480235,-0.533372072612078
YER061C,0.163608714938164,-0.787345886230469,0.0119437318528967,0.0315971906441169,0.142173379535476,0.188520524526636,-0.847181713054957,-0.724641360578632
YER062C,1.91230738162994,0.278911620378494,0.211829278395635,0.0479347542235324,1.53212010165056,2.36495503584544,0.185292808985688,0.373822888039732
YER064C,1.08279848098755,0.0337793119251728,0.064526155307637,0.0258067898608493,0.965953513979912,1.21557998657227,-0.0150437735365823,0.0847835411999592
YER065C,0.00871371012181044,-2.06599950790405,0.00147195830819747,0.07362775405791,0.00607011835090816,0.011872843063126,-2.21680284127649,-1.92544527936272
YER068W,0.622578144073486,-0.206573188304901,0.0370823548476734,0.0257982693654341,0.554719897111257,0.699836272994677,-0.255926256268356,-0.155003551739662
YER073W,1.1864128112793,0.0734376311302185,0.0723240364983076,0.0262849749048514,1.06293364167213,1.34256238142649,0.0265061480799624,0.127934472988208
YER076C,0.0613689832389355,-1.2160724401474,0.00835988316498214,0.059246578905724,0.0464581191539764,0.0787271972745657,-1.33293837896594,-1.10387520955871
YER078C,0.130141094326973,-0.88671350479126,0.00938740185658211,0.0313003477182932,0.112758135857681,0.149562299251556,-0.947852114098452,-0.825177866969356
YER080W,0.919280290603638,-0.0372441522777081,0.0521024507464599,0.0244431358320322,0.829230040311813,1.03180224398772,-0.0813249775392872,0.0135964674348844
YER082C,0.563691437244415,-0.249805182218552,0.0352891819478755,0.0271008486936901,0.499965582787991,0.638592299818993,-0.301059899846336,-0.194776322537456
YER087W,0.173511788249016,-0.761634647846222,0.0116222620174466,0.0289100299760803,0.153028348088264,0.198390826582909,-0.815228111271193,-0.702478413111926
YER088C,0.45919331908226,-0.33869880437851,0.0260934283006848,0.0245360640150026,0.413912385702133,0.514716047048569,-0.383091577799264,-0.288432294708715
YER089C,0.913490056991577,-0.0402073971927166,0.0592715027176485,0.0281171944750841,0.80492244164149,1.03225691417853,-0.094245965120422,0.0137877983850569
YER090W,2.07784509658813,0.316744983196259,0.132251268949532,0.0273841693282852,1.84756410717964,2.36879787643751,0.266599516545086,0.374528004672915
YER091C,7.42038059234619,0.869828045368195,0.39177530672413,0.0227983594083321,6.74559554656347,8.24142254988352,0.829020296753746,0.916002181350502
YER095W,0.501924991607666,-0.300537705421448,0.0370481418811719,0.0319078555339489,0.436065140118202,0.580092499156793,-0.360448630420965,-0.236502750125706
YER096W,0.0105642061680555,-1.98197495937347,0.00172522253836599,0.071301808589497,0.00747765781513105,0.0141908541787416,-2.12623441479168,-1.84799146273732
YER099C,0.72167557477951,-0.143309071660042,0.0630928251327172,0.037845483723361,0.609333383540312,0.853362392882506,-0.215145027551787,-0.0688665007188197
YER101C,0.164859756827354,-0.784274101257324,0.0132395436812918,0.0346987211811636,0.140925362209479,0.192834524561961,-0.85101084271805,-0.714815209502312
YER103W,0.205019280314445,-0.689040660858154,0.0127243423049636,0.0269102556411197,0.181467432280382,0.231027669956287,-0.741201305901455,-0.636336003543436
YER106W,0.00426298659294844,-2.40988063812256,0.0018205528423776,0.18997619624102,0.0015392534386289,0.00865841441942999,-2.81268986756853,-2.06256171873529
YER107C,0.560739815235138,-0.252547651529312,0.0437131604208089,0.0336672032538445,0.482506192972263,0.652693694333235,-0.316497109774677,-0.1852905838771
YER110C,4.48993730545044,0.651738345623016,0.216269582153965,0.0207724771264638,4.11560003757477,4.95202350616455,0.61443316250867,0.694782697517176
YER111C,0.166369318962097,-0.779589772224426,0.00925535494843979,0.0239979800485485,0.150221503153443,0.186273736134171,-0.823267896757457,-0.729848375509411
YER114C,0.419986873865128,-0.37734580039978,0.0218465577573555,0.0224408132127801,0.382689115405083,0.466056796411673,-0.417153890077379,-0.331561154626766
YER116C,0.13951076567173,-0.859120011329651,0.0183298136753523,0.0569672927286863,0.105954119066397,0.178421683236957,-0.974882156473806,-0.748552368831662
YER118C,0.590217113494873,-0.230283692479134,0.0456382141753131,0.0335481576871998,0.506566014389197,0.681946212053299,-0.295363963162652,-0.166249880373176
YER119C,0.292489588260651,-0.535059988498688,0.0214804901869803,0.0318825122159648,0.252047009517749,0.336934417734543,-0.598518452642053,-0.472454624469305
YER120W,5.77688455581665,0.758360922336578,0.720785244860971,0.0537498160015328,4.51042333841324,7.37031888961792,0.654217299409428,0.867486278768863
YER122C,1.76244378089905,0.245269551873207,0.11030901451521,0.0270497393751738,1.56984445353349,1.98844641844432,0.195856622898843,0.298513892693595
YER124C,1.47787046432495,0.168900966644287,0.0863569114555227,0.0252308495099031,1.3246504098177,1.6600356121858,0.122101278159268,0.220117404062554
YER126C,1.78516232967377,0.248939484357834,0.20289139886649,0.0485709714475138,1.43783845702807,2.24438184499741,0.157710091853295,0.35109674270861
YER127W,0.579270124435425,-0.238528728485107,0.0470518907136699,0.0348821925314289,0.497980305055777,0.68186913728714,-0.30278785660474,-0.16629896876558
YER130C,0.249048709869385,-0.604876101016998,0.0183025517492736,0.0316476647027941,0.21611558633546,0.288534249613682,-0.665313921818417,-0.539802627797789
YER132C,0.0620946697890759,-1.2075891494751,0.00339654585474953,0.023672404405289,0.0561357326805592,0.0691616759945949,-1.25076060459301,-1.16013449172281
YER133W,2.90429210662842,0.46149930357933,0.245327650197649,0.0365485505984518,2.47031625906626,3.41621467868487,0.392752555863643,0.533545152534491
YER136W,1.97865271568298,0.295464217662811,0.128001869745866,0.0280196429349715,1.74610841969649,2.24219857652982,0.242071206271601,0.350674068942366
YER139C,0.300575971603394,-0.530205249786377,0.0594657641051867,0.0837961905232929,0.203579783439636,0.437202202280362,-0.691265351956802,-0.359317659334443
YER141W,0.627135813236237,-0.20355287194252,0.0408954079051496,0.0281125020199693,0.554527223110199,0.715831149121125,-0.256077128403318,-0.145189408601469
YER142C,0.181561872363091,-0.743705928325653,0.0204974514469031,0.0486355967471525,0.145634306594729,0.226231717442473,-0.836736308104807,-0.645446508638804
YER143W,0.519248247146606,-0.285693347454071,0.0365850414197545,0.0303879377980841,0.45472450107336,0.597924693922202,-0.34225164488927,-0.223353510261765
YER148W,1.60859751701355,0.202806293964386,0.210738467872185,0.0560652741958624,1.24452227850755,2.08193773627281,0.0950026702947953,0.31846773025012
YER149C,0.190641507506371,-0.721102714538574,0.0149121795506191,0.0337518429832456,0.163987593476971,0.222387932365139,-0.785189007369925,-0.652888783889395
YER151C,0.572645843029022,-0.242683321237564,0.0294265717399344,0.0221890352051306,0.520979436735312,0.63520884513855,-0.283179418150821,-0.197083463087071
YER154W,0.376443266868591,-0.425475239753723,0.0277308215380011,0.0319602503619929,0.325027357538541,0.433277943482002,-0.488080082959445,-0.363233429880292
YER155C,0.395852625370026,-0.402908474206924,0.0179563307085076,0.0195765736825627,0.365806445479393,0.432898203283548,-0.43674864698055,-0.363614217230269
YER156C,1.49131488800049,0.172241419553757,0.116982758003514,0.0339252950428155,1.28088458180428,1.73965626657009,0.107509997449205,0.240463445219298
YER157W,0.183520793914795,-0.737036824226379,0.0106168106703142,0.0250296494194561,0.164359210431576,0.205439288665851,-0.784205953741777,-0.687316497375594
YER158C,0.0474964939057827,-1.32507503032684,0.00425906379904107,0.0388374356714871,0.0397867804082731,0.0563384592533112,-1.40026120304642,-1.24919503429264
YER162C,0.0783533602952957,-1.10684311389923,0.00506643571276138,0.0279173682543756,0.0692360969260335,0.089363286520044,-1.15966742323528,-1.04884087092258
YER163C,0.374034911394119,-0.432538717985153,0.060307220724534,0.0684518461127543,0.275445645302534,0.513838890194893,-0.559964090305529,-0.289173029004121
YER164W,0.477867811918259,-0.321165353059769,0.0224290795477194,0.02026991216676,0.439408848931392,0.524136627217134,-0.357131201937996,-0.280555490297543
YER165W,10.9303998947144,1.03789699077606,0.641097917685,0.0253151438779751,9.80289962291718,12.2967667102814,0.991354555427322,1.08979093238398
YER166W,0.338718414306641,-0.470654338598251,0.0162290743832516,0.0206404015850607,0.312161291390657,0.373027343302965,-0.505620951349397,-0.428259332957257
YER167W,0.141765490174294,-0.849184155464172,0.00840410360917052,0.0256052017034314,0.126892585555712,0.159465929617484,-0.896563753452217,-0.797332091566662
YER168C,0.416502386331558,-0.381135523319244,0.0245901303600337,0.0255416051525005,0.372680545846621,0.468623674164216,-0.428663277337235,-0.329175775280469
YER169W,0.10918166488409,-0.962678730487823,0.00677996657731144,0.0268151099213979,0.0970848858977358,0.123616000513236,-1.01284837546924,-0.907925326465832
YER171W,0.23685884475708,-0.626204073429108,0.0134247180411879,0.0245079654597476,0.212818741922577,0.26481441433231,-0.671990128768395,-0.577058380748546
YER172C,0.208205491304398,-0.681960880756378,0.00956666372647998,0.0198246121073911,0.192097678780556,0.228205094859004,-0.716477882920121,-0.64167466387536
YER173W,0.0297610778361559,-1.52837121486664,0.00287149325426774,0.0419469273418525,0.0244190456035237,0.0357247046505411,-1.61227131580875,-1.44703135502456
YER176W,0.247659981250763,-0.606738865375519,0.0129935874219516,0.0226964498348179,0.224281225850185,0.274944912393888,-0.649207078872151,-0.560754315105939
YER178W,6.54126596450806,0.814760327339172,0.422319019622407,0.0279818120565668,5.77606311241786,7.3949671904246,0.76163192992406,0.868936251426325
YER179W,0.021109888330102,-1.68228685855865,0.0037247767056242,0.0770456710058755,0.0144874732165287,0.0291928984224796,-1.83900735445846,-1.53472278386096
YER180C,0.0028796112164855,-2.61540770530701,0.00168441300342246,0.265561881700507,0.000642934401306168,0.00708361139210562,-3.19183349906109,-2.14974527691463
YER182W,0.397565931081772,-0.405174106359482,0.0584046072714852,0.0628979278849894,0.299170463283857,0.527432397504648,-0.524081286335407,-0.277833197314052
YER185W,0.00633367337286472,-2.22630167007446,0.00226914884851835,0.158158319509851,0.00278751705773175,0.0114787416532636,-2.55478246931451,-1.94010571847091
YER186C,0.00572293484583497,-2.26981687545776,0.00202975312955566,0.15690826990301,0.00256080697872676,0.0104562407359481,-2.59162315542413,-1.9806244264709
YFL055W,0.00788943562656641,-2.10976696014404,0.00139523619910412,0.0772086735258098,0.00546379024938991,0.0108361709707727,-2.26250598236171,-1.96512415145046
YFL054C,0.0292057618498802,-1.5365777015686,0.00283850358545709,0.0421815362441417,0.024015994835645,0.035233827556173,-1.61949941944894,-1.45304017560638
YFL053W,0.00289065507240593,-2.55476975440979,0.00078009178253162,0.117947849575888,0.00160990851970079,0.00469372809166089,-2.79319880916342,-2.32848207404474
YFL049W,0.183029353618622,-0.738400340080261,0.0119529410267055,0.0282313453933556,0.161636766667167,0.208398446068168,-0.791459846172274,-0.681105537531252
YFL047W,0.246799558401108,-0.608417630195618,0.0146572116561606,0.0257175482647195,0.220181077718735,0.276997519284487,-0.657220006869479,-0.557524120345762
YFL044C,0.533980190753937,-0.274564057588577,0.0525000540840915,0.0425898333515112,0.43946431701382,0.645638048648834,-0.357076382496739,-0.190010883751725
YFL042C,0.190129950642586,-0.721808671951294,0.0120070867213633,0.0273175699636505,0.168568973864118,0.215658187866211,-0.773222358463418,-0.666234048403218
YFL040W,0.00115149503108114,-2.98346376419067,0.000518678920182512,0.20263951311138,0.000388602173916297,0.00240065020431454,-3.41049477521453,-2.61967111756922
YFL039C,20.2650718688965,1.30562567710876,1.46309571808426,0.0312405102447225,17.5951157887777,23.3287072499593,1.24539212904191,1.36789067185356
YFL036W,0.231373712420464,-0.636249244213104,0.0118218896148813,0.0220615357643418,0.211055845022202,0.25654178733627,-0.675602616189962,-0.590841883868609
YFL034C-B,0.350003182888031,-0.458418309688568,0.0377431552926137,0.0464102484605263,0.284545930474997,0.431732969979445,-0.545847621286196,-0.364784785704449
YFL034W,0.13360583782196,-0.874835848808289,0.00740258590917377,0.0239368469086783,0.120647586882114,0.149100596581896,-0.918481360156046,-0.826520618849875
YFL031W,0.132093086838722,-0.886957824230194,0.0253347495005924,0.0825057526094623,0.0889192532747984,0.187870363766948,-1.05100419325829,-0.72614173334525
YFL030W,0.0137986922636628,-1.86861503124237,0.00272817753543644,0.0860591455543804,0.00897163433643679,0.0198754149954766,-2.04712852509133,-1.70168380295525
YFL029C,0.191274091601372,-0.720209836959839,0.0178405116364248,0.0401762191936823,0.159770512208343,0.229746117194494,-0.796503373183809,-0.638751819679521
YFL028C,0.436915904283524,-0.362093925476074,0.0469674946254898,0.0465209374368619,0.351015379279852,0.53772493203481,-0.454673881114923,-0.26943983409094
YFL027C,0.077207587659359,-1.11405670642853,0.00688105620225331,0.0385489139369418,0.0646339431405067,0.0917331418022513,-1.1895393481478,-1.03747373260771
YFL026W,2.72465777397156,0.434407234191895,0.176145774320378,0.0280023048866631,2.40445138613383,3.08813834985097,0.381016000791315,0.489696743639666
YFL024C,0.124264322221279,-0.906458497047424,0.00760625429414979,0.0264197395400479,0.110883876681328,0.140440935393174,-0.955131600502601,-0.852506287767526
YFL023W,0.324052512645721,-0.490038484334946,0.0178003928119317,0.0237881768720261,0.291852571318547,0.35985839565595,-0.534836476376308,-0.44386836058318
YFL022C,3.70528984069824,0.567999064922333,0.229631146504969,0.0266851148087354,3.30698471864065,4.19801927407583,0.519432185865794,0.623044428065018
YFL018C,2.96958446502686,0.471893906593323,0.180725077043227,0.0263604877490169,2.64151195287704,3.34388133486112,0.421852579922847,0.524250857073545
YFL016C,0.43429297208786,-0.36314395070076,0.0285081634818728,0.0283390848244175,0.383973687887192,0.494635805487633,-0.415698534999449,-0.305714449495895
YFL013C,0.268307954072952,-0.572122097015381,0.0158831507020665,0.0255541441940425,0.240306693812211,0.301353597392639,-0.61923413174627,-0.520923621914475
YFL011W,0.00207589543424547,-2.70949053764343,0.000725199442412387,0.155012853756659,0.000906555913388729,0.00376343958584281,-3.04260540488637,-2.42441515512574
YFL008W,0.310122132301331,-0.509015321731567,0.0156057801166345,0.0217721526358729,0.281930071612199,0.342080376793941,-0.549858598857214,-0.465871839241988
YFL004W,1.91219413280487,0.280974924564362,0.0971135653299871,0.0219633029527577,1.74187440872192,2.1138492723306,0.241016838628007,0.325074016736265
YFL002C,0.324540615081787,-0.489513963460922,0.019547718525838,0.0260317814711604,0.289315564185381,0.365469273676475,-0.538628202315619,-0.437149130602999
YFL001W,0.179832100868225,-0.746415615081787,0.0138508521664102,0.0333840824531093,0.15435914931198,0.208880946040154,-0.811467624122925,-0.680101174237117
YFR002W,0.506296157836914,-0.296198457479477,0.0267875430082101,0.0228748753322301,0.458994776010513,0.56211812098821,-0.338192257300905,-0.25017241414298
YFR005C,0.19180503487587,-0.718361079692841,0.014419272081927,0.0325446988710356,0.16549901664257,0.222248397022486,-0.781204582359405,-0.653161370169998
YFR007W,0.154015570878983,-0.81414270401001,0.013695426223558,0.0385107033561162,0.129369297375282,0.183372486631075,-0.888168797750084,-0.73666583316003
YFR009W,1.54856908321381,0.189366042613983,0.0792352905865598,0.0221250481432422,1.4086715678374,1.71421062151591,0.148809747913091,0.234064181654745
YFR010W,1.33284819126129,0.123931519687176,0.0837992885324891,0.0270901644202315,1.18396333654722,1.51055358151595,0.0733382538945234,0.179136125336252
YFR013W,0.199686512351036,-0.700374126434326,0.0116013693111082,0.025038763909635,0.179324623818199,0.224553987383842,-0.746360071811617,-0.648679228806899
YFR014C,0.259706348180771,-0.586708009243011,0.0192808528904947,0.032182146299584,0.224094042430321,0.300198502590259,-0.649569690127101,-0.522591482741095
YFR015C,0.145748853683472,-0.837232828140259,0.00907528585743661,0.0269118702937599,0.129523259525498,0.165121544400851,-0.887652235012534,-0.782196258051968
YFR016C,0.384209483861923,-0.415959030389786,0.0189995522929154,0.0213568040032791,0.351390265176694,0.423691340784232,-0.454210274441684,-0.372950412449687
YFR018C,0.24313896894455,-0.615556359291077,0.019686455515609,0.0349788328274931,0.207223643983404,0.284136079251766,-0.6835606938237,-0.54647361816482
YFR020W,0.0261046197265387,-1.60678136348724,0.00872766220556099,0.143914045408515,0.0127151293990513,0.0463884527484576,-1.8956795168664,-1.33359012960819
YFR022W,0.0207693595439196,-1.68468010425568,0.00205193185122751,0.0427772687911853,0.0170052165631205,0.0249959880641351,-1.76941783377776,-1.60212969144024
YFR024C-A,1.79596734046936,0.253472894430161,0.111085824636789,0.0267695983109079,1.59695738156637,2.02437154650688,0.203293325581851,0.30629022444955
YFR025C,0.309537470340729,-0.51086950302124,0.0265136718310923,0.0370582539021207,0.261797874172529,0.36475390419364,-0.582033884293459,-0.438000051043678
YFR027W,0.137385442852974,-0.864762604236603,0.0154067613280649,0.0484532869861248,0.10931809215496,0.171046392743786,-0.96130795666866,-0.76688608043565
YFR028C,0.406120330095291,-0.392190754413605,0.0254441577273379,0.027035181250283,0.360462264468273,0.460382986068726,-0.443140193833883,-0.336880735341931
YFR029W,0.0684603974223137,-1.16578853130341,0.00517695723272355,0.032610865011592,0.0592182017862797,0.0794795900583267,-1.2275447844873,-1.0997443815706
YFR030W,0.23627707362175,-0.627190828323364,0.0126048144206374,0.0230571663233904,0.214236610879501,0.262545147538185,-0.669106310821522,-0.580796004226816
YFR031C,0.0933533161878586,-1.0305814743042,0.00535022477085732,0.0247608858287529,0.0840756196528673,0.104749043410023,-1.07532992318591,-0.979849934899286
YFR034C,0.459984332323074,-0.33898138999939,0.0411402322343484,0.0386688213154206,0.384899878253539,0.546883262693882,-0.414652226736895,-0.262105367975807
YFR037C,1.23523581027985,0.0910279750823975,0.0714194757527576,0.0250198802097294,1.10807120800018,1.38278581897418,0.0445676703633955,0.140754916964852
YFR038W,0.144676715135574,-0.840334177017212,0.00844431772985025,0.0251967554917488,0.129959379384915,0.162239720672369,-0.886192371726508,-0.789842810742574
YFR039C,0.237964063882828,-0.624505579471588,0.0163056672205856,0.0296810903970733,0.208712821702162,0.271187291542689,-0.680450870712217,-0.566730666445166
YFR041C,0.426016122102737,-0.372345119714737,0.0385602506263813,0.0392067570130883,0.356774955491225,0.507084786891937,-0.447605639506693,-0.294919418574571
YFR043C,0.157747834920883,-0.807475507259369,0.0251243549490677,0.0687215610768802,0.11528542637825,0.211780511960387,-0.938225590017856,-0.674114006182262
YFR044C,3.59159541130066,0.554531455039978,0.212797695840935,0.025612380835592,3.21492186784744,4.03911948601405,0.507170422515972,0.606286700730249
YFR045W,0.18260931968689,-0.740672051906586,0.0183965886659113,0.0437218454679083,0.14911458902061,0.220845746869842,-0.826479865630359,-0.655910960398543
YFR046C,0.064229853451252,-1.1948413848877,0.00701881568996829,0.0473264447734459,0.0515016823075712,0.0795148536562919,-1.28817859424238,-1.09955174234154
YFR047C,1.10537779331207,0.0418660193681717,0.0967756719666174,0.0377342557238832,0.933675279219945,1.31479358871778,-0.0298041398404173,0.118857569190145
YFR051C,1.21250081062317,0.082968570291996,0.0699016102136547,0.0248439913901412,1.09063826501369,1.36299214859804,0.0376807304309692,0.134493354016391
YFR053C,4.25042247772217,0.627642571926117,0.257810722691739,0.0261588408445752,3.79897816975911,4.79948590199153,0.579666797640592,0.681194720315783
YFR055W,0.823506355285645,-0.0858135595917702,0.0683308201142092,0.0358091709698619,0.701666948199272,0.967977454761664,-0.153868980298828,-0.0141347632798052
YGL263W,0.00647448655217886,-2.20259594917297,0.00162129991106266,0.110672118038173,0.00365654195775278,0.0101623991581922,-2.43692944716198,-1.99300375097341
YGL257C,0.135331556200981,-0.869608402252197,0.00925239624986979,0.0295867319878633,0.118937870052954,0.154139057050149,-0.924679845684239,-0.812087302849758
YGL256W,0.114295639097691,-0.94370436668396,0.0102331452999328,0.0387808675671248,0.0956409844880303,0.135776184250911,-1.01935597467632,-0.867176404018244
YGL255W,0.0698383748531342,-1.1583526134491,0.00742615088192098,0.0461221074306065,0.0563474607033034,0.0852676194161177,-1.24912565171353,-1.06921586202722
YGL254W,0.173197895288467,-0.764017939567566,0.018868617152708,0.0471727160519074,0.139809556305408,0.212527394294739,-0.854463149499469,-0.672585082440741
YGL252C,0.448910295963287,-0.348560750484467,0.0258764994599721,0.0249739452002119,0.400693387538195,0.502456824978193,-0.397187825238944,-0.298901250323136
YGL250W,0.142805099487305,-0.852236032485962,0.0257778172664099,0.0778550012406132,0.0996981337666512,0.198691644271215,-1.00131297110089,-0.701820396285429
YGL248W,0.191511660814285,-0.719558715820312,0.0172718506049178,0.0390022274772573,0.160526513432463,0.228018566717704,-0.794453227667629,-0.642029788614774
YGL246C,0.329340070486069,-0.483636379241943,0.0253899360985099,0.0333597681594122,0.28421278372407,0.382375974953175,-0.546356391660649,-0.4175094028471
YGL245W,7.96604919433594,0.900618076324463,0.429517226727461,0.0232667264504698,7.22446205615997,8.86825471719106,0.858805512517856,0.947838158562349
YGL241W,0.225259736180305,-0.647947490215302,0.0121894357946197,0.0233620183144454,0.204120946178834,0.250880420207977,-0.690112428943615,-0.600533231580744
YGL240W,0.0683071985840797,-1.17499017715454,0.0143783135966567,0.0907991138452033,0.0437757766495148,0.100898340096076,-1.3587661403915,-0.99611597872835
YGL238W,0.72896546125412,-0.137882545590401,0.0381491881680853,0.0225862346096547,0.661750290791194,0.810671612123648,-0.179305859672145,-0.0911550353244593
YGL237C,0.235941827297211,-0.630663990974426,0.0299744978280185,0.0548654454131364,0.182670940707127,0.301005888481935,-0.738330535768789,-0.521425017155215
YGL233W,0.211292237043381,-0.675784230232239,0.0117638744861376,0.0240723997773926,0.190687429780761,0.235639413197835,-0.719677934940128,-0.627752067551406
YGL232W,0.918043553829193,-0.0391391515731812,0.088442837264286,0.0416835040603687,0.757967305680116,1.10484439929326,-0.120349539379725,0.0433011179917638
YGL229C,0.0379320308566093,-1.42235004901886,0.00300440907502905,0.0343122754653114,0.0324845385116835,0.0441694183585544,-1.48832329958569,-1.35487832048407
YGL228W,1.0438996553421,0.0179270226508379,0.0608289917900762,0.0251762817742198,0.935523350536823,1.17343783378601,-0.0289453718639697,0.0694600865559633
YGL225W,2.73442792892456,0.435450792312622,0.221789992193081,0.0350302235433171,2.33131755789121,3.20166873335838,0.367601433461305,0.505376393815585
YGL224C,0.260038882493973,-0.587817192077637,0.0299418045152453,0.0497605254219371,0.207660623639822,0.323829097549121,-0.682645846725721,-0.489684131075978
YGL223C,0.227805584669113,-0.643821775913239,0.0182548040033128,0.0346620245659671,0.194559667383631,0.266752308110396,-0.710947186005941,-0.573891814202061
YGL215W,0.240557253360748,-0.619964718818665,0.0178051328939687,0.0320744773034102,0.208266149709622,0.276517629623413,-0.681381311956701,-0.558277174651907
YGL213C,0.563602328300476,-0.250153660774231,0.0407728420534052,0.0312188242584688,0.492276998360952,0.649414434035619,-0.307790456645752,-0.187478063200387
YGL209W,0.351906955242157,-0.454972177743912,0.0283161737854386,0.0348645149274474,0.300584334880114,0.411049336691697,-0.522033657438471,-0.386106048277518
YGL208W,0.153400078415871,-0.815788269042969,0.0132395684115843,0.037457231754988,0.128777967517575,0.18028019318978,-0.89015843361094,-0.744051989073972
YGL207W,1.77667856216431,0.249052226543427,0.090449725623081,0.0219708355838083,1.62081403632959,1.96678578853607,0.209733188158379,0.293757061534606
YGL206C,3.48188209533691,0.541366875171661,0.158728738941762,0.0196717587454128,3.21494595011075,3.81081037521362,0.507173675620615,0.581017338421773
YGL205W,0.00216828822158277,-2.68042707443237,0.000595520359565358,0.121432714425413,0.00117310823407024,0.00351587039185688,-2.9306619385959,-2.45396714863453
YGL203C,0.638418555259705,-0.195584416389465,0.0361009792626659,0.0244348616217721,0.573721452554067,0.714494883020719,-0.241298916264927,-0.14600087903374
YGL202W,3.91232466697693,0.591635346412659,0.238162229861578,0.0263000014210183,3.49152791102727,4.41637133757273,0.543015518099472,0.645065581692601
YGL196W,0.350733786821365,-0.456137388944626,0.0252283555157383,0.0311127691187859,0.305523829410474,0.404620999097824,-0.514954913098839,-0.392951590383836
YGL195W,1.94043827056885,0.287477016448975,0.0860041311269501,0.0191151887856689,1.79636912842592,2.11868568062782,0.254395582869444,0.326066531359089
YGL194C,0.24079404771328,-0.61952418088913,0.0177223740762911,0.0318774802105529,0.208490646009644,0.277878834058841,-0.680913425075673,-0.556144532227032
YGL192W,0.000629962654784322,-3.26093173027039,0.000326726251579963,0.238744683718285,0.000161746429512277,0.00142045925313141,-3.79116529743039,-2.84757122733479
YGL190C,0.396658003330231,-0.402428537607193,0.0248176499536527,0.0270668091182453,0.352239545683066,0.44860007489721,-0.453161888039097,-0.348140658552105
YGL186C,0.572544991970062,-0.242938593029976,0.0336643936532014,0.0254486857535553,0.510990558564663,0.643619448939959,-0.291587124599244,-0.19137084083607
YGL185C,0.174777373671532,-0.758935034275055,0.0141429534572093,0.0351107305975724,0.148965608825286,0.203679464012384,-0.826913984436584,-0.691052756760323
YGL184C,0.0879140570759773,-1.05737924575806,0.00718195608200044,0.0352987194152477,0.0749706417322159,0.102836838675042,-1.12510877170628,-0.987851282546284
YGL180W,0.0825027003884315,-1.08434534072876,0.00506341521216529,0.0265425912056178,0.0734426212807496,0.0931016071389119,-1.13405183167631,-1.03104282220955
YGL179C,0.0668861567974091,-1.17610859870911,0.00546814299678178,0.0354366987755309,0.0568791102617979,0.0779581935455402,-1.24504720775167,-1.10813823496619
YGL178W,0.162257671356201,-0.790491998195648,0.00923353402808805,0.0246175168302759,0.145688994353016,0.181770770872633,-0.836573258131064,-0.740475951488547
YGL176C,0.0260503906756639,-1.58668279647827,0.0027937463857081,0.0465991251748583,0.0209087402404596,0.0319576737470925,-1.67967213376064,-1.49542484133697
YGL175C,0.0425331965088844,-1.37495279312134,0.00554751292400326,0.0566177609763218,0.0327030739746988,0.054294333451738,-1.48541142326004,-1.26524550013424
YGL174W,0.17497031390667,-0.759883999824524,0.0202641630687699,0.0495693593576119,0.139697290956974,0.221601899713278,-0.854812015795856,-0.654426540352809
YGL172W,0.681283891201019,-0.167681604623795,0.0467020684421378,0.0295649354816212,0.598673701286316,0.781492985288302,-0.222809819250493,-0.107074917801264
YGL171W,0.590732872486115,-0.229477301239967,0.0374330813894205,0.0274246638614008,0.522905826568604,0.668104221423467,-0.281576518942012,-0.17515578706219
YGL170C,0.00349703989923,-2.47649621963501,0.00105100469736392,0.135111158489563,0.00170203589368612,0.00577446011593565,-2.76903128545857,-2.23848861399397
YGL169W,0.233142867684364,-0.633556962013245,0.0172019136406312,0.0320018316295135,0.201349046702186,0.269139434645573,-0.696050422517692,-0.570022664272945
YGL167C,0.731242895126343,-0.136461466550827,0.0360928036877404,0.0212839262293746,0.669709166387717,0.807787656784058,-0.174113757876985,-0.0927027872535871
YGL164C,0.233305230736732,-0.633202910423279,0.0168257020994331,0.0312718095521279,0.202226577450832,0.267740084727605,-0.694161769226371,-0.572286603813118
YGL162W,0.114028014242649,-0.945862293243408,0.0131500123299034,0.0500078941051638,0.0902595803762476,0.14175587495168,-1.04450670008216,-0.848458934829836
YGL161C,0.627645373344421,-0.204004883766174,0.0560827279817809,0.0385835928934484,0.526483163734277,0.746711317698161,-0.278615513362764,-0.126847270521168
YGL160W,0.196108549833298,-0.708408832550049,0.0126887181697674,0.0280181056259188,0.17287450718383,0.222306169942021,-0.762269044993712,-0.653048484370942
YGL159W,0.249351903796196,-0.604625046253204,0.0203600638955357,0.0352993823078501,0.211577680334449,0.293078362445037,-0.674530175509642,-0.53301624387598
YGL158W,0.00207148957997561,-2.70797157287598,0.000695260749341965,0.14691006160807,0.000988031799594561,0.00367504923682039,-3.00522919966326,-2.43473683854499
YGL157W,0.946250379085541,-0.02530287951231,0.073659935744308,0.0336606258267942,0.815196021894614,1.09978239834309,-0.088737948659081,0.0413067644876411
YGL155W,0.186315357685089,-0.731397449970245,0.0162622195402566,0.0378149721991614,0.157057331254085,0.219990996892254,-0.803941786442255,-0.657595093250513
YGL154C,0.0377724058926105,-1.43024730682373,0.00700858985983344,0.0804908340204796,0.0257548545952886,0.0529910512268543,-1.58914090279284,-1.27579746494512
YGL153W,0.273653626441956,-0.564333021640778,0.0230839898708714,0.0364933424135804,0.231724499414364,0.322662098954121,-0.635028048257312,-0.491252045491898
YGL151W,0.209936261177063,-0.678469479084015,0.0106630075831591,0.0219453376910431,0.191253693401814,0.232417566080888,-0.718390169360462,-0.633731052056196
YGL150C,0.271068185567856,-0.567421972751617,0.0130802292436981,0.0208695536562774,0.248385262861848,0.298012945304314,-0.604874175201328,-0.525764870314794
YGL148W,3.64351606369019,0.560396492481232,0.263121164026637,0.0311805607396363,3.17292840679487,4.20406595468521,0.501460272154122,0.623669518532308
YGL146C,0.0208508931100368,-1.68933510780334,0.00412896706760533,0.0859947582793566,0.0137834367575124,0.0296341886123021,-1.86064248208603,-1.52820697120842
YGL142C,0.117795154452324,-0.929856657981873,0.00794774346624262,0.0291679356281582,0.103556212720772,0.134125098586082,-0.984823841302639,-0.872489945806042
YGL141W,0.14239028096199,-0.847218930721283,0.008104242417336,0.0245622239952742,0.128056989486019,0.159878185515602,-0.892596712511783,-0.796210792292188
YGL139W,0.289535492658615,-0.539025247097015,0.0168272942355786,0.0251192273865965,0.259874713172515,0.324782311916351,-0.58523597700768,-0.48840763105125
YGL138C,0.00151950621511787,-2.88780069351196,0.000846161577544102,0.25876733940648,0.000337878140756705,0.00358807180503694,-3.47123995457203,-2.44513893631996
YGL137W,2.58088731765747,0.411204934120178,0.132117549918526,0.0221415518808621,2.34782542785009,2.85337418913841,0.370665801858999,0.455358713434172
YGL134W,0.0530446656048298,-1.27767872810364,0.00549338889986423,0.0449891157282374,0.0430462784133852,0.0644358937318126,-1.3660643897255,-1.1908721469416
YGL131C,0.0440650433301926,-1.35671138763428,0.00268939183941847,0.0263930851416131,0.0392948595806956,0.0497159473598003,-1.4056642588314,-1.30350428049317
YGL130W,0.412385731935501,-0.385739982128143,0.0287784048488452,0.0300506781233899,0.361652865012487,0.474198072652022,-0.441708090897961,-0.324040216705115
YGL129C,0.290466517210007,-0.537955105304718,0.0202435133236931,0.0301804788105798,0.253759455432495,0.331416487693787,-0.595577766367825,-0.479625897377824
YGL128C,0.100724823772907,-1.00132524967194,0.0145010557362627,0.0623063088747198,0.0753301129986843,0.131942629814148,-1.12303138393545,-0.879614864030079
YGL126W,0.205261841416359,-0.689303398132324,0.0177778423596585,0.037352653879934,0.172994943335652,0.243525987118483,-0.761966591364769,-0.613454690398598
YGL122C,1.186652302742,0.0734844952821732,0.074155435409364,0.0269095548106271,1.05665028889974,1.34962236583233,0.0239312760873525,0.130212261105406
YGL120C,1.31347346305847,0.117813855409622,0.0698175493803187,0.0229624218194881,1.1916589786609,1.45739776690801,0.0761519891509049,0.163578097904561
YGL119W,0.169365301728249,-0.772306501865387,0.0122650958967591,0.0313080996351225,0.1472920935601,0.195571011180679,-0.83182056490172,-0.708695518901591
YGL117W,0.050472516566515,-1.30422830581665,0.0092639092529419,0.0797827699274039,0.0344785664541026,0.0701460694894194,-1.46245079992543,-1.15399667418618
YGL116W,0.236001044511795,-0.627922117710114,0.0146542046042408,0.0269437779324586,0.208822033554316,0.266000390052795,-0.680223679497831,-0.575117726535653
YGL115W,0.8448126912117,-0.0748903527855873,0.0740592616968774,0.037828143025366,0.71177104562521,1.00564996997515,-0.147659683067784,0.00244684429540701
YGL114W,0.152717068791389,-0.816925287246704,0.00934975957518241,0.0265362219958673,0.135457036271691,0.171624830489357,-0.868198430787617,-0.7654198792575
YGL112C,0.447786927223206,-0.349847733974457,0.0292501792703539,0.0282052411232597,0.395928867409627,0.509869754314423,-0.402382832425351,-0.292540749797466
YGL111W,0.619440615177155,-0.209011942148209,0.042547830250832,0.0295867152653251,0.545761217176914,0.710970476766427,-0.262997329551235,-0.148148433358197
YGL110C,0.204403594136238,-0.690429985523224,0.0133723193812104,0.0282030596890842,0.180642130970955,0.232817866529028,-0.743180953005267,-0.632983698515566
YGL107C,0.235431462526321,-0.628921270370483,0.0142162308206843,0.0260994327625972,0.210041145111124,0.265639946858088,-0.67769562312633,-0.575706648405879
YGL105W,8.06614875793457,0.905659377574921,0.551568273886915,0.0295807702958614,7.05703994830449,9.20610655943553,0.848622575244624,0.964075997458352
YGL104C,0.0785423666238785,-1.10642063617706,0.00657352231218624,0.0364374754979843,0.0660056645671527,0.0921422775213917,-1.18041879882182,-1.03554105734889
YGL100W,0.809281587600708,-0.0932683646678925,0.0643989523173233,0.0344405167620438,0.691177866856257,0.945046905676524,-0.160410180460028,-0.0245466356903908
YGL099W,0.926389038562775,-0.0339278355240822,0.0535578779324794,0.0250177607181583,0.828952518602212,1.03780775169532,-0.0814703455068377,0.0161169101473827
YGL098W,0.211773321032524,-0.679237186908722,0.0326356766173095,0.066671242438928,0.154884627709786,0.282979775468508,-0.809991690093194,-0.548244603878827
YGL097W,1.33355522155762,0.124162204563618,0.08351341982429,0.027116451313812,1.18384509682655,1.50456656912963,0.0732948797413693,0.177411407340639
YGL095C,0.246807888150215,-0.608590543270111,0.0164172453947295,0.0286811011851065,0.217617995043596,0.281979086001714,-0.662305195266296,-0.549783128183601
YGL094C,0.112027175724506,-0.95138418674469,0.00642703756864122,0.0247120505349718,0.100827984511852,0.126068414623539,-0.996418913998298,-0.899393709280325
YGL093W,0.160184293985367,-0.796120822429657,0.00938371215332354,0.0253280271484725,0.143203331405918,0.180120289325714,-0.844046879916484,-0.744437364104951
YGL092W,0.519103586673737,-0.285275429487228,0.0256790267216237,0.0213707852560085,0.475228965530793,0.57162383099397,-0.323097096705027,-0.24288967384688
YGL091C,0.361763745546341,-0.443273484706879,0.032162506931665,0.0383554711632748,0.30526140332222,0.430833637714386,-0.515328103607769,-0.365690396127458
YGL085W,0.0620430484414101,-1.21267473697662,0.00980365396866489,0.0683319820287644,0.0450718416832387,0.0829625938087702,-1.34609469669297,-1.08111767886175
YGL084C,0.481300204992294,-0.318385601043701,0.029371514211837,0.0263404324121531,0.429072141647339,0.543211547036966,-0.367469681975354,-0.265031006852702
YGL083W,0.138824671506882,-0.858284473419189,0.00818163771357795,0.0255288786871747,0.123989803157747,0.155572354669372,-0.90661403055569,-0.808067574998909
YGL082W,0.531742513179779,-0.275412023067474,0.0381801842120945,0.0310494330747334,0.464054811249177,0.611501155793667,-0.333430726128703,-0.213602720724337
YGL081W,0.0484604202210903,-1.31868278980255,0.00666740499064027,0.0594531023987916,0.0365797210174302,0.0626393538589279,-1.43675962842078,-1.20315273093847
YGL078C,1.47612309455872,0.168344855308533,0.0887248082909135,0.0259223530549506,1.32102391223113,1.66417160332203,0.120910678825648,0.221198103712646
YGL077C,0.721929371356964,-0.142313376069069,0.0443290670465901,0.0264592462159101,0.643473190565904,0.81707488099734,-0.191469544036103,-0.0877381423765482
YGL075C,0.115653455257416,-0.9386847615242,0.0107076275906287,0.0399742590606097,0.0961538771167398,0.138386714830995,-1.01703320039051,-0.858905600350489
YGL073W,0.181099787354469,-0.742722868919373,0.00986157974471613,0.023587556138083,0.163292542099953,0.201174776628613,-0.787033649916119,-0.69642647598775
YGL071W,0.186666771769524,-0.729736566543579,0.0113761474360927,0.0264017267416106,0.165696197127302,0.210376193871101,-0.780687458952187,-0.677003406603617
YGL067W,0.499034851789474,-0.302975237369537,0.0357533925242627,0.0309845135644685,0.435275255391995,0.573331589003404,-0.36123602157617,-0.241594129474473
YGL065C,0.392965584993362,-0.406617909669876,0.0264044890754759,0.0290529237067841,0.345516085624695,0.44861003185312,-0.461531729084501,-0.348131018963016
YGL064C,0.123081728816032,-0.910835742950439,0.00847773406026176,0.0298838806506842,0.107599543655912,0.140514358878136,-0.968189570568119,-0.852279293816491
YGL063W,0.0221229419112206,-1.65971779823303,0.00321589896219291,0.0630152740601165,0.0164479403135677,0.0290141247678548,-1.7838884864406,-1.53739055976221
YGL061C,0.331632405519485,-0.4832963347435,0.0451526080670884,0.0584454188776138,0.254787953943014,0.430550528566042,-0.593821110659551,-0.365975911308462
YGL060W,0.19402951002121,-0.712951362133026,0.0119583999710453,0.0266516024190678,0.172047436734041,0.218558752909303,-0.764351793375376,-0.660431796065243
YGL057C,0.129716843366623,-0.890472948551178,0.0165051622378379,0.0548373833585398,0.100976152904332,0.16585816356043,-0.995781180374815,-0.78026316317245
YGL056C,0.431454300880432,-0.365900695323944,0.0268195540691506,0.0268943948835768,0.382968039810658,0.487416595220566,-0.416837472754121,-0.312099688343697
YGL050W,0.335495412349701,-0.47718158364296,0.0388281093204973,0.0498306216242174,0.266717132925987,0.421414285898208,-0.573949087397827,-0.375290782546769
YGL049C,0.720721840858459,-0.142811611294746,0.0372828488312847,0.0223857954752111,0.654391348361969,0.79676777869463,-0.184162451059677,-0.098668238099012
YGL044C,0.51914381980896,-0.28651887178421,0.0475101381740097,0.0396063437891454,0.43353130420049,0.620697224636873,-0.36297954944767,-0.207120196616516
YGL043W,1.36332499980927,0.133064866065979,0.114926634449432,0.0364915415900244,1.15130991538366,1.605184156696,0.0611922449249563,0.205524857713458
YGL039W,0.870668828487396,-0.0614845454692841,0.0686916111500244,0.0340240288961147,0.748804051677386,1.01696477433046,-0.125631815640272,0.00730591007001248
YGL038C,0.356826603412628,-0.448424994945526,0.022844431703969,0.0276579158053638,0.316393509258827,0.405513039728006,-0.499772438177722,-0.391995214466633
YGL036W,0.123492725193501,-0.909084558486938,0.00716125518924326,0.0251284669011658,0.110311933668951,0.137877974659204,-0.957377505724884,-0.860505105679625
YGL035C,0.373360961675644,-0.428794592618942,0.0244396742947385,0.0282648186163357,0.331560932844877,0.424607270210981,-0.479436650360845,-0.372012575740549
YGL028C,1.65300643444061,0.21749672293663,0.099575864540552,0.0259727013109648,1.48066375255585,1.86625137925148,0.170456443615748,0.27097014123164
YGL027C,0.916688859462738,-0.0383615009486675,0.0477290507147389,0.022448607616078,0.834776734809081,1.0177458524704,-0.0784296662755018,0.00763934121317631
YGL026C,3.8647768497467,0.586463212966919,0.214644183324113,0.0239155635619673,3.5023509601752,4.32889951467514,0.544359662310277,0.636377504769375
YGL025C,0.18932044506073,-0.724341869354248,0.0159934311701378,0.03654661711632,0.160155704493324,0.222950503230095,-0.795457587897876,-0.651791543050608
YGL023C,0.238868683576584,-0.622675836086273,0.0148404285124785,0.0269102837604808,0.211672755579154,0.269584441930056,-0.67433503649633,-0.569305175345008
YGL022W,1.22773540019989,0.0884602218866348,0.0670914570643585,0.0236170085859352,1.1110716064771,1.36832055350145,0.0457420486743264,0.136187848688521
YGL020C,1.02119565010071,0.00440873950719833,0.151624153810988,0.0637985681843539,0.764384783307711,1.3577236443758,-0.116687972708872,0.132811380785545
YGL019W,0.900668859481812,-0.0476223006844521,0.0907092440723646,0.04357136596282,0.739033394555251,1.09386086463928,-0.131335937624267,0.0389620847376251
YGL017W,0.142185151576996,-0.84838455915451,0.0107543294868927,0.0328166892295255,0.121986292302608,0.164375040183465,-0.913688968602349,-0.784164128095576
YGL016W,0.316635280847549,-0.500020444393158,0.0163920218073223,0.0223977155423543,0.28735141903162,0.350103139877319,-0.541586655251916,-0.455803994275588
YGL014W,0.415237933397293,-0.382326304912567,0.0223233280959559,0.0231858617810855,0.376848312467337,0.46314140210549,-0.423833425165374,-0.334286393955695
YGL011C,2.27994465827942,0.354943424463272,0.270243615540847,0.0506716931066621,1.81689804693063,2.87814161578814,0.259330545997819,0.459112140287639
YGL009C,6.90644931793213,0.838667869567871,0.360091676529451,0.0224702079963761,6.28250535329183,7.67928266525269,0.798132867043592,0.885320653746035
YGL006W,0.163107737898827,-0.78814035654068,0.00872761635379558,0.023127021785744,0.147563184797764,0.181331335132321,-0.831021980460269,-0.741527141037826
YGL005C,0.212332665920258,-0.675959348678589,0.0248948593205572,0.0509055226350424,0.166782595341404,0.264853292455276,-0.777849273529508,-0.576994624148672
YGL003C,0.109193921089172,-0.962907254695892,0.00779847053272983,0.0309545813833587,0.0948838081210852,0.125307084868352,-1.02280789369467,-0.902024374126554
YGL001C,1.50319707393646,0.175603583455086,0.121725465053094,0.0349562705777041,1.28524953822295,1.76388752659162,0.108987447814732,0.246470889107312
YGR002C,0.233282953500748,-0.633332669734955,0.0175244194739167,0.032495283202357,0.201314806938171,0.269437913099925,-0.696124281072359,-0.569541294433258
YGR003W,0.131354168057442,-0.882423162460327,0.00830774681164617,0.027405975630291,0.116156169772148,0.148461901023984,-0.93495771769093,-0.828384982739978
YGR004W,0.168993249535561,-0.773360311985016,0.0127699963775058,0.0326575571208115,0.145928993821144,0.195646081368128,-0.835858411975319,-0.708528847573193
YGR006W,0.115347109735012,-0.943751156330109,0.0189139137912184,0.0707128076878169,0.0823333812877536,0.157195229455829,-1.08442406881071,-0.803560638396719
YGR009C,0.537825167179108,-0.270066231489182,0.0307584015253546,0.0247748820072604,0.481504923850298,0.60155662894249,-0.317399267909797,-0.220723484150209
YGR010W,0.171093553304672,-0.768296658992767,0.0144042741443972,0.0364335423222045,0.145569170763095,0.20168836650749,-0.83693059231683,-0.695319154745222
YGR012W,0.411909282207489,-0.386490494012833,0.0319603541731723,0.0334450536539451,0.354823525995016,0.479756854226192,-0.449987594283882,-0.318978812086904
YGR013W,0.140804871916771,-0.852286815643311,0.00913626684749697,0.0280052128004925,0.124395443126559,0.160447776317596,-0.905195529384599,-0.794666297513254
YGR015C,0.0684735849499702,-1.16795647144318,0.00870477389773744,0.0550022519122042,0.053003566712141,0.0874293300012747,-1.27569490491221,-1.05834286084423
YGR017W,0.395549595355988,-0.405042439699173,0.040410453487389,0.0441236282324011,0.323380798349778,0.482170123110215,-0.490285772191438,-0.316799703478194
YGR019W,0.719183325767517,-0.144105359911919,0.0475037816034035,0.0286403944576062,0.632353212932746,0.814876611034075,-0.199040274118597,-0.0889081547629892
YGR021W,0.135215982794762,-0.872330963611603,0.0168888560379692,0.0540677917170111,0.104777484511336,0.171213320021828,-0.97973204066033,-0.766462451744343
YGR023W,0.0325484313070774,-1.48973608016968,0.0033293335865281,0.0444594454755444,0.0264235790042828,0.0395488687480489,-1.5780083675308,-1.40286593863265
YGR026W,1.4265171289444,0.152166962623596,0.141323876230069,0.0427710607599945,1.17327737808228,1.72996217310429,0.0694006971366777,0.238036602620686
YGR028W,0.255947887897491,-0.593445777893066,0.021999313158649,0.0372397225981445,0.216164375469089,0.300895324846109,-0.665215883034946,-0.521584562189009
YGR031W,0.276222497224808,-0.560404479503632,0.0242517115784535,0.0379921096672117,0.232292559122046,0.327567082643509,-0.63396470180848,-0.484699747196872
YGR033C,0.321548938751221,-0.49781334400177,0.0495504805954596,0.0662062592668184,0.23586322888732,0.429490929096937,-0.627339760417058,-0.367046007739741
YGR036C,0.22064009308815,-0.661891579627991,0.0356853264720475,0.0695059967526317,0.159342047323783,0.300119580328464,-0.79766961063158,-0.522705669624365
YGR040W,0.177806630730629,-0.751703083515167,0.015508901673577,0.0379116874215607,0.149536069606741,0.20986088377734,-0.825254039885158,-0.678068502781581
YGR042W,0.0994028896093369,-1.00678777694702,0.0138209545871213,0.0603648958014321,0.0743771243840456,0.128823056817055,-1.12856061728072,-0.890006399769238
YGR043C,0.0430797338485718,-1.36966443061829,0.00581896401671757,0.0585041513449958,0.0328774392915269,0.0555420856301983,-1.48310202294822,-1.25537781636784
YGR044C,0.623555541038513,-0.206913352012634,0.0570756468345868,0.0392884232971972,0.522941918174426,0.748821988205115,-0.281546553319368,-0.12562141770903
YGR046W,0.120829842984676,-0.919548213481903,0.0108199000941665,0.0386557487016421,0.101219733742376,0.14401917681098,-0.994734809542976,-0.841579678972029
YGR048W,0.464821398258209,-0.334000617265701,0.0359394839376696,0.0333709001649388,0.400748050957918,0.541759696106116,-0.39712858983833,-0.266193307190365
YGR053C,0.0153890931978822,-1.82650816440582,0.00386035159449622,0.110115330109725,0.00884849990252405,0.0239392669716229,-2.0531303670815,-1.62088915233226
YGR054W,1.57112300395966,0.195541620254517,0.0875564128315656,0.0240904061190874,1.41587741871675,1.75407028198242,0.151025655323822,0.244046990663794
YGR055W,1.47419476509094,0.167887523770332,0.0819824249422074,0.0240365028228103,1.32534496188164,1.64861481189728,0.122328931448953,0.217119196638345
YGR056W,0.205426171422005,-0.688057541847229,0.0118347532174394,0.0248486451789674,0.184688716505965,0.230303519840042,-0.733559636906599,-0.637699424454124
YGR058W,0.176119163632393,-0.756055414676666,0.0163300537922001,0.0402327004218449,0.14601141102612,0.209833801041047,-0.835613204986504,-0.67812456473793
YGR060W,5.8841757774353,0.768314480781555,0.469404240851715,0.0344215673015372,5.0685475508372,6.88179206848145,0.704883525107562,0.837701546390788
YGR061C,3.00006461143494,0.476650387048721,0.142077081638081,0.0204068505767821,2.76318955421448,3.30515349507332,0.441410678447332,0.519191633308135
YGR062C,0.0351704768836498,-1.45874583721161,0.00530640363966988,0.0655782386811975,0.0259645022762318,0.0465411487656335,-1.58562000638033,-1.33216290346515
YGR065C,0.179857939481735,-0.745934844017029,0.011379823788107,0.02744904535675,0.15862788297236,0.203254203870893,-0.79962047207439,-0.691960463245286
YGR066C,0.00307445297949016,-2.57646560668945,0.00164263362484586,0.248058063525075,0.000735757164269065,0.007170522872669,-3.13326550711578,-2.14444919065732
YGR071C,0.0730156525969505,-1.13760340213776,0.00503454309448208,0.0297255819224115,0.0642238510151704,0.0837284524614612,-1.1923036585206,-1.07712693572996
YGR072W,0.248641014099121,-0.605612993240356,0.0184114212731737,0.0320797832394173,0.214901216328144,0.286581096053123,-0.667761126421425,-0.542752460943918
YGR077C,0.0829174667596817,-1.08245182037354,0.00591245158109796,0.0308923897810741,0.0721404460569223,0.095027236143748,-1.14182118116948,-1.02215190350671
YGR080W,0.737433612346649,-0.133676245808601,0.0594548078823893,0.0348248240925866,0.628334891299407,0.867012338836988,-0.201808829363007,-0.0619747286895182
YGR083C,0.833151340484619,-0.0799430012702942,0.0462989378104915,0.0240178913987268,0.750034745037556,0.929195075233777,-0.124918618763313,-0.0318931006456169
YGR086C,5.04064893722534,0.701222896575928,0.385823398201956,0.0330883823879738,4.33994308312734,5.84489880005519,0.637484029441195,0.766776995947255
YGR088W,0.0216504763811827,-1.66740024089813,0.00249217060156463,0.0499555439494608,0.0171639158545683,0.0268583729087065,-1.76538362433982,-1.57092030067776
YGR090W,0.59394383430481,-0.226749017834663,0.0285212412049067,0.0206997038324489,0.547169045607249,0.653873722751935,-0.26187847966031,-0.184506115300999
YGR091W,0.163463234901428,-0.787618339061737,0.0113432888830616,0.0300287773893749,0.142964740966757,0.187099255621433,-0.844771061876161,-0.727927940481804
YGR092W,0.335444539785385,-0.475260347127914,0.0214593813745227,0.0276389577720207,0.296961781879266,0.381163210670153,-0.527299440178295,-0.41888902349708
YGR093W,0.221727266907692,-0.655241072177887,0.0155174889120823,0.030313931001542,0.193511040881276,0.253933012485504,-0.713294252711299,-0.595280835131397
YGR097W,0.129186809062958,-0.889465749263763,0.00730690075968714,0.0243524453325445,0.116854667353133,0.144971771662434,-0.932353938094312,-0.838716554106883
YGR099W,0.0976077020168304,-1.01167368888855,0.00715097053727323,0.0316603547560101,0.0848218573257327,0.112960353555779,-1.07149223358962,-0.947073957053753
YGR100W,0.174741938710213,-0.758255004882812,0.00961635623125581,0.0238073126195526,0.157436832785606,0.195029782255491,-0.802893655685916,-0.709899064167734
YGR103W,1.69925904273987,0.229557856917381,0.0969162320636439,0.0246441631192901,1.52947354515394,1.90132711132367,0.184541969466047,0.279056838972668
YGR106C,2.3740918636322,0.373102754354477,0.250007614377413,0.045582301445099,1.92906416257222,2.89539632201195,0.285346672925861,0.461708017625363
YGR108W,0.275090992450714,-0.5615553855896,0.0190308452797671,0.0298867515620001,0.240994113062819,0.315484447032213,-0.617993572975245,-0.501022046499683
YGR109C,0.13896644115448,-0.858890533447266,0.0126565360521512,0.0396041671702909,0.115388333797455,0.164712890610099,-0.937838097940144,-0.783272411194012
YGR111W,0.475523442029953,-0.324003130197525,0.0350721847601014,0.0318864956279829,0.412120853116115,0.55004749049743,-0.384975426242785,-0.259599813221326
YGR112W,0.113759949803352,-0.94592559337616,0.0107346468978062,0.0406899607973752,0.0950828436762094,0.136702491094669,-1.02189784446895,-0.86422357182865
YGR113W,0.237303853034973,-0.626456201076508,0.0214325696131039,0.0390970286113995,0.198212340474129,0.282699584960938,-0.70286931033016,-0.548674829234793
YGR116W,1.08275508880615,0.0340422987937927,0.0515006080442246,0.0205260519252773,0.995842013756434,1.18996494412422,-0.00180955688058278,0.0755341674427809
YGR117C,0.231616362929344,-0.636429667472839,0.0172787865389495,0.0322285528724307,0.200255120793978,0.268144193788369,-0.698416370405165,-0.571631607199191
YGR119C,0.739084601402283,-0.132154583930969,0.0464506361439299,0.027082011162101,0.658319026728471,0.838048160076141,-0.181563592837809,-0.0767310230710061
YGR120C,0.171525061130524,-0.769911289215088,0.0241385808194182,0.0605986262468655,0.130372784410914,0.224393667032321,-0.884813078280367,-0.648989409516193
YGR122W,0.109419837594032,-0.962627530097961,0.00977154194869976,0.0386517445834437,0.092007115483284,0.129966208462914,-1.03617858465846,-0.886169554018969
YGR123C,0.941616237163544,-0.0269532110542059,0.058342871416579,0.0267653013629855,0.838606705764929,1.06437149246534,-0.0764416703793912,0.0270932043291936
YGR125W,0.202239632606506,-0.694744408130646,0.0107669534674375,0.0230174217898563,0.182985580464204,0.224646180868149,-0.737583132617848,-0.648500960298142
YGR127W,0.0829471051692963,-1.08456754684448,0.0103818207298552,0.0540826355537716,0.0644459711387753,0.105355992726982,-1.19080423379435,-0.977340763812773
YGR130C,0.938189089298248,-0.028312923386693,0.049623578490087,0.022881281765789,0.849900841712952,1.04059594074885,-0.0706317406491706,0.0172821272625444
YGR132C,1.59315252304077,0.200181141495705,0.156664180173655,0.0423891055142017,1.31749511758486,1.93272686004639,0.119749011571928,0.286170482297371
YGR135W,2.88273143768311,0.456907272338867,0.335541147576191,0.0500500632343014,2.28654091358185,3.60295677185059,0.359178976691261,0.556659051503813
YGR136W,1.41873168945312,0.147782042622566,0.197546702020918,0.0596337215454749,1.0782557507356,1.85620800256729,0.032721780741142,0.268626640145297
YGR140W,0.111371703445911,-0.954014658927917,0.00674285294108874,0.0261455209708727,0.0994866879036029,0.125520050525665,-1.00223502737668,-0.901286894604252
YGR141W,0.262280017137527,-0.582292795181274,0.0183544150016219,0.0303210030936346,0.228597207615773,0.300751527647177,-0.640929080903117,-0.521792158074343
YGR144W,0.0157689675688744,-1.81242680549622,0.00343622831493963,0.0946033748437671,0.00996206103203197,0.0233125496810923,-2.00165080514176,-1.63241023176234
YGR145W,0.589366972446442,-0.230278000235558,0.0327162991385054,0.0239608505201269,0.532428906361262,0.657447471221288,-0.273738374062283,-0.182138944479135
YGR147C,0.418426722288132,-0.380485206842422,0.0412738045390545,0.0427749895332454,0.342305630942186,0.504399827619394,-0.465585957042643,-0.297225070552879
YGR149W,0.114405542612076,-0.9430251121521,0.00942836327148879,0.0358055215455843,0.0967983827615778,0.133573616916935,-1.01413189937085,-0.874279315884454
YGR152C,0.765693128108978,-0.118614047765732,0.085246204626989,0.0481152204424879,0.613711485266686,0.949834227561951,-0.21203574950271,-0.0223521845397959
YGR154C,0.00574029516428709,-2.26258683204651,0.00179096577106169,0.139015403551867,0.00277849700069055,0.00979604814977695,-2.55619015339192,-2.00894923787057
YGR155W,6.46580839157104,0.809790253639221,0.402680672618035,0.0268827700558471,5.74909369945526,7.30220937728882,0.759599386266689,0.863454281379733
YGR156W,0.200357705354691,-0.699500203132629,0.0155932156259164,0.0336330502753099,0.172219567497571,0.233113354071975,-0.763917532957172,-0.632432846945664
YGR157W,0.955749094486237,-0.0202557742595673,0.0503353037934153,0.0227887907423935,0.865647268791993,1.06053078174591,-0.0626590368791543,0.0255232783673222
YGR158C,0.564305126667023,-0.252349615097046,0.0760437915561726,0.0577828543115622,0.43083290408055,0.73388337045908,-0.365691135701622,-0.134372953327101
YGR161C,0.550999581813812,-0.262039124965668,0.0672804358810057,0.0525349315806139,0.433279280861219,0.698445239663124,-0.363232079334378,-0.155867639658446
YGR165W,0.317336708307266,-0.50025475025177,0.0288801940070748,0.039202366706319,0.266090035438538,0.38079934194684,-0.574971388639464,-0.419303810908619
YGR166W,0.100831724703312,-0.997644901275635,0.00764790768366394,0.0327331612676058,0.0871434309830268,0.117118981542687,-1.0597653452073,-0.931372714244412
YGR167W,5.10770273208618,0.704189717769623,0.70294390571547,0.0590770656295992,3.89507388671239,6.66368287404378,0.590515698071705,0.823714319072489
YGR169C,0.0860030800104141,-1.06732439994812,0.00792949128818406,0.0399851450517068,0.0716877842321992,0.102366752612094,-1.14455484603374,-0.98984107381767
YGR171C,0.076437696814537,-1.11800003051758,0.00594742592458922,0.0336614817950094,0.0656934960434834,0.0890416282539566,-1.18247762590978,-1.05040690691109
YGR172C,0.638181984424591,-0.198101729154587,0.0758786824982829,0.0514439250770545,0.502529117465019,0.800870143870513,-0.298838769559034,-0.0964378964261608
YGR173W,1.32015776634216,0.119547888636589,0.0932371896172208,0.0305905899227932,1.14914036691189,1.51028096775214,0.0603730803999092,0.179057749481732
YGR175C,5.02527856826782,0.700445830821991,0.289681673618887,0.0248762945830161,4.51031527121862,5.63761711120605,0.654206900139714,0.751095576151756
YGR177C,0.352341771125793,-0.45393642783165,0.0227643094102404,0.0279869080733743,0.310703949133555,0.399387507140636,-0.507653226711226,-0.398605526461582
YGR178C,1.10370814800262,0.042220763862133,0.0599005468818562,0.023418168947177,0.999120497206847,1.23166823387146,-0.000382133691782252,0.0904937406184574
YGR184C,0.379321694374084,-0.421451479196548,0.0175146797396314,0.0198969402128079,0.349776673316956,0.416858971118927,-0.456209157380757,-0.380010847722128
YGR185C,3.74214148521423,0.572129726409912,0.253786616384782,0.0293134622506145,3.2871564467748,4.27740779717763,0.516820373877952,0.631180656761692
YGR187C,1.09566128253937,0.0385879501700401,0.0775665650009511,0.0307523896815379,0.949302564064662,1.25027453899384,-0.0225953461056206,0.0970053871509433
YGR189C,2.65433478355408,0.423180520534515,0.159119313732158,0.0258606326616359,2.37478232383728,2.99000263214111,0.375623807691911,0.475671570640101
YGR191W,0.967968761920929,-0.014879341237247,0.0567038836417925,0.0253463804366587,0.866542458534241,1.08544374803702,-0.0622101530545929,0.035607321523276
YGR193C,0.963564276695251,-0.0170955117791891,0.064848751283142,0.0290775053224995,0.848629418512185,1.10153275330861,-0.0712819171613573,0.0419974082578295
YGR195W,0.576644599437714,-0.242547199130058,0.0730006941503515,0.0547949531451748,0.445176482200623,0.737239384651184,-0.351467786656006,-0.132391472139779
YGR198W,0.268958032131195,-0.57097589969635,0.0148689309949653,0.0239325971042553,0.241601929068565,0.299476087093353,-0.616899602416433,-0.523637849929155
YGR199W,0.300763249397278,-0.522479295730591,0.0171994915225171,0.024708875202833,0.270767331123352,0.336327319343885,-0.567403735735529,-0.473237855632185
YGR200C,0.771125257015228,-0.113469369709492,0.0404850670329508,0.0226976744055548,0.699768931170305,0.853962993125121,-0.15504534353839,-0.068560950871956
YGR204W,3.58440732955933,0.553855538368225,0.183108632378269,0.0220247485644929,3.26795976956685,3.97381297151248,0.514276701174837,0.599207422995877
YGR205W,0.537137031555176,-0.272038727998734,0.0531854258693478,0.0429360213588201,0.440196188042561,0.645959337055683,-0.356353732153627,-0.189794822410288
YGR207C,0.836044132709503,-0.0805842578411102,0.0956746662411177,0.0493723933936728,0.666747110585372,1.04278480708599,-0.176038858949787,0.0181946943149353
YGR208W,1.11262857913971,0.0446488633751869,0.0989626148410283,0.0383961891008893,0.937991365790367,1.32589797178904,-0.0278011592844281,0.122510106047475
YGR210C,0.755712866783142,-0.122816391289234,0.0557686717881023,0.0318855755806786,0.654874623318513,0.87160462141037,-0.183841838662567,-0.0596804757224388
YGR216C,0.101981490850449,-0.992663860321045,0.00755965930660023,0.032107137346263,0.0881069529180725,0.117725691944361,-1.05498981867087,-0.929128748911448
YGR217W,0.076682485640049,-1.11592423915863,0.00411211537318536,0.0231635793435301,0.0694004658609629,0.0852781093989809,-1.15863761427483,-1.06916243986557
YGR218W,1.48739278316498,0.171895608305931,0.0738851648571147,0.0214227223918652,1.36331412891547,1.64537205894788,0.134595935611691,0.216264118012499
YGR220C,0.510331392288208,-0.294963806867599,0.0584396581232153,0.0493970226226691,0.407736786454916,0.635919585327307,-0.389620106855201,-0.196597799247553
YGR222W,0.117459207773209,-0.933533489704132,0.0148406795334507,0.0544486684733758,0.0918571078528961,0.149820160120726,-1.03688723281348,-0.824429743584856
YGR223C,0.113328360021114,-0.947168469429016,0.00946257167510914,0.0361191781842674,0.0962944875160853,0.133199214190245,-1.01639857430852,-0.87549833731868
YGR227W,0.266278505325317,-0.575653254985809,0.0180639703500293,0.0292941449800713,0.234262651453416,0.303768103569746,-0.630296945597394,-0.517457830907426
YGR229C,0.939251005649567,-0.0280861854553223,0.0594736863346184,0.0274508721682331,0.828765806059043,1.06330604056517,-0.0815681768568699,0.0266582803463516
YGR231C,1.34017086029053,0.12554557621479,0.116313896730924,0.0373744687671369,1.13635026613871,1.58889914651712,0.0555122179160556,0.201096331750585
YGR232W,0.833711326122284,-0.0847986042499542,0.138022298325255,0.0709064057498918,0.603124167025089,1.13828814327717,-0.219593273912293,0.0562522021583038
YGR233C,0.437745362520218,-0.359318792819977,0.0219326894253973,0.0216127301628394,0.400734382371108,0.484278633942207,-0.397143395307753,-0.314904691359676
YGR234W,7.23192882537842,0.858227610588074,0.498781507639343,0.0297835400408642,6.32500348885854,8.30781881014506,0.801060768790855,0.919487016187933
YGR237C,0.188314348459244,-0.725849151611328,0.0109735616710043,0.0251967820581751,0.16900318985184,0.211402879034479,-0.772105098321516,-0.674889102459055
YGR240C,10.0638160705566,1.00224554538727,0.493528024053625,0.0211613309003658,9.21506623427073,11.0918699343999,0.96449846109727,1.0450047682586
YGR241C,0.297474414110184,-0.527379035949707,0.0184266597076118,0.0268497471783305,0.26337339853247,0.335960731407007,-0.579428092147485,-0.47371148455974
YGR244C,1.0379866361618,0.0151034016162157,0.0738875723730758,0.0306740355067149,0.907231403887272,1.19430316388607,-0.0422819251357915,0.0771145827557739
YGR246C,0.298401176929474,-0.526077270507812,0.0190440431316225,0.027587367365103,0.264479852219423,0.338304498543342,-0.577607406861767,-0.47069223037573
YGR247W,0.131767436861992,-0.887565016746521,0.0246480706141503,0.0798438209050007,0.0907846024259925,0.186046630144119,-1.04198780407385,-0.730378191931445
YGR248W,0.182632222771645,-0.743230104446411,0.0274207189919449,0.0645102262425355,0.136124685655038,0.242726709196965,-0.866063135325022,-0.614882466303176
YGR250C,0.25552424788475,-0.593260765075684,0.0145073212857301,0.0245108818485052,0.229971927652756,0.286242306232452,-0.63832517458297,-0.543266177685055
YGR252W,0.213712945580482,-0.671362280845642,0.0159314281146757,0.0321742829452942,0.185024434452256,0.247834803412358,-0.732770914625355,-0.605837705823359
YGR253C,2.36975049972534,0.372243314981461,0.253954838725313,0.0461386900984397,1.92434563537439,2.92266298333804,0.284283039092096,0.465778735608662
YGR255C,0.243948459625244,-0.613723039627075,0.0167917774055812,0.0297704058221988,0.213887010266383,0.279288846502701,-0.669815593506169,-0.55394640765402
YGR257C,0.116773195564747,-0.934554874897003,0.0109257364982211,0.0406318173969687,0.0968183736627301,0.139462813735008,-1.01404221774619,-0.855541576925017
YGR260W,1.51404976844788,0.179375305771828,0.0900909144196467,0.0257630419825123,1.34921816388766,1.70033787389596,0.130082179243905,0.230535227827002
YGR261C,0.458858460187912,-0.338953584432602,0.0248278961245363,0.0233699861816679,0.414949693530798,0.511098871131738,-0.38200455189948,-0.29149507881276
YGR263C,0.109536245465279,-0.96219938993454,0.00987733633858701,0.0390876331537209,0.091697570681572,0.130401694650451,-1.03764217179176,-0.884716764670627
YGR264C,2.99656939506531,0.476000398397446,0.16119161746567,0.0232099461222589,2.71487893064817,3.33711192011833,0.433750466913818,0.523370771830688
YGR266W,0.449878990650177,-0.347620457410812,0.0259588957706047,0.0248933850797742,0.404307364672422,0.505163572728634,-0.393288347724479,-0.296567973903046
YGR267C,1.5969443321228,0.199926763772964,0.200217659796207,0.053959565817505,1.25001017153263,2.02730021278063,0.0969135465027527,0.306918051206535
YGR270W,0.22040793299675,-0.657301723957062,0.0109263911041675,0.0214176741060928,0.201392170165976,0.243021200969815,-0.695957418333491,-0.614355837395288
YGR271W,0.186759173870087,-0.729211568832397,0.00895169128877506,0.0206819313642478,0.171203014999628,0.205628365154068,-0.766488591500485,-0.68691697788431
YGR274C,0.189459577202797,-0.723087668418884,0.0100111582415328,0.0228545972447352,0.172120765348276,0.210172656178474,-0.764166731490762,-0.677423790019048
YGR276C,0.356750756502151,-0.448529541492462,0.0230122079702536,0.0278431813592596,0.315679999689261,0.405525163312753,-0.500752933485807,-0.391982192578384
YGR277C,0.313946574926376,-0.505338072776794,0.0317837096592193,0.0435552491699234,0.257087270667156,0.382701849440734,-0.589919426336032,-0.417139440162617
YGR278W,0.132670775055885,-0.87829864025116,0.0093502264819015,0.0304912558524331,0.115689436470469,0.152237318704526,-0.936706294628758,-0.81747887539584
YGR280C,0.638372421264648,-0.19748443365097,0.0696426612086867,0.0470897034121257,0.514064487318198,0.786942367752393,-0.288982397217871,-0.104057072331628
YGR281W,0.405898183584213,-0.392083168029785,0.0195690333460883,0.0208101165725655,0.372629562268655,0.446836204081774,-0.428722693865657,-0.349851646268473
YGR282C,10.6567049026489,1.02623355388641,0.854645424317991,0.0347656331705234,9.09511481920878,12.4639139175415,0.95880818461697,1.09565444086878
YGR289C,0.00167971616610885,-2.79860258102417,0.000551276164261053,0.146883858504892,0.000782339388873273,0.0028895252791699,-3.10660480674435,-2.539173509952
YHL047C,0.1627366989851,-0.789397060871124,0.0104066266333908,0.0276488394662213,0.144044876098633,0.184603788952033,-0.84150218564228,-0.733759389422915
YHL044W,0.0554087087512016,-1.26837623119354,0.0131142479063277,0.10223162292707,0.033719298367699,0.0843005724872152,-1.47212147827162,-1.07416947771643
YHL039W,0.323604017496109,-0.490783542394638,0.0197029154390698,0.0262749557761832,0.289124869306882,0.364696939786275,-0.538914551066895,-0.438067881036409
YHL038C,0.0928715765476227,-1.03311049938202,0.00630380396761382,0.0293531761000677,0.0812743550166488,0.106343665222327,-1.09004646832655,-0.97328837735766
YHL036W,0.0237143039703369,-1.62792062759399,0.00275630232585858,0.0504773726751813,0.0186031915557881,0.029519866934667,-1.73041254797343,-1.52988562277029
YHL035C,0.0363373048603535,-1.44042348861694,0.00218628355039942,0.0259387229184463,0.0325760692358017,0.0410047705285251,-1.48710132064722,-1.38716561471489
YHL034C,8.61843490600586,0.933879613876343,0.731734825868389,0.0366786361656401,7.30867038965225,10.1803340911865,0.863838376144111,1.00776203061154
YHL032C,0.0303221382200718,-1.51983380317688,0.00260062771977413,0.0371580369522048,0.0256210505962372,0.0358631685376167,-1.59140306592439,-1.44535134283819
YHL030W,0.604975998401642,-0.218747854232788,0.0287354670646245,0.0204995137124183,0.556091666221619,0.664917222162088,-0.254853613358785,-0.177232418193957
YHL028W,0.0470167100429535,-1.32920062541962,0.00385770667943381,0.0354914874296023,0.0399123471540709,0.0553106435574591,-1.39889273203403,-1.2571912945695
YHL027W,0.398493379354477,-0.400368273258209,0.0242010491716465,0.026131501567644,0.357072775314252,0.451594790319602,-0.447243260929987,-0.345251077014264
YHL026C,0.0379572287201881,-1.42560827732086,0.00570093648031039,0.0654799816072737,0.0277057135632883,0.0499747274753948,-1.55743067992258,-1.30124957486864
YHL025W,0.21556282043457,-0.668130218982697,0.0191399803770761,0.038441786808068,0.180683153619369,0.255926012992859,-0.743082360381589,-0.591885569036248
YHL024W,0.0241204891353846,-1.61962735652924,0.00232685999553713,0.0417999675310773,0.0198761169798672,0.029017555139338,-1.70166845592704,-1.53733918164929
YHL023C,0.103750132024288,-0.984683990478516,0.00581541746328016,0.0241875536022282,0.0935917598505815,0.116282318656643,-1.02876238876495,-0.934486317032556
YHL021C,0.729293286800385,-0.138066947460175,0.0490913093205758,0.0289160484302828,0.646301460762819,0.835995826125145,-0.189564862829271,-0.0777958908643654
YHL020C,0.205786645412445,-0.688006162643433,0.0166753032297028,0.0351922807567887,0.175022059182326,0.240165419007341,-0.756907214379722,-0.619489527983794
YHL017W,0.362307548522949,-0.441918253898621,0.0246954768382647,0.0293083615434928,0.319891123473644,0.416192798564831,-0.494997810829697,-0.380705441682653
YHL014C,0.0908331423997879,-1.04369878768921,0.00859664817662039,0.0411343728826444,0.0746323601032297,0.108514070510864,-1.12707282502993,-0.964513945234503
YHL013C,0.576498746871948,-0.240969657897949,0.0521954040980467,0.0391543173539458,0.482309157152971,0.685776451230049,-0.316674492473173,-0.163817432505557
YHL012W,0.00404457235708833,-2.40706872940063,0.00102388724859854,0.110993434344533,0.00235634079629866,0.00629404877933363,-2.62776190503938,-2.20106989562699
YHL011C,2.00537586212158,0.300596058368683,0.172635805852854,0.0372274975168902,1.69665126800537,2.37478915055593,0.229592584570615,0.375625053007585
YHL009C,0.391690492630005,-0.408660501241684,0.0338037886667577,0.0372805225036735,0.331864568094413,0.463672791669766,-0.479039124768944,-0.333788387930651
YHL008C,0.0830116495490074,-1.08203601837158,0.0061235539992164,0.0319210110819143,0.0717728588730097,0.0961058328549067,-1.14403975469882,-1.01725025487977
YHL003C,0.879974901676178,-0.0566046312451363,0.0620204138479461,0.0305136077205416,0.767425267895063,1.00913887321949,-0.114963905522686,0.00395093365054765
YHL002W,0.414076209068298,-0.383930712938309,0.0283720555014446,0.0295803423064038,0.364117217560609,0.475831060608228,-0.43875878544089,-0.322547212134768
YHR001W,0.592679500579834,-0.228206247091293,0.0409223739647132,0.0298151154792849,0.519478304187457,0.681280962626139,-0.284432586375619,-0.166673746599618
YHR003C,0.37697845697403,-0.424836724996567,0.0276146058895264,0.0315953613080479,0.328163907925288,0.436450687050819,-0.483909190342425,-0.360064820264067
YHR006W,0.32839235663414,-0.484503716230392,0.0211959004855353,0.0278579701884733,0.291367143392563,0.373534628252188,-0.535559423903829,-0.427669131162433
YHR007C,4.15518188476562,0.617812752723694,0.250216747738529,0.0259418217594558,3.71952587167422,4.70252895355225,0.570487583749081,0.672331478189298
YHR008C,2.67061996459961,0.422028452157974,0.393394305014588,0.062819532082621,2.02079096039136,3.54846481084824,0.305521390333032,0.550040501555938
YHR009C,0.486941456794739,-0.313390612602234,0.0309437651895038,0.0273560641013029,0.433978478610516,0.553460857272148,-0.362531808255733,-0.25691308966268
YHR011W,0.0977416187524796,-1.01158404350281,0.00857634938323383,0.0379868971099324,0.0821473833173513,0.115812408613662,-1.08540626619732,-0.936244906088075
YHR012W,0.417640864849091,-0.381574630737305,0.0439284941491518,0.0453821731813921,0.33967113494873,0.510367054740588,-0.468941357649016,-0.292117369623486
YHR013C,1.84635233879089,0.262338131666183,0.252286690204301,0.0586133248692229,1.41774896283944,2.40765855312347,0.151599333169711,0.381594895768902
YHR014W,0.00387425231747329,-2.45817923545837,0.00178537931421507,0.20665909048263,0.00123274277333015,0.00815492870751768,-2.90912754604683,-2.08858004050351
YHR015W,0.0367169938981533,-1.43684017658234,0.00325680854203557,0.0384651631325271,0.0307728065333019,0.0434469731835027,-1.51183289542089,-1.36204047554367
YHR016C,0.545648634433746,-0.264084488153458,0.0370162089248644,0.0294098295833191,0.477928250779708,0.621476568778356,-0.320637297683239,-0.206575242579418
YHR017W,0.202691033482552,-0.69461452960968,0.0166316189833255,0.0354566669389711,0.173203094676137,0.23802200841407,-0.761444352572765,-0.623382885261537
YHR018C,0.778240501880646,-0.109811291098595,0.0509481415683349,0.0283382827373564,0.686904601752758,0.883426580329736,-0.16310357424154,-0.0538295381420249
YHR019C,6.13499593734741,0.787079811096191,0.357520459863436,0.0252264139055706,5.48278156121572,6.89045176903407,0.739000943426291,0.838247696737758
YHR020W,3.90138483047485,0.590556979179382,0.216225687848807,0.0239204782817763,3.52047584056854,4.36137549479802,0.54660136767489,0.639623479049739
YHR022C,0.0161130856722593,-1.81677281856537,0.00537274684717466,0.146041129575396,0.00764393139785777,0.0283939667356511,-2.11668322836118,-1.54677400977137
YHR024C,0.461046129465103,-0.337248742580414,0.0313325885853447,0.0293045163123542,0.406008926779032,0.526773691177368,-0.391464422800609,-0.278375923273295
YHR025W,2.41702771186829,0.382051080465317,0.182774419975534,0.0326581720306739,2.08760428229968,2.80207258264224,0.31964817904801,0.44747937724493
YHR027C,2.16960501670837,0.335849463939667,0.107647658532622,0.0214152952724068,1.98263826767604,2.39090776443481,0.29724348299858,0.378562822385267
YHR028C,0.514553964138031,-0.289187431335449,0.0275482699206843,0.0231400328501808,0.467029660195112,0.571360390881697,-0.330655537724608,-0.243089870283282
YHR029C,0.551891386508942,-0.260458797216415,0.0573029434781222,0.0447321076266539,0.451025933027267,0.675172460079193,-0.345798486399538,-0.170585281185459
YHR030C,0.384463280439377,-0.416183114051819,0.0266866929168965,0.0299837243459048,0.336099577446779,0.441405652215083,-0.473532034967043,-0.355162112388194
YHR031C,0.0922955200076103,-1.0358202457428,0.00629316667415556,0.0295821929473493,0.0806293189525604,0.105401485910018,-1.09350700851758,-0.977153266581745
YHR032W,0.31507396697998,-0.502462089061737,0.0200891005576349,0.0275175296608518,0.27981934795777,0.357375880330801,-0.553122260486265,-0.446874762695266
YHR033W,0.00306504755280912,-2.53569436073303,0.000975118581031459,0.14077735303805,0.00148162070060304,0.00530692350585014,-2.82926298188449,-2.27515717667308
YHR034C,0.221960470080376,-0.655316829681396,0.0190907232599759,0.0371925338275293,0.188087224960327,0.263275582591693,-0.725640701087838,-0.579589418434051
YHR036W,0.156293779611588,-0.807247877120972,0.0116362561457754,0.0320818534777872,0.136150989805659,0.181541335955262,-0.865979197033002,-0.74102447305044
YHR037W,0.674538791179657,-0.171748116612434,0.0399634866260338,0.025567918995719,0.603774923086166,0.759727158149083,-0.21912492873998,-0.119342348489138
YHR039C,0.666817784309387,-0.176683932542801,0.0376823449930826,0.0244987532817108,0.597812463839849,0.743224623799324,-0.223435035774059,-0.12887991015545
YHR040W,0.146291598677635,-0.836520493030548,0.0131275877076237,0.0388140676033263,0.122605547308922,0.174036502838135,-0.911489879645077,-0.759359652185572
YHR042W,1.50619184970856,0.177207052707672,0.0843327361237369,0.0241268332598919,1.36339902877808,1.68663859367371,0.1346229802914,0.227022033633538
YHR045W,0.203754559159279,-0.691893339157104,0.0138571754262944,0.0294876404598023,0.178182094792525,0.231974973902106,-0.749135943919744,-0.634558865491132
YHR049W,1.09838318824768,0.0368860177695751,0.147679432305553,0.0578849056349165,0.841446372866631,1.41791584690412,-0.0749735573009255,0.151650452642807
YHR050W,0.242541462182999,-0.616117060184479,0.0156765939078629,0.0280112230563321,0.213651120662689,0.275062140822411,-0.670294824839083,-0.560569181335423
YHR052W,1.41604399681091,0.149936735630035,0.10289619107061,0.0314374735491539,1.23200417459011,1.6306555022796,0.0906121788756925,0.21236221907316
YHR058C,0.353215724229813,-0.453937351703644,0.033824488502737,0.0413908737575836,0.292233006159465,0.424746644993623,-0.534270735792476,-0.371870044687149
YHR061C,0.217082321643829,-0.665318489074707,0.0205872379915539,0.0411016436436281,0.17972773425281,0.260739389061928,-0.745384901861111,-0.583793362567635
YHR062C,0.407604157924652,-0.391605705022812,0.0376917479119366,0.0399795473697941,0.339449331412713,0.48812664821744,-0.469225044519533,-0.311467483665593
YHR063C,1.14595723152161,0.058278352022171,0.0735790959831032,0.0277936926517588,1.01100352307161,1.29882904291153,0.00475266884211981,0.113551990937261
YHR064C,8.60942077636719,0.934237897396088,0.505056797648253,0.0253572680448021,7.7098650932312,9.66813391844432,0.88704677885798,0.985342657420062
YHR065C,0.799425184726715,-0.0980528742074966,0.0497706451197058,0.0268256509578941,0.71289746761322,0.907454454898834,-0.146972928385604,-0.0421751643825537
YHR069C,0.510071277618408,-0.293602526187897,0.0384664660243701,0.0327215134525963,0.437848311662674,0.589519849419594,-0.358676320624549,-0.229501572333622
YHR070W,0.388386607170105,-0.411610454320908,0.0247566223026971,0.0275151942773544,0.34510252053539,0.440325570851564,-0.462051868941883,-0.356226093336884
YHR071W,0.116151891648769,-0.945927739143372,0.0264056331658409,0.0974872223034247,0.0731717095399896,0.176467283690969,-1.13565680394484,-0.753335799875983
YHR072W,0.310676544904709,-0.508380830287933,0.0176236767775192,0.0244576387135747,0.280457672973474,0.348098956545194,-0.552132673754407,-0.458297284355722
YHR074W,0.757670819759369,-0.121138401329517,0.0406166680783017,0.023162663374906,0.687067061165969,0.843200254440308,-0.163000871659423,-0.0740692710858247
YHR075C,0.0684767886996269,-1.16665482521057,0.0069218664722082,0.0436180792598141,0.0562574975192547,0.0833427676310142,-1.24981959029649,-1.07913208227941
YHR076W,0.488981246948242,-0.312181562185287,0.0404974614706565,0.0357469319102632,0.415447503328323,0.57384729385376,-0.381483846621696,-0.241203662061947
YHR077C,0.180848196148872,-0.743312180042267,0.00975040911872509,0.0232610405163256,0.163873732959231,0.201664315039913,-0.785490653340886,-0.69537094438714
YHR078W,0.0732423886656761,-1.13671004772186,0.00607872488059366,0.0356980894688389,0.0627665296196938,0.0867837204908331,-1.20227188295805,-1.06156173539847
YHR082C,0.273787587881088,-0.563139319419861,0.0138808122001457,0.0218771621048574,0.24948514799277,0.302880684038003,-0.60295530312511,-0.518728422578619
YHR083W,0.393424808979034,-0.406542420387268,0.0316824532053005,0.0349201296550467,0.335039467861255,0.458865344524384,-0.474904029966209,-0.338314740845675
YHR084W,0.289275318384171,-0.539430320262909,0.0169790996855103,0.0253500970301538,0.259294870744149,0.325187478214502,-0.586206086503557,-0.487866185943566
YHR086W,0.20697720348835,-0.685046136379242,0.0138593973353947,0.0289494548004172,0.182125287378828,0.236404848347107,-0.739629753323804,-0.626343642306725
YHR088W,1.00067782402039,-0.00147023459430784,0.0908282132967788,0.0390620022980455,0.844787385563056,1.19907243649165,-0.0732525809622964,0.0788454184423312
YHR090C,0.198147624731064,-0.705560564994812,0.0215666810472753,0.0470515393773651,0.15950819849968,0.243745431303978,-0.797216989900435,-0.613063515847136
YHR091C,0.053692277520895,-1.27136087417603,0.00412036089304674,0.0332282108320261,0.046198564581573,0.0623621437077721,-1.33537152208406,-1.20507896512039
YHR098C,0.819866240024567,-0.0868071690201759,0.041436283335186,0.0218194327895427,0.747281789779663,0.905917257070541,-0.12651560076881,-0.0429114674378349
YHR099W,0.349280267953873,-0.457255035638809,0.0155897464578009,0.0192429022334401,0.323540340612332,0.381767604748408,-0.490071561899085,-0.418200926875863
YHR103W,0.290331900119781,-0.53774881362915,0.0158647943927266,0.0236013405377306,0.26222444276015,0.323756322513024,-0.581326829479323,-0.489781744853987
YHR106W,0.112604930996895,-0.950901865959167,0.0120055365450772,0.0461981504327593,0.0911556054527561,0.1379823880891,-1.04021662630756,-0.860176349341024
YHR111W,0.386669903993607,-0.413767427206039,0.0277195590365093,0.0310072626337015,0.336214963595072,0.444434876243273,-0.473382961752714,-0.352191869549129
YHR112C,0.323748350143433,-0.491293787956238,0.0271164631200053,0.0360286587256268,0.276638330519199,0.3815042446057,-0.558087645188123,-0.418500627705604
YHR113W,0.609989047050476,-0.215615302324295,0.0402602448208914,0.0285159855241716,0.536991971234481,0.695016699532668,-0.270032208098099,-0.158004760346534
YHR115C,0.358425289392471,-0.446820318698883,0.0268862699391954,0.0325470060124052,0.308031607667605,0.414047360420227,-0.511404718963479,-0.382949979669503
YHR117W,0.478076815605164,-0.321296006441116,0.0289899986169865,0.0261850934844743,0.426898090044657,0.538958355784416,-0.36967578823898,-0.268444796495849
YHR118C,0.218316987156868,-0.662151217460632,0.0165436819101843,0.0327317279687721,0.188494473695755,0.254047602415085,-0.724701377970766,-0.595084899406754
YHR119W,0.135687336325645,-0.868146657943726,0.00765480078991985,0.0243457816872857,0.122306420467794,0.151879796758294,-0.912550744227347,-0.81849999429424
YHR122W,0.540093719959259,-0.272526353597641,0.0824431201030965,0.0658596063023824,0.396983861923218,0.718239273130894,-0.401227147695702,-0.143730856915564
YHR123W,0.445548862218857,-0.352245837450027,0.0324079365815594,0.03144838276677,0.386954229821761,0.51422170996666,-0.412340402753016,-0.288849591896247
YHR127W,0.43009540438652,-0.370345592498779,0.0580601796193676,0.0582549932123037,0.329681366682053,0.556052865584691,-0.481905598127839,-0.254883917154339
YHR129C,0.0851197615265846,-1.07195281982422,0.00813389176681609,0.0415372980652255,0.07020051839451,0.101872844994068,-1.15365968167792,-0.991941579724709
YHR132C,1.22743451595306,0.0880293622612953,0.0823209704236785,0.0289798662230626,1.0792223751545,1.39840260446072,0.0331109385165313,0.145632224141949
YHR133C,1.13632988929749,0.0536448173224926,0.105289567514946,0.040196349695483,0.939686911304792,1.35927738944689,-0.0270168224200696,0.133308092796858
YHR135C,0.880007743835449,-0.0562936402857304,0.0528822322783478,0.0260573735900702,0.782415053248405,0.99019634326299,-0.106562802662659,-0.00427868182698933
YHR137W,0.462666362524033,-0.335751533508301,0.0318308287892092,0.0296887416328986,0.405788777023554,0.530806422233582,-0.391699968514715,-0.275063831241413
YHR139C,0.00409230124205351,-2.42348718643188,0.00163518064538364,0.180756519475733,0.00154170100771201,0.00798333971761167,-2.81199984389293,-2.09781539961984
YHR142W,0.390014499425888,-0.411010682582855,0.0385373352665347,0.0425283228240387,0.322464589277903,0.475032199422518,-0.491517970917147,-0.323276951332047
YHR143W,4.18005180358887,0.619605243206024,0.358523396424193,0.0369470443294476,3.5378194351991,4.94498676458995,0.548735662652986,0.694165133135937
YHR144C,0.29515478014946,-0.532110393047333,0.0295896602536797,0.0432335661333208,0.242316282664736,0.358021492759387,-0.615617402816076,-0.446090901062875
YHR149C,0.300469398498535,-0.522923171520233,0.0174265542209497,0.0250070325452142,0.270372122526169,0.338163968672355,-0.56803808956915,-0.470872696966749
YHR154W,0.22757925093174,-0.643471300601959,0.0120591281286127,0.0228389082415786,0.207272062574824,0.253636619945367,-0.683459232341291,-0.595788043080568
YHR156C,0.0721380189061165,-1.14474892616272,0.00834068269412865,0.0504656184667252,0.0568247775857647,0.0890870168805122,-1.24546229296114,-1.05018558337048
YHR158C,0.328876733779907,-0.483529925346375,0.016804910071414,0.022086383630167,0.299364513158798,0.364411827673515,-0.523799682459298,-0.438407535762653
YHR160C,0.00712319556623697,-2.18102741241455,0.00280700455335992,0.174910870061491,0.00276057673036121,0.0137597480788827,-2.55900019876281,-1.86138951733253
YHR161C,0.201554596424103,-0.696549832820892,0.0133409306169293,0.0285721161336663,0.177409465114276,0.2297682646662,-0.751023213838475,-0.638709955837538
YHR163W,1.50437569618225,0.173973888158798,0.189903549697407,0.0540104900816826,1.18213477830092,1.93152859707673,0.072666979561104,0.285901142164342
YHR167W,0.225040778517723,-0.651756167411804,0.0309592698593483,0.0588975916103598,0.17204942467312,0.293218596279621,-0.764346790749794,-0.532808492450906
YHR168W,0.0612834244966507,-1.21438276767731,0.00549829776274702,0.0386886844924549,0.0512545306545993,0.0730128436038891,-1.29026774128287,-1.13660073829655
YHR169W,0.441022425889969,-0.356593430042267,0.0308029951840174,0.0302352510616133,0.385473286360502,0.505319577952226,-0.414005716898893,-0.296433875296418
YHR171W,0.0737452954053879,-1.13340401649475,0.00534564918310142,0.0314275773751956,0.0639329925179482,0.084807976645728,-1.1942749670253,-1.07156329825127
YHR172W,0.136510267853737,-0.865594625473022,0.00813570342248128,0.0257238067812812,0.122081801046928,0.153679533302784,-0.913349073102036,-0.813383968526711
YHR177W,0.00864431168884039,-2.07051062583923,0.00157714443321151,0.07966738416584,0.00585872721470272,0.0120534564678868,-2.23219672262938,-1.91888840607962
YHR178W,0.0742746368050575,-1.13022518157959,0.00522147618357901,0.0304256772066356,0.0647932318349679,0.0852708053464691,-1.18847036404638,-1.06919963531618
YHR179W,9.96420192718506,0.997451186180115,0.67443623400009,0.0293175634213595,8.73462212880452,11.3646576404572,0.941244121476372,1.05555635217306
YHR181W,0.513644218444824,-0.295205533504486,0.0854507337163415,0.0712171119622502,0.370216367890437,0.704608037571112,-0.43154438460439,-0.152052411621027
YHR182W,0.0589515753090382,-1.23056137561798,0.00412917565966071,0.0303095104661128,0.0514450520277023,0.0676355376839638,-1.28865638922811,-1.16982505715842
YHR183W,10.3670349121094,1.01487123966217,0.625336675562633,0.026098257406477,9.24170736471812,11.6749963442485,0.965752212624231,1.06725675311386
YHR186C,0.157083883881569,-0.804410219192505,0.00789984384803093,0.0216615809884865,0.143860995893677,0.17423403263092,-0.842056937574057,-0.758867011554337
YHR187W,0.32911491394043,-0.484347224235535,0.0290855614944999,0.0383663188394788,0.275931990146637,0.388271830230951,-0.559197948145784,-0.410864120413219
YHR188C,0.57208114862442,-0.243333891034126,0.0346761915368064,0.0261701244331035,0.510479915638765,0.645304837326209,-0.292021340200572,-0.190235079596405
YHR190W,2.31227803230286,0.363204002380371,0.143643578755328,0.0269384208424172,2.05139178037643,2.60973615050316,0.312048606113153,0.416596600911166
YHR194W,0.0276782866567373,-1.56008589267731,0.00280630266214021,0.0439655734085956,0.0225215865143885,0.0336209753528237,-1.64740102036507,-1.47338969261292
YHR195W,0.132064431905746,-0.881646573543549,0.0140501727025298,0.0458840083715482,0.106733833191295,0.162145446365078,-0.971697896168976,-0.790095244548566
YHR197W,0.328341424465179,-0.48431932926178,0.0179502410968508,0.0236127764026291,0.296590106437604,0.365724446127812,-0.527843341499402,-0.436846009196174
YHR198C,0.216676071286201,-0.666808307170868,0.023946563297542,0.0476547934747338,0.174150712788105,0.269137505938609,-0.759074752107162,-0.570025777537351
YHR199C,0.338082045316696,-0.472957223653793,0.0323863942692865,0.0414363156444466,0.280192675938209,0.406420620779196,-0.552543221113363,-0.391024270765473
YHR200W,2.1020667552948,0.320603281259537,0.204776742277533,0.0420727705126756,1.73758522768815,2.55151041547457,0.239946114966495,0.406797345001004
YHR201C,1.01303243637085,0.00452727684751153,0.0721981597126774,0.0308050633642643,0.880377159516017,1.16528791983922,-0.0553312333361933,0.0664332441832851
YHR205W,0.514984250068665,-0.288844704627991,0.0280420697467043,0.0234750952793738,0.466429948806763,0.575397670269012,-0.33121357191984,-0.240031900859597
YHR206W,0.246740251779556,-0.60854709148407,0.014881486553602,0.0261315605960648,0.219655276710788,0.278378307819366,-0.658258359375931,-0.555364609440032
YHR207C,0.332859247922897,-0.478580564260483,0.0208624318212335,0.0270065619707048,0.296962702274323,0.376875479271015,-0.52729809351258,-0.423802118237482
YHR208W,6.02291536331177,0.778783798217773,0.415397776251035,0.0297615366055965,5.27678489685059,6.90479803085327,0.722369390933831,0.839150979747558
YHR209W,0.0955646187067032,-1.02317214012146,0.0120846297960478,0.054955629832635,0.0736354876309633,0.120449723613759,-1.13291284485261,-0.919194192208132
YHR210C,0.0192158557474613,-1.72357285022736,0.00351684728292703,0.0795131998854196,0.0130842680577189,0.0269195624161512,-1.88325057856978,-1.56993202188479
YIL160C,0.00140580500010401,-2.89981508255005,0.000653948350144237,0.210235868141772,0.000447622071321045,0.00299421303013029,-3.34908851418458,-2.52371730409842
YIL156W,0.0911949053406715,-1.0407235622406,0.00517975630928454,0.0245416265002544,0.0818739895398418,0.102290961580972,-1.086854047179,-0.990162740046262
YIL155C,0.184551388025284,-0.734700560569763,0.0113630047876728,0.0266161299669108,0.164125075315436,0.208551966523131,-0.784825061951808,-0.680785710671715
YIL154C,0.338199943304062,-0.472428917884827,0.0291707482969583,0.0372827895039279,0.285914289951324,0.39993161012729,-0.543764138291237,-0.39801426865147
YIL152W,0.0592952892184258,-1.24033343791962,0.0147738960218346,0.108235907494627,0.034939696546644,0.0918283218517899,-1.45668087144127,-1.03702342495719
YIL150C,0.0937417522072792,-1.02927124500275,0.00699070075173146,0.0323204727681792,0.0808753921960791,0.108487332177659,-1.09218360127393,-0.964620970451024
YIL149C,0.128441676497459,-0.891875982284546,0.00667141230413976,0.022438640774763,0.116626586889227,0.142696425318718,-0.933202433970814,-0.845586906239246
YIL144W,0.139361262321472,-0.856744706630707,0.00893086541377986,0.0277463971696998,0.123135821955899,0.157705025995771,-0.909615586976201,-0.802154469335135
YIL143C,0.284155428409576,-0.547144114971161,0.0161948873953019,0.0246384454169433,0.25492842917641,0.318119101723035,-0.593581732314906,-0.497410253515271
YIL142W,2.18195557594299,0.338085472583771,0.129583386488144,0.0256572102880697,1.9539083113273,2.45205345352491,0.290904180220188,0.389529929500636
YIL140W,0.384457617998123,-0.41579532623291,0.0210326273357854,0.0236687526831186,0.34700451468428,0.427785918613275,-0.459664874891933,-0.368773515366245
YIL139C,0.107150368392467,-0.977470815181732,0.0199997065241337,0.0806395689790376,0.0729627713561058,0.151381835341454,-1.136898678793,-0.819926233714756
YIL137C,0.670154929161072,-0.174433171749115,0.0356302657387142,0.02295944310764,0.607843816280365,0.744022468229135,-0.216207997110786,-0.128413949310238
YIL136W,0.246591851115227,-0.609374165534973,0.0194686071336002,0.0342715714286637,0.210099922989806,0.285881624122461,-0.67757410907962,-0.543813761999375
YIL135C,0.263568431138992,-0.580326199531555,0.0197728083243192,0.0325274563059366,0.22774338722229,0.304227553804715,-0.642554224385978,-0.516801454588123
YIL131C,0.371289223432541,-0.431333005428314,0.0258620337598942,0.0301176995173272,0.324562288820744,0.425963997840881,-0.488701943145624,-0.370627105870466
YIL128W,0.244794115424156,-0.611806809902191,0.0130015767899912,0.0229470069306373,0.221593135595322,0.271956668545802,-0.654443697237597,-0.565500287670235
YIL126W,0.492443591356277,-0.308142840862274,0.0237036779451721,0.020780662004185,0.451705162723859,0.541510675350825,-0.345144945751726,-0.266392977270344
YIL125W,0.945495426654816,-0.0248929169028997,0.0478810224543919,0.0218985779069985,0.860226870576541,1.04449791709582,-0.0653869961409463,0.0189075782610281
YIL122W,0.0354952625930309,-1.45418429374695,0.00505488160126328,0.0614910115970564,0.0264049160604676,0.0465549297630787,-1.5783152235681,-1.33203432807071
YIL121W,0.288716107606888,-0.540521264076233,0.0196433315897369,0.0293270631071036,0.254081013053656,0.331650643795729,-0.595027787703291,-0.479319155370203
YIL119C,0.238298997282982,-0.624259829521179,0.0191015190117191,0.0346208759593903,0.203291336695353,0.279551730801662,-0.691881130759117,-0.553537817660646
YIL118W,0.842995822429657,-0.0790969505906105,0.128720547110415,0.065137781366148,0.624279032150904,1.13677699665228,-0.204621337607148,0.0556752683518905
YIL117C,0.420018255710602,-0.378433048725128,0.0373134179659325,0.0383834103375259,0.352693068981171,0.497844167302052,-0.452603075671332,-0.302906576735124
YIL116W,0.908683955669403,-0.0427159108221531,0.0658002119472806,0.0312615723342546,0.79293180902799,1.04756057262421,-0.100764159815229,0.020179144379032
YIL115C,0.657633781433105,-0.182514145970345,0.0316683604249252,0.0207364024070867,0.605212211608887,0.725346119701862,-0.218092317626958,-0.139454707903667
YIL114C,0.313819885253906,-0.506214380264282,0.036430059301932,0.0500830881974084,0.248529837404688,0.392839398235083,-0.604621469287806,-0.405784962901277
YIL108W,0.273048609495163,-0.56455385684967,0.0165557527322037,0.0261883987745379,0.2438321929425,0.30826023593545,-0.612908955505647,-0.511082496673054
YIL107C,0.118299819529057,-0.927857398986816,0.00738001127009462,0.026999985302415,0.104908356070518,0.13357889217635,-0.979189920285983,-0.874262162643758
YIL106W,0.322810500860214,-0.493108510971069,0.0315979790866189,0.0422160852576555,0.267318557947874,0.390566770980755,-0.572970891115438,-0.408304708928628
YIL103W,0.387612611055374,-0.412789165973663,0.0287706996731605,0.0320544868741183,0.336105740567048,0.448376053820054,-0.473524069917164,-0.348357589892691
YIL101C,0.0330531969666481,-1.48256027698517,0.00299201984032481,0.0391916286492993,0.0276248241153856,0.0392124928534031,-1.55870049461005,-1.40657554744798
YIL097W,0.0449206940829754,-1.34944558143616,0.00421349869208958,0.0405491732784825,0.0373916960942249,0.0539580069792767,-1.42722483830524,-1.26794410129785
YIL094C,1.89087855815887,0.275562912225723,0.135259036025398,0.0308827976776346,1.64382374286652,2.1770032842954,0.215855248967912,0.337859078923894
YIL093C,0.372263193130493,-0.431964606046677,0.0425991300186269,0.0494067125357596,0.296091258277496,0.465016219516595,-0.528574415562227,-0.332531899743343
YIL091C,0.439193457365036,-0.35799515247345,0.0241126311086466,0.023786762512767,0.395378138621648,0.488000333309174,-0.402987347562019,-0.311579881369655
YIL090W,0.169485494494438,-0.772010147571564,0.012347677136536,0.031499215389927,0.147116242224971,0.195421271771193,-0.832339376990473,-0.709028168031625
YIL088C,0.331515491008759,-0.480502933263779,0.0226553711227428,0.0295281697551478,0.291039057572683,0.379264578719934,-0.536048725176333,-0.421057716519092
YIL085C,0.225674092769623,-0.647504866123199,0.0152495900081535,0.0292322568748595,0.198547082394362,0.257265001535416,-0.702136490746626,-0.589619291418416
YIL084C,0.184850335121155,-0.735191762447357,0.0178694052628161,0.0417778511070058,0.152403471246362,0.222498342519005,-0.817005141116111,-0.652673219950129
YIL083C,0.479590684175491,-0.320408821105957,0.0369668910533806,0.0332785059240891,0.413371177762747,0.556540871163209,-0.383659808212692,-0.25450293651928
YIL079C,0.309332847595215,-0.510989964008331,0.02511352976845,0.0350132507520834,0.264554384599129,0.363628510882457,-0.577485036282872,-0.439342072552849
YIL078W,6.84604549407959,0.834856271743774,0.357179632592519,0.0225042736217659,6.22234660784403,7.57970238924026,0.793954198767326,0.879652153208708
YIL077C,0.0955607369542122,-1.02232563495636,0.0104876993299151,0.0475723381861029,0.0763359766453505,0.11797653970619,-1.11727074202755,-0.928204346180853
YIL076W,2.06095457077026,0.312544912099838,0.173843083113112,0.0362791051127935,1.74921178817749,2.43743913968404,0.242842395452596,0.386933780521081
YIL075C,1.90890216827393,0.280271142721176,0.0930322250088312,0.0210298804190398,1.74896473586559,2.10740793943405,0.242781052845743,0.323748611072172
YIL071C,0.0406337417662144,-1.39370501041412,0.00445858888792731,0.0474712551934732,0.0324204029515386,0.0504185792058706,-1.48918159175366,-1.29740939838352
YIL070C,1.35576117038727,0.130146488547325,0.131917511463121,0.0419995126877802,1.12348734041055,1.63722845117251,0.0505681820428052,0.214109282681887
YIL067C,0.0883345231413841,-1.05476605892181,0.00567702895898637,0.0278931050122952,0.0778472453976671,0.0999006787315011,-1.10875675021255,-1.00043156138255
YIL063C,1.0574346780777,0.0228390973061323,0.0854197315019,0.0350804903405359,0.898946252465248,1.22995606064796,-0.0462662737713788,0.089889595401107
YIL061C,0.174128353595734,-0.761471331119537,0.0181120837947267,0.0450869202752119,0.141258577257395,0.212136557077368,-0.849985174672526,-0.673384484156231
YIL056W,0.111210696399212,-0.954761803150177,0.0072298371339825,0.028053342825895,0.0983021775260568,0.126517483964562,-1.00743686188629,-0.897849453820341
YIL055C,0.0448576286435127,-1.34974408149719,0.00384190914945002,0.0370411276671055,0.0378122110230227,0.0527577139437199,-1.42236793562822,-1.27771403122911
YIL053W,22.0880279541016,1.34114408493042,2.64660419038049,0.0507857132747557,17.7679148832957,28.1785620848338,1.24963646506327,1.44991882647744
YIL050W,0.277409672737122,-0.559759020805359,0.032228825590838,0.0498798798503345,0.220960597073038,0.348073367774486,-0.655685165255081,-0.458329210292428
YIL049W,0.0816033780574799,-1.09449350833893,0.0139072808031986,0.0732881528942078,0.0579265406355262,0.112582732674976,-1.23712240874865,-0.9485282151762
YIL048W,0.215973243117332,-0.666171193122864,0.0111350882498445,0.0223102125232792,0.196269336591164,0.238631257538994,-0.707147549602294,-0.62227267033081
YIL047C,0.250565856695175,-0.601726591587067,0.0137673777264178,0.0237060880317021,0.226860135793686,0.279637669275204,-0.644241812294239,-0.553404326288821
YIL044C,0.5696861743927,-0.246270313858986,0.0536550187415087,0.0406475768375763,0.474939955274264,0.684040816624959,-0.323361311051879,-0.164917986322889
YIL042C,0.0713129937648773,-1.14896082878113,0.00709239555222083,0.0429989223858939,0.0585669575879971,0.0864617185046275,-1.23234733703243,-1.06317615424314
YIL039W,0.763226687908173,-0.118196524679661,0.0478880631141207,0.0271177553304537,0.676762901246548,0.864656179646651,-0.169563456831465,-0.063156550377487
YIL038C,0.611246287822723,-0.214357957243919,0.0314991396255964,0.0222721366918099,0.556038892269134,0.676270186404387,-0.254894835823594,-0.169879758198971
YIL036W,0.355470299720764,-0.449978649616241,0.021359641726591,0.0260315399795612,0.317725133647521,0.399120572457711,-0.49794842897406,-0.398895886384895
YIL035C,0.637930929660797,-0.196460872888565,0.0482470797556217,0.0327250123233969,0.551385572055976,0.737494464715322,-0.258544622279945,-0.132241235691472
YIL034C,0.990602731704712,-0.00624091597273946,0.0991694656504322,0.0429926123250622,0.817873860895634,1.20647235512733,-0.0873136951239361,0.0815173749425433
YIL033C,1.02727997303009,0.0105769131332636,0.0738737280848298,0.0310017712593813,0.894689024984837,1.19127066135406,-0.048327890061652,0.0760104444286439
YIL026C,0.207812011241913,-0.682887375354767,0.0105894790252284,0.0219898765689693,0.189749726156394,0.230368807911873,-0.72181884380299,-0.637576325026678
YIL023C,0.151231750845909,-0.822317183017731,0.0144556054076274,0.0412133268707726,0.12576822899282,0.182179798185825,-0.900429055546789,-0.739499783395396
YIL022W,0.758970677852631,-0.120753541588783,0.0510915550838104,0.0291700159715655,0.666220425069332,0.864627954860528,-0.176382057059939,-0.0631707282820079
YIL020C,0.481178134679794,-0.320671379566193,0.0566571680114003,0.0507861006694201,0.381862742950519,0.603320062160492,-0.418092712724335,-0.21945223287897
YIL019W,0.411153078079224,-0.387446463108063,0.0338335683327234,0.0354177021580558,0.352165549745162,0.484520069261392,-0.45325313073138,-0.314688229375662
YIL015W,2.29767513275146,0.360578626394272,0.131926173658682,0.02484368680775,2.06492223143578,2.57257718443871,0.31490369999129,0.410368413666606
YIL014W,0.191370233893394,-0.719023466110229,0.0123444717505937,0.0278997037740942,0.169356152415276,0.217423481742541,-0.771199021567505,-0.6626935539004
YIL011W,0.112091943621635,-0.955037891864777,0.0164269917934466,0.0632817948282594,0.0832812706629435,0.148130133748055,-1.07945265929387,-0.829356585035247
YIL006W,0.0281931068748236,-1.55420649051666,0.00399281239444977,0.0615680945009867,0.0210304021524886,0.0366496926173568,-1.67715242270077,-1.43592966346321
YIL005W,0.492424160242081,-0.308368444442749,0.028212950119822,0.0247530200089881,0.442689329385757,0.55121113161246,-0.353900946159248,-0.258682020510828
YIL002C,0.0867204815149307,-1.06269752979279,0.00534374670874858,0.0266327061220894,0.0770695919170976,0.0980203196406364,-1.11311694063579,-1.00868388613096
YIR003W,0.460382908582687,-0.337572813034058,0.026034218622095,0.0244841190369183,0.413052864621083,0.513941376904646,-0.383994362134841,-0.289086417854352
YIR004W,0.539889872074127,-0.268794178962708,0.0386332304968558,0.0308561380339482,0.471695380906264,0.623273264865081,-0.32633837926111,-0.205321502449089
YIR006C,1.01088452339172,0.00412604538723826,0.0523742325474473,0.0223139183201548,0.92256944924593,1.12460633317629,-0.0350009310911926,0.0510005248849077
YIR008C,0.368884086608887,-0.434296816587448,0.0272874273373525,0.0320800590369924,0.318390697240829,0.425072281310956,-0.497039629992145,-0.371537214327929
YIR010W,0.137467071413994,-0.86284065246582,0.00954430890386076,0.0300083057959034,0.120104007112483,0.157724139715234,-0.920442502719604,-0.802101832842077
YIR011C,0.331952601671219,-0.48087403178215,0.0315874900859699,0.0411078758152152,0.275491342693567,0.398847480863333,-0.559892044456181,-0.399193146698891
YIR012W,1.37860715389252,0.138422340154648,0.0949376448337613,0.0296461239343686,1.21448167562485,1.58408989012241,0.0843909608755634,0.199779822248204
YIR016W,0.0058577386662364,-2.27603721618652,0.00261684991507856,0.200750455832647,0.00198926086110684,0.0121174578011657,-2.70130852428624,-1.9165885038614
YIR018W,0.205900728702545,-0.691877007484436,0.0331445731678092,0.0692634539450028,0.14980808061858,0.278241274754206,-0.824464768499315,-0.555578445894668
YIR021W,0.126162186264992,-0.901214182376862,0.0125865223803515,0.0430740210230316,0.103788006305695,0.153120815753937,-0.983852840033672,-0.8149657658493
YIR025W,0.0841217562556267,-1.07741916179657,0.00875930500387652,0.0448942228915901,0.0685197846964002,0.10255189028879,-1.1641840107365,-0.989056330163384
YIR026C,0.520909428596497,-0.284609198570251,0.0416397130792078,0.0344735304178594,0.44687888349096,0.608798325061798,-0.349810166987984,-0.215526551075557
YIR029W,0.016767481341958,-1.7834175825119,0.00320209199692092,0.0831037976178741,0.0111166704446077,0.023931882235532,-1.95402526887441,-1.62102314291279
YIR030C,0.111481323838234,-0.959087908267975,0.0191180593381341,0.0739205228782269,0.0792436712111036,0.152872531240185,-1.10103541282836,-0.815670544836733
YIR031C,0.00661353534087539,-2.1872980594635,0.00124581028755103,0.082403555750608,0.00439192025999849,0.00927195799692223,-2.35734555463182,-2.03282854492792
YIR033W,0.385265797376633,-0.414790779352188,0.0195021695964071,0.0218553691029514,0.351260115702947,0.425929095347722,-0.454371160048236,-0.370662695319499
YIR035C,0.350302994251251,-0.459637492895126,0.0483832333161631,0.0594435715456141,0.266700344284376,0.456679105758667,-0.573976425715479,-0.340388858025792
YIR038C,0.571498274803162,-0.248668998479843,0.0939046557635465,0.0699819969651311,0.414282229542732,0.78855114877224,-0.382703711464532,-0.103170131341697
YIR042C,0.00364966318011284,-2.55733966827393,0.00274140039729559,0.343772735710807,0.000461080140181972,0.010744565174294,-3.33622366569674,-1.9688111562846
YJL216C,0.00187522068154067,-2.7540066242218,0.00066136377007547,0.155871773946045,0.000831897952593863,0.00343508236886313,-3.07992994455484,-2.46406284962977
YJL213W,0.00166698568500578,-2.84605884552002,0.000916803855878244,0.25557579457666,0.000384616585506592,0.00392262801372756,-3.41497384220244,-2.40642301207817
YJL207C,0.19298654794693,-0.714964807033539,0.00924181487634401,0.0206718363870118,0.177362382411957,0.212350947037339,-0.751138486213949,-0.672945797818307
YJL204C,0.190182879567146,-0.721526861190796,0.0107863234766026,0.0245764043648134,0.170691572502255,0.212535382558902,-0.76778792079533,-0.67256875897136
YJL203W,0.225167825818062,-0.650451719760895,0.0263917442162652,0.0506762234615509,0.177674552177389,0.281979103883107,-0.750374773055714,-0.549783084529848
YJL201W,0.220239207148552,-0.657985866069794,0.0140772568451752,0.0276378384100492,0.194524228572845,0.24971963254114,-0.711026298296269,-0.602547319263902
YJL200C,0.772614717483521,-0.112654641270638,0.0414226859238892,0.0231120692730432,0.701442741354307,0.862034563720226,-0.154007774572353,-0.064475321217087
YJL197W,0.212215960025787,-0.673785328865051,0.0108644938845114,0.0220817361759146,0.193605437874794,0.234963005656997,-0.713082448650302,-0.629000511274477
YJL196C,1.78585433959961,0.250217974185944,0.155402130201599,0.0375573945907892,1.50592542390029,2.124771352609,0.177803463872917,0.327312198155191
YJL194W,0.156369864940643,-0.806892812252045,0.0108810526711782,0.0300612212108492,0.136813434710105,0.179655789087216,-0.863871255733858,-0.745558784394191
YJL193W,0.119803689420223,-0.923152804374695,0.0103857569320029,0.0374775336191233,0.101216986961663,0.141565257435044,-0.994746594995318,-0.849043317153457
YJL192C,2.03173565864563,0.30324974656105,0.300079443466122,0.0630895960488038,1.52670729160309,2.71930264433225,0.183755779802313,0.434457430183115
YJL187C,0.0832831785082817,-1.08023035526276,0.00504528433861512,0.0262218827154554,0.0743858087187012,0.093801811337471,-1.12850991236508,-1.02778877520011
YJL186W,1.10243940353394,0.0416920147836208,0.0611446866486959,0.0239620675594595,0.994603556394577,1.23119827508926,-0.00234999221673956,0.0903279980252058
YJL185C,0.063761942088604,-1.19978618621826,0.00907005424323342,0.0614421606589284,0.0479212440550327,0.0836177095770836,-1.31947191601059,-1.07770173264374
YJL183W,0.879424214363098,-0.056852363049984,0.0614053941016693,0.0301743749719846,0.76939890285333,1.00873397886753,-0.113848437525503,0.00377665013931177
YJL180C,0.198741808533669,-0.703539669513702,0.018280313486428,0.0398128694304007,0.165728892013431,0.237388879681627,-0.780601773656611,-0.624539629208068
YJL178C,1.11911392211914,0.0468913391232491,0.10724078867471,0.0415048879619506,0.929910249511401,1.34119201203187,-0.0315589709881445,0.127490956500607
YJL176C,0.368349671363831,-0.434354841709137,0.019678879638266,0.0230348238310521,0.334994941949844,0.4116290807724,-0.474961750276156,-0.385493951023982
YJL171C,1.31469357013702,0.117810867726803,0.0903141158612771,0.0296030683440881,1.15290074547132,1.50675223867098,0.0617919193806455,0.178041845194867
YJL168C,0.359432369470596,-0.445056647062302,0.0200840162948704,0.0241131223506966,0.324248120188713,0.402661965290705,-0.489122533108604,-0.395059391368788
YJL167W,6.1988959312439,0.791221439838409,0.441151385026548,0.0307876670479308,5.39812523126602,7.11290859778722,0.732242955494233,0.852047227271678
YJL164C,0.388727724552155,-0.411573678255081,0.0292241584838907,0.0324916592713473,0.335632878790299,0.449620921164751,-0.474135511775671,-0.347153488988839
YJL163C,0.0427224710583687,-1.37129986286163,0.00406716347043726,0.0412263932782145,0.0352625322217743,0.0513119354533652,-1.45268650487119,-1.28978160372684
YJL162C,0.0926485359668732,-1.03415894508362,0.0063004339074029,0.0294034301635779,0.0812655557567875,0.105633562368651,-1.09009349059502,-0.976198074146751
YJL160C,0.0109091009944677,-1.97877597808838,0.00300226929354971,0.121334102732675,0.00585406002743791,0.0177580368705094,-2.23254286508673,-1.75060504805416
YJL157C,0.428616344928741,-0.368544638156891,0.0228822535144239,0.0230330283688761,0.388469727585713,0.477049559354782,-0.410642819040012,-0.321436501066528
YJL156C,0.17783534526825,-0.750770807266235,0.0107485616125674,0.0261502169199366,0.158344714467724,0.200324896474679,-0.800396429183807,-0.698265073139539
YJL155C,0.172538131475449,-0.764206647872925,0.0122567220446948,0.0307645389611365,0.149915188550949,0.198003043234348,-0.824154364685382,-0.703328138253823
YJL154C,0.398091197013855,-0.400579988956451,0.0203381757241813,0.0220709265511677,0.362840089698633,0.440461358179649,-0.440284734819627,-0.356092187381165
YJL149W,0.153238445520401,-0.815502464771271,0.00974066831098015,0.0274342355319029,0.135982914020618,0.173852890729904,-0.86651565651658,-0.759818083711763
YJL148W,1.50191640853882,0.171705514192581,0.228473463815203,0.065386815045568,1.11408952474594,2.00204791625341,0.0469200880880648,0.30147446649246
YJL147C,0.0678872466087341,-1.17080771923065,0.00742453750698535,0.0475219864726445,0.0543156727217138,0.0831030304233233,-1.26507486017564,-1.08038313908493
YJL146W,0.167777970433235,-0.776535332202911,0.0128849361069257,0.0331559424490556,0.145039339239399,0.194838527590036,-0.838514187797484,-0.710325161087485
YJL145W,1.13290154933929,0.0523086562752724,0.105666302288806,0.0404658108964006,0.939888580640157,1.35682570934296,-0.02692362855047,0.132524064069476
YJL139C,0.128148138523102,-0.893794417381287,0.0107027173329031,0.0361689792518262,0.108696978911757,0.150552638744315,-0.963782526991306,-0.822311628529586
YJL137C,0.134102582931519,-0.87444943189621,0.0125529248929245,0.0404666164150584,0.111148570105433,0.161192995930711,-0.95409612042495,-0.79265383284707
YJL134W,0.382475525140762,-0.418565720319748,0.0281115309265938,0.0318662977698797,0.331260831157366,0.440055516858896,-0.479829912809241,-0.356492530010011
YJL133W,0.23116035759449,-0.638251662254333,0.0232472508889588,0.0432613889991645,0.191022634506226,0.280796408653259,-0.718915169617484,-0.551608451072311
YJL131C,0.115473315119743,-0.940005660057068,0.0124302570375801,0.0464484130772499,0.0932853209475676,0.14265827126801,-1.03018669142141,-0.845703043108122
YJL130C,3.56212306022644,0.551269054412842,0.161467003333182,0.0195610809503225,3.29024693568548,3.89362341364225,0.51722849330604,0.590353944691012
YJL128C,0.350714474916458,-0.455806583166122,0.0208265820910202,0.0256681315942712,0.313805963347355,0.394742211451133,-0.503338807887616,-0.403686430206833
YJL127C,0.105659194290638,-0.977134883403778,0.00732833950033109,0.0300155187415164,0.0924407846604784,0.120911173522472,-1.03413638082305,-0.917533563697297
YJL126W,0.134771913290024,-0.873500883579254,0.016259746043162,0.051792164864571,0.106417505505184,0.169684151311715,-0.972986926975062,-0.770358724599375
YJL125C,0.518226087093353,-0.286716014146805,0.0392453785440342,0.032732433956314,0.447828991959492,0.601747821271419,-0.348887798086808,-0.220585474450823
YJL121C,2.60160756111145,0.411315977573395,0.353484705631898,0.0582359155991547,1.99320098757744,3.40233993530273,0.299551091144295,0.531777702765914
YJL117W,1.77218961715698,0.246904954314232,0.153042182616757,0.0373062585954222,1.50044614275297,2.09396337866783,0.17622040350769,0.320969081883948
YJL116C,0.0310239102691412,-1.51387214660645,0.00498510533056566,0.0696364793230365,0.0224772858743866,0.041896445893993,-1.64825613097089,-1.37782282107484
YJL115W,0.690532088279724,-0.163291394710541,0.0743088489053434,0.0462552214507113,0.563395844399929,0.854120401541392,-0.249186361602557,-0.0684809067324317
YJL111W,1.83664107322693,0.26321867108345,0.112218280391035,0.0263965187467689,1.63810417552789,2.07195663452148,0.21434151733709,0.316380661505091
YJL110C,0.19552706182003,-0.709820747375488,0.0134632210629733,0.0298538471224732,0.170549929141998,0.223450879380107,-0.768148456691914,-0.650817932410746
YJL109C,0.62363874912262,-0.205526903271675,0.0288552224100442,0.0199747107199137,0.573515057563782,0.684174239635468,-0.241455175267483,-0.164833281794893
YJL107C,0.0799839869141579,-1.09917664527893,0.00803508774617957,0.0435423054543227,0.0655329226826628,0.0972761551539103,-1.18354046267091,-1.01199360989481
YJL106W,0.000755406217649579,-3.17552375793457,0.000371201495855144,0.224079726646301,0.000218509070812919,0.00163689053927859,-3.66053054793637,-2.78598036494779
YJL102W,0.0523235611617565,-1.28257191181183,0.00401049226205264,0.0331225170557843,0.0450377916296323,0.0610556364059448,-1.34642291558817,-1.21427423781438
YJL101C,0.307488709688187,-0.512945532798767,0.0184340965864671,0.025918764558158,0.274520707627137,0.345720253388087,-0.561424890722668,-0.461275177782329
YJL100W,0.0498261898756027,-1.3040406703949,0.00415379458271819,0.0361054758458604,0.0421890880912542,0.0584798032417893,-1.37479986172968,-1.23299409725835
YJL095W,0.0771810784935951,-1.11312258243561,0.00417961889073065,0.0234090600216957,0.0697023295486967,0.0858659373596311,-1.15675270695611,-1.06617908474082
YJL094C,0.134552136063576,-0.871892213821411,0.00811279076393389,0.0260301289977483,0.120109004030625,0.151703583573302,-0.920424434300854,-0.819004161160142
YJL092W,0.0934772118926048,-1.03005218505859,0.00553794101757294,0.0255694897943566,0.0838067797323068,0.10528722902139,-1.07672084733096,-0.977624304202794
YJL091C,0.317940652370453,-0.498686283826828,0.0219832315427173,0.0298651623258195,0.278833491851886,0.365375749021769,-0.55465506334306,-0.437260281328498
YJL088W,0.0624240785837173,-1.20788276195526,0.0076493410197295,0.0530042673624802,0.0486843526673814,0.079012901460131,-1.31261060339508,-1.10230199574311
YJL087C,0.315973401069641,-0.500967383384705,0.0168954332888147,0.0231247741134024,0.285419370482365,0.350692739586035,-0.544516557030694,-0.45507322671667
YJL085W,0.168471306562424,-0.774337947368622,0.0106705548302116,0.0273434679408512,0.150004066651066,0.190777004137635,-0.823896970564148,-0.719473975534837
YJL084C,0.132985949516296,-0.876897871494293,0.00760808591598008,0.024667203554184,0.119837488606572,0.149155745282769,-0.921407300911315,-0.826360013529535
YJL082W,0.262987464666367,-0.580784499645233,0.0151628131864343,0.0249284777762458,0.235973436882099,0.29450078556935,-0.627136882366385,-0.530913542411806
YJL079C,0.714677095413208,-0.147629946470261,0.0641987941183607,0.0388634542728222,0.598753966391087,0.849204896390438,-0.222751630405439,-0.0709875106439108
YJL078C,0.818338871002197,-0.0876287445425987,0.0417948162494307,0.0220541957700496,0.744827449321747,0.906347318490346,-0.127944326563102,-0.0427053474120782
YJL076W,0.591935157775879,-0.228262037038803,0.029624098992554,0.0215534014376076,0.542183661957582,0.656153619289398,-0.265853573772335,-0.182994471296164
YJL074C,0.325448751449585,-0.488066017627716,0.0164313850414695,0.0218199549852107,0.296442866325378,0.360160068919261,-0.528058996163344,-0.443504439275656
YJL073W,0.191718891263008,-0.718077659606934,0.0112170016875176,0.0254088345666987,0.171137023841341,0.213407963514328,-0.766656029238687,-0.670789378511363
YJL070C,0.0649951919913292,-1.1880589723587,0.0042842621115207,0.0284799656989672,0.0571871846914291,0.0741590917731325,-1.24270128311887,-1.12983559847532
YJL068C,1.09388554096222,0.0374127179384232,0.0929979518900711,0.0367829544595948,0.927427540222804,1.28978610336781,-0.0327200117940894,0.110517689923507
YJL062W,0.34123569726944,-0.467594683170319,0.0187503263325903,0.0237224966264772,0.308582060287396,0.380614908784628,-0.510629325993132,-0.419514204292088
YJL061W,0.364484339952469,-0.438971787691116,0.0200659929455819,0.0237639486336411,0.328786031653484,0.407383502274752,-0.483086646845051,-0.389996562606521
YJL060W,0.554164528846741,-0.257331877946854,0.0372711657657568,0.028998558839107,0.488891932368278,0.632317166030407,-0.310787132754541,-0.199065029978588
YJL059W,0.101798720657825,-0.993992745876312,0.00916040395986881,0.0387100291602676,0.0855560213327408,0.121853644276659,-1.06774941998647,-0.914161478546764
YJL057C,0.0703737959265709,-1.1537162065506,0.00506724166524213,0.031364254404607,0.0607489852855603,0.0806448418026169,-1.21646097247611,-1.09342341258356
YJL055W,1.25236988067627,0.0940858796238899,0.163086394349332,0.0562682572511552,0.966584812104702,1.60249826610088,-0.0147600357886071,0.204797563455855
YJL054W,0.345140308141708,-0.463015913963318,0.0235573688526092,0.0296414761654203,0.301263673603535,0.393130570650101,-0.521053232635464,-0.405463183225388
YJL053W,0.402205795049667,-0.396773904561996,0.0303474979719964,0.0325152407212856,0.348645451913277,0.468788797408342,-0.457615997365454,-0.329022775151041
YJL051W,0.0994161069393158,-1.00341320037842,0.00632509419390727,0.0274517712159549,0.0882967811077833,0.112675569951534,-1.05405512968174,-0.948170247885861
YJL050W,1.03855657577515,0.0159205514937639,0.0505776726293265,0.0209988333057002,0.953626411159833,1.14570700128873,-0.0206217294932133,0.0590735669377319
YJL049W,0.145453423261642,-0.838574290275574,0.0112791038420289,0.0335561501008813,0.124541432162126,0.169655993580818,-0.904686154970792,-0.77043079305926
YJL047C,0.0812488496303558,-1.09108221530914,0.00524693894026588,0.0278947890185898,0.0719637212033073,0.0924229398369789,-1.14288638771582,-1.03422022133266
YJL044C,0.20386415719986,-0.69185471534729,0.015162256064093,0.0322242089336894,0.176394406706095,0.235301140944163,-0.753515190038929,-0.628375967463886
YJL043W,0.00519069051370025,-2.33128213882446,0.0023929762911902,0.207094137968797,0.00167930970298282,0.0109866687872757,-2.77486923436872,-1.9591342588449
YJL041W,1.46801197528839,0.166128128767014,0.0775751283447179,0.0228190267363729,1.3309865295887,1.63155907988548,0.124173660138148,0.212602803616633
YJL039C,0.472831010818481,-0.325780302286148,0.02245474164964,0.0204733050192992,0.435149873793125,0.520443065464497,-0.361361138303714,-0.283626774549449
YJL036W,0.295414358377457,-0.530713796615601,0.0214987335666381,0.0315240987338471,0.256046143174171,0.340793251991272,-0.59168176157052,-0.467509013236232
YJL035C,0.0914007499814034,-1.04690682888031,0.0175196931479596,0.0826199248155779,0.0618140697479248,0.130644292136033,-1.2089126621535,-0.88390956905445
YJL033W,0.683557271957397,-0.165888175368309,0.037950234249858,0.0239455083369201,0.618273616333803,0.764631452659766,-0.208819286506732,-0.116547841526944
YJL031C,0.283807069063187,-0.548859834671021,0.026517323599012,0.0404238773285194,0.235644693796833,0.338860958814621,-0.627742335202146,-0.469978464647659
YJL020C,0.942912101745605,-0.0260602720081806,0.0468505234193608,0.0214200710182914,0.863335083425045,1.04208955069383,-0.0638206112554035,0.0179050410716382
YJL019W,0.198046013712883,-0.704067826271057,0.0123046429383515,0.0268385443677567,0.176295712590218,0.224440425882737,-0.753758249362909,-0.648898915880729
YJL016W,0.0734570398926735,-1.13538980484009,0.00595017636275142,0.0351600380022383,0.0623468812555075,0.0858616957440972,-1.20518527592915,-1.06620053858786
YJL014W,2.42948770523071,0.384781122207642,0.141548501958402,0.0252358413719022,2.17132051785787,2.72350322802862,0.336723935088176,0.435127894262091
YJL010C,0.679754376411438,-0.168323874473572,0.0380476995007711,0.0241702903372683,0.613886447747548,0.759402692317963,-0.211911955341138,-0.119527867484921
YJL006C,0.155471503734589,-0.810860335826874,0.0168102321148201,0.0466568934081019,0.125594596937299,0.191491207356254,-0.901029044626064,-0.717851190513217
YJL002C,1.68191599845886,0.224901661276817,0.108984796119888,0.0279561244032809,1.48893032073975,1.91394795775413,0.172874373875656,0.281930113204408
YJR001W,0.508472144603729,-0.294501841068268,0.0303847358950147,0.0257977707266611,0.454589709391197,0.572574858367443,-0.34238040028872,-0.242167725674774
YJR002W,0.674926578998566,-0.171501591801643,0.0400923238038456,0.0256015994460497,0.605404930810134,0.759503982464472,-0.217954046296125,-0.119469947489979
YJR003C,0.225805103778839,-0.647271633148193,0.0154274417693039,0.0295248647550126,0.197700064008435,0.258502987027168,-0.70399319137735,-0.587534434226142
YJR004C,0.00830851960927248,-2.08585929870605,0.00130801169490112,0.06860049502419,0.00595501450976978,0.0110833310599749,-2.22511717657427,-1.95532969740512
YJR005W,0.225578591227531,-0.647466957569122,0.0134211702992036,0.0257217848958939,0.201657027006149,0.253522774080435,-0.695386639826348,-0.595983022156865
YJR006W,0.189786121249199,-0.722838222980499,0.0135487720379528,0.0309506237832808,0.164593324065208,0.217636836444338,-0.783587783828726,-0.662267595608897
YJR007W,4.55245399475098,0.656674683094025,0.389617937849488,0.0368710238603272,3.85479453206062,5.38590429623922,0.586001234275287,0.73125863132188
YJR008W,0.0465893857181072,-1.33568787574768,0.0063494745043723,0.0586635848955705,0.0355307257423798,0.0602640040529271,-1.44939592176007,-1.21994201665075
YJR010W,0.249384567141533,-0.6041459441185,0.0171344974112665,0.0296748416667031,0.218959129229188,0.286405541747808,-0.659636942725442,-0.543018585950245
YJR011C,0.111950039863586,-0.95671135187149,0.0183515042950205,0.0705343660087575,0.0801305466641982,0.153424678122004,-1.09620190443204,-0.814104780098278
YJR013W,0.273543834686279,-0.564356625080109,0.0219178137887635,0.0346171550692469,0.233936639502645,0.31914047251145,-0.630901753311752,-0.496018128923694
YJR015W,1.12781119346619,0.0514062196016312,0.0700039018827132,0.0268170016230306,1.00460135936737,1.27533376812935,0.00199376148563334,0.105623857838541
YJR019C,0.126835182309151,-0.898874521255493,0.0125724030649852,0.0428337718942176,0.103710106636087,0.153542165706555,-0.984178932351448,-0.813772338218213
YJR024C,0.701542556285858,-0.158485233783722,0.102548085678547,0.0626105731128804,0.527294314901034,0.930217383801937,-0.277946913150394,-0.0314155487471065
YJR030C,0.116716712713242,-0.933775782585144,0.00758044922126887,0.0281081152687882,0.102808988591035,0.132657363638282,-0.987968917714174,-0.877268637898192
YJR031C,0.185489222407341,-0.732235252857208,0.00943056122983605,0.0219671845245871,0.168946607783437,0.205206632614136,-0.772250526012225,-0.687808606225095
YJR032W,0.705444753170013,-0.152661994099617,0.0509547355846803,0.0312328477815786,0.613187646865845,0.811943501234055,-0.212406603064672,-0.0904741903343084
YJR033C,0.152410760521889,-0.817580163478851,0.00802771204459735,0.0227173290221515,0.138634576275945,0.169456689183911,-0.858128440750424,-0.77094128309509
YJR040W,0.24727426469326,-0.607543528079987,0.0143489298882234,0.0250376189677941,0.222140586997072,0.278334885835648,-0.653372085492118,-0.5554323568122
YJR041C,0.281807780265808,-0.550614476203918,0.0144417077918283,0.0221312061038069,0.256966396669547,0.311994761228561,-0.59012366594383,-0.505852698252804
YJR043C,0.278326988220215,-0.556954681873322,0.0232849033600677,0.0361836951492307,0.235465705518921,0.326167873044809,-0.62807233948673,-0.486558827639702
YJR046W,0.204066514968872,-0.691105008125305,0.0130072411608231,0.0276246279883877,0.180346619089444,0.230295524001122,-0.74389199489405,-0.637714502854286
YJR049C,0.332511276006699,-0.479083657264709,0.0213099512536255,0.0278428050570823,0.292716984947522,0.375513821840286,-0.533552077279127,-0.425374072938133
YJR050W,0.205195099115372,-0.693888962268829,0.0345086834090311,0.0725364475415721,0.145596111193299,0.280005236715078,-0.83685022671467,-0.552833846636558
YJR051W,0.458622366189957,-0.339438259601593,0.0294926292421087,0.0278348565758971,0.404852027197679,0.519642835358779,-0.392703682101533,-0.284295057197127
YJR053W,0.118468873202801,-0.927419424057007,0.00814809334797149,0.0298136522043071,0.103310354053974,0.135325424124797,-0.985856150085777,-0.868620603548042
YJR054W,0.0797980800271034,-1.09944272041321,0.00650931283166231,0.0353285273827866,0.0680733485768239,0.0936382819587986,-1.16702288563238,-1.02854656355738
YJR056C,0.234474584460258,-0.635352671146393,0.0374546660517825,0.0687182678337581,0.170327905689677,0.316435130933921,-0.768714195810116,-0.499715307541857
YJR059W,0.368704676628113,-0.43396919965744,0.0202242686465382,0.0236851527372432,0.333806274831295,0.411798434952895,-0.476505503837996,-0.385315310221534
YJR060W,1.37756025791168,0.137866750359535,0.104635737204864,0.0328347939299625,1.18867082397143,1.59773086905479,0.0750616027027634,0.203503616665867
YJR062C,0.188795864582062,-0.725184738636017,0.0139437470272,0.0319955303904924,0.16333324847122,0.217462847506007,-0.786925400432973,-0.662614929533498
YJR064W,2.75575184822083,0.439582139253616,0.152405781221324,0.023895843420876,2.48751783370972,3.07822942733765,0.395766203007294,0.488300985642791
YJR066W,0.138759344816208,-0.858229577541351,0.00663025249513417,0.0206507501082005,0.127233571683367,0.152497899035613,-0.895398281200444,-0.816736139555584
YJR068W,0.43689501285553,-0.361035913228989,0.0353433379464199,0.0350496493886631,0.372064483910799,0.508978562553724,-0.429381785062961,-0.293300512052909
YJR070C,6.16251850128174,0.788417458534241,0.486382416295333,0.0340962771643651,5.30656371514003,7.20274149974187,0.724813383084137,0.857497828532301
YJR072C,1.12133371829987,0.0486973710358143,0.0778108359737259,0.0300069237147637,0.981501586735249,1.28376431862513,-0.00810899397705744,0.108485300583438
YJR076C,1.16960251331329,0.066935807466507,0.0839851955994726,0.0308510112594871,1.02501554191113,1.35790064732234,0.0107304397567093,0.132867995349845
YJR080C,0.34706175327301,-0.46084463596344,0.0263479767681616,0.0330005965866408,0.297094722340504,0.400648668408394,-0.527105063098974,-0.397236297972563
YJR088C,1.02672028541565,0.00968948192894459,0.0929691909731496,0.0390824222425989,0.862590260803699,1.22529780666033,-0.0641954496402993,0.0882416461420587
YJR089W,0.0845033898949623,-1.07398509979248,0.00533291096327384,0.0272629194536358,0.0750095460563898,0.095546618103981,-1.1248834628027,-1.0197846802968
YJR090C,0.144143551588058,-0.841830193996429,0.00779152663567884,0.0233254673207094,0.13068962097168,0.160574351251125,-0.883758901583277,-0.794323823940062
YJR091C,0.257071316242218,-0.590528309345245,0.0133913772560467,0.0224505172275643,0.233980980267127,0.286120333025853,-0.630819443902818,-0.543451279947929
YJR092W,0.537468016147614,-0.270142138004303,0.0258264471018641,0.0207091443908674,0.494755685329437,0.591753233472506,-0.305609206534369,-0.227859361613618
YJR093C,0.256226569414139,-0.59342497587204,0.0249958957436104,0.0421416815327217,0.211955816919605,0.308340460062027,-0.67375466017236,-0.510969483937895
YJR094C,0.0658709928393364,-1.18401205539703,0.00733439290187322,0.0486575245788298,0.0522553399515649,0.0809096307183305,-1.28186932264315,-1.09199980096528
YJR096W,0.295166730880737,-0.532867312431335,0.0345082009940057,0.0504371742258104,0.234224438667297,0.368976732591788,-0.630367793189233,-0.433001042399107
YJR098C,0.0718571469187737,-1.14485263824463,0.00564607123168071,0.0338963893316459,0.0619893580364684,0.0839208643883467,-1.20768286434854,-1.07613005164061
YJR099W,0.301359325647354,-0.527341187000275,0.0523673504319375,0.0746088130290652,0.212114873031775,0.419755203276873,-0.673428897554495,-0.377003913009676
YJR101W,0.421541124582291,-0.378484636545181,0.0525917269654234,0.0536361694118891,0.329022068530321,0.538005348046621,-0.482774973004349,-0.269213407595657
YJR107W,0.0012179963523522,-3.01910734176636,0.000848950008021943,0.321990109202906,0.000171455188683467,0.00341923705224569,-3.76584991497263,-2.46607078917217
YJR109C,0.970167398452759,-0.0136856520548463,0.0482577846001163,0.0214530068306228,0.88832569817702,1.07289969623089,-0.0514277741106751,0.0305591222503177
YJR111C,0.182165518403053,-0.74260675907135,0.0218025377183189,0.0516175086832887,0.144512765606244,0.228942080835501,-0.840093787601801,-0.640274374688171
YJR116W,0.268288791179657,-0.574173271656036,0.0304247627264134,0.0490764810639916,0.213892222071687,0.333246513704459,-0.669805019094569,-0.477234385310648
YJR117W,1.13321042060852,0.0533566772937775,0.0754023278497283,0.0287696506467984,0.998455960055192,1.29231116374334,-0.000671086307290073,0.111367095364061
YJR122W,0.0887937471270561,-1.05307996273041,0.00729061254840918,0.0356481481702777,0.0752761922776699,0.103665315546095,-1.12334235738811,-0.984366526199266
YJR124C,0.327154070138931,-0.486329734325409,0.0231417319761797,0.0306409354908452,0.284513560434182,0.376174614578485,-0.545897029512696,-0.424610515722286
YJR125C,1.18830740451813,0.073882207274437,0.0828027773493824,0.0301171989508927,1.03772032260895,1.36391091346741,0.0160803219961417,0.134786004445798
YJR131W,0.36603906750679,-0.437322497367859,0.0229642177326296,0.0271419932586578,0.324909963955482,0.41375975360473,-0.48823697117286,-0.383251755932918
YJR132W,0.413342177867889,-0.384277939796448,0.0215973309512072,0.0225516978577618,0.376030580451091,0.459539264937242,-0.424776836070391,-0.337677374892016
YJR134C,0.168129578232765,-0.775176286697388,0.0103564801489816,0.0266402114069764,0.149720445647836,0.189799159765244,-0.824718888871188,-0.72170571451213
YJR135C,0.0869080051779747,-1.06970942020416,0.0176265293490437,0.0873557211489273,0.0570171903197964,0.12631408671538,-1.2439941875744,-0.898548219034664
YJR136C,0.0899043306708336,-1.04795956611633,0.00806239493376912,0.0388555438605764,0.0751976311206818,0.106258548982441,-1.12379585989711,-0.973636119326722
YJR137C,0.359352648258209,-0.445011049509048,0.0178416249870347,0.0214323971558855,0.328870285799106,0.396215915928284,-0.482975365291731,-0.402068082919986
YJR139C,6.97301244735718,0.84225457906723,0.512646278579689,0.0317879196948531,6.05591700077057,8.0741024017334,0.78217991364401,0.907094253152786
YJR142W,0.527797877788544,-0.27897834777832,0.043307151736622,0.0353712109632777,0.451160177836816,0.620460033416748,-0.345669240836913,-0.207286188098505
YJR144W,0.751636147499084,-0.126360803842545,0.0787216766073866,0.0453474524538835,0.609105672935645,0.917949160933495,-0.215307355656803,-0.037181371945389
YJR148W,4.96144437789917,0.694507122039795,0.353858444319772,0.0309286809041068,4.31331327756246,5.69739102522532,0.634811002262272,0.755676026449598
YJR149W,0.00495912553742528,-2.32185912132263,0.00140004562326546,0.12360843173981,0.00267261953558773,0.00812143489407996,-2.57306286165428,-2.09036723322083
YJR150C,0.0639436393976212,-1.19935858249664,0.00991826607616543,0.0669306462665511,0.0467335097491741,0.0860938280820847,-1.33037160165361,-1.06502798125214
YJR151C,0.00108400301542133,-2.98521494865417,0.000331397965635154,0.134188924635284,0.000537752589055647,0.00184859038563445,-3.26941749311032,-2.73315931002946
YJR152W,0.00115845678374171,-2.97940278053284,0.000513189331813404,0.199276784783716,0.000390037515899166,0.00236666016280651,-3.40889391419374,-2.6258640994912
YKL221W,0.003567737294361,-2.4671459197998,0.00106339914253254,0.132357744425057,0.00179689791887843,0.00595153308628748,-2.74547671265533,-2.22537115789704
YKL218C,0.153325259685516,-0.816565036773682,0.0153982739409015,0.0434988040747688,0.125501693536838,0.185801614945134,-0.901350417452809,-0.730950515562844
YKL216W,4.9795970916748,0.695777714252472,0.403580440843798,0.0350564643218478,4.25048300822576,5.83029353221257,0.628438283864539,0.765690391254847
YKL215C,0.448163390159607,-0.349088162183762,0.0221041940985404,0.0213161091637002,0.409275358915329,0.49385089824597,-0.387984402721027,-0.306404152001123
YKL213C,0.423162549734116,-0.374159187078476,0.02352368012675,0.0240287656612943,0.381872654954592,0.472655327121417,-0.418081439600752,-0.325455442991449
YKL212W,2.04484033584595,0.309953331947327,0.116975548919106,0.0247437532156576,1.83517643411954,2.28918608029683,0.263677823407701,0.359681096457654
YKL211C,1.00194919109344,-3.81610989279579e-05,0.0641394191191825,0.0276824251396296,0.884232640266418,1.13709562520186,-0.0534334577337463,0.055796988655049
YKL210W,4.36947250366211,0.639900147914886,0.21601013535324,0.0213630165253976,3.98792664806048,4.81311404307683,0.600747161246636,0.682426148858268
YKL209C,0.745116710662842,-0.128271639347076,0.0357681215503584,0.0207412362475492,0.68350874632597,0.817864418029785,-0.165255925639772,-0.0873186857930797
YKL208W,0.12342431396246,-0.912244439125061,0.0160757416844408,0.0562622321921897,0.0950676370412111,0.158311188220978,-1.0219673021866,-0.800488391448882
YKL207W,1.84290766716003,0.262732923030853,0.209771714219805,0.0489480738762799,1.47618154088656,2.30140922466914,0.169139769813584,0.361993849383518
YKL205W,0.265796810388565,-0.576026380062103,0.0137291410360086,0.0222891439172472,0.24194810539484,0.29476554368933,-0.616277774372448,-0.530523284957018
YKL204W,0.628367364406586,-0.202499985694885,0.0360899861523184,0.0248553355961455,0.563157696525256,0.703594898680846,-0.249369976319545,-0.152677318225672
YKL195W,1.00306808948517,0.000367584842024371,0.0669018957163485,0.0289271268010056,0.880941470464071,1.13897442817688,-0.055052945486902,0.0565139735730926
YKL194C,0.122856430709362,-0.91188508272171,0.00943411229800879,0.0333717530991508,0.105423960400124,0.142104705919822,-0.977060673105874,-0.847391540208543
YKL193C,0.403257548809052,-0.396068453788757,0.0353459284571233,0.0378010545873265,0.340429226557414,0.481515349199374,-0.467973161904367,-0.317389864716122
YKL191W,0.513541400432587,-0.290268182754517,0.0321760847945239,0.0270268832608015,0.457571611801783,0.582080714901288,-0.339540928014854,-0.235016789470118
YKL189W,0.162193939089775,-0.79162210226059,0.0142778446941973,0.0378203638969234,0.137034567072988,0.192731013273199,-0.863169868225194,-0.715048395332254
YKL187C,0.00169631687458605,-2.78960847854614,0.000502908488523869,0.130552865227103,0.000862984099270155,0.00285329282244978,-3.06399720705827,-2.54465365691572
YKL185W,0.428206920623779,-0.369117736816406,0.0256564967824431,0.0258237006998559,0.383764694382747,0.483506155759096,-0.415934982062166,-0.315597992478491
YKL183W,0.328223764896393,-0.48576632142067,0.0311181595372978,0.040942046608224,0.272672271728516,0.393634100755056,-0.564359024456401,-0.404907294203778
YKL181W,1.8606128692627,0.268806546926498,0.116814795525867,0.027095733184938,1.65710328817368,2.11014887491862,0.219349579077733,0.324313095264645
YKL179C,0.331444054841995,-0.480306148529053,0.019085226641866,0.024909922904976,0.297027170658112,0.370977847278118,-0.527203822088251,-0.430652023706273
YKL175W,0.553854942321777,-0.257489591836929,0.0355170563719015,0.027679105838623,0.490603765596946,0.630327791472276,-0.30926912401548,-0.200433544355439
YKL173W,0.189829021692276,-0.722262978553772,0.0102221068247644,0.0232463307053699,0.17195085460941,0.211463544269403,-0.76459566150043,-0.674764497145417
YKL172W,2.40188670158386,0.379590272903442,0.160291852764727,0.0288435160588281,2.11260105570157,2.73237279256185,0.324817492426754,0.436539951736347
YKL171W,0.0374014936387539,-1.42823195457458,0.00269642141673528,0.0311899558281278,0.0325063057243824,0.0430079400539398,-1.48803238438516,-1.3664513582976
YKL166C,0.360747367143631,-0.443956583738327,0.0264298788701413,0.0317425284845025,0.312828719615936,0.416848703225454,-0.504693382855901,-0.38002154709135
YKL165C,0.481439977884293,-0.318044424057007,0.0251253279787928,0.0225399728501101,0.438235104084015,0.533945749203364,-0.358292836954785,-0.272502866689501
YKL155C,0.138779863715172,-0.858666121959686,0.00942726892389121,0.0292777227344758,0.122443337490161,0.159165818740924,-0.912064847221954,-0.798150205113597
YKL151C,0.384995102882385,-0.41592413187027,0.0307761813029081,0.034623528930098,0.329233100016912,0.447964175293843,-0.482496510874872,-0.348756716332822
YKL150W,1.24614429473877,0.0941081047058105,0.10254616031604,0.0355871715577688,1.06334241628647,1.45956230163574,0.0266731380443895,0.164222637644785
YKL149C,0.141770556569099,-0.849838972091675,0.0115127715154286,0.0351321680982421,0.120828473505874,0.166238752131661,-0.9178307115434,-0.779267729802899
YKL148C,0.380534559488297,-0.420325398445129,0.0220427421885283,0.0250006306836923,0.341711959987879,0.42765167777737,-0.4663398255904,-0.368909820081465
YKL146W,0.262354850769043,-0.58185487985611,0.0154252207302344,0.0253709994634443,0.235183361172676,0.295250684022903,-0.628593407127019,-0.529809087560245
YKL143W,0.740009009838104,-0.131662115454674,0.0477487276541875,0.0279418833238038,0.6554132198294,0.83650010873874,-0.183484803469121,-0.0775339984048754
YKL140W,0.310629159212112,-0.508587241172791,0.0192596422551154,0.0267964777242778,0.276223434011141,0.351269662380219,-0.558739481219188,-0.454359356697591
YKL139W,0.162555024027824,-0.790002584457397,0.011079253487367,0.0294776801086509,0.142744138836861,0.185821943978469,-0.845441715117614,-0.730903009131879
YKL135C,0.341917991638184,-0.466790616512299,0.019653547623309,0.0248301912310564,0.307205751041571,0.383635282516479,-0.512570658381639,-0.416081458077043
YKL134C,0.130067422986031,-0.886664569377899,0.00807711454419997,0.0268871283315714,0.115250841590265,0.146812277908126,-0.938355894862609,-0.833237627084738
YKL132C,0.0102135483175516,-1.99868834018707,0.00193493603478915,0.083162371410845,0.00680665392816688,0.0142757982326051,-2.16706633110243,-1.8453996085241
YKL130C,0.590709567070007,-0.232558622956276,0.0803884795656107,0.0582607762225005,0.451910322656234,0.773306953907013,-0.34494774244033,-0.111648086320652
YKL127W,1.6045994758606,0.204588532447815,0.0965706807979649,0.0259495235023537,1.43590211768945,1.80856765508652,0.157124835904003,0.257334759532085
YKL126W,0.686130046844482,-0.164280116558075,0.0387288642378774,0.0243735525690296,0.617228621244431,0.767614878714085,-0.209553944177791,-0.114856616361782
YKL125W,0.263471335172653,-0.580076932907104,0.0161079620121244,0.0264936379797331,0.233915990342697,0.296183797220389,-0.630940089987812,-0.528438703532571
YKL124W,0.0922150984406471,-1.03637981414795,0.00681826823052279,0.0320433861867939,0.0798493463546038,0.106606082307796,-1.09772863841942,-0.972218016884888
YKL121W,0.0432432256639004,-1.36531758308411,0.00326934160910047,0.0327103455141234,0.0372510887682438,0.0501800533694526,-1.42886102924776,-1.29946888116198
YKL116C,0.130073398351669,-0.886985540390015,0.00956768281361552,0.0318807832383612,0.112435415387154,0.149939806138476,-0.949096871288128,-0.824083055937579
YKL114C,0.665795385837555,-0.177954003214836,0.0516564663540947,0.0334788090175758,0.573840141296387,0.778382472197215,-0.241209075236481,-0.108806953904303
YKL113C,0.530045986175537,-0.276929318904877,0.0402455052355257,0.0328280639066858,0.456691504269838,0.613518059253693,-0.340377067476834,-0.212172649043264
YKL112W,0.769496858119965,-0.114420615136623,0.0414698376795013,0.0233101701546198,0.695194890101751,0.85570763250192,-0.157893428884932,-0.0676745943462825
YKL110C,0.422451168298721,-0.376334518194199,0.0420403426201769,0.0426773204678649,0.349500711510579,0.513293195764224,-0.456551949184849,-0.289634492843937
YKL109W,0.169237181544304,-0.772581279277802,0.0119515914250713,0.0305603452468494,0.147610895708203,0.193793341517448,-0.830881584746971,-0.712661148812125
YKL108W,0.139928504824638,-0.855426073074341,0.0109977613006442,0.0340115344794037,0.120160978411635,0.162887327124675,-0.920236545532851,-0.788112703190784
YKL106W,0.338285207748413,-0.471874892711639,0.0248349741702104,0.0316339630748902,0.294744904090961,0.392910624295473,-0.530553697516617,-0.405706227756052
YKL104C,1.79565179347992,0.253551602363586,0.100126532134527,0.0240769669930733,1.62042259573936,2.00812388062477,0.209628290414642,0.302790500564367
YKL103C,0.965679883956909,-0.0159955117851496,0.0598190734013062,0.0267991874231607,0.857772548000018,1.09373735189438,-0.0666278592505731,0.0389130438175273
YKL101W,0.27441668510437,-0.562113702297211,0.0135245017119372,0.0212683450549361,0.251353723059098,0.302614899476369,-0.599714677610443,-0.519109692965428
YKL100C,0.541468918323517,-0.267231076955795,0.0330932056450448,0.0263853220478218,0.483441390842199,0.61231821924448,-0.315656169309563,-0.213022818200218
YKL099C,1.14040589332581,0.0535304583609104,0.146549140599889,0.0552706978088604,0.88579173485438,1.46150357325872,-0.0526683809295777,0.16479988019433
YKL098W,0.109278433024883,-0.963710427284241,0.0111423082281385,0.0441671916042778,0.0888291336596012,0.132726949825883,-1.05144457377321,-0.877040887716163
YKL094W,0.915607035160065,-0.0401377454400063,0.0848432306498585,0.0400061151972825,0.761642041802406,1.09368149538835,-0.118249091598623,0.0388908640961514
YKL093W,0.0110813537612557,-1.9695280790329,0.00283033619166869,0.111562043938386,0.0063155231027243,0.0173040912486613,-2.19959067488904,-1.76185120496382
YKL092C,0.116886496543884,-0.932937800884247,0.00667461658619465,0.0246573320555977,0.10492730140686,0.131047044694424,-0.979111496480647,-0.882572768659114
YKL091C,0.183512136340141,-0.738766133785248,0.0195057008947789,0.045944191062615,0.149101406335831,0.224619603777925,-0.826518260229027,-0.648552347160032
YKL088W,0.291339248418808,-0.536445796489716,0.0182375549774153,0.0271126397912567,0.25820404291153,0.329251426955064,-0.588036961913046,-0.482472334500159
YKL085W,2.01466274261475,0.302944898605347,0.153714669023563,0.0330383158425992,1.73372828563054,2.33894068797429,0.238981034345665,0.369019207945471
YKL082C,0.878816723823547,-0.0570335984230042,0.0577617806990045,0.0283958726036857,0.77676737010479,1.00126065909863,-0.109709026514564,0.000547152244029653
YKL080W,2.73190140724182,0.435399770736694,0.192502986339838,0.0302962325014724,2.39791750907898,3.15408345858256,0.37983423882621,0.498873180620109
YKL079W,0.200477629899979,-0.698767066001892,0.0124812464180737,0.0268285453827464,0.178927332162857,0.226934077093999,-0.747323313424575,-0.644100290471449
YKL078W,0.162335634231567,-0.790420949459076,0.0100988027661436,0.0268963783955427,0.144271814823151,0.18355390081803,-0.840818506288776,-0.736236382331993
YKL077W,1.95932757854462,0.290986359119415,0.141559384082245,0.0311261139134401,1.71108086605867,2.26380675236384,0.233270507041466,0.354839350731223
YKL075C,0.182821080088615,-0.739263594150543,0.0141510003801304,0.033437468144923,0.157203796133399,0.212908758223057,-0.803536971681937,-0.671806473039353
YKL073W,0.670619904994965,-0.174117267131805,0.0351808051610125,0.0226826646885362,0.608297905822595,0.742854584256808,-0.215883678692448,-0.129096192401649
YKL072W,0.107765391469002,-0.968428611755371,0.00699217463670645,0.0280547340065893,0.0951811544597149,0.122278332710266,-1.02144903790891,-0.912650491598449
YKL071W,0.0111000491306186,-1.98103356361389,0.003873338462172,0.153655184579755,0.00500815278695275,0.0196810498057554,-2.30032249589802,-1.70595176832497
YKL068W,0.441762059926987,-0.355453938245773,0.024101789854421,0.0235506903264139,0.399598629275958,0.492618169387182,-0.39837601068851,-0.307489575284178
YKL064W,0.197032764554024,-0.706090450286865,0.0106365837358232,0.0233157704613033,0.178476540620128,0.21974222920835,-0.748418860777438,-0.658086474723488
YKL060C,63.2705192565918,1.80008828639984,4.53328727436977,0.0309827391712751,54.9650573730469,73.0399407068888,1.74008668562643,1.86356040903467
YKL059C,0.259515136480331,-0.586965262889862,0.018797144411906,0.0313215721351174,0.225591339915991,0.299068510532379,-0.646677576264988,-0.524229312217663
YKL055C,0.0663672387599945,-1.18274366855621,0.00978119175704322,0.0639936877146888,0.0490447450429201,0.0872250432769457,-1.30940757575498,-1.05935880720953
YKL054C,4.39913845062256,0.642789959907532,0.22756221145951,0.0223426242441401,3.9956697444121,4.87110004822413,0.601589585087442,0.687627049698756
YKL052C,0.215738043189049,-0.668414354324341,0.0225161115778598,0.0450544758507785,0.175775714218616,0.264102801928918,-0.755041129031362,-0.578226993294023
YKL050C,0.00158823432866484,-2.81127452850342,0.000372720345008831,0.104170701326276,0.000922359830777471,0.0024167497176677,-3.03509961907461,-2.61676832347072
YKL049C,0.404951155185699,-0.397610366344452,0.0621622840878173,0.0658919000294189,0.296958221991857,0.54546902825435,-0.527304657733362,-0.263229936921712
YKL047W,0.248119875788689,-0.606285393238068,0.0164407212211993,0.0286445462730651,0.218691512942314,0.282731354236603,-0.660168070889392,-0.548626026611761
YKL046C,0.966038644313812,-0.0158395431935787,0.0601189124359969,0.0269176586707876,0.856892313063145,1.09270444313685,-0.0670737535280227,0.0385027089841525
YKL045W,0.302367895841599,-0.520250380039215,0.0181976693559382,0.0260501718539932,0.269408161689838,0.341024072964986,-0.569589262981978,-0.467214973037992
YKL043W,0.239587843418121,-0.622113645076752,0.0204802964308942,0.0369999599524028,0.20205243738989,0.28197069466114,-0.69453590633181,-0.549796026791758
YKL040C,0.924395978450775,-0.0368470847606659,0.103772263615695,0.0484102800434321,0.744919948776563,1.14380212128162,-0.127890395268774,0.0583508964787039
YKL039W,1.15975606441498,0.0636408179998398,0.0673220194365229,0.0250741812651782,1.03987395763397,1.30387008190155,0.0169807019705249,0.115234320288422
YKL038W,0.0900587439537048,-1.04614210128784,0.00501064551735926,0.0240101567247922,0.0812720782433947,0.100831873714924,-1.09005863457427,-0.996402162430107
YKL035W,3.53518748283386,0.547548413276672,0.22419912770769,0.0273342978369895,3.14063206513723,4.01481620470683,0.497017060358827,0.603665668160337
YKL034W,0.171155512332916,-0.767335534095764,0.0099532279573214,0.0250978079746722,0.153352484107018,0.191858321428299,-0.814309184629443,-0.717019359499196
YKL033W-A,1.26318740844727,0.097926914691925,0.162709979189617,0.0553325350624359,0.985613482197126,1.61798366804918,-0.00629336625129717,0.208974132472455
YKL033W,0.0876358151435852,-1.05799317359924,0.0049054765353453,0.0242210026623993,0.0788114294409752,0.0978363629430532,-1.10341079541397,-1.00949970053645
YKL027W,0.32114189863205,-0.494259029626846,0.0213804052507574,0.0287665852879041,0.283193254470825,0.36627011274298,-0.547917096456425,-0.436198518875848
YKL025C,0.278402209281921,-0.556098461151123,0.0166390456915981,0.0258443169387479,0.248530491068959,0.313646400223176,-0.604620322180041,-0.503559693794472
YKL023W,0.222006008028984,-0.656388342380524,0.025097733759111,0.0488683987466618,0.176403177157044,0.275753605614106,-0.753493597546602,-0.559478801241209
YKL020C,0.212000444531441,-0.674247622489929,0.0110438938119851,0.022473827840683,0.193088829517365,0.235162629062931,-0.714242850090585,-0.628631693201279
YKL018W,0.224855929613113,-0.650026440620422,0.0213295938185606,0.0408639743916805,0.188193917274475,0.269953735172749,-0.725394417767539,-0.568710664354616
YKL017C,0.0748532563447952,-1.12685108184814,0.00524672364986372,0.030400613754255,0.0653385194639365,0.0856541963294148,-1.18483071063937,-1.06725135549036
YKL014C,0.380653113126755,-0.419969767332077,0.0183106025059173,0.0207649421712831,0.349759968618552,0.418258368968964,-0.456229898977402,-0.378555360441653
YKL011C,0.0833651274442673,-1.08192098140717,0.00970295601412956,0.0502335558567923,0.0660098696748416,0.104622216771046,-1.18039112468753,-0.980376085116045
YKL010C,0.378224194049835,-0.422763079404831,0.0184382041775465,0.0210345444295858,0.346894791225592,0.416884170224269,-0.459802221232681,-0.379984595436693
YKL009W,2.72684383392334,0.431470692157745,0.383521960158175,0.0600776913370521,2.08558336098989,3.59894949396451,0.319227549661467,0.55617575071696
YKL007W,1.31152415275574,0.115396335721016,0.138313562583462,0.0453565624801037,1.07225723961989,1.61258781651656,0.0302989869550358,0.207523371348084
YKL005C,0.147494256496429,-0.832189440727234,0.0098627671760493,0.0289261508592203,0.129788163428505,0.168000666797161,-0.886764913024386,-0.774688995499013
YKL002W,0.68749612569809,-0.168043747544289,0.108173157745926,0.0679371293002107,0.501370605329672,0.925586146116256,-0.299841139855679,-0.033583181444363
YKR002W,0.401489466428757,-0.397153794765472,0.0248487482482394,0.0268025624885349,0.356505811214447,0.453730198492606,-0.447933386547605,-0.343202316777494
YKR003W,0.510416507720947,-0.293143153190613,0.0359130633760611,0.0304287236814559,0.445915079613527,0.585408595204353,-0.350747842710155,-0.232540906707982
YKR004C,0.0638808831572533,-1.19727349281311,0.00706256841925681,0.047963915512929,0.0510929522725443,0.0786344906315208,-1.29163900624564,-1.10438692208588
YKR008W,0.508197247982025,-0.294743716716766,0.0305126968294663,0.0259370039230327,0.453908494114876,0.571345826486746,-0.343031690150161,-0.243100941429482
YKR011C,0.437673181295395,-0.360427141189575,0.0376178885183643,0.036863418559645,0.373034178217252,0.519317513207595,-0.428251380424267,-0.284567031225688
YKR013W,2.96339988708496,0.470394909381866,0.238834099337669,0.0347159651161704,2.54330679575602,3.46440077424049,0.40539875170652,0.539628126239496
YKR015C,0.00069424940738827,-3.2250759601593,0.000377350806423495,0.251474487712333,0.00016529753265786,0.00164767617049317,-3.78173398028856,-2.78312813983871
YKR016W,0.389788508415222,-0.410103261470795,0.0256467144230039,0.0284025861377339,0.344364523887634,0.445295991251866,-0.462981595526815,-0.351351216789548
YKR018C,0.888127744197845,-0.0521914847195148,0.0493822649472922,0.024040174953326,0.798999720811844,0.990588647623857,-0.0974533735559409,-0.00410665356404606
YKR019C,0.0818470492959023,-1.08815562725067,0.00599127686463499,0.0316560063975273,0.0711365231623252,0.0945070385312041,-1.14790736553585,-1.0245358457379
YKR022C,0.0906437411904335,-1.04561245441437,0.0106428717191228,0.0505741117528878,0.0718790072326859,0.113959147781134,-1.14339794298711,-0.943250814744599
YKR024C,0.33616429567337,-0.474132776260376,0.0189586785202294,0.0243084746182695,0.303385510792335,0.376723144451777,-0.518005166263215,-0.423977699996937
YKR025W,0.756760597229004,-0.123181521892548,0.07546803016497,0.0430764601232328,0.621856625874837,0.918272793292999,-0.206309734463541,-0.0370282828263747
YKR026C,0.856860816478729,-0.0689409449696541,0.079540603126126,0.0400031731416085,0.715611964960893,1.02699008285999,-0.145322413670173,0.0115662440313459
YKR029C,0.226639777421951,-0.645408511161804,0.0132968828771612,0.0253807550742255,0.202372834086418,0.25444946239392,-0.693847786289715,-0.594398462781641
YKR031C,0.133417084813118,-0.875371694564819,0.00692937868274786,0.0224283840267567,0.12137128363053,0.147775444636742,-0.915884054956809,-0.83039772527457
YKR034W,0.00312533462420106,-2.57406902313232,0.00176926846899131,0.254167187929922,0.000735741184325889,0.00755294726695865,-3.13327496274023,-2.1218835515611
YKR037C,0.207377389073372,-0.685729920864105,0.0223678702847471,0.0464062975672918,0.16894566056629,0.255877917259932,-0.772252960676755,-0.591967195014006
YKR038C,0.441273838281631,-0.356509149074554,0.0332086169385132,0.0324352059620038,0.38262043222785,0.512350022792816,-0.417231842195309,-0.290433240137081
YKR039W,0.084501251578331,-1.07434272766113,0.00631258461763155,0.0323531651470708,0.0729663611079256,0.0979438507308562,-1.13687731214192,-1.0090228301568
YKR043C,2.73635959625244,0.435022264719009,0.272816415870065,0.0432124016620968,2.24013165831566,3.32215032974879,0.350273543552298,0.521419280531835
YKR046C,0.328489392995834,-0.486066102981567,0.0359169968265591,0.047440635298758,0.264172105739514,0.404139220217864,-0.578113042090874,-0.393469018882767
YKR052C,0.22791662812233,-0.644532859325409,0.0235573144929723,0.0447680779354257,0.185432801271478,0.277766272922357,-0.731813440946786,-0.556320490812447
YKR053C,0.0167276281863451,-1.78289651870728,0.00286533825001579,0.0743345906320534,0.0117419410885001,0.022955618534858,-1.93026010289264,-1.63911102268412
YKR055W,0.20809018611908,-0.684649169445038,0.0242345168335833,0.0500837204421203,0.165501922369003,0.262640139212211,-0.781196957360156,-0.58063890803885
YKR058W,0.0143172359094024,-1.84790194034576,0.00189273559074141,0.0571352046363783,0.0109662272812178,0.0184026885622491,-1.95994276140092,-1.73511872386813
YKR060W,0.455207973718643,-0.344724595546722,0.053235087561534,0.0504394984545139,0.361302681018909,0.569870009521643,-0.442128816150796,-0.244224198186131
YKR061W,0.0202537178993225,-1.6986175775528,0.00312038797019155,0.0668095724407412,0.0146623843271906,0.0269791051124533,-1.83379540376888,-1.56897246168436
YKR062W,0.704998433589935,-0.153523787856102,0.0628922751014749,0.0385251442281292,0.590542927384377,0.839122993747393,-0.228748528187577,-0.0761743784852582
YKR070W,0.562322199344635,-0.251461803913116,0.0460836473199216,0.0354212978712089,0.478977583597104,0.659351539611816,-0.319684811786743,-0.180882976321689
YKR071C,1.61434459686279,0.206631243228912,0.128622979252515,0.0343716679388642,1.38449058234692,1.89175922671954,0.141290005908236,0.276865860766779
YKR072C,0.405653089284897,-0.392698913812637,0.0255636898805973,0.0271751943471146,0.360841193050146,0.460717868308226,-0.442683889965375,-0.336564944023316
YKR075C,0.146213829517365,-0.837518930435181,0.0157622432429439,0.0466819927212991,0.118082267915209,0.179199957475066,-0.927815331046708,-0.746662098165879
YKR076W,0.120200976729393,-0.921917021274567,0.0110413906644249,0.0398267694594652,0.100008763372898,0.143225699663162,-0.999961942822597,-0.843979047527584
YKR077W,0.211866647005081,-0.675382971763611,0.0173843978777691,0.0353999631132423,0.181254203865925,0.248623300592105,-0.741711912471665,-0.604458172878228
YKR078W,0.074373297393322,-1.1297881603241,0.00555470485272091,0.0322965742876017,0.0644974694276849,0.0860711669549346,-1.19045732476205,-1.06514231341398
YKR079C,0.187766000628471,-0.727019369602203,0.0102063763399606,0.0235012956954652,0.169672696540753,0.209176512186726,-0.770388038433783,-0.679487083275793
YKR081C,1.76033413410187,0.244421482086182,0.129688375539007,0.0319144823182133,1.52027059495449,2.03255503177643,0.181920894938274,0.308042312971753
YKR082W,0.444264054298401,-0.352854579687119,0.0212984008005031,0.0206659089919309,0.408269882202148,0.48944827914238,-0.389052656510638,-0.310293194095421
YKR084C,0.65110045671463,-0.187023609876633,0.0362828256192436,0.0241005690024424,0.586877100666364,0.725920828183492,-0.231452835885235,-0.13911074308984
YKR087C,0.261487036943436,-0.584148585796356,0.0225155531772398,0.037208528188194,0.221034366513292,0.309925046811501,-0.655540196830967,-0.508743326353746
YKR091W,0.108097814023495,-0.972255945205688,0.0182063723538327,0.072626578517377,0.076752792360882,0.147615427772204,-1.11490581602549,-0.830868251751046
YKR093W,1.84781229496002,0.266029298305511,0.0996681722376901,0.0233339790134451,1.66724701523781,2.05343198776245,0.221999948443656,0.312480323051068
YKR095W,0.35098659992218,-0.455196231603622,0.0166714709273957,0.0204753313388061,0.322532385587692,0.386075117687384,-0.491426671181041,-0.413328187496709
YKR101W,0.064562201499939,-1.19117534160614,0.00469705290750154,0.0316523084439049,0.0556982681155205,0.0739647698278228,-1.25415830858868,-1.13097509039182
YKR102W,0.000553025514818728,-3.29123449325562,0.000215540920020125,0.176107723329874,0.000213738920016719,0.00104427863358675,-3.67011646210706,-2.98118365122976
YKR103W,0.00175601080991328,-2.76568841934204,0.000380154349782836,0.0947725440044452,0.00109667063225061,0.00256745439449636,-2.95992380460719,-2.59049727126248
YLL063C,0.0389452688395977,-1.41192221641541,0.00407570635681952,0.0455077056719791,0.0313719448943933,0.0475594016412894,-1.50345855695118,-1.32276361935149
YLL062C,0.161846876144409,-0.7931307554245,0.0165105897163449,0.0439796049045233,0.133094893520077,0.197566153978308,-0.875838608712555,-0.704287463898287
YLL061W,0.2584607899189,-0.588508605957031,0.0167402468596058,0.0279426936647357,0.228880019734303,0.293576940149069,-0.640392125145331,-0.532278060424102
YLL058W,0.255429655313492,-0.593654572963715,0.0167581947670421,0.0283344804741794,0.224741408104698,0.291433927168449,-0.648316903336767,-0.535459891441855
YLL048C,0.606423795223236,-0.217720404267311,0.0291183006311437,0.0207115446089043,0.557577453553677,0.667227049171925,-0.253694795878169,-0.175726355893713
YLL046C,0.00639551784843206,-2.24413228034973,0.00304828654993393,0.214280317336477,0.00201344769448042,0.0137525395567839,-2.69605964804989,-1.86161712556289
YLL040C,0.476446002721786,-0.322427600622177,0.0215934213081592,0.0195353228077656,0.440698927889268,0.521561070283254,-0.355858006085451,-0.2826948323619
YLL038C,0.277820497751236,-0.560968041419983,0.0414582478195495,0.0639497833867819,0.206924349069595,0.36977982049187,-0.684188402304915,-0.432056821585202
YLL036C,0.190695866942406,-0.720772266387939,0.0137105425829745,0.031071219489847,0.166025202473005,0.219559609517455,-0.779825981459335,-0.658447550482763
YLL035W,0.115510158240795,-0.938429594039917,0.00805719872188911,0.0301614022640465,0.100901523356636,0.132773425926765,-0.996102278978383,-0.876888839835245
YLL033W,0.0512624941766262,-1.30627405643463,0.0139856530666382,0.119040415785767,0.0284227821975946,0.0832120105624199,-1.54633341289963,-1.07981398447218
YLL032C,0.159967020153999,-0.79672646522522,0.00947617677091183,0.0255798284775936,0.143395718559623,0.180064402023951,-0.843463815434906,-0.744572137816016
YLL031C,0.369540005922318,-0.43292161822319,0.0192184879837066,0.0224526612956307,0.336754484971364,0.4099096596241,-0.472686611995157,-0.387311847369931
YLL029W,0.538999319076538,-0.269076257944107,0.0299035692898188,0.024012744518383,0.485818899671237,0.600119260450204,-0.313525595838417,-0.221762435636123
YLL028W,0.437494426965714,-0.359884738922119,0.0276092672237301,0.0272289809455457,0.388916633029779,0.49662678912282,-0.410143484275673,-0.303969857496586
YLL027W,0.461783558130264,-0.339413642883301,0.0620047666752779,0.057728734176397,0.353351085633039,0.596961231529713,-0.451793571301119,-0.224053872438431
YLL026W,4.07674980163574,0.609762787818909,0.206380929353981,0.0218576114963923,3.71096588969231,4.51113526026408,0.569486961940196,0.654285849022273
YLL023C,0.695176422595978,-0.160121917724609,0.0706933851277589,0.0437950771643594,0.571668979028861,0.848849279185136,-0.242855374212221,-0.0711694216155023
YLL018C,5.79885292053223,0.762638330459595,0.331158253271932,0.024649818099497,5.21636238495509,6.50350371599197,0.717367754556593,0.813147380796262
YLL015W,0.202762871980667,-0.693533182144165,0.00998058550735101,0.0212957886145368,0.185432951773206,0.222856582204501,-0.731813088422364,-0.651974534237317
YLL012W,0.259876936674118,-0.586171627044678,0.0171617078363516,0.0285296972462401,0.228885111709436,0.297151475648085,-0.640382456402491,-0.527022111172668
YLL011W,0.502190709114075,-0.300066918134689,0.0330841812542528,0.0284580588629765,0.443039074540138,0.572540950775146,-0.353557969020863,-0.242193454360761
YLL010C,0.417446821928024,-0.38051849603653,0.0301372778943245,0.0311888276711152,0.363856241603692,0.48131768827637,-0.43907017452241,-0.31756817809459
YLL007C,0.0945018157362938,-1.02554857730865,0.00639426162279593,0.0292917912761362,0.0828511848424872,0.108042348859211,-1.08170127658882,-0.966405982755512
YLL006W,0.210694625973701,-0.677552282810211,0.0157588685364595,0.0322823871814307,0.182493484020233,0.244157394518455,-0.738752637543145,-0.612330118529164
YLL005C,0.000636762066278607,-3.23309278488159,0.000261992390700048,0.184213626683557,0.000236196349214879,0.0012656394392252,-3.62672684222466,-2.89769000036742
YLL004W,0.159929201006889,-0.796969950199127,0.0103338068352895,0.0279780591308342,0.140998575463891,0.180850688119729,-0.850785275123202,-0.742679834450768
YLL003W,0.0340342596173286,-1.46928918361664,0.00254200972213909,0.0323250198553106,0.0294315247330815,0.0394356563687325,-1.53118723939256,-1.40411092644342
YLL002W,0.117919251322746,-0.929817199707031,0.00951505789535956,0.0349050644789154,0.100466430187225,0.138228399182359,-0.997979028988933,-0.859402723720918
YLL001W,0.490173190832138,-0.310297846794128,0.0269065663424198,0.0237128455260043,0.442556113004684,0.54677112052838,-0.354031655986976,-0.262194437867715
YLR002C,0.573663890361786,-0.242017865180969,0.0321414031853443,0.0241900045114908,0.51789674560229,0.640977443257968,-0.285756818025687,-0.193157253712327
YLR004C,0.0153944781050086,-1.81672525405884,0.00211319079355353,0.0598185051304603,0.0115342725766823,0.0198675675162425,-1.93800979369598,-1.70185530268018
YLR005W,0.239610597491264,-0.621664524078369,0.0176416819330682,0.0318327945345506,0.207641753678521,0.276667635639509,-0.68268531234231,-0.558041641383531
YLR015W,0.150230646133423,-0.824427127838135,0.0111615910382623,0.032083199696087,0.13008836718897,0.17434956257542,-0.885761539771363,-0.75857914006226
YLR018C,0.285513788461685,-0.546631455421448,0.0293124634278889,0.0442043695512286,0.233728289480011,0.349519470334053,-0.631288733135943,-0.456528626662544
YLR019W,0.291421830654144,-0.536768138408661,0.0225685150449791,0.0334048158427663,0.251487791538239,0.339543269822995,-0.599483092899377,-0.469104877071453
YLR020C,0.248406931757927,-0.605782806873322,0.0164934126022484,0.0286382898690115,0.218699706842502,0.284016274909178,-0.660151799241131,-0.546656773459835
YLR022C,0.777312397956848,-0.112544201314449,0.0943815644220145,0.0520644707597256,0.614030838012695,0.983413383861383,-0.211809817063339,-0.00726389380048656
YLR026C,0.523382306098938,-0.282592296600342,0.0424114562842257,0.0349827798083154,0.447680865476529,0.61445354471604,-0.349031467628078,-0.211510946035641
YLR027C,4.05718326568604,0.607308447360992,0.264533633848333,0.0281636792105917,3.58944702148438,4.6134730219841,0.555027547738267,0.664027985093768
YLR028C,1.48826622962952,0.171986669301987,0.0845250121801281,0.024527080726003,1.34039022227128,1.66679135958354,0.127231250792782,0.221881238159376
YLR030W,0.0168688464909792,-1.78980135917664,0.00469402799931503,0.122721146314396,0.00902033893701931,0.027604262996465,-2.04477721060515,-1.55902385329626
YLR032W,0.153291314840317,-0.815060198307037,0.00791360901531126,0.0222955150186987,0.139405014365911,0.169722957288225,-0.855721604624049,-0.770259410123397
YLR033W,0.391406744718552,-0.408265739679337,0.0252161046018723,0.0277879788797689,0.346245458473762,0.444750983268022,-0.460615915240601,-0.351883086201493
YLR034C,0.726383149623871,-0.139715418219566,0.0464511298658339,0.0276218022321181,0.644207384685675,0.823009893794854,-0.190974301136349,-0.0845949438980847
YLR045C,0.293678045272827,-0.532732248306274,0.0155397221682403,0.0228766335909034,0.26610135336717,0.325918525209029,-0.574952916713177,-0.486890953944071
YLR046C,0.00316165387630463,-2.56963777542114,0.00178036953546613,0.255717172490316,0.000747719710731568,0.00758188031613827,-3.12626145534939,-2.12022307541617
YLR049C,0.370363593101501,-0.432465732097626,0.0263573111474905,0.0307864050357772,0.322219308962425,0.425823881973823,-0.49184843993501,-0.370769986397453
YLR052W,0.590011656284332,-0.232176467776299,0.070466174963574,0.0512123242880805,0.468986170987288,0.747287752230962,-0.328839964645227,-0.126512138785076
YLR058C,10.7267198562622,1.02957916259766,0.686451806445971,0.0277561105930587,9.46225474675496,12.1257623990377,0.975994635170655,1.0837090530924
YLR060W,3.85327529907227,0.585069954395294,0.229158613576421,0.0256622144789996,3.45371864040693,4.34528921445211,0.538286953982538,0.63801868684493
YLR064W,0.528743922710419,-0.278916567564011,0.0526070050006535,0.0434417630816317,0.427687293539445,0.633647680282593,-0.368873668823555,-0.198152150698041
YLR069C,0.406121283769608,-0.391955941915512,0.0216906410331678,0.0230054015449161,0.369563834617535,0.452598720788956,-0.432310535489858,-0.344286677856064
YLR072W,0.181292802095413,-0.742353618144989,0.0105590565355908,0.0252243279213586,0.162441545228163,0.203149611627062,-0.789302887937169,-0.692184003663617
YLR077W,0.202562004327774,-0.694286942481995,0.0126414894629098,0.0271100140264043,0.17909559533,0.227920952439308,-0.746915096439779,-0.642215748998114
YLR078C,0.464294046163559,-0.336988896131516,0.0615622137124768,0.0573053163105192,0.357713264971972,0.595975424846013,-0.446464955273086,-0.224771649154596
YLR083C,0.983357548713684,-0.00792983639985323,0.0536109253273665,0.0235504913625436,0.888439536094666,1.09714516103268,-0.0513721233274143,0.0402640909261014
YLR084C,0.279272049665451,-0.554511249065399,0.013959229864783,0.0216154205140268,0.254719138145447,0.307503044605255,-0.593938423396374,-0.51215057989274
YLR085C,0.176878362894058,-0.753531813621521,0.0131964036290374,0.0323831823572911,0.15223430916667,0.203685134649277,-0.817487459287365,-0.69104066552791
YLR086W,0.184310480952263,-0.734975576400757,0.00908165659823907,0.0212820473265935,0.168600758910179,0.203065574169159,-0.773140474849989,-0.692363696563777
YLR088W,0.471485882997513,-0.327281653881073,0.0278409056987522,0.0254818853487155,0.422068646053473,0.530906080206235,-0.374616908838705,-0.274982300989523
YLR090W,0.237270921468735,-0.625845313072205,0.0168785167808398,0.0307253384040794,0.20713158895572,0.273221262296041,-0.683753663250069,-0.56348550667161
YLR091W,0.0331057570874691,-1.48615515232086,0.00553618085178477,0.0727673460560469,0.0232520292513072,0.0447424087362985,-1.63353915117538,-1.34928064331444
YLR093C,0.939070701599121,-0.0302691254764795,0.110382687559347,0.050699737124119,0.748211647073428,1.17537256777287,-0.12597553591041,0.070175549798942
YLR094C,0.341188549995422,-0.467924118041992,0.0223362183694135,0.0282187851475104,0.30249410867691,0.389104585597912,-0.519283079173575,-0.409933653443383
YLR095C,0.223910480737686,-0.650584697723389,0.0123801731582011,0.023910551673662,0.201678992683689,0.249496623377005,-0.695339336706947,-0.602935331133636
YLR096W,0.208200603723526,-0.682109832763672,0.0109251318019296,0.0226649819906354,0.189358824243148,0.231067554404338,-0.722714451942025,-0.636261032286819
YLR097C,0.122776843607426,-0.912883818149567,0.0117995085908775,0.0416661038335894,0.101200979265074,0.147244405870636,-0.994815285064878,-0.831961198842844
YLR099C,0.23537378013134,-0.629671275615692,0.0192148039345892,0.0351607746947796,0.202154387036959,0.277102353175481,-0.694316830517473,-0.55735978829121
YLR100W,1.76228940486908,0.244577094912529,0.147342191973122,0.0360118203082578,1.4993083357811,2.0803670446078,0.175890952351565,0.318139965043913
YLR102C,0.172148779034615,-0.768800437450409,0.0254543380792175,0.0639932656661292,0.12648398950696,0.228045280401905,-0.89796444566766,-0.641978911678163
YLR103C,0.122217454016209,-0.913893759250641,0.00840995715520121,0.0298960460472584,0.106326943822205,0.139322239036361,-0.973356669173001,-0.85597955485916
YLR105C,0.0905736535787582,-1.04506492614746,0.00887308506077849,0.0423399901722328,0.0745005263015628,0.109589825322231,-1.12784065925035,-0.960229766128728
YLR106C,0.572314918041229,-0.242787212133408,0.0253108644784935,0.0190741310010681,0.530943930149078,0.623961088061333,-0.274951339770856,-0.204842493277807
YLR107W,0.185924395918846,-0.732014775276184,0.0147177882452306,0.0342542448219587,0.159069091081619,0.216315743202964,-0.798414200471493,-0.664911871974889
YLR108C,0.197944208979607,-0.704569697380066,0.0142225589217484,0.0310713777885845,0.172287046909332,0.228003694737951,-0.763747372971386,-0.642058115583373
YLR113W,0.895701467990875,-0.0487307421863079,0.0576974604580644,0.0278078819376171,0.794084576268991,1.01657265623411,-0.100133240576874,0.00713842386667605
YLR114C,0.284616827964783,-0.546431541442871,0.0161157573618094,0.0244954112888105,0.2558188897868,0.31870554809769,-0.592067390211655,-0.496610378089726
YLR115W,0.156230852007866,-0.806983768939972,0.00923237284779872,0.0255551008592235,0.13944785296917,0.175738850608468,-0.855588168029845,-0.755132218386817
YLR116W,0.231401413679123,-0.636724829673767,0.0164768649585491,0.0307505460537158,0.202019358798862,0.266562849283218,-0.694607012017099,-0.57420037808631
YLR118C,0.845522582530975,-0.0790625214576721,0.144458991107492,0.0731500363792927,0.601359248161316,1.17224559982618,-0.220866005730559,0.0690186097012046
YLR120C,0.501367807388306,-0.300666123628616,0.0309746953586718,0.0267068445806074,0.445647031068802,0.565712983906269,-0.351008982430751,-0.247403854270406
YLR121C,0.0853591561317444,-1.07007884979248,0.00669725486966435,0.0339198710921753,0.0733252773061395,0.0993388704334696,-1.13474628602571,-1.00288078386583
YLR126C,0.45633852481842,-0.343975037336349,0.0562816975114824,0.0531608261767234,0.359169248739878,0.574727626144886,-0.444700853755475,-0.240537927016309
YLR127C,0.0580241717398167,-1.2373206615448,0.00380387571341991,0.0283693729282789,0.0512362677914401,0.065965646194915,-1.29042251313163,-1.18068217888868
YLR128W,0.112332910299301,-0.954232215881348,0.0166849067353762,0.0641534405507532,0.0831596405555805,0.148405215019981,-1.08008739789447,-0.828550837509328
YLR129W,0.585514008998871,-0.2330711632967,0.0311749757273827,0.0229829694745579,0.531207045416037,0.652295759320259,-0.274736173540234,-0.185555445186907
YLR130C,0.183230251073837,-0.738450169563293,0.0150468425899859,0.035386811315662,0.156674035390218,0.216315077866117,-0.805002970533762,-0.664913208111327
YLR131C,0.175675764679909,-0.756093561649323,0.0107449418297351,0.0264325017306088,0.156633083770672,0.198344690601031,-0.805116502899896,-0.702579420821808
YLR132C,0.0765954256057739,-1.11979830265045,0.0104301416780623,0.0590118906123787,0.0581237075850368,0.0983881510173281,-1.23564669079989,-1.00705720258756
YLR136C,0.784388959407806,-0.10751685500145,0.0765309794410668,0.0421446911412529,0.649171134332816,0.946669620275497,-0.18764080520381,-0.0238015637621804
YLR137W,0.10601906478405,-0.9766566157341,0.0103240551272556,0.0420655743158636,0.0876180231571198,0.127278360103567,-1.0574065496244,-0.895245428921474
YLR138W,0.224411696195602,-0.649591624736786,0.0121996422100425,0.0234867884021791,0.202936644976338,0.249762371182442,-0.692639524129107,-0.602472991177231
YLR139C,0.079775795340538,-1.09921789169312,0.00566924016248986,0.030720256117819,0.0695964846760035,0.0918316764757037,-1.15741269609329,-1.03700748714657
YLR141W,0.0648631528019905,-1.19067442417145,0.00721401917372482,0.0481981261581123,0.0518371537327766,0.0802111774682999,-1.28535885266379,-1.09576510834223
YLR142W,0.0367860570549965,-1.43688464164734,0.00400282070771374,0.0473082827746112,0.0294263347207258,0.0450478645662467,-1.53126383462347,-1.34632579137059
YLR143W,0.238829120993614,-0.622675657272339,0.0141917966583017,0.025686987409733,0.213021060948571,0.268724673738082,-0.671577456761209,-0.570692455989786
YLR144C,0.204014748334885,-0.691037058830261,0.0116194814577352,0.0246188941021704,0.183504113679131,0.227833151817322,-0.736354200003721,-0.642383081820651
YLR146C,0.294176161289215,-0.533424317836761,0.0285238217467947,0.0420211010462648,0.242484989886483,0.354576134930054,-0.615315151341465,-0.450290499291691
YLR150W,28.5903472900391,1.45440328121185,2.62987592252161,0.039720276583302,23.9260588328044,34.2882041931152,1.37887116503394,1.53514474001597
YLR151C,0.100313253700733,-1.00072193145752,0.00985365212577982,0.0425004843441453,0.0824255458389719,0.121554084122181,-1.08393819893985,-0.915230444620492
YLR163C,0.504351437091827,-0.298148691654205,0.0322546709906012,0.0276393579092332,0.446355128039916,0.572792962690194,-0.350319471663177,-0.242002330215329
YLR165C,0.0374092198908329,-1.43654787540436,0.00786675116568199,0.0913160596437,0.0238356310874224,0.0547899054673811,-1.62277334492608,-1.26129944946599
YLR166C,0.223690360784531,-0.651002168655396,0.0122855877421461,0.0236926053412798,0.202060459926724,0.249823895220955,-0.694518663781689,-0.602366025771021
YLR168C,0.152363494038582,-0.826405167579651,0.0320702849206794,0.08958555521908,0.0989729487647613,0.225424799074729,-1.00448351040736,-0.646998342303573
YLR172C,2.41688942909241,0.381521105766296,0.217306937508298,0.0387630098032356,2.03339782158534,2.87964830795924,0.308222353903582,0.459339448610822
YLR174W,0.00213678111322224,-2.7095422744751,0.000899487515007358,0.190724257517635,0.00074039421112199,0.00430851374597599,-3.13053718330308,-2.36567278498889
YLR175W,3.92367076873779,0.592856764793396,0.243918875123759,0.0268901644176314,3.48517836928368,4.43314216534297,0.542225009905262,0.646711658439105
YLR176C,0.0876599848270416,-1.05813300609589,0.00576941087331017,0.0283973207952726,0.0772831978276372,0.100299356132746,-1.11191491919291,-0.998701856066335
YLR177W,0.0606655143201351,-1.2182776927948,0.00455883735566746,0.0325064283327023,0.0523621463837723,0.0701271898423632,-1.2809825600723,-1.15411356397025
YLR181C,0.387474924325943,-0.41355761885643,0.0354046079162455,0.0395374908605058,0.32327988743782,0.461579487969478,-0.490421313781512,-0.335753501905197
YLR182W,0.279904991388321,-0.553610622882843,0.0150575407990697,0.0231954021558124,0.254022598266602,0.312026643007994,-0.595127646112643,-0.505808324201286
YLR183C,0.408770591020584,-0.38933914899826,0.0251645109228614,0.0266151786345779,0.363496422767639,0.461940450469653,-0.439499858752452,-0.335414006675479
YLR188W,0.191645532846451,-0.718210101127625,0.0109687631647647,0.0248559819404875,0.17102297693491,0.213478578751286,-0.76694553863368,-0.670645701110583
YLR189C,0.104636818170547,-0.980931639671326,0.00558878178735798,0.0231073113437937,0.0945441036174695,0.116415267934402,-1.02436555161179,-0.933990060652621
YLR190W,0.431714683771133,-0.365630358457565,0.0267433502886579,0.0267468335954827,0.384090956052144,0.488806908826033,-0.415565918800271,-0.310862666352899
YLR192C,5.46967792510986,0.735388338565826,0.601955978713552,0.0470981971367648,4.44770114421844,6.7911138733228,0.648135597305044,0.831940998438403
YLR194C,0.75020158290863,-0.128444403409958,0.097594117426234,0.0560139775732226,0.579753105342388,0.963218893607457,-0.236756945106049,-0.0162750073591548
YLR195C,0.947822868824005,-0.0241957865655422,0.0618061164077899,0.0283146505204229,0.832844182352225,1.07498084803422,-0.0794362442282651,0.0314007267873376
YLR196W,1.13924181461334,0.0559060052037239,0.0653392323059237,0.0247857834651696,1.02325030565262,1.27812669575214,0.00998188291369509,0.106573905723333
YLR197W,5.1957631111145,0.714913904666901,0.302538285275982,0.025244331497489,4.64773719708125,5.8137534737587,0.667241560624568,0.764456611179844
YLR199C,0.377023816108704,-0.425788074731827,0.0377388522969957,0.0432388219777162,0.309692054241896,0.458482993642489,-0.509069937203871,-0.338676775750573
YLR206W,0.70758593082428,-0.150917068123817,0.0402378115528905,0.0245491818701425,0.636705122888088,0.791796751817067,-0.196061655828544,-0.101386284473965
YLR208W,2.9078061580658,0.462050974369049,0.243896071974947,0.0362755446848974,2.46271296739578,3.41150600512822,0.391413783907296,0.532946140067101
YLR209C,0.469527721405029,-0.329797178506851,0.0385845915814903,0.0356030173433456,0.399630561470985,0.550117825468381,-0.398341306970962,-0.259544282917273
YLR211C,0.157705903053284,-0.811083853244781,0.0324640410623196,0.087892150865661,0.104333398118615,0.231048215677341,-0.98157665109293,-0.636297430814309
YLR212C,0.215731084346771,-0.667212963104248,0.0155730309914609,0.0312345166517421,0.187292006115119,0.247788621733586,-0.727480762924012,-0.60591864103708
YLR213C,0.0418795719742775,-1.38048791885376,0.00449691611374052,0.0465283415337253,0.033595260232687,0.0511904681722323,-1.47372211914388,-1.29081090528961
YLR214W,1.83878576755524,0.263905018568039,0.0989085394246319,0.0232854445610314,1.6593067407608,2.04149201512337,0.219926677119869,0.309947685013765
YLR215C,0.194539412856102,-0.712518751621246,0.0163600060215211,0.0363702607879373,0.165037004401286,0.229279145598412,-0.782418668472688,-0.639635445328563
YLR216C,5.02486991882324,0.70003879070282,0.357452266214017,0.0306325377993998,4.40527104139328,5.80751373370488,0.643972634164393,0.763990245492377
YLR219W,0.259268224239349,-0.586993813514709,0.0152121527379973,0.0253859456041877,0.231623403107127,0.291072845458984,-0.635217562477896,-0.535998308533705
YLR220W,0.514146506786346,-0.290654629468918,0.0461746185313827,0.0388762908487222,0.432586901386579,0.610174775123596,-0.363926635016958,-0.214545750235186
YLR222C,0.727009057998657,-0.139047101140022,0.0379049220714429,0.0225481911924899,0.659806147714456,0.806508864462376,-0.1805836422543,-0.0933908549710613
YLR223C,0.211672976613045,-0.674915730953217,0.0109727092944408,0.0224164815660508,0.192273296167453,0.234315723180771,-0.716081028476603,-0.630198568161308
YLR225C,0.429847359657288,-0.367896229028702,0.0321692893417869,0.0324073743996432,0.370066538453102,0.497062878062328,-0.431720182446406,-0.303588676150757
YLR226W,0.18276846408844,-0.739626467227936,0.0153265374129611,0.0365211601490799,0.153870666896303,0.214151633158326,-0.81284416710939,-0.669278617151987
YLR231C,0.843932628631592,-0.0745826959609985,0.0541889507430591,0.0277771073209131,0.746672511100769,0.960724302132924,-0.126869837016464,-0.0174012240571829
YLR234W,0.0415312349796295,-1.38309597969055,0.0034270944386001,0.0357579214219636,0.0352523199903468,0.0486378340050578,-1.45281229960219,-1.31302577393814
YLR238W,0.0954181551933289,-1.02187514305115,0.00796889939223646,0.0361501001551122,0.0810461180284619,0.112192170570294,-1.09126778237305,-0.950037452154174
YLR239C,0.149229034781456,-0.82848048210144,0.0155411501635994,0.0449780289422661,0.121491131683191,0.182148402060072,-0.91545542251992,-0.739574634361019
YLR240W,0.116919688880444,-0.932886898517609,0.00701440782504753,0.0259156247773677,0.104526686668396,0.13193213318785,-0.980772815942336,-0.879649417514169
YLR241W,0.261996954679489,-0.582417488098145,0.0150349758528355,0.0248489180773572,0.235033422708511,0.29267755150795,-0.62887037489524,-0.533610586859344
YLR242C,0.0742316395044327,-1.13323664665222,0.00993069706678369,0.0575920146974631,0.0566827877735098,0.0956671801085273,-1.24654879863331,-1.01923702749253
YLR244C,3.37566089630127,0.527233362197876,0.244572303604236,0.0312439309127627,2.93709295590719,3.89483066797256,0.46791769102972,0.590488580024403
YLR246W,0.0261055361479521,-1.5886687040329,0.00409755534102015,0.0689054814445037,0.0186611693352461,0.0347990404504041,-1.7290611462308,-1.45843273126669
YLR248W,0.650860369205475,-0.187267646193504,0.038528292816174,0.0255878427757059,0.582234005133311,0.731083039442698,-0.234902433507487,-0.136033291402267
YLR250W,1.32264983654022,0.116475328803062,0.202736960745549,0.0654669200236319,0.979875087738037,1.77496790488561,-0.00882928365821622,0.249190500317848
YLR253W,0.133843526244164,-0.874526262283325,0.00965567623732354,0.0312026417524809,0.116382816495995,0.1543433042864,-0.934111137666402,-0.811512206790511
YLR256W,0.454082518815994,-0.343363374471664,0.0217999745928697,0.0207042123907104,0.417535060147444,0.500757653017839,-0.37930705122408,-0.300372404903612
YLR258W,0.53396612405777,-0.273185044527054,0.030384169804064,0.024575352756368,0.479476255426804,0.598131099840005,-0.319232896105885,-0.223203615912663
YLR259C,10.0471353530884,1.00134122371674,0.572046569977513,0.0245840402031084,9.04970800876617,11.2587490797043,0.956634566637312,1.05149014001036
YLR263W,0.00127686886116862,-2.91714358329773,0.000416259602001697,0.144545096945515,0.000598200234041239,0.00223417010856792,-3.22315342504688,-2.6508838174911
YLR265C,0.10780930519104,-0.969982624053955,0.0119338473704339,0.0479140190351032,0.0863021337116758,0.132819715763132,-1.06397846676955,-0.876737455787586
YLR270W,0.799307763576508,-0.0986646339297295,0.0638228689933876,0.0345975419072,0.68235813776652,0.931964088976383,-0.165987624712328,-0.0306008218343994
YLR273C,0.0212452486157417,-1.67527186870575,0.00229791324372751,0.0469817693994475,0.017162884104376,0.026010691622893,-1.76540973055582,-1.58484809981469
YLR274W,0.349963217973709,-0.456652253866196,0.0195641166597719,0.0241787742529331,0.314832261701425,0.390370841572682,-0.501920773876356,-0.408522629074623
YLR276C,0.887208104133606,-0.0526800975203514,0.0507648216780156,0.0247003977996559,0.798300564289093,0.993898630142212,-0.097833563742161,-0.00265790797176357
YLR277C,0.166904419660568,-0.778332233428955,0.0101888414515221,0.0262879731454218,0.149369415019949,0.189270257949829,-0.825738320300732,-0.722917626028394
YLR278C,0.0975220575928688,-1.01159107685089,0.0055253624993106,0.0244879094502703,0.0875502036884427,0.10919214040041,-1.05774283923864,-0.961808620821537
YLR284C,0.0819306224584579,-1.09094905853271,0.0116789540697266,0.0618663627413221,0.0607420821363727,0.106752937162916,-1.21651032615315,-0.971620171548572
YLR286C,7.67265319824219,0.884202718734741,0.450095804930323,0.0254195076552945,6.85936195055644,8.59093676408132,0.836283719991474,0.934040520938053
YLR287C,0.550939977169037,-0.26019823551178,0.0428810878088194,0.0335998327270776,0.474944069236517,0.643130721151829,-0.323357531133461,-0.191700744581962
YLR288C,0.0581359453499317,-1.23717486858368,0.00503135757276219,0.0375864612954765,0.048711297630022,0.0684764043738445,-1.3123703010338,-1.16445905209952
YLR290C,0.240662336349487,-0.621372997760773,0.0273248072558104,0.0491473799726498,0.191571134577195,0.298199310402075,-0.717669928666342,-0.5254933653283
YLR291C,0.755998849868774,-0.122600182890892,0.0543736644661702,0.0312045220918069,0.655600494643052,0.867604413628578,-0.183360727545903,-0.0616782475129952
YLR298C,0.180778592824936,-0.749485731124878,0.031896172771505,0.0758398565557107,0.127003614107768,0.249299830694993,-0.89618396234885,-0.603278016503897
YLR299W,0.213833957910538,-0.670687615871429,0.0127374621043546,0.0257260434553453,0.191213511799773,0.240573533376058,-0.718481424890693,-0.618752156666534
YLR300W,4.17068910598755,0.619387030601501,0.258019393210511,0.0266693024002899,3.72881013154984,4.72013810475667,0.57157026979651,0.673954705643036
YLR305C,0.264904797077179,-0.57738471031189,0.0124453310029068,0.0202564850092536,0.243846344575286,0.291144633044799,-0.612883751264709,-0.535891211678412
YLR307W,0.0154023254290223,-1.82258749008179,0.00334308460622567,0.0944337053899884,0.00955927716568112,0.0230965874468287,-2.01957494672279,-1.63645220966758
YLR308W,0.00199513789266348,-2.75180125236511,0.000964557714301191,0.219300632913462,0.000583646346058231,0.00426924712955952,-3.23385034520117,-2.3696487050146
YLR309C,0.247325003147125,-0.607327938079834,0.0129921353508848,0.0227287230889061,0.224031056587895,0.274489031980435,-0.649691772871953,-0.561475004465363
YLR312W-A,0.424673646688461,-0.37524139881134,0.0526517003630885,0.0534685670219971,0.330323906242847,0.540804915130138,-0.481060007029262,-0.266959374512429
YLR314C,1.75569665431976,0.243723213672638,0.101870148790442,0.0250721603891919,1.57241663734118,1.97106289863586,0.196567629918272,0.294700483282295
YLR316C,0.121071487665176,-0.91914963722229,0.012148665130114,0.0437246770886782,0.0984757623945673,0.145640872667233,-1.00667070030954,-0.836716730083184
YLR318W,0.00994366873055696,-2.00563812255859,0.00120690696896626,0.0526535399210725,0.0077775573086304,0.012504315461653,-2.10915678392239,-1.90294012460298
YLR319C,0.210535034537315,-0.677384793758392,0.0120724037223765,0.0247551821535165,0.189645159120361,0.236269758765896,-0.722058238629479,-0.626591863811117
YLR321C,0.590471684932709,-0.229811623692513,0.0404030303678209,0.029608154650743,0.51725907176733,0.674960632622242,-0.286291884659707,-0.170721557873993
YLR323C,0.130225896835327,-0.890071094036102,0.0193508173423135,0.0644349881865694,0.0964567437767982,0.17183878843983,-1.01566740324389,-0.76487879948009
YLR324W,0.299280345439911,-0.524838209152222,0.0195260957533049,0.0281820581074631,0.264394176503022,0.340288733690977,-0.577748114770633,-0.468152429745844
YLR326W,0.12241904437542,-0.919031322002411,0.021839190154043,0.0775193220516812,0.0836995765566826,0.169518068432808,-1.07727673913412,-0.770784004821048
YLR328W,0.485391467809677,-0.31502902507782,0.0348678722083582,0.031209708293741,0.419967979937792,0.555956840515137,-0.376783820716401,-0.254958921823795
YLR329W,0.00498554250225425,-2.34586787223816,0.00225025876352332,0.198824548595467,0.00173000281890078,0.0102870051360999,-2.76195322326238,-1.98771119845605
YLR330W,0.89288055896759,-0.0498477965593338,0.0487155259754274,0.0235399537618057,0.808950960636139,0.995722601811091,-0.0920778049274629,-0.00186163476321484
YLR335W,1.08826625347137,0.0361287333071232,0.0577794211547194,0.0229475738564918,0.987125245730082,1.20765632987022,-0.00562774093531768,0.0819433619010475
YLR336C,0.327092707157135,-0.485933780670166,0.0173191692278668,0.022856364703347,0.296373157203197,0.363312158485254,-0.528161133624775,-0.439720068021881
YLR340W,32.3060913085938,1.50790238380432,2.59117752643672,0.034590439675538,27.7433117071788,37.7954141934713,1.44315830130232,1.57743910360084
YLR341W,0.00169802375603467,-2.80626487731934,0.000689606565325937,0.181655585790628,0.000637482126573256,0.0033212197071407,-3.19553200449886,-2.4787024644429
YLR343W,0.00133846851531416,-2.90548348426819,0.000510883590546144,0.170695576839163,0.000536951727796501,0.00254418820647212,-3.27006475770271,-2.59445077259159
YLR345W,0.181543231010437,-0.742008030414581,0.0122576557890799,0.0292817980992729,0.158860911180576,0.20644586806496,-0.798982950871971,-0.685193805031139
YLR347C,1.15212905406952,0.0609375014901161,0.0589116828820055,0.0220700680932294,1.05253770152728,1.27549571593602,0.0222376610035373,0.105679003678096
YLR348C,0.831311225891113,-0.0821650624275208,0.0785418031474824,0.0409260606389378,0.689340601861477,0.996018171310425,-0.161566141909207,-0.0017327382551586
YLR357W,0.324027180671692,-0.490021139383316,0.017132199116619,0.022845850897079,0.294660552839438,0.360278929024935,-0.530678000908071,-0.443361137243738
YLR359W,2.90120840072632,0.46175742149353,0.179011181289672,0.0266821382885397,2.57808947960536,3.27187470595042,0.411297986632792,0.514796659442693
YLR360W,0.0955329313874245,-1.02137732505798,0.00802211244265019,0.0364948369179995,0.0806207184990247,0.11189427729696,-1.09355333586547,-0.951192124425746
YLR361C,0.167361542582512,-0.777407050132751,0.011747320434929,0.0303384703413967,0.145999400690198,0.192330669984221,-0.835648927050859,-0.715951455528606
YLR369W,0.272370666265488,-0.565635025501251,0.0165524659585148,0.026273911227987,0.242235234131416,0.307116836309433,-0.61576268665116,-0.512696374648246
YLR372W,2.65190982818604,0.422301381826401,0.202695474953549,0.0330033321838623,2.28874921798706,3.08410516381264,0.359598208921348,0.489129178484955
YLR373C,0.138597369194031,-0.858991503715515,0.00815690705145615,0.0254824084425664,0.123684472528597,0.155829091618458,-0.907684818709777,-0.807351461209847
YLR375W,0.238910406827927,-0.62355250120163,0.0217532321371594,0.0394013711606582,0.199860654398799,0.285053819417953,-0.699272695141625,-0.545073135536788
YLR376C,0.0338165611028671,-1.48631286621094,0.00907354472685678,0.116555432598842,0.0188088696449995,0.0545890191880365,-1.72563730342304,-1.26289474237065
YLR378C,2.34611296653748,0.369470566511154,0.149674170483944,0.0276155375469339,2.08161415656408,2.65689846873283,0.318400232319904,0.424374953021164
YLR382C,0.0999988988041878,-1.00082051753998,0.00614805067042447,0.0265875324986519,0.0888402194405595,0.112759985774755,-1.05139037742655,-0.947844987591372
YLR383W,0.0859202519059181,-1.06667411327362,0.00513494969935533,0.025832903433459,0.0766957917561134,0.0967937633395195,-1.11522846624013,-1.01415262445286
YLR386W,0.2567178606987,-0.591236472129822,0.0145301989101832,0.0244286017040896,0.231241043657064,0.287886418650548,-0.635935079420714,-0.540778823254494
YLR390W-A,8.98964500427246,0.949754774570465,1.2314671416923,0.0586647358689454,6.86550144354502,11.7425799846649,0.836672257791122,1.06976352706429
YLR392C,0.0944009348750114,-1.02637124061584,0.00746769081770964,0.0341648648682695,0.0810995473215977,0.110571988734106,-1.09098156992097,-0.956354880942776
YLR393W,0.139821514487267,-0.85823917388916,0.0185719083879425,0.0576094767696598,0.106138137727976,0.179131202648083,-0.974128536769859,-0.746828764927309
YLR394W,0.00298888585530221,-2.54585576057434,0.000932466157707235,0.138243234387368,0.00145351879376297,0.0050807289701576,-2.83757935403685,-2.29407398335757
YLR396C,0.14876814186573,-0.828361928462982,0.00944033684457482,0.0274826263297184,0.131639453147848,0.168049020692706,-0.880613930885109,-0.774564016749633
YLR397C,0.395737022161484,-0.403223186731339,0.0213516208635322,0.0233527479052742,0.358129653334618,0.439457103610039,-0.445959717674503,-0.357083511565788
YLR398C,0.410534143447876,-0.387158572673798,0.0199260316397223,0.0209733915129932,0.376120889435212,0.451245222489039,-0.424672546443642,-0.345587383171786
YLR399C,0.988957643508911,-0.00551477959379554,0.0560547415802858,0.0244521559121056,0.891553494830926,1.10766057868799,-0.0498525956936169,0.0444066994482942
YLR401C,0.421647667884827,-0.375775307416916,0.0243988013252605,0.0250253688816181,0.377459496259689,0.472510310262442,-0.423129644020666,-0.32558871120789
YLR403W,0.329316198825836,-0.483129799365997,0.0193295140928028,0.0253697651217142,0.295157514760892,0.36979867964983,-0.529946155090173,-0.432034645341953
YLR404W,0.145910650491714,-0.838858783245087,0.0170250763785356,0.0506098886626034,0.115781513725718,0.182127947732806,-0.936360776806105,-0.7396234072338
YLR405W,0.16533225774765,-0.783316969871521,0.0145427317163899,0.0381423382805026,0.138683259114623,0.195979523658752,-0.857975961083539,-0.707789302638964
YLR409C,0.626640677452087,-0.203554108738899,0.03228315708654,0.0222287879275577,0.570648768047492,0.695606037477652,-0.243631116195414,-0.15763665728245
YLR410W,1.03613197803497,0.014885856769979,0.0514181254389658,0.0213989529280373,0.948151592413584,1.14443817238013,-0.0231222212838476,0.0585923349051332
YLR412W,0.109833858907223,-0.96346914768219,0.0153998988436781,0.0603720116460669,0.0831742187341054,0.143451536322633,-1.08001126983269,-0.843294848135799
YLR414C,0.649198532104492,-0.19038724899292,0.0736725339576887,0.0489449462549644,0.519143484532833,0.811384907861551,-0.284712593392405,-0.0907730766114674
YLR418C,0.69395911693573,-0.159802570939064,0.0503944026839524,0.031404839927063,0.604102909564972,0.797234377264976,-0.218889072555637,-0.098413990345696
YLR420W,1.92580044269562,0.28343665599823,0.141984972973842,0.0319164119075131,1.66846311092377,2.2192637304465,0.222316609013374,0.346208915045705
YLR424W,0.0830939412117004,-1.08142840862274,0.00565759087674735,0.0294544452939217,0.0728807476038734,0.0948773996904492,-1.13738718116032,-1.02283722765381
YLR426W,0.153602436184883,-0.815593898296356,0.0147357938649409,0.0416508345898918,0.12633022852242,0.183837741613388,-0.898492724929815,-0.735565323788884
YLR427W,0.163183957338333,-0.78811639547348,0.00989301120651719,0.0262585904779501,0.144831176598867,0.183477976173162,-0.839137941317255,-0.736416063236752
YLR430W,0.206266164779663,-0.686049580574036,0.00972275750306065,0.0203118398105183,0.190044007326166,0.226813819135229,-0.721145820495083,-0.644330488842107
YLR431C,0.0394279509782791,-1.4064826965332,0.00404666005026241,0.0445835052668704,0.0320908674659828,0.0477560593125721,-1.49361854326747,-1.32097151708942
YLR433C,0.35208061337471,-0.454155415296555,0.0213893358325482,0.0262726816429638,0.313508123159409,0.397080372770627,-0.503751201890355,-0.401121582885359
YLR438W,2.86845874786377,0.456674009561539,0.193113122053204,0.0290576566004562,2.52804239988327,3.28117298483849,0.402784353146074,0.516029125538205
YLR439W,0.308795183897018,-0.511831939220428,0.0257848174072601,0.0360824711111939,0.261011298497518,0.364020735025406,-0.583340693798132,-0.438873877750283
YLR440C,0.290183067321777,-0.538012981414795,0.016336905010202,0.0243538543254818,0.260316920777162,0.323871263364951,-0.58449760154694,-0.489627585252141
YLR442C,0.127252116799355,-0.895990610122681,0.00701606962210771,0.0238683044239364,0.114761890657246,0.141658328846097,-0.940202306520065,-0.848757886346765
YLR447C,3.28926825523376,0.515934824943542,0.241208559094028,0.0318094281394352,2.84082676768303,3.78656448125839,0.453444750470109,0.578245356724518
YLR452C,0.507093489170074,-0.295612841844559,0.0290051629776773,0.0245950025831149,0.458894136796395,0.571300500631332,-0.338287491174524,-0.243135396000495
YLR453C,0.0319165922701359,-1.49950551986694,0.00406562333895142,0.0554336728248734,0.0245367213307569,0.0403098043054342,-1.61018347005712,-1.3945893102706
YLR455W,0.280970931053162,-0.553322970867157,0.026944786791306,0.0414732300767259,0.232876647512118,0.338933311899503,-0.632874061268985,-0.469885744639839
YML130C,0.871566593647003,-0.0604303330183029,0.0506733679148621,0.0251606928858912,0.781198257704576,0.977187278866768,-0.107238734262059,-0.0100221954485564
YML128C,0.143859788775444,-0.843217849731445,0.0105358627151286,0.0316562013050272,0.124801099300385,0.166179378082355,-0.903781589188945,-0.779422871555789
YML127W,0.433463424444199,-0.363820672035217,0.0259433149500223,0.02585601356396,0.387130858004093,0.487351112564405,-0.412142209947476,-0.312158039062449
YML125C,1.60026681423187,0.202636867761612,0.136452408624357,0.0366429756275765,1.36833834052086,1.90277866522471,0.136193495877794,0.279388272021631
YML123C,10.1218099594116,1.00461828708649,0.551997121041503,0.0235644641793988,9.14451392491659,11.2500019073486,0.961160622149495,1.05115259607857
YML121W,0.290364414453506,-0.538819313049316,0.0262699486564601,0.0391010868699054,0.243193093190591,0.346471242358287,-0.61404876372444,-0.460332817958601
YML120C,0.397089093923569,-0.401924729347229,0.0243429722499499,0.0265321011537326,0.352796726177136,0.447750687599182,-0.452475456773096,-0.348963738543585
YML118W,0.0120093859732151,-1.92493498325348,0.00172105268247391,0.0624041007843762,0.00888981118332595,0.0156554464250803,-2.05110748923526,-1.80533454816024
YML117W,0.302452981472015,-0.519894123077393,0.0153467015714729,0.0218999760001732,0.275777760644754,0.334812182188034,-0.559440759532402,-0.475198748526775
YML115C,0.940075397491455,-0.0276106260716915,0.0563305142804618,0.0258475723498002,0.840860486030579,1.0591032743454,-0.0752760557109172,0.0249383043127772
YML114C,0.131524920463562,-0.882124006748199,0.00949653350310759,0.0313941918391902,0.113784410369893,0.150504761065046,-0.943917238080148,-0.822449761706622
YML113W,0.586849629878998,-0.234928026795387,0.0742017199402749,0.0548087886763064,0.451952318847179,0.744474414984385,-0.344907382160792,-0.128150223332665
YML112W,0.252882063388824,-0.599373996257782,0.0260961162042511,0.0445931081333026,0.206405067319671,0.308825453122457,-0.685279646048046,-0.510286915489315
YML111W,0.197249561548233,-0.705642819404602,0.0109062298230619,0.0238762325439467,0.178084067751964,0.220119951541225,-0.749374935413109,-0.657340592450116
YML109W,0.145622372627258,-0.83750593662262,0.00847187366662025,0.0252361838918467,0.12979212316374,0.16295002810657,-0.886751664488426,-0.787945560292279
YML107C,0.125016435980797,-0.905300676822662,0.012815994232892,0.0444115411089695,0.102115760805706,0.151357405632734,-0.990907230460468,-0.81999632517915
YML106W,3.87224698066711,0.582528710365295,0.621030984262216,0.0684820232944951,2.8368300418059,5.27755403518677,0.452833314964248,0.722432688604669
YML105C,1.07051420211792,0.0271492190659046,0.114348387885823,0.0459820006986053,0.867464693884055,1.31879448890686,-0.0617482062326339,0.120177123607345
YML103C,0.456329047679901,-0.34119838476181,0.0214838311007317,0.020305036929831,0.42031525572141,0.500578250984351,-0.376424846598845,-0.300528023534058
YML102W,0.231897383928299,-0.635801196098328,0.0165023547986697,0.0308483668880454,0.201594285170237,0.265423170725505,-0.695521784635339,-0.576061167115192
YML100W,0.92721700668335,-0.0333537645637989,0.0461979085204738,0.0214826667171516,0.849999077618122,1.02387094497681,-0.070581545567234,0.0102452189282912
YML097C,0.248431146144867,-0.60593456029892,0.0180709219456952,0.0314719025515831,0.215651860460639,0.285751472661893,-0.666246791213354,-0.544011523389849
YML096W,0.147444427013397,-0.832492411136627,0.0106279742154227,0.0311497434215437,0.128283873200417,0.169910614192486,-0.891827936144794,-0.769779490297175
YML093W,0.72658234834671,-0.139306098222733,0.038019874938443,0.0225937199317038,0.661109792192777,0.806006803611914,-0.179726410715344,-0.0936612931173229
YML092C,1.80610859394073,0.253604054450989,0.219262637886029,0.0520968757348401,1.41813727517923,2.28489279349645,0.151718271996605,0.358865824946343
YML087C,0.0154850780963898,-1.82103884220123,0.00348984616724605,0.0979864070805106,0.00962228942662477,0.0230258620964984,-2.01672158698931,-1.63778410070622
YML086C,1.29308688640594,0.110802382230759,0.0802613349014589,0.026672394924887,1.15604387521744,1.46618559658527,0.0629743168719504,0.166188948795524
YML083C,0.00285166827961802,-2.57617831230164,0.00108151891958939,0.167821880936147,0.00117576374711158,0.00541254867178698,-2.92967996041793,-2.26659818609473
YML082W,0.173454865813255,-0.761766672134399,0.0115149839001919,0.028712006673887,0.152886554226279,0.197945445775986,-0.815630708211936,-0.703454485814335
YML080W,0.278350055217743,-0.556715190410614,0.0216364376235714,0.0336323372323264,0.239102969194452,0.323476321001848,-0.621415033972057,-0.490157514510195
YML075C,0.376623183488846,-0.424669981002808,0.0195043885769025,0.0223318855131758,0.3429394133389,0.418449019392331,-0.464782602539959,-0.37835744568037
YML074C,4.31439399719238,0.633948683738708,0.289815913197761,0.0289979385889878,3.80063856840134,4.92614169915517,0.579856570896659,0.692506895448836
YML072C,1.41314172744751,0.149705529212952,0.066748253794798,0.0203862782653404,1.29873943328857,1.55080518424511,0.113522027103726,0.190557244113769
YML071C,0.216251105070114,-0.665944993495941,0.0139957042182944,0.0279925198982417,0.191026218359669,0.245215227082372,-0.718907021721299,-0.61045256813906
YML069W,1.60658967494965,0.205166667699814,0.0940980757720158,0.0252829489965917,1.44241083661715,1.80520791113377,0.159088976175857,0.256527227459502
YML067C,0.739721357822418,-0.132265672087669,0.0581937387917856,0.0339992049624774,0.635856718818347,0.862834721803665,-0.196640736777739,-0.0640723873425979
YML066C,0.00174330291338265,-2.81114912033081,0.000847343554565495,0.22115436774371,0.000521085690221904,0.00377498745025756,-3.283090857539,-2.42308450315171
YML062C,0.244214043021202,-0.613481163978577,0.0186251038224012,0.0329079533159445,0.211268971736232,0.284324345737696,-0.675164284654134,-0.546185951614243
YML061C,0.1348976790905,-0.870689749717712,0.00765891610087438,0.024515245096577,0.121615454554558,0.151187144344052,-0.915011232618494,-0.820485136195815
YML060W,0.231716901063919,-0.636583507061005,0.0196077458115217,0.0365578391240484,0.196614101529121,0.272818875312805,-0.706385336978662,-0.564125585794326
YML057W,0.360868126153946,-0.443481594324112,0.0224037725758721,0.0268037601653537,0.321055171638727,0.408881962299347,-0.493420331911855,-0.38840204778914
YML052W,1.40744352340698,0.146649435162544,0.12831004579253,0.0392767988382457,1.18176372547944,1.68189509510994,0.0725306543146313,0.225798902118168
YML051W,0.0611563175916672,-1.21577286720276,0.00620148882750512,0.0439201799686991,0.0497690748423338,0.0743645920728644,-1.30304043230483,-1.1286338027932
YML050W,0.0765004605054855,-1.12009263038635,0.0101081642710969,0.0571741572921723,0.0585424809716642,0.0982261202608545,-1.232528876607,-1.00777302630597
YML048W,1.64341056346893,0.214687645435333,0.115113218916724,0.030274226770572,1.4371349811554,1.88255553642909,0.157497560631013,0.274747790152396
YML047C,0.00186974776443094,-2.78462767601013,0.000954177932087057,0.229232836331455,0.000531702260680807,0.00424441552798574,-3.27433150706176,-2.37218212197469
YML046W,0.153190851211548,-0.815723478794098,0.0102270162608679,0.028806301405594,0.13506218791008,0.174905713150899,-0.869466219301322,-0.75719600443183
YML041C,0.118751659989357,-0.928918778896332,0.0153326734860875,0.0555165662312618,0.0922697701180975,0.152091774344444,-1.03494056346254,-0.817894275864025
YML038C,0.193613469600677,-0.71421754360199,0.0141880648275778,0.0315762104781696,0.168875328699748,0.223636146634817,-0.772433792934878,-0.650458003128195
YML037C,0.05808961763978,-1.23923718929291,0.00721222644178132,0.053936359558945,0.0448866616934538,0.0733166319628556,-1.34788269494462,-1.13479749621787
YML035C,0.617540836334229,-0.209947094321251,0.0329051036521832,0.0230396510477038,0.559717937310537,0.68599116752545,-0.252030775020944,-0.163681477999387
YML034W,0.31926167011261,-0.496491938829422,0.0173784268866248,0.0235475647929079,0.287982963273923,0.354983806610107,-0.540633205111494,-0.449791457818927
YML031W,0.405991822481155,-0.392216086387634,0.0236636356356662,0.0251866755541398,0.363805191715558,0.455105751752853,-0.439131107772219,-0.341887675724676
YML029W,0.238615646958351,-0.622972428798676,0.0132968117419163,0.0240581013770337,0.215239053219557,0.266768167416255,-0.667078932457539,-0.573865995386222
YML025C,0.457498043775558,-0.341519385576248,0.0431630242878779,0.0406190182908293,0.380706391731898,0.551778389513493,-0.419409831735254,-0.258235312739667
YML021C,0.31356754899025,-0.505042016506195,0.025014579980605,0.0344990557607461,0.268488702426354,0.366486822565397,-0.571073988675463,-0.435941637645972
YML019W,0.39919775724411,-0.400532007217407,0.0357312428023688,0.0385621661659812,0.336656580120325,0.477934238314629,-0.472812892611976,-0.3206318614012
YML017W,1.07665860652924,0.0313222520053387,0.0636775831870056,0.0256025395601989,0.962934494018555,1.21017694572608,-0.0164032558182527,0.0828488735472868
YML016C,0.256863564252853,-0.590932548046112,0.0139039598076613,0.0234469305377548,0.231771681457758,0.285747580230236,-0.634939628506126,-0.544017438823715
YML015C,0.193080708384514,-0.716099977493286,0.0178612770350452,0.0398714946586707,0.161594203983744,0.231406404450536,-0.791574225394001,-0.635624625703497
YML014W,0.448173046112061,-0.350730329751968,0.0449956438527407,0.0434467432081145,0.36966271524628,0.541473594804605,-0.432194350852071,-0.266422717169345
YML013W,0.286453723907471,-0.543816924095154,0.0182149441688882,0.0274888715440084,0.254057252655427,0.32498100399971,-0.595068403625623,-0.488142023941779
YML010W,1.46890556812286,0.16648368537426,0.0714001475956988,0.0209938924212081,1.34491470654806,1.62070913513501,0.128694742586327,0.209705080019021
YML007W,0.442364007234573,-0.35495999455452,0.0259837913135088,0.0252681619272714,0.396990197151899,0.497891374180714,-0.4012202187823,-0.30286540001174
YML006C,0.102519616484642,-0.990112721920013,0.00668036653405821,0.0281774415255917,0.0905390307307243,0.116572022562226,-1.04316415917312,-0.933405677106873
YML004C,2.05930328369141,0.312180727720261,0.174674721038875,0.0364636230392127,1.7568743377924,2.44772123893102,0.244740688689578,0.388761955622502
YML003W,0.0384616106748581,-1.42113077640533,0.00649131185814863,0.0732763210867661,0.0270082752220333,0.0524835537808637,-1.56850317675074,-1.27997676564539
YMR001C,0.361661165952682,-0.442329674959183,0.0195726470033139,0.0234088648271673,0.326925508429607,0.402859588215748,-0.485551192295463,-0.394846295614963
YMR010W,0.307154566049576,-0.513844847679138,0.0229239845027597,0.032282727961367,0.265843051175276,0.354961216449738,-0.575374687223658,-0.449819095964639
YMR012W,2.39385890960693,0.378612905740738,0.113749911699942,0.0205051230188391,2.20053597887357,2.62949171066284,0.342528471788186,0.419871806059728
YMR013C,0.0860522985458374,-1.06647062301636,0.00648071513110359,0.0327459337054709,0.0737386509155234,0.0992448090886076,-1.13230481229125,-1.00329220071992
YMR014W,0.485793203115463,-0.314328402280807,0.0292632754694987,0.026018007279628,0.433664917200804,0.547696697215239,-0.362845710905026,-0.261459879307061
YMR015C,1.86007559299469,0.268787562847137,0.109343626427288,0.0253824647298138,1.66625204185645,2.09193016489347,0.221740693240118,0.320547181943662
YMR016C,0.237488299608231,-0.62510484457016,0.0139655676150615,0.0253949448230274,0.212520892793934,0.267219990491867,-0.672598368603125,-0.573131055793936
YMR018W,0.000585546484217048,-3.33058834075928,0.000390034141187728,0.312233787633426,8.86208628192738e-05,0.00160363287141081,-4.05246405074541,-2.7948951076124
YMR020W,0.08010084182024,-1.09777092933655,0.0064571301287872,0.0349012671487647,0.0685374844819307,0.0935967199504375,-1.16407183949011,-1.028739370732
YMR021C,0.128938421607018,-0.891380071640015,0.0116618402531403,0.0391150270396445,0.107893794775009,0.153715688238541,-0.967003531892306,-0.813281817825154
YMR025W,0.0602614209055901,-1.22399890422821,0.00821742593330274,0.0593908020687801,0.0451360366928081,0.0775298029184341,-1.34547658010019,-1.11053132001018
YMR026C,0.0928421840071678,-1.03415906429291,0.00870488464825921,0.0407544388802523,0.0768557232494156,0.110895171761513,-1.11432380395559,-0.955087362083296
YMR028W,0.237088277935982,-0.626891791820526,0.0217154556040419,0.0394843332156831,0.19772748661538,0.284054101506869,-0.703932958787872,-0.546598935653651
YMR029C,0.21291708946228,-0.672924876213074,0.0154567211953075,0.0313998648423948,0.184799408788482,0.246490339562297,-0.733299424002758,-0.608200097963859
YMR030W,0.0792195200920105,-1.10339331626892,0.00802549434056041,0.0439541794520417,0.0644928536688288,0.0962190619980295,-1.19048840843951,-1.01673888148025
YMR032W,0.171476379036903,-0.766626954078674,0.0106443701658616,0.0268670133138996,0.152341004212697,0.193628577763836,-0.817183193275993,-0.713030544509382
YMR033W,0.540604412555695,-0.268098622560501,0.0364229612179286,0.0290874906415211,0.475707690666119,0.618846596280734,-0.322659827635138,-0.208416993391022
YMR034C,0.0273584928363562,-1.5665078163147,0.00353044525813438,0.0559736809584485,0.0209437617876877,0.0348856130304436,-1.67894531544791,-1.45735364096924
YMR036C,0.0800842195749283,-1.09784007072449,0.00641071225275538,0.0346919349652242,0.068371011565129,0.0933785455922286,-1.16512799648501,-1.02975289524616
YMR037C,0.309160858392715,-0.510516107082367,0.0176435567399029,0.0246559852603562,0.277544847379128,0.345811419685682,-0.556666830935571,-0.461160699804347
YMR038C,2.76968932151794,0.439578175544739,0.319536560219661,0.0496890816009464,2.21644991834958,3.45320612986883,0.34565792246243,0.538222503159914
YMR041C,0.102633595466614,-0.991123616695404,0.0108266296692525,0.0458529962663891,0.0828209038823843,0.125386133790016,-1.08186003405041,-0.901750488636485
YMR043W,0.544788718223572,-0.266083031892776,0.0563548995772126,0.0448096365885033,0.442969366411368,0.661853240430355,-0.353626307929887,-0.179238301493452
YMR044W,0.431188762187958,-0.366304993629456,0.0289637983484607,0.0290111536706994,0.379702059179544,0.492962755759557,-0.42055704885276,-0.307185891239055
YMR048W,0.207778215408325,-0.684531688690186,0.0205983013302192,0.0430465395078376,0.170407650495569,0.250127735485633,-0.768510912500476,-0.601838153236806
YMR049C,1.1505491733551,0.0602661818265915,0.0626424343616655,0.0235235823866273,1.04302892486254,1.27959942817688,0.0182963516698,0.107074037336045
YMR053C,0.0116962715983391,-1.93501782417297,0.00138801547068663,0.0517217109839546,0.00909250754242142,0.0145649240740264,-2.04131633125755,-1.83669179080957
YMR054W,0.372507005929947,-0.429490476846695,0.0200500081844295,0.023298267219284,0.33627051115036,0.413214087486267,-0.473311215962797,-0.383824880731174
YMR055C,0.0718727260828018,-1.14726078510284,0.00955730967174579,0.0577135492557254,0.0549132047221065,0.091905704823633,-1.26032321129036,-1.03665753033036
YMR062C,0.430062055587769,-0.36750203371048,0.0297967016794408,0.0299188610724056,0.376319527626038,0.492963161071142,-0.424443245086483,-0.307185534691409
YMR063W,0.100151315331459,-1.00646698474884,0.0182074545412817,0.0788338569885998,0.0690493331601222,0.139854246129592,-1.16084051290912,-0.854324343431536
YMR064W,0.0700909048318863,-1.15580880641937,0.00577207470360254,0.0356959028290175,0.0594352055341005,0.0822197506204247,-1.22595623479357,-1.08502384489291
YMR065W,0.00344185787253082,-2.48034238815308,0.000965819332823489,0.123245328993137,0.00184361821156926,0.00560629948352774,-2.73432906454813,-2.25132371328972
YMR066W,0.0589554496109486,-1.23037552833557,0.00380742799034206,0.0279705548902821,0.0520145592900614,0.0668831840157509,-1.2838750773452,-1.17468306021683
YMR067C,0.385679870843887,-0.415075689554214,0.0299982815969943,0.0335904159249847,0.333374922722578,0.449051944414775,-0.477067073443494,-0.347703419730655
YMR070W,0.225697681307793,-0.647667050361633,0.0168045515715982,0.0321928989988695,0.19514911894997,0.261608414600293,-0.709633405127211,-0.582348291416784
YMR075W,0.127515584230423,-0.895414233207703,0.00859794387367151,0.02916232943661,0.111915788985789,0.145219844703873,-0.951108639259024,-0.837974032261348
YMR076C,0.267446130514145,-0.573313772678375,0.0135132806407473,0.0218009825245045,0.24421334763368,0.295610278844833,-0.612230603747856,-0.529280468897037
YMR078C,0.107337489724159,-0.97018027305603,0.00705715076332558,0.028465279175556,0.0948114693164825,0.122027469302217,-1.02313912300404,-0.913542397719135
YMR079W,2.99637413024902,0.475050985813141,0.25398671269111,0.0365599885408116,2.55220341682434,3.53658437728882,0.406915285749756,0.548584023578733
YMR080C,0.500246703624725,-0.301385670900345,0.0257537837728588,0.0222319312998711,0.455289509395758,0.554634209473928,-0.3417123565035,-0.255993347200501
YMR081C,0.00576803041622043,-2.26307368278503,0.00190650897617786,0.147273146186837,0.00264912704005837,0.010146526619792,-2.57689721441949,-1.99368260090542
YMR083W,5.17044353485107,0.712326526641846,0.386029428661036,0.0322405701596268,4.48404761552811,6.00216388702393,0.65167021495847,0.778307849512431
YMR085W,0.00103251822292805,-3.05085301399231,0.000563224420224015,0.247183702104523,0.000257463165326044,0.00241011288017035,-3.58928489570986,-2.61796261631017
YMR086W,0.340907514095306,-0.467937886714935,0.0176289183836683,0.0223356685015968,0.30976422354579,0.377947390079498,-0.508968743579444,-0.422568649338217
YMR087W,0.121811255812645,-0.917340040206909,0.0144357741442134,0.0513251003480289,0.0958448062340418,0.152789216240247,-1.01843141729254,-0.815907297052887
YMR088C,0.247745111584663,-0.606846809387207,0.0155437403527755,0.0271480777685771,0.220051507279277,0.279674268265565,-0.657475652836937,-0.553347489561109
YMR089C,0.398853570222855,-0.399776577949524,0.0208644789352144,0.0226224889249252,0.361743241548538,0.442115383843581,-0.441599574059912,-0.354464373670738
YMR090W,0.143115416169167,-0.852682054042816,0.0284361034223297,0.0851630541725401,0.0947456074257692,0.208430314188202,-1.02344092391083,-0.681039157259993
YMR091C,0.832354187965393,-0.0806184411048889,0.0545294769089023,0.0283485695026995,0.734065306186676,0.946492419640223,-0.134265301628903,-0.0238828620255108
YMR092C,1.60642457008362,0.205176174640656,0.0902635882099791,0.0243389523974603,1.44115964273612,1.79270863433679,0.158712091866857,0.253509709875276
YMR093W,0.554878771305084,-0.256618201732635,0.034138547457131,0.0266027830560895,0.492304071038961,0.624396763245265,-0.307766573060664,-0.204539357419564
YMR098C,0.128984570503235,-0.890410840511322,0.00853366024553826,0.0286887786871531,0.113565435446799,0.146577581763268,-0.94475382966756,-0.833932447573552
YMR099C,2.75063037872314,0.437669098377228,0.24896416800271,0.0390787359113274,2.31685936252276,3.29454350471497,0.364899672069565,0.51779524681538
YMR100W,0.11216226965189,-0.951132416725159,0.00757051396849215,0.0291481964125769,0.0986916281903783,0.127568846320113,-1.00571968609176,-0.894255372051357
YMR102C,0.167007550597191,-0.777963936328888,0.00948763525161652,0.024585290317545,0.150006222724915,0.186705680564046,-0.823890725043851,-0.728842468550368
YMR105C,0.670520305633545,-0.17433799803257,0.0394676609573357,0.0255171005424775,0.597794289886951,0.75119969646136,-0.223448237650717,-0.124244596495189
YMR106C,0.0905162766575813,-1.04427313804626,0.00616367671454169,0.0295067383384069,0.0792057290673256,0.103214651159942,-1.10124340411329,-0.986258650963028
YMR108W,4.1635890007019,0.618870556354523,0.219338222230203,0.0227256599580137,3.78397686680158,4.62569455305735,0.577948467618333,0.665176951750223
YMR110C,0.421576023101807,-0.375954419374466,0.0261969190310254,0.0268317616467628,0.375155703226725,0.476377844810486,-0.425788447240839,-0.322048444712965
YMR113W,0.219573974609375,-0.659552812576294,0.0158747516395823,0.0313502989454234,0.18985488054653,0.252316090961297,-0.721578234152457,-0.598055054038916
YMR115W,0.260540097951889,-0.585116863250732,0.0176303711282447,0.0293051409981209,0.228361349925399,0.296976685523987,-0.641377399808076,-0.527277644102725
YMR116C,28.1668319702148,1.44836890697479,2.24998643659106,0.0344565756577066,24.1429817676544,33.0626034418742,1.38279090581717,1.51933703901936
YMR119W,0.152169063687325,-0.818584382534027,0.00991431086150598,0.0281236547655016,0.134572090953588,0.173837034031749,-0.871044999599392,-0.759857719747885
YMR120C,2.97506976127625,0.472840130329132,0.164276267612712,0.0238698687994436,2.68403572241465,3.3138808786869,0.428788291161204,0.52033689312501
YMR124W,0.190675303339958,-0.720381200313568,0.010684100153008,0.0242164926572893,0.171763518576821,0.212899978955587,-0.765069072478515,-0.671824381574012
YMR125W,0.85674911737442,-0.0677384361624718,0.0450002773925391,0.0226196005481886,0.781550850967566,0.953046375016371,-0.107042760049238,-0.0208859662925279
YMR127C,0.0728942900896072,-1.14013886451721,0.00829912135764182,0.0498038810776891,0.057419090004017,0.0904815637816985,-1.24094369497635,-1.04343990524077
YMR128W,0.542648017406464,-0.265996009111404,0.0265606618781678,0.0211128823615831,0.497533645232519,0.599154345194499,-0.30317754657762,-0.222461286741185
YMR129W,0.392445296049118,-0.406732648611069,0.0191462973356718,0.0210768144613605,0.359515637159348,0.431624412536621,-0.444282215199528,-0.36489399973957
YMR130W,0.395531445741653,-0.405010640621185,0.0399707438116661,0.0435611436745948,0.32548879062136,0.482517219583193,-0.487463964872166,-0.316487184296114
YMR131C,1.37216329574585,0.136570319533348,0.085410141865284,0.0269392721713111,1.21767196456591,1.54546023110549,0.0855303067019599,0.189057833071993
YMR133W,0.00134657602757215,-2.92350625991821,0.000660330072612266,0.22138915159473,0.000390539669266824,0.00298788209911436,-3.40833484601152,-2.52463654920814
YMR134W,0.416599959135056,-0.385460168123245,0.0648897976993646,0.0669968337902873,0.305349806696177,0.555692047377427,-0.51520235061294,-0.255165823170343
YMR137C,0.0505657829344273,-1.29760718345642,0.00415539286675211,0.0357112765840636,0.0428856020793319,0.0589300952851772,-1.36768848842313,-1.22966285668538
YMR139W,0.240099176764488,-0.62111884355545,0.0200539233907235,0.0362043671012107,0.203557663286726,0.281602169076602,-0.691312544445754,-0.550364004371678
YMR140W,0.192846402525902,-0.715943932533264,0.0140998714214339,0.0316711559578659,0.167263771717747,0.221635150164366,-0.776598116780145,-0.654361361695775
YMR145C,1.25219237804413,0.0968935564160347,0.0752987800017964,0.0259395049563323,1.11899305184682,1.41530352433523,0.0488273889564485,0.150849588093532
YMR146C,4.46671581268311,0.648691296577454,0.347279151249721,0.0335281691856824,3.85312120119731,5.20307424465815,0.585812669816386,0.716260022997389
YMR149W,1.19517147541046,0.0754270404577255,0.115529011015417,0.0416366711635123,0.992942789196968,1.44277908404668,-0.00307577390153749,0.159199837482772
YMR152W,0.66879814863205,-0.17598669230938,0.0515502646046659,0.0333078727135246,0.576980112989743,0.778934895992279,-0.238839155804543,-0.108498839494143
YMR153W,0.545879423618317,-0.263830214738846,0.0357905916082186,0.0283372495418217,0.481925712029139,0.621464903652668,-0.317019902567223,-0.20658339536731
YMR156C,0.0864721164107323,-1.07245123386383,0.0181382176128858,0.090000425435425,0.0567738376557827,0.127600312232971,-1.24585174843094,-0.894148262911952
YMR157C,0.35615286231041,-0.452070325613022,0.0470882349004466,0.0565579608615991,0.276075916488965,0.458057552576065,-0.558971477432695,-0.339079951699391
YMR165C,0.184936717152596,-0.733659327030182,0.0103872837137476,0.0242429878770125,0.166706392168999,0.206854790449142,-0.778047748211699,-0.684334417038046
YMR167W,0.106805481016636,-0.972294330596924,0.00683705872042937,0.0277595769020547,0.0940853135660291,0.120832905173302,-1.0264781639801,-0.917814782691562
YMR168C,0.0614000260829926,-1.2133321762085,0.00512315990843995,0.036048550881711,0.0520747021151086,0.0722027650723855,-1.28337321081107,-1.14144617327104
YMR171C,0.160647749900818,-0.795220732688904,0.0114875363013862,0.0307905482121496,0.140393972521027,0.185453394427896,-0.85265153882908,-0.731765213205035
YMR173W,6.89401483535767,0.837588787078857,0.441451838341905,0.0276527517926244,6.10547075271606,7.81843454440435,0.785719147525266,0.89311980450458
YMR177W,0.132852777838707,-0.87781286239624,0.00983321818101046,0.0320398691984371,0.115060555065672,0.153584683562318,-0.939073535280582,-0.813652092887994
YMR178W,0.726490497589111,-0.141181379556656,0.0768644290097229,0.0457346357224764,0.588324503103892,0.888152017196019,-0.230383063349206,-0.0515126936543036
YMR179W,0.151774749159813,-0.819562375545502,0.00901208160936464,0.0256976593595846,0.135384172201157,0.170268019537131,-0.86843210616416,-0.768866916184114
YMR180C,0.0446659587323666,-1.35482776165009,0.00665760579892432,0.0647400588535748,0.0327233276329935,0.0589209656541546,-1.48514254213001,-1.22973014479561
YMR183C,2.22527670860291,0.345493763685226,0.209003973425165,0.0404299562671039,1.86145670910676,2.67482285896937,0.269852939330035,0.427295011976695
YMR185W,0.087187834084034,-1.06037545204163,0.00542166692278409,0.0268629020460577,0.0775043937688073,0.0986612953866522,-1.11067367754213,-1.00585318673957
YMR187C,0.0661590769886971,-1.18162798881531,0.00671770923312164,0.04390137913521,0.0542571429473658,0.080430845854183,-1.26554308453022,-1.09457736400364
YMR188C,0.667053043842316,-0.180782034993172,0.101888966378242,0.0653028575553206,0.494989078988632,0.895869817833106,-0.305404383229664,-0.0477550976666758
YMR189W,0.911417067050934,-0.0408240519464016,0.0456306886066053,0.0216110549201451,0.832499167323112,1.00763090948264,-0.0796161924599957,0.00330148000579458
YMR192W,0.227152287960052,-0.644446611404419,0.0135445278434606,0.0257148604031503,0.203426559517781,0.25644064048926,-0.691592345915472,-0.591013148161874
YMR193W,0.43305703997612,-0.366380244493484,0.050513045253067,0.0503607473770811,0.342346226175626,0.538771639764309,-0.465534463634869,-0.268595289577246
YMR199W,0.230996698141098,-0.63727742433548,0.0147654617375602,0.0276873113685516,0.203810268888871,0.26201166237394,-0.690773938052078,-0.581679377413594
YMR200W,1.29681098461151,0.109928786754608,0.152144472905463,0.0505174054788662,1.03090671002865,1.6207537372907,0.0132193657521473,0.20971701633766
YMR205C,9.16687393188477,0.96170300245285,0.451374157233179,0.0212509830999954,8.3830291112264,10.1149936755498,0.923400974127302,1.00496561492957
YMR206W,0.00194560643285513,-2.77646064758301,0.00107377439182625,0.247866159224198,0.000495540967676789,0.00465872185304761,-3.30492043542595,-2.33173321814002
YMR208W,0.659297585487366,-0.181868866086006,0.0438830451102609,0.0286812878964652,0.582549360394478,0.755435304840406,-0.234667270279657,-0.1218027229135
YMR209C,0.186685964465141,-0.730017721652985,0.0135259810854174,0.031270815577511,0.162309436872602,0.215234245980779,-0.78965622939049,-0.667088628512531
YMR210W,0.146730914711952,-0.834764182567596,0.0113118021464351,0.0334149016127115,0.126313537359238,0.170647550870975,-0.898550102450525,-0.767899940478671
YMR211W,0.083715133368969,-1.07874357700348,0.00706554948728924,0.0366521576420632,0.0703321314106385,0.0987645102664828,-1.15284622112169,-1.00539908829604
YMR212C,0.37293541431427,-0.429009616374969,0.0203387087628829,0.0236241771649158,0.33593415915966,0.414055733134349,-0.473745833857134,-0.38294119960813
YMR213W,0.127737417817116,-0.894604861736298,0.00835484846100671,0.0282641760862394,0.112749123635391,0.145418473208944,-0.947886825139009,-0.837380419559103
YMR214W,0.954599142074585,-0.0213800389319658,0.0712026568864708,0.0322432185970157,0.826988219718138,1.10478581885497,-0.0825006769584404,0.0432780724722181
YMR217W,6.68490791320801,0.824438989162445,0.368649393031962,0.0238621471287424,6.03187969128291,7.44796394904455,0.780452669889346,0.872037565805953
YMR220W,0.657573640346527,-0.182972759008408,0.0429733799477363,0.0281669682724606,0.582105847199758,0.749146938323975,-0.234998038824775,-0.125432991052793
YMR221C,0.425563037395477,-0.371978312730789,0.0281761596961145,0.0285448145399448,0.376359581947327,0.487432995438576,-0.424397022544878,-0.312085076702913
YMR227C,0.225093528628349,-0.648475408554077,0.0140497257862234,0.0269526446600282,0.200606985638539,0.255083552002907,-0.697653948263487,-0.593317544813955
YMR228W,0.206357225775719,-0.68691074848175,0.0173648254283951,0.036423846556494,0.175287750114997,0.242381004989147,-0.756248433318674,-0.615501418309027
YMR229C,2.22516441345215,0.34691995382309,0.100722414777968,0.019526584634288,2.05300437808037,2.43530268073082,0.312389875494191,0.386552945645407
YMR231W,0.21400298178196,-0.67019134759903,0.0113952452573132,0.0230188366392551,0.193863527849317,0.23791443730394,-0.712503888522306,-0.623579203658197
YMR232W,0.00556336576119065,-2.26112103462219,0.00095993721384198,0.0752680692802464,0.0038368077405418,0.00761742706332977,-2.41602999515152,-2.1181916967875
YMR233W,0.222458496689796,-0.659322619438171,0.0389527373161679,0.0756202432618217,0.154765332738558,0.309609226882458,-0.810326323324331,-0.509186118425924
YMR234W,0.152311846613884,-0.818869411945343,0.0130782293500477,0.0374020404653977,0.127504191795985,0.17876340188086,-0.894475547783279,-0.747721389463031
YMR237W,0.667769730091095,-0.176013290882111,0.0363964166351458,0.0235098885691199,0.604189230501652,0.745519369840622,-0.218827020167669,-0.127541068377219
YMR238W,0.587625741958618,-0.231829792261124,0.0385856822641261,0.0284342334598445,0.516953836878141,0.667845699191093,-0.286548238417699,-0.175323867330853
YMR240C,0.13669827580452,-0.865539729595184,0.0106108775312411,0.0335360361876931,0.117602609594663,0.159251765906811,-0.929583041573793,-0.797915743660418
YMR241W,2.30513787269592,0.361340314149857,0.182826549446627,0.0342960980860668,1.97884714702765,2.68494239846865,0.296412248332082,0.42893497273116
YMR243C,1.60082864761353,0.203477025032043,0.101621825974213,0.0274218599527948,1.42098309397697,1.81430094242096,0.152588910928186,0.258709326152152
YMR244W,0.00478813285008073,-2.34200263023376,0.00152113071416307,0.140828839227771,0.00230374456732534,0.00825101033163567,-2.63756572026833,-2.08349288055079
YMR247C,0.283462882041931,-0.548004388809204,0.0136666522097917,0.0208310464228425,0.259883996595939,0.311695386221011,-0.585220463225039,-0.506269626479438
YMR250W,0.272984236478806,-0.564730882644653,0.0173706209835431,0.0273937169006599,0.242878169814746,0.310626057038705,-0.614611523654255,-0.507762116662916
YMR251W,0.00207713292911649,-2.72897720336914,0.0009532355849076,0.2074260276623,0.000648595091479365,0.00434337156669547,-3.18802640698746,-2.36217302426584
YMR253C,0.14626507461071,-0.836581766605377,0.0131003063627405,0.0385997995228005,0.122989150509238,0.174317976459861,-0.910133198858649,-0.758657825119194
YMR258C,0.149669572710991,-0.82597404718399,0.0107170567593323,0.0309636173703215,0.130097298820814,0.172281727194786,-0.885731727357149,-0.763760782907785
YMR259C,0.26444274187088,-0.578185021877289,0.0129662889977122,0.0211711072441635,0.241729470963279,0.291431933641434,-0.616670399824183,-0.535462862159686
YMR261C,0.926606178283691,-0.0336350128054619,0.0459534665219555,0.0213924624240013,0.849319925407569,1.02484637796879,-0.0709286871046407,0.0106587703713677
YMR262W,0.128745093941689,-0.892922878265381,0.0143293744691164,0.047957194280724,0.103803673759103,0.159966711203257,-0.983787275936805,-0.795970383900663
YMR265C,0.0755035728216171,-1.12382900714874,0.0069020298123478,0.0394349521385993,0.0633757270872593,0.0901420808707674,-1.19807704705583,-1.0450724284509
YMR266W,0.540273010730743,-0.267966598272324,0.0280370460391284,0.022422240186585,0.490776270627975,0.599617244799932,-0.309116443875891,-0.222125886259761
YMR267W,0.330063849687576,-0.483542144298553,0.0329783435762824,0.0430334184343687,0.271753901988268,0.400807320574919,-0.565824211560739,-0.397064363707043
YMR271C,0.0259893648326397,-1.6185542345047,0.0103054814439081,0.172505015165568,0.0105969558702782,0.051117996747295,-1.97481888323604,-1.2914263303703
YMR276W,3.01922178268433,0.478660643100739,0.22893095176136,0.0326410714379619,2.62195332845052,3.51726633906364,0.418624956510031,0.546205255673659
YMR277W,0.279854506254196,-0.553855001926422,0.0168831321332671,0.0260943819247182,0.2495010347416,0.314755613853534,-0.602927649012686,-0.502026515289844
YMR278W,0.403897136449814,-0.394486278295517,0.0239230283301718,0.0256079851771862,0.360806542634964,0.453953754901886,-0.442725595842191,-0.342988387540969
YMR279C,0.00470020156353712,-2.33936071395874,0.00107683101964634,0.100691605590488,0.00284442953610172,0.00706022314649696,-2.54600482619141,-2.15118157473636
YMR281W,0.258660435676575,-0.589356064796448,0.0253942789603016,0.0425723236510789,0.21284797154367,0.310562580823898,-0.671930488935597,-0.507850872885257
YMR284W,0.0926169455051422,-1.03443765640259,0.00668307961393221,0.0313197285591064,0.0802254850665728,0.106237418949604,-1.09568764839714,-0.973722489082618
YMR285C,0.270118296146393,-0.569398999214172,0.0180030465646027,0.0287245336278569,0.237670271595319,0.309245936324199,-0.624025137542297,-0.509695999031713
YMR288W,0.184194073081017,-0.735365867614746,0.0100503450054886,0.0236181398332056,0.165870075051983,0.204545706510544,-0.780231958909646,-0.689209632070513
YMR289W,0.217262282967567,-0.664783418178558,0.019698843300606,0.0391201532601269,0.182514013846715,0.259698835760355,-0.738703784309381,-0.585529997563388
YMR290C,1.89202380180359,0.276048809289932,0.120709401495251,0.027566838460677,1.67579196095467,2.14651982784271,0.224220102696526,0.331734904500168
YMR291W,0.515581548213959,-0.288517624139786,0.0317033979477937,0.026550540703681,0.459865542252858,0.583122074604034,-0.337369130914799,-0.23424051766443
YMR296C,0.883530676364899,-0.0545742250978947,0.0537376965709118,0.0262292647724539,0.791016991436482,0.998493935167789,-0.1018141876819,-0.000654569641670006
YMR300C,1.4373174905777,0.156761720776558,0.0869722867812647,0.0261890688951277,1.28156824409962,1.61511507431666,0.107741737163525,0.208203470535617
YMR301C,0.21283745765686,-0.672677218914032,0.0123485197455772,0.0250905709247402,0.19116344836851,0.238620611901085,-0.718595143928689,-0.622292045096126
YMR302C,0.213039115071297,-0.672251105308533,0.012261957336622,0.0248021407490786,0.191588955745101,0.240238517522812,-0.717629534953486,-0.619357360769319
YMR304W,0.341499507427216,-0.467159122228622,0.0172357107246417,0.0217543372213694,0.312515199184418,0.378169544786215,-0.505128855883421,-0.422313450298967
YMR307W,10.6985931396484,1.02862107753754,0.611552797414997,0.0247019683886374,9.61348377068837,11.9812008857727,0.982880796822063,1.07850034902236
YMR308C,1.07062017917633,0.0291204620152712,0.052443303707895,0.0211302723929107,0.981176793575287,1.17960770527522,-0.00825273211402349,0.0717376003738463
YMR309C,2.63210773468018,0.419762641191483,0.131846469882289,0.0216378156658038,2.40267637968063,2.91022786696752,0.380695278345717,0.463926994989208
YMR310C,0.313196063041687,-0.506036400794983,0.0290837573060585,0.0400212701947481,0.261362997442484,0.375062945236762,-0.582755897804042,-0.425895840900289
YMR312W,0.37988692522049,-0.422957092523575,0.0418641806305914,0.0475806381003473,0.305675914635261,0.468993556996186,-0.514738779710737,-0.328833143082753
YMR313C,0.153956562280655,-0.813496291637421,0.00989340871704265,0.0278562473888537,0.136236235499382,0.174352323884765,-0.86570736558195,-0.758572260828152
YMR314W,2.12285828590393,0.322763234376907,0.296701995734159,0.059961970068773,1.61245126724243,2.78688039580981,0.207486597565416,0.445118327889998
YMR315W,2.3009831905365,0.36070317029953,0.172309083495517,0.0323839354866794,1.99215905070305,2.66567830443382,0.299324006193732,0.425807731989787
YMR316W,0.0676987245678902,-1.17240190505981,0.0079592070116896,0.0508683493895574,0.053714810932676,0.0843261891355117,-1.26990594918552,-1.07403752592168
YMR318C,3.11934280395508,0.492942869663239,0.225027723061451,0.0311702944867559,2.71486180623372,3.5871536274751,0.433747726330348,0.55474997555311
YMR319C,0.296288043260574,-0.529157698154449,0.0188533893757526,0.0274941256159222,0.262451378256083,0.336236111819744,-0.580951145118337,-0.473355647820677
YNL329C,0.0750830695033073,-1.12524211406708,0.00451704756847947,0.0260401573836541,0.0668447690084577,0.0844663947820663,-1.17493257630126,-1.07331604239818
YNL327W,2.22591495513916,0.346977323293686,0.110716137353486,0.0214167317091557,2.03850574890772,2.46413483818372,0.309311940566591,0.391664468436934
YNL326C,0.147290289402008,-0.834083020687103,0.0150887682537576,0.0442335425190422,0.120578076131642,0.179838468506932,-0.918731649777979,-0.745117408490489
YNL323W,0.659886598587036,-0.181651458144188,0.0474939657208789,0.0311583958923335,0.572199314335982,0.759703987340132,-0.242452673431863,-0.119355595648341
YNL320W,0.422226369380951,-0.376308232545853,0.0390216942083708,0.0401856512807646,0.34925719772776,0.502091825008392,-0.456854636127732,-0.299216849692468
YNL318C,0.00156490609515458,-2.83107137680054,0.000537316166060966,0.151363778845031,0.000694907600215326,0.00279812182804259,-3.15807294183085,-2.55313371657065
YNL317W,0.140841767191887,-0.852588593959808,0.0110547623172661,0.0337642455887225,0.121558542487522,0.16438375475506,-0.915214516524352,-0.784141109540845
YNL316C,0.228744700551033,-0.642486989498138,0.0211009950800741,0.0399205675769528,0.191368944073717,0.272182860473792,-0.718128539452356,-0.565139233853682
YNL315C,0.529633283615112,-0.277549207210541,0.0445183192477487,0.0363714370769717,0.448687375833591,0.622898459434509,-0.34805615346255,-0.205582744493019
YNL314W,0.0934643670916557,-1.03500747680664,0.0151768913662346,0.0700974553536602,0.0673530589789152,0.126484751701355,-1.17164267806951,-0.897961827461403
YNL313C,0.458926618099213,-0.338822871446609,0.0234948056221478,0.0221478392883532,0.417772878706455,0.506611824035645,-0.379059765421922,-0.295324678237716
YNL311C,0.0852324068546295,-1.070356965065,0.00570091446453953,0.0289166140744018,0.0749328592171272,0.0970944913725058,-1.12532769610913,-1.01280541310764
YNL309W,0.170310541987419,-0.770017385482788,0.0130198831012816,0.033089402683328,0.146784286325177,0.19820536673069,-0.833320435818663,-0.702884590466435
YNL308C,1.07478165626526,0.0306198392063379,0.0612396495726081,0.0246387478116257,0.965984538197517,1.20325048069159,-0.0150298249888151,0.0803560438475352
YNL307C,1.12344455718994,0.0493987016379833,0.082038436302394,0.0316133276902403,0.973880034685135,1.29361331065496,-0.0114945375754451,0.111804468546565
YNL305C,0.490332365036011,-0.311591327190399,0.04808811670102,0.0425366052683256,0.403085674345493,0.590764546394348,-0.394602638058748,-0.228585575934278
YNL304W,0.116746179759502,-0.934379279613495,0.0101086303373202,0.0375598463453642,0.0983867838978767,0.13773255298535,-1.00706323559701,-0.860963404089099
YNL299W,0.122568689286709,-0.912571310997009,0.00813983325842817,0.0286815354900882,0.108060823691388,0.139870705207189,-0.966331727845134,-0.85427323546822
YNL298W,0.197227910161018,-0.705744981765747,0.0113550863945908,0.0248257625870365,0.177302637696266,0.221931327879429,-0.751284805755659,-0.653781388838948
YNL297C,0.232303828001022,-0.63445246219635,0.011289951501272,0.0210054011008951,0.212708608309428,0.255817855646213,-0.672214934335356,-0.592069145812985
YNL295W,0.0954283326864243,-1.02159655094147,0.00730499411842417,0.0332060419933052,0.0818714868898193,0.110351917830606,-1.08686733693203,-0.957220115623976
YNL294C,0.0511859320104122,-1.2925318479538,0.00450437148890766,0.038297590835804,0.0426969635610779,0.0603402201396724,-1.36960301076707,-1.21939311080778
YNL293W,0.109987191855907,-0.95966237783432,0.0074988919679218,0.0295181382870155,0.0963992436106006,0.12538481640319,-1.01592637383918,-0.901755052578483
YNL292W,0.569972217082977,-0.245296612381935,0.0416133041892941,0.0315551481117703,0.496098747104406,0.659225515027841,-0.304431869772731,-0.180965992484248
YNL291C,0.189254999160767,-0.723978161811829,0.0130040853296957,0.0298509944959321,0.164980912953615,0.215553795297941,-0.782566299469061,-0.666444326072019
YNL290W,0.611568093299866,-0.215026661753654,0.0506859788903069,0.0356459829609639,0.523212349911531,0.720523765683174,-0.281322013477951,-0.142351689888489
YNL289W,0.614994525909424,-0.213397189974785,0.0630925594314809,0.0443773595004667,0.50057969391346,0.749207699298859,-0.300526780353722,-0.125397772377007
YNL288W,0.428897619247437,-0.368997573852539,0.0339924760184628,0.0342144397765534,0.368627263853947,0.501372766494751,-0.433412548169732,-0.299839260646957
YNL287W,1.68748009204865,0.226689726114273,0.0853048248995623,0.0218290617222316,1.53826532860597,1.86832345326742,0.187031248930355,0.27145206533594
YNL286W,0.176807597279549,-0.755632519721985,0.0213464862294756,0.0521109406001577,0.138090529044469,0.222861850013335,-0.859836110454977,-0.651964274762765
YNL283C,0.209170803427696,-0.680578529834747,0.0147833039680607,0.0305988802342399,0.181722371156017,0.239603823795915,-0.740591605055912,-0.620506255553118
YNL280C,0.858203589916229,-0.0673993304371834,0.058316197266103,0.0292787446109334,0.755276032288869,0.983774749934673,-0.121894299070538,-0.0071043594342833
YNL278W,0.141061469912529,-0.851263880729675,0.00787598226281567,0.0240760724769732,0.127182860424121,0.15768771879375,-0.895571412397887,-0.802202129549384
YNL275W,0.0737617760896683,-1.13353848457336,0.00586313137206613,0.0344770203170358,0.0630400113140543,0.0860002880295118,-1.20038371779629,-1.06550009449194
YNL274C,0.293375939130783,-0.534245669841766,0.0257422340277597,0.0380911548415459,0.246104488645991,0.346821042398612,-0.608880465225342,-0.459894566305198
YNL273W,0.107250913977623,-0.970262110233307,0.00594743632330397,0.0239556768057184,0.0966895819952091,0.119921753555536,-1.01462031760452,-0.921102031042387
YNL272C,0.190472900867462,-0.720915853977203,0.0112438070865001,0.0254339790220584,0.17105822066466,0.214697619279226,-0.766856052033624,-0.668172774422472
YNL271C,0.18119503557682,-0.742354452610016,0.00873956800962761,0.0208096536498809,0.166372057050467,0.199597073098024,-0.778919614321322,-0.699845831702124
YNL267W,0.213248953223228,-0.67170375585556,0.0111997088528231,0.0226279481719241,0.194181114435196,0.237011744827032,-0.711793010758688,-0.625230133756889
YNL265C,0.628680646419525,-0.203618243336678,0.061256936541749,0.0421518917829272,0.517283287147681,0.759317458669345,-0.286271557926107,-0.119576615755199
YNL264C,0.381938815116882,-0.41959673166275,0.0328273883460722,0.0371049687003185,0.322727259745201,0.450994991511107,-0.491164350844289,-0.345828281118131
YNL262W,0.231981858611107,-0.635007679462433,0.0107606747699837,0.0200242467304448,0.213757405678431,0.254248388111591,-0.670078830136887,-0.594741792184612
YNL261W,0.153380826115608,-0.815438389778137,0.0115159278732992,0.0323338618833525,0.133097978308797,0.177858248353004,-0.875828542948324,-0.749925989173006
YNL258C,0.229386821389198,-0.640149712562561,0.0132357517061055,0.0248888951806225,0.20663893284897,0.257429408282042,-0.684787849694515,-0.589341845118226
YNL256W,0.264476329088211,-0.578277170658112,0.0147113388310216,0.0240284786033106,0.238312875231107,0.295328350116809,-0.622852493659714,-0.529694860829938
YNL254C,0.0699651092290878,-1.1573224067688,0.00706660621941936,0.0437319143945695,0.0571096310702463,0.0849648111810286,-1.24329064575505,-1.07076095685937
YNL253W,0.23174487054348,-0.636212289333344,0.0174410687322628,0.0325556733218104,0.200167993331949,0.268611844132344,-0.698605365369864,-0.570874842733432
YNL252C,0.381112694740295,-0.421396344900131,0.0407825943092228,0.0460339331838687,0.309697985649109,0.469221323728561,-0.509061619390781,-0.328622259627231
YNL251C,0.840705752372742,-0.0761259570717812,0.050407450661369,0.0257911983986892,0.755403515696526,0.950885762274265,-0.121820998894658,-0.0218716670362231
YNL250W,0.0788957849144936,-1.1036411523819,0.0044814667084642,0.0245426712528864,0.0709917817885677,0.0883433139572541,-1.14879192366428,-1.05382631911505
YNL249C,0.0540049150586128,-1.26923763751984,0.00475189452072962,0.0381274699902102,0.0451881422971686,0.0641011560335755,-1.34497551300265,-1.19313413880057
YNL248C,1.5659031867981,0.193792000412941,0.104952852919503,0.0290744133615009,1.37169085939725,1.78028567433357,0.13725624445166,0.250489696508888
YNL247W,1.83627736568451,0.263350009918213,0.0958922522078753,0.022544196001245,1.66915984551112,2.03913730184237,0.222497928413908,0.309446469040318
YNL242W,0.0819643437862396,-1.08700048923492,0.00441370055606525,0.0232600608190014,0.0743068218231201,0.091222979562978,-1.12897131383237,-1.03989574675778
YNL241C,2.27489757537842,0.356184720993042,0.13665893472363,0.0259558651237379,2.03234959244728,2.56457900802294,0.307998414729626,0.409016083025778
YNL240C,0.172421768307686,-0.76446408033371,0.0120456494474559,0.0302310866562496,0.150561269993583,0.19783147710065,-0.822286730737608,-0.703704610097844
YNL239W,1.06145346164703,0.0250434447079897,0.0669999301651157,0.0272759070639473,0.940901064376036,1.20415396988392,-0.0264560402064433,0.0806820215218121
YNL237W,0.0599298812448978,-1.2241872549057,0.00551050828914638,0.0398751514943528,0.0500471557800969,0.0714794818311929,-1.30062059938702,-1.1458186238159
YNL234W,0.0449612326920033,-1.34963703155518,0.00482108278644092,0.0463129259719255,0.0363710224628448,0.0552425310015678,-1.4392444898793,-1.2577264319248
YNL233W,0.234019890427589,-0.631415605545044,0.0129982399003652,0.0239969770736848,0.211136035372814,0.261225163936615,-0.675437638048552,-0.582984989600557
YNL232W,0.742701828479767,-0.131140038371086,0.071074800664538,0.0410723946157679,0.620521068572998,0.897134341796239,-0.207243468299565,-0.0471425189080241
YNL231C,1.57752311229706,0.196700379252434,0.121611189505568,0.0331819761464623,1.36355372865995,1.83736705780029,0.134672253853332,0.264195925632459
YNL229C,0.688928246498108,-0.163109228014946,0.053163609429194,0.0333296629597346,0.593056930601597,0.801709898809592,-0.226903616108192,-0.0959827627415881
YNL227C,0.176237225532532,-0.754822194576263,0.0115228662915012,0.028249216657579,0.155646407107512,0.200295873234669,-0.807860906679734,-0.698327999388676
YNL225C,0.110317774116993,-0.958444714546204,0.00785550420436915,0.030727288679918,0.09637401252985,0.126999974250793,-1.01604005879867,-0.89619636709711
YNL224C,0.274908602237701,-0.561429858207703,0.014722442449038,0.0231299927575798,0.248670492445429,0.30661241064469,-0.604375745657515,-0.513410271054486
YNL221C,0.21460098028183,-0.66901022195816,0.0116795471481595,0.0236021001416622,0.193012094373504,0.238309663037459,-0.714415476721756,-0.622858347621354
YNL219C,0.426113128662109,-0.371244192123413,0.0254512622170934,0.0258018182218372,0.380872978021701,0.479544758796692,-0.419219838364647,-0.319170851285318
YNL217W,0.586519658565521,-0.23335012793541,0.0509746449756619,0.0376613096690269,0.49379230911533,0.692358968655268,-0.306455678607875,-0.159668684195617
YNL216W,0.894579470157623,-0.0489664822816849,0.046679997642636,0.0224943172129597,0.815997594594955,0.994190180301666,-0.088311121474977,-0.00253053075530964
YNL215W,0.585154592990875,-0.23422834277153,0.0486513920992991,0.0360965546843509,0.495122638344765,0.685098118583361,-0.305287216741641,-0.164247225233262
YNL212W,0.538471281528473,-0.269460827112198,0.0289817290981335,0.0232551279227685,0.487688630819321,0.599148408075174,-0.311857368726633,-0.22246559074885
YNL207W,0.695096492767334,-0.158917218446732,0.0464702281141216,0.0289087232453112,0.612014596164226,0.792777137458324,-0.213238221220384,-0.100848882894843
YNL206C,0.243726074695587,-0.614314019680023,0.0183181786527239,0.0324728846713462,0.210584839185079,0.281781095514695,-0.67657289867325,-0.550088147390517
YNL204C,0.00154659943655133,-2.89321851730347,0.000952796561898229,0.280924807740244,0.00031070882032509,0.00396962822026883,-3.50764691104237,-2.40125048514211
YNL202W,0.0540309809148312,-1.27227628231049,0.00815789755684368,0.0654434609505856,0.0396805555870136,0.0714062824845314,-1.4014222573647,-1.1462635763424
YNL197C,0.436747997999191,-0.36045777797699,0.0246959812347706,0.0244142436974477,0.393420001864433,0.488705005745093,-0.405143565792141,-0.310953212644592
YNL196C,0.00157259753905237,-2.88234734535217,0.000944696818275756,0.275020567168225,0.000331334794706587,0.00392585933053245,-3.47973295914727,-2.40606546723953
YNL194C,0.00282922992482781,-2.59177684783936,0.00125832817789019,0.199244160994981,0.000983088626526296,0.00580766718291367,-3.00740732827538,-2.23599827951726
YNL193W,0.166600257158279,-0.77925717830658,0.0109249233471026,0.0284803744581899,0.146239472925663,0.189295497288307,-0.834935387464164,-0.722859716341238
YNL192W,0.481477975845337,-0.317957103252411,0.0240252795521152,0.0215439032711181,0.438925014684598,0.532075717548529,-0.35760966791921,-0.274026560939209
YNL191W,0.212515085935593,-0.674241542816162,0.0185235108222158,0.0375813194798678,0.179253510385752,0.251983498285214,-0.746532330633345,-0.598627900848417
YNL189W,2.82146573066711,0.449792444705963,0.158833273050364,0.0243298676201401,2.5382631222407,3.15213087598483,0.404536634906671,0.498604240761348
YNL186W,0.343921989202499,-0.464156538248062,0.0183941862067785,0.0231479740298393,0.310800115267436,0.382223710914453,-0.507518830390136,-0.417682375963111
YNL183C,0.204756230115891,-0.68946635723114,0.0117141986740789,0.0246998616792793,0.184049890066187,0.22979426831007,-0.735064442258286,-0.638660808030923
YNL182C,0.490169882774353,-0.310459583997726,0.0299303286717627,0.0264181234520056,0.436679440736771,0.552345863481363,-0.359837254763771,-0.257788894080411
YNL181W,0.566124081611633,-0.248242110013962,0.0414748005630186,0.0316050226158608,0.491965182870626,0.653791426122189,-0.308065631877806,-0.184560780085818
YNL180C,0.407960802316666,-0.390992164611816,0.0352798695867565,0.0373692915519674,0.344267669071754,0.483232350647449,-0.463103761920741,-0.315844008593966
YNL178W,40.3892936706543,1.60267281532288,5.24000924757513,0.0557412419743532,31.3899592558543,52.2267268498739,1.49679075195833,1.71789280770229
YNL176C,0.115076743066311,-0.94005274772644,0.00799515273363047,0.0300417298653734,0.100666843354702,0.131859630470475,-0.997113549498557,-0.879888145681441
YNL175C,1.76306891441345,0.245213985443115,0.123195667978519,0.0302522069565855,1.54048025012016,2.01758595903714,0.187656134707456,0.304832040813736
YNL173C,0.527870416641235,-0.278884947299957,0.0427980867434893,0.0349902765144437,0.45129628876845,0.618403613567352,-0.345538248187693,-0.208727981393403
YNL169C,0.262320786714554,-0.582212567329407,0.0182877072304601,0.0300678310258044,0.229608097920815,0.301248606294394,-0.639012799127894,-0.521074955220262
YNL166C,0.621900022029877,-0.207203343510628,0.0406787540182349,0.0282920499065456,0.548599084218343,0.705852774282297,-0.260744922190783,-0.151285874085904
YNL165W,0.0961320772767067,-1.01897621154785,0.00887730338422755,0.0400357928336647,0.0799827692409356,0.114748659233252,-1.09700356667204,-0.940252493395047
YNL164C,0.219875559210777,-0.659517765045166,0.0194668752024382,0.038326155407141,0.184490323190888,0.26134439855814,-0.734026409156393,-0.582786803869574
YNL163C,0.39491930603981,-0.40403538942337,0.0198464859614344,0.0217137333327745,0.360007852315903,0.436418562134107,-0.443688026509725,-0.360096785994443
YNL161W,0.376422047615051,-0.425016313791275,0.0213220482671714,0.0244936337758867,0.338436258584261,0.421249614159266,-0.470523114831091,-0.37546048420318
YNL160W,2.0214409828186,0.304412513971329,0.153772410420679,0.0329052221719818,1.73687729636828,2.34518330097198,0.239769136542829,0.370176792967663
YNL156C,0.281317293643951,-0.553192615509033,0.02953627741465,0.0455971988065818,0.226654417688648,0.342227707306544,-0.644635811804099,-0.465684833286376
YNL155W,0.770812034606934,-0.115706533193588,0.0857873195010488,0.0479548080045828,0.618103151520093,0.954851673543453,-0.208939042530286,-0.0200640894152521
YNL154C,1.22191548347473,0.086252823472023,0.0738681272339013,0.0261273380569718,1.08629114925861,1.37483835220337,0.0359462404330491,0.138251638622281
YNL152W,0.193444013595581,-0.714811682701111,0.0154042142331613,0.0344599152515863,0.165305208787322,0.225731787706415,-0.781713462625199,-0.646407279610167
YNL151C,0.614538788795471,-0.21483102440834,0.0774183531238244,0.0540455215486729,0.480624913175901,0.781980693340302,-0.318193721740669,-0.10680396929217
YNL148C,0.0920649692416191,-1.04190707206726,0.0153907732575194,0.0723038810559293,0.0658422429735462,0.125105420127511,-1.18149538540184,-0.902723875389652
YNL141W,1.02420580387115,0.00907342508435249,0.0799646940732592,0.0337602095951309,0.8808953166008,1.19322492380937,-0.0550756989930513,0.0767223150069289
YNL138W,2.4239547252655,0.383733808994293,0.146909370611155,0.0261706660208522,2.16752000053724,2.72468063235283,0.335963113568092,0.435315604599837
YNL137C,0.39542481303215,-0.403967201709747,0.0273646398345908,0.0298941992588368,0.346220632145802,0.453137653817733,-0.460647055087625,-0.343769850632788
YNL136W,0.108785219490528,-0.965078890323639,0.00951813255208894,0.0377781763871543,0.0916437378153205,0.129213431725899,-1.03789725832004,-0.888692342754178
YNL134C,1.37731468677521,0.137855544686317,0.101645591564651,0.0319836448843272,1.19026351372401,1.58519244194031,0.0756431188337485,0.200081992988771
YNL132W,1.0625661611557,0.0258151236921549,0.0532990484840149,0.021636379782886,0.971815884113312,1.17728275259336,-0.0124160067688094,0.0708807813279322
YNL130C,0.841151773929596,-0.0762341842055321,0.060314310561191,0.0310133395596114,0.732638964056969,0.966679991781712,-0.135109988026792,-0.0147172703277341
YNL129W,0.361693948507309,-0.446513384580612,0.0544503489741756,0.0649267588854464,0.268132838606834,0.483685940504074,-0.571650012565588,-0.315436536242391
YNL127W,0.10182724148035,-0.992873728275299,0.00596005339158567,0.0253353870605833,0.0911590815832218,0.114107119167844,-1.04020005927239,-0.942687266323188
YNL124W,0.232119187712669,-0.635387361049652,0.0165516870232012,0.0308436436256958,0.202231929823756,0.267090240617593,-0.694150281917641,-0.573341983190457
YNL123W,0.75678288936615,-0.121613062918186,0.0394677863167616,0.0225121998970493,0.689114045600096,0.840697882076104,-0.161708898480989,-0.0753600470810532
YNL121C,2.1806492805481,0.337895274162292,0.123150490473676,0.0244343613638165,1.95884592831135,2.43497762680054,0.292000277198977,0.386494974770323
YNL119W,0.177172780036926,-0.752732872962952,0.0128203927774708,0.0313379476938415,0.15386225618422,0.203799063215653,-0.812867903513702,-0.690797816608303
YNL118C,0.609834492206573,-0.215332597494125,0.0307209846462583,0.0217393067438072,0.556734376152356,0.673895507554213,-0.25435196211282,-0.171407439325099
YNL117W,0.0030508846975863,-2.53179740905762,0.000830957226551594,0.120171778764291,0.00165164245505972,0.00488612148910761,-2.78208397790179,-2.31103573887853
YNL115C,0.263635724782944,-0.579800546169281,0.0160881201855753,0.0263275968497954,0.235101156681776,0.298076330622037,-0.628745234291572,-0.525672509046547
YNL108C,0.990518569946289,-0.00662443833425641,0.106668435302646,0.0464166168432386,0.800715073446433,1.22202409307162,-0.0965219976164441,0.0870797594562168
YNL107W,0.33147519826889,-0.487484574317932,0.0641304740005423,0.0829157487041293,0.22376961906751,0.477296956876914,-0.650198900118148,-0.32121133973661
YNL106C,0.091602511703968,-1.03880941867828,0.00529974931466048,0.0249992010987306,0.082251612469554,0.102535961506267,-1.08485557935215,-0.989123792630577
YNL103W,0.244685649871826,-0.612144112586975,0.0144687514750218,0.0255497077605725,0.218685834730665,0.274952196081479,-0.66017934730916,-0.560742807218025
YNL102W,0.384454786777496,-0.415642589330673,0.0183156419658843,0.0205532858414887,0.353582997620106,0.423330000787973,-0.451508626734478,-0.373320952647764
YNL100W,0.403897672891617,-0.398532032966614,0.0606700179467661,0.0644503614526779,0.301174748937289,0.539049183328946,-0.521181456942733,-0.268371617579659
YNL099C,0.487107276916504,-0.317238181829453,0.0735055955233652,0.064856786020769,0.363112843036652,0.646640211343765,-0.439958390136296,-0.189337304102359
YNL098C,2.20571613311768,0.342111974954605,0.181039903812876,0.0352342554786076,1.88694583177567,2.61232972145081,0.275759421667019,0.41702799158058
YNL097C,0.150072932243347,-0.825562119483948,0.0138834333456739,0.0403012090957735,0.124326627949874,0.178228042647243,-0.905435845434086,-0.749023963464416
YNL095C,0.101713083684444,-0.993723928928375,0.00728319071184662,0.0308819325458268,0.089206720640262,0.117141739154855,-1.04960242608377,-0.931288334634887
YNL094W,0.0800796300172806,-1.09752881526947,0.00557429515120714,0.0302215417852074,0.0696859767660499,0.0913310000672936,-1.15685460830988,-1.03938178689873
YNL092W,0.0361257269978523,-1.44528985023499,0.00430504135642014,0.0520823935582889,0.0278260505603006,0.044974404356132,-1.555548430526,-1.34703457976972
YNL091W,0.259652316570282,-0.586125612258911,0.0127376831665363,0.0212170313839567,0.237203628197312,0.286018677304188,-0.624878675087172,-0.543605617943569
YNL088W,0.549415111541748,-0.2605861723423,0.0261565766441608,0.0205003243637755,0.506178082029025,0.605628073215485,-0.295696664330299,-0.217794001803896
YNL087W,0.589547276496887,-0.230000212788582,0.0289248800732974,0.0211720983765755,0.539776743451754,0.650021181007226,-0.267785832774891,-0.187072492065412
YNL085W,1.07172894477844,0.0295018795877695,0.0557401601232898,0.0224710693002116,0.974423053860664,1.18892715175947,-0.0112524500050232,0.0751552445938335
YNL082W,0.148172602057457,-0.829938650131226,0.00851352535004337,0.0247428533992498,0.133660393208265,0.166398867964745,-0.873997271112034,-0.778849632602609
YNL077W,0.130408972501755,-0.885845899581909,0.00952038124308775,0.0316460314152454,0.112830492295325,0.149993547921379,-0.947573517178377,-0.823927422372877
YNL075W,0.858012795448303,-0.0683482959866524,0.0791956847845266,0.0400057456334274,0.712354183197021,1.02608063618342,-0.147304021023213,0.0111814918220052
YNL074C,0.510131120681763,-0.293314844369888,0.0346457702460544,0.0293942927908492,0.448157444347938,0.581555043657621,-0.348569385270281,-0.235409174020743
YNL072W,0.279622852802277,-0.555511891841888,0.0275781643863159,0.0425013964722487,0.231153377145529,0.340283335248629,-0.636099761952861,-0.468159319229242
YNL068C,0.204584747552872,-0.689783990383148,0.0112763051249517,0.0238905557352482,0.18396216010054,0.227761372923851,-0.735271499996268,-0.642519927967461
YNL066W,3.92743635177612,0.593124032020569,0.265622629828257,0.0292476389335879,3.44470742940903,4.48926738103231,0.537152341702971,0.652175469831461
YNL065W,0.0945913270115852,-1.02538549900055,0.00717176630013993,0.0327617430083637,0.0818313326686621,0.10956422885259,-1.08708037605368,-0.96033121385549
YNL064C,9.55819797515869,0.979326784610748,0.668159792166375,0.030139934441782,8.36335968971252,11.0250523408254,0.922380774454792,1.0423806595639
YNL062C,0.740541517734528,-0.131266862154007,0.0454060388564749,0.0266307313857939,0.655677138268948,0.831585512558619,-0.183309958979194,-0.0800930856533014
YNL055C,11.9911098480225,1.07677066326141,1.18433284030249,0.0425239099710748,9.87891960144043,14.5804450909297,0.994709450985487,1.16377077831833
YNL053W,0.111489869654179,-0.954250514507294,0.00928700800142407,0.0358137155680422,0.0952440934255719,0.131869489202897,-1.02116194835205,-0.879855677995557
YNL051W,0.157754257321358,-0.803581893444061,0.0134017123237535,0.0368698256204115,0.133278259262443,0.184838150193294,-0.875240689578815,-0.733208386611315
YNL049C,0.256078690290451,-0.592261970043182,0.01389870382447,0.0234502171744399,0.231304519871871,0.285723041494687,-0.63581588146061,-0.544054735506455
YNL048W,0.287392765283585,-0.542485177516937,0.0191492916515978,0.0288815312518625,0.253104363381863,0.327186026672522,-0.59670038051799,-0.485205256977837
YNL042W,0.0475713647902012,-1.32529854774475,0.00525921045156238,0.0479838382261755,0.0380743035425742,0.0586989206882815,-1.41936803344946,-1.23136988486657
YNL041C,0.233404815196991,-0.63257509469986,0.0131913323560599,0.0244314096333761,0.209475156913201,0.261352287232876,-0.678867477720146,-0.582773697920948
YNL040W,0.2908975481987,-0.537390768527985,0.0210225574754607,0.0313323507943033,0.251768666754166,0.334401518106461,-0.598998320530787,-0.475731759630861
YNL035C,0.461380332708359,-0.337204575538635,0.0354131478309958,0.0330580089150675,0.398084283868472,0.537704646587372,-0.400024968111982,-0.269456210540668
YNL032W,0.257571786642075,-0.591984152793884,0.0298579286536801,0.0499554973418706,0.204887717962265,0.322213665395975,-0.688484074693418,-0.491856045766003
YNL029C,0.057184461504221,-1.24447023868561,0.00513888801349104,0.0389447493832893,0.0479140955333908,0.0677490445474783,-1.31953671722512,-1.16909682962202
YNL027W,0.293974548578262,-0.532500267028809,0.0180709098666878,0.0264389355555214,0.262723403424025,0.333434951553742,-0.580501238502822,-0.476988885999861
YNL026W,0.288169264793396,-0.541406214237213,0.0201696345289516,0.0302423020962796,0.2524055570364,0.330673763155937,-0.597901092553922,-0.480600262857506
YNL025C,0.0679189339280128,-1.17210626602173,0.0093609802836387,0.0597147012500381,0.0511365139546494,0.0878449372947216,-1.29126888174765,-1.05628327764492
YNL024C,0.0409335158765316,-1.40248906612396,0.0106913010884004,0.113037719065791,0.0231492744913946,0.0655264568204681,-1.6354626265458,-1.18358333799937
YNL023C,0.14953039586544,-0.82619845867157,0.00981390536971775,0.0283337203711863,0.131815376877785,0.170750491072734,-0.880033926671022,-0.767638041760978
YNL022C,0.36833244562149,-0.434701502323151,0.0243453501309673,0.028584384688965,0.324501579751571,0.419399634251992,-0.488783184812295,-0.377371952742636
YNL021W,0.321537107229233,-0.493499428033829,0.0187366544271993,0.0251636527535732,0.287948437780142,0.360644655177991,-0.540685273326012,-0.442920500243361
YNL020C,0.0895106345415115,-1.04918110370636,0.00626939924985383,0.0302476205646743,0.0782030604158839,0.103035774578651,-1.1067762625018,-0.987011963427835
YNL016W,5.45393228530884,0.735809743404388,0.352143856025129,0.027928584333788,4.81666245063146,6.18021381298701,0.682746212064693,0.791003499864723
YNL010W,7.43858289718628,0.867424488067627,1.0323553807946,0.0591365389376123,5.69767455657323,9.7478594938914,0.755697639041817,0.988909258232857
YNL008C,0.144470512866974,-0.841126680374146,0.0093831899192932,0.0280303186738483,0.127776471277078,0.16427317832907,-0.893549109690479,-0.784433340132485
YNL006W,0.360043287277222,-0.445935785770416,0.0371954509405626,0.0445489042196912,0.294068233668804,0.438828454663356,-0.531551887091981,-0.357705224147689
YNL004W,0.568142354488373,-0.246606960892677,0.0398959022477076,0.0303921305070853,0.495523735135794,0.651180156568686,-0.304935538552908,-0.186298842344069
YNL003C,0.154059514403343,-0.815722823143005,0.0194064729230665,0.0544017089306284,0.119903772386412,0.19561730325222,-0.92116715959199,-0.708592732500395
YNL002C,1.89204239845276,0.275437563657761,0.157026560556792,0.0360414697187156,1.60119654734929,2.21595886150996,0.204444643727652,0.345561693524018
YNL001W,0.509662866592407,-0.293960452079773,0.0386254296610678,0.0328303156750003,0.440163482973973,0.590739119549592,-0.356385990668381,-0.228604268724049
YNR001C,1.32422184944153,0.121103219687939,0.0836261745430625,0.0272654749871639,1.17747729321321,1.50178482830524,0.070952540356884,0.176607712477985
YNR003C,0.577718436717987,-0.23991933465004,0.0503910922243207,0.0376303611051589,0.489134598771731,0.685081515709559,-0.310571617169336,-0.164257750129947
YNR006W,0.338222086429596,-0.471569687128067,0.0202248413822307,0.0258388535478523,0.302457214643558,0.381280533472697,-0.519336051621237,-0.418755367773478
YNR007C,0.222507938742638,-0.654632568359375,0.021285275819185,0.0414296158504568,0.184690356254578,0.267109390099843,-0.733555780979713,-0.57331084466651
YNR008W,0.417341113090515,-0.380207091569901,0.0237840889482798,0.0246200419669144,0.37594296336174,0.467264760285616,-0.424878039677103,-0.330436972122828
YNR009W,0.508622586727142,-0.29751455783844,0.0689719343254045,0.0581044389328938,0.388839255273342,0.661440024276574,-0.41022990473561,-0.179509530863925
YNR011C,0.143054977059364,-0.845244824886322,0.00844019420891801,0.0254193622474019,0.128318756818771,0.161304920911789,-0.891709856583002,-0.79235238343412
YNR012W,0.257229894399643,-0.590743839740753,0.0181350298773946,0.0303428156794939,0.225578139349818,0.296737596889337,-0.646702991324483,-0.527627426515872
YNR013C,0.473676562309265,-0.325140684843063,0.0255095614557352,0.0232141840453643,0.429684713731209,0.52864403128624,-0.366850096316569,-0.276836668606805
YNR015W,0.413894295692444,-0.384293973445892,0.0306145129886917,0.0320175956634574,0.359100556373596,0.47815828298529,-0.444783922605518,-0.32042831719207
YNR021W,2.07817840576172,0.316721081733704,0.139015684927222,0.0288320482273618,1.83529698848724,2.38126396735509,0.26370635198037,0.376807525023222
YNR023W,0.149501711130142,-0.826354503631592,0.0101930295623522,0.0294363486782746,0.13147109746933,0.171193324277798,-0.881169711731009,-0.766513195105555
YNR026C,0.473417818546295,-0.325639724731445,0.0302727914556665,0.0277082079278273,0.416597247123718,0.536106747885545,-0.380283604198471,-0.270748726356613
YNR027W,0.171906247735023,-0.76666134595871,0.0163758737840213,0.041168754410063,0.142644068598747,0.207347144186497,-0.845746283768428,-0.683301949428392
YNR028W,0.472423583269119,-0.327427744865417,0.0425900301563152,0.0390813201032237,0.39595078676939,0.558153276642164,-0.402358790042877,-0.253246521440464
YNR029C,0.269715249538422,-0.570230841636658,0.0196490831131595,0.0313498978986838,0.235689714550972,0.312197328607241,-0.627659369580992,-0.505570819629998
YNR030W,0.503576874732971,-0.298767000436783,0.0312930682055377,0.0268672646279183,0.446326013157765,0.569389378031095,-0.350347800496251,-0.244590639169958
YNR031C,0.117353916168213,-0.931081652641296,0.00607849715571836,0.0223817218831872,0.10677282512188,0.130007017155488,-0.971539266046642,-0.886033206748812
YNR032W,0.177518948912621,-0.752337574958801,0.0152239143468024,0.037053429946777,0.150172718241811,0.209548229972521,-0.823408966837716,-0.67871600340345
YNR033W,0.306064754724503,-0.514842987060547,0.0168923392417328,0.0238269521276077,0.27642562314868,0.341887214531501,-0.558421702973121,-0.466117140121389
YNR034W,0.340214401483536,-0.470085978507996,0.0314452175766833,0.0399166699201075,0.283993989229202,0.407682597637177,-0.546690851756534,-0.389677826471437
YNR035C,1.9132022857666,0.280460804700851,0.148556554884387,0.0335853313138225,1.64410510957241,2.22601518432299,0.215929578730275,0.347528122177991
YNR038W,0.375801354646683,-0.425809621810913,0.0223598954498717,0.0257896693166084,0.334832310676575,0.421215804914633,-0.47517264007103,-0.375495341636115
YNR039C,0.131637722253799,-0.881563186645508,0.00867042591014913,0.0286279953792052,0.115279470632474,0.149451808383067,-0.938248027234521,-0.82549882609778
YNR040W,0.168459072709084,-0.77753359079361,0.0231325028747262,0.0590771247465826,0.128692950929205,0.218774068107208,-0.890445242874207,-0.660004157416084
YNR043W,2.38941764831543,0.377361744642258,0.15711028378118,0.0284194403526249,2.10557651122411,2.72521471977234,0.323371027169627,0.435400726039647
YNR044W,0.425087600946426,-0.372153639793396,0.0230579640494599,0.0234112791571516,0.384561139593522,0.473843679080407,-0.415034603909875,-0.32436490835051
YNR048W,0.107920631766319,-0.968653917312622,0.00972928684845067,0.039073531262132,0.090124016130964,0.128391498327255,-1.04515946406204,-0.891463735449378
YNR051C,0.478862315416336,-0.320616126060486,0.0297191799842954,0.0267520713041828,0.427708864212036,0.542409368356069,-0.36885174895179,-0.265672835663893
YNR052C,0.513433575630188,-0.290533065795898,0.0352971973535341,0.0297107960405225,0.450630128383636,0.588335771361987,-0.346179775432105,-0.230374750188041
YNR055C,0.23881196975708,-0.622823417186737,0.015200473932653,0.027612442088776,0.210816383361816,0.269869160652161,-0.676095641433164,-0.568846742185046
YNR057C,0.0334721095860004,-1.48905277252197,0.00842668223347149,0.110086206392649,0.019101113670816,0.0523048683069646,-1.71894134752164,-1.28145789775737
YNR060W,0.0360412709414959,-1.44460356235504,0.00289962178398158,0.0349723306531225,0.0306203017321726,0.0418455985064308,-1.51399053439678,-1.3783502161629
YNR063W,0.0474432818591595,-1.32540965080261,0.00406867082986791,0.0370648754115114,0.0399569287585715,0.0561004355549812,-1.39840790130643,-1.25103376693652
YNR064C,0.0128151122480631,-1.90814077854156,0.00345960116580984,0.11846681304446,0.00707813227782026,0.0204064663033932,-2.15008132722522,-1.69023219417419
YNR067C,1.49645352363586,0.174562081694603,0.0724184540215299,0.0208548519145475,1.3742521216472,1.64815512200197,0.138066415993619,0.216998084424869
YNR069C,0.00280321878381073,-2.57386064529419,0.000879165172570568,0.138606936065112,0.00136890182232795,0.00478171783033758,-2.86362772834487,-2.32041605525713
YNR071C,0.00728927459567785,-2.15428042411804,0.0020280466782175,0.122904077807265,0.00388279214578991,0.0118897250543038,-2.41085599317528,-1.92482818829153
YNR074C,0.259204924106598,-0.58787739276886,0.0216784858961293,0.0363816907857012,0.218856409192085,0.302938882013162,-0.659840730586171,-0.51864498167872
YNR075W,0.0765643641352654,-1.11839807033539,0.00812892743531344,0.0458556543982245,0.0621297682635486,0.0939266260713339,-1.20670027248847,-1.02721127763249
YOL158C,0.859142065048218,-0.0666612088680267,0.0498613147818509,0.0251174499889558,0.7695122068127,0.96454256772995,-0.113784487237468,-0.0156786010711276
YOL154W,0.0300447475165129,-1.53784203529358,0.00812233257093888,0.117145228709267,0.0167156835086644,0.048382412828505,-1.7768759071428,-1.31531248932778
YOL152W,0.195030942559242,-0.710768580436707,0.0124257672351619,0.0275111767001052,0.172978727892041,0.221393360818426,-0.762007301118903,-0.654835409711069
YOL151W,1.07251107692719,0.0289704594761133,0.0874811994203142,0.0351912685006903,0.916967272758484,1.25791600843271,-0.0376461643452856,0.0996516435404072
YOL148C,0.165480896830559,-0.782146692276001,0.0106468385199425,0.0278330340539402,0.146158832808336,0.187935838475823,-0.835174933913016,-0.725990394225401
YOL147C,0.413300156593323,-0.388910055160522,0.0643867418138365,0.066926777856899,0.303831051290035,0.556896902124087,-0.517367851182791,-0.254225197997078
YOL145C,0.550279319286346,-0.259963691234589,0.0277328228851992,0.0217748226216064,0.501311030983925,0.608771304786205,-0.29989273906655,-0.215545826781418
YOL144W,0.327168107032776,-0.486262172460556,0.0226567957356102,0.0299088331686289,0.286180077244838,0.376128720243772,-0.543360603436492,-0.424663504513198
YOL141W,0.163843497633934,-0.78640079498291,0.0101747776956847,0.0267964820687037,0.145897061129411,0.185553014402588,-0.835953457723198,-0.731531994179285
YOL140W,0.0713126584887505,-1.1488870382309,0.00693613775100883,0.0422255882764822,0.0583964729681611,0.0856035428121686,-1.23361338317503,-1.06750826324395
YOL136C,0.275796055793762,-0.560818433761597,0.0221880632651385,0.0349573629032967,0.234888910750548,0.320670018096765,-0.629137486107881,-0.493941644091016
YOL128C,0.0688510164618492,-1.16466820240021,0.00753705482969481,0.047278293574863,0.0552151919342577,0.0853606415291627,-1.2579414381931,-1.06874233067
YOL126C,0.765021562576294,-0.117503724992275,0.0565597063041172,0.0319344400882851,0.66458452641964,0.884216503302256,-0.177449774945682,-0.0534413909267759
YOL125W,0.149060890078545,-0.827841401100159,0.0111260777784589,0.0323622728776587,0.128514960408211,0.172354315966368,-0.891046313231147,-0.763577836959738
YOL124C,0.564748466014862,-0.249267578125,0.0407431969764456,0.0311789776587565,0.490904322018226,0.652303841710091,-0.309003148919973,-0.185550066194961
YOL123W,2.10193920135498,0.321875303983688,0.123194163588576,0.0254263546238445,1.87431336243947,2.35304705103238,0.272842200995313,0.371630611142553
YOL122C,0.280299305915833,-0.553308248519897,0.0184398007131831,0.0283765388844888,0.24814781161646,0.319463423639536,-0.60528955089274,-0.495578858394528
YOL119C,0.270497262477875,-0.56889396905899,0.0189610593405402,0.0302078580810375,0.237666296462218,0.311445322881142,-0.62403240334322,-0.506618186746227
YOL116W,0.188852533698082,-0.725505590438843,0.0164380869103967,0.0375420496667067,0.159214975933234,0.222748603547613,-0.798016084947959,-0.652185009963336
YOL115W,0.23929537832737,-0.621940076351166,0.0152778582626508,0.0275206728079837,0.212820803994934,0.272001802921295,-0.671985922295823,-0.565428217303394
YOL110W,0.0675839334726334,-1.18035244941711,0.0147674267684416,0.0942907335640749,0.0425938009905318,0.100987478966514,-1.3706536026261,-0.995732478020087
YOL107W,0.296115636825562,-0.530322015285492,0.0268896611329508,0.0393489645323211,0.24640717258056,0.352560644596815,-0.608346659751218,-0.452766169290915
YOL105C,0.023123737424612,-1.63864278793335,0.00258583616239758,0.0485039199846901,0.0184327925400188,0.0285233787881831,-1.73440887122436,-1.54479903063847
YOL104C,0.00197740504518151,-2.75609993934631,0.000960072512335864,0.220619329225643,0.000589426092725868,0.00431587003016223,-3.22957064270864,-2.36493182176939
YOL103W,0.177794322371483,-0.751001179218292,0.011571447629226,0.0282416566822614,0.156358418241143,0.20134337618947,-0.805878731792303,-0.696062653288017
YOL102C,0.396103620529175,-0.409475475549698,0.0735112493339789,0.0793834860416187,0.273950063933929,0.560646293063958,-0.562328597025917,-0.251311046296746
YOL101C,0.185408651828766,-0.734518110752106,0.0205655916053553,0.0479173378512983,0.1488867820551,0.228796899318695,-0.82714385713705,-0.640549865446782
YOL100W,0.0797640159726143,-1.09897232055664,0.00478688023947349,0.0259483099509409,0.0710896924138069,0.0898415639375647,-1.14819336484442,-1.04652269660297
YOL098C,0.698615849018097,-0.156319215893745,0.0355770062634876,0.0219625569021806,0.638031510512034,0.774208903312683,-0.195157872974505,-0.111141838652125
YOL097C,2.05561494827271,0.311993300914764,0.136484374377682,0.0286530857812454,1.8155005445083,2.34699845314026,0.258996383352264,0.37051280336388
YOL096C,0.200448259711266,-0.700146734714508,0.019957645934777,0.0432161852555892,0.164129436016083,0.242516503234704,-0.784813522829219,-0.615258731416446
YOL094C,0.511291027069092,-0.292937517166138,0.0439889810078969,0.0373398126138525,0.42937939936916,0.601966142654419,-0.367158811140542,-0.220427934775169
YOL093W,0.422694325447083,-0.376107811927795,0.0420024465626387,0.0430594037973938,0.345980387677749,0.510301059484482,-0.460948519914258,-0.292173531345705
YOL092W,0.970988869667053,-0.0144926253706217,0.0862150586745913,0.0385324245698871,0.810282652576764,1.14941192567348,-0.0913634840717866,0.0604756971392688
YOL091W,0.00377108529210091,-2.4334545135498,0.000802693642208932,0.0935656553063194,0.00233351048276139,0.00556065407193576,-2.63199026779936,-2.25487412153815
YOL090W,0.472299307584763,-0.326373755931854,0.0248187393744934,0.0226452446693241,0.430732752134403,0.526489173869292,-0.365792105301354,-0.278610554855731
YOL088C,0.784493505954742,-0.107496254146099,0.0770005426174868,0.0425774587898455,0.644167482852936,0.947587251663208,-0.191001201860268,-0.0233807906778129
YOL087C,0.143022447824478,-0.845200300216675,0.00758859597674918,0.0228987199055942,0.129718746617436,0.158692666267355,-0.886997259876955,-0.799443143534144
YOL084W,0.00135993969161063,-2.88141942024231,0.000355321740368969,0.114966140944284,0.000764194292908845,0.00214453033792476,-3.11679622203437,-2.66866780557216
YOL083W,0.044919203966856,-1.34993290901184,0.00467015159891274,0.0454125967703034,0.0360047908499837,0.0544753020939727,-1.44363971362444,-1.26380037224454
YOL082W,0.169832155108452,-0.771331608295441,0.0133876429610412,0.0342646853257886,0.144862814744314,0.197306510681907,-0.839043080667665,-0.704858583974594
YOL078W,0.0667939111590385,-1.17609035968781,0.00413846681161589,0.026774688084005,0.0592006668138007,0.075449715120097,-1.22767340161079,-1.12234239666266
YOL076W,0.445251405239105,-0.351983577013016,0.0232916268582383,0.0226063955189376,0.403791077435017,0.494456220169862,-0.393843282662561,-0.305872155427388
YOL073C,0.133421808481216,-0.876927137374878,0.0133404823020535,0.0432276309999242,0.109050816545884,0.161206616212924,-0.962371078401045,-0.792617140525118
YOL072W,0.0796290189027786,-1.10044014453888,0.00663472229470314,0.036229913313996,0.0672338172172507,0.0932443123310804,-1.17241223087084,-1.03037765049616
YOL069W,0.170282766222954,-0.770053207874298,0.0128319220732409,0.0325293710072754,0.147341949368517,0.1974387558798,-0.831673588641728,-0.704567594495224
YOL066C,0.173509925603867,-0.761643767356873,0.0116214274811308,0.0289825143820965,0.152254430825512,0.197220462809006,-0.817430060117871,-0.705048026657374
YOL065C,0.188031628727913,-0.727205157279968,0.0153284684904281,0.0353064490905714,0.160406310359637,0.219854935258627,-0.794778550731407,-0.657863780984696
YOL064C,0.927459836006165,-0.0339396670460701,0.0701433471664296,0.0327501035813339,0.799004477759202,1.07261078159014,-0.0974507870709557,0.0304421560289665
YOL062C,0.224783733487129,-0.649207055568695,0.0150720479959879,0.0290651575342415,0.196901051079233,0.256048565357923,-0.705751965615273,-0.591677659050692
YOL060C,0.29421004652977,-0.532139420509338,0.0178684654804606,0.0262661151277895,0.261552731692791,0.33202333971858,-0.582440740957729,-0.478831390269058
YOL057W,0.680000245571136,-0.168190404772758,0.0387329430374117,0.0245948665006018,0.611901034911474,0.763939266900221,-0.213318812456311,-0.116941167417061
YOL056W,0.312021791934967,-0.508251488208771,0.0331168508936637,0.046020345915249,0.25100643709302,0.382048694044351,-0.600315140895472,-0.417881289611934
YOL055C,0.108682483434677,-0.965105354785919,0.00833335045994983,0.0330894836019579,0.0938148892174164,0.126426503062248,-1.0277282446633,-0.898161874414738
YOL052C,0.718825817108154,-0.144515678286552,0.0522960397367561,0.031444212423357,0.624662101268768,0.829059839248657,-0.204354842235716,-0.0814141221426038
YOL051W,0.418695122003555,-0.378716349601746,0.0224143561107649,0.0231062331802757,0.380000912646453,0.465519507974386,-0.420215360452125,-0.332062115348916
YOL049W,0.716373801231384,-0.145742446184158,0.0457869657327014,0.0276376278006599,0.633730411529541,0.812879253923893,-0.198095451399997,-0.089973960247468
YOL048C,0.0708180516958237,-1.15273249149323,0.00816954804036437,0.050016699922708,0.0561146130785346,0.0879619845499595,-1.25092402805191,-1.05570498088918
YOL044W,0.121065393090248,-0.918727815151215,0.0108776692859184,0.0390092516604402,0.100809635470311,0.143632514526447,-0.996497956278987,-0.842747236758181
YOL043C,0.0325741022825241,-1.4911550283432,0.00444340556835959,0.0592345621461511,0.0245240417309105,0.0418572142409782,-1.61040795759858,-1.3782296843422
YOL042W,0.139056488871574,-0.858669221401215,0.012911041124118,0.0401583630032806,0.115659251747032,0.166424278294047,-0.936819622690414,-0.778783336294365
YOL041C,1.37875521183014,0.138542920351028,0.0911944282506516,0.0285886138640923,1.21779239177704,1.56944181521734,0.0855732564490253,0.195745217501526
YOL032W,0.465863078832626,-0.335802674293518,0.0641480581063055,0.0593265054638436,0.355843670417865,0.605369646350543,-0.448740755619135,-0.217979364009248
YOL031C,0.375231593847275,-0.426842153072357,0.0273429112646349,0.0314782605315602,0.325516988833745,0.433359533548355,-0.487426372238189,-0.36315164487859
YOL030W,2.04435729980469,0.309757560491562,0.124607303805463,0.0263430730168063,1.82282724678516,2.30643701553345,0.260745510594423,0.362941599338928
YOL028C,0.350077033042908,-0.460657477378845,0.0526265547675896,0.0646321382749092,0.259335458278656,0.463835602502028,-0.586138099189175,-0.333635966595445
YOL027C,0.742548704147339,-0.130076006054878,0.0451671471325156,0.0263218832664716,0.6613509212931,0.835820942123731,-0.179568037139303,-0.0778867519278135
YOL022C,0.667720377445221,-0.176537379622459,0.0483437112744576,0.0313444535529701,0.57980692187945,0.768669824302196,-0.236716616505309,-0.114260169288981
YOL021C,0.703809022903442,-0.153123840689659,0.0365217179770802,0.0223641994550182,0.641627605259419,0.781756997108459,-0.192716959327074,-0.106928222919063
YOL020W,0.29924613237381,-0.524806201457977,0.0186028005745404,0.0268733441943369,0.265869251887004,0.337604787697395,-0.575331886693574,-0.471591403275578
YOL019W,0.341955691576004,-0.46695464849472,0.0224259949555852,0.0282804140259155,0.302167773743471,0.390280872583389,-0.519751855128176,-0.408622732692726
YOL018C,0.264608651399612,-0.578814208507538,0.0214457937635643,0.0350581744894179,0.225387273107966,0.309779291848342,-0.647070610888442,-0.508947617555583
YOL016C,0.348209291696548,-0.459255665540695,0.0247650522547899,0.0308629793238166,0.302745717018843,0.398826984067758,-0.518921992921461,-0.399215465640914
YOL015W,0.00118162634316832,-2.96476888656616,0.000481972681329322,0.18502420795417,0.000438477942467822,0.00229970418343631,-3.35805225156881,-2.63832803279651
YOL013C,0.165868237614632,-0.78130829334259,0.0116874044638027,0.0305138051561732,0.145213397095601,0.190086245536804,-0.837993316271718,-0.721049307140765
YOL011W,0.0780804976820946,-1.10855424404144,0.00557377367163735,0.0307953599492914,0.0682050827269753,0.0899625842149059,-1.1661832714084,-1.0459380818164
YOL007C,0.302251189947128,-0.521188318729401,0.0257177689398216,0.0367085826397159,0.255419651667277,0.357215428352356,-0.592745691843746,-0.447069812115287
YOL006C,0.53608250617981,-0.271386712789536,0.0287697396688429,0.0231653169457933,0.485628485679626,0.596858739852905,-0.313695846622589,-0.224128442340614
YOL001W,0.0341875702142715,-1.47339797019958,0.0062801799136589,0.0795968789811849,0.0234075768540303,0.0479975023306906,-1.63064354931522,-1.31878136325258
YOR001W,0.429014354944229,-0.368226826190948,0.0244038488958304,0.0245951966473094,0.385441740105549,0.47990831459562,-0.414041260989631,-0.318841725807813
YOR002W,0.298075050115585,-0.526613652706146,0.0196873447340186,0.028511621042247,0.262540365507205,0.340204929560423,-0.580803915126236,-0.468259397780289
YOR003W,0.0444832481443882,-1.35404789447784,0.00452783535096974,0.0441972715089624,0.0360681223062177,0.0539002720266581,-1.44287646631165,-1.26840904383745
YOR004W,0.976463377475739,-0.0132889021188021,0.114527929161608,0.0504699135910451,0.777349472045898,1.22757574816545,-0.109383692992246,0.0890482998366597
YOR005C,0.0455911122262478,-1.34225523471832,0.00330159637975682,0.0314222576348298,0.0394468609864513,0.0523663465554516,-1.40398755098909,-1.28094772454169
YOR006C,0.389893174171448,-0.410849720239639,0.035551211923087,0.0394688997859521,0.325719831635555,0.465017369886239,-0.487155830263304,-0.332530827980923
YOR007C,4.76405763626099,0.676749229431152,0.358653692251154,0.032629214142523,4.11854681968689,5.5042861421903,0.614744006332982,0.740701001917331
YOR008C,0.628291547298431,-0.203030809760094,0.0467716806921915,0.032109497680917,0.545484639207522,0.729674398899078,-0.263217474923839,-0.136870890984426
YOR009W,0.0484940186142921,-1.31646382808685,0.00485146076001941,0.0432583480903941,0.0396378016720215,0.0590949995753666,-1.40189044006155,-1.22844927142696
YOR017W,0.0796369090676308,-1.09984600543976,0.00532414377637317,0.0288696803199359,0.0702511980508765,0.0907959235211213,-1.15334626525385,-1.041933651297
YOR018W,0.154564023017883,-0.811674535274506,0.0092999072561944,0.0260155876280399,0.138078964377443,0.173860714336236,-0.859872487364635,-0.759798542326261
YOR022C,0.0951244458556175,-1.0226639509201,0.00634057969851545,0.0288248834380195,0.0837408676743507,0.108337079298993,-1.07706254351369,-0.965222877829878
YOR023C,0.25462794303894,-0.594980299472809,0.0163351626321867,0.027732691705354,0.225580976406733,0.288392847279708,-0.646697528368643,-0.540015516557668
YOR025W,0.243634715676308,-0.614360868930817,0.0174206269155547,0.0308794793224179,0.211987735206882,0.280190959076087,-0.673689265027556,-0.552545882511914
YOR032C,0.000967298983596265,-3.07402420043945,0.000501819486749389,0.237027009738722,0.000257172883721069,0.0021948764003658,-3.58977482529347,-2.65858993614097
YOR033C,0.0806324407458305,-1.09449231624603,0.00549513678758441,0.0295003293574539,0.0706823793550332,0.0920354634523392,-1.15068883943156,-1.03604479794236
YOR034C,0.133388414978981,-0.875627756118774,0.0078618060212564,0.0254139735541765,0.119418813598653,0.150145221253236,-0.92292724777637,-0.823488488105913
YOR035C,0.195043787360191,-0.71053421497345,0.0108367835055302,0.0240166008436282,0.175844758749008,0.217732947071393,-0.754870571790068,-0.662075849493919
YOR037W,0.13232696056366,-0.880227267742157,0.0123390019909115,0.0403150605896633,0.109991595521569,0.158918842921654,-0.958640499267911,-0.798824616751069
YOR038C,0.155159547924995,-0.809982299804688,0.00922239730879216,0.0256478809684258,0.138906685138742,0.175386430198948,-0.857276852706218,-0.756004011438457
YOR039W,0.92551326751709,-0.0361956693232059,0.101487021642977,0.0472412873299545,0.749304740627607,1.14407939910889,-0.125341520854884,0.0584561655244545
YOR040W,0.144539922475815,-0.843188643455505,0.0175334699320308,0.0525349116369675,0.1136949521179,0.181621595347921,-0.944258820083922,-0.740832516005573
YOR043W,0.299705386161804,-0.524239778518677,0.0197139664661778,0.0284521951653755,0.264351660261552,0.340580422927936,-0.577817961288581,-0.467780319554868
YOR046C,2.3896541595459,0.377546370029449,0.145063599078573,0.0261495380128709,2.13403452634811,2.70053169329961,0.329201441285318,0.431449275137224
YOR047C,0.179187580943108,-0.747930884361267,0.0135862637499035,0.0327422841840239,0.154629628236095,0.208587657287717,-0.81070728828959,-0.680711396638959
YOR048C,0.438933849334717,-0.358151406049728,0.0222057338564596,0.0218344960830955,0.400679728885492,0.485914454609156,-0.397202630884855,-0.313440181718843
YOR049C,0.0843717381358147,-1.07609975337982,0.0086664129117345,0.0447647206812619,0.068139768888553,0.102230410588284,-1.16659934377704,-0.9904198958873
YOR051C,1.15355110168457,0.0610925778746605,0.0765184532429213,0.0285888154316865,1.01839685440063,1.31624771455924,0.00791704920946739,0.119337629995664
YOR054C,0.135213568806648,-0.86981612443924,0.00841584294122738,0.0268595768214011,0.120188017065326,0.15282080595692,-0.920138831565021,-0.815817514900975
YOR056C,0.620238065719604,-0.208367720246315,0.0406314965014644,0.0283220553683974,0.547629201412201,0.705238755047321,-0.261513401894287,-0.151663831535533
YOR057W,0.419960260391235,-0.378008872270584,0.0315856085882109,0.0324541870935406,0.363609725981951,0.487958537787199,-0.439364508897241,-0.311617079756206
YOR058C,0.152850076556206,-0.816396236419678,0.00846994449932056,0.0239733507735008,0.137831002970537,0.170656182368596,-0.860653085024802,-0.767877974169013
YOR059C,0.0725935623049736,-1.14079010486603,0.00642762283032372,0.0382597515015233,0.0609330034193893,0.0862630978226662,-1.21514741478716,-1.06417494981709
YOR060C,0.0369731523096561,-1.44299018383026,0.00833231662988845,0.0973920060449558,0.0230501778113345,0.0552867113302151,-1.63732572457516,-1.25737926116099
YOR061W,0.893878519535065,-0.0501395389437675,0.072592848243195,0.0350182028304137,0.76740442464749,1.05089283188184,-0.114975701106212,0.0215584285747283
YOR063W,37.2185173034668,1.56973695755005,2.57397413466351,0.0298315921330049,32.6584854125977,42.5341584523519,1.51399603979429,1.6287378182711
YOR065W,0.568924367427826,-0.24684739112854,0.0535038771578079,0.0405895390739126,0.473876439034939,0.683001637458801,-0.324334883855043,-0.165578255120123
YOR066W,0.175836578011513,-0.755834758281708,0.0116630711657997,0.0285742143923012,0.155187017718951,0.201124353458484,-0.809144612944886,-0.69653533983298
YOR067C,0.41204047203064,-0.385918617248535,0.0260094037972875,0.0272625426149347,0.366002443432808,0.466969648251931,-0.43651601581992,-0.330711349656329
YOR069W,0.408533900976181,-0.389529585838318,0.0241932238853475,0.0256106342540081,0.36505604883035,0.458949237813552,-0.43764045228551,-0.338235352879592
YOR070C,0.132257074117661,-0.879542171955109,0.00880299191215091,0.028858704949915,0.116073744185269,0.150383219122887,-0.935266006320958,-0.822800622846321
YOR073W,0.0550141967833042,-1.26107203960419,0.00464218192719158,0.0366591303701655,0.0464601815367738,0.0645645075167219,-1.33291909758858,-1.19000615733659
YOR075W,0.203977435827255,-0.69229519367218,0.019003024603955,0.0403668546550326,0.169623523950577,0.243886917829514,-0.770513918509266,-0.612811500070432
YOR076C,0.147633567452431,-0.831621468067169,0.00905918760964994,0.0264541155547422,0.132047583162785,0.167045624305805,-0.879269543655828,-0.777164897588592
YOR077W,0.205043479800224,-0.695858061313629,0.0390481400917406,0.0817030317942864,0.140061178679268,0.295202858746052,-0.853682229099497,-0.529879441140516
YOR079C,0.266696155071259,-0.576057851314545,0.0261754953314418,0.0424078603092115,0.219776978964607,0.322557652990023,-0.658017800895219,-0.491392651503681
YOR083W,0.157056927680969,-0.806730270385742,0.0179019438592075,0.0491420880154486,0.126074566071232,0.195704465607802,-0.899372517988725,-0.708399266987556
YOR084W,0.00459558889269829,-2.35735321044922,0.00138941683070332,0.131871988524271,0.00237637673077794,0.00779053779551759,-2.62408470894726,-2.10843257093438
YOR085W,1.18725371360779,0.0732042044401169,0.0936674310745212,0.0340771311568459,1.01886698305607,1.38733663161596,0.00811748870262436,0.142181852757504
YOR086C,0.748557507991791,-0.126327157020569,0.0379182750305982,0.0218344854196618,0.68524307012558,0.829333151876926,-0.164155347793483,-0.081270973932088
YOR087W,0.286730408668518,-0.543326854705811,0.0175316671864851,0.0263868508046204,0.255515233923992,0.324780523528655,-0.592583202585285,-0.488410022466183
YOR090C,0.292126059532166,-0.535318672657013,0.0187558179076993,0.0277670312503487,0.258346954484781,0.331098020076752,-0.587796655585489,-0.480043416264882
YOR091W,1.59592533111572,0.201706260442734,0.124279418860843,0.0336377885119204,1.37452659408251,1.85803371369839,0.138153143571708,0.269053589920178
YOR092W,0.150956854224205,-0.822124242782593,0.0101680467598385,0.0290959481609715,0.133036280299226,0.172523226961493,-0.876029906984607,-0.763152434854263
YOR093C,0.0712735131382942,-1.14770781993866,0.00386135853079392,0.0234649653738009,0.0641404205933213,0.0792734058573842,-1.19286819761413,-1.10087248264082
YOR098C,0.477677494287491,-0.321439176797867,0.0247161710272553,0.0222917813563386,0.435656939943631,0.530062964061896,-0.360855363411794,-0.27567253923065
YOR099W,2.06294655799866,0.313383996486664,0.147561007769648,0.0309221365108246,1.79895187417666,2.37658822536468,0.255019545155478,0.375953937528848
YOR100C,0.00447302497923374,-2.38049793243408,0.00168938627291225,0.167578070980677,0.00185381531579575,0.00843642686183253,-2.73193391287739,-2.07384150763613
YOR101W,0.46606308221817,-0.333386272192001,0.0428957576559886,0.0398938362665579,0.388295092930396,0.554112976292769,-0.410838097820903,-0.256401679577579
YOR106W,0.233428791165352,-0.634472906589508,0.0257169597885228,0.0478109484191723,0.186980139215787,0.287395340700944,-0.728204522825669,-0.541520309863944
YOR107W,0.0116656366735697,-1.94751191139221,0.00299644895148993,0.113064200366115,0.00660136078950018,0.0182647202163935,-2.18036653180633,-1.73838697603389
YOR109W,0.488811045885086,-0.311401426792145,0.0244866127646635,0.0216848303949555,0.444747902701298,0.538737580180168,-0.351886091826099,-0.268622729486928
YOR110W,0.30039182305336,-0.523495256900787,0.0222862724096564,0.0320690761059501,0.260149004807075,0.347258987774452,-0.584777831175004,-0.459346506737298
YOR112W,0.313951820135117,-0.503831326961517,0.0178292118867159,0.0244827924319185,0.282574648161729,0.35188752412796,-0.548866804911956,-0.453596130432304
YOR113W,0.147923320531845,-0.830664157867432,0.0084309599382169,0.0246358548291573,0.133048787713051,0.165301156168183,-0.875989078210909,-0.781724108872672
YOR114W,0.0909024626016617,-1.04498291015625,0.0116825712552723,0.0556032304309942,0.0696892840166887,0.115806373332938,-1.15683399744528,-0.936267539986121
YOR115C,0.232760637998581,-0.635980844497681,0.0269121233517686,0.0500984573857905,0.183825987949967,0.289785913378,-0.735593091311014,-0.537922736418355
YOR116C,0.638850450515747,-0.195083349943161,0.030262257642036,0.0204415392927381,0.587349585195382,0.702262562513351,-0.231103333634011,-0.153500483151509
YOR117W,2.05346393585205,0.311540722846985,0.135985602166312,0.0286649389429943,1.80611205101013,2.33730537692706,0.256744690399321,0.368715458036517
YOR118W,0.17393060028553,-0.760550618171692,0.0114022966757512,0.0283640316468066,0.153338561703761,0.198373422274987,-0.814348614687777,-0.702516521748379
YOR119C,0.241390287876129,-0.618304908275604,0.01661052532039,0.029767033856196,0.21130882948637,0.276101256906986,-0.67508235569056,-0.55893161629998
YOR120W,0.132492750883102,-0.8803671002388,0.0144650282204187,0.0470766285857252,0.106873384490609,0.163537576794624,-0.971130437083271,-0.786382441661081
YOR123C,0.82891982793808,-0.0822992697358131,0.0508476932209294,0.0265078095107382,0.737582049270471,0.935861540337404,-0.132189661428147,-0.0287884005712972
YOR124C,0.483359277248383,-0.316228061914444,0.0232673418741841,0.020783245111453,0.443733059614897,0.532057178517183,-0.35287821367105,-0.274041693561808
YOR125C,0.311689972877502,-0.512529253959656,0.0536485548143117,0.0734482441560422,0.222718363131086,0.433758052190145,-0.652243982421012,-0.362752472451929
YOR126C,0.299639612436295,-0.528921365737915,0.0483281790984018,0.0690985295550368,0.218346203242739,0.407439151654641,-0.660854355965754,-0.389937241200898
YOR127W,0.118283420801163,-0.927812039852142,0.00690968863555454,0.0252186598187498,0.105925356037915,0.132912578930457,-0.975000067568673,-0.876433915210057
YOR128C,1.08806955814362,0.0360096469521523,0.059765881650037,0.0236851822279332,0.98319065173467,1.21759688854218,-0.00736225941719506,0.0855035296279673
YOR130C,0.10937511920929,-0.964774906635284,0.0142982405358262,0.05662354877817,0.0843548443168402,0.139716009547313,-1.07388999187677,-0.854753827780893
YOR132W,0.39020511507988,-0.4095419049263,0.0242506158868199,0.0268832431567207,0.346606334547202,0.440923504531384,-0.460163504609655,-0.355636749418123
YOR134W,0.00169600395020097,-2.81070113182068,0.000723475511449826,0.192658435100654,0.000566176147064349,0.00343555697860817,-3.24704855466233,-2.46400285460351
YOR136W,3.51283860206604,0.544607400894165,0.245439522652564,0.0301953556636018,3.06380125284195,4.02419455846151,0.486260587744054,0.604678966725995
YOR138C,0.223993942141533,-0.650561988353729,0.0136624728596538,0.0262640319354012,0.200651603316267,0.25313773304224,-0.69755736582884,-0.596643114950966
YOR140W,0.122412778437138,-0.913043677806854,0.00777341146261081,0.0274642361078089,0.108496342537304,0.138496309518814,-0.964584903338628,-0.858561798996418
YOR141C,0.339704513549805,-0.469509571790695,0.018059468225896,0.0229938635898933,0.308132261037827,0.37718376343449,-0.511262829248047,-0.423447011103094
YOR142W,2.53487491607666,0.402649283409119,0.197714502623898,0.0336422388699151,2.1829426864783,2.95049525300662,0.339042332860575,0.46989492022367
YOR144C,0.0693807303905487,-1.15975606441498,0.00470491916041365,0.0293309768248976,0.0608490199781954,0.0793865844607353,-1.21574641204057,-1.10025289425483
YOR145C,1.45932424068451,0.161983609199524,0.146437408547367,0.0433626784750182,1.19649415612221,1.7679352392753,0.0779105817862571,0.247466352430474
YOR147W,0.08870629966259,-1.05324161052704,0.00661742451753076,0.0321915862987174,0.0770555932074785,0.102760173256199,-1.11319583614524,-0.988175172223978
YOR149C,0.0730601474642754,-1.13764643669128,0.00572382168235705,0.03389659883221,0.0627732761825124,0.0849689623961846,-1.20222520476209,-1.07073968764818
YOR151C,1.20680451393127,0.0811417326331139,0.0578885617930982,0.0206949840477649,1.10707018375397,1.32713791429996,0.0441751524717726,0.122916056256068
YOR152C,0.0541731864213943,-1.27501153945923,0.0109401503958828,0.0877958051161812,0.0349360919247071,0.0780537760506073,-1.45672573671565,-1.10760609565973
YOR153W,8.01875114440918,0.903657793998718,0.36728896098764,0.0197394914972764,7.41453746557236,8.78350830078125,0.870084063979508,0.943668016059298
YOR155C,0.238024920225143,-0.624661505222321,0.0183854668448162,0.0333340531758227,0.206131203100085,0.276343840608994,-0.685856261952936,-0.558550233938349
YOR156C,0.094836600124836,-1.02398931980133,0.00633110814584631,0.0288967726771394,0.083219465551277,0.108341169419388,-1.07977507878886,-0.965206486617584
YOR157C,3.14227414131165,0.495032966136932,0.31888059063358,0.0437435724973756,2.58917383948962,3.82276232043902,0.41316121020007,0.582377296343422
YOR160W,0.223892062902451,-0.650571703910828,0.0119198772729455,0.0229995472432781,0.203078680237134,0.248415391768018,-0.69233566800949,-0.604821498863389
YOR161C,0.134618729352951,-0.872270286083221,0.0107766919417681,0.034556488328056,0.115179325764378,0.15762064208587,-0.938625468116576,-0.802386907679187
YOR165W,0.762275218963623,-0.118481710553169,0.0399393039723716,0.0226505198302732,0.69191517084837,0.84459013491869,-0.159947147280052,-0.0733540003426169
YOR168W,3.03892660140991,0.482141554355621,0.157652485332777,0.022395600001881,2.76548101107279,3.37461790442467,0.441770680732277,0.528224606122446
YOR171C,0.445689558982849,-0.351732432842255,0.0265306202582915,0.0257579715080693,0.398085874070724,0.500828169286251,-0.400023232957623,-0.300311252354201
YOR172W,0.0429463759064674,-1.3684070110321,0.00336708436072465,0.0339810474591826,0.0367234698186318,0.0499240109696984,-1.43505629208028,-1.30169053257257
YOR173W,0.0778207257390022,-1.11167931556702,0.00883062580108179,0.0491220923487213,0.0618589489410321,0.0966742257898053,-1.20859746516519,-1.01468929780646
YOR174W,0.197076082229614,-0.708285987377167,0.0229654090160153,0.050333025637164,0.155921247353156,0.246604602411389,-0.807094699575549,-0.60799882247556
YOR175C,0.715653240680695,-0.146044835448265,0.042204823072112,0.0254154668381718,0.642752101520697,0.806638326744239,-0.191956495831761,-0.0933211467578903
YOR176W,1.04179716110229,0.0165701247751713,0.078481768548865,0.0323895375725488,0.903226532042027,1.21079504787922,-0.044203313617521,0.0830706306988572
YOR180C,0.00545581197366118,-2.30078458786011,0.00226564307192134,0.185320002740084,0.00199620161632386,0.0108639113605022,-2.69979571282111,-1.96401403225203
YOR181W,0.292282581329346,-0.534986913204193,0.0176879116712218,0.0261791853783288,0.260759562253952,0.329639253516992,-0.583759756696326,-0.481961078043784
YOR184W,2.78133916854858,0.44312059879303,0.201769838224001,0.0313026777717867,2.42037802139918,3.20946460763613,0.3838831992876,0.506432582618894
YOR187W,2.2180380821228,0.344998687505722,0.14882417558451,0.0289820404025059,1.95139980316162,2.53042623400688,0.290346256846499,0.403193681282933
YOR194C,0.718578934669495,-0.145684376358986,0.0720312564491964,0.0432476911126612,0.592691159248352,0.873638042310874,-0.227171552290165,-0.0586684642083392
YOR195W,0.309110522270203,-0.510570228099823,0.0174277115515697,0.0243345683035662,0.278235197315613,0.34595898364981,-0.555587931738685,-0.460975387688647
YOR196C,0.291850745677948,-0.536107897758484,0.0223924380138753,0.033149490092268,0.251882433891296,0.338943596680959,-0.598802118846024,-0.469872566397135
YOR198C,6.07624435424805,0.782828390598297,0.371515636552707,0.0264525455760222,5.41107988357544,6.84733581542969,0.733283945453543,0.835521627591533
YOR201C,0.166570112109184,-0.779821038246155,0.0135130652669742,0.0350529806350872,0.142230258509517,0.195652235299349,-0.847008000685053,-0.708515185993904
YOR204W,6.84819936752319,0.834884464740753,0.388293594993052,0.0244623981262549,6.1546923160553,7.67535066604614,0.789206346661044,0.88509822607318
YOR206W,1.12572753429413,0.050750445574522,0.0633884919357508,0.0242987687995781,1.01447998682658,1.26092340052128,0.00624348243985261,0.100688704324883
YOR207C,0.598574578762054,-0.223450392484665,0.0307260118741777,0.0221772943114576,0.544600864251455,0.661945088207722,-0.263921673817584,-0.179178036084534
YOR209C,1.56106948852539,0.192441314458847,0.105352509868805,0.029133336271691,1.37225107947985,1.78430856664975,0.137433580775019,0.251469955752663
YOR211C,0.29546058177948,-0.530127286911011,0.0159368491901841,0.0233027850809873,0.26720639616251,0.328496311853329,-0.573153152224487,-0.483469502233395
YOR213C,0.165785625576973,-0.785609900951385,0.0257020793139737,0.0669043561584094,0.121533532130222,0.221018821001053,-0.915303892552716,-0.655570742111875
YOR214C,0.00368755497038364,-2.54390597343445,0.00261601217764446,0.329820498537394,0.000521422413294204,0.0105405730738615,-3.28281031097664,-1.97713577659643
YOR216C,0.373239308595657,-0.428996920585632,0.0252203977722629,0.0291797821236165,0.328047236303488,0.427389568338792,-0.484063618572152,-0.369176082245176
YOR217W,0.483433246612549,-0.316289067268372,0.0260861048680917,0.023289345085566,0.438212662935257,0.539985290666421,-0.358315076881548,-0.267618070311173
YOR219C,0.138281732797623,-0.860004127025604,0.00826380405264529,0.0258052549356818,0.123836080667873,0.15559296309948,-0.907152801584084,-0.808010048452837
YOR220W,0.599844753742218,-0.224980980157852,0.0712769151815748,0.0511234154091334,0.475111837188403,0.753606605529785,-0.323204166985891,-0.122855304062537
YOR221C,0.276888608932495,-0.559313118457794,0.0240243855343593,0.0374486730281539,0.233326064795256,0.328815765182177,-0.632036743619724,-0.483047369131363
YOR222W,0.233511298894882,-0.633803427219391,0.0230793888264793,0.0428242013117532,0.191780099521081,0.281796923279762,-0.717196460563586,-0.550063753603011
YOR223W,0.239594429731369,-0.622991323471069,0.0256278369259247,0.0463068877476666,0.193722494443258,0.293778211126725,-0.712819948251555,-0.531980425722922
YOR228C,0.0537987127900124,-1.27342426776886,0.00748298399563649,0.0605540463599787,0.040514566283673,0.0692436812445521,-1.39238880680605,-1.15962005598305
YOR229W,0.184410393238068,-0.735349714756012,0.0133768075015577,0.031346078414068,0.16049835284551,0.212601875017087,-0.794529420412941,-0.672432915120321
YOR230W,3.27865123748779,0.514752149581909,0.217168300795488,0.0286034354726151,2.89133935372035,3.74086715579033,0.461099067384301,0.57297228505847
YOR231W,0.134200915694237,-0.873337805271149,0.00954399367326744,0.0308255033871927,0.116490807260076,0.154356504231691,-0.933708363469284,-0.811475066615303
YOR232W,3.23289680480957,0.504989206790924,0.477479037703506,0.0629998610446264,2.43547827402751,4.26946043570836,0.386584257582086,0.630372993379257
YOR233W,0.167598724365234,-0.776422500610352,0.00949196641570341,0.0244908175321057,0.150601900493105,0.186727045228084,-0.822169547700043,-0.728792776281725
YOR237W,0.0231976192444563,-1.63860368728638,0.00317948395077147,0.0593323566996191,0.0176377507237097,0.0299240843703349,-1.75355680040351,-1.52397912957117
YOR238W,0.212520122528076,-0.674920558929443,0.0220661406509064,0.0448959109695837,0.173849910746018,0.25954571540157,-0.759825546349802,-0.585786138068035
YOR242C,0.00426923902705312,-2.39204382896423,0.00137366850121971,0.141102971951049,0.0020928513239293,0.00734672471492862,-2.67926170753366,-2.13390623324715
YOR243C,0.802999317646027,-0.0958951190114021,0.0428038951351715,0.0230030369761165,0.728106209635735,0.89486594547828,-0.137805265069134,-0.0482420232404558
YOR244W,0.187617987394333,-0.727820038795471,0.0133168338779079,0.0308446825035304,0.162869838873545,0.214810014267763,-0.788159333805233,-0.667945476982214
YOR245C,0.182094469666481,-0.741058468818665,0.0144330178850534,0.0342514289940496,0.155889981240034,0.212114865208666,-0.807181795256949,-0.673428894764798
YOR250C,0.235282838344574,-0.629498064517975,0.0166691524412403,0.0307753926116348,0.204165799667438,0.269046224157015,-0.690017012607059,-0.570173098898587
YOR251C,0.888509154319763,-0.0527735278010368,0.0723493934669112,0.0353416596947838,0.755717355012894,1.03620174527168,-0.121640623929994,0.0154443193622929
YOR255W,0.00195764238014817,-2.80979466438293,0.0013392447185917,0.313221634688724,0.000317602587892907,0.00545021219101424,-3.49811608293947,-2.26358658969886
YOR256C,0.154017806053162,-0.813176333904266,0.00907212206777749,0.0253591893072375,0.138618630419175,0.173761469498277,-0.85817839672893,-0.760046519343619
YOR259C,1.92997014522552,0.28466060757637,0.123957902008663,0.0277425494538353,1.70885826150576,2.19623269637426,0.232706042116253,0.341678352798106
YOR261C,2.19538116455078,0.340276747941971,0.166107163717482,0.0327076156659218,1.89755137264729,2.54133620262146,0.278193541472989,0.405062122812979
YOR262W,0.31677109003067,-0.500772297382355,0.0266215934552587,0.0362789992195744,0.268302920709054,0.371708080420891,-0.571374614533538,-0.429797998217965
YOR264W,0.579539000988007,-0.237927511334419,0.0396891237779972,0.0296038617238884,0.508516776065032,0.662924811740716,-0.293694715738761,-0.178535726062123
YOR267C,0.326353996992111,-0.487021446228027,0.0187534948347871,0.0247706020912889,0.29461002300183,0.36620935673515,-0.530752486612743,-0.436270563600628
YOR270C,2.41444897651672,0.38224184513092,0.125016203962525,0.0223265050858691,2.1982864578565,2.68179454008738,0.34208428451218,0.428425502127415
YOR272W,1.02269351482391,0.00887946784496307,0.0648331277258913,0.0273669944465617,0.908111572265625,1.15924465656281,-0.0418607909600389,0.0641751027298981
YOR273C,0.220428422093391,-0.657444179058075,0.0126621381431864,0.0248361015017417,0.197538688778877,0.247218001261353,-0.70434783357129,-0.606919909853132
YOR274W,0.188468992710114,-0.72609543800354,0.0148219133245796,0.0340253376183815,0.161237506320079,0.219396868348122,-0.792533928793099,-0.658769576897334
YOR278W,0.131352141499519,-0.884948253631592,0.0164757812701642,0.0542359635658407,0.101725115564962,0.167463275417685,-0.99257181055806,-0.776080419585849
YOR280C,0.497397989034653,-0.305905222892761,0.0546684231863592,0.0476233871295111,0.399366628626982,0.614706015586853,-0.398628237993182,-0.211332543320954
YOR283W,1.63877618312836,0.209859758615494,0.242863212368607,0.0634377727831533,1.23159393370152,2.1806392510732,0.0904675387795132,0.338583821420098
YOR284W,0.136914491653442,-0.869480192661285,0.0227877396552547,0.0717416694115192,0.0979088430603345,0.186677828803658,-1.00917808953796,-0.728907259787454
YOR287C,0.551972091197968,-0.259836703538895,0.0497475932613808,0.0389880469199262,0.462710330386957,0.654896557331085,-0.334690804423469,-0.183827294061738
YOR289W,0.107918761670589,-0.972365915775299,0.0172366039589054,0.0688841973046895,0.0786889111002286,0.146463165183862,-1.10408647151975,-0.834271604367202
YOR291W,0.155850052833557,-0.807833194732666,0.00778939884802568,0.0216411047227739,0.141865734755993,0.171728162219127,-0.84812248828811,-0.765158478057773
YOR295W,0.291051894426346,-0.543103098869324,0.0536459855178569,0.0778974676809253,0.205325033639868,0.409854533026616,-0.68755812944441,-0.387370261670692
YOR296W,0.0633650049567223,-1.19885456562042,0.0036352393721347,0.0246949252901069,0.0572537725170453,0.0714709907770157,-1.2421958925395,-1.14587019738661
YOR298W,0.00436377385631204,-2.37400889396667,0.00110659363114731,0.110487946484015,0.00252095982432365,0.00675776103744283,-2.59843407547134,-2.17019717303056
YOR299W,0.13202178478241,-0.880226969718933,0.00838937230302918,0.02749928978286,0.116835949632029,0.14955969552199,-0.932423507210655,-0.825185427696168
YOR301W,0.29555806517601,-0.530583024024963,0.0222764955407145,0.032617177649171,0.255619711925586,0.341958347211281,-0.592405660772874,-0.466026791151147
YOR307C,0.189165949821472,-0.724376380443573,0.0142295198038747,0.0325154877631808,0.163964983696739,0.219015664607286,-0.7852488902399,-0.659524824229588
YOR310C,5.58878469467163,0.746541202068329,0.335615669277068,0.0259489156121598,5.00094534953435,6.28094911575317,0.69905210825954,0.798025275041213
YOR313C,0.00987223535776138,-2.02011942863464,0.0025485828703463,0.113390462945163,0.00554427709430456,0.0155891505070031,-2.25615507250407,-1.8071775505646
YOR315W,0.584297299385071,-0.234748736023903,0.0468411770626795,0.0346225807433793,0.500948837896188,0.686708769202232,-0.300206627050863,-0.163227421926882
YOR316C,0.621903598308563,-0.207301884889603,0.0428305062854447,0.0298077876458532,0.544511851668358,0.7116395637393,-0.263992666118758,-0.147739915980667
YOR317W,1.40606951713562,0.14735834300518,0.077141474759701,0.0236938189624768,1.27091565628846,1.57187189757824,0.104116729669603,0.196417147071659
YOR320C,0.349052876234055,-0.458035260438919,0.0228720939032331,0.0283260134187712,0.308575642853975,0.397066399703423,-0.510638357648572,-0.401136863742442
YOR321W,0.282905787229538,-0.549083709716797,0.0164219584861592,0.0250736322437616,0.253819644451141,0.317594236880541,-0.59547476858263,-0.498127387814273
YOR322C,0.156397894024849,-0.806523978710175,0.00926559615786556,0.02558579990845,0.140111128985882,0.175805985927582,-0.853527367483823,-0.754966341941085
YOR323C,3.6096076965332,0.556550860404968,0.23439385815093,0.0280941511719324,3.18816328048706,4.10271572271983,0.503540555509094,0.613071425688065
YOR326W,0.862829267978668,-0.0645602196455002,0.0409542913752907,0.0205049448903498,0.792738245427609,0.945680104196072,-0.100870189071869,-0.0242557492542859
YOR329C,0.155773892998695,-0.808267831802368,0.00926864916171815,0.0256768675615976,0.13928628526628,0.17555478947858,-0.856091644010523,-0.755587317636316
YOR332W,6.82785844802856,0.830131530761719,0.952282705376811,0.0599662081828051,5.20421695709229,8.87475904623667,0.716355393443726,0.948156569936904
YOR335C,4.72764492034912,0.674106955528259,0.236303485815471,0.0215863562798546,4.31792377233505,5.22176686525345,0.635274970956027,0.71781747808891
YOR336W,0.221179082989693,-0.655791640281677,0.0110104369176175,0.0215295876713746,0.201711855332057,0.243772540489833,-0.695268576024291,-0.613015216754477
YOR341W,1.67036640644073,0.22235332429409,0.0770783860830297,0.0198965876920082,1.54044775764147,1.83605594535669,0.18764697434651,0.263885910191222
YOR342C,0.379791289567947,-0.422203034162521,0.0340692814640562,0.0390168220957385,0.315867036332687,0.450863708307346,-0.50049569498847,-0.345954721836803
YOR346W,0.116734005510807,-0.933478832244873,0.00652951575140809,0.0242071623441604,0.105010440883537,0.130277773862084,-0.97876752259399,-0.885129671120146
YOR347C,0.429124027490616,-0.368318736553192,0.0277476915103274,0.0279808811532538,0.379399231572946,0.48803973197937,-0.420903553293757,-0.311544820052649
YOR348C,0.00227885157801211,-2.66055107116699,0.000658213420264956,0.127670520605817,0.00119139370411479,0.00376307620317675,-2.92394470211339,-2.42445698704658
YOR350C,0.0517812483012676,-1.28716015815735,0.00407353966187625,0.0340465831999028,0.044272030175974,0.0603296753639976,-1.35387056236216,-1.21946903656453
YOR351C,0.000831768324133009,-3.14068102836609,0.000436611163272993,0.238965443624812,0.00021644771938251,0.00191123704134952,-3.66464698610091,-2.71868545320073
YOR352W,0.190262585878372,-0.722353756427765,0.0169243712002413,0.0384728255006265,0.159896873186032,0.226592838764191,-0.796160028911587,-0.644753819690365
YOR353C,0.135972678661346,-0.867289185523987,0.00797768123453092,0.0253620468297806,0.122043307436009,0.152628708134095,-0.913486037848895,-0.816363771686951
YOR354C,0.287981390953064,-0.541387617588043,0.0170186740702288,0.0255218927332215,0.25761547634999,0.323770795265834,-0.589028050384566,-0.489762328428304
YOR355W,0.595346331596375,-0.226100251078606,0.0378697599645351,0.0274496878823683,0.52781568368276,0.674982587993145,-0.277517709490258,-0.170707430404731
YOR356W,0.441024303436279,-0.356277257204056,0.0258384503081116,0.0252914624336363,0.394958813240131,0.495616793632507,-0.403448191087994,-0.304853986278294
YOR358W,0.161979362368584,-0.796046257019043,0.0260085869338933,0.0691051335487562,0.117979675531387,0.218823961541057,-0.928192802565259,-0.659905124043942
YOR359W,0.184760302305222,-0.734407842159271,0.0126961010908078,0.0297428919762227,0.161740293105443,0.211084052920341,-0.791181775855326,-0.675544580284478
YOR360C,0.21602375805378,-0.666501760482788,0.0147217485638173,0.0294936495933255,0.189539696524541,0.246780521298448,-0.722299819630747,-0.607689126992079
YOR362C,1.99836695194244,0.29895007610321,0.178934572301825,0.0386822852659068,1.67701792220275,2.3794967909654,0.224537698144168,0.376485122895717
YOR368W,0.120379626750946,-0.920944631099701,0.0100283958189084,0.0360325666339658,0.101940974593163,0.141618100677927,-0.991651218712689,-0.848881234509642
YOR370C,0.471042394638062,-0.327647805213928,0.0269859881137721,0.024744247218595,0.423388469219208,0.528286059200764,-0.3732609757362,-0.277130849667662
YOR371C,0.12950511276722,-0.888363659381866,0.00712958499619935,0.0237682898169025,0.116715937852859,0.144724402452509,-0.932869835920339,-0.839458234971928
YOR372C,0.224202424287796,-0.650324583053589,0.0150366313048283,0.0289275211928802,0.19719964141647,0.257038742303848,-0.705093879741588,-0.590001412463677
YOR377W,0.163840234279633,-0.786584794521332,0.0111955951254363,0.0295665065481068,0.143304083993038,0.187389438971877,-0.843741432561817,-0.727254889296376
YOR380W,0.0168532747775316,-1.77681088447571,0.00214123321049028,0.0551988123197888,0.0130178369581699,0.0213250888511539,-1.88546117207901,-1.67110915071679
YOR385W,0.171075999736786,-0.769699931144714,0.0198359430694535,0.0500173818840692,0.136856914932529,0.213490742817521,-0.863733256848393,-0.670620951743667
YOR386W,0.0937488302588463,-1.02921712398529,0.00693432642866833,0.0320238889255008,0.0810121687750022,0.108292497694492,-1.09144974118623,-0.96540162945725
YPL274W,0.560260236263275,-0.252341121435165,0.0325880136478972,0.0251315139448233,0.503196900089582,0.629437980055809,-0.298262043053919,-0.201047055871847
YPL268W,0.0469866991043091,-1.32911324501038,0.00333635050832674,0.0306549366580106,0.0411119318256776,0.0540634753803412,-1.38603211965387,-1.26709604258797
YPL266W,0.983575284481049,-0.00879837293177843,0.0850811497007877,0.0372636374457367,0.834300680458546,1.17030551632245,-0.0786774084533657,0.0682992508601612
YPL265W,1.37909233570099,0.138874590396881,0.0797435791073216,0.0249158236072405,1.23976726929347,1.55028451383114,0.0933401657125395,0.190411408582369
YPL264C,0.0428643450140953,-1.37141644954681,0.00547615819687851,0.0551865406854831,0.0331263346287111,0.0546033754944801,-1.47982661556133,-1.26278050906607
YPL263C,0.716569304466248,-0.145463570952415,0.0414975147374782,0.0249799449580905,0.645386956135432,0.805185844004154,-0.19017981706501,-0.0941038707884521
YPL262W,1.83234632015228,0.26227268576622,0.107065837555052,0.0252502612454377,1.63970638513565,2.05759848157565,0.214766087658161,0.313360630535684
YPL260W,0.919761419296265,-0.0370660051703453,0.0539930218839251,0.0253363152273489,0.82396541039149,1.03406396309535,-0.0840910236986486,0.0145474013755653
YPL259C,0.249441534280777,-0.603947460651398,0.016229823074684,0.0282098211732725,0.219605401158333,0.282243711004655,-0.658356982690008,-0.549375726524711
YPL255W,0.0606332086026669,-1.21998643875122,0.00677837168082652,0.0484265215030091,0.04842722027873,0.0749548673629761,-1.31491046451837,-1.12520016001055
YPL253C,0.103843249380589,-0.984603881835938,0.00699956929156892,0.0292120370749098,0.0910225703691443,0.118578391708434,-1.04085090901105,-0.925994444354062
YPL249C,0.312840014696121,-0.505275070667267,0.0164670977076331,0.0227767686734476,0.283498455584049,0.346331059684356,-0.547449302920962,-0.460508558306864
YPL247C,0.0938000455498695,-1.02914488315582,0.00740314318912127,0.0341928916358126,0.0803449691583713,0.109368242075046,-1.09504131507179,-0.961108768458224
YPL246C,0.993573546409607,-0.00553469313308597,0.112056407976696,0.0486952212721608,0.794993843634923,1.23495047390461,-0.0996362344825785,0.0916495410816008
YPL245W,0.258920520544052,-0.588001370429993,0.0189985841601296,0.0318663123828475,0.224558355783423,0.297722027699153,-0.648670780490065,-0.526189034395368
YPL244C,0.171145468950272,-0.768727779388428,0.0168752135378078,0.042605184128635,0.141003168622653,0.207607510934273,-0.850771129340057,-0.682756938420248
YPL243W,0.962878227233887,-0.0171448346227407,0.0555375757662336,0.0248913097713198,0.867247054477533,1.07989787757397,-0.0618571672211601,0.0333826876136914
YPL241C,0.172390684485435,-0.767420411109924,0.0234312667604608,0.0583201976693231,0.132134910176198,0.224999318023523,-0.87898243390854,-0.647818798764098
YPL237W,3.53031277656555,0.545927226543427,0.330637711423028,0.0404564282997684,2.9432051897049,4.2456710378329,0.468820540478359,0.627946341180889
YPL236C,0.0789649412035942,-1.10509765148163,0.0085443279366479,0.0468830906323061,0.0636626407504082,0.0968025224283337,-1.19611535160537,-1.0141133471597
YPL235W,1.64869141578674,0.216280326247215,0.103841314245903,0.0272883893625373,1.46198892593384,1.86177253921827,0.164944083002114,0.26992661777771
YPL232W,0.984320998191833,-0.00891326833516359,0.0962466163783629,0.0421345551271167,0.813709703087807,1.18933507998784,-0.0895305053825163,0.0753042234186561
YPL230W,0.0186553727835417,-1.73498344421387,0.00305193528016972,0.0710397338283798,0.0132450257738431,0.0252161925503363,-1.87794719298866,-1.59832051010779
YPL228W,0.382371932268143,-0.418377876281738,0.0241782927707879,0.0273659213897189,0.339433789253235,0.433219265689452,-0.469244927617015,-0.363292238669372
YPL226W,1.91790533065796,0.282322227954865,0.0929484122734889,0.0208670900218319,1.76255679130554,2.11642908255259,0.246143119282308,0.325603720584088
YPL224C,0.146641224622726,-0.834937810897827,0.010912267082971,0.0321565648138579,0.127109818036358,0.170255294442177,-0.895820903802457,-0.768899489743774
YPL222W,0.0538743026554585,-1.27002894878387,0.00434822008123792,0.035020403529344,0.045854036634167,0.0628863796591759,-1.3386224264006,-1.20144340669139
YPL221W,0.282822787761688,-0.549193024635315,0.0161989177888505,0.0247603310359249,0.253690416862567,0.316422289609909,-0.595695938983344,-0.499732931745944
YPL215W,0.570339500904083,-0.245440557599068,0.0486761230624814,0.0369475673701126,0.481717464327812,0.671286811431249,-0.317207608361384,-0.173091886096739
YPL214C,0.0767360329627991,-1.1164299249649,0.00623408227492269,0.0352814055944936,0.0651375323534012,0.0894971625258525,-1.18616869813736,-1.04819074556329
YPL213W,0.315769165754318,-0.506111860275269,0.0507869488012681,0.068844717382378,0.229142751296361,0.426877932498852,-0.639893879189862,-0.369696296198619
YPL212C,0.837586641311646,-0.0777956396341324,0.0518872020270734,0.0267141078780551,0.746117445826531,0.948785771926244,-0.12719280534757,-0.0228318367135585
YPL208W,0.225264132022858,-0.648230254650116,0.0147832129155932,0.0282712235545775,0.199342094237606,0.256061847259601,-0.700400986361786,-0.591655126318468
YPL207W,0.349476665258408,-0.457259804010391,0.0196090497281066,0.0242359326824748,0.314734678467115,0.390990021576484,-0.502055402504129,-0.407834326214915
YPL204W,0.590987324714661,-0.229364410042763,0.039127544548753,0.0285467985810665,0.521881325046221,0.67576546271642,-0.282428245263869,-0.170204008153213
YPL203W,0.302467495203018,-0.52074533700943,0.0246641770293133,0.0351556953412913,0.259054738779863,0.355998232463996,-0.586608458952423,-0.4485521586298
YPL199C,1.53600752353668,0.182558968663216,0.205937817953903,0.0575680037884654,1.18105631172657,1.98495082656542,0.0722706048441036,0.297749747425959
YPL196W,0.259619832038879,-0.588589131832123,0.030244713661744,0.0504305794804683,0.206670881062746,0.323231206585964,-0.684720711750018,-0.490486716608416
YPL195W,0.442326962947845,-0.354877203702927,0.0237405562741869,0.0231705578603621,0.400894403457642,0.492677460610867,-0.396970006519319,-0.307437305728214
YPL193W,0.136752262711525,-0.865770816802979,0.0121227003860878,0.0384800264934102,0.11434274793913,0.162432898829381,-0.941791376923767,-0.789326005657621
YPL191C,0.100092008709908,-1.00184595584869,0.0101778042530678,0.0442389242912866,0.0812350713958343,0.121495320275426,-1.09025643382367,-0.915440450857331
YPL190C,0.975090026855469,-0.0115680880844593,0.0519118378903847,0.0230230933069171,0.884342122574647,1.08247792720795,-0.0533796887750778,0.0344190494230722
YPL189W,0.00515766115859151,-2.29688906669617,0.0010665421631507,0.0907192796257399,0.00328193069629682,0.00750382756814361,-2.4838706236025,-2.12471715424841
YPL188W,0.346879333257675,-0.461095422506332,0.0266462936271512,0.0332366286968802,0.298657753815254,0.403172372778257,-0.524826205532533,-0.394509238708957
YPL186C,0.0209935270249844,-1.68750882148743,0.00443580774672779,0.0916697352159468,0.0133177075457449,0.0310302791496118,-1.87557052636616,-1.50821449829787
YPL184C,0.62978732585907,-0.201554626226425,0.0371634221515977,0.0254560347898077,0.564432348807653,0.710483193397522,-0.248388104133038,-0.148446190925878
YPL183C,0.463825792074203,-0.334211558103561,0.0237677730801051,0.0221442292414568,0.421747833490372,0.513238115608692,-0.374947139694601,-0.289681098738684
YPL181W,0.373191684484482,-0.428898572921753,0.0231430889235526,0.0268392774149906,0.330854087074598,0.421083735177914,-0.480363496875111,-0.375631539025452
YPL180W,0.18345832824707,-0.737192451953888,0.0106675579207746,0.0252068233162931,0.164082684243719,0.205110959832867,-0.784937247946503,-0.688011133443435
YPL177C,0.675806164741516,-0.171981409192085,0.0618207630924188,0.0395326293098739,0.565032109618187,0.80606765995423,-0.247926871472045,-0.0936285028212902
YPL176C,0.257973670959473,-0.589141964912415,0.0149145760233908,0.024924910829062,0.232050785298149,0.290146003166835,-0.634416958028083,-0.537383407612863
YPL175W,0.127487450838089,-0.895961821079254,0.0103964393457265,0.0351833447712995,0.109149077162147,0.149864468723536,-0.961979936598582,-0.824301321568084
YPL172C,0.0964919403195381,-1.01711905002594,0.0083504106530311,0.0373491739729343,0.081641441086928,0.114243015646935,-1.08808933800135,-0.9421703414438
YPL169C,0.523879766464233,-0.281517654657364,0.0309203754805872,0.0254395682612356,0.470893170187871,0.590498507022858,-0.32707760933071,-0.228781196090355
YPL168W,0.0526745729148388,-1.2807674407959,0.00552951059965087,0.0453835019466246,0.0427554063498974,0.0644066977625092,-1.36900896164986,-1.19106896733496
YPL165C,0.00340456608682871,-2.49162006378174,0.00112157208462566,0.14569421004566,0.00158783462053786,0.00600278911491235,-2.7991947374339,-2.22164692107484
YPL163C,2.06613779067993,0.312893897294998,0.212051259293535,0.0443113920772066,1.69161260128021,2.51699140071869,0.228300911664079,0.400881727220391
YPL162C,0.189092010259628,-0.726581156253815,0.0232347282593333,0.0531682580775067,0.147333784649769,0.237863168120384,-0.831697655075116,-0.623672801007925
YPL161C,0.151076197624207,-0.821709394454956,0.00977467586891519,0.0280214491653381,0.133169784148534,0.171098451440533,-0.875594304285089,-0.766753921238068
YPL160W,5.22089672088623,0.717259526252747,0.248569253857089,0.0205211312323617,4.80978078047434,5.74265443881353,0.68212528181696,0.75911268322636
YPL159C,0.277847290039062,-0.560135424137115,0.0377037329237437,0.058448432490047,0.211466560512781,0.360667733848095,-0.674758303111852,-0.442892709859274
YPL158C,0.340102851390839,-0.469098448753357,0.0195157712457234,0.0247448694130232,0.305866321672996,0.382149804383516,-0.514468339868641,-0.417766358561321
YPL157W,0.134554788470268,-0.873585343360901,0.0144123175281669,0.0464844076573233,0.107910082302988,0.16503982655704,-0.966937976229303,-0.78241124148417
YPL156C,0.1380435526371,-0.863045871257782,0.0164653646877684,0.0515543880728535,0.108727746953567,0.173686741416653,-0.963659611917461,-0.760233339291861
YPL153C,0.0993097275495529,-1.00383257865906,0.00613893809810466,0.0266777127049609,0.0883384500940641,0.112469827880462,-1.05385022614682,-0.948963970233957
YPL152W,0.226005643606186,-0.647519409656525,0.019683456417202,0.0377281497451389,0.188747037698825,0.267322738965352,-0.724119856198961,-0.572964101886326
YPL151C,0.113107606768608,-0.948035657405853,0.00951531673541922,0.0364458835936283,0.0957980334137877,0.132814140742024,-1.01864340623214,-0.876755683127381
YPL150W,0.0775362253189087,-1.11135613918304,0.00490003617706905,0.0273248573157711,0.0685939991225799,0.0875461927304665,-1.1637138781665,-1.05776273700936
YPL141C,0.135150328278542,-0.869864523410797,0.00759329528602173,0.0242909270680847,0.121566516160965,0.151030218228698,-0.915186029237414,-0.820936150378211
YPL139C,0.354234874248505,-0.451591700315475,0.0226698147824702,0.0276413795665781,0.313751995563507,0.402628082036972,-0.503413503249668,-0.395095938063138
YPL138C,0.170832335948944,-0.769240021705627,0.0156626592115145,0.0395843575265626,0.142636693393191,0.204403454562028,-0.845768738133071,-0.689511768627745
YPL137C,0.208008110523224,-0.6824991106987,0.0107940750267642,0.0224178538513097,0.188667933146159,0.230783161148429,-0.724301908262779,-0.636795882315833
YPL134C,0.110636226832867,-0.958886921405792,0.0125920637464356,0.0491878514713541,0.088393155609568,0.137666341165701,-1.05358137685439,-0.861172372607985
YPL133C,0.0873497277498245,-1.060378074646,0.00761344028308817,0.0377783474127663,0.0736057252933582,0.102982620956997,-1.1330884047036,-0.987236062101193
YPL132W,0.147033527493477,-0.835345089435577,0.0166317983480968,0.0489992338441172,0.117076613008976,0.182972959677378,-0.931529850064594,-0.737613093628822
YPL131W,37.8368530273438,1.57622528076172,3.35765748587009,0.0382069962340193,32.0331210454305,45.0694529215495,1.5055992545977,1.65388228632375
YPL128C,0.327101856470108,-0.486187398433685,0.0208112164970977,0.0274250384724457,0.291187316179276,0.372583861649036,-0.535827546369031,-0.428775960365105
YPL127C,2.58557820320129,0.409509897232056,0.3095788804081,0.0512763813528863,2.05944406787554,3.25981144110362,0.313749999883574,0.513192479366339
YPL126W,0.793650925159454,-0.100972399115562,0.0420051127879275,0.0228199871070071,0.721712330480417,0.883638038237889,-0.141635875641548,-0.0537256007676657
YPL125W,0.303338140249252,-0.518661499023438,0.0158653887568388,0.0225670126381513,0.276280627896388,0.336597603311141,-0.558649565693977,-0.472888980693673
YPL124W,0.181599691510201,-0.74557888507843,0.026768907931828,0.0639661796080894,0.133274040247003,0.238957952335477,-0.875254437587308,-0.621678523219204
YPL123C,0.190105721354485,-0.722332060337067,0.0148582081433113,0.0340176419513062,0.16163544356823,0.220161164303621,-0.791463400626482,-0.657259295771803
YPL122C,0.218199610710144,-0.662135183811188,0.0147518402548833,0.0292457303019757,0.192359909415245,0.248869016766548,-0.715885436113038,-0.604029168015294
YPL119C,0.0534577034413815,-1.27346408367157,0.00442686228753242,0.0358022473134459,0.0455774254786472,0.0626655421530207,-1.34125021036636,-1.20297120079685
YPL117C,2.15983986854553,0.332444787025452,0.207111594966357,0.0413873339688749,1.78876579602559,2.59988955656687,0.252553479991277,0.414954899512064
YPL116W,0.253075391054153,-0.597500264644623,0.0149194819320535,0.0255083714704329,0.226147696375847,0.283499598503113,-0.645607831779896,-0.54744755182577
YPL115C,0.177734375,-0.750828683376312,0.00937094378701707,0.0227874497356909,0.161542607968052,0.197226524849733,-0.791712910594067,-0.705034681290372
YPL113C,0.0601329542696476,-1.22347772121429,0.0065912322623786,0.0474026973154771,0.0483863610463838,0.0741191987569133,-1.31527703832166,-1.13006928461521
YPL112C,0.545438587665558,-0.26444411277771,0.0404874809538438,0.0321270370374464,0.471733778715134,0.630176510413488,-0.326303024783866,-0.200537789051113
YPL111W,2.02846360206604,0.30565145611763,0.17130612926648,0.0361662867500331,1.72978311379751,2.40069913268089,0.237991653190524,0.380337735537153
YPL110C,0.215787395834923,-0.666545629501343,0.0111015627600205,0.0222608279301657,0.196209698915482,0.238671955714623,-0.707279528651456,-0.622198609846522
YPL107W,0.121017128229141,-0.923692166805267,0.0210990881622429,0.075443511532748,0.0844270047421257,0.167422369122505,-1.0735186181299,-0.776186516847842
YPL106C,15.1408967971802,1.17951881885529,0.821566431697058,0.0234226027967146,13.7215573072433,16.8769185225169,1.13740340374906,1.22729315176312
YPL105C,0.373339533805847,-0.428549706935883,0.0205827554212732,0.0238009377844888,0.337197184562683,0.416652958343426,-0.472116060186072,-0.380225530230747
YPL104W,0.0956075042486191,-1.02051162719727,0.00650888107612873,0.0295042151594411,0.0835644898936152,0.109095042571425,-1.07797823465158,-0.962194983901239
YPL103C,0.125471577048302,-0.902791321277618,0.0098611816889828,0.0340804447389588,0.107282344438136,0.145982913921277,-0.969471744959486,-0.835697974103123
YPL101W,0.31574085354805,-0.501833617687225,0.023226306753085,0.0317139807619054,0.274164665987094,0.365849640965462,-0.561988518354073,-0.436697374340349
YPL097W,0.141004547476768,-0.852050602436066,0.0108640649328362,0.0334225740971553,0.12088604811579,0.163609905665119,-0.917623820068715,-0.786190406321328
YPL093W,1.56538832187653,0.193914502859116,0.0897856036978545,0.0247529964935994,1.4090262234211,1.75616590976715,0.148919074281401,0.244565542189803
YPL092W,0.268114686012268,-0.572861194610596,0.0198247273502033,0.0319715018958265,0.232334395125508,0.309551581740379,-0.633886491846799,-0.509266974492906
YPL091W,1.94038164615631,0.287036210298538,0.121862062201553,0.0271666702272821,1.72117537955443,2.1984325448672,0.235825125065597,0.342113144548312
YPL086C,0.67842161655426,-0.16928194463253,0.0407960826086593,0.0260180688027403,0.605067253112793,0.762549263735612,-0.21819635091364,-0.117732094526958
YPL085W,0.759993612766266,-0.119637191295624,0.0346475326050065,0.0196516135463865,0.703514925638835,0.832212517162164,-0.152726684590008,-0.0797657563552034
YPL084W,0.383613973855972,-0.416782468557358,0.0215427961735976,0.0241950487287824,0.346476195255915,0.429895102977753,-0.460326598495613,-0.366637501991281
YPL078C,2.03771996498108,0.305724591016769,0.256695190272691,0.0545131637849153,1.5850307782491,2.58762423594793,0.200037692260105,0.412901210127369
YPL077C,0.0741482973098755,-1.13959312438965,0.0157138738849107,0.0921939924346186,0.0469701963476837,0.109447680413723,-1.32817762835016,-0.960793438245847
YPL076W,0.0636359453201294,-1.20154929161072,0.00993900394057191,0.0676163723652419,0.0464454276487231,0.0852544201537966,-1.33305703648689,-1.06928312480856
YPL075W,0.08389862626791,-1.07715857028961,0.00545207924861282,0.0281452459159217,0.0737623028457165,0.0953185720990102,-1.13216553357327,-1.02082247252579
YPL072W,0.0520901307463646,-1.28505492210388,0.00476338354526416,0.0396804420839195,0.0431696027517319,0.0620390686827401,-1.3648219524326,-1.20733473036328
YPL070W,0.16207030415535,-0.791152954101562,0.0101991273045595,0.0272932267046485,0.143558135007819,0.183369666337967,-0.842972194679571,-0.73667250526142
YPL069C,0.106500186026096,-0.975270926952362,0.011773822565061,0.0476522210442678,0.0859885906179746,0.131760649879773,-1.06555916923045,-0.880214302178987
YPL068C,0.161048471927643,-0.795828759670258,0.0183461391708751,0.0491294432837674,0.128624633575479,0.200559659674764,-0.890675853489179,-0.697756416058357
YPL066W,0.0747565031051636,-1.12791347503662,0.00635827733682742,0.0367464336575407,0.0633131322140495,0.0881378076349695,-1.1985062018194,-1.05483775664034
YPL065W,0.166745141148567,-0.784109592437744,0.0283168439138629,0.0731756480280981,0.117943417218824,0.229287518809239,-0.928326295951808,-0.639619585762094
YPL064C,0.181769013404846,-0.742934584617615,0.0193852841334337,0.0461564018089468,0.147135802979271,0.22301043185095,-0.832281636414949,-0.651674828121775
YPL061W,19.6886177062988,1.29343771934509,1.18315645203294,0.0259609260948649,17.5998153686523,22.1562524954478,1.24550811185983,1.34549630402076
YPL060W,0.0595147199928761,-1.22734797000885,0.00569431547335178,0.0414104840749908,0.0490916614110271,0.0718074884265661,-1.30899227007741,-1.14383026313279
YPL058C,0.190840348601341,-0.719861745834351,0.00948499103531293,0.0214634578110312,0.174575679128369,0.210929107541839,-0.758016260408349,-0.675863484948676
YPL057C,0.313506007194519,-0.505142152309418,0.0251472713754701,0.0347001319434637,0.268408179283142,0.366138477126757,-0.571204253915079,-0.436354629714268
YPL055C,0.354319632053375,-0.452317029237747,0.0316148871803791,0.0384970569248176,0.298947650939226,0.422178412477175,-0.524404857239604,-0.374503978013077
YPL053C,0.772745668888092,-0.112911388278008,0.0512526030068418,0.0286321510255448,0.681009126206239,0.879289397100607,-0.166847070566092,-0.055868164149326
YPL050C,1.04119968414307,0.0165326092392206,0.070865897127687,0.0294720844490775,0.911292562882105,1.19102671941121,-0.0403421743085046,0.0759215042651677
YPL049C,0.494643300771713,-0.306652575731277,0.0326873500077014,0.0286103169757777,0.434809863567352,0.562337810297807,-0.361700612597966,-0.250002716270387
YPL045W,0.14156973361969,-0.849783182144165,0.00836955577253006,0.0255392702767528,0.12684051891168,0.159479955459634,-0.896741991194511,-0.797293896012419
YPL043W,1.06334352493286,0.0260283537209034,0.0581779928959483,0.0236675537625933,0.960102419555187,1.18454241752625,-0.0176824358997882,0.0735506170788321
YPL042C,0.0660623013973236,-1.18138003349304,0.00518078988323128,0.0339737049842061,0.0567535747463504,0.0766131828849514,-1.2460067816754,-1.11569651187426
YPL040C,0.0732146874070168,-1.1362065076828,0.00447504699461658,0.0263800766136042,0.0654093984514475,0.082704392944773,-1.18435984491863,-1.08247142297287
YPL039W,0.0951900631189346,-1.02434515953064,0.0111102414436278,0.0504908050112931,0.0749062915022174,0.119046057450275,-1.12548171060724,-0.924284983214118
YPL033C,0.00262565515004098,-2.64680647850037,0.00144442979589247,0.250941916126428,0.000600644787967515,0.00610795947335039,-3.22138229099225,-2.21410386117628
YPL032C,0.596977055072784,-0.224613577127457,0.0307658614669123,0.0222579213878168,0.543543223539988,0.660667484998703,-0.264765915123181,-0.180017066638311
YPL031C,0.485166013240814,-0.315986037254333,0.0453103594233254,0.0403553360234442,0.402582913637161,0.580441343784332,-0.395144661316626,-0.236241661160073
YPL030W,0.377821922302246,-0.423529505729675,0.0233015673305745,0.0265721538037348,0.3365212512513,0.428860712299744,-0.472987504962349,-0.367683738531304
YPL028W,5.71297597885132,0.755843698978424,0.392337839407933,0.0297438313346436,4.99477151234945,6.52432076533635,0.698515626037144,0.81453530328711
YPL027W,0.0038469173014164,-2.48659825325012,0.00219412575582632,0.260241123479574,0.000915313763835002,0.00919906049966812,-3.03843000724743,-2.03625652507866
YPL026C,0.166875258088112,-0.77868115901947,0.0117645974905434,0.0305476126694575,0.145333745827278,0.191299429660042,-0.837633532874598,-0.718286325000807
YPL024W,0.0891968235373497,-1.0581818819046,0.0177817341021254,0.08624267578125,0.0589426493272185,0.129494325692455,-1.22957049737435,-0.88774926570374
YPL023C,0.404433220624924,-0.393876373767853,0.0233682961795568,0.025018552931137,0.362449975560109,0.452731192111969,-0.440751925196819,-0.344159582607833
YPL020C,0.118219509720802,-0.928349912166595,0.00821036380589546,0.029971687758136,0.103615191889306,0.135846204310656,-0.984576573951159,-0.866952491839065
YPL019C,3.94829916954041,0.595806241035461,0.208550359020482,0.0228369877768993,3.57922239104907,4.37858194112778,0.553788683631992,0.64133347816235
YPL014W,0.0955706313252449,-1.0220320224762,0.0100267686734461,0.0451634767179603,0.0778712795426448,0.117811394917468,-1.10862269055764,-0.928812702043423
YPL011C,0.155488595366478,-0.810111522674561,0.0141984856546151,0.0396970601680642,0.128627640753984,0.184882750858863,-0.890665696198009,-0.73310360564802
YPL009C,0.626589894294739,-0.203579232096672,0.0320102428686066,0.0220685607660164,0.570500476658344,0.693443089226882,-0.243743988392655,-0.158989175734744
YPL007C,0.114806473255157,-0.94113028049469,0.00817082419822771,0.0308612828178018,0.0997999298075835,0.131830075879892,-1.00086976773253,-0.879985498526832
YPL006W,0.281569063663483,-0.55100953578949,0.0147899669944252,0.0227113607389815,0.255278885364532,0.312639316668113,-0.592985105089576,-0.504956407395783
YPL005W,0.0261455681174994,-1.58490180969238,0.00269403719109406,0.0447550167751049,0.0212161298841238,0.0316890836693346,-1.67333383453731,-1.49909032458785
YPL004C,3.52332353591919,0.54561859369278,0.277083785491708,0.0340181997660397,3.02019834518433,4.10687274932861,0.480035465271874,0.613511245464774
YPL001W,0.396797448396683,-0.402746558189392,0.0309468424814173,0.0337777534340685,0.340648308644692,0.461827898522218,-0.467693765157099,-0.335519835427743
YPR001W,0.010476378723979,-1.98641657829285,0.00183884347426593,0.0760198690360762,0.00729390868218616,0.0145637837083389,-2.13703967862803,-1.83672578179629
YPR002W,0.0410389788448811,-1.38882327079773,0.00398052349761572,0.0418458053360607,0.0339851621848841,0.049762286990881,-1.46871065759418,-1.30309966854839
YPR005C,0.0175389871001244,-1.76898217201233,0.00431704336179931,0.10684177079394,0.0103662957437336,0.0271544646471739,-1.98437640633905,-1.56615878223226
YPR007C,0.00146232754923403,-2.86048007011414,0.000500277659218723,0.151651417074538,0.000664085905494479,0.0026073313706244,-3.17777574112615,-2.58380396282161
YPR008W,0.199782237410545,-0.700296461582184,0.0125882738266305,0.0271649025140417,0.177792355045676,0.227234229445457,-0.750086917936472,-0.643526248050897
YPR010C,1.84677636623383,0.265903323888779,0.0899080999712441,0.0210107527614694,1.69125107824802,2.03406551281611,0.228208086039714,0.308364936117076
YPR011C,0.113150171935558,-0.94885390996933,0.0122044960011879,0.0467326092695748,0.0906580178067088,0.138876029973229,-1.04259378255688,-0.857372707761201
YPR018W,0.207415401935577,-0.684001207351685,0.0129491436856886,0.0270422379743357,0.183832390606403,0.23390607709686,-0.735577966561834,-0.63095849496872
YPR019W,0.380171716213226,-0.420602202415466,0.0197660871685411,0.0224458602389652,0.345838544766108,0.421948979298274,-0.461126604939878,-0.374740059343943
YPR024W,0.681580066680908,-0.167164027690887,0.0382810783625667,0.0242722469382559,0.61312126070261,0.762452282508214,-0.21245362409319,-0.11778733118794
YPR025C,0.16709540784359,-0.778709888458252,0.0147614012578003,0.0380907773952978,0.141043009484808,0.198483793064952,-0.850648434179048,-0.702274949202264
YPR027C,0.00634183175861835,-2.2363395690918,0.00266675971435365,0.187963241296656,0.00226895901529739,0.0126714273588732,-2.64417334888766,-1.89717446679623
YPR029C,0.353099405765533,-0.452754974365234,0.019443347683984,0.0238213217219817,0.318372115492821,0.393255416552226,-0.497064977474104,-0.405325286937615
YPR031W,0.0613303147256374,-1.21347081661224,0.00446648985600058,0.0314563961220733,0.0533486162933211,0.0707592787221074,-1.27287684068495,-1.15021660269347
YPR032W,0.192392110824585,-0.716435074806213,0.0103190159368325,0.0231976091105401,0.173817631602287,0.213521073386073,-0.759906172462043,-0.670559255990909
YPR034W,0.519602656364441,-0.285267949104309,0.0343570280913963,0.0285250797911036,0.458907610674699,0.593026360372702,-0.338274739765451,-0.226926002134385
YPR035W,6.58559465408325,0.817473828792572,0.474845701805489,0.0311772638084198,5.72315778334935,7.58771944046021,0.757635719114905,0.880111264268207
YPR036W,3.87261605262756,0.587130546569824,0.247072001213967,0.0275436802469073,3.43039674361547,4.40427092313766,0.535344351064919,0.643874026193949
YPR041W,3.77888631820679,0.576361835002899,0.258294666124152,0.029461961772035,3.32401755054792,4.34258639812469,0.521663306336137,0.637748461886812
YPR045C,0.380649983882904,-0.420539110898972,0.0268079749541339,0.0303486746656302,0.333516059815884,0.437995192905267,-0.476883252718229,-0.358530672558725
YPR048W,0.239668160676956,-0.621209681034088,0.0148068426439457,0.026702072131308,0.213394759347041,0.270648158093294,-0.670816250828539,-0.567594925043931
YPR054W,0.00124898075591773,-2.96614933013916,0.000661753518966348,0.243599237988248,0.000308584298424345,0.00287629570811987,-3.51062620064888,-2.54116646675824
YPR055W,0.194066509604454,-0.712657928466797,0.0103189722204228,0.0229552215476592,0.175896589954694,0.215942665934563,-0.754742580137339,-0.665661541318901
YPR056W,0.303546756505966,-0.519424140453339,0.0265457576955953,0.0378508926042972,0.255566534151634,0.359759322802226,-0.592496022419471,-0.443987943876426
YPR058W,0.524100840091705,-0.282458484172821,0.0487893594399877,0.0403516202858828,0.435345113277435,0.626615866521994,-0.361166326106402,-0.202998612756218
YPR060C,1.06660938262939,0.0251096393913031,0.123401116791584,0.0502052630309978,0.845587849617004,1.3322660168012,-0.0728412661005825,0.124590950108331
YPR061C,0.0506195165216923,-1.30065703392029,0.00768703052542925,0.0658227197054094,0.0370491636916995,0.0670359879732132,-1.43122159088378,-1.1736919856253
YPR066W,0.0764836147427559,-1.12037038803101,0.010351172068156,0.0585127290211537,0.0581429451704025,0.0989370855813225,-1.23550297327322,-1.00464088728239
YPR070W,0.131803184747696,-0.881143927574158,0.00928125879223284,0.0304379674113234,0.114986358769238,0.151556059966485,-0.939353678798001,-0.819426694281877
YPR074C,8.41335868835449,0.92434948682785,0.449563350360076,0.0231029971280868,7.61747266451518,9.34323908487956,0.881810904416112,0.970497460735482
YPR075C,0.432607918977737,-0.36512416601181,0.0325520811478296,0.0324885222652064,0.373451173305511,0.501321891943614,-0.427766172208552,-0.299883331606756
YPR078C,0.00256301392801106,-2.62462615966797,0.00099613713298259,0.173357261534809,0.00105660931634096,0.00484772170893848,-2.9760855946751,-2.31446231970741
YPR079W,0.337188184261322,-0.473564982414246,0.0274899196860831,0.0353185216735096,0.287079010903835,0.394869188964367,-0.541998559249952,-0.403546775814251
YPR081C,0.0911856219172478,-1.0411651134491,0.00649390672857659,0.0307284697727071,0.079620170344909,0.105083958680431,-1.09897689880407,-0.978463575160174
YPR083W,0.052020538598299,-1.28534877300262,0.00438093795905984,0.0362969036171973,0.044324319747587,0.0615367927898963,-1.3533579227164,-1.21086514231038
YPR084W,0.0693721771240234,-1.16049242019653,0.00614159921648955,0.0380328737968589,0.0589282179872195,0.0827717680484056,-1.22967669203677,-1.082117769863
YPR086W,0.663683474063873,-0.179429098963737,0.0533803781403475,0.0347034548085105,0.568737107515335,0.776578843593597,-0.245088436247976,-0.10981444515195
YPR088C,1.64743745326996,0.216054812073708,0.0973570579674911,0.0255661511627044,1.47030707697074,1.85019820431868,0.167408047534203,0.267218247163384
YPR089W,0.219264671206474,-0.659646093845367,0.0117322581886484,0.0231191967777944,0.198716752231121,0.243671823044618,-0.701765521802201,-0.6131946874909
YPR091C,0.289318561553955,-0.539273500442505,0.0158800546088936,0.0237067534327041,0.261357149978479,0.323056807368994,-0.582765614359524,-0.490721103707556
YPR093C,0.0764766931533813,-1.12147498130798,0.0117203592149205,0.065826111829512,0.0562718028202653,0.102541668216387,-1.24970917245577,-0.989099654915461
YPR097W,0.340492337942123,-0.468456983566284,0.0174458038469194,0.0221199002882841,0.310051504522562,0.377280133465926,-0.508566157011826,-0.423336063701013
YPR103W,2.54182195663452,0.403596669435501,0.215381962529697,0.036646824380401,2.15749856034915,2.98774835069974,0.333950514572745,0.475344015057391
YPR105C,0.174913480877876,-0.757833063602448,0.00962430051920508,0.0238089042280324,0.157864287868142,0.194853406896194,-0.801716105336534,-0.710291996457798
YPR106W,0.19625960290432,-0.708238303661346,0.0137998786546286,0.0304657123423875,0.170962717632453,0.224482085307439,-0.76709858723191,-0.648818312741742
YPR108W,1.83430981636047,0.262540429830551,0.120748716681978,0.0284228749153056,1.61620930234591,2.09596422115962,0.208497597763112,0.321383864342685
YPR109W,0.117523983120918,-0.933259010314941,0.0147149241107975,0.0542795706865559,0.0910489484667778,0.14900651772817,-1.0407250655496,-0.826794735378429
YPR110C,2.44761991500854,0.387373596429825,0.195431425127672,0.034441502071908,2.09774320920308,2.8724376142025,0.321752323637781,0.458250605066118
YPR111W,0.122161060571671,-0.914073467254639,0.00834664566160974,0.0295783783949161,0.107111968348424,0.139864981174469,-0.970162000389826,-0.854291008785163
YPR112C,0.774479687213898,-0.11155654489994,0.0397618586441916,0.0221553768303177,0.706674127777417,0.857218406101068,-0.150780808530607,-0.0669085126406002
YPR114W,0.4543676674366,-0.344402283430099,0.0416182961188265,0.0396140293390754,0.380008891224861,0.541215528051058,-0.420206242374005,-0.266629753321296
YPR115W,0.0915361419320107,-1.03909850120544,0.00515944997346005,0.0244094784724642,0.0823415086294214,0.101952309782306,-1.08438118029103,-0.991602931086514
YPR118W,1.22825241088867,0.0881875827908516,0.087803948896458,0.0308578272775443,1.07298414707184,1.41792957882086,0.0305933054779984,0.151654646500789
YPR119W,0.408995598554611,-0.38918548822403,0.0264525202707668,0.0280123784072422,0.360593997687101,0.463622733205557,-0.442981506877578,-0.333835277093838
YPR120C,0.179555773735046,-0.747297763824463,0.0149846441060597,0.0360045492375154,0.152228781332572,0.212521264205376,-0.817503231058384,-0.672597609513538
YPR121W,0.00050636293599382,-3.37823700904846,0.000312468958004326,0.280280628178562,0.000103332988571007,0.00131628443681014,-3.98576118033805,-2.88065027091433
YPR122W,0.103676050901413,-0.985033988952637,0.00594917968605207,0.0247971613422151,0.0930990145852168,0.116338239734371,-1.03105491610276,-0.934277516260309
YPR125W,0.425363779067993,-0.372269630432129,0.0294239773938013,0.0298876143396605,0.372366338968277,0.487729073812564,-0.42902958510494,-0.311821355369349
YPR127W,0.262420743703842,-0.582735002040863,0.0234958870126344,0.0388218650194588,0.219674289226532,0.310660833120346,-0.658220770118436,-0.507713501202013
YPR128C,0.397666126489639,-0.402297377586365,0.0366356836501789,0.0396173734837332,0.332627202322086,0.479380203535159,-0.478042251372807,-0.319319904540988
YPR129W,1.47110784053802,0.166362822055817,0.113297005083943,0.0333236896607932,1.26398200591405,1.70216241776943,0.101740890827686,0.231000996975627
YPR133C,0.873010754585266,-0.060046412050724,0.0613676361502231,0.0303990982416942,0.762218112250169,1.00167678395907,-0.117920736629046,0.000727608164137678
YPR134W,0.0735160857439041,-1.13901877403259,0.0116386876188176,0.0685598635010121,0.0534598398332794,0.0987529702484607,-1.27197240427514,-1.00544986592727
YPR135W,0.310404300689697,-0.508679747581482,0.0164335971640268,0.0229121870696117,0.28128789861997,0.343995289504528,-0.550848951447655,-0.46344750582275
YPR139C,0.353929251432419,-0.453404456377029,0.0368183655938403,0.0448477797408938,0.288677648703257,0.435321516543627,-0.539586841769992,-0.361189869074651
YPR141C,0.137795031070709,-0.861651837825775,0.00881730449583429,0.0276596162351655,0.122108728873233,0.156535226479173,-0.913253294603316,-0.805387914070263
YPR143W,0.956986308097839,-0.0221935156732798,0.115117733322729,0.0518039664028608,0.754504386087259,1.20320305724939,-0.122338233064124,0.0803389136681433
YPR144C,0.41372162103653,-0.384112954139709,0.0255420028235826,0.0266870942453454,0.367962869008382,0.466157801200946,-0.434196003607124,-0.331467043417476
YPR147C,0.454459130764008,-0.344647079706192,0.0452721920039589,0.043089192551513,0.371818362176418,0.551706825196743,-0.429669166504435,-0.258291643423411
YPR148C,0.848722755908966,-0.0723343566060066,0.0606260800664836,0.0308641382506882,0.739721788465977,0.979665480057398,-0.130931591244353,-0.00892219484649309
YPR157W,0.0169619284570217,-1.77547228336334,0.00256799295763781,0.0656517374543288,0.0124313444597647,0.0224634874612093,-1.90548190118042,-1.64852281852945
YPR158W,0.32568147778511,-0.491101890802383,0.0439284053703922,0.0580784670817389,0.24953141088287,0.420596432189147,-0.60287477827422,-0.37613441578136
YPR160W,0.301443308591843,-0.521447539329529,0.0166070224394728,0.0237789355236852,0.272281385958195,0.336607563992341,-0.564982047430151,-0.472876131042651
YPR162C,0.157589331269264,-0.803548157215118,0.0111218439201889,0.0305191278064178,0.137277481208245,0.18133019382755,-0.862400697953258,-0.741529874342349
YPR163C,7.40824699401855,0.86884218454361,0.471813396196807,0.0275338474875331,6.55908107757568,8.40738105773926,0.816842999300586,0.924660731909016
YPR167C,0.117422208189964,-0.934958100318909,0.0173921314987506,0.0639327347222778,0.0869714485481381,0.155706131334106,-1.06062329785621,-0.80769428576463
YPR169W,0.424754291772842,-0.372788339853287,0.0278373585588384,0.0283306366090583,0.374432781835397,0.483998290946086,-0.426626147542193,-0.31515617209375
YPR171W,0.211896017193794,-0.674754321575165,0.0134878427955258,0.0275546280601629,0.187551757444938,0.239723551770051,-0.726878877788912,-0.62028930947681
YPR173C,0.553110897541046,-0.258310884237289,0.0399355189174588,0.0311736771130159,0.480315817892551,0.637963462869326,-0.318473110825958,-0.195204197264944
YPR178W,0.146370112895966,-0.835879325866699,0.0115181901873282,0.0339988163294326,0.125558602809906,0.170287793378035,-0.901153525698303,-0.768816482687254
YPR179C,0.138311296701431,-0.86012989282608,0.00936254478632957,0.0292363007495203,0.121675017413994,0.158254782482982,-0.914798583195508,-0.800643157468479
YPR180W,0.415693551301956,-0.382753103971481,0.0350849352169789,0.0363476142083632,0.353566196312507,0.491301163534323,-0.451529265938141,-0.308652210017643
YPR181C,2.46336936950684,0.390931844711304,0.130159520695453,0.0227779710381031,2.23880218863487,2.7431107878685,0.350015720499328,0.438243347998154
YPR183W,3.22870826721191,0.506809711456299,0.328191739061679,0.0438040569144203,2.64972061713537,3.93958927591642,0.423200083274992,0.595450946564833
YPR185W,0.111798658967018,-0.952410161495209,0.00702288589803397,0.0271436402315568,0.0994677039484183,0.126571925605337,-1.00231790729166,-0.897662613918667
YPR186C,0.121303647756577,-0.917594611644745,0.0100014531406419,0.0356851503088029,0.102923792600632,0.142266276602944,-0.987484220285712,-0.846898034709863
YPR189W,0.480987310409546,-0.318400382995605,0.0239733507735008,0.021485794627364,0.440664768218994,0.531843743721644,-0.355891670569567,-0.274215946224818
YPR190C,0.364125192165375,-0.439529538154602,0.0218840341720241,0.0259942574393436,0.324529777467251,0.409246688832839,-0.488745448347694,-0.388014825791716
YPR192W,0.00848447531461716,-2.09213757514954,0.00261743087274182,0.136150746963412,0.00414842076133937,0.0144821603937695,-2.38211734324282,-1.83916677280702
YPR198W,0.242215260863304,-0.616703927516937,0.0156747948416756,0.0280303851248567,0.213420610378186,0.274669156720241,-0.670763642375743,-0.561190111352825
YPR201W,0.026510339230299,-1.58046889305115,0.00355715789968015,0.0581386495465796,0.0201637546842297,0.034109746478498,-1.69542859490447,-1.4671215108105
