GeneID,Phi
Q0045,7.56537887438103
Q0050,7.44395335765115
Q0055,6.79447487698239
Q0060,6.56265946897658
Q0065,7.42023633206461
Q0070,7.08649819099237
Q0075,8.87897901202985
Q0080,21.9037216812492
Q0085,15.8680848796872
Q0105,10.6829428028977
Q0110,7.86455261364389
Q0115,7.80637470360866
Q0120,8.59078816988013
Q0130,24.2767021088411
Q0140,11.8550216740863
Q0160,0
Q0250,14.0077276593147
Q0255,8.35473791437102
Q0275,16.6251187007518
YAL001C,17.45472212163
YAL002W,9.42514907783941
YAL003W,2791.65787486563
YAL005C,3785.5802082762
YAL007C,303.189035225971
YAL008W,60.5493453563504
YAL009W,17.8327049124104
YAL010C,16.1027283348205
YAL011W,15.9714776702205
YAL012W,591.119158945472
YAL013W,17.4873284141068
YAL014C,19.0153709406037
YAL015C,13.129420793605
YAL016W,158.158908428549
YAL017W,23.0657709673698
YAL018C,0.365795294648121
YAL019W,28.676807032754
YAL020C,5.7188206217628
YAL021C,54.8038290755025
YAL022C,43.247315857992
YAL023C,215.264321654979
YAL024C,12.9141277961306
YAL025C,67.7836063817218
YAL026C,40.6982452166216
YAL027W,19.0545828254578
YAL028W,3.44192328960518
YAL029C,27.8075730655929
YAL030W,77.6060715515932
YAL031C,14.3217492507617
YAL032C,13.898372189242
YAL033W,45.6869108488455
YAL034C,3.49052143069968
YAL034W-A,13.765524492347
YAL035W,93.1215950110837
YAL036C,123.143705501679
YAL037C-A,3.57085882870785
YAL037W,2.93725168048824
YAL038W,6502.51088927809
YAL039C,28.5835374153277
YAL040C,16.6174603592941
YAL041W,32.8718608484993
YAL042W,150.072580503803
YAL043C,30.6084219350571
YAL044C,438.322921223888
YAL044W-A,58.8721856890912
YAL046C,47.9502701627229
YAL047C,15.850811241211
YAL048C,13.3819513079768
YAL049C,80.7295051185663
YAL051W,21.8548645956328
YAL053W,64.8604307882219
YAL054C,0.685135088194287
YAL055W,15.8872956362002
YAL056W,13.4272256700297
YAL058W,21.6867711640676
YAL059W,51.0122689815407
YAL060W,100.840933895993
YAL061W,41.9802350384985
YAL062W,2.72651782487545
YAL063C,0.840254380759192
YAL063C-A,4.06739836997787
YAL064C-A,2.04406638559211
YAL064W,0.75289192171551
YAL064W-B,2.33607586924812
YAL065C,1.15188994474447
YAL067C,1.09331926958797
YAL067W-A,1.81789176734218
YAL068C,1.8289764732406
YAR002C-A,398.981602791763
YAR002W,60.9530821660958
YAR003W,17.2224027092423
YAR007C,88.1981597785916
YAR008W,23.8533369757684
YAR014C,25.0304573845116
YAR015W,245.957657442248
YAR018C,21.3065635646516
YAR019C,9.79823477392748
YAR020C,20.9268936007995
YAR023C,2.34204539872661
YAR027W,88.7275650682903
YAR028W,35.0675431516056
YAR029W,2.29742755523483
YAR031W,28.4647380148586
YAR033W,27.0900925768328
YAR035C-A,0.976406710974801
YAR035W,1.83533009433823
YAR042W,28.1499081433001
YAR050W,0.509466020401355
YAR064W,0
YAR066W,33.1889382789614
YAR068W,10.0828190191469
YAR071W,326.877549223377
YBL001C,249.960118009549
YBL002W,1324.28080579777
YBL003C,1211.97030312926
YBL004W,50.8452544470215
YBL005W,33.8680012145242
YBL006C,45.5435808237738
YBL007C,104.755892925737
YBL008W,14.1514385877002
YBL008W-A,17.8542941435392
YBL009W,28.267867051128
YBL010C,17.4129520411147
YBL011W,33.7290404189937
YBL013W,3.98978640079089
YBL014C,8.92061182501136
YBL015W,21.8024181556241
YBL016W,26.1455127945065
YBL017C,70.4138748978227
YBL018C,73.7632864950229
YBL019W,7.84036394998897
YBL020W,36.4642722942824
YBL021C,28.0038306483727
YBL022C,83.960219401004
YBL023C,31.9278372288007
YBL024W,152.746799040564
YBL025W,25.7690843308814
YBL026W,249.213968403551
YBL027W,2351.93430324868
YBL028C,197.998299999412
YBL029C-A,28.9863389860471
YBL029W,1.90971227681319
YBL030C,571.621943177216
YBL031W,12.0986335314772
YBL032W,137.027591934824
YBL033C,39.5098251047352
YBL034C,15.8505980258834
YBL035C,26.0928344896804
YBL036C,149.184479689012
YBL037W,30.3151631121981
YBL038W,65.8407013255716
YBL039C,201.492753213629
YBL039W-B,19.2700531505159
YBL040C,249.783342820009
YBL041W,343.735582722058
YBL042C,31.1338225278798
YBL043W,1.21783248725724
YBL044W,0.901298502438278
YBL045C,96.2196935617336
YBL046W,25.2144765799873
YBL047C,118.541782652513
YBL049W,5.11771793338517
YBL050W,140.501340630638
YBL051C,118.408566126237
YBL052C,9.82934007115805
YBL054W,17.5356636634391
YBL055C,28.6572374558494
YBL056W,160.136072851372
YBL057C,74.5430025518092
YBL058W,175.104737711011
YBL059C-A,88.8452408840307
YBL059W,30.5992513302628
YBL060W,9.23585466828273
YBL061C,28.6436992106359
YBL063W,13.18885044774
YBL064C,89.8716150586554
YBL066C,6.51012327958471
YBL067C,28.8583375004477
YBL068W,90.9387977972484
YBL069W,38.6064056611607
YBL071C-B,3.42411120561026
YBL071W-A,64.6011791477382
YBL072C,3113.73396234357
YBL074C,11.8815123358799
YBL075C,1.94010106617327
YBL076C,565.50989343924
YBL078C,53.9190778250025
YBL079W,47.6219013240318
YBL080C,11.8779613758274
YBL081W,22.8516399046858
YBL082C,31.6838492280363
YBL084C,16.3485103001082
YBL085W,27.4203741495425
YBL086C,18.0392488480648
YBL087C,1899.37156917018
YBL088C,3.6702026601093
YBL089W,19.7060359327781
YBL090W,74.4287442610189
YBL091C,132.499803605976
YBL091C-A,47.3837441096363
YBL092W,3161.71144723215
YBL093C,66.8907358053723
YBL095W,10.0274698503831
YBL097W,16.9739353492644
YBL098W,22.7236470917772
YBL099W,326.283251965581
YBL100W-C,1.49676717370988
YBL101C,23.2615046604006
YBL102W,115.08955073821
YBL103C,22.2113102210077
YBL104C,18.0912980480995
YBL105C,27.5077435034774
YBL106C,12.0110706056537
YBL107C,38.1992343353151
YBL108C-A,13.4921654607427
YBL111C,1.76714856710798
YBL112C,0.342411120561026
YBL113C,0.515169245691569
YBR001C,20.4988213932517
YBR002C,31.382657987983
YBR003W,39.5614209919811
YBR004C,42.7100127510757
YBR005W,19.4090947946457
YBR006W,24.0876557588696
YBR007C,13.228624491648
YBR008C,1.47556149946605
YBR009C,1803.33344190733
YBR010W,1306.28721060231
YBR011C,1682.49774273826
YBR013C,65.7789784235656
YBR014C,123.652501473616
YBR015C,115.883194308066
YBR016W,160.688647291853
YBR017C,84.1520511415886
YBR018C,0.653205883300216
YBR019C,0.640326338636479
YBR020W,0
YBR021W,7.11789971756284
YBR022W,54.4233303411497
YBR023C,38.0404749410865
YBR024W,29.2450715194803
YBR025C,930.857971938159
YBR026C,111.85190154629
YBR028C,30.0721249666873
YBR029C,106.59805173384
YBR030W,32.4537902339479
YBR031W,2445.3624749112
YBR033W,0.445244242981028
YBR034C,141.088092203745
YBR035C,218.970512098284
YBR036C,156.810917782553
YBR037C,51.5960457495647
YBR038W,53.8787801153622
YBR039W,211.944820306164
YBR040W,0.66197065150834
YBR041W,73.5784401821984
YBR042C,64.2524396817455
YBR043C,9.85907881615369
YBR044C,12.9509347666329
YBR045C,1.20722985312187
YBR046C,95.3982769779791
YBR047W,42.3845417494453
YBR048W,1853.7100257407
YBR049C,62.1372632068093
YBR050C,1.17462461470653
YBR052C,175.523465219941
YBR053C,77.2785952031302
YBR054W,28.9926014881686
YBR055C,15.7874337366788
YBR056W,74.8431776396912
YBR056W-A,20.6620258838539
YBR057C,37.9948088786292
YBR058C,44.6021606310395
YBR058C-A,230.135694857068
YBR059C,38.116325049174
YBR060C,18.0599456991193
YBR061C,50.3746156192714
YBR062C,55.4996194224592
YBR063C,1.08936659988314
YBR065C,17.9480995418415
YBR066C,60.7297469811933
YBR067C,677.465437487646
YBR068C,182.176580413992
YBR069C,5.11192690213551
YBR070C,31.532419617499
YBR071W,47.2106225815986
YBR072C-A,4.18593499059054
YBR072W,78.9252684755585
YBR073W,42.14443850161
YBR074W,55.5653452391946
YBR076W,0.224784278785566
YBR077C,78.8120521336079
YBR078W,1591.83651816926
YBR079C,243.502956565387
YBR080C,109.814664581648
YBR081C,23.8778016833146
YBR082C,941.651375740427
YBR083W,19.8078475478389
YBR084C-A,2000.08606582357
YBR084W,95.9930873364403
YBR085C-A,196.689928925547
YBR085W,34.36629840811
YBR086C,144.367547382247
YBR087W,71.0318320962388
YBR088C,296.069265991893
YBR089C-A,182.607751917639
YBR090C,180.560133321802
YBR091C,85.861632048373
YBR092C,167.530127335828
YBR093C,91.7324347622915
YBR094W,40.3790056377487
YBR095C,26.6748484144519
YBR096W,261.613664051886
YBR097W,14.1919785950571
YBR098W,7.24095490230206
YBR101C,168.179688095555
YBR102C,22.6252337219557
YBR103W,25.7511783206212
YBR104W,44.4721714298571
YBR105C,30.8049441208951
YBR106W,1248.37573595486
YBR107C,9.23419544239099
YBR108W,13.0989131367854
YBR109C,719.335329424629
YBR110W,73.6281951044592
YBR111C,182.171472277484
YBR111W-A,83.9363118168161
YBR112C,58.2929379686449
YBR114W,5.31939920557512
YBR115C,89.0179786096478
YBR117C,0.656846941735557
YBR118W,8043.74819362963
YBR119W,21.9774256300769
YBR120C,55.7280486980245
YBR121C,568.351540876418
YBR122C,84.9692311650361
YBR123C,21.9669507815102
YBR125C,35.6940607898095
YBR126C,160.723541677801
YBR126W-A,203.707655228255
YBR127C,751.363565222333
YBR128C,4.96686001590139
YBR129C,35.7776571232237
YBR130C,63.8577358084773
YBR131W,12.197406313602
YBR132C,35.2908871727302
YBR133C,25.2330344335993
YBR135W,54.9912259621008
YBR136W,8.05364931523638
YBR137W,96.4496877839232
YBR138C,12.4825952890095
YBR139W,103.858905449965
YBR140C,18.9091639776686
YBR141C,12.6040210306417
YBR142W,47.7445983112372
YBR143C,463.647551737771
YBR145W,23.9082433816931
YBR146W,98.6833497571637
YBR147W,3.86398903106446
YBR148W,2.13072023876014
YBR149W,238.640297508193
YBR150C,14.0658829912336
YBR151W,58.6078833809965
YBR152W,9.47844434489081
YBR153W,15.0231784481443
YBR154C,226.58255301585
YBR155W,57.8745833399703
YBR156C,9.26857713701453
YBR157C,22.0823662536043
YBR158W,58.3289373787752
YBR159W,296.69876519007
YBR160W,64.4759414569123
YBR161W,25.3567352310196
YBR162C,765.160601525344
YBR162W-A,298.931896231828
YBR163W,9.69374418873598
YBR164C,223.879137415898
YBR165W,37.167736049093
YBR166C,62.7567010365369
YBR167C,31.1120572416141
YBR168W,10.8594000066212
YBR169C,37.6290360836358
YBR170C,60.6746766900274
YBR171W,158.283128619819
YBR172C,35.6771269758123
YBR173C,195.059970632958
YBR175W,24.9960118009549
YBR176W,42.8430628231377
YBR177C,87.2989720774619
YBR179C,26.7643721004489
YBR180W,0.495390947357544
YBR181C,2786.65960058007
YBR182C,2.6667153414959
YBR182C-A,0.516446524813118
YBR183W,8.89136692318537
YBR184W,4.09137932504821
YBR185C,49.2002947213366
YBR186W,1.5066482428819
YBR187W,159.665536054414
YBR188C,30.846142222455
YBR189W,2818.05430681947
YBR191W,2497.9505000709
YBR192W,37.5680956364902
YBR193C,33.7220187022618
YBR194W,23.5642593350291
YBR195C,28.6808342093024
YBR196C,2488.50481971656
YBR196C-A,1435.68463719698
YBR196C-B,3.28894892117828
YBR197C,14.2630595155235
YBR198C,43.4668781317751
YBR199W,161.382017938204
YBR200W,38.3086264242468
YBR200W-A,0
YBR201C-A,13.4440700921471
YBR201W,34.2185520261974
YBR202W,40.2740383562775
YBR203W,1.46149608333011
YBR204C,25.3151098239458
YBR205W,172.119922781536
YBR207W,93.2377187592713
YBR208C,21.7562046908401
YBR210W,63.5402820990661
YBR211C,30.6947111645777
YBR212W,41.3172218297488
YBR213W,14.6192270854209
YBR214W,43.6012590887288
YBR215W,18.9580141451398
YBR216C,28.7719537380683
YBR217W,9.04460953324027
YBR218C,105.797882817691
YBR219C,30.1576012447716
YBR220C,31.4978645815501
YBR221C,614.340133243853
YBR221W-A,0
YBR222C,88.5802681451351
YBR223C,6.01865920296477
YBR225W,9.45303719017932
YBR227C,32.6034936534195
YBR228W,5.71634365510404
YBR229C,62.6617054076136
YBR230C,99.2651353599869
YBR230W-A,23.1817851379824
YBR231C,15.2478278452123
YBR233W,25.1123625153116
YBR233W-A,39.903271850922
YBR234C,164.595202499632
YBR235W,21.0743501254385
YBR236C,42.8871189221097
YBR237W,7.17059252665053
YBR238C,30.2002639235791
YBR239C,6.56584305095334
YBR240C,1.42834353148314
YBR241C,16.0971674411698
YBR242W,40.405856772486
YBR243C,60.0693253466277
YBR244W,315.714552038181
YBR245C,46.7266150192422
YBR246W,31.0644077295104
YBR247C,66.2836203527657
YBR248C,83.8816925911295
YBR249C,459.409458272723
YBR250W,0.54037085425165
YBR251W,58.8217167509598
YBR252W,145.343408740787
YBR253W,42.9713520064842
YBR254C,57.3821488300183
YBR255C-A,34.7505529915715
YBR255W,8.55867195811308
YBR256C,79.5030218276446
YBR257W,33.5346719764784
YBR258C,16.8040415468604
YBR259W,5.97113810760749
YBR260C,32.587573978784
YBR261C,76.0602503862837
YBR262C,70.9805226412986
YBR263W,288.440820387335
YBR264C,28.5889470366409
YBR265W,75.8542338316107
YBR267W,39.8634525059981
YBR268W,79.0969688495971
YBR269C,73.2641725200403
YBR270C,4.89536136161135
YBR271W,20.8459471025561
YBR272C,34.8098822060278
YBR273C,39.2978536045941
YBR274W,17.2412711686538
YBR275C,15.3261162387711
YBR276C,12.5435267637329
YBR278W,24.6897819473444
YBR279W,58.5646630282301
YBR280C,12.4278997990469
YBR281C,35.435851305005
YBR282W,72.4781899556377
YBR283C,430.441190059207
YBR284W,2.50881724343874
YBR285W,3.11153673870808
YBR286W,745.892429207905
YBR287W,83.6643370197251
YBR288C,62.3649660677594
YBR289W,19.9787291428971
YBR290W,49.8439721993375
YBR291C,17.42066292358
YBR293W,6.02825012862704
YBR294W,0.570902439306165
YBR295W,5.98200931418202
YBR296C,30.6102401851423
YBR296C-A,0.748383586854938
YBR297W,6.53265782968561
YBR298C,0.528456909111098
YBR298C-A,2.32304942388057
YBR299W,2.49682692795332
YBR301W,10.6690294272369
YBR302C,80.3368028817549
YCL001W,210.674855162772
YCL001W-A,0.736621172916157
YCL001W-B,2.06920627491349
YCL002C,16.8328327384261
YCL004W,5.11387718184447
YCL005W,23.3764658040715
YCL005W-A,356.820391508055
YCL008C,34.0194683432084
YCL009C,269.788070052272
YCL010C,26.446808132812
YCL011C,88.9227016360042
YCL012C,49.7708199576536
YCL014W,19.6368426713835
YCL016C,14.3884605744993
YCL017C,117.275253290658
YCL018W,0.109439631352692
YCL021W-A,50.2860943289799
YCL024W,10.5566832503242
YCL025C,20.3276955897966
YCL026C-A,1.58957149767599
YCL026C-B,27.6188047721203
YCL027W,5.5949458949174
YCL028W,150.964055461894
YCL029C,16.2382850385766
YCL030C,192.9095557258
YCL031C,110.370275274142
YCL032W,20.1024911083047
YCL033C,48.9542830397763
YCL034W,58.6686967630327
YCL035C,318.699150462175
YCL036W,6.29190228399323
YCL037C,207.622198612961
YCL038C,25.4702323430783
YCL039W,17.6120695840426
YCL040W,186.26060406518
YCL042W,179.946718861911
YCL043C,818.789532601206
YCL044C,35.9281645409575
YCL045C,170.466363741276
YCL047C,52.3278159668049
YCL048W,0.781668193914504
YCL048W-A,0.870941177733621
YCL049C,41.5755165857668
YCL050C,536.809710493361
YCL051W,13.1302007514744
YCL052C,29.5599985473542
YCL054W,49.253703781905
YCL054W-A,91.4033267348352
YCL055W,36.4870693587399
YCL056C,17.6320415193458
YCL057C-A,143.672091289946
YCL057W,149.964636216617
YCL058C,69.1589259314958
YCL058W-A,18.3132734274348
YCL059C,110.95424075975
YCL061C,15.0889645832607
YCL063W,28.23658649236
YCL064C,625.342702312385
YCL068C,6.62544891109648
YCL069W,1.14096963979078
YCL073C,0.791430452800683
YCR002C,186.23996981617
YCR003W,86.1715598814222
YCR004C,266.076383519647
YCR005C,167.630596623187
YCR007C,3.2589324381949
YCR008W,24.606079395238
YCR009C,229.844984252568
YCR010C,1.25119080205002
YCR011C,74.3938230485099
YCR012W,5881.66941780174
YCR014C,0.3479400306369
YCR015C,20.6011086271606
YCR016W,59.3655280272679
YCR017C,134.775677242344
YCR018C,14.7241584241249
YCR019W,17.2272776679101
YCR020C,17.2634326107315
YCR020C-A,69.6544914835527
YCR020W-B,66.0105945447753
YCR021C,4.301416944715
YCR023C,23.0313757167588
YCR024C,15.3972811880063
YCR024C-A,1546.07684757083
YCR024C-B,808.390126874832
YCR026C,37.61482443685
YCR027C,24.7375596848446
YCR028C,31.0480096140487
YCR028C-A,709.776862567775
YCR030C,48.0656392337911
YCR031C,2744.68138256906
YCR032W,8.20354531705893
YCR033W,16.6282481937683
YCR034W,392.008947675837
YCR035C,65.7362648012126
YCR036W,53.4948012327396
YCR037C,24.1625158416467
YCR038C,7.27363703722119
YCR039C,17.0928610109471
YCR040W,1.08678312178065
YCR041W,1.64447446058914
YCR042C,24.5804845619318
YCR043C,101.201950331012
YCR044C,56.8597949085058
YCR045C,0.902679349345056
YCR046C,61.704696995176
YCR047C,29.4238767485526
YCR048W,42.612881820245
YCR050C,0.702135162948172
YCR051W,46.7802455492732
YCR052W,47.9409832740129
YCR053W,637.461104974102
YCR054C,25.8009437508419
YCR057C,49.5664086439652
YCR059C,28.3631930022971
YCR060W,42.4214299494013
YCR061W,59.1130593028244
YCR063W,12.9537873056772
YCR065W,33.5049871155165
YCR066W,9.76018991566076
YCR067C,49.337274448418
YCR068W,16.6898836559171
YCR069W,134.565183051954
YCR071C,71.4537632424838
YCR072C,40.0406333237867
YCR073C,4.5441673692065
YCR073W-A,44.339659124307
YCR075C,29.3627849469049
YCR075W-A,71.806724810016
YCR076C,29.9952141611459
YCR077C,81.2011540047428
YCR079W,5.99468306272901
YCR081W,15.4096863330754
YCR082W,161.840537236598
YCR083W,91.0527576044066
YCR084C,113.275667914789
YCR086W,29.4307880882211
YCR087C-A,74.1531980735598
YCR088W,235.518282056643
YCR089W,1.84510236791958
YCR090C,95.6223270237873
YCR091W,5.08968566082793
YCR092C,14.7366951017228
YCR093W,66.1370786041896
YCR094W,63.9718045273826
YCR095C,28.1645203391041
YCR095W-A,7.88709110224306
YCR098C,1.71419033547696
YCR099C,1.45607835733718
YCR100C,1.25230520044864
YCR101C,3.77456554041266
YCR102C,2.70754027306704
YCR104W,18.6581604675374
YCR105W,1.54432553050913
YCR106W,5.54703325512157
YCR107W,2.19455766470192
YCR108C,5.22929117174789
YDL001W,18.840277551466
YDL002C,45.516258211147
YDL003W,49.9062249344008
YDL004W,245.008077935775
YDL005C,38.992289443783
YDL006W,31.9098022990914
YDL007C-A,0.819541370523112
YDL007W,248.582674302663
YDL008W,44.4883145815161
YDL009C,0.336873474406401
YDL010W,78.7222982694946
YDL012C,96.3458136802305
YDL013W,12.3865921090207
YDL014W,513.497119247551
YDL015C,341.272079486507
YDL017W,13.8424762997013
YDL018C,64.6448581059179
YDL019C,29.0092211847451
YDL020C,68.8417245278886
YDL021W,23.1397464281475
YDL022C-A,0.422229929070184
YDL022W,223.799124464805
YDL024C,1.37529638519697
YDL025C,18.2562494567184
YDL027C,21.7522545443424
YDL028C,14.3017317733901
YDL029W,273.361944266371
YDL030W,18.5183867915611
YDL031W,47.3565297711667
YDL033C,8.06942733005462
YDL035C,23.3085892518281
YDL036C,17.6677938565245
YDL037C,0.846093242778938
YDL039C,0.582929379686449
YDL040C,135.745952295768
YDL042C,27.7173517954137
YDL043C,30.5081040259296
YDL044C,18.610169370054
YDL045C,32.794354325633
YDL045W-A,141.022275533746
YDL046W,316.293998184315
YDL047W,64.4607221926966
YDL048C,2.05559307573642
YDL049C,4.53674687253866
YDL051W,179.114278847986
YDL052C,176.457768396731
YDL053C,79.1196076013697
YDL054C,38.2067687010617
YDL055C,2014.90358144855
YDL056W,18.8279100266118
YDL057W,11.2409530826345
YDL058W,36.5024784879259
YDL059C,8.3429096979627
YDL060W,51.876561359894
YDL061C,2057.01124637216
YDL063C,49.5994160867116
YDL064W,159.283606869809
YDL065C,61.212352319253
YDL066W,307.859425704415
YDL067C,203.161417501153
YDL069C,9.83560844270953
YDL070W,75.2807585553199
YDL072C,286.373124578467
YDL073W,18.1932997285431
YDL074C,49.4107210018876
YDL075W,2610.12339165755
YDL076C,36.0725706784167
YDL077C,17.5918131223486
YDL078C,153.126633924293
YDL079C,0.402382675482211
YDL080C,9.52165606695939
YDL081C,2223.4903432181
YDL082W,1508.26012474386
YDL083C,2075.34736810851
YDL084W,742.67689241454
YDL085C-A,62.4900295023873
YDL085W,1.40927069500933
YDL086W,92.3327938792466
YDL087C,9.30223728486918
YDL088C,34.2662585276249
YDL089W,30.2881101715965
YDL090C,20.752459536906
YDL091C,21.9046322496001
YDL092W,146.236913302718
YDL093W,57.4721815871013
YDL095W,269.249323437715
YDL097C,242.195084757773
YDL098C,30.4540017195179
YDL099W,61.8494047824187
YDL100C,454.064243146843
YDL101C,27.4499940797145
YDL102W,30.9738069009139
YDL103C,97.6380339422851
YDL104C,8.65322202393404
YDL105W,10.8461993881532
YDL106C,37.6315174768285
YDL107W,19.2625657577622
YDL108W,29.0501170207379
YDL109C,2.19703770224365
YDL110C,33.4946558132796
YDL111C,68.1843872203563
YDL112W,49.9002530216402
YDL113C,17.6367799001662
YDL114W,0.384948847037293
YDL115C,17.0171225515969
YDL116W,62.3778391442142
YDL117W,20.7915070433082
YDL119C,18.4059201211975
YDL120W,85.2136765941645
YDL121C,176.531189982599
YDL122W,55.9054926836053
YDL123W,62.2241144832282
YDL124W,284.057111794827
YDL125C,451.025365606925
YDL126C,613.698559794091
YDL127W,29.6410612218716
YDL128W,134.039408566305
YDL129W,8.39519356261758
YDL130W,2080.17081903327
YDL130W-A,100.227514851232
YDL131W,331.972580086405
YDL132W,82.0009445253772
YDL133C-A,3593.42665650528
YDL133W,19.835189379156
YDL134C,90.629446417464
YDL135C,199.853783378062
YDL136W,2553.8608154683
YDL137W,666.630567676395
YDL138W,4.22121618699324
YDL139C,10.6033151589586
YDL140C,156.719136667827
YDL141W,44.9220778120935
YDL142C,23.4945828384949
YDL143W,228.390732061357
YDL144C,35.2135228859606
YDL145C,219.305277366714
YDL146W,15.5917342159601
YDL147W,253.75012701908
YDL148C,61.4317306156533
YDL149W,9.98689718453148
YDL150W,26.0216840177114
YDL153C,62.8889020311259
YDL154W,0.771762078852586
YDL155W,33.8037725332223
YDL156W,11.5235326681383
YDL157C,219.952529585135
YDL159W,19.354278729893
YDL159W-A,6.98212620138406
YDL160C,245.974784495366
YDL160C-A,42.2346406291997
YDL161W,59.4805946538304
YDL164C,31.852369249597
YDL165W,99.3019730455272
YDL166C,96.9034154842012
YDL167C,36.9786943951599
YDL168W,115.979011708901
YDL169C,5.9100445148294
YDL170W,12.5438982110055
YDL171C,86.2044416234937
YDL173W,66.7005876399813
YDL174C,27.3976164687441
YDL175C,21.1380321606966
YDL176W,9.83053821978678
YDL177C,12.2748272236832
YDL178W,63.6331397981627
YDL179W,29.6210534855391
YDL180W,25.1290479370925
YDL181W,25.815553171478
YDL182W,406.419412265901
YDL183C,9.89941061423957
YDL184C,3559.43208045598
YDL185W,749.152612342748
YDL186W,0.283723175947275
YDL188C,77.4643549462278
YDL189W,35.8844926628769
YDL190C,62.4687236621205
YDL191W,2735.53914514353
YDL192W,1533.48214050378
YDL193W,79.3490417170739
YDL194W,4.90299269226725
YDL195W,174.015915703986
YDL197C,6.69124008210178
YDL198C,111.955821276909
YDL199C,5.26917349664848
YDL200C,27.0722277648779
YDL201W,70.8862669465407
YDL202W,60.6866785882657
YDL203C,15.3050098312257
YDL204W,3.96600675442328
YDL205C,58.3078645793371
YDL206W,6.31320503534392
YDL207W,19.8285670536421
YDL208W,334.647378068769
YDL209C,21.2009284722251
YDL210W,1.559592341523
YDL211C,8.78933519587609
YDL212W,284.513428440281
YDL213C,76.3671257091244
YDL214C,0.291057426652945
YDL215C,35.7354287773724
YDL216C,10.5822531712072
YDL217C,59.7892681677089
YDL218W,0.624276019004868
YDL219W,140.727546439376
YDL220C,6.90889057574232
YDL222C,2.3026008823807
YDL223C,2.11697716005578
YDL224C,40.9298741057199
YDL225W,75.0027130375101
YDL226C,143.851369903326
YDL227C,56.683433840661
YDL229W,2854.22961644573
YDL230W,16.4665670157949
YDL231C,3.32063806406846
YDL232W,183.515023348783
YDL233W,15.9735749570709
YDL234C,23.1060161534177
YDL235C,123.392290560068
YDL236W,176.062172370823
YDL237W,98.5498498054042
YDL238C,7.0028378479933
YDL239C,0.56809117729443
YDL240W,17.934900437641
YDL241W,39.6714745766946
YDL243C,1.68729105695935
YDL244W,1.16803793462406
YDL245C,0.571011120524384
YDL246C,2.67575505451792
YDL247W,1.06536011938007
YDL248W,40.965106913158
YDR001C,51.3921475803394
YDR002W,771.507837439887
YDR003W,37.4940177014324
YDR003W-A,55.1382613256359
YDR004W,7.86587783946134
YDR005C,23.1744400907639
YDR006C,26.5122972970535
YDR007W,45.6990797468982
YDR009W,2.63933043861015
YDR011W,178.205698014276
YDR012W,2266.25372837971
YDR013W,92.5297469486388
YDR014W,9.85528340720724
YDR014W-A,0.699515255623738
YDR016C,49.6908668332236
YDR017C,22.6916919630544
YDR018C,1.81715756226651
YDR019C,111.582196679463
YDR020C,28.6482440882258
YDR021W,21.8489597939381
YDR022C,18.8057769035398
YDR023W,786.521443750799
YDR025W,2103.42886950507
YDR026C,7.45619670198939
YDR027C,21.9416592363922
YDR028C,55.4568696489491
YDR030C,6.45624029297624
YDR031W,39.9452004567318
YDR032C,468.093016024094
YDR033W,1229.50679828855
YDR034C,19.3151000280106
YDR034C-A,36.8244816710497
YDR034W-B,8.00364909882793
YDR035W,162.797300996737
YDR036C,75.149299995129
YDR037W,652.460351919056
YDR038C,70.256620590105
YDR039C,74.9955575249836
YDR040C,66.6083913624604
YDR041W,103.1701852786
YDR042C,1.92277013853499
YDR043C,16.6527938647008
YDR044W,161.96642076054
YDR045C,101.957416556527
YDR046C,77.3909817575215
YDR047W,55.8889700479098
YDR049W,20.615929568619
YDR050C,4911.84224338034
YDR051C,36.4723175993021
YDR052C,23.4120832085725
YDR054C,96.2413288592917
YDR055W,152.562488814077
YDR056C,162.568046675383
YDR057W,28.1876266729146
YDR058C,15.0754156776187
YDR059C,43.7683202587571
YDR060W,80.6671292840417
YDR061W,32.7632188272864
YDR062W,185.991674652806
YDR063W,101.090510502856
YDR064W,3313.33814478861
YDR065W,26.0875407005599
YDR066C,18.0222028658923
YDR067C,29.0812325662079
YDR068W,56.8786799144178
YDR069C,14.9375035161294
YDR070C,2.27927159279224
YDR071C,467.220798430369
YDR072C,104.137277858669
YDR073W,19.2967416057641
YDR074W,72.4409618847981
YDR075W,32.0790705864411
YDR076W,5.5196240569932
YDR077W,1066.676612615
YDR078C,13.5583374163733
YDR079C-A,64.3694288859177
YDR079W,52.2109907069554
YDR080W,21.3944714357149
YDR081C,21.9876422390701
YDR082W,4.48688201387898
YDR083W,56.7813155511089
YDR084C,106.629045704228
YDR085C,3.07542553571958
YDR086C,751.173251190766
YDR087C,99.531630700635
YDR088C,14.1072809077296
YDR089W,30.5276847173875
YDR090C,36.6013029942554
YDR091C,167.595991610992
YDR092W,199.869878251251
YDR093W,34.7621572221631
YDR096W,14.6389527384802
YDR097C,30.0203690459032
YDR098C,241.523964026727
YDR099W,804.100701836242
YDR100W,164.900620649306
YDR101C,117.395156572008
YDR103W,21.283644464576
YDR104C,6.86812477489911
YDR105C,50.0260549317954
YDR106W,3.74108824071942
YDR107C,33.1505674417311
YDR108W,20.2859424130884
YDR109C,9.62261046551567
YDR110W,17.874722397708
YDR111C,17.7406449128356
YDR113C,25.7657777760057
YDR114C,0.714171765741569
YDR115W,143.47025951507
YDR116C,59.2446909536445
YDR117C,52.4271651527192
YDR118W,14.3297176326511
YDR119W,88.3461419642927
YDR119W-A,3.52766295577993
YDR120C,80.2428787928382
YDR121W,47.7980162964969
YDR122W,29.2211242213508
YDR123C,14.6806098415172
YDR124W,1.22289685914652
YDR125C,3.9028549298865
YDR126W,11.8128600193549
YDR127W,125.551218393662
YDR128W,15.3095206794629
YDR129C,227.886210827026
YDR130C,22.0712346888172
YDR131C,14.2584933439673
YDR132C,9.20048642836451
YDR135C,104.199914264917
YDR137W,18.7562030679063
YDR138W,31.0011247834914
YDR139C,127.203903471052
YDR140W,41.5431612680667
YDR141C,36.5416035659372
YDR142C,15.3167051035639
YDR143C,33.1728986400971
YDR144C,91.9331010742412
YDR145W,43.5593367017241
YDR146C,37.4882767708396
YDR147W,29.3536700325984
YDR148C,93.4527751835563
YDR150W,42.3431354959509
YDR151C,59.2588377329956
YDR152W,100.575668784907
YDR153C,50.0699534906112
YDR155C,2636.93934194962
YDR156W,70.2165624343528
YDR158W,648.695625035262
YDR159W,14.3222784541267
YDR160W,4.55606508267597
YDR161W,85.0401062096897
YDR162C,32.4816248336947
YDR163W,25.6480816740233
YDR164C,33.916730684014
YDR165W,107.074088177752
YDR166C,31.2133795691978
YDR167W,66.7932351268032
YDR168W,181.890621587306
YDR169C,22.4948375552961
YDR169C-A,1.90324962951433
YDR170C,98.34698735574
YDR171W,58.8204022379918
YDR172W,244.854044339995
YDR173C,17.8222685038199
YDR174W,263.917281959321
YDR175C,61.3109723419649
YDR176W,24.0569223037947
YDR177W,184.323108604164
YDR178W,73.9763924294703
YDR179C,26.8147514655766
YDR179W-A,9.98798247779644
YDR180W,16.6400917597437
YDR181C,14.8167919918587
YDR182W,77.3842387665807
YDR182W-A,69.7099930703922
YDR183W,31.2450147511936
YDR184C,34.7315829208547
YDR185C,8.51652872264222
YDR186C,27.3641531651633
YDR188W,179.103532424496
YDR189W,78.1125368779841
YDR190C,164.758284872868
YDR191W,14.1141273531254
YDR192C,21.638338573961
YDR194C,90.0933628085349
YDR194W-A,0.624900295023873
YDR195W,22.5858445017725
YDR196C,39.7737315849606
YDR197W,17.1500984829888
YDR198C,20.1716302361439
YDR200C,15.6392877272355
YDR201W,42.6537449080515
YDR202C,28.7805394263035
YDR204W,38.2640370223149
YDR205W,28.0670789574179
YDR206W,22.9423054279675
YDR207C,12.9475041580396
YDR208W,35.7609469209305
YDR210W,244.051969765687
YDR211W,98.1087745892924
YDR212W,265.229829908801
YDR213W,17.5662184044
YDR214W,172.245244955671
YDR216W,8.45846629741197
YDR217C,14.4872535079711
YDR218C,0.663275521632617
YDR219C,34.7695389065186
YDR221W,33.2739118129595
YDR222W,17.9508038416124
YDR223W,1.20587238185172
YDR224C,1634.89716011889
YDR225W,1301.92231869099
YDR226W,1228.33055197849
YDR227W,12.1828282541027
YDR228C,25.1515886378903
YDR229W,29.8923207129943
YDR231C,22.3648526640123
YDR232W,95.3950509404802
YDR233C,728.493392059916
YDR234W,48.9588394598319
YDR235W,25.3378122001356
YDR236C,45.4472941835544
YDR237W,71.9377661442169
YDR238C,213.379561837387
YDR239C,14.2552949922493
YDR240C,19.7380040761145
YDR242W,2.35672474257678
YDR243C,14.055089325785
YDR244W,29.5551995313518
YDR245W,104.743255309128
YDR246W,39.0673168883383
YDR246W-A,12.5987962706426
YDR247W,15.9604681073787
YDR248C,40.5340731907377
YDR249C,8.12530751442504
YDR251W,42.2668782224809
YDR252W,20.1175145279315
YDR253C,4.41342102424565
YDR254W,11.4096963979078
YDR255C,10.7560903789334
YDR256C,0.548501826353243
YDR257C,34.3450423244191
YDR258C,77.0114741350403
YDR259C,4.37795035713139
YDR260C,37.2708390246381
YDR261C,51.2591025411288
YDR262W,66.9639115221887
YDR263C,1.58556791274714
YDR264C,134.052053040134
YDR265W,12.8396102087846
YDR266C,39.7750467396995
YDR267C,36.5326326321649
YDR268W,32.324244409828
YDR270W,39.7552506435828
YDR272W,87.4287110010464
YDR273W,1.52814045944703
YDR275W,14.2361391714048
YDR276C,1297.46740324957
YDR277C,3.14997924845244
YDR279W,40.4480918233634
YDR280W,62.425272995130896
YDR281C,31.4176391420842
YDR282C,11.2211198487259
YDR283C,20.6849829106768
YDR284C,95.6772098378973
YDR285W,1.82213917801354
YDR286C,41.7662952286364
YDR287W,32.3922399148444
YDR288W,18.7665573479536
YDR289C,36.9948804258456
YDR291W,10.2086729086497
YDR292C,77.0917248435097
YDR293C,54.1689887318063
YDR294C,80.2018430377365
YDR295C,23.8258317118176
YDR296W,61.6316499762556
YDR297W,140.702254212303
YDR298C,166.336434214809
YDR299W,53.3359210643863
YDR300C,122.73154220109
YDR301W,20.5621159925351
YDR302W,83.7914398419564
YDR303C,57.5231694864859
YDR304C,423.208337733409
YDR305C,67.7495326987366
YDR306C,19.1175696725632
YDR307W,60.1573957881528
YDR308C,64.0855196173419
YDR309C,75.0505775508238
YDR310C,23.1730640923562
YDR311W,22.5166503065282
YDR312W,43.020105477158
YDR313C,13.9019669157293
YDR314C,3.93869423956721
YDR315C,10.4966454931222
YDR316W,20.1608297505993
YDR317W,3.96608546377381
YDR318W,8.33922404104649
YDR319C,39.55790858408
YDR320C,31.8839098921626
YDR320C-A,89.2714707176961
YDR321W,228.27455873546
YDR322C-A,109.819755989403
YDR322W,65.5846704073709
YDR323C,10.2648198931821
YDR324C,59.1789514042793
YDR325W,17.4298655981302
YDR326C,33.9370691843854
YDR328C,163.541944298969
YDR329C,40.1429031472
YDR330W,26.8505546119935
YDR331W,76.2738785664369
YDR332W,6.73014961102707
YDR333C,39.2569180380027
YDR334W,11.2405845751245
YDR335W,48.6555898704778
YDR336W,8.31520553862411
YDR337W,67.1698995532269
YDR338C,14.4005126534775
YDR339C,98.0394628173596
YDR341C,398.319664268023
YDR342C,163.113179280663
YDR343C,164.604418621061
YDR345C,876.002435274471
YDR346C,224.177225729931
YDR347W,82.6620331028618
YDR348C,36.3548975773423
YDR349C,38.8947735314097
YDR350C,7.25383786802212
YDR351W,21.6184280716056
YDR352W,49.3178055013846
YDR353W,555.646200759062
YDR354W,59.6543474913546
YDR356W,24.5883738569421
YDR357C,44.7644922877678
YDR358W,34.6400279751758
YDR359C,12.8484172808647
YDR361C,147.918557042358
YDR362C,13.7925718553188
YDR363W,10.5765917352419
YDR363W-A,309.887464914047
YDR364C,10.3340402145291
YDR365C,53.8306045248073
YDR366C,37.5500625709412
YDR367W,86.4167869415903
YDR368W,213.201277125792
YDR369C,7.79929158414175
YDR370C,17.6207350631732
YDR371W,21.9484879364039
YDR372C,149.745692816781
YDR373W,123.972155303123
YDR374C,1.16200468082952
YDR374W-A,27.9923791461798
YDR375C,28.4686594206927
YDR376W,29.3445658487339
YDR377W,265.892420148968
YDR378C,227.642250330125
YDR379C-A,36.5795294648121
YDR379W,11.0885785207356
YDR380W,9.3974775824562
YDR381C-A,26.1437878530396
YDR381W,443.438863199633
YDR382W,2119.06978991517
YDR383C,13.0869171732748
YDR384C,143.405690560907
YDR385W,2847.4688132726
YDR386W,10.147404585177
YDR387C,8.81783506680917
YDR388W,160.485757585676
YDR389W,32.4252439366264
YDR390C,47.6175301417578
YDR391C,30.1560464086587
YDR392W,25.914809595712
YDR393W,16.7462702474663
YDR394W,195.152520919749
YDR395W,124.329572923903
YDR397C,84.2590971569075
YDR398W,56.7746705635636
YDR399W,255.04345841787801
YDR400W,59.6867384592896
YDR402C,0.329545310493802
YDR403W,1.43222021778692
YDR404C,120.762259500173
YDR405W,32.9208498689573
YDR406W,64.8214453108654
YDR407C,24.0260363621637
YDR408C,79.8283035839745
YDR409W,11.855458167723
YDR410C,73.6518731032048
YDR411C,67.2073569857921
YDR412W,61.4140422394323
YDR414C,29.2646969148504
YDR415C,42.5486719649361
YDR416W,15.2716402514399
YDR418W,2649.11860848286
YDR419W,11.1749898596253
YDR420W,9.18566782641397
YDR421W,8.3176384096281
YDR422C,21.3893728236628
YDR423C,36.8970103718089
YDR424C,78.5917548956405
YDR425W,19.4774117929519
YDR427W,286.87448856995
YDR428C,49.9620163848619
YDR429C,375.083502770063
YDR430C,53.8528593656636
YDR432W,388.482907866234
YDR434W,85.1105123367866
YDR435C,30.5802272032959
YDR436W,11.867372575224
YDR437W,17.2844762453412
YDR438W,0.646448581059179
YDR439W,15.9232155835597
YDR440W,15.93565340317
YDR441C,34.9859861632253
YDR443C,8.61231497086266
YDR444W,10.6567553864801
YDR446W,0.522929117174789
YDR447C,2316.49720718675
YDR448W,25.7910033005415
YDR449C,66.6864402426936
YDR450W,2752.12236488793
YDR451C,45.7546473903864
YDR452W,70.2711239095378
YDR453C,31.1470679964877
YDR454C,527.329937993959
YDR456W,71.8843746251166
YDR457W,42.0574259853697
YDR458C,26.7245246327032
YDR459C,8.3177854969048
YDR460W,22.2077103858435
YDR461C-A,39.2178805842569
YDR461W,239.676948597764
YDR462W,71.0171822043424
YDR463W,58.4069846375767
YDR464W,6.39966777452692
YDR465C,58.1166992883789
YDR466W,13.9828273011902
YDR468C,61.624516628393
YDR469W,47.3837441096363
YDR470C,32.2891926220562
YDR471W,1271.35828581495
YDR472W,44.4867840728897
YDR473C,14.6682155729694
YDR475C,10.033873295753
YDR476C,82.223723029457
YDR477W,53.2239348250194
YDR478W,16.3017468267097
YDR479C,17.0095524229629
YDR480W,15.6991634471159
YDR481C,122.763593427459
YDR482C,22.2491973173335
YDR483W,337.609650669148
YDR484W,25.7181469619556
YDR485C,11.5997919240571
YDR486C,84.1114101307574
YDR487C,220.84755233633
YDR488C,10.7623822793681
YDR489W,26.5515575997268
YDR490C,14.0522723923597
YDR492W,77.0167698275916
YDR493W,47.7250821975273
YDR494W,48.7565631775025
YDR495C,14.5938440615371
YDR496C,96.6149118173679
YDR497C,125.188127915437
YDR498C,25.4338068366681
YDR499W,9.43760375723527
YDR500C,1701.95774619241
YDR501W,6.66353693391855
YDR502C,299.453053189477
YDR503C,32.391620797109
YDR504C,27.8377857644046
YDR505C,37.4503013963005
YDR506C,12.4046376600257
YDR507C,41.9956009544237
YDR508C,185.29412377216
YDR510W,542.760426216202
YDR511W,53.4435887058279
YDR512C,47.2510534044238
YDR513W,242.132556902778
YDR514C,16.7585002401332
YDR515W,38.2757046269116
YDR516C,94.501051066836
YDR517W,65.8128269544868
YDR518W,106.791205945366
YDR519W,165.358231914009
YDR520C,9.40255727085794
YDR522C,0.562249622772122
YDR523C,0.493342338176742
YDR524C,23.7261609340615
YDR524C-B,3048.40474564468
YDR524W-C,0.912263204414413
YDR525W-A,143.705294326047
YDR527W,27.6108104019326
YDR528W,20.3720338787161
YDR529C,123.530174329545
YDR530C,19.7529459109985
YDR531W,84.8040191856898
YDR532C,12.6535827374129
YDR533C,24.4704714739966
YDR534C,285.297197116162
YDR536W,0.711326459901961
YDR538W,25.2859139996773
YDR539W,45.614915698343
YDR540C,2.98078505292478
YDR541C,6.93050234776939
YDR542W,1.8289764732406
YDR545W,1.44791168026863
YEL001C,326.154857430391
YEL002C,290.811808937976
YEL003W,199.054402070268
YEL004W,21.3720546997012
YEL005C,9.76406710974802
YEL006W,23.1005796264749
YEL007W,67.9823172516206
YEL009C,86.352403590085
YEL011W,16.5907848910131
YEL012W,38.1686259744695
YEL013W,121.757479008015
YEL015W,53.3532019356848
YEL016C,11.3618235458886
YEL017C-A,1427.84480818304
YEL017W,57.9549378231377
YEL018W,25.3623569570005
YEL019C,15.1268461545144
YEL020C,7.07979524998145
YEL020W-A,161.147921739275
YEL021W,0.293725168048824
YEL022W,60.1044828599876
YEL023C,0.477023125972422
YEL024W,49.272713909796
YEL025C,9.19886433184008
YEL026W,992.24822546314
YEL027W,1782.2628036945
YEL029C,29.2803180832687
YEL030W,0.819748116580257
YEL031W,266.804521090572
YEL032W,36.5702703871548
YEL033W,1268.26659448314
YEL034W,2798.9775978267
YEL035C,0.456131602207206
YEL036C,61.8449711333304
YEL037C,147.685439499211
YEL038W,71.466025532142
YEL039C,5.78313897708469
YEL040W,378.471660418318
YEL041W,4.64095333112192
YEL042W,194.015178878983
YEL043W,26.383727329315
YEL044W,37.6308571820945
YEL046C,384.641354179021
YEL047C,222.567228364667
YEL048C,48.164251988006
YEL049W,1.21931764882707
YEL050C,40.2702224295287
YEL051W,405.65043601183
YEL052W,24.9643110884616
YEL053C,24.5625549489152
YEL054C,2013.66953783656
YEL055C,83.3467787586398
YEL056W,41.593523228245
YEL057C,1.16803793462406
YEL058W,85.8375535988632
YEL059C-A,11.9466232872211
YEL060C,151.254639184295
YEL061C,23.8486538822226
YEL062W,10.4205009618757
YEL063C,79.3142682145685
YEL064C,16.1886922066587
YEL065W,433.940587495895
YEL066W,51.7379119900515
YEL067C,1.7713709150283
YEL068C,30.2583300748402
YEL069C,0.430470926537685
YEL070W,3.293176361951
YEL071W,498.457530517092
YEL072W,3.19599074171025
YEL073C,2.6949877952512
YEL075C,0.300432834146093
YEL076C,2.50676336112728
YEL076C-A,0.358109051589612
YEL077C,1.06270083668064
YER001W,48.3120690416573
YER002W,118.419867482317
YER003C,347.177217011019
YER004W,136.586551698354
YER005W,18.4248952965802
YER006W,154.866594853742
YER007C-A,238.368375606071
YER007W,6.93467908442951
YER008C,24.2999671155168
YER009W,1468.2951402608
YER010C,42.8787968394041
YER011W,992.606404583487
YER012W,412.007244203628
YER013W,13.1614581505745
YER014C-A,0.491080781944104
YER014W,33.2880301128494
YER015W,3.55990527401856
YER016W,46.4343657300549
YER017C,34.874418522121
YER018C,19.8074988324538
YER019C-A,340.311944105358
YER019W,31.6458623408443
YER020W,23.2604261569373
YER021W,261.616689294121
YER022W,36.4105809038069
YER023W,381.959982090583
YER024W,1.01970250340894
YER025W,388.503310333665
YER026C,300.920096510357
YER027C,74.4500735808611
YER028C,7.30402942235696
YER029C,44.8596136553188
YER030W,116.140604929781
YER031C,243.528598978705
YER032W,18.6210020697928
YER033C,5.6809117729443
YER034W,32.4328417582638
YER035W,44.3228250491159
YER036C,363.638788700062
YER037W,27.3895094758736
YER038C,5.89365049398382
YER038W-A,0.584018967312031
YER039C,2.50900996747352
YER039C-A,7.04774768823917
YER040W,16.7941954287666
YER041W,7.03583486447162
YER042W,162.349511863345
YER043C,1072.30564583481
YER044C,169.254371405251
YER044C-A,0.392402069088774
YER045C,8.98010971095612
YER046W,16.9597157313368
YER047C,12.5390427677173
YER048C,135.097005727156
YER048W-A,189.352318311451
YER049W,112.999124993217
YER050C,141.410627106695
YER051W,8.68144577621632
YER052C,138.160052964812
YER053C,13.6820275121016
YER053C-A,5.43391560890324
YER054C,0.885336899679631
YER055C,385.167025625767
YER056C,206.152674647051
YER056C-A,1910.10685820372
YER057C,370.650243638874
YER058W,19.2017880411648
YER059W,26.6178904292612
YER060W,13.6912059742073
YER060W-A,23.3956573868694
YER061C,17.4390780006662
YER062C,168.098179361422
YER063W,123.559831061539
YER064C,83.0538411277735
YER065C,1.59765328187393
YER066W,13.8407668649916
YER067W,29.5450045677328
YER068W,50.1024422073254
YER069W,15.9125804568413
YER070W,371.946918416199
YER071C,58.4018967312031
YER072W,1010.99429881437
YER073W,165.889680803232
YER074W,3186.85416389757
YER074W-A,161.859420678315
YER075C,17.4636920839417
YER076C,7.32100764044705
YER077C,12.5925981873306
YER078C,26.8434744545947
YER078W-A,20.633500307392
YER079W,33.8181336130567
YER080W,103.362586344187
YER081W,19.7291788408361
YER082C,53.5107378799648
YER083C,102.746037458069
YER084W,1.15188994474447
YER085C,0.439297219700438
YER086W,199.700982920453
YER087C-B,320.89474609334
YER087W,22.2124289344819
YER088C,35.1278903707595
YER089C,75.837414444644807
YER090W,200.875015268654
YER091C,397.58649991353
YER092W,73.5176817675145
YER093C,10.1078342651327
YER093C-A,16.5374915385927
YER094C,255.786256098494
YER095W,30.0951982083497
YER096W,1.81244726173381
YER098W,5.62194037045699
YER099C,63.48588654625
YER100W,149.351170510706
YER101C,14.7364547184734
YER102W,3064.31876978322
YER103W,20.8721758459391
YER104W,16.3178712053712
YER105C,51.3178835695665
YER106W,0.915125955055881
YER107C,60.90731259796
YER110C,371.510508826822
YER111C,20.7611813246141
YER112W,181.026763042922
YER113C,26.1720234262766
YER114C,27.2038614237522
YER115C,6.21891144325524
YER116C,9.6028256345411709
YER117W,2499.60118009549
YER118C,101.200186787533
YER119C,37.5657422690104
YER120W,393.319597456202
YER121W,4.46357353588481
YER122C,158.002913051818
YER123W,38.3724225551034
YER124C,173.72864052727
YER125W,128.461538242292
YER126C,139.383523187798
YER127W,51.7312643873465
YER128W,16.309992525661
YER129W,11.0382273056576
YER130C,35.5273264176009
YER131W,1397.5042961443
YER132C,8.47482035067223
YER133W,375.573950133009
YER134C,66.1281476583482
YER136W,261.451513313623
YER137C,11.6378192595539
YER138W-A,456.341662813486
YER139C,24.3779785421401
YER140W,16.4409157945745
YER141W,69.4517834522554
YER142C,33.177009266725896
YER143W,48.5304876795152
YER144C,12.5233568252249
YER145C,276.104916406745
YER146W,131.817873783151
YER147C,10.0140109712462
YER148W,146.567523741963
YER149C,34.3456650700144
YER150W,15.6857563933118
YER151C,68.0975339444536
YER152C,35.9804810912948
YER153C,14.4681349094197
YER154W,55.3255675212219
YER155C,46.9700664432537
YER156C,110.297251320943
YER157W,31.2322772808507
YER158C,6.64111110596315
YER159C,59.0767085631813
YER161C,19.3010195984495
YER162C,8.21668207989867
YER163C,48.0821406626948
YER164W,22.1675452657773
YER165W,814.861563820013
YER166W,39.4908647495666
YER167W,17.1889593252821
YER168C,49.7550945800998
YER169W,15.9429033431029
YER170W,26.7198746837794
YER171W,25.6880154833639
YER172C,21.0052125472163
YER173W,8.13880995985705
YER174C,37.2383040257193
YER175C,25.6030955088979
YER175W-A,2.3581143208448
YER176W,20.323449384017
YER177W,1204.27318900018
YER178W,748.544689275925
YER179W,1.90083739931216
YER180C,1.02803808817088
YER180C-A,28.2741772830474
YER182W,31.9642094641367
YER183C,50.6873738569876
YER184C,2.31254221020348
YER185W,1.56387977899614
YER186C,1.67845120564263
YER187W,0.528456909111098
YER188C-A,3.24155772634862
YER189W,0.300432834146093
YER190C-B,9.1966458512947291
YER190W,0.638028968019662
YFL001W,25.522817282225
YFL002C,28.7025938506683
YFL003C,1.02442671315389
YFL004W,159.70222220105
YFL005W,312.000578954365
YFL007W,47.2412663223789
YFL008W,29.5254904494501
YFL009W,30.0014971972081
YFL010C,200.553652517179
YFL010W-A,0.376445960857755
YFL011W,1.55484670562812
YFL012W,3.28894892117828
YFL013C,29.3344541125976
YFL014W,11.6029232497801
YFL016C,70.1088391637649
YFL017C,89.644140993937
YFL017W-A,88.9537786510851
YFL018C,290.435237312324
YFL020C,29.141984912171
YFL021W,17.0067801810295
YFL022C,281.385508086439
YFL023W,20.2490251463847
YFL024C,11.5849544089265
YFL025C,18.8446183963208
YFL026W,307.56447878688
YFL027C,13.3820309771498
YFL028C,63.9210988803046
YFL029C,23.1765447374539
YFL030W,2.07435782580539
YFL031W,44.9862777831322
YFL033C,10.6093147102934
YFL034C-A,317.55750569242
YFL034C-B,46.2330185341482
YFL034W,15.2545254031524
YFL036W,24.3685223504313
YFL037W,434.21995165839
YFL038C,511.333085718636
YFL039C,2440.56804584217
YFL040W,0.299353434741975
YFL041W,94.8439487437068
YFL041W-A,1.56878735152437
YFL042C,23.2226460988601
YFL044C,55.0804037586625
YFL045C,902.103603235202
YFL046W,37.4381398807149
YFL047W,33.2976069611261
YFL048C,165.85801332186
YFL049W,20.4500982425739
YFL050C,0.714443934859611
YFL051C,0.707434296253441
YFL052W,0.864913903147229
YFL053W,0.479901488224587
YFL054C,2.64042378179101
YFL055W,1.4498846752294
YFL058W,2.45287966271053
YFL059W,10.0619539029268
YFL060C,5.41114780607264
YFL061W,1.55147659454203
YFL062W,64.1220353276392
YFL064C,1.52947624656193
YFL065C,3.86174339621495
YFL066C,0.509706602792719
YFL067W,8.0421951011768
YFL068W,8.01758869087233
YFR001W,79.4812761948793
YFR002W,66.6527856554485
YFR003C,53.3895397690299
YFR004W,188.761204819195
YFR005C,30.6622526396219
YFR006W,129.964158034572
YFR007W,18.9329575408495
YFR008W,23.488538438485
YFR009W,122.920543721955
YFR010W,163.59703909804
YFR011C,119.623770761713
YFR012W,0.381036765258459
YFR012W-A,1.86537401499664
YFR013W,26.6444422764223
YFR014C,31.8753176424281
YFR015C,9.6580726369835
YFR016C,22.9691279419284
YFR017C,7.47912164123061
YFR018C,26.6638756261284
YFR019W,12.381812934523
YFR020W,8.04161237564233
YFR021W,18.3035312219896
YFR022W,3.27871208594117
YFR023W,0.066372840682302
YFR024C-A,160.363341301852
YFR025C,50.2289526237198
YFR026C,0.673142149038283
YFR027W,11.3363771325719
YFR028C,48.2894179830544
YFR029W,9.65536924173163
YFR030W,21.3515853577095
YFR031C,15.4118668267124
YFR031C-A,2352.14933708247
YFR032C,1.36292321706406
YFR032C-A,2620.72722847016
YFR032C-B,4.42051655643897
YFR033C,31.5631920908188
YFR034C,30.4211096969025
YFR035C,2.2317867679424
YFR036W,18.6581604675374
YFR037C,79.6648022825321
YFR038W,22.0834830207747
YFR039C,41.6863867693141
YFR040W,42.1235146514783
YFR041C,89.8252402686722
YFR042W,61.5286444331198
YFR043C,83.9222209611561
YFR044C,472.044576508991
YFR045W,22.7701642813202
YFR046C,21.0690125948031
YFR047C,77.2604001120425
YFR048W,13.1977960147478
YFR049W,94.8536008675855
YFR050C,308.176065305405
YFR051C,171.847581131565
YFR052W,362.614162020734
YFR053C,61.618075602354
YFR055W,138.996514220263
YFR057W,0.745407906589113
YGL001C,170.665568267231
YGL002W,46.7332312324444
YGL003C,14.0137823598031
YGL004C,25.2649927119567
YGL005C,38.6071433678785
YGL006W,28.9250570854424
YGL006W-A,8.70114334843367
YGL007C-A,218.248759754606
YGL008C,2646.86726959327
YGL009C,371.432148546238
YGL010W,43.2623281170374
YGL011C,354.471978765403
YGL012W,439.429547147489
YGL013C,28.8829146808821
YGL014W,47.3855861149274
YGL015C,0.284045588647215
YGL016W,60.6492967779015
YGL017W,16.835030398334
YGL018C,29.8955622868564
YGL019W,66.0245334335178
YGL020C,154.611092861536
YGL021W,36.1530299438704
YGL022W,195.692460810108
YGL023C,21.0963782463302
YGL025C,28.9035269414749
YGL026C,334.469895355938
YGL027C,95.5614495881937
YGL028C,163.458406526531
YGL029W,59.1369059681129
YGL030W,2835.84890048642
YGL031C,2332.15216900172
YGL032C,65.9058832050901
YGL033W,1.806070216832
YGL035C,29.6047514928083
YGL036W,22.4577059572857
YGL037C,208.061358973565
YGL038C,80.3563063936739
YGL039W,122.58099023046
YGL040C,189.212375575072
YGL041C-B,0.543391560890324
YGL041W-A,48.8203355487401
YGL043W,113.978743677845
YGL044C,37.7072033031463
YGL045W,4.10137425135
YGL047W,43.4381912394643
YGL048C,210.144336366131
YGL049C,55.7307211536334
YGL050W,30.3461363061075
YGL051W,21.2732015327276
YGL053W,35.6382034218608
YGL054C,656.684016925949
YGL055W,370.431402733772
YGL056C,47.3560248099023
YGL057C,22.6363443861557
YGL058W,131.825256582775
YGL059W,9.35504052957604
YGL060W,31.2291784538033
YGL061C,38.8686403478819
YGL062W,119.295977080171
YGL063W,2.47805289406019
YGL064C,16.0101402764339
YGL065C,72.7914647699393
YGL066W,23.6849889157984
YGL067W,61.1383316928515
YGL068W,247.389325656603
YGL070C,125.580924673067
YGL071W,24.3475303627226
YGL073W,22.0149260467414
YGL075C,9.70117716469762
YGL076C,3236.85567138581
YGL077C,83.1523451802899
YGL078C,73.7992195235111
YGL079W,27.516916400199
YGL080W,113.618235458886
YGL081W,4.5784774090858
YGL082W,68.6185571233255
YGL083W,22.539052070723
YGL084C,103.307216402791
YGL085W,9.31617412306233
YGL086W,38.7400095826728
YGL087C,110.069205978175
YGL089C,0.304829412206767
YGL090W,5.04489194764132
YGL091C,37.1072322190192
YGL092W,53.9466538118585
YGL093W,18.7849356804749
YGL094C,24.6278820247995
YGL095C,44.911419294248
YGL096W,2.27754093858359
YGL097W,117.127033906881
YGL098W,32.9565251133609
YGL099W,84.5042835504364
YGL100W,100.713192488807
YGL101W,106.278007009816
YGL103W,3253.75650596132
YGL104C,15.2495562711396
YGL105W,657.895879362145
YGL106W,249.205711214752
YGL107C,39.7949584255646
YGL108C,24.1982667434776
YGL110C,23.734506522759
YGL111W,60.6227110391471
YGL112C,71.953475772461
YGL113W,5.90217415942704
YGL114W,22.8053500925566
YGL115W,118.829465549815
YGL116W,21.6720740614662
YGL117W,11.8324316217538
YGL119W,27.120592327501
YGL120C,102.121094575998
YGL121C,16.0605216010808
YGL122C,79.2950405131831
YGL123W,2878.23534900158
YGL124C,11.9809340115576
YGL125W,18.240332935832
YGL126W,25.7311886186301
YGL127C,37.9869784910104
YGL128C,14.0411412230058
YGL129C,61.0616859709042
YGL130W,45.5428386001982
YGL131C,6.98409345929475
YGL133W,19.4203787677903
YGL134W,7.7823016726472
YGL135W,3181.19713669357
YGL136C,8.04327112406965
YGL137W,248.396142298779
YGL138C,0.115188994474447
YGL139W,56.9941637155324
YGL140C,28.960849928541
YGL141W,27.019070310025
YGL142C,29.6317315870119
YGL143C,18.1313196539122
YGL144C,8.31221295043632
YGL145W,34.4232117927688
YGL146C,3.55996098894577
YGL147C,2877.34989776161
YGL148W,324.757182184733
YGL150C,28.0008456304698
YGL151W,34.8536960834557
YGL153W,36.8068020927388
YGL154C,8.37048894027359
YGL155W,28.2213036462394
YGL156W,26.6326103305112
YGL157W,212.156800437069
YGL158W,0.472812329147949
YGL159W,38.4636905730211
YGL160W,41.6836901339788
YGL161C,82.1297530602804
YGL162W,12.6695730353309
YGL163C,12.0243205456489
YGL164C,23.8100696352162
YGL166W,19.3072642876341
YGL167C,130.539516801884
YGL168W,5.59121316600307
YGL169W,31.2450147511936
YGL170C,0.387835714522186
YGL171W,55.3155140600925
YGL172W,68.7134567243167
YGL173C,208.398989195057
YGL174W,13.5591573448576
YGL175C,3.68604782318229
YGL176C,5.6941849312923
YGL178W,28.2596707456552
YGL179C,8.74137984946689
YGL180W,12.9494114401153
YGL181W,63.0957486898095
YGL183C,0.70710075815997
YGL184C,3.28667283195947
YGL185C,19.8999419982329
YGL186C,80.8488798038721
YGL187C,85.9086230828936
YGL188C-A,11.3013883142615
YGL189C,2262.53826719209
YGL190C,68.4012485093699
YGL191W,197.050939712333
YGL192W,0
YGL193C,7.31081125097567
YGL194C,33.8672848369979
YGL194C-A,24.1340803595427
YGL195W,145.123138189774
YGL196W,43.6587012715329
YGL197W,20.8900386809133
YGL198W,68.3665753231416
YGL200C,382.336568973635
YGL201C,33.3710057581275
YGL202W,369.779710061869
YGL203C,68.5518696463381
YGL204C,35.759167024029
YGL205W,0.490331530533117
YGL206C,291.329041513226
YGL207W,170.495776214437
YGL208W,10.2300279957576
YGL209W,34.2754676869282
YGL210W,67.5520709983907
YGL211W,24.3971721216064
YGL212W,17.532272806281
YGL213C,85.300652680938
YGL215W,56.0010221714139
YGL216W,15.2612566979461
YGL219C,38.9741599559388
YGL220W,71.3300824563836
YGL221C,144.533831912524
YGL222C,53.9044428403202
YGL223C,40.6353304834894
YGL224C,40.8642664835836
YGL225W,617.597030501445
YGL226C-A,378.592191725502
YGL226W,26.8453587361091
YGL227W,22.9956469714667
YGL228W,104.489223951774
YGL229C,9.93252066371811
YGL230C,25.199645298315
YGL231C,210.047131424153
YGL232W,90.6343939347602
YGL233W,36.2801825959903
YGL234W,258.40746727453
YGL235W,0.428013900701283
YGL236C,14.5820195241351
YGL237C,14.0510125508326
YGL238W,98.6190772761225
YGL240W,11.0919802366737
YGL241W,27.7960222672278
YGL242C,133.831935021976
YGL243W,15.8974635054073
YGL244W,70.8268663849564
YGL245W,651.517483303179
YGL246C,35.3989762499073
YGL247W,16.3780420536678
YGL248W,26.1410322205319
YGL249W,0.173422838582018
YGL250W,16.4915472425446
YGL251C,1.45365895270023
YGL252C,64.9703393834082
YGL253W,2134.68924388991
YGL254W,22.8316264074192
YGL255W,12.4131297992858
YGL256W,15.674756564144
YGL257C,25.7354529853219
YGL258W,0.748383586854938
YGL258W-A,1.33430667976628
YGL259W,3.66913934692916
YGL260W,0.899137115142263
YGL261C,3.96278235868798
YGL262W,0.21735662435613
YGL263W,6.93166713807994
YGR001C,165.275896668783
YGR002C,24.6070346213731
YGR003W,18.4567396514501
YGR004W,24.8045381729532
YGR005C,51.0918481211519
YGR006W,14.9415761699357
YGR007W,52.1261286330022
YGR008C,96.0111711559858
YGR009C,43.4903150905281
YGR010W,28.639155221337
YGR012W,38.3380652927584
YGR013W,16.2932118807272
YGR014W,72.0966116587523
YGR015C,11.9661758621593
YGR016W,16.5296207070831
YGR017W,92.572902365917
YGR018C,1.98907255710517
YGR019W,66.8895326047427
YGR020C,417.940741869927
YGR021W,22.5507497769485
YGR023W,6.23799472425475
YGR024C,52.0613386393082
YGR026W,246.9911347074
YGR027C,2840.45588647215
YGR028W,38.3961624935443
YGR029W,37.0686398668942
YGR030C,41.5010119596007
YGR031C-A,0.231873949916094
YGR031W,22.6497318828355
YGR032W,40.4469031408652
YGR033C,73.8148197251146
YGR034W,2187.00604411603
YGR035C,112.10522880579
YGR035W-A,1.39382965432834
YGR036C,43.506748049902
YGR037C,940.766296238512
YGR038W,100.193510989861
YGR040W,24.2595608466807
YGR041W,16.7773349462353
YGR042W,10.8615346759653
YGR043C,3.3359786960283
YGR044C,64.2002829414
YGR046W,23.5439613228911
YGR047C,21.1966180072098
YGR048W,53.7204666684247
YGR049W,49.2965535518014
YGR050C,10.5181237776295
YGR052W,4.10479018338931
YGR053C,3.89259360637785
YGR054W,146.990717169583
YGR055W,157.56515339541
YGR056W,22.0060160350679
YGR057C,14.0119396049167
YGR058W,21.4420764738049
YGR059W,0.157604109715983
YGR060W,842.496078408849
YGR061C,264.173417639336
YGR062C,10.5193636837686
YGR063C,91.6286387647364
YGR065C,47.1493935009811
YGR066C,1.21470899680666
YGR067C,1.16756350816808
YGR068C,9.05552418673975
YGR070W,2.95116497792213
YGR071C,15.5393457393769
YGR072W,20.2279864285184
YGR074W,84.002990478619
YGR075C,19.487870025229
YGR076C,75.8036442332222
YGR077C,22.2171486288069
YGR078C,103.538348727294
YGR079W,30.2753418796049
YGR080W,74.9163451204528
YGR081C,63.4090005244812
YGR082W,253.507131370286
YGR083C,72.5670537306804
YGR084C,61.8458023941153
YGR085C,2620.42980357388
YGR086C,582.849834683935
YGR087C,1.43737848194105
YGR088W,1.00790370165141
YGR089W,24.1389057280041
YGR090W,72.342884459823
YGR091W,12.4001102929019
YGR092W,36.2343092924375
YGR093W,25.6960910620892
YGR094W,427.50466346071
YGR095C,55.4501235361935
YGR096W,4.53556665743134
YGR097W,19.9222800477794
YGR098C,13.2569941130571
YGR099W,12.5925981873306
YGR100W,23.875500927119
YGR101W,31.8193716400024
YGR102C,27.9588111963937
YGR103W,199.633027225321
YGR104C,34.7524365924708
YGR105W,261.968878127446
YGR106C,603.010296523628
YGR108W,32.1206440094294
YGR109C,23.7357086849404
YGR110W,1.89500450476554
YGR111W,54.5912897732855
YGR112W,13.3503760646021
YGR113W,29.5365292365315
YGR116W,115.9535637144
YGR117C,41.9418871896943
YGR118W,2298.34463147131
YGR119C,66.2625895620054
YGR120C,30.3480286817814
YGR121C,4.58642418366145
YGR121W-A,0.950418699656081
YGR122W,27.8617965934211
YGR123C,111.609001716662
YGR124W,690.079589669058
YGR125W,30.3941372120541
YGR126W,16.2136292762951
YGR127W,9.12633290907076
YGR128C,83.3581023969716
YGR129W,19.6011891101013
YGR130C,63.4906704872134
YGR131W,15.0762658589676
YGR132C,198.513880768286
YGR133W,12.9361663744508
YGR134W,14.7810140040776
YGR135W,408.763663856635
YGR136W,181.24533783228
YGR138C,24.4411320463883
YGR140W,16.5326603070058
YGR141W,30.7497457372188
YGR142W,57.6079959475133
YGR143W,23.7477979234633
YGR144W,1.0941833959562
YGR145W,56.6468807280968
YGR146C,52.3342560400667
YGR146C-A,1.19598142588301
YGR147C,55.6530459682093
YGR148C,1829.07709654172
YGR149W,22.7489706212257
YGR150C,14.3334435573227
YGR152C,68.2627804956794
YGR153W,6.59666502592962
YGR154C,1.11788961542732
YGR155W,671.598763919992
YGR156W,29.5235912969769
YGR157W,163.316057532773
YGR158C,68.2703572313581
YGR159C,294.554396029055
YGR161C,65.0968841300197
YGR161W-C,28.3697066452556
YGR162W,199.25416839956
YGR163W,54.2783853646085
YGR165W,56.3274182980044
YGR166W,17.4105168902605
YGR167W,280.495966871864
YGR168C,8.59370524565937
YGR169C,11.9830325987145
YGR169C-A,51.7555459068852
YGR170W,9.81367668859662
YGR171C,13.7302036653133
YGR172C,149.220523849529
YGR173W,101.911815878243
YGR174C,14.9529713452141
YGR174W-A,1.86537401499664
YGR175C,405.413208306125
YGR177C,53.7678562002414
YGR178C,88.6591393301018
YGR179C,17.6430840393176
YGR180C,1027.14026372864
YGR181W,154.085004252462
YGR183C,93.735044253581
YGR184C,42.8109659743474
YGR185C,436.618647692005
YGR186W,52.8740471355011
YGR187C,94.0393788128458
YGR188C,5.05862108403521
YGR189C,278.758833069847
YGR191W,96.5418852774913
YGR192C,11016.5262144352
YGR193C,106.135409482961
YGR194C,21.3479452137885
YGR195W,65.3449039466588
YGR196C,20.6884224022298
YGR197C,14.0427032589634
YGR198W,39.4779074825158
YGR199W,56.6089308942984
YGR200C,57.6233660614392
YGR201C,7.5849966844277
YGR202C,40.3679918268069
YGR203W,16.1917485350315
YGR204C-A,0
YGR204W,254.980092678716
YGR205W,66.157922538397
YGR206W,38.9456274519128
YGR207C,143.434497489273
YGR208W,148.006067828582
YGR209C,1517.7136447099101
YGR210C,44.9070983641474
YGR211W,155.644927593479
YGR212W,10.8304590334261
YGR213C,4.86935294823797
YGR214W,1899.35576023509
YGR215W,77.2902996476896
YGR216C,18.1111220294612
YGR217W,12.9702023290183
YGR218W,157.190243805823
YGR220C,63.2921185625113
YGR221C,3.97901022927518
YGR222W,18.9689863505632
YGR223C,17.2138962187351
YGR224W,0.661620217071332
YGR225W,1.50331399568346
YGR227W,54.6066719343938
YGR229C,107.650555615614
YGR230W,13.2842145146073
YGR231C,231.978293193556
YGR232W,124.639513884871
YGR233C,48.3670038615018
YGR234W,807.609715686025
YGR235C,88.7708830314287
YGR236C,0.746149605998654
YGR237C,19.175734624849
YGR238C,6.72185035448528
YGR239C,14.3576654217739
YGR240C,810.730824470693
YGR240C-A,19.1501703313768
YGR241C,36.9809866724504
YGR243W,7.93930702694265
YGR244C,88.8288022678563
YGR245C,63.9519400181811
YGR246C,29.3070758602056
YGR247W,28.6786054561152
YGR248W,4.14044367255081
YGR249W,0.969520909063837
YGR250C,22.196625606782
YGR251W,27.0333042988384
YGR252W,24.0451759460539
YGR253C,355.214408665377
YGR254W,3832.04839255639
YGR255C,41.6039873620467
YGR256W,1.22850647776646
YGR257C,20.4671176767401
YGR258C,8.66867733472506
YGR260W,97.5933874795153
YGR261C,60.0933590127923
YGR262C,46.5111864243459
YGR263C,17.8677996610457
YGR264C,412.765231780424
YGR266W,43.7691428191361
YGR267C,137.333672025786
YGR268C,32.2153568242121
YGR270W,23.342346821527
YGR271C-A,70.9165888878895
YGR271W,18.4183350272538
YGR273C,1.74797285321363
YGR274C,21.1634952132469
YGR275W,77.9626087841684
YGR276C,53.3852797387276
YGR277C,54.0069270518041
YGR278W,18.0347418103465
YGR279C,934.557014064676
YGR280C,50.8319822835178
YGR281W,58.7944575724313
YGR282C,1182.82442091475
YGR283C,29.7016915621785
YGR284C,336.043321915899
YGR285C,670.482347677949
YGR286C,26.9105999389004
YGR287C,3.64553831989711
YGR288W,6.21071770411746
YGR289C,1.11942097106489
YGR292W,2.28875801729054
YGR294W,4.57244118310151
YGR295C,109.16112446184
YGR296W,1.22159289946021
YHL001W,2105.80625280028
YHL002W,42.4007739297848
YHL003C,160.145921281254
YHL004W,67.0550478913604
YHL006C,5.99904283222918
YHL007C,37.4024731866399
YHL008C,13.2682092677259
YHL009C,26.4380894048562
YHL010C,8.5858877100233
YHL011C,209.867505021879
YHL012W,0.245219213220617
YHL013C,47.7524221326173
YHL014C,22.0320578324622
YHL015W,3357.81775960528
YHL015W-A,0.954046251944844
YHL016C,3.04829412206767
YHL017W,53.9859185616007
YHL018W,9.14488236620302
YHL019C,13.2016469833462
YHL020C,17.231798943606
YHL021C,60.3709904396766
YHL022C,1.70792685135142
YHL023C,13.2576324058964
YHL024W,1.48445935775429
YHL025W,27.481274924568
YHL026C,6.65722927362116
YHL027W,31.7481812225116
YHL028W,6.23224959112281
YHL029C,18.7440145991828
YHL030W,60.8763853022903
YHL031C,37.0246906370195
YHL032C,3.32973974381117
YHL033C,1707.85708992099
YHL034C,461.702084928583
YHL035C,16.3670528990919
YHL036W,3.92413692372811
YHL038C,12.1758923463414
YHL039W,44.1065360587487
YHL040C,166.079146248706
YHL042W,2.24964106208594
YHL043W,0.669536030382721
YHL044W,10.5943361275571
YHL046C,18.289764732406
YHL047C,267.496587021737
YHL048C-A,4.12022172543213
YHL048W,52.7996225803909
YHL049C,1.59302508580825
YHL050C,0.350247713231503
YHR001W,57.6689765282869
YHR001W-A,76.5002496399332
YHR002W,8.584714133245
YHR003C,38.6998836409699
YHR004C,15.4874424703323
YHR005C,77.4944567771761
YHR005C-A,499.920236019098
YHR006W,26.1464558587395
YHR007C,552.350894918662
YHR007C-A,89.3393577676716
YHR008C,150.176305880236
YHR009C,53.7283020798784
YHR010W,2733.46124683587
YHR011W,14.7670963089215
YHR012W,79.0889435889589
YHR013C,149.518028704665
YHR014W,0.135406347784155
YHR015W,96.679197098908
YHR016C,36.0155740873456
YHR017W,25.8257549312771
YHR018C,85.288685158227
YHR019C,519.046857198567
YHR020W,326.34338964349803
YHR021C,2709.87168477244
YHR021W-A,2.48469302196371
YHR022C,1.68066094016201
YHR022C-A,3.64905281765765
YHR023W,26.1999678030235
YHR024C,61.487515660103
YHR025W,254.085240385264
YHR026W,386.549355209252
YHR027C,242.615631214287
YHR028C,67.7308067370124
YHR029C,113.447564289742
YHR030C,50.9239654533436
YHR031C,9.74382614142677
YHR032W,23.9783269925502
YHR033W,1.42130468921275
YHR034C,14.7850716752414
YHR035W,3.8653626496322
YHR036W,17.8542941435392
YHR037W,86.6059000427452
YHR038W,43.0674527651588
YHR039C,105.053874017131
YHR039C-A,630.639175284296
YHR040W,10.995632368887
YHR041C,18.7470088507162
YHR042W,213.81421305009
YHR043C,68.9927990698946
YHR044C,33.148264380708
YHR045W,36.9160752320461
YHR046C,52.7990623603058
YHR047C,136.246405041874
YHR048W,6.12339485073644
YHR049W,205.840071505938
YHR050W,49.3439242977012
YHR050W-A,174.284118979135
YHR051W,136.870874335188
YHR052W,155.641550560275
YHR053C,10.7279020604957
YHR054C,71.0318320962388
YHR055C,9.11871675142132
YHR056C,49.4085672316023
YHR057C,62.3960595332108
YHR058C,32.6151170023155
YHR059W,67.6028500980372
YHR060W,63.0169268843636
YHR061C,19.528134219496
YHR062C,35.5163999755226
YHR063C,147.933431256705
YHR064C,807.338133559088
YHR065C,62.1278850944533
YHR066W,53.4868527891264
YHR067W,13.059714030836
YHR068W,472.880784772814
YHR069C,39.0354753945702
YHR070W,29.2454953844398
YHR071W,33.915891181757
YHR072W,35.6608282492447
YHR072W-A,533.95498423022
YHR073W,24.806772738604
YHR074W,98.5814425270325
YHR075C,13.8977825613309
YHR076W,58.9572289466453
YHR077C,21.5898624690189
YHR078W,18.9008530030667
YHR079C,11.890591769821
YHR079C-A,1.16080550159233
YHR080C,2.99829762116717
YHR081W,80.13671557449
YHR082C,45.059753501562
YHR083W,41.5796724750697
YHR084W,29.4418492830548
YHR085W,35.165491887275
YHR086W,26.5553676946525
YHR086W-A,1.19598142588301
YHR087W,22.842308434293
YHR088W,74.4533613536465
YHR089C,303.71094037852
YHR090C,24.41016777437
YHR091C,11.9359429772119
YHR092C,50.6105975722372
YHR094C,209.128564641512
YHR096C,13.2098309900994
YHR097C,15.3503382575551
YHR098C,95.1117192073699
YHR099W,34.3191121074979
YHR100C,39.6630931056475
YHR101C,20.9682184301849
YHR102W,19.2598449590944
YHR103W,24.7466271859032
YHR104W,126.555947236649
YHR105W,16.0740249298048
YHR106W,13.7059916008954
YHR107C,107.280286683091
YHR108W,148.729732267178
YHR109W,16.202401001173
YHR110W,70.3240565245525
YHR111W,48.5324024748468
YHR112C,32.3005895738691
YHR113W,62.5722532254168
YHR114W,41.6172695198044
YHR115C,39.5738091301713
YHR116W,30.81019347235
YHR117W,61.1239536159599
YHR118C,17.4326429165331
YHR119W,11.8902001423995
YHR120W,10.2904660813634
YHR121W,120.479958680544
YHR122W,60.8920341315322
YHR123W,95.2423671238348
YHR124W,1.94168916113063
YHR126C,0.237153812153272
YHR127W,38.3443313249565
YHR128W,357.750942538022
YHR129C,10.9175592308663
YHR131C,8.12370383531035
YHR132C,132.628092466261
YHR132W-A,86.6114630123382
YHR133C,143.936947694556
YHR134W,6.27087810642393
YHR135C,81.0417570109085
YHR136C,61.9840373606676
YHR137W,22.4948375552961
YHR138C,88.6338173554269
YHR139C,0.486303731536088
YHR140W,14.6651959718771
YHR141C,2975.40841560008
YHR142W,70.7552438253483
YHR143W,384.69471820494
YHR143W-A,224.002721139327
YHR144C,40.9417434670813
YHR146W,168.052771381507
YHR147C,90.3035108416001
YHR148W,79.7034766941968
YHR149C,25.2512996657071
YHR150W,7.41347859793291
YHR151C,11.2082853898631
YHR152W,78.194905106678
YHR153C,7.5686681695438
YHR154W,31.3216896340187
YHR155W,16.132937450536
YHR156C,9.92832244430452
YHR157W,1.46788659904937
YHR158C,32.7093491522942
YHR159W,9.04145113158741
YHR160C,0.556084800911122
YHR161C,23.581143208448
YHR162W,270.551798211709
YHR163W,115.728084749716
YHR164C,8.66412887381453
YHR165C,24.3993173225126
YHR166C,13.9370916421299
YHR167W,27.1565314284084
YHR168W,7.94760973721135
YHR169W,38.1547462337733
YHR170W,116.019518614781
YHR171W,13.1422330087495
YHR172W,16.7202381439496
YHR173C,0.323782536281799
YHR174W,8417.28300403795
YHR175W,228.691226282643
YHR175W-A,49.4844903673727
YHR176W,4.64264706555626
YHR177W,1.59662247131721
YHR178W,6.96466322668117
YHR179W,1189.31024148944
YHR181W,152.223668597096
YHR182W,9.1981166086674
YHR183W,834.655885153178
YHR184W,2.12671682934954
YHR185C,0.985388113046843
YHR186C,20.4108505597715
YHR187W,37.3533032030647
YHR188C,76.9159192917682
YHR189W,6.85374517122957
YHR190W,279.079929152485
YHR191C,30.0620186470282
YHR192W,63.6210707603491
YHR193C,1432.02675999527
YHR194W,5.10550884574625
YHR195W,16.2856542829519
YHR196W,67.6652601146977
YHR197W,50.0668299647173
YHR198C,33.0648132411447
YHR199C,51.2673303264484
YHR199C-A,23.2304942388057
YHR200W,174.445234582777
YHR201C,86.408453365106
YHR202W,9.62939032202735
YHR203C,3114.74912957878
YHR204W,12.9183654098454
YHR205W,45.8392365501255
YHR206W,31.3754741029732
YHR207C,30.7076312051043
YHR208W,524.021353988286
YHR209W,18.5506696464292
YHR210C,1.63068110537451
YHR211W,1.71728325350072
YHR212W-A,2.48964260965686
YHR213W,1.35847890222581
YHR213W-A,0.444768893255426
YHR213W-B,0
YHR214C-D,1.46604174785659
YHR214C-E,1.08051924211621
YHR214W,36.0337044171581
YHR215W,362.795319454246
YHR216W,163.809564674572
YHR218W,1.34459450247202
YHR219W,0.325130226339164
YIL001W,12.505871228294
YIL002C,13.1990713284128
YIL002W-A,134.21982990396
YIL003W,22.8704090751471
YIL004C,53.5628824306177
YIL005W,62.2288078277373
YIL006W,7.16310004561155
YIL007C,20.7713337500893
YIL008W,174.68394414212
YIL009C-A,15.174644600917
YIL009W,36.2278032199581
YIL010W,105.378869894673
YIL011W,109.521615300567
YIL013C,2.88886898003098
YIL014C-A,33.4891318327711
YIL014W,23.5142894519292
YIL015W,132.571338127097
YIL016W,80.1579885078061
YIL017C,13.5509840015842
YIL018W,3024.91761037049
YIL019W,27.9137447961031
YIL020C,52.2125576634593
YIL021W,120.498702307392
YIL022W,69.9813882141404
YIL023C,32.1639857732876
YIL024C,9.72292193230013
YIL026C,27.4599043927633
YIL027C,218.516931917439
YIL029C,2.88819464086664
YIL030C,77.9448883086927
YIL031W,9.04043574019308
YIL033C,89.9317219649148
YIL034C,152.280862234138
YIL035C,102.149224898414
YIL036W,34.7818607059119
YIL037C,0.123865271560728
YIL038C,50.4219784569693
YIL039W,117.578244754662
YIL040W,113.397855260798
YIL041W,319.866279417862
YIL042C,16.1297316410383
YIL043C,255.086794487572
YIL044C,72.8167716659174
YIL045W,12.0173133658437
YIL046W,11.6098227400374
YIL046W-A,1.7685857406336
YIL047C,34.691489527813
YIL048W,34.7503789525123
YIL049W,25.4903705015919
YIL050W,34.5248781781145
YIL051C,1841.9741479714
YIL052C,2226.9449254628
YIL053W,2283.8543532385
YIL054W,21.5719005953447
YIL055C,8.21981744878631
YIL056W,25.6938699984435
YIL057C,1.15295257384478
YIL060W,97.4948178128532
YIL061C,23.2857583619422
YIL062C,265.582625385146
YIL063C,59.7625306395285
YIL064W,42.7763661149107
YIL065C,57.0297356623729
YIL066C,15.7107036912287
YIL067C,18.8909398207793
YIL068C,27.8860172221607
YIL069C,2468.56217643057
YIL070C,174.795224032621
YIL071C,8.59124862912705
YIL072W,1.34026872927372
YIL073C,0.75618186960872
YIL074C,136.302892078646
YIL075C,232.675180906289
YIL076W,318.978956564425
YIL077C,17.0764833095633
YIL078W,655.257351984624
YIL079C,24.7748081566987
YIL083C,71.4951429241287
YIL084C,19.0318809541703
YIL085C,30.5229250911098
YIL087C,29.7457338130366
YIL088C,81.6481569682508
YIL089W,3.57085882870785
YIL090W,40.8667559976216
YIL091C,39.0809764262558
YIL092W,6.02777093199016
YIL093C,56.9980316601347
YIL094C,281.017071622945
YIL095W,17.5879195938171
YIL096C,29.1777642478065
YIL097W,13.8432230562235
YIL098C,54.1175789476985
YIL099W,0.515533537438669
YIL101C,7.65824570496359
YIL102C,1.41620463461501
YIL102C-A,17.7244447315862
YIL103W,38.0128028520182
YIL104C,23.3890116788057
YIL105C,36.2845332594507
YIL105W-A,3.32393773948869
YIL106W,48.6313536046804
YIL107C,17.2335205818516
YIL108W,37.4706350898319
YIL109C,150.877624272383
YIL110W,58.4157430742046
YIL111W,77.5224222852678
YIL112W,15.380995439811599
YIL113W,6.64591155712243
YIL114C,56.2620198431348
YIL115C,50.274145631266
YIL116W,87.2267465751165
YIL117C,63.6103686767329
YIL118W,140.791802674288
YIL119C,25.074677455718
YIL120W,2.15606772291158
YIL121W,34.1532619476055
YIL122W,5.77876972732865
YIL123W,514.802841150925
YIL124W,154.863707544705
YIL125W,86.1359979751535
YIL126W,52.2087767686531
YIL127C,53.3223305634143
YIL128W,34.9594570642726
YIL129C,20.5804443777715
YIL130W,32.370769871393
YIL131C,34.2821466777411
YIL132C,7.79991659971743
YIL133C,1574.51694118689
YIL134C-A,4.48135669738236
YIL134W,11.6970146779647
YIL135C,42.1508593697988
YIL136W,10.3726330500301
YIL137C,62.7496833645856
YIL138C,228.856543318311
YIL139C,10.507877572376
YIL140W,46.8861277330337
YIL142W,234.941055124855
YIL143C,26.6049059300586
YIL144W,25.1372987258779
YIL145C,89.033900785387
YIL146C,5.5733318920883
YIL147C,19.5049741681306
YIL148W,2726.81147169634
YIL149C,21.3254749786012
YIL150C,10.2791313418561
YIL151C,9.8397931296356
YIL152W,15.2293581833633
YIL153W,20.8469585809429
YIL154C,26.0758027519153
YIL155C,19.7765140938952
YIL156W,20.0703496532338
YIL156W-B,125.909278774327
YIL157C,64.5372847590958
YIL158W,50.973740077476
YIL159W,7.09467640338481
YIL160C,0.192129222144158
YIL161W,12.2497011474878
YIL162W,65.0716346094118
YIL163C,0.935012910260159
YIL164C,2.12485417164223
YIL165C,0.92122893615313
YIL166C,1.34226793680546
YIL169C,8.56535494991536
YIL172C,4.05824077120622
YIL173W,10.2708756175948
YIL176C,4.87727059530828
YIL177C,1.173742101848
YIR001C,43.7430206516711
YIR002C,11.5943864576896
YIR003W,27.8465392607667
YIR004W,52.2762059581635
YIR005W,22.5166503065282
YIR006C,95.9479428484316
YIR007W,21.0790449645115
YIR008C,38.2671911283217
YIR009W,29.6950009645809
YIR010W,16.9404916873738
YIR011C,52.7472940188969
YIR012W,120.327041171388
YIR013C,0.907845464925723
YIR014W,10.9518608406246
YIR015W,15.5576836935404
YIR016W,1.92277013853499
YIR017C,9.00020064846167
YIR018C-A,1.35113577302459
YIR018W,16.7170779560527
YIR019C,0.451626327408243
YIR020C,0
YIR021W,21.1774814643736
YIR021W-A,140.842912647688
YIR022W,153.106242882437
YIR023W,15.2425004394337
YIR024C,32.9460327462443
YIR025W,10.2886530376548
YIR026C,55.5953327271677
YIR027C,1.13618235458886
YIR028W,0.894997864995828
YIR029W,2.08493147551987
YIR030C,13.1053258802961
YIR031C,2.62808535290414
YIR032C,2.1650088961457
YIR033W,46.2083251498916
YIR034C,82.0014587311053
YIR035C,22.1639513506004
YIR036C,44.9868627168557
YIR037W,305.841739939328
YIR038C,127.971602970314
YIR039C,5.86902143430007
YIR041W,10.3656447041875
YIR042C,4.45179629700384
YJL001W,336.097453640178
YJL002C,284.207021864037
YJL003W,52.5906188881477
YJL004C,71.6881066825566
YJL005W,18.3962162569038
YJL006C,30.6624286076483
YJL008C,287.938665016131
YJL010C,60.7202923387455
YJL011C,48.5382217898468
YJL012C,355.456164200656
YJL013C,29.8541708343694
YJL014W,243.151277022606
YJL016W,10.9618978469277
YJL019W,16.9939488627675
YJL020C,76.138093315888
YJL023C,6.98788597551902
YJL024C,73.5642119458483
YJL025W,6.51592016168109
YJL026W,547.627139055404
YJL027C,0.538707150882649
YJL028W,0
YJL029C,22.9991126069995
YJL030W,47.0144422588494
YJL031C,46.5493139261236
YJL033W,43.0016135219818
YJL034W,793.587597945871
YJL035C,14.841382006817
YJL036W,35.8168781681613
YJL037W,0.865512873994284
YJL038C,1.23742632677995
YJL039C,56.6687382661382
YJL041W,103.744860412459
YJL042W,23.5589178142836
YJL043W,0
YJL044C,37.4764643223587
YJL045W,0.832346704437536
YJL046W,20.9441915638385
YJL047C,12.2748272236832
YJL047C-A,2.06011086271606
YJL048C,9.99436659246582
YJL049W,19.9968094407639
YJL050W,74.5521918199176
YJL051W,15.3492997744338
YJL052C-A,0
YJL052W,2047.11601427228
YJL053W,42.6427328533561
YJL054W,55.1630314340481
YJL055W,128.005054063489
YJL056C,4.87840379014919
YJL057C,11.5169337649451
YJL058C,9.00690121475743
YJL059W,22.3669179380601
YJL060W,98.9350105291052
YJL061W,51.9560775214001
YJL062W,41.6272165031651
YJL062W-A,124.980059004775
YJL063C,70.83293920035
YJL065C,44.0038683247301
YJL066C,46.2085081680184
YJL068C,98.1891910238145
YJL069C,48.3001538075221
YJL070C,12.7098365089601
YJL071W,10.9322286375508
YJL072C,31.743846626757
YJL073W,22.9812199177545
YJL074C,28.4045588647215
YJL076W,55.7002640629518
YJL077C,0
YJL077W-A,13.0576181049765
YJL077W-B,3.42411120561026
YJL078C,66.5044279813747
YJL079C,108.351244395903
YJL080C,304.748200926335
YJL081C,54.4573625591009
YJL082W,43.4616344287669
YJL083W,6.5107764358019
YJL084C,20.268096143497
YJL085W,23.4459725074095
YJL087C,24.1960604157801
YJL088W,11.511321224124
YJL089W,0.83746984748962106
YJL090C,6.45712516634403
YJL091C,58.296619627885
YJL092W,15.4300688748896
YJL093C,8.47721549537802
YJL094C,33.7151152054843
YJL095W,11.065362048371
YJL096W,129.90422643273
YJL097W,282.052001919477
YJL098W,26.5931515128025
YJL099W,16.8242387121812
YJL100W,4.67589745073983
YJL101C,50.4957819971306
YJL102W,16.1521895163729
YJL103C,2.4943499171121
YJL104W,162.700398744646
YJL105W,6.57409558926849
YJL106W,0.440735724450087
YJL107C,5.05699660712961
YJL108C,1.35507987244543
YJL109C,80.6059555462939
YJL110C,22.5301691805436
YJL111W,202.467695587735
YJL112W,19.6706753451858
YJL115W,55.5153813392122
YJL116C,7.30326452242792
YJL117W,223.514693520238
YJL118W,6.8942323920597
YJL121C,224.277043056997
YJL122W,91.9418521026429
YJL123C,102.156881113741
YJL124C,178.637575503291
YJL125C,42.5286606121335
YJL126W,15.4455273744315
YJL127C,12.6248892091117
YJL127C-B,34.581860986758
YJL128C,35.3521978002795
YJL129C,13.0471859200723
YJL130C,221.703269642211
YJL131C,14.9797208467261
YJL132W,8.0421951011768
YJL133C-A,107.51960958499
YJL133W,23.5597490261017
YJL134W,56.2752810710614
YJL136C,2217.08998562489
YJL136W-A,0
YJL137C,16.3839405081889
YJL138C,2167.26554141397
YJL139C,15.4585530253282
YJL140W,95.3564545562376
YJL141C,16.5898257197758
YJL143W,174.35195254292
YJL144W,15.8814439619327
YJL145W,147.776850883328
YJL146W,21.5305386480428
YJL147C,12.3308084971266
YJL148W,149.842580756058
YJL149W,28.8698419770715
YJL151C,236.877572857602
YJL153C,1.21266279204148
YJL154C,57.1126779005164
YJL155C,21.9559563116496
YJL156C,19.6172705564085
YJL157C,38.2320889160275
YJL158C,1497.36710911603
YJL159W,1386.02788477366
YJL160C,1.09751972781361
YJL161W,6.99041007992807
YJL162C,9.03135501424163
YJL163C,10.3482031362554
YJL164C,38.6723147927747
YJL165C,20.0254855537287
YJL166W,210.056846158627
YJL167W,534.272801966161
YJL168C,25.7851255572323
YJL170C,7.93817213767401
YJL171C,225.12563132524
YJL172W,273.156641896825
YJL173C,222.921162936401
YJL174W,215.227618696149
YJL176C,32.3710727085634
YJL177W,1536.92255284443
YJL178C,124.40077715539
YJL179W,146.19683294723
YJL180C,37.433051818991
YJL181W,16.3277188078463
YJL183W,116.907638780302
YJL184W,52.1993086535455
YJL185C,9.55175908432615
YJL186W,117.860066705277
YJL187C,10.8678312178065
YJL189W,3624.42171113846
YJL190C,2887.03936301029
YJL191W,974.790589522154
YJL192C,194.284160873114
YJL193W,25.2746297668891
YJL194W,21.629651495477
YJL196C,201.753523821993
YJL197W,26.0976198761282
YJL198W,44.4600432701723
YJL200C,73.7883923044325
YJL201W,32.0739295984099
YJL203W,25.5577199313135
YJL204C,27.4275304586354
YJL205C,50.8292106000279
YJL206C,7.42136322833859
YJL207C,29.8294494079025
YJL208C,61.8271651585818
YJL209W,8.63430825132389
YJL210W,16.0750713204287
YJL212C,57.5613103793956
YJL213W,0.838792342313924
YJL214W,2.06284673371569
YJL216C,0.836453267181983
YJL217W,267.426275323881
YJL218W,25.2702627141315
YJL219W,1.85578614170425
YJL221C,3.64553831989711
YJL222W,10.5901774502662
YJL223C,4.57244118310151
YJL225C,1.03289304962624
YJR001W,67.7424242234931
YJR002W,54.7342959337477
YJR003C,30.486734990586
YJR004C,1.74972082606684
YJR005C-A,36.4683454846759
YJR005W,44.9346909817166
YJR006W,30.1904179594591
YJR007W,414.954582600052
YJR008W,5.63819815059134
YJR009C,7184.80010332228
YJR010C-A,134.391208026218
YJR010W,12.3953690863864
YJR011C,31.2075057298837
YJR012C,13.596936374588
YJR013W,52.8112719543607
YJR014W,183.394651800484
YJR015W,133.443898443706
YJR016C,609.528786381734
YJR017C,71.8635339277454
YJR019C,12.7600424872696
YJR021C,6.04742220990845
YJR022W,32.1566730065335
YJR024C,67.9239451112905
YJR025C,58.9406818714428
YJR030C,27.1291506636185
YJR031C,28.0722640722002
YJR032W,54.91393967663
YJR033C,19.0760633618062
YJR034W,51.4623772372601
YJR035W,6.76896537423741
YJR036C,2.56745535739816
YJR039W,5.49282415784242
YJR040W,39.9496376290922
YJR041C,35.828549949857
YJR042W,56.9037166108505
YJR043C,37.1531629950557
YJR044C,171.781102376775
YJR045C,1411.74045775423
YJR046W,29.1978118512766
YJR047C,311.130780286358
YJR048W,80.8889506556101
YJR049C,36.1984926995536
YJR050W,23.6717197850103
YJR051W,64.8640872877323
YJR052W,14.1094966326307
YJR053W,11.7080642182802
YJR054W,15.7340243004064
YJR055W,21.6755083882819
YJR056C,25.5566083716887
YJR057W,49.9562126967509
YJR058C,53.9628768004322
YJR059W,33.6907107940187
YJR060W,53.1420196493556
YJR061W,2.88920626771108
YJR062C,22.5157601021973
YJR063W,149.97607080573
YJR064W,286.244651269
YJR065C,225.178817834658
YJR066W,14.8602295358224
YJR067C,34.8781560013324
YJR068W,73.5906028224687
YJR069C,176.843858841389
YJR070C,269.713063920548
YJR072C,108.177760615751
YJR073C,64.1738925728109
YJR074W,37.991097481565
YJR075W,150.420264876506
YJR076C,98.7294211288683
YJR077C,249.451552153986
YJR078W,2.39493370697581
YJR079W,2.32058464995603
YJR080C,50.1137574256158
YJR082C,38.2329743485043
YJR083C,24.049386993754
YJR084W,15.4448442894452
YJR085C,244.139128960012
YJR086W,166.749710303739
YJR088C,177.482481200085
YJR089W,11.7597995080042
YJR090C,23.2977386611812
YJR091C,29.5995505376941
YJR092W,36.4892816315466
YJR093C,32.9724306976709
YJR094C,12.3874040783493
YJR094W-A,1878.15125479874
YJR095W,0.49204747639675
YJR096W,29.1527146562476
YJR097W,24.9518492359356
YJR098C,5.75973512757385
YJR099W,56.2245384177152
YJR100C,23.7595456497923
YJR101W,94.4719549788449
YJR102C,24.0053162112829
YJR103W,31.9455756200545
YJR104C,1149.96300385057
YJR105W,510.082166050328
YJR106W,13.424824315569
YJR107W,1.08783416928721
YJR108W,1.19312705493818
YJR109C,87.9706878306228
YJR110W,12.2969972909144
YJR111C,24.050667639406
YJR112W,29.6660170685146
YJR112W-A,20.5537497567534
YJR113C,49.2968121485331
YJR115W,0.448761432692189
YJR116W,27.8985926527005
YJR117W,230.35714211171
YJR118C,194.582003852654
YJR119C,8.33573356835784
YJR120W,91.6939126366688
YJR121W,434.153723605341
YJR122W,15.1663017741031
YJR123W,3563.05219250991
YJR124C,40.8830035194959
YJR125C,113.6003990012
YJR126C,34.7306648059986
YJR127C,8.2027485027
YJR129C,14.5243929864968
YJR130C,13.088913144374
YJR131W,37.2657099919953
YJR132W,45.351248712127
YJR133W,77.535634833095
YJR134C,24.5239544615541
YJR135C,12.2209966432309
YJR135W-A,255.988095131966
YJR136C,12.469449908321
YJR137C,18.1929382052197
YJR138W,15.0434140159849
YJR139C,888.389753937222
YJR140C,20.0959125712523
YJR141W,13.8612164432426
YJR142W,77.473698286417
YJR143C,218.554598045593
YJR144W,79.7714028886951
YJR145C,3155.25887259353
YJR146W,8.10344522225471
YJR147W,12.8982979044073
YJR148W,485.915679322468
YJR149W,1.58453323619366
YJR150C,119.287111401803
YJR151C,9.19751354125146
YJR151W-A,1.27530672453852
YJR152W,0.595497600975698
YJR153W,1.21339863111432
YJR154W,2.29742755523483
YJR155W,1.23065703615205
YJR156C,2.10246828232331
YJR158W,0.499634730458836
YJR159W,2.67575505451792
YJR160C,1.01007590790497
YJR161C,37.1083411223518
YKL001C,64.3952133286796
YKL002W,52.4380140328344
YKL003C,102.410296656283
YKL004W,110.21784932184801
YKL005C,12.2797001205565
YKL006C-A,56.4426072924788
YKL006W,2609.22808530011
YKL007W,175.469661295931
YKL008C,264.815876556896
YKL009W,246.332728434213
YKL010C,35.2244309442219
YKL011C,15.7774646173746
YKL012W,17.2985184503551
YKL013C,264.389432104239
YKL014C,51.330260100426
YKL015W,13.2637022780427
YKL016C,179.822707274352
YKL017C,14.7070388633537
YKL018C-A,27.0129810529052
YKL018W,49.8956069700836
YKL019W,46.3352924165998
YKL020C,24.9505093522881
YKL021C,73.8362246802623
YKL022C,23.5371006063467
YKL023C-A,130.888207248637
YKL023W,21.8466845479402
YKL024C,191.623504365327
YKL025C,45.5126233079198
YKL026C,3.62918501647258
YKL027W,40.6117804961597
YKL028W,35.1715273001404
YKL029C,86.6414993392361
YKL032C,56.2104773796596
YKL033W,11.099682863572
YKL033W-A,217.478493175854
YKL034W,30.4921228294781
YKL035W,309.420572713825
YKL037W,55.3748281234026
YKL038W,11.9011910119715
YKL039W,174.616981759605
YKL040C,101.450805842507
YKL041W,56.0852342348296
YKL042W,38.4047591322837
YKL043W,30.1563382790266
YKL044W,17.3206060033791
YKL045W,37.70818181723
YKL046C,128.021807040682
YKL047W,32.4572743973601
YKL048C,11.419497777086
YKL049C,36.9683213881151
YKL050C,0.576967601939655
YKL051W,36.1754724441232
YKL052C,26.3186949308111
YKL053C-A,133.501426664191
YKL054C,261.166368883211
YKL055C,6.22072691878969
YKL056C,2537.02715057787
YKL057C,58.1606032255689
YKL058W,90.1298502438278
YKL059C,23.0298287896635
YKL060C,7344.65777097269
YKL061W,27.6305528905157
YKL062W,13.7220374061943
YKL063C,114.319328018886
YKL064W,16.7372686391244
YKL065C,246.779487765416
YKL065W-A,1.85843953910446
YKL067W,358.98005160114
YKL068W,37.4043497397276
YKL068W-A,77.0123603022379
YKL069W,88.9688555627209
YKL070W,0.224380716346094
YKL071W,5.50034489507565
YKL072W,18.4702216672303
YKL073W,68.128751065358
YKL074C,19.3868515807529
YKL075C,21.3358815015294
YKL077W,236.707746336939
YKL078W,14.1884235499877
YKL079W,26.8168312928976
YKL080W,478.10479341957
YKL081W,1729.3119517348
YKL082C,50.9349204967683
YKL084W,84.7854671640431
YKL085W,156.106271418511
YKL086W,4.63963096073409
YKL087C,47.2570029200879
YKL088W,27.7182093425223
YKL089W,13.2565766769944
YKL090W,10.6944502991758
YKL091C,28.0567479398474
YKL092C,19.4793429263837
YKL093W,0.93705761203205
YKL094W,79.2340717856357
YKL095W,11.5931728941081
YKL096C-B,0.634416543171445
YKL096W,378.199109452519
YKL096W-A,2096.29129643591
YKL098W,8.25024475143026
YKL099C,68.4265823051141
YKL100C,102.620291408117
YKL101W,27.851768144852
YKL103C,94.4415898132813
YKL104C,194.028560481288
YKL105C,14.325920866769
YKL106C-A,0
YKL106W,40.531665607393
YKL107W,1.53506725492047
YKL108W,13.6599922546028
YKL109W,6.49721101134634
YKL110C,64.5751366546409
YKL112W,63.1865300541304
YKL113C,59.2505798124642
YKL114C,67.3220126698178
YKL116C,16.5185614145961
YKL117W,764.741879669616
YKL119C,67.0756287896128
YKL120W,157.631405143987
YKL121W,5.61115383866409
YKL122C,161.952381360089
YKL124W,14.8269571958658
YKL125W,29.9020130814116
YKL126W,89.1604152995784
YKL127W,139.111327039974
YKL128C,98.9146991053831
YKL129C,28.1253624765013
YKL130C,75.4955686374019
YKL132C,2.33171751874579
YKL133C,5.1242692712173
YKL134C,15.4244197926434
YKL135C,43.8664300456615
YKL137W,139.011762757269
YKL138C,133.161597856103
YKL138C-A,82.1853306295989
YKL139W,23.711027106169
YKL140W,65.9575990261325
YKL141W,132.354658759715
YKL142W,255.970474453909
YKL143W,50.2873204751664
YKL144C,69.4131231498821
YKL145W,267.789802512642
YKL146W,28.0999380076586
YKL148C,18.5249630606062
YKL149C,17.9813207421889
YKL150W,96.6111543980423
YKL151C,33.5714578853542
YKL152C,6319.63011379769
YKL154W,89.4997864995828
YKL155C,19.9683755080017
YKL156W,1181.82157146745
YKL157W,156.332592733089
YKL159C,17.9327171046382
YKL160W,138.637673700142
YKL161C,2.03822186664569
YKL162C,8.25903256162125
YKL163W,89.010188364376
YKL164C,902.465514602976
YKL165C,72.9310070002924
YKL166C,36.3687953052479
YKL167C,94.3450336955782
YKL168C,9.89941061423957
YKL170W,92.6576299518157
YKL171W,7.10013743816821
YKL172W,121.036285542565
YKL173W,23.8250860692251
YKL174C,37.7434526931436
YKL175W,111.431867874687
YKL176C,11.7384585805589
YKL178C,2.39687784392718
YKL179C,50.2435407307168
YKL180W,2459.53282230825
YKL181W,200.005654154898
YKL182W,497.200212165214
YKL183C-A,1.92277013853499
YKL183W,28.1463356023149
YKL184W,138.358449298794
YKL185W,72.4112690264708
YKL186C,74.9465137885775
YKL187C,0.543391560890324
YKL188C,1.10177897934451
YKL189W,23.8534515181526
YKL190W,146.498364816031
YKL191W,39.869546667988
YKL192C,486.981124028016
YKL193C,81.871335645045
YKL194C,24.108270434765
YKL195W,147.613461270929
YKL196C,285.14681154474
YKL197C,13.7993081820308
YKL198C,8.65529878176484
YKL201C,3.17332181066811
YKL203C,16.7599061995161
YKL204W,50.6727988462318
YKL205W,51.2604779321076
YKL206C,54.4860186730568
YKL207W,197.125531878977
YKL208W,16.3647122451211
YKL209C,80.37620631404
YKL210W,418.014662436853
YKL211C,121.984531625166
YKL212W,192.517485366396
YKL213C,49.2518227968702
YKL214C,68.8433405443599
YKL215C,34.3471298288454
YKL216W,587.481870100064
YKL217W,1.18526926348048
YKL218C,11.6712895568661
YKL219W,31.1712656998533
YKL220C,5.09538490674528
YKL221W,0.510469948283627
YKL222C,3.46365059597528
YKL224C,6.86048056589455
YKR001C,254.700342264124
YKR002W,39.261124579037
YKR003W,62.6693409213325
YKR004C,12.6990745813488
YKR005C,1.0767512775796
YKR006C,94.9967194335579
YKR007W,60.8291649308953
YKR008W,79.2730659973142
YKR009C,2.99952141611459
YKR010C,11.1598783114716
YKR011C,67.9557940305492
YKR013W,225.855960052987
YKR014C,179.658834819363
YKR015C,0.427525857484976
YKR016W,47.6720344826595
YKR017C,10.5678969446198
YKR018C,104.365370620616
YKR019C,7.18882661293954
YKR020W,44.7345598651776
YKR021W,13.012235123574
YKR022C,11.6861275644228
YKR023W,14.7080191389765
YKR024C,27.3462519263523
YKR025W,55.0972358335781
YKR026C,91.6952142750056
YKR027W,17.5345157409684
YKR028W,37.7837460058893
YKR029C,20.5134443351302
YKR030W,64.1439658413458
YKR031C,18.5300891562286
YKR034W,1.60417812024798
YKR035W-A,84.5786502026269
YKR036C,12.946393176341
YKR037C,31.5457689038789
YKR038C,50.7990140491261
YKR039W,18.6527350993117
YKR041W,0.781125368779841
YKR042W,793.650662902809
YKR043C,191.597471684029
YKR044W,12.235176189735
YKR045C,12.5188706849524
YKR046C,30.5846640501117
YKR048C,128.822643447658
YKR049C,35.9074111617281
YKR050W,2.11596713810071
YKR051W,16.6767870144408
YKR052C,49.2385055746461
YKR053C,14.2607991257429
YKR054C,8.37526600178029
YKR055W,22.6128600799538
YKR056W,41.80827596601
YKR057W,1734.85181583155
YKR058W,2.50223511179211
YKR059W,2210.78086560187
YKR060W,40.1312116070377
YKR061W,4.15028120468685
YKR062W,52.5786515155483
YKR063C,14.7791329414386
YKR064W,10.4189514895985
YKR065C,192.247017439482
YKR066C,92.4389138976179
YKR067W,53.6882307001643
YKR068C,95.5729862977688
YKR069W,5.19326653054285
YKR070W,70.0611542341413
YKR071C,113.441680614023
YKR072C,41.3240517677077
YKR074W,158.712540949753
YKR075C,9.13860369653862
YKR076W,27.3663232648386
YKR077W,28.4195217578899
YKR078W,13.4327598043913
YKR079C,25.2007373266258
YKR080W,85.5061591804943
YKR081C,147.735208379951
YKR082W,60.5555185067156
YKR083C,39.2476354558423
YKR084C,78.253579164434
YKR085C,80.3021481479497
YKR086W,9.76705946865385
YKR087C,35.7085882870784
YKR088C,86.4612283784209
YKR089C,21.8040750421999
YKR090W,22.7131657047422
YKR091W,16.6534342582504
YKR092C,106.647021958333
YKR093W,223.588178953496
YKR094C,2532.43004352071
YKR095W,36.668158280696
YKR095W-A,55.7235931868422
YKR096W,15.3001722853163
YKR097W,1.32565766769944
YKR098C,5.79189732779964
YKR099W,11.4258853782053
YKR100C,40.2402163073669
YKR101W,7.51619639144022
YKR102W,1.01895465592872
YKR103W,1.51838624600833
YKR104W,1.16200468082952
YKR105C,1.11340809803808
YKR106W,1.05524060373424
YLL001W,62.8938857895634
YLL002W,15.0933208223734
YLL003W,5.32290417506485
YLL004W,24.1663233165186
YLL005C,0.188364821408854
YLL006W,31.3391262414081
YLL006W-A,17.8542941435392
YLL007C,12.2841035990023
YLL008W,61.3518763197766
YLL009C,239.261435915755
YLL010C,32.8647788517439
YLL011W,52.9744086618787
YLL012W,27.129645369041
YLL013C,60.6527714708694
YLL014W,188.806773630208
YLL015W,28.951378170135
YLL018C,398.106149601496
YLL018C-A,21.7988475008328
YLL019C,16.6934886419469
YLL021W,42.9337972480431
YLL022C,24.1662686706328
YLL023C,109.62174284748
YLL024C,4604.18404456684
YLL025W,14.5119025858625
YLL026W,300.015217344194
YLL027W,24.527336579687
YLL028W,41.0609264650642
YLL029W,54.5189460699975
YLL031C,54.2480359304826
YLL032C,25.7879646500941
YLL033W,8.95127449628791
YLL034C,40.9930689433857
YLL035W,13.551280806787
YLL036C,35.3535638365013
YLL038C,14.5362394796957
YLL039C,316.797735482346
YLL040C,36.8402515206017
YLL041C,32.2766897665632
YLL042C,3.62918501647258
YLL043W,44.7789516220315
YLL045C,2466.90468544143
YLL046C,0.627252491868379
YLL048C,92.0775002562496
YLL049W,25.1237597317946
YLL050C,1447.05512993837
YLL051C,39.7923701131396
YLL052C,2.01175145279315
YLL053C,1.48197698424634
YLL054C,7.89908864590084
YLL055W,4.56409223389317
YLL056C,1.72112369392168
YLL057C,0.68029581106798
YLL058W,29.5023350552116
YLL060C,7.67567785610098
YLL061W,18.4795417983713
YLL062C,14.6747623097583
YLL063C,5.51882054029236
YLL064C,6.70624706854888
YLL066C,0.136403884316262
YLL066W-B,20.6389088264765
YLL067C,0.204605826474392
YLR001C,22.521065260723802
YLR002C,48.0551085138515
YLR003C,72.5778024123068
YLR004C,2.39307092597159
YLR005W,26.164701815375
YLR006C,12.8067398065277
YLR007W,13.5847890222581
YLR008C,110.541929444656
YLR009W,173.272199269371
YLR010C,37.0223948372634
YLR011W,19.4591745159922
YLR012C,1.08051924211621
YLR013W,0
YLR014C,5.20373163850437
YLR015W,17.0899250012919
YLR016C,13.5929973539936
YLR017W,121.799605099846
YLR018C,50.6782921413236
YLR019W,36.4567134244387
YLR020C,37.5541042682616
YLR021W,47.0538211925983
YLR022C,63.2711548711671
YLR023C,23.1499692379303
YLR024C,15.7272823985888
YLR025W,86.8367942435771
YLR026C,53.0289222319324
YLR027C,519.855705553602
YLR028C,161.246900043461
YLR029C,3249.48153412414
YLR030W,1.19170497263194
YLR031W,1.4389151530155
YLR032W,11.7355467269032
YLR033W,57.9920325202103
YLR034C,184.619964629245
YLR035C,7.37587233470801
YLR036C,33.5682404307209
YLR037C,7.10787065429998
YLR038C,142.953779864993
YLR039C,25.0892225348305
YLR040C,21.810924424656
YLR042C,23.4484163235975
YLR043C,1096.62168764635
YLR044C,7551.9146751942
YLR045C,29.6562851875736
YLR046C,2.47053605009438
YLR047C,19.9802086739132
YLR048W,2069.14876843637
YLR049C,49.3736814808967
YLR050C,93.559181131154
YLR051C,42.2543138147384
YLR052W,33.1197156362653
YLR053C,0.334171280761429
YLR054C,1.18117967556268
YLR055C,22.4236851554903
YLR056W,725.648412457416
YLR057W,20.0199093361518
YLR058C,652.950040593236
YLR059C,46.8128342363275
YLR060W,393.806376657006
YLR061W,2430.60492476114
YLR063W,104.786774362082
YLR064W,116.350825931948
YLR065C,121.397156807336
YLR066W,203.0406938649
YLR067C,9.46368528287427
YLR068W,32.3010092855282
YLR069C,40.7136068768233
YLR070C,7.60164938490579
YLR071C,32.9513565761982
YLR072W,18.7851662195998
YLR073C,27.6878899949039
YLR074C,86.4369386182656
YLR075W,3415.30360399583
YLR077W,21.3278922259399
YLR078C,55.4579034202772
YLR079W,47.66423536324
YLR080W,11.0329719237211
YLR081W,0.705305073390376
YLR082C,14.9853741221059
YLR083C,179.883536900095
YLR084C,37.2918936167885
YLR085C,20.7994672977154
YLR086W,16.9292226765296
YLR087C,9.03318445294482
YLR088W,78.0795083211647
YLR089C,113.002232977482
YLR090W,27.150538396272
YLR091W,9.01363181196975
YLR092W,3.15999416318411
YLR093C,97.7903304697433
YLR094C,25.0602689007003
YLR095C,26.0919753111336
YLR096W,23.1272180226538
YLR097C,16.4021888897209
YLR098C,8.08547021645733
YLR099C,36.9259265241379
YLR099W-A,42.1958398569175
YLR100W,205.741692000527
YLR102C,19.3756067806219
YLR103C,15.6849974050992
YLR104W,58.3992600767231
YLR105C,11.1116902586802
YLR106C,37.8491707784419
YLR107W,24.2631651792154
YLR108C,40.4420523158307
YLR109W,4549.66335903021
YLR110C,5590.97876429822
YLR113W,118.800233208967
YLR114C,35.007224042328
YLR115W,21.0758150510526
YLR116W,16.9966115425979
YLR117C,20.7806730036361
YLR118C,95.7439576507165
YLR119W,26.3020443478843
YLR120C,75.5428700415883
YLR121C,15.4041495850866
YLR125W,2.18305779921004
YLR126C,78.4432748921624
YLR127C,10.4429485868305
YLR128W,18.0834624464318
YLR129W,49.0109366503614
YLR130C,18.1392030926383
YLR131C,18.2174323295095
YLR132C,14.9432679244839
YLR133W,30.757898708302
YLR134W,245.647982563726
YLR135W,6.31982861576018
YLR136C,193.891715848291
YLR137W,9.55538244345801
YLR138W,36.308682699224
YLR139C,12.3148618018853
YLR141W,5.15721051204952
YLR142W,7.44130256591351
YLR143W,31.2895444634281
YLR144C,29.0066831540197
YLR145W,20.4791214602004
YLR146C,44.0719155437889
YLR146W-A,43.9548512601538
YLR147C,58.0643900192154
YLR148W,29.5958484947112
YLR149C,8.75976306417393
YLR150W,1921.01110256246
YLR151C,13.8996514220263
YLR152C,6.04515471001722
YLR153C,376.428743700898
YLR154C,52.2942878467346
YLR154C-G,12.0539143202574
YLR154C-H,50.2713086499652
YLR154W-C,0
YLR155C,6.71107711205216
YLR156C-A,0
YLR156W,3.18826681134629
YLR157C,6.93111242720141
YLR157C-C,18.1535281235985
YLR157W-D,44.7044057209386
YLR157W-E,101.398915796327
YLR158C,7.81125368779841
YLR159C-A,0.698212620138406
YLR159W,2.55061344907703
YLR160C,8.80141260597004
YLR161W,7.01418698496184
YLR162W,6.49648821559472
YLR162W-A,0.529576521206672
YLR163C,74.2395475843125
YLR164W,3.83512816440644
YLR165C,8.61931441412239
YLR166C,42.238848330566
YLR167W,3111.41067842519
YLR168C,15.2002774465266
YLR170C,105.436845144955
YLR172C,185.496719154455
YLR173W,11.3375720548622
YLR174W,1.0690362745354
YLR175W,398.201975855106
YLR176C,12.1808998305096
YLR177W,9.04716042433735
YLR178C,30.0517822217987
YLR179C,259.91258825189
YLR180W,491.351369097366
YLR181C,44.2237131863049
YLR182W,29.1230475029426
YLR183C,42.5113450537005
YLR185W,2150.93069701211
YLR186W,118.157326255134
YLR187W,21.2561992936509
YLR188W,22.4788490200625
YLR189C,13.1016417507749
YLR190W,36.5995445279905
YLR191W,26.5893006326383
YLR192C,316.369640486642
YLR193C,45.210177866075
YLR194C,58.642121281797
YLR195C,96.7160173923874
YLR196W,106.352547398326
YLR197W,553.288801548026
YLR199C,69.3226523181381
YLR200W,148.254406727603
YLR201C,79.5053869331578
YLR203C,85.1300107359474
YLR204W,51.5583533231185
YLR205C,9.48899548887399
YLR206W,50.6139466059569
YLR207W,29.9579505892182
YLR208W,244.116204517296
YLR209C,50.4751611646953
YLR210W,16.7805393908509
YLR211C,13.9057483233334
YLR212C,34.0313298855751
YLR213C,3.79878598798707
YLR214W,362.72675568843
YLR215C,24.8854099788268
YLR216C,629.951079867574
YLR218C,13.4978463725157
YLR219W,22.0421411136442
YLR220W,46.7445102576913
YLR221C,78.3325721931334
YLR222C,52.8704128056983
YLR223C,17.9245228345728
YLR224W,13.3945784931651
YLR225C,63.620848289606
YLR226W,31.6751080716554
YLR227C,2.69741134542679
YLR228C,13.3907206076544
YLR229C,267.212582013419
YLR231C,43.2862092223776
YLR233C,2.96878575186004
YLR234W,6.06939830647567
YLR237W,16.0630553059282
YLR238W,15.0750879796864
YLR239C,22.4819061652689
YLR240W,15.1844931501128
YLR241W,38.4955273562286
YLR242C,14.9285164260392
YLR243W,49.9342960919769
YLR244C,282.159769875354
YLR245C,41.222414419642
YLR246W,6.43198174115078
YLR247C,20.2913788040817
YLR248W,92.6049054221548
YLR249W,2464.33025206712
YLR250W,181.154606802133
YLR251W,9.35888117352446
YLR253W,19.0635491253726
YLR254C,21.2688917269065
YLR256W,92.8023572460826
YLR257W,103.389229462982
YLR258W,23.3219140129002
YLR259C,1095.09707420152
YLR260W,19.063751302481
YLR261C,207.854536633609
YLR262C,122.282647659348
YLR262C-A,470.482784104751
YLR263W,0.345658005939716
YLR264C-A,0.762073530516918
YLR264W,1013.28454213034
YLR265C,14.9836687840297
YLR266C,5.86297536436704
YLR267W,4.40270662403183
YLR268W,127.869771351706
YLR270W,88.9630783643077
YLR271W,6.44965900827392
YLR272C,16.5219586107486
YLR273C,4.57549864962314
YLR274W,42.5721548357316
YLR275W,59.8588703654447
YLR276C,82.6833141450801
YLR277C,25.7080892213424
YLR278C,13.6548309003498
YLR281C,3.88287561956581
YLR283W,12.3468203452297
YLR284C,9.97031931386404
YLR285C-A,594.515234807116
YLR285W,126.930528112892
YLR286C,801.787394663695
YLR287C,66.020856281446
YLR287C-A,2470.3171495337
YLR288C,6.96220437390728
YLR289W,7.99620528645157
YLR290C,36.7421512851721
YLR291C,117.751539246745
YLR292C,126.96702337687
YLR293C,1589.56250434361
YLR295C,187.766249784424
YLR297W,16.3017468267097
YLR298C,31.6234873390278
YLR299W,23.8262477018955
YLR300W,523.230720481969
YLR301W,561.930802379524
YLR303W,0
YLR304C,910.876059231526
YLR305C,40.2327111683196
YLR306W,18.7266537922464
YLR307C-A,2.41119084896671
YLR307W,1.18029436625705
YLR308W,0.126754623737094
YLR309C,37.3188749669305
YLR310C,28.0731625167461
YLR312C,1.60746056597781
YLR312W-A,65.1935536464955
YLR313C,5.02968530141166
YLR314C,177.145648850246
YLR315W,13.0136407215188
YLR316C,12.4241987790179
YLR318W,2.68276958633491
YLR319C,21.2269362849866
YLR320W,2.18120229904072
YLR321C,66.4427120913937
YLR323C,12.8455925216516
YLR324W,39.6014640330138
YLR325C,2774.64532403206
YLR326W,18.1789176734218
YLR327C,80.7501030582797
YLR328W,68.1256027935044
YLR329W,0.742161870574671
YLR330W,91.1754671847725
YLR332W,62.2778392494081
YLR333C,1627.74830858892
YLR335W,96.364715178342
YLR336C,24.0223775589811
YLR337C,33.8310675514724
YLR340W,2961.87529286467
YLR341W,0.590722763695761
YLR342W,403.929035363969
YLR342W-A,177.007956871016
YLR343W,0.510122689815407
YLR344W,1355.0622174694
YLR345W,25.3605699946277
YLR346C,121.439547418237
YLR347C,105.56614174957
YLR348C,102.870239244396
YLR350W,80.3954820818679
YLR351C,106.835608401698
YLR352W,15.9323021394189
YLR353W,8.47094536557375
YLR354C,805.795603175808
YLR355C,2075.17497162098
YLR356W,47.9642660143129
YLR357W,29.6695392190208
YLR358C,0.613650044213296
YLR359W,361.406240143486
YLR360W,16.3653478872382
YLR361C,26.0608643216234
YLR361C-A,51.9539198769848
YLR362W,18.0003083618871
YLR363C,62.6675579952918
YLR363W-A,82.3639077375728
YLR364W,28.1785278923232
YLR367W,679.721093632785
YLR368W,18.5707896785836
YLR369W,28.13751946916
YLR370C,262.800535030588
YLR371W,16.8137330472669
YLR372W,508.098654626784
YLR373C,27.6472415306603
YLR375W,17.3744289626656
YLR376C,8.21389563046843
YLR377C,1.14241370205461
YLR378C,323.606085664712
YLR380W,101.239733824904
YLR381W,9.61385069267497
YLR382C,15.4623938300197
YLR383W,10.9062787339072
YLR384C,64.2440820756786
YLR385C,17.6541338952933
YLR386W,28.8987348330743
YLR387C,75.6751471685671
YLR388W,1937.19091457401
YLR389C,51.4130680287926
YLR390W,34.6447313821525
YLR390W-A,630.298648357849
YLR392C,15.9731372169444
YLR393W,16.7673359882392
YLR394W,3.17462716723358
YLR395C,184.389594095072
YLR396C,24.2542554451093
YLR397C,26.7739707993492
YLR398C,48.3175272859164
YLR399C,60.1777798338929
YLR401C,28.9632463905904
YLR403W,33.3438937792634
YLR404W,23.7531161865428
YLR405W,21.7167782805864
YLR406C,1058.63571830522
YLR406C-A,0.634416543171445
YLR407W,34.9058747901618
YLR408C,38.1549699365538
YLR409C,50.654631518503
YLR410W,62.8483438917359
YLR411W,25.8690937137955
YLR412C-A,0.49204747639675
YLR412W,25.7986360330957
YLR413W,421.619476160685
YLR414C,86.1006842726576
YLR415C,40.1490344989431
YLR417W,11.5828201137148
YLR418C,58.2697915457574
YLR419W,20.0025490531178
YLR420W,234.52912998882
YLR421C,209.667319063994
YLR422W,13.2334342326301
YLR423C,11.0474302732891
YLR424W,12.1875678514316
YLR425W,8.43481637201702
YLR426W,16.777478737995
YLR427W,19.9604074818305
YLR429W,120.113137086466
YLR430W,20.4994728250453
YLR431C,7.0073986241144
YLR432W,566.463046928373
YLR433C,32.835603565327
YLR435W,89.6473505944022
YLR436C,21.690754042151
YLR437C,62.072501465623
YLR438C-A,101.71878619316
YLR438W,153.90887750361
YLR439W,35.619937372761
YLR440C,31.2306624247117
YLR441C,2452.52280204093
YLR442C,16.1251081490745
YLR443W,16.6759619618996
YLR445W,1.01775292349165
YLR446W,7.04113008477603
YLR447C,590.573974670488
YLR448W,1750.3695114942
YLR449W,216.727247507464
YLR450W,48.0692534633748
YLR451W,12.4610841696046
YLR452C,46.6926433128845
YLR453C,5.26231827388525
YLR454W,24.2115390333172
YLR455W,35.0775633381384
YLR456W,17.9352048420749
YLR457C,6.82612040244548
YLR459W,82.4746655607806
YLR460C,5.62304170394996
YLR461W,1.52414706103384
YLR462W,0.571555147887689
YLR464W,0.179054525794806
YLR466W,0.655281529576988
YLR467W,1.70072165618855
YML001W,331.920334745618
YML002W,1.32663485896267
YML003W,7.1999381817968
YML004C,215.310977137603
YML005W,14.0123882310367
YML006C,17.018785437834
YML007C-A,187.470088507162
YML007W,67.4267418330759
YML008C,589.251270687232
YML009C,134.59390969745
YML010W,109.429900382075
YML011C,18.4996300764382
YML012W,334.683056983503
YML013W,42.6541266858692
YML014W,42.4114969114286
YML015C,26.190674129677
YML016C,36.5651912986688
YML017W,69.2891087101375
YML018C,47.5920810530793
YML019W,77.1865373968302
YML020W,11.1392608907292
YML021C,41.9187775543964
YML022W,435.282431361965
YML023C,9.74815361271234
YML024W,2776.57663837027
YML025C,45.5599113772912
YML026C,2432.50123038391
YML027W,22.5067824099885
YML028W,3208.53979065706
YML029W,23.2022262426961
YML030W,44.1106090605087
YML031W,60.0400481968346
YML032C,22.2965108682476
YML034W,26.2987036385439
YML035C,67.0255961598186
YML036W,55.6403635366956
YML037C,7.35863898813159
YML038C,69.5746549401579
YML041C,22.4683252143415
YML042W,1.69875808356004
YML043C,7.0007926113432
YML046W,26.9703999297862
YML047C,0.22600372333594
YML048W,307.03997021586
YML049C,25.6431381650251
YML050W,9.02704393625534
YML051W,11.4372895325403
YML052W,165.376333306527
YML053C,57.5709892791673
YML054C,0.548458843685242
YML054C-A,0.606699315557158
YML055W,114.493718437593
YML056C,378.638723766623
YML057W,43.8973998867468
YML058W,563.100763085048
YML058W-A,160.899524781737
YML059C,33.9045569936286
YML060W,28.963969531666802
YML061C,14.4152865924807
YML062C,23.3445624079065
YML063W,2815.8083968658502
YML064C,32.6381045808647
YML065W,19.337888785839
YML066C,0.648124765798312
YML067C,122.381016186411
YML068W,5.63363650160218
YML069W,135.675890549146
YML070W,135.383504537913
YML071C,29.6585495446926
YML072C,153.257297541607
YML073C,2441.00326315727
YML074C,292.237082630026
YML075C,52.6067994316486
YML076C,8.28285609643024
YML077W,79.209373259193
YML078W,468.884919353483
YML079W,154.07189509777
YML080W,32.3109932681032
YML081C-A,409.075699738095
YML081W,16.0374096224901
YML082W,16.4595671097925
YML083C,1.5334976565003
YML085C,315.819487707967
YML086C,185.320554322805
YML087C,4.68992107827247
YML088W,21.0531160738325
YML091C,19.0409991426858
YML092C,251.678593820865
YML093W,39.1728543149294
YML094W,114.54573125855
YML095C,17.2766552153659
YML096W,17.0741988301907
YML097C,30.5546402271117
YML098W,34.4772576564895
YML099C,7.38729716794021
YML100W,36.2905613916376
YML100W-A,1.13104125796176
YML101C,46.750645513008
YML102W,18.9962813205331
YML103C,62.6270963666996
YML104C,8.77883830374546
YML105C,98.2294364790116
YML106W,419.919264183625
YML107C,11.405024395873
YML108W,77.0425021262309
YML109W,14.6881988677378
YML110C,201.17799405197
YML111W,33.0908056582037
YML112W,26.5149592131665
YML113W,18.5738626732537
YML114C,16.8485775746943
YML115C,76.1207851823642
YML116W,15.9580743597982
YML117W,30.0140408212509
YML118W,2.31592441606292
YML119W,20.1796527028227
YML120C,32.7984169949597
YML121W,49.7369622570021
YML123C,3.79563956116102
YML124C,163.872770507343
YML125C,247.171516287333
YML126C,681.769094032612
YML127W,53.4633046607151
YML128C,12.8991376191209
YML129C,197.083939199837
YML130C,130.082752615665
YML131W,63.1995232871306
YML132W,82.6531982466285
YML133C,0.239654954946835
YMR001C,41.5638071517033
YMR001C-A,10.340076824136
YMR002W,339.714137217611
YMR003W,30.8568779219863
YMR004W,47.0550316909954
YMR005W,34.4879075507409
YMR006C,103.016312473031
YMR008C,75.5878417585194
YMR009W,44.9246890119377
YMR010W,63.823808788209
YMR011W,358.729374381905
YMR012W,293.788476758711
YMR013C,28.309111062687
YMR014W,37.0973790574222
YMR015C,162.909704315719
YMR016C,28.0100839100098
YMR017W,0.402836612424737
YMR018W,0.549535435322501
YMR019W,10.0087586085978
YMR020W,17.4686232408198
YMR021C,15.2742731604605
YMR022W,115.807210637452
YMR023C,5.22029730486774
YMR024W,59.7240773768718
YMR025W,13.2331827181526
YMR026C,16.3366075523482
YMR027W,153.57138757162
YMR028W,33.5312353427444
YMR029C,49.7913144274735
YMR030W,6.68399296884618
YMR030W-A,15.8998299917317
YMR031C,52.5798231951068
YMR032W,18.71359172264
YMR033W,74.4195527085632
YMR034C,7.76503325177594
YMR035W,25.5983253383273
YMR036C,9.70931533156251
YMR037C,38.7311006166508
YMR038C,209.345519161072
YMR039C,62.8949325013228
YMR040W,6.36690866628097
YMR041C,24.1667602246199
YMR042W,9.68003899348512
YMR043W,50.9279976120778
YMR044W,32.621913706331
YMR047C,43.6637326236805
YMR048W,18.4785701625441
YMR049C,82.6962349141264
YMR052W,17.7464132121583
YMR053C,4.47044057209386
YMR054W,62.2602867468638
YMR055C,9.94159560265252
YMR056C,1.79091179740721
YMR058W,624.261990330284
YMR059W,38.8762856351257
YMR060C,46.0644252393932
YMR061W,43.7820581520811
YMR062C,63.9919748582349
YMR063W,8.47322433930675
YMR064W,14.1031113964241
YMR065W,0.960154102469459
YMR066W,8.83605373430258
YMR067C,49.491333072769
YMR068W,4.70557451072194
YMR069W,2.07149269068687
YMR070W,22.3648526640123
YMR071C,198.471055588344
YMR072W,446.297739918552
YMR073C,72.1554092569679
YMR074C,191.979678265066
YMR075W,16.113033297
YMR076C,34.5860817756063
YMR077C,22.7873880373362
YMR078C,20.5642507997297
YMR079W,419.631591045137
YMR080C,49.3087036708004
YMR081C,1.05716215323588
YMR083W,620.220190686673
YMR084W,0.448493034706129
YMR085W,0.464264706555626
YMR086W,27.0008113822602
YMR087W,19.9524706171702
YMR088C,46.2195840328717
YMR089C,54.8922318559584
YMR090W,7.52273952969915
YMR091C,82.2746956695638
YMR092C,134.938892202517
YMR093W,72.911588859299
YMR094W,6.31637764512001
YMR095C,3.80825664557485
YMR096W,7.96897294398138
YMR097C,21.0652749321688
YMR098C,15.5728069279544
YMR099C,332.17335554829
YMR100W,27.9405681649418
YMR101C,1.27412479059548
YMR102C,44.8596136553188
YMR104C,9.12876932663418
YMR105C,37.7003023748039
YMR105W-A,0.516446524813118
YMR106C,9.16219327758286
YMR107W,0.632810425340631
YMR108W,332.490768058178
YMR109W,72.3852675163882
YMR110C,54.7452141813138
YMR111C,7.48487818552271
YMR112C,53.8853076070247
YMR113W,29.3905022302738
YMR114C,8.01431920827844
YMR115W,30.8225129419373
YMR116C,2730.32404969815
YMR117C,15.5998331994349
YMR118C,0.587680528235617
YMR119W,34.984012354094
YMR120C,238.94051806444
YMR121C,715.897860643664
YMR122W-A,503.23096605896
YMR123W,208.199954063242
YMR124W,16.9302615532692
YMR125W,130.153939153472
YMR126C,10.3375699362685
YMR127C,8.2223723029457
YMR128W,36.9325648266511
YMR129W,58.8738864506609
YMR130W,59.613919357926
YMR131C,159.008110445746
YMR132C,24.2913764534503
YMR133W,0.655817401074529
YMR134W,56.495585148019
YMR135C,16.2518239271226
YMR136W,10.1862360229325
YMR137C,8.29921690390781
YMR138W,11.8359927468406
YMR139W,41.1572263274344
YMR140W,25.045443597529
YMR142C,2200.189910455
YMR143W,2318.00176241841
YMR144W,29.7350326256713
YMR145C,93.3377088058779
YMR146C,358.100517368401
YMR147W,13.5583374163733
YMR148W,46.0452848964959
YMR149W,240.462734671081
YMR150C,37.8971791820929
YMR152W,104.568468582161
YMR153W,44.7386245115397
YMR154C,6.21819208853876
YMR155W,20.8423279948826
YMR156C,13.5776765672726
YMR157C,45.2381808667589
YMR158C-A,1.35113577302459
YMR158W,92.7036554171338
YMR159C,5.49912259621008
YMR160W,15.9101916587343
YMR161W,73.2223891399164
YMR162C,17.3348188655486
YMR163C,15.3555176421571
YMR164C,12.6378286859389
YMR165C,14.5557200737731
YMR166C,12.3463836451857
YMR167W,10.2338359728135
YMR168C,11.2041888542167
YMR169C,14.9051473430439
YMR170C,28.136454610131
YMR171C,28.8189312528657
YMR172W,10.0799503864295
YMR173W,672.747138508537
YMR174C,7.87275962234801
YMR175W,0.43547058886681
YMR175W-A,0.516446524813118
YMR176W,7.55774813967701
YMR177W,18.6679075475486
YMR178W,108.497597094741
YMR179W,13.9822785461452
YMR180C,8.66198428745963
YMR181C,23.1896593856515
YMR182C,3.84272509385105
YMR182W-A,0.932687007498318
YMR183C,188.739939374055
YMR184W,58.0264559665025
YMR185W,16.2854069535122
YMR186W,2780.15687836949
YMR187C,10.7019410167901
YMR188C,72.2617949567685
YMR189W,92.4662111672381
YMR190C,8.16881733873157
YMR191W,51.2108197290736
YMR192W,27.4277505055727
YMR193W,55.3613125445907
YMR194C-B,7.43375815641782
YMR194W,1503.68865276887
YMR195W,80.9035648778007
YMR196W,12.6714845581184
YMR197C,74.7027742125543
YMR198W,13.3712290201615
YMR199W,51.1618606470967
YMR200W,153.092932912939
YMR201C,9.99410618008945
YMR202W,621.932891388285
YMR203W,481.756329838388
YMR204C,11.5439596485326
YMR205C,787.327402797758
YMR206W,0.505480521758441
YMR207C,5.33487087822219
YMR208W,99.6940282126556
YMR209C,37.1158232934658
YMR210W,25.0496897074709
YMR211W,18.0479678427234
YMR212C,54.822221207854
YMR213W,11.3306097449384
YMR214W,80.639123591565
YMR215W,228.770527241169
YMR216C,33.6062373070835
YMR217W,517.225167265913
YMR218C,18.4714270757951
YMR219W,22.6625863362559
YMR220W,76.3420602759029
YMR221C,68.5710054846939
YMR222C,40.5011874104485
YMR223W,21.783947400012
YMR224C,12.5215204929525
YMR225C,165.671241006329
YMR226C,305.621037354801
YMR227C,15.6568425566421
YMR228W,31.4488498893655
YMR229C,124.025466230249
YMR230W,2269.15849595792
YMR230W-A,1089.33890412212
YMR231W,25.936250689228
YMR232W,0.600576929383828
YMR233W,26.4380894048562
YMR234W,16.10803319897
YMR235C,277.198100971251
YMR236W,71.0059452311195
YMR237W,102.987618378822
YMR238W,97.1579531729533
YMR239C,24.5176192306017
YMR240C,14.6331586021791
YMR241W,222.242766214135
YMR242C,2666.31486304356
YMR242W-A,1.82452640882883
YMR243C,201.003539663929
YMR244C-A,41.0846050319563
YMR244W,0.112089739017735
YMR246W,287.712068290541
YMR247C,36.522888864571
YMR247W-A,0
YMR250W,15.440749672058
YMR251W,1.63301470825054
YMR251W-A,418.986012786932
YMR252C,15.4842550979367
YMR253C,25.6344548268307
YMR255W,40.710116939666
YMR256C,180.949389776478
YMR257C,6.2745090847295
YMR258C,31.0804710807661
YMR259C,29.1716796656156
YMR260C,521.036709642695
YMR261C,63.3071469491807
YMR262W,13.2688636961591
YMR263W,36.9389760917634
YMR264W,77.7569411107095
YMR265C,10.5530963988679
YMR266W,79.5679165613072
YMR267W,54.5831278102485
YMR268C,13.4746952183151
YMR269W,27.2650494754193
YMR270C,13.8624170249837
YMR271C,4.2742838236927
YMR272C,167.194621364124
YMR272W-B,0.806322961321126
YMR273C,10.8211714773365
YMR274C,23.3631065074252
YMR275C,25.6423156655196
YMR276W,231.464352220134
YMR277W,22.313892992393
YMR278W,41.4860738658855
YMR279C,1.04773702159691
YMR280C,1.78173457307336
YMR281W,51.0573421921792
YMR282C,14.5926437608927
YMR283C,13.3710572881131
YMR284W,15.6225073755968
YMR285C,28.4437375666039
YMR286W,76.692308934748
YMR287C,10.5241916442979
YMR288W,17.0829982777367
YMR289W,37.2167581848689
YMR290C,172.097141952261
YMR291W,61.0383805869557
YMR292W,176.426591914068
YMR293C,11.7006296571738
YMR294W,7.3769239275701
YMR295C,206.675292581999
YMR296C,112.293568096517
YMR297W,311.538992768281
YMR298W,318.949110580185
YMR299C,21.4215314115689
YMR300C,131.782771077186
YMR301C,27.9436547020109
YMR302C,32.1102613135344
YMR303C,1256.54083088987
YMR304W,39.6327138983055
YMR305C,340.639980048346
YMR306W,0.739937444616612
YMR307W,1398.37271577838
YMR308C,100.978763380403
YMR309C,304.909114185019
YMR310C,35.7085882870784
YMR311C,93.6078596616494
YMR312W,73.4923016702415
YMR313C,26.817583511146
YMR314W,330.898001966099
YMR315W,194.248861078524
YMR315W-A,0
YMR316C-A,0.696267738188159
YMR316W,14.7660750241936
YMR317W,33.0638888087559
YMR318C,385.447350116495
YMR319C,108.130461366382
YMR321C,115.392547629066
YMR322C,0.492694056523422
YMR323W,1.01012538504961
YMR325W,15.1042251403875
YNL001W,70.5599339745499
YNL002C,163.851809640118
YNL003C,28.8202353359125
YNL004W,39.6537297692203
YNL005C,59.31985603666
YNL006W,48.6105964637966
YNL007C,462.629621668668
YNL008C,32.7185525017312
YNL009W,3.14835263141799
YNL010W,533.22669417561
YNL011C,18.6294443957913
YNL012W,2.31563670827169
YNL014W,9.70146906793819
YNL015W,168.609461420987
YNL016W,415.121842542473
YNL018C,0.994008952848154
YNL019C,2.63261765087663
YNL020C,15.6543251095593
YNL021W,29.2849953756575
YNL022C,37.4940177014324
YNL023C,12.9436054317339
YNL024C,8.72322746860736
YNL024C-A,134.846905768309
YNL025C,15.3312143038242
YNL026W,41.1052923757381
YNL027W,28.1864816373532
YNL029C,9.97674975966332
YNL030W,1952.3347378796
YNL031C,1652.8476362269
YNL032W,29.1106968342588
YNL033W,2.35550000341593
YNL034W,0.927741689324944
YNL035C,52.4772474539358
YNL036W,297.988920488242
YNL037C,441.522473935452
YNL038W,27.4718718572232
YNL039W,21.6259163234244
YNL040W,26.529617602565
YNL041C,39.4853244459962
YNL042W,7.26863024906605
YNL042W-B,167.596210271976
YNL044W,263.366283508331
YNL045W,85.1172966077112
YNL046W,18.7690901332259
YNL047C,14.6161020441659
YNL048W,53.4891043556444
YNL049C,41.9089219515637
YNL050C,30.9543634511825
YNL051W,45.366073840494
YNL052W,110.738716328396
YNL053W,13.8409030407397
YNL054W,15.6181004623738
YNL055C,914.620476298567
YNL056W,41.3350585163997
YNL058C,59.8601885814451
YNL059C,48.9662693379398
YNL061W,105.09090045517
YNL062C,57.1000539118849
YNL063W,9.95304905380765
YNL064C,688.711570255755
YNL065W,17.2815347075186
YNL066W,286.404684833842
YNL067W,1825.95264375836
YNL067W-B,694.038200005238
YNL068C,15.456562684202
YNL069C,2691.14670530933
YNL070W,557.519741473473
YNL071W,370.930121645187
YNL072W,21.6237383242041
YNL073W,16.0969817278365
YNL074C,47.2897520558607
YNL075W,70.369207135297
YNL076W,17.3390758885647
YNL077W,16.8271805269586
YNL078W,24.583017113449
YNL079C,419.948451740927
YNL080C,21.6646617961238
YNL081C,102.280131795139
YNL082W,15.9210266248121
YNL083W,10.6053574873503
YNL084C,148.449422865288
YNL085W,218.715103258356
YNL086W,17.5533790737043
YNL087W,83.8663621390856
YNL088W,56.3477238798638
YNL090W,62.6896781589444
YNL091W,23.9351731038322
YNL092W,4.69925021857952
YNL093W,1.58425426907461
YNL094W,14.4924419607966
YNL095C,14.8002701453023
YNL096C,1355.22731724048
YNL097C,21.6311640585187
YNL097C-B,32.3477799777064
YNL098C,175.045889728144
YNL099C,60.5269919263961
YNL100W,49.1942785444326
YNL101W,21.4104715060715
YNL102W,31.5115864980606
YNL103W,25.6493441519963
YNL104C,220.46823203569
YNL106C,11.0776990337658
YNL107W,24.5496544473664
YNL108C,74.8427097528592
YNL110C,166.522726504953
YNL111C,194.481164987918
YNL112W,174.587072946243
YNL113W,180.38088347958
YNL115C,42.9421897993196
YNL116W,26.2953094440739
YNL117W,0.511016596398027
YNL118C,61.730015630061
YNL119W,29.6715247996947
YNL121C,301.174987007297
YNL122C,88.9098647603586
YNL123W,70.8946405074766
YNL124W,15.6429824835596
YNL125C,8.69846713228011
YNL126W,20.7173281735117
YNL127W,15.6386185898034
YNL128W,3.42031226566321
YNL129W,54.0498177254415
YNL130C,181.521078375527
YNL130C-A,0.644227108272034
YNL131W,523.63186776704
YNL132W,94.4923814663196
YNL133C,16.6932943486166
YNL134C,115.11321224124
YNL135C,1130.24058462226
YNL136W,15.0919316534067
YNL137C,57.8488602024752
YNL138W,324.656430915965
YNL138W-A,29.0937186535705
YNL139C,33.2522858909625
YNL140C,40.5121747179172
YNL141W,122.803504356662
YNL142W,7.67492282188338
YNL143C,6.81709412753316
YNL144C,2.14723449391463
YNL145W,682.817883343159
YNL146C-A,2.58223262406559
YNL146W,13.9263494319606
YNL147W,229.077373973308
YNL148C,41.5574087823758
YNL149C,232.800384507749
YNL151C,68.9491483675157
YNL152W,22.0207621582414
YNL153C,110.680281086608
YNL154C,117.427946434581
YNL155W,105.057778956995
YNL156C,52.525938208976
YNL157W,80.3120956781584
YNL158W,51.8162666991845
YNL159C,39.933650259977
YNL160W,118.798491338172
YNL161W,36.6097756963943
YNL162W,2780.80631285623
YNL162W-A,40.8769365917872
YNL163C,32.3543052157331
YNL164C,19.6024933887815
YNL165W,14.0947542883934
YNL166C,51.4623772372601
YNL167C,22.0331495282149
YNL168C,101.253493994195
YNL169C,38.4616052550177
YNL172W,8.0266754933176
YNL173C,31.4627500456271
YNL175C,110.784547934336
YNL176C,21.1278853578041
YNL177C,74.4507618636426
YNL178W,3345.73241073431
YNL180C,60.7525310790227
YNL181W,58.2125845246472
YNL182C,44.5992980238613
YNL183C,30.31541100653
YNL184C,77.5277371366516
YNL185C,74.6541192146841
YNL186W,34.3617886876276
YNL187W,3.12171423027091
YNL188W,11.8587454059386
YNL189W,252.197231237558
YNL190W,456.120577878452
YNL191W,25.8656321936732
YNL192W,45.1931958933908
YNL193W,26.3154068554137
YNL194C,0.393431455419018
YNL195C,2.40057736383721
YNL196C,0.132394130301668
YNL197C,52.3772800157737
YNL199C,27.3110177365155
YNL200C,35.8445346891866
YNL201C,25.1484265070583
YNL202W,2.56438565992518
YNL204C,1.18402161162418
YNL206C,39.3930079972646
YNL207W,65.5555781194855
YNL208W,412.221709298592
YNL209W,2623.65497079637
YNL210W,0.290651300011104
YNL211C,10.9560441335354
YNL212W,50.5449403904952
YNL213C,14.448561734656
YNL214W,33.6113296241589
YNL215W,31.0594008021767
YNL216W,58.4162030038121
YNL217W,64.5568203614157
YNL218W,12.0080233389458
YNL219C,111.789743739548
YNL220W,301.84212916053
YNL221C,17.7541766062857
YNL222W,49.5804126291396
YNL223W,13.0527476767389
YNL224C,9.67518959543555
YNL225C,21.8174893856634
YNL227C,17.442271970996
YNL229C,77.7753604598058
YNL230C,7.79151168184778
YNL231C,210.981749652666
YNL232W,45.2141682144703
YNL233W,18.9349832608114
YNL234W,7.15247325629734
YNL236W,27.4602888728526
YNL237W,15.677246364299
YNL238W,30.0413544718539
YNL239W,167.997274781206
YNL240C,16.0841047701483
YNL241C,187.030861462736
YNL242W,10.2812025331321
YNL243W,81.2751162316087
YNL244C,605.852532020471
YNL245C,26.1883258221248
YNL246W,44.8265769827101
YNL247W,197.331339440971
YNL248C,135.692635490898
YNL249C,9.09759379390364
YNL250W,13.5452547641903
YNL251C,70.6225347503036
YNL252C,53.8827801980271
YNL253W,30.1053789547975
YNL254C,6.88238154136428
YNL255C,667.869863443982
YNL256W,32.2609113450072
YNL257C,15.0832236048042
YNL258C,39.2995254742522
YNL259C,201.640689992833
YNL260C,65.2069873068389
YNL261W,23.6176170681518
YNL262W,22.5358623369241
YNL263C,126.491914557252
YNL264C,63.0581206796817
YNL265C,51.6337108176505
YNL267W,24.9344452694255
YNL268W,144.825538368783
YNL269W,0.28212202935615
YNL270C,2.33145389890196
YNL271C,21.827622422225
YNL272C,34.69579635457
YNL273W,13.8460904901676
YNL274C,22.6100288563183
YNL275W,15.2534717682993
YNL277W,7.45902208914437
YNL277W-A,2.11830608482669
YNL278W,14.2005206361462
YNL279W,1.29098929616344
YNL280C,128.370280546693
YNL281W,385.007333044178
YNL282W,51.3697565358207
YNL283C,28.2187176200646
YNL284C,59.1687090367092
YNL286W,15.7433444492202
YNL287W,236.827362247226
YNL288W,47.896549558716
YNL289W,80.5959343300238
YNL290W,56.065820861955
YNL291C,31.1343476387337
YNL292W,43.6784956013509
YNL293W,12.6967940907878
YNL294C,10.8381737038707
YNL295W,12.40554223167
YNL297C,34.4337960065595
YNL298W,19.1642559421141
YNL299W,12.6498035429934
YNL300W,214.853359862141
YNL301C,1119.27042973848
YNL302C,2335.20832240041
YNL304W,14.1214978275956
YNL305C,50.0717133313497
YNL306W,100.197993096553
YNL307C,168.058292108548
YNL308C,67.1862083514422
YNL309W,18.6039019129245
YNL310C,51.5651991698021
YNL311C,15.7627693058608
YNL312W,133.465471526388
YNL313C,50.6798211749991
YNL314W,7.51413851685148
YNL315C,59.1290119793505
YNL316C,25.8989095656282
YNL317W,20.2389853336452
YNL318C,0
YNL320W,57.224794200634
YNL321W,28.8796747736339
YNL322C,196.884663224913
YNL323W,94.7991159633739
YNL325C,14.9306285599303
YNL326C,19.6093476321291
YNL327W,224.199967177806
YNL328C,7.17098699207723
YNL329C,10.8661006714342
YNL330C,54.8466975024659
YNL331C,2.01580740330282
YNL332W,1.8688606953985
YNL333W,9.39998325141843
YNL334C,5.23659465103804
YNL335W,1.37909030625958
YNL336W,67.1519009405369
YNL339C,1.19938211947002
YNR001C,138.764006332806
YNR002C,1.1158933839712
YNR003C,54.3120136534235
YNR004W,8.70762706180806
YNR006W,27.7878419290365
YNR007C,21.9352756620625
YNR008W,45.6149551311081
YNR009W,34.0284476838596
YNR010W,37.4688708082725
YNR011C,15.8675205607257
YNR012W,25.8329677659579
YNR013C,53.1576971316062
YNR014W,5.28341357308814
YNR015W,26.4100956632386
YNR016C,267.330290679053
YNR017W,155.003201670726
YNR018W,131.038649122735
YNR019W,91.4580796158421
YNR020C,21.5081962008217
YNR021W,362.858111088347
YNR022C,87.245180375924
YNR023W,21.3781679876588
YNR024W,20.7614900649379
YNR026C,48.0101115247323
YNR027W,20.4762534233597
YNR028W,58.7688573143601
YNR029C,26.2673123263588
YNR030W,90.5610057615337
YNR031C,20.5993872059259
YNR032C-A,75.7314112185065
YNR032W,20.7939092971549
YNR033W,34.0571956723919
YNR034W,33.9284464228164
YNR034W-A,4.72308362518044
YNR035C,210.003667918803
YNR036C,130.873028388104
YNR037C,137.74891952229
YNR038W,48.9080458056888
YNR039C,24.8619849280275
YNR040W,34.0715808778298
YNR041C,36.7651460022622
YNR043W,254.603965113119
YNR044W,20.3338343189791
YNR045W,15.7357885760791
YNR046W,125.529421901499
YNR047W,21.1582217882762
YNR048W,16.2707969412237
YNR049C,24.9960118009549
YNR050C,199.715973251146
YNR051C,78.5141185722785
YNR052C,64.0186959023716
YNR053C,76.827927518187
YNR054C,39.0719222539977
YNR055C,27.6504555320298
YNR056C,0.793295238922401
YNR057C,4.27001515653632
YNR058W,0.754913108082531
YNR059W,5.09695212701036
YNR060W,8.15456660475194
YNR061C,144.248554664634
YNR062C,0.969777373460909
YNR063W,5.54427840587723
YNR064C,1.90187046311614
YNR065C,3.08956002248413
YNR066C,4.14145998174879
YNR067C,152.982059875589
YNR068C,1.44318774832303
YNR069C,1.40056756959866
YNR070W,0.555604115111371
YNR071C,0.464609884776114
YNR072W,0.215235463268843
YNR073C,3.61446186067793
YNR074C,32.5117045384042
YNR075C-A,4.46357353588481
YNR075W,14.28952893058
YNR076W,6.40141765634211
YNR077C,2.48304752989618
YOL001W,8.74456817579155
YOL002C,83.7778417504533
YOL003C,33.0394919497419
YOL004W,56.5066561322575
YOL005C,147.537435508075
YOL006C,38.8673666739498
YOL007C,71.0511053056035
YOL008W,43.7709595620298
YOL009C,13.7579439228894
YOL010W,52.663187330422
YOL011W,18.2015550827637
YOL012C,164.243705860257
YOL013C,33.0246779519369
YOL013W-A,214.923867158838
YOL014W,8.29251576334997
YOL015W,0.414756832980447
YOL016C,51.8429144829295
YOL017W,14.938309972286
YOL018C,30.9177100035986
YOL019W,56.5822815576519
YOL019W-A,3.74940177014324
YOL020W,53.0446581208654
YOL021C,53.5453380865526
YOL022C,72.5943827814232
YOL023W,8.78108210524403
YOL024W,4.19544367683872
YOL025W,27.8896387828389
YOL026C,65.86352723902
YOL027C,73.4761228744859
YOL028C,14.3289239623308
YOL029C,1.72254292655891
YOL030W,240.3078631197
YOL031C,36.170923398183
YOL032W,36.0031388249795
YOL033W,13.0407419830072
YOL034W,8.55976372877399
YOL036W,19.4996748725838
YOL038C-A,11.3618235458886
YOL038W,225.795254384242
YOL039W,2374.96074081627
YOL040C,2815.46464854663
YOL041C,111.317207424715
YOL042W,26.0055083267178
YOL043C,4.7261366850545
YOL044W,18.2414598213808
YOL045W,23.7436020238716
YOL047C,0.782522730799125
YOL048C,20.0943775165669
YOL049W,131.709123245347
YOL051W,36.7387479856125
YOL052C,52.7985225036326
YOL052C-A,11.2642971635205
YOL053W,13.358192541401
YOL054W,15.770354448552
YOL055C,12.9897066610952
YOL056W,61.1216346957657
YOL057W,94.1787435010784
YOL058W,70.9810411446964
YOL059W,135.744764816865
YOL060C,47.0981126415594
YOL061W,123.679876336324
YOL062C,32.4143948173907
YOL063C,13.6061823907971
YOL064C,101.344222689866
YOL065C,29.2174680368899
YOL066C,14.9455034904229
YOL067C,24.0925414948963
YOL068C,20.1218696665801
YOL069W,20.2212925118203
YOL070C,51.3440293915301
YOL071W,53.8626746830279
YOL072W,14.7502967164646
YOL073C,32.5981453112847
YOL075C,9.05882930222807
YOL076W,66.8474146604701
YOL077C,194.57892176583
YOL077W-A,169.756379356879
YOL078W,8.80239655371805
YOL080C,34.7545420351336
YOL081W,17.0776025494841
YOL082W,44.5874805098115
YOL083W,7.77480926934834
YOL084W,0.620145843556606
YOL086C,6825.12218018487
YOL086W-A,16.7941954287666
YOL087C,17.5075067940767
YOL088C,98.0263572897835
YOL089C,15.4035932595057
YOL090W,58.2843782986236
YOL091W,12.6511514176383
YOL092W,178.487948742958
YOL093W,37.39984542877
YOL094C,53.2299760628775
YOL095C,9.1083253333738
YOL096C,30.2943550731654
YOL097C,261.938147438684
YOL097W-A,4.29116082419827
YOL098C,78.9972027496171
YOL100W,12.6384329330671
YOL101C,17.2386288282448
YOL102C,41.3785330488781
YOL103W,38.6193043275276
YOL104C,1.46902420168361
YOL105C,6.98375184194317
YOL107W,46.1125310640293
YOL108C,14.9081581317823
YOL109W,1555.98567033451
YOL110W,6.56925408697895
YOL111C,111.862618409521
YOL112W,7.61674016215206
YOL113W,4.89996261110531
YOL114C,5.33451471361843
YOL115W,25.176338190196
YOL116W,19.1232030082556
YOL117W,8.37397876455165
YOL119C,52.6316539530731
YOL120C,3023.57185510071
YOL121C,1953.78577718045
YOL122C,46.9643376654561
YOL123W,177.862057336698
YOL124C,49.2879105934322
YOL125W,16.9120512861671
YOL126C,82.2265079142336
YOL127W,3568.49576036532
YOL128C,11.4875288276729
YOL129W,187.885304650035
YOL130W,20.647638221573
YOL131W,0.334171280761429
YOL132W,0.683417957647435
YOL133W,91.6923919574981
YOL135C,24.088335394775
YOL136C,34.9460761278459
YOL137W,31.4680486008128
YOL138C,8.43837864628358
YOL139C,919.664585129473
YOL140W,12.9812494948098
YOL141W,15.0444380160314
YOL142W,74.501100108041
YOL143C,382.793502086437
YOL144W,26.4604918532079
YOL145C,63.9184818683364
YOL146W,52.9978731222778
YOL147C,72.0531474737289
YOL148C,24.2979491727865
YOL149W,120.270177911728
YOL151W,217.321273604027
YOL152W,20.6118945479079
YOL154W,3.29307558230899
YOL155C,33.7543568372773
YOL155W-A,5.49362896724284
YOL156W,1.57028058144206
YOL157C,3.50797083612741
YOL158C,199.646946504415
YOL159C,40.8460583603526
YOL159C-A,26.5582625385146
YOL161C,4.57244118310151
YOL162W,0.179827423028453
YOL163W,0.448761432692189
YOL164W,2.01175145279315
YOL164W-A,0.543391560890324
YOL165C,3.13102444270834
YOL166W-A,1.23133063058891
YOR001W,48.9583957239691
YOR002W,76.2363499042204
YOR003W,3.70560821847041
YOR004W,72.0328418894514
YOR005C,4.4233053499261
YOR006C,38.7956300449604
YOR007C,635.23871902243
YOR008C,66.2900988640189
YOR008C-A,0
YOR009W,91.9773829340234
YOR010C,24.5913441130192
YOR011W,23.5961878886614
YOR011W-A,1.47614242919025
YOR012W,9.75983107195637
YOR014W,71.886419117352
YOR016C,125.911356016733
YOR017W,11.324723713902
YOR018W,16.3972275773543
YOR019W,1.394866729964
YOR020C,957.048386618084
YOR020W-A,97.6406710974802
YOR021C,226.923155028988
YOR022C,12.4695366387452
YOR023C,22.8081457794755
YOR025W,35.4903833981926
YOR026W,17.5880604936822
YOR027W,660.530273320226
YOR028C,13.3668512304572
YOR030W,8.97864084093032
YOR032C,0.55464523226971
YOR032W-A,0
YOR033C,11.1879180834515
YOR034C,20.3493870560669
YOR034C-A,21.548286035306
YOR035C,25.1304545619861
YOR036W,23.3824836868889
YOR037W,21.9912647377739
YOR038C,22.8468220012466
YOR039W,113.452772009189
YOR040W,14.3623493220956
YOR042W,67.7990031701661
YOR043W,55.8597876453701
YOR044W,21.3497605593569
YOR045W,438.234799171248
YOR046C,220.636588122734
YOR047C,25.6833116912851
YOR048C,56.2573212143395
YOR049C,34.2796025147988
YOR051C,133.240793853457
YOR052C,120.730736998612
YOR054C,12.2446679430353
YOR056C,49.2212986409834
YOR057W,45.0333006130564
YOR058C,22.177607512862
YOR059C,17.1401223777977
YOR060C,7.91591116717208
YOR061W,119.826242138598
YOR062C,8.04906703192342
YOR063W,3048.8529340372
YOR064C,15.2026663004393
YOR065W,25.8402987911612
YOR066W,19.7438812883123
YOR067C,74.1038418355093
YOR068C,0
YOR069W,29.5735946849852
YOR070C,19.3110443031345
YOR071C,13.5553209332727
YOR072W-B,238.598294463661
YOR073W,10.5752357619425
YOR074C,68.3362900587437
YOR075W,40.6644677276564
YOR076C,23.8940488188962
YOR077W,18.0936278451953
YOR078W,46.4160045725825
YOR079C,71.7782340896987
YOR080W,7.73474096245043
YOR081C,19.5876452946099
YOR083W,7.21809966444687
YOR084W,2.6833043221504
YOR085W,199.968094407639
YOR086C,75.6184780508379
YOR087W,46.6792991463616
YOR089C,117.076908214767
YOR090C,37.7204821345101
YOR091W,87.8892027840028
YOR092W,24.5461100533464
YOR093C,12.9134382151509
YOR094W,49.4495392055619
YOR095C,111.784348891406
YOR096W,2663.88948346467
YOR097C,30.6472840342143
YOR098C,36.9449899864633
YOR099W,313.924688484735
YOR100C,0.848555201778295
YOR101W,70.1014046413679
YOR103C,217.578920903767
YOR104W,26.3629811963196
YOR105W,40.1005536913715
YOR106W,16.2654804266503
YOR107W,0.511689084973489
YOR108W,89.7413205635788
YOR109W,54.3520517653514
YOR110W,28.1320428018127
YOR111W,39.0353267400972
YOR112W,33.6958667441077
YOR113W,14.7719983780715
YOR114W,9.7892106302023
YOR115C,46.3918954385405
YOR116C,53.0389415189563
YOR117W,190.150873796466
YOR118W,23.4828323315653
YOR119C,30.9537829226206
YOR120W,4.68992107827247
YOR122C,751.632410930584
YOR123C,53.9962390845871
YOR124C,48.2980362527504
YOR125C,55.5652331756875
YOR126C,43.5139996011388
YOR127W,13.9997200578452
YOR128C,125.405402370645
YOR129C,5.90781517464856
YOR130C,23.7543092708859
YOR131C,60.5372160804377
YOR132W,43.9595157626894
YOR133W,2811.85725919282
YOR134W,0.587220324219771
YOR136W,780.990342786967
YOR137C,4.566077312283
YOR138C,27.867584654482
YOR140W,16.5540027046358
YOR141C,29.0985878187871
YOR142W,253.214179333685
YOR143C,41.5772788148952
YOR144C,11.3477560796741
YOR145C,134.296233127837
YOR147W,18.264309249132
YOR148C,12.3947165955148
YOR149C,21.1949912329749
YOR150W,97.3870589647594
YOR151C,155.973233228688
YOR152C,15.2787358196546
YOR153W,1479.30793820052
YOR154W,10.2137210009424
YOR155C,46.0640788903312
YOR156C,11.892177966343
YOR157C,273.965891647921
YOR158W,66.9713861997697
YOR159C,84.7003411929948
YOR160W,29.1170670169586
YOR161C,17.6186645867559
YOR161C-C,3.22113554136017
YOR162C,7.60967294746813
YOR163W,92.8190666224385
YOR164C,220.806554550018
YOR165W,88.1377455639222
YOR166C,15.8858080617024
YOR167C,1905.57245343136
YOR168W,301.5768319223
YOR171C,45.3881795969473
YOR172W,7.16247846455934
YOR173W,7.66333995701053
YOR174W,20.9223823832827
YOR175C,127.92924760216
YOR176W,102.404328248827
YOR177C,1.64675528508372
YOR178C,0.514532972436289
YOR179C,24.4260701637996
YOR180C,1.59302508580825
YOR181W,27.2532196393172
YOR182C,2529.93106889163
YOR183W,113.540236670241
YOR184W,362.593968756362
YOR185C,88.8942673202974
YOR186W,0.259294728225673
YOR187W,261.53064514739
YOR188W,19.4999225260267
YOR189W,43.020774079533
YOR190W,0.541429858504439
YOR191W,12.7094048182968
YOR192C,2.43599465304379
YOR192C-C,580.453161363724
YOR193W,9.33637113108673
YOR194C,64.9676077645965
YOR195W,33.5203182527728
YOR196C,22.9259086564486
YOR197W,175.306353195404
YOR198C,464.737493381453
YOR201C,26.5315366316512
YOR202W,68.4749900744469
YOR204W,408.769365917872
YOR205C,11.2758493281374
YOR206W,104.742462294368
YOR207C,56.6824059426859
YOR208W,8.63992581815616
YOR209C,192.564638406758
YOR210W,337.446159312891
YOR211C,35.8743355405461
YOR212W,59.1262750712504
YOR213C,20.6201356796291
YOR214C,0.164881344333476
YOR215C,80.9788150906969
YOR216C,40.023574155324
YOR217W,45.8054526925968
YOR219C,24.4421079165159
YOR220W,68.0364818250844
YOR221C,69.1261388300744
YOR222W,32.5643202144263
YOR223W,18.3556026184118
YOR224C,280.692919404166
YOR226C,147.41856380679
YOR227W,12.2406551981973
YOR228C,7.84393675762184
YOR229W,24.3758488617169
YOR230W,369.338572606321
YOR231W,12.9426617647892
YOR232W,358.423738698979
YOR233W,22.0373002000256
YOR234C,1563.4297947201
YOR236W,48.3085440369846
YOR237W,24.5892719639571
YOR238W,31.5382422097554
YOR239W,112.249411836243
YOR241W,57.3993423292294
YOR242C,0.429854029251159
YOR243C,78.0072841815172
YOR244W,26.349586447216
YOR245C,36.5164129454134
YOR246C,33.0476117560702
YOR247W,628.024796498992
YOR249C,13.537032519282
YOR250C,31.8541233420111
YOR251C,73.2731323063336
YOR252W,89.2408982962175
YOR253W,191.794658022898
YOR254C,237.455982630945
YOR255W,0.42414047173566
YOR256C,27.2968154709661
YOR257W,50.6485792589706
YOR258W,22.2860304930055
YOR259C,185.403922946833
YOR260W,116.082935970242
YOR261C,321.377294583706
YOR262W,36.5432069867306
YOR264W,47.3804999809145
YOR265W,157.583552658194
YOR266W,16.5818880408154
YOR267C,40.0129540002394
YOR268C,0.280224347544338
YOR269W,8.97376402775797
YOR270C,356.801047828028
YOR271C,151.285270259902
YOR272W,100.508439059784
YOR273C,11.7149537300973
YOR274W,23.6094264386831
YOR275C,19.6107421655303
YOR276W,571.906874132543
YOR278W,25.7101835666965
YOR279C,14.0283739699237
YOR280C,56.7421258453281
YOR281C,72.6756290248028
YOR283W,106.908618040571
YOR284W,15.7227802085596
YOR285W,430.070567067822
YOR286W,202.432489937311
YOR287C,29.7320982474516
YOR288C,46.1828704091348
YOR289W,31.128283687366
YOR290C,27.399194947548
YOR291W,17.0147505317741
YOR292C,22.3863974675901
YOR293C-A,0.634416543171445
YOR293W,3033.76252817069
YOR294W,116.256109514305
YOR295W,12.4298968764967
YOR296W,8.90207721785349
YOR297C,58.09775905813
YOR298C-A,882.56296140151
YOR298W,0.336193837269064
YOR299W,24.5808682483167
YOR301W,31.0836013908554
YOR302W,163.973837414264
YOR303W,52.4078501516514
YOR304C-A,23.82713355127
YOR304W,21.6607668245812
YOR305W,20.7763242417731
YOR306C,24.3296581075631
YOR307C,29.9810219614009
YOR308C,15.6656396433373
YOR310C,404.152193332559
YOR311C,83.003060925997
YOR312C,2932.39431728517
YOR313C,1.29208707617718
YOR315W,71.9094824788501
YOR316C,93.5293345734341
YOR316C-A,17.9932380668353
YOR317W,117.074343644473
YOR319W,24.1253234363353
YOR320C,70.6551745260085
YOR321W,53.9649713416025
YOR322C,21.4622305798934
YOR323C,272.9642050337
YOR324C,8.55197602026205
YOR326W,85.5374838033516
YOR327C,230.97580524933
YOR328W,1.52864686256367
YOR329C,20.81438342015
YOR330C,12.7537363464998
YOR332W,809.784013818653
YOR334W,10.7003475175321
YOR335C,410.544961265684
YOR336W,34.644653268151004
YOR337W,10.6880239544264
YOR338W,1.97510189823173
YOR339C,0.482548490365925
YOR340C,120.60332542095
YOR341W,140.844247375075
YOR342C,44.9282833760957
YOR344C,85.7122181473698
YOR346W,15.7212852924475
YOR347C,23.9120010850972
YOR348C,0.453060804263813
YOR349W,7.11400077129377
YOR350C,10.1749336904329
YOR351C,0.486619308259992
YOR352W,26.756620602505
YOR353C,19.0332817881807
YOR354C,47.2643308748066
YOR355W,78.8085891867978
YOR356W,24.1855389530598
YOR357C,90.7038114792114
YOR358W,9.66340662408051
YOR359W,28.6396552753375
YOR360C,47.9806737579755
YOR361C,272.348593735501
YOR362C,249.549898997499
YOR363C,7.24045108125093
YOR365C,0.636767322395795
YOR367W,76.5262515136928
YOR368W,19.250719383816
YOR369C,2774.60949364671
YOR370C,61.5824282132187
YOR371C,18.3298007004449
YOR372C,27.0838796090954
YOR373W,16.3727238265955
YOR374W,93.7933734659354
YOR375C,379.277303707832
YOR376W-A,2.46266126117782
YOR377W,26.1496738840759
YOR378W,2.27236470917772
YOR380W,3.70201596578124
YOR381W,3.95035459062274
YOR381W-A,2.90651300011104
YOR382W,1787.53404627654
YOR383C,1646.45180450248
YOR384W,17.8207964059341
YOR385W,18.7470088507162
YOR386W,14.0378748223128
YOR387C,0.561287690141203
YOR388C,0.530475632448109
YOR389W,6.76270870785461
YOR390W,31.3779722607732
YOR391C,0.492694056523422
YOR393W,1.10195496550867
YOR394C-A,2.32521040008883
YOR394W,15.4495644895201
YOR396W,1.67773893110492
YPL001W,39.0296088700917
YPL002C,23.1938961303921
YPL003W,13.6642543619426
YPL004C,363.758363720327
YPL005W,4.68340692202046
YPL006W,33.4567405144804
YPL007C,22.5983789159681
YPL008W,10.1104263456198
YPL009C,57.1574416497816
YPL010W,356.709698391261
YPL011C,26.9343860253752
YPL012W,90.4381680318428
YPL013C,79.5877857584884
YPL014W,11.2094436827417
YPL015C,21.5175302300816
YPL016W,29.1474035404422
YPL017C,2.26208251592352
YPL018W,13.5025992874648
YPL019C,259.890040505819
YPL020C,21.1022263766556
YPL021W,0.818200058951061
YPL022W,10.7072468460807
YPL023C,43.9068985123157
YPL024W,7.76072811413866
YPL026C,29.8795513816042
YPL027W,0.477630798744362
YPL028W,494.093191467429
YPL029W,12.9899663273428
YPL030W,35.1171839122496
YPL031C,60.4825777774401
YPL032C,84.29348138025
YPL033C,0.559821092966516
YPL034W,12.3833452958859
YPL036W,110.368070093113
YPL037C,1469.05543444384
YPL038W,19.1449660093372
YPL038W-A,19.3483773354672
YPL039W,14.2762792851145
YPL040C,10.7149134356188
YPL041C,21.2335718726443
YPL042C,9.10933374670369
YPL043W,53.6731464799602
YPL045W,20.045901444301
YPL046C,24.131596407262
YPL047W,27.733327214316
YPL048W,350.619733099881
YPL049C,36.5340001784939
YPL050C,146.434125813691
YPL051W,27.1695780445162
YPL052W,12.9568959659378
YPL053C,94.7255202255208
YPL054W,1.96715727709509
YPL055C,24.6136636280914
YPL056C,3.18646042788377
YPL057C,48.1737518404691
YPL058C,11.3444696805556
YPL059W,161.974156470188
YPL060W,10.5685232207296
YPL061W,1904.85736382503
YPL063W,157.789438499939
YPL064C,17.3109840384368
YPL065W,36.7209451715059
YPL066W,15.2968195957424
YPL067C,25.2288938984793
YPL068C,24.4847908922163
YPL069C,22.7451860937599
YPL070W,24.5188875035878
YPL071C,16.1653744272585
YPL072W,10.0985826603729
YPL074W,13.0277656661551
YPL075W,15.0703605452743
YPL076W,18.9576493996006
YPL077C,8.92714707176961
YPL078C,242.448528785477
YPL079W,2169.46517517722
YPL081W,740.521472855123
YPL082C,24.0184647105265
YPL083C,18.7771556602625
YPL084W,51.5506440124264
YPL085W,47.4867714771721
YPL086C,70.2241237987316
YPL087W,79.2830544136182
YPL088W,8.71143533955213
YPL089C,12.5701791780548
YPL090C,2884.43423776982
YPL091W,193.764948050097
YPL092W,45.8143193823682
YPL093W,146.887663521433
YPL094C,163.2480357872
YPL095C,6.96292289236755
YPL096C-A,26.5705637254245
YPL096W,33.9059159196447
YPL097W,21.2941122812853
YPL098C,131.72705447804
YPL099C,35.0195802916063
YPL100W,25.3535620347787
YPL101W,43.8047174367934
YPL103C,20.0277536094309
YPL104W,15.3755112115558
YPL105C,31.8586057224339
YPL106C,1394.03544442761
YPL107W,14.3239110446278
YPL108W,14.8893211088721
YPL109C,7.35904355347263
YPL110C,19.0881079630847
YPL111W,114.495554531543
YPL112C,65.8377096543009
YPL113C,10.7010389777917
YPL115C,25.076080563276
YPL116W,27.2025723943134
YPL117C,195.400989406808
YPL118W,91.0205975007046
YPL119C,8.02081388668201
YPL119C-A,3.21492113195562
YPL120W,16.5574976485117
YPL121C,0.174553155034601
YPL122C,28.3938334176989
YPL123C,24.4043902198672
YPL124W,12.6679417038214
YPL125W,38.8526693282484
YPL126W,93.5296350988982
YPL127C,156.073398927079
YPL128C,36.3565263809972
YPL129W,132.331827181526
YPL130W,0.695299354685811
YPL131W,2950.5122325091
YPL132W,28.8111925495217
YPL133C,8.3740241264006
YPL134C,13.2631899352006
YPL135W,162.588737310799
YPL137C,26.298021698787
YPL138C,14.3124143314755
YPL139C,33.5610787817017
YPL140C,11.2386405099957
YPL141C,17.1522727481033
YPL143W,2507.68614348125
YPL144W,53.6351670222919
YPL145C,259.573968702224
YPL146C,62.0925664172131
YPL147W,2.86608405988393
YPL148C,5.05191802655504
YPL149W,14.6167665574254
YPL150W,11.8488177988544
YPL151C,15.9454244916997
YPL152W,29.3547469548581
YPL152W-A,4.28013900701283
YPL153C,11.8365515491987
YPL154C,671.137976932359
YPL155C,15.3342692321356
YPL156C,58.3332647904768
YPL157W,20.2229040198681
YPL158C,32.8045765890329
YPL159C,38.0038251114642
YPL160W,442.775739160891
YPL161C,24.1110837279606
YPL162C,21.8607237844945
YPL163C,287.755292479668
YPL164C,4.27038925984423
YPL165C,0.855295527834214
YPL166W,18.1393409295754
YPL167C,1.7807329757366
YPL168W,11.09897538923
YPL169C,61.7118645437761
YPL170W,50.6342136284166
YPL171C,1.09982451924202
YPL172C,23.1509022947563
YPL173W,45.8215944278929
YPL174C,3.34347558000716
YPL175W,15.4669489806762
YPL176C,32.8730376123438
YPL177C,50.7408710628889
YPL178W,143.152233756211
YPL179W,37.5603005848173
YPL180W,17.4675848711209
YPL181W,20.9628542846019
YPL183C,36.1709850276039
YPL183W-A,85.0928061309104
YPL184C,63.4177711917122
YPL186C,2.07867042003783
YPL187W,0.229321209183073
YPL188W,30.7613457921968
YPL189C-A,34.4433233477725
YPL189W,1.06536011938007
YPL190C,62.3373665638635
YPL191C,17.6962915404991
YPL192C,1.11340809803808
YPL193W,15.818934542934601
YPL194W,10.0063567920048
YPL195W,63.148743797914896
YPL196W,31.9281623694591
YPL198W,2469.23518110456
YPL199C,105.827270741705
YPL200W,0.241274245182963
YPL201C,0.348862690871667
YPL202C,26.2862527798948
YPL203W,39.3844723754542
YPL204W,70.4032577814102
YPL206C,82.2919045964311
YPL207W,45.7084328698914
YPL208W,37.9316910598149
YPL209C,9.44679855205507
YPL210C,116.542318980594
YPL211W,233.94243759747
YPL212C,65.0906847135449
YPL213W,23.2292779825628
YPL214C,14.2192881502438
YPL215W,64.9185519759398
YPL216W,4.54337520815927
YPL217C,43.1301009402418
YPL218W,690.212454890884
YPL219W,12.4488656413668
YPL220W,3154.09732361408
YPL221W,45.8448878440733
YPL222W,4.84785470122588
YPL223C,1.8047661950148
YPL224C,24.6298917878917
YPL225W,572.142319296448
YPL226W,237.180408842486
YPL227C,68.3113440377808
YPL228W,50.6695819654007
YPL229W,17.0257266009498
YPL230W,1.12410519137573
YPL231W,392.556872426483
YPL232W,72.4069254886357
YPL233W,18.2635616310702
YPL234C,456.338628727766
YPL235W,121.733823705949
YPL236C,14.4460313385554
YPL237W,320.114670467478
YPL239W,107.098296716399
YPL240C,1034.17123698301
YPL241C,31.9035747810783
YPL242C,20.7243670058634
YPL243W,104.206437935762
YPL244C,29.6344469805136
YPL245W,25.1376322644164
YPL246C,143.517771105961
YPL247C,9.80387121285137
YPL248C,0
YPL249C,26.8990756569573
YPL249C-A,1973.61367462683
YPL250C,66.3103806510048
YPL252C,61.1651525518066
YPL253C,18.2040266757331
YPL254W,27.3239098616779
YPL255W,10.786660694188
YPL256C,78.622470353152
YPL257W,15.2996256651314
YPL258C,1.54115163775706
YPL259C,59.1431058883611
YPL260W,104.431370501347
YPL262W,175.335300743819
YPL263C,58.2782701500047
YPL264C,8.56490936371764
YPL265W,255.495520836335
YPL266W,98.5898473424118
YPL267W,36.1832962554443
YPL268W,6.86755311053711
YPL269W,5.9904670057788
YPL270W,30.4404787023026
YPL271W,416.247145668444
YPL272C,22.9507416286094
YPL273W,208.503317949429
YPL274W,48.9292445247848
YPL277C,6.28622401347642
YPL278C,9.64131883751118
YPL279C,31.9098022990914
YPL280W,0.492694056523422
YPL281C,0.734636643672444
YPL282C,13.6048403713685
YPL283C,0.888431199607426
YPR001W,1.32604837140344
YPR002W,12.1225964616646
YPR003C,13.4061654987821
YPR004C,122.900908300444
YPR005C,3.2183706181487
YPR006C,8.66059000427452
YPR007C,0.298995356470753
YPR008W,20.4587432423388
YPR009W,12.7321605777698
YPR010C,153.330277363332
YPR010C-A,81.2840233376917
YPR011C,19.4521492614435
YPR013C,5.61848417104381
YPR015C,4.89808069424527
YPR016C,294.379782292775
YPR017C,39.3987242374133
YPR018W,17.3955114246474
YPR019W,35.9717965545508
YPR020W,112.323850497962
YPR021C,12.9242804123225
YPR022C,15.4005581551259
YPR023C,42.7904591484823
YPR024W,84.6656707007465
YPR025C,29.6942044177333
YPR026W,6.51538727366732
YPR027C,0.993031115815462
YPR028W,715.14013423749
YPR029C,60.9191882266007
YPR030W,1.13518365928743
YPR031W,10.5148872658769
YPR032W,22.5829322241082
YPR033C,308.007728352999
YPR034W,49.4519342179594
YPR035W,593.870763133032
YPR036W,309.755159716685
YPR036W-A,1089.96553450778
YPR037C,48.7774838435562
YPR040W,29.5122858472813
YPR041W,320.107028597209
YPR042C,31.2163933636353
YPR043W,2704.70649165241
YPR045C,45.1982679140555
YPR046W,20.8651363262609
YPR047W,19.8149578792745
YPR048W,27.1582514877494
YPR049C,12.0655972141886
YPR051W,61.4088871234533
YPR052C,418.626215876175
YPR054W,0.823591822107246
YPR055W,32.8530016428575
YPR056W,45.6928975120839
YPR057W,14.3266982829332
YPR058W,52.514793073067
YPR060C,121.924311840844
YPR061C,4.59003364655521
YPR062W,193.90990070779
YPR063C,257.671653565163
YPR065W,47.4361055841346
YPR066W,14.6491938221014
YPR067W,39.0433572758717
YPR068C,23.1127506378693
YPR069C,674.408004080662
YPR070W,23.5231346753838
YPR071W,12.2601229184772
YPR072W,94.132379701284
YPR073C,251.601507152201
YPR074C,733.49540849405
YPR075C,62.6006313245154
YPR078C,0.535935072919274
YPR079W,34.256897983706
YPR080W,8026.63364903276
YPR081C,13.1281574584847
YPR082C,38.3550494231772
YPR083W,10.1410792141535
YPR084W,14.6309519004179
YPR085C,7.341105713841
YPR086W,54.0236384085155
YPR088C,153.367639651406
YPR089W,37.4387575426978
YPR091C,51.6337108176505
YPR093C,8.20438024101365
YPR094W,43.7935516728321
YPR095C,8.78346981203083
YPR096C,6.07046000880334
YPR097W,45.5341848500112
YPR098C,104.814420966481
YPR100W,79.2426757094103
YPR101W,36.2985562674737
YPR102C,2860.55757428411
YPR103W,301.543545216789
YPR104C,14.7807067682344
YPR105C,28.6224745840786
YPR106W,32.62713650596
YPR107C,35.9734887936592
YPR108W,237.527546694938
YPR108W-A,2.88415520780249
YPR109W,20.7853102422104
YPR110C,257.067988663849
YPR111W,16.357895208432
YPR112C,43.6116325409505
YPR113W,267.38691496937
YPR114W,119.327694527172
YPR115W,10.7970041880451
YPR116W,9.22100321828643
YPR117W,1.81226904769462
YPR118W,140.078974940659
YPR119W,46.4469556117547
YPR120C,16.6947532692725
YPR121W,0.212310406010376
YPR122W,14.0492009714131
YPR124W,312.25301808133
YPR125W,51.4259307944575
YPR127W,27.8757366628161
YPR128C,66.3578843265196
YPR129W,122.587551038412
YPR131C,60.0297921204035
YPR132W,2582.06224995431
YPR133C,73.9139880207925
YPR133W-A,402.435789995374
YPR134W,16.3908274104622
YPR135W,26.2674444040413
YPR137W,46.2758273872964
YPR138C,22.1619221307082
YPR139C,53.149414566241
YPR140W,29.8569294353401
YPR141C,18.5486721455454
YPR143W,55.6161262571247
YPR144C,53.1128621210209
YPR145C-A,25.9641671876116
YPR145W,588.595215596099
YPR147C,61.1908604898637
YPR148C,100.35299202745
YPR149W,1012.36044279966
YPR151C,1.12257538028241
YPR152C,8.73563042178701
YPR153W,10.1047707280456
YPR154W,111.493002277641
YPR155C,21.1373018654018
YPR156C,45.921691826389
YPR157W,2.23947728058176
YPR158W,39.5408375263245
YPR159C-A,0
YPR159W,151.898840944264
YPR160W,6.80225284859078
YPR161C,32.6518907246517
YPR162C,23.9729618372017
YPR163C,369.694327704109
YPR164W,15.7432151122849
YPR165W,554.195180402265
YPR166C,221.16724365655
YPR167C,14.4034641830232
YPR168W,25.9075746113544
YPR169W,42.9977267218261
YPR170W-B,416.327016225741
YPR171W,27.7655361681023
YPR172W,94.9848448436287
YPR173C,46.282108551364
YPR174C,26.117852442793
YPR175W,19.6000848321139
YPR176C,53.1622494888602
YPR178W,14.8765191341323
YPR179C,22.8251422897057
YPR180W,46.7386471805207
YPR181C,229.997287854156
YPR182W,70.1998383370974
YPR183W,262.443437651624
YPR184W,6.35901116018282
YPR185W,11.9238925552258
YPR186C,12.0586593953747
YPR187W,207.733845646771
YPR188C,69.7940589247442
YPR189W,40.9506682058903
YPR190C,41.3701388156958
YPR191W,87.7243048473721
YPR192W,1.03610411610176
YPR193C,0.723822735548888
YPR194C,0.419552603895178
YPR196W,4.45134456729334
YPR198W,53.6692212879348
YPR199C,12.6052849210824
YPR200C,1.13618235458886
YPR201W,2.7729331633389
YPR202W,7.19780444530115
YPR203W,6.67028404800763
YPR204W,0.158906623019421
