GeneID,Phi
Q0045,0.796024698319649
Q0050,0.171764994987469
Q0055,0.10488712366195
Q0060,0.0564149636046358
Q0065,0.435877836523303
Q0070,0.385999032550018
Q0075,0
Q0080,1.03560716050005
Q0085,2.34101634038947
Q0105,1.8188558805312
Q0110,0.761591315909815
Q0115,0.547588091452867
Q0120,0.781163408975596
Q0130,13.7968069714754
Q0140,0.293638978569145
Q0160,1.23375042094973
Q0250,1.95608172373857
Q0255,0.523262256216941
Q0275,2.60005837219848
YAL001C,16.318907209326
YAL002W,5.44345390364643
YAL003W,3133.7295095754
YAL005C,3354.92715273756
YAL007C,168.583841375267
YAL008W,78.1339580847629
YAL009W,16.4312845023563
YAL010C,9.8070809727977
YAL011W,20.2757943511588
YAL012W,773.017624628916
YAL013W,34.6372825109368
YAL014C,27.8783368306123
YAL015C,14.1047022628082
YAL016W,131.867632814177
YAL017W,18.6102936822573
YAL018C,0.0534566179521976
YAL019W,32.4068778242545
YAL020C,12.3619490672742
YAL021C,54.0156755146678
YAL022C,31.7943335599821
YAL023C,189.487668294944
YAL024C,7.12540097575991
YAL025C,111.86910986038
YAL026C,28.9300114789578
YAL027W,13.045960333572
YAL028W,3.1521084086256
YAL029C,18.7758934381806
YAL030W,106.261136263125
YAL031C,10.3236659498026
YAL032C,17.2026428930977
YAL033W,46.8966735787139
YAL034C,2.29544127513897
YAL034W-A,13.882495194656
YAL035W,340.179392250399
YAL036C,148.672079680392
YAL037C-A,0.391378810007161
YAL037W,1.09457293515516
YAL038W,5378.50772553849
YAL039C,37.5303507659142
YAL040C,10.2749692057373
YAL041W,24.4666697128775
YAL042W,146.114755736007
YAL043C,27.9926709793618
YAL044C,519.033531871163
YAL044W-A,103.433866560489
YAL046C,89.69420649141
YAL047C,12.7068743082005
YAL048C,11.2941108467358
YAL049C,99.225455156384
YAL051W,14.6240677258499
YAL053W,42.5508216865643
YAL054C,0.951181027518545
YAL055W,19.3168660125568
YAL056W,7.52300879904718
YAL058W,20.2011162131802
YAL059W,81.2310713831189
YAL060W,147.916756277065
YAL061W,24.8765706345315
YAL062W,5.9638675810615
YAL063C,0.241038410545579
YAL063C-A,0.540365220917184
YAL064C-A,0
YAL064W,0.110026171487957
YAL064W-B,0.0426737020257029
YAL065C,0.673339888184363
YAL067C,0.589172402161317
YAL067W-A,0
YAL068C,0.133641544880494
YAR002C-A,274.120168513926
YAR002W,68.1817730162845
YAR003W,14.0008303218425
YAR007C,88.0564814527698
YAR008W,24.7351407924526
YAR014C,36.8391072827748
YAR015W,230.077909535752
YAR018C,15.2449989610169
YAR019C,4.49234044595478
YAR020C,2.97326537834897
YAR023C,1.21347433426411
YAR027W,62.1955359267008
YAR028W,30.0681628326423
YAR029W,0.872928228202246
YAR031W,17.819344548843
YAR033W,17.8757413932349
YAR035C-A,0
YAR035W,1.25453810881815
YAR042W,23.4444643006134
YAR050W,0.113637843712299
YAR064W,0
YAR066W,24.638850123162
YAR068W,5.51699710916911
YAR071W,537.495363945832
YBL001C,279.716921892411
YBL002W,1143.52112446216
YBL003C,1140.41584017273
YBL004W,38.4135867492307
YBL005W,7.60503261889894
YBL006C,77.0507684379069
YBL007C,111.754414413238
YBL008W,12.721080387522
YBL008W-A,21.7644801662519
YBL009W,22.8436146630102
YBL010C,18.8594747923301
YBL011W,28.4129466998466
YBL013W,7.76927023217194
YBL014C,5.33490003099073
YBL015W,31.8728517387895
YBL016W,41.5517953924645
YBL017C,62.9160309715571
YBL018C,73.2607670046069
YBL019W,5.88769862010772
YBL020W,19.4084427942227
YBL021C,47.9344310181661
YBL022C,76.1076134183056
YBL023C,34.0099436156436
YBL024W,147.444177573995
YBL025W,30.7669472774014
YBL026W,210.61242589858
YBL027W,3529.48836221952
YBL028C,247.95832868787
YBL029C-A,34.5482178472184
YBL029W,2.99237562150353
YBL030C,587.533399652118
YBL031W,9.83596746202207
YBL032W,162.22044758788
YBL033C,52.2343418259019
YBL034C,11.1958162967255
YBL035C,24.16123905473
YBL036C,144.090327786558
YBL037W,17.7967772486456
YBL038W,60.4730976320269
YBL039C,258.715921372799
YBL039W-B,13.5976837661812
YBL040C,121.159512800897
YBL041W,305.224840652932
YBL042C,45.5819354288292
YBL043W,0.533915063590767
YBL044W,0.965902832389467
YBL045C,110.357256575418
YBL046W,24.6894561768052
YBL047C,117.992979471051
YBL049W,2.3224058697264
YBL050W,164.951093712233
YBL051C,67.9177522098113
YBL052C,5.84631395837148
YBL054W,26.3118956290763
YBL055C,22.4662642063415
YBL056W,106.784864039872
YBL057C,70.5643219466916
YBL058W,166.843886643588
YBL059C-A,78.4833900173511
YBL059W,30.0824497103543
YBL060W,9.17975816176593
YBL061C,35.2472802950633
YBL063W,8.04970073907722
YBL064C,108.402063679294
YBL066C,4.65233731414732
YBL067C,19.5239544302423
YBL068W,78.2630713785396
YBL069W,44.0967119966183
YBL071C-B,5.00392999095913
YBL071W-A,123.901363816681
YBL072C,3468.48331125792
YBL074C,16.3314362633182
YBL075C,0.411565098154751
YBL076C,385.296021153528
YBL078C,42.4497981128299
YBL079W,30.7920170875842
YBL080C,7.69657074072659
YBL081W,26.636821263399
YBL082C,27.4734732080869
YBL084C,8.03976953086999
YBL085W,24.8004142260948
YBL086C,17.2931051548744
YBL087C,2271.07812989564
YBL088C,1.51352373005583
YBL089W,18.7251127927276
YBL090W,70.1338253113233
YBL091C,152.485715192127
YBL091C-A,41.992110235435
YBL092W,3632.61207499131
YBL093C,71.8483297131455
YBL095W,10.0878646765412
YBL097W,16.652784661089
YBL098W,27.3709721627852
YBL099W,446.213652420508
YBL100W-C,0.765571324964107
YBL101C,14.505143900432
YBL102W,80.7310305073763
YBL103C,19.9963081664578
YBL104C,10.5464466944407
YBL105C,22.8786592980873
YBL106C,7.06260852603831
YBL107C,35.2404514715956
YBL108C-A,0
YBL111C,1.12204163961097
YBL112C,0
YBL113C,0.0903430064319909
YBR001C,23.6290180301115
YBR002C,34.2355884172196
YBR003W,24.6301336889916
YBR004C,17.776934236599
YBR005W,14.3675975342735
YBR006W,16.6642883326432
YBR007C,10.0542870560151
YBR008C,0.398926059786913
YBR009C,2234.1007202769
YBR010W,1669.75189340129
YBR011C,1478.4094679924401
YBR013C,31.847667011109
YBR014C,103.68272025956
YBR015C,100.260437362037
YBR016W,264.033403654293
YBR017C,70.8101600216712
YBR018C,0.397742693096708
YBR019C,0.255207421523067
YBR020W,0.0335330681768681
YBR021W,9.7647239274576
YBR022W,48.3486433567079
YBR023C,31.814478726017
YBR024W,22.2890163852277
YBR025C,768.540488241713
YBR026C,85.5968479768602
YBR028C,25.1766963729735
YBR029C,64.4714650573372
YBR030W,30.5333589800037
YBR031W,2954.1773286973
YBR033W,0.234241681799797
YBR034C,134.361466426346
YBR035C,236.615329069088
YBR036C,99.6548294980733
YBR037C,36.1575418271856
YBR038W,47.2175873631413
YBR039W,208.116909842194
YBR040W,0.773912901144103
YBR041W,37.0969524468301
YBR042C,29.2435555648112
YBR043C,6.41883433323034
YBR044C,7.9324757679443
YBR045C,0.696403576525197
YBR046C,70.0191076382266
YBR047W,14.9291163469398
YBR048W,2255.71706037911
YBR049C,76.2020855645394
YBR050C,2.35170600749917
YBR052C,181.864524097151
YBR053C,73.6098580387133
YBR054W,49.6614615729357
YBR055C,13.5503218142511
YBR056W,65.3776502846475
YBR056W-A,8.83758603241976
YBR057C,24.7395955106152
YBR058C,38.9710584406629
YBR058C-A,226.099988401838
YBR059C,39.2353197086017
YBR060C,18.7520311517218
YBR061C,61.6887552916049
YBR062C,58.7554674548603
YBR063C,0.144725391973065
YBR065C,17.4326930551934
YBR066C,50.1626362121854
YBR067C,358.034870213413
YBR068C,157.85959525208
YBR069C,136.297790304084
YBR070C,28.0805296010394
YBR071W,66.7464184328464
YBR072C-A,2.62167623928242
YBR072W,83.2716861176122
YBR073W,29.0080765064131
YBR074W,40.8218525091865
YBR076W,0.246371553062062
YBR077C,60.3132270645363
YBR078W,1199.83219063661
YBR079C,217.793926781551
YBR080C,94.182402793691
YBR081C,16.4767319091827
YBR082C,805.960415052938
YBR083W,43.2869808521625
YBR084C-A,2900.3601402468
YBR084W,131.957586545787
YBR085C-A,239.412620259244
YBR085W,21.3115368497548
YBR086C,75.0874521664477
YBR087W,44.6096758744373
YBR088C,223.472234121726
YBR089C-A,288.545061579535
YBR090C,265.667183581303
YBR091C,69.423887589422307
YBR092C,217.573531434948
YBR093C,153.415458555345
YBR094W,28.8717441769394
YBR095C,21.2493380776525
YBR096W,116.10199509834
YBR097W,7.53838877479794
YBR098W,5.75546229318114
YBR101C,98.8458381534752
YBR102C,26.0953106958145
YBR103W,20.5266952922185
YBR104W,38.2899564814463
YBR105C,18.7305997394859
YBR106W,813.090540164496
YBR107C,5.72360348902192
YBR108W,16.2553297521941
YBR109C,531.414307648827
YBR110W,34.8159980784705
YBR111C,163.05167812869
YBR111W-A,79.9740526957433
YBR112C,68.8196534394319
YBR114W,6.64157980618212
YBR115C,80.29655841278
YBR117C,0.401414164109908
YBR118W,8490.93213404276
YBR119W,24.4943433212109
YBR120C,41.5377535546157
YBR121C,489.138914131361
YBR122C,81.4508029500846
YBR123C,20.7520268380696
YBR125C,26.2299169928857
YBR126C,258.21142623999
YBR126W-A,494.000183024786
YBR127C,798.919617344494
YBR128C,4.00060040543364
YBR129C,21.3201777288878
YBR130C,42.4697700398714
YBR131W,7.88188408312293
YBR132C,17.1712661800748
YBR133C,17.6004488956993
YBR135W,113.750337340481
YBR136W,3.80656102883677
YBR137W,107.999215749506
YBR138C,12.1386950280067
YBR139W,75.1924727739297
YBR140C,11.5410446004757
YBR141C,19.1078438815937
YBR142W,42.1259511049779
YBR143C,403.493052967902
YBR145W,17.6847868456545
YBR146W,64.3797481438627
YBR147W,1.88874351097983
YBR148W,2.29642263943111
YBR149W,204.23318272296
YBR150C,7.6740943138659
YBR151W,74.0273280250685
YBR152W,17.037487092186
YBR153W,12.6589190551336
YBR154C,290.836690958702
YBR155W,65.7213258165275
YBR156C,7.63286037426901
YBR157C,22.8136229047937
YBR158W,68.2787279308505
YBR159W,173.770756707121
YBR160W,76.0756381824653
YBR161W,19.8923208413939
YBR162C,501.862881428593
YBR162W-A,366.628759545756
YBR163W,4.99866269623181
YBR164C,184.320471290518
YBR165W,27.5105392823043
YBR166C,55.2087226065103
YBR167C,32.1374742004461
YBR168W,7.94902811946274
YBR169C,36.614477306322
YBR170C,57.5377868432501
YBR171W,130.666620071552
YBR172C,42.1045438748085
YBR173C,215.585814953607
YBR175W,19.420780347826
YBR176W,31.2864886458057
YBR177C,73.25264883522
YBR179C,19.8009241162323
YBR180W,0.113764320009631
YBR181C,4257.49580066989
YBR182C,1.93555286314589
YBR182C-A,0.452834986785145
YBR183W,13.7257097697902
YBR184W,4.02740640810333
YBR185C,37.3344688369576
YBR186W,1.14283211647709
YBR187W,132.960323372695
YBR188C,39.0934692208571
YBR189W,3648.09427736627
YBR191W,2902.61786813399
YBR192W,28.2393674824247
YBR193C,27.0027790937717
YBR194W,23.9746765079963
YBR195C,19.0137932521209
YBR196C,1683.69091342411
YBR196C-A,1415.81118962218
YBR196C-B,1.20160160967111
YBR197C,22.6415340111608
YBR198C,47.4544138156527
YBR199W,82.2275480442229
YBR200W,29.1929216906496
YBR200W-A,0
YBR201C-A,7.13109863651825
YBR201W,19.8688256793289
YBR202W,41.1495327566007
YBR203W,1.01612405432995
YBR204C,20.7203158932018
YBR205W,111.785892759996
YBR207W,47.0196272783689
YBR208C,16.2652947035559
YBR210W,54.7546629294332
YBR211C,19.6046828574363
YBR212W,39.879214855102
YBR213W,17.8873281821315
YBR214W,30.5152291064238
YBR215W,19.3744370917484
YBR216C,22.4954667373485
YBR217W,10.1535336017209
YBR218C,118.163694872023
YBR219C,23.3919214519361
YBR220C,25.3906060364954
YBR221C,512.276679000836
YBR221W-A,0.120160160967111
YBR222C,74.4388976698551
YBR223C,5.57051647536946
YBR225W,8.03631156548037
YBR227C,32.4220475072599
YBR228W,7.65127943887873
YBR229C,41.6780800079741
YBR230C,145.144967534219
YBR230W-A,47.0601456226352
YBR231C,20.4545421872356
YBR233W,24.8956192618468
YBR233W-A,53.1426408286832
YBR234C,162.251805506352
YBR235W,10.3962148417738
YBR236C,38.5999032550018
YBR237W,6.42100365744003
YBR238C,16.5054954233663
YBR239C,5.26620072597703
YBR240C,1.57856120036221
YBR241C,14.2592174108289
YBR242W,49.3424175129447
YBR243C,43.1321535045672
YBR244W,176.305444537803
YBR245C,56.8070533465926
YBR246W,22.0348532339292
YBR247C,83.0363626034761
YBR248C,94.0731505460354
YBR249C,439.320464929532
YBR250W,0.643031275243389
YBR251W,47.8145866479054
YBR252W,206.971105120963
YBR253W,42.5430977657501
YBR254C,53.7130547716494
YBR255C-A,20.803533819730202
YBR255W,7.60728793935119
YBR256C,61.3911473707567
YBR257W,25.7183384884826
YBR258C,21.6409459651018
YBR259W,3.36084673494008
YBR260C,26.0320417476443
YBR261C,115.143715855637
YBR262C,66.605299659552
YBR263W,265.818308091442
YBR264C,43.8965311378459
YBR265W,56.3482152071036
YBR267W,72.4034875860277
YBR268W,112.788581996219
YBR269C,108.759447763628
YBR270C,4.71512750335036
YBR271W,20.4163789336559
YBR272C,28.0952198109838
YBR273C,52.6142235308595
YBR274W,10.4703630144977
YBR275C,10.7198282547782
YBR276C,7.04407943223464
YBR278W,25.0610300802952
YBR279W,62.6790102900036
YBR280C,8.68045336218499
YBR281C,27.9817378719476
YBR282W,91.0597337873218
YBR283C,224.435148654369
YBR284W,1.03256023615162
YBR285W,2.84196231333001
YBR286W,521.660906597825
YBR287W,49.5236808275026
YBR288C,38.843715917811
YBR289W,21.8775800631851
YBR290W,44.2635396510237
YBR291C,13.7512963093681
YBR293W,2.55601559796343
YBR294W,0.0417152899893434
YBR295W,1.93114080221669
YBR296C,8.637427010918
YBR296C-A,0
YBR297W,4.24576920897268
YBR298C,0.0772276721649084
YBR298C-A,2.10481293114136
YBR299W,1.61155980591184
YBR301W,0.801849269282963
YBR302C,35.3438915254431
YCL001W,161.255718820214
YCL001W-A,0.215296791359538
YCL001W-B,0.120955923622522
YCL002C,10.0791316903711
YCL004W,4.11032674613844
YCL005W,13.7540784739273
YCL005W-A,371.669225324768
YCL008C,44.3649263526236
YCL009C,355.042405442456
YCL010C,34.0551622347222
YCL011C,103.658045156818
YCL012C,28.9724225284062
YCL014W,20.1578243088803
YCL016C,15.8700270410747
YCL017C,113.995110372235
YCL018W,0.0159932963809114
YCL021W-A,18.6940937485773
YCL024W,7.78300284626704
YCL025C,26.6515113720628
YCL026C-A,1.71318970358195
YCL026C-B,21.5745754196846
YCL027W,12.16087500451
YCL028W,234.317823205499
YCL029C,24.9301636155413
YCL030C,247.273995850948
YCL031C,84.1596148872642
YCL032W,18.3818540361819
YCL033C,76.222318425462
YCL034W,69.6902999761552
YCL035C,400.469784471187
YCL036W,11.4413370659988
YCL037C,360.04534669712
YCL038C,13.8156240888697
YCL039W,11.4701681882478
YCL040W,305.273788455865
YCL042W,310.179727164397
YCL043C,748.442546379494
YCL044C,32.0924607621552
YCL045C,126.282656379135
YCL047C,42.9345087774037
YCL048W,0.165001027151502
YCL048W-A,0.318194154477366
YCL049C,17.7086341891002
YCL050C,326.288096563982
YCL051W,11.8784230274547
YCL052C,24.9340665604973
YCL054W,78.9916926656764
YCL054W-A,96.6374643813701
YCL055W,39.973811729199
YCL056C,9.13217223350042
YCL057C-A,218.636522329318
YCL057W,84.9049718543744
YCL058C,132.542831784243
YCL058W-A,52.6801914960795
YCL059C,146.224561414165
YCL061C,15.1838094355684
YCL063W,18.3889685005134
YCL064C,454.070999213676
YCL068C,4.64310443679178
YCL069W,0.179565184366581
YCL073C,0.799968649478137
YCR002C,118.987889790432
YCR003W,47.810504381064
YCR004C,302.874091496397
YCR005C,78.3067803686588
YCR007C,4.0957851999011
YCR008W,26.3599979585601
YCR009C,182.686673887682
YCR010C,0.934549327566227
YCR011C,60.4774321325214
YCR012W,4991.92113724701
YCR014C,0.0813556546414291
YCR015C,13.6115893829996
YCR016W,70.1390532629499
YCR017C,52.7399427716765
YCR018C,22.3885512821301
YCR019W,13.9347808093272
YCR020C,8.59343977080471
YCR020C-A,63.9833723366271
YCR020W-B,64.6969384993058
YCR021C,4.92403933049162
YCR023C,12.1147988525141
YCR024C,7.25307519462812
YCR024C-A,2039.37521572123
YCR024C-B,1050.95597398016
YCR026C,20.2223849107391
YCR027C,23.4172097449878
YCR028C,22.6058689714519
YCR028C-A,504.818452784621
YCR030C,37.5243016963006
YCR031C,2996.06563402069
YCR032W,3.84747296053445
YCR033W,13.8060414989293
YCR034W,172.850006069462
YCR035C,53.6366869168904
YCR036W,59.3199443270466
YCR037C,7.12043794580841
YCR038C,4.80640643868443
YCR039C,14.3966009328124
YCR040W,0.857630088015691
YCR041W,0.961281287736886
YCR042C,21.8949762751216
YCR043C,129.3335946944
YCR044C,40.5041573104051
YCR045C,1.07931122917273
YCR046C,79.6482813471185
YCR047C,75.2282256675097
YCR048W,42.4354556552445
YCR050C,0
YCR051W,153.767414032236
YCR052W,62.9199965494278
YCR053W,483.351191419103
YCR054C,18.8945116136484
YCR057C,58.41480302039
YCR059C,39.2550413241001
YCR060W,62.5661095057574
YCR061W,64.9451137017544
YCR063W,20.8234560717821
YCR065W,30.6467731785554
YCR066W,5.7657791599996
YCR067C,39.3429176654348
YCR068W,14.6114755736007
YCR069W,69.0916138303478
YCR071C,60.6316353207815
YCR072C,59.2131192720134
YCR073C,2.00578009976462
YCR073W-A,69.2576599738635
YCR075C,16.6799675975743
YCR075W-A,74.5849412234252
YCR076C,32.5105331512615
YCR077C,81.7999906625029
YCR079W,4.03514587061646
YCR081W,8.48062727387178
YCR082W,135.257150039034
YCR083W,81.3632050502125
YCR084C,113.182198581483
YCR086W,34.6138786269774
YCR087C-A,136.426400124827
YCR088W,342.071367156058
YCR089W,1.67775811384383
YCR090C,89.2378709528631
YCR091W,4.26443517872056
YCR092C,13.4393565601256
YCR093W,51.6611023526134
YCR094W,41.9497494749022
YCR095C,17.8141669625325
YCR095W-A,2.21654665861661
YCR098C,1.05896760313658
YCR099C,0
YCR100C,0
YCR101C,2.39030011480883
YCR102C,2.0416814872124
YCR104W,0.0865608742511888
YCR105W,1.7409966482225
YCR106W,3.22818342896715
YCR107W,0.0481062628630399
YCR108C,0.152839702652727
YDL001W,20.7586541964495
YDL002C,58.0911471970163
YDL003W,48.1790001929867
YDL004W,270.760291466463
YDL005C,26.124948414824
YDL006W,41.2123786125495
YDL007C-A,0
YDL007W,266.557438756824
YDL008W,39.3102313023706
YDL009C,0.196920155978446
YDL010W,46.5826820524449
YDL012C,160.194546888466
YDL013W,13.3223404056624
YDL014W,869.974483443205
YDL015C,215.351530934892
YDL017W,12.9745438734392
YDL018C,52.1478524781955
YDL019C,31.5960511489922
YDL020C,58.5726299431694
YDL021W,18.7660100830833
YDL022C-A,0.740446397310845
YDL022W,311.061349879935
YDL024C,0.967231447014487
YDL025C,12.115667245911
YDL027C,10.4985125066043
YDL028C,12.3763939663238
YDL029W,190.901974915512
YDL030W,18.0416085588667
YDL031W,64.4216828728975
YDL033C,6.61222616753066
YDL035C,14.2291261872134
YDL036C,14.8811163136427
YDL037C,0.194301536882988
YDL039C,0.20445161716792
YDL040C,113.746589373929
YDL042C,16.6230784895514
YDL043C,39.0055752709181
YDL044C,15.1047461905927
YDL045C,23.868177428467
YDL045W-A,103.316217208855
YDL046W,202.127552036387
YDL047W,68.8025102353043
YDL048C,1.93457859157048
YDL049C,3.55021215634911
YDL051W,251.755724133139
YDL052C,109.871744765514
YDL053C,107.684159857507
YDL054C,19.1484937681222
YDL055C,1507.89654143271
YDL056W,16.4801852781883
YDL057W,12.5766085691534
YDL058W,39.1908350832509
YDL059C,11.761855337388
YDL060W,61.4965169129175
YDL061C,2516.2066852176
YDL063C,39.6843086586667
YDL064W,178.78724910116
YDL065C,75.4847024579486
YDL066W,280.454896598235
YDL067C,335.034054451945
YDL069C,6.88939994820384
YDL070W,54.6256412419363
YDL072C,178.707880308378
YDL073W,8.06746194645007
YDL074C,41.0735374409065
YDL075W,3070.80442461505
YDL076C,35.3136788943514
YDL077C,10.4204455138597
YDL078C,172.148640620388
YDL079C,0.505709473329708
YDL080C,5.34210181799865
YDL081C,2300.81108913376
YDL082W,2128.65712346007
YDL083C,2181.69310515321
YDL084W,684.16286878442
YDL085C-A,216.080138280856
YDL085W,0.726238029251665
YDL086W,122.070555425018
YDL087C,18.7247901258328
YDL088C,29.7102984047051
YDL089W,16.3552219095314
YDL090C,19.8147057992704
YDL091C,12.3913573769052
YDL092W,162.88202278768
YDL093W,26.7273316355629
YDL095W,191.443338745473
YDL097C,208.283774402529
YDL098C,29.6506604796564
YDL099W,75.5425542819662
YDL100C,372.875133174328
YDL101C,22.275833591597
YDL102W,30.1162148065572
YDL103C,93.529229194959
YDL104C,6.03542460750618
YDL105W,8.52142186119625
YDL106C,22.8224987607341
YDL107W,11.6573875836524
YDL108W,30.5663616079973
YDL109C,1.10081433251637
YDL110C,70.9752425987652
YDL111C,53.2800107824344
YDL112W,40.3257279627081
YDL113C,14.8525278356017
YDL114W,0.112511362219718
YDL115C,27.7670737343223
YDL116W,37.5615917180421
YDL117W,19.0880967867694
YDL119C,16.4397910032531
YDL120W,97.3885500425744
YDL121C,115.796678904466
YDL122W,42.3243186276079
YDL123W,36.2178064749889
YDL124W,267.018788531255
YDL125C,447.511295060732
YDL126C,640.953392541955
YDL127W,24.302454239459
YDL128W,82.2678462001542
YDL129W,10.4480757081002
YDL130W,2523.95373240451
YDL130W-A,116.998544264262
YDL131W,274.805060217729
YDL132W,53.8853064615604
YDL133C-A,6149.38560990558
YDL133W,11.796002047387
YDL134C,84.5337637171906
YDL135C,208.035338197302
YDL136W,3308.251896335
YDL137W,476.382151553292
YDL138W,3.13125358326949
YDL139C,14.8096144982774
YDL140C,124.384744077325
YDL141W,35.1330173285044
YDL142C,16.4358783913278
YDL143W,195.93371735744
YDL144C,47.7846221520371
YDL145C,175.898686748852
YDL146W,8.53855105745541
YDL147W,199.945119717449
YDL148C,67.7327322834704
YDL149W,4.36638554012154
YDL150W,48.561505539541
YDL153C,88.3683389743828
YDL154W,0.703240288231779
YDL155W,25.907650153041
YDL156W,15.3144720004865
YDL157C,191.36873794261
YDL159W,14.4969655769424
YDL159W-A,10.3055798389223
YDL160C,275.025151282115
YDL160C-A,52.2738134745196
YDL161W,69.500228626909
YDL164C,28.0552954318164
YDL165W,76.6047064081431
YDL166C,105.625467923825
YDL167C,33.830829261939
YDL168W,161.597113959689
YDL169C,2.64185232902376
YDL170W,7.41080806708785
YDL171C,113.762785821984
YDL173W,88.528352004757
YDL174C,32.5752803028231
YDL175C,25.3033755601056
YDL176W,5.46922182521506
YDL177C,14.1874818627596
YDL178W,50.5499143510468
YDL179W,29.181182376071
YDL180W,11.967411986657
YDL181W,78.1474410801183
YDL182W,292.558105375468
YDL183C,6.05797564004483
YDL184C,6452.86595756926
YDL185W,806.088418951044
YDL186W,0.0829255140385963
YDL188C,80.0630917067429
YDL189W,35.4361700883331
YDL190C,41.7782090109474
YDL191W,3466.66167420001
YDL192W,835.170260652942
YDL193W,66.2956843844754
YDL194W,2.64974945635245
YDL195W,149.348427475447
YDL197C,4.72063056993252
YDL198C,59.6186654654417
YDL199C,4.12699777866385
YDL200C,22.5180924454717
YDL201W,107.79583920557
YDL202W,57.8867429405823
YDL203C,13.6007025760001
YDL204W,2.660144556219
YDL205C,68.8411664391516
YDL206W,2.76779877624927
YDL207W,19.9327220865826
YDL208W,400.228907422638
YDL209C,12.3074636099097
YDL210W,0.839144584133334
YDL211C,4.65223868499078
YDL212W,206.575107787799
YDL213C,126.540416907235
YDL214C,0.15312445291384
YDL215C,26.9297490277126
YDL216C,6.75914061662002
YDL217C,49.5396526526699
YDL218W,0.364921967372644
YDL219W,119.850628392459
YDL220C,5.41717091384823
YDL222C,0.841244115675576
YDL223C,2.50934218210363
YDL224C,31.0503001830084
YDL225W,74.1298584591367
YDL226C,186.32603853632
YDL227C,79.7549776365993
YDL229W,2893.64648970387
YDL230W,20.2033080502275
YDL231C,1.1038596509983
YDL232W,139.525720073861
YDL233W,13.8778235346172
YDL234C,13.7860676986497
YDL235C,120.624227795673
YDL236W,141.539407781291
YDL237W,62.2035666068758
YDL238C,5.08078666122238
YDL239C,0.120755996476039
YDL240W,10.036260229529
YDL241W,35.0030277016746
YDL243C,0.704507018977853
YDL244W,2.18489354371599
YDL245C,0.0730156546367823
YDL246C,2.19954192956745
YDL247W,0.321109945344181
YDL248W,21.4937364828509
YDR001C,58.7900935883097
YDR002W,987.337457404486
YDR003W,34.5948171669075
YDR003W-A,27.6113913412895
YDR004W,7.3568268622325
YDR005C,28.1877251450231
YDR006C,17.0834315301588
YDR007W,45.0031423916821
YDR009W,2.11004228003861
YDR011W,97.214610984691
YDR012W,2862.90383966635
YDR013W,82.02695949794
YDR014W,5.80679560402387
YDR014W-A,1.84006455451128
YDR016C,62.9899831768553
YDR017C,23.110103358402
YDR018C,1.04747048235627
YDR019C,127.660462086549
YDR020C,22.5488756757477
YDR021W,20.2709324316994
YDR022C,18.8941494486216
YDR023W,703.991271760791
YDR025W,2417.31067175414
YDR026C,11.1246461753551
YDR027C,15.7166129421597
YDR028C,47.8936949994964
YDR030C,3.78565813250974
YDR031W,37.9438439532366
YDR032C,464.719795708503
YDR033W,908.985682156697
YDR034C,14.5435503255829
YDR034C-A,10.5183055189424
YDR034W-B,2.24930350578828
YDR035W,165.166356430033
YDR036C,43.0685025979923
YDR037W,647.97846557748
YDR038C,56.0626884030721
YDR039C,59.4484350752576
YDR040C,49.4286036087085
YDR041W,53.6567084796868
YDR042C,2.33221629347857
YDR043C,16.2732113555243
YDR044W,92.9467897343892
YDR045C,95.0226552927912
YDR046C,72.3118944203706
YDR047W,66.1921709248613
YDR049W,22.9477503709235
YDR050C,4268.38190252864
YDR051C,57.9528344399703
YDR052C,18.7965617202021
YDR054C,102.710078296781
YDR055W,144.013431010787
YDR056C,122.329910159431
YDR057W,23.89839344638
YDR058C,7.14228256394391
YDR059C,24.8454240522764
YDR060W,91.7776003729005
YDR061W,23.0851672417341
YDR062W,98.0456991208937
YDR063W,119.728841596557
YDR064W,3280.97343409396
YDR065W,9.55488413601179
YDR066C,11.4509996658312
YDR067C,15.7093599917002
YDR068W,53.4511631952637
YDR069C,7.95674412423799
YDR070C,4.6632368851917
YDR071C,343.709750451232
YDR072C,34.5801935708759
YDR073W,30.3640627943317
YDR074W,89.5940140746122
YDR075W,29.6654958385989
YDR076W,4.20598468798442
YDR077W,1091.89538270814
YDR078C,4.6486440020322
YDR079C-A,66.8090494977136
YDR079W,49.6904619702738
YDR080W,15.0532964642102
YDR081C,16.8549189470694
YDR082W,5.10257143072869
YDR083W,64.4168233893243
YDR084C,72.3234165756664
YDR085C,3.67199386142844
YDR086C,814.904665719047
YDR087C,113.966203710381
YDR088C,22.830430583751
YDR089W,28.7816372914311
YDR090C,20.8176252751428
YDR091C,159.369562819849
YDR092W,189.712355986313
YDR093W,26.6077781244601
YDR096W,10.9171575822154
YDR097C,31.6772224349546
YDR098C,248.463576042963
YDR099W,637.360467159724
YDR100W,118.127221625822
YDR101C,91.501469847528
YDR103W,15.5647948028315
YDR104C,3.50327981057929
YDR105C,26.5697100925669
YDR106W,2.00462317320741
YDR107C,16.3106077161745
YDR108W,11.0063120575397
YDR109C,8.68700483988559
YDR110W,19.4032538187761
YDR111C,13.6604740602966
YDR113C,35.23190485294
YDR114C,0.521838413342881
YDR115W,84.7665740468477
YDR116C,46.7809397508375
YDR117C,42.3167591289882
YDR118W,9.04112365689523
YDR119W,70.7219625389603
YDR119W-A,6.99642227566564
YDR120C,76.5234523293546
YDR121W,58.3714707965748
YDR122W,24.8444661010098
YDR123C,12.9862906605287
YDR124W,0.571877713252472
YDR125C,2.61845108753312
YDR126W,4.57471765950399
YDR127W,121.586507506019
YDR128W,8.81330417039594
YDR129C,292.04464968591
YDR130C,20.8961514162003
YDR131C,7.66507122276345
YDR132C,7.5556082974238
YDR135C,56.4545123971301
YDR137W,12.9525463949403
YDR138W,16.5614675977878
YDR139C,143.644844384597
YDR140W,36.7080022737899
YDR141C,24.7726149584496
YDR142C,10.2746652703724
YDR143C,27.7171142363582
YDR144C,70.9010325201583
YDR145W,57.2144012037663
YDR146C,41.3275888123317
YDR147W,19.2704312384882
YDR148C,123.585769336475
YDR150W,32.8907944247799
YDR151C,42.6761999985044
YDR152W,103.382674065876
YDR153C,62.9073563520473
YDR155C,2565.97002126598
YDR156W,133.872494477214
YDR158W,609.15177860771
YDR159W,8.27047219730116
YDR160W,2.97163547736314
YDR161W,81.0508564538914
YDR162C,49.0101275011605
YDR163W,42.6909199367811
YDR164C,22.3002549680348
YDR165W,80.5375652546332
YDR166C,18.5663872880886
YDR167W,90.4467836779023
YDR168W,162.352317079756
YDR169C,22.563189546081
YDR169C-A,0.278137225385799
YDR170C,85.9028292834981
YDR171W,53.1453563682348
YDR172W,339.508567529347
YDR173C,17.4944573011273
YDR174W,193.815289889671
YDR175C,45.416006499871
YDR176W,17.9424311600685
YDR177W,203.772269060611
YDR178W,79.8333572655416
YDR179C,19.2866025528404
YDR179W-A,5.9273445907501
YDR180W,9.19871268033316
YDR181C,12.2333184641667
YDR182W,52.322609920896
YDR182W-A,17.8277465912956
YDR183W,30.1114868239743
YDR184C,28.2587818899305
YDR185C,6.59632202215362
YDR186C,21.6365378691513
YDR188W,272.980537060405
YDR189W,62.6142395033266
YDR190C,181.006126785197
YDR191W,10.0296443323099
YDR192C,29.1411705003342
YDR194C,64.4171443934084
YDR194W-A,0.730573778680033
YDR195W,22.6061413324128
YDR196C,39.9783581347547
YDR197W,10.010121412892
YDR198C,11.6931109163314
YDR200C,10.6721840924258
YDR201W,38.204316866754
YDR202C,17.916609894193
YDR204W,36.7537472070548
YDR205W,16.5217517455768
YDR206W,15.4050484975185
YDR207C,15.7581736664077
YDR208W,30.1931727133579
YDR210W,298.406180691763
YDR211W,82.9331579045976
YDR212W,255.48930725756
YDR213W,15.1864520684743
YDR214W,225.215971227636
YDR216W,5.21708570493082
YDR217C,14.8107897676836
YDR218C,0.429260559876441
YDR219C,21.3484275465498
YDR221W,31.4034902315269
YDR222W,22.185184437523
YDR223W,0.793007375204033
YDR224C,1119.93826885239
YDR225W,1351.43863622308
YDR226W,1256.20936818704
YDR227W,9.64148348803609
YDR228C,19.7326916622213
YDR229W,25.6400804511907
YDR231C,34.2490790230828
YDR232W,107.472836863674
YDR233C,421.056625653693
YDR234W,55.9511764273271
YDR235W,13.2693394403538
YDR236C,22.5709938725721
YDR237W,42.761445793151
YDR238C,167.301149250439
YDR239C,15.8477845810725
YDR240C,17.498343126314
YDR242W,1.35610336054337
YDR243C,14.6598045997537
YDR244W,23.9392680394624
YDR245W,85.897405223161
YDR246W,34.9786738448644
YDR246W-A,8.17476707998828
YDR247W,10.4385890568553
YDR248C,41.7553693856076
YDR249C,5.37462317933985
YDR251W,29.6831551022754
YDR252W,23.225484312162
YDR253C,5.92198648849786
YDR254W,8.64478101879113
YDR255C,8.73572606647108
YDR256C,0.0687059979949875
YDR257C,27.4084385963674
YDR258C,68.9455097419246
YDR259C,2.84856748567903
YDR260C,34.2456458756266
YDR261C,46.6182663210142
YDR262W,47.6222746033347
YDR263C,1.09040862489557
YDR264C,73.8918291310132
YDR265W,9.39899347689204
YDR266C,44.2819820859822
YDR267C,37.1784781121546
YDR268W,19.0183064542654
YDR270W,18.7594263059169
YDR272W,140.878418446156
YDR273W,2.39270888213985
YDR275W,3.77382481702269
YDR276C,663.123129811202
YDR277C,7.4600843597609
YDR279W,21.4523027739683
YDR280W,71.5432353215162
YDR281C,56.6598310398949
YDR282C,10.5458211860547
YDR283C,12.0841873278784
YDR284C,58.2387603288009
YDR285W,1.63867015778699
YDR286C,36.7616525113869
YDR287W,30.3945516454085
YDR288W,15.8646495735263
YDR289C,37.9160353813776
YDR291W,8.03274887713569
YDR292C,52.7021335378174
YDR293C,59.7292128135314
YDR294C,54.7427737849678
YDR295C,19.1281985971968
YDR296W,66.3336906191624
YDR297W,98.7140367774366
YDR298C,181.738214769312
YDR299W,66.744459774385
YDR300C,92.2664298074353
YDR301W,17.8388707788591
YDR302W,51.2796658656247
YDR303C,29.5470504205529
YDR304C,385.616994146733
YDR305C,47.3674439957311
YDR306C,12.6028899826205
YDR307W,27.055630114182
YDR308C,69.6376708188628
YDR309C,83.7052317315843
YDR310C,20.5727860266434
YDR311W,23.6900378891311
YDR312W,49.9579727294686
YDR313C,11.1838937485159
YDR314C,3.1700579060787
YDR315C,4.86776481875274
YDR316W,12.8586977450519
YDR317W,4.4954036691225
YDR318W,8.48326571430888
YDR319C,18.013000277088
YDR320C,31.8425596574148
YDR320C-A,90.3604410472673
YDR321W,281.252533280195
YDR322C-A,142.710454844228
YDR322W,40.2418571401513
YDR323C,8.48519075238095
YDR324C,61.2984580282311
YDR325W,13.6447099552206
YDR326C,21.1144862135699
YDR328C,255.989815330211
YDR329C,27.8687557599175
YDR330W,28.2213580635271
YDR331W,49.7251404701745
YDR332W,5.03843985296575
YDR333C,29.0056556564718
YDR334W,8.67079070950824
YDR335W,37.6033507927532
YDR336W,7.23577356404368
YDR337W,55.537285323116
YDR338C,8.18687477982192
YDR339C,96.0876209722605
YDR341C,330.700800378721
YDR342C,82.0857754170322
YDR343C,79.408388557665
YDR345C,349.765847325798
YDR346C,164.758333075397
YDR347W,48.6808786386004
YDR348C,53.765885392838896
YDR349C,25.3594162566845
YDR350C,3.85793003965194
YDR351W,18.8657820024395
YDR352W,32.6787621782203
YDR353W,616.852388602481
YDR354W,52.8898580111638
YDR356W,23.5497238165771
YDR357C,42.6314386477351
YDR358W,26.6907764872209
YDR359C,10.4794419688833
YDR361C,121.857105798744
YDR362C,12.9424009195011
YDR363W,11.9916112121141
YDR363W-A,366.612062597875
YDR364C,12.7011413113278
YDR365C,74.011203509765
YDR366C,6.47032830893752
YDR367W,49.2599360589658
YDR368W,207.316981008796
YDR369C,6.85262541258071
YDR370C,11.7603264518625
YDR371W,13.6146092678844
YDR372C,97.1461123677989
YDR373W,93.4427429827849
YDR374C,0.433966862335764
YDR374W-A,48.8585618549423
YDR375C,14.9154519695254
YDR376W,24.0100277165936
YDR377W,211.255859656556
YDR378C,203.161182285535
YDR379C-A,29.7829728590815
YDR379W,9.80588139729782
YDR380W,26.2333909275388
YDR381C-A,27.8158511397946
YDR381W,700.593158298075
YDR382W,2855.29380896487
YDR383C,13.6982583502506
YDR384C,182.789559425744
YDR385W,2827.00997291422
YDR386W,6.43850992002188
YDR387C,6.05971545289998
YDR388W,174.26821719383
YDR389W,24.4553399573063
YDR390C,34.9802307207626
YDR391C,25.437873862217
YDR392W,27.0952669095752
YDR393W,10.5747720785668
YDR394W,169.540762769769
YDR395W,105.701249606213
YDR397C,110.783728734267
YDR398W,64.5666265240717
YDR399W,318.588572420883
YDR400W,43.9709825672842
YDR402C,0.120397788180625
YDR403W,1.22276371280886
YDR404C,102.15705280033
YDR405W,40.2729883956514
YDR406W,8.27547718895164
YDR407C,11.8482765613095
YDR408C,124.287280484259
YDR409W,9.25120127057718
YDR410C,33.909291422437
YDR411C,41.4139329806272
YDR412W,98.409739459284
YDR414C,15.6919015843247
YDR415C,39.3961286796742
YDR416W,12.3685834818403
YDR418W,2615.08548952931
YDR419W,8.84121916131284
YDR420W,4.21793878820034
YDR421W,6.70112500444444
YDR422C,19.8821481252001
YDR423C,41.9207467758649
YDR424C,182.083188704763
YDR425W,11.9074037953694
YDR427W,121.088591307667
YDR428C,34.9719440874746
YDR429C,413.37741101001
YDR430C,40.6029029964119
YDR432W,622.175176998174
YDR434W,53.5768845563475
YDR435C,21.2141950724062
YDR436W,10.3721369037372
YDR437W,14.0674312703283
YDR438W,0.251921992648287
YDR439W,10.0110705694468
YDR440W,13.6169026956092
YDR441C,45.1218628063343
YDR443C,6.8226437568147
YDR444W,8.23669158341298
YDR446W,0.439414145126589
YDR447C,2284.0798988907
YDR448W,27.9909184435102
YDR449C,54.6463853797346
YDR450W,2770.2294762582
YDR451C,57.1645984174571
YDR452W,50.2445769603787
YDR453C,22.8733718324979
YDR454C,516.60294775566
YDR456W,26.3984906944799
YDR457W,32.9681241155413
YDR458C,22.0264948721702
YDR459C,4.16090441355736
YDR460W,27.6038611835916
YDR461C-A,82.0006086070175
YDR461W,772.766726341143
YDR462W,88.0110774112505
YDR463W,59.0323616438098
YDR464W,14.389199969295
YDR465C,61.524992403614
YDR466W,12.1141060240312
YDR468C,74.600487303581
YDR469W,40.4674345234071
YDR470C,18.4521526363273
YDR471W,1476.26150179892
YDR472W,38.7837970939984
YDR473C,13.0495419287219
YDR475C,7.59081978781625
YDR476C,64.2034712704267
YDR477W,63.3207673491661
YDR478W,16.3358112002989
YDR479C,11.5752416744719
YDR480W,19.8774857840078
YDR481C,183.656969505992
YDR482C,82.2899036425312
YDR483W,169.131015405905
YDR484W,13.1914297341491
YDR485C,14.5064649688623
YDR486C,64.1606347694236
YDR487C,213.860840554259
YDR488C,14.7975525821183
YDR489W,16.1478753656746
YDR490C,17.260894536744
YDR492W,43.3183400334579
YDR493W,61.5495331441651
YDR494W,37.9795194741871
YDR495C,9.34248174650027
YDR496C,109.070176001896
YDR497C,101.396505021019
YDR498C,18.8584307340676
YDR499W,6.16252216193437
YDR500C,2359.06693805144
YDR501W,8.58299634593096
YDR502C,424.63841137671
YDR503C,16.9657328191177
YDR504C,12.3316107654228
YDR505C,28.0318291100607
YDR506C,37.396099103459
YDR507C,48.5297714318814
YDR508C,173.130578645509
YDR510W,845.903024620387
YDR511W,56.7048912850761
YDR512C,77.3917967677008
YDR513W,261.115304613824
YDR514C,20.5671870982638
YDR515W,27.1798655979092
YDR516C,112.732247429546
YDR517W,70.3474879942545
YDR518W,62.6874283861147
YDR519W,176.381383709894
YDR520C,8.06688079797797
YDR522C,0.12911811641196
YDR523C,0.312416418514488
YDR524C,12.8192257288442
YDR524C-B,3190.14761805272
YDR524W-C,0
YDR525W-A,82.7941189950107
YDR527W,36.0610575833469
YDR528W,12.988593714971
YDR529C,198.36518897919
YDR530C,16.05480425831
YDR531W,55.1580029255386
YDR532C,12.0802344731947
YDR533C,34.8006563431685
YDR534C,16.6994679520803
YDR536W,0.0727663126175332
YDR538W,15.6753265657507
YDR539W,45.6432880329925
YDR540C,5.91179803872259
YDR541C,8.64264728937563
YDR542W,0.0445471816268313
YDR545W,0.547460122861555
YEL001C,239.250316418079
YEL002C,201.057720322932
YEL003W,168.766357881765
YEL004W,14.0037957112228
YEL005C,6.72682329699808
YEL006W,17.1390531017354
YEL007W,48.7197821402469
YEL009C,33.3994115505178
YEL011W,11.6918837846111
YEL012W,34.634800942395
YEL013W,94.1166584557952
YEL015W,59.0936805714472
YEL016C,8.48115406904551
YEL017C-A,1852.14737857541
YEL017W,51.1436073623558
YEL018W,25.1829687521331
YEL019C,10.0657785605445
YEL020C,8.73099010069924
YEL020W-A,157.684131491631
YEL021W,0.40778207388133503
YEL022W,36.8463655827388
YEL023C,0.0958529528325426
YEL024W,84.5678568270629
YEL025C,5.07904432466404
YEL026W,694.173110852109
YEL027W,1241.35512526472
YEL029C,17.9123946243304
YEL030W,0.995231686395606
YEL031W,169.134255650167
YEL032W,36.3560930362372
YEL033W,1939.1101991828
YEL034W,3656.69003264566
YEL035C,0.0333290957427022
YEL036C,51.0341134752133
YEL037C,219.289589195438
YEL038W,79.0039086247013
YEL039C,22.9125966578314
YEL040W,271.737193903249
YEL041W,4.5214663827103
YEL042W,137.984617363539
YEL043W,15.2035958568694
YEL044W,85.4224723885459
YEL046C,443.713471692126
YEL047C,130.777710313717
YEL048C,36.9979309855254
YEL049W,0.668207724402469
YEL050C,33.7496552356053
YEL051W,384.399699686903
YEL052W,27.3559807425846
YEL053C,13.1155697261922
YEL054C,2038.33435507595
YEL055C,71.3399667868637
YEL056W,37.6073493414702
YEL057C,1.34117349223638
YEL058W,96.2565975105738
YEL059C-A,13.6311100250043
YEL060C,91.1629019483346
YEL061C,15.174376681764
YEL062W,7.99004831828163
YEL063C,63.5940389491122
YEL064C,7.1709003444265
YEL065W,99.8211587467419
YEL066W,68.8880045143779
YEL067C,1.61071384275913
YEL068C,36.8170733203227
YEL069C,0.0629081898978215
YEL070W,1.17380105829054
YEL071W,378.979209997008
YEL072W,2.99899061234738
YEL073C,2.6091920667144
YEL075C,0.70247478719234
YEL076C,0.340166874027236
YEL076C-A,0.0261666826174797
YEL077C,0.225892433500654
YER001W,47.2011333678442
YER002W,169.467551487892
YER003C,329.59150258439
YER004W,141.960416281198
YER005W,15.7035703974007
YER006W,173.794880269846
YER007C-A,251.327235835964
YER007W,6.57015383881514
YER008C,20.1996988585263
YER009W,729.54238040425
YER010C,30.6510674432913
YER011W,115.659186267633
YER012W,281.537496155151
YER013W,12.1482784718818
YER014C-A,0
YER014W,22.8989081799831
YER015W,1.94488856506626
YER016W,49.3576185041686
YER017C,25.928636465798
YER018C,21.2102064778074
YER019C-A,485.459295928627
YER019W,32.3109942630265
YER020W,33.6916361427782
YER021W,138.105067921571
YER022W,39.0204611777232
YER023W,421.32704758348
YER024W,0.984810343733284
YER025W,386.5523645962
YER026C,181.728147225193
YER027C,89.426498274247
YER028C,10.4219433119331
YER029C,61.2342207130326
YER030W,259.002040005525
YER031C,219.857999112507
YER032W,13.0878555011854
YER033C,5.97853618459179
YER034W,42.2947877657325
YER035W,57.1655152596026
YER036C,352.793300518441
YER037W,27.5678012734889
YER038C,4.53442116448426
YER038W-A,0.768126636462652
YER039C,1.14581834799252
YER039C-A,5.63036182817319
YER040W,11.6027509716706
YER041W,4.30903528679994
YER042W,143.414545341384
YER043C,1033.04021335724
YER044C,93.2073125532573
YER044C-A,0.286724402935649
YER045C,5.23730378585719
YER046W,8.3886342019628
YER047C,10.8613212262719
YER048C,170.21831417406
YER048W-A,183.303601698936
YER049W,112.055715801579
YER050C,105.49233442147
YER051W,7.7078884906609
YER052C,108.701405114149
YER053C,23.08997653144
YER053C-A,25.1843756004608
YER054C,1.34772317495579
YER055C,341.238512300044
YER056C,204.263820897774
YER056C-A,2277.82467424167
YER057C,318.184106240909
YER058W,36.233308700034
YER059W,26.9224802792203
YER060W,10.428784203006
YER060W-A,21.8615293833675
YER061C,16.2334980255393
YER062C,204.104049418734
YER063W,154.650223533795
YER064C,97.8922181400658
YER065C,1.24167826998204
YER066W,10.9284176810815
YER067W,61.0296388287589
YER068W,53.4315278775099
YER069W,14.2225190904459
YER070W,214.818032325399
YER071C,47.3251355465045
YER072W,1332.6284286735
YER073W,131.537313102407
YER074W,3970.06636587982
YER074W-A,170.307526767706
YER075C,11.091367970257
YER076C,6.49568736274088
YER077C,10.3762903050464
YER078C,16.1067750321751
YER078W-A,22.7442780155105
YER079W,35.3200190795678
YER080W,89.8178224021957
YER081W,19.7936855960153
YER082C,61.39678878948
YER083C,93.1380659836562
YER084W,1.09417731829959
YER085C,0.320990236678398
YER086W,140.136213283929
YER087C-B,369.544456124554
YER087W,17.8739928979648
YER088C,41.2898311567101
YER089C,87.4585981585581
YER090W,207.464816685952
YER091C,596.609356736621
YER092W,90.8060231971124
YER093C,6.29151958022264
YER093C-A,22.7809068731572
YER094C,242.929514000936
YER095W,50.2050300708919
YER096W,0.932794389550484
YER098W,3.85510384943616
YER099C,69.1098054085022
YER100W,148.215155349712
YER101C,15.2929809641604
YER102W,3371.31699869348
YER103W,23.1909110666524
YER104W,19.8360536347843
YER105C,36.5027391194618
YER106W,0.45851910795818
YER107C,59.0999093888542
YER110C,371.134282006495
YER111C,15.2522912641221
YER112W,132.095152536296
YER113C,19.1489183457071
YER114C,38.7238672437579
YER115C,7.59304208178686
YER116C,17.3008584056682
YER117W,2790.3639496982
YER118C,56.1894385383579
YER119C,30.0824497103543
YER120W,538.798161776525
YER121W,3.58763909173231
YER122C,165.752808256444
YER123W,29.2094386852036
YER124C,144.803522413616
YER125W,115.639771609194
YER126C,198.167041167771
YER127W,61.5382953183427
YER128W,15.3542440587534
YER129W,8.66978376598141
YER130C,24.6879899104348
YER131W,1805.02881448692
YER132C,5.51129776532969
YER133W,286.616837665217
YER134C,53.2918544037148
YER136W,213.613420070575
YER137C,14.5301363877152
YER138W-A,127.730251108039
YER139C,26.0166555113734
YER140W,11.1839874151833
YER141W,62.2416884720937
YER142C,18.6148329535744
YER143W,52.7119386791253
YER144C,8.69871821673792
YER145C,237.016774434289
YER146W,223.391252690612
YER147C,9.34123340846088
YER148W,169.312845201886
YER149C,22.8792284506476
YER150W,16.3787542487477
YER151C,55.1667116618134
YER152C,34.6479515052024
YER153C,21.6607927607411
YER154W,30.7847270992363
YER155C,33.7518171450942
YER156C,137.995362002086
YER157W,17.4974355880359
YER158C,3.78915456155416
YER159C,95.8878084517544
YER161C,35.3969612024907
YER162C,8.01830001470841
YER163C,37.826289814365
YER164W,42.7411904758755
YER165W,929.533097604392
YER166W,30.362603294082
YER167W,13.0369389241981
YER168C,38.1408852169301
YER169W,11.6568170593328
YER170W,25.595274453066
YER171W,21.9570516956478
YER172C,17.2979179208038
YER173W,3.88353846338301
YER174C,42.2275381027334
YER175C,17.3000179375921
YER175W-A,0.68922054592456
YER176W,24.0866728526138
YER177W,1217.20802832137
YER178W,609.624780014971
YER179W,1.61462360782422
YER180C,0.171697715318457
YER180C-A,128.030060558845
YER182W,32.6749589633429
YER183C,49.8191416427856
YER184C,1.27670171027555
YER185W,0.742762705123079
YER186C,1.03774684471596
YER187W,0.154455344329817
YER188C-A,0.315809990783876
YER189W,0.614665438793297
YER190C-B,0.103383081888684
YER190W,0.459029273861399
YFL001W,22.9498921391311
YFL002C,29.0880218358284
YFL003C,0.360659559147185
YFL004W,180.214445425581
YFL005W,319.560329091698
YFL007W,30.8512094222653
YFL008W,27.3205174147996
YFL009W,29.4050589805966
YFL010C,425.214262620469
YFL010W-A,0
YFL011W,0.400344043411748
YFL012W,1.03522600217818
YFL013C,28.4617936120291
YFL014W,67.9704914779899
YFL016C,51.3547676706385
YFL017C,61.4472158254127
YFL017W-A,117.255791524803
YFL018C,272.206028462296
YFL020C,3.81970665535835
YFL021W,17.270209261835
YFL022C,345.979872225445
YFL023W,31.4119755332791
YFL024C,12.1092747291035
YFL025C,11.201976013551
YFL026W,257.659173694563
YFL027C,10.4537000778032
YFL028C,47.6824870817884
YFL029C,20.1319290832106
YFL030W,1.136784925332
YFL031W,14.7501315918056
YFL033C,7.23077219383876
YFL034C-A,384.25370859421
YFL034C-B,41.2802253101589
YFL034W,12.8839334172236
YFL036W,22.0124746257176
YFL037W,372.793136467904
YFL038C,523.268000612967
YFL039C,2008.64265592747
YFL040W,0.0328101996413189
YFL041W,52.7054073893777
YFL041W-A,4.89087048488725
YFL042C,20.8206475053359
YFL044C,49.0051718805049
YFL045C,850.506641608664
YFL046W,38.3796210111344
YFL047W,23.9969489347456
YFL048C,120.254553931105
YFL049W,18.6831204735397
YFL050C,0.264498890909311
YFL051C,0
YFL052W,0.707822346125984
YFL053W,0.210395630173899
YFL054C,3.29823926743124
YFL055W,0.953475059182178
YFL058W,2.37265783262908
YFL059W,13.485432302436
YFL060C,2.90801015256717
YFL061W,0.428267387502089
YFL062W,31.4817597131286
YFL064C,0.574752098611914
YFL065C,3.18086898020801
YFL066C,0.417130216212091
YFL067W,0
YFL068W,0
YFR001W,105.640747679979
YFR002W,48.3539092316859
YFR003C,89.3002317823458
YFR004W,216.4173874344
YFR005C,22.0639570175247
YFR006W,97.4907667803537
YFR007W,17.7208608173967
YFR008W,22.6447131961132
YFR009W,157.567592726155
YFR010W,128.641433298281
YFR011C,86.5925617140843
YFR012W,0.723891701436009
YFR012W-A,0.40890323433584
YFR013W,21.1808822603626
YFR014C,29.0150429032686
YFR015C,14.6265978459285
YFR016C,34.9648440223166
YFR017C,11.8214890959643
YFR018C,26.3782674699002
YFR019W,9.22768594657596
YFR020W,4.40694638613961
YFR021W,23.637596774712
YFR022W,2.29827011301078
YFR023W,0.397683549201824
YFR024C-A,164.852667648893
YFR025C,48.1105339088107
YFR026C,0.163952822863562
YFR027W,15.0123503233803
YFR028C,42.1163128138064
YFR029W,7.71239113769709
YFR030W,21.1993754162146
YFR031C,9.77860689722011
YFR031C-A,2681.68711870596
YFR032C,0.697112384236673
YFR032C-A,2675.84715391651
YFR032C-B,3.17130096854677
YFR033C,83.3240969573969
YFR034C,63.0545928657919
YFR035C,32.4751226874989
YFR036W,48.8636135147961
YFR037C,114.425428264499
YFR038W,16.5702197598279
YFR039C,25.1308132096581
YFR040W,27.6355788008547
YFR041C,44.6157890509411
YFR042W,32.4824341597738
YFR043C,57.3130809293009
YFR044C,358.92556373865
YFR045W,14.3946215348932
YFR046C,19.7312953465216
YFR047C,109.468862452484
YFR048W,13.96737933945
YFR049W,135.914620639877
YFR050C,229.208907804036
YFR051C,132.762740882761
YFR052W,175.165955020101
YFR053C,389.449221455498
YFR055W,87.1055605748647
YFR057W,0
YGL001C,146.181353163416
YGL002W,33.9381873548712
YGL003C,11.1592219054673
YGL004C,22.2372956462178
YGL005C,24.9564661713698
YGL006W,15.6697738184244
YGL006W-A,13.7560569086905
YGL007C-A,102.90731397452
YGL008C,2773.67910781604
YGL009C,616.549789887722
YGL010W,16.5400881711651
YGL011C,266.487209592965
YGL012W,238.543031275615
YGL013C,17.5066043001154
YGL014W,38.0832444136911
YGL015C,0.290569116520468
YGL016W,30.6827675649707
YGL017W,14.3396777598518
YGL018C,32.3418458502041
YGL019W,105.929065703974
YGL020C,85.2013525997046
YGL021W,29.7638265842069
YGL022W,112.096999820835
YGL023C,24.0005631384783
YGL025C,26.564981275533
YGL026C,339.753823721708
YGL027C,83.4327292953149
YGL028C,148.610301608884
YGL029W,121.970183294264
YGL030W,2799.84894784136
YGL031C,2924.17474628664
YGL032C,134.310468797527
YGL033W,2.61296257548133
YGL035C,40.9018418345512
YGL036W,12.0030351646657
YGL037C,388.051903217224
YGL038C,31.3313184279558
YGL039W,84.2096467016017
YGL040C,160.593831786519
YGL041C-B,0.317640773339145
YGL041W-A,53.6515118718149
YGL043W,137.646231638206
YGL044C,51.6970517696026
YGL045W,5.12186270852649
YGL047W,33.9115420134253
YGL048C,198.713180157575
YGL049C,63.4345803354252
YGL050W,42.3295624356038
YGL051W,13.2125045080432
YGL053W,27.1205114950209
YGL054C,326.47515734764
YGL055W,272.624240449207
YGL056C,48.3988331001702
YGL057C,17.1817159255979
YGL058W,118.137394158463
YGL059W,5.1447168590567
YGL060W,18.7364587943283
YGL061C,33.734775305042
YGL062W,124.36469374238
YGL063W,3.74733964064327
YGL064C,13.0158484805228
YGL065C,40.0198849899133
YGL066W,26.2442634003812
YGL067W,41.7405609408081
YGL068W,165.824064164004
YGL070C,134.084875005338
YGL071W,19.2378684881193
YGL073W,17.6194676517674
YGL075C,9.75807668881052
YGL076C,3268.96732050491
YGL077C,82.1632931370601
YGL078C,137.856880411828
YGL079W,22.5191065303363
YGL080W,71.7290619067669
YGL081W,4.86446402140913
YGL082W,51.424922937683
YGL083W,14.5847689773045
YGL084C,49.1764835417861
YGL085W,6.7862931276471
YGL086W,20.4430255222722
YGL087C,124.720512759476
YGL089C,1.20277390392445
YGL090W,4.91036831443358
YGL091C,38.630678287554
YGL092W,45.0879605849956
YGL093W,15.9625545359579
YGL094C,11.8139912958863
YGL095C,24.8071023389528
YGL096W,2.32984804134863
YGL097W,119.670524375362
YGL098W,40.2746245508006
YGL099W,101.019440260122
YGL100W,70.3435327010743
YGL101W,77.4460764665489
YGL103W,4173.56808203786
YGL104C,8.7324883028565
YGL105W,654.368979821537
YGL106W,470.610050793587
YGL107C,24.2177122811943
YGL108C,52.3448340362769
YGL110C,19.3476614645233
YGL111W,58.5119027052633
YGL112C,52.8157295256639
YGL113W,4.65945301884539
YGL114W,16.5897708619365
YGL115W,80.212111232045
YGL116W,26.211277325515
YGL117W,5.07943307662153
YGL119W,20.3812678437298
YGL120C,126.351041433986
YGL121C,5.07817054105864
YGL122C,103.213215532596
YGL123W,2929.8977605697
YGL124C,9.03080604321938
YGL125W,20.6436455570263
YGL126W,21.8865169831455
YGL127C,44.1141127381621
YGL128C,10.8285824259304
YGL129C,32.06697049992
YGL130W,41.9299176411316
YGL131C,4.05254884276022
YGL133W,14.6656696201712
YGL134W,6.68835149495805
YGL135W,3166.92268989941
YGL136C,7.23340374930726
YGL137W,230.828509498666
YGL138C,0.0336669944092181
YGL139W,30.6983770194542
YGL140C,20.8608671360349
YGL141W,15.2290469332762
YGL142C,14.1168563398789
YGL143C,12.3132004203442
YGL144C,4.26023426759972
YGL145W,21.9715058845946
YGL146C,2.13672392035106
YGL147C,3051.69931452325
YGL148W,356.325267012405
YGL150C,25.2069788371227
YGL151W,20.2996051388895
YGL153W,35.3031224832803
YGL154C,5.37806909825082
YGL155W,22.6211193356148
YGL156W,7.34670661040015
YGL157W,88.5929522633991
YGL158W,0.138191761414887
YGL159W,21.5235852468881
YGL160W,19.8832295447577
YGL161C,78.2012136566689
YGL162W,10.858316721142
YGL163C,9.88431178334411
YGL164C,23.3170353815945
YGL166W,22.79894033467
YGL167C,70.0846983547535
YGL168W,7.40186591557402
YGL169W,26.4062811571096
YGL170C,0.127524515285498
YGL171W,63.1073991658312
YGL172W,73.8547298774768
YGL173C,170.196573753567
YGL174W,22.3135151743076
YGL175C,4.49454375363062
YGL176C,3.52058041712049
YGL178W,13.6339472781837
YGL179C,6.47170124755579
YGL180W,7.82948002507332
YGL181W,81.1715858299181
YGL183C,0.671673205292817
YGL184C,8.6455443705388
YGL185C,18.7413408262907
YGL186C,63.082000028164
YGL187C,110.259896986224
YGL188C-A,15.932726024405
YGL189C,3335.06032456651
YGL190C,46.3227753711587
YGL191W,197.438817533437
YGL192W,0.00987261863081126
YGL193C,4.73143185356846
YGL194C,26.1364587963056
YGL194C-A,28.4042046710944
YGL195W,152.869347794656
YGL196W,35.7072041753659
YGL197W,15.5273245468739
YGL198W,71.025318351145
YGL200C,365.508611275883
YGL201C,38.3368649260588
YGL202W,358.275737754297
YGL203C,58.8018814713187
YGL204C,35.9078047028288
YGL205W,0.238853676551885
YGL206C,282.344377143796
YGL207W,147.770414220179
YGL208W,14.7243055008099
YGL209W,32.5887216493142
YGL210W,57.9816410244314
YGL211W,30.7592952958009
YGL212W,30.9835021870064
YGL213C,62.8434737099868
YGL215W,25.3440512483063
YGL216W,14.0854031771881
YGL219C,23.3583942903129
YGL220W,142.818264295621
YGL221C,136.023405674918
YGL222C,47.2014189181969
YGL223C,22.6444178518619
YGL224C,26.8629515812406
YGL225W,239.416119554239
YGL226C-A,150.443642573965
YGL226W,43.6775015654769
YGL227W,13.16107174828
YGL228W,90.3782525478261
YGL229C,3.93879633074299
YGL230C,19.6406799971007
YGL231C,127.320156107061
YGL232W,93.9508318984111
YGL233W,21.844944371502802
YGL234W,343.765304288103
YGL235W,0.156372812217473
YGL236C,8.14215064474466
YGL237C,26.758885739819
YGL238W,66.2253909957054
YGL240W,15.0224233241082
YGL241W,20.4534412728105
YGL242C,162.192306851984
YGL243W,15.7219477171943
YGL244W,103.992346454803
YGL245W,633.976063555114
YGL246C,34.5831064102667
YGL247W,13.4489400755451
YGL248W,21.2005312179621
YGL249W,0.329467823410283
YGL250W,11.2941224517806
YGL251C,1.02676874184469
YGL252C,48.318957605919
YGL253W,1333.58782531335
YGL254W,20.8680260964043
YGL255W,9.47327204527802
YGL256W,11.0105287296886
YGL257C,15.562831799318
YGL258W,0.355443829447621
YGL258W-A,0.129995334284703
YGL259W,0.804301407721138
YGL260W,0
YGL261C,0.178188726507325
YGL262W,0.0317640773339145
YGL263W,0.752061242758858
YGR001C,140.41002345916
YGR002C,22.2681655815531
YGR003W,13.2700627196702
YGR004W,17.0051730866157
YGR005C,66.9205581270911
YGR006W,23.0408230947345
YGR007W,47.8027543606391
YGR008C,224.252282396156
YGR009C,53.388785249271
YGR010W,18.5157564961013
YGR012W,36.900217503306
YGR013W,15.9980357556505
YGR014W,65.4119453680819
YGR015C,6.55326092578076
YGR016W,12.2842445850635
YGR017W,56.7922124446806
YGR018C,0.775144592763961
YGR019W,67.8389937345745
YGR020C,365.693768300915
YGR021W,20.1106314620346
YGR023W,3.53918595074003
YGR024C,35.7366739965365
YGR026W,161.775811285765
YGR027C,3060.25440113531
YGR028W,22.6857306716005
YGR029W,48.1030141959098
YGR030C,43.0466897266146
YGR031C-A,0.101656833768094
YGR031W,27.175850828688
YGR032W,12.4904549258199
YGR033C,43.3153097594192
YGR034W,2692.69832046907
YGR035C,78.3806541448177
YGR035W-A,0
YGR036C,22.3839423715525
YGR037C,1199.22158847639
YGR038W,74.1797677514503
YGR040W,20.3535069190321
YGR041W,21.9690577444587
YGR042W,11.7458993965069
YGR043C,5.08406919386486
YGR044C,63.406113739125
YGR046W,14.0355045447658
YGR047C,16.5343457590865
YGR048W,40.7844585185456
YGR049W,50.9070026633428
YGR050C,9.13217223350042
YGR052W,2.79411319849537
YGR053C,2.55985250594227
YGR054W,149.590157314748
YGR055W,159.050281868109
YGR056W,18.8508142434642
YGR057C,12.4978955051256
YGR058W,19.4242601819668
YGR059W,0.276383522829773
YGR060W,521.347019954677
YGR061C,254.890353324272
YGR062C,6.62494258221874
YGR063C,143.03649543258
YGR065C,19.3628014879796
YGR066C,0.256410883446016
YGR067C,0.764105394029686
YGR068C,9.98073691006462
YGR070W,1.49128502475939
YGR071C,7.8126948765688
YGR072W,24.463060879831
YGR074W,75.265567055612
YGR075C,14.7574020371257
YGR076C,50.0253734249716
YGR077C,9.92124820524481
YGR078C,146.114755736007
YGR079W,44.1493292116124
YGR080W,68.9540117592603
YGR081C,76.737106091502
YGR082W,190.052853193349
YGR083C,83.3065656767447
YGR084C,39.6269516786382
YGR085C,2890.36444257503
YGR086C,612.446092488119
YGR087C,8.29720076419244
YGR088W,2.46189896617408
YGR089W,13.7142348587067
YGR090W,57.1968756001956
YGR091W,15.0335106872637
YGR092W,35.7013120612043
YGR093W,22.2752921698113
YGR094W,393.335316015545
YGR095C,60.9658229774715
YGR096W,5.21049343161415
YGR097W,12.0435757666577
YGR098C,5.48669781154438
YGR099W,11.1538640997626
YGR100W,17.3700213930994
YGR101W,25.4324281870462
YGR102C,32.778247582681
YGR103W,172.370362983207
YGR104C,22.2332184963903
YGR105W,184.333384015709
YGR106C,329.471482497626
YGR108W,27.5900213753054
YGR109C,14.3198599896738
YGR110W,1.35828698924266
YGR111W,46.9028365912581
YGR112W,13.3868490259365
YGR113W,24.7304979298315
YGR116W,98.3611483083179
YGR117C,26.296701641257
YGR118W,3040.88154920794
YGR119C,73.0027922599131
YGR120C,21.6069816720859
YGR121C,4.69175821170664
YGR121W-A,1.38892353361223
YGR122W,15.0651758501695
YGR123C,96.4826352775362
YGR124W,581.583888311056
YGR125W,19.8721619976615
YGR126W,13.9203922694439
YGR127W,9.66935883547103
YGR128C,68.8605001764084
YGR129W,27.4359361489912
YGR130C,89.0405071733932
YGR131W,4.11905670671872
YGR132C,159.346882353153
YGR133W,12.7454023158704
YGR134W,8.90226391614648
YGR135W,322.19722229651
YGR136W,178.4140557184
YGR138C,20.3301846974121
YGR140W,10.9097849232291
YGR141W,29.9454689779428
YGR142W,27.7389731592575
YGR143W,16.7030251346546
YGR144W,1.52795099626661
YGR145W,60.6988693364399
YGR146C,37.6785671361701
YGR146C-A,2.35950861535418
YGR147C,49.1978294067353
YGR148C,2374.86128716164
YGR149W,14.2613863557339
YGR150C,6.95455357070509
YGR152C,72.3824829223405
YGR153W,6.40945611823424
YGR154C,0.620791672402533
YGR155W,668.77030625064
YGR156W,24.2605632165445
YGR157W,97.8383194575923
YGR158C,61.5965017149603
YGR159C,392.35826678143
YGR161C,55.3808013397498
YGR161W-C,27.060363121354
YGR162W,262.149280013285
YGR163W,42.979934556549
YGR165W,39.6092189224451
YGR166W,11.3914610866439
YGR167W,352.43600878713403
YGR168C,4.83741551248239
YGR169C,11.5346137402533
YGR169C-A,212.617138810639
YGR170W,8.57854747338636
YGR171C,7.71732864802852
YGR172C,84.2368128944044
YGR173W,124.004453118675
YGR174C,27.037752791328
YGR174W-A,2.0445161716792
YGR175C,428.748954900259
YGR177C,36.16450563043
YGR178C,103.84137000891
YGR179C,14.9081991509037
YGR180C,730.590612177238
YGR181W,179.040615076518
YGR183C,122.253273448473
YGR184C,29.7708814812114
YGR185C,387.005448304429
YGR186W,68.756549969122
YGR187C,99.1048236703738
YGR188C,3.87229918028286
YGR189C,261.955575767322
YGR191W,95.7232426799296
YGR192C,8528.6631151324
YGR193C,87.3406660019626
YGR194C,11.9952316364357
YGR195W,64.8059735148913
YGR196C,26.3558653264318
YGR197C,10.9089224788119
YGR198W,25.9030906935034
YGR199W,31.175752566793
YGR200C,70.2806527564088
YGR201C,6.60035620738513
YGR202C,40.4799767687689
YGR203W,43.2576579481599
YGR204C-A,0
YGR204W,299.552957072009
YGR205W,48.4203653858859
YGR206W,35.9595450554266
YGR207C,108.774805403111
YGR208W,116.596434432635
YGR209C,882.389835313198
YGR210C,81.4991208679499
YGR211W,171.040499047073
YGR212W,5.37629947171689
YGR213C,0.857566623325713
YGR214W,1983.87944093919
YGR215W,115.353754528426
YGR216C,10.1587509981614
YGR217W,6.45338196750362
YGR218W,133.165988202012
YGR220C,59.3324795754146
YGR221C,3.67956000222459
YGR222W,13.6048723048058
YGR223C,12.0801474882172
YGR224W,0.203044591745377
YGR225W,0.768919914685109
YGR227W,25.6150406401815
YGR229C,95.5697871183833
YGR230W,21.6319567873806
YGR231C,134.037923884357
YGR232W,88.2859593582002
YGR233C,42.1853357973864
YGR234W,732.009148173029
YGR235C,87.5176666115701
YGR236C,0.327122587468672
YGR237C,17.7555248914129
YGR238C,4.42381933863188
YGR239C,14.0079928570761
YGR240C,867.638251471913
YGR240C-A,24.8188874410455
YGR241C,29.9476936642499
YGR243W,10.5918227134452
YGR244C,108.845064096357
YGR245C,65.1332471337027
YGR246C,30.238520246509
YGR247W,23.0030726924678
YGR248W,16.0009103674093
YGR249W,0.360649961266589
YGR250C,24.6755644219865
YGR251W,49.8404760455305
YGR252W,23.39492842847
YGR253C,291.261281162919
YGR254W,3755.79874061684
YGR255C,27.5868982332777
YGR256W,2.66903592145556
YGR257C,13.3005156571539
YGR258C,8.52491038278404
YGR260W,137.048918894033
YGR261C,41.4542368160996
YGR262C,48.8510918036949
YGR263C,14.824237226242
YGR264C,279.469055437535
YGR266W,41.1605199042676
YGR267C,138.776193710113
YGR268C,28.8145558671939
YGR270W,22.7093807726789
YGR271C-A,64.985951941999
YGR271W,15.8734985016515
YGR273C,6.19455039615063
YGR274C,18.1631258092404
YGR275W,105.975265496629
YGR276C,37.0951080426916
YGR277C,48.736463215054
YGR278W,11.7626070205783
YGR279C,805.808363173242
YGR280C,88.8667235422207
YGR281W,36.6876510929423
YGR282C,869.892499265528
YGR283C,27.5241798724514
YGR284C,218.818028966384
YGR285C,810.63090902352894
YGR286C,34.3835999668135
YGR287C,3.35734235111628
YGR288W,4.28944781559924
YGR289C,0.0962294229030602
YGR292W,1.4392546694307
YGR294W,0.133641544880494
YGR295C,61.1618240952794
YGR296W,0.996473032054248
YHL001W,2475.8027455624
YHL002W,41.2571536466534
YHL003C,99.1940391629476
YHL004W,53.162288359306
YHL006C,8.51118452162239
YHL007C,38.1850299041517
YHL008C,10.2719202957861
YHL009C,31.3303755087783
YHL010C,7.74084405388124
YHL011C,199.732361027747
YHL012W,0.286686898108581
YHL013C,58.7807172599151
YHL014C,15.0301838657295
YHL015W,3102.10824935167
YHL015W-A,0
YHL016C,0.818048244419993
YHL017W,37.2277495059464
YHL018W,20.2689676402082
YHL019C,8.75513348713069
YHL020C,28.8582431594292
YHL021C,74.6246987772823
YHL022C,1.2039198121335
YHL023C,9.06409984873235
YHL024W,2.47807688748252
YHL025W,29.0902465411313
YHL026C,4.16684039598914
YHL027W,39.688183327514
YHL028W,5.19040352145332
YHL029C,11.9107680017193
YHL030W,47.7476610482383
YHL031C,71.6094395722884
YHL032C,2.83571356446775
YHL033C,1951.09194689478
YHL034C,743.468562649225
YHL035C,3.23580905911432
YHL036W,2.75912786675664
YHL038C,9.94182874080045
YHL039W,30.1235199325548
YHL040C,29.9361213040174
YHL042W,3.43369675979616
YHL043W,0.19568940500358
YHL044W,4.88661931434989
YHL046C,0.178188726507325
YHL047C,16.6291597005835
YHL048C-A,0.200707082054954
YHL048W,12.0639592958899
YHL049C,1.2063356136953
YHL050C,0.025592262214387
YHR001W,62.9388505144996
YHR001W-A,149.299641425982
YHR002W,5.36036514687179
YHR003C,34.8620845772521
YHR004C,6.82939105070132
YHR005C,70.2791044599943
YHR005C-A,471.930675726365
YHR006W,26.8124506939355
YHR007C,398.485676447413
YHR007C-A,113.127821812716
YHR008C,247.483086776491
YHR009C,57.6471897630477
YHR010W,2527.09936435337
YHR011W,11.4744296651475
YHR012W,64.5163507121179
YHR013C,163.661913901947
YHR014W,0.0791520886977284
YHR015W,19.1653974747463
YHR016C,50.0824906395683
YHR017W,19.643643509737
YHR018C,80.5839631834526
YHR019C,558.161354070687
YHR020W,397.633959200211
YHR021C,2300.62866031124
YHR021W-A,1.67029790354282
YHR022C,1.85322810606488
YHR022C-A,1.73311297862052
YHR023W,21.2541368848935
YHR024C,48.8351456336921
YHR025W,272.824663782274
YHR026W,256.973229699719
YHR027C,210.181662293248
YHR028C,45.5441560910356
YHR029C,58.2420941587194
YHR030C,43.1558978118415
YHR031C,10.148687123845
YHR032W,37.8223708901138
YHR033W,0.193859607686135
YHR034C,24.0204826030889
YHR035W,2.41955491135011
YHR036W,20.9858940868273
YHR037W,72.0901393441171
YHR038W,32.9498646803326
YHR039C,61.9808178027485
YHR039C-A,1089.94339315447
YHR040W,19.6803084544251
YHR041C,36.4481109437061
YHR042W,147.03528557961
YHR043C,63.5775341027707
YHR044C,21.0920729250898
YHR045W,23.2896785515629
YHR046C,39.7713426040788
YHR047C,121.425101393487
YHR048W,1.88150282197747
YHR049W,132.938168328491
YHR050W,27.272745362039
YHR050W-A,185.073105172499
YHR051W,174.916222010893
YHR052W,140.657158747565
YHR053C,1176.12971838146
YHR054C,45.4801886952566
YHR055C,1175.81616740349
YHR056C,34.5120995856629
YHR057C,63.2248435534375
YHR058C,39.8494788370927
YHR059W,72.9743581204261
YHR060W,70.9937841423894
YHR061C,19.4242776337559
YHR062C,45.6313708373616
YHR063C,109.078296484051
YHR064C,729.629828184744
YHR065C,86.6527302207741
YHR066W,68.9741496869492
YHR067W,9.56312867598021
YHR068W,326.269664619842
YHR069C,54.0799622771799
YHR070W,38.9253676197167
YHR071W,16.851769657477
YHR072W,30.910143377947
YHR072W-A,602.397218402688
YHR073W,22.7432571160843
YHR074W,73.2073587988455
YHR075C,7.49568696925714
YHR076W,55.0130857439784
YHR077C,16.8272043084578
YHR078W,7.92240029635441
YHR079C,6.48263183585744
YHR079C-A,0.282729790510849
YHR080C,2.88384386321066
YHR081W,94.9624554513498
YHR082C,25.52466883753
YHR083W,42.7107380255323
YHR084W,27.7853035978594
YHR085W,33.0390185558009
YHR086W,20.8364695679744
YHR086W-A,0
YHR087W,73.7726916199746
YHR088W,83.4690309171065
YHR089C,434.718863494269
YHR090C,23.3400384092812
YHR091C,6.38652166304425
YHR092C,32.0601907095105
YHR094C,178.264152985307
YHR096C,10.3324577406418
YHR097C,28.3510991639334
YHR098C,75.973750107535
YHR099W,24.6994419015274
YHR100C,27.5927451947748
YHR101C,20.2552445747782
YHR102W,14.8946006702016
YHR103W,28.8683172907047
YHR104W,131.871755783079
YHR105W,15.4930205233085
YHR106W,12.0347771627357
YHR107C,125.09136001986
YHR108W,135.247217809381
YHR109W,7.79143780586739
YHR110W,53.4085641411132
YHR111W,47.1540046567751
YHR112C,32.7184751811729
YHR113W,59.5513757753001
YHR114W,33.3987294409394
YHR115C,34.516515391027
YHR116W,27.1241855205758
YHR117W,47.3275870606524
YHR118C,20.8253964586836
YHR119W,13.1736442006666
YHR120W,8.53625665557128
YHR121W,108.868645742745
YHR122W,72.0741022573976
YHR123W,54.3151437665429
YHR124W,0.917473543914594
YHR126C,0.0346572001271363
YHR127W,51.1823671007225
YHR128W,364.554222226727
YHR129C,10.3933540893749
YHR131C,6.32929783260298
YHR132C,121.839533724269
YHR132W-A,109.833439413296
YHR133C,121.359939995792
YHR134W,7.31000017757443
YHR135C,79.9174832116785
YHR136C,174.916222010893
YHR137W,46.827526342707
YHR138C,53.6748082295535
YHR139C,0.284269952793787
YHR140W,8.33444662770573
YHR141C,3139.38273074911
YHR142W,43.3366409798176
YHR143W,304.80963556343
YHR143W-A,392.402416125641
YHR144C,31.5087727569659
YHR146W,207.101234665612
YHR147C,65.7463613689293
YHR148W,78.8507425570353
YHR149C,29.6268429564627
YHR150W,5.22276442229291
YHR151C,7.30349400983879
YHR152W,100.534142127674
YHR153C,7.11855661679691
YHR154W,21.0600217335755
YHR155W,8.65281879007083
YHR156C,9.21751963755182
YHR157W,0.796766704936278
YHR158C,31.2278007036017
YHR159W,6.17386291842282
YHR160C,0.609488691891018
YHR161C,20.3506336870968
YHR162W,440.057855590508
YHR163W,129.660804258834
YHR164C,6.41388699761879
YHR165C,14.8991346139096
YHR166C,12.4193753092521
YHR167W,26.2454025534214
YHR168W,7.1850382535396
YHR169W,44.8108823669157
YHR170W,113.320920284035
YHR171W,6.4584228373003
YHR172W,13.3411646761737
YHR173C,0.425852591199501
YHR174W,7539.95351345909
YHR175W,118.851447382509
YHR175W-A,39.6809108217074
YHR176W,3.1887971394838
YHR177W,0.998122444257675
YHR178W,7.43717054206967
YHR179W,855.574952212187
YHR181W,68.2797836750004
YHR182W,6.00710872074747
YHR183W,891.473382804621
YHR184W,2.77642899441646
YHR185C,0.600011316261525
YHR186C,15.6142542403761
YHR187W,32.5841887471673
YHR188C,52.286543575212
YHR189W,6.65764814442288
YHR190W,211.625866823505
YHR191C,42.6303630321088
YHR192W,38.470825110357
YHR193C,1572.5217418022
YHR194W,3.32171905527435
YHR195W,18.1381347816415
YHR196W,65.3194696769134
YHR197W,30.2271387053272
YHR198C,21.1130773651115
YHR199C,41.0575008783702
YHR199C-A,37.4792496125816
YHR200W,218.979652222039
YHR201C,84.1690459361626
YHR202W,6.86881058080096
YHR203C,2978.84222682145
YHR204W,8.35305335549874
YHR205W,48.311436137733
YHR206W,26.0142985649506
YHR207C,34.3297875116846
YHR208W,495.960917735735
YHR209W,8.82545788979672
YHR210C,1.41280576958161
YHR211W,0.189614568512375
YHR212W-A,0.0727663126175332
YHR213W,0
YHR213W-A,0
YHR213W-B,0
YHR214C-D,0.0535611274692107
YHR214C-E,0.210539993855917
YHR214W,24.6665653651453
YHR215W,568.435238997444
YHR216W,129.67797384075
YHR218W,0.943182931055449
YHR219W,0.0285083420400637
YIL001W,9.55171192704701
YIL002C,9.02466051052984
YIL002W-A,193.161432923378
YIL003W,20.3483277969277
YIL004C,64.4240217649042
YIL005W,43.8072804587052
YIL006W,3.14040482281195
YIL007C,26.882028123966
YIL008W,189.170184479542
YIL009C-A,140.509172779861
YIL009W,27.6620864371227
YIL010W,89.5872666014473
YIL011W,12.7232364606762
YIL013C,0.818761180869522
YIL014C-A,17.6084425938765
YIL014W,17.7371262762008
YIL015W,192.859778709253
YIL016W,85.672598714281
YIL017C,4.98649717406919
YIL018W,3037.72937063719
YIL019W,40.8261817497666
YIL020C,57.1391136626701
YIL021W,139.638553913046
YIL022W,94.232049748212
YIL023C,25.1470478047493
YIL024C,4.88430605681546
YIL026C,19.788112633962
YIL027C,96.2642933535583
YIL029C,2.72430348142239
YIL030C,54.4329427564073
YIL031W,6.15378611166081
YIL033C,113.554129313326
YIL034C,94.509461929135
YIL035C,63.7998928079712
YIL036W,35.2781208976085
YIL037C,0.470637221151657
YIL038C,62.1259035212565
YIL039W,77.0359961317476
YIL040W,67.3104074107143
YIL041W,295.58745028939
YIL042C,24.2684512114289
YIL043C,245.070245104336
YIL044C,68.742813444125
YIL045W,8.66019698585556
YIL046W,14.1293710495986
YIL046W-A,6.46144261804275
YIL047C,25.2957194595581
YIL048W,19.7138128546189
YIL049W,10.926999656401
YIL050W,31.2612923529108
YIL051C,1346.96716060966
YIL052C,2658.98783395373
YIL053W,1767.21230976583
YIL054W,9.70762418246072
YIL055C,4.22794509412189
YIL056W,13.2578744100564
YIL057C,0.57286689287641
YIL060W,18.4159157903784
YIL061C,44.7188055055199
YIL062C,266.83065744759
YIL063C,94.2092957085455
YIL064W,57.6850733287858
YIL065C,64.7940919246806
YIL066C,3.82197046430277
YIL067C,11.1917312304991
YIL068C,20.3389961711632
YIL069C,3137.45310668304
YIL070C,117.641331932498
YIL071C,5.22027211611095
YIL072W,0.558213208911017
YIL073C,0.29468522165245
YIL074C,123.187174383814
YIL075C,171.070750844817
YIL076W,173.082897619585
YIL077C,11.5915295082649
YIL078W,620.776844668374
YIL079C,33.1344302277449
YIL083C,45.5890799010379
YIL084C,27.3167984171826
YIL085C,22.8503947329186
YIL087C,27.4841575088842
YIL088C,34.5941103424312
YIL089W,3.79019479164829
YIL090W,24.0806327575428
YIL091C,44.3527280459388
YIL092W,3.39235130685187
YIL093C,39.8041236305778
YIL094C,182.172309387111
YIL095W,13.5067773195482
YIL096C,23.1152714946258
YIL097W,5.55473805441953
YIL098C,45.0402281030894
YIL099W,0.269068127091939
YIL101C,3.036412867191
YIL102C,0
YIL102C-A,9.76312231508772
YIL103W,37.0387121379858
YIL104C,25.1817760124276
YIL105C,28.2629467036797
YIL105W-A,5.44044303272365
YIL106W,53.007104556951
YIL107C,11.2934409683352
YIL108W,29.4125996257642
YIL109C,133.372340024057
YIL110W,42.8230057824939
YIL111W,76.7247710909995
YIL112W,16.1328583743075
YIL113W,4.0467528361154
YIL114C,30.0451534401167
YIL115C,57.3904458195602
YIL116W,92.97384975982
YIL117C,42.6774423501832
YIL118W,124.458110412416
YIL119C,22.2161105790584
YIL120W,1.2498315075176
YIL121W,28.126654575972
YIL122W,5.21601859211719
YIL123W,550.006389402756
YIL124W,120.76594184238
YIL125W,88.3268896555833
YIL126W,47.2385783476537
YIL127C,72.7019340385557
YIL128W,22.560471264706
YIL129C,15.0023091358926
YIL130W,21.5360336356308
YIL131C,37.0637296507447
YIL132C,5.11613712936308
YIL133C,1579.90814031628
YIL134C-A,10.4783490169248
YIL134W,6.93041758513867
YIL135C,29.0373488249299
YIL136W,24.4019964319084
YIL137C,61.2753578742282
YIL138C,234.318175357133
YIL139C,6.95673757405509
YIL140W,34.9698028441227
YIL142W,233.013169631731
YIL143C,29.6167074683976
YIL144W,14.7284774976474
YIL145C,70.7766715988384
YIL146C,3.68187762621275
YIL147C,11.1702958478773
YIL148W,2886.43976567432
YIL149C,12.2899255180939
YIL150C,10.494487206507
YIL151C,5.30116696045735
YIL152W,10.0635328453938
YIL153W,20.0179593141173
YIL154C,42.9245669137143
YIL155C,17.1759834296583
YIL156W,14.4469117589118
YIL156W-B,152.021811381468
YIL157C,71.8036631151983
YIL158W,34.7353620603536
YIL159W,4.54968101692955
YIL160C,0.126348270717146
YIL161W,17.6111824794392
YIL162W,44.0630084316284
YIL163C,2.09516170943152
YIL164C,0.988024816607464
YIL165C,0.493630931540563
YIL166C,1.04616770216711
YIL169C,9.4721839179767109
YIL172C,1.60830771310959
YIL173W,7.45039046173592
YIL176C,0.133641544880494
YIL177C,0.469987827193673
YIR001C,41.7111966765132
YIR002C,11.0828211060903
YIR003W,42.750993158265
YIR004W,53.6532080405062
YIR005W,26.2134012694405
YIR006C,88.4132576815731
YIR007W,17.3051154450362
YIR008C,38.5596497126345
YIR009W,39.2468811914927
YIR010W,14.5251873320243
YIR011C,40.8635234202114
YIR012W,142.347649691808
YIR013C,0.26534156610655
YIR014W,9.22631833900042
YIR015W,16.5970599098472
YIR016W,0.475521394407122
YIR017C,15.3049825975523
YIR018C-A,0.197452372616225
YIR018W,22.6384804667412
YIR019C,0
YIR020C,0.0521838413342881
YIR021W,13.1971514454273
YIR021W-A,132.767734779352
YIR022W,110.646790981577
YIR023W,11.9088462234161
YIR024C,22.8173472424423
YIR025W,11.9018951812692
YIR026C,52.5859585004367
YIR027C,1.23891007923013
YIR028W,0.569884916873172
YIR029W,1.59114771074891
YIR030C,13.966851651235899
YIR031C,2.14435352679157
YIR032C,2.61740999448358
YIR033W,34.2705713973616
YIR034C,82.8223182374435
YIR035C,39.7451929472789
YIR036C,57.0787976072422
YIR037W,316.76269402138
YIR038C,62.4679441078805
YIR039C,1.25354320845159
YIR041W,0.129841311376783
YIR042C,0.313240736241439
YJL001W,282.479767878837
YJL002C,161.054940080123
YJL003W,45.6156523940689
YJL004C,52.7698207362209
YJL005W,14.3003140914931
YJL006C,20.092571292942
YJL008C,220.057235815923
YJL010C,64.8348556030742
YJL011C,70.1104104680745
YJL012C,400.759167929791
YJL013C,10.4776646942356
YJL014W,216.773003610463
YJL016W,7.07176868860794
YJL019W,20.0332671420014
YJL020C,88.4116691552292
YJL023C,7.11489129099482
YJL024C,73.6353634524021
YJL025W,3.47619118938521
YJL026W,435.839693909017
YJL027C,0.0393628113512949
YJL028W,0
YJL029C,25.5308821504141
YJL030W,39.5345763462824
YJL031C,34.9697536157707
YJL033W,61.2706843835786
YJL034W,448.452396779452
YJL035C,13.4699540444131
YJL036W,30.242098799037
YJL037W,1.16365629568149
YJL038C,1.21417848649086
YJL039C,40.1966020020952
YJL041W,130.214117619241
YJL042W,22.7830913308912
YJL043W,0.266957531795384
YJL044C,21.2271700090494
YJL045W,1.28187253687455
YJL046W,11.1273766603968
YJL047C,8.73512126682649
YJL047C-A,3.21131331287927
YJL048C,11.3893973574512
YJL049W,15.9813014086257
YJL050W,96.2607497161081
YJL051W,10.1266933749866
YJL052C-A,0
YJL052W,1998.82820666442
YJL053W,38.9598316684466
YJL054W,43.1993592177715
YJL055W,146.859289523197
YJL056C,5.03118187734112
YJL057C,7.38232158124997
YJL058C,6.49423087957087
YJL059W,10.2934060653898
YJL060W,54.9119763099772
YJL061W,35.5524768268116
YJL062W,32.2430396023747
YJL062W-A,146.773469798751
YJL063C,65.192234766376
YJL065C,51.378827448006
YJL066C,45.2303121043842
YJL068C,105.902339459664
YJL069C,50.8051852641028
YJL070C,6.43357159559794
YJL071W,7.36964237805056
YJL072C,34.1164170232657
YJL073W,18.8900247812356
YJL074C,28.5197250500762
YJL076W,54.5658021317144
YJL077C,0.494745222582415
YJL077W-A,11.5855916395155
YJL077W-B,0
YJL078C,72.5419340583145
YJL079C,70.9551460338924
YJL080C,355.142215771693
YJL081C,41.5733562587699
YJL082W,26.9445902101229
YJL083W,7.08209275251053
YJL084C,12.0826544795812
YJL085W,18.5213206528315
YJL087C,29.6876780471124
YJL088W,5.73335625185929
YJL089W,0.287967591123387
YJL090C,5.25626309596864
YJL091C,29.2589991954915
YJL092W,8.64641839129295
YJL093C,6.1598071777544
YJL094C,12.8103607501782
YJL095W,7.32365998030051
YJL096W,73.2629802447426
YJL097W,134.129593888902
YJL098W,27.4871586085261
YJL099W,11.1757352507872
YJL100W,5.62280193104889
YJL101C,33.0318206795231
YJL102W,6.66608503681921
YJL103C,1.55400409855784
YJL104W,137.037707278564
YJL105W,0.570100925559564
YJL106W,0.0460059054584404
YJL107C,6.93773613114813
YJL108C,1.35573532740874
YJL109C,53.9952255598081
YJL110C,20.0982862778389
YJL111W,191.668179583115
YJL112W,12.7733759433906
YJL115W,65.5416104154043
YJL116C,3.3912119321387
YJL117W,217.83435862779
YJL118W,8.65425091434976
YJL121C,253.955669205432
YJL122W,135.283205365142
YJL123C,111.850648595757
YJL124C,166.444326432492
YJL125C,50.847691268431
YJL126W,14.7092866871212
YJL127C,10.6433844914299
YJL127C-B,42.7350195781282
YJL128C,35.4972069679977
YJL129C,6.10919218390228
YJL130C,283.132819883772
YJL131C,13.118308235243
YJL132W,4.02609680207366
YJL133C-A,125.970258162109
YJL133W,23.0881935096966
YJL134W,41.4487629329432
YJL136C,2496.87096256916
YJL136W-A,0.278844953694669
YJL137C,12.8924784472947
YJL138C,1888.11912748701
YJL139C,14.5402802278522
YJL140W,158.128749501818
YJL141C,13.4672746332964
YJL143W,219.032711127163
YJL144W,13.2189454429675
YJL145W,126.459028804245
YJL146W,21.3606334741039
YJL147C,5.8335949719016
YJL148W,170.8898878835
YJL149W,14.6544715782312
YJL151C,295.687126794274
YJL153C,0.731016819176504
YJL154C,35.0710903124159
YJL155C,17.2381117409033
YJL156C,20.24645544083
YJL157C,42.6263913387327
YJL158C,1190.80527674044
YJL159W,1906.91658523582
YJL160C,0.902190451169086
YJL161W,6.00556411287824
YJL162C,8.61947106864019
YJL163C,4.71784524716115
YJL164C,39.8401131927246
YJL165C,23.6912644099682
YJL166W,274.515297862452
YJL167W,529.335712066225
YJL168C,33.4589147194502
YJL170C,16.5916866280731
YJL171C,111.917057452882
YJL172W,177.044981377255
YJL173C,159.461776692661
YJL174W,183.891577549302
YJL176C,37.2013954826872
YJL177W,1769.97274395409
YJL178C,122.326663985243
YJL179W,148.343296440203
YJL180C,20.0284128594234
YJL181W,7.34259626209221
YJL183W,81.6760388968844
YJL184W,110.021970011241
YJL185C,5.70146382715849
YJL186W,102.807651349927
YJL187C,8.06487009372554
YJL189W,4112.3566135626
YJL190C,2980.4919577718
YJL191W,1127.8232708373
YJL192C,153.49821413756
YJL193W,15.1088008767626
YJL194W,19.4482509994748
YJL196C,160.744868395798
YJL197W,20.190437456438
YJL198W,30.1738093329694
YJL200C,71.9918948022826
YJL201W,22.9911212159052
YJL203W,28.7509512340092
YJL204C,17.1912253952043
YJL205C,78.3007303465682
YJL206C,6.69587843626709
YJL207C,16.552436934063
YJL208C,32.8476397598424
YJL209W,5.19244783057877
YJL210W,15.5765440645569
YJL212C,50.0534098879067
YJL213W,0.0700454246097827
YJL214W,1.07070431422942
YJL216C,0.0916782488583422
YJL217W,381.594339756982
YJL218W,17.8635594786967
YJL219W,0.594556044899513
YJL221C,1.70882694517894
YJL222W,7.60204245965225
YJL223C,0.0890943632536626
YJL225C,0.442543282540028
YJR001W,55.6098117365419
YJR002W,66.0971547441654
YJR003C,22.3786523058647
YJR004C,1.21457890705556
YJR005C-A,10.9919155150947
YJR005W,22.5713317436378
YJR006W,21.2620661267071
YJR007W,355.718043590153
YJR008W,5.64752756545421
YJR009C,5356.70872967691
YJR010C-A,104.304810570583
YJR010W,21.3449382589713
YJR011C,12.7389965610174
YJR012C,11.7860821970363
YJR013W,29.2751764371785
YJR014W,364.35098349
YJR015W,110.822955952618
YJR016C,429.915348127127
YJR017C,169.108260823927
YJR019C,18.3808899649671
YJR021C,8.56141146890664
YJR022W,28.8256895434098
YJR024C,92.8632143232677
YJR025C,162.241448871241
YJR030C,12.8849554839411
YJR031C,16.7686681536058
YJR032W,56.4426202487137
YJR033C,12.9193312597203
YJR034W,70.0784339843481
YJR035W,6.67021596722239
YJR036C,1.39361102316074
YJR039W,2.53656585917328
YJR040W,26.4898033283439
YJR041C,25.9852739589301
YJR042W,41.2108280721241
YJR043C,27.1474574577694
YJR044C,97.8502539742726
YJR045C,1130.50119410657
YJR046W,21.9230987560402
YJR047C,242.554701280573
YJR048W,209.337486583317
YJR049C,33.5997117420375
YJR050W,29.8277307653139
YJR051W,45.2903995765745
YJR052W,18.5574113123166
YJR053W,10.2453489843109
YJR054W,8.54548498423595
YJR055W,31.4065849506361
YJR056C,24.0472503668428
YJR057W,43.8291933842785
YJR058C,43.559159614782
YJR059W,37.5717405549206
YJR060W,143.018262159099
YJR061W,3.00673971961135
YJR062C,18.8684431228411
YJR063W,113.711659905139
YJR064W,262.63411919916
YJR065C,179.989427542735
YJR066W,11.1446777498375
YJR067C,43.2861102484312
YJR068W,50.5110410101817
YJR069C,255.529861435356
YJR070C,430.913797312665
YJR072C,122.54541495079
YJR073C,85.3065190674291
YJR074W,57.2836258283208
YJR075W,105.071616554103
YJR076C,108.909087238749
YJR077C,223.891506436785
YJR078W,7.32388546760502
YJR079W,6.9278547978279
YJR080C,33.652647678646
YJR082C,46.3416657813106
YJR083C,18.2269558396375
YJR084W,17.3504348879091
YJR085C,344.12026547826
YJR086W,109.153490222523
YJR088C,122.229095747305
YJR089W,7.73976685174417
YJR090C,14.6354595828922
YJR091C,23.414416921283
YJR092W,46.1537613768712
YJR093C,35.678360578603
YJR094C,8.17854716840922
YJR094W-A,2471.12098590799
YJR095W,0.539301509852387
YJR096W,33.8787282412448
YJR097W,32.94681219224
YJR098C,7.42158694892997
YJR099W,42.4320720400903
YJR100C,20.1067225703646
YJR101W,48.2885144988395
YJR102C,22.6076946756169
YJR103W,48.4148458432999
YJR104C,1679.39220472161
YJR105W,646.370029842916
YJR106W,5.05655559176293
YJR107W,0.0353275521605432
YJR108W,4.57698369698112
YJR109C,89.0198998390161
YJR110W,8.08676746504862
YJR111C,19.4426892713235
YJR112W,34.93440465434
YJR112W-A,22.9636585606324
YJR113C,45.8109474368264
YJR115W,2.03301500350817
YJR116W,21.4559717413922
YJR117W,111.400834882474
YJR118C,86.4161245039584
YJR119C,4.87267202432072
YJR120W,110.779214933015
YJR121W,396.842784549901
YJR122W,9.35143918524572
YJR123W,3687.28143759592
YJR124C,37.4327346787815
YJR125C,114.603743853379
YJR126C,21.8760211215709
YJR127C,6.25957008463322
YJR129C,15.0976118274552
YJR130C,9.58251321298671
YJR131W,36.1950444564077
YJR132W,37.923961335363
YJR133W,82.5807362089949
YJR134C,19.2065860977259
YJR135C,11.1443457764751
YJR135W-A,150.401884823116
YJR136C,10.4467042610188
YJR137C,30.5351791866038
YJR138W,7.89984245271985
YJR139C,663.869216278813
YJR140C,12.0835791187366
YJR141W,12.2376130205111
YJR142W,56.1849258232089
YJR143C,127.35001826991
YJR144W,80.2608182762254
YJR145C,3071.89610187301
YJR146W,12.8442522186889
YJR147W,10.8546104127727
YJR148W,459.50796007513
YJR149W,0.434176175919196
YJR150C,5.06912950249388
YJR151C,0.0775446269473571
YJR151W-A,0
YJR152W,0.0543905433799906
YJR153W,0.483610180061805
YJR154W,1.29260526099179
YJR155W,0.0799314856323888
YJR156C,3.00422862260948
YJR158W,0.0938772702472915
YJR159W,2.18324902638547
YJR160C,0.324743193648183
YJR161C,20.8539512721636
YKL001C,68.5748177168034
YKL002W,72.9349626906106
YKL003C,78.0872876309246
YKL004W,59.5741227746468
YKL005C,15.3033672253528
YKL006C-A,61.0596853149002
YKL006W,3193.85915023272
YKL007W,128.299534493604
YKL008C,106.798793374909
YKL009W,243.267574853352
YKL010C,33.979231648988
YKL011C,10.5732273650266
YKL012W,16.2135398075599
YKL013C,223.227272251213
YKL014C,32.6549520786831
YKL015W,7.28861687467861
YKL016C,224.696139885113
YKL017C,8.69274898643823
YKL018C-A,56.2668133579939
YKL018W,29.8006469027632
YKL019W,37.9927646427793
YKL020C,19.5277760624123
YKL021C,64.5407165553303
YKL022C,22.1162023273567
YKL023C-A,245.07429484812
YKL023W,30.1641557315394
YKL024C,266.92980773147
YKL025C,26.0706670662173
YKL026C,1.85626731425054
YKL027W,33.5743557168376
YKL028W,36.1013814097069
YKL029C,142.332251728743
YKL032C,69.1088666795914
YKL033W,8.18547422699342
YKL033W-A,152.066329724594
YKL034W,17.2348138623635
YKL035W,320.080570681874
YKL037W,56.5561755648961
YKL038W,7.8239116045439
YKL039W,111.831035640135
YKL040C,98.8239469571463
YKL041W,55.7796115647325
YKL042W,28.9920410854587
YKL043W,23.562277139049
YKL044W,13.0530505294055
YKL045W,30.2691828743196
YKL046C,93.3874105424388
YKL047W,23.0761648803972
YKL048C,6.25808757118049
YKL049C,49.9357586173768
YKL050C,0.0908028489126462
YKL051W,10.8861421935866
YKL052C,32.1499800013082
YKL053C-A,101.995689880654
YKL054C,412.077171101768
YKL055C,8.36771437684993
YKL056C,2379.2043347794
YKL057C,36.3495700860178
YKL058W,99.312373039317
YKL059C,24.2637758978948
YKL060C,5669.15852681801
YKL061W,24.3681099701117
YKL062W,14.9033285006507
YKL063C,105.475760606165
YKL064W,19.042601958662
YKL065C,134.357767531201
YKL065W-A,1.15425225256139
YKL067W,420.044039942459
YKL068W,40.4286599937473
YKL068W-A,105.53446926179
YKL069W,81.756158876863
YKL070W,0.0655811291454249
YKL071W,0.647513434649174
YKL072W,10.7501380125192
YKL073W,59.4862849313273
YKL074C,20.8287435368618
YKL075C,18.1338848636651
YKL077W,190.375251177654
YKL078W,17.3734008344642
YKL079W,20.7080377306729
YKL080W,282.75469656091
YKL081W,1460.22439842511
YKL082C,90.0788823268946
YKL084W,56.1238524702061
YKL085W,176.480096489604
YKL086W,7.88206048923934
YKL087C,48.7976737906435
YKL088W,33.0581526909811
YKL089W,13.5717963305174
YKL090W,8.14544731486984
YKL091C,23.0540756180408
YKL092C,10.7673797541926
YKL093W,0.787403791454581
YKL094W,83.1221581860169
YKL095W,19.9585483655235
YKL096C-B,0.0927124084619332
YKL096W,307.564893266992
YKL096W-A,2222.19926054945
YKL098W,11.4864967432967
YKL099C,104.609032934747
YKL100C,46.5130627729474
YKL101W,24.2506380814023
YKL103C,85.3559816799536
YKL104C,169.855914082254
YKL105C,12.6726777773067
YKL106C-A,0.874938657101836
YKL106W,35.0967018410793
YKL107W,0.972104311447332
YKL108W,12.4311613512092
YKL109W,14.9037904324767
YKL110C,45.3746151217604
YKL112W,64.8657013036686
YKL113C,55.3580674689616
YKL114C,63.3301466271071
YKL116C,15.2468561354826
YKL117W,768.463135110144
YKL119C,47.1193807616295
YKL120W,196.189798002676
YKL121W,4.7518133340854
YKL122C,116.215592924328
YKL124W,10.098025928034
YKL125W,26.7864440862488
YKL126W,68.3645773996878
YKL127W,153.565778081067
YKL128C,94.1932288982653
YKL129C,25.0957573224802
YKL130C,52.9156071296484
YKL132C,1.03588819365079
YKL133C,2.3353991535289498
YKL134C,12.6908631883979
YKL135C,33.7660838687506
YKL137W,98.2841095208583
YKL138C,81.9215631059383
YKL138C-A,143.20098871987
YKL139W,19.3821134062298
YKL140W,32.4316104821361
YKL141W,121.525956585557
YKL142W,266.085923635231
YKL143W,76.0781659035462
YKL144C,57.6684695561571
YKL145W,250.967953124096
YKL146W,25.6267824765115
YKL148C,35.536666163459
YKL149C,14.85692526209
YKL150W,118.087775262063
YKL151C,42.966827322935
YKL152C,5161.95169616288
YKL154W,69.8109023169635
YKL155C,14.2696093534841
YKL156W,1189.95906434497
YKL157W,131.703144633862
YKL159C,16.9272767900608
YKL160W,194.581170847409
YKL161C,0.649880307202402
YKL162C,5.19137816458543
YKL163W,76.6924278887528
YKL164C,937.337051970489
YKL165C,41.6169387997639
YKL166C,38.0262477247043
YKL167C,64.7770134567166
YKL168C,8.8116009309743
YKL170W,69.1210967328738
YKL171W,4.44685874461206
YKL172W,213.093166963228
YKL173W,22.7264533462193
YKL174C,22.4755037217347
YKL175W,49.7436860852377
YKL176C,8.10146929001931
YKL178C,3.4652215187392
YKL179C,36.2398900037616
YKL180W,2829.39574136805
YKL181W,190.725863070507
YKL182W,527.740327559884
YKL183C-A,0
YKL183W,34.0569646311328
YKL184W,131.48309856631
YKL185W,43.3048211425417
YKL186C,79.7623946906066
YKL187C,0.246171599337837
YKL188C,0.462034011047166
YKL189W,17.6345394853801
YKL190W,164.283807971006
YKL191W,51.5757669119606
YKL192C,415.438630499993
YKL193C,49.917964013194
YKL194C,13.1767833341315
YKL195W,100.287063781078
YKL196C,280.989914876936
YKL197C,11.6342552833208
YKL198C,10.2176268899381
YKL201C,3.82715476973148
YKL203C,9.6063803205719
YKL204W,61.2409289039982
YKL205W,27.0912022855305
YKL206C,46.508618636887
YKL207W,149.74956347295
YKL208W,23.3859798795318
YKL209C,71.7155076622645
YKL210W,375.191288821962
YKL211C,95.1764474988119
YKL212W,191.532917172447
YKL213C,39.9652147949909
YKL214C,80.6513541714301
YKL215C,40.884464021833
YKL216W,454.877917743672
YKL217W,0.789081267805094
YKL218C,16.5587247502381
YKL219W,13.680295777014
YKL220C,0.719529832415058
YKL221W,0.211364095261412
YKL222C,1.13044903398527
YKL224C,0.130770962770889
YKR001C,218.327344313214
YKR002W,39.610927224898
YKR003W,50.2597025648603
YKR004C,6.61908503969209
YKR005C,0.472063056993252
YKR006C,79.2828729535487
YKR007W,54.5503178599128
YKR008W,53.6734528051032
YKR009C,1.81315128708772
YKR010C,11.1843023460644
YKR011C,44.4668440585232
YKR013W,211.968549334961
YKR014C,195.613072256948
YKR015C,0.0208259343979485
YKR016W,35.5115727451208
YKR017C,5.83429441576539
YKR018C,90.4105572851897
YKR019C,7.59488308179243
YKR020W,41.4149065497122
YKR021W,9.37068692868665
YKR022C,11.8466564997574
YKR023W,19.7121278698729
YKR024C,32.5243357314387
YKR025W,88.1825381297384
YKR026C,89.6183119702062
YKR027W,10.9663953132355
YKR028W,29.3308320005155
YKR029C,21.9203856303909
YKR030W,36.2344417273987
YKR031C,11.7881854561482
YKR034W,0.490174939021026
YKR035W-A,105.08895479578
YKR036C,9.22907754775181
YKR037C,24.5738452828738
YKR038C,103.70458501586
YKR039W,8.37443811498799
YKR041W,14.1776973925094
YKR042W,947.959356318712
YKR043C,309.710795979247
YKR044W,8.70172176564144
YKR045C,22.0452772114217
YKR046C,33.1968174183308
YKR048C,227.553235561581
YKR049C,61.5048749089204
YKR050W,0.652057936436909
YKR051W,6.02275162638831
YKR052C,26.7509993284867
YKR053C,1.53408915491449
YKR054C,4.47051170346759
YKR055W,23.2509260549577
YKR056W,42.8056065037488
YKR057W,1831.89613170147
YKR058W,1.48193311270713
YKR059W,1917.56391277754
YKR060W,38.4766064058263
YKR061W,2.16415251420312
YKR062W,59.1736498689099
YKR063C,11.9492947733977
YKR064W,6.12502646960809
YKR065C,138.934389424487
YKR066C,136.442552134771
YKR067W,29.9490369781405
YKR068C,86.7338583830389
YKR069W,7.37963398639345
YKR070W,60.0774730297912
YKR071C,131.790434389858
YKR072C,42.1153058187813
YKR074W,144.73163062103
YKR075C,11.6620943043672
YKR076W,12.3756678888471
YKR077W,23.2353249628483
YKR078W,9.17770661028795
YKR079C,17.5520065392707
YKR080W,129.062006397015
YKR081C,176.043298009567
YKR082W,41.6485151166003
YKR083C,37.911735062906
YKR084C,72.1068171894234
YKR085C,87.5250397056434
YKR086W,7.60128096420078
YKR087C,26.091920667144
YKR088C,47.6491097876139
YKR089C,21.2667924603172
YKR090W,22.6703648342709
YKR091W,11.4036262408178
YKR092C,238.891287843225
YKR093W,171.60401358364
YKR094C,2574.38881124387
YKR095W,31.4339828033828
YKR095W-A,111.04023435511
YKR096W,11.209835627477
YKR097W,0.570424429434911
YKR098C,2.95416021365393
YKR099W,12.3723831629059
YKR100C,32.4990667466634
YKR101W,6.44517125823588
YKR102W,0.0256738044236728
YKR103W,0.152860334362048
YKR104W,0.0377362488987621
YKR105C,0.22372805026393
YKR106W,1.12766665046918
YLL001W,44.5001585354975
YLL002W,11.2302854417862
YLL003W,3.54156263903063
YLL004W,15.3678388376187
YLL005C,0.027527271238886
YLL006W,26.2274886284417
YLL006W-A,39.9532535215643
YLL007C,9.43136809640728
YLL008W,92.0345545128143
YLL009C,221.659495690956
YLL010C,42.8546564766669
YLL011W,51.2172190920379
YLL012W,24.0151866762261
YLL013C,44.9097595435335
YLL014W,161.253650882451
YLL015W,19.1452986744212
YLL018C,545.903320765866
YLL018C-A,31.1130984234375
YLL019C,10.6387181172225
YLL021W,51.4711236272157
YLL022C,42.7431131924833
YLL023C,76.9902863158017
YLL024C,3697.50371996492
YLL025W,4.28476327543385
YLL026W,354.831309306276
YLL027W,55.7747419161038
YLL028W,47.6408454128185
YLL029W,54.6737625403125
YLL031C,32.0642022826032
YLL032C,14.1340709261464
YLL033W,6.98487768129897
YLL034C,43.510646463558
YLL035W,13.4683115673927
YLL036C,25.0592898107215
YLL038C,30.1557950365399
YLL039C,392.293011418633
YLL040C,34.4926825955056
YLL041C,48.7408154821025
YLL042C,2.41977703464802
YLL043W,42.0426208319149
YLL045C,2783.5039592105
YLL046C,0.320829137437907
YLL048C,52.5467331377254
YLL049W,14.0016269338167
YLL050C,1237.51419556683
YLL051C,14.0617071079425
YLL052C,1.83745920191155
YLL053C,1.08286627274709
YLL054C,4.37664400178616
YLL055W,1.27839294808588
YLL056C,0.619130320915283
YLL057C,0.582300251280742
YLL058W,24.9115368758361
YLL060C,1.56063824551142
YLL061W,27.3812879530302
YLL062C,20.7663094624804
YLL063C,4.1938508354934
YLL064C,0.0890943632536626
YLL066C,0.0498345005920896
YLL066W-B,0.754032569738567
YLL067C,0.0448510505328806
YLR001C,13.8784074231421
YLR002C,58.8597388389713
YLR003C,65.0234408651839
YLR004C,3.10234387178828
YLR005W,28.1676212645302
YLR006C,11.8559491302261
YLR007W,12.7056309335658
YLR008C,98.1790935428312
YLR009W,233.625525206953
YLR010C,142.875419170161
YLR011W,21.4891885944007
YLR012C,0.0526349984639794
YLR013W,0.231683016494725
YLR014C,3.37910210812362
YLR015W,17.6574780693752
YLR016C,21.6302810606173
YLR017W,118.382560697045
YLR018C,41.0610236222226
YLR019W,31.1421054731457
YLR020C,22.8853114265004
YLR021W,39.484587953363
YLR022C,75.660046954550893
YLR023C,18.5471752925768
YLR024C,7.32701287919042
YLR025W,123.557104322867
YLR026C,60.0162945289485
YLR027C,394.56026352409
YLR028C,154.009601287294
YLR029C,3927.33067400096
YLR030W,1.80684218207517
YLR031W,1.83244245474844
YLR032W,14.4184085643346
YLR033W,39.967926034793
YLR034C,75.8175442884759
YLR035C,4.43134914937069
YLR036C,23.03136608813
YLR037C,1.60137617364699
YLR038C,179.589206464824
YLR039C,15.4832603188248
YLR040C,24.0067353174291
YLR042C,30.4291517574048
YLR043C,774.581182479353
YLR044C,6468.71827426575
YLR045C,28.7895599225606
YLR046C,0.191138488608148
YLR047C,6.13432442250313
YLR048W,2166.06967606908
YLR049C,34.2832972603974
YLR050C,63.5654014752093
YLR051C,91.0090659389927
YLR052W,43.7202745678832
YLR053C,0.341846019435844
YLR054C,0.764439259869972
YLR055C,36.8829542361633
YLR056W,449.063603000007
YLR057W,13.6718851150749
YLR058C,909.83261593337
YLR059C,51.4044327355963
YLR060W,348.77432941045
YLR061W,3063.72216945492
YLR063W,106.172468796819
YLR064W,57.6724524941891
YLR065C,89.4429280475049
YLR066W,116.746175264151
YLR067C,4.51492114498357
YLR068W,66.3761862538321
YLR069C,36.7244062986288
YLR070C,5.12969960879988
YLR071C,22.3871212520277
YLR072W,16.7544691141628
YLR073C,29.7849309769552
YLR074C,141.548669619256
YLR075W,3891.22755436152
YLR077W,21.1273489915668
YLR078C,46.45496310085
YLR079W,69.4126084621717
YLR080W,7.85023199232887
YLR081W,0.773039410285024
YLR082C,15.0315852913571
YLR083C,102.292796144534
YLR084C,24.619942501205198
YLR085C,17.7153429104414
YLR086W,17.1610151079348
YLR087C,3.21529416827189
YLR088W,46.288336003842
YLR089C,84.2600426013226
YLR090W,27.9020819467847
YLR091W,7.72646649680444
YLR092W,1.60624502458051
YLR093C,90.689581859014
YLR094C,33.2185699496223
YLR095C,22.2537004789001
YLR096W,19.928068769638
YLR097C,14.5844673008214
YLR098C,5.63318548004289
YLR099C,25.2320732815223
YLR099W-A,103.889470617764
YLR100W,181.019575363593
YLR102C,22.3711201459714
YLR103C,11.606990908779
YLR104W,62.7089569623212
YLR105C,10.1606048389666
YLR106C,36.5398106593199
YLR107W,16.2960791361671
YLR108C,21.4196465011671
YLR109W,3844.58131187991
YLR110C,4506.1676771068
YLR113W,97.1582250318391
YLR114C,27.8878291263856
YLR115W,14.885405977864
YLR116W,20.5504768935199
YLR117C,17.1568901364579
YLR118C,95.5942297274216
YLR119W,19.0330904605321
YLR120C,54.6059200257003
YLR121C,9.30622888344007
YLR125W,2.03380254981887
YLR126C,46.1271364621142
YLR127C,5.63541483171164
YLR128W,15.55772632545
YLR129W,55.814415637608
YLR130C,19.7493633560351
YLR131C,16.0819100857745
YLR132C,8.97335184683084
YLR133W,38.7252916093203
YLR134W,189.564780497354
YLR135W,5.47771098225657
YLR136C,66.2158167914141
YLR137W,12.8691427999459
YLR138W,22.4459980421411
YLR139C,8.74916551526872
YLR141W,6.95937269418645
YLR142W,3.21294286970245
YLR143W,55.3309855895792
YLR144C,19.9706489563771
YLR145W,15.5512642016117
YLR146C,33.7409731995647
YLR146W-A,45.7382524576165
YLR147C,93.2878557337181
YLR148W,19.7690033728058
YLR149C,3.41641086235417
YLR150W,2487.41876101851
YLR151C,10.3270358902201
YLR152C,4.06787424574372
YLR153C,364.512460251135
YLR154C,76.7583108257903
YLR154C-G,1.76153576077673
YLR154C-H,36.8347952658508
YLR154W-C,0.129841311376783
YLR155C,2.05795430614094
YLR156C-A,0.612212663698352
YLR156W,309.562001629473
YLR157C,1.9132543939904
YLR157C-C,2.44885065479341
YLR157W-D,10.0453894568505
YLR157W-E,587.474362832447
YLR158C,1.99364323407403
YLR159C-A,0.612212663698352
YLR159W,308.909703612795
YLR160C,2.13834314622457
YLR161W,423.388005539889
YLR162W,409.320234663925
YLR162W-A,0
YLR163C,56.2048316153737
YLR164W,2.37370541809397
YLR165C,7.13029211334885
YLR166C,23.7854850212388
YLR167W,4002.27374407323
YLR168C,18.2396629204238
YLR170C,99.9955229892169
YLR172C,217.153442899763
YLR173W,9.06394896174534
YLR174W,0.184631786991455
YLR175W,399.792975751322
YLR176C,7.22335330914008
YLR177W,7.15841422233021
YLR178C,55.8780439633986
YLR179C,482.536708644255
YLR180W,717.82233417339
YLR181C,43.0792663245702
YLR182W,24.7783054664151
YLR183C,35.0116768029258
YLR185W,2673.10896282003
YLR186W,149.763092534006
YLR187W,21.6159217445131
YLR188W,22.1738552030286
YLR189C,10.1897399290375
YLR190W,39.1789976189703
YLR191W,21.3336010289223
YLR192C,423.603103981399
YLR193C,51.7119178996128
YLR194C,71.2354420283148
YLR195C,93.3482255726855
YLR196W,123.145647621151
YLR197W,460.86483535363
YLR199C,47.720280418337
YLR200W,187.256123502236
YLR201C,34.2181393327546
YLR203C,57.2408321440026
YLR204W,69.9576849427943
YLR205C,14.3049411210076
YLR206W,65.1483075800167
YLR207W,23.7243015026441
YLR208W,286.620164446548
YLR209C,50.6682272243248
YLR210W,17.0765234632029
YLR211C,11.0890662835362
YLR212C,25.3263918851468
YLR213C,4.14972568057238
YLR214W,161.545874092614
YLR215C,18.6845860211088
YLR216C,424.948320664295
YLR218C,30.3188118152214
YLR219W,23.979105784115202
YLR220W,62.6668354448474
YLR221C,104.158212319558
YLR222C,64.4546598423628
YLR223C,19.9111749212115
YLR224W,13.4496296334354
YLR225C,43.8717888731342
YLR226W,18.1460329238948
YLR227C,1.75595725091506
YLR228C,10.5760228996317
YLR229C,239.693868960191
YLR231C,79.6423934742748
YLR233C,1.81197269281378
YLR234W,5.32182088533027
YLR237W,12.5790224908303
YLR238W,10.2890781498738
YLR239C,17.2575092304254
YLR240W,10.9039843416076
YLR241W,27.2745511281006
YLR242C,8.38392909887008
YLR243W,43.1300051212664
YLR244C,302.198736651772
YLR245C,75.6665699347177
YLR246W,5.33182726676422
YLR247C,11.9194397231657
YLR248W,69.5113748198888
YLR249W,2559.82651360554
YLR250W,137.395474268383
YLR251W,9.51683471447469
YLR253W,14.9690700241783
YLR254C,19.1524001136946
YLR256W,48.3227410459236
YLR257W,182.553294894752
YLR258W,51.9331660687562
YLR259C,947.025910814722
YLR260W,15.9802199102561
YLR261C,191.091924864637
YLR262C,120.203038261959
YLR262C-A,839.405120504063
YLR263W,0.0938113307273848
YLR264C-A,0.111367954067078
YLR264W,1816.39269555886
YLR265C,10.4052445708843
YLR266C,4.42823400453991
YLR267W,1.76416963601713
YLR268W,113.88821730507
YLR270W,92.5670185486633
YLR271W,8.04301407721138
YLR272C,11.8886691625615
YLR273C,2.59218128593843
YLR274W,32.6604930321484
YLR275W,53.9759443064261
YLR276C,80.2255348940806
YLR277C,18.2031317498932
YLR278C,8.69047374835444
YLR281C,5.78075368567211
YLR283W,8.04588561701549
YLR284C,9.58365041133639
YLR285C-A,488.277979604041
YLR285W,98.0310733636984
YLR286C,745.90278207198
YLR287C,51.9264322514732
YLR287C-A,2825.24190353565
YLR288C,5.88131744385761
YLR289W,5.34588621427077
YLR290C,23.1362184167684
YLR291C,81.278629317106
YLR292C,124.278846293742
YLR293C,1227.5861170119
YLR295C,184.071699095153
YLR297W,11.9533238388152
YLR298C,26.5484414863538
YLR299W,20.0008067734694
YLR300W,363.256061942323
YLR301W,442.454912510056
YLR303W,3.13216326966657
YLR304C,343.636286377037
YLR305C,23.175070822824
YLR306W,19.1864856371589
YLR307C-A,0.939644731421265
YLR307W,1.39905261919314
YLR308W,0.0185236759300211
YLR309C,26.0609816307798
YLR310C,14.5826590865861
YLR312C,1.26264760784732
YLR312W-A,50.8421554260641
YLR313C,6.84912917512531
YLR314C,183.017807010015
YLR315W,21.6373275316336
YLR316C,18.2283910330107
YLR318W,1.05449213058924
YLR319C,20.0650544848742
YLR320W,1.34126192368728
YLR321C,65.6718711068742
YLR323C,20.1636596110904
YLR324W,31.8018449984406
YLR325C,2919.46542754919
YLR326W,26.6137590804869
YLR327C,105.375779603443
YLR328W,62.0667029054186
YLR329W,0.34706592811403
YLR330W,80.1931324198224
YLR332W,46.5446197707441
YLR333C,1798.06122708691
YLR335W,129.842133900928
YLR336C,32.2335427652057
YLR337C,36.010188951132
YLR340W,2763.2693568609
YLR341W,0.0739946433504423
YLR342W,235.236264683299
YLR342W-A,54.6277452157808
YLR343W,0.138446925988928
YLR344W,2085.82203946693
YLR345W,18.13694574212
YLR346C,29.9059238014915
YLR347C,115.634873628904
YLR348C,90.8380267717891
YLR350W,84.3352180761371
YLR351C,116.788906873498
YLR352W,7.95323134216629
YLR353W,6.87737553894598
YLR354C,911.157074542863
YLR355C,2134.45854917676
YLR356W,30.6020373752869
YLR357W,30.1828879855847
YLR358C,0
YLR359W,305.671385307687
YLR360W,10.5150249418651
YLR361C,17.2507962034173
YLR361C-A,50.4924174073192
YLR362W,15.3018860504996
YLR363C,47.6844675146982
YLR363W-A,77.7881425004396
YLR364W,39.726160379153
YLR367W,976.478271003926
YLR368W,14.0449243244074
YLR369W,25.955070415253
YLR370C,148.02250404506
YLR371W,12.2501504171579
YLR372W,264.555242067636
YLR373C,14.0050966835593
YLR375W,20.9726809959352
YLR376C,4.23657474750019
YLR377C,0.584325462838235
YLR378C,224.234666667682
YLR380W,83.293439052806
YLR381W,5.7334936388184
YLR382C,9.84750344066333
YLR383W,8.62064135957203
YLR384C,85.7180413501323
YLR385C,38.1667467337327
YLR386W,24.7009982048138
YLR387C,77.9423436987019
YLR388W,2812.37392233158
YLR389C,38.2378722392815
YLR390W,45.6135442129244
YLR390W-A,633.490659726512
YLR392C,8.52867456719677
YLR393W,19.9116359634609
YLR394W,2.45396606809303
YLR395C,248.562293538585
YLR396C,14.7714929108999
YLR397C,36.1618736476351
YLR398C,37.2291879547253
YLR399C,90.7845357330336
YLR401C,45.6430769956744
YLR403W,29.123754612221
YLR404W,16.0040057042339
YLR405W,21.2158371436838
YLR406C,1206.1040634147
YLR406C-A,0.463562042309666
YLR407W,35.6080067197251
YLR408C,28.0111821392946
YLR409C,57.3922146156995
YLR410W,89.7822391717879
YLR411W,6.94659414398221
YLR412C-A,0.359534339901591
YLR412W,16.8400607241613
YLR413W,214.022908778374
YLR414C,59.7564071059801
YLR415C,37.6169788892893
YLR417W,11.5771702914399
YLR418C,65.6565287674611
YLR419W,22.0052848262579
YLR420W,170.728438866229
YLR421C,222.063400488748
YLR422W,7.79187052697572
YLR423C,8.04417323565832
YLR424W,7.9475942344907
YLR425W,5.14676440659127
YLR426W,13.680491478201
YLR427W,17.8653660684498
YLR429W,132.409658514887
YLR430W,16.7285468527654
YLR431C,4.65358386348708
YLR432W,467.009924583344
YLR433C,37.2447281846097
YLR435W,146.142220915656
YLR436C,10.424638758283
YLR437C,83.4302238347855
YLR438C-A,251.725302764437
YLR438W,288.969008223744
YLR439W,33.0281740560164
YLR440C,28.7095024189604
YLR441C,2296.19786843907
YLR442C,12.4190197464962
YLR443W,9.11907012125723
YLR445W,0.565183297838788
YLR446W,5.7541485533546
YLR447C,347.342381319903
YLR448W,2199.14715083205
YLR449W,258.620734051496
YLR450W,28.0129741668129
YLR451W,9.88756609624196
YLR452C,48.7531918771669
YLR453C,4.67330595269009
YLR454W,9.3600736832399
YLR455W,31.3265783477665
YLR456W,8.71832757035085
YLR457C,6.8922054592456
YLR459W,35.238917855569
YLR460C,4.85292004938138
YLR461W,0.133641544880494
YLR462W,0.445471816268313
YLR464W,0.0785000478524391
YLR466W,0.195875953530752
YLR467W,0.570970680285057
YML001W,238.84559663523
YML002W,0.306963772554636
YML003W,3.79183673173604
YML004C,196.199568043862
YML005W,14.1561388522089
YML006C,9.49407113314166
YML007C-A,342.861048665345
YML007W,46.4918888407506
YML008C,495.285150959187
YML009C,167.891474138969
YML010W,130.991269517885
YML011C,19.5846585248563
YML012W,372.400089381338
YML013W,40.5727918431767
YML014W,63.4001314700063
YML015C,21.0845741273465
YML016C,23.5907290246398
YML017W,101.018102038371
YML018C,32.6350695276923
YML019W,47.2149019491111
YML020W,8.66706649780794
YML021C,36.885224495913
YML022W,371.145827990642
YML023C,4.99664836990128
YML024W,2833.24646582316
YML025C,41.9999463073764
YML026C,2392.40456356481
YML027W,30.9660213660437
YML028W,2514.66815411571
YML029W,21.4342482454
YML030W,64.6356782371092
YML031W,38.5681318645601
YML032C,22.1469221356524
YML034W,31.6119159524854
YML035C,60.0440324352652
YML036W,38.5922826596156
YML037C,8.03972546164242
YML038C,21.1579688084297
YML041C,19.187822558029
YML042W,1.1082733293083
YML043C,5.85947142671446
YML046W,16.6425234818051
YML047C,0.115597116879752
YML048W,197.68722958842
YML049C,16.5585527988996
YML050W,7.30202174519972
YML051W,5.36472996152497
YML052W,168.906976394095
YML053C,40.4957258517613
YML054C,0.861620199759776
YML054C-A,0
YML055W,77.2481692354316
YML056C,294.526630011636
YML057W,39.7460385501006
YML058W,823.560482692968
YML058W-A,44.3665375438564
YML059C,17.761689026588
YML060W,28.450825209632
YML061C,12.9804077350173
YML062C,30.5100958143701
YML063W,2704.84856948908
YML064C,39.0647571466171
YML065W,18.480219598595
YML066C,3.25190575644094
YML067C,87.7712394594118
YML068W,4.88906862986291
YML069W,142.410498300144
YML070W,174.322120137596
YML071C,26.4349785230563
YML072C,127.651589162748
YML073C,2607.9145557198
YML074C,403.780098567429
YML075C,35.6928051741483
YML076C,9.43636672844006
YML077W,50.1489685839662
YML078W,410.641301774851
YML079W,164.57488950051
YML080W,34.8116466944959
YML081C-A,284.103085079207
YML081W,10.4552926386171
YML082W,18.7673684758566
YML083C,0.140063991311356
YML085C,283.011991834462
YML086C,128.848892016895
YML087C,1.33370466696152
YML088W,17.1972941573416
YML091C,10.0114185754567
YML092C,243.669185620375
YML093W,72.3526015616684
YML094W,137.372268031951
YML095C,13.1879310783785
YML096W,14.9711426646431
YML097C,26.6479779928373
YML098W,40.4069617155608
YML099C,6.76934997531592
YML100W,76.0231491136916
YML100W-A,0.330576370443454
YML101C,57.0703830851672
YML102W,25.6630369642935
YML103C,39.0744071358827
YML104C,4.79099679985449
YML105C,123.794003349407
YML106W,384.755476299347
YML107C,12.8475426859131
YML108W,73.6578494669184
YML109W,13.4188316616039
YML110C,123.48653081963
YML111W,20.2012749478429
YML112W,23.9111034173529
YML113W,38.4149310577977
YML114C,15.0276251943678
YML115C,81.5549882846744
YML116W,9.5462802822749
YML117W,27.486462776961
YML118W,1.36544939465757
YML119W,19.2907973674656
YML120C,36.2068502649796
YML121W,34.5531577977751
YML123C,923.746199398385
YML124C,139.798061873412
YML125C,166.17589676822
YML126C,446.738910101586
YML127W,44.4843236404867
YML128C,14.6896363932203
YML129C,194.515268573559
YML130C,80.0942443389007
YML131W,35.6194595587885
YML132W,35.3900524634388
YML133C,0.0612897465335598
YMR001C,35.2632609108838
YMR001C-A,8.01528785961907
YMR002W,513.376168802186
YMR003W,18.7464777836763
YMR004W,35.9517987107862
YMR005W,41.5536403771469
YMR006C,72.4760864619964
YMR008C,47.9327237995384
YMR009W,58.1534238651185
YMR010W,36.0811042079329
YMR011W,210.558524647367
YMR012W,218.635639074446
YMR013C,10.0925562456109
YMR014W,44.7232081379268
YMR015C,152.799242382884
YMR016C,22.069099800875
YMR017W,1.2362650565899
YMR018W,0.0229451563655789
YMR019W,6.68915066602965
YMR020W,9.35264399009064
YMR021C,15.8637273233751
YMR022W,100.705238758417
YMR023C,8.59366576272889
YMR024W,36.9179290619869
YMR025W,6.97365879649123
YMR026C,13.1526714766373
YMR027W,131.178024712994
YMR028W,27.4760652391206
YMR029C,23.3860321680622
YMR030W,6.49640096067347
YMR030W-A,23.6679966761727
YMR031C,70.3449916986116
YMR032W,16.7548945110504
YMR033W,51.9860390411533
YMR034C,3.06657262870502
YMR035W,19.5217864268632
YMR036C,8.44939300108917
YMR037C,28.1399312764014
YMR038C,242.432246068258
YMR039C,85.700406813303
YMR040W,3.2048755385492
YMR041C,12.3262684933693
YMR042W,12.8259079905961
YMR043W,82.7326528554784
YMR044W,43.9087223593118
YMR047C,48.5737788967479
YMR048W,23.7199278792219
YMR049C,115.137067487848
YMR052W,14.291435700765
YMR053C,1.29957835630583
YMR054W,36.7704229048884
YMR055C,9.00009536235475
YMR056C,1.57032234926107
YMR058W,414.240556226033
YMR059W,17.7593395508626
YMR060C,28.4328543836434
YMR061W,29.1650248264506
YMR062C,44.9358744424828
YMR063W,9.358392927681
YMR064W,8.60838180614254
YMR065W,0.701575331638956
YMR066W,5.95055537663949
YMR067C,34.8401516951418
YMR068W,3.74088983059053
YMR069W,3.71341368168857
YMR070W,25.2696818513834
YMR071C,136.104171291298
YMR072W,422.793656726934
YMR073C,62.1211471075174
YMR074C,216.08414134361
YMR075W,14.2673899214155
YMR076C,24.6881605446757
YMR077C,21.0821255208158
YMR078C,12.3422934893591
YMR079W,324.125663971557
YMR080C,47.3529173795141
YMR081C,0.291817533777269
YMR083W,492.033667879527
YMR084W,0.131083811964121
YMR085W,0.0407080485891549
YMR086W,31.0119842059144
YMR087W,13.9108698989241
YMR088C,27.2702654714667
YMR089C,40.9989324510736
YMR090W,15.6908458622114
YMR091C,87.0892469382232
YMR092C,148.447194448943
YMR093W,58.655097429267
YMR094W,4.45531852901233
YMR095C,0.455343767875367
YMR096W,1.02870377975669
YMR097C,15.2969835501206
YMR098C,12.0083706994067
YMR099C,266.240183904198
YMR100W,13.0814781313388
YMR101C,0.660157028927741
YMR102C,16.5610082667084
YMR104C,7.69717928763082
YMR105C,61.2276544738958
YMR105W-A,0.150944995595048
YMR106C,9.03316571986928
YMR107W,1.47964309606083
YMR108W,361.125283613523
YMR109W,47.2695227451864
YMR110C,38.9476604369216
YMR111C,8.9032319825213
YMR112C,49.7218948695327
YMR113W,21.4479116468237
YMR114C,6.18835241472905
YMR115W,25.8970293086515
YMR116C,2562.41316545079
YMR117C,21.2332945109836
YMR118C,0.200392494152047
YMR119W,14.9003601062733
YMR120C,254.650572719263
YMR121C,1002.41454308088
YMR122W-A,1285.33812237473
YMR123W,176.365076259477
YMR124W,18.3087523903315
YMR125W,80.8264875539285
YMR126C,5.75428696497517
YMR127C,8.92618338612823
YMR128W,50.458156526726
YMR129W,35.125469167022
YMR130W,38.3054504773396
YMR131C,146.541654501186
YMR132C,16.0964697528168
YMR133W,1.02685594829465
YMR134W,40.2487590948231
YMR135C,12.7140489752621
YMR136W,13.9252429780197
YMR137C,5.81260741276416
YMR138W,15.9776368130264
YMR139W,29.6638146343358
YMR140W,21.370607402061
YMR142C,3049.01635477016
YMR143W,1988.52573757528
YMR144W,24.1204772189667
YMR145C,111.929815051528
YMR146C,412.211690019213
YMR147W,19.1788318116629
YMR148W,53.5729456127211
YMR149W,137.36476692197
YMR150C,31.0493855939014
YMR152W,64.6988481730615
YMR153W,53.9757813773943
YMR154C,4.17517511347845
YMR155W,10.2716685914357
YMR156C,12.0248236477767
YMR157C,32.3827947911855
YMR158C-A,2.17197609877848
YMR158W,68.659749297308
YMR159C,7.23268040893233
YMR160W,9.4831284122098
YMR161W,90.259253543295
YMR162C,10.2095428915778
YMR163C,4.81706267466858
YMR164C,14.3426973546801
YMR165C,17.5021753124598
YMR166C,13.737825820933
YMR167W,10.8873160696377
YMR168C,6.40324136329752
YMR169C,14.0360555374592
YMR170C,22.981856909051402
YMR171C,17.200714995099
YMR172W,8.83011125794739
YMR173W,558.002983682498
YMR174C,19.5586680906466
YMR175W,1.84552609596873
YMR175W-A,4.15098737886383
YMR176W,5.47120101591456
YMR177W,15.7096481839583
YMR178W,67.4440242932829
YMR179W,13.3603208235376
YMR180C,6.79939952434882
YMR181C,14.768434783864
YMR182C,2.40672181849206
YMR182W-A,0.40890323433584
YMR183C,231.576260594968
YMR184W,65.3716055845294
YMR185W,9.05589281290653
YMR186W,2222.11691715539
YMR187C,6.97662599521327
YMR188C,62.1851728173445
YMR189W,87.0163898670531
YMR190C,5.96055696224373
YMR191W,22.0453293780481
YMR192W,21.8428336770512
YMR193W,48.4980408905313
YMR194C-B,22.4060731379564
YMR194W,1829.25237413213
YMR195W,64.3277839928243
YMR196W,16.8534596801716
YMR197C,92.1033633250327
YMR198W,11.43515453256
YMR199W,23.1225735343488
YMR200W,136.513694463622
YMR201C,13.5529916380238
YMR202W,297.02517733765
YMR203W,297.523305780781
YMR204C,7.18025755763773
YMR205C,754.235683093722
YMR206W,0.258544815508606
YMR207C,3.43719085778735
YMR208W,61.5080606996025
YMR209C,18.9584152630726
YMR210W,16.4470618034982
YMR211W,10.9957544994554
YMR212C,33.1060300585078
YMR213W,14.7720412392446
YMR214W,85.8779888444163
YMR215W,138.007278537338
YMR216C,37.1064713600228
YMR217W,552.493610227626
YMR218C,11.2655521593241
YMR219W,26.4840265609278
YMR220W,66.5483456274471
YMR221C,46.8535392312883
YMR222C,66.8845882915344
YMR223W,18.9135214405374
YMR224C,8.28166889284516
YMR225C,125.08952198911
YMR226C,371.446544877066
YMR227C,32.9661382275262
YMR228W,19.353736867642102
YMR229C,184.320960363846
YMR230W,2008.0771053719
YMR230W-A,856.102451245607
YMR231W,18.3924335898169
YMR232W,0.789904373873174
YMR233W,21.500746165137
YMR234W,16.5113680784861
YMR235C,205.966049760443
YMR236W,127.499848035474
YMR237W,64.5170295776281
YMR238W,60.1928150165976
YMR239C,21.2979984010276
YMR240C,16.8925012154293
YMR241W,235.834665602635
YMR242C,2186.13877138853
YMR242W-A,0
YMR243C,149.579140842029
YMR244C-A,91.5235382959655
YMR244W,0.327611559946203
YMR246W,240.169276328503
YMR247C,25.3178676997172
YMR247W-A,0
YMR250W,28.4134511154229
YMR251W,0.556839770335391
YMR251W-A,896.481612560896
YMR252C,11.1121564788169
YMR253C,18.1936620193731
YMR255W,47.3861575503784
YMR256C,176.37003939656
YMR257C,2.44518570823521
YMR258C,17.6017409813636
YMR259C,22.8622130857238
YMR260C,746.828686427678
YMR261C,77.9930724499948
YMR262W,13.665940248312
YMR263W,56.7509263760256
YMR264W,70.341284153639
YMR265C,7.83850094012946
YMR266W,49.84552448385
YMR267W,36.7896081406731
YMR268C,9.96477259632317
YMR269W,46.9845581676727
YMR270C,11.1978775684145
YMR271C,3.22311961182368
YMR272C,82.3263047605745
YMR272W-B,0
YMR273C,13.4287040714443
YMR274C,13.0879171909262
YMR275C,17.1297226649877
YMR276W,336.367041941883
YMR277W,28.510592921329
YMR278W,41.2568282114716
YMR279C,0.328101996413189
YMR280C,1.49088118780991
YMR281W,27.2066586499087
YMR282C,9.18318995547528
YMR283C,8.32182844185563
YMR284W,11.7990027025506
YMR285C,27.5740071953216
YMR286W,97.0145050260174
YMR287C,6.55959885828708
YMR288W,18.3136575806478
YMR289W,27.6146914637589
YMR290C,177.368375213724
YMR291W,49.5602178955233
YMR292W,99.9028152095865
YMR293C,6.07967083506269
YMR294W,10.5148877898131
YMR295C,381.357232989609
YMR296C,92.3069798961591
YMR297W,268.295009032572
YMR298W,155.137341902705
YMR299C,16.3934531980687
YMR300C,141.467751637441
YMR301C,21.7965997648642
YMR302C,19.5007000924594
YMR303C,1276.51740611641
YMR304W,29.2424852054548
YMR305C,292.844826281501
YMR306W,0.148682915180025
YMR307W,865.626285248418
YMR308C,98.3091968989547
YMR309C,235.364657821737
YMR310C,36.711149917688
YMR311C,119.052796227235
YMR312W,34.9313469552996
YMR313C,15.0200201208888
YMR314W,225.65694739748
YMR315W,231.642501886402
YMR315W-A,0.235668960864527
YMR316C-A,0.152626833986079
YMR316W,7.492179110282
YMR317W,1.22639546421072
YMR318C,324.523458591542
YMR319C,31.6896011854176
YMR321C,119.844123283471
YMR322C,0.120002263252305
YMR323W,0.20129696326599
YMR325W,0.0865608742511888
YNL001W,54.4755241014934
YNL002C,186.382601804985
YNL003C,22.6178190350775
YNL004W,60.8078493904893
YNL005C,50.2387256663247
YNL006W,37.0619544658849
YNL007C,472.957346776586
YNL008C,15.1001654448063
YNL009W,2.30047086798102
YNL010W,476.479651386208
YNL011C,11.4449510191192
YNL012W,0.799006319966583
YNL014W,15.4116168742606
YNL015W,267.32358719883
YNL016W,464.373226533597
YNL018C,0.21305173821528
YNL019C,2.18686164349899
YNL020C,9.77384217658751
YNL021W,32.1479421061232
YNL022C,35.267007243847
YNL023C,12.5772803324542
YNL024C,4.10252407444054
YNL024C-A,152.225758208048
YNL025C,10.8438944087689
YNL026W,28.1139576615885
YNL027W,28.3430374310368
YNL029C,7.31251910281531
YNL030W,2182.15672111031
YNL031C,1575.00062166855
YNL032W,33.7675618309276
YNL033W,2.18686164349899
YNL034W,0.193683398377527
YNL035C,67.5795752957311
YNL036W,223.936745204097
YNL037C,257.107015430604
YNL038W,19.007804893066
YNL039W,28.3037521516459
YNL040W,27.7442863060083
YNL041C,22.3555007071744
YNL042W,5.90124215411982
YNL042W-B,55.2720981739074
YNL044W,132.242701720413
YNL045W,71.3486922247018
YNL046W,25.0408680324958
YNL047C,8.83349861238494
YNL048W,28.1728052492758
YNL049C,24.9208045864156
YNL050C,42.4752196906996
YNL051W,18.627020091842
YNL052W,162.800257066371
YNL053W,11.8832616934277
YNL054W,14.5805627197778
YNL055C,1053.70436683092
YNL056W,35.9873121089268
YNL058C,46.649112270927
YNL059C,40.520809150115
YNL061W,130.795344961952
YNL062C,63.6175178907866
YNL063W,9.09534895836534
YNL064C,830.319697484155
YNL065W,11.1121564788169
YNL066W,300.957358522656
YNL067W,1686.82801274847
YNL067W-B,906.708121864462
YNL068C,18.5692121288172
YNL069C,2780.29267256754
YNL070W,345.831391972994
YNL071W,478.181537258704
YNL072W,27.6316395695409
YNL073W,13.1795016598212
YNL074C,47.6613654690086
YNL075W,91.1629019483346
YNL076W,16.3284455806539
YNL077W,14.3521531796996
YNL078W,32.6918832906585
YNL079C,947.374652724185
YNL080C,18.725725990993
YNL081C,109.852977890249
YNL082W,13.8642045298403
YNL083W,8.84604673271189
YNL084C,110.76817113852
YNL085W,111.283068886341
YNL086W,26.7295603014254
YNL087W,52.8769079770091
YNL088W,51.3837452898341
YNL090W,57.6814840435474
YNL091W,25.5410143315725
YNL092W,3.66748036897377
YNL093W,0.797457293629614
YNL094W,9.55070911664814
YNL095C,11.5631047207581
YNL096C,1630.24003678036
YNL097C,19.6341703020259
YNL097C-B,25.5700822538012
YNL098C,229.167188253274
YNL099C,50.5855404347824
YNL100W,42.9406396511403
YNL101W,14.5597446756128
YNL102W,33.8550579073998
YNL103W,24.3819274152896
YNL104C,239.457336320899
YNL106C,9.28187997503321
YNL107W,26.292627749199
YNL108C,85.7999437752132
YNL110C,220.304008472388
YNL111C,267.550372850749
YNL112W,271.076197826879
YNL113W,222.548735102111
YNL115C,25.8023029806268
YNL116W,26.9896377396027
YNL117W,0.213368510128514
YNL118C,51.7633735586723
YNL119W,17.5595725091506
YNL121C,195.575484466212
YNL122C,70.1905693693855
YNL123W,66.9312248405976
YNL124W,23.8058854160319
YNL125C,7.68002884789305
YNL126W,9.10394295302592
YNL127W,10.8305239620407
YNL128W,3.40430089177826
YNL129W,39.232760712233
YNL130C,90.712415481345
YNL130C-A,0.847314949500039
YNL131W,416.001126447005
YNL132W,91.7757768898084
YNL133C,19.9013946740607
YNL134C,152.021984294519
YNL135C,1154.56748952112
YNL136W,14.9974390793184
YNL137C,46.7024617140287
YNL138W,243.561989176037
YNL138W-A,61.5598233182848
YNL139C,24.5234949463965
YNL140C,35.7294388519773
YNL141W,86.8853783535603
YNL142W,2.93976843715786
YNL143C,2.98871091278195
YNL144C,1.64137721201241
YNL145W,754.851992666656
YNL146C-A,3.54720739648363
YNL146W,3.54850121073159
YNL147W,210.525469261405
YNL148C,54.7480473308867
YNL149C,273.589013457637
YNL151C,80.81346935399
YNL152W,19.4085477225686
YNL153C,150.461418950121
YNL154C,116.943741113356
YNL155W,80.492976819592
YNL156C,48.0427476951416
YNL157W,75.2992107628699
YNL158W,43.3352769341262
YNL159C,28.5019377669337
YNL160W,138.411538510266
YNL161W,36.7729489333446
YNL162W,3197.84848559184
YNL162W-A,32.3402490374338
YNL163C,36.0099383219212
YNL164C,23.2319812213982
YNL165W,11.3792051489989
YNL166C,64.7506387058236
YNL167C,14.4298412087355
YNL168C,83.128165143641
YNL169C,30.4955635358698
YNL172W,4.83691177611167
YNL173C,53.4725276599214
YNL175C,160.65079477964
YNL176C,15.1021316098439
YNL177C,67.3182235677277
YNL178W,3620.68095126806
YNL180C,45.1092534487
YNL181W,51.9046516245531
YNL182C,42.5777546233641
YNL183C,19.2605814379281
YNL184C,69.1017310716743
YNL185C,71.8374311955892
YNL186W,34.5863142957139
YNL187W,1.8085122531999
YNL188W,9.45034280056826
YNL189W,260.855377987231
YNL190W,651.612216951096
YNL191W,29.8974773389354
YNL192W,42.5655242530394
YNL193W,17.7876069374097
YNL194C,0.249146356842614
YNL195C,2.85037788800733
YNL196C,0.0773912901144103
YNL197C,41.4788383689832
YNL199C,28.4578829649274
YNL200C,23.2012802175988
YNL201C,25.7816813665286
YNL202W,6.72585471193011
YNL204C,0.480640643868443
YNL206C,24.7956224177446
YNL207W,73.7741672357649
YNL208W,580.422235836173
YNL209W,2739.35193755755
YNL210W,0.0212376098453498
YNL211C,12.3936623168934
YNL212W,50.2269472842523
YNL213C,12.3257931590887
YNL214W,23.6561370376301
YNL215W,55.1366200790946
YNL216W,79.99220008562
YNL217W,56.3032175252195
YNL218W,12.1224417721342
YNL219C,46.0708770637001
YNL220W,316.139691107835
YNL221C,22.1766694687173
YNL222W,44.6492133452281
YNL223W,6.49743324707275
YNL224C,26.8022068954287
YNL225C,13.7109914403698
YNL227C,17.7625767618634
YNL229C,72.4496613704503
YNL230C,6.13940475344004
YNL231C,190.078341012423
YNL232W,72.2289734753316
YNL233W,21.0113661953465
YNL234W,4.40104685951827
YNL236W,16.138010959066
YNL237W,6.02838559492459
YNL238W,30.3794975183461
YNL239W,101.760338471597
YNL240C,20.5428903952544
YNL241C,228.508539721327
YNL242W,7.42154568996864
YNL243W,95.2602421134333
YNL244C,752.940275380264
YNL245C,23.522733248812
YNL246W,56.072839010923
YNL247W,171.658424220694
YNL248C,141.023305270688
YNL249C,5.63404897937914
YNL250W,7.7621172922979
YNL251C,72.9441903811656
YNL252C,47.3891222060929
YNL253W,20.2628745606544
YNL254C,8.70216571971229
YNL255C,716.723018435903
YNL256W,26.1364072884243
YNL257C,8.57256092992225
YNL258C,23.5256132451248
YNL259C,162.070595697885
YNL260C,59.2740371677512
YNL261W,15.8692219578783
YNL262W,19.5642784537826
YNL263C,111.666581847137
YNL264C,43.6019714275856
YNL265C,48.9306431748359
YNL267W,20.249354810859
YNL268W,118.121713711703
YNL269W,0.247372611291208
YNL270C,2.48824591099333
YNL271C,15.433046526271
YNL272C,20.5719152763254
YNL273W,10.088090368463
YNL274C,31.0991974424478
YNL275W,8.84454476157914
YNL277W,19.0516006940267
YNL277W-A,0.851304191258514
YNL278W,13.1130076838932
YNL279W,2.03935375996517
YNL280C,91.1342583888619
YNL281W,281.679968695396
YNL282W,63.7670105249462
YNL283C,21.2986390256623
YNL284C,55.9435432886876
YNL286W,18.8294291576926
YNL287W,157.444406892244
YNL288W,39.575350329267
YNL289W,51.5190415517882
YNL290W,61.1258107816168
YNL291C,19.9786483455446
YNL292W,58.6373950243188
YNL293W,11.3297036739887
YNL294C,6.75636757117678
YNL295W,11.0914792231787
YNL297C,19.9478469723295
YNL298W,18.7181170003425
YNL299W,14.4746778518843
YNL300W,234.666043797926
YNL301C,1510.29306319561
YNL302C,2621.19868083053
YNL304W,14.0667741398423
YNL305C,47.9414780377174
YNL306W,110.18532489436
YNL307C,126.73123441656
YNL308C,108.443919095347
YNL309W,19.4773200155726
YNL310C,67.9484703247863
YNL311C,7.71490907798069
YNL312W,115.428975618836
YNL313C,44.4705707967345
YNL314W,7.82117327482612
YNL315C,45.8063937927372
YNL316C,22.5005612445181
YNL317W,18.8204905960998
YNL318C,0.0656203992826377
YNL320W,32.2359605226888
YNL321W,20.6412112127064
YNL322C,162.513884033981
YNL323W,71.4740910411426
YNL325C,7.76251633096946
YNL326C,13.6378375509742
YNL327W,198.668636915874
YNL328C,10.8912381965107
YNL329C,7.02072094639172
YNL330C,51.0968391537888
YNL331C,1.11632665672671
YNL332W,2.49214419830105
YNL333W,13.388693189793
YNL334C,2.83148356960488
YNL335W,0.428267387502089
YNL336W,35.5794941670662
YNL339C,0.970506308091923
YNR001C,132.505546812377
YNR002C,0.631913703657395
YNR003C,63.6058989130519
YNR004W,7.82222949508847
YNR006W,29.941704577687702
YNR007C,17.537498105559
YNR008W,43.9494211178397
YNR009W,40.470304051096
YNR010W,31.2368064324964
YNR011C,14.9361144072934
YNR012W,27.2965508743779
YNR013C,43.4079021318581
YNR014W,10.862758808362
YNR015W,33.884765525301
YNR016C,334.002873628277
YNR017W,155.144892525557
YNR018W,168.806053501796
YNR019W,58.2776780690487
YNR020C,22.2782527277719
YNR021W,180.501508868807
YNR022C,73.839576774513
YNR023W,16.90601221259
YNR024W,33.4646048293403
YNR026C,48.9254722940371
YNR027W,17.9359146963655
YNR028W,46.2984255534138
YNR029C,29.4114686891943
YNR030W,50.4709366187351
YNR031C,10.3702712056211
YNR032C-A,83.6493397150373
YNR032W,18.5334032676412
YNR033W,26.7412426248498
YNR034W,37.2859470461577
YNR034W-A,13.9637284733175
YNR035C,192.45458881678
YNR036C,172.129784691951
YNR037C,99.8601620084318
YNR038W,39.6591806031004
YNR039C,14.1022284356468
YNR040W,23.7570446367835
YNR041C,29.8871091278195
YNR043W,238.085614707964
YNR044W,38.7039928817568
YNR045W,14.9052461767614
YNR046W,174.093322974467
YNR047W,19.5694185494725
YNR048W,11.502524505662
YNR049C,35.2394410892722
YNR050C,147.48326569607
YNR051C,53.9227574263993
YNR052C,56.2688032652746
YNR053C,116.344358720166
YNR054C,72.490048530852
YNR055C,25.3761246134436
YNR056C,0.379409348420098
YNR057C,3.62406835021961
YNR058W,0.490317972268479
YNR059W,2.44885065479341
YNR060W,3.186122618847
YNR061C,85.5866665051963
YNR062C,0.620031092478205
YNR063W,5.67161097558925
YNR064C,1.23085799668919
YNR065C,1.86513464686559
YNR066C,2.68988872857155
YNR067C,126.314509323236
YNR068C,0
YNR069C,0.252835355179313
YNR070W,0.189454795656714
YNR071C,0.49225463712177
YNR072W,0.0419387932652143
YNR073C,1.44377530169737
YNR074C,25.7150863399412
YNR075C-A,0
YNR075W,6.87250504261721
YNR076W,0.133641544880494
YNR077C,0
YOL001W,5.78010470753309
YOL002C,46.9654572008593
YOL003C,18.4957339661605
YOL004W,61.3372993768343
YOL005C,209.059923374719
YOL006C,49.1517763912543
YOL007C,52.8695749436203
YOL008W,29.2610585723188
YOL009C,7.72478068418923
YOL010W,58.8394346512937
YOL011W,6.65418242441017
YOL012C,233.516917422119
YOL013C,15.4651701241428
YOL013W-A,64.8040339247561
YOL014W,8.13672217961174
YOL015W,0.0606117626117284
YOL016C,38.9840680967113
YOL017W,11.0819243344485
YOL018C,32.1576089124874
YOL019W,33.9440107093703
YOL019W-A,21.369283026391
YOL020W,36.4286651417399
YOL021C,60.5840210996782
YOL022C,71.365703890683
YOL023W,5.64278592291364
YOL024W,1.48438135244176
YOL025W,33.6765720886621
YOL026C,104.374390103195
YOL027C,80.6976350220907
YOL028C,31.410019147071498
YOL029C,2.76902006467547
YOL030W,198.718986204879
YOL031C,33.1623741122087
YOL032W,35.8333458705372
YOL033W,8.50426654313911
YOL034W,7.35182384673509
YOL036W,16.8003785795901
YOL038C-A,13.7940503666859
YOL038W,254.913566310986
YOL039W,2690.86403252007
YOL040C,3381.4745479903
YOL041C,134.390761670293
YOL042W,16.7890857392009
YOL043C,4.54306383380861
YOL044W,10.9068145440972
YOL045W,16.3088122082316
YOL047C,0.882177639729915
YOL048C,9.35283810531362
YOL049W,72.8175309281872
YOL051W,36.4066678048568
YOL052C,69.3986077324491
YOL052C-A,40.3696884141864
YOL053W,12.7480687696799
YOL054W,54.5049522579899
YOL055C,11.1752477596094
YOL056W,39.6521013350321
YOL057W,59.327744670409
YOL058W,35.6921540729177
YOL059W,168.5252397134
YOL060C,28.4495808418182
YOL061W,127.636654311655
YOL062C,21.7061480533628
YOL063C,8.54753813296479
YOL064C,91.5824087859159
YOL065C,20.4980038984893
YOL066C,19.5367370875763
YOL067C,47.7827944747698
YOL068C,17.5731345096224
YOL069W,15.5175328614861
YOL070C,63.6841115832643
YOL071W,44.1956245777987
YOL072W,11.0618679916747
YOL073C,17.7250429571484
YOL075C,6.4473321770593
YOL076W,45.009098259943
YOL077C,184.285850510486
YOL077W-A,223.70226628677
YOL078W,6.61048800580382
YOL080C,36.5087714373092
YOL081W,9.03678936425852
YOL082W,18.4759005805182
YOL083W,4.99926069392247
YOL084W,0.114794093573608
YOL086C,5976.06345857887
YOL086W-A,42.6358291151551
YOL087C,13.3891942517066
YOL088C,68.7245197594867
YOL089C,10.7782899036155
YOL090W,46.647955243047
YOL091W,1.94612088087382
YOL092W,103.847987328799
YOL093W,52.0995832481725
YOL094C,52.2299310862026
YOL095C,6.12462104589926
YOL096C,26.5999986355103
YOL097C,226.852385437831
YOL097W-A,1.56775488987132
YOL098C,63.4311842957087
YOL100W,8.36399376138392
YOL101C,21.3392746713843
YOL102C,44.4514653852277
YOL103W,20.1812735346615
YOL104C,0.280735855279398
YOL105C,2.49832418495064
YOL107W,24.8164234300699
YOL108C,26.5069015127448
YOL109W,3016.62176776436
YOL110W,8.64016295416597
YOL111C,120.688445289963
YOL112W,8.30632703807246
YOL113W,3.22685192568352
YOL114C,5.90250156555515
YOL115W,25.6329229506355
YOL116W,19.7303788054892
YOL117W,7.51736495190916
YOL119C,30.0955940058307
YOL120C,2952.06479459974
YOL121C,2282.81570139004
YOL122C,28.8936784582188
YOL123W,205.0758629046
YOL124C,57.1759278607446
YOL125W,16.1635741291185
YOL126C,70.5210929462522
YOL127W,3739.50941820371
YOL128C,8.50263525399954
YOL129W,152.455699246975
YOL130W,25.4463268934994
YOL131W,0.0976702912673841
YOL132W,0.561787765560518
YOL133W,122.853145107332
YOL135C,24.5395242699089
YOL136C,24.4162348676506
YOL137W,24.190478297955
YOL138C,6.4618022040138
YOL139C,677.318237266093
YOL140W,9.67913326947201
YOL141W,17.6056304042565
YOL142W,79.0822395493257
YOL143C,444.86958955799
YOL144W,33.5008448778877
YOL145C,53.7242268975998
YOL146W,29.4194662458969
YOL147C,48.3595505874283
YOL148C,18.6076592126212
YOL149W,60.6681051743715
YOL151W,105.936592768171
YOL152W,20.7219028586339
YOL154W,1.94789119158729
YOL155C,47.5764201687006
YOL155W-A,1.70601019746711
YOL156W,0.792741393199351
YOL157C,1.59825578990266
YOL158C,85.3672331591993
YOL159C,22.9358641885783
YOL159C-A,19.7483224549447
YOL161C,0.133641544880494
YOL162W,0.0262796323266199
YOL163W,0.0327905645727124
YOL164W,1.64452598571084
YOL164W-A,0.158820386669572
YOL165C,1.67772684039256
YOL166W-A,0.0899721402315312
YOR001W,40.5973579326533
YOR002W,34.9758938931092
YOR003W,4.65223868499078
YOR004W,77.1061241784222
YOR005C,3.98621536077152
YOR006C,46.3349244365067
YOR007C,473.865731263327
YOR008C,67.0875287896847
YOR008C-A,0.0671483252463266
YOR009W,3.80759001132049
YOR010C,3.38902531205868
YOR011W,3.12030270549187
YOR011W-A,0.431441207881909
YOR012W,11.5687387947164
YOR014W,55.9891472997462
YOR016C,66.6063351874084
YOR017W,8.33450494453344
YOR018W,14.3490281404161
YOR019W,0.635990566261636
YOR020C,990.54289910979
YOR020W-A,62.1558472642622
YOR021C,233.539731138284
YOR022C,9.5856605129772
YOR023C,24.5858138048358
YOR025W,30.5281099106951
YOR026W,11.1152068377927
YOR027W,687.75258581849
YOR028C,13.2440914958573
YOR030W,4.56848049856287
YOR032C,0.0540365220917184
YOR032W-A,0.0736465502701646
YOR033C,7.7005051579331
YOR034C,11.7283013011869
YOR034C-A,11.1475481746867
YOR035C,18.1056554997658
YOR036W,26.5572361013612
YOR037W,14.6687505214066
YOR038C,15.1986657134743
YOR039W,96.1981249839607
YOR040W,14.2683884399664
YOR042W,85.4851040719719
YOR043W,33.5007803685174
YOR044W,12.690389053847
YOR045W,253.349190203205
YOR046C,207.769127098543
YOR047C,17.6167664070276
YOR048C,43.7439384431298
YOR049C,11.0867198877928
YOR051C,104.444781656551
YOR052C,169.456587964834
YOR054C,12.4465513452728
YOR056C,60.8854145967225
YOR057W,36.3955884480073
YOR058C,14.7870293466661
YOR059C,9.17131011450113
YOR060C,8.65387332236702
YOR061W,92.6397678120042
YOR062C,6.86516929028954
YOR063W,3884.8758388468
YOR064C,8.93842034735826
YOR065W,57.7093463353445
YOR066W,18.1134773986105
YOR067C,42.0151708485696
YOR068C,0
YOR069W,39.0724940188032
YOR070C,14.166276356098
YOR071C,12.0144521900607
YOR072W-B,87.0396511441762
YOR073W,7.39605597372506
YOR074C,69.4310891016861
YOR075W,23.233320535229
YOR076C,14.6210422315493
YOR077W,40.5439067524844
YOR078W,99.0022486932372
YOR079C,24.5432899864956
YOR080W,4.94422147637422
YOR081C,14.0023990450102
YOR083W,18.9871046223795
YOR084W,1.55344961197447
YOR085W,110.100789236984
YOR086C,72.1208746178938
YOR087W,54.0008449662892
YOR089C,136.311100250043
YOR090C,29.0822970788258
YOR091W,132.934127424798
YOR092W,16.1855545991315
YOR093C,7.21211199217574
YOR094W,50.7986609048804
YOR095C,140.750712822154
YOR096W,2681.26468499594
YOR097C,21.0913473497192
YOR098C,44.3013431534849
YOR099W,186.655953218495
YOR100C,0.496024873982564
YOR101W,62.6259508336262
YOR103C,140.635452395906
YOR104W,19.3447130571248
YOR105W,18.3620147582682
YOR106W,23.9122730118576
YOR107W,0.934715684083973
YOR108W,96.7853312867332
YOR109W,45.0079826423542
YOR110W,26.5810238294654
YOR111W,21.3981730082557
YOR112W,28.6921656543326
YOR113W,13.4692998773477
YOR114W,8.79902431940276
YOR115C,34.6038751142943
YOR116C,52.8222982643826
YOR117W,203.825761329962
YOR118W,16.7414465274337
YOR119C,32.6982838027731
YOR120W,13.114762558455
YOR122C,959.859579664135
YOR123C,83.8107956575205
YOR124C,43.5490758657045
YOR125C,35.4801351127987
YOR126C,32.4646332279936
YOR127W,11.7341425051751
YOR128C,109.19239403414
YOR129C,4.51087144403025
YOR130C,18.1262770682222
YOR131C,57.3614568416745
YOR132W,37.5582703014897
YOR133W,2778.77537065917
YOR134W,0.171630488335168
YOR136W,379.115381780028
YOR137C,2.1257561670883
YOR138C,23.2753085815537
YOR140W,12.5392347873958
YOR141C,33.6734015145411
YOR142W,213.518464776713
YOR143C,21.6016228998987
YOR144C,8.2766199854589
YOR145C,152.649704673741
YOR147W,10.380934824929
YOR148C,18.1133994714058
YOR149C,7.66919595579322
YOR150W,71.0242411926415
YOR151C,109.816701995436
YOR152C,6.6091026433157
YOR153W,664.992706773211
YOR154W,9.23806710754984
YOR155C,27.0051378904941
YOR156C,9.5502519318025
YOR157C,274.754502420153
YOR158W,41.3676487230676
YOR159C,91.651800849468
YOR160W,20.7275062292397
YOR161C,16.1497562953565
YOR161C-C,0.0941461055000043
YOR162C,4.80175507761474
YOR163W,121.42516956726
YOR164C,151.486621755713
YOR165W,71.6441569336349
YOR166C,11.6076065608397
YOR167C,2238.29177611532
YOR168W,284.096458606813
YOR171C,43.399199365657
YOR172W,4.64193472334074
YOR173W,9.22275284176778
YOR174W,22.1723472188092
YOR175C,65.606061666993
YOR176W,105.72216968124
YOR177C,2.31787450586765
YOR178C,0.255655706825043
YOR179C,33.554039998008
YOR180C,0.677241046285083
YOR181W,30.8029247116633
YOR182C,3051.06256420506
YOR183W,134.621175121761
YOR184W,276.730699325117
YOR185C,85.4822769913293
YOR186W,0.2273569850664
YOR187W,197.0160478472
YOR188W,19.1614662697718
YOR189W,85.3100913672225
YOR190W,0.421992074327817
YOR191W,11.173744057456
YOR192C,0.870201577204154
YOR192C-C,75.7584428948133
YOR193W,9.3182266762882
YOR194C,67.2441669087927
YOR195W,28.7810601230893
YOR196C,32.1887866496601
YOR197W,182.154948086938
YOR198C,529.428302868454
YOR201C,20.6503552527366
YOR202W,128.004757841966
YOR204W,588.23548514585
YOR205C,5.21990287153516
YOR206W,103.880553690983
YOR207C,54.0670557398892
YOR208W,3.81168928006974
YOR209C,150.021713490354
YOR210W,416.3568063689
YOR211C,28.9191105857005
YOR212W,85.3536158412382
YOR213C,14.5148631721379
YOR214C,0.240954412493415
YOR215C,61.6157472018987
YOR216C,40.8090146679459
YOR217W,45.5602789438897
YOR219C,14.1270817738075
YOR220W,54.5120434861256
YOR221C,30.0795973921138
YOR222W,22.6846544049465
YOR223W,26.5878362219407
YOR224C,389.240127985264
YOR226C,122.526249078818
YOR227W,7.44460080703519
YOR228C,7.54646031847838
YOR229W,19.5860234256742
YOR230W,355.651474698351
YOR231W,12.6829278922693
YOR232W,320.646243599145
YOR233W,17.3026708195547
YOR234C,1360.27520746011
YOR236W,45.7009731978103
YOR237W,2.40462523308147
YOR238W,20.5878585702064
YOR239W,138.484150601913
YOR241W,47.1164021964543
YOR242C,0.28268116973862
YOR243C,75.62387863045
YOR244W,17.8555396449958
YOR245C,21.3037330784573
YOR246C,40.5503570906778
YOR247W,355.026625242378
YOR249C,7.22764795297468
YOR250C,24.4359785540452
YOR251C,80.2150263753415
YOR252W,129.445413953624
YOR253W,143.492021149915
YOR254C,145.460858165584
YOR255W,0.0206610231527159
YOR256C,16.126007811599
YOR257W,84.0913720863415
YOR258W,15.8152026982447
YOR259C,206.32938734764
YOR260W,82.8857246663894
YOR261C,203.585644152848
YOR262W,33.7496961003425
YOR264W,65.6971196499582
YOR265W,181.402660399152
YOR266W,8.75137657554551
YOR267C,29.0251593635449
YOR268C,0.0409514449932754
YOR269W,5.35293124391865
YOR270C,232.362259413642
YOR271C,173.466984501331
YOR272W,107.248741600983
YOR273C,23.121020178749
YOR274W,20.0579195233555
YOR275C,11.7599738845569
YOR276W,540.151710756724
YOR278W,17.7842531267254
YOR279C,14.4996530564558
YOR280C,48.4823577773807
YOR281C,89.2901157368025
YOR283W,125.480982797611
YOR284W,14.9584746725886
YOR285W,364.38736059753103
YOR286W,144.424293270248
YOR287C,49.3137300609023
YOR288C,38.0749730771242
YOR289W,13.6015915208798
YOR290C,25.6033609585869
YOR291W,14.3628252951426
YOR292C,14.058123888623
YOR293C-A,0.556274450771599
YOR293W,2711.3294263013
YOR294W,191.124308716901
YOR295W,15.7760141581451
YOR296W,6.59791866755328
YOR297C,35.4491669766869
YOR298C-A,1084.3501368152
YOR298W,0.23337091114527
YOR299W,18.0488124300214
YOR301W,32.2153382111675
YOR302W,100.673066702109
YOR303W,39.9025390031203
YOR304C-A,45.9893565715848
YOR304W,23.882906738521
YOR305W,12.7332607688756
YOR306C,11.0514570364494
YOR307C,21.4920391244055
YOR308C,17.1953105004066
YOR310C,469.738633155404
YOR311C,56.3415321710308
YOR312C,2159.41990704457
YOR313C,0.961281287736886
YOR315W,60.5677893721866
YOR316C,56.4364235761606
YOR316C-A,27.360982956402
YOR317W,132.131913413828
YOR319W,18.2908529495364
YOR320C,41.2176966074077
YOR321W,29.5361897963539
YOR322C,15.5801277082723
YOR323C,315.401271483392
YOR324C,8.75822552566311
YOR326W,75.5643237242241
YOR327C,264.763636501384
YOR328W,0.350496698966064
YOR329C,15.0718521483128
YOR330C,10.056888519474
YOR332W,1083.18048227527
YOR334W,5.05396929086872
YOR335C,395.213180154449
YOR336W,19.6787846537095
YOR337W,8.74365265846108
YOR338W,1.26679825539339
YOR339C,1.79822696489777
YOR340C,155.833234747144
YOR341W,141.753337501523
YOR342C,41.7159804112234
YOR344C,68.1499483687442
YOR346W,12.2167495436511
YOR347C,41.0248859775363
YOR348C,0.198628293012438
YOR349W,4.21166804817969
YOR350C,5.4461605865309
YOR351C,0.533352044785878
YOR352W,21.0742436157702
YOR353C,14.1863377164241
YOR354C,26.5374224170111
YOR355W,60.8736134277639
YOR356W,44.321350572264
YOR357C,82.6666038748956
YOR358W,15.3693517228757
YOR359W,20.9380008219602
YOR360C,22.2133919193253
YOR361C,268.702162229143
YOR362C,230.342558721136
YOR363C,4.66528351099165
YOR365C,0.380683418719332
YOR367W,59.9070498517627
YOR368W,11.0927104065344
YOR369C,3440.48392746865
YOR370C,47.011774219795
YOR371C,14.2529853392611
YOR372C,25.209489471684
YOR373W,16.615431309204
YOR374W,127.975431672949
YOR375C,484.97525998673
YOR376W-A,0.179944280463062
YOR377W,16.8256761028309
YOR378W,3.74447689072682
YOR380W,2.83486863172643
YOR381W,0.493630931540563
YOR381W-A,1.10435571195819
YOR382W,394.387838972114
YOR383C,539.956926833343
YOR384W,3.16113654236553
YOR385W,14.0754567685909
YOR386W,10.1422061825351
YOR387C,0.0273418330344324
YOR388C,0.558163328363353
YOR389W,4.28575408668958
YOR390W,15.715108303096
YOR391C,0.120002263252305
YOR393W,0.322075141225584
YOR394C-A,0
YOR394W,0.235886367654992
YOR396W,0.604557190890061
YPL001W,34.3469413014248
YPL002C,18.3374993847592
YPL003W,9.4247069986404
YPL004C,355.618531784326
YPL005W,2.83547103609756
YPL006W,22.373821972076
YPL007C,13.8140466420756
YPL008W,4.50885829986728
YPL009C,58.5682803293902
YPL010W,296.580984140813
YPL011C,16.3374478911315
YPL012W,75.2976215117865
YPL013C,94.5500447226339
YPL014W,11.7577674355881
YPL015C,26.2641599293536
YPL016W,21.5859662312901
YPL017C,2.36125978888181
YPL018W,22.5265510409768
YPL019C,346.500706459673
YPL020C,13.7770251259186
YPL021W,0.149462720679221
YPL022W,7.98724317736007
YPL023C,42.3848468828471
YPL024W,14.271234227773
YPL026C,16.7970931441377
YPL027W,0.186133446797461
YPL028W,513.633301313149
YPL029W,7.88412215824538
YPL030W,37.7073702159954
YPL031C,60.6224822049779
YPL032C,55.9503780008917
YPL033C,0.327244693697663
YPL034W,9.08190339551785
YPL036W,152.577718167602
YPL037C,1496.86995085695
YPL038W,30.4929675266623
YPL038W-A,27.129047220859
YPL039W,10.9805678158322
YPL040C,7.09416782798756
YPL041C,7.97533968529246
YPL042C,9.35049238602142
YPL043W,100.354113114172
YPL045W,14.0868614240166
YPL046C,46.2661636498378
YPL047W,26.1595942365977
YPL048W,441.672750060693
YPL049C,57.7028578395574
YPL050C,94.6936013135274
YPL051W,27.0845480838289
YPL052W,7.75149824571418
YPL053C,68.859736740501
YPL054W,1.36072241044812
YPL055C,41.1733501464512
YPL056C,1.91439304611623
YPL057C,32.436009739055
YPL058C,16.3075927468836
YPL059W,194.186510373153
YPL060W,7.16971163716247
YPL061W,1701.96588501948
YPL063W,136.475927126899
YPL064C,18.3410048844909
YPL065W,22.642138372751
YPL066W,9.27342304814097
YPL067C,35.2808144673122
YPL068C,18.5002671081246
YPL069C,12.8110093891759
YPL070W,16.8117189791694
YPL071C,22.9538383166362
YPL072W,5.3364471228729
YPL074W,12.805580614623
YPL075W,7.87531193857791
YPL076W,10.8354762680634
YPL077C,11.3855653820265
YPL078C,189.696938313275
YPL079W,2419.09519414061
YPL081W,1087.62604157549
YPL082C,18.5423012222941
YPL083C,15.595811712346
YPL084W,36.1467080659854
YPL085W,64.1027565339937
YPL086C,66.5624453788665
YPL087W,39.1378810007161
YPL088W,3.53065394901131
YPL089C,8.82454371745372
YPL090C,4445.464337856
YPL091W,207.999082318993
YPL092W,31.2186899105899
YPL093W,152.288489450869
YPL094C,156.754993108984
YPL095C,5.86056187058207
YPL096C-A,23.5135458295641
YPL096W,20.028240771979
YPL097W,13.7401490485694
YPL098C,184.991046786589
YPL099C,34.812576031062
YPL100W,20.8650541147727
YPL101W,34.2488659645664
YPL103C,14.3828572315791
YPL104W,10.675256672165
YPL105C,32.1964455024759
YPL106C,1326.69144142239
YPL107W,22.565896627365
YPL108W,31.9790868826549
YPL109C,4.41923030398981
YPL110C,19.9930482186503
YPL111W,248.092129943084
YPL112C,55.2081321388889
YPL113C,5.93074836489042
YPL115C,17.5197293751604
YPL116W,24.2870568414532
YPL117C,230.502421692401
YPL118W,65.1912184210326
YPL119C,4.79427032563567
YPL119C-A,2.93638978569145
YPL120W,11.7906372474363
YPL121C,1.32646077134643
YPL122C,18.1953790379247
YPL123C,16.0758653222862
YPL124W,17.0452164061627
YPL125W,27.5648784263573
YPL126W,77.2132166565138
YPL127C,207.978572977996
YPL128C,32.709589255706
YPL129W,136.865803806426
YPL130W,0.279426688646744
YPL131W,3148.18293715048
YPL132W,15.8803668734134
YPL133C,9.50061722274827
YPL134C,11.7040901278332
YPL135W,172.321576604254
YPL137C,18.2125374043043
YPL138C,16.913869943742
YPL139C,32.6842360077309
YPL140C,9.53985849392454
YPL141C,14.1971615214192
YPL143W,2472.52947846536
YPL144W,52.94441553997
YPL145C,199.273184343735
YPL146C,68.3460805319925
YPL147W,1.70970743318918
YPL148C,4.26917014782269
YPL149W,7.81917751323319
YPL150W,8.49195819751583
YPL151C,14.2157264133748
YPL152W,21.2217383219778
YPL152W-A,2.12667024615763
YPL153C,9.81899298643778
YPL154C,377.544935547514
YPL155C,14.2458517037354
YPL156C,14.4575853097989
YPL157W,22.5413216135447
YPL158C,36.1200202970464
YPL159C,31.7424824729335
YPL160W,440.99589794088
YPL161C,15.6029417842773
YPL162C,19.4833686086419
YPL163C,158.767765457122
YPL164C,3.61126446409037
YPL165C,0.249982473457667
YPL166W,10.7889523919729
YPL167C,0.684612648806914
YPL168W,6.95135498370927
YPL169C,57.4431927497606
YPL170W,74.3929129377247
YPL171C,0.540624596223225
YPL172C,10.9509753385012
YPL173W,39.4595242310443
YPL174C,2.08519079634561
YPL175W,12.0160160967111
YPL176C,25.0401954781016
YPL177C,74.2838059572131
YPL178W,126.224505233368
YPL179W,27.7355425406371
YPL180W,18.0852090901279
YPL181W,36.365614429832
YPL183C,39.7333748197623
YPL183W-A,109.419522627534
YPL184C,58.0275461539072
YPL186C,2.63902690323609
YPL187W,11.8969583225418
YPL188W,36.3166415911185
YPL189C-A,53.9301509852387
YPL189W,0.574105659857778
YPL190C,86.733326351234
YPL191C,11.0879117737722
YPL192C,1.05762351033858
YPL193W,14.9421627827266
YPL194W,7.28249577899503
YPL195W,42.5547674492911
YPL196W,30.0762680463501
YPL198W,2444.33917460158
YPL199C,129.86660513874
YPL200W,0
YPL201C,0.114709769855553
YPL202C,24.4978611071252
YPL203W,39.7057639799421
YPL204W,70.446482673308
YPL206C,77.041997934348
YPL207W,37.552375982757
YPL208W,21.1679589848231
YPL209C,9.37812995655734
YPL210C,79.658501350493
YPL211W,218.92573435319
YPL212C,74.8707818668078
YPL213W,32.2255711276402
YPL214C,8.74938657101836
YPL215W,50.0841218417378
YPL216W,2.65584031582134
YPL217C,63.4963817646886
YPL218W,519.797351806822
YPL219W,12.0525523448688
YPL220W,3154.23405116128
YPL221W,26.5731549388147
YPL222W,7.28327454384187
YPL223C,1.64840654034304
YPL224C,17.7049837176786
YPL225W,532.285875019848
YPL226W,165.363105567365
YPL227C,57.0153110547821
YPL228W,39.7467437340213
YPL229W,15.17471733411
YPL230W,1.17979003507201
YPL231W,502.744390572054
YPL232W,117.427823393815
YPL233W,27.4226833831187
YPL234C,299.205008344097
YPL235W,148.674011112449
YPL236C,8.9722392696913
YPL237W,425.670224859648
YPL239W,162.52456676482
YPL240C,952.371883720962
YPL241C,17.5158057593369
YPL242C,14.5389820343711
YPL243W,93.9916589923351
YPL244C,20.3869112091827
YPL245W,24.4214464261314
YPL246C,72.0960965802664
YPL247C,11.6422504570382
YPL248C,0.840987268439697
YPL249C,29.9904279937649
YPL249C-A,2904.23950561847
YPL250C,52.0812966679107
YPL252C,94.8067915972587
YPL253C,10.3751750839668
YPL254W,29.0612984286691
YPL255W,8.9881794762917
YPL256C,48.7988598162835
YPL257W,9.05957944945033
YPL258C,0.353918595074003
YPL259C,29.656342371842
YPL260W,84.0288543152974
YPL262W,160.06031861834
YPL263C,70.495080915818
YPL264C,5.66540531708592
YPL265W,149.496680778722
YPL266W,105.147321732335
YPL267W,39.9819180208201
YPL268W,5.34800903098481
YPL269W,3.08706124946785
YPL270W,20.9010712748161
YPL271W,274.352123455585
YPL272C,1.32333788767776
YPL273W,164.486013438912
YPL274W,65.6649071367435
YPL277C,3.78341483664544
YPL278C,2.87011127338585
YPL279C,15.8550054096518
YPL280W,0.144002715902766
YPL281C,0.33549493877665
YPL282C,0.235886367654992
YPL283C,0.967260467596632
YPR001W,0.908372569645267
YPR002W,4.49179435264789
YPR003C,9.12427243053026
YPR004C,95.1872813765413
YPR005C,3.11591284361924
YPR006C,8.85949328793674
YPR007C,0.0873892079760805
YPR008W,19.7035611041754
YPR009W,11.613043378901
YPR010C,167.284224138453
YPR010C-A,95.510162231572
YPR011C,14.7998044173266
YPR013C,3.83168065741276
YPR015C,2.37829011390782
YPR016C,275.686901387889
YPR017C,30.4278640598469
YPR018W,22.4784410758217
YPR019W,34.6310947036639
YPR020W,135.202387902558
YPR021C,6.52108670374776
YPR022C,13.0111610192581
YPR023C,53.1167368218284
YPR024W,66.8709390611973
YPR025C,23.168521581818
YPR026W,4.67146687154895
YPR027C,0.352433434664034
YPR028W,409.585663801505
YPR029C,35.739577429143
YPR030W,0.497680643255516
YPR031W,6.44108747768251
YPR032W,19.8477569914503
YPR033C,309.520046103688
YPR034W,59.6520149810149
YPR035W,684.723976018045
YPR036W,366.431487746641
YPR036W-A,756.187520721405
YPR037C,58.9440207798663
YPR040W,29.9450298819432
YPR041W,367.438183668541
YPR042C,20.7962566465484
YPR043W,3326.01556327599
YPR045C,36.916493508301
YPR046W,19.7119400655658
YPR047W,10.1914289990883
YPR048W,22.7281159912444
YPR049C,6.61980565363674
YPR051W,75.4905171828114
YPR052C,409.92072809828
YPR054W,0.872596358390485
YPR055W,17.9378939341546
YPR056W,27.0188704803189
YPR057W,12.4769473385942
YPR058W,54.1723090267378
YPR060C,89.289869833174
YPR061C,4.96376203247977
YPR062W,360.511669507995
YPR063C,242.060854648826
YPR065W,56.2332893338423
YPR066W,13.9055885540735
YPR067W,27.2304772053467
YPR068C,18.0141479674529
YPR069C,553.61213761709
YPR070W,14.3983218967547
YPR071W,13.4509008300167
YPR072W,85.7051724757877
YPR073C,169.484892558698
YPR074C,746.84564920518
YPR075C,39.3249115824894
YPR078C,0.266289756379944
YPR079W,28.9504403915328
YPR080W,8460.67540047699
YPR081C,9.2760615018854
YPR082C,34.6221811608283
YPR083W,5.82578418925041
YPR084W,7.76685452299119
YPR085C,5.0594485760655
YPR086W,68.4113326395312
YPR088C,153.909580571296
YPR089W,23.028956067088
YPR091C,30.5076465631005
YPR093C,9.57179540447855
YPR094W,55.9253242978786
YPR095C,5.69780917787607
YPR096C,4.59217803741735
YPR097W,32.9808581794757
YPR098C,72.1321671726768
YPR100W,102.979814547983
YPR101W,37.16397048068
YPR102C,3160.30634488976
YPR103W,269.85518828302
YPR104C,18.2004384331765
YPR105C,17.7232814710168
YPR106W,19.3636487387638
YPR107C,33.222679994871
YPR108W,187.38370460273
YPR108W-A,110.429036546636
YPR109W,13.1495441387957
YPR110C,260.288548873325
YPR111W,12.7913319458904
YPR112C,72.1613403120789
YPR113W,234.298097754146
YPR114W,62.8146600664089
YPR115W,9.02975017450087
YPR116W,9.14253792275524
YPR117W,0.466509796150613
YPR118W,114.725138004333
YPR119W,43.1244797789462
YPR120C,17.6443003005934
YPR121W,0.062053265459799
YPR122W,10.8621645782245
YPR124W,285.747685754229
YPR125W,47.3165524506296
YPR127W,30.5864644207747
YPR128C,43.6825182465117
YPR129W,131.047087784652
YPR131C,58.8485807550924
YPR132W,3336.19905294035
YPR133C,94.7177488843371
YPR133W-A,290.220433580643
YPR134W,12.2974216259081
YPR135W,27.8384480307695
YPR137W,60.8019924059739
YPR138C,19.1432483207194
YPR139C,39.7585940607976
YPR140W,14.5594229573494
YPR141C,15.2270909391849
YPR143W,97.668582037287
YPR144C,40.2757701552504
YPR145C-A,7.97457293629614
YPR145W,445.242521884968
YPR147C,43.5344510008658
YPR148C,81.1718689153351
YPR149W,690.417900071566
YPR151C,1.17569882048059
YPR152C,11.9065830366192
YPR153W,7.61662024581311
YPR154W,81.4668602125217
YPR155C,14.3862987240075
YPR156C,44.736204897513
YPR157W,1.77482603021855
YPR158W,29.9344901251962
YPR159C-A,0.12257949306712
YPR159W,102.883630891264
YPR160W,28.5827712939676
YPR161C,36.1400858602357
YPR162C,18.4205453359917
YPR163C,641.592259538887
YPR164W,10.1093210770288
YPR165W,583.5147806156
YPR166C,123.08781005356
YPR167C,14.3834453425601
YPR168W,34.7758727663432
YPR169W,39.808132173817
YPR170W-B,354.747464336108
YPR171W,21.7672361786135
YPR172W,92.3613850200488
YPR173C,58.2285015740754
YPR174C,30.2271058500154
YPR175W,14.9341427833625
YPR176C,40.3241088086077
YPR178W,16.5200679711904
YPR179C,13.714120684155
YPR180W,45.7696771519526
YPR181C,213.865076842995
YPR182W,108.81516914593
YPR183W,326.740752251023
YPR184W,5.17189144524991
YPR185W,12.6656452355085
YPR186C,12.813728578943
YPR187W,301.911387276851
YPR188C,93.2532021765979
YPR189W,43.3620584929854
YPR190C,36.7919424079296
YPR191W,109.190392095181
YPR192W,0.605657018594846
YPR193C,0.493630931540563
YPR194C,0.551813465806441
YPR196W,1.86396392163228
YPR198W,26.8145378863354
YPR199C,11.8953402268986
YPR200C,2.65663192247285
YPR201W,1.82353993886062
YPR202W,2.58187068381687
YPR203W,3.18086898020801
YPR204W,0.179972879363327
