GeneID,Phi
Q0045,0.529713834033848
Q0050,0.334738183001013
Q0055,0.207396891630404
Q0060,0.0643564812519887
Q0065,0.254681971427217
Q0070,0.161098537154624
Q0075,0.0187368802206217
Q0080,0.214798049539498
Q0085,0.579461243679106
Q0105,0.518723920464681
Q0110,0.0947782144291039
Q0115,0.273293958096164
Q0120,0.16973858089883
Q0130,1.64884545941471
Q0140,0.251230837684863
Q0160,55.4967034828097
Q0250,0.752461909532514
Q0255,0.227398753673466
Q0275,1.02110531368018
YAL001C,5.74892071512542
YAL002W,2.88962179815675
YAL003W,4030.68507805472
YAL005C,4601.51523828816
YAL007C,106.725269736661
YAL008W,32.7413598369493
YAL009W,8.56594881960418
YAL010C,5.27358010573135
YAL011W,16.9930363451274
YAL012W,738.726931321168
YAL013W,24.574255273956
YAL014C,21.0910600176667
YAL015C,7.25145813112574
YAL016W,90.6633451258076
YAL017W,7.80695455867563
YAL018C,0.0203272300539818
YAL019W,22.1788500149693
YAL020C,8.69962815322701
YAL021C,39.6857219478353
YAL022C,29.1123135362437
YAL023C,133.617032852583
YAL024C,2.4878102454127
YAL025C,60.5690557915314
YAL026C,14.5366863723223
YAL027W,5.65282454022195
YAL028W,1.61939851424546
YAL029C,7.37619293578837
YAL030W,58.8691282853876
YAL031C,5.15967040114858
YAL032C,10.1456339052077
YAL033W,27.6829008239552
YAL034C,1.40626899927372
YAL034W-A,8.04333197937546
YAL035W,224.144295037982
YAL036C,113.289169728902
YAL037C-A,0
YAL037W,1.05278809004612
YAL038W,7648.80028644181
YAL039C,28.809757064548
YAL040C,6.90245732266005
YAL041W,13.1936330291034
YAL042W,109.904780858084
YAL043C,22.8366498473403
YAL044C,386.980549618306
YAL044W-A,44.521983089287
YAL046C,46.3639463217645
YAL047C,6.29629585401192
YAL048C,5.59772579101977
YAL049C,60.6024892967252
YAL051W,7.76349214902506
YAL053W,29.6420412999566
YAL054C,0.342656367744143
YAL055W,9.2523349677912
YAL056W,3.51645966751689
YAL058W,10.9131489758002
YAL059W,58.7704371841343
YAL060W,58.3600553493813
YAL061W,2.53035734607406
YAL062W,2.30201231276356
YAL063C,0.124514407203175
YAL063C-A,0
YAL064C-A,0
YAL064W,0
YAL064W-B,0
YAL065C,0.192031435993837
YAL067C,0.159483734977933
YAL067W-A,0
YAL068C,0
YAR002C-A,170.278647288832
YAR002W,41.7958090780012
YAR003W,7.2013957527463
YAR007C,48.9027676507777
YAR008W,11.9535728277444
YAR014C,26.3385624879522
YAR015W,195.74093580959
YAR018C,7.30392629707187
YAR019C,2.35555115430395
YAR020C,0.581453324799944
YAR023C,0.461431585126589
YAR027W,28.893609421433
YAR028W,18.14786446475
YAR029W,0.229802325058802
YAR031W,9.24792068584092
YAR033W,12.6342384670626
YAR035C-A,0
YAR035W,0.8882932129227
YAR042W,10.9826944062413
YAR050W,0.0894031787398899
YAR064W,0
YAR066W,6.98729254624921
YAR068W,3.24453864323171
YAR071W,514.897422920449
YBL001C,166.39550452545
YBL002W,893.28884294731
YBL003C,978.470132999249
YBL004W,20.9461049788223
YBL005W,2.01497592744642
YBL006C,45.0256758928771
YBL007C,80.3061299072752
YBL008W,5.0588701721894
YBL008W-A,11.17997652969
YBL009W,13.1950917323465
YBL010C,9.92608334995561
YBL011W,16.6450488556558
YBL013W,4.75572824447308
YBL014C,1.87610214425751
YBL015W,21.0145850997261
YBL016W,28.6698258691935
YBL017C,30.3195052579775
YBL018C,26.8215310589789
YBL019W,2.30354231263912
YBL020W,14.662391238289
YBL021C,24.0774353082356
YBL022C,49.7234753084031
YBL023C,17.7501370877371
YBL024W,73.241127707228
YBL025W,16.0239344956466
YBL026W,69.4721011031496
YBL027W,3624.1795686557102
YBL028C,123.823487584945
YBL029C-A,18.6389066541669
YBL029W,2.68844010391372
YBL030C,484.112015205946
YBL031W,5.62007791459595
YBL032W,103.286353313269
YBL033C,26.8267916083391
YBL034C,5.92508413618597
YBL035C,16.2930025373792
YBL036C,68.3178147234494
YBL037W,8.69420022084866
YBL038W,27.1195494530519
YBL039C,187.775204823649
YBL039W-B,3.12072232326549
YBL040C,65.9247722369536
YBL041W,188.165592279454
YBL042C,27.688746235453
YBL043W,0.152268532073067
YBL044W,0.601021465538404
YBL045C,74.6321189297231
YBL046W,14.2190676799676
YBL047C,89.4834433060832
YBL049W,0.763366344160846
YBL050W,64.8912794412263
YBL051C,40.7375899679701
YBL052C,2.00734394310113
YBL054W,14.7450599545422
YBL055C,13.6133205568576
YBL056W,55.3127136922827
YBL057C,43.6183451725853
YBL058W,121.647838219755
YBL059C-A,36.9179162280142
YBL059W,12.9517418519627
YBL060W,4.18484802532472
YBL061C,20.8841372103953
YBL063W,3.06095157264253
YBL064C,33.3416597881233
YBL066C,2.58802755853286
YBL067C,8.80343852446999
YBL068W,47.4269078642756
YBL069W,28.1285837723434
YBL071C-B,1.42708293187201
YBL071W-A,74.3317358460469
YBL072C,4454.32233987638
YBL074C,6.18522060678446
YBL075C,0.970302055531204
YBL076C,253.406058790377
YBL078C,25.1999357620591
YBL079W,14.1174085065974
YBL080C,3.27538137585304
YBL081W,16.8994319876864
YBL082C,22.7521515465521
YBL084C,4.21370184100935
YBL085W,13.6161848540527
YBL086C,8.24495192780032
YBL087C,2686.86407151007
YBL088C,0.641584995670053
YBL089W,7.27122255154521
YBL090W,30.8048500546981
YBL091C,116.284760381925
YBL091C-A,26.8867388131406
YBL092W,4735.41534398806
YBL093C,42.3164258891377
YBL095W,5.81453324799944
YBL097W,5.96584859564418
YBL098W,11.1170758352922
YBL099W,300.944942540151
YBL100W-C,0.12476293895408
YBL101C,6.65311853413403
YBL102W,56.780241820572
YBL103C,10.8874693067647
YBL104C,5.55128043896786
YBL105C,9.46901912705895
YBL106C,2.67207378834607
YBL107C,11.1035104605214
YBL108C-A,0
YBL111C,0.172697212915959
YBL112C,0
YBL113C,0.0944721841956491
YBR001C,10.7228264814048
YBR002C,20.8583572930024
YBR003W,11.4743685102199
YBR004C,10.5180984124764
YBR005W,12.9729916335082
YBR006W,7.73384489334817
YBR007C,5.85938257811577
YBR008C,0.270589750718589
YBR009C,1466.48791150171
YBR010W,1665.51359168993
YBR011C,1255.77376628796
YBR013C,10.2985096886764
YBR014C,45.3383597797347
YBR015C,67.2029708647787
YBR016W,200.480819177566
YBR017C,45.8914041133118
YBR018C,0.326687625867565
YBR019C,0.106748727926709
YBR020W,0.0892581858245529
YBR021W,6.55315896545311
YBR022W,15.8506911806479
YBR023C,19.4777295934748
YBR024W,9.75088480501341
YBR025C,620.783623726703
YBR026C,44.6473088685672
YBR028C,12.5268900657284
YBR029C,42.4479340474555
YBR030W,52.8213081670915
YBR031W,3937.80093705443
YBR033W,0.0816492764013697
YBR034C,74.942725337275
YBR035C,113.459314698787
YBR036C,65.8268760130937
YBR037C,16.7574640915606
YBR038W,26.3650536866374
YBR039W,114.647748775216
YBR040W,0.66214229254231
YBR041W,22.4763133578173
YBR042C,18.0148233635137
YBR043C,2.31285854475808
YBR044C,3.7045973912084
YBR045C,0.455476697828799
YBR046C,35.7093590133198
YBR047W,5.03673409033227
YBR048W,2589.58413717768
YBR049C,49.2068552769458
YBR050C,0.842032579538767
YBR052C,88.1215315825484
YBR053C,36.0356215351994
YBR054W,12.3048313351264
YBR055C,7.63788084491032
YBR056W,121.765736296965
YBR056W-A,10.8377741689022
YBR057C,18.4034029238728
YBR058C,26.625443477937
YBR058C-A,86.4310317200469
YBR059C,22.9350076262598
YBR060C,11.6394677116694
YBR061C,33.2090935489057
YBR062C,25.9206636120563
YBR063C,0.0495295027068098
YBR065C,9.06759997394893
YBR066C,21.0114846994609
YBR067C,400.407571182456
YBR068C,108.051086190248
YBR069C,103.499657346043
YBR070C,13.5525996696965
YBR071W,38.5897432924512
YBR072C-A,0.598145764746354
YBR072W,22.6419493144641
YBR073W,16.7666626624298
YBR074W,23.564024040415
YBR076W,0.11242128132373
YBR077C,30.4756755063055
YBR078W,1145.99434540199
YBR079C,148.446990445462
YBR080C,51.9361165212067
YBR081C,8.26000962228163
YBR082C,680.693714549074
YBR083W,28.4068996125738
YBR084C-A,2933.67311784953
YBR084W,72.2060791270474
YBR085C-A,128.769670059179
YBR085W,15.9645166211808
YBR086C,50.3786958634449
YBR087W,24.7888925318825
YBR088C,139.400023992466
YBR089C-A,115.825669865949
YBR090C,114.644844551451
YBR091C,39.9022986775842
YBR092C,195.904555215118
YBR093C,202.897556636342
YBR094W,14.1399258258788
YBR095C,11.754903409575
YBR096W,68.1655804860908
YBR097W,2.9373584589565
YBR098W,2.52223296136135
YBR101C,108.70649115825
YBR102C,11.2253144399446
YBR103W,11.2423092744175
YBR104W,28.0082571481503
YBR105C,7.07963782645942
YBR106W,565.067199886608
YBR107C,2.22952166579342
YBR108W,14.961713189854
YBR109C,462.537632949311
YBR110W,16.1373761570283
YBR111C,114.88920332361
YBR111W-A,30.8216136173541
YBR112C,51.6432655205414
YBR114W,3.50413727180573
YBR115C,54.869211276037
YBR117C,0.219005751417721
YBR118W,20966.173492387
YBR119W,10.2852769441572
YBR120C,15.7043021741677
YBR121C,310.936252525393
YBR122C,35.0723438341034
YBR123C,12.4887264566758
YBR125C,12.8843874792936
YBR126C,140.364158396047
YBR126W-A,329.265114065354
YBR127C,547.225602094552
YBR128C,1.50199819114219
YBR129C,10.3774048014948
YBR130C,29.4683470559932
YBR131W,3.73919490863486
YBR132C,10.2816744289638
YBR133C,8.81656458811137
YBR135W,62.7145865240473
YBR136W,1.86103263972697
YBR137W,47.5984427426735
YBR138C,5.7804777203447
YBR139W,39.7249477933922
YBR140C,4.17780594102183
YBR141C,9.05289762606762
YBR142W,26.4818159285997
YBR143C,229.373225640176
YBR145W,8.23593754408383
YBR146W,28.2126546764498
YBR147W,0.444251829537982
YBR148W,0.577219691996393
YBR149W,110.416123436017
YBR150C,3.26413098450869
YBR151W,31.9629398226075
YBR152W,7.15582364603471
YBR153W,8.17963058470169
YBR154C,192.165443542696
YBR155W,40.0454866598734
YBR156C,4.49943806103937
YBR157C,21.3978390724691
YBR158W,32.266033940136
YBR159W,96.5571375176492
YBR160W,41.0307507278718
YBR161W,9.33879193991082
YBR162C,358.57521125896
YBR162W-A,203.166515975251
YBR163W,2.10085582635474
YBR164C,110.577246995239
YBR165W,14.3317354688204
YBR166C,29.9935074466505
YBR167C,12.5455771444867
YBR168W,3.55608252689907
YBR169C,15.9225990513265
YBR170C,27.6447489735542
YBR171W,67.122461157295
YBR172C,26.6454614836462
YBR173C,155.295511306134
YBR175W,11.7683425855238
YBR176W,18.4687109978292
YBR177C,54.0265320811086
YBR179C,8.66083806707272
YBR180W,0.0589904043186052
YBR181C,4183.73949477079
YBR182C,0.874316669640504
YBR182C-A,0.258290216595017
YBR183W,5.19841411876503
YBR184W,1.35127741479913
YBR185C,13.3167501187921
YBR186W,0.705676944612255
YBR187W,101.320964006151
YBR188C,23.3622584987439
YBR189W,3534.70283437154
YBR191W,2729.08500663567
YBR192W,16.5660040188028
YBR193C,18.3722537560223
YBR194W,8.60268751628239
YBR195C,10.9085091526393
YBR196C,1517.41911532776
YBR196C-A,710.625001020413
YBR196C-B,0.548300284350825
YBR197C,18.2792833741495
YBR198C,31.1252393004357
YBR199W,39.9224965708256
YBR200W,15.5133886677394
YBR200W-A,0
YBR201C-A,5.31261470733548
YBR201W,9.121212050943
YBR202W,19.7150540927816
YBR203W,0.28794508200139
YBR204C,11.1713266445606
YBR205W,70.3814233463768
YBR207W,23.9066512908231
YBR208C,7.4677412985445
YBR210W,23.9869855489949
YBR211C,10.6623481909866
YBR212W,31.0009936183875
YBR213W,10.4415992223966
YBR214W,20.4521721025969
YBR215W,14.5577285886601
YBR216C,12.036673134161
YBR217W,5.38019654019247
YBR218C,54.6015445282889
YBR219C,13.4390816795409
YBR220C,12.6698567440512
YBR221C,307.739743567246
YBR221W-A,0.137075071087706
YBR222C,47.9127582605029
YBR223C,2.46506941157012
YBR225W,3.88675117932181
YBR227C,15.2706737579447
YBR228W,3.35705683453883
YBR229C,25.1641963606972
YBR230C,69.466734698306
YBR230W-A,26.3803185196534
YBR231C,17.2723165695917
YBR233W,14.272822142054
YBR233W-A,25.730477199355
YBR234C,93.3606677183982
YBR235W,7.17935709567869
YBR236C,20.8507535231556
YBR237W,2.51918328566578
YBR238C,8.10007945708824
YBR239C,3.0292167206285
YBR240C,0.491120397554239
YBR241C,8.55985833614009
YBR242W,31.4440165687788
YBR243C,27.7406904266104
YBR244W,128.472075954515
YBR245C,30.4195785339403
YBR246W,14.3318721724534
YBR247C,49.7186554040495
YBR248C,59.5018296855652
YBR249C,371.624697898539
YBR250W,0.205908939397963
YBR251W,17.080316169973
YBR252W,163.543122696022
YBR253W,25.1235704141768
YBR254C,24.8213154811339
YBR255C-A,16.3634201934553
YBR255W,3.54749255269009
YBR256C,21.5990122484587
YBR257W,12.6374870499078
YBR258C,8.92946177371343
YBR259W,1.76420933498312
YBR260C,17.4883160031077
YBR261C,85.9670167008175
YBR262C,34.2538683076779
YBR263W,187.011519484958
YBR264C,23.7658936233919
YBR265W,44.806447791267
YBR267W,46.9602017337411
YBR268W,46.6370702135773
YBR269C,42.9730347859959
YBR270C,1.43436655989225
YBR271W,12.3545855961223
YBR272C,11.3406162168616
YBR273C,27.8470328510135
YBR274W,6.46395945278826
YBR275C,4.33022939296728
YBR276C,2.74882392656334
YBR278W,12.0928341427574
YBR279W,37.2179107093067
YBR280C,5.06807289859411
YBR281C,13.1269298330161
YBR282W,51.6188763599295
YBR283C,169.685230499471
YBR284W,0.367030997390106
YBR285W,1.08067483430142
YBR286W,409.470388271181
YBR287W,38.4304534388343
YBR288C,25.5612544836587
YBR289W,13.1869688641338
YBR290W,18.3055435505873
YBR291C,10.0766823113429
YBR293W,1.48622155880421
YBR294W,0.0634500519385804
YBR295W,1.2000926180464
YBR296C,65.986639638555
YBR296C-A,0
YBR297W,2.45038187600527
YBR298C,0.0330371207272696
YBR298C-A,0.154910117511757
YBR299W,0.404683339726191
YBR301W,0.45736267621459
YBR302C,28.0496937379271
YCL001W,89.4836780027016
YCL001W-A,0.122802028322189
YCL001W-B,0
YCL002C,5.26472835605512
YCL004W,2.27342362166046
YCL005W,8.55831055084515
YCL005W-A,250.489660016511
YCL008C,29.740171439975
YCL009C,224.348538047171
YCL010C,19.827652120672
YCL011C,65.3709057273206
YCL012C,15.9492303952315
YCL014W,8.56445486512006
YCL016C,6.95097318463575
YCL017C,60.680936855501
YCL018W,0
YCL021W-A,4.85342510524189
YCL024W,4.29100045373954
YCL025C,18.7294200774451
YCL026C-A,0.629368529890772
YCL026C-B,7.08867712613817
YCL027W,8.82811857577721
YCL028W,197.763460505623
YCL029C,14.8129124995567
YCL030C,156.457161237419
YCL031C,40.0323302189576
YCL032W,11.1071123778421
YCL033C,42.7990929539117
YCL034W,47.4417807186142
YCL035C,254.027521739737
YCL036W,7.74772140930513
YCL037C,387.489326397375
YCL038C,8.65804402498163
YCL039W,7.89648392009494
YCL040W,118.466113178958
YCL042W,108.47723709213
YCL043C,586.228006495548
YCL044C,24.0383947877036
YCL045C,71.0997215936436
YCL047C,17.7505562928915
YCL048W,0.057916360820934903
YCL048W-A,0.435583501156753
YCL049C,9.2343554989146
YCL050C,309.13743771385
YCL051W,7.20379406387776
YCL052C,9.63116061879723
YCL054W,37.8891905006395
YCL054W-A,25.1890787348036
YCL055W,23.1855661473545
YCL056C,4.92787724441447
YCL057C-A,137.538151679768
YCL057W,56.1583899656964
YCL058C,96.7652478113215
YCL058W-A,30.9049666701187
YCL059C,87.036901450327
YCL061C,10.873362978696
YCL063W,9.80954519341225
YCL064C,206.252128556138
YCL068C,2.48518755388892
YCL069W,0.0585264348464364
YCL073C,0.252883613996106
YCR002C,70.5450917030904
YCR003W,22.6441609921047
YCR004C,215.597771734054
YCR005C,55.5999493938073
YCR007C,1.30391097608332
YCR008W,13.8192907600718
YCR009C,100.626404137938
YCR010C,0.208585870131237
YCR011C,35.9617756721359
YCR012W,6731.17000067429
YCR014C,1.5545351046294
YCR015C,5.91134532339071
YCR016W,39.7231636440774
YCR017C,33.749211314789
YCR018C,7.6562098611456
YCR019W,6.82318545249218
YCR020C,5.42620051189205
YCR020C-A,35.6988885772875
YCR020W-B,19.2214001091437
YCR021C,2.82851657204307
YCR023C,6.32918480119465
YCR024C,2.4713036407372
YCR024C-A,1337.02056750212
YCR024C-B,708.138548135338
YCR026C,10.5367125821337
YCR027C,10.7408543147129
YCR028C,13.2815891073077
YCR028C-A,204.461778562208
YCR030C,25.0338244112177
YCR031C,4080.12482833426
YCR032W,1.4153194639555
YCR033W,7.22085589068887
YCR034W,148.139579850555
YCR035C,28.6825135761704
YCR036W,27.5289603204855
YCR037C,2.23949254133217
YCR038C,2.22483384611585
YCR039C,4.13644185105843
YCR040W,0.181177485263751
YCR041W,0.328980170610495
YCR042C,10.4055095405694
YCR043C,78.4590991578951
YCR044C,19.5715321837769
YCR045C,0.451456701625696
YCR046C,46.4214449002086
YCR047C,49.076321908329
YCR048W,32.9709293329047
YCR050C,0
YCR051W,90.6165771617344
YCR052W,40.2947671278556
YCR053W,368.768448656923
YCR054C,10.3877522531468
YCR057C,30.9168227735725
YCR059C,27.9912618464828
YCR060W,34.0547445538836
YCR061W,22.5833119691342
YCR063W,11.757410320091
YCR065W,22.3783315825344
YCR066W,4.1643243303839
YCR067C,18.6395061842456
YCR068W,7.53180688739307
YCR069W,54.4543007501887
YCR071C,29.7160777059644
YCR072C,43.0032428659253
YCR073C,1.0203837099816
YCR073W-A,42.5712463992348
YCR075C,11.4720273952246
YCR075W-A,28.5634540858542
YCR076C,25.0024929663976
YCR077C,65.6341078691324
YCR079W,2.4832902413331
YCR081W,3.3242366350690302
YCR082W,55.0650142712328
YCR083W,33.8877563214322
YCR084C,90.9562291711952
YCR086W,20.6673832988367
YCR087C-A,100.615795205313
YCR088W,296.716332191586
YCR089W,2.71710503838235
YCR090C,40.37734812107
YCR091W,1.39531257881857
YCR092C,6.06804489949083
YCR093W,25.3496408527368
YCR094W,21.8746258986471
YCR095C,8.12507657285368
YCR095W-A,1.41599879259533
YCR098C,0.935255347870235
YCR099C,0.0404571083598667
YCR100C,0.0626314954068076
YCR101C,1.08372103182093
YCR102C,1.10135187099238
YCR104W,0.148119034161123
YCR105W,0.827531761906364
YCR106W,1.78402182072358
YCR107W,0.0548781671782213
YCR108C,0
YDL001W,12.0192332481501
YDL002C,27.6646198098102
YDL003W,25.6866763646963
YDL004W,170.889680699576
YDL005C,16.1346442572931
YDL006W,17.8489241501439
YDL007C-A,0
YDL007W,833.248034330183
YDL008W,18.4269137764582
YDL009C,0.112320273883188
YDL010W,26.2475700051011
YDL012C,134.728168522884
YDL013W,7.9320966149295
YDL014W,678.999968621074
YDL015C,159.157025804807
YDL017W,6.15380688330601
YDL018C,25.7496939056233
YDL019C,15.7481291724318
YDL020C,20.3027953130465
YDL021W,3.07338206182405
YDL022C-A,0.422339408216176
YDL022W,171.41938145809
YDL024C,0.358242964328255
YDL025C,7.22148793357557
YDL027C,5.23271004194963
YDL028C,5.631432553277
YDL029W,121.809637987015
YDL030W,7.61000675145943
YDL031W,37.8332615974237
YDL033C,3.98771505805342
YDL035C,6.50706999580072
YDL036C,6.54371188941813
YDL037C,0.141052104097988
YDL039C,0.0388720350845734
YDL040C,57.8398023543099
YDL042C,14.366351805289
YDL043C,18.67324553308
YDL044C,5.49020678885008
YDL045C,14.8516874542135
YDL045W-A,42.6659457088278
YDL046W,130.871279821185
YDL047W,42.3490852380997
YDL048C,0.986940511831485
YDL049C,1.39065388279144
YDL051W,170.564625826958
YDL052C,71.9136702457213
YDL053C,70.4271323915745
YDL054C,11.0532683317408
YDL055C,1337.56717116132
YDL056W,8.64804418675581
YDL057W,6.0047895744572
YDL058W,16.4415225118823
YDL059C,5.18158122122114
YDL060W,32.4096800223775
YDL061C,2139.4526187034
YDL063C,22.3189793234073
YDL064W,97.2985690774878
YDL065C,42.0387331397531
YDL066W,186.066153616126
YDL067C,182.378684009662
YDL069C,3.25111566161887
YDL070W,31.5077240793453
YDL072C,132.979875337213
YDL073W,3.67152975217198
YDL074C,22.1436807861312
YDL075W,3693.49166661707
YDL076C,18.9128299799467
YDL077C,3.99502872182299
YDL078C,100.411618338946
YDL079C,0.147578569773757
YDL080C,2.63078975006048
YDL081C,2684.25768011076
YDL082W,1888.29363739137
YDL083C,2137.73924726266
YDL084W,517.207549926291
YDL085C-A,60.7015905352173
YDL085W,0.22257412136259
YDL086W,69.6511719096519
YDL087C,10.155074174027
YDL088C,17.6093649462439
YDL089W,8.26757978693574
YDL090C,9.33947677201003
YDL091C,7.17091523830132
YDL092W,86.0314605998825
YDL093W,15.925969996879
YDL095W,150.004960799998
YDL097C,140.330806799813
YDL098C,11.3078258009947
YDL099W,52.1759075805455
YDL100C,244.609971280216
YDL101C,11.4994683928732
YDL102W,17.1497694446756
YDL103C,69.6811544353857
YDL104C,2.67204717645083
YDL105W,4.66142550660677
YDL106C,10.5926408147544
YDL107W,2.94680334146119
YDL108W,17.0686784799874
YDL109C,0.418591879564668
YDL110C,33.8367071478581
YDL111C,39.6735810482581
YDL112W,22.9820605188682
YDL113C,8.75721834863673
YDL114W,0.0427831844051978
YDL115C,10.2204359586116
YDL116W,18.8341639865069
YDL117W,7.60242161362737
YDL119C,7.55310463797799
YDL120W,42.2172047611521
YDL121C,67.53691510541
YDL122W,18.9512234737229
YDL123W,25.1798156115494
YDL124W,80.3621372136664
YDL125C,325.374363778676
YDL126C,456.291419256951
YDL127W,10.9524952077306
YDL128W,62.3925551941411
YDL129W,6.47861636092101
YDL130W,3397.53079240849
YDL130W-A,52.4944116394062
YDL131W,186.423697556023
YDL132W,27.3073319973681
YDL133C-A,7832.28094665372
YDL133W,7.73099372277173
YDL134C,65.5856232956065
YDL135C,89.725663910154
YDL136W,3130.49506446347
YDL137W,285.336207673011
YDL138W,1.30054295749396
YDL139C,5.67975037252426
YDL140C,60.9502253602329
YDL141W,16.9140292433845
YDL142C,7.81038202602521
YDL143W,153.804605345108
YDL144C,23.4072235881003
YDL145C,74.9230649709369
YDL146W,4.52824752236682
YDL147W,129.886597034824
YDL148C,41.6372161093638
YDL149W,2.26784642438825
YDL150W,32.8680188692005
YDL153C,59.9350540612936
YDL154W,0.136228621320728
YDL155W,16.201840859142
YDL156W,6.21452228228323
YDL157C,84.5793903978797
YDL159W,8.47785681044517
YDL159W-A,3.49196829139631
YDL160C,151.043440449108
YDL160C-A,33.0492723119049
YDL161W,38.2474396653108
YDL164C,17.928353487784
YDL165W,47.2224720018104
YDL166C,59.7433464277676
YDL167C,17.2763034770079
YDL168W,99.7960984434165
YDL169C,1.33300263844957
YDL170W,4.96020489796444
YDL171C,53.7929503644815
YDL173W,55.1302741522885
YDL174C,19.3052563950005
YDL175C,14.1341881063893
YDL176W,2.34805687548582
YDL177C,6.58547805811366
YDL178W,24.6594709592367
YDL179W,14.3811983105406
YDL180W,6.55496070280087
YDL181W,42.0123857222255
YDL182W,202.668883515727
YDL183C,2.31046139623476
YDL184C,8634.36092101575
YDL185W,594.457321404821
YDL186W,0
YDL188C,58.0427616846233
YDL189W,15.938136203656
YDL190C,21.9649131299299
YDL191W,3269.68577225811
YDL192W,703.02822057989
YDL193W,39.9330596881755
YDL194W,1.00244389514918
YDL195W,123.009163508756
YDL197C,2.5900018354935
YDL198C,44.3465269982947
YDL199C,2.06281423889827
YDL200C,10.1801681459274
YDL201W,71.5930415337377
YDL202W,24.9920360475493
YDL203C,11.8888873537456
YDL204W,0.610313091124433
YDL205C,30.1921471805674
YDL206W,1.09707000387661
YDL207W,12.746663581627
YDL208W,296.080036559931
YDL209C,7.83036526048535
YDL210W,0.508180751349545
YDL211C,2.7518467101381
YDL212W,148.39102136797
YDL213C,91.3884225668326
YDL214C,0.0485221490575951
YDL215C,7.76159771130653
YDL216C,2.99604082383232
YDL217C,34.0943085905422
YDL218W,0.0416291924182444
YDL219W,49.5049360734673
YDL220C,2.2740278270879
YDL222C,1.57811709272725
YDL223C,2.13713278963091
YDL224C,18.5087725431436
YDL225W,32.9843027194206
YDL226C,132.736260880981
YDL227C,0.311148280831829
YDL229W,3156.34965468334
YDL230W,14.1601796658034
YDL231C,0.571833172467488
YDL232W,68.7041077821369
YDL233W,10.5054950549353
YDL234C,8.02272592635355
YDL235C,51.6914819798329
YDL236W,94.1819735896164
YDL237W,38.2381022894565
YDL238C,2.27994607362228
YDL239C,0.0258290216595017
YDL240W,4.32699276318394
YDL241W,24.5648996129682
YDL243C,0.361656118125327
YDL244W,0.837310901522661
YDL245C,0.0237982990352157
YDL246C,1.04084121775072
YDL247W,0.0555018934611916
YDL248W,19.7753940754521
YDR001C,24.3547224871698
YDR002W,687.951443145098
YDR003W,18.8437906548217
YDR003W-A,13.4817364034497
YDR004W,2.85576259989157
YDR005C,11.7420614740977
YDR006C,12.3059854593058
YDR007W,25.9432608227048
YDR009W,0.634121198423128
YDR011W,25.9836289375514
YDR012W,3686.3087249393802
YDR013W,45.8749994586227
YDR014W,2.40690330749684
YDR014W-A,0.699696631522321
YDR016C,29.0566120568326
YDR017C,13.5365059575887
YDR018C,0.185128852066757
YDR019C,79.4412543185673
YDR020C,10.3618463924637
YDR021W,9.60734660229793
YDR022C,21.6191880143093
YDR023W,506.462987166362
YDR025W,2885.70439653839
YDR026C,6.1559168288479
YDR027C,6.16550249815473
YDR028C,27.2167607512074
YDR030C,1.0497432739931
YDR031W,17.8084746108522
YDR032C,243.166067721848
YDR033W,608.125816960755
YDR034C,7.722877476191
YDR034C-A,3.99965475280914
YDR034W-B,4.51604963268266
YDR035W,126.054235372255
YDR036C,23.0937004926189
YDR037W,490.335049023766
YDR038C,35.626483357175
YDR039C,36.8804954429609
YDR040C,32.0525489126855
YDR041W,22.5743297648051
YDR042C,0.89752538853735
YDR043C,9.61850054674112
YDR044W,73.6493486397351
YDR045C,72.5949576480492
YDR046C,51.7080737547992
YDR047W,44.4219762064371
YDR049W,11.9916033411979
YDR050C,4910.85909288782
YDR051C,26.3611518839316
YDR052C,8.54810794834824
YDR054C,61.8822842849253
YDR055W,69.2604032125124
YDR056C,75.790765019694
YDR057W,9.98259837510803
YDR058C,3.14152594827467
YDR059C,16.7864240901253
YDR060W,48.6448503154232
YDR061W,10.6864284574435
YDR062W,70.0685367417606
YDR063W,56.846714390401
YDR064W,4201.58692687311
YDR065W,5.33168154232496
YDR066C,4.44140418420856
YDR067C,7.24333533537142
YDR068W,25.4489660550833
YDR069C,4.20686689174123
YDR070C,2.84982822565322
YDR071C,176.114403372191
YDR072C,17.3351639870231
YDR073W,16.1596004809751
YDR074W,26.5427001055499
YDR075W,12.107641186671
YDR076W,2.2675762548389
YDR077W,1803.69253183108
YDR078C,2.57907032221765
YDR079C-A,28.2766289500925
YDR079W,25.0242531865598
YDR080W,7.24350699511189
YDR081C,6.85171562412489
YDR082W,1.71361733777529
YDR083W,40.3622354507846
YDR084C,55.646970435259
YDR085C,1.11267638855696
YDR086C,420.659759535224
YDR087C,74.1966891574469
YDR088C,11.811378366233
YDR089W,12.8290297619579
YDR090C,14.6060481870027
YDR091C,102.65386764441
YDR092W,113.141602094176
YDR093W,11.8419844057317
YDR096W,6.6807539771121
YDR097C,16.6804679196283
YDR098C,123.241454913535
YDR099W,412.608267605233
YDR100W,51.1098281759172
YDR101C,67.9514627959549
YDR103W,9.2089391563728
YDR104C,1.30462149560463
YDR105C,20.523376062161
YDR106W,0.739172001962975
YDR107C,9.8126111876028
YDR108W,5.46152092938256
YDR109C,4.78407610290979
YDR110W,7.61660612391689
YDR111C,10.0927737892152
YDR113C,21.7087513780099
YDR114C,0.0595297451580896
YDR115W,45.1529039644304
YDR116C,18.3489750407172
YDR117C,20.5727294083587
YDR118W,3.7183833840023
YDR119W,51.6990800823876
YDR119W-A,6.80511401303161
YDR120C,42.570532531802
YDR121W,39.5154342859732
YDR122W,13.9652522146777
YDR123C,6.43255406360022
YDR124W,0.224255889294173
YDR125C,0.680219231401875
YDR126W,3.07213996751577
YDR127W,59.4073221258783
YDR128W,3.47654393231487
YDR129C,226.216044239665
YDR130C,12.0768632511942
YDR131C,2.58320285304748
YDR132C,3.32552159433627
YDR135C,30.2986322091891
YDR137W,6.21281499246761
YDR138W,8.30344428885494
YDR139C,62.580379785408
YDR140W,20.3678560046507
YDR141C,12.7386016685006
YDR142C,4.66358556749119
YDR143C,19.2505896642875
YDR144C,40.7072688802747
YDR145W,36.0213880869616
YDR146C,22.4911416594068
YDR147W,8.71505379327116
YDR148C,78.9399997989343
YDR150W,11.5205201294007
YDR151C,20.5711568146296
YDR152W,61.2980251621938
YDR153C,41.1673939138854
YDR155C,3717.33271513775
YDR156W,113.984611824394
YDR158W,368.95964147502
YDR159W,3.08340888467464
YDR160W,1.35917875552814
YDR161W,58.8587451404117
YDR162C,22.7320379103021
YDR163W,20.9803527935423
YDR164C,9.30185756925684
YDR165W,49.0581959193547
YDR166C,10.9415792146796
YDR167W,48.7511183963067
YDR168W,86.8895097296312
YDR169C,14.9348854041991
YDR169C-A,0.211527013252095
YDR170C,59.5062349740547
YDR171W,30.0207238241923
YDR172W,280.491150309492
YDR173C,8.29679138795257
YDR174W,154.996418960473
YDR175C,19.2629269709667
YDR176W,10.3983775633286
YDR177W,133.676398246004
YDR178W,53.0196204135666
YDR179C,7.42455870115352
YDR179W-A,2.18634262099029
YDR180W,5.29051058205587
YDR181C,4.25639671508778
YDR182W,29.5225321850985
YDR182W-A,4.64853786891855
YDR183W,13.2896133785357
YDR184C,17.0796715185334
YDR185C,3.797936892965
YDR186C,11.183198861944
YDR188W,205.762024955494
YDR189W,36.0855479133351
YDR190C,117.758440639166
YDR191W,4.8136983584731
YDR192C,23.0588912121689
YDR194C,27.0390982537356
YDR194W-A,0
YDR195W,13.1658569188328
YDR196C,17.9513371233515
YDR197W,4.26295586731923
YDR198C,6.58550307902201
YDR200C,5.94178471408751
YDR201W,17.7387717682087
YDR202C,8.06592965899953
YDR204W,17.2015571672451
YDR205W,9.52690251044853
YDR206W,8.96801730814225
YDR207C,12.1689224953733
YDR208W,18.1295132981455
YDR210W,330.032907156448
YDR211W,44.0822392381782
YDR212W,170.89380084396
YDR213W,9.49509040285986
YDR214W,205.380326692916
YDR216W,0.767265687780303
YDR217C,8.03659043886806
YDR218C,0.0631854762860693
YDR219C,8.00252802557709
YDR221W,16.1387458464301
YDR222W,18.3255080365038
YDR223W,0.301546262516856
YDR224C,825.326837047301
YDR225W,1046.81588638086
YDR226W,996.753249043316
YDR227W,6.1384636586997
YDR228C,11.2822452701068
YDR229W,15.216208458968
YDR231C,17.263626095846
YDR232W,70.759219812911
YDR233C,420.919865991341
YDR234W,38.0987572875317
YDR235W,6.87494232875083
YDR236C,15.3306005641501
YDR237W,20.5429050380859
YDR238C,95.0821761540702
YDR239C,10.2319064261768
YDR240C,7.45487175603599
YDR242W,0.429722674240776
YDR243C,6.98342324677037
YDR244W,14.1959188148732
YDR245W,44.8580121976458
YDR246W,17.7999832056862
YDR246W-A,3.19252262339754
YDR247W,4.20197747574372
YDR248C,16.7279530313074
YDR249C,2.69131482600944
YDR251W,13.9941774936596
YDR252W,12.9959302809914
YDR253C,1.73907120686554
YDR254W,3.80421826501836
YDR255C,3.58629310129846
YDR256C,0.0914406743807645
YDR257C,13.4097356749717
YDR258C,45.3293955579541
YDR259C,1.18165799396375
YDR260C,18.603045361903
YDR261C,30.1969433100309
YDR262W,26.9464897251398
YDR263C,0.528659677150198
YDR264C,47.4179075971034
YDR265W,6.02871924338994
YDR266C,25.2101056007568
YDR267C,22.3179304203261
YDR268W,9.3557489125877
YDR270W,6.26014955614136
YDR272W,70.5106620258404
YDR273W,0.964433862604857
YDR275W,3.39437818417981
YDR276C,1017.8340450623
YDR277C,3.47514264729396
YDR279W,12.5959528959503
YDR280W,40.9583153344182
YDR281C,33.267589628402
YDR282C,3.53169889037737
YDR283C,5.40054511226313
YDR284C,38.739776906314
YDR285W,0.724371291549837
YDR286C,11.7996459152642
YDR287W,12.8252528715323
YDR288W,6.93065281220094
YDR289C,17.0827526336585
YDR291W,3.20691327543198
YDR292C,30.5506154254858
YDR293C,28.4677507634948
YDR294C,40.5585294542966
YDR295C,7.55183084691305
YDR296W,33.9434027680261
YDR297W,63.2279695268442
YDR298C,104.207426345615
YDR299W,39.6907008501076
YDR300C,46.6063462092269
YDR301W,7.53330795921953
YDR302W,30.560567192544
YDR303C,15.6438888523578
YDR304C,252.438963467628
YDR305C,18.9628988499307
YDR306C,4.16989016791335
YDR307W,14.4087713231368
YDR308C,33.6469719175457
YDR309C,62.0891766534186
YDR310C,9.87686037558043
YDR311W,15.7530889388487
YDR312W,24.0442710925967
YDR313C,5.4612640657146
YDR314C,0.921227006444565
YDR315C,2.00654572145408
YDR316W,4.64275045969789
YDR317W,1.64490085305247
YDR318W,3.57487984354905
YDR319C,7.71770377307572
YDR320C,23.0974831566404
YDR320C-A,35.0128895864027
YDR321W,192.426283531551
YDR322C-A,78.5951147242528
YDR322W,16.1469908239405
YDR323C,4.65041143993602
YDR324C,31.2180692596281
YDR325W,6.11524260086746
YDR326C,9.57263947403514
YDR328C,169.287712793317
YDR329C,13.5513633278666
YDR330W,22.2602840604056
YDR331W,26.5030322948564
YDR332W,2.26364878848664
YDR333C,15.2204600790636
YDR334W,2.95833794535628
YDR335W,18.909730709406
YDR336W,2.85646761040833
YDR337W,22.7629157697012
YDR338C,4.45985139954868
YDR339C,52.2742559589188
YDR341C,259.256653639187
YDR342C,108.000825441499
YDR343C,104.745292503166
YDR345C,186.459672940915
YDR346C,96.5713615357622
YDR347W,18.3055435505873
YDR348C,39.8930102168012
YDR349C,13.773136087311
YDR350C,2.17076829988942
YDR351W,9.38460971171245
YDR352W,20.6272648432401
YDR353W,437.874676140245
YDR354W,32.6888335912215
YDR356W,12.2612271775996
YDR357C,15.1257068827165
YDR358W,11.0775135891215
YDR359C,5.33403207199237
YDR361C,75.1140894550377
YDR362C,7.26113058075439
YDR363W,5.43660225526981
YDR363W-A,181.340373539146
YDR364C,7.03839319077624
YDR365C,46.1417086242162
YDR366C,1.68178203809849
YDR367W,27.9071771656261
YDR368W,131.795595530275
YDR369C,3.15083739207729
YDR370C,4.93629645533286
YDR371W,7.2654117274434
YDR372C,56.2460076025949
YDR373W,54.4745176055518
YDR374C,0.129145108297508
YDR374W-A,10.4505688266488
YDR375C,7.62593667698658
YDR376W,10.8469502949926
YDR377W,143.073755785052
YDR378C,112.632983736613
YDR379C-A,7.76790577062876
YDR379W,6.29734548227434
YDR380W,46.5306412153845
YDR381C-A,7.86643061017612
YDR381W,469.397764585494
YDR382W,4041.24724580775
YDR383C,5.23612418144453
YDR384C,132.846579294793
YDR385W,2705.82103616938
YDR386W,2.76235148395451
YDR387C,2.53912586490627
YDR388W,131.516567001834
YDR389W,12.2609972134753
YDR390C,20.324634646671502
YDR391C,12.735854326047
YDR392W,12.7840267995011
YDR393W,4.2905077257805
YDR394W,89.9952301801493
YDR395W,72.5335449722031
YDR397C,63.7870978343546
YDR398W,41.344445797138
YDR399W,216.010317914459
YDR400W,27.0081446607426
YDR402C,0.0549384596053562
YDR403W,0.351864597436235
YDR404C,59.7676526653821
YDR405W,22.8469343753335
YDR406W,1.20420316925357
YDR407C,5.82987241323542
YDR408C,92.4345537172937
YDR409W,4.48089573438335
YDR410C,20.563762685314
YDR411C,38.097927306673
YDR412W,47.9904362787698
YDR414C,10.4910695252197
YDR415C,17.5821000737822
YDR416W,6.65432419705862
YDR418W,3626.08785224747
YDR419W,4.47543767555421
YDR420W,3.31090563933693
YDR421W,3.5348352124907
YDR422C,11.5575986190696
YDR423C,24.3759622107792
YDR424C,81.4242741288102
YDR425W,6.22356426652754
YDR427W,83.5281277769467
YDR428C,17.7088485596334
YDR429C,339.770116573179
YDR430C,14.5578541523495
YDR432W,746.31731939623
YDR434W,27.885649691639
YDR435C,9.51094187632146
YDR436W,5.28531292447167
YDR437W,7.80219638667727
YDR438W,0.14369248831263
YDR439W,3.76221441672802
YDR440W,6.86779688015376
YDR441C,23.1894960059337
YDR443C,4.15257955493727
YDR444W,3.38538413369429
YDR446W,0.21794362767083
YDR447C,1954.07038369477
YDR448W,14.2549962980263
YDR449C,25.9149927096968
YDR450W,2737.08131249462
YDR451C,36.2036398754495
YDR452W,25.3906429939487
YDR453C,4.21280249825665
YDR454C,349.734817053156
YDR456W,17.7886729502675
YDR457W,11.8364755112893
YDR458C,11.1278873796007
YDR459C,2.4710939436357102
YDR460W,16.9480538041392
YDR461C-A,35.7075833456885
YDR461W,769.064024156281
YDR462W,43.1560341935274
YDR463W,30.9613945259062
YDR464W,8.58294534667381
YDR465C,49.723076019877
YDR466W,5.05699110654179
YDR468C,35.4663710245876
YDR469W,20.5455268289093
YDR470C,9.64106412586026
YDR471W,1215.4596198621
YDR472W,23.2689126235291
YDR473C,7.95091860519164
YDR475C,3.61001889980349
YDR476C,31.9168481311585
YDR477W,28.7248583037072
YDR478W,10.6765303816139
YDR479C,4.92893771971916
YDR480W,11.716084780623
YDR481C,122.294802553032
YDR482C,30.9096753705465
YDR483W,119.955032267322
YDR484W,7.07538025320426
YDR485C,8.39406078029981
YDR486C,47.1553123789589
YDR487C,140.561740254958
YDR488C,6.27968415418416
YDR489W,10.1494383107515
YDR490C,8.79382117039325
YDR492W,29.0401367036231
YDR493W,22.0785737412103
YDR494W,12.9094954857393
YDR495C,3.72374679005435
YDR496C,64.0652745525674
YDR497C,80.6938579414026
YDR498C,11.9903531740439
YDR499W,3.31038390796185
YDR500C,2432.56738892817
YDR501W,4.06891159558548
YDR502C,244.044716080083
YDR503C,11.0628385353996
YDR504C,7.8314073096605
YDR505C,18.8109830162397
YDR506C,81.4182034831598
YDR507C,25.3549446796754
YDR508C,123.898654249457
YDR510W,489.956784971829
YDR511W,20.2321583766692
YDR512C,22.5063357307998
YDR513W,127.230848863453
YDR514C,9.70187908080139
YDR515W,9.58638599238825
YDR516C,36.549343212707
YDR517W,48.4610927136009
YDR518W,38.6515740736003
YDR519W,92.9121945582798
YDR520C,3.61933805620929
YDR522C,0.0669518342073629
YDR523C,0.109660056870165
YDR524C,5.97486045152884
YDR524C-B,5858.95112396047
YDR524W-C,0
YDR525W-A,73.6136116954912
YDR527W,21.399353892235
YDR528W,8.05614822647383
YDR529C,131.151901426598
YDR530C,11.5255394406077
YDR531W,21.595695126638
YDR532C,5.29098398873974
YDR533C,18.5355757098677
YDR534C,0.816074841824483
YDR536W,0.0474340598869239
YDR538W,7.62533075865219
YDR539W,19.1113774545374
YDR540C,2.87507372271182
YDR541C,3.83202102611917
YDR542W,0
YDR545W,0.249044079136914
YEL001C,138.145958263762
YEL002C,118.699646334253
YEL003W,72.4071325898068
YEL004W,6.17704093578132
YEL005C,2.48815731715452
YEL006W,8.51190716312589
YEL007W,27.1430058733516
YEL009C,17.5222771722327
YEL011W,4.11504181955434
YEL012W,16.6328137394833
YEL013W,59.0842731301408
YEL015W,38.3430284579615
YEL016C,4.22431481337653
YEL017C-A,1202.86667744298
YEL017W,28.6511445475763
YEL018W,11.6274276760305
YEL019C,4.79875501509394
YEL020C,4.52838986289282
YEL020W-A,66.4589309289025
YEL021W,33.7626692133395
YEL022W,17.8044633107225
YEL023C,0.059643351541979
YEL024W,61.3670300985802
YEL025C,1.64308026550067
YEL026W,689.515791230638
YEL027W,1524.95551047096
YEL029C,9.95281794047775
YEL030W,1.49274890734463
YEL031W,121.008908222574
YEL032W,21.8831584293591
YEL033W,4122.60056669172
YEL034W,3379.25568723704
YEL035C,0
YEL036C,29.4921879399335
YEL037C,192.91178589695
YEL038W,51.1336894456422
YEL039C,12.9618751025455
YEL040W,211.771632361838
YEL041W,1.80528315121112
YEL042W,111.672086467228
YEL043W,9.18957289460639
YEL044W,51.7843604322286
YEL046C,347.715650186413
YEL047C,84.9542469343407
YEL048C,15.8530299605782
YEL049W,0.0508180751349545
YEL050C,18.3772052994135
YEL051W,237.74782940949
YEL052W,16.7528857965505
YEL053C,7.07792523578175
YEL054C,2802.84062971168
YEL055C,36.6358202190021
YEL056W,18.1416066948256
YEL057C,0.30599401716775
YEL058W,70.9808329759777
YEL059C-A,8.04308137705805
YEL060C,57.5291803208075
YEL061C,6.05934733912423
YEL062W,4.01315300472081
YEL063C,45.9638320787941
YEL064C,5.29974543303395
YEL065W,48.8781069409453
YEL066W,37.5889268191582
YEL067C,1.18122014014477
YEL068C,13.6526770803355
YEL069C,0
YEL070W,0.937325678903081
YEL071W,256.121116180491
YEL072W,1.06560647456607
YEL073C,0.842402054123909
YEL075C,0.100170244256401
YEL076C,0.179100952481358
YEL076C-A,0.029850158746893
YEL077C,0.053685675870475
YER001W,38.0139215977407
YER002W,96.5775973264618
YER003C,222.9872050961
YER004W,77.480807611212
YER005W,7.50719183140547
YER006W,99.4534981608518
YER007C-A,152.874995639117
YER007W,2.15628316314526
YER008C,13.2416275177303
YER009W,558.879254543005
YER010C,18.646584404239398
YER011W,117.006740483142
YER012W,124.074224283301
YER013W,6.27752692843555
YER014C-A,0
YER014W,13.5361427127618
YER015W,0.913032901197693
YER016W,24.8792520891757
YER017C,15.8609899658245
YER018C,14.9909757968233
YER019C-A,254.006218352893
YER019W,22.242258260114
YER020W,20.9099827838758
YER021W,99.6599266686139
YER022W,21.8322731887224
YER023W,277.170624578852
YER024W,0.450854934063573
YER025W,376.864165645665
YER026C,118.011956645687
YER027C,68.8961854608266
YER028C,4.56620204337619
YER029C,25.7340183614437
YER030W,111.627043744869
YER031C,131.561564751327
YER032W,8.27814678748041
YER033C,2.25642795481776
YER034W,24.3137190554776
YER035W,64.7830917411127
YER036C,227.859599020007
YER037W,9.04993164298696
YER038C,2.47077340340614
YER038W-A,0.0973617327351932
YER039C,0.522845942417349
YER039C-A,2.11487252535318
YER040W,7.04125266948028
YER041W,2.06831968028859
YER042W,74.5852330323738
YER043C,838.755785877039
YER044C,60.523916003341
YER044C-A,0.0981259535572905
YER045C,4.54615753234323
YER046W,4.82824759789515
YER047C,4.33279246955084
YER048C,111.025651854738
YER048W-A,75.0576847083623
YER049W,63.399779297151
YER050C,55.3216080003625
YER051W,4.06877615988777
YER052C,74.1183651088488
YER053C,8.04904817427011
YER053C-A,4.01178717369734
YER054C,0.430483694325028
YER055C,305.290801470679
YER056C,209.200665072087
YER056C-A,2430.32707054729
YER057C,254.792758223548
YER058W,10.6704260189028
YER059W,17.3204292877907
YER060W,6.06955663606959
YER060W-A,24.2275173205896
YER061C,8.44924362599919
YER062C,77.5077281958326
YER063W,87.0411124694311
YER064C,39.0614027494199
YER065C,0.605328611427407
YER066W,8.88518345086857
YER067W,12.2745196864429
YER068W,28.2330746086599
YER069W,4.98186594094887
YER070W,127.776189183469
YER071C,21.8577089990509
YER072W,1355.06455491607
YER073W,112.019450888788
YER074W,4167.12795317793
YER074W-A,98.3704641300889
YER075C,5.23458450719687
YER076C,4.20631201404702
YER077C,3.71568111334433
YER078C,8.3052079710449
YER078W-A,7.56757845287978
YER079W,14.952471283826
YER080W,40.6889353427781
YER081W,9.4381407903354
YER082C,33.8940532084391
YER083C,77.4708921104309
YER084W,0.528086448983052
YER085C,0.146470374729922
YER086W,102.114606162912
YER087C-B,273.253597115866
YER087W,6.31624658271856
YER088C,28.9672895856645
YER089C,53.3166892313957
YER090W,118.540357592649
YER091C,383.368013873681
YER092W,41.0825276585121
YER093C,2.46280316662096
YER093C-A,6.32745664370149
YER094C,171.727649058678
YER095W,38.2704825672326
YER096W,1.05096649711634
YER098W,1.1174701296977
YER099C,43.1857468983013
YER100W,82.7947136876854
YER101C,9.0027633255872
YER102W,4273.85562782405
YER103W,14.1609092669838
YER104W,10.1394877509624
YER105C,15.2158197782718
YER106W,0.087177451068332
YER107C,37.8312830255754
YER110C,298.415463287099
YER111C,6.75946039944664
YER112W,57.2888545874904
YER113C,9.44705203950217
YER114C,28.808077463649
YER115C,4.48145272538427
YER116C,9.86814754885533
YER117W,3498.22479770814
YER118C,29.5786805003574
YER119C,19.1165641463549
YER120W,426.912771526629
YER121W,1.00987960536045
YER122C,104.64036597393
YER123W,10.4562419208013
YER124C,64.1551626097455
YER125W,68.1335597590569
YER126C,105.302616435108
YER127W,41.1504010017873
YER128W,8.8210616307852
YER129W,4.34570564840772
YER130C,7.13148216107063
YER131W,1818.36312482892
YER132C,2.20166989297248
YER133W,157.279880957486
YER134C,29.8617103494218
YER136W,106.538301580504
YER137C,6.24218785260939
YER138W-A,36.1878187671544
YER139C,10.7325261703286
YER140W,4.88746830881754
YER141W,39.9713816046575
YER142C,7.01917890670011
YER143W,30.3940850278672
YER144C,3.24575973600294
YER145C,260.838871088296
YER146W,117.729570477541
YER147C,5.994787812356
YER148W,105.665297655609
YER149C,11.5151430710381
YER150W,6.87484202686034
YER151C,41.5511638314504
YER152C,19.9590846075727
YER153C,12.1368833878346
YER154W,23.7716112134075
YER155C,14.1182092146032
YER156C,103.002124845905
YER157W,8.58728101271504
YER158C,2.79140325656502
YER159C,54.6710674282749
YER161C,21.4511379120666
YER162C,4.30766711286695
YER163C,17.3162931626078
YER164W,16.031197312499
YER165W,837.113226045081
YER166W,16.6490811516043
YER167W,7.70822151576415
YER168C,21.9956765729268
YER169W,6.614687433686
YER170W,11.8977380322858
YER171W,9.19414939899688
YER172C,9.31045578424502
YER173W,1.67546717378836
YER174C,26.1108728762464
YER175C,6.93046927526861
YER175W-A,0.0982802396477893
YER176W,11.4524555144452
YER177W,1098.35177924556
YER178W,502.785501052011
YER179W,0.77241541958928
YER180C,0.0979337758182437
YER180C-A,166.4100351534
YER182W,15.2668675082543
YER183C,20.0727676572592
YER184C,0.796748850697292
YER185W,0.304166581099728
YER186C,0.430483694325028
YER187W,0.0880989886060522
YER188C-A,0.300222057713708
YER189W,0.350595854897402
YER190C-B,0.196560479295579
YER190W,0.151366620812342
YFL001W,11.3262262226656
YFL002C,17.7123299565665
YFL003C,0.209596159368087
YFL004W,108.477338103684
YFL005W,172.259381996308
YFL007W,14.0757204962086
YFL008W,12.3670049102249
YFL009W,23.1485167388935
YFL010C,378.942127414094
YFL010W-A,0
YFL011W,0.123432528467603
YFL012W,0.295238614650444
YFL013C,17.3269079509999
YFL014W,127.665249231606
YFL016C,29.35121042065
YFL017C,51.3966490454094
YFL017W-A,61.5423166136122
YFL018C,141.012767376742
YFL020C,0.400680977025603
YFL021W,10.2067139008395
YFL022C,280.188831003061
YFL023W,18.7245221798527
YFL024C,3.97722295812688
YFL025C,4.76218984616595
YFL026W,181.87157175793
YFL027C,5.31363818721299
YFL028C,24.0391108310148
YFL029C,9.5510678648356
YFL030W,0.812667475394667
YFL031W,12.326709010484
YFL033C,3.60732485584841
YFL034C-A,157.066942994036
YFL034C-B,24.9521769359127
YFL034W,9.11429717088523
YFL036W,9.02376919353492
YFL037W,218.236632249509
YFL038C,326.255085364919
YFL039C,1972.64349825523
YFL040W,0
YFL041W,32.0795730040331
YFL041W-A,3.13838823845995
YFL042C,9.05013017606091
YFL044C,26.6946868765053
YFL045C,613.720881332408
YFL046W,16.2398209406681
YFL047W,12.5563766760231
YFL048C,64.5371208338422
YFL049W,9.06595519669186
YFL050C,0.333493618073139
YFL051C,0
YFL052W,0.317217327139993
YFL053W,0.0571459429658018
YFL054C,1.22622890554515
YFL055W,0.483420204300031
YFL058W,0.72047682224043
YFL059W,4.39221054053065
YFL060C,1.22218890198871
YFL061W,0.14369248831263
YFL062W,24.8901537674472
YFL064C,0.0728510867319278
YFL065C,0.351158609078618
YFL066C,0.135957003623696
YFL067W,0.0362354970527502
YFL068W,0.0393120958591157
YFR001W,46.3288892831537
YFR002W,24.5122480062722
YFR003C,58.136864713128404
YFR004W,104.693634459847
YFR005C,12.3009634811963
YFR006W,53.3411695360658
YFR007W,7.89077776216336
YFR008W,10.2862056149742
YFR009W,251.985590611399
YFR010W,92.5270020896098
YFR011C,30.0625213048352
YFR012W,0.0635225939186931
YFR012W-A,0.310976280676587
YFR013W,12.9800029156398
YFR014C,13.1797483336318
YFR015C,6.17203521556273
YFR016C,25.8428008121608
YFR017C,4.36395218442373
YFR018C,16.280522929539
YFR019W,3.56538552130743
YFR020W,3.60290615802647
YFR021W,14.8401893736037
YFR022W,0.815258404121458
YFR023W,0.0442600335747878
YFR024C-A,83.093428796875
YFR025C,146.183612114751
YFR026C,0.0374064825948498
YFR027W,7.27956122201946
YFR028C,23.9185132850398
YFR029W,4.53900024262017
YFR030W,9.05399309480484
YFR031C,4.08514515228126
YFR031C-A,3563.62502889905
YFR032C,0.454425535557936
YFR032C-A,3321.91712716543
YFR032C-B,2.47881093182399
YFR033C,47.8238451682453
YFR034C,59.4844639117725
YFR035C,86.1586758046993
YFR036W,23.8965375113279
YFR037C,77.5547016960794
YFR038W,10.4616282694458
YFR039C,13.9781869959818
YFR040W,12.5244272412937
YFR041C,28.0553820362697
YFR042W,20.0340488512801
YFR043C,38.4674798705526
YFR044C,280.712852209806
YFR045W,7.86925955697775
YFR046C,7.92591531959206
YFR047C,47.9548706449979
YFR048W,6.82574607424165
YFR049W,63.8488483867433
YFR050C,118.747099554441
YFR051C,82.9219726245355
YFR052W,99.7328035567122
YFR053C,56.6778550412136
YFR055W,42.352353739809
YFR057W,0
YGL001C,69.0398525773741
YGL002W,15.6116330246251
YGL003C,6.8895122685821
YGL004C,8.03948979575429
YGL005C,9.3489216465861
YGL006W,6.9879480902162
YGL006W-A,2.50552408418541
YGL007C-A,9.95124098165079
YGL008C,2908.24141543018
YGL009C,465.379456429429
YGL010W,10.1627265991039
YGL011C,144.917261755195
YGL012W,170.342602976194
YGL013C,9.53408933286367
YGL014W,33.0955991089843
YGL015C,0.189412825503012
YGL016W,18.8107125187519
YGL017W,8.53997915625832
YGL018C,13.1173101249511
YGL019W,58.4051447687908
YGL020C,49.7842133679705
YGL021W,11.5265427159108
YGL022W,96.2361533567482
YGL023C,17.0519986130589
YGL025C,17.9980341525505
YGL026C,255.524096127106
YGL027C,41.2376020058441
YGL028C,130.731014337031
YGL029W,47.5149002511824
YGL030W,3917.74223120959
YGL031C,2612.07274414643
YGL032C,94.7977694197551
YGL033W,0.933378229718601
YGL035C,34.2143589729033
YGL036W,7.21774043742483
YGL037C,155.280525801338
YGL038C,23.6321102422886
YGL039W,45.9369386311327
YGL040C,92.1134286254286
YGL041C-B,0
YGL041W-A,24.0502495819352
YGL043W,91.1895768716447
YGL044C,32.0971946841192
YGL045W,2.46146261304034
YGL047W,16.6429196066976
YGL048C,139.061955280168
YGL049C,46.2080457401904
YGL050W,82.9580223089142
YGL051W,10.1129321063111
YGL053W,12.64909302505
YGL054C,183.612057721982
YGL055W,188.270354473238
YGL056C,31.1317572854644
YGL057C,10.4062699411918
YGL058W,91.7347062312468
YGL059W,2.12047844702978
YGL060W,12.6617625725252
YGL061C,16.2258066448598
YGL062W,37.1363293036988
YGL063W,2.38888761819747
YGL064C,6.50430308464181
YGL065C,19.5791384411869
YGL066W,15.9899664319985
YGL067W,19.8820434223919
YGL068W,77.3415723881445
YGL070C,78.8339822297873
YGL071W,9.87716408460283
YGL073W,11.1819701772041
YGL075C,4.71420525240362
YGL076C,3936.88017978997
YGL077C,67.2867550792069
YGL078C,81.5399400015932
YGL079W,13.2588977852109
YGL080W,50.2891051710497
YGL081W,1.01082686085271
YGL082W,28.7993230662124
YGL083W,6.64329710892977
YGL084C,25.0265801465194
YGL085W,3.5601791399018
YGL086W,10.2952508768181
YGL087C,71.2290833605254
YGL089C,0
YGL090W,1.39643271201002
YGL091C,25.9535871540298
YGL092W,29.6570018836196
YGL093W,9.15686922576326
YGL094C,4.43097690764337
YGL095C,11.804003089601
YGL096W,1.04414359388904
YGL097W,69.985253540635
YGL098W,14.3591812046933
YGL099W,52.9557877676619
YGL100W,36.4857102616604
YGL101W,36.3945161405356
YGL103W,4720.91840281523
YGL104C,2.62515122878843
YGL105W,564.36017655052
YGL106W,320.412564960055
YGL107C,9.82031183329752
YGL108C,13.4321903702455
YGL110C,10.6561960570451
YGL111W,38.9342735618735
YGL112C,30.8358864546988
YGL113W,1.64329919691513
YGL114W,10.5628509610848
YGL115W,47.7819952523839
YGL116W,14.0639022935987
YGL117W,2.71230199832716
YGL119W,12.1282751886797
YGL120C,82.5883425329148
YGL121C,0.827574728249142
YGL122C,88.0600624067789
YGL123W,3262.87151898613
YGL124C,4.39414819204263
YGL125W,10.2600320235983
YGL126W,19.6097984050177
YGL127C,32.2441276268121
YGL128C,7.04556716887734
YGL129C,12.3970694291721
YGL130W,29.4353105701107
YGL131C,1.35510889717699
YGL133W,6.15517732015905
YGL134W,3.15079600021319
YGL135W,3989.84741836699
YGL136C,2.4342361138902
YGL137W,130.127377974114
YGL138C,0
YGL139W,16.254335139664
YGL140C,11.2973228267375
YGL141W,5.88338038927522
YGL142C,8.12339515065606
YGL143C,4.29962705525069
YGL144C,2.67247549522065
YGL145W,12.2418925539917
YGL146C,0.487501982220367
YGL147C,2644.42498842432
YGL148W,298.239980474955
YGL150C,9.13769068084157
YGL151W,10.3330577673567
YGL153W,22.7383653802824
YGL154C,2.3096991192977
YGL155W,10.8952572632293
YGL156W,1.44628950421973
YGL157W,51.3150768413614
YGL158W,0.0394112436418626
YGL159W,10.7410135013691
YGL160W,11.0332970855505
YGL161C,43.5842777050298
YGL162W,6.66645139811552
YGL163C,5.83148523997612
YGL164C,11.3454134750198
YGL166W,19.2835319315549
YGL167C,37.8845245436249
YGL168W,2.52218130801379
YGL169W,13.7281509447778
YGL170C,0.0161640114859048
YGL171W,40.9412234136907
YGL172W,49.5302910345019
YGL173C,73.9895382418068
YGL174W,10.1965748634581
YGL175C,1.57465777514947
YGL176C,1.63080902331449
YGL178W,8.8988697843859
YGL179C,2.61345904321208
YGL180W,3.80829653902627
YGL181W,42.5964658709965
YGL183C,0.324171879573755
YGL184C,3.04240254666084
YGL185C,8.72384091849172
YGL186C,47.2790099695683
YGL187C,97.7848309057978
YGL188C-A,11.636798588084
YGL189C,4000.80841586795
YGL190C,19.7603650389629
YGL191W,161.247961884738
YGL192W,0
YGL193C,2.37953159615205
YGL194C,12.3441658611956
YGL194C-A,16.3809436676398
YGL195W,79.5728774929621
YGL196W,13.9475426155629
YGL197W,6.94205773451851
YGL198W,57.5388497074382
YGL200C,230.422570484453
YGL201C,22.8914042611299
YGL202W,245.185737476931
YGL203C,30.9597253093077
YGL204C,13.4574324748316
YGL205W,0.108990815023529
YGL206C,127.674605561757
YGL207W,92.8380998736444
YGL208W,10.4901064440742
YGL209W,16.758917386897
YGL210W,25.7532661490478
YGL211W,16.3984111662191
YGL212W,17.0148895855161
YGL213C,40.3612631555331
YGL215W,12.4923551272364
YGL216W,6.90569193831875
YGL219C,10.3081990389376
YGL220W,99.6034272645108
YGL221C,73.5622217382979
YGL222C,36.0543195674864
YGL223C,12.9240403688719
YGL224C,16.6917392182036
YGL225W,236.612502161581
YGL226C-A,108.235900287436
YGL226W,14.2715105038904
YGL227W,4.93807786870541
YGL228W,49.5791527192556
YGL229C,1.3146944517741
YGL230C,12.6030896317381
YGL231C,75.5451669199756
YGL232W,37.6945981745308
YGL233W,9.6682301938408
YGL234W,312.191823141773
YGL235W,0.107031219890401
YGL236C,3.52490177941434
YGL237C,14.0546558095134
YGL238W,40.6610508480835
YGL240W,6.92777409277267
YGL241W,9.86654006130975
YGL242C,81.5145920208579
YGL243W,11.0344335625035
YGL244W,61.6481615533615
YGL245W,506.2793979772
YGL246C,17.3771799449915
YGL247W,5.75330376371864
YGL248W,8.62589608967477
YGL249W,0.115645203359841
YGL250W,5.09429837284298
YGL251C,0.323119081999046
YGL252C,24.085918665259
YGL253W,776.657899329765
YGL254W,14.3669728150806
YGL255W,49.276277167787
YGL256W,7.05546937805953
YGL257C,8.70156367740056
YGL258W,0.0935722042155599
YGL258W-A,0.148294738827981
YGL259W,0.764602231388306
YGL260W,0
YGL261C,0
YGL262W,0
YGL263W,1.57578737183178
YGR001C,72.6090449601408
YGR002C,10.6150638270734
YGR003W,5.8160195806293
YGR004W,10.9690602847009
YGR005C,32.9032807437793
YGR006W,12.8437463868481
YGR007W,30.3023344587842
YGR008C,47.742067143342
YGR009C,31.2271109523738
YGR010W,12.9061451547194
YGR012W,19.1909560875794
YGR013W,9.26139464593
YGR014W,59.0459159541207
YGR015C,3.0023947872286
YGR016W,4.60395367795225
YGR017W,18.9312181068632
YGR018C,0.497397074928334
YGR019W,22.1456348614424
YGR020C,231.097712422499
YGR021W,7.90386779463113
YGR023W,1.72506924459878
YGR024C,19.9045251714532
YGR026W,99.6517159331911
YGR027C,3324.52934550522
YGR028W,12.0683981601303
YGR029W,34.9845795694056
YGR030C,19.6027815401304
YGR031C-A,0.0773113573481682
YGR031W,15.2586465749081
YGR032W,12.0398520329325
YGR033C,30.3430950059389
YGR034W,2571.50543475359
YGR035C,7.64314064718185
YGR035W-A,0.0774550587558786
YGR036C,14.3430207369165
YGR037C,708.537957161364
YGR038W,47.1124721980886
YGR040W,8.43166104513842
YGR041W,10.1404749218141
YGR042W,4.08016735353534
YGR043C,1.62869750813839
YGR044C,27.6562663426556
YGR046W,7.65982322552845
YGR047C,7.8541164571777
YGR048W,28.7797157196324
YGR049W,32.8728903704409
YGR050C,3.35223193650133
YGR052W,1.5667076405046
YGR053C,0.741638649355509
YGR054W,88.5294074501832
YGR055W,118.686589542333
YGR056W,11.96896569904
YGR057C,4.18856196602022
YGR058W,10.5263260277172
YGR059W,0.0394112436418626
YGR060W,402.355880925472
YGR061C,163.025469414751
YGR062C,3.54911807305243
YGR063C,94.4616658421483
YGR065C,10.434792945699
YGR066C,0.0450008872685342
YGR067C,0.220032770486846
YGR068C,5.7159091589847
YGR070W,0.563119210954901
YGR071C,4.12747111390784
YGR072W,10.5123336102869
YGR074W,49.0571455232084
YGR075C,7.46423222149757
YGR076C,24.6345740040002
YGR077C,6.0774726069486
YGR078C,114.095611257015
YGR079W,31.3608855742315
YGR080W,47.965266939998
YGR081C,40.8128929304432
YGR082W,136.212802527008
YGR083C,52.416193234181
YGR084C,19.0193909319519
YGR085C,2977.78817016755
YGR086C,424.655743939588
YGR087C,11.7536158712076
YGR088W,0.864141461972268
YGR089W,5.86861640947926
YGR090W,28.463797053388
YGR091W,6.37846453505248
YGR092W,17.001034524622
YGR093W,14.190890873141
YGR094W,236.353627987426
YGR095C,30.5721257296586
YGR096W,2.70944354222555
YGR097W,8.27323508181878
YGR098C,2.16367727593826
YGR099W,5.3714753495296
YGR100W,7.85997911070086
YGR101W,12.6199776844792
YGR102C,14.6439197813765
YGR103W,103.484402300152
YGR104C,13.1750177492003
YGR105W,126.569559589682
YGR106C,210.647236106445
YGR108W,16.94746333448
YGR109C,8.91195302513752
YGR110W,1.06809687160904
YGR111W,21.002094091774
YGR112W,5.63258024236155
YGR113W,13.2659195767031
YGR116W,60.1070606516736
YGR117C,11.4749826762786
YGR118W,4076.9528994795
YGR119C,54.6602618198442
YGR120C,12.1622972165092
YGR121C,2.33476752798929
YGR121W-A,0.475332565901095
YGR122W,5.7562798960589
YGR123C,62.650467481355
YGR124W,353.671070051765
YGR125W,11.5986865724422
YGR126W,8.58756796706224
YGR127W,3.71909969750336
YGR128C,35.4934887588308
YGR129W,13.1008266502587
YGR130C,55.2246817222173
YGR131W,1.27489401780874
YGR132C,96.217972840866
YGR133W,7.30456806196925
YGR134W,3.9523847195125
YGR135W,140.714880014161
YGR136W,154.877452118284
YGR138C,24.5796178210886
YGR140W,5.56229781266385
YGR141W,15.2639846216866
YGR142W,16.3427753504318
YGR143W,10.7659909408843
YGR144W,0.608037280311226
YGR145W,27.9660926240145
YGR146C,19.7066989461845
YGR146C-A,0.797527686328472
YGR147C,24.9614604287066
YGR148C,1890.88433052345
YGR149W,7.22892782027469
YGR150C,2.54725120746481
YGR152C,32.528262596776
YGR153W,2.88307396307723
YGR154C,0.428635463794831
YGR155W,526.734039175391
YGR156W,17.8634163583822
YGR157W,57.9972519067484
YGR158C,39.1705723140229
YGR159C,385.938894267175
YGR161C,21.7045876565669
YGR161W-C,10.7372669180849
YGR162W,209.03523813814
YGR163W,20.5635601517669
YGR165W,15.0168582947181
YGR166W,5.80501040934665
YGR167W,235.977022512184
YGR168C,1.55646532331847
YGR169C,4.5071847463197
YGR169C-A,87.3681183156072
YGR170W,3.22395502068637
YGR171C,3.75624307476396
YGR172C,65.3927502857503
YGR173W,83.287478375211
YGR174C,13.0593378440559
YGR174W-A,0.621952561353174
YGR175C,337.620356365714
YGR177C,15.9507344352597
YGR178C,80.5397693855904
YGR179C,8.01867545189408
YGR180C,505.369130104982
YGR181W,94.6441400417517
YGR183C,67.7150851173269
YGR184C,11.3570646016857
YGR185C,292.845757715193
YGR186W,46.0596553723178
YGR187C,58.3797387175355
YGR188C,1.53270448905264
YGR189C,185.754782774966
YGR191W,63.16749612633
YGR192C,19890.5269172226
YGR193C,59.8041400771776
YGR194C,5.25953343031878
YGR195W,40.084369011272
YGR196C,17.636371321426
YGR197C,6.28389089930159
YGR198W,12.0297213926023
YGR199W,18.2030039395095
YGR200C,38.6154216831203
YGR201C,2.01169483637682
YGR202C,20.9299739406052
YGR203W,30.4939311988959
YGR204C-A,0
YGR204W,191.667021767742
YGR205W,23.1454237424442
YGR206W,16.0544808471675
YGR207C,67.6087820009731
YGR208W,65.7477702280824
YGR209C,600.831086731641
YGR210C,50.5376449151918
YGR211W,147.713114668301
YGR212W,1.87719313308006
YGR213C,0.333033539345955
YGR214W,1885.39787479757
YGR215W,50.0049859327952
YGR216C,4.77316283766248
YGR217W,4.05086063816966
YGR218W,88.1056453891101
YGR220C,25.8193772173418
YGR221C,1.29405735168812
YGR222W,5.92093482519642
YGR223C,6.51667081142358
YGR224W,0.0992687650862796
YGR225W,0.159483734977933
YGR227W,16.4503581927631
YGR229C,48.3541291022131
YGR230W,11.1634413642448
YGR231C,62.506232415994
YGR232W,44.935225210953
YGR233C,16.2485974332871
YGR234W,736.858421752941
YGR235C,46.4832729715737
YGR236C,0.124390512270635
YGR237C,8.03960965794074
YGR238C,2.27211082224311
YGR239C,6.49681846774555
YGR240C,507.191056256249
YGR240C-A,16.8867644027081
YGR241C,15.0504364255159
YGR243W,3.03138149011993
YGR244C,38.3365297237088
YGR245C,42.2468750782707
YGR246C,16.0629908112919
YGR247W,15.1851299089703
YGR248W,3.98812771243152
YGR249W,0.249789833350235
YGR250C,10.6832632921611
YGR251W,32.9513001607826
YGR252W,12.2543308613653
YGR253C,138.040872311466
YGR254W,8061.80370961406
YGR255C,13.0589124886139
YGR256W,0.778255842663097
YGR257C,6.15261695383913
YGR258C,3.9377136552233
YGR260W,61.3585191089207
YGR261C,22.7195981369398
YGR262C,28.8644226522838
YGR263C,8.25851381391348
YGR264C,170.455916188992
YGR266W,20.1192842843864
YGR267C,64.6994335533973
YGR268C,25.9795572619271
YGR270W,12.1469399990002
YGR271C-A,32.2128247163868
YGR271W,5.88895328088848
YGR273C,1.52987282137048
YGR274C,6.77407444902398
YGR275W,60.066769730533
YGR276C,19.3846127445739
YGR277C,23.7286181088696
YGR278W,6.69166478419401
YGR279C,762.631228616333
YGR280C,50.7003043930427
YGR281W,9.72722146948296
YGR282C,675.560281389848
YGR283C,16.9324121362991
YGR284C,101.795864220333
YGR285C,719.586204166336
YGR286C,25.9600352502171
YGR287C,1.13522601526021
YGR288W,1.80129147193811
YGR289C,0.0987980491296007
YGR292W,0.358433815186055
YGR294W,0.0508180751349545
YGR295C,46.6133373339726
YGR296W,0.307328789202506
YHL001W,2220.13875223533
YHL002W,25.6811998048643
YHL003C,54.3377120457043
YHL004W,22.4927730284827
YHL006C,6.20895241998874
YHL007C,31.4238982637784
YHL008C,5.7726280584424
YHL009C,12.801757215968
YHL010C,3.52066498372635
YHL011C,119.628264613977
YHL012W,0.0681341098931699
YHL013C,30.8776067444612
YHL014C,5.89650361131116
YHL015W,4014.27233218165
YHL015W-A,0
YHL016C,0.535899701423157
YHL017W,22.3797122137459
YHL018W,9.90952465131613
YHL019C,4.51340802431842
YHL020C,19.266976552949
YHL021C,25.9397259784021
YHL022C,0.519210397882051
YHL023C,3.38694894685289
YHL024W,0.647239805738936
YHL025W,17.827622056187
YHL026C,3.09913648159702
YHL027W,31.8538254545923
YHL028W,6.84831465076038
YHL029C,7.77708913145813
YHL030W,22.5673957856118
YHL031C,47.0607888009153
YHL032C,1.24419081520123
YHL033C,2000.02113917533
YHL034C,385.566877853594
YHL035C,0.902320940388365
YHL036W,1.97492045548164
YHL038C,5.56326948307301
YHL039W,23.5018816618585
YHL040C,8.26510858461098
YHL042W,1.16678300509856
YHL043W,0.037206090723806
YHL044W,2.48369135427791
YHL046C,0.101636150269909
YHL047C,2.35625588165004
YHL048C-A,0
YHL048W,14.5131822122635
YHL049C,0.217287018827326
YHL050C,0.0389265031393393
YHR001W,44.5488945213183
YHR001W-A,88.6802538191327
YHR002W,3.25262880547099
YHR003C,21.926270009799
YHR004C,2.92716506270865
YHR005C,43.504224062155
YHR005C-A,309.048038693061
YHR006W,15.9908353102483
YHR007C,249.93599803249
YHR007C-A,59.5750149262706
YHR008C,165.069863443039
YHR009C,26.0217422164175
YHR010W,2673.9383762353
YHR011W,3.09228719445119
YHR012W,33.276197391104
YHR013C,82.1689695765227
YHR014W,0.0225735761704565
YHR015W,332.030310722157
YHR016C,22.5263175969607
YHR017W,9.92491767822422
YHR018C,49.2289066977947
YHR019C,427.770942988663
YHR020W,292.336385949353
YHR021C,2713.38991798619
YHR021W-A,0.372800590950263
YHR022C,0.48395208472041
YHR022C-A,0.912499743299183
YHR023W,8.68201639831342
YHR024C,29.4843346757262
YHR025W,211.439458805932
YHR026W,239.289703487064
YHR027C,139.698368453441
YHR028C,21.6425333485091
YHR029C,21.5955008990881
YHR030C,23.3739462097093
YHR031C,5.38960153324028
YHR032W,31.7237431670689
YHR033W,0.268538274215794
YHR034C,14.4037775253122
YHR035W,1.21360897989817
YHR036W,12.489853230537
YHR037W,46.0726689639017
YHR038W,11.8255034300529
YHR039C,41.4185260206889
YHR039C-A,748.055029781207
YHR040W,13.1582515974436
YHR041C,25.9829828866485
YHR042W,102.803074981557
YHR043C,26.7317262997335
YHR044C,11.1316090723915
YHR045W,13.8019542097744
YHR046C,23.9997191843228
YHR047C,84.6945919749183
YHR048W,1.49198293455262
YHR049W,97.1427625737657
YHR050W,22.7507461533759
YHR050W-A,93.568198066144
YHR051W,102.363445393804
YHR052W,70.8014851050436
YHR053C,1051.3387332115
YHR054C,10.8861274081812
YHR055C,1050.89162139165
YHR056C,11.81882695182
YHR057C,41.5768272762025
YHR058C,23.5986096714929
YHR059W,23.4398371559978
YHR060W,27.7219884070935
YHR061C,10.0396435130528
YHR062C,27.3170402162471
YHR063C,58.0477704576502
YHR064C,525.555707771738
YHR065C,50.4182059281617
YHR066W,35.8150212707683
YHR067W,4.49483019620631
YHR068W,252.846570763955
YHR069C,35.1077596444758
YHR070W,29.7918091153154
YHR071W,7.74613644594408
YHR072W,19.4792048411858
YHR072W-A,354.388014144252
YHR073W,10.561728979661
YHR074W,47.7636584383166
YHR075C,3.76704227360391
YHR076W,32.7882553729867
YHR077C,8.08416451807701
YHR078W,5.33708940324138
YHR079C,2.53461698456608
YHR079C-A,0.0645059158059794
YHR080C,0.999691681234992
YHR081W,42.0861454140912
YHR082C,8.97310806439357
YHR083W,20.3933866609559
YHR084W,14.5079114027662
YHR085W,15.9830575284243
YHR086W,9.74206669526611
YHR086W-A,0.199381921582118
YHR087W,24.3714465816931
YHR088W,53.6818231337361
YHR089C,271.016997693408
YHR090C,10.9757967635228
YHR091C,2.88474106147589
YHR092C,31.4406114683375
YHR094C,105.597650217929
YHR096C,7.04022369490112
YHR097C,19.7464520524395
YHR098C,43.0515256048122
YHR099W,13.0456782422319
YHR100C,12.7078786564748
YHR101C,10.3485831867238
YHR102W,7.23856369315919
YHR103W,14.5512078533012
YHR104W,72.5096546746158
YHR105W,8.21975021655413
YHR106W,6.93222775865113
YHR107C,58.3260359129574
YHR108W,70.9789147046994
YHR109W,2.80498882310001
YHR110W,23.9333873390687
YHR111W,27.93770047401
YHR112C,16.4712369204309
YHR113W,38.7785376107121
YHR114W,21.1775006697596
YHR115C,23.0184738789254
YHR116W,12.9237538196091
YHR117W,25.9833567389313
YHR118C,8.73395818260384
YHR119W,3.94542885462657
YHR120W,3.31715115657137
YHR121W,47.740712156242
YHR122W,40.3808769309248
YHR123W,31.5682879985928
YHR124W,0.366858605583255
YHR126C,8.26299973114659
YHR127W,32.5770607970392
YHR128W,230.980528383458
YHR129C,5.25218758237554
YHR131C,2.14765003685723
YHR132C,73.3282069835393
YHR132W-A,43.3639926919086
YHR133C,73.3866961301541
YHR134W,4.23029344238933
YHR135C,47.9064193156236
YHR136C,112.317204402019
YHR137W,54.2192722970706
YHR138C,20.8354108053313
YHR139C,0.182411184093368
YHR140W,2.14602014813713
YHR141C,3582.95462498311
YHR142W,30.8773272355562
YHR143W,203.02837377917
YHR143W-A,222.69848703083
YHR144C,16.1231424386083
YHR146W,134.226186288463
YHR147C,30.7713726055616
YHR148W,54.0538036585725
YHR149C,13.5541193738057
YHR150W,2.47180027461122
YHR151C,4.97848575139674
YHR152W,43.2819957326918
YHR153C,2.71766227895626
YHR154W,10.1045351175549
YHR155W,3.73296460331191
YHR156C,4.77072490402447
YHR157W,0.594298630353411
YHR158C,16.0824430101005
YHR159W,4.2951359022514
YHR160C,0.347643116885395
YHR161C,12.0061265731894
YHR162W,327.835891756197
YHR163W,70.6887714148255
YHR164C,2.61345382501881
YHR165C,6.01422751192443
YHR166C,6.30033428397727
YHR167W,14.4572238241075
YHR168W,3.77999036430887
YHR169W,24.853557788638
YHR170W,62.7530359105709
YHR171W,3.31862986538525
YHR172W,5.69892736993779
YHR173C,0.161933244601021
YHR174W,18013.7052588089
YHR175W,188.497995324732
YHR175W-A,28.4503832824068
YHR176W,1.37767575161552
YHR177W,0.75415610438034
YHR178W,2.55071505690542
YHR179W,604.826973185802
YHR181W,57.4818894833733
YHR182W,3.24010130610974
YHR183W,544.398930844376
YHR184W,1.25272464286167
YHR185C,0.02737898923171
YHR186C,13.0723335745375
YHR187W,21.1979512185254
YHR188C,35.5864383488931
YHR189W,3.86463264937597
YHR190W,121.951981189816
YHR191C,20.3713704755912
YHR192W,21.2125223131201
YHR193C,1655.32239272286
YHR194W,1.29419731359361
YHR195W,8.20664255807227
YHR196W,27.6905544167756
YHR197W,19.0805685955621
YHR198C,9.79038059559498
YHR199C,20.3889377166457
YHR199C-A,17.892118572608
YHR200W,134.795836884609
YHR201C,44.5585658963331
YHR202W,3.5698602565169
YHR203C,3897.97269545455
YHR204W,5.52078563586712
YHR205W,31.9388176738346
YHR206W,15.5613115148378
YHR207C,19.913943005587
YHR208W,446.630510713144
YHR209W,2.73140271662524
YHR210C,0.71846244156315
YHR211W,0.0763434899737332
YHR212W-A,0.0830096048021169
YHR213W,0
YHR213W-A,0
YHR213W-B,0
YHR214C-D,0.0611009114525846
YHR214C-E,0.36026646925645
YHR214W,7.46154317156024
YHR215W,550.86758423496
YHR216W,67.8856034577658
YHR218W,0.347443644413809
YHR219W,0
YIL001W,4.3270519608303
YIL002C,3.26094379640227
YIL002W-A,63.3980204271172
YIL003W,13.3893867069783
YIL004C,39.7886311387525
YIL005W,24.4934624934016
YIL006W,2.37049584012752
YIL007C,14.2032941264512
YIL008W,84.4224426290947
YIL009C-A,1614.02405761299
YIL009W,23.0049517053236
YIL010W,50.2747970079722
YIL011W,19.4982490850359
YIL013C,0.432956236673941
YIL014C-A,5.12251812617262
YIL014W,8.57044217662598
YIL015W,131.075557871419
YIL016W,40.7219603975167
YIL017C,2.98495220566958
YIL018W,4070.11539082816
YIL019W,24.3207460687232
YIL020C,33.8919347433661
YIL021W,67.3000370933163
YIL022W,55.8196634978274
YIL023C,15.9329612040769
YIL024C,1.11437367354284
YIL026C,10.0545739572013
YIL027C,51.4057598516315
YIL029C,0.569034328717032
YIL030C,47.3229532666136
YIL031W,2.24747451580351
YIL033C,66.8884104975468
YIL034C,70.1451206805173
YIL035C,31.5032840907368
YIL036W,24.6205296098338
YIL037C,0.35104260028804
YIL038C,39.2761340513322
YIL039W,50.8758465341889
YIL040W,55.8604548315349
YIL041W,201.057660689579
YIL042C,15.2375853373405
YIL043C,178.902723600101
YIL044C,49.4841006626619
YIL045W,3.08023501088432
YIL046W,9.95234597351106
YIL046W-A,2.55528623084252
YIL047C,15.7097183067774
YIL048W,9.55228939576424
YIL049W,8.06116635607999
YIL050W,17.7964337596919
YIL051C,1172.66847165594
YIL052C,2878.16228052048
YIL053W,1348.23338894948
YIL054W,0.513749855473923
YIL055C,2.23352151046276
YIL056W,4.43149092763139
YIL057C,0.0384417173530099
YIL060W,6.3975950190644
YIL061C,15.3304759504491
YIL062C,187.762862218357
YIL063C,56.5850147962442
YIL064W,36.1130201899957
YIL065C,37.8678534248352
YIL066C,1.81927561416518
YIL067C,6.08865891576141
YIL068C,8.79059928500795
YIL069C,3131.49355587381
YIL070C,44.0295473622096
YIL071C,1.53777995813589
YIL072W,0.201092436727059
YIL073C,0.0630314948732713
YIL074C,75.1762214163534
YIL075C,102.472666868924
YIL076W,96.6025603330341
YIL077C,5.92055732785158
YIL078W,441.725512206812
YIL079C,20.3560119726423
YIL083C,33.1728855005406
YIL084C,10.9532421498444
YIL085C,14.3934817930646
YIL087C,14.9567056452858
YIL088C,21.9868414024681
YIL089W,1.53524079618231
YIL090W,15.5684159530316
YIL091C,21.5509513481263
YIL092W,2.0097779535158
YIL093C,18.3856416013791
YIL094C,109.497876906436
YIL095W,5.65412559354355
YIL096C,10.6540238617053
YIL097W,2.82933926455376
YIL098C,16.1828433439467
YIL099W,0.147333488311123
YIL101C,1.47553637546545
YIL102C,0
YIL102C-A,9.09181562414459
YIL103W,20.9612095120805
YIL104C,14.9203291890501
YIL105C,14.7172327747336
YIL105W-A,4.10058616913436
YIL106W,28.6486898573306
YIL107C,4.37946999148016
YIL108W,20.1045147293726
YIL109C,121.137137362538
YIL110W,21.629308761504
YIL111W,38.8126837467107
YIL112W,10.6103334807386
YIL113W,1.93889347228342
YIL114C,16.635663946474
YIL115C,42.4797811272579
YIL116W,55.295969921535
YIL117C,44.4723957727341
YIL118W,66.2919396282682
YIL119C,13.9012024885295
YIL120W,0.635006769800208
YIL121W,18.4112430803674
YIL122W,3.92907112194825
YIL123W,480.61005452379
YIL124W,72.4921731951698
YIL125W,46.1047479722112
YIL126W,21.0726931673014
YIL127C,36.8986391956691
YIL128W,14.1596021302601
YIL129C,8.31616772879274
YIL130W,10.2760642687069
YIL131C,20.5857187983433
YIL132C,3.20544781620482
YIL133C,1374.62186342562
YIL134C-A,5.47863391693972
YIL134W,2.73425024810554
YIL135C,23.4743582711023
YIL136W,12.2910275295893
YIL137C,42.2984811466959
YIL138C,135.996987226544
YIL139C,2.78690208224177
YIL140W,27.0885154376579
YIL142W,147.904590008661
YIL143C,16.7798170774227
YIL144W,7.24283239488202
YIL145C,40.8604371576406
YIL146C,1.6037029697445
YIL147C,5.91366241994984
YIL148W,3863.19241360602
YIL149C,4.76343282221355
YIL150C,5.27089802562551
YIL151C,3.88062586679791
YIL152W,6.40240437991639
YIL153W,15.834234086395
YIL154C,31.8850726019087
YIL155C,11.1115235391477
YIL156W,7.75820537189016
YIL156W-B,77.9197891084139
YIL157C,35.98252692902
YIL158W,16.3661837141576
YIL159W,2.25571393628976
YIL160C,0.0640596796474446
YIL161W,6.70596665655035
YIL162W,20.1392093507182
YIL163C,0.467627673935117
YIL164C,0.450843510470848
YIL165C,0.307155933248128
YIL166C,0.385380510122477
YIL169C,10.0572905534795
YIL172C,0.561879542906569
YIL173W,2.93212828237684
YIL176C,0.0508180751349545
YIL177C,0.133058596427736
YIR001C,31.9823555861836
YIR002C,3.19856917282241
YIR003W,29.3612569135024
YIR004W,32.6462714624397
YIR005W,7.92926565061193
YIR006C,91.0447126950113
YIR007W,20.7197573721677
YIR008C,20.5743563238237
YIR009W,18.0609827346475
YIR010W,9.12867548782515
YIR011C,24.6631675074031
YIR012W,108.148658766913
YIR013C,0
YIR014W,5.15515318894796
YIR015W,11.1525642899906
YIR016W,0.197258327151066
YIR017C,4.46716663747693
YIR018C-A,0
YIR018W,10.3513505911837
YIR019C,0.0150581142895673
YIR020C,0.0595297451580896
YIR021W,7.18903990034699
YIR021W-A,79.8957868189052
YIR022W,67.1573313797976
YIR023W,7.13049700871643
YIR024C,9.16399873529616
YIR025W,4.89289109899895
YIR026C,35.1027411466353
YIR027C,0.39339586835241
YIR028W,0.202492483530074
YIR029W,0.656537504523879
YIR030C,5.62183079274286
YIR031C,0.632851262778756
YIR032C,1.08278512846604
YIR033W,12.8123328764563
YIR034C,49.2457143328747
YIR035C,26.1212416254031
YIR036C,41.6956552349837
YIR037W,231.122302792349
YIR038C,34.162315855018
YIR039C,1.14149451130954
YIR041W,0.197492045548164
YIR042C,1.23693072063313
YJL001W,180.953294418676
YJL002C,105.121555057751
YJL003W,16.6580140844605
YJL004C,28.929288143973
YJL005W,6.55866635827091
YJL006C,10.3052473463072
YJL008C,143.472116138422
YJL010C,32.2094290086323
YJL011C,36.3544691350059
YJL012C,224.030094944808
YJL013C,7.53732415967159
YJL014W,166.26708271591
YJL016W,3.89536820595924
YJL019W,11.1533067383501
YJL020C,86.1761112064869
YJL023C,2.02433872169122
YJL024C,1067.18842275218
YJL025W,2.00239814900483
YJL026W,316.056640572292
YJL027C,0.0449039025976969
YJL028W,0
YJL029C,226.531264936343
YJL030W,17.7003019694194
YJL031C,16.6117436294688
YJL033W,30.9176307797756
YJL034W,396.369833230812
YJL035C,7.24030525485264
YJL036W,14.5800486530105
YJL037W,0.40401073583745
YJL038C,0.265231537833072
YJL039C,20.6024987802472
YJL041W,133.581534142954
YJL042W,12.2243574234861
YJL043W,0.177646620751912
YJL044C,12.7002363616767
YJL045W,0.341564111562809
YJL046W,5.62898725750925
YJL047C,4.37575980034327
YJL047C-A,6.41089563240964
YJL048C,5.90729337049378
YJL049W,5.81903258920325
YJL050W,67.8537116652057
YJL051W,4.51323485250619
YJL052C-A,0
YJL052W,3792.6025022324
YJL053W,23.4683607807313
YJL054W,24.8508605966553
YJL055W,92.7640264517618
YJL056C,4.26002823157332
YJL057C,2.87490066207156
YJL058C,3.56150262128058
YJL059W,6.37818698122388
YJL060W,31.3284975784939
YJL061W,13.2874524825229
YJL062W,21.6967171575202
YJL062W-A,78.7646841263837
YJL063C,33.9529927390543
YJL065C,31.3098369270678
YJL066C,22.5932370271211
YJL068C,57.4458897705598
YJL069C,31.4805770246491
YJL070C,3.29343818551479
YJL071W,3.95073252290707
YJL072C,17.3880423992243
YJL073W,8.28168217904606
YJL074C,14.1112554999744
YJL076W,43.5256743281956
YJL077C,0.329227710242256
YJL077W-A,4.8201323504871
YJL077W-B,0.428124879561603
YJL078C,61.113594486191
YJL079C,58.8539851153763
YJL080C,276.579425243645
YJL081C,18.5005262721037
YJL082W,8.58311171829075
YJL083W,4.16260624037769
YJL084C,6.7447126571838
YJL085W,9.88026254968813
YJL087C,10.273643889788
YJL088W,1.331586404852
YJL089W,0.0328504703276805
YJL090C,2.215208065981
YJL091C,17.7923442271843
YJL092W,3.22563890687241
YJL093C,3.87658373438807
YJL094C,7.72838392554441
YJL095W,3.47566620927472
YJL096W,24.9008568161277
YJL097W,93.8633770659577
YJL098W,16.0918650450605
YJL099W,5.36366126063818
YJL100W,3.12920921234533
YJL101C,14.2968509844644
YJL102W,106.612145915752
YJL103C,0.558091360857089
YJL104W,66.8242350577428
YJL105W,0.0481743602435407
YJL106W,0
YJL107C,3.93997446277529
YJL108C,1.25116728772632
YJL109C,26.198866377583
YJL110C,12.8340257984689
YJL111W,124.301609639806
YJL112W,5.3894516088608
YJL115W,38.8520512649583
YJL116C,6.30364455090609
YJL117W,156.890855321529
YJL118W,3.94900289662574
YJL121C,210.917627183812
YJL122W,73.0507620583443
YJL123C,74.2998611737287
YJL124C,77.2309043632247
YJL125C,21.096070656941
YJL126W,8.79765028855391
YJL127C,5.55258409786749
YJL127C-B,14.4634162386523
YJL128C,26.6072456389407
YJL129C,3.2903857809751
YJL130C,115.640888842142
YJL131C,5.10635291651233
YJL132W,1.70306836147926
YJL133C-A,40.8282130854471
YJL133W,10.8797810455258
YJL134W,26.2522912966156
YJL136C,2425.34900956465
YJL136W-A,0.477146812335832
YJL137C,7.73886687055164
YJL138C,1801.71473437681
YJL139C,5.10733083459022
YJL140W,64.5517846689719
YJL141C,8.94632572418315
YJL143W,150.539819291955
YJL144W,10.532818169546
YJL145W,79.0493697506992
YJL146W,11.8834772678314
YJL147C,3.13576416802646
YJL148W,87.6255594616739
YJL149W,6.4478392438274
YJL151C,175.685668839609
YJL153C,0.366420202155615
YJL154C,20.1341495811408
YJL155C,8.23932319186645
YJL156C,12.1887638432679
YJL157C,21.7705434162793
YJL158C,1451.58112379468
YJL159W,3206.64892659677
YJL160C,0.548902150744185
YJL161W,1.20068469047672
YJL162C,3.45133541967134
YJL163C,2.02887090640836
YJL164C,13.2131090280385
YJL165C,14.6206419991522
YJL166W,143.965157793464
YJL167W,361.172238661675
YJL168C,17.0370477861291
YJL170C,10.2484369249266
YJL171C,91.7902508338264
YJL172W,110.176902357551
YJL173C,89.251687632453
YJL174W,114.167609777277
YJL176C,27.48623896735
YJL177W,1678.25426902079
YJL178C,68.4936969347914
YJL179W,46.4237269933112
YJL180C,12.338628642767
YJL181W,3.13139737541623
YJL183W,50.2678034247166
YJL184W,61.1636164452447
YJL185C,2.01850050858969
YJL186W,74.4105351604118
YJL187C,4.80369662763523
YJL189W,3232.36252459261
YJL190C,3250.22937921894
YJL191W,1195.83583007926
YJL192C,82.898336608446
YJL193W,8.94131084719235
YJL194W,9.32283013378891
YJL196C,89.4647027233003
YJL197W,10.4450341156842
YJL198W,21.8179942335813
YJL200C,37.5158079539934
YJL201W,10.6828013170811
YJL203W,16.9726661054665
YJL204C,7.93691329899587
YJL205C,34.8918362768707
YJL206C,2.84200741191482
YJL207C,7.4045739319669
YJL208C,18.3440019915791
YJL209W,2.07111439416813
YJL210W,11.4437829915725
YJL212C,39.7550196363269
YJL213W,0.0199764245496945
YJL214W,0.592925748586549
YJL216C,0.0348612562275483
YJL217W,92.5622830963555
YJL218W,9.66658557739511
YJL219W,0.237982990352157
YJL221C,0.573346472353642
YJL222W,3.06520520895975
YJL223C,0.152454225404864
YJL225C,0.172193477730011
YJR001W,32.4206176755371
YJR002W,48.129912877269
YJR003C,10.6834962685706
YJR004C,0.552138386341281
YJR005C-A,0.0633295161256272
YJR005W,10.0494516302924
YJR006W,11.5139430989091
YJR007W,202.57130692543
YJR008W,1.89946884221536
YJR009C,9043.42481213773
YJR010C-A,72.9239378186597
YJR010W,6.72577063899199
YJR011C,7.97898685102125
YJR012C,8.07333354603003
YJR013W,16.1519943971433
YJR014W,198.227580751965
YJR015W,96.7659775250135
YJR016C,373.686844321879
YJR017C,77.0538138890022
YJR019C,11.186925218177
YJR021C,4.47373236041893
YJR022W,10.6664039401298
YJR024C,45.8006025247629
YJR025C,60.0318032497843
YJR030C,6.20959070390838
YJR031C,10.7881993711273
YJR032W,31.8888590112516
YJR033C,5.36937788771218
YJR034W,26.6849245341008
YJR035W,3.05123716483521
YJR036C,0.573241309757832
YJR039W,1.24536296638957
YJR040W,14.6554900469842
YJR041C,13.1942047149103
YJR042W,23.346251283625
YJR043C,11.1185328570268
YJR044C,66.2300079641809
YJR045C,788.53538329163
YJR046W,14.6362606516506
YJR047C,298.574236223808
YJR048W,153.198299077927
YJR049C,19.1203007695266
YJR050W,16.8339080678836
YJR051W,23.1698354544799
YJR052W,381.926811134747
YJR053W,5.64390360415296
YJR054W,4.08325377236214
YJR055W,57.5472508774557
YJR056C,13.4138264815326
YJR057W,18.8951504867833
YJR058C,15.4462108617935
YJR059W,19.1213155074487
YJR060W,111.298495435188
YJR061W,0.700595249496255
YJR062C,9.413324234358
YJR063W,110.2070670362
YJR064W,163.250724524261
YJR065C,126.160873301573
YJR066W,5.92943393293813
YJR067C,18.8972330559982
YJR068W,37.0678679160674
YJR069C,156.704392343998
YJR070C,319.564383678648
YJR072C,83.0995720584419
YJR073C,50.8408976237876
YJR074W,31.2827119619819
YJR075W,67.9254588128573
YJR076C,54.9282567485724
YJR077C,254.094511428598
YJR078W,1.10905309467697
YJR079W,0.663196099904446
YJR080C,15.2037616185007
YJR082C,20.3533575990383
YJR083C,15.2266973541521
YJR084W,8.07194459554535
YJR085C,171.307035141916
YJR086W,52.9658074682897
YJR088C,54.8785820239775
YJR089W,3.38432325237697
YJR090C,6.63782999107901
YJR091C,14.1201760859483
YJR092W,29.9079012311554
YJR093C,24.5740635686546
YJR094C,3.11609241247876
YJR094W-A,2107.31645728032
YJR095W,0.328116705595769
YJR096W,15.3707662302723
YJR097W,12.4055361155418
YJR098C,2.82899036702715
YJR099W,21.4401324909742
YJR100C,6.7497839078377
YJR101W,29.1892311753934
YJR102C,11.0846926388119
YJR103W,24.4909509298093
YJR104C,2002.31553372173
YJR105W,508.014049065691
YJR106W,3.58649992738962
YJR107W,0.141052104097988
YJR108W,1.64097507536023
YJR109C,33.7075814644417
YJR110W,3.16374970128257
YJR111C,11.2636369870868
YJR112W,21.8564416564349
YJR112W-A,10.3900722318363
YJR113C,30.7658151967472
YJR115W,0.897755582276395
YJR116W,15.3857881369696
YJR117W,90.7944800175546
YJR118C,40.8487871934569
YJR119C,2.797951316741
YJR120W,91.6129872093715
YJR121W,307.411152728565
YJR122W,3.79931890739656
YJR123W,4443.69020106808
YJR124C,19.6994773611382
YJR125C,64.8776096269619
YJR126C,12.0162336984432
YJR127C,4.19691807152736
YJR129C,5.36995123848746
YJR130C,3.81329328414808
YJR131W,20.9704665029499
YJR132W,23.3207869846774
YJR133W,39.3010629223163
YJR134C,8.88696011319061
YJR135C,3.80307368024301
YJR135W-A,107.191824078875
YJR136C,4.10995536830222
YJR137C,11.765150845515
YJR138W,3.05024860394584
YJR139C,504.949046429472
YJR140C,6.25396091253338
YJR141W,3.95318976783097
YJR142W,24.7662550371922
YJR143C,82.6726980970104
YJR144W,51.5415063095711
YJR145C,3977.16226401359
YJR146W,5.55957345678417
YJR147W,7.24790536021758
YJR148W,310.444083578248
YJR149W,0.231137679298446
YJR150C,0.110357048757052
YJR151C,0.0235894829383882
YJR151W-A,0
YJR152W,0.0372282503966611
YJR153W,0.34940229947157603
YJR154W,0.402154068852903
YJR155W,0.0911834170911656
YJR156C,0.817838554975623
YJR158W,0.0237982990352157
YJR159W,1.04084121775072
YJR160C,0.0561298782471211
YJR161C,17.0819089421524
YKL001C,22.7728499198515
YKL002W,33.7667716670852
YKL003C,24.8802083883076
YKL004W,42.9345815637394
YKL005C,9.26902827857262
YKL006C-A,25.7845846329907
YKL006W,2957.01179386353
YKL007W,81.7802072827525
YKL008C,53.430685378089
YKL009W,144.693406964728
YKL010C,13.3839380367654
YKL011C,3.58842512517429
YKL012W,8.98737008612403
YKL013C,99.9211530628679
YKL014C,18.1910063639209
YKL015W,3.20169185123773
YKL016C,162.858604389225
YKL017C,5.40986130962629
YKL018C-A,31.2831384137684
YKL018W,18.2435419587665
YKL019W,25.2613698140791
YKL020C,10.0068128958858
YKL021C,33.1589687782233
YKL022C,11.6499942907631
YKL023C-A,142.514209908466
YKL023W,17.0514542459068
YKL024C,129.544638783601
YKL025C,21.0650296115233
YKL026C,0.64283481613545
YKL027W,20.5657936992954
YKL028W,20.9886123553705
YKL029C,76.0892591004614
YKL032C,57.5265579160778
YKL033W,3.77987541158666
YKL033W-A,84.3586751471793
YKL034W,11.2514804478016
YKL035W,224.771926910262
YKL037W,29.5512138402348
YKL038W,5.17373684042497
YKL039W,57.049645521948
YKL040C,43.0717355401165
YKL041W,31.9457060408612
YKL042W,15.7500339801495
YKL043W,9.94582327641252
YKL044W,5.71841437863713
YKL045W,15.0718822349459
YKL046C,60.4778745995838
YKL047W,12.5951231776909
YKL048C,2.69696941896421
YKL049C,21.7966102183317
YKL050C,0.088787261954537
YKL051W,5.20415580980774
YKL052C,19.687888179983702
YKL053C-A,48.6385076916663
YKL054C,275.682670532025
YKL055C,3.95967083178243
YKL056C,2248.29586252738
YKL057C,16.2873458082802
YKL058W,56.49601776061
YKL059C,15.2054491092076
YKL060C,11057.8720130971
YKL061W,12.4798218962524
YKL062W,16.8509069863736
YKL063C,33.9946176297511
YKL064W,7.99735923708186
YKL065C,67.6838943825883
YKL065W-A,0.0774550587558786
YKL067W,164.39098191397
YKL068W,30.8295743757738
YKL068W-A,39.7633544242591
YKL069W,31.4650017416106
YKL070W,0
YKL071W,0.0254711623537058
YKL072W,4.23274742510351
YKL073W,32.0770936497972
YKL074C,11.4077387180631
YKL075C,9.77776064221621
YKL077W,88.3720523554021
YKL078W,8.52819697264782
YKL079W,8.11527893607058
YKL080W,176.217271321762
YKL081W,1064.93899862708
YKL082C,57.0508068057224
YKL084W,32.875974838563
YKL085W,99.3048952261705
YKL086W,6.38114669676041
YKL087C,25.1929551704353
YKL088W,23.5063142891685
YKL089W,7.74728592702656
YKL090W,3.94346788991405
YKL091C,10.5665297655609
YKL092C,4.99504494619187
YKL093W,0.898246388983357
YKL094W,37.1624516285182
YKL095W,9.59277397937766
YKL096C-B,0.105763506626047
YKL096W,270.154055357262
YKL096W-A,4437.0477292924
YKL098W,5.87331830016477
YKL099C,49.1976137640886
YKL100C,29.1649731593125
YKL101W,9.98325721906189
YKL103C,39.7338613096645
YKL104C,87.6393608522297
YKL105C,8.23500566362777
YKL106C-A,0.49905175581632
YKL106W,20.315639331214
YKL107W,0.319888599877144
YKL108W,5.05728211172698
YKL109W,7.89847056814255
YKL110C,25.4701836841715
YKL112W,32.8833500895555
YKL113C,32.9255237642778
YKL114C,35.7514651090612
YKL116C,9.80719149502816
YKL117W,477.841341220264
YKL119C,18.8268172456807
YKL120W,167.111411322212
YKL121W,1.52707730768161
YKL122C,70.7118297748995
YKL124W,5.21176756014724
YKL125W,15.8180798760309
YKL126W,36.7959336279799
YKL127W,99.133937547639
YKL128C,62.7959226197045
YKL129C,10.9350875644121
YKL130C,33.6592359837396
YKL132C,0.637501375387004
YKL133C,1.114889945803
YKL134C,6.09387332091686
YKL135C,20.0779295327856
YKL137W,30.1923054750885
YKL138C,32.4054131938449
YKL138C-A,57.4797908987546
YKL139W,10.4814612496832
YKL140W,14.9070353577695
YKL141W,80.6886871871062
YKL142W,149.708468021334
YKL143W,42.7857115564657
YKL144C,30.8582760615403
YKL145W,208.153077211635
YKL146W,18.2579352447471
YKL148C,17.1654171254075
YKL149C,6.62121355236617
YKL150W,45.8335448991755
YKL151C,15.906392792006
YKL152C,6148.57977578416
YKL154W,29.7610663293544
YKL155C,6.05455060630621
YKL156W,1375.84101216556
YKL157W,79.5631636981287
YKL159C,9.30424640648032
YKL160W,99.7092545962351
YKL161C,0.185340941189011
YKL162C,2.32241840186814
YKL163W,197.235113213785
YKL164C,1250.0663946084
YKL165C,22.6836535165987
YKL166C,19.0265487740003
YKL167C,23.3663934628119
YKL168C,4.21959264734433
YKL170W,29.6814796170776
YKL171W,1.82328224407981
YKL172W,113.647695301807
YKL173W,12.1596379260782
YKL174C,14.6526339644636
YKL175W,44.4372937317041
YKL176C,3.8562776904895
YKL178C,0.528020684792644
YKL179C,22.5325932858806
YKL180W,2661.74103553956
YKL181W,117.248104381617
YKL182W,291.000453831998
YKL183C-A,0
YKL183W,19.5439597223563
YKL184W,85.9029022844117
YKL185W,23.7757995408136
YKL186C,49.3197016571381
YKL187C,0.10870649115825
YKL188C,0.231593297567884
YKL189W,8.10358800367739
YKL190W,87.3275478971279
YKL191W,37.9628247724258
YKL192C,255.074452753268
YKL193C,25.9463527416015
YKL194C,7.63191231448767
YKL195W,48.538729064366
YKL196C,153.797386221507
YKL197C,5.17116675854244
YKL198C,6.1605684208298
YKL201C,1.25570556192845
YKL203C,4.79058294480183
YKL204W,54.8401717085854
YKL205W,15.3000330092881
YKL206C,23.5041061963785
YKL207W,100.725947663351
YKL208W,8.32933572171415
YKL209C,38.189394550078
YKL210W,205.24414603048
YKL211C,61.4658490535441
YKL212W,98.6289065949088
YKL213C,24.8885863925188
YKL214C,51.0926007001752
YKL215C,15.9731040871987
YKL216W,119.866622445591
YKL217W,0.153685854201601
YKL218C,5.97903325639372
YKL219W,10.5570452861002
YKL220C,0.114532720872183
YKL221W,0.0425501922505065
YKL222C,0.510058555511576
YKL224C,0.0994530348703167
YKR001C,151.292837295512
YKR002W,20.7641380203644
YKR003W,23.2567426205851
YKR004C,3.08738094067145
YKR005C,0.141039703913012
YKR006C,33.1584922555154
YKR007W,26.303840883807
YKR008W,22.4481257196141
YKR009C,1.14405346603819
YKR010C,5.83708927343603
YKR011C,20.6287475782271
YKR013W,206.284631377374
YKR014C,92.7064954184025
YKR015C,0.0237575949889753
YKR016W,18.6395830797395
YKR017C,2.86288087401499
YKR018C,51.8497391591549
YKR019C,4.46394553401822
YKR020W,15.9148709841461
YKR021W,3.83162831983553
YKR022C,6.52131952371591
YKR023W,9.10913996794059
YKR024C,17.109570648139
YKR025W,54.8789838176138
YKR026C,58.0800570635661
YKR027W,4.76237961264716
YKR028W,16.6868548907735
YKR029C,11.9964197689402
YKR030W,19.7804532962006
YKR031C,4.26596761733005
YKR034W,0.340368437893394
YKR035W-A,49.8224400375219
YKR036C,5.14831525205004
YKR037C,11.9664337994256
YKR038C,944.371893894294
YKR039W,4.00767330684444
YKR041W,170.720147286184
YKR042W,768.872150880057
YKR043C,198.214047174705
YKR044W,4.85001223242303
YKR045C,19.1657952483098
YKR046C,23.3152650391138
YKR048C,191.682576425066
YKR049C,34.895832796457
YKR050W,0.35275263049144
YKR051W,3.46724244229824
YKR052C,16.0705559434053
YKR053C,0.759452374837751
YKR054C,1.94729784583334
YKR055W,12.3928933175806
YKR056W,30.7393808627715
YKR057W,1721.76867426693
YKR058W,0.570833172748804
YKR059W,1799.67337024123
YKR060W,19.5690383595945
YKR061W,1.32088642086629
YKR062W,39.7766933556326
YKR063C,5.51683113868671
YKR064W,2.32118634966556
YKR065C,88.6398834105126
YKR066C,80.9326063144424
YKR067W,12.5981553706655
YKR068C,43.6914258382067
YKR069W,2.14163872684652
YKR070W,28.6533994890678
YKR071C,90.3312188753991
YKR072C,34.1095838184053
YKR074W,183.513443520355
YKR075C,6.35147435466331
YKR076W,2.83792664417444
YKR077W,13.5914927378061
YKR078W,4.44411809421195
YKR079C,7.98799096007828
YKR080W,79.6077725720531
YKR081C,83.1683357377321
YKR082W,20.024717456757
YKR083C,16.6126438046963
YKR084C,35.4965469269798
YKR085C,38.1271611902284
YKR086W,3.80567111246628
YKR087C,16.9371726546564
YKR088C,29.1224450747468
YKR089C,12.0140875974626
YKR090W,16.3185090163527
YKR091W,5.86987461774563
YKR092C,190.969356766215
YKR093W,195.47955577479
YKR094C,3187.6738296387002
YKR095W,11.2603004299474
YKR095W-A,51.9558173903645
YKR096W,6.79801849109298
YKR097W,0.380611511470402
YKR098C,1.02236454655874
YKR099W,6.05846419712011
YKR100C,13.7719262453177
YKR101W,2.58889299271016
YKR102W,0.0175727389418032
YKR103W,0.0225004436342671
YKR104W,0.0645725541487542
YKR105C,0.0464040329740119
YKR106W,0.38482289086364
YLL001W,24.3723138028757
YLL002W,4.64884350074772
YLL003W,1.56554160137012
YLL004W,7.42083124573445
YLL005C,0
YLL006W,14.6381312359745
YLL006W-A,9.58056836138004
YLL007C,4.19764755589072
YLL008W,64.945764470391
YLL009C,73.7751900110954
YLL010C,23.7783538792624
YLL011W,32.5510373161735
YLL012W,11.3893964096978
YLL013C,19.4319089981989
YLL014W,88.4112217862589
YLL015W,9.15047870358956
YLL018C,414.819590838973
YLL018C-A,20.4114344226647
YLL019C,6.86527246792209
YLL021W,32.307065720407
YLL022C,26.333884362257
YLL023C,42.2580654326844
YLL024C,5679.57197981688
YLL025W,1.28369829606307
YLL026W,248.883263318478
YLL027W,24.351386378731
YLL028W,24.2695659048826
YLL029W,29.6249245495046
YLL031C,17.6842312930126
YLL032C,5.94943809530451
YLL033W,2.98453181806098
YLL034C,25.6029042578593
YLL035W,7.62323355261866
YLL036C,14.5540489846093
YLL038C,12.5644639116853
YLL039C,179.781826345416
YLL040C,16.9746412646261
YLL041C,29.0172407560098
YLL042C,0.86971769241855
YLL043W,30.3364391647872
YLL045C,2957.83872832409
YLL046C,0.0784268913626023
YLL048C,32.1203958749386
YLL049W,6.10509481859794
YLL050C,842.681447874079
YLL051C,6.89112626361142
YLL052C,12.9120855695011
YLL053C,8.60593055002816
YLL054C,2.16513768740938
YLL055W,0.456527564815538
YLL056C,0.353142556022565
YLL057C,0.307832663531334
YLL058W,13.4403072518898
YLL060C,0.389446930940773
YLL061W,17.3609120606958
YLL062C,9.98958052310407
YLL063C,2.47703593134034
YLL064C,0
YLL066C,0
YLL066W-B,0.477876394617691
YLL067C,0.00568496884183666
YLR001C,6.30753331663673
YLR002C,33.76174463012
YLR003C,37.6527250523214
YLR004C,1.45423188449811
YLR005W,14.9904455968574
YLR006C,5.93799676656973
YLR007W,6.99108774659038
YLR008C,60.249689729496
YLR009W,110.875300467938
YLR010C,1722.61672845059
YLR011W,9.09668015898897
YLR012C,0
YLR013W,0.0880989886060522
YLR014C,1.84818090054532
YLR015W,9.21284618357143
YLR016C,13.3762078433018
YLR017W,71.6769551738543
YLR018C,25.9837594098166
YLR019W,23.6224198252226
YLR020C,12.4211102877937
YLR021W,19.0961686767773
YLR022C,41.410378975596
YLR023C,10.0143993567018
YLR024C,2.19165281326817
YLR025W,52.8191193402685
YLR026C,33.5313807540005
YLR027C,259.499928596155
YLR028C,82.0730032874846
YLR029C,4006.06409206313
YLR030W,0.42217161345725
YLR031W,0.376956445491192
YLR032W,7.45084131132456
YLR033W,20.0989406290503
YLR034C,48.4079353836595
YLR035C,2.04938466937685
YLR036C,10.9709977988619
YLR037C,1.03683323912786
YLR038C,122.712904442102
YLR039C,5.42575334209685
YLR040C,11.2257268743406
YLR042C,20.952683286412
YLR043C,674.742300899115
YLR044C,11046.9491864984
YLR045C,16.3597127583497
YLR046C,0.0242272218666644
YLR047C,2.50064465547857
YLR048W,2593.0263306104
YLR049C,16.6495861457895
YLR050C,34.2044736485271
YLR051C,49.5769832001322
YLR052W,18.7779139883049
YLR053C,0.0557096545597095
YLR054C,0.234421813741352
YLR055C,24.4950788670436
YLR056W,264.727996852367
YLR057W,5.7524025981604
YLR058C,685.552226497999
YLR059C,35.1065731655758
YLR060W,209.637160598819
YLR061W,3031.22435408798
YLR063W,47.0934874796485
YLR064W,31.2171517474585
YLR065C,38.7897024099255
YLR066W,59.4259142072324
YLR067C,1.59183953521207
YLR068W,25.7232407755681
YLR069C,16.1110506184388
YLR070C,2.12454099446134
YLR071C,12.1308110847788
YLR072W,9.51245622488589
YLR073C,17.309418207506
YLR074C,96.1926812727889
YLR075W,5333.04694526363
YLR077W,9.85599477228292
YLR078C,34.9565971567707
YLR079W,37.2357895988848
YLR080W,3.78414479894223
YLR081W,0.564390360415296
YLR082C,7.88550621017434
YLR083C,69.9728472097134
YLR084C,15.0284526455705
YLR085C,10.3718797190762
YLR086W,7.04841034678495
YLR087C,1.28178401301288
YLR088W,27.2996740943004
YLR089C,43.1085334186976
YLR090W,14.5132434060963
YLR091W,5.38266802290584
YLR092W,0.496262990966118
YLR093C,46.5384268544298
YLR094C,17.3673057933899
YLR095C,12.2112604760128
YLR096W,9.83579404388028
YLR097C,7.10560682732649
YLR098C,3.10336861042297
YLR099C,8.4559297099559
YLR099W-A,49.1742492961839
YLR100W,109.314290971326
YLR102C,12.8217912648193
YLR103C,5.56305468502347
YLR104W,36.8735035471327
YLR105C,5.34557957156257
YLR106C,13.9546503086587
YLR107W,6.70299269965493
YLR108C,6.75593386910412
YLR109W,3893.5543112551
YLR110C,13065.6123322287
YLR113W,55.494463170805
YLR114C,14.3232328764233
YLR115W,5.9801673952112004
YLR116W,12.9692678896514
YLR117C,7.04712615585342
YLR118C,52.4448096878381
YLR119W,9.94898425973006
YLR120C,38.0895500891999
YLR121C,9.98087658654373
YLR125W,0.909843266608356
YLR126C,17.4104117688385
YLR127C,2.2121152905622
YLR128W,8.02297032177286
YLR129W,28.5283742252922
YLR130C,21.0728964908024
YLR131C,10.5059910416713
YLR132C,3.80472719053877
YLR133W,20.0465422447731
YLR134W,440.491016824616
YLR135W,2.64302726432058
YLR136C,22.4009444349032
YLR137W,4.88754206554254
YLR138W,11.1006631278987
YLR139C,4.79035468237785
YLR141W,4.57318059818511
YLR142W,2.67843575981932
YLR143W,467.257595195856
YLR144C,11.5480722645385
YLR145W,8.74257666257395
YLR146C,18.5764136338059
YLR146W-A,30.017117261918
YLR147C,52.4721818865143
YLR148W,8.48574862328402
YLR149C,1.19989642584274
YLR150W,2445.41548247199
YLR151C,3.62185645774919
YLR152C,1.25387455352669
YLR153C,250.372351949915
YLR154C,26.7570538763202
YLR154C-G,0.105763506626047
YLR154C-H,6.05274503842028
YLR154W-C,1.33307130745011
YLR155C,1.21050802214073
YLR156C-A,0.232797886093088
YLR156W,54.5334986894642
YLR157C,1.22884905277923
YLR157C-C,1.39678731655853
YLR157W-D,3.1253116207997
YLR157W-E,105.159856423135
YLR158C,1.26553111405622
YLR159C-A,0
YLR159W,52.1948301296821
YLR160C,1.3205542059717
YLR161W,52.3011332460358
YLR162W,57.7615349058691
YLR162W-A,0.0882856390056413
YLR163C,29.5119955278858
YLR164W,0.601744716399461
YLR165C,2.95082788499151
YLR166C,11.6578152834937
YLR167W,4885.9450105514
YLR168C,10.4458613632134
YLR170C,56.5130350994026
YLR172C,135.166986098165
YLR173W,6.82654334817153
YLR174W,0.0648068765329124
YLR175W,323.122611735515
YLR176C,5.54659949348531
YLR177W,3.65212216287866
YLR178C,18.4483269648337
YLR179C,369.070745459828
YLR180W,565.691855911973
YLR181C,23.4198031071465
YLR182W,14.700869356344
YLR183C,18.3769147379917
YLR185W,3091.47066694391
YLR186W,97.7661583942471
YLR187W,13.1353676816219
YLR188W,12.9013644424581
YLR189C,4.81432928048545
YLR190W,21.8477682574617
YLR191W,13.3498410292438
YLR192C,309.744888208961
YLR193C,25.1836704516614
YLR194C,42.7485152730074
YLR195C,57.5440179697773
YLR196W,96.6186513441827
YLR197W,276.676114548132
YLR199C,30.9683497733
YLR200W,104.336508701187
YLR201C,18.5259435835356
YLR203C,30.209811395948
YLR204W,34.8163522595615
YLR205C,4.97468849398021
YLR206W,45.0349297608088
YLR207W,12.7350215907047
YLR208W,188.227234066017
YLR209C,31.3484970306053
YLR210W,9.51435192718977
YLR211C,4.86541186388232
YLR212C,15.0344012618456
YLR213C,1.45657887088942
YLR214W,39.1899448971247
YLR215C,12.2799854834962
YLR216C,369.555334559222
YLR218C,11.5011467645429
YLR219W,12.9545145965108
YLR220W,41.6092997283635
YLR221C,57.6935459764527
YLR222C,31.240619960013
YLR223C,8.13242963354839
YLR224W,5.49248080866556
YLR225C,22.5730611163975
YLR226W,11.4046459144972
YLR227C,0.899370250589842
YLR228C,5.56837222967523
YLR229C,152.837604141837
YLR231C,37.2789713557419
YLR233C,0.601674648314179
YLR234W,2.72574254341302
YLR237W,10.2934160757358
YLR238W,4.32433054450273
YLR239C,8.08027053475616
YLR240W,4.7901972505715
YLR241W,15.6961254188744
YLR242C,4.1753093716508
YLR243W,31.253116207997
YLR244C,266.232160860196
YLR245C,32.4787286083106
YLR246W,525.433194763374
YLR247C,3.83322097902238
YLR248W,45.073199864512
YLR249W,2493.4525787214902
YLR250W,72.1204445828158
YLR251W,4.12807671182072
YLR253W,7.37599631241667
YLR254C,7.93569131159297
YLR256W,22.7378539341763
YLR257W,90.1290919535656
YLR258W,14.2623920616633
YLR259C,751.44336637212
YLR260W,7.01751638208933
YLR261C,80.333321875101
YLR262C,47.9664133647916
YLR262C-A,322.346190310581
YLR263W,0
YLR264C-A,0
YLR264W,1737.64005732271
YLR265C,5.55740046573429
YLR266C,1.75160676068972
YLR267W,1.92964315981194
YLR268W,50.4024244048044
YLR270W,37.0491486683892
YLR271W,2.96283364662969
YLR272C,6.27158676281215
YLR273C,0.940414730431204
YLR274W,18.9404850226149
YLR275W,27.6891643597166
YLR276C,40.6813670582261
YLR277C,7.04406222031939
YLR278C,4.86995116294511
YLR281C,3.96479661926693
YLR283W,4.53674267535441
YLR284C,5.47807430162644
YLR285C-A,393.101122212513
YLR285W,56.1280454347701
YLR286C,493.004706019928
YLR287C,33.3366572885301
YLR287C-A,3023.74989030509
YLR288C,2.59027185963019
YLR289W,1.87886072249587
YLR290C,11.5410675062448
YLR291C,62.6808796146976
YLR292C,70.0586547746833
YLR293C,1496.55421713767
YLR295C,106.201347493525
YLR297W,5.33996798672108
YLR298C,16.7412385609459
YLR299W,10.9411566100903
YLR300W,287.346321902794
YLR301W,224.766656718383
YLR303W,0.0301525481987429
YLR304C,217.740530538601
YLR305C,11.5120174136587
YLR306W,8.95854796841608
YLR307C-A,0
YLR307W,0.743340994104161
YLR308W,0.0633937448438073
YLR309C,15.220406096744
YLR310C,7.27530848548211
YLR312C,0.75369251305459
YLR312W-A,18.3887309208981
YLR313C,3.02367547052979
YLR314C,109.495907344043
YLR315W,8.67801000143467
YLR316C,9.55639905047678
YLR318W,0.609177443975269
YLR319C,11.2203952141387
YLR320W,0.500578772748214
YLR321C,34.4694258579164
YLR323C,11.3624791695338
YLR324W,16.7687092522216
YLR325C,3526.61337116999
YLR326W,13.2047798350671
YLR327C,10.2824105273064
YLR328W,29.6484736359982
YLR329W,0.197961147794122
YLR330W,50.8715289512622
YLR332W,27.8571918662113
YLR333C,1482.65674645211
YLR335W,210.192526653784
YLR336C,19.4398099359535
YLR337C,57.2328157667438
YLR340W,3944.35880418169
YLR341W,0.0422054236434801
YLR342W,153.832703730381
YLR342W-A,29.6975312383682
YLR343W,0.0121489275832836
YLR344W,1668.71820322328
YLR345W,7.17414588921682
YLR346C,1.88876245260794
YLR347C,81.9410098325887
YLR348C,51.0732421647635
YLR350W,65.1628965444675
YLR351C,63.2060132772782
YLR352W,4.02205218702673
YLR353W,2.79075701480769
YLR354C,586.195889596062
YLR355C,2096.64967502361
YLR356W,25.1910193044178
YLR357W,22.2847640045244
YLR358C,0
YLR359W,204.830472402412
YLR360W,4.28291911945728
YLR361C,8.58409581946106
YLR361C-A,36.5225369639965
YLR362W,6.96722505802993
YLR363C,20.7762192973617
YLR363W-A,52.3276218914223
YLR364W,13.7060527313585
YLR367W,712.665755955083
YLR368W,7.63814409132537
YLR369W,10.2682182890203
YLR370C,110.88434380645501
YLR371W,5.91466615624875
YLR372W,217.610023268216
YLR373C,8.45374277862518
YLR375W,15.0424328242383
YLR376C,1.98688195824036
YLR377C,0.133316156889689
YLR378C,184.721997811025
YLR380W,58.8428634831885
YLR381W,1.89918150960112
YLR382C,4.03438225330171
YLR383W,3.71622156168203
YLR384C,44.7882506620828
YLR385C,16.4440910391853
YLR386W,15.4832662453001
YLR387C,46.0205619050892
YLR388W,1249.93349776203
YLR389C,18.2068616938315
YLR390W,28.1224068123773
YLR390W-A,542.29338202096
YLR392C,3.26040405993651
YLR393W,7.65765943916349
YLR394W,0.974918954794916
YLR395C,145.994603882427
YLR396C,6.63435596062364
YLR397C,19.6759507061225
YLR398C,24.7137485875562
YLR399C,57.0403964694341
YLR401C,28.3114077690749
YLR403W,15.0086427525779
YLR404W,7.45930729384238
YLR405W,12.0016310720545
YLR406C,1057.67829607424
YLR406C-A,0.105763506626047
YLR407W,20.5515496226974
YLR408C,7.91344929625565
YLR409C,23.226359586271
YLR410W,70.6480514892929
YLR411W,1.50942174010162
YLR412C-A,0.164058352797885
YLR412W,8.12389870850075
YLR413W,198.704551530941
YLR414C,50.7350944878331
YLR415C,21.4831437837354
YLR417W,5.0419787017478
YLR418C,46.2142635112557
YLR419W,8.60686659903354
YLR420W,61.119637651366
YLR421C,131.689449761882
YLR422W,2.9902342910833
YLR423C,3.90764045849412
YLR424W,3.75689100077732
YLR425W,2.40832373700506
YLR426W,8.95841592991873
YLR427W,8.5870212493817
YLR429W,82.5510834503792
YLR430W,8.65489925340844
YLR431C,1.84842182446162
YLR432W,349.311646379931
YLR433C,21.4206066617713
YLR435W,77.8273089329971
YLR436C,5.64471744183693
YLR437C,71.6478269118744
YLR438C-A,104.308507722589
YLR438W,285.801315842571
YLR439W,21.0836977265468
YLR440C,14.4230427577558
YLR441C,1924.62953014548
YLR442C,6.15147349849092
YLR443W,5.0967540061822
YLR445W,0.542942301116126
YLR446W,2.96545505902418
YLR447C,187.365072099187
YLR448W,1987.54679164975
YLR449W,184.816551800961
YLR450W,16.8711222816168
YLR451W,5.01650215844758
YLR452C,31.0976280676587
YLR453C,1.21469601456183
YLR454W,3.14868383609683
YLR455W,15.6590457507844
YLR456W,3.39913046370964
YLR457C,2.81391844044197
YLR459W,24.7758740501708
YLR460C,2.06939139577569
YLR461W,0.0508180751349545
YLR462W,0.0952838908780397
YLR464W,0.029850158746893
YLR466W,0.0844142001169287
YLR467W,0.291190000221622
YML001W,143.220264482344
YML002W,0.184302616588513
YML003W,1.49471425342594
YML004C,119.702272583937
YML005W,6.28254378740144
YML006C,4.9629035012699
YML007C-A,212.178329023912
YML007W,26.5443133659921
YML008C,323.478875847575
YML009C,71.4814863013675
YML010W,119.911359315277
YML011C,11.081139309548
YML012W,209.330291282846
YML013W,27.2872194786803
YML014W,40.6842519896662
YML015C,12.5433769094596
YML016C,12.2013576917392
YML017W,51.4904630071611
YML018C,20.6658793911301
YML019W,25.9745465489026
YML020W,4.62215528639329
YML021C,19.282460931642
YML022W,280.34028188319
YML023C,3.10469450882702
YML024W,2521.17569177175
YML025C,23.6119358135308
YML026C,2493.033754783
YML027W,25.6768340630017
YML028W,2327.13250560675
YML029W,11.335958686988
YML030W,23.8401379802937
YML031W,21.4558200600807
YML032C,13.5010044042749
YML034W,19.3413355007171
YML035C,46.2579725379655
YML036W,20.3435124052055
YML037C,3.6802734973903
YML038C,13.3249720266654
YML041C,12.8055839444003
YML042W,0.384342529418733
YML043C,2.3607276405786
YML046W,9.44423886787864
YML047C,0.0565155808462875
YML048W,103.382693646469
YML049C,6.64938467269103
YML050W,2.16196531245554
YML051W,3.49050793565329
YML052W,140.181341317878
YML053C,13.0297248330716
YML054C,0.262871337642688
YML054C-A,0
YML055W,34.0359279251474
YML056C,237.410642727579
YML057W,24.5280453734083
YML058W,769.816628511897
YML058W-A,13.8629308114212
YML059C,9.09680507148435
YML060W,13.5306360493026
YML061C,6.58294288862772
YML062C,17.7253943474393
YML063W,2738.94896619728
YML064C,16.1640320770023
YML065W,8.58938317941847
YML066C,2.52113873184649
YML067C,45.4762040543127
YML068W,1.50269259622362
YML069W,71.8491921264738
YML070W,110.848547941571
YML071C,12.8286441730314
YML072C,92.0226937852542
YML073C,2163.20588655352
YML074C,237.000767960254
YML075C,24.3252772478183
YML076C,3.41232265791686
YML077W,21.15169787638
YML078W,238.34870951468
YML079W,99.7100440530788
YML080W,17.9604716343152
YML081C-A,214.320194847792
YML081W,5.23761575858448
YML082W,10.7985228760731
YML083C,0.0159780757709596
YML085C,160.197497169676
YML086C,89.1648077891545
YML087C,0.71846244156315
YML088W,8.93670736100142
YML091C,3.31109783312295
YML092C,150.171223379426
YML093W,45.5542327254532
YML094W,87.284522446082
YML095C,6.46510541165428
YML096W,8.28287715707326
YML097C,14.5239000481925
YML098W,19.4741135476327
YML099C,3.53969618514365
YML100W,22.3058524769995
YML100W-A,0
YML101C,43.9050427194638
YML102W,14.2723996988377
YML103C,20.0294148539387
YML104C,2.08293381120042
YML105C,74.1587176304831
YML106W,239.864804889398
YML107C,6.55562830471927
YML108W,28.1991587337909
YML109W,6.96204095407629
YML110C,56.9701500392942
YML111W,10.6549769847904
YML112W,14.1049955878309
YML113W,28.3141161951543
YML114C,10.1012181499265
YML115C,41.0917104946233
YML116W,5.494780176585
YML117W,13.6226889303687
YML118W,0.639041353773741
YML119W,12.8804100696651
YML120C,14.9742222402067
YML121W,15.413951871291
YML123C,979.701494824953
YML124C,86.8167189585322
YML125C,109.290816110724
YML126C,354.612398873929
YML127W,33.5830101658715
YML128C,7.52644795611088
YML129C,73.0842102094699
YML130C,48.0208893086648
YML131W,15.5401229936707
YML132W,27.9443757389111
YML133C,0.00998821227484724
YMR001C,16.1390225960927
YMR001C-A,2.32337314735709
YMR002W,321.018173045076
YMR003W,10.3529991579286
YMR004W,19.0980297400731
YMR005W,33.2954670200517
YMR006C,51.5119012530332
YMR008C,25.9779411901927
YMR009W,26.4435793014853
YMR010W,16.3553857151731
YMR011W,314.872499337234
YMR012W,125.662061510021
YMR013C,7.18283608348075
YMR014W,18.9554266318571
YMR015C,109.060353434156
YMR016C,15.983922218643
YMR017W,0.419730274080003
YMR018W,0
YMR019W,3.14293217878143
YMR020W,5.06986171438495
YMR021C,9.49684750773365
YMR022W,77.3012855933577
YMR023C,85.594120065145
YMR024W,17.026970961406
YMR025W,2.89690203710489
YMR026C,7.28487498887287
YMR027W,58.7387334758519
YMR028W,14.6283459138476
YMR029C,12.1614967331922
YMR030W,3.94422462613658
YMR030W-A,9.8629163575533
YMR031C,46.219226528616
YMR032W,8.34631915585465
YMR033W,25.5739949305962
YMR034C,1.26368615831152
YMR035W,9.5749650344638
YMR036C,3.77276714348874
YMR037C,16.9227480916567
YMR038C,188.773527509784
YMR039C,43.1783513341586
YMR040W,1.37592335506905
YMR041C,5.37178363891007
YMR042W,11.081139309548
YMR043W,45.8241358791263
YMR044W,19.295709261073
YMR047C,40.8224041745058
YMR048W,10.5113710856067
YMR049C,82.540605574014
YMR052W,5.4134299977598
YMR053C,0.601021465538404
YMR054W,17.9016011220806
YMR055C,5.20885270133284
YMR056C,0.554473573120384
YMR058W,359.543851016617
YMR059W,10.4657132616641
YMR060C,11.498883363951
YMR061W,16.620270032124
YMR062C,28.7264622392514
YMR063W,4.23771067227078
YMR064W,4.29957666868122
YMR065W,0.266778627469031
YMR066W,2.30070316108433
YMR067C,25.2496927556134
YMR068W,2.32201867408813
YMR069W,2.02598469709299
YMR070W,16.7231586727002
YMR071C,73.5856795411521
YMR072W,204.701824022329
YMR073C,31.8433996687912
YMR074C,105.637680763525
YMR075W,6.71054858002346
YMR076C,11.8967457728973
YMR077C,6.98409983516717
YMR078C,7.22318685200224
YMR079W,285.393147798182
YMR080C,28.8517349086313
YMR081C,0.234985836150353
YMR083W,318.826115982857
YMR084W,0.124613700988824
YMR085W,0.046438508481422
YMR086W,21.2194081375798
YMR087W,6.95283664346423
YMR088C,14.8224264657743
YMR089C,19.0365515754057
YMR090W,4.30389470807802
YMR091C,54.2335748416263
YMR092C,80.5599234673682
YMR093W,32.7544721156184
YMR094W,1.69884414248322
YMR095C,0.432868645540125
YMR096W,4.60548931722521
YMR097C,7.00547696061097
YMR098C,5.61208308012106
YMR099C,147.64135945797
YMR100W,6.30516620182278
YMR101C,0.173789339432792
YMR102C,5.48644046284587
YMR104C,2.82344346328853
YMR105C,7.13882601298205
YMR105W-A,0.258290216595017
YMR106C,3.05485630806097
YMR107W,0.369235128195745
YMR108W,266.478093952222
YMR109W,22.7239185017412
YMR110C,22.9873062104992
YMR111C,4.52691376828926
YMR112C,24.5980132081
YMR113W,12.8362410671463
YMR114C,2.99712148499567
YMR115W,13.5638121855699
YMR116C,3132.13951113313
YMR117C,9.13250226880997
YMR118C,0.0653147674148318
YMR119W,6.9812718827437
YMR120C,245.40371313815
YMR121C,1092.44276292002
YMR122W-A,951.736728673993
YMR123W,132.625403395475
YMR124W,12.2957148170399
YMR125W,45.5957603723202
YMR126C,3.23374870305793
YMR127C,4.15141643865624
YMR128W,24.4224991885915
YMR129W,17.6236483911138
YMR130W,15.8009130061352
YMR131C,100.715453873907
YMR132C,7.66644195804477
YMR133W,0.343612472051941
YMR134W,15.3048549805259
YMR135C,8.02494621124069
YMR136W,9.14108485621184
YMR137C,1.65002515477538
YMR138W,5.35098832881704
YMR139W,15.4110193715296
YMR140W,10.2734919462016
YMR142C,3063.57826297309
YMR143W,2023.16623669639
YMR144W,11.4246211664921
YMR145C,62.8554965277597
YMR146C,269.370732730705
YMR147W,11.7362188820017
YMR148W,25.3905208599382
YMR149W,102.96089018009
YMR150C,13.6438335273621
YMR152W,39.63277269346
YMR153W,37.2494768092602
YMR154C,1.31680543413345
YMR155W,6.64121018573246
YMR156C,5.12703826099776
YMR157C,16.8472830928998
YMR158C-A,1.1262384219098
YMR158W,33.9030568055683
YMR159C,3.29199490724235
YMR160W,4.7626179222755
YMR161W,57.1675191209992
YMR162C,3.91131067728619
YMR163C,1.85738304176857
YMR164C,7.64742057527867
YMR165C,9.77746705849578
YMR166C,5.45259450884754
YMR167W,4.27846365285548
YMR168C,3.82464317878014
YMR169C,8.42452197103321
YMR170C,14.1516023645905
YMR171C,9.22886137436147
YMR172W,4.88079174732954
YMR173W,423.207620372768
YMR174C,5.8240715243249
YMR175W,0.871167002313506
YMR175W-A,1.80803151616512
YMR176W,2.05775829340536
YMR177W,7.96492919393679
YMR178W,33.8575425586634
YMR179W,4.81437848642983
YMR180C,3.09436794138584
YMR181C,5.9006534507286
YMR182C,1.79983782945029
YMR182W-A,0
YMR183C,129.179546993054
YMR184W,34.2943097106386
YMR185W,4.51097434074665
YMR186W,2446.52954462343
YMR187C,3.02524579824245
YMR188C,23.2173828684901
YMR189W,39.3506346840538
YMR190C,2.13526186800253
YMR191W,10.5513799801165
YMR192W,15.1504548254151
YMR193W,18.3826986110144
YMR194C-B,4.49239340784096
YMR194W,3146.08750185987
YMR195W,39.3020626095925
YMR196W,4.26893299240193
YMR197C,44.0486145699016
YMR198W,5.58416304880878
YMR199W,15.7746771381596
YMR200W,66.403320256111
YMR201C,6.75404116389503
YMR202W,260.006139030217
YMR203W,204.138851532004
YMR204C,3.13326406767197
YMR205C,509.168465833463
YMR206W,0.0210671494492734
YMR207C,1.22370304932387
YMR208W,49.6937390418671
YMR209C,10.1464491747286
YMR210W,6.4131901548264
YMR211W,5.07112710448404
YMR212C,13.1830061689826
YMR213W,6.94895294441545
YMR214W,56.5784610099048
YMR215W,89.3661855565291
YMR216C,19.1052295038341
YMR217W,427.581095099194
YMR218C,4.92947442772142
YMR219W,13.4368493250943
YMR220W,38.8195038097905
YMR221C,30.9729986491545
YMR222C,47.6983118019129
YMR223W,10.7666237654344
YMR224C,3.09689078762216
YMR225C,65.9586115319937
YMR226C,224.635598283096
YMR227C,13.932249972576
YMR228W,10.5827575851869
YMR229C,94.6565006454923
YMR230W,1669.8011969248
YMR230W-A,1030.64654975186
YMR231W,6.53555761314824
YMR232W,0.180219795529055
YMR233W,10.3032251235155
YMR234W,6.66580784448443
YMR235C,127.897620065456
YMR236W,96.6987012040138
YMR237W,39.1765735124547
YMR238W,43.4851410909022
YMR239C,12.4328869672278
YMR240C,9.37440059061668
YMR241W,143.117428656782
YMR242C,3007.47743354199
YMR242W-A,0
YMR243C,116.184670864322
YMR244C-A,36.7785290182506
YMR244W,0.186864670899833
YMR246W,187.82165115744
YMR247C,12.4590125423772
YMR247W-A,0
YMR250W,10.5273654595358
YMR251W,0.0362986250963961
YMR251W-A,619.555167118884
YMR252C,3.91816353640081
YMR253C,9.77264624460588
YMR255W,27.4525201001841
YMR256C,106.26059510719
YMR257C,0.841920681521552
YMR258C,6.65660286700463
YMR259C,11.8582976114798
YMR260C,571.807177877551
YMR261C,35.021912496259
YMR262W,7.09962936440512
YMR263W,25.972472274946
YMR264W,43.0935734865958
YMR265C,4.95804262708862
YMR266W,43.1104632647952
YMR267W,14.2020963448585
YMR268C,5.21639083838252
YMR269W,20.5303535461025
YMR270C,4.91315363968512
YMR271C,0.883581032784229
YMR272C,51.0138219634693
YMR272W-B,0
YMR273C,8.92307217673761
YMR274C,7.517499979009
YMR275C,10.368730293318
YMR276W,292.925557387186
YMR277W,15.6868564878964
YMR278W,21.4008812447245
YMR279C,0.224573290117344
YMR280C,0.421594884081204
YMR281W,12.9517418519627
YMR282C,4.05068321801972
YMR283C,4.2483782888152
YMR284W,20.2404340959119
YMR285C,17.6088612950387
YMR286W,43.2943601149742
YMR287C,2.90300617240328
YMR288W,10.4212213342899
YMR289W,12.8176887292183
YMR290C,111.552656318129
YMR291W,16.1797106032551
YMR292W,56.0400704419257
YMR293C,2.51412030522029
YMR294W,5.24004343607136
YMR295C,221.648465337838
YMR296C,70.6518628584495
YMR297W,168.430119183316
YMR298W,144.472738524168
YMR299C,5.07149958750459
YMR300C,84.8449576718366
YMR301C,13.9852781018804
YMR302C,11.8441296808768
YMR303C,2615.79631433258
YMR304W,10.9525180864389
YMR305C,298.45827162641
YMR306W,0.0578226016799205
YMR307W,904.428145010115
YMR308C,61.9534690301426
YMR309C,129.027011000835
YMR310C,24.4779651419277
YMR311C,63.0999144063766
YMR312W,17.1190832163482
YMR313C,10.0381128981151
YMR314W,135.513290224569
YMR315W,94.4146099483155
YMR315W-A,0.268844010391372
YMR316C-A,0.0580373560037085
YMR316W,4.33250508239404
YMR317W,0.402297557336369
YMR318C,220.228448370688
YMR319C,20.6522155168906
YMR321C,94.8724733108512
YMR322C,0.0547579784634201
YMR323W,0.336795766140551
YMR325W,0.0987460227740822
YNL001W,32.1327568959704
YNL002C,93.4107246242955
YNL003C,9.74783077588673
YNL004W,33.7321169270449
YNL005C,19.3305316070099
YNL006W,21.378565414438
YNL007C,481.004108582753
YNL008C,7.31946577858127
YNL009W,0.970198518416192
YNL010W,239.917194797224
YNL011C,6.03050963974858
YNL012W,0.278806320606595
YNL014W,7.11756491055788
YNL015W,65.9156632750482
YNL016W,389.78040696787
YNL018C,0.0552370381901679
YNL019C,0.970163252576404
YNL020C,6.11058891235787
YNL021W,16.3377298750292
YNL022C,15.1879178765178
YNL023C,9.00627434811097
YNL024C,2.221033639147
YNL024C-A,65.5610482859486
YNL025C,5.0094952377882
YNL026W,15.4947762114215
YNL027W,16.8262938509466
YNL029C,2.95254274407232
YNL030W,1554.64665527134
YNL031C,1659.82707127362
YNL032W,15.7023868667279
YNL033W,1.01636150269909
YNL034W,0.0773318534662351
YNL035C,77.3837771898913
YNL036W,32.2028368968796
YNL037C,130.709935574331
YNL038W,9.86642926873899
YNL039W,15.4445894506768
YNL040W,12.6805074224266
YNL041C,12.9298049913879
YNL042W,2.84425236357108
YNL042W-B,973.935907710193
YNL044W,92.9663053061411
YNL045W,39.3883190212275
YNL046W,11.1907506798953
YNL047C,5.80252768711408
YNL048W,17.5145365919668
YNL049C,15.2103167006806
YNL050C,24.542175750931
YNL051W,7.97670215104822
YNL052W,133.240200729575
YNL053W,7.08706128909095
YNL054W,10.2795863183426
YNL055C,904.150218395535
YNL056W,19.1126701303195
YNL058C,39.2281932897972
YNL059C,17.9553540201452
YNL061W,54.6929533639948
YNL062C,40.0702577078273
YNL063W,5.48189739938657
YNL064C,800.572515258569
YNL065W,6.3727777518519
YNL066W,196.85486987602
YNL067W,1421.49004955025
YNL067W-B,574.08206367881
YNL068C,10.0778257878594
YNL069C,2947.98415709781
YNL070W,149.471425342594
YNL071W,284.968810486554
YNL072W,18.5608963404857
YNL073W,5.39048873478764
YNL074C,32.3348978500946
YNL075W,50.7976374308241
YNL076W,7.55023488117723
YNL077W,8.82380922722723
YNL078W,21.474734976384
YNL079C,573.054304916339
YNL080C,9.38319458741838
YNL081C,39.4959353053045
YNL082W,5.26935267650755
YNL083W,3.93043976680206
YNL084C,61.3856405859899
YNL085W,57.3876118087
YNL086W,8.54485948757971
YNL087W,32.7646136436516
YNL088W,21.8593938467563
YNL090W,27.425524766123
YNL091W,13.0318033631224
YNL092W,1.61682787849371
YNL093W,0.381493437280715
YNL094W,4.21080085850429
YNL095C,7.644571272199
YNL096C,1457.57140783812
YNL097C,11.6197483337425
YNL097C-B,10.2951441626343
YNL098C,103.91045920336
YNL099C,32.2076180119062
YNL100W,23.6614904624375
YNL101W,6.99590084144291
YNL102W,18.2625603466577
YNL103W,12.0615446869198
YNL104C,195.0246894993
YNL106C,3.34038122663967
YNL107W,18.0592640359397
YNL108C,49.2539420549286
YNL110C,105.145460444369
YNL111C,146.152784088129
YNL112W,201.935616572998
YNL113W,159.679787012287
YNL115C,14.2021392522718
YNL116W,20.22943041681
YNL117W,0.109531949327092
YNL118C,23.3764862447653
YNL119W,9.62053631691558
YNL121C,116.244275119066
YNL122C,20.6244193035052
YNL123W,37.6558427445252
YNL124W,24.9314941877687
YNL125C,6.89814229176026
YNL126W,4.7419076369166
YNL127W,5.70126744621648
YNL128W,1.35615099916358
YNL129W,18.5353979242233
YNL130C,57.1998991514955
YNL130C-A,0.322197074309248
YNL131W,258.548506811612
YNL132W,49.1231391485547
YNL133C,9.1543984206201
YNL134C,91.2477795795453
YNL135C,887.631021553657
YNL136W,7.20197596139
YNL137C,21.9960039801641
YNL138W,188.632137506007
YNL138W-A,27.9399443258378
YNL139C,13.8285839532183
YNL140C,16.8169118007375
YNL141W,83.9909594150754
YNL142W,1.72393832132024
YNL143C,2.17824749328464
YNL144C,0.431393968216111
YNL145W,639.291385197728
YNL146C-A,1.11925760524507
YNL146W,2.44071955148167
YNL147W,102.700113513874
YNL148C,24.8126136068416
YNL149C,130.066363105135
YNL151C,37.9604059877955
YNL152W,9.57743629031284
YNL153C,85.4394877875372
YNL154C,60.4202226848915
YNL155W,33.5947105416237
YNL156C,21.8254778446554
YNL157W,44.7923723269849
YNL158W,20.1883483579608
YNL159C,15.6095171464151
YNL160W,20.2733043987127
YNL161W,21.6174128502251
YNL162W,3587.4840621147
YNL162W-A,8.30283287731249
YNL163C,18.0922871933868
YNL164C,13.657300101772
YNL165W,5.11026242938332
YNL166C,53.732641208871
YNL167C,8.70671109494509
YNL168C,51.3956929176251
YNL169C,16.8699616520586
YNL172W,2.2275864215749
YNL173C,32.4691201487263
YNL175C,103.763324661976
YNL176C,6.54431953282879
YNL177C,25.3991548302453
YNL178W,3348.73757796804
YNL180C,20.0962830969926
YNL181W,27.7040474122816
YNL182C,24.1034723252346
YNL183C,11.9243983328033
YNL184C,41.1694347196253
YNL185C,35.9052976282714
YNL186W,26.4350348140189
YNL187W,0.780630913313039
YNL188W,4.06205562772583
YNL189W,148.458517802665
YNL190W,342.305027067649
YNL191W,11.5050127462088
YNL192W,19.3527864523525
YNL193W,9.14872736637809
YNL194C,0.262355644977939
YNL195C,2.25112481690255
YNL196C,0.0220714097514103
YNL197C,26.4618940970809
YNL199C,16.5598634306296
YNL200C,11.8983944954303
YNL201C,12.4186671111045
YNL202W,1.23752439988469
YNL204C,0.21932011374033
YNL206C,15.7406743115895
YNL207W,33.2580330968119
YNL208W,588.06095319344
YNL209W,2817.20343369746
YNL210W,0
YNL211C,5.88532707812931
YNL212W,25.3138067004673
YNL213C,3.70340394372219
YNL214W,11.8185405959144
YNL215W,31.5625530021356
YNL216W,55.5995118843176
YNL217W,38.5090277530443
YNL218W,6.22416192472902
YNL219C,31.5264670786209
YNL220W,223.397614446488
YNL221C,10.3203436699305
YNL222W,19.2446833336668
YNL223W,3.50883550115893
YNL224C,10.6171085260685
YNL225C,7.47192925143784
YNL227C,7.95637940093697
YNL229C,38.4668150929364
YNL230C,1.70264098409195
YNL231C,58.4260431739708
YNL232W,53.3035509695788
YNL233W,11.6406201968157
YNL234W,2.87114471187924
YNL236W,8.11823879965467
YNL237W,1.43088315271372
YNL238W,18.3354959454621
YNL239W,80.4347197591085
YNL240C,14.2414068603742
YNL241C,117.277401779018
YNL242W,3.32434030669398
YNL243W,76.8032458562129
YNL244C,482.222769868845
YNL245C,17.3924212855406
YNL246W,30.4860167602948
YNL247W,106.304020676286
YNL248C,113.251317883187
YNL249C,2.88413801123918
YNL250W,3.07879000610641
YNL251C,47.3404010016345
YNL252C,19.9721295065662
YNL253W,9.72108072528377
YNL254C,4.57281561968565
YNL255C,683.270485584658
YNL256W,14.1518868792754
YNL257C,4.15370111050892
YNL258C,13.4817364034497
YNL259C,50.8879736026122
YNL260C,19.0236359526938
YNL261W,9.52796190156376
YNL262W,6.46840850641987
YNL263C,72.8189206271006
YNL264C,25.7601442684097
YNL265C,19.8863401860207
YNL267W,9.7569765501567
YNL268W,84.0608687669157
YNL269W,0.047032530034608
YNL270C,2.93274013031515
YNL271C,8.52245522363951
YNL272C,10.4579973444895
YNL273W,5.19778181355104
YNL274C,10.7397072060208
YNL275W,4.94518749147909
YNL277W,4.91870440762464
YNL277W-A,0.794570751050771
YNL278W,5.52815698457243
YNL279W,1.96773186159548
YNL280C,59.6344895777225
YNL281W,238.235934945046
YNL282W,40.8833415172328
YNL283C,17.3338857052692
YNL284C,22.2093995100136
YNL286W,7.85069070123535
YNL287W,96.1421022589965
YNL288W,36.0386660807357
YNL289W,44.9124075082227
YNL290W,38.7499696286069
YNL291C,8.92946177371343
YNL292W,34.0251029513592
YNL293W,6.5852298902432604
YNL294C,2.62811731201269
YNL295W,4.90698330927039
YNL297C,9.99326480336384
YNL298W,10.3206460355601
YNL299W,6.17892243518429
YNL300W,295.61702240935
YNL301C,1760.5922130505
YNL302C,3404.99026791691
YNL304W,7.23874380016124
YNL305C,31.994865689377
YNL306W,39.9469217152144
YNL307C,75.6990372152847
YNL308C,71.9924589483171
YNL309W,17.5271929064696
YNL310C,35.259925978253
YNL311C,3.79473493077005
YNL312W,78.4744528951087
YNL313C,27.1041386761606
YNL314W,5.70097743507839
YNL315C,22.0805548773631
YNL316C,8.99170770496239
YNL317W,10.1509544684798
YNL318C,0.024952587790816
YNL320W,16.1462884178787
YNL321W,16.1410590557524
YNL322C,146.332420074653
YNL323W,41.9288452738866
YNL325C,3.2102196030544
YNL326C,7.70004312370941
YNL327W,158.580261881107
YNL328C,4.39763793637117
YNL329C,2.8797988183165
YNL330C,27.924701805811
YNL331C,0.424490542723219
YNL332W,0.603642742958198
YNL333W,4.25978208202219
YNL334C,1.19308916622707
YNL335W,0.172430985975156
YNL336W,24.2235664601799
YNL339C,0.396194945116484
YNR001C,66.0091595856866
YNR002C,0.37206090723806
YNR003C,39.7558787594234
YNR004W,9.17953549825049
YNR006W,19.5739767482236
YNR007C,9.20584987623313
YNR008W,23.5205449081335
YNR009W,19.3714421665628
YNR010W,16.8947093652888
YNR011C,7.282279504776
YNR012W,13.751639456191
YNR013C,34.5858667650723
YNR014W,9.32430192017015
YNR015W,22.482136284954
YNR016C,154.847019584206
YNR017W,97.1349179723408
YNR018W,125.733912574555
YNR019W,37.3265962808062
YNR020C,11.0476131711989
YNR021W,123.411010911135
YNR022C,29.0000364528166
YNR023W,8.99927640619289
YNR024W,19.601735165542
YNR026C,22.515915572952
YNR027W,8.6172428305766
YNR028W,25.3704283522823
YNR029C,18.2796835262929
YNR030W,36.8871189536547
YNR031C,6.21972050152882
YNR032C-A,41.3610013756392
YNR032W,10.9593538638095
YNR033W,14.2244239674722
YNR034W,15.1174994490805
YNR034W-A,2.66499440533308
YNR035C,95.5408149753763
YNR036C,98.3644246860731
YNR037C,48.0569072754546
YNR038W,29.1502133621311
YNR039C,9.65243696289881
YNR040W,11.4620230591676
YNR041C,21.4250922432181
YNR043W,177.622718610232
YNR044W,47.9167627374744
YNR045W,9.50435351172662
YNR046W,163.386254403126
YNR047W,11.1468302586236
YNR048W,6.61172515384803
YNR049C,17.648818564516
YNR050C,107.164263500908
YNR051C,33.5979163581895
YNR052C,46.3197902188204
YNR053C,65.2971826697586
YNR054C,46.7439727386141
YNR055C,18.300128517072
YNR056C,0.264500310281183
YNR057C,2.40935105239048
YNR058W,0.377554423989226
YNR059W,1.3269479507306
YNR060W,1.32168441900607
YNR061C,55.9049141410376
YNR062C,0.383969743260228
YNR063W,2.50559456504519
YNR064C,0.860593055002816
YNR065C,0.889091985512962
YNR066C,1.10467568334599
YNR067C,80.4868059866049
YNR068C,0.0240593658260177
YNR069C,0.178549993717408
YNR070W,0.0566039809480476
YNR071C,0.290456470334545
YNR072W,0.0119606261798687
YNR073C,1.03105824679339
YNR074C,15.0634388930436
YNR075C-A,0
YNR075W,5.08440912143751
YNR076W,0.0508180751349545
YNR077C,0.206974279523159
YOL001W,3.4090230811737
YOL002C,22.7919828489888
YOL003C,12.7405721478546
YOL004W,50.1874858814551
YOL005C,131.618814599532
YOL006C,27.0851500668372
YOL007C,37.4183006727619
YOL008W,15.5877440004118
YOL009C,4.58717039746576
YOL010W,29.9226186457104
YOL011W,3.71637308482191
YOL012C,119.480939839422
YOL013C,8.50300088649752
YOL013W-A,1227.89439829746
YOL014W,2.12303948964277
YOL015W,0.0115240104011788
YOL016C,20.0415382153367
YOL017W,5.20885270133284
YOL018C,14.0189911542721
YOL019W,22.2423821750396
YOL019W-A,1297.1084996859
YOL020W,23.0262097509084
YOL021C,33.3653204805978
YOL022C,46.0047178927763
YOL023W,2.04543975182271
YOL024W,0.441740158416919
YOL025W,72.6160253437041
YOL026C,69.1478543693644
YOL027C,34.1210769378434
YOL028C,17.8096314017546
YOL029C,0.989123637006541
YOL030W,132.18417414381
YOL031C,19.6452692894137
YOL032W,23.453057594326
YOL033W,3.41811323223771
YOL034W,2.27818850499868
YOL036W,11.5563744458203
YOL038C-A,2.47693694888554
YOL038W,160.525036943538
YOL039W,3566.76188723766
YOL040C,5371.20257250295
YOL041C,69.733652422048
YOL042W,7.09757628838328
YOL043C,1.64582236613542
YOL044W,5.94304461670002
YOL045W,7.02177578587069
YOL047C,0.2981811922051
YOL048C,4.5311209372189
YOL049W,48.2785060617297
YOL051W,23.1258507420243
YOL052C,38.2375228996065
YOL052C-A,50.3447909158865
YOL053W,5.06123339400761
YOL054W,53.6331079405375
YOL055C,5.01615879635106
YOL056W,19.6404706652967
YOL057W,31.6110309607226
YOL058W,9.95646348407437
YOL059W,97.8655974688374
YOL060C,16.2608464403232
YOL061W,102.415933477441
YOL062C,10.5750312229292
YOL063C,4.201320425998
YOL064C,52.5438950460943
YOL065C,11.4577425476905
YOL066C,11.8634977597005
YOL067C,25.0311820002087
YOL068C,10.2372833078151
YOL069W,8.3460448129695
YOL070C,42.8514501688527
YOL071W,19.7081217878787
YOL072W,6.16963754588963
YOL073C,12.3248837539411
YOL075C,2.485200322406
YOL076W,22.8864766762417
YOL077C,118.849878537453
YOL077W-A,75.7949589926227
YOL078W,4.68767627118271
YOL080C,19.4948554754354
YOL081W,2.69893390748504
YOL082W,6.93441085490178
YOL083W,1.37714612632439
YOL084W,0.17230739997793
YOL086C,11651.6797508366
YOL086W-A,17.7100991845316
YOL087C,5.0831534895879
YOL088C,43.0661555919505
YOL089C,5.77286859892939
YOL090W,23.7603002215794
YOL091W,0.810327644533398
YOL092W,93.1389924501157
YOL093W,31.3540412334265
YOL094C,33.3489254401329
YOL095C,3.08494781757904
YOL096C,11.8123677892294
YOL097C,173.060841607433
YOL097W-A,0
YOL098C,32.3439926674346
YOL100W,2.85355914764787
YOL101C,6.97331193281881
YOL102C,21.0325025291656
YOL103W,11.6775983842347
YOL104C,0.113031161692575
YOL105C,1.73426294829009
YOL107W,13.2448150472552
YOL108C,12.9237538196091
YOL109W,2732.00976593197
YOL110W,7.03640023254948
YOL111C,123.645710478869
YOL112W,2.9355264240801
YOL113W,1.11673665854878
YOL114C,2.00096170843883
YOL115W,15.7826502493215
YOL116W,8.79756058251867
YOL117W,3.00197858454648
YOL119C,17.3471900652244
YOL120C,3414.84843970471
YOL121C,2413.7088559089
YOL122C,18.5229736624298
YOL123W,177.819889191505
YOL124C,27.9555919626759
YOL125W,10.5868697664437
YOL126C,16.1955183059222
YOL127W,3994.70853133645
YOL128C,4.09615310300557
YOL129W,79.2230155039924
YOL130W,19.9391788216989
YOL131W,0
YOL132W,0.0712078291364708
YOL133W,72.8482644137977
YOL135C,22.0866994430817
YOL136C,8.00845362944645
YOL137W,16.6439913701252
YOL138C,2.49124602558222
YOL139C,604.015232838444
YOL140W,2.84334643287312
YOL141W,8.14874380442701
YOL142W,38.7213933278301
YOL143C,132.980045624691
YOL144W,14.9537768629475
YOL145C,27.8017154848341
YOL146W,23.5717068446391
YOL147C,33.1497433129678
YOL148C,8.34759208419827
YOL149W,32.725335679437
YOL151W,21.1452310403549
YOL152W,3.20712606113477
YOL154W,1.64696471861465
YOL155C,26.4414142548173
YOL155W-A,0.572401395750861
YOL156W,0.297478737940196
YOL157C,0.573346472353642
YOL158C,33.3165803402167
YOL159C,12.0645540364796
YOL159C-A,6.83661917049935
YOL161C,0.101636150269909
YOL162W,0.0599580167059895
YOL163W,0.149625930379399
YOL164W,0.702199458730986
YOL164W-A,0
YOL165C,0.695963617714617
YOL166W-A,0
YOR001W,22.3084345127781
YOR002W,23.275705649951
YOR003W,1.33380325236286
YOR004W,45.5197275476081
YOR005C,1.60494836876598
YOR006C,22.2890441173312
YOR007C,384.095436142032
YOR008C,38.5736659504107
YOR008C-A,0.306403100078402
YOR009W,0.482620369415352
YOR010C,6.56458148661124
YOR011W,1.42283405546804
YOR011W-A,0.0820291763989423
YOR012W,5.92069157374925
YOR014W,28.9415615839674
YOR016C,37.0752317459994
YOR017W,3.72486119703475
YOR018W,6.03665553204055
YOR019W,0.297648725790448
YOR020C,682.529557767036
YOR020W-A,26.8907020706308
YOR021C,124.075022546117
YOR022C,3.75891693800055
YOR023C,12.0030083987235
YOR025W,14.4394939010348
YOR026W,5.82537114780932
YOR027W,683.887672223424
YOR028C,8.13360956571758
YOR030W,2.20700208845146
YOR032C,0.477735011068988
YOR032W-A,0.0840137532473038
YOR033C,3.44035540199349
YOR034C,6.6034736901529
YOR034C-A,5.96323826497414
YOR035C,9.82721072324275
YOR036W,12.6972908299448
YOR037W,5.19070338878464
YOR038C,7.34496911754297
YOR039W,48.0175304846168
YOR040W,5.70959323726207
YOR042W,69.7328558052165
YOR043W,20.1031317783535
YOR044W,6.15864350100005
YOR045W,154.432422578572
YOR046C,148.647285778945
YOR047C,13.1012821923538
YOR048C,24.9101326055917
YOR049C,0.524632646177408
YOR051C,57.4026908890272
YOR052C,76.6326409420087
YOR054C,10.196479998362
YOR056C,39.8603163970249
YOR057W,18.9627544495485
YOR058C,7.27121175609345
YOR059C,4.01825779817105
YOR060C,4.23814080936703
YOR061W,56.5114141243007
YOR062C,4.19635908491451
YOR063W,4089.50423594551
YOR064C,6.01191485754964
YOR065W,35.998130439508
YOR066W,12.3162340589078
YOR067C,23.8068843283825
YOR068C,0
YOR069W,25.4945098962584
YOR070C,7.89429384414135
YOR071C,8.3160858745791
YOR072W-B,1381.91609848566
YOR073W,3.97246568651098
YOR074C,46.7822113716379
YOR075W,13.0604321408419
YOR076C,7.54840286705588
YOR077W,18.8524159431617
YOR078W,44.9225909271017
YOR079C,16.2217050759405
YOR080W,1.96665498251569
YOR081C,8.37226128572957
YOR083W,13.036059166972
YOR084W,0.79143591828674
YOR085W,75.1211265944946
YOR086C,36.7795818789233
YOR087W,133.406876125124
YOR089C,66.0911486869113
YOR090C,15.1251396672904
YOR091W,73.5864462728384
YOR092W,8.74668119037996
YOR093C,2.50325320048034
YOR094W,30.4009166007673
YOR095C,91.5089219714735
YOR096W,2757.39859257911
YOR097C,10.2184101688755
YOR098C,34.6663607481016
YOR099W,119.875662981691
YOR100C,0.323342941692824
YOR101W,29.4297511886973
YOR103C,82.3945790938103
YOR104W,13.4407002739749
YOR105W,13.6488653671288
YOR106W,12.0284518442347
YOR107W,0.554473573120384
YOR108W,67.1835695355582
YOR109W,18.5176181467733
YOR110W,12.3321029268456
YOR111W,12.2889822444314
YOR112W,15.9681588169449
YOR113W,8.73117143346621
YOR114W,3.53218337686948
YOR115C,18.1760902224495
YOR116C,26.4934241684947
YOR117W,132.902797918031
YOR118W,8.87676554013546
YOR119C,17.6587736053174
YOR120W,1.60597486937645
YOR122C,643.9018194442
YOR123C,48.3462444900407
YOR124C,23.6055611296822
YOR125C,19.1385348919465
YOR126C,15.0811285017647
YOR127W,6.51997062322482
YOR128C,68.5689469611642
YOR129C,1.62621564731974
YOR130C,8.82017390463271
YOR131C,33.2360317249817
YOR132W,19.7465373105137
YOR133W,2659.96048521199
YOR134W,0.0652636203769189
YOR136W,165.836904154102
YOR137C,0.60896816550029
YOR138C,15.755327608491
YOR140W,9.94740013320973
YOR141C,21.5858879119474
YOR142W,123.746668418549
YOR143C,11.0073868405524
YOR144C,3.4740016365472
YOR145C,116.434583548601
YOR147W,4.69775441957366
YOR148C,7.7487064978505
YOR149C,4.79814216292987
YOR150W,31.0405099752896
YOR151C,45.9532206611943
YOR152C,6.1385501272431
YOR153W,106.45926572735
YOR154W,5.60289622429396
YOR155C,15.3140269419185
YOR156C,4.55423925592296
YOR157C,188.26907218695
YOR158W,17.9715794396583
YOR159C,63.322076814998
YOR160W,13.206531461235
YOR161C,13.8986063680435
YOR161C-C,0.107399024769749
YOR162C,1.94071770001272
YOR163W,61.8954223272384
YOR164C,86.1943617392967
YOR165W,33.2595540021185
YOR166C,4.68211478771491
YOR167C,2422.46929694018
YOR168W,184.069961507092
YOR171C,23.4804889720852
YOR172W,2.44002734514262
YOR173W,1.29634206092684
YOR174W,10.8796879038925
YOR175C,40.8841674009176
YOR176W,67.7786593976523
YOR177C,0.332326247241762
YOR178C,0.0943555038528797
YOR179C,18.0528315121112
YOR180C,0.169001014643476
YOR181W,36.4111899450788
YOR182C,3513.33845550485
YOR183W,85.8685923578987
YOR184W,218.932085846789
YOR185C,45.4564103344482
YOR186W,0.0432269933720567
YOR187W,122.272172007481
YOR188W,9.71034892487705
YOR189W,38.0586524006932
YOR190W,0.165479797009852
YOR191W,5.95722057466474
YOR192C,1.01526094882502
YOR192C-C,18.1209382708339
YOR193W,7.87076214632636
YOR194C,46.8567278243245
YOR195W,16.5323554101992
YOR196C,17.4165972676144
YOR197W,120.910396582796
YOR198C,342.000424623127
YOR201C,10.0936710200011
YOR202W,180.505087131821
YOR204W,502.645893327328
YOR205C,2.76511854692407
YOR206W,61.6460549056822
YOR207C,22.0329851753261
YOR208W,2.23754194300732
YOR209C,94.0943982367918
YOR210W,270.700068078497
YOR211C,12.6497945290445
YOR212W,52.6492981153672
YOR213C,7.63615181908239
YOR214C,0.137436746737014
YOR215C,37.1937911896824
YOR216C,23.0548953118913
YOR217W,23.7870280595617
YOR219C,7.54120215219344
YOR220W,37.0105936317187
YOR221C,21.1857407215272
YOR222W,14.5053941342986
YOR223W,15.2778012276674
YOR224C,208.524890109095
YOR226C,129.87942372667
YOR227W,3.32222495417638
YOR228C,5.07808652473034
YOR229W,9.79307385888075
YOR230W,249.244175842468
YOR231W,8.41888263798649
YOR232W,140.993849414279
YOR233W,7.3901926489114
YOR234C,1371.03742315513
YOR236W,23.611431864314
YOR237W,0.662664692773112
YOR238W,10.5589256010334
YOR239W,97.8100799904877
YOR241W,23.5536078466408
YOR242C,0.143321828411566
YOR243C,54.5250067177054
YOR244W,8.51468773705238
YOR245C,11.0088942061912
YOR246C,24.3013012566028
YOR247W,321.355571362228
YOR249C,3.51381037334567
YOR250C,12.8923805488585
YOR251C,45.8725572616339
YOR252W,70.7833134208517
YOR253W,66.1830696169348
YOR254C,87.7151379857598
YOR255W,0
YOR256C,9.42093665804243
YOR257W,37.2535581566243
YOR258W,8.73838912520316
YOR259C,134.932631034673
YOR260W,49.1570874885872
YOR261C,100.417280648251
YOR262W,18.3145361707725
YOR264W,31.5485436746398
YOR265W,94.1556743730055
YOR266W,4.29661238745271
YOR267C,17.1643672169403
YOR268C,0.0467161677249582
YOR269W,3.4136345379492
YOR270C,137.092138800838
YOR271C,155.063149475565
YOR272W,62.2585387211055
YOR273C,11.6152018796371
YOR274W,8.5746930525689
YOR275C,5.27803077459205
YOR276W,390.634634479693
YOR278W,12.0726323180606
YOR279C,6.18684137178716
YOR280C,21.7690730819853
YOR281C,51.5148648215516
YOR283W,53.0739856324994
YOR284W,6.15166172686291
YOR285W,203.714102220863
YOR286W,80.1974665404404
YOR287C,23.2040680337269
YOR288C,17.5772838168483
YOR289W,3.7363625852649
YOR290C,13.8323865106144
YOR291W,5.93897849422006
YOR292C,5.13954350469279
YOR293C-A,0.105763506626047
YOR293W,2505.50096182905
YOR294W,141.231836217625
YOR295W,6.55719331884406
YOR296W,3.07983223290448
YOR297C,17.1076695749845
YOR298C-A,1102.37134743993
YOR298W,0.0700585433938512
YOR299W,10.9185566239477
YOR301W,17.5601764868549
YOR302W,57.0056839633866
YOR303W,21.6311513583019
YOR304C-A,18.5120376579743
YOR304W,9.90445774646396
YOR305W,4.64500782129165
YOR306C,10.5404186095167
YOR307C,11.1496804451525
YOR308C,9.537578993716
YOR310C,285.220058213222
YOR311C,31.5928239928665
YOR312C,2750.31103798361
YOR313C,0.998689803639002
YOR315W,32.9000328709184
YOR316C,23.7313347651067
YOR316C-A,10.4582412213531
YOR317W,95.7847443720442
YOR319W,6.68305629604968
YOR320C,17.3195207350949
YOR321W,21.6204609309545
YOR322C,7.86320415776283
YOR323C,205.121533739369
YOR324C,5.22007867698226
YOR326W,33.0825456144165
YOR327C,144.476430875449
YOR328W,0.237265327601833
YOR329C,11.0585544972032
YOR330C,6.29653547947054
YOR332W,706.76272674373
YOR334W,2.58302010668834
YOR335C,245.7922914908
YOR336W,8.95244068619906
YOR337W,5.05887714009979
YOR338W,0.640245283745915
YOR339C,0.522896410172408
YOR340C,92.239255423213
YOR341W,68.7626409759448
YOR342C,19.3249987012706
YOR344C,31.399844453105
YOR346W,5.92127814567486
YOR347C,12.9955559742437
YOR348C,0.140269466840656
YOR349W,2.66844200482251
YOR350C,3.3414317475936
YOR351C,0.270414157110076
YOR352W,12.7252416318011
YOR353C,6.57824567316487
YOR354C,10.4471062645735
YOR355W,32.1169605916339
YOR356W,21.8648495275711
YOR357C,37.9391062425436
YOR358W,9.18261661781356
YOR359W,16.575669621536
YOR360C,11.6335309717728
YOR361C,191.892441029691
YOR362C,142.861618727584
YOR363C,1.98203875007925
YOR365C,0.0579029480463122
YOR367W,35.868961063332
YOR368W,3.74139459792462
YOR369C,3792.74073018802
YOR370C,27.5377107846687
YOR371C,4.88009257096779
YOR372C,16.4297923990638
YOR373W,10.941992535877
YOR374W,62.7007135373879
YOR375C,333.49937649525
YOR376W-A,0
YOR377W,13.3987718717362
YOR378W,1.98556892941089
YOR380W,1.77742840993348
YOR381W,0.0858995406541375
YOR381W-A,0.38763554986663
YOR382W,30.9870451466323
YOR383C,33.4562563233644
YOR384W,0.14659060135083
YOR385W,6.31856479857331
YOR386W,3.67753955761722
YOR387C,0
YOR388C,0.159183953521207
YOR389W,2.35238509092451
YOR390W,10.3733747413777
YOR391C,0.0547579784634201
YOR393W,0.199015679992144
YOR394C-A,0
YOR394W,0.0768834347060197
YOR396W,0.306515789706971
YPL001W,13.9376809482763
YPL002C,7.73330334296677
YPL003W,5.12179666732727
YPL004C,272.860384563389
YPL005W,1.63961744560156
YPL006W,12.2378775263898
YPL007C,6.27129784989576
YPL008W,2.07325394264976
YPL009C,30.2785141854973
YPL010W,133.893685321133
YPL011C,10.8967883382256
YPL012W,48.6903574417036
YPL013C,36.5250300800482
YPL014W,5.37913372006878
YPL015C,13.1963797250538
YPL016W,12.5054219162259
YPL017C,0.538730725412575
YPL018W,14.8747185178943
YPL019C,211.306131032386
YPL020C,4.90116825007794
YPL021W,0.03410050868303
YPL022W,3.97427686704678
YPL023C,20.567364946381
YPL024W,6.38808843578723
YPL026C,6.97638112440722
YPL027W,0
YPL028W,351.974403596494
YPL029W,3.45567406103461
YPL030W,21.5017631783174
YPL031C,37.2446462582348
YPL032C,27.7337884026608
YPL033C,0.0233319269936521
YPL034W,3.02017881398381
YPL036W,117.848715838387
YPL037C,1679.19014262007
YPL038W,17.1058364098848
YPL038W-A,10.4612941281998
YPL039W,7.05648181583366
YPL040C,3.24530613329114
YPL041C,5.09241039057279
YPL042C,3.62038041981851
YPL043W,56.2308640309204
YPL045W,6.47057152260495
YPL046C,18.0133234628225
YPL047W,15.4914581780273
YPL048W,366.284913045694
YPL049C,45.9090346194285
YPL050C,54.8468992130625
YPL051W,11.1294740947733
YPL052W,3.37506654514007
YPL053C,48.3057290861356
YPL054W,0.546574260370707
YPL055C,22.6679708379226
YPL056C,0.295119133219991
YPL057C,19.9643652031018
YPL058C,31.7009206950852
YPL059W,88.8838624955435
YPL060W,2.61856986071658
YPL061W,1802.51843647103
YPL063W,89.8544712267808
YPL064C,7.56458776353058
YPL065W,10.5519541836279
YPL066W,3.51693887837133
YPL067C,20.803057682962798
YPL068C,10.6980526955253
YPL069C,8.51190716312589
YPL070W,7.89889646119401
YPL071C,6.67698492989383
YPL072W,1.9663671477559
YPL074W,6.70482077818621
YPL075W,4.92079556649821
YPL076W,5.29078971011785
YPL077C,6.92709761839588
YPL078C,99.5143981558984
YPL079W,2205.32995350467
YPL081W,698.880136857144
YPL082C,9.94392195044746
YPL083C,6.92120469205355
YPL084W,21.8360269710405
YPL085W,46.5758572817897
YPL086C,39.9395817819803
YPL087W,19.6906080138296
YPL088W,1.58782870449551
YPL089C,5.08351938320644
YPL090C,4193.57996583716
YPL091W,96.5601059804115
YPL092W,22.869204416245
YPL093W,80.7359087710353
YPL094C,79.8053579011545
YPL095C,2.98278448059398
YPL096C-A,16.3238061033895
YPL096W,12.3475876150998
YPL097W,6.02124257218291
YPL098C,111.086483316857
YPL099C,16.150939248428
YPL100W,10.9054003239868
YPL101W,23.3186156192249
YPL103C,7.00723238226068
YPL104W,4.32355362561224
YPL105C,24.3012935422983
YPL106C,982.542777845776
YPL107W,11.0474911197034
YPL108W,15.5701445368361
YPL109C,1.83508318819841
YPL110C,8.1907422956156
YPL111W,179.514244860424
YPL112C,22.4589493096429
YPL113C,2.89474205049838
YPL115C,10.3448967452213
YPL116W,9.23531286980824
YPL117C,135.56694536029
YPL118W,25.7265331200764
YPL119C,2.3893316967713
YPL119C-A,1.00492335073945
YPL120W,5.88379410307439
YPL121C,0.552894979471083
YPL122C,11.1716614261437
YPL123C,6.02562546219272
YPL124W,8.16418445647718
YPL125W,12.4840271354258
YPL126W,40.0651708875345
YPL127C,132.724601113088
YPL128C,19.5512005771226
YPL129W,99.5143981558984
YPL130W,0.0289783182271646
YPL131W,3162.42123664427
YPL132W,6.49187536671377
YPL133C,5.79428571387457
YPL134C,6.27188386487015
YPL135W,80.4361547420498
YPL137C,11.9274399143465
YPL138C,8.96166902988553
YPL139C,14.2205321300723
YPL140C,4.54445822412201
YPL141C,5.24626979068078
YPL143W,3049.55159606549
YPL144W,23.9986816765861
YPL145C,108.075988149252
YPL146C,35.4275607050369
YPL147W,0.587464590375884
YPL148C,1.31823337256929
YPL149W,3.53218337686948
YPL150W,3.92035699134095
YPL151C,5.3907727172739
YPL152W,13.3650633368718
YPL152W-A,0.998958052310407
YPL153C,5.38089200662954
YPL154C,177.142168546513
YPL155C,8.21691708420586
YPL156C,7.0452331437096
YPL157W,12.8153481536309
YPL158C,14.9362282279183
YPL159C,12.2849084723647
YPL160W,283.756957699716
YPL161C,7.3870030099969
YPL162C,10.2858357140243
YPL163C,151.219897218453
YPL164C,1.06312802286884
YPL165C,0.05346983098032
YPL166W,4.23361032328939
YPL167C,0.242059792346024
YPL168W,3.04756755063055
YPL169C,32.63499916612
YPL170W,49.3708647343721
YPL171C,0.0666733145770603
YPL172C,5.44100212534767
YPL173W,23.3817149951434
YPL174C,0.714401802292823
YPL175W,5.7645624489857
YPL176C,18.1430484253177
YPL177C,43.1990387255165
YPL178W,77.2826810286771
YPL179W,9.4047876705267
YPL180W,10.2176105297906
YPL181W,22.9747610219502
YPL183C,17.3549731311484
YPL183W-A,48.2570912877279
YPL184C,35.539510371554
YPL186C,0.34653489904917
YPL187W,0.152920446277661
YPL188W,19.8516955892902
YPL189C-A,26.7415115060552
YPL189W,0.233107952537005
YPL190C,80.9238532866676
YPL191C,3.39266866210705
YPL192C,0.556848395688143
YPL193W,10.3740436029898
YPL194W,2.93861043171693
YPL195W,19.1735561838239
YPL196W,12.0121298198746
YPL198W,2967.42077114191
YPL199C,77.848671281738
YPL200W,0
YPL201C,0.0145397144489402
YPL202C,13.2428458508462
YPL203W,18.2616247646728
YPL204W,36.7883722117632
YPL206C,44.3240970241748
YPL207W,26.6659652806942
YPL208W,13.087278604794
YPL209C,4.50739990488923
YPL210C,44.3043329256513
YPL211W,122.307023631296
YPL212C,49.499584767006
YPL213W,13.5811970956217
YPL214C,4.77842056194126
YPL215W,19.1962268272816
YPL216W,0.925052505957798
YPL217C,30.6539317072046
YPL218W,313.102455602052
YPL219W,6.99064897269308
YPL220W,3897.0243257207
YPL221W,18.2020344705282
YPL222W,2.5132591084955
YPL223C,1.12827134324899
YPL224C,9.25247603672171
YPL225W,255.276477879254
YPL226W,132.114144160908
YPL227C,28.0644269117438
YPL228W,30.9768659174137
YPL229W,10.1681795247575
YPL230W,1.15846928435203
YPL231W,314.23856398102
YPL232W,69.3230352990427
YPL233W,11.7908127050228
YPL234C,261.480561435173
YPL235W,87.585629837859
YPL236C,4.70712433255297
YPL237W,285.986158037377
YPL239W,93.6311307113428
YPL240C,990.261040517236
YPL241C,8.51470535253002
YPL242C,6.07374048173055
YPL243W,47.1193887026903
YPL244C,10.7008482861496
YPL245W,17.2054454667255
YPL246C,61.559168288479
YPL247C,5.97135924254092
YPL248C,0.34042260506297
YPL249C,21.6590654052493
YPL249C-A,5118.36748869254
YPL250C,41.0794234873673
YPL252C,44.3580742410323
YPL253C,4.68822905112428
YPL254W,12.8535493343325
YPL255W,3.78668461939217
YPL256C,30.5050198556394
YPL257W,3.41183992519734
YPL258C,0.110110802846731
YPL259C,15.4252668470656
YPL260W,42.9187440429256
YPL262W,115.66818217887
YPL263C,35.5647875903284
YPL264C,2.32965819644823
YPL265W,110.614462167685
YPL266W,71.8655653574327
YPL267W,17.603921684859
YPL268W,2.12510211827053
YPL269W,1.18789173612636
YPL270W,13.7466218187982
YPL271W,183.545843492728
YPL272C,0.0390419940137377
YPL273W,120.621783140328
YPL274W,54.1766700620129
YPL277C,2.06837301178008
YPL278C,1.42871388379415
YPL279C,10.603894180075
YPL280W,0.0547579784634201
YPL281C,0.244942375374946
YPL282C,0.0768834347060197
YPL283C,0.448033536066304
YPR001W,0.303964879122871
YPR002W,1.51245785570615
YPR003C,4.72221248356126
YPR004C,48.044685729484
YPR005C,1.02835718567086
YPR006C,2.5119875562484
YPR007C,0.0598145764746354
YPR008W,9.70429780942496
YPR009W,5.85538476964815
YPR010C,108.607212432382
YPR010C-A,58.5898018134881
YPR011C,7.29644736373471
YPR013C,2.33123477542169
YPR015C,0.842899046486224
YPR016C,207.425140692566
YPR017C,20.4004335442597
YPR018W,8.48808759253595
YPR019W,18.7072589821122
YPR020W,82.7086687158469
YPR021C,3.0844875212537
YPR022C,7.89558768413107
YPR023C,30.9787472708159
YPR024W,39.1061835281208
YPR025C,11.6807144384648
YPR026W,1.73109848124664
YPR027C,0.07094918548921
YPR028W,362.253633967947
YPR029C,18.8467993262679
YPR030W,0.207560494398261
YPR031W,3.24247674695
YPR032W,8.27726227928533
YPR033C,210.427774531569
YPR034W,31.6399992580622
YPR035W,464.575776275772
YPR036W,224.359747081668
YPR036W-A,387.654854425886
YPR037C,36.2823532989391
YPR040W,18.8972330559982
YPR041W,271.305048842228
YPR042C,12.055909458352
YPR043W,3137.5827829918
YPR045C,21.0637440744309
YPR046W,10.2595952026252
YPR047W,4.21856292901355
YPR048W,13.5175020597382
YPR049C,3.81943775086571
YPR051W,34.8939059853992
YPR052C,338.052957078598
YPR054W,0.240276566124085
YPR055W,9.02118711294007
YPR056W,14.0208215569711
YPR057W,6.873937954415
YPR058W,34.7399897979727
YPR060C,61.6147417336143
YPR061C,2.23002298231248
YPR062W,284.936171433214
YPR063C,223.071887600909
YPR065W,36.9404250500069
YPR066W,7.15048417289618
YPR067W,12.5356851787448
YPR068C,13.1148921439038
YPR069C,294.162807451804
YPR070W,7.771560552103
YPR071W,7.3518799474156
YPR072W,52.1367013735719
YPR073C,67.9007665457046
YPR074C,513.528077226903
YPR075C,29.796481293288
YPR078C,0.0178691344814162
YPR079W,14.4433233327821
YPR080W,21158.9010423363
YPR081C,4.73830508335529
YPR082C,14.4412450675783
YPR083W,3.41621453047682
YPR084W,4.2905077257805
YPR085C,2.55343323140029
YPR086W,43.2454793858122
YPR088C,95.558940292473
YPR089W,12.9050573189985
YPR091C,14.7172160222404
YPR093C,4.53637500028549
YPR094W,30.7757550439935
YPR095C,3.12419384125006
YPR096C,1.30965439347797
YPR097W,17.2024392057477
YPR098C,36.7844682323017
YPR100W,43.0450721105888
YPR101W,14.8927892886803
YPR102C,3185.15878854998
YPR103W,168.421476586674
YPR104C,10.20628940779
YPR105C,9.23468454607736
YPR106W,12.0570397553694
YPR107C,18.4551042296481
YPR108W,129.438236461542
YPR108W-A,54.1720680938615
YPR109W,5.47711979324697
YPR110C,174.049739741597
YPR111W,5.33443927622146
YPR112C,43.0849549888187
YPR113W,137.689785209316
YPR114W,38.5088647949792
YPR115W,5.10306515025999
YPR116W,3.92585493040295
YPR117W,0.177393413800879
YPR118W,77.3654692724852
YPR119W,22.9422087462513
YPR120C,10.6406673633131
YPR121W,0.0235961617274421
YPR122W,4.95082025940508
YPR124W,69.7526174042836
YPR125W,24.6572035805302
YPR127W,14.5367797047335
YPR128C,23.6766031878765
YPR129W,97.3775307191739
YPR131C,31.564827078313
YPR132W,4809.15649074974
YPR133C,68.2522480521518
YPR133W-A,160.432663201051
YPR134W,6.00176938888936
YPR135W,12.8353784685616
YPR137W,31.5416789919035
YPR138C,6.99091898478158
YPR139C,22.589971715254
YPR140W,7.35264706541869
YPR141C,7.04138156854291
YPR143W,51.0467564730618
YPR144C,27.0151985354003
YPR145C-A,0.953733593201787
YPR145W,243.925321857432
YPR147C,20.1639994384236
YPR148C,54.9870325017453
YPR149W,543.295237466962
YPR151C,0.24952587790816
YPR152C,5.65223601085805
YPR153W,6.95991382220643
YPR154W,80.7034904862618
YPR155C,6.74022246284165
YPR156C,43.9109545051816
YPR157W,0.875920095882296
YPR158W,30.6068565676331
YPR159C-A,0.139834971847861
YPR159W,93.1653979992237
YPR160W,5.11813248011949
YPR161C,17.7735023396295
YPR162C,9.3294783874819
YPR163C,530.858036719046
YPR164W,3.26849104181035
YPR165W,319.855870753041
YPR166C,56.387478863036
YPR167C,4.1770871602525
YPR168W,15.7165382850196
YPR169W,21.9550069298642
YPR170W-B,284.181340820257
YPR171W,15.9370971289374
YPR172W,50.2293672799296
YPR173C,34.9349062878517
YPR174C,17.357971975269
YPR175W,8.46407807868916
YPR176C,19.2702140911747
YPR178W,9.55977672244614
YPR179C,7.08300565838807
YPR180W,20.9308984808828
YPR181C,139.200724611489
YPR182W,66.4297838014136
YPR183W,293.874777786595
YPR184W,1.43584518430901
YPR185W,4.77631546288294
YPR186C,6.12439524793958
YPR187W,174.329679922666
YPR188C,44.2994077605004
YPR189W,24.4406176450942
YPR190C,22.3991021729283
YPR191W,68.6629699243285
YPR192W,0.410230886322586
YPR193C,0.281559605477451
YPR194C,0.396346867240544
YPR196W,1.09885385754145
YPR198W,16.7154844281008
YPR199C,6.08072075005378
YPR200C,1.04177054026657
YPR201W,0.875021214486974
YPR202W,1.25448808513775
YPR203W,0.585264348464363
YPR204W,0.0264913042661555
