GeneID,Mean,Mean.log10,Std.Dev,log10.Std.Dev,0.025,0.975,log10.0.025,log10.0.975
YAL067C,0.0165573731064796,-1.81401479244232,0.00641872069692223,0.17309642947627,0.00635370699455962,0.0318075680173933,-2.19697284940881,-1.4974696675081
YAL061W,0.0774676129221916,-1.12929475307465,0.0225015472688902,0.127851272895035,0.0404727491239707,0.129310357446472,-1.39283741099764,-0.888366690864244
YAL058W,0.194865435361862,-0.715427875518799,0.0299747162916614,0.0672475140643469,0.140688276539246,0.257484387854735,-0.851742155971324,-0.589249114621754
YAL051W,0.157185137271881,-0.806068241596222,0.0167600425059523,0.0465342584592387,0.126002684856455,0.191013337175051,-0.899620376655144,-0.718936333392549
YAL049C,0.649158298969269,-0.197583049535751,0.138562589215193,0.0934838251591535,0.409202177325884,0.955559399227301,-0.388062071000894,-0.0197423300783258
YAL048C,0.118237160146236,-0.932708203792572,0.0187458834748618,0.0690976029237939,0.0842342397198081,0.157657290870945,-1.07451138153637,-0.802285970955224
YAL043C,0.316313534975052,-0.501572668552399,0.0278770977028007,0.0383903839939635,0.264347945153713,0.371939197927713,-0.577824061143104,-0.429528053726116
YAL042W,2.83774018287659,0.451952397823334,0.194522758283226,0.0297819002904575,2.47625001470248,3.22771012981733,0.393794482195904,0.508894525183538
YAL038W,168.552688598633,2.22627353668213,7.77728660788589,0.0200267878906438,153.726783243815,184.340837605794,2.18674953924639,2.26562155383167
YAL037W,0.0354808866977692,-1.53814375400543,0.0221775239672437,0.293292223054918,0.00659125484526157,0.0891165659452477,-2.1810318964085,-1.05004163980197
YAL036C,3.1162269115448,0.492535501718521,0.221086700448381,0.030875257587758,2.68292500376701,3.57305888136228,0.428608527224424,0.553040167973546
YAL035W,4.12028026580811,0.614539802074432,0.173189678427268,0.0183108798632543,3.78431396881739,4.4538950920105,0.577987153888289,0.648739983354167
YAL034W-A,0.152361765503883,-0.83605432510376,0.0450301058631819,0.129631724773123,0.0788131810103854,0.254922083516916,-1.10340120224028,-0.593592558912801
YAL034C,0.00848896708339453,-2.1889340877533,0.00634800527144954,0.338002015644615,0.00115183718541327,0.0249110609292984,-2.93860904460225,-1.60360777603923
YAL032C,0.157109379768372,-0.812955677509308,0.0322066538177314,0.0897229252942873,0.101513867701093,0.226432912920912,-0.993474635840679,-0.645060447167369
YAL029C,0.262869089841843,-0.581415891647339,0.0191223289728338,0.0317208168690579,0.225728825852275,0.301084289203087,-0.646412977810333,-0.521311906750037
YAL028W,0.0265856329351664,-1.60569059848785,0.00984009755454365,0.166006951947019,0.0108422811996813,0.0490185527751843,-1.96487937763056,-1.30963951520037
YAL027W,0.143870145082474,-0.870054960250854,0.0513495343301242,0.159173409507846,0.0620276639238,0.262050199508667,-1.20741461032622,-0.581615980186913
YAL026C,0.404462546110153,-0.394021362066269,0.0260274387523487,0.0279789734847867,0.35547576546669,0.456638266146183,-0.449190002805968,-0.340427697662616
YAL025C,1.59982860088348,0.201771274209023,0.165353024947352,0.0446915318597589,1.30014591813087,1.94855336348216,0.113992096796545,0.289712303501349
YAL024C,0.122658886015415,-0.913561820983887,0.0125084400321514,0.0443997542459395,0.0992955032736063,0.149049754068255,-1.00307041883724,-0.826668736293355
YAL023C,2.21015691757202,0.343812316656113,0.117267069029383,0.0230574276069621,1.98299062848091,2.44709016680717,0.297320661713462,0.388649971890156
YAL021C,0.593425035476685,-0.22783437371254,0.044135873937637,0.0323018815835449,0.508539483944575,0.683813484509786,-0.29367532202648,-0.165062374535828
YAL020C,0.307644933462143,-0.520251750946045,0.0605452714215472,0.085078872842891,0.204547957082589,0.440163749953111,-0.689204854315694,-0.356385727133918
YAL019W,0.437011659145355,-0.360573291778564,0.0306340018612836,0.0304612670170312,0.37975773041447,0.500407755374908,-0.420493379215258,-0.300675968182399
YAL014C,0.146155893802643,-0.870825588703156,0.058819302911235,0.180183100357884,0.0560510538207988,0.285645398994287,-1.25141758135014,-0.544172814958191
YAL013W,0.313612043857574,-0.508694112300873,0.0478956520583183,0.0667454596955001,0.226351936534047,0.416428896288077,-0.645215820037968,-0.380459377546298
YAL012W,12.2243270874023,1.08654117584229,0.685829213138903,0.0243466627078758,10.9458477258682,13.6503127177556,1.03924940104196,1.13514260073168
YAR002W,0.646921694278717,-0.190740242600441,0.0553734391168196,0.0372243593070339,0.540608416001002,0.761425842344761,-0.267117199049532,-0.118372387578465
YAR007C,0.892092287540436,-0.0507225543260574,0.064476460509576,0.0313728588465288,0.77172596603632,1.02904117107391,-0.112536896682363,0.0124327508678951
YAR014C,0.489678084850311,-0.311654806137085,0.041532360869334,0.0369232854346726,0.408926188449065,0.575285647809505,-0.38835507825729,-0.240116464388096
YAR015W,1.78225290775299,0.24871201813221,0.181900965846016,0.04433991177009,1.44188085695108,2.15845796465874,0.158929374599746,0.334143590321036
YAR018C,0.142258033156395,-0.855598270893097,0.028296126322779,0.0874961211417667,0.093073844909668,0.201832127198577,-1.03117234487557,-0.695009719874168
YAR019C,0.0801714733242989,-1.1013286113739,0.0125816499967794,0.0683924424710192,0.057128065234671,0.107413356999556,-1.2431504973986,-0.968941713396897
YAR035W,0.0212967153638601,-1.70328497886658,0.00805591314455934,0.169453325689187,0.0086953162914142,0.0402483296580612,-2.06071532124165,-1.3952523092214
YBL105C,0.318519830703735,-0.498209923505783,0.0251070588492549,0.0342090480584966,0.271159103761117,0.36989682490627,-0.566775815106856,-0.431919396973549
YBL101C,0.226173266768456,-0.647429525852203,0.0209503764230184,0.0403734410216745,0.186836914221446,0.267885343233744,-0.72853731619945,-0.57205107870627
YBL099W,4.06900644302368,0.608824193477631,0.224430825957771,0.0240346368798345,3.63038412133853,4.50616515874863,0.559952578855333,0.653807099698148
YBL098W,0.519316673278809,-0.287171363830566,0.0568955190260497,0.047615143565434,0.413610558460156,0.634834132591883,-0.383408387205151,-0.197339730949768
YBL097W,0.168150156736374,-0.777636408805847,0.0208261314128034,0.0539585410167651,0.129377411057552,0.211807050680121,-0.888141544690718,-0.674059587789713
YBL086C,0.20088554918766,-0.70277327299118,0.0326555055551685,0.0707218519458478,0.141408026218414,0.27307237709562,-0.8495259395954,-0.563722231589612
YBL085W,0.304861634969711,-0.517496407032013,0.026098836170043,0.0373608840581167,0.254594186196725,0.356109262506167,-0.594151684880838,-0.448416730509376
YBL076C,6.98809146881104,0.843981266021729,0.291762015674677,0.0181427459138723,6.41803875764211,7.58855713208516,0.807402335410382,0.880159207901845
YBL075C,0.0141234798356891,-1.89349842071533,0.00632465158822329,0.19906375502845,0.0048587216452385,0.0294758098976066,-2.31348324443995,-1.53053426202762
YBL069W,0.537831842899323,-0.272112518548965,0.060768728498706,0.0489887599336139,0.428016901016235,0.660978569587072,-0.36853908232671,-0.179812624505298
YBL068W,1.23227751255035,0.0881911069154739,0.132408558617643,0.046889037275557,0.982149328788122,1.49762703080972,-0.00782247638458273,0.175403669304908
YBL067C,0.214265435934067,-0.67195987701416,0.0248038351389349,0.0503987916531269,0.169098405539989,0.265704994648695,-0.77186048880633,-0.575600281795409
YBL066C,0.0702148601412773,-1.15864098072052,0.0107112209247702,0.0665818934888189,0.0511326730561753,0.093133631038169,-1.29130151828967,-1.03089363297105
YBL064C,1.23754417896271,0.0877165570855141,0.185277301314534,0.064984196354473,0.907540610432625,1.63989845514297,-0.0421339350279119,0.214816955828858
YBL061C,0.320345520973206,-0.49651050567627,0.0316858022817436,0.043102934055881,0.261940628290176,0.385848939418793,-0.581797135122778,-0.413582689155634
YBL058W,2.17225122451782,0.335817754268646,0.153976947744651,0.0308386280238141,1.87528887093067,2.47385696967443,0.273068176266449,0.393374535373304
YBL056W,1.26240718364716,0.0999165028333664,0.0970837309406936,0.033393076346472,1.08403327067693,1.46494286060333,0.0350425913036968,0.165820684438153
YBL050W,1.20201075077057,0.0765831172466278,0.148760663409652,0.0538481822868502,0.928306991358598,1.51347648203373,-0.0323083922341173,0.179975669464733
YBL045C,1.75951409339905,0.244304120540619,0.124440898576067,0.0307820022407583,1.51982023020585,2.01450037956238,0.181792209005954,0.304167353552061
YBL042C,0.421325236558914,-0.377406924962997,0.0406740489120261,0.0420013365093843,0.346316373348236,0.505484493076801,-0.460526975161596,-0.296292162892426
YBL038W,0.557404518127441,-0.271070092916489,0.15763158342497,0.123357754763737,0.29697573184967,0.919631242752075,-0.527279038744723,-0.0363862828090874
YBL036C,1.77947425842285,0.246418997645378,0.23777774863912,0.0581228526741664,1.34442163904508,2.27191189527512,0.128535413359166,0.356391474331222
YBL035C,0.334864497184753,-0.477242976427078,0.0329815981251481,0.0429028173177563,0.272899170716604,0.402417422086,-0.563997785781237,-0.395323225421598
YBL031W,0.147080853581429,-0.84681648015976,0.0378919300120068,0.112670204102597,0.0817818868284424,0.233714099228382,-1.08734287972225,-0.631315106580831
YBL030C,6.47608375549316,0.810193717479706,0.465434732541857,0.0311627903376444,5.60535010099411,7.44499574899673,0.748602707043918,0.871864434100523
YBL029W,0.0333785377442837,-1.51999819278717,0.0146687426502604,0.201504441704556,0.0109230012632906,0.0675988911340634,-1.96165881845935,-1.17006053346055
YBL024W,1.84326875209808,0.264883637428284,0.104857905501072,0.0247769377018282,1.6392468214035,2.05667297244072,0.214644350216694,0.313165240688806
YBL023C,0.295564651489258,-0.531197369098663,0.0272987391203012,0.0401053635668395,0.243714853003621,0.354132527361314,-0.613118002658413,-0.450834181148312
YBL019W,0.100087903439999,-1.00890624523163,0.0207271532925943,0.0903271287154779,0.0637861526881655,0.146830761556824,-1.19527359188481,-0.83318296404726
YBL016W,0.461756974458694,-0.340505123138428,0.0697306826787322,0.0654391061352091,0.340233555684487,0.614352345466614,-0.468222856214456,-0.211582479343002
YBL013W,0.0878054276108742,-1.07081282138824,0.0225055254606301,0.112646168384679,0.0483260912510256,0.140225231647491,-1.31581850256706,-0.853173833877588
YBL010C,0.26736119389534,-0.584345817565918,0.0610524420102586,0.100542355326905,0.161262884736061,0.403709922730923,-0.792465575630877,-0.393930576365769
YBL007C,1.18416655063629,0.0728740841150284,0.0588786174173863,0.0216397800145026,1.06915700435638,1.30189115305742,0.0290414854883329,0.114574671548499
YBR002C,0.3590407371521,-0.453634828329086,0.0721336913103322,0.0877982422302492,0.232365682721138,0.513471066951752,-0.633828010986247,-0.289484022986297
YBR003W,0.3462915122509,-0.463693857192993,0.0415640185305501,0.0523214287279235,0.268855874488751,0.431920770059029,-0.570480479461336,-0.364595916485459
YBR007C,0.146752804517746,-0.837175488471985,0.0193384745046099,0.0572847092081361,0.111450072874626,0.187942779064178,-0.952919657841343,-0.725974367399591
YBR008C,0.0126680331304669,-1.95846939086914,0.00667443017756578,0.239147223001787,0.00333237354449617,0.0284284297376871,-2.47724633985088,-1.54624712817771
YBR011C,19.9953804016113,1.29985988140106,1.40263716409452,0.0305077126769388,17.4000421524048,22.8340052604675,1.24055028453889,1.35858209672505
YBR015C,1.13891446590424,0.0554933287203312,0.0773254940133034,0.0294526271404869,0.994957758486271,1.29478296736876,-0.00219536686167734,0.112196977699347
YBR017C,0.866267085075378,-0.0630902796983719,0.0506729865505096,0.0254084978104876,0.770411610603333,0.97096658796072,-0.113277180734298,-0.0127957143924083
YBR018C,0.0105056809261441,-2.10218167304993,0.00794565728346965,0.350561412070319,0.00132474357087631,0.0314351778787871,-2.87786836255279,-1.50258486041454
YBR021W,0.0573209598660469,-1.25323784351349,0.0132437218957599,0.100784203574792,0.0347870821443697,0.0864928269137939,-1.4585827400879,-1.06301991452294
YBR024W,0.195710495114326,-0.722589254379272,0.050062824246134,0.112058643665649,0.110945111513138,0.307560077309608,-0.954892325564946,-0.51207009246338
YBR026C,1.17595517635345,0.0686700791120529,0.104692908047724,0.0387044952066868,0.978955640892188,1.38729166289171,-0.00923698783310357,0.142167740213006
YBR028C,0.316694021224976,-0.502376735210419,0.0374043405612358,0.0512284659366133,0.248778029034535,0.394226316859325,-0.604187977239307,-0.40425439187909
YBR029C,0.711746633052826,-0.149599105119705,0.0670330083111808,0.0409318161364658,0.588731169700623,0.849064447482427,-0.230082970352888,-0.0710593443569563
YBR033W,0.00669613806530833,-2.22824382781982,0.00327673085913609,0.225532855769875,0.0019090376154054,0.0145160002090658,-2.71918551485364,-1.83815306601453
YBR034C,1.32476675510406,0.1201067045331,0.128232299546656,0.0420703078113224,1.08692927658558,1.58829903403918,0.036201283757127,0.200932271771182
YBR035C,1.50676906108856,0.169763281941414,0.295379031724894,0.0851076985112311,0.996989787618319,2.16109738548597,-0.00130929595310917,0.334674246626949
YBR036C,1.21783578395844,0.0840668678283691,0.102095840399131,0.036374746486122,1.02868758936723,1.43585467934608,0.012283494587788,0.157110450343396
YBR037C,0.476345837116241,-0.328887224197388,0.0848428107792766,0.0770018821285407,0.330468987425168,0.667610449592272,-0.480869303340537,-0.175476890381252
YBR039W,2.60038566589355,0.413351953029633,0.229175292018926,0.0382936252691229,2.17423671881358,3.07296033898989,0.33730678512995,0.487556941096807
YBR040W,0.0260045193135738,-1.67748832702637,0.0168507083077576,0.299709354614122,0.00448402564118927,0.0689355783785382,-2.34833192563048,-1.16155666680683
YBR041W,0.580773591995239,-0.237445294857025,0.0474086573608122,0.0355618150723457,0.492950515449047,0.676272676388423,-0.307196677178516,-0.169878159990001
YBR042C,0.338492214679718,-0.474859923124313,0.0480774636708182,0.0621776276268933,0.248568233350913,0.438327471166849,-0.604554487293734,-0.358201310455084
YBR043C,0.0789545550942421,-1.11005234718323,0.0145936756929848,0.080703670438934,0.0533271878957748,0.110092053934932,-1.27305131737746,-0.958244299917821
YBR044C,0.0643675699830055,-1.20228660106659,0.0144677527329679,0.0981200837768589,0.0395725293705861,0.0962828315794467,-1.40260619162565,-1.01645127969058
YBR045C,0.0119613613933325,-1.97018146514893,0.00559144253474986,0.210015232251844,0.003803861020909,0.0256024984642863,-2.41977535923217,-1.59171772143458
YBR046C,0.399452894926071,-0.404196500778198,0.064573504276164,0.0702998030642651,0.28587394952774,0.537000003953775,-0.54382541824053,-0.270025722090988
YBR049C,0.682299733161926,-0.167034402489662,0.0465758083593423,0.0296204961745759,0.595179087420305,0.774933636188507,-0.225352362598387,-0.110735488037174
YBR053C,0.405374258756638,-0.397449791431427,0.0631309564183313,0.0682099207215882,0.291222072144349,0.536292374134064,-0.535775762890454,-0.270598378489183
YBR055C,0.177651807665825,-0.753192663192749,0.0200754908550483,0.0490314517936359,0.141115783030788,0.219608602300286,-0.85042442171823,-0.658350655263749
YBR057C,0.313538104295731,-0.509660959243774,0.0518867936860738,0.0721833721080899,0.219571244840821,0.425812730193138,-0.658424537105769,-0.370781374730862
YBR058C,0.557386100292206,-0.255211293697357,0.0442734599502989,0.0344762166753852,0.476189981400967,0.649185644090176,-0.322219745991634,-0.187631095031775
YBR061C,0.523328006267548,-0.287019520998001,0.0855863587827425,0.0711403922986875,0.370553999394178,0.7055722301205,-0.431148667907176,-0.151458521199977
YBR065C,0.140946745872498,-0.864509761333466,0.035144870293841,0.109547304773964,0.0806001202513774,0.216374925896525,-1.09366437992117,-0.664794004048828
YBR078W,21.2626934051514,1.32701086997986,1.12246986493141,0.0229810648479666,19.0871424833934,23.5319422562917,1.28074091342513,1.37165777191139
YBR079C,2.50264525413513,0.397914588451385,0.118020936494391,0.0205200590170731,2.2775776386261,2.72842597365379,0.357473190234365,0.435912175209212
YBR080C,1.24130833148956,0.0931160673499107,0.0734795982346183,0.0257573398884291,1.09992731610934,1.38819425602754,0.0413639727910659,0.142450242998374
YBR083W,0.33794105052948,-0.474490612745285,0.0417718456987726,0.0539741180450014,0.262167898068825,0.426956050843,-0.581420505662611,-0.369616850959625
YBR085W,0.151853546500206,-0.835476934909821,0.0422021184314505,0.122553479517279,0.0803517436608672,0.245211959381898,-1.09500469778891,-0.610458422811697
YBR086C,0.986046195030212,-0.0068789953365922,0.0589032660747998,0.0259801765756549,0.873694000641505,1.10225594143073,-0.0586406468729777,0.0422824481953892
YBR087W,0.619820177555084,-0.211268365383148,0.0789362687428663,0.0555714728118832,0.474181704719861,0.786138246456782,-0.324055206357819,-0.104501074330127
YBR088C,2.1318051815033,0.32513028383255,0.275144467012174,0.0561659050197622,1.63251698315144,2.7099130153656,0.212857695331011,0.432955350817941
YBR094W,0.417599081993103,-0.380864441394806,0.0361082550959034,0.0376127633793928,0.351033179461956,0.49169334769249,-0.454651834140281,-0.308305667406375
YBR104W,0.463052481412888,-0.340000569820404,0.0743222330844313,0.0703138940725939,0.329248618582884,0.621822356184323,-0.482476038596392,-0.20633372229255
YBR107C,0.0295645780861378,-1.69666481018066,0.0262827924400929,0.413473303867162,0.00251592986363297,0.100505904356638,-2.59930270907032,-0.997809972542581
YBR108W,0.117181211709976,-0.934957325458527,0.0155463993768626,0.0577176519378798,0.0888756011302272,0.150945961475372,-1.05121745284378,-0.821178501934844
YBR110W,0.405184596776962,-0.395815193653107,0.051178940711078,0.0550343083872681,0.310968407740196,0.513657030959924,-0.50728373023496,-0.289326781799997
YBR114W,0.0733131766319275,-1.14207136631012,0.0133453845867891,0.0798709124862831,0.049530340762188,0.10157036272188,-1.30512926411021,-0.993232996805619
YBR115C,2.59694743156433,0.414042323827744,0.114139246759312,0.0191370621656921,2.37608810663223,2.81550908088684,0.375862538703094,0.449556932413197
YBR119W,0.133081525564194,-0.898701846599579,0.0429125656923869,0.143060892408962,0.0644079489012559,0.231443576142192,-1.19106057345321,-0.635554968124132
YBR123C,0.235306933522224,-0.631379008293152,0.0277097298700723,0.0512432008069641,0.183294059212009,0.294726367046436,-0.736851729435219,-0.530581011670275
YBR126C,1.80695784091949,0.25592115521431,0.124077349682096,0.0299080391209047,1.56461065908273,2.04814175566037,0.19440626029537,0.311360004451862
YBR128C,0.0266849603503942,-1.6448882818222,0.015260132730451,0.258540916231733,0.0062463410004663,0.0652337847898404,-2.2043745420841,-1.18552742534757
YBR129C,0.162709161639214,-0.802157282829285,0.0405254263022121,0.109680341360639,0.0935503758490086,0.250205613176028,-1.02895450435536,-0.601702956045387
YBR130C,0.61025196313858,-0.217011064291,0.0658278874076759,0.0468398846783657,0.486578920731942,0.748409674068292,-0.312846709233028,-0.125860607528559
YBR133C,0.214348927140236,-0.671590745449066,0.0239087866741609,0.0486682013362119,0.169223927333951,0.262944945196311,-0.771538240911207,-0.580135227681114
YBR136W,0.0585337094962597,-1.23627829551697,0.00762243979086677,0.0566881941952095,0.0444991882890463,0.0747744640335441,-1.35164792688184,-1.1262466912109
YBR138C,0.107623472809792,-0.975091218948364,0.0193318341879225,0.078310662433745,0.0736598968505859,0.149452848359942,-1.13276889364365,-0.825496030463828
YBR139W,0.685378611087799,-0.165782675147057,0.0608676041112789,0.03862783472259,0.571363626420498,0.811752789715926,-0.24308741585799,-0.0905762149418097
YBR141C,0.272391766309738,-0.572413444519043,0.0509479107851547,0.0817080841890236,0.182361456130942,0.38081498692433,-0.739066964195217,-0.419285969757001
YBR142W,0.64878523349762,-0.188926592469215,0.0446284470440635,0.0298879084184537,0.5662026638786,0.743309703965982,-0.247028092079368,-0.128830214357569
YBR143C,4.62875080108643,0.664750337600708,0.26608145987262,0.0248969565436022,4.13786041736603,5.18427916765213,0.61677583613642,0.714688377485695
YBR145W,0.371238887310028,-0.435597896575928,0.0577466246278538,0.0677516524346065,0.267728694776694,0.494577767203251,-0.57230517829664,-0.305765425796817
YBR146W,0.4946668446064,-0.312575370073318,0.0882435679190553,0.0775927053005579,0.337035691241423,0.693779509762922,-0.472324108302655,-0.158778761300276
YBR147W,0.0162802543491125,-1.92638671398163,0.0130977379246053,0.369452249094779,0.00174091827454201,0.0509117466087143,-2.75922258177568,-1.2931820163938
YBR148W,0.0183228813111782,-1.76467418670654,0.00648062531375614,0.158104194508743,0.00787595958293726,0.0331489921547472,-2.1036984708533,-1.47952970437729
YBR149W,1.61048197746277,0.205114379525185,0.148710151030994,0.0399715811504611,1.34283706446489,1.92650427520275,0.1280233090382,0.284769975176913
YBR150C,0.051058616489172,-1.2983101606369,0.00876561114076698,0.0746665046821764,0.0356864074555536,0.0699767534310619,-1.44749717041677,-1.15504622247219
YBR152W,0.180236682295799,-0.75913667678833,0.0473121608064668,0.115082369782423,0.100376347266138,0.283772955834865,-0.998369087642937,-0.547029054351256
YBR153W,0.181005522608757,-0.774957060813904,0.0696520550195416,0.172265351872649,0.0715950569137931,0.34452566554149,-1.14511696813745,-0.462778435761149
YBR155W,0.810300648212433,-0.0934539213776588,0.0795609211002762,0.0428243453892021,0.660477257271608,0.971422314643859,-0.180142134247592,-0.0125920028821461
YBR156C,0.114639662206173,-0.945600867271423,0.0172303098081238,0.0657415147566756,0.0833409354090691,0.149969699109594,-1.07914162938009,-0.823996483289657
YBR157C,0.216943308711052,-0.684096276760101,0.0665553116946566,0.134755120351747,0.109684251248837,0.370562143375476,-0.959855725084607,-0.431138990554184
YBR159W,1.6845155954361,0.224754393100739,0.150039498274651,0.0386830888008552,1.40649509429932,1.9956560721,0.148138221732324,0.300085697689242
YBR160W,0.415524035692215,-0.388293862342834,0.0738033635380197,0.0777780458089963,0.285131918142239,0.571762279669444,-0.544954213353598,-0.242784499612223
YBR161W,0.084735281765461,-1.08942401409149,0.0238389512388327,0.124984390058968,0.0447574635657171,0.136452413350344,-1.34913454091516,-0.865018795474537
YBR162C,6.50429582595825,0.812575995922089,0.348595838963684,0.0233263893732163,5.8244423588117,7.21287539402644,0.765254348803333,0.858108429257948
YBR163W,0.0691852793097496,-1.1696720123291,0.0146164878470253,0.0921834253768453,0.0444171521812677,0.100619362543027,-1.35244929472176,-0.997318439096801
YBR165W,0.197158709168434,-0.722120642662048,0.0548196541190926,0.122810120862868,0.103722713887691,0.322308083126942,-0.984126128510578,-0.491728805137766
YBR166C,0.689107060432434,-0.163676202297211,0.06554291308527,0.0413250392729048,0.567479837934176,0.827233655254046,-0.246049564989692,-0.0823718193305286
YBR168W,0.0904617756605148,-1.05788266658783,0.0233247473707463,0.112446570954509,0.0517693963833153,0.144284636278947,-1.28592701348165,-0.840779928748395
YBR169C,0.158166110515594,-0.804436981678009,0.0201828310654711,0.0557230440327508,0.119913167009751,0.200410815452536,-0.921133135041225,-0.698078845466009
YBR170C,0.605670213699341,-0.219385981559753,0.0523602784272952,0.0375613542034297,0.509020090103149,0.714670951664448,-0.29326507650655,-0.145893870876096
YBR175W,0.447677105665207,-0.355023741722107,0.0744101446977685,0.0723390174320861,0.314949204524358,0.604984831313292,-0.501759488263431,-0.218255515212725
YBR176W,0.332905381917953,-0.485215723514557,0.0620134233255473,0.0812701412371475,0.222318058957656,0.469597832113504,-0.653025588945668,-0.328274043395219
YBR179C,0.188378870487213,-0.727400362491608,0.0199409971022408,0.0460442347793851,0.15147474432985,0.230399297053615,-0.819659867711279,-0.637518851365029
YBR180W,0.00844926945865154,-2.15171670913696,0.00501586527567789,0.274592236544318,0.00178157939420392,0.0206171086213241,-2.74919501902897,-1.68577224752799
YBR182C,0.0292342007160187,-1.56974792480469,0.0117949026822295,0.180406871937972,0.0109260510653257,0.0572058172586063,-1.961536774045,-1.24255982746771
YBR183W,0.0930034071207047,-1.05727958679199,0.0318960085291363,0.152266709092393,0.0416029848158359,0.167944173639019,-1.38087561893577,-0.774835063520143
YBR184W,0.0235402137041092,-1.66306018829346,0.0094056112896201,0.177865839116442,0.00914129239972681,0.0454585732271274,-2.0389934192314,-1.34238419955002
YBR185C,0.378055363893509,-0.432240873575211,0.0803944660331262,0.0927060183448574,0.240695659443736,0.555536735057831,-0.618531741736323,-0.255287221540597
YBR186W,0.0087337214499712,-2.14090728759766,0.00536231809416462,0.280968962765073,0.0016598531830823,0.0226616205026706,-2.77993054796049,-1.64470908743522
YBR187W,2.03855323791504,0.306726455688477,0.223095443969229,0.047540617802175,1.6270228266716,2.50581097602844,0.211393578532139,0.398948307215197
YBR198C,0.600686728954315,-0.222448587417603,0.0427012924873461,0.0308900881363294,0.521577071646849,0.686667959888776,-0.282681508371342,-0.163253218546423
YBR199W,1.24523758888245,0.0939278677105904,0.0971424270491573,0.0339713867898182,1.06286251544952,1.43810447057088,0.0264770908231934,0.157790402519395
YBR200W,0.32621157169342,-0.489359021186829,0.0374095564926887,0.0498995438628238,0.256738814711571,0.404939938088258,-0.590508469526609,-0.39260938792738
YBR203W,0.0200309436768293,-1.7184886932373,0.00608840741423063,0.134332666271299,0.0100743730164443,0.0334257508317629,-1.9967836655254,-1.47591885964793
YBR205W,1.5212836265564,0.180760502815247,0.124660586204716,0.0354875314189275,1.2886442065239,1.78278339207172,0.110133025590726,0.251098576243306
YBR207W,0.424004793167114,-0.375727355480194,0.0506753642874357,0.0519691932718672,0.32962317292889,0.530788419644038,-0.481982264728836,-0.275078560994721
YBR208C,0.411448627710342,-0.386510699987411,0.0253813559321038,0.0268037731950883,0.363701800008615,0.463602855801582,-0.439254549859755,-0.333853898660214
YBR211C,0.23633474111557,-0.636886894702911,0.0514884566113144,0.0959560448510243,0.145103774468104,0.349065405130386,-0.8383213633358,-0.457093191421574
YBR212W,0.422682136297226,-0.375870913267136,0.0393863781410448,0.040493514407786,0.349256962537766,0.505429311593374,-0.456854927342367,-0.29633957793047
YBR213W,0.298711240291595,-0.53907722234726,0.076316168028159,0.112783675203121,0.168649109328787,0.467955052852631,-0.773015965786356,-0.329795858967571
YBR214W,0.221252977848053,-0.659507751464844,0.0314335350822052,0.0620024723007809,0.164604953800639,0.286261248588562,-0.783557110359213,-0.543237444510345
YBR215W,0.262529820203781,-0.583567678928375,0.0295422815808253,0.0489102388391467,0.208743437876304,0.323818922042847,-0.680387185965382,-0.489697777266733
YBR216C,0.216394752264023,-0.667960464954376,0.0262811922937104,0.0528829059046313,0.167923655981819,0.271375060081482,-0.774888272399612,-0.566430067386245
YBR221C,5.38932466506958,0.730575799942017,0.357521376804318,0.0288489995887715,4.7248929977417,6.10920381546021,0.67439197760607,0.785984614320607
YBR222C,1.06150901317596,0.0247114170342684,0.0793479097499656,0.032456990264819,0.915939571956793,1.22575443387032,-0.0381331777388441,0.0884034590723756
YBR223C,0.0369885265827179,-1.45364415645599,0.0116850429047588,0.139281584648773,0.0178778802510351,0.0646068173150221,-1.74768398153796,-1.18972165347387
YBR225W,0.142226189374924,-0.850492060184479,0.0179924983544564,0.0550108127132035,0.109297490492463,0.179866013800104,-0.961389812396765,-0.745050943131155
YBR227C,0.295747995376587,-0.532634258270264,0.0379016403035464,0.0556708340123269,0.227618417143822,0.374897892028093,-0.642792602083327,-0.426087001524145
YBR229C,0.555534839630127,-0.256367295980453,0.0391560417972351,0.0306573176634913,0.479095342506965,0.636334700385729,-0.319578051850139,-0.196314394638679
YBR231C,0.462088286876678,-0.342165380716324,0.0820532525164176,0.0777896658109781,0.316684633493423,0.635680794219176,-0.499373009412809,-0.196760942047868
YBR233W,0.271765291690826,-0.571386933326721,0.0435019138101193,0.0699530426812641,0.191752429182331,0.366523043314616,-0.717259145404819,-0.435898755537705
YBR234C,1.75610625743866,0.243010088801384,0.147983314186123,0.0366141884969239,1.48148501018683,2.05508381326993,0.170697255253811,0.312829472697735
YBR236C,0.393390685319901,-0.408710986375809,0.0502009243926583,0.0555225317262395,0.301059062282244,0.499210402617852,-0.521348303935575,-0.301716373711295
YBR238C,0.3088418841362,-0.512520134449005,0.0314610495934764,0.0443556962118695,0.248986852169037,0.375342115511497,-0.603823589349038,-0.42557270282453
YBR240C,0.0376941375434399,-1.45561075210571,0.0144569527625324,0.169388394002137,0.0153294271634271,0.0721666365861893,-1.81447408087595,-1.14166353505275
YBR241C,0.149051532149315,-0.834044992923737,0.027365684226781,0.0806039664828911,0.0992714431136847,0.209009569386641,-1.00317588630382,-0.679833884987824
YBR242W,0.460889011621475,-0.353655457496643,0.130579820627175,0.123433534944808,0.252050525695086,0.760666548212369,-0.59851254168305,-0.118805697652576
YBR243C,0.503428101539612,-0.300894886255264,0.0576062090969644,0.0496311929176715,0.399445075293382,0.624958683550358,-0.398542943535129,-0.204148700687326
YBR246W,0.358018308877945,-0.45101323723793,0.0538893532359602,0.0655463907328507,0.261326694488525,0.473587433497111,-0.582816233557541,-0.324599833291632
YBR247C,1.02687954902649,0.010161760263145,0.0810712199987912,0.0344022994662178,0.872823172310988,1.19030520915985,-0.059073732504886,0.075658331878091
YBR248C,1.22094321250916,0.085652656853199,0.0846161753227917,0.0301121135747049,1.06188811858495,1.38931257724762,0.0260786507044569,0.142799961559944
YBR249C,6.71989679336548,0.826473712921143,0.43039928782787,0.0278206182804245,5.91364557345708,7.58373050292333,0.771855290887273,0.879882888794254
YBR250W,0.00928159989416599,-2.11516904830933,0.00565082187089407,0.283787026762306,0.00165682951725709,0.0234466773147384,-2.78072542848692,-1.62991881532395
YBR251W,0.701498866081238,-0.158453479409218,0.101268117006409,0.0624202614493339,0.525476038455963,0.921546020110448,-0.279447082877629,-0.0354830675262851
YBR256C,0.933264553546906,-0.0394565686583519,0.195048840898592,0.0911698230326172,0.593954701721668,1.35939954717954,-0.22624667621576,0.133347119463617
YBR257W,0.173859819769859,-0.775242388248444,0.0461979186001777,0.117108298399177,0.0940029948328932,0.279526255776485,-1.02685839667925,-0.553577438468444
YBR259W,0.0401893630623817,-1.40962338447571,0.0101035193497308,0.11012228212077,0.0229520284570754,0.0622973479951421,-1.63917893388017,-1.20553045006134
YBR261C,1.01963436603546,-0.00229393504559994,0.227637151114676,0.0969052188794445,0.638693738480409,1.52855401933193,-0.19470737515104,0.18428079069537
YBR263W,3.0834014415741,0.488251030445099,0.184657989345279,0.0260263898614718,2.7421840886275,3.4566346069177,0.438096604115526,0.538653472154874
YBR270C,0.0255430731922388,-1.62272202968597,0.00931455965255161,0.165464687585718,0.0105224826140329,0.0468807257711887,-1.97788178678229,-1.32900567352617
YBR271W,0.461759269237518,-0.338610291481018,0.0546665215275133,0.0512913816302495,0.362319888671239,0.576462961236636,-0.440907828016795,-0.239228628214382
YBR272C,0.191451877355576,-0.72277170419693,0.0285820733442566,0.0649303448370344,0.14056995511055,0.252329957733552,-0.852107493854235,-0.598031185051807
YBR274W,0.140392377972603,-0.858711540699005,0.0234529834009359,0.0727560119836212,0.0991984696437915,0.191073107595245,-1.00349527935812,-0.718800436898761
YBR279W,0.606809377670288,-0.219086647033691,0.0602073822910908,0.0431559464971745,0.495035558690627,0.731276318927606,-0.305363608960486,-0.13591849186679
YBR283C,3.09352445602417,0.489719152450562,0.179871102530754,0.0252606568456158,2.7545510828495,3.45571398735046,0.440050820235849,0.538537790850956
YBR284W,0.00992219615727663,-2.04623866081238,0.00437995381155539,0.198116967628062,0.00340655047330074,0.0202888987337549,-2.46768519289349,-1.69274157988585
YBR287W,0.558067500591278,-0.255899518728256,0.0608204364438469,0.047505876866175,0.444657667726278,0.680473446846008,-0.351974221085073,-0.167188816990035
YBR289W,0.225766524672508,-0.648458182811737,0.0223030104816736,0.0429648877163664,0.184555512915055,0.271442163238923,-0.733872978043685,-0.566322705876764
YBR290W,0.493900239467621,-0.311421900987625,0.0752919368945316,0.0665534645650637,0.360398453225692,0.656035625437895,-0.443217185592495,-0.183072584362677
YBR291C,0.425455570220947,-0.378039658069611,0.0755659758406918,0.0778432025574325,0.289366573095322,0.58307683467865,-0.538551638934699,-0.234274212516671
YBR293W,0.0472688339650631,-1.34815573692322,0.0152989283950397,0.142261250987468,0.022490560868755,0.0826284327854713,-1.64799971539185,-1.08287049136695
YBR294W,0.00540468469262123,-2.33724594116211,0.00300577857088109,0.259167333565761,0.00126468528275533,0.0126777386913697,-2.8980178060679,-1.89695824588911
YBR296C,0.299490809440613,-0.526471138000488,0.0343043421386061,0.049922236398723,0.236223346119126,0.369958175967137,-0.626677183501336,-0.431847489108485
YCL063W,0.292372405529022,-0.538807153701782,0.0432683647897711,0.0643207570761082,0.214181144908071,0.385047662258148,-0.66921879200712,-0.414485510425745
YCL059C,1.41389286518097,0.148181647062302,0.143462066873626,0.0441203076941459,1.14333498477936,1.71992246508598,0.0581734926234384,0.235508867096088
YCL057W,1.58396995067596,0.199042186141014,0.0901846534011442,0.024762338574808,1.41279901166757,1.76049848198891,0.150080381840596,0.24563565066932
YCL054W,0.921090602874756,-0.0365014038980007,0.055963553386416,0.0264671382753948,0.810749451319377,1.03205810983976,-0.0911133370551265,0.0137041432714989
YCL049C,0.508918166160583,-0.298518419265747,0.0786139772514667,0.0671602630576666,0.371172030021747,0.67309749374787,-0.430424759713506,-0.171922117319908
YCL048W,0.0147229628637433,-1.89415764808655,0.00783947018355576,0.241136423563155,0.0038272147901201,0.0345812171697616,-2.41711719278367,-1.4611612796201
YCL047C,0.302582979202271,-0.535169541835785,0.0817985498198587,0.1191914285936,0.16711307639877,0.484357874343793,-0.77698960462631,-0.314833639747419
YCL045C,1.72142267227173,0.235249578952789,0.0932534798383202,0.0235631302629422,1.54529976844788,1.90954930583636,0.189012739524323,0.280930872651465
YCL044C,0.380652815103531,-0.423474460840225,0.0514858541363,0.0592418982599224,0.284467223038276,0.486102704207102,-0.545967790783152,-0.313271994069146
YCL038C,0.24270124733448,-0.619166135787964,0.0339106942156008,0.06081208281494,0.18259134888649,0.313461162149906,-0.738519803033177,-0.503816260813346
YCL034W,0.922301471233368,-0.0377593226730824,0.101535623919096,0.0478976110843775,0.731178392469883,1.13569727639357,-0.135976655645172,0.0552625840424481
YCL031C,1.14271712303162,0.0547178573906422,0.139231713619403,0.0529880273428323,0.889440880219142,1.43652095595996,-0.0508829166342717,0.157311963827466
YCL030C,3.87675929069519,0.587984681129456,0.182846853093305,0.020517839239911,3.5251783490181,4.23946940501531,0.54718109409455,0.627311505416063
YCL029C,0.19742140173912,-0.710991203784943,0.0338325102630908,0.0747417263422691,0.138286797950665,0.269602084408204,-0.85921929156139,-0.569276754478889
YCL028W,1.70203030109406,0.229586884379387,0.13595160104248,0.0346264691525314,1.45159959793091,1.98543882369995,0.161846839236144,0.297856509914708
YCL027W,0.122195065021515,-0.920653820037842,0.0229690471170957,0.0822960179673404,0.0809144537275036,0.171927916506926,-1.09197391707087,-0.76465361525298
YCL024W,0.116874039173126,-0.935770630836487,0.0147913345584677,0.0551639223435981,0.089919773551325,0.148230928679307,-1.04614495368294,-0.829061189295763
YCL017C,1.78914201259613,0.251652300357819,0.120996616999716,0.0293689110382208,1.5639431476593,2.03486936688423,0.194220961571259,0.308536533747257
YCL011C,1.70998752117157,0.231709063053131,0.131562203103408,0.0333938171581669,1.45840727388859,1.97612750530243,0.163878802520092,0.295814963056645
YCL010C,0.269506454467773,-0.588597536087036,0.0796482772694576,0.130863004605644,0.136658562471469,0.445033570875724,-0.864363266847668,-0.351607228101354
YCL008C,0.274120092391968,-0.568779170513153,0.0481447076697532,0.0767630657795914,0.188874471684297,0.377926942706108,-0.723826737461363,-0.422592145787472
YCL005W,0.225591436028481,-0.674038290977478,0.0801041549152238,0.156599191051558,0.101329319489499,0.413937466094891,-0.99426522453147,-0.383065263907265
YCL004W,0.0473867356777191,-1.3440854549408,0.0142287129047793,0.132765158462199,0.0239010821717481,0.0801378041505814,-1.62158243536593,-1.09616256180787
YCL002C,0.225662603974342,-0.667477786540985,0.07009634263303,0.136513631083739,0.114220958823959,0.386927831421296,-0.942254397474115,-0.412370128467032
YCR002C,1.53989195823669,0.185298502445221,0.154703979385031,0.0437003513877182,1.25870221555233,1.85678743918737,0.099922995126737,0.268762183571371
YCR007C,0.030438931658864,-1.6796954870224,0.0271671812356776,0.401794466044462,0.00276847122974383,0.102902497972051,-2.55776627829885,-0.987574083771481
YCR009C,1.49769032001495,0.171487733721733,0.202312034713639,0.058495759485401,1.13012408216794,1.92757221162319,0.053126129535978,0.285010651487771
YCR010C,0.0305697172880173,-1.61119842529297,0.0203744341558796,0.304391864254588,0.00536229389642055,0.0823526257028182,-2.27064938731366,-1.08432255491621
YCR011C,0.721240401268005,-0.142832338809967,0.0467884909541887,0.0281640863600351,0.633141338825226,0.819270849227905,-0.198499329761464,-0.0865725605850878
YCR012W,120.068862915039,2.07889366149902,5.96317146407112,0.0215954752730033,108.521515591939,131.766999181112,2.03551583672028,2.11980665544541
YCR015C,0.126622214913368,-0.914808094501495,0.0356294243950228,0.124154554729472,0.0664657555520534,0.205370664596558,-1.17740235211139,-0.687461591477346
YCR016W,0.667084097862244,-0.181083306670189,0.103833026827683,0.0678663972560719,0.478472530345122,0.892528182764848,-0.320142997699165,-0.0493780631694667
YCR021C,0.0377361625432968,-1.4788738489151,0.0190370868499958,0.227143471779178,0.0110846593044698,0.0846864539509017,-1.95528018016286,-1.0721862502898
YCR023C,0.143780022859573,-0.847725808620453,0.0227194940271043,0.0689031870749443,0.103265585439901,0.190196365118027,-0.986044766920696,-0.720797787210739
YCR024C,0.0463707409799099,-1.35464489459991,0.0142647211070432,0.136870007630755,0.0231899578900387,0.077856530683736,-1.63470006005254,-1.10870495870563
YCR026C,0.335202366113663,-0.476749867200851,0.0325656127629405,0.0423820577941009,0.273891499638557,0.401794640471538,-0.562421450763243,-0.395995869283754
YCR028C,0.279027223587036,-0.558684825897217,0.0394307688125854,0.0614955380925991,0.209326992183924,0.362705371528864,-0.679174816202819,-0.440446014587607
YCR030C,0.444567143917084,-0.353507846593857,0.0362391951686179,0.0354658590227751,0.375909421841303,0.518981787065664,-0.424916789334109,-0.28484808282753
YCR036W,0.651661396026611,-0.189780354499817,0.0865481716951763,0.0575168815449367,0.496491491794586,0.840443193912506,-0.304088193721028,-0.075491635471468
YCR044C,0.537575900554657,-0.273958146572113,0.0763502935225831,0.0620355109882079,0.399525307615598,0.694774164259434,-0.398455733997341,-0.158156341152669
YCR047C,0.623055100440979,-0.212001517415047,0.107846370677062,0.0756493275503463,0.434094734986623,0.850813567141692,-0.362415489181558,-0.0701655993194624
YCR048W,0.607907474040985,-0.217913299798965,0.0546349843803289,0.0390192418186529,0.504442940155665,0.72047954549392,-0.297187951687633,-0.142378391262183
YCR054C,0.188673302531242,-0.729041874408722,0.0279320500781755,0.0644168498810858,0.138599649071693,0.248811803385615,-0.858237869337632,-0.604129040320212
YCR057C,0.960547387599945,-0.0182274878025055,0.0562926157479101,0.0254454204860383,0.855944900711377,1.07547013262908,-0.0675541910818555,0.0315983539002569
YCR066W,0.0901287421584129,-1.0561785697937,0.0202314338700622,0.0988260962538129,0.0545541500362257,0.133363058790565,-1.26317220676349,-0.874964460950362
YCR068W,0.112923257052898,-0.95602011680603,0.0227344973510059,0.0879467917159753,0.0730865299701691,0.16123583689332,-1.13616265722373,-0.792538441467762
YCR069W,1.0155725479126,0.00361503032036126,0.121318865537566,0.05193796833059,0.795560710628827,1.2711110641559,-0.0993266751094654,0.104183468751448
YCR072C,0.858177900314331,-0.0676911473274231,0.0655806245236593,0.0332198889570525,0.736470430592696,0.994769122203191,-0.132844685771864,-0.00227770414277999
YCR073W-A,0.788650810718536,-0.106743887066841,0.101808721763508,0.0563014931391261,0.601101663708687,0.998267172773679,-0.221052085572889,-0.000753224069708785
YCR075C,0.18364629149437,-0.761844456195831,0.0630203985791672,0.152013432810321,0.0841237862283985,0.32623957619071,-1.0750812157658,-0.486463584387638
YCR077C,0.984206736087799,-0.00778445973992348,0.062332166393937,0.0275237415777009,0.867156941195329,1.10953882435958,-0.0619022952276502,0.0451425033282619
YCR079W,0.0665442124009132,-1.19479370117188,0.019096584829467,0.125978735971553,0.0357432274147868,0.110210478305817,-1.44680623670097,-0.957777112797658
YCR084C,1.4540148973465,0.161867007613182,0.0826237601513255,0.024720448593839,1.29690968990326,1.61551660398642,0.112909735110893,0.208311424976529
YCR088W,3.48942351341248,0.542178332805634,0.17971498859617,0.0223766057640185,3.14479843974113,3.84954176743825,0.497592814217391,0.585409027543454
YCR089W,0.0198336392641068,-1.71389257907867,0.00451222232405636,0.0998322107395768,0.0121095115241284,0.0294895473557214,-1.91687337521603,-1.53033189789343
YCR094W,0.5229572057724,-0.284552037715912,0.0616556367012259,0.0512943888758092,0.410709143181642,0.654564046363035,-0.386465641553763,-0.184048100596109
YCR095C,0.257023572921753,-0.596695303916931,0.0448688499928798,0.0765559557385255,0.176708423967163,0.350938206166029,-0.752742758636026,-0.45476937888675
YCR098C,0.0353711321949959,-1.47730362415314,0.0122556789924448,0.152406777279888,0.0158181108223895,0.0636797980715831,-1.80084539167586,-1.19599832773954
YCR106W,0.0379690080881119,-1.43348228931427,0.00920675821818972,0.106981027438235,0.022099482252573,0.0581689361482859,-1.65561805885731,-1.23530887917997
YDL239C,0.00547610782086849,-2.33352398872375,0.00313312973164828,0.260243413831755,0.00125740563768583,0.0132750327233225,-2.90052465647821,-1.87696441439241
YDL238C,0.0576694868505001,-1.25555419921875,0.0158451026642632,0.121076817251555,0.0313512602200111,0.0931231840203206,-1.50374506426698,-1.03094218691822
YDL237W,0.856655657291412,-0.0692690089344978,0.0838734204339698,0.0424816402734156,0.703368425865968,1.02837566832701,-0.152817136629142,0.0121517903413574
YDL236W,1.55360198020935,0.189027190208435,0.160477960604507,0.0448625058234581,1.25797905623913,1.89239806433519,0.0996733893430993,0.277012493572913
YDL234C,0.137036845088005,-0.867188394069672,0.0187248230135898,0.0591660682190149,0.103548059488336,0.17759876276056,-0.984858042387847,-0.750560093504209
YDL233W,0.182848766446114,-0.744192659854889,0.031216010593292,0.0740458111178443,0.128354174022873,0.251305914918581,-0.891590005587682,-0.599797412283864
YDL231C,0.020119309425354,-1.71308529376984,0.0055732306022542,0.121760811406232,0.0108829792588949,0.0325164136476815,-1.96325219851833,-1.48789739212628
YDL230W,0.214211016893387,-0.67904132604599,0.045739319114433,0.093175143856414,0.134820718814929,0.315559366593758,-0.870243393255952,-0.500918950336406
YDL227C,0.617557108402252,-0.210822016000748,0.051341578405733,0.0361034138394057,0.522966493169467,0.723732040822506,-0.281526147953502,-0.140422200032106
YDL225W,0.597531199455261,-0.225252270698547,0.0514701890250635,0.0374808152492384,0.503120659291744,0.703876726329327,-0.298327893448551,-0.152503405229393
YDL224C,0.433999598026276,-0.364348620176315,0.0400018257184531,0.0399607220533908,0.361413079251846,0.516716190179189,-0.441996134769633,-0.286747938730757
YDL223C,0.0259961187839508,-1.59866750240326,0.0064783685249966,0.109610937444545,0.0151193390910824,0.0405516816303134,-1.82046722676638,-1.39199122394936
YDL216C,0.05637127161026,-1.27087020874023,0.01781999968795,0.140123865156147,0.0277883820235729,0.0970200390865405,-1.55613673924963,-1.0131387225828
YDL215C,0.260242432355881,-0.586234152317047,0.0224172254927054,0.0374820436511552,0.217957330991824,0.306920979420344,-0.66162852624026,-0.512973428908862
YDL211C,0.0353709384799004,-1.49734306335449,0.016274803134366,0.205684193190169,0.0114796391610677,0.0752691494921842,-1.94007189249534,-1.12338319153756
YDL210W,0.0181621909141541,-1.78676116466522,0.00821442864794782,0.2069434933637,0.00591276492923498,0.0375744663178921,-2.22820938668083,-1.42510717912004
YDL207W,0.194721698760986,-0.715069234371185,0.0280147066270314,0.0625164785119496,0.143788492803772,0.254380912333727,-0.842275869781591,-0.594515480197243
YDL206W,0.0150549160316586,-1.85806405544281,0.00605404264194297,0.180371083010191,0.00581553334680696,0.0288605485111475,-2.23541173143966,-1.53969541915032
YDL205C,0.621167957782745,-0.211017072200775,0.086544340786123,0.0607648509759275,0.464887044578791,0.796888704101244,-0.332652558432073,-0.0986023681544264
YDL204W,0.0141806518658996,-1.93273437023163,0.00869510265971772,0.285145837776613,0.00283571761489535,0.0355073620875676,-2.54733744860342,-1.4496816343471
YDL203C,0.153426975011826,-0.818987369537354,0.0230792816385745,0.0652713568017373,0.112679835471014,0.201831731448571,-0.948153888723072,-0.695010554359261
YDL202W,0.414185404777527,-0.397583603858948,0.107159419656445,0.114858114064384,0.22863320124646,0.648948054015636,-0.640860706369235,-0.187790105758424
YDL201W,0.699024796485901,-0.160642296075821,0.107617802107591,0.0669457420576179,0.506732939680417,0.929432547092437,-0.295220899299382,-0.0317821325643746
YDL199C,0.0224488563835621,-1.67501211166382,0.00771147869229997,0.153903816658961,0.0100739928583304,0.0400451888640721,-1.99679839177026,-1.39744976166267
YDL198C,1.90995371341705,0.278629750013351,0.201028911938703,0.0456285990845196,1.55413387318452,2.32919974525769,0.191488422377405,0.367206691522178
YDL194W,0.0312737412750721,-1.51926791667938,0.00803122702643526,0.113254058797263,0.0176765322685242,0.0489633373605708,-1.75260292961469,-1.31012900118632
YDL193W,0.450698882341385,-0.350416749715805,0.0634745560842472,0.0612964264230702,0.336108876764774,0.581942396859328,-0.473520126541267,-0.235120089298251
YDL190C,0.549499809741974,-0.261126339435577,0.0389630586769771,0.0308595730150485,0.473686567445596,0.626674128572146,-0.324508930952557,-0.20295823822797
YDL183C,0.0579175911843777,-1.27565848827362,0.0241982361607117,0.187370643101274,0.0213521341327578,0.113717934861779,-1.6705587120097,-0.944171339616888
YDL179W,0.259178042411804,-0.598502278327942,0.0610216774362509,0.10332658889254,0.157619875172774,0.391445579131444,-0.802389020783036,-0.407328620734065
YDL178W,0.521749258041382,-0.284598767757416,0.050715227031016,0.042412831458195,0.425428434958061,0.626834787925084,-0.371173488097195,-0.202846913475033
YDL176W,0.0654624849557877,-1.19409990310669,0.014098225705503,0.0942316448266525,0.040950014286985,0.0969158697252472,-1.38774599724176,-1.01360511270065
YDL173W,1.0139034986496,0.00256810220889747,0.127539293835183,0.0546594488204053,0.778942774236202,1.28662638763587,-0.108494456172509,0.109452453855787
YDL170W,0.136014625430107,-0.873243629932404,0.0240585054237868,0.0774143922309656,0.0933229550719261,0.18599608267347,-1.03001151772321,-0.730496203894237
YDL168W,2.0638108253479,0.313276380300522,0.16554660178716,0.0348090203688982,1.76166027585665,2.40243062973022,0.245922159281455,0.380650856163263
YDL164C,0.43036162853241,-0.36783367395401,0.0376889464334463,0.0381374408257365,0.359312742203474,0.505998660127322,-0.444527404951871,-0.295850634454841
YDL159W,0.171708613634109,-0.770674645900726,0.0271899782858564,0.0692110145155903,0.122124494488041,0.228368458151817,-0.91319726485588,-0.641363898120472
YDL156W,0.136485114693642,-0.871705293655396,0.0241095554886785,0.0771793020051314,0.0932061957816283,0.18869681643943,-1.03055529710427,-0.724235426886198
YDL155W,0.270094722509384,-0.573399305343628,0.040664919052667,0.0655223276006324,0.197416605924567,0.356495730578899,-0.704616450898109,-0.447945704351611
YDL154W,0.00519047863781452,-2.36337351799011,0.00311988062807846,0.273442186587906,0.00108288581347248,0.0130485039980461,-2.9654173386216,-1.88443936113181
YDL153C,0.931871473789215,-0.0317707173526287,0.0670333035472388,0.0313179127536731,0.803023801743984,1.06664231618245,-0.095271586663712,0.028018809151214
YDL150W,0.543038308620453,-0.267818570137024,0.0601314939612307,0.0479872152887803,0.433690199007591,0.670041952033838,-0.362820397960318,-0.173898006256222
YDL148C,0.978265225887299,-0.0103822508826852,0.0609159946702744,0.0269716038367396,0.867078692217668,1.1016309072574,-0.0619414896780665,0.0420361088174098
YDL147W,1.71602749824524,0.23334501683712,0.126412819136442,0.0320447031414607,1.48000334302584,1.97691104312738,0.170262695804679,0.295987093259709
YDL144C,0.549792230129242,-0.263477802276611,0.0717260605695103,0.0565699864439885,0.42064687932531,0.70245867172877,-0.376082329205766,-0.153379226540838
YDL143W,3.42954134941101,0.534586250782013,0.187462922244923,0.0237721062192508,3.0695675611496,3.80580067634583,0.487077194091628,0.580446038961525
YDL142C,0.251668512821198,-0.612441778182983,0.0620852882535634,0.108452276657693,0.144744262099266,0.388064695646365,-0.839398643407214,-0.411095899116569
YDL141W,0.384948134422302,-0.41635474562645,0.0346510805715303,0.0391002368440286,0.321684767057498,0.456677317619324,-0.492569608085947,-0.340390558520867
YDL138W,0.0265388730913401,-1.59455609321594,0.00772373663608462,0.128036236254127,0.0140549873389925,0.0437035845282177,-1.85216954559863,-1.35948331580634
YDL132W,0.686133325099945,-0.164556831121445,0.0457901336314884,0.0289630437077485,0.601437586049239,0.77969090094169,-0.220809451281738,-0.108077536372163
YDL129W,0.120268248021603,-0.942467868328094,0.0386485864736849,0.14235290610955,0.0579183616054555,0.209284851824244,-1.23718390249683,-0.679262205077356
YDL128W,0.832855761051178,-0.0814263820648193,0.0800913125321021,0.0416314255736092,0.693657178680102,1.00059358974298,-0.158855115354866,0.00025771578751979
YDL127W,0.182527139782906,-0.752508521080017,0.0457252700454531,0.110921951164685,0.102781298197806,0.282226832707723,-0.988086149608515,-0.549401747371869
YDL124W,1.28230047225952,0.105831332504749,0.128267613567821,0.0432917070107697,1.04062313338121,1.56305747330189,0.0172934604992278,0.193974939815392
YDL119C,0.0545780956745148,-1.305055975914,0.0238550817819126,0.196031496341234,0.019162043541049,0.110696530342102,-1.71755817735534,-0.955866027320923
YDL116W,0.441262155771255,-0.356871962547302,0.0375643929811412,0.0369231908476366,0.373651230583588,0.520254347721736,-0.42753359067215,-0.283784286113056
YDL115C,0.253739148378372,-0.602464973926544,0.0449627917990285,0.0775157567943721,0.172992954154809,0.349460145582755,-0.761971600694064,-0.456602346536068
YDL111C,0.451185017824173,-0.355244547128677,0.0950307435637192,0.0916968927301698,0.290933737903833,0.659450059135755,-0.536205915427126,-0.180818134583522
YDL109C,0.0179336294531822,-1.77838397026062,0.00681643759531039,0.170815785721179,0.00711855250798787,0.0335916053814192,-2.14760834520897,-1.47376940207481
YDL108W,0.229706570506096,-0.649863243103027,0.0516425053922147,0.0986793191250722,0.140118317802747,0.342752845336993,-0.853505085268223,-0.465018946935983
YDL107W,0.114767223596573,-0.954880475997925,0.0298092990491117,0.114259585342347,0.0631375591581066,0.183245650057991,-1.19971223845468,-0.736966564185963
YDL105W,0.107231236994267,-0.981946766376495,0.0254303559440298,0.104142848411057,0.0628458716596166,0.163217243179679,-1.20172341913952,-0.787234223551311
YDL104C,0.0523132123053074,-1.3048791885376,0.0171424770478286,0.145054077760236,0.02420995918413,0.0925754750768343,-1.61600601584989,-1.03350408406077
YDL103C,0.935006320476532,-0.0306033045053482,0.0757511606404882,0.0350886794929785,0.792013544837634,1.09531489113967,-0.101267391334636,0.039538987891697
YDL102W,0.342204213142395,-0.466890662908554,0.0251503844153404,0.0320051072742826,0.29403830319643,0.393826090296109,-0.531596093773822,-0.404695523286361
YDL099W,0.677696526050568,-0.17231497168541,0.0843704741200138,0.0540106194067626,0.524630940457185,0.85662892460823,-0.280146101950191,-0.0672073426173224
YDL097C,3.6913902759552,0.566400587558746,0.222490751095681,0.026212600036672,3.2730181713899,4.13364157279332,0.514948415038522,0.616332811107527
YDL095W,2.27811551094055,0.357029914855957,0.114157591987573,0.0218243574715339,2.0525584201018,2.50284830530484,0.312295526339315,0.398434514222502
YDL090C,0.200935557484627,-0.703602910041809,0.035272437730458,0.0762716275951546,0.139295478786031,0.277734068284432,-0.856062979952291,-0.556370845314579
YDL089W,0.174443438649178,-0.764388382434845,0.029028132785355,0.0728003174644779,0.12196817783018,0.236330367128054,-0.913753473624435,-0.626480476003586
YDL088C,0.410091400146484,-0.389557361602783,0.0434076679806071,0.0461172079549605,0.331419650713603,0.500668630003929,-0.479621745046453,-0.300449619671013
YDL087C,0.221354126930237,-0.677922189235687,0.0715988788580477,0.143737339415918,0.104640147400399,0.382039043058952,-0.980301662541604,-0.417892269657834
YDL086W,1.57894098758698,0.194770634174347,0.20372275284382,0.0559307119710222,1.21811830401421,2.00474695960681,0.0856894449493905,0.302059554460453
YDL085W,0.0119132315739989,-1.98621547222137,0.006273440726648,0.243235596701822,0.00302804350309695,0.0272698780056089,-2.51883789467801,-1.56431687365888
YDL080C,0.0763423591852188,-1.12703430652618,0.0162610759078291,0.0926363886409687,0.0487676012950639,0.110207903260986,-1.31186860872621,-0.957787441179782
YDL079C,0.0135323135182261,-1.9303525686264,0.00717891490604283,0.240148024818376,0.00346131464272427,0.0310726128518581,-2.46076047731061,-1.5076222260037
YDL078C,1.65531384944916,0.217067211866379,0.151152476956271,0.0397560538294438,1.36825181941191,1.95883490542571,0.13616602720241,0.291997779909153
YDL076C,0.28823333978653,-0.551109731197357,0.0645477943479602,0.0976442901917228,0.178754217177629,0.428962336480617,-0.74774375682149,-0.367580841188991
YDL069C,0.0385184325277805,-1.58509027957916,0.0340902725683198,0.415907259156315,0.00327297369561469,0.131776815031965,-2.48505803525795,-0.880161213133325
YDL066W,5.09288263320923,0.706238329410553,0.294503464640362,0.0251529983768417,4.5312647819519,5.68576785723368,0.656219440678583,0.754789103604685
YDL065C,0.648853898048401,-0.191143676638603,0.0799172634927281,0.0535576062273129,0.506618875761827,0.81366803397735,-0.295318633893719,-0.0895527455424902
YDL063C,0.512397050857544,-0.292095988988876,0.0453532154191104,0.0384916148417988,0.428084984918435,0.606653978427251,-0.36847000603264,-0.217058985983063
YDL060W,0.998860836029053,-0.0013241198612377,0.0616972866341497,0.0268599116378288,0.880511545638243,1.12550916771094,-0.0552649450373497,0.051349035624129
YDL058W,0.460447609424591,-0.337548732757568,0.0266878150946047,0.0251885116162646,0.40922197252512,0.513382293283939,-0.388041057049838,-0.289559114376871
YDL056W,0.111141629517078,-0.958691120147705,0.0160886285138987,0.0632081408626354,0.0827003940939903,0.145309249435862,-1.08249242088956,-0.83770674853699
YDL054C,0.2498409897089,-0.606846034526825,0.0360411208729082,0.0627309288037963,0.18474112773935,0.32751806701223,-0.733436420969957,-0.484764773247979
YDL052C,0.846521198749542,-0.0765031054615974,0.117007196320213,0.0600953261153365,0.634674879908562,1.09291396439075,-0.197448695904969,0.0385859746378454
YDL049C,0.0497924648225307,-1.37831556797028,0.0292216756431404,0.267551267626495,0.0110655843823527,0.121824949979782,-1.9560259423785,-0.914263758264001
YDL048C,0.0267472844570875,-1.61094272136688,0.0111933618646039,0.186793815415429,0.00979234285963078,0.0529835090351601,-2.00911349713878,-1.27585928251335
YDL045C,0.262650549411774,-0.591544926166534,0.0589557946354166,0.0979827714997792,0.163579874734084,0.394473714878162,-0.786270133046642,-0.403981930895385
YDL044C,0.104163952171803,-0.99392032623291,0.0240869651796211,0.101301591703632,0.0635385986417532,0.157093430062135,-1.19696239436624,-0.803841989850427
YDL043C,0.26103413105011,-0.600715339183807,0.073840208048755,0.124362414732093,0.138749183962742,0.420888779809077,-0.857769611521585,-0.37583268375634
YDL042C,0.181644514203072,-0.745909094810486,0.027923486011104,0.0669633031528912,0.132075730587045,0.241018012166023,-0.879176999713462,-0.617950499781985
YDL040C,1.27214848995209,0.103802286088467,0.0741002146397714,0.0253055078859154,1.1315696199735,1.42338396012783,0.053681274010683,0.153322065367516
YDL039C,0.0158776771277189,-1.83588302135468,0.00641787246013258,0.183761773429671,0.00582724132497485,0.0307121618340412,-2.23453702982015,-1.51268983512383
YDL036C,0.21916252374649,-0.664631247520447,0.0345917690361634,0.0686717559425008,0.157130211591721,0.296550899744034,-0.80374030467279,-0.527900753966589
YDL033C,0.0815528184175491,-1.10562217235565,0.0227746270038403,0.123200948317415,0.0432324471573035,0.132122102379799,-1.3641906832935,-0.879024529325955
YDL029W,2.33245444297791,0.36664554476738,0.171016064081722,0.0318683581321922,2.00966239968936,2.67975783348083,0.303123104275805,0.428095547518642
YDL025C,0.137077838182449,-0.86838036775589,0.021395530746899,0.0685438765725871,0.0983523055911064,0.180781528105338,-1.00721545482183,-0.74284616318519
YDL022W,2.61494445800781,0.416338086128235,0.188007234881188,0.0312789135033168,2.25552843809128,2.99536354343096,0.353248300542068,0.476449535666622
YDL020C,0.612938284873962,-0.214401960372925,0.0559832764370576,0.0398345235351824,0.506798102955023,0.726107127467791,-0.295165019899511,-0.138999302741839
YDL015C,2.93834519386292,0.466414660215378,0.259238504205494,0.0383205341192714,2.45299632151922,3.46974520881971,0.389696895525132,0.540297584379706
YDL013W,0.14418613910675,-0.846170723438263,0.0221213172847919,0.0666889107308261,0.103857787698507,0.191907865429918,-0.983560992229968,-0.716907241707853
YDL010W,0.398107826709747,-0.425955653190613,0.138157939888474,0.152391126797508,0.179837141558528,0.719666684667269,-0.745120885325336,-0.142868602596221
YDL007W,3.45330047607422,0.53736138343811,0.219029648027564,0.0275884613467572,3.03353750904401,3.89272797505061,0.481949367384772,0.59025405584662
YDL006W,0.483149915933609,-0.323981732130051,0.0932517470775888,0.084017866132598,0.318830941865842,0.687226442495982,-0.496439836482185,-0.162900140336724
YDL003W,0.681578457355499,-0.168063163757324,0.0581140672107863,0.0370972215050188,0.569293119013309,0.8009073138237,-0.24466406810333,-0.0964177403751884
YDR004W,0.0720193609595299,-1.15955722332001,0.020025434873793,0.123145249566593,0.0380277762499948,0.116670230589807,-1.41989981251538,-0.93303995853977
YDR005C,0.293338596820831,-0.538272380828857,0.0472987659773864,0.0702596770656014,0.207437786956628,0.398484487831592,-0.683112139120726,-0.39958860071129
YDR006C,0.206490233540535,-0.687609910964966,0.0222003097456557,0.0467801450595377,0.164931651825706,0.252978297819694,-0.782695995778076,-0.596916733943644
YDR009W,0.0172179080545902,-1.8185076713562,0.00852188982795173,0.226128598422851,0.00478318610306208,0.0378327591965596,-2.32028366597484,-1.42213199441165
YDR014W,0.0903654396533966,-1.05121958255768,0.0164613853869136,0.0795751423509923,0.0610642562930783,0.125891337543726,-1.21421295883376,-0.900004152512459
YDR018C,0.0145549727603793,-1.91969430446625,0.0088387395881744,0.283480935474996,0.00292184877907857,0.0376411234028637,-2.53434301843935,-1.42433811577242
YDR019C,1.89499545097351,0.27637505531311,0.142740764349636,0.032758148554978,1.62433877090613,2.18288034598033,0.210676607617887,0.339029930362243
YDR020C,0.298086315393448,-0.555629372596741,0.110691572157235,0.164540372570248,0.12572979927063,0.554115982353687,-0.90056177780311,-0.256399403865152
YDR021W,0.361600488424301,-0.446023285388947,0.0506036292992878,0.0609546531016561,0.270456996063391,0.466943230231603,-0.567901780662179,-0.330735930468578
YDR023W,6.87796545028687,0.836844325065613,0.365343169465981,0.0231152209562707,6.1798232237498,7.61143445968628,0.790976051504057,0.881466512121297
YDR026C,0.128759980201721,-0.896159172058105,0.021262918614346,0.0721032309110247,0.0912584240858754,0.173756055285533,-1.03972708022199,-0.76006005541643
YDR027C,0.149102509021759,-0.829161942005157,0.0164466548409215,0.0480483422210402,0.117879618890584,0.183566711222132,-0.928561295628807,-0.736206091935921
YDR028C,0.478936046361923,-0.320741206407547,0.0328112824815843,0.0297628450081064,0.416012558092674,0.546460748215516,-0.380893559329403,-0.262441030810232
YDR035W,3.02870321273804,0.480260610580444,0.205216551792018,0.0294186742461447,2.64660885532697,3.44076528350512,0.422689760767883,0.536655047383116
YDR036C,0.421819716691971,-0.377182900905609,0.0435419298099212,0.0448308494126584,0.344344937553008,0.512794438004494,-0.463006298063817,-0.290056694050054
YDR043C,0.146949097514153,-0.895667552947998,0.0781160945585065,0.242881534169484,0.0377569165701667,0.343217666943868,-1.42300349110113,-0.464430725155454
YDR044W,0.976075947284698,-0.0132423313334584,0.10947923717064,0.0487246465931706,0.775600823760033,1.20292744338512,-0.110361739761347,0.0802394147924053
YDR046C,0.870867848396301,-0.0612057745456696,0.0635904317828998,0.0317282202252802,0.752600954969724,0.99802757948637,-0.123435242042005,-0.000857459473151885
YDR047W,0.60139387845993,-0.224117070436478,0.0740381446409958,0.0533703081434306,0.46881087149183,0.756978564957778,-0.329002357634675,-0.120916419099007
YDR051C,0.378609001636505,-0.42747774720192,0.0610636682671933,0.0704523523584005,0.269566629081964,0.508493284881115,-0.569333932986016,-0.293714803420416
YDR052C,0.205213963985443,-0.690651834011078,0.0234562232809807,0.0500097308152235,0.161016777902842,0.254173679401477,-0.793128872335221,-0.594869425576401
YDR054C,0.925914347171783,-0.0370691418647766,0.119774406855167,0.0563844465644248,0.717676940560341,1.18196394145489,-0.144071010292852,0.0726042150723392
YDR057W,0.287655085325241,-0.544340848922729,0.0351292685444764,0.0528278824275432,0.225451886157195,0.363320915897687,-0.646946129001896,-0.439709601441992
YDR058C,0.125598073005676,-0.918769896030426,0.0360136127944165,0.125271509760556,0.0660550391301513,0.209649809574087,-1.18009406182233,-0.678505527791936
YDR060W,1.12311494350433,0.0497854948043823,0.0608355653829083,0.023561233007235,1.00585588812828,1.24557361702124,0.00253576252468445,0.0953693914628991
YDR061W,0.236440911889076,-0.629898905754089,0.0305788407536191,0.0561742719044705,0.181372643137972,0.301342641065518,-0.741428277222319,-0.520939490769279
YDR062W,1.58276677131653,0.198578998446465,0.0983686876471186,0.0269912408753832,1.39146911303202,1.78426207701365,0.143473570134342,0.25145863498347
YDR065W,0.135574415326118,-0.879061996936798,0.0307633138424716,0.0996075190576921,0.0821989171827833,0.203387986620267,-1.08513391021565,-0.691674704486626
YDR068W,0.46424525976181,-0.338409841060638,0.0716474324084026,0.0670943269800306,0.336463722338279,0.61891480833292,-0.47306175515492,-0.208369128379569
YDR075W,0.378217577934265,-0.428989112377167,0.066473782784871,0.0768562621011466,0.259967620670795,0.520945763587951,-0.585080772650452,-0.283207545976689
YDR076W,0.0880978405475616,-1.06998431682587,0.0230264151606777,0.115231513941533,0.0483166396307449,0.13891755528748,-1.3159032786291,-0.857243479156266
YDR082W,0.0100079439580441,-2.08289051055908,0.00603185306740321,0.286499491538018,0.00186892188988471,0.024961801385507,-2.72840918423038,-1.60272411659798
YDR085C,0.0444787107408047,-1.36585462093353,0.0112456964831396,0.111557289637647,0.0253236029607554,0.0692099759976069,-1.59647455323145,-1.15983131249448
YDR087C,1.87928473949432,0.27134308218956,0.2079848155889,0.0479868513925971,1.50027753512065,2.31022279461225,0.176171599700286,0.363653841196027
YDR091C,2.00720477104187,0.301865369081497,0.116032965003248,0.0251101942601549,1.79119919538498,2.24075537323952,0.253143846482893,0.350394446335126
YDR096W,0.106698282063007,-0.976305961608887,0.0152195215410284,0.0625977980363642,0.0777435933550199,0.137436784307162,-1.10933540952516,-0.861897147969487
YDR104C,0.0506371408700943,-1.30155718326569,0.00841233773828824,0.0726976753396112,0.035414246811221,0.068265862762928,-1.45082201314927,-1.16579641666899
YDR105C,0.450799614191055,-0.34890154004097,0.0521172356038478,0.0500672957610759,0.358817374209563,0.563423912723859,-0.445126575996376,-0.249164725222125
YDR106W,0.018374040722847,-1.88027012348175,0.0148570955196015,0.384431509965729,0.00186410072395423,0.0561194243530432,-2.72953062702548,-1.25088679261333
YDR108W,0.146342486143112,-0.839101195335388,0.0209474519963632,0.0625890194711771,0.107327967882156,0.189889104291797,-0.969287093372426,-0.721499954223376
YDR109C,0.118274316191673,-0.932236015796661,0.0181810832838701,0.0669370919597167,0.0861386791492502,0.155840064585209,-1.06480180522332,-0.807320881035805
YDR110W,0.291857808828354,-0.538012444972992,0.0352313626745159,0.0527733927775263,0.225471881280343,0.364065454155207,-0.646907611569383,-0.438820528926383
YDR111C,0.155580550432205,-0.814507186412811,0.0268386744959462,0.0752323109154475,0.107527180885275,0.213134981691837,-0.968481746660969,-0.671345279198546
YDR113C,0.26359811425209,-0.585590898990631,0.0457186525817063,0.075622444676151,0.181581780438622,0.360209271560113,-0.740927731482806,-0.443445133349273
YDR116C,0.511018037796021,-0.299053400754929,0.0946770273057289,0.0810760475647177,0.347558839867512,0.710548455019792,-0.45897166538469,-0.148406353817229
YDR125C,0.0201961454004049,-1.74438786506653,0.0095927489859846,0.214776427384816,0.00601894136052579,0.0437433645129204,-2.2204799090727,-1.35908781633266
YDR129C,3.7873363494873,0.577777743339539,0.191834680673144,0.022047115368381,3.40545569856962,4.17868687709173,0.532175232274091,0.621039828165984
YDR130C,0.248486176133156,-0.617112517356873,0.0591166686363837,0.104778121399242,0.146423980221152,0.375708969930807,-0.834387838540258,-0.425148899850982
YDR131C,0.0759091302752495,-1.13074553012848,0.0171146247214958,0.0985131292987502,0.0466503845217327,0.113798529716829,-1.33114489116743,-0.943863389280752
YDR132C,0.0714136213064194,-1.16024935245514,0.0181597019609213,0.111292879481683,0.0410364238545299,0.111666677581767,-1.38683049649866,-0.952076411831324
YDR135C,0.841046273708344,-0.0757914036512375,0.0446317832486896,0.023084118470063,0.75542432864507,0.93131666680177,-0.121809033191553,-0.03090262492666
YDR141C,0.303569853305817,-0.518947243690491,0.0226305499838009,0.0323759485471938,0.261312672744195,0.350219230353832,-0.582839529970444,-0.455660015193921
YDR142C,0.112926587462425,-0.962800264358521,0.0304149542498237,0.117129772590816,0.0626485756908854,0.182616449271639,-1.20308879943782,-0.738460109733901
YDR143C,0.240898922085762,-0.621670424938202,0.0307058515806165,0.0552056577696939,0.185468658804893,0.306282340735197,-0.731729468572231,-0.513878082024463
YDR145W,0.399969846010208,-0.400665998458862,0.0444543339459325,0.048467474841807,0.319366066157818,0.491182457158962,-0.495711233851528,-0.308757285304434
YDR148C,1.23469984531403,0.0902574881911278,0.0955261082277828,0.0337214784894855,1.0500724375248,1.42735269467036,0.0212192591577447,0.154531296340738
YDR150W,0.404372036457062,-0.39401713013649,0.0244832286979467,0.0263809161738098,0.35771849801143,0.451965947449207,-0.446458605172812,-0.344894285476405
YDR151C,0.461341321468353,-0.341924548149109,0.0763198472876793,0.0721536555053005,0.327270010362069,0.629645979404449,-0.485093793610606,-0.200903568927976
YDR153C,0.468185782432556,-0.333177208900452,0.060170919546334,0.0560433428612199,0.357732361555099,0.593759160240491,-0.446441770730074,-0.226389678607811
YDR160W,0.0187765266746283,-1.75118207931519,0.00635473236340846,0.149009955960037,0.00850309084635228,0.0335437899765869,-2.0704231843989,-1.47438791490303
YDR161W,1.05393040180206,0.0208495557308197,0.100304487582805,0.0413351696055191,0.869624774158001,1.26363128423691,-0.0606680991375111,0.101620369107984
YDR165W,1.2585506439209,0.0984562262892723,0.101697231754638,0.0350780461651356,1.06844287713369,1.46471603711446,0.0287513007177329,0.165753436222162
YDR168W,1.76444864273071,0.245686322450638,0.114922833785538,0.0283166599384668,1.54787292877833,1.99324877361457,0.189735272816422,0.299561499252808
YDR169C,0.26096910238266,-0.587161839008331,0.0342143240906716,0.0572597663655069,0.197965452323357,0.332020152111848,-0.703410659011101,-0.478835557576633
YDR172W,4.44990682601929,0.647866368293762,0.210247970263383,0.0205098127059516,4.04072666565577,4.87958126862844,0.606459473542308,0.688382552890247
YDR173C,0.224308177828789,-0.657183587551117,0.0433979610744012,0.0837038561709116,0.14918705560267,0.320797754079103,-0.826268911431219,-0.49376868102137
YDR179W-A,0.076919287443161,-1.12700664997101,0.0187554346282491,0.107614569796591,0.0443404572705428,0.118284423773487,-1.35320002804275,-0.927072447554093
YDR181C,0.152983352541924,-0.821643769741058,0.0260686519748858,0.0741730976241032,0.105901973011593,0.20865883231163,-0.975096025466317,-0.68056323095642
YDR183W,0.181399121880531,-0.791198372840881,0.0872297233968904,0.213967887477214,0.0565810781903565,0.396031403044859,-1.2473287819642,-0.402270793692001
YDR184C,0.531207919120789,-0.280887812376022,0.0896846305491154,0.073289811228006,0.37383446469903,0.723715662956238,-0.427320693339334,-0.140432028089914
YDR186C,0.263207465410233,-0.581606566905975,0.024659535636401,0.0407379092094251,0.216203884532054,0.314118080834548,-0.665136583929215,-0.502907066020612
YDR189W,0.689068675041199,-0.162977397441864,0.0521050514696656,0.0328314219990696,0.591048176089923,0.797800553838412,-0.228377129720443,-0.0981056711057868
YDR191W,0.0774869322776794,-1.13256072998047,0.0244029532429412,0.139737400981494,0.0372393428968887,0.132452535877625,-1.4289979948624,-0.877939743955712
YDR194C,1.03103315830231,0.0123024089261889,0.0689185839057291,0.0290469676793997,0.899950882792473,1.17409114539623,-0.0457812102022365,0.0697018114140125
YDR200C,0.158876374363899,-0.80383038520813,0.0237729240274904,0.0654580745039073,0.114730162608127,0.208605796098709,-0.940322403068013,-0.68067362889743
YDR204W,0.431262880563736,-0.37088817358017,0.0692875619487754,0.0702427842969026,0.306497384111087,0.578551854689915,-0.513573255801588,-0.23765808877115
YDR205W,0.171417832374573,-0.7692990899086,0.0213239823335864,0.0540737275877911,0.132090523838997,0.217884585261345,-0.879128337510761,-0.661773493814058
YDR206W,0.241244241595268,-0.61962479352951,0.0236091191557548,0.0425658806094243,0.19690530312558,0.289339878658454,-0.705742664418976,-0.538591727076845
YDR208W,0.377277672290802,-0.42493748664856,0.0323115315994316,0.0373192767380232,0.317375125735998,0.443609584619602,-0.498427127803754,-0.352999079948279
YDR211W,1.63343381881714,0.2124392837286,0.090289869005655,0.0240019878912112,1.46257115701834,1.81712720990181,0.165117001774062,0.259385330385262
YDR214W,2.59902024269104,0.41346201300621,0.204694216013794,0.0342609240528155,2.2163580139478,3.01494868000348,0.345639891885941,0.47927992403655
YDR218C,0.0275154300034046,-1.59900295734406,0.0115632491356381,0.186966126066015,0.0101498626172543,0.0546794878008465,-1.99353983607315,-1.26217558875344
YDR219C,0.266431480646133,-0.578371822834015,0.0359432849426195,0.0587806898472657,0.20219783273836,0.341305390000343,-0.694223556165097,-0.466856858475802
YDR223W,0.0109907584264874,-2.03452038764954,0.00637558149743064,0.269077070397728,0.00235238531216358,0.0273090455991526,-2.62849224289217,-1.56369352151275
YDR228C,0.242099806666374,-0.618996977806091,0.0284514157027555,0.0510593579592397,0.189246231814226,0.300402818371852,-0.72297275922209,-0.522296004372335
YDR232W,1.27522134780884,0.104575656354427,0.0871272232390797,0.0296037299869551,1.11483779946963,1.45574162006378,0.0472116851398993,0.163084289568006
YDR234W,1.59846901893616,0.202991396188736,0.0916226438002106,0.0249032903940123,1.42858707904816,1.78689422309399,0.154906717800659,0.252098844599226
YDR237W,0.475597113370895,-0.329550206661224,0.0837996302789559,0.0772406624380799,0.325625289728244,0.653199699521065,-0.487281872969914,-0.184954039890021
YDR238C,2.02699327468872,0.306347399950027,0.0976840027474782,0.0209712093120666,1.84259167313576,2.2174583474795,0.265429104127877,0.345855470035743
YDR239C,0.138331487774849,-0.862420618534088,0.0171504945474367,0.0540106819137735,0.107587911747396,0.174632496883472,-0.968236522068461,-0.757874975370102
YDR242W,0.00875771604478359,-2.1365430355072,0.00523080651846009,0.275958767024944,0.00179702693227834,0.0217940148276587,-2.74544541900975,-1.66166296917766
YDR243C,0.212826684117317,-0.675614833831787,0.0276087327732958,0.0563318720515677,0.161102613185843,0.272195223967234,-0.792897421036726,-0.565119512527864
YDR245W,0.813797235488892,-0.0917384922504425,0.0828305089910076,0.0443444431859316,0.657648040850957,0.983491755028566,-0.182006469744776,-0.00722927716481632
YDR249C,0.0558190308511257,-1.28233015537262,0.0202610763932817,0.16237138348686,0.0237595038798948,0.102496041481694,-1.62416264669274,-0.989293017895646
YDR251W,0.345216006040573,-0.46356001496315,0.0300650035426374,0.0379297050634161,0.288585583865643,0.405175298452377,-0.539725368979793,-0.392357039305907
YDR258C,0.990005671977997,-0.00515795685350895,0.0599084951745409,0.0263118649185789,0.879211426774661,1.10787951946259,-0.0559066884864311,0.0444925339686204
YDR259C,0.0320924445986748,-1.53612852096558,0.0141524538516401,0.197040637289553,0.0110068715487917,0.0649235054850578,-1.95833616910295,-1.18759816921593
YDR262W,0.5907923579216,-0.235750690102577,0.1074970242593,0.0793187168886628,0.406158759196599,0.818851113319397,-0.391304187868191,-0.0867950561661806
YDR263C,0.00791530311107635,-2.21933770179749,0.00574213570251912,0.342373334597868,0.00105067295856619,0.023040695519497,-2.97853314918406,-1.63750520795729
YDR264C,0.736746191978455,-0.133788213133812,0.0525601165803201,0.03102111534948,0.636604607105255,0.840518931051095,-0.196130222716037,-0.0754525009874506
YDR266C,0.535007834434509,-0.273462772369385,0.0489584494882755,0.0398570771812069,0.444258586565653,0.637404439846674,-0.352364179695178,-0.195584917624425
YDR267C,0.314415156841278,-0.510558664798737,0.0606030407473619,0.084040517671531,0.208111807703972,0.445359870543083,-0.68170327838904,-0.351288918731955
YDR270W,0.133310094475746,-0.878221571445465,0.0159257776758846,0.0518475532776445,0.10497363768518,0.16695727755626,-0.978919840266959,-0.777394850998872
YDR272W,1.29046773910522,0.106252439320087,0.186297664511723,0.062536556758397,0.955799281100432,1.68591892719269,-0.0196334777775395,0.226836686350755
YDR273W,0.0219092033803463,-1.72871720790863,0.0123376138261525,0.255722110997983,0.00514258976327255,0.0525983952606717,-2.28881817949582,-1.27902816495288
YDR277C,0.0307928826659918,-1.550461769104,0.0129030261480766,0.189454894696652,0.0108574113653352,0.0611483380198479,-1.96427410420594,-1.21361534236634
YDR279W,0.153996184468269,-0.824925601482391,0.0365611316606221,0.105168148213621,0.0910726963852843,0.234479983150959,-1.04061180854259,-0.62989430568238
YDR280W,0.88330352306366,-0.0576476380228996,0.116026611963848,0.0573001723405691,0.668780155479908,1.12540790836016,-0.174716627837571,0.0513099623887011
YDR282C,0.0736455544829369,-1.15098714828491,0.021045952747348,0.127735223096546,0.0372014492750168,0.120246626498798,-1.42944014076643,-0.91992748216197
YDR285W,0.0287823770195246,-1.55511498451233,0.00734135317281452,0.112351184010092,0.0161759450721244,0.0452307033042113,-1.79113051584087,-1.3445667607875
YDR287W,0.376993924379349,-0.432381302118301,0.0757748484365599,0.087345523052781,0.245071215058366,0.545498070120811,-0.610707697309016,-0.2632068060683
YDR288W,0.137767791748047,-0.879850387573242,0.0406395267226709,0.130105895437397,0.0703650007645289,0.227878575896223,-1.15264387290935,-0.64229650536731
YDR289C,0.238260835409164,-0.628909826278687,0.0395204713440376,0.0721798561794896,0.168430908521016,0.322267684092124,-0.773578518493892,-0.4917832531268
YDR292C,0.574268996715546,-0.242365211248398,0.0473772279124617,0.0359280120852356,0.484942866365115,0.670293268064658,-0.314309424890168,-0.173735143317931
YDR293C,0.848039627075195,-0.0722522810101509,0.0469878497305675,0.0241231357138728,0.757243083914121,0.938458314538002,-0.120764684499913,-0.0275850177084319
YDR294C,0.952606856822968,-0.0222711488604546,0.0702792493029537,0.0321324176231929,0.820240698258082,1.09443620244662,-0.0860586866572711,0.039190446297698
YDR295C,0.187348648905754,-0.731046259403229,0.0244721425144102,0.0568021657570496,0.142136339098215,0.239831387996674,-0.847294880294845,-0.62009397911168
YDR299W,0.7570720911026,-0.122299440205097,0.0616622958598991,0.0353524080196451,0.643561194340388,0.884475133319696,-0.191410151216977,-0.0533143775417255
YDR301W,0.214272722601891,-0.67059725522995,0.0181705735570624,0.0369109807796916,0.179354184120893,0.251007008800904,-0.746288519575115,-0.600314152665283
YDR309C,0.904751002788544,-0.0457691513001919,0.0932416295089614,0.0447077702310799,0.734797164301078,1.09908810754617,-0.133832528564408,0.0410324156315526
YDR311W,0.297879189252853,-0.528401672840118,0.0316740082131539,0.0460546958476828,0.240190882111589,0.366810344159603,-0.619443484297827,-0.435558426293919
YDR313C,0.101986564695835,-1.02591443061829,0.0403209061900437,0.176992439803611,0.0399739311697582,0.197138420119882,-1.39822322923993,-0.705228728233158
YDR314C,0.0183769427239895,-1.76788032054901,0.00705606889842025,0.170359699682105,0.00751054960613449,0.0347279183877011,-2.12432828240581,-1.45932148194787
YDR316W,0.118993528187275,-0.933171391487122,0.0236912884673912,0.0875732439954134,0.0762887720018625,0.169092543919881,-1.11753937761978,-0.771875567411999
YDR317W,0.0284408964216709,-1.5893189907074,0.0126251041125455,0.199280626374086,0.00947891663139065,0.0581306738468508,-2.02324141035103,-1.23559468527547
YDR318W,0.0561722293496132,-1.28112983703613,0.0210210408000298,0.166347844436251,0.0236926079106828,0.104728160053492,-1.62538737400864,-0.979936651347992
YDR319C,0.209735497832298,-0.699759602546692,0.0659800307964126,0.138244002385014,0.103099493930737,0.364018352826436,-0.986743678239799,-0.438876731752168
YDR321W,3.758376121521,0.573963522911072,0.259258937721173,0.0300402747224018,3.26703133185705,4.28537217378616,0.514153299147604,0.631988545191905
YDR322W,0.355349659919739,-0.45464214682579,0.0555729287313456,0.068022983388282,0.256727576752504,0.474534380435944,-0.590527494157976,-0.323732322302768
YDR323C,0.0453402288258076,-1.36517310142517,0.0142010994012398,0.139442779253419,0.0219731052095691,0.0767185496166348,-1.65810856602587,-1.11509962089067
YDR324C,1.03604173660278,0.0144947841763496,0.0659844451834368,0.0277273589816829,0.90854542752107,1.17042684555054,-0.0416533754680446,0.0683442744473584
YDR329C,0.327700763940811,-0.488674372434616,0.045260060833998,0.0602629565114741,0.244987753778696,0.421361313760281,-0.610855628981261,-0.375345340633601
YDR331W,0.62882536649704,-0.204207539558411,0.0706595722699247,0.0488347502028457,0.500020373115937,0.774938764174779,-0.301012313452931,-0.110732621743308
YDR332W,0.0234042629599571,-1.65369880199432,0.00754516333828533,0.144151297745319,0.0109149005574485,0.0409949307329953,-1.9619802393572,-1.38726988123976
YDR333C,0.343954563140869,-0.465372413396835,0.0319365616682021,0.0404204429432512,0.284381215771039,0.40987491235137,-0.546099094715111,-0.387348687668952
YDR335W,0.504103600978851,-0.298385143280029,0.0324908101059789,0.0280731365387515,0.440884500741959,0.569023757179578,-0.355675168491794,-0.244869604241643
YDR337W,0.344582468271255,-0.47156035900116,0.0695794456854738,0.0881917536773847,0.224474167575439,0.496969689677159,-0.648833643656592,-0.303670113596594
YDR338C,0.106375195086002,-0.978878974914551,0.0172951087747703,0.0706756538428338,0.0754432832201322,0.143403691550096,-1.12237942106923,-0.843439673071489
YDR341C,4.07356357574463,0.609431564807892,0.203410269252271,0.021717257476284,3.68451240857442,4.48336010773977,0.566380019965003,0.651603623153113
YDR346C,1.95849740505219,0.291036695241928,0.125378230186413,0.0277301299009565,1.72857785224915,2.22551640073458,0.237688944214443,0.347430798607278
YDR347W,0.55397766828537,-0.260955542325974,0.0795371255456127,0.0622429778292,0.409850701938073,0.730319928129514,-0.387374316804608,-0.136486887885151
YDR348C,0.424138635396957,-0.374769330024719,0.0434345538161633,0.0445351592656886,0.343203509847323,0.517003042002519,-0.464448284878241,-0.286506930824143
YDR350C,0.0707657709717751,-1.15839087963104,0.0137531920178596,0.0848880899467873,0.0470410755214592,0.100074729882181,-1.32752275755606,-0.999675610234304
YDR352W,0.383324176073074,-0.422937154769897,0.0660173796809922,0.0756187376422511,0.265140570203463,0.520521581172943,-0.57652381418524,-0.283561259640433
YDR354W,0.930106937885284,-0.0335939861834049,0.0922958882464605,0.0429931308653063,0.761698484420776,1.12454915046692,-0.118216908537308,0.0509784418170766
YDR359C,0.108766652643681,-0.96694403886795,0.0137250247144751,0.0547035781181831,0.0848843567694227,0.137567344183723,-1.07117234246919,-0.861484651753251
YDR361C,1.88922584056854,0.273712813854218,0.206470152011093,0.0472430443223153,1.5172681838274,2.33031655748685,0.181062317396807,0.367414893004862
YDR362C,0.144833132624626,-0.843593060970306,0.0208501658544048,0.0622867900081472,0.107850559117893,0.190591795369983,-0.967177750379975,-0.719895803889498
YDR363W,0.11413811147213,-0.951267600059509,0.0227206545897872,0.0875899469902132,0.0741652324795723,0.163290191317598,-1.12979963759008,-0.78704018085482
YDR365C,1.12090420722961,0.0487197712063789,0.070087024980493,0.0271679171994321,0.987933711210887,1.26869404315948,-0.00527219625390483,0.103356900748538
YDR369C,0.0819821283221245,-1.09133231639862,0.0124590150122169,0.0665380628259229,0.0593451967152456,0.107877874933183,-1.22661444799447,-0.967067641881789
YDR371W,0.115973353385925,-0.943050801753998,0.0215154904762681,0.0804611848311971,0.0782165889317791,0.163067804525296,-1.1067011318406,-0.787631778557777
YDR372C,1.192538022995,0.0743130668997765,0.119024853661941,0.0433481840993756,0.975587963064512,1.44200841287772,-0.0107335707670443,0.15896778094664
YDR375C,0.177381813526154,-0.757210373878479,0.0298640689081713,0.0730830338939593,0.124701827764511,0.243917030841112,-0.904127180986381,-0.612757945948318
YDR376W,0.25772887468338,-0.592625558376312,0.0339540030013273,0.0576011829454258,0.193875804543495,0.327967850863934,-0.712476386944552,-0.484168726182449
YDR379W,0.0998181477189064,-1.00482177734375,0.0135963971656208,0.0593217388898709,0.0752522402753433,0.128588166584571,-1.12348063458268,-0.89079899739233
YDR380W,1.07234370708466,0.0293331332504749,0.0728663145781727,0.0294838423006123,0.93413119862477,1.22549154758453,-0.0295921680084197,0.0883103201023122
YDR383C,0.12946529686451,-0.934912383556366,0.0598153269956942,0.20964067563081,0.0419919453561306,0.275282503167788,-1.37683400538438,-0.560221421602825
YDR384C,1.9291125535965,0.282509088516235,0.221363203013857,0.0497766677725529,1.51900625228882,2.41261216600736,0.181559561439445,0.382487486395648
YDR387C,0.0411420613527298,-1.40589320659637,0.0124454146052187,0.134544862076269,0.0200432153729101,0.0696347291891772,-1.69803270628607,-1.15717547860016
YDR388W,1.74887299537659,0.24166251718998,0.124539809704607,0.0308320654599208,1.52135527133942,2.00907483498255,0.182230643616102,0.30299610874681
YDR389W,0.268034607172012,-0.574519336223602,0.0299519146620987,0.0485967303095021,0.212220653891563,0.331672452390194,-0.673212351656942,-0.47929072971421
YDR390C,0.506385087966919,-0.297140866518021,0.0438075037351661,0.0375661113855762,0.424349146833022,0.59627587745587,-0.372276678829519,-0.224552762681675
YDR391C,0.19710798561573,-0.744590520858765,0.0839811091564298,0.188736642260655,0.0725976595034202,0.398772882918517,-1.13907872698468,-0.399274384231915
YDR392W,0.294618397951126,-0.537839889526367,0.0531564112145863,0.0789557809037618,0.199156577140093,0.406243702024221,-0.700805554023295,-0.391213359583266
YDR393W,0.128238931298256,-0.900252997875214,0.0250456452438884,0.0851738580164268,0.0834062887976567,0.181972116231918,-1.07880122333773,-0.739995154291634
YDR394W,2.71920824050903,0.433523923158646,0.177171223698539,0.0282498214094142,2.38930411338806,3.08445981939634,0.378271430447665,0.489179115715186
YDR398W,0.802786767482758,-0.0965975746512413,0.0597345967405915,0.0322575708963664,0.692104524870714,0.927133447428544,-0.159828311772562,-0.0328577586853567
YDR400W,0.432962357997894,-0.368650197982788,0.0664346227619452,0.0667144341937851,0.316136791308721,0.575323154528936,-0.500125463249713,-0.24008817967591
YDR403W,0.0296098329126835,-1.55637145042419,0.0104114529046379,0.15949353480278,0.01261424710198,0.0529039481965204,-1.89913930778878,-1.27651192949948
YDR405W,0.419765919446945,-0.388855785131454,0.0984371576984449,0.101973093386628,0.258792454500993,0.631382058560848,-0.58704839102526,-0.199707905881052
YDR409W,0.0707302689552307,-1.15698969364166,0.012341553825221,0.0759510544171167,0.0488175155594945,0.0975381051500638,-1.31142435911808,-1.01082568613935
YDR410C,0.504644572734833,-0.313389927148819,0.1386596848946,0.120410340487671,0.270658698429664,0.817421583334604,-0.567578032786354,-0.0875539477870811
YDR411C,0.75317370891571,-0.126699596643448,0.0967938442771784,0.0560197196944246,0.576845041910807,0.95449196845293,-0.238940838167118,-0.0202277624949084
YDR412W,1.17007887363434,0.0598985552787781,0.229873778263722,0.0852557471602023,0.774995149672031,1.68313104708989,-0.110701016034548,0.226117929403592
YDR414C,0.107242159545422,-0.986278116703033,0.0297470396070578,0.121413109719348,0.0580096337633828,0.175338079159458,-1.23649990548103,-0.756123755756161
YDR415C,0.462977677583694,-0.338381260633469,0.0625808498358441,0.0585683429788088,0.350367970764637,0.598051293690999,-0.455475625850503,-0.223261568071865
YDR416W,0.123332470655441,-0.912915527820587,0.0167003777935506,0.0590714945737312,0.0932924821972847,0.158934840435783,-1.0301533516638,-0.79878089013336
YDR427W,1.66662991046906,0.220402806997299,0.135532072451776,0.0353433198302919,1.41844737629096,1.95115910271804,0.151813226822388,0.290292684116428
YDR428C,0.309276849031448,-0.525713741779327,0.0840673923486887,0.119296936773348,0.169703626011809,0.497528284788132,-0.770308878259365,-0.303182224308755
YDR430C,0.309569090604782,-0.510758221149445,0.0258907963321032,0.0363004218627305,0.260834236939748,0.365599124630292,-0.583635405607203,-0.436994861577268
YDR435C,0.293930202722549,-0.540508329868317,0.0589416151549309,0.0877421635196433,0.188824626679222,0.423136002818743,-0.723941380435824,-0.373520023476862
YDR436W,0.150262236595154,-0.827340304851532,0.0207827479810325,0.0606205975947124,0.111542478203773,0.192569628357887,-0.952559710765493,-0.715412207744653
YDR438W,0.0104461312294006,-2.10815525054932,0.00794327606764115,0.35644320134622,0.00123222718539182,0.0308281510447461,-2.90930931513716,-1.51105486585102
YDR439W,0.13315512239933,-0.890028834342957,0.0343709786864378,0.112574208308591,0.0762126949926217,0.209471664701899,-1.11797268309617,-0.678874730551444
YDR440W,0.107612818479538,-0.975329577922821,0.0194667929748573,0.0795743903855371,0.0729167987282077,0.147449416046341,-1.13717241618657,-0.831356967962509
YDR449C,0.738543927669525,-0.133568450808525,0.0699741447864107,0.0411283626780429,0.611713143686453,0.885269868870576,-0.213452196131241,-0.0529243174140026
YDR451C,0.635437667369843,-0.20049837231636,0.0812990343245907,0.0558781980598317,0.483598385006189,0.801514222224553,-0.315515158195987,-0.0960887683572244
YDR456W,0.342263549566269,-0.467975646257401,0.0353989206206189,0.0451832016904543,0.277213140328725,0.41351860811313,-0.557186188970388,-0.383504944997102
YDR459C,0.0508920922875404,-1.326620221138,0.0198353092172793,0.173545897607034,0.0205133435005943,0.0966273709510763,-1.68796355202454,-1.01489983706557
YDR463W,0.756976544857025,-0.122613564133644,0.0670610707647109,0.038374763913139,0.636718812584877,0.894670968751113,-0.196052319114803,-0.0483366558120327
YDR464W,0.19374418258667,-0.714390099048615,0.0167270503763623,0.0375088519213763,0.162736650928855,0.228402489547928,-0.788514652188046,-0.64129917171212
YDR465C,0.934715509414673,-0.0312753617763519,0.0888202039999982,0.0412408825025998,0.771878570318222,1.11771013041337,-0.112451027788404,0.0483291477697859
YDR472W,0.513177812099457,-0.297865927219391,0.0989390049010848,0.0845901933916926,0.339508516589801,0.721808254718781,-0.469149327069022,-0.141578155584468
YDR473C,0.0737770274281502,-1.14650321006775,0.0188768188713044,0.113292857923671,0.0403951828057567,0.11531625688076,-1.39367043425985,-0.938109463078957
YDR475C,0.103721007704735,-0.988925099372864,0.0154225507208198,0.0646709136557342,0.0752427825704217,0.137700135136644,-1.12353524860691,-0.861065635077483
YDR477W,0.706418216228485,-0.152250751852989,0.0548832637965154,0.0338089816001229,0.599410505096118,0.818394468228022,-0.222275794530608,-0.0870373159630491
YDR479C,0.112186349928379,-0.957007884979248,0.0200174384360697,0.0781180617112531,0.0761298606172204,0.153319540744026,-1.11844496952127,-0.814402493965052
YDR480W,0.240110784769058,-0.628724813461304,0.0490549991843511,0.0898012962796138,0.155676186457276,0.345145231237014,-0.807777815725265,-0.461998322522206
YDR481C,1.99017775058746,0.298097640275955,0.120318267733556,0.0263035235230996,1.75684914986293,2.23128094275792,0.244734472738011,0.348554252251684
YDR484W,0.151193708181381,-0.825009882450104,0.0218328938437921,0.0630642373818747,0.111015557249387,0.197365246961514,-0.954616157113186,-0.704729317634583
YDR486C,1.08441531658173,0.0245907809585333,0.240194503452777,0.0965077045745481,0.675456716120243,1.60457231203715,-0.170402477004583,0.205359251461969
YDR489W,0.184373944997787,-0.750645577907562,0.0503479948215198,0.120601005317165,0.0976044670989116,0.298010002324978,-1.01053046839015,-0.525769196948357
YDR490C,0.172901481389999,-0.765486359596252,0.0211541483915878,0.0536378341311854,0.133945301795999,0.215312767401337,-0.873072514907143,-0.666930328398257
YDR492W,0.645323991775513,-0.194786712527275,0.093407297603607,0.0632120710932992,0.474485374738773,0.840979812542597,-0.323777288220724,-0.0752144312779937
YDR494W,0.255181103944778,-0.599944472312927,0.0451552146162637,0.0771385802236926,0.173291037480036,0.354589666426182,-0.7612238989751,-0.450273925325578
YDR495C,0.119841210544109,-0.92428719997406,0.0138157370694174,0.050238429283379,0.0939333475505312,0.149293805162112,-1.02718025786702,-0.825958212654305
YDR497C,1.59798419475555,0.202715411782265,0.100274037596003,0.0272901938681956,1.41069787641366,1.7976702362299,0.149434011269556,0.254710027927289
YDR498C,0.209015384316444,-0.686803460121155,0.0373286728743892,0.0783112005750452,0.142626294990381,0.287334830065568,-0.845800402708346,-0.541611726642144
YDR505C,0.311100900173187,-0.508739948272705,0.0270683337925832,0.0377962561343213,0.260171798616648,0.366834037999312,-0.584739782465276,-0.435530373614681
YDR506C,0.0937130376696587,-1.03585660457611,0.0175464861967707,0.0820683128779679,0.062892418478926,0.131035549193621,-1.2014017117878,-0.882610889633615
YDR514C,0.23408916592598,-0.63479870557785,0.0324472292325426,0.0604449036433876,0.175924211243788,0.301383457581202,-0.754674566935338,-0.520880590789218
YDR515W,0.20414836704731,-0.69525009393692,0.031488538214195,0.06750159574649,0.145423670113087,0.271894832203786,-0.837364982519278,-0.565599052959804
YDR516C,0.469394683837891,-0.330714195966721,0.0478792888734687,0.0442473338087992,0.382193457335234,0.570876384278138,-0.417716751809382,-0.243457923445586
YDR517W,0.944284975528717,-0.0270124170929193,0.0932764570963347,0.0429132723837986,0.771351603666941,1.13604092399279,-0.112747642247173,0.0553939753390639
YDR518W,0.674417972564697,-0.172703564167023,0.0584192638355692,0.0377221461634196,0.5650166913867,0.791752438743909,-0.24793872387258,-0.101410590441075
YDR520C,0.114852890372276,-0.944508492946625,0.0167665392334992,0.0638279031390159,0.0845476295178135,0.150594009955724,-1.07289856529612,-0.822192310174842
YDR523C,0.00665635988116264,-2.28899335861206,0.00473494236775956,0.332754435869366,0.000943443122378085,0.0188158147657911,-3.02528438040921,-1.72547824704803
YDR528W,0.255160331726074,-0.598179876804352,0.038593987336761,0.0661395023756687,0.183669954538345,0.333693873633941,-0.73596188150265,-0.476651770364468
YDR530C,0.171242743730545,-0.779250264167786,0.0415761431193372,0.106554417296643,0.101134784085055,0.263816074281931,-0.995099457403157,-0.578698753248491
YDR532C,0.0681984052062035,-1.18807291984558,0.0214284594578049,0.139968638355971,0.0334195351849,0.115766718424857,-1.47599964502608,-0.936416281031503
YDR533C,0.410383105278015,-0.406793981790543,0.123994992966707,0.133482261058256,0.211077535028259,0.691782873372237,-0.675557986789464,-0.160030213959326
YDR534C,0.171099320054054,-0.772187232971191,0.0270750873467208,0.0689153879187605,0.123304233824213,0.227948000778755,-0.909022014324633,-0.64216421332921
YDR536W,0.0147565873339772,-1.87940716743469,0.00692567612509866,0.21139657433325,0.00451401714235544,0.0312204752117395,-2.34543679598572,-1.50556049075901
YDR538W,0.135431408882141,-0.918135166168213,0.0640186927624586,0.215461787013798,0.0430876297255357,0.28657462572058,-1.36565085528394,-0.542762279255959
YDR539W,0.403299361467361,-0.397001594305038,0.0443438682520972,0.0478750506967582,0.320512979477644,0.494940903286139,-0.494154381296557,-0.305446691235825
YEL072W,0.0389842949807644,-1.58239471912384,0.0358089629057811,0.420739836583092,0.00301854652352631,0.132907078787684,-2.52020938331759,-0.876451996224303
YEL071W,4.41443395614624,0.644202470779419,0.245728585117348,0.0242106727524537,3.94722897807757,4.91120774745941,0.596292320383756,0.691188304012739
YEL065W,0.922661423683167,-0.036029826849699,0.0648857824988184,0.0305493018248536,0.800073990722497,1.05675175289313,-0.0968698482714363,0.023972973501131
YEL063C,0.921337306499481,-0.0367720611393452,0.0681925987147693,0.0321770851752821,0.792217214405537,1.06072568893433,-0.101155724914259,0.0256030868372742
YEL062W,0.103503733873367,-0.991958618164062,0.018373695201309,0.0780274467563069,0.0706962570548058,0.141414402425289,-1.15060357889722,-0.84950636440928
YEL060C,1.5667690038681,0.194202750921249,0.0953139840463888,0.0264035929469571,1.38756385743618,1.76075708866119,0.142252978938758,0.245699414533352
YEL058W,1.82442557811737,0.260244935750961,0.116191225223269,0.0276975141626694,1.59800696372986,2.06089537938436,0.203578667532955,0.314055945499816
YEL057C,0.0636577382683754,-1.30717396736145,0.0453109503555043,0.330006800512843,0.00909553012655427,0.179807166879375,-2.04117209564501,-0.745194289184283
YEL056W,0.425640225410461,-0.374885946512222,0.0572367998314285,0.0585595348914364,0.321592811991771,0.545275767147541,-0.492693733183175,-0.263383802679673
YEL055C,0.882077932357788,-0.0552418194711208,0.0517210785047727,0.0255485412891986,0.781083598236243,0.985924477378527,-0.107302483880552,-0.006156351238681
YEL052W,0.331748634576797,-0.482644975185394,0.0419243844579842,0.0548232705000631,0.255496203899384,0.420738076170286,-0.592615548123389,-0.375988183564377
YEL051W,4.33878612518311,0.634806215763092,0.472983223549033,0.0471662226841458,3.49508022665977,5.35199039379756,0.5434571487391,0.728515324954
YEL050C,0.473829686641693,-0.328222155570984,0.0630182520216895,0.0579385664438194,0.360302332292,0.60359141677618,-0.443332955468135,-0.219257097827138
YEL047C,1.76835000514984,0.246462643146515,0.126275462035631,0.0309975201738846,1.52992477814356,2.02606153488159,0.184670017340208,0.306652631475242
YEL042W,1.81297934055328,0.257474720478058,0.117994521812238,0.028250987606382,1.58685971796513,2.05880244374275,0.200538524623348,0.313614667849415
YEL041W,0.0381034985184669,-1.44433844089508,0.0129931344021556,0.150722144455861,0.0173987261640529,0.0682366119697689,-1.75948255835382,-1.16598274602559
YEL038W,1.59602093696594,0.193342208862305,0.34070397170254,0.0918393797576153,1.03167158663273,2.38013422687848,0.0135414256726106,0.376601429694624
YEL037C,2.60855960845947,0.415229141712189,0.191218722207382,0.0319417866424932,2.23635669350624,2.99146699905396,0.349541067021401,0.475884216201024
YEL032W,0.638334155082703,-0.195904180407524,0.0422164271993907,0.0287856529916808,0.559663414458434,0.72303142696619,-0.252073082266179,-0.140842826198013
YEL031W,2.73837041854858,0.437079876661301,0.118971583561111,0.0189512071582631,2.49033737182617,2.96810385187467,0.396258185970191,0.472479092180431
YEL030W,0.0144129749387503,-1.88357973098755,0.00627090778467238,0.197905804729217,0.00488102682866156,0.0288262737449258,-2.31149291785956,-1.54021155113751
YEL029C,0.403258413076401,-0.40081188082695,0.0692979009825437,0.0747643886362291,0.283835851649443,0.555833160877228,-0.546932766364686,-0.255055546877846
YEL023C,0.00667144171893597,-2.25328350067139,0.00396994125878314,0.272145721325626,0.00140614999302973,0.0166168010638406,-2.85196837333448,-1.77945276584873
YEL020C,0.0774614661931992,-1.12165307998657,0.0171710460850993,0.0973844178117567,0.0474560899970432,0.114707581202189,-1.32370833649168,-0.940407878687915
YEL019C,0.0848864242434502,-1.1219710111618,0.0405486163071384,0.218384607866862,0.0252859946805984,0.179555391644438,-1.59712661174225,-0.745801567076421
YEL018W,0.371418923139572,-0.440896719694138,0.0826391786025727,0.0973648683347837,0.226396906375885,0.552073839306831,-0.645129670515481,-0.258002850020908
YEL017W,0.481497704982758,-0.32275390625,0.0753290733031628,0.0684823224832588,0.346139848232269,0.642281759281953,-0.460748401077993,-0.192274413871576
YEL013W,1.33414673805237,0.124162755906582,0.0924403183012871,0.0300847913117103,1.16126626729965,1.52815817892551,0.0649318102113046,0.184168293687076
YEL011W,0.0707299187779427,-1.15905702114105,0.0140807276426933,0.0873882825824993,0.0456544891620676,0.100572424195707,-1.34051656318683,-0.997521188850964
YEL009C,1.32557582855225,0.118597596883774,0.175744556199912,0.0575859805633411,1.00795795718829,1.70246483882268,0.00344239258122789,0.231078148965651
YEL007W,0.53426605463028,-0.27387347817421,0.0464414599812425,0.037617241724714,0.449513405561447,0.632484638690949,-0.347257352040763,-0.198950017856308
YEL005C,0.067962259054184,-1.21632409095764,0.0325236874149726,0.21042986114761,0.0217443740305801,0.144947990775108,-1.66265346221676,-0.838787800325066
YEL002C,2.90463066101074,0.46217954158783,0.188046156656425,0.0281142018702647,2.55514657696088,3.28861861228943,0.407415818633672,0.517013497177828
YER002W,1.82438182830811,0.254467904567719,0.320272954965324,0.0761663575497216,1.27241255243619,2.5439299484094,0.104627883348039,0.405505140462361
YER003C,4.96296072006226,0.69495964050293,0.297843907992704,0.0260755874331715,4.39243919849396,5.57624053955078,0.642705754685055,0.746341499441894
YER006W,2.33986115455627,0.368382602930069,0.142696592678674,0.0264986500591615,2.07267379164696,2.63740026950836,0.316530953536851,0.421176015175711
YER010C,0.228006586432457,-0.677858471870422,0.0924333462404127,0.180020355755794,0.0889513099566102,0.442031502723694,-1.05084767185691,-0.354546778226636
YER014W,0.153655365109444,-0.81934255361557,0.0252796588677412,0.0718470351870997,0.108379902628561,0.208994850516319,-0.965051243666311,-0.679864414462623
YER015W,0.0346769727766514,-1.47533774375916,0.00913068449584747,0.117326205341405,0.0189838400110602,0.0548145533228914,-1.72161599277383,-1.26110413416114
YER016W,0.546918272972107,-0.266037195920944,0.0737708435921544,0.0588249869066895,0.410309380789598,0.705715417861938,-0.386888697546877,-0.151370394370855
YER017C,0.4316366314888,-0.366421401500702,0.0363476574465768,0.0366117576778444,0.363773779322704,0.505086756745974,-0.439168609325305,-0.296634018877757
YER021W,2.41818571090698,0.382703810930252,0.145476837189492,0.0261654898964475,2.12853835423787,2.71251411835353,0.328081464394861,0.433372007285607
YER022W,0.264791309833527,-0.579606711864471,0.0284615266004266,0.0467655199792462,0.211644210790594,0.322261514763037,-0.674393678669877,-0.491791556059037
YER023W,5.31989860534668,0.724461853504181,0.433836259125071,0.0354031052041897,4.50283568700155,6.23010042111079,0.653486085805704,0.794495043486236
YER024W,0.0201579928398132,-1.71431958675385,0.00588233152367145,0.129699958352238,0.0102005690025787,0.0338136026325325,-1.9913756562683,-1.47090868139854
YER026C,3.42701411247253,0.533162593841553,0.308524957063154,0.0390363456667402,2.86563717325528,4.07805299361547,0.457221202171329,0.610452862170791
YER028C,0.0636855065822601,-1.21544194221497,0.0189982111401073,0.131859996154566,0.0321968275122344,0.105772300064564,-1.49218700059038,-0.975628067855982
YER039C,0.0464310869574547,-1.4392694234848,0.0318440911026281,0.322764467190674,0.00720494507113472,0.124793609107534,-2.14238031121913,-0.903807699386217
YER041W,0.0296907499432564,-1.54440128803253,0.00833117961798258,0.122662788720998,0.015942923584953,0.0487171486020088,-1.79743203643338,-1.31231813873833
YER043C,13.9883222579956,1.14520359039307,0.712363353810092,0.0220887600234908,12.6803087155024,15.4249839782715,1.1031298255871,1.18822472160953
YER047C,0.113886803388596,-0.947181642055511,0.014764645690017,0.0564802732238034,0.0868609298020601,0.144820935030778,-1.06117553226,-0.839168652918687
YER048C,1.18029916286469,0.0703346878290176,0.10302253006813,0.0379914493269438,0.988283753395081,1.38805413246155,-0.00511834403492933,0.142406403417767
YER049W,1.45600068569183,0.162360474467278,0.0885761178768843,0.0263906822344423,1.29206173419952,1.63844599624475,0.111283264328451,0.214432131418953
YER052C,2.7590754032135,0.440045893192291,0.158414499336322,0.0249992336960412,2.45492926637332,3.07853116790454,0.390038978040857,0.488343547864926
YER053C,0.0945012420415878,-1.04933202266693,0.0319228600477467,0.148667671537086,0.0438235452398658,0.168710525085529,-1.35829304938835,-0.772857841349483
YER054C,0.014899019151926,-1.87220919132233,0.00672292423566144,0.204767382300214,0.00489875401447838,0.0314616649101178,-2.30991436920199,-1.50221832970177
YER059W,0.207853004336357,-0.688011169433594,0.0339069795090561,0.0709787827786394,0.147782306497296,0.28146260852615,-0.830377566407421,-0.550579292459459
YER065C,0.030862957239151,-1.53294134140015,0.00985259098479694,0.14186698110538,0.0144345627476772,0.0533163489773869,-1.84059654735123,-1.27313962439011
YER069W,0.256151884794235,-0.593469262123108,0.0243693992250649,0.0413712879117282,0.21053707425793,0.306166480729977,-0.676671455557762,-0.514042357827961
YER076C,0.0845789760351181,-1.10474860668182,0.0322849149977664,0.170223521910343,0.0338347905005018,0.158746305728952,-1.47063765599561,-0.799296641106665
YER077C,0.0993088334798813,-1.00921440124512,0.0167257479910217,0.0737705500711387,0.0690198782210549,0.134184650331736,-1.1610258168158,-0.872297166425519
YER080W,1.23398280143738,0.0904304906725883,0.0785349550460443,0.0276471383735974,1.08804445068041,1.39016217092673,0.0366466380006619,0.143065453819558
YER082C,0.580124080181122,-0.2381491959095,0.0509421340101191,0.0381032296196926,0.485550257811944,0.685372376938661,-0.313765851969587,-0.164073410233723
YER083C,0.792598843574524,-0.105900660157204,0.12011217091327,0.0656993844603854,0.580925194422404,1.0454430659612,-0.235879794713098,0.0193003858236525
YER086W,2.71198439598083,0.432579874992371,0.155025764485163,0.0247998277904796,2.42369690934817,3.03214959303538,0.384478300075751,0.481750623663601
YER089C,1.02509832382202,0.00915212836116552,0.0882815066688317,0.0374916132474387,0.858372698227564,1.2013432542483,-0.0663241045080465,0.0796670960472942
YER090W,3.55468082427979,0.55007004737854,0.20630430857585,0.0252517169562505,3.15223990480105,3.96296429634094,0.498619262545587,0.59802015964886
YER091C,6.41131448745728,0.806497275829315,0.291463098273457,0.0197771889846099,5.84697040319443,6.99757026831309,0.766930895472548,0.84494726798994
YER093C,0.0784124210476875,-1.10916042327881,0.0100145731842463,0.0556222294167004,0.0601337142288685,0.0996473491812746,-1.22088197062175,-1.00153425214966
YER095W,0.4705630838871,-0.330950647592545,0.0603704053511874,0.055774067632036,0.362649098783731,0.595522404213746,-0.440513518301114,-0.225101899177355
YER096W,0.0166326463222504,-1.83166372776031,0.00811580093144187,0.221500980084406,0.00495108587589736,0.0359552394598722,-2.30529957424041,-1.44423783258076
YER099C,0.669388949871063,-0.178775250911713,0.0956684458434384,0.0624342233268921,0.492381364107132,0.866136391460895,-0.307698392821547,-0.0624137482019747
YER100W,1.12809252738953,0.0461464747786522,0.191092175081864,0.0735458880391302,0.797133775552114,1.52810867528121,-0.0984690667071518,0.184154240041087
YER101C,0.135738894343376,-0.876532912254333,0.0279569374545012,0.0901372975654244,0.0873128954942028,0.196826442703605,-1.05892161359366,-0.70591657987439
YER106W,0.0239843521267176,-1.71851849555969,0.0158194010009855,0.311239382110786,0.00396043243817985,0.062511497673889,-2.40225747673834,-1.20404009635947
YER107C,0.585654973983765,-0.235888719558716,0.0747471091034771,0.0554763993509438,0.451738910128673,0.738043590883414,-0.345112517114608,-0.131917988554269
YER110C,4.41235017776489,0.644277095794678,0.187160910515395,0.0184722877702849,4.04323244094849,4.77441167831421,0.606728709159435,0.678919863751549
YER111C,0.155137360095978,-0.811907589435577,0.0170699736340014,0.0477897039856511,0.123413688068589,0.191711336374283,-0.908636695006489,-0.71735220543582
YER116C,0.191118910908699,-0.74007260799408,0.0596775843993425,0.138341799642353,0.0942600443338354,0.324807156125704,-1.02567265189037,-0.488374677323954
YER118C,0.737779080867767,-0.135101720690727,0.0872979926416201,0.0513344603341809,0.578757390876611,0.924945169687271,-0.237503452900654,-0.0338840113456308
YER119C,0.38195613026619,-0.421512305736542,0.0487629980631335,0.0554095124034836,0.292573141058286,0.487258980671565,-0.533765546458127,-0.312240152149291
YER120W,8.08265590667725,0.904976069927216,0.884170972386362,0.0473582422387815,6.47439418633779,9.99235918521881,0.811199090935708,0.999667998823409
YER122C,1.85496425628662,0.267328798770905,0.126307385782317,0.0295968277246216,1.61712336540222,2.10726387103399,0.208743152169717,0.323718921238116
YER123W,0.282032430171967,-0.553174138069153,0.0356618972828213,0.0550466012698863,0.215498583391309,0.355373094727596,-0.666555622656985,-0.449315469063735
YER125W,1.50552034378052,0.177027776837349,0.0829734675095355,0.0239098943787288,1.34529424707095,1.67596284846465,0.128817275074393,0.224264373897656
YER126C,1.78663146495819,0.248335480690002,0.233174028610205,0.0568229785873543,1.36482884188493,2.28165219624837,0.135078191285108,0.358249336946041
YER129W,0.119716420769691,-0.924864530563354,0.0141156855829823,0.0513163625181665,0.0937552630901337,0.148665170619885,-1.02800434840972,-0.827790767885847
YER130C,0.305521160364151,-0.519304513931274,0.0431692986527277,0.0616584877474746,0.227385610714555,0.393465337405602,-0.643237107822355,-0.405093521552239
YER133W,3.44303202629089,0.535333752632141,0.295805195636624,0.037444057932856,2.88505673209826,4.04050792853038,0.460154357591912,0.606435963246112
YER136W,1.96862006187439,0.293043076992035,0.141391973934005,0.0311862856690275,1.70652532577515,2.2503434240818,0.23211273783164,0.352248797347883
YER139C,0.429002195596695,-0.396105885505676,0.155403490603151,0.160712340864456,0.180451881885529,0.788917064666748,-0.743639461390839,-0.102968649833348
YER140W,0.0951621308922768,-1.03093647956848,0.0197244041331433,0.0910492646588028,0.0604041241419812,0.138695104792714,-1.21893342607275,-0.857938873365505
YER141W,0.628728926181793,-0.203638449311256,0.061797984558759,0.0427948823389551,0.513869932293892,0.756771773596604,-0.289146814798915,-0.12103517321574
YER142C,0.236717581748962,-0.639018535614014,0.0585508169398936,0.108003123183314,0.137350343788664,0.367482861876488,-0.862170511978962,-0.434762952999952
YER148W,1.34560406208038,0.121486693620682,0.249445322239073,0.0806479215059455,0.908148459593455,1.89118792911371,-0.0418431597527942,0.276734687132953
YER151C,0.698755919933319,-0.156571343541145,0.0449792816479194,0.0279232296113421,0.615205734968185,0.791149843732516,-0.210979624879959,-0.101741267505947
YER152C,0.699470102787018,-0.157503485679626,0.0716095019474024,0.0444831519375801,0.567139949897925,0.851256117224693,-0.246309759514003,-0.0699397565538849
YER153C,0.151012152433395,-0.856736540794373,0.0616741567080394,0.179571726031878,0.0585307874095937,0.29907347758611,-1.23261589467091,-0.524222364127942
YER156C,2.05921578407288,0.311943620443344,0.185817070035168,0.0390777036762556,1.72029056946437,2.45000749627749,0.235601808035219,0.389167410486706
YER157W,0.18596339225769,-0.733515620231628,0.0216211380813802,0.0507147977761633,0.145135361825426,0.231201964368423,-0.838226791924314,-0.636008481552005
YER158C,0.0524526722729206,-1.29522097110748,0.0136691930601184,0.115584419674978,0.0287410169839859,0.0827837783843279,-1.54149786867503,-1.08205476353495
YER161C,0.328312933444977,-0.490045547485352,0.0559468697846696,0.0745628249164514,0.228046995898088,0.446778389563163,-0.641975916662081,-0.349907864924939
YER163C,0.503991305828094,-0.315575510263443,0.14410264670134,0.126774405347087,0.262483461946249,0.818348261217276,-0.580898063570093,-0.0870619208782941
YER171W,0.298363089561462,-0.527293801307678,0.0289267897526679,0.0421190950131186,0.244078174233437,0.358084524174531,-0.612471053986222,-0.446014448137536
YER173W,0.0499997176229954,-1.31390988826752,0.0121146917688244,0.106890194939277,0.0288072275153051,0.0769204348325729,-1.54049855428352,-1.11395826935226
YER174C,0.527763843536377,-0.290780127048492,0.130087984415946,0.108086997765572,0.305133601029714,0.811012510458628,-0.515510041459918,-0.0909725392245551
YER178W,8.84386444091797,0.945951461791992,0.49914476147841,0.0245166471074815,7.90294737815857,9.86074542999267,0.897789090106269,0.993909715652395
YER179W,0.026898181065917,-1.63768041133881,0.0149688079086002,0.251364382333227,0.00656272842315957,0.0653084776053825,-2.18291612204888,-1.18503063026316
YER182W,0.328309804201126,-0.502493560314178,0.0963848463609015,0.129349970792163,0.168582290410995,0.551255166530609,-0.773188050000403,-0.258647327165431
YER184C,0.0102511877194047,-2.03896307945251,0.00486253424290012,0.214974900876495,0.00312009429520307,0.0218591365808,-2.50583315713264,-1.66036795359446
YER185W,0.0154781676828861,-1.92100882530212,0.0109984956358518,0.329688479887604,0.00217215111479163,0.0437849019654095,-2.66310996451725,-1.35867562905847
YER186C,0.0151651408523321,-1.95767271518707,0.0123664872195793,0.370602010879167,0.00174398724144946,0.0481825035996733,-2.7584567240673,-1.31711295988932
YFL055W,0.0189469773322344,-1.7623724937439,0.00804130266429284,0.190635960685924,0.00698531318921596,0.0380416594756146,-2.15581411754497,-1.4197406646496
YFL054C,0.0262207221239805,-1.60574746131897,0.00878249774249279,0.147576716109862,0.0121077046419183,0.0467774824860194,-1.9169382068762,-1.32996388922211
YFL053W,0.00534894503653049,-2.37388873100281,0.00358979379846311,0.318730518269297,0.000801852613706918,0.0141958481399342,-3.09590559221243,-1.84783866277076
YFL052W,0.0161891113966703,-1.84990060329437,0.00830680001360664,0.236115943615365,0.00438633933663368,0.0360929433256387,-2.35789777340477,-1.44257846497344
YFL049W,0.216055437922478,-0.668619096279144,0.0262030108485752,0.0526708732725865,0.168163514633973,0.270109391460816,-0.774268224465921,-0.568460348928571
YFL048C,1.46617865562439,0.164946526288986,0.110967713593692,0.0328445301654005,1.2591205706199,1.69388192792733,0.100067317848534,0.228883127223335
YFL047W,0.301168888807297,-0.523301720619202,0.0297662213596166,0.0428451744315114,0.246647909283638,0.362710370620092,-0.60792256149285,-0.440440049411006
YFL044C,0.638621151447296,-0.199705585837364,0.0961313302128492,0.0658487238818071,0.462179932494958,0.838171856602033,-0.335188969093656,-0.0766669258096899
YFL041W,0.762909710407257,-0.118705287575722,0.0561662615237979,0.032037085853428,0.656348824501038,0.874289095401764,-0.182865288227165,-0.0583449383294104
YFL037W,4.40802526473999,0.643526017665863,0.25369710377956,0.0249901548666097,3.93187373876572,4.93938913345337,0.594599556819389,0.693673241898102
YFL034C-B,0.371475458145142,-0.438607424497604,0.0740241492295082,0.0863693370879399,0.243167171006401,0.535568416118622,-0.614095078166108,-0.271185042395366
YFL033C,0.124881483614445,-0.905517995357513,0.0120193955799584,0.0419537457006417,0.101850376402338,0.149214668075244,-0.99203736823515,-0.826188485213737
YFL031W,0.0591190606355667,-1.32208824157715,0.0391457623976301,0.299658189698658,0.0107160014488424,0.15945750127236,-1.96996780611268,-0.797355479109036
YFL030W,0.0155335478484631,-1.88777577877045,0.00927854674470223,0.27398073185831,0.00350804806997379,0.0386483139358461,-2.45493677406277,-1.41286945943488
YFL029C,0.212979733943939,-0.679232597351074,0.0394586207556184,0.0817635972117643,0.140249493718147,0.294723080843687,-0.853098741518059,-0.53058586457282
YFL027C,0.110832236707211,-0.96385246515274,0.0218972255789153,0.0865192958064404,0.0719472572207451,0.156216472387314,-1.14298579087067,-0.806273173469423
YFL026W,3.40886259078979,0.53175812959671,0.213690523662301,0.0272451254884545,3.01084517240524,3.84451821645101,0.47868839215465,0.584841921295418
YFL024C,0.121399953961372,-0.919811725616455,0.0164866520198274,0.0594167430073633,0.0913374225298564,0.155069870625933,-1.0393512586369,-0.809472577739931
YFL022C,4.16560745239258,0.619011223316193,0.230543286183475,0.0240928403352386,3.71328688263893,4.62752380371094,0.5697585020168,0.665348653672181
YFL018C,3.4831964969635,0.541278898715973,0.197565766306628,0.0246700220771176,3.10574411352475,3.88195790847143,0.49216566904777,0.58905082027829
YFL016C,0.878878057003021,-0.0575182437896729,0.0715653083804094,0.0355418453876468,0.739767353236675,1.02095884084702,-0.130904845329569,0.009008234081758
YFL013C,0.295909821987152,-0.531019806861877,0.0296064511204223,0.0435942682219197,0.240319693957766,0.35728558053573,-0.61921063791345,-0.446984512055527
YFL011W,0.0125066386535764,-1.96747672557831,0.00670536733235774,0.248092481971015,0.00305552352025794,0.0288626713988682,-2.51491466263288,-1.53966347507933
YFL007W,0.546737372875214,-0.262836754322052,0.0290498241201105,0.0231593107967377,0.490950610240301,0.604687654475371,-0.308962203524802,-0.218468898024815
YFL004W,2.22243571281433,0.346263945102692,0.113204309215104,0.0221674772556788,2.00283522605896,2.4444894572099,0.301645203795075,0.38818816618945
YFL003C,0.0087449848651886,-2.11007761955261,0.00424634495849012,0.219999965537675,0.0026071997708641,0.0191224345316489,-2.58382573689625,-1.718456842488
YFR002W,0.666600167751312,-0.177196055650711,0.0466514087755153,0.0303818430690739,0.57905318091313,0.761987711489201,-0.237281551012239,-0.118052035033163
YFR007W,0.186182722449303,-0.740321338176727,0.0399768727259576,0.0955401755812518,0.113409423703949,0.267571220298608,-0.945350993493515,-0.572560609081107
YFR009W,2.02367568016052,0.30554661154747,0.105727307083269,0.0227360296528001,1.82030600408713,2.23427042762438,0.26014439677718,0.349135731928918
YFR010W,1.74518024921417,0.240909814834595,0.11412829614514,0.0284670377053728,1.51914020776749,1.96703959703445,0.181597845121014,0.293813102469595
YFR013W,0.229901373386383,-0.640912771224976,0.0244630703186623,0.0462188091006878,0.185123044376572,0.281681460390488,-0.732539571967147,-0.550241737696337
YFR014C,0.28657078742981,-0.547268450260162,0.0412606600376675,0.0626927139064557,0.211860643451413,0.373137237628301,-0.673949726600665,-0.428131409945029
YFR016C,0.264547556638718,-0.578888952732086,0.021160657665223,0.0348333758094358,0.2244541409115,0.307846097648144,-0.648872381365312,-0.511666350209044
YFR018C,0.407927185297012,-0.3946752846241,0.0634291508481952,0.0678035585325058,0.290981829166412,0.543026518325011,-0.536134130392622,-0.265178968619115
YFR019W,0.133898347616196,-0.874915897846222,0.0118005074928522,0.0383807655058836,0.112252738699317,0.157560478399197,-0.949803066182135,-0.802552711891247
YFR020W,0.0715320855379105,-1.26266670227051,0.0527892996719326,0.338610384153589,0.00973935737274587,0.207636231804887,-2.01146975770718,-0.682697173943203
YFR021W,0.302117049694061,-0.523210823535919,0.0377999227863298,0.0542841216244921,0.234152223418156,0.38165565803647,-0.63050171473591,-0.418328375550456
YFR022W,0.00855947844684124,-2.12915992736816,0.00451706085737252,0.240391408567543,0.00226320912673449,0.0196348242461681,-2.6452755059036,-1.70697298180181
YFR024C-A,1.72063493728638,0.234580859541893,0.12274923353626,0.0310647678958903,1.49117821057638,1.96512236495813,0.173529546847971,0.293389587711562
YFR025C,0.347462087869644,-0.465539991855621,0.0597318331704995,0.0752062727631793,0.242049843693773,0.475496348987023,-0.616095194217354,-0.322852831387574
YFR030W,0.306421101093292,-0.515176236629486,0.0253936566321934,0.0360831357368333,0.257756259540717,0.357177399347226,-0.588790781979822,-0.447116051128852
YFR031C,0.132779702544212,-0.879582226276398,0.0148310985027637,0.0486521721610616,0.104738341892759,0.164179739480217,-0.979894305697828,-0.784680438621098
YFR032C,0.027081772685051,-1.66020619869232,0.0174662053665916,0.302324596064455,0.00448974002695953,0.070766786361734,-2.34778111561444,-1.15017069083486
YFR038W,0.201351836323738,-0.698475241661072,0.02125532132399,0.0460758609931836,0.161222717786829,0.244990187262495,-0.792573763441384,-0.610851311780011
YFR039C,0.328797250986099,-0.486057072877884,0.0385043274601091,0.0510475689997289,0.258399601032337,0.407669585446516,-0.587708194350356,-0.389692111074708
YFR041C,0.575364470481873,-0.244958698749542,0.0867940497389218,0.0653251267962972,0.421769467244546,0.764147554337978,-0.374924935969532,-0.116822924502392
YFR043C,0.270985960960388,-0.592414677143097,0.0925495457699396,0.150936948852244,0.123811256885529,0.485341213395198,-0.907239976265447,-0.313952829069495
YFR045W,0.0981352776288986,-1.03134334087372,0.0320418275691304,0.143756005172103,0.0464001790930827,0.169520676508546,-1.33348034368003,-0.77077732531718
YFR046C,0.0567033253610134,-1.27361452579498,0.0200440856624341,0.156350985318255,0.0250953791818271,0.10342855732888,-1.60040627935649,-0.985359676194634
YFR047C,1.22201108932495,0.0839993506669998,0.145802704682793,0.0517177291622429,0.957316815853119,1.53168634474277,-0.0189443123726555,0.18516976890297
YFR050C,2.25364351272583,0.350040018558502,0.257823654858259,0.0498198715139298,1.77501211861769,2.78485040465991,0.249201320622396,0.444801870764605
YFR051C,1.88357949256897,0.274183601140976,0.114331168892132,0.026347713873357,1.67252151668072,2.11690875490506,0.223371713553479,0.325702138488562
YFR052W,2.87030625343323,0.455878525972366,0.279387026022328,0.0422281301403275,2.3539924621582,3.44286203384399,0.371805067832675,0.536919549568404
YFR053C,0.361579895019531,-0.44463974237442,0.0414930147016917,0.0497281079490398,0.287445265303055,0.448711443444093,-0.54144484056992,-0.348032869208252
YFR055W,1.34483134746552,0.12669737637043,0.128087085254549,0.0414284876384957,1.10487925807635,1.61153232653936,0.043314759643064,0.207239014759076
YGL263W,0.0486859492957592,-1.34260904788971,0.0180224612320513,0.164228979294821,0.0208899391349405,0.0891043598453204,-1.68006358891721,-1.05010104968227
YGL254W,0.291654378175735,-0.545170366764069,0.0627286535661163,0.0939100756556197,0.183993001282215,0.430980239560206,-0.735198701466098,-0.365542947037959
YGL253W,14.0621128082275,1.14754498004913,0.678661075654105,0.0209813378013695,12.7741061846415,15.4381351470947,1.10633052152685,1.18859483847121
YGL252C,0.580214858055115,-0.238042205572128,0.0502373077187616,0.037688699325019,0.486275912324588,0.682402768731117,-0.313117248601193,-0.165959219762928
YGL251C,0.0129997543990612,-1.91066110134125,0.00434610156211062,0.148962272800913,0.00597734450905894,0.0229117419415464,-2.2234919214141,-1.63994198402453
YGL250W,0.0305293053388596,-1.6771377325058,0.0275244045646669,0.402357434530772,0.00272742214147002,0.100846710242331,-2.56425074256968,-0.996338301887005
YGL249W,0.00667192135006189,-2.25356531143188,0.00391262296397452,0.275819930803105,0.00134420889856604,0.0160969239970048,-2.87153379480173,-1.79325738223267
YGL248W,0.160369455814362,-0.805582523345947,0.0354343399501891,0.0973372398759015,0.0968649721393983,0.23567188133796,-1.01383346370141,-0.627692295753766
YGL246C,0.425003170967102,-0.3748519718647,0.0519151545281293,0.0532105611479235,0.326925308257341,0.534529230991999,-0.485551466106502,-0.272028581805013
YGL245W,11.0293159484863,1.04216146469116,0.464943850982975,0.0183276613043989,10.145337899526,11.9322491486867,1.00626651600935,1.0767223129445
YGL243W,0.114125527441502,-0.954078614711761,0.0262115396794306,0.10043420736201,0.0687650864943862,0.169254828368624,-1.16263226987292,-0.77145906496588
YGL241W,0.19688817858696,-0.707830011844635,0.0191472815596991,0.042224409648861,0.161378531282147,0.236445734153191,-0.792154254779288,-0.626268516923586
YGL240W,0.185862690210342,-0.759089529514313,0.0662830696926296,0.160132208624672,0.0781403006985784,0.340438524136941,-1.10712559517812,-0.467961304096395
YGL238W,0.874413073062897,-0.0590336546301842,0.0513534857602918,0.0255188854592875,0.777763171990712,0.978131592273712,-0.109152625662309,-0.0096027137667369
YGL237C,0.282713025808334,-0.562419950962067,0.0711033931155329,0.110274228705643,0.162696989004811,0.439866628249486,-0.78862050887247,-0.356679025183417
YGL236C,0.0902919769287109,-1.05101490020752,0.0157994077018295,0.0764038941638405,0.0622108801578482,0.124026999684672,-1.2061336643372,-0.906483762300564
YGL234W,5.24863195419312,0.719612598419189,0.234964004141439,0.0194672123318887,4.79110769430796,5.7180864016215,0.68043593288422,0.757250713353944
YGL232W,0.651526629924774,-0.191311180591583,0.101593439268026,0.0676032551582518,0.470099300146103,0.870350012183189,-0.32781039536123,-0.0603061414413569
YGL229C,0.0487987883388996,-1.3211190700531,0.0101589853845381,0.0917494326614229,0.0307816694801052,0.0708524584770203,-1.51170790791276,-1.14964507576967
YGL228W,0.794773101806641,-0.101103499531746,0.0626393084381759,0.0342138120058207,0.676119530200958,0.924430784086386,-0.169976521715454,-0.0341256033924773
YGL227W,0.11066010594368,-0.959526538848877,0.0140984548477366,0.055361887504563,0.0851522897680601,0.139897245665391,-1.0698036864556,-0.854191062416366
YGL224C,0.296486705541611,-0.539143741130829,0.0668102694349611,0.0993623475351338,0.177706163873275,0.441356195261081,-0.75029751861602,-0.355210777028588
YGL221C,2.10797238349915,0.321567326784134,0.217240781217528,0.0447068276031976,1.71759689946969,2.56802370548248,0.23492114043904,0.409599024638101
YGL219C,0.158089518547058,-0.808002769947052,0.0281813279736098,0.0777847510193991,0.107639998197556,0.217709083482623,-0.968026318180595,-0.66212345205439
YGL213C,0.677736699581146,-0.171569421887398,0.0744082203271329,0.047934353499492,0.537514334917068,0.829872203866641,-0.269609954123827,-0.0809887816959647
YGL212W,0.267544865608215,-0.582651078701019,0.0575246370669191,0.0939961767595387,0.168574245025714,0.390108243624369,-0.773208786098358,-0.408815067638732
YGL211W,0.400897175073624,-0.401745766401291,0.0592111485013563,0.0647639740410223,0.291371483107408,0.523960303763548,-0.535553051506573,-0.280701679206895
YGL209W,0.373905748128891,-0.431886821985245,0.0547519521167921,0.0636915015764175,0.276196021089951,0.49149875814716,-0.558782642675547,-0.30847757949627
YGL207W,2.10453486442566,0.322682321071625,0.0982522610453945,0.0203134789253895,1.91107622186343,2.29496299227079,0.281278004834187,0.360775686645564
YGL205W,0.00408258894458413,-2.49287438392639,0.00279322725338507,0.318960710143327,0.00062916368963973,0.011155506890888,-3.2012387748582,-1.95251073926019
YGL203C,0.564740836620331,-0.249407514929771,0.0429399025056118,0.033085375851995,0.484306999047597,0.653255750238895,-0.314879254718941,-0.184916758764149
YGL202W,5.98082208633423,0.776140034198761,0.319086928501948,0.023237014142661,5.37241304715474,6.60039458274841,0.730169395071369,0.819569899030708
YGL198W,0.428895890712738,-0.389460444450378,0.135466604622789,0.139538067771801,0.210757643729448,0.734922608236471,-0.676216728648412,-0.133758430635926
YGL194C,0.31232100725174,-0.509440839290619,0.0425885677655575,0.0594096303166969,0.23401018405954,0.402611350764831,-0.630765246661114,-0.395113985468463
YGL190C,0.52737432718277,-0.280016928911209,0.0522762728366705,0.0431317305409315,0.428779713064432,0.634849363565445,-0.367765770839743,-0.197329311453207
YGL186C,0.73309189081192,-0.136447101831436,0.0629997908256669,0.0373795689622643,0.618380850056807,0.861643841365973,-0.208743969123975,-0.0646722153306032
YGL180W,0.107336886227131,-0.973558783531189,0.015190504827102,0.0611763161049503,0.0805057883262634,0.140700983380278,-1.09417289295161,-0.851702872749161
YGL176C,0.0388863086700439,-1.4315185546875,0.0121563215791451,0.138021475112671,0.0191506351809949,0.0668091996262471,-1.71781713873074,-1.17516373984165
YGL173C,1.70421850681305,0.231058523058891,0.078930572854251,0.0201540742171567,1.5520130554835,1.86214065551758,0.190895370183388,0.270012482020208
YGL172W,0.936602175235748,-0.0300619900226593,0.0807886468537073,0.0375362907953384,0.784770276149114,1.10555695096652,-0.105257527175838,0.0435811194008464
YGL170C,0.0131286177784204,-1.96576368808746,0.00810250948549628,0.283727738750751,0.00263203618427118,0.0329326864642401,-2.57970823558489,-1.48237285562956
YGL169W,0.390465021133423,-0.412033885717392,0.0504474674146825,0.0561471542779961,0.297940149903297,0.496458404511213,-0.525870975494736,-0.304117227421069
YGL163C,0.113796643912792,-0.948000013828278,0.0156988284711978,0.0600160568297993,0.08551091371725,0.146712184200684,-1.0679784747298,-0.833534160079745
YGL162W,0.132468000054359,-0.900257587432861,0.0419167309188939,0.142191591570746,0.0636733052631219,0.224309135228395,-1.19604281072843,-0.649153038961116
YGL161C,1.2309582233429,0.0873518362641335,0.142321119823094,0.0501537595372725,0.971147078772386,1.52963376839956,-0.0127150297787125,0.184587449531676
YGL158W,0.00976091343909502,-2.09741902351379,0.00608284459920519,0.29048140988148,0.00182834954660696,0.0248557158124943,-2.73794094786759,-1.60457379047766
YGL157W,0.852829575538635,-0.0718642398715019,0.0956524695416121,0.0487179060549981,0.677358731627464,1.05705258945624,-0.169181270965076,0.0240965927251572
YGL155W,0.280539155006409,-0.558562815189362,0.048739794467568,0.0757929995611009,0.193958294515808,0.385187445829312,-0.712291652535888,-0.414327876032966
YGL153W,0.411801606416702,-0.390885382890701,0.0658652660058834,0.0698745519447975,0.290192233026028,0.553519914547602,-0.537314221232862,-0.256866759537958
YGL146C,0.0232541728764772,-1.72969198226929,0.0150643080871365,0.30985565753242,0.00359215355711058,0.0615647426806389,-2.44464514552453,-1.21066865872182
YGL145W,0.229359745979309,-0.642416775226593,0.0265764162743139,0.0506707672287124,0.180487880731622,0.285704410821199,-0.743551955742953,-0.544083058720045
YGL143C,0.147084757685661,-0.842071175575256,0.0309704969403715,0.0920728127678607,0.0937377945209543,0.213854505618413,-1.02808526914584,-0.669881711901009
YGL142C,0.155481830239296,-0.813648223876953,0.0243319058905738,0.0682711338268301,0.111615664574007,0.207238132382433,-0.952274856687668,-0.683530381441986
YGL137W,3.94275665283203,0.595340251922607,0.18105520229822,0.0199866009486424,3.59433451294899,4.30391196012497,0.555618492953679,0.63386337495373
YGL136C,0.0496275536715984,-1.35076522827148,0.0226926218237686,0.207633617680457,0.0163125773891807,0.102769353737434,-1.78747746694287,-0.988136391693658
YGL134W,0.0413899198174477,-1.41217803955078,0.0151076118696789,0.161649684163554,0.0176833009812981,0.0760517201075951,-1.75243666588179,-1.11889101178166
YGL131C,0.0510209947824478,-1.2982931137085,0.00851559075255135,0.072733024826384,0.0359730885053674,0.0692442250127594,-1.44402227456203,-1.15961644116882
YGL130W,0.453918844461441,-0.345729917287827,0.050669921747221,0.0486008720184871,0.359453436235587,0.560598648091157,-0.444357363926787,-0.251347998698135
YGL129C,0.290773898363113,-0.540537893772125,0.0397387793087981,0.0599406681841931,0.216536017631491,0.374599226812521,-0.664469861901547,-0.426433230877581
YGL128C,0.0985184758901596,-1.04008936882019,0.0386117152362957,0.174583614932571,0.0385578258273502,0.188499462231994,-1.41388858634017,-0.724689960156697
YGL126W,0.454396337270737,-0.347016215324402,0.0650710232135158,0.0623400530250785,0.335917624086142,0.592234746615092,-0.473767287244902,-0.22750611806864
YGL120C,2.09353399276733,0.320281207561493,0.109859212164229,0.0228377855475959,1.87613403896491,2.31225631038348,0.273263862984256,0.364035973132361
YGL117W,0.492406845092773,-0.318372547626495,0.10976444460957,0.0968436574993941,0.304496538390716,0.745979385574658,-0.516417714539318,-0.127273232435459
YGL116W,0.211732417345047,-0.678077578544617,0.0282835588299801,0.0580496700423855,0.159521704912186,0.272569690148036,-0.797180223862126,-0.564522442414265
YGL113W,0.0490559786558151,-1.32206094264984,0.0118188475961652,0.106476486085952,0.0280991376067201,0.0749577498684326,-1.55130711116678,-1.12518351999677
YGL112C,0.727210760116577,-0.139845952391624,0.06063268717839,0.0361921847188183,0.615700814127922,0.8541592558225,-0.210630273029203,-0.0684611486970557
YGL100W,1.09443116188049,0.036898173391819,0.112480618708107,0.0446460981874232,0.891073888043563,1.32987463474274,-0.050086300735042,0.123810702616999
YGL099W,1.16200125217438,0.0643173679709435,0.0743975555954899,0.027792511455047,1.0242702037096,1.31853546798229,0.0104145391454763,0.12009181333978
YGL097W,1.7017617225647,0.229886785149574,0.11618597099043,0.0296604592922504,1.48502226074537,1.94655442237854,0.171732951464874,0.289266550365142
YGL095C,0.244525879621506,-0.614721179008484,0.0288977395397763,0.0516139451142074,0.190947964787483,0.302484588076671,-0.719084966179252,-0.519296780545669
YGL094C,0.173369780182838,-0.763125002384186,0.0170976603887979,0.0426763016212914,0.141990497708321,0.209365088865161,-0.847740718510784,-0.679095739006431
YGL092W,0.621670663356781,-0.207130685448647,0.0350525671526161,0.0244801913167019,0.55486169308424,0.691699203352133,-0.2558152597446,-0.160082729656165
YGL090W,0.0277298651635647,-1.59839034080505,0.0119068300414954,0.195969516033634,0.00962472609244287,0.0548081521255274,-2.01661164099868,-1.26115485351932
YGL085W,0.0443016365170479,-1.4120876789093,0.022752711874595,0.234849782702537,0.011498244999287,0.100616390320162,-1.93936851967589,-0.997331289823491
YGL084C,0.46858349442482,-0.331246793270111,0.045359077746823,0.0420954745325439,0.384461199988921,0.562864474455515,-0.415147501189617,-0.249596165224808
YGL082W,0.47406592965126,-0.327972233295441,0.0629652853691782,0.0575768402233184,0.363020017743111,0.606043205658595,-0.440069427322275,-0.217496414527772
YGL081W,0.029694028198719,-1.59223806858063,0.0161922849855573,0.246501932259428,0.00744229497698446,0.0694682002067566,-2.12829349417347,-1.1582139527508
YGL078C,1.67632377147675,0.223525434732437,0.103856044306405,0.0269083910456013,1.47436451911926,1.88810908595721,0.168604870952113,0.276027050239931
YGL077C,0.780143320560455,-0.109241038560867,0.0629838490959835,0.0350929458548112,0.662571162482103,0.908031323055426,-0.178767475539249,-0.0418991716871867
YGL075C,0.0850269719958305,-1.08644497394562,0.0230605993786409,0.118899738964365,0.0468847108383973,0.136894488086303,-1.32896875861026,-0.863614290599845
YGL067W,0.627085626125336,-0.205497309565544,0.0714758099182683,0.0496190693349313,0.496526948114236,0.773879254360993,-0.304057176827069,-0.111326811635475
YGL065C,0.459684818983078,-0.339825868606567,0.047082765898531,0.0446660047256968,0.370174689590931,0.556081439554691,-0.431593279825045,-0.254861695505636
YGL063W,0.0391427353024483,-1.44739282131195,0.0167028182734659,0.191623700464101,0.013420665753074,0.0789302194491027,-1.87222622081147,-1.10275778201817
YGL061C,0.192886456847191,-0.743272244930267,0.0698792933958124,0.16033556831688,0.0830999254559477,0.349224247286717,-1.08039959606648,-0.456895615102141
YGL059W,0.0918480530381203,-1.04677486419678,0.0195432186707847,0.0930050418445884,0.0584487517985205,0.13434192550679,-1.23322476247418,-0.871788442931529
YGL057C,0.231067851185799,-0.64923369884491,0.0563206513746938,0.107068438403969,0.135108530521393,0.354018330574036,-0.86931722950195,-0.450974250231136
YGL056C,0.595700562000275,-0.226683616638184,0.0528935881183319,0.0385918441173489,0.497791617363691,0.703915052115917,-0.302952421054971,-0.152479750690173
YGL050W,0.441188424825668,-0.363708972930908,0.0862101839902899,0.0855925230272211,0.288931514322758,0.623957609633605,-0.539205095844075,-0.204844915108733
YGL048C,2.20381283760071,0.342119991779327,0.153773567207792,0.0302913280275776,1.92068575620651,2.50859748919805,0.283456312172087,0.399430982153952
YGL045W,0.0434778854250908,-1.37873065471649,0.0120295285227617,0.123389497459074,0.0227316178381443,0.0693401517346501,-1.643369654078,-1.15901521603736
YGL044C,0.51681524515152,-0.292746394872665,0.0863345197751582,0.0730097611383093,0.365109743922949,0.699475680291652,-0.437577099239739,-0.155227737970492
YGL043W,1.42160630226135,0.15031835436821,0.151595251487211,0.0462767024177309,1.15213505427043,1.74466667473316,0.0615033850929737,0.241712331325692
YGL040C,1.86215317249298,0.26829719543457,0.165830772932653,0.0386539145989448,1.548856412371,2.21038981278737,0.190011153578851,0.344468801316177
YGL039W,0.894433975219727,-0.0510998368263245,0.0986766292954938,0.0480714097609974,0.709653195738792,1.09674441814423,-0.14895384024751,0.0401054327507185
YGL038C,0.437339454889297,-0.361849427223206,0.0485231699428696,0.0482098947196511,0.347009862711032,0.539974987506866,-0.459658183110269,-0.267626356916538
YGL035C,0.403611540794373,-0.396793693304062,0.0454634666281831,0.0490267575800107,0.320876045276721,0.499393227448066,-0.493662707708234,-0.301557352316804
YGL028C,1.5304719209671,0.183918997645378,0.0988124872734839,0.0280834085011602,1.34218024810155,1.72644024093946,0.12781084160361,0.237151549612364
YGL027C,0.917318940162659,-0.0382704697549343,0.0553348535355883,0.0262289884821342,0.812580559154352,1.02709305683772,-0.0901335723353526,0.0116097933892597
YGL026C,7.10397720336914,0.851056635379791,0.320203867378355,0.0196433649260183,6.47901189724604,7.70984894831975,0.811508772739034,0.887045869139358
YGL020C,1.16341495513916,0.0572796985507011,0.231893772923057,0.085736961900669,0.765953773260117,1.68921977778276,-0.115797445857949,0.22768615527446
YGL014W,0.547036230564117,-0.263034582138062,0.0380551507201535,0.0302152044750028,0.475102454423904,0.625722308953603,-0.323212725968914,-0.203618360863362
YGL011C,3.34771919250488,0.521783828735352,0.39138780500919,0.0508267583871475,2.63236509561539,4.17728712956111,0.420346123514792,0.620894324736518
YGL009C,12.6903305053711,1.10310018062592,0.526383946422679,0.0180630761376608,11.6463316917419,13.70932700634,1.06618915361993,1.13701613463871
YGL005C,0.30857440829277,-0.522183120250702,0.071061912287804,0.100844855530326,0.188923426841696,0.468047052621841,-0.723714465143439,-0.329710485244586
YGL004C,0.287347823381424,-0.546522080898285,0.0432406016040028,0.0656674818071148,0.209391138454278,0.378813228259484,-0.679041707197313,-0.421574863728227
YGL001C,1.77613866329193,0.247838377952576,0.154379834435321,0.0377552164884494,1.49492918550968,2.09389765262604,0.174620620702919,0.32095544573916
YGR002C,0.226267114281654,-0.649941086769104,0.032673756576032,0.0632128924695855,0.166899219652017,0.294638276100159,-0.777545693919054,-0.530710835160402
YGR004W,0.184654012322426,-0.739758610725403,0.0309255434572551,0.0732227808355257,0.129697483157118,0.250427693252762,-0.887068451541332,-0.601318346025564
YGR006W,0.0668637380003929,-1.25208735466003,0.039529121908478,0.271784143503311,0.0141104118976121,0.164699034392833,-1.85046038477182,-0.783309503927116
YGR007W,0.585554540157318,-0.237150371074677,0.0861407850429391,0.0642216637279875,0.428079034139713,0.766347413261731,-0.368476052800958,-0.115574306164513
YGR009C,0.373715609312057,-0.429486662149429,0.0361638467486207,0.0419982293129484,0.308018177747726,0.449297249068817,-0.511423652776897,-0.347466240472305
YGR012W,0.525026261806488,-0.283296376466751,0.0663389994386675,0.0551273019034584,0.403569857527812,0.668723678588867,-0.394081278567613,-0.174753317167981
YGR014W,0.514075756072998,-0.289900422096252,0.0336242763722163,0.0283673046604601,0.449254202842712,0.584831774234772,-0.347507852266504,-0.232969039949038
YGR015C,0.149162173271179,-0.841771364212036,0.0394699881532924,0.117277158771025,0.0829042572528124,0.233339073757331,-1.08142317634182,-0.632012531569983
YGR017W,0.556262493133545,-0.26082906126976,0.0932879036698111,0.0731176111622954,0.390833821396033,0.75567420721054,-0.408007864730789,-0.121665491194859
YGR021W,0.0879120379686356,-1.08953249454498,0.0346118765367189,0.17418508632084,0.0350705005228519,0.171204737822215,-1.45505812300151,-0.766484681497437
YGR023W,0.0535981804132462,-1.2865195274353,0.014383179836339,0.117869309014412,0.0299326272991796,0.0862319543336828,-1.52385516240729,-1.0643317787948
YGR024C,0.38411083817482,-0.435461431741714,0.117225867189597,0.132668803118701,0.198908857131998,0.652944947282473,-0.701345894142616,-0.185123472879461
YGR028W,0.241272896528244,-0.625224709510803,0.0456095797791283,0.0822357059387726,0.162512687096993,0.341686784972747,-0.78911275725338,-0.466371818273485
YGR040W,0.230145335197449,-0.645913600921631,0.0438394197871593,0.0834161057394817,0.153738840048512,0.323596734801928,-0.813216400432294,-0.489995869363744
YGR043C,0.101433269679546,-1.01395404338837,0.0309893693777988,0.133742275549753,0.0512916762071351,0.174463136742512,-1.28995650111545,-0.758296735833049
YGR044C,0.899156630039215,-0.0502483434975147,0.123363722711909,0.059676661693213,0.677088004847368,1.1619017034769,-0.169354933460045,0.0651691094294405
YGR048W,0.559357404708862,-0.25589194893837,0.071772134033887,0.055925501933236,0.427271724740664,0.712828632195791,-0.369295846329823,-0.147014867824109
YGR052W,0.0288905389606953,-1.59181523323059,0.0142304289167312,0.219557387604932,0.00869117701270928,0.0644285845259825,-2.06092146527766,-1.19092155089085
YGR053C,0.0536890998482704,-1.32878458499908,0.0275296021674943,0.23495297691958,0.0144441243416319,0.121695645588139,-1.84030878392949,-0.914726691240296
YGR054W,2.16364622116089,0.334478139877319,0.123582322084242,0.0248136753315426,1.93058173060417,2.41590666770935,0.285688191668149,0.38308015243181
YGR055W,1.37016820907593,0.135807022452354,0.0913831793777812,0.029003020635885,1.1933491696914,1.55324927270412,0.0767675352082476,0.191241158683238
YGR056W,0.256333500146866,-0.593157589435577,0.0243552668218188,0.0413694067662303,0.211397615571817,0.306335758666197,-0.674899918333824,-0.513802323106725
YGR057C,0.241590768098831,-0.645307958126068,0.0876168942244609,0.15955478844833,0.104881414957345,0.44709663838148,-0.979301463955718,-0.349599101481566
YGR058W,0.174958929419518,-0.769330441951752,0.0417112779712375,0.103859649153672,0.104960581225653,0.265348303318024,-0.978973790595976,-0.576183736776288
YGR059W,0.00939447712153196,-2.11159992218018,0.0057975743440968,0.286519034052155,0.00181637967762072,0.0234725051714728,-2.74079353862658,-1.62944107016051
YGR060W,7.26589775085449,0.86005574464798,0.549502762443048,0.0327402485947173,6.26133695046107,8.43381797472636,0.796667075556682,0.926024216335063
YGR061C,3.64347958564758,0.56114387512207,0.150765323786079,0.0180401821157648,3.34772872130076,3.93166816234589,0.524750258230076,0.594576855683946
YGR062C,0.170140311121941,-0.785173952579498,0.0458011229650768,0.119435551144646,0.0933017816394568,0.271204253782828,-1.03011007309581,-0.566703577426582
YGR065C,0.248877882957458,-0.607446134090424,0.0312789600263663,0.0547199599968572,0.19144944610695,0.314818602800369,-0.717946032372883,-0.501939623769224
YGR067C,0.013974073342979,-1.89174139499664,0.00575576194968581,0.183665920844168,0.00524303830849628,0.027302784131219,-2.28041760006148,-1.5637931077253
YGR070W,0.00396840507164598,-2.478590965271,0.00233707479347566,0.272388298168714,0.000858822774898727,0.00975188887678086,-3.06609647268485,-2.01091143740185
YGR071C,0.101279489696026,-0.999269306659698,0.0150905653440704,0.06459650794879,0.0742694690202673,0.132951115816832,-1.1291897298244,-0.876308013482394
YGR072W,0.331807494163513,-0.483092784881592,0.044917725806803,0.0589306009930576,0.248883775124947,0.42689940109849,-0.6040034148048,-0.369674470358774
YGR075C,0.0747643709182739,-1.19232773780823,0.0411704354785535,0.247525199729508,0.0188741298702856,0.179544860621293,-1.72413318024197,-0.745827111490404
YGR077C,0.122203506529331,-0.919281840324402,0.0208647063024318,0.074682967355686,0.0850909277796745,0.166200390954812,-1.07011674103476,-0.779367959338797
YGR080W,0.650902092456818,-0.19012539088726,0.0845462638236821,0.0562747471234774,0.499095260351896,0.831247653067112,-0.301816554685174,-0.0802696059244981
YGR083C,0.957286536693573,-0.0199483279138803,0.064552086659677,0.0293652154632548,0.833039559920629,1.08467644751072,-0.079334390678201,0.0353001974815702
YGR084C,0.273857265710831,-0.569439232349396,0.0489849267020482,0.0781366905763874,0.187401423603296,0.378549018998941,-0.727227122386613,-0.421877876204784
YGR086C,9.42645168304443,0.973520874977112,0.58255997267184,0.0268449556840578,8.31122422218323,10.6045039892197,0.919664998337928,1.02549035948247
YGR088W,0.0112959602847695,-2.00159955024719,0.00558995336209613,0.22553296313508,0.00327773093401144,0.0243839039777716,-2.48442673072607,-1.61289733986849
YGR093W,0.371681749820709,-0.432670712471008,0.0425096293915402,0.0497824137565724,0.294414481520653,0.46046186859409,-0.531040839642613,-0.336806336157693
YGR096W,0.0627111122012138,-1.23911690711975,0.025567363501799,0.182174666641405,0.0235302618394295,0.122283120950063,-1.62837327856135,-0.91263348805343
YGR098C,0.0666831508278847,-1.17976009845734,0.00876221305847492,0.0575237061356853,0.0502951415255666,0.0848096380631129,-1.29847397266918,-1.07155480106205
YGR101W,0.162992939352989,-0.799256980419159,0.0372382736198044,0.100526315184661,0.0978965991487106,0.24664275397857,-1.00923274401184,-0.607931651077306
YGR103W,2.35535597801208,0.371434926986694,0.12603569860621,0.0232695007319216,2.10618048508962,2.60939372976621,0.323495584472368,0.41653961431056
YGR106C,5.05740308761597,0.701985478401184,0.479717691074058,0.0410718574947175,4.19222021102905,6.08746271928151,0.622444087411479,0.784436304290114
YGR108W,0.297707945108414,-0.529914557933807,0.0388761545984188,0.0568660164906538,0.224252870927254,0.38028406004111,-0.649261989709344,-0.419891884644645
YGR110W,0.0166536793112755,-1.84046721458435,0.0088263068566064,0.240854092013229,0.0043276744778268,0.0377060974016785,-2.36374545499645,-1.42358878007258
YGR111W,0.482479333877563,-0.319726049900055,0.0586807419804443,0.0528251630263841,0.375126219292482,0.603880626956622,-0.425822595344788,-0.219048904624823
YGR113W,0.251795262098312,-0.60673463344574,0.0478182379818397,0.0824553194711825,0.171622715766231,0.3551304936409,-0.765425231231132,-0.449612034960034
YGR117C,0.46006715297699,-0.339822858572006,0.0505880891128781,0.0480773208073294,0.365198833992084,0.562876224517822,-0.437470686434734,-0.249587095235309
YGR119C,0.695792853832245,-0.15908919274807,0.0590740959103394,0.0369765861012657,0.582242451608181,0.813982264200846,-0.234896133893515,-0.0893850593366136
YGR120C,0.249391913414001,-0.62090802192688,0.0708037836161717,0.126149059453116,0.129659282664458,0.410235583782196,-0.88719638576192,-0.386966712617687
YGR121C,0.0390863157808781,-1.43170356750488,0.0128331048226411,0.146090518436288,0.0179984076724698,0.0685291031375527,-1.74476595917244,-1.16412500575066
YGR123C,1.22492122650146,0.086943008005619,0.0896142069387699,0.0318744927662807,1.05055128335953,1.40410626928012,0.0214172574956442,0.147399978168477
YGR126W,0.164413243532181,-0.831422924995422,0.0755745348104251,0.210157054417428,0.0525319416386386,0.344962658733129,-1.27957706279262,-0.462228022350964
YGR127W,0.0518056713044643,-1.3301215171814,0.0233073108078525,0.202400336214656,0.0170383570871005,0.106523039191961,-1.76857270052839,-0.972556585800767
YGR128C,1.00895142555237,0.00295770959928632,0.0653808931346347,0.0281892334803221,0.882933758199215,1.14015285174052,-0.0540718786563317,0.0569630755329235
YGR132C,1.88604164123535,0.272977262735367,0.206095623632537,0.047250887153354,1.52681915263335,2.33178283174833,0.183787598358322,0.367688089988963
YGR135W,2.74471116065979,0.435566991567612,0.319442602885969,0.0504921607292349,2.1498583594958,3.42080286542574,0.332409840074859,0.534127927555944
YGR136W,1.67439496517181,0.218236476182938,0.270403473490104,0.0699896885842756,1.18954589565595,2.25438618659973,0.0753812026194198,0.353028314701631
YGR142W,0.326117902994156,-0.490551620721817,0.0437527676967104,0.0586043825039334,0.245524460822344,0.420014486213525,-0.609905235709896,-0.376735739055533
YGR144W,0.0394762866199017,-1.45646667480469,0.0191526790719765,0.222265477842473,0.0111987201031297,0.0852696512515346,-1.95083161653481,-1.06920564198932
YGR147C,0.621506214141846,-0.212228715419769,0.100693723648148,0.070338059124403,0.44776691844066,0.842808010677496,-0.348948101550097,-0.0742713484128783
YGR149W,0.0870256200432777,-1.07440853118896,0.0222452133923862,0.111168391259592,0.0502873472869396,0.136772372946143,-1.298541273288,-0.864001624006917
YGR150C,0.0902629569172859,-1.0495582818985,0.0137482943724945,0.0666325723494135,0.0652918715650837,0.118746582108239,-1.18514094848288,-0.925378893628605
YGR152C,0.752189815044403,-0.129544854164124,0.123708531693872,0.0716890778484325,0.532202208042145,1.01775888303916,-0.273923333637237,0.00764490057177226
YGR154C,0.0164715107530355,-1.8747341632843,0.010597836275875,0.296494704658382,0.00296484566060826,0.043644691320757,-2.52800597135985,-1.36006870285653
YGR156W,0.24147866666317,-0.622566699981689,0.0382562993321765,0.0689890404049222,0.174405317753553,0.325041555613279,-0.758440277341455,-0.488061117956184
YGR157W,1.06888580322266,0.0281539149582386,0.063968210641323,0.0260060063722175,0.949174377818902,1.19675862689813,-0.0226539941794943,0.0780065666009832
YGR158C,0.996382057666779,-0.00886318180710077,0.182985973785376,0.0798328294582997,0.671764161189397,1.38691799739997,-0.172783181208449,0.142050782287256
YGR161C,0.817306041717529,-0.0951040163636208,0.151769699701392,0.0809946354775457,0.55665771017472,1.13596284389496,-0.254411849125904,0.0553641263087215
YGR162W,2.91720008850098,0.464495599269867,0.135832509515415,0.0202310433012922,2.66212589144707,3.18530312975248,0.425228589330566,0.503150768324265
YGR165W,0.402465850114822,-0.401097595691681,0.0656539042998865,0.0715343260432824,0.283034533262253,0.54196107039849,-0.548160572637312,-0.266031910718182
YGR166W,0.178110539913177,-0.754205107688904,0.0267160971496436,0.0654287551699586,0.130117351561785,0.235071569681168,-0.885664789352424,-0.628799895399818
YGR167W,3.42852258682251,0.530309975147247,0.512904039310653,0.0645443458638779,2.54010814229647,4.55873309373855,0.404852203509795,0.65884416061208
YGR168C,0.0682112723588943,-1.19179749488831,0.0231059737081805,0.152687693191341,0.0298373574235787,0.119168361711005,-1.5252402126692,-0.9238390608464
YGR171C,0.104603491723537,-0.988534092903137,0.0202060758481259,0.0840778939074346,0.0689609217147032,0.148955537751317,-1.16139694870985,-0.826943524476704
YGR172C,1.56145513057709,0.188036754727364,0.248574731520076,0.0692611815186639,1.13260066509247,2.09694088300069,0.0540768123195622,0.321586179802222
YGR175C,4.96006488800049,0.694852471351624,0.268500208097161,0.023496886604247,4.44411696592967,5.51077642440796,0.647785477457883,0.741212754447538
YGR177C,0.211985394358635,-0.678142964839935,0.0303139636442798,0.0623568874484029,0.156196226800481,0.276206712673108,-0.806329471232329,-0.558765770937514
YGR178C,1.1911553144455,0.0751307681202888,0.0738311263639935,0.0269814289965148,1.04800522625446,1.33677196403344,0.0203634484089626,0.126057322721049
YGR179C,0.116129249334335,-0.94738632440567,0.0276349308055622,0.104240944327834,0.0691606433441242,0.176307909563184,-1.16014098193495,-0.753728208517961
YGR186W,0.74797785282135,-0.127135694026947,0.0513403290163529,0.0298633662541329,0.647387440502644,0.849767963091532,-0.188835769323456,-0.0706996462863532
YGR187C,1.12894248962402,0.0508671216666698,0.103065424927649,0.0396249687566243,0.937847258150578,1.3468936920166,-0.0278678869372082,0.129333318961818
YGR188C,0.0409712232649326,-1.39723920822144,0.00864820307401633,0.092485100248509,0.0255264674158146,0.0601629294765492,-1.59300961393521,-1.22067106943693
YGR191W,0.843645215034485,-0.0751677602529526,0.066006339847889,0.0339739345676504,0.721417972942193,0.981431640187899,-0.14181304220873,-0.00813994760201123
YGR193C,0.88480281829834,-0.0551498904824257,0.0849936356598636,0.0416708771185121,0.72598072886467,1.06228842337926,-0.139074931040883,0.0262424486313954
YGR195W,0.754891276359558,-0.131404876708984,0.155390665199117,0.0905241238331079,0.47757889876763,1.08767942786217,-0.320955213286625,0.0365007496275736
YGR197C,0.118282921612263,-0.934871971607208,0.0223832055210473,0.0827014993399362,0.0790322994813323,0.166090941180785,-1.10219546549515,-0.779654054896035
YGR198W,0.248947873711586,-0.606305599212646,0.026215183575735,0.0458914391275275,0.199608248348037,0.304557673881451,-0.699821536477602,-0.516330475777351
YGR199W,0.337004244327545,-0.474308550357819,0.031870222937489,0.0411414320179674,0.277691543350617,0.403702737390995,-0.556437481265071,-0.393938305848893
YGR200C,1.13450407981873,0.0540427081286907,0.0672074260661272,0.0257511980204998,1.00545699199041,1.2699476112922,0.00236348697665528,0.103785800790484
YGR202C,0.5912184715271,-0.230825781822205,0.0642573279794438,0.0473924797547579,0.470704118907452,0.726693033178647,-0.327252004143618,-0.138649004694146
YGR204W,4.62395095825195,0.66457587480545,0.207322940831462,0.0195003033383344,4.23686647415161,5.03228890498479,0.627044777323408,0.70176556609351
YGR207C,1.60895586013794,0.202786296606064,0.212106889460773,0.0572178018588789,1.23014346957207,2.0692151149114,0.0899557608454609,0.315805621986797
YGR208W,0.938092768192291,-0.0312759093940258,0.119168309606662,0.0554893789414428,0.717347426712513,1.18310305178165,-0.144270459850871,0.0730225713795723
YGR210C,0.58105993270874,-0.238144353032112,0.0606834655210321,0.0453894706495577,0.468127918740114,0.708690179387728,-0.329635457230334,-0.149543586852338
YGR212W,0.0465482622385025,-1.35422098636627,0.0147379711892847,0.140674847139364,0.0224939852021635,0.0794559318572283,-1.64793359532019,-1.09987367458453
YGR213C,0.0400456003844738,-1.44768309593201,0.0188987456122048,0.21655373212892,0.0120310943961764,0.0852528125047683,-1.91969526504475,-1.06929130611005
YGR216C,0.138900309801102,-0.862585246562958,0.0216082475201566,0.0680757497014565,0.099739134311676,0.184235150863727,-1.00113440557117,-0.734627508112903
YGR218W,1.28686499595642,0.108984507620335,0.0646644221018514,0.021845564584928,1.16219698190689,1.41583596666654,0.0652797431132755,0.151012938494089
YGR220C,0.662870824337006,-0.184990912675858,0.114020051308012,0.0749489289982609,0.459950959682465,0.904977130393187,-0.337288470706725,-0.0433625196509914
YGR223C,0.164349809288979,-0.7917200922966,0.0305952485647688,0.0809398262415012,0.110808782279491,0.231928428386648,-0.955425817726972,-0.634646015343247
YGR224W,0.0137673951685429,-1.90890550613403,0.00637629301001175,0.210575596862073,0.00427550623426214,0.0286880113650113,-2.36901249091562,-1.54229960676164
YGR225W,0.00837945286184549,-2.15109372138977,0.00481976790899351,0.26566495314422,0.00195028939827656,0.0204098106672366,-2.70990100828557,-1.69016495760899
YGR227W,0.347860842943192,-0.461420983076096,0.039790772005194,0.0495874209899552,0.274583757917086,0.431483856340249,-0.561325156302505,-0.365035448505994
YGR229C,1.05420899391174,0.0217579286545515,0.0772828518618181,0.031908315239706,0.909243725736936,1.21258521080017,-0.0413196926395397,0.0837122670928736
YGR231C,2.32179570198059,0.364060610532761,0.209384161478276,0.0391690737542848,1.92816699941953,2.76182587146759,0.28514464554821,0.441196293324962
YGR232W,1.24251544475555,0.0839208215475082,0.272040065992822,0.0955115220065246,0.768550372123718,1.83284648656845,-0.11432777325801,0.263126079048922
YGR233C,0.387228161096573,-0.413122713565826,0.0274937392434692,0.0307761992704594,0.335752822955449,0.444280247638623,-0.473980327514874,-0.352342995792634
YGR234W,13.5392904281616,1.1309620141983,0.731821205514168,0.0234875876451803,12.1384794394175,15.011833190918,1.08416428080311,1.17643372913688
YGR235C,0.810657680034637,-0.102973230183125,0.188931868877153,0.101954241085155,0.49245348572731,1.21448199351629,-0.307634784142934,0.0843910459996222
YGR237C,0.144493579864502,-0.843652367591858,0.0183536340482958,0.0552438383749937,0.111523554970821,0.182570705438654,-0.952633395876144,-0.738568909214761
YGR240C,10.1091051101685,1.00434613227844,0.413249080538087,0.0177757434934119,9.30677103201548,10.9178041299184,0.968799023440884,1.03813529824262
YGR244C,1.09996402263641,0.0398090332746506,0.0935759219637852,0.0369485094548003,0.92563431362311,1.29743733008703,-0.0335605588391378,0.113086386181642
YGR245C,1.00418543815613,0.000924294756259769,0.0642081177221489,0.0278109043646762,0.883999435106913,1.13147315979004,-0.0535480150402976,0.0536442554958421
YGR246C,0.271365404129028,-0.569370090961456,0.0314098939098347,0.0505471818441485,0.21256923849384,0.336722383151452,-0.672499597329341,-0.472728013541694
YGR247W,0.416721373796463,-0.398479670286179,0.121266868114797,0.127464949965268,0.217870166028539,0.693744907776514,-0.661803044390901,-0.15880024481328
YGR248W,0.0431776195764542,-1.46526527404785,0.0288093928452566,0.314779633366306,0.00685481375160937,0.11346548354874,-2.16400462321675,-0.945136275589814
YGR249W,0.00756949931383133,-2.23902535438538,0.00556308466591262,0.339734399675966,0.0009995337013,0.0221811122881869,-3.00020313412768,-1.65401683626967
YGR252W,0.23710024356842,-0.630065381526947,0.0359086107802004,0.0661204442661488,0.17169310413301,0.3118522323668,-0.765247154775757,-0.506051162513479
YGR253C,3.44474482536316,0.534822046756744,0.357525294616143,0.0450807075074769,2.78865016897519,4.19027740557988,0.445394020182343,0.62224276601938
YGR256W,0.0731441602110863,-1.14942896366119,0.0181759032372022,0.109989665769245,0.0422012069573005,0.11332238179942,-1.37467596332019,-0.945684362105809
YGR266W,0.403654634952545,-0.395794719457626,0.0368160826443684,0.0396426437988391,0.335660840322574,0.479580824077129,-0.474099322823348,-0.319138212806439
YGR267C,1.42267370223999,0.147083014249802,0.238600181325534,0.0723487594901,1.01718168457349,1.95075969994068,0.00739853160303454,0.290203760071832
YGR271C-A,0.855233669281006,-0.0798702538013458,0.201169226916023,0.102467689197176,0.518813610076904,1.29413622319698,-0.284988639558335,0.111979673309159
YGR276C,0.503318190574646,-0.300200551748276,0.0488829448049473,0.0421718480073688,0.41327617118756,0.606733408570289,-0.383759664651431,-0.217002119121658
YGR277C,0.520962119102478,-0.289187341928482,0.0864113429234506,0.0724454331069447,0.36638009895881,0.702015701929728,-0.436068192254136,-0.153653176676073
YGR278W,0.135282725095749,-0.874862194061279,0.0226216256670004,0.0731671616620383,0.0946971752991279,0.182566909243663,-1.02366298424308,-0.738577978845349
YGR286C,0.471520006656647,-0.330705285072327,0.0656195810044736,0.06058233514796,0.351348226517439,0.611091806987921,-0.454262261379762,-0.213893585109281
YGR289C,0.00769087206572294,-2.19661402702332,0.0046987770680781,0.281542546394023,0.00153470414807089,0.0192466851634284,-2.81397556459716,-1.71564417774882
YHL047C,0.14603915810585,-0.840812861919403,0.0228318219832007,0.0679011792801388,0.105304711995025,0.193177100891868,-0.977552226989293,-0.714044363475003
YHL044W,0.0347670912742615,-1.63747358322144,0.0322451014368943,0.425814181112994,0.00266333230926345,0.121757660495738,-2.57457468576431,-0.914505575286113
YHL039W,0.627893030643463,-0.203804522752762,0.0552862736284408,0.0383783100775892,0.52078949213028,0.740973633527756,-0.283337791013621,-0.130197245967926
YHL036W,0.0335312187671661,-1.49905908107758,0.0111466198239202,0.14899888042535,0.0154610864740486,0.0586825089529157,-1.81076017247659,-1.23149133939127
YHL035C,0.0324726812541485,-1.49641644954681,0.00618757772231296,0.0835770387523677,0.0215161004569381,0.0454708641705414,-1.66723650455593,-1.34226679609158
YHL032C,0.0351540520787239,-1.47085511684418,0.00975204917400386,0.122239537243807,0.0188432627978424,0.056594405323267,-1.72484390540059,-1.24722649915317
YHL028W,0.070082925260067,-1.16486871242523,0.0153416515156181,0.0961371670697357,0.0434828885520498,0.104383771928648,-1.36168164556228,-0.981367072561996
YHL026C,0.0228098966181278,-1.73634779453278,0.0149558868431477,0.303128730121747,0.00383833749219775,0.0593032748127976,-2.41585684185817,-1.22692223478393
YHL025W,0.475941151380539,-0.327919900417328,0.0754363790830188,0.069230970661221,0.337634086608887,0.633482246597608,-0.471553714656411,-0.19826557003851
YHL024W,0.0041464208625257,-2.48768353462219,0.00284731489658238,0.322608372458975,0.000620418519247323,0.0113838324245686,-3.2073152471465,-1.94371181298569
YHL022C,0.0258917659521103,-1.64257144927979,0.0127961863364408,0.230636777887201,0.00722844127255181,0.0563876064494252,-2.14095560172982,-1.24881636724158
YHL021C,0.395542979240417,-0.406069487333298,0.0484608066345827,0.053360188249001,0.30644204740723,0.499504557748636,-0.513651646517823,-0.301460544700283
YHL020C,0.249212324619293,-0.609842240810394,0.0428577691315194,0.0748889801756853,0.173894702891509,0.342148542404175,-0.759713647130432,-0.465785305812847
YHL019C,0.108242638409138,-0.972767949104309,0.0196868650193505,0.0792154093325783,0.0735244303941727,0.14977842271328,-1.13356833135848,-0.82455074766218
YHL017W,0.588476419448853,-0.232255324721336,0.0562708805985684,0.0415516004284383,0.483969808369875,0.705697473386923,-0.315181735636631,-0.151381457635954
YHL016C,0.0289257299154997,-1.55885601043701,0.00875112671335377,0.134323514456551,0.0144396092509851,0.0483904917103549,-1.84044461830814,-1.31523999356364
YHL014C,0.0989063084125519,-1.0188090801239,0.0250886546126648,0.111560094657848,0.0552290337470671,0.155274000267188,-1.25783277980056,-0.808901794312038
YHL011C,2.99819898605347,0.475348472595215,0.250642591391796,0.0362276655845285,2.53115942279498,3.51910811861356,0.40331949123522,0.546432609993307
YHL010C,0.0632105842232704,-1.21150863170624,0.0149735143153384,0.104337622508586,0.0370749337288241,0.0963916456947724,-1.43091966024495,-1.0159606332029
YHL009C,0.235187470912933,-0.638619005680084,0.0504151060274802,0.0939828940264551,0.147156776239475,0.343903045604626,-0.832219734831618,-0.463563988420629
YHL002W,0.402647912502289,-0.398419976234436,0.0501661832129776,0.0539361955215872,0.313062354425589,0.509171163042386,-0.504369153210044,-0.293136545416477
YHR001W,0.591256260871887,-0.230570703744888,0.0615457066847303,0.0451801484137397,0.478392718235652,0.721095342437426,-0.320215448141638,-0.142007321089829
YHR002W,0.0454963855445385,-1.37904131412506,0.0185492109071628,0.184917768780107,0.0167001243370275,0.0893365611011783,-1.77728029651878,-1.04897084735416
YHR003C,0.624918580055237,-0.206567630171776,0.065487505148485,0.0456620097657526,0.501747273902098,0.757074110209942,-0.299514978457956,-0.120861611876981
YHR004C,0.0207842160016298,-1.73414981365204,0.0100488253173833,0.219792979057215,0.00611103441333398,0.0447012160904705,-2.21388531183187,-1.34968070020299
YHR006W,0.33752515912056,-0.474608212709427,0.0389874795903514,0.050480027142029,0.264245654890935,0.420656323432922,-0.577992145259862,-0.376072578253461
YHR009C,0.667328834533691,-0.177446469664574,0.0605536080277608,0.0394367779607655,0.556861209372679,0.792412738502026,-0.254253077230873,-0.101048552731983
YHR011W,0.0450852662324905,-1.37028324604034,0.0149890169152527,0.148260318265554,0.0205862305592746,0.0789708726728956,-1.68642320476269,-1.10253306408722
YHR012W,0.665722608566284,-0.182058721780777,0.104812141136347,0.0683283428873007,0.478802412748337,0.893254289031028,-0.319843669793094,-0.049024941825496
YHR013C,1.13106071949005,0.0458516180515289,0.213811640732975,0.0815121541076754,0.765616077681383,1.59930324355761,-0.115988996567235,0.203930803171095
YHR016C,0.48819887638092,-0.313593834638596,0.0490276693896039,0.0436994243251104,0.396461929380894,0.59098689854145,-0.401798533337309,-0.228422168554026
YHR017W,0.242359295487404,-0.622061550617218,0.0418559751177377,0.0756359935091948,0.168534029771884,0.331503011286259,-0.773312395301151,-0.479512522267308
YHR018C,3.07069754600525,0.48641312122345,0.188924839408244,0.0267712486252814,2.71240758895874,3.44758886297544,0.43335495080536,0.537515468143645
YHR022C,0.022408913820982,-1.79328048229218,0.0181374530246662,0.379311747706257,0.0022780308383517,0.0684235936651627,-2.6424404232311,-1.16479412049209
YHR024C,0.49254697561264,-0.309770613908768,0.0498145364858995,0.0439668033291094,0.400818282614152,0.594873795409997,-0.397052478397181,-0.225575161618958
YHR025W,4.03710746765137,0.605040729045868,0.278324113786404,0.0299217675340331,3.51159487764041,4.59763589700063,0.545504392249022,0.662534574983571
YHR029C,1.05795991420746,0.0212044101208448,0.129619453284373,0.0533781776036522,0.816476863622665,1.33062354922295,-0.0880561173391547,0.124055205256601
YHR030C,0.614425778388977,-0.213391304016113,0.0568737788907687,0.040240866637358,0.508114003638427,0.732447818915049,-0.294038836548877,-0.135223311103836
YHR031C,0.183043390512466,-0.740448713302612,0.0214968653156043,0.0511953953204278,0.143128097554048,0.228058712556958,-0.844275102860147,-0.641953457774444
YHR033W,0.0131441196426749,-1.96498072147369,0.00808653379225014,0.283908937868738,0.00246147087503535,0.0329653062236805,-2.60880530325133,-1.48194339756546
YHR034C,0.364263206720352,-0.444243907928467,0.0585706685221917,0.0705030098861871,0.258289268116156,0.485660081605116,-0.587893638563926,-0.31366759936808
YHR036W,0.177427247166634,-0.756758630275726,0.0288928021582357,0.0711282228636773,0.124794632196426,0.239549203092853,-0.903804094602373,-0.620605454246849
YHR037W,0.942751348018646,-0.0267115533351898,0.0672400870342481,0.0310813649020908,0.811611759165923,1.0779001245896,-0.0906516702760177,0.0325785221224212
YHR038W,0.312463313341141,-0.529582440853119,0.104080230395228,0.148069873875383,0.143454536795616,0.545860936741034,-0.843285712498878,-0.262918017661092
YHR039C,0.786687910556793,-0.105322360992432,0.0564533665134787,0.0313203139805859,0.675015613436699,0.901120722293854,-0.170686184705126,-0.0452170231008783
YHR040W,0.296527236700058,-0.534067988395691,0.0495586958666375,0.0734635187787049,0.204466752087077,0.399138283232848,-0.689377308800455,-0.398876668022085
YHR042W,2.4548933506012,0.389402359724045,0.132061377028147,0.0234047554180186,2.19339128931363,2.71610397299131,0.341116114263436,0.4339463901595
YHR045W,0.31935128569603,-0.498351454734802,0.0349554613022809,0.0478911479389334,0.253450177609921,0.391632951299349,-0.596107402216203,-0.40712080026971
YHR046C,0.462420761585236,-0.341522336006165,0.0803332625632565,0.0757603563676457,0.322052673995495,0.638462236026923,-0.492073090558435,-0.194864787308485
YHR048W,0.0256283469498158,-1.62539088726044,0.0100769450488962,0.176026840309808,0.0101319123292342,0.0490060827073952,-1.99430862601458,-1.30975001147634
YHR049W,1.28932201862335,0.104298777878284,0.215130034354561,0.0728675000294564,0.904595928887526,1.73615524172783,-0.0435453844010482,0.239588535041156
YHR061C,0.168549701571465,-0.788028180599213,0.0437384744559665,0.114370103415958,0.0958271477371454,0.266055266559124,-1.01851225344718,-0.575028142249507
YHR062C,0.610388278961182,-0.219640403985977,0.0953411438378527,0.0675392890979326,0.447122275829315,0.816955241560936,-0.34957369285002,-0.0878017805037726
YHR063C,1.1777218580246,0.0692879855632782,0.106022133581739,0.0390753918474245,0.982935154934724,1.39423882961273,-0.00747513229632242,0.14433717368934
YHR064C,9.12532234191895,0.959741711616516,0.439857839084285,0.0209693572120612,8.27044690450033,9.99727959632873,0.917528976408002,0.99988183829466
YHR065C,0.933861315250397,-0.031152568757534,0.0760665342443182,0.03529450926192,0.794983505209287,1.09434223175049,-0.099641882362086,0.0391531593996468
YHR067W,0.0596309676766396,-1.28026914596558,0.0301931522193123,0.227708516035039,0.0172567417534689,0.134799835955103,-1.76304138438549,-0.870310787964661
YHR068W,4.26800632476807,0.629338800907135,0.273099445090259,0.027728801153768,3.77292114893595,4.83776871363322,0.576677728415319,0.684645098154927
YHR069C,0.601397633552551,-0.224262058734894,0.0756174198156525,0.054609773525945,0.461742448806763,0.756508410970369,-0.335600198771862,-0.121186410851127
YHR070W,0.610105633735657,-0.216633155941963,0.0591235192497305,0.0421304063658136,0.501195667684078,0.730278134346008,-0.299992766915456,-0.136511702610686
YHR071W,0.225465327501297,-0.688868403434753,0.098158047822363,0.196399534273008,0.0769061878323555,0.463129389782746,-1.11403885595768,-0.334297685434521
YHR072W,0.342523276805878,-0.467216908931732,0.03211772486442,0.040766918474931,0.282873953133821,0.410331034660339,-0.548407072077941,-0.386865678949309
YHR074W,1.1892671585083,0.0744353607296944,0.074126810926402,0.0271043504829118,1.04809999465942,1.34100098013878,0.0204027187709378,0.127429049796621
YHR075C,0.0800486207008362,-1.1138459444046,0.0223842860052239,0.123813955356704,0.0420610020247598,0.130081198116143,-1.37612039391973,-0.885785499812382
YHR076W,0.862471997737885,-0.0669802576303482,0.0966410029688408,0.0487343459794281,0.68354184627533,1.0629061460495,-0.165234898418215,0.0264949080559509
YHR078W,0.136092767119408,-0.872703790664673,0.0237066061130588,0.0754939749521005,0.0946299490208427,0.187009973575671,-1.02397160306705,-0.72813524710804
YHR080C,0.0109166298061609,-1.98471546173096,0.00350520319222045,0.143140305061012,0.00511375840287656,0.018949034716934,-2.29125979398538,-1.72241292319894
YHR083W,0.412030667066574,-0.39142644405365,0.0705446213249247,0.0745503990147551,0.288603146374226,0.563471019268036,-0.539698940840401,-0.249128415901171
YHR084W,0.321547567844391,-0.495104283094406,0.0335001979126351,0.0452063792526217,0.260595615208149,0.392316550016403,-0.58403290919459,-0.406363370613284
YHR085W,0.25535836815834,-0.601739525794983,0.0514624440359365,0.0884910893672265,0.165939415742954,0.366963635881742,-0.78005044585697,-0.435376989439958
YHR091C,0.0722917914390564,-1.15067279338837,0.01528964879839,0.0927155113075642,0.0461054131078223,0.106006170498828,-1.33624814870472,-0.97466885904716
YHR098C,0.984544456005096,-0.00755450362339616,0.0593556891898869,0.0262113764583284,0.871245832741261,1.10475645661354,-0.0598592881441985,0.043266548341293
YHR103W,0.260698884725571,-0.585949122905731,0.0255649774726255,0.0426350868194999,0.214697510004044,0.313733428468307,-0.668172992348915,-0.503439213372899
YHR104W,0.994074821472168,-0.00565822049975395,0.118646382154608,0.0517220305968272,0.781827509403229,1.24740672111511,-0.106889052537907,0.0960080797306185
YHR106W,0.122828356921673,-0.926691770553589,0.033368348209081,0.1188675220471,0.0672800389428933,0.196441768109798,-1.17211376821886,-0.706766169003779
YHR107C,0.767182588577271,-0.117296263575554,0.0770216334319628,0.0437533956299875,0.622254398961862,0.927263775964578,-0.20603203803998,-0.0327967058342536
YHR108W,1.50265514850616,0.175908699631691,0.0991901758304162,0.0287876578406277,1.30735540489356,1.69739613831043,0.116393662323234,0.229783209776398
YHR109W,0.0732020661234856,-1.14556920528412,0.0157689941805333,0.0942041898740943,0.0460416961461306,0.108342609182,-1.33684868690549,-0.965200863666863
YHR111W,0.56833815574646,-0.247985795140266,0.0620616332738645,0.0475428387710102,0.454019655287266,0.695896455645561,-0.342925376693295,-0.157455388800512
YHR112C,0.235323444008827,-0.635140061378479,0.0416109877529695,0.077232860897819,0.161231244231264,0.324679804841677,-0.792550828591677,-0.488544827400576
YHR113W,0.552365601062775,-0.260048627853394,0.0565752359009223,0.0445133138599287,0.448884397745132,0.673620283106963,-0.347865489476832,-0.171584858963911
YHR117W,0.614978909492493,-0.212617874145508,0.0507308292414293,0.0358621992711056,0.52047665665547,0.71866140961647,-0.283598744903844,-0.143475675596136
YHR123W,0.885489463806152,-0.0551821291446686,0.0925611174529767,0.0453585695715252,0.717987873156865,1.08194530010223,-0.143882893285298,0.0342053047037643
YHR127W,0.426511287689209,-0.387706696987152,0.121201851492256,0.125306409559387,0.221886064360539,0.698056279619535,-0.653870499022934,-0.156109567868409
YHR129C,0.0761522278189659,-1.13944745063782,0.0235500996088919,0.137767272434896,0.0374370296175281,0.129197661951184,-1.42669867063743,-0.888745347857283
YHR131C,0.0557817257940769,-1.26286780834198,0.0115826289485483,0.0906446563022822,0.0356751775369048,0.0815536418308813,-1.44763385696738,-1.08855690151259
YHR132C,1.39793491363525,0.144093200564384,0.11204034128637,0.0348171647047112,1.18523576458295,1.62765047947566,0.073804747816932,0.211561150029297
YHR133C,1.77271950244904,0.245842382311821,0.201840161027788,0.0493105847161417,1.4068146020174,2.20747542381287,0.148236861157455,0.343895877204591
YHR134W,0.079578772187233,-1.14639866352081,0.0367582644993216,0.208989588948745,0.0254749524096648,0.166974745566646,-1.59388661929791,-0.777349690315375
YHR137W,1.78074860572815,0.249614864587784,0.120253342321553,0.0293043762776286,1.55227282345295,2.02994799613953,0.190968053943884,0.307484912160044
YHR140W,0.107701480388641,-1.03181755542755,0.0581710909688915,0.245273365555978,0.0266995649629583,0.251656322926283,-1.57349792918455,-0.599192153733412
YHR143W,3.8019495010376,0.578621685504913,0.303947945017017,0.0346613578806276,3.24240696430206,4.42037275632222,0.510867523538647,0.645458890401768
YHR144C,0.42530357837677,-0.378813683986664,0.0791263041243795,0.0811399792410991,0.289046535392602,0.599905264874299,-0.539032240489229,-0.221917347958626
YHR146W,2.10702705383301,0.322689324617386,0.141660829177199,0.0292083356014274,1.839055844148,2.396911551555,0.26459491682577,0.37965200592523
YHR150W,0.040247343480587,-1.41422319412231,0.0118469733542302,0.130108178879614,0.0206843186169863,0.0664013282085458,-1.68435878106564,-1.17782327718464
YHR151C,0.121529690921307,-0.921885967254639,0.0210927033882191,0.075899416313005,0.0839661806821823,0.166891454408566,-1.07589560084986,-0.777565917799478
YHR154W,0.329693377017975,-0.483204692602158,0.0256404779518323,0.0338508540528807,0.28115487570564,0.381245308369398,-0.551054383099141,-0.41879549271194
YHR156C,0.0884535610675812,-1.07194221019745,0.0257401061754242,0.128981207237416,0.0459789666347206,0.143667713552713,-1.33744086330452,-0.842640878446609
YHR160C,0.0180181805044413,-1.87671506404877,0.0142218928307373,0.360047312746799,0.00230648571353716,0.0567124943869809,-2.63704925691789,-1.24632126058483
YHR161C,0.21147021651268,-0.678109347820282,0.026298364694693,0.0541027193772056,0.162936442593733,0.266364663342635,-0.787981791252448,-0.574523393435721
YHR165C,0.205764725804329,-0.687680602073669,0.0143178938688652,0.0302749689160904,0.179494984199603,0.235819371417165,-0.745947705113189,-0.627420523488417
YHR169W,0.765632629394531,-0.117921315133572,0.0724842431204341,0.0410833792554624,0.629204468429089,0.920475662251313,-0.201208201836018,-0.0359876958120345
YHR171W,0.047270629554987,-1.33914017677307,0.0118665188959433,0.110191926015036,0.0272000709859033,0.0738573462391893,-1.56543002865628,-1.13160635828832
YHR177W,0.0119612254202366,-2.00413298606873,0.00733122490527353,0.278891662942807,0.00251397320923085,0.0304758395378788,-2.59964173347174,-1.51604433304672
YHR181W,0.801774799823761,-0.110555566847324,0.208901317526793,0.113294333491651,0.456361621618271,1.26399417221546,-0.340690885332327,0.101745059268164
YHR183W,10.1291809082031,1.00504314899445,0.501075125176564,0.0214498415752154,9.18601158459981,11.1791194200516,0.963126982569221,1.04840759547932
YHR185C,0.031929649412632,-1.64277577400208,0.0265448137088436,0.380009921659644,0.00359468080375033,0.104000067400436,-2.44434725972066,-0.982966397395438
YHR188C,0.643551051616669,-0.192793488502502,0.0512453158276158,0.0346118933539656,0.546175811688105,0.748858466247717,-0.262667577372784,-0.125600256281527
YHR192W,0.376128792762756,-0.433984279632568,0.0778276536780214,0.0905091842577049,0.243107275788983,0.545420475800832,-0.614202048250407,-0.263268563877471
YHR195W,0.227263569831848,-0.653990924358368,0.0500301489049143,0.0962047761252196,0.139969184994698,0.34057708978653,-0.853967566177494,-0.467784571645195
YHR196W,0.776238620281219,-0.111261889338493,0.0591818679275697,0.0330601041689475,0.666973492999872,0.899429725607236,-0.175891437807171,-0.0460327638742058
YHR197W,0.445308357477188,-0.35288593173027,0.0375453024028661,0.0367087316922977,0.374674173444509,0.523301527897517,-0.426346349080793,-0.281247997630705
YHR199C,0.48589351773262,-0.319237798452377,0.0794474902541489,0.0710201875817773,0.346040893097719,0.657935657600562,-0.460872577525388,-0.181816580614497
YHR205W,0.660102963447571,-0.181426718831062,0.0456963284443633,0.0300445692257054,0.574563161532084,0.752397095163663,-0.240662224677614,-0.123552900904855
YHR206W,0.334305167198181,-0.478176802396774,0.0345238001611872,0.0449773533984975,0.270392161607742,0.407318253815174,-0.568005908715077,-0.390066126753931
YHR208W,13.373649597168,1.12557101249695,0.748356050586893,0.0243030228322921,11.9746437072754,14.9114722808202,1.07826260031072,1.17352052441931
YHR209W,0.178501591086388,-0.765154898166656,0.0499170382489314,0.121617423119019,0.0974890384202202,0.293705042948326,-1.01104452353523,-0.532088596529931
YHR210C,0.0189530625939369,-1.81226015090942,0.0122136253189785,0.293336002317843,0.00369061673021254,0.050880108308047,-2.43290128031413,-1.29345206575505
YIL162W,0.428028851747513,-0.371009856462479,0.045734370994698,0.046517679160792,0.34309116328756,0.523827735086281,-0.464590467853781,-0.280811899687867
YIL160C,0.00844229571521282,-2.19280004501343,0.00629160247356562,0.342023621687988,0.00112670101225376,0.0250889009330421,-2.94819131550271,-1.60051859783595
YIL155C,0.292536944150925,-0.536526501178741,0.0325955182609182,0.0486292245031547,0.231712894762556,0.358484327793121,-0.635049797171639,-0.445529826054046
YIL154C,0.547966778278351,-0.265809804201126,0.0793749241941195,0.0631591821942589,0.403812138736248,0.712829381227493,-0.39382064391676,-0.147014410231549
YIL153W,0.420819193124771,-0.380129426717758,0.0586363478629731,0.0607779864247757,0.314838872104883,0.543327549099922,-0.501911796755891,-0.264938273780255
YIL152W,0.0626887455582619,-1.321169257164,0.0465243155927451,0.344168267671604,0.00836157297405104,0.179507074753443,-2.07771254025702,-0.74591853571453
YIL151C,0.0519211739301682,-1.29146575927734,0.00917435088920904,0.077308512858561,0.0358239577462276,0.0718542496984204,-1.44582643994993,-1.14354754455165
YIL150C,0.186643794178963,-0.733676671981812,0.0274727865497667,0.063972840282499,0.136785536756118,0.245755387470126,-0.863959870916231,-0.609496957340457
YIL146C,0.0380212999880314,-1.44356405735016,0.0124955648138582,0.145384992698448,0.0178178776366015,0.0662318021059036,-1.74914474646507,-1.17893342804231
YIL145C,0.841060042381287,-0.079245388507843,0.115221540091875,0.0596180376799066,0.633241731921832,1.08209753036499,-0.1984304768536,0.0342664058633827
YIL144W,0.165063247084618,-0.786106526851654,0.0217009762304199,0.0572721690176771,0.125628039240837,0.210245931769411,-0.900913418492681,-0.677272703892606
YIL142W,2.86123752593994,0.455842137336731,0.163726377175542,0.0248691920190273,2.55308852990468,3.1875094751517,0.407065870729823,0.503451480494922
YIL140W,0.497204542160034,-0.304776906967163,0.0386765411601087,0.0337942857371032,0.424850030740102,0.575414439539115,-0.371764346678767,-0.240019244967729
YIL137C,0.776388227939606,-0.110770031809807,0.0485791127240061,0.0271770331411881,0.682882483303547,0.874339929223061,-0.165654048489854,-0.0583196893264812
YIL136W,0.0838667452335358,-1.09286856651306,0.0229476360018746,0.12110424765338,0.0448585730666916,0.134939938783646,-1.34815461300032,-0.869859491201111
YIL131C,0.374119907617569,-0.43007305264473,0.0446269340621946,0.0518363321055015,0.292531158526738,0.468154622862736,-0.533827870216079,-0.329610717751783
YIL130W,0.328069448471069,-0.485617250204086,0.0279794176482215,0.0371089342367198,0.276051889608304,0.386295752724012,-0.559009277036237,-0.413080066858318
YIL128W,0.276528120040894,-0.560028851032257,0.0249406762639867,0.0392516355494561,0.228663419683774,0.328644096851349,-0.64080330621906,-0.483274164168368
YIL126W,0.64045774936676,-0.194231674075127,0.0368706402383471,0.0250687218559251,0.568918105959892,0.714809119701385,-0.24495025236272,-0.145809915300805
YIL125W,0.864231944084167,-0.0641221702098846,0.0509095405419035,0.0255730066674987,0.767413610716661,0.971703410148621,-0.114970502784876,-0.0124662731308896
YIL124W,1.22060871124268,0.0832964107394218,0.150201864806515,0.0534627708243072,0.948083245754242,1.53315968116124,-0.0231536288268,0.18558738967876
YIL123W,5.78366422653198,0.76153177022934,0.321783861664444,0.0241520856782278,5.17432953516642,6.44674108028412,0.713854067284036,0.809340227282747
YIL121W,0.550632894039154,-0.261130571365356,0.0528077237978638,0.0416272546342651,0.452824681997299,0.659179876248042,-0.344069909198124,-0.180996090244407
YIL120W,0.0383981168270111,-1.43719291687012,0.0120921703470265,0.138355485203419,0.0187655082438141,0.0665840891500312,-1.72663967160699,-1.17663205352122
YIL118W,0.974490940570831,-0.0229435302317142,0.226236487006148,0.101655252908237,0.588967699805895,1.47128586173058,-0.229908533104123,0.167697057594514
YIL117C,1.37222790718079,0.13492938876152,0.147087514866734,0.046657971294657,1.10219034353892,1.68911432524522,0.0422565700951029,0.227659030174106
YIL115C,0.713432967662811,-0.147319480776787,0.0396435291794348,0.0241927643447391,0.636469138165315,0.792192760109901,-0.196222651192412,-0.101169144325727
YIL110W,0.4469875395298,-0.353668570518494,0.0604850622718018,0.0587814246092185,0.338967458158731,0.576038959622383,-0.469841994613092,-0.239548172504604
YIL108W,0.414272010326385,-0.384520471096039,0.0378729999243513,0.0396139044424401,0.344937292238077,0.493842849632104,-0.462259852398264,-0.306411347376276
YIL106W,0.511187374591827,-0.297098368406296,0.0822673476728028,0.0706720596109071,0.359017531573772,0.683491514126459,-0.444884405654762,-0.165266971368156
YIL104C,0.235356390476227,-0.632252991199493,0.0318502231005877,0.0589316302011773,0.177731389800707,0.302389742682377,-0.750235864721143,-0.519433000660106
YIL103W,0.585933029651642,-0.234665185213089,0.063007281638769,0.0468158572335452,0.469249869386355,0.718000004192193,-0.328595839736274,-0.143875553223233
YIL101C,0.0341734699904919,-1.4849967956543,0.0100185483688363,0.128901943944044,0.0178078218518446,0.0570087948814034,-1.74938932345566,-1.24405826351221
YIL099W,0.012452594935894,-1.96072554588318,0.00620637177235816,0.230295738648082,0.00338888825305427,0.0274395573263367,-2.46994288550303,-1.56162319140373
YIL097W,0.080972783267498,-1.10169219970703,0.0173432692993301,0.0940633048691643,0.0508351921724776,0.117356876470149,-1.29383555082865,-0.930491462066027
YIL096C,0.285622596740723,-0.551250100135803,0.0513563986968478,0.0785854924292987,0.19504855449001,0.3960353679955,-0.709857364527049,-0.402266033724286
YIL094C,3.02453565597534,0.479621529579163,0.209119681648125,0.0300419894973217,2.62926278313001,3.45083660085996,0.419833992047653,0.537924394068008
YIL092W,0.0444577038288116,-1.36576557159424,0.0111392615539049,0.11018548131209,0.0256534228567034,0.0694067238519589,-1.59085488922413,-1.15859848579915
YIL091C,0.50723671913147,-0.296175628900528,0.0405655875786871,0.0347249073904277,0.431529045353333,0.590429970622063,-0.364989993652033,-0.228831612817565
YIL084C,0.280183494091034,-0.560723006725311,0.0541753157754439,0.0847689196170479,0.183591034884254,0.397589294612408,-0.736148669441192,-0.400565335587796
YIL083C,0.580735921859741,-0.239660382270813,0.0750587387341646,0.0564074175421908,0.439659170806408,0.742098369697729,-0.356883867636582,-0.129539022037964
YIL079C,0.499199122190475,-0.305986791849136,0.0697873224797144,0.0610603642860111,0.368785532315572,0.645217268168926,-0.433226125669954,-0.190294079838564
YIL077C,0.122858144342899,-0.925427138805389,0.0317502201073397,0.115106066699622,0.0660870173946023,0.192514193927248,-1.17988384987762,-0.715537245173714
YIL076W,2.14522576332092,0.329320698976517,0.213499065933708,0.0433185183533649,1.7575649023056,2.58014696041743,0.244911371354876,0.411644428494925
YIL075C,2.93609642982483,0.467324465513229,0.132875035093057,0.0196790874278692,2.6753611266613,3.20240494608879,0.427382411984877,0.505476247759519
YIL073C,0.00633779214695096,-2.25123381614685,0.00310876324852028,0.221881085970514,0.00186373727046885,0.0140769029967487,-2.72961945517156,-1.85149315836957
YIL072W,0.0134225999936461,-1.91834843158722,0.00611708473838847,0.207300317206786,0.0043338397052139,0.0275238243862986,-2.36312722295266,-1.56029124691882
YIL071C,0.0415143296122551,-1.40890872478485,0.0145268745694386,0.156527076861667,0.0182385804286848,0.0744992482786377,-1.73900898539743,-1.12784812733698
YIL070C,0.772112369537354,-0.118080273270607,0.125518928674306,0.0710665384814627,0.539392572144667,1.04237591723601,-0.26809505171756,0.0180243328214163
YIL068C,0.247545897960663,-0.608436107635498,0.0242309534279463,0.0427314684675326,0.201543404782812,0.296731813251972,-0.69563142810446,-0.527635890664747
YIL067C,0.137474492192268,-0.866418778896332,0.0200470003222996,0.0637466553203336,0.101312935352325,0.179522446667155,-0.994335101594392,-0.745881257911897
YIL061C,0.175705567002296,-0.769983291625977,0.0457130808460603,0.114407986798372,0.0990429675206542,0.274963606645663,-1.00417636253312,-0.560724814714894
YIL055C,0.0539185106754303,-1.27966332435608,0.0123180101095493,0.100403541632003,0.0326242183024685,0.0808695003390312,-1.48646001225819,-1.09221537173738
YIL050W,0.28619784116745,-0.55570524930954,0.0683190226664854,0.104394773727435,0.170906847467025,0.438643997659286,-0.767240539467362,-0.357887937886896
YIL046W,0.107986509799957,-0.973701357841492,0.0195531684852352,0.0786030034046069,0.0733918199315667,0.149748575439056,-1.1343523485769,-0.824637317014276
YIL045W,0.0840919464826584,-1.08477568626404,0.0175660434569966,0.0916520813108738,0.0535382851958275,0.122410934790969,-1.27133554315873,-0.912179785593487
YIL044C,0.880996406078339,-0.0589454397559166,0.118795728192256,0.0583720722614272,0.67258782684803,1.1350525389115,-0.172251033694509,0.0550159443946723
YIL039W,0.934459984302521,-0.0309654474258423,0.0784566189016988,0.0364308150497557,0.78733333448569,1.09653630654017,-0.103841373483894,0.0400229994163967
YIL038C,0.71198034286499,-0.148436218500137,0.0458511123776502,0.0280607720309804,0.623820655544599,0.803825524449348,-0.204940249377998,-0.0948382074854946
YIL037C,0.007010817527771,-2.23240542411804,0.0041754301234278,0.273831614799954,0.00137267699659181,0.0176099166274071,-2.86243217908778,-1.75424270015667
YIL036W,0.288561016321182,-0.542507350444794,0.0324322842497052,0.0489057472274762,0.228850096464157,0.356601264576117,-0.640448927651716,-0.447817122000144
YIL035C,0.947548627853394,-0.0256654359400272,0.0969239434306422,0.044404200903422,0.775333727896214,1.1502287765344,-0.110511328533213,0.0607842218115106
YIL034C,1.29885256290436,0.110072501003742,0.164400354558471,0.055193345472864,0.994743138055007,1.6432499418656,-0.00228905364038812,0.21570358394406
YIL030C,0.686902105808258,-0.163837403059006,0.0398022624424492,0.0252528107011635,0.608578157424927,0.766138966878255,-0.215683654059051,-0.115692448298582
YIL023C,0.266537219285965,-0.582373738288879,0.0516036093722444,0.0843913287680991,0.177038973445694,0.379003311196963,-0.751931144639062,-0.421356995765059
YIL022W,0.865073263645172,-0.0647887289524078,0.0795850957144622,0.040053097660811,0.719259508947531,1.02612851162751,-0.143114389718355,0.0112017401173861
YIL020C,0.714513301849365,-0.153317794203758,0.131634650391966,0.079998427367213,0.486926088482141,0.993796427051226,-0.3125370247943,-0.00270257303757789
YIL019W,0.572119891643524,-0.246278241276741,0.0753044692334232,0.0573213141126237,0.434743004788955,0.732188467184703,-0.361767449940648,-0.135377116090801
YIL015W,1.2891092300415,0.109305784106255,0.0866888159990291,0.0292631660686445,1.12516625324885,1.46258538762728,0.0512166980026283,0.165121230145855
YIL013C,0.0126122608780861,-1.9215714931488,0.0040083415954044,0.141793863669122,0.00608606425812468,0.0214974306213359,-2.2156634666509,-1.66761358862558
YIL006W,0.0168085005134344,-1.8637433052063,0.0107303816635719,0.293037050550829,0.00326475652982481,0.0435433087560037,-2.48614921525349,-1.36107903474841
YIL005W,0.439251363277435,-0.359091520309448,0.0400498887288825,0.0396334966451609,0.364279312143723,0.522813418507576,-0.438565509525586,-0.281653274414723
YIL003W,0.329151153564453,-0.492903023958206,0.0716176072118043,0.0952144378262206,0.204966583723823,0.486218154430389,-0.688316937614684,-0.313168829487449
YIL002C,0.0879170373082161,-1.06079614162445,0.0131570728098079,0.0652408686563848,0.0634771436452866,0.1163467840602,-1.19738262393042,-0.934245677460357
YIR002C,0.133810937404633,-0.876671850681305,0.0161695860297281,0.0524928779823479,0.103914044176539,0.167527202268442,-0.983325758150522,-0.775914664961172
YIR003W,0.370385348796844,-0.43331503868103,0.0352902243834416,0.0414137379717781,0.305433135479689,0.443660327543815,-0.515083850679938,-0.352949418768149
YIR004W,0.52996814250946,-0.278299152851105,0.057365520470607,0.0471507840809145,0.42479835425814,0.649182011683782,-0.371817178034647,-0.18763352360962
YIR006C,1.49788236618042,0.174958109855652,0.0732363666764545,0.0212361424988025,1.36009452442328,1.64490234553814,0.13356909079253,0.216140117750752
YIR008C,0.364206880331039,-0.443091362714767,0.0521221227545013,0.0622391098528507,0.270365591347218,0.472968583802382,-0.568048580695157,-0.325167707448672
YIR010W,0.167083278298378,-0.782012820243835,0.0251994050660945,0.0657674554555139,0.121993311246236,0.219742522016168,-0.91366398241717,-0.658085904755409
YIR011C,0.486703038215637,-0.31874868273735,0.0808037152816897,0.0726357915746807,0.341223154465357,0.659787893295288,-0.466961519076449,-0.180595657755952
YIR014W,0.0321711041033268,-1.65893864631653,0.0280916389072207,0.416335238329563,0.00243767875363119,0.108315297154089,-2.6130319538898,-0.965310207745195
YIR016W,0.0377004519104958,-1.53454577922821,0.0266682722066168,0.332109901985965,0.00531651394364114,0.105282388627529,-2.27437375353963,-0.977644270424769
YIR018W,0.130494520068169,-0.937288761138916,0.0636408696714306,0.22205606513842,0.0393418105629583,0.280681962023178,-1.40514577579739,-0.551785813221745
YIR021W,0.147874176502228,-0.843364238739014,0.0366570185246804,0.108037161849057,0.0871396769459049,0.231420025229454,-1.05978405450312,-0.635599063403447
YIR023W,0.138892725110054,-0.860598802566528,0.0170552508172799,0.0534843651113743,0.10754182189703,0.174861533567309,-0.968422610288467,-0.757305777926691
YIR026C,0.966639459133148,-0.0172858498990536,0.104781325662212,0.0471412503051189,0.773781790832679,1.19207901259263,-0.11138149626613,0.0763050361468595
YIR027C,0.0298808142542839,-1.56126224994659,0.0121585221851952,0.183234014530109,0.011014247367469,0.0575369137649734,-1.95804525303049,-1.24005374097604
YIR028W,0.0100144241005182,-2.06449174880981,0.00535695629390621,0.248967242912786,0.00251525267958641,0.0227637060452252,-2.59941837965862,-1.64275762972222
YIR029W,0.0115745216608047,-2.06829953193665,0.00889890465387209,0.364569809072423,0.00132628669962287,0.0351092290754119,-2.87736258558019,-1.45457894486733
YIR030C,0.256038904190063,-0.617738902568817,0.0881678262979581,0.153183991882671,0.11637676594158,0.456237465143204,-0.934133720857436,-0.34080905435776
YIR031C,0.0278648380190134,-1.58288085460663,0.00994517366625826,0.158733391709638,0.011832463555038,0.0514134387175242,-1.9269253919577,-1.2889233501797
YIR034C,1.89677965641022,0.276563584804535,0.155125361438302,0.035577199323165,1.60569366713365,2.20713845292727,0.205662693817836,0.343829564850641
YIR036C,0.708883345127106,-0.157068446278572,0.132763278479377,0.0819363953903662,0.469897187501192,0.995227341353893,-0.327997525365271,-0.00207771165710921
YIR038C,0.492831349372864,-0.32550635933876,0.142660097830732,0.127330651516482,0.254498671491941,0.810937470197678,-0.594314491551317,-0.091012632228219
YIR042C,0.0579492263495922,-1.34498500823975,0.040838596080018,0.325026837946432,0.0086818712297827,0.163411452621221,-2.06138678484701,-0.786717857927996
YJL216C,0.0054891761392355,-2.3723406791687,0.00384163500646515,0.335981565734702,0.000762388174189255,0.0153320504895722,-3.11782464954371,-1.81440076362437
YJL214W,0.00868938211351633,-2.13990831375122,0.00521054814897573,0.274828045360023,0.0017752716007332,0.0217349029301355,-2.75073533706082,-1.66284233832681
YJL212C,0.592542827129364,-0.228515058755875,0.0447181169998571,0.0327803308599682,0.509358577926954,0.684822779893875,-0.292976375816123,-0.16442180394711
YJL210W,0.101538725197315,-1.0373842716217,0.0453449185710145,0.201846353134045,0.0336054119591912,0.210515058537324,-1.4735920655047,-0.676716833635382
YJL208C,0.679099857807159,-0.171902790665627,0.0902205113911897,0.057879690483832,0.516375821332137,0.875053290526072,-0.287034110453073,-0.0579655243409172
YJL207C,0.287508189678192,-0.542411744594574,0.0200901501404319,0.0303952981183276,0.248952273279428,0.328537732362747,-0.603883903924381,-0.483414744777326
YJL206C,0.0585075132548809,-1.24209213256836,0.0121153331815137,0.0904060833488033,0.0371006311227878,0.0847594913716117,-1.43061870597659,-1.07181167295808
YJL200C,3.00971865653992,0.478032678365707,0.14355477183852,0.0207022773596143,2.73438227574031,3.30671967665354,0.436859230264451,0.519397379648987
YJL194W,0.26026377081871,-0.587935149669647,0.0322968536407103,0.0540601690773859,0.200806395336986,0.326214852929115,-0.697222467998705,-0.486496273832632
YJL193W,0.195088431239128,-0.716711521148682,0.0347723062395953,0.0781078289950746,0.133949962506692,0.269763635347287,-0.873057403722706,-0.569016606265179
YJL192C,1.86361813545227,0.264574289321899,0.305118634786166,0.071007774577979,1.31956883966923,2.52308746774991,0.120432047454406,0.401932305066886
YJL186W,0.947071075439453,-0.0246305260807276,0.0648355804892728,0.0296498698945879,0.829567318658034,1.08362039526304,-0.081148367011935,0.0348771624926231
YJL185C,0.0525793805718422,-1.33319282531738,0.0260007034430688,0.224192888316902,0.0154154626652598,0.116057157516479,-1.812043436234,-0.93532807042516
YJL180C,0.296953171491623,-0.535533308982849,0.0577543654244585,0.0849072434674711,0.197256659716368,0.420255750666062,-0.704968339495631,-0.376486381588772
YJL176C,0.274987101554871,-0.562591910362244,0.0257821241414823,0.0407068960191966,0.226391224687298,0.330857010185719,-0.645140416594279,-0.480359661857613
YJL174W,2.19543552398682,0.339032471179962,0.235945810083226,0.0464789552694656,1.76757820745309,2.6889119942983,0.247378584967507,0.429576553575019
YJL172W,2.364910364151,0.373138964176178,0.131755097647099,0.024245501604358,2.10871009230614,2.62771648168564,0.324016875018078,0.419578504846568
YJL171C,2.22838759422302,0.346845984458923,0.16183755099933,0.0315524622121187,1.92586937149366,2.56415437459946,0.284626826307808,0.408944120050003
YJL167W,4.1115517616272,0.612971484661102,0.284267988611238,0.0299633870948091,3.59057512283325,4.7133106191953,0.555164014470159,0.673326061596117
YJL165C,0.272211521863937,-0.566953480243683,0.0251915421548041,0.0402421583244242,0.225844044238329,0.324984597414732,-0.646191362265371,-0.488137226619882
YJL164C,0.159416303038597,-0.805589258670807,0.030830133140208,0.0843672425403869,0.105325766466558,0.225268398225307,-0.977465447893123,-0.647299737875106
YJL163C,0.0364786684513092,-1.45881175994873,0.0112594846432342,0.136334656282949,0.0181796606630087,0.0617646436827878,-1.74041422747039,-1.20926011424357
YJL162C,0.107161179184914,-0.976457297801971,0.0185005014785937,0.0755353922485399,0.0735198393464088,0.145785668243964,-1.13359545063424,-0.836285172382418
YJL160C,0.0662768855690956,-1.22288429737091,0.0295494181923111,0.202664486005216,0.0212172470365961,0.13390536767741,-1.67331097501849,-0.873202040571947
YJL155C,0.124563917517662,-0.912971198558807,0.024383842122698,0.0857850043894442,0.0816716387247046,0.177363975718617,-1.08792884247085,-0.751134594903894
YJL153C,0.0159892793744802,-1.84587836265564,0.00759661762514948,0.214885386853937,0.00483122597991799,0.0340103060007095,-2.31594264798875,-1.46838946057472
YJL146W,0.144763052463531,-0.84691846370697,0.0269488088894144,0.0816115701801234,0.0971586629748344,0.201060011982918,-1.01251847026303,-0.696674295897692
YJL139C,0.123420141637325,-0.918304860591888,0.0262515259835631,0.0919557981337516,0.07918204224358,0.181190757950147,-1.1013733139121,-0.741863978216062
YJL137C,0.184088885784149,-0.744016468524933,0.037366878699758,0.0893076054524591,0.118012666764359,0.262873184432586,-0.928071382205523,-0.580253718158395
YJL133W,0.192608684301376,-0.728256106376648,0.0466730491155579,0.107074774990451,0.113110874965787,0.291937366624673,-0.946495695100054,-0.534710322666959
YJL132W,0.0502585247159004,-1.30895805358887,0.0107992944337516,0.094802437705689,0.031246906829377,0.0734502775594592,-1.50519302530435,-1.13400659690371
YJL130C,3.1312096118927,0.495364904403687,0.125161595498275,0.0173858233453538,2.8912434498469,3.37371903856595,0.461084661846308,0.528108911764775
YJL129C,0.0991360768675804,-1.0070766210556,0.0122337192622143,0.0537082411349339,0.0767556225880981,0.124184243381023,-1.11489017101436,-0.905933504375064
YJL128C,0.395550519227982,-0.404698193073273,0.0370503335507441,0.0406262314476842,0.329853157947461,0.471876968195041,-0.481679360625435,-0.326171241655837
YJL127C,0.179535061120987,-0.749875724315643,0.0244503216899993,0.0592624966222911,0.135217621922493,0.229365509996811,-0.868966706286461,-0.639471905279459
YJL126W,0.215656071901321,-0.679775536060333,0.0541635881616667,0.108969084203671,0.12606382543842,0.340992075204849,-0.899409794741238,-0.467255729508251
YJL125C,0.521650791168213,-0.286254823207855,0.0673809707776908,0.0563505964487244,0.398477820307016,0.660884567598502,-0.399595951280601,-0.179874389278312
YJL123C,1.20975995063782,0.0813799276947975,0.0942197050058857,0.0338971603560242,1.03298939367135,1.40089189807574,0.0140958540834789,0.146404615971885
YJL116C,0.0776494145393372,-1.1368316411972,0.0271816911483117,0.155954032969452,0.033936812231938,0.141407945379615,-1.46932905205654,-0.849526188423202
YJL111W,2.15111923217773,0.331870228052139,0.13010594554471,0.0262558560246893,1.90620838999748,2.41683446566264,0.280170375396183,0.383246901404113
YJL110C,0.236884772777557,-0.629215836524963,0.0311046578797896,0.0572694512756915,0.180076982701818,0.301540374755859,-0.744541918690711,-0.520654529760208
YJL109C,1.11066281795502,0.0450413189828396,0.0554327445803526,0.0217063193051738,1.00420858263969,1.22234268983205,0.00182392872760548,0.0871929624129189
YJL105W,0.00562540581449866,-2.36455178260803,0.00404408582175492,0.336671382466579,0.000748346023707806,0.0163344778120518,-3.12589804914195,-1.78689474468835
YJL103C,0.0160842798650265,-1.83617305755615,0.00701855186112629,0.198372398796286,0.00536266978597268,0.0323715521954,-2.2706191044161,-1.48983665244619
YJL102W,0.0593680664896965,-1.23455393314362,0.0114548403807942,0.084358626229506,0.0390259605832398,0.0838014891992013,-1.40864653410445,-1.0767482649277
YJL101C,0.512919068336487,-0.291529536247253,0.0438296650719651,0.037024581493353,0.432874019195636,0.601763225098451,-0.363638483667373,-0.220574360020433
YJL100W,0.0471455529332161,-1.34189164638519,0.0124815851081273,0.116685100323869,0.0264068920941403,0.0756578370928764,-1.57828280665586,-1.12114607848149
YJL092W,0.114813625812531,-0.942989230155945,0.0134303074235468,0.0510321434699646,0.0898089781403542,0.142934486269951,-1.04668024504863,-0.844862974919336
YJL091C,0.326811343431473,-0.489312022924423,0.0420032170692467,0.0561981201171875,0.24775733773907,0.412973914543788,-0.605973494831703,-0.38407738757704
YJL088W,0.0684792250394821,-1.19420397281647,0.0250702345436159,0.164726333473269,0.0282464967419704,0.126548853640755,-1.54903553631974,-0.897741795130804
YJL081C,0.43025678396225,-0.369065046310425,0.0488464154318859,0.0493396737193389,0.340714649856091,0.531209689875443,-0.467609202223659,-0.27473414546207
YJL079C,1.45503628253937,0.159883588552475,0.170894775351387,0.0510351500235611,1.13664746284485,1.81328795353572,0.0556257868672925,0.258466767211517
YJL078C,1.23152780532837,0.0896627381443977,0.0739202047535073,0.0260438520786087,1.09087534050147,1.3844454964002,0.0377751244610618,0.141275861740722
YJL071W,0.0875672772526741,-1.06692981719971,0.0180706030571907,0.0902529241231493,0.0557750931940973,0.127203818286459,-1.2535597866511,-0.895499858079546
YJL070C,0.065642461180687,-1.18935930728912,0.0113930447455648,0.0756985157438359,0.0459123044274747,0.0904835696642597,-1.33807093285737,-1.04343027445623
YJL068C,0.979843258857727,-0.0124132130295038,0.12556882418347,0.0558319154349983,0.746235326925914,1.24416644970576,-0.127124195862034,0.0948784830873171
YJL066C,0.221970602869987,-0.678058385848999,0.0740266685988478,0.147911419461985,0.102676421403885,0.393882313619057,-0.988529276265,-0.404633519795034
YJL063C,0.60403835773468,-0.232437670230865,0.151347442077414,0.108969682468782,0.352497983475526,0.942196516692637,-0.4528433886631,-0.025858754970046
YJL062W,0.374240875244141,-0.428621679544449,0.0338317394858432,0.0392681890386548,0.311189491301775,0.443748290091753,-0.506975085507181,-0.352863322159867
YJL061W,0.455649167299271,-0.342963308095932,0.0390366006464863,0.0372430095535867,0.382512509822845,0.536611660818259,-0.41735435695954,-0.270339894145687
YJL060W,0.905399978160858,-0.044926930218935,0.081798213945049,0.039204864059808,0.751774903138479,1.07756224373976,-0.123912180173265,0.03244236566401
YJL059W,0.127471163868904,-0.905682981014252,0.0287080187108637,0.0990555457252422,0.0767901704957088,0.189815778533618,-1.11469441812504,-0.721667713886064
YJL058C,0.0807306692004204,-1.10390532016754,0.0180480773843125,0.0984708475968776,0.0488705289239685,0.120606627377371,-1.3109536754022,-0.918628827693081
YJL057C,0.0763526633381844,-1.12548851966858,0.0149042638676592,0.08555456751809,0.0492599521763623,0.108130703493953,-1.30750602407312,-0.966050990610966
YJL055W,1.26760923862457,0.0969852283596992,0.211339955166234,0.0723864087252601,0.89951850771904,1.72495061556498,-0.0459898965731636,0.236776665292115
YJL053W,0.386692851781845,-0.416824609041214,0.0535973149030125,0.0605543924094884,0.286736851433913,0.500734612345695,-0.542516487936312,-0.300392403914962
YJL051W,0.152604535222054,-0.819758892059326,0.0189067141371495,0.0538443750157282,0.118354375598331,0.191728549947341,-0.926815703538755,-0.717313215519535
YJL050W,1.32178580760956,0.120614632964134,0.0662928482485242,0.0218081755339234,1.19428316056728,1.45069915950298,0.0771073064398674,0.161577353469622
YJL048C,0.171804055571556,-0.772993445396423,0.0329480647612566,0.0839924614362248,0.112485482171178,0.24176123701036,-0.94890352847794,-0.616613331933103
YJL047C,0.0829904451966286,-1.08645534515381,0.0131345533288228,0.0694115488384005,0.059547856853654,0.111060921289027,-1.22513386429729,-0.954438742213575
YJL045W,0.0100335860624909,-2.05559659004211,0.00512528835953391,0.230200433523613,0.00280615252365048,0.022440346578757,-2.55188883332968,-1.64897044044314
YJL044C,0.24405725300312,-0.617411732673645,0.0367132664070841,0.0654271146638527,0.177911998455723,0.323019101967414,-0.749794761965745,-0.490771837695895
YJL043W,0.024908434599638,-1.76048541069031,0.0214899743976311,0.399182949961802,0.00222891062536898,0.0837734629710513,-2.65190761344693,-1.07689458278092
YJL041W,1.69664216041565,0.228961616754532,0.0912040938642394,0.0233756319201413,1.51921194692453,1.88090195059776,0.181618365993929,0.274366156768233
YJL036W,0.271159470081329,-0.571896314620972,0.0416248942259642,0.0669481869771698,0.196449604878823,0.360985280076662,-0.706748841734848,-0.442510736245976
YJL034W,7.9696216583252,0.900988757610321,0.362046121218592,0.0197786141641059,7.2599251071612,8.67117881774902,0.860932140530524,0.938078142371571
YJL033W,0.79738575220108,-0.0992077440023422,0.0505545512337426,0.0276407699261069,0.700067114830017,0.897119104862213,-0.154860322642669,-0.0471498945806923
YJL031C,0.51757150888443,-0.290633976459503,0.0757803728849245,0.0632319984274571,0.386841938396295,0.678828051189581,-0.412466451447952,-0.168240247366268
YJL025W,0.0417206473648548,-1.40143322944641,0.0131854849580335,0.139518777635867,0.0202605676216384,0.071545547991991,-1.69334942964679,-1.14541744211819
YJL023C,0.064007930457592,-1.21871030330658,0.0215143318644296,0.149650287263252,0.029155079399546,0.112504143454134,-1.53528577355611,-0.9488316365854
YJL020C,0.981569826602936,-0.00870910938829184,0.0528889549483335,0.0234150356678217,0.882732407748699,1.08660197257996,-0.0541709310834773,0.036070489101726
YJL014W,3.00272607803345,0.476830959320068,0.168503039062032,0.0244220041233019,2.68081937432289,3.3301249007384,0.428267551392459,0.522460522595981
YJL013C,0.0609668642282486,-1.22785806655884,0.0147665595854445,0.107283437997422,0.0353546061863502,0.093227962963283,-1.45155400092878,-1.03045380754396
YJL012C,5.28709936141968,0.722785472869873,0.235876526753852,0.0194156578936813,4.83050388495127,5.74593529303869,0.683992435463829,0.759360729904918
YJL010C,0.507871150970459,-0.29569473862648,0.0414464314185674,0.0355184018545887,0.429705968995889,0.592648616433144,-0.366828614562099,-0.227202725176046
YJL008C,2.75359487533569,0.439215004444122,0.155052273466895,0.0244226083103885,2.46667264103889,3.07390702764193,0.392111491696354,0.48769069741169
YJL005W,0.14356404542923,-0.844609260559082,0.0125473720405249,0.0379392890852987,0.120581276404361,0.169618413597345,-0.91872013505294,-0.770527018186874
YJL002C,2.2982976436615,0.360522419214249,0.146423422529953,0.0277207244436746,2.01485705375671,2.58585992654165,0.304244240071764,0.412604975742186
YJR001W,0.846714079380035,-0.073468416929245,0.0631089791419848,0.0323764087979647,0.726667047540347,0.977810670932134,-0.13866453464874,-0.00974525519414364
YJR002W,1.01519966125488,0.00545550556853414,0.0720029645481675,0.0309143923111507,0.873206984003385,1.16359925270081,-0.0588827998496725,0.0658034336578502
YJR003C,0.232316583395004,-0.638154685497284,0.0324116470968273,0.0608470899421232,0.173629566530387,0.300129232058922,-0.760376332256739,-0.522691711865305
YJR004C,0.00973912142217159,-2.07081413269043,0.00500824861628562,0.236810609412279,0.00255847382747258,0.0221333380788565,-2.59202082029711,-1.65495308223803
YJR005W,0.229747429490089,-0.641406178474426,0.0253355272067546,0.0481865697404793,0.180768435572584,0.281557935476303,-0.74287740093233,-0.550432228617912
YJR008W,0.0593134015798569,-1.25727212429047,0.0219954802597862,0.166317491410955,0.0238376297056675,0.109643943607807,-1.62273693084987,-0.96001535240736
YJR010W,0.274299085140228,-0.565333247184753,0.0351406168617521,0.055689565354423,0.210659155746301,0.348687016715606,-0.676419684879954,-0.457564223194719
YJR011C,0.109286099672318,-1.00080096721649,0.0463808407321834,0.188956593178121,0.040051748106877,0.216667429854472,-1.39737859472623,-0.664206368422042
YJR013W,0.228142336010933,-0.648376941680908,0.0395977394941933,0.0760092466409041,0.158472412824631,0.309106431653102,-0.800046347529572,-0.50989196810938
YJR015W,0.982798218727112,-0.00896679051220417,0.0797657076781962,0.0352899571797915,0.831927565733592,1.14659906725089,-0.0799144901916371,0.0594115841413647
YJR019C,0.175260215997696,-0.768256723880768,0.0410341167204802,0.102616140369697,0.104523270142575,0.264643043279648,-0.980787027086455,-0.577339517901585
YJR024C,1.02241992950439,0.00112377281766385,0.203395992855577,0.0861869545613997,0.674843914310137,1.47507643699646,-0.170796680659937,0.168814525606158
YJR030C,0.118719972670078,-0.930515229701996,0.0180544346374267,0.0664048475229601,0.0858468051999807,0.15713689972957,-1.06627591149501,-0.803721825254193
YJR035W,0.0941438153386116,-1.03032433986664,0.0129331993114097,0.0600576071154181,0.0701338700950146,0.120967688846091,-1.15407223506984,-0.917330669995484
YJR036C,0.0167987700551748,-1.80234980583191,0.00593504007533522,0.158186152218835,0.0071959754335694,0.0307288109169652,-2.14291048997024,-1.51245427370942
YJR039W,0.0394148305058479,-1.41394126415253,0.0082781514773489,0.0919238895945727,0.0251666433953991,0.0573708401992917,-1.59917480017119,-1.24130879018507
YJR042W,0.51720404624939,-0.287716716527939,0.041195250470158,0.034648632983868,0.439839544147253,0.601331196725368,-0.356705729325446,-0.220886279639821
YJR046W,0.269713789224625,-0.572206735610962,0.0322358287869678,0.052114646657835,0.211211646099885,0.337182303269704,-0.675282138710294,-0.472135236118353
YJR049C,0.268769532442093,-0.574017584323883,0.033727119011095,0.0543652281770588,0.207528321444988,0.343631462007761,-0.682922639203053,-0.463907292852883
YJR051W,0.422133594751358,-0.377226620912552,0.0468705493085645,0.0482885902999171,0.333778743942579,0.520783126354218,-0.4765413240039,-0.283343095580358
YJR052W,0.145422026515007,-0.84335333108902,0.0241372207541397,0.0723741206649372,0.102332404628396,0.197727087140083,-0.989986825401305,-0.70393383376018
YJR054W,0.0661543384194374,-1.19481194019318,0.017586619920594,0.116550722172743,0.0371540455458065,0.104616295235852,-1.42999389089582,-0.980400664970231
YJR056C,0.427888780832291,-0.388403028249741,0.129119941568954,0.132735973638166,0.215242634092768,0.716779980560144,-0.667071708314287,-0.144614133012013
YJR060W,0.966778337955475,-0.0171470511704683,0.103115401218647,0.0464581967819207,0.772498128314813,1.17644701004028,-0.112102564687528,0.0705723580407625
YJR061W,0.00645202398300171,-2.25204420089722,0.00341588807425083,0.241656474948148,0.00167590817048525,0.0147522164043039,-2.7757498014549,-1.83114272581377
YJR062C,0.265536904335022,-0.580752432346344,0.0397193357600224,0.065320372004414,0.194139833127459,0.34706112742424,-0.711885365508714,-0.45959402675082
YJR064W,3.29842376708984,0.517619609832764,0.185142286796236,0.0244418189100199,2.93678193092346,3.66477060317993,0.467871698058273,0.564046795105086
YJR068W,0.60289204120636,-0.223522067070007,0.0794059993818007,0.0572765289252064,0.459508779396613,0.77413421968619,-0.337706186956592,-0.111183740145529
YJR072C,1.18110859394073,0.0703612118959427,0.111590106464247,0.0409272752343331,0.978251600265503,1.41627333362897,-0.00954949047940396,0.151147077641916
YJR075W,1.54153561592102,0.186427667737007,0.129218244124948,0.0364321203954346,1.2936794757843,1.80763957202435,0.11182668812463,0.257111840125597
YJR076C,1.38526999950409,0.140008538961411,0.116038587333576,0.0364496733110051,1.16995427111785,1.61722179452578,0.0681688866218281,0.208769584836187
YJR078W,0.0687221586704254,-1.17991316318512,0.0191941768714371,0.122943009332591,0.0367138317165275,0.111363547046979,-1.43517028982151,-0.953257031619139
YJR083C,0.166857644915581,-0.793052196502686,0.0440537624497089,0.117190829865513,0.0902644637972116,0.264746732264757,-1.04448320852693,-0.577169399009189
YJR088C,1.13835883140564,0.0528786331415176,0.143053620584091,0.0543537942736034,0.882936747868856,1.44347000718117,-0.0540704258942772,0.159407744799231
YJR089W,0.0871391445398331,-1.06505942344666,0.0135919724544346,0.067871982239321,0.0622658043168485,0.116549459161858,-1.20575039945656,-0.93348975076124
YJR091C,0.311708092689514,-0.507671415805817,0.0251952099705613,0.0351695194633402,0.264096349477768,0.362420088301102,-0.578237601870011,-0.440787738355491
YJR092W,0.414565831422806,-0.38333448767662,0.0270385408508922,0.0284133607530194,0.362155074626207,0.467574885487556,-0.441105426002047,-0.3301488349212
YJR093C,0.191409900784492,-0.730268895626068,0.0454258097053889,0.103863132823752,0.113366229956349,0.289042885601521,-0.945516409467305,-0.539037715800964
YJR094C,0.133576706051826,-0.887987971305847,0.0335365273801319,0.110208693154757,0.0763173042486111,0.208692724381883,-1.11737698524803,-0.680494573531369
YJR095W,0.0290538240224123,-1.60576176643372,0.0162670455349761,0.255756124382112,0.00656443094291414,0.0703249840686717,-2.18280604100668,-1.152891064288
YJR096W,0.225683003664017,-0.662560045719147,0.0612493209928955,0.119501041665435,0.122661718415717,0.362187882264455,-0.9112909665346,-0.441066116536725
YJR098C,0.0618675537407398,-1.21858596801758,0.0133111826362806,0.0940539330877535,0.0383781264536083,0.0912013720721006,-1.41591628051036,-1.03999863134696
YJR099W,0.304668933153152,-0.539862930774689,0.101189322053481,0.145114912269387,0.146812326461077,0.546117107570171,-0.833240078916006,-0.262714285483749
YJR101W,0.570063829421997,-0.252014487981796,0.109666724805155,0.0832002736664175,0.378413665294647,0.803156563639641,-0.422033387673912,-0.0951997983377379
YJR103W,0.608336389064789,-0.2174361795187,0.0518985737061339,0.0370927431455795,0.511595360438029,0.71598467429479,-0.291073455735047,-0.145096273946376
YJR105W,7.1401047706604,0.852797865867615,0.46181712837187,0.0280522389615514,6.2734983086586,8.07550206184387,0.797509751210562,0.907169532168643
YJR106W,0.0920982956886292,-1.04214692115784,0.015843486223033,0.0747561978632105,0.0632955704505245,0.126231222351392,-1.19862668934306,-0.898833212890099
YJR113C,0.525442898273468,-0.291208356618881,0.12224311423339,0.101635443645536,0.316910842309395,0.794650290906429,-0.49906295112187,-0.099823956482578
YJR116W,0.201121002435684,-0.714123606681824,0.0570937296986609,0.124972891848381,0.104805782002707,0.324220408499241,-0.979615324407766,-0.489159657974126
YJR119C,0.0299315731972456,-1.54047310352325,0.00827209031952064,0.121463944259579,0.0160333816582958,0.0488480627536774,-1.79497578409281,-1.31115265511964
YJR121W,5.29126596450806,0.722967207431793,0.275811421740387,0.022682605666461,4.7692951520284,5.83006225426992,0.678454192971421,0.765673192232403
YJR122W,0.0912865847349167,-1.0498458147049,0.0197754848148316,0.0951230658295077,0.0568340143499275,0.134009831026196,-1.24539173348018,-0.872863340465953
YJR124C,0.433626860380173,-0.365933239459991,0.0515843895846461,0.0514541028448534,0.342715374877056,0.547842372953892,-0.465066445371125,-0.261344404647066
YJR125C,1.4267760515213,0.153071939945221,0.10979164331039,0.0334090759667339,1.22159928580125,1.6524304151535,0.086928769300076,0.21812318013883
YJR130C,0.16972228884697,-0.774333655834198,0.0232441271245065,0.059593940567153,0.12818627829353,0.217118564868967,-0.892158463055154,-0.663303042082615
YJR132W,0.359367847442627,-0.445745885372162,0.0277172679761627,0.0334122397808862,0.30784445181489,0.417608920733134,-0.51166867459543,-0.379230233308439
YJR135C,0.106700412929058,-1.0271133184433,0.0535016316544977,0.226387062878808,0.0320205370274683,0.235947361091773,-1.494571396544,-0.627184903057942
YJR139C,9.36251449584961,0.970642983913422,0.55100491899382,0.0255817159598914,8.33207061290741,10.4418785969416,0.920752929063414,1.01877863954973
YJR141W,0.0831115692853928,-1.10212337970734,0.026108032216503,0.139752802497848,0.0404418411975106,0.142221210772792,-1.39316908715037,-0.847035668924193
YJR142W,0.561958968639374,-0.253847718238831,0.0718799104775365,0.0556621404784472,0.430686394621929,0.708752810955048,-0.365838847499789,-0.149505205658338
YJR144W,1.50216317176819,0.172916397452354,0.199638989336381,0.0574586615024161,1.14666115144889,1.92345616817474,0.0594350915656067,0.284082258789385
YJR150C,0.0162901133298874,-1.92579293251038,0.0131437706833566,0.370166282115297,0.00170536351021534,0.0497926592205961,-2.76818305103371,-1.30283498690631
YJR153W,0.0169511530548334,-1.85709822177887,0.0105259740102915,0.290025370367771,0.00298480580483253,0.0422258898615837,-2.52508423113863,-1.37442118940874
YJR154W,0.0115326251834631,-2.05816102027893,0.00852654985448021,0.34281723307817,0.00158144116091231,0.0329252769549687,-2.80094726145546,-1.48247167320733
YKL222C,0.00910475850105286,-2.09226417541504,0.00440165919318811,0.218471153529253,0.00283830281308231,0.0196339624002576,-2.54694142580665,-1.70699209045201
YKL221W,0.0115116983652115,-2.0176362991333,0.00688017031704784,0.274343705575872,0.00224379628004196,0.0291397367914518,-2.6490165785927,-1.53551438322227
YKL217W,0.016091039404273,-1.83154845237732,0.00663370041385778,0.187595293545477,0.00578045235015452,0.0312210333223144,-2.23803847088279,-1.50555282441087
YKL215C,0.399820864200592,-0.399100750684738,0.0266762278919252,0.0289984353923252,0.349289564788342,0.454996650914351,-0.456814420054003,-0.341991800432607
YKL212W,2.30873966217041,0.362696766853333,0.128781655815668,0.0243038084055251,2.05952599843343,2.56050897041957,0.313767278456856,0.408326300887926
YKL211C,1.31255102157593,0.116999082267284,0.0938763710495199,0.0311933531165527,1.13282514810562,1.50349948008855,0.0541628815459033,0.177103278896898
YKL210W,5.65909719467163,0.752372443675995,0.234972502121797,0.0180917003806204,5.19321966171265,6.10882640679677,0.71543669268019,0.785957781823603
YKL209C,0.708696961402893,-0.150291681289673,0.0416621529225426,0.0255891541741277,0.631240830322107,0.793238651752472,-0.19980491773991,-0.100596148973114
YKL207W,2.20225167274475,0.339226394891739,0.285199410294542,0.0563471793281827,1.67789124647776,2.80264616012573,0.224763807521493,0.447568270644665
YKL206C,0.564286887645721,-0.256601721048355,0.109602317283751,0.0840845176338015,0.378256047517061,0.809758984545866,-0.422214137026492,-0.0916443536292742
YKL205W,0.413770467042923,-0.384319394826889,0.0291065820982889,0.030664829719871,0.356215685606003,0.472241342067719,-0.44828696072301,-0.325835995558977
YKL204W,0.503131806850433,-0.299930065870285,0.0433390910907147,0.0374503128122331,0.421128177146117,0.590646027525266,-0.375585700676951,-0.228672712831974
YKL203C,0.132614210247993,-0.878964960575104,0.0112600959384471,0.0367483075239359,0.112170653045177,0.156447783112526,-0.950120754724619,-0.805630586489142
YKL198C,0.103089950978756,-0.993847966194153,0.0185762353997182,0.0786939231051575,0.0699092062811057,0.142027349025011,-1.15546563851339,-0.847628022819209
YKL195W,1.09392476081848,0.0371266975998878,0.10133390652053,0.0402503096057886,0.906356777250767,1.30146462519964,-0.0427008152958195,0.114432367794726
YKL194C,0.159013494849205,-0.805981278419495,0.0294171101247024,0.0805366605697825,0.108321080356836,0.220829600468278,-0.965287018644598,-0.655942714750206
YKL193C,0.565407693386078,-0.251719176769257,0.0773264906632101,0.0597501447987099,0.426116736481587,0.725859851141771,-0.37047142946957,-0.139147226428298
YKL191W,0.879541873931885,-0.0571637265384197,0.071080795223883,0.0351556407027957,0.7432194262743,1.02281262377898,-0.128882952155279,0.00979605612422202
YKL189W,0.157323434948921,-0.81240975856781,0.0322927802529007,0.0900588363482042,0.10159643429021,0.226195660109321,-0.993121593141842,-0.645515794804706
YKL188C,0.0105981174856424,-2.01347923278809,0.00444089645564818,0.18802830653956,0.00384635554510169,0.021157951761658,-2.41495062704866,-1.67452637799506
YKL187C,0.00417858408764005,-2.48829126358032,0.00298661136738029,0.32587086613619,0.000611210694963423,0.0119081335142255,-3.21380917497133,-1.9241563046798
YKL185W,0.747968554496765,-0.127462491393089,0.0589512153125852,0.0342062165983467,0.640745608011882,0.872924599051475,-0.193314362030944,-0.0590232711418825
YKL184W,1.79405605792999,0.252767086029053,0.125677204043756,0.0305119194506553,1.55383639633656,2.04838140805562,0.191405265129359,0.311410824516494
YKL183W,0.512087464332581,-0.297153651714325,0.0886689689765012,0.075372033099756,0.356837316354116,0.701567509273688,-0.447529737452465,-0.153930533152163
YKL182W,6.91449594497681,0.839439153671265,0.266370890108156,0.01676784799683,6.38214103778203,7.42150171995163,0.804966397137514,0.870491791797164
YKL179C,0.452276170253754,-0.346300363540649,0.0401571237018177,0.0384823392994842,0.379203433295091,0.537888094782829,-0.421127746703949,-0.269308068055784
YKL175W,1.04049229621887,0.0157876797020435,0.0851492111114211,0.0355067119884224,0.883594301342964,1.21735912760099,-0.0537471012446144,0.0854187160658565
YKL174C,0.295251876115799,-0.532647490501404,0.0337632146546077,0.0497529518468376,0.232223069667816,0.366498685628176,-0.634094644971908,-0.435927590518794
YKL173W,0.257092833518982,-0.591733038425446,0.0235369071764211,0.0398559672544037,0.213530751566092,0.305303739011288,-0.670539579852657,-0.515267902237377
YKL172W,2.093909740448,0.319881856441498,0.147498738578478,0.030594863304766,1.81435958345731,2.39234730005264,0.258723362641867,0.378824223539348
YKL168C,0.0954631865024567,-1.02635705471039,0.0161606118784826,0.0735429311342833,0.0667712952320774,0.130614176392555,-1.175410329967,-0.884009683742925
YKL166C,0.485662162303925,-0.317222058773041,0.0622630975292858,0.0556603208756688,0.373262050002813,0.618756302197774,-0.427986168272124,-0.208480365826245
YKL165C,0.483038634061813,-0.317231148481369,0.0360821178221937,0.0324546874854362,0.413816124449174,0.556435562670231,-0.383192591265411,-0.254585122219665
YKL162C,0.036577433347702,-1.47348046302795,0.014908772012673,0.183353439270736,0.0132018071288864,0.0725454937666654,-1.87936661790391,-1.1393895695263
YKL161C,0.0473524816334248,-1.34998416900635,0.0161311392011596,0.150921306393006,0.0210643532530715,0.0841601103544234,-1.67645451692898,-1.07489418440145
YKL155C,0.181824490427971,-0.744522929191589,0.0252181693387513,0.0603811491660528,0.136755798384547,0.236039512728651,-0.864054250713433,-0.627015295783188
YKL150W,1.04879128932953,0.017375411465764,0.129669465971248,0.0537524323134885,0.807109672824542,1.32110780676206,-0.0930674493793142,0.120938257984527
YKL149C,0.124442800879478,-0.916084110736847,0.0280238690614903,0.0987368073206852,0.0754672968760133,0.185083061953385,-1.12224121709192,-0.732633853644636
YKL148C,0.313908636569977,-0.505662381649017,0.0334841844668555,0.0463412940822466,0.252100537220637,0.381857126951218,-0.598426236373767,-0.418099099347877
YKL145W,3.66196918487549,0.56299763917923,0.210709766796693,0.0250154688594682,3.26113367080688,4.07710835138957,0.513368600493797,0.610352252111097
YKL143W,0.796468257904053,-0.100444808602333,0.0686964478051314,0.0374589597370877,0.670723676681519,0.939065052568912,-0.173456362705656,-0.0273043279472082
YKL140W,0.280376702547073,-0.555364847183228,0.03343637316913,0.0521278022629202,0.217997232079506,0.349250257263581,-0.661549026303308,-0.456863267088099
YKL139W,0.214786842465401,-0.6720130443573,0.0292707237113128,0.0591966014712662,0.161902187019587,0.278245871265729,-0.790747296091842,-0.555571276308241
YKL135C,0.433635950088501,-0.36432671546936,0.0354784811241807,0.0355505586381822,0.368115883072217,0.508454012870789,-0.434015451060738,-0.293748325078883
YKL133C,0.0329541973769665,-1.5122104883194,0.0120853275908134,0.166035561206029,0.0136931845530247,0.0600587318030496,-1.86349556803967,-1.22142385607166
YKL132C,0.0232133306562901,-1.68564927577972,0.0111718539966372,0.218770545607699,0.00659573305941497,0.0497867055237293,-2.18073888063566,-1.30288661082441
YKL130C,0.717448949813843,-0.154205456376076,0.1546533848009,0.0935495837099639,0.450171719243129,1.05808335542679,-0.346621798317685,0.0245198330480264
YKL126W,1.03848969936371,0.015463575720787,0.0682994307225493,0.0285576492341089,0.90990836173296,1.18012302915255,-0.0410023452869293,0.0719272852815802
YKL124W,0.0892631039023399,-1.05853295326233,0.0182994292204056,0.0901160209176792,0.0565598399378359,0.129803350319465,-1.24749186680395,-0.88671410947289
YKL114C,0.81825190782547,-0.0898918434977531,0.0927342733737739,0.0491696335936565,0.648636148373286,1.01650400261084,-0.187998852613328,0.00710908048752946
YKL113C,0.79064267873764,-0.104439407587051,0.0837626830281537,0.0458280729102662,0.640807699163755,0.970667640864849,-0.193272279014917,-0.012929451513911
YKL110C,0.72932893037796,-0.14142057299614,0.103363613761147,0.0615320805124987,0.545254861315091,0.957068626085917,-0.263400484887121,-0.0190569236498008
YKL107W,0.0150181408971548,-1.9717423915863,0.0125532471588936,0.386834021448665,0.00144636303011794,0.0481325252292057,-2.83972452723998,-1.31756135315034
YKL104C,1.99469006061554,0.299194008111954,0.111634331099322,0.0243477743979962,1.78425191640854,2.21587538719177,0.251456156988619,0.345545333593992
YKL103C,0.639449179172516,-0.195560410618782,0.0506924347709591,0.0344895216234547,0.54339754730463,0.744373617569606,-0.264882333286748,-0.128209028314939
YKL100C,0.668152809143066,-0.176531746983528,0.0537496037454748,0.0350253396395227,0.566542642811934,0.776596665382385,-0.246767396000356,-0.109804478597
YKL098W,0.0812443345785141,-1.10981464385986,0.0242809397507789,0.132306798090852,0.0406558757958313,0.13697100567321,-1.39087696705486,-0.863371358779978
YKL096W,6.38088893890381,0.8021639585495,0.716063246155329,0.0485712135245787,5.07301568190257,7.88334465821584,0.705266202964099,0.896710507200189
YKL095W,0.203078925609589,-0.70802903175354,0.0544399102149075,0.117919586212755,0.113159738170604,0.325369505087535,-0.946308138652254,-0.487623160817643
YKL093W,0.0270202048122883,-1.63225567340851,0.0145555136692668,0.244122901273165,0.00700538256205618,0.0625074446822205,-2.15456962732801,-1.20406868099071
YKL091C,0.204952418804169,-0.69955986738205,0.0463983220093988,0.099480358419553,0.124177101751169,0.304177171488603,-0.905959976745945,-0.516873388219717
YKL089W,0.103893116116524,-0.990610659122467,0.0189258999520625,0.0793557498146692,0.0704771999269724,0.144676352416476,-1.15195138233132,-0.839602451634648
YKL088W,0.318792581558228,-0.498999714851379,0.0342534631427925,0.0467399250399822,0.255308819562197,0.391101861248414,-0.592934190114284,-0.407710117493651
YKL085W,1.67548823356628,0.222350910305977,0.152234117478548,0.0394478801508119,1.39791250824928,1.98538472056389,0.145479985954091,0.297844672338952
YKL082C,0.74365645647049,-0.1305121332407,0.0693300271537394,0.0404854868556189,0.613636793196201,0.89038655658563,-0.212088608418495,-0.0504214059825676
YKL079W,0.179075509309769,-0.750553905963898,0.0230222551836223,0.0559784622661961,0.137076179310679,0.227871284633875,-0.863038009056386,-0.642310399381197
YKL078W,0.303010791540146,-0.52054101228714,0.0290272424560328,0.041722577116832,0.247980060180028,0.363700808833043,-0.605583239628261,-0.439255758709724
YKL077W,2.34972405433655,0.369936257600784,0.166033031448681,0.0306403342394429,2.04514854749044,2.68548150062561,0.310724817610366,0.429022160912209
YKL075C,0.165513411164284,-0.787309110164642,0.0279324762329268,0.0731839329793381,0.116811782121658,0.225858972469966,-0.932513350268515,-0.646162717497215
YKL073W,0.598184525966644,-0.224145725369453,0.040225124395194,0.0291872307319672,0.523551432788372,0.680940449237823,-0.281040659676619,-0.166890867086131
YKL072W,0.140215784311295,-0.857091426849365,0.0186887909577775,0.0583304828755571,0.105607575612764,0.177991547808051,-0.976304941150672,-0.749600621078429
YKL057C,0.433805912733078,-0.363856643438339,0.0315948067753899,0.0316523286725738,0.375367900729179,0.496470611542463,-0.425542868790333,-0.304106454371045
YKL055C,0.0862112939357758,-1.10335958003998,0.0362327151488945,0.188874945338233,0.0301586508906136,0.17190727678438,-1.52058809205083,-0.764705743108156
YKL054C,2.85179281234741,0.454574465751648,0.14231214143057,0.0217589422494237,2.56750432650248,3.12786602973938,0.409511183773572,0.495248143431633
YKL052C,0.343897879123688,-0.47219517827034,0.0682855616284112,0.0871824583395582,0.22256660896043,0.494008243083954,-0.652539998644598,-0.306265804323302
YKL049C,0.223682597279549,-0.691701292991638,0.0978708579403715,0.194011090851365,0.0792088359594345,0.460464305679003,-1.10122656386408,-0.336804080755251
YKL048C,0.0490037947893143,-1.32303738594055,0.0120961361569177,0.108258814716841,0.0284932516204814,0.0757838862637679,-1.54525804501814,-1.12042313346039
YKL047W,0.357508778572083,-0.449703603982925,0.0419248037515748,0.0510776516798208,0.281248350441456,0.445426509032647,-0.550910033996322,-0.351223946430931
YKL045W,0.251621842384338,-0.603117942810059,0.0334847372616651,0.0581247874609845,0.190292009338737,0.322675021241109,-0.720579501718307,-0.491234654544509
YKL042W,0.229136571288109,-0.647313058376312,0.04213692980864,0.0807586024696776,0.153542757406831,0.318788255254427,-0.813770721667779,-0.496497760016297
YKL040C,1.80925393104553,0.253829777240753,0.235580957771541,0.0565294127611217,1.37940698762735,2.31143359939257,0.139692413182556,0.363881417235075
YKL034W,0.26513084769249,-0.578917801380157,0.0276889132920445,0.0455698645228173,0.213639628763,0.321230637530486,-0.670318187584044,-0.49318312914936
YKL033W-A,1.8632173538208,0.264390468597412,0.306464673239719,0.0716592634867517,1.32630201677481,2.5224963704745,0.122642422633905,0.401830524506623
YKL033W,0.11684001237154,-0.935804605484009,0.0145624747829285,0.0545366497221932,0.0898329709966978,0.146532084917029,-1.04656423845356,-0.834067277110407
YKL032C,0.603173911571503,-0.221256375312805,0.0535402685874545,0.03838592306207,0.506797929604848,0.717823120951652,-0.295165178366188,-0.143982752164847
YKL029C,2.37043070793152,0.374170005321503,0.130582209895338,0.0239143538919945,2.12626624107361,2.63524892727534,0.327617643907732,0.42082164518857
YKL025C,0.541722774505615,-0.267774879932404,0.0457539745238459,0.0367722111324851,0.453458483765523,0.63446980714798,-0.343462468668594,-0.197589040079943
YKL023W,0.129768893122673,-0.915466725826263,0.0463266711827128,0.161904418023058,0.0533783804625273,0.235153379912178,-1.2726346091043,-0.628648843534315
YKL019W,0.464683949947357,-0.339081048965454,0.0787133563169349,0.0739102666037608,0.326864772538344,0.634522456924121,-0.485631884604924,-0.197553002967966
YKL018W,0.442090332508087,-0.360343158245087,0.0724653885289176,0.0716462787656109,0.312295287847519,0.59534353017807,-0.505434568690902,-0.225232361652895
YKL017C,0.0799902379512787,-1.10528790950775,0.0156978236330989,0.0853809192722271,0.0524612802701692,0.114293927885592,-1.28016120173347,-0.941976943798464
YKL014C,0.578856527805328,-0.238109230995178,0.0323738503680048,0.0243192799815726,0.516963896155357,0.643909730513891,-0.286539798969896,-0.191175013155557
YKL011C,0.0702934786677361,-1.17934107780457,0.0244787028028624,0.153424239925856,0.0321253874339163,0.127927408243219,-1.49315162662311,-0.893036922847146
YKL010C,0.404610902070999,-0.393955945968628,0.0273679058205691,0.0294041160944079,0.353242248296738,0.460855605701605,-0.451927359723962,-0.336435126146987
YKL009W,3.63718199729919,0.556593656539917,0.506608709949221,0.0602368523871231,2.72322283585866,4.73442175388336,0.435083173343701,0.675266896570105
YKL008C,1.100306391716,0.0397610552608967,0.0990000159123316,0.0390435426129813,0.916156714657942,1.31076056857904,-0.0380302367376658,0.117523367417381
YKL002W,0.911222636699677,-0.0528048276901245,0.218384138760572,0.104627129954644,0.538219473262628,1.39576170345147,-0.269040643848193,0.144811169382476
YKR001C,2.08396220207214,0.318253993988037,0.112562162225895,0.0234974798981171,1.87017776270707,2.30604243278503,0.271882888098951,0.362867294352802
YKR002W,0.495745897293091,-0.306816905736923,0.0485028927216278,0.0425065429183638,0.407813587536414,0.597314068178336,-0.389538340247551,-0.223797270761173
YKR005C,0.00957816746085882,-2.10853385925293,0.00606750474658701,0.295893111983616,0.00175755235638159,0.0248564481735229,-2.75509238154081,-1.60456092914746
YKR006C,0.700089335441589,-0.162292316555977,0.129591313564356,0.0807900445981891,0.46881702542305,0.989548996587594,-0.328996624991201,-0.00456277757969201
YKR008W,0.616118729114532,-0.211844310164452,0.0514133910064425,0.0362018508811437,0.521620302398999,0.722132721543312,-0.28264559423474,-0.14138297573892
YKR013W,3.19825768470764,0.503528654575348,0.255495496977076,0.0347163172177687,2.72564630111059,3.70893803636233,0.435469491283657,0.569249576573123
YKR016W,0.260389089584351,-0.587846636772156,0.0329285357371149,0.0550147106637194,0.199779521549741,0.328988749037186,-0.699449032767877,-0.48281895428198
YKR017C,0.076884850859642,-1.12557554244995,0.0175804684653068,0.100433312517204,0.046105188348641,0.115190859138965,-1.33625021687782,-0.93858221933947
YKR018C,1.37672650814056,0.138043835759163,0.0836906814766373,0.0264684083075886,1.21518760025501,1.54231810172399,0.0846433246208409,0.188173954808183
YKR019C,0.0972197949886322,-1.01965284347534,0.017929030885028,0.080636234078348,0.0654522031545639,0.135800710693002,-1.18407573029327,-0.867097962772827
YKR022C,0.127827987074852,-0.910497844219208,0.0356331408604098,0.123724174640504,0.0671762512996793,0.206357461586594,-1.17278428489989,-0.685379855575945
YKR023W,0.163954123854637,-0.790636599063873,0.0256594414248488,0.0685509891273181,0.118287087231874,0.216402932380637,-0.927062662435261,-0.664736860971721
YKR025W,0.98761248588562,-0.00973484385758638,0.139449037230175,0.0614082852025107,0.731343632439772,1.28588920334975,-0.135878588205665,0.10920354690782
YKR026C,0.805249214172363,-0.0980146825313568,0.108907573567397,0.0585927347254213,0.609854119022687,1.04118783076604,-0.214774046613785,0.0175290436174938
YKR028W,0.365381717681885,-0.43854033946991,0.0281698064974953,0.0334624165656304,0.31265389919281,0.425318190703789,-0.50493615074355,-0.371286042513522
YKR029C,0.198035776615143,-0.70605993270874,0.0225636670055661,0.0493869937290754,0.157154772554835,0.245696792751551,-0.803672426741921,-0.609600513918464
YKR030W,0.359501719474792,-0.455032676458359,0.0798216935708773,0.0972376817756716,0.221266676237186,0.530009230474631,-0.655084079607935,-0.275716661179028
YKR036C,0.186446905136108,-0.73292350769043,0.0235925798962822,0.0551152572523643,0.142785750205318,0.236424113685886,-0.845315137155798,-0.626308230422417
YKR037C,0.294469118118286,-0.541120052337646,0.0634668342765138,0.094761748513723,0.182224437594414,0.434638828039169,-0.739393381475391,-0.361871479005092
YKR041W,0.044363260269165,-1.44891130924225,0.0290794710341508,0.307793073476845,0.00759938065505897,0.116061356663704,-2.11922180106553,-0.935312524764369
YKR043C,3.95710587501526,0.59536999464035,0.382443503215346,0.041725188684444,3.25580334663391,4.74281740188599,0.512658165243278,0.67603640466877
YKR046C,0.360227018594742,-0.4528489112854,0.075434684602709,0.0908034011518653,0.229620766018828,0.523881803452968,-0.638988930395124,-0.280766700546615
YKR048C,3.56865692138672,0.551700413227081,0.216928021397266,0.0264346916527542,3.15724077423414,4.00910179615021,0.499307699741051,0.603047083166411
YKR050W,0.0146971801295877,-1.86017084121704,0.00517513738138381,0.156807459363281,0.00663348669574286,0.026354114850983,-2.17825816411174,-1.57915156679804
YKR051W,0.092826284468174,-1.0453337430954,0.0227708722067533,0.106899229824991,0.0549304576901098,0.141819030046463,-1.26018678242082,-0.848265489254172
YKR053C,0.0200768616050482,-1.75536274909973,0.0103966506985552,0.231814030397187,0.00557300822498898,0.0454231913822392,-2.25391047744835,-1.34272237492661
YKR055W,0.29761865735054,-0.536625325679779,0.0648921191541574,0.0950156206147604,0.185139765466253,0.442623812705278,-0.732500559694038,-0.353965233601002
YKR058W,0.0240730829536915,-1.64222407341003,0.00792160855314617,0.1459730506497,0.0111227770646413,0.0420281421393156,-1.95378689710761,-1.37645983509624
YKR060W,0.618963599205017,-0.214834198355675,0.107285139450886,0.0753376251915021,0.432876505951087,0.855204121271769,-0.363635987680572,-0.0679302264280779
YKR061W,0.0335470475256443,-1.50787127017975,0.0131044651203628,0.174177996397738,0.0133939479167263,0.0634918684760729,-1.87309142469283,-1.19728189405383
YKR062W,0.928897380828857,-0.0347437970340252,0.103924358195438,0.0485730710064645,0.738026224573453,1.14841582477093,-0.13192820657747,0.0600991187738272
YKR063C,0.124642848968506,-0.911280393600464,0.0223490999059224,0.0779292843982721,0.0859094583118955,0.173663839573661,-1.06595901949737,-0.760290604884218
YKR066C,1.7222638130188,0.234615281224251,0.14268490959904,0.0359117553718593,1.46265772879124,2.01774580876032,0.165142699881433,0.304866442505913
YKR067W,0.381719470024109,-0.419824212789536,0.0324477117928328,0.0369397761336284,0.322969228029251,0.446372075130542,-0.490838854553503,-0.350303001544809
YKR069W,0.0473222881555557,-1.3398380279541,0.0124202828972703,0.114756214425995,0.0264140716288239,0.0753269851828615,-1.57816480403507,-1.1230494182699
YKR070W,0.816779017448425,-0.0906883999705315,0.0927775181324634,0.0493124922530576,0.648081788420677,1.01097271740437,-0.188370182597712,0.00473942616435368
YKR071C,1.48968482017517,0.171290323138237,0.135677548668247,0.0396336949121631,1.23118219077587,1.76637971401215,0.0903223242301696,0.247084068422761
YKR075C,0.228365361690521,-0.654409348964691,0.0562087894848421,0.107051135916732,0.134560390561819,0.351684043556451,-0.871082835503742,-0.453847932845631
YKR077W,0.306686609983444,-0.519237339496613,0.0509347681288571,0.0718841471760113,0.215884989624222,0.422000533342361,-0.665777605864242,-0.374687046397433
YKR079C,0.231847614049911,-0.637074887752533,0.023811495559514,0.0444741561738904,0.188286095733444,0.282594642043114,-0.725181751294233,-0.548836076719744
YKR080W,1.55496263504028,0.189600750803947,0.15356851035673,0.0429706925256505,1.26854824821154,1.88090321421623,0.103306989373813,0.274366445661655
YKR081C,2.04753828048706,0.309735625982285,0.170025700605668,0.0360902377557248,1.7233972509702,2.3972589969635,0.236385380007068,0.37971495721918
YKR082W,0.669458031654358,-0.175006031990051,0.0387713504551813,0.0251691401373477,0.596108092864354,0.745278199513753,-0.224674982718668,-0.127681586209039
YKR084C,0.805121898651123,-0.0952941030263901,0.0587103537792546,0.0317130905831554,0.693433940410614,0.922181177139282,-0.158994905436607,-0.0351837477137322
YKR088C,0.612596154212952,-0.216800734400749,0.0828876523231783,0.0588958265052452,0.464863612751166,0.789648289978504,-0.332674447408231,-0.102566301361024
YKR090W,0.257918447256088,-0.590907216072083,0.0270734426534817,0.0456044312344801,0.208115133767327,0.313484428822994,-0.681696349863555,-0.50378404033961
YKR091W,0.224119409918785,-0.675309836864471,0.0772473118151902,0.151926692438609,0.101630710065365,0.407917886972427,-0.992975040116562,-0.389427250693926
YKR093W,2.64405250549316,0.42165669798851,0.140572471874712,0.0231025209404637,2.37639103333155,2.92368030548096,0.375917900561023,0.465929882254303
YKR096W,0.105442173779011,-0.980011940002441,0.0124506751597191,0.0513442380753384,0.0827795896058281,0.131735808899005,-1.08207673139472,-0.880296162347507
YKR097W,0.0215744487941265,-1.70269274711609,0.00876869135644015,0.182763138244649,0.00791944434555868,0.0410503226332366,-2.10130548295822,-1.386683425783
YKR099W,0.150547787547112,-0.825830578804016,0.0191598964278855,0.0552487903072548,0.115865536406636,0.191645753135284,-0.936045728334447,-0.717500802483711
YKR100C,0.357018113136292,-0.452724158763885,0.0565172858538645,0.0687357520652528,0.256202777475119,0.47806051125129,-0.591416176571714,-0.320517221398298
YLL063C,0.0694279596209526,-1.17490077018738,0.0190740257186915,0.120716973933062,0.037321537733078,0.112243008986115,-1.42804047062671,-0.949840714258168
YLL062C,0.21074441075325,-0.687853753566742,0.0483416186112835,0.101467803676928,0.126298149923484,0.316004930933316,-0.898603017289173,-0.500306143203117
YLL061W,0.382873058319092,-0.419459760189056,0.0412188968045778,0.0468001115138277,0.307674512763818,0.46873670866092,-0.511908482341883,-0.329071041579208
YLL060C,0.126166418194771,-0.962252616882324,0.0681092522841676,0.243262673111571,0.0313562080264091,0.300576185186704,-1.50367646297674,-0.522045481935714
YLL057C,0.0233625043183565,-1.68480181694031,0.011384078662594,0.224417679295225,0.00638002112973481,0.0506440251444777,-2.19518226112297,-1.29547180221425
YLL056C,0.0253174491226673,-1.69777655601501,0.0170955920769846,0.315908369953251,0.00398620693789174,0.0705055128782987,-2.39944135328784,-1.15177692888143
YLL055W,0.0159571636468172,-1.85084998607635,0.00784892247706616,0.224414707909993,0.00456284888011093,0.034252121206373,-2.34076405755905,-1.46531253312428
YLL043W,0.504655241966248,-0.298687160015106,0.0445299596976015,0.0382037861231486,0.423167270918687,0.599579975008965,-0.373487929368636,-0.222152880780398
YLL041C,0.662341058254242,-0.186817184090614,0.126450637255093,0.0831759628992969,0.441855176041524,0.938279505570729,-0.354720075096651,-0.0276677753553463
YLL040C,0.400556683540344,-0.397943466901779,0.0211702081740741,0.0229701279187148,0.360477567960819,0.442941961934169,-0.443121757353702,-0.353653176942186
YLL038C,0.16819940507412,-0.811213552951813,0.0684846309526096,0.1845261556292,0.0617613217793405,0.328857482473055,-1.20928382025719,-0.482992275444454
YLL034C,0.609158992767334,-0.216343387961388,0.042886475071752,0.03054768126642,0.530448936422666,0.696774223943551,-0.275356417710211,-0.156907923743482
YLL029W,0.579469501972198,-0.238359153270721,0.0464383816380259,0.0347504758912672,0.49384330312411,0.675833463668823,-0.306410832321094,-0.170160308082123
YLL028W,0.290210038423538,-0.540452063083649,0.0350676353558315,0.0524945545636523,0.22506491454939,0.363151128093402,-0.647692202876254,-0.43991260391374
YLL027W,0.700057506561279,-0.164670243859291,0.14880141396506,0.0927756760979659,0.440490751216809,1.02748334407806,-0.356063206117111,0.0117747905153894
YLL026W,2.49131608009338,0.395922273397446,0.120322586850503,0.0210075180998461,2.25645661354065,2.72693101763725,0.353426987454643,0.43567415090762
YLL023C,0.726969718933105,-0.144488260149956,0.121374707997292,0.0723371345242994,0.51559531390667,0.991960249841213,-0.287691518037574,-0.00350573322898186
YLL021W,0.629675805568695,-0.201602265238762,0.0361680812370445,0.0250516057565817,0.55785575012366,0.699790947139263,-0.253478088128936,-0.155031680083197
YLL019C,0.0813643932342529,-1.09669470787048,0.014691839887946,0.0791291465465624,0.0543623219554623,0.112378894599775,-1.26470200448284,-0.949315262795742
YLL018C,7.66864824295044,0.884188294410706,0.379110359982075,0.0214853008840197,6.93871143658956,8.43597768147786,0.84127882588903,0.926135421518326
YLL015W,0.287931323051453,-0.541937351226807,0.0216213857590978,0.032683595992907,0.246480673427383,0.331252157688141,-0.608217128414663,-0.479841284167585
YLL013C,0.438176959753036,-0.359685033559799,0.0343504793860892,0.0340817239687383,0.37437280168136,0.507637209196885,-0.426695712671111,-0.294446559512205
YLL012W,0.256008297204971,-0.595164597034454,0.0320561665352504,0.0546610248717201,0.196178366988897,0.323441624641418,-0.707348893620709,-0.490204090215592
YLL008W,1.22041487693787,0.0857699438929558,0.0711401992012618,0.0253200007292642,1.08562861879667,1.36109105149905,0.035681281123606,0.133887178722702
YLL006W,0.252319127321243,-0.603116512298584,0.0384580562231195,0.0666081360959678,0.181671791151166,0.332248145341873,-0.74071250666487,-0.47853743772035
YLL002W,0.0955455452203751,-1.03100848197937,0.0217337930088997,0.0994063299428192,0.0578552193939686,0.144109323620796,-1.23765747536122,-0.841307920184815
YLL001W,0.586929619312286,-0.232608318328857,0.0435960213221601,0.0322050832202081,0.507433281342189,0.677317906916141,-0.294621057166377,-0.169207443980517
YLR002C,0.576458394527435,-0.240590184926987,0.0456230112476831,0.0343898409267045,0.493654608726501,0.667805923024813,-0.306576804086702,-0.175349743281292
YLR004C,0.0287536904215813,-1.57263505458832,0.0107129678999427,0.169564237988891,0.0115450242999941,0.0530624087589482,-1.93760595321387,-1.27521304835713
YLR005W,0.339926689863205,-0.472440958023071,0.0449498312454151,0.0579026633910504,0.253322743376096,0.431109977513552,-0.596325975419577,-0.365411926528816
YLR006C,0.140585198998451,-0.856587588787079,0.0202646276811592,0.0629314972471059,0.103062579532464,0.183302041391532,-0.986899011959459,-0.736832710736848
YLR019W,0.49288809299469,-0.310816258192062,0.0631084884575146,0.0557814477167713,0.377286648750305,0.625381596386433,-0.423328569547736,-0.203854904656187
YLR020C,0.378846198320389,-0.424199908971786,0.0418512034723912,0.0482459722223513,0.298569315423568,0.465715034554402,-0.524954840277233,-0.33187974248082
YLR022C,1.00789725780487,-0.00400090403854847,0.187515804498887,0.0803669251696975,0.678824647267659,1.41928970813751,-0.168242398782371,0.15207105352896
YLR024C,0.102932199835777,-0.990090548992157,0.011376442278702,0.0479330541591072,0.0821978963911533,0.12706729521354,-1.08513930065973,-0.895966214707324
YLR025W,1.02307975292206,0.00344954337924719,0.177701957596835,0.0749246693329711,0.716334951420625,1.42493006090323,-0.144883872708992,0.153793533748597
YLR026C,0.464027136564255,-0.338507741689682,0.0707931974887547,0.066404749348458,0.3399787992239,0.614135690033435,-0.468548206653406,-0.211735794714569
YLR027C,7.339035987854,0.864993333816528,0.399928873414115,0.0236836253150574,6.57670907576879,8.16668088436127,0.818008616242699,0.912045585724068
YLR028C,1.87010610103607,0.271120369434357,0.1094647022662,0.0254639989002804,1.66017726560434,2.08621048132578,0.220154461431962,0.319358118816384
YLR030W,0.0211832597851753,-1.80662751197815,0.0166559747661776,0.361740598574877,0.00247848406046008,0.0648153753330309,-2.60581388875946,-1.18832275779707
YLR033W,0.396152138710022,-0.404657542705536,0.042827127619973,0.0467726538861543,0.320354042202234,0.48866839458545,-0.494369822358546,-0.310985774357941
YLR045C,0.293731242418289,-0.53362238407135,0.0250027655956794,0.0370081977880553,0.248180128137271,0.345412747561932,-0.605232995755614,-0.461661638704635
YLR049C,0.266491711139679,-0.579155385494232,0.0399320775145982,0.0649097300839924,0.194694048414628,0.35203473046422,-0.710647412085083,-0.453414720691545
YLR052W,0.451736032962799,-0.358047515153885,0.109849869651222,0.107027065237057,0.263930980861187,0.692996020118395,-0.578509838490443,-0.159269421535927
YLR054C,0.0229733362793922,-1.66186678409576,0.0074547295729373,0.143927660549451,0.010797255152526,0.0400029404709736,-1.9666870459118,-1.39790855840545
YLR055C,0.395004034042358,-0.405295610427856,0.0368529166554485,0.0406794036464667,0.325366261353095,0.468649365752935,-0.487627489285542,-0.329151967859071
YLR060W,5.13697052001953,0.710193455219269,0.24998363053851,0.0211659398196803,4.65061821142832,5.63651561737061,0.667510681451239,0.751010714660205
YLR064W,0.592211067676544,-0.234704181551933,0.107677787777289,0.0793779102396422,0.39819905385375,0.823307621479034,-0.399899829288396,-0.0844378708077283
YLR069C,0.320737302303314,-0.495564222335815,0.028458424984374,0.0386641651834553,0.26524528140823,0.378582211087147,-0.576352353790234,-0.421839796719922
YLR071C,0.254369825124741,-0.596110820770264,0.0216651539157921,0.0370545751235974,0.213857985412081,0.29895671432217,-0.66987452896741,-0.524391689176256
YLR072W,0.184815227985382,-0.736617147922516,0.0229234233415658,0.0541629906451601,0.143235292285681,0.231801074619094,-0.843949961439774,-0.634884566735011
YLR078C,0.901975691318512,-0.0524151138961315,0.168760115488071,0.0816978422920336,0.603006379803022,1.25779286821683,-0.21967812726567,0.0996090874574259
YLR079W,0.801471412181854,-0.100864551961422,0.118799487267738,0.0643733064998163,0.588402052720388,1.05329882105192,-0.230325829519511,0.0225515902866905
YLR082C,0.153430283069611,-0.823082447052002,0.0312531030127596,0.0888206443891147,0.0995809933791558,0.221909462412198,-1.00182354697327,-0.65382418999628
YLR085C,0.208199828863144,-0.687543332576752,0.0346546651271003,0.0726130966246971,0.146112039685249,0.282368752111991,-0.835313996567856,-0.549183365608933
YLR088W,0.613560914993286,-0.213681936264038,0.05163283148243,0.0366185505301803,0.515381590028604,0.720605551699797,-0.287871099026005,-0.142302399900218
YLR089C,1.18012666702271,0.0709651559591293,0.078742143796365,0.028925287576052,1.03348466555277,1.34522055983543,0.0143040371062938,0.128793491622296
YLR090W,0.384188145399094,-0.418678820133209,0.046780341655574,0.0530440632576366,0.298411399126053,0.482449568311373,-0.525184591108928,-0.31654808269459
YLR091W,0.119982711970806,-0.948355674743652,0.0423434626936403,0.157844696679125,0.0512262981384993,0.219378397241235,-1.29050705327622,-0.658806158517862
YLR092W,0.026888994500041,-1.58655261993408,0.00729242143018021,0.119759573904907,0.0146960334386677,0.0431036660137276,-1.83279993270409,-1.36548579195029
YLR093C,1.11101341247559,0.0398555025458336,0.183190125286822,0.0714838945132924,0.785618873437246,1.50500512123108,-0.104788092148846,0.177537977749539
YLR097C,0.125913143157959,-0.91563868522644,0.0337408884153447,0.117979322995446,0.0694434422378739,0.200384525706371,-1.15836880375793,-0.698135819331458
YLR099C,0.196990683674812,-0.713178634643555,0.0369197319485787,0.0817228292400746,0.133231223498782,0.27598312497139,-0.875393988657074,-0.559117475403518
YLR100W,2.10629391670227,0.321988731622696,0.176967970118016,0.0364639327242446,1.78086769580841,2.47585222125053,0.25063165606366,0.393724718938135
YLR102C,0.143549934029579,-0.873894929885864,0.0538942719365027,0.167188010928006,0.0596193467887739,0.265294905751943,-1.22461289332979,-0.576271138129269
YLR103C,0.114739090204239,-0.946329593658447,0.0190976127622359,0.0727452234552986,0.0808524452149868,0.15444141527017,-1.09230684832881,-0.811236262844969
YLR105C,0.105184458196163,-0.994496405124664,0.0288601692460369,0.120804845823278,0.0569825085190435,0.168288110444943,-1.2442584659478,-0.773946707801736
YLR113W,1.37604105472565,0.137187451124191,0.112351034801006,0.0354336680833207,1.16593206028144,1.61170768837134,0.0666732437151138,0.207286272186317
YLR114C,0.341120094060898,-0.468993157148361,0.0318961636469511,0.040710303379238,0.280809134244919,0.407098445792993,-0.55158876944948,-0.390300556414429
YLR117C,0.166168868541718,-0.783397138118744,0.0223634121195533,0.0587569546704744,0.125674258793394,0.214056193828583,-0.900753759370492,-0.669472201108544
YLR118C,0.674586713314056,-0.188701495528221,0.192942198189196,0.125260119692265,0.363107482343912,1.11315553188324,-0.439964870322169,0.046555767242513
YLR120C,0.751715064048767,-0.125403270125389,0.0615532042382385,0.0356015197360418,0.63571161031723,0.877472639083862,-0.196739856761047,-0.0567664166059066
YLR126C,0.367689073085785,-0.451174378395081,0.101681905026899,0.121629368708973,0.197211339945594,0.594479416807492,-0.705068120646469,-0.225863193427331
YLR129W,0.819113850593567,-0.0874993279576302,0.0510783445467917,0.0271070422899001,0.722408882776896,0.923941910266876,-0.141216924985389,-0.0343553327231818
YLR131C,0.245978176593781,-0.611503541469574,0.0258601093404059,0.0457488167826672,0.198620961109797,0.299941781411568,-0.701974945462695,-0.522963037031875
YLR132C,0.10604952275753,-1.00528645515442,0.0395252077405027,0.167475397238949,0.0439719116625686,0.196824157983064,-1.35682487674568,-0.70592173634502
YLR133W,0.375230044126511,-0.428020983934402,0.0388141890750876,0.0449477800021483,0.303650639951229,0.454885756472746,-0.517625799478097,-0.342097679851177
YLR136C,0.387102067470551,-0.421090632677078,0.0783969289171699,0.0884781275225532,0.251527223487695,0.559082110226154,-0.59941504085417,-0.252524472955793
YLR137W,0.23796471953392,-0.631114184856415,0.0445561944590313,0.081798196866632,0.156866639107466,0.333279455949863,-0.804470992623007,-0.477191458065047
YLR139C,0.112396545708179,-0.955486536026001,0.0190132639972961,0.0739691452173747,0.0778796729321281,0.152927568803231,-1.10857605641336,-0.81551421586196
YLR141W,0.0615236312150955,-1.23947298526764,0.0221418121392485,0.160485887893782,0.0266269972547889,0.11238888806353,-1.57467809440329,-0.949276647054591
YLR148W,0.240427389740944,-0.621099770069122,0.0235816698735408,0.0425687822866555,0.197201483945052,0.289829176416,-0.705089822500619,-0.537857899158381
YLR149C,0.0203364081680775,-1.72041869163513,0.00736031182452884,0.160899073679852,0.00870872940868139,0.0376840479051073,-2.06004520332192,-1.42384253762696
YLR151C,0.161216884851456,-0.805881679058075,0.0399617008912862,0.108270268660937,0.0944694463163614,0.25317227691412,-1.02470932403779,-0.596583854194483
YLR152C,0.0239597801119089,-1.65285933017731,0.00918805452511355,0.171668361945562,0.00940819211148967,0.0450259653540949,-2.02649387726204,-1.34653697115136
YLR153C,3.85183095932007,0.585104942321777,0.195925627596669,0.0220976427166543,3.47751116752625,4.24807651440302,0.5412685333405,0.628192321090677
YLR163C,0.529645264148712,-0.278560996055603,0.0573166367002264,0.0471156667505995,0.422252804040909,0.646984100838502,-0.374427457741678,-0.189106408859352
YLR165C,0.0600907392799854,-1.30095720291138,0.0363849592679292,0.275306337051605,0.0127421663686012,0.153320429225763,-1.89475720548908,-0.814400005076834
YLR172C,2.79312753677368,0.444189608097076,0.261470292427052,0.0406585073180693,2.30190732280413,3.3277103583018,0.362087763874368,0.522145518301752
YLR173W,0.086904913187027,-1.07005405426025,0.0178155641497913,0.0893369405329031,0.056465657427907,0.125385857000947,-1.2482156125665,-0.901751496828064
YLR174W,0.0129577303305268,-1.97345447540283,0.00811911378399618,0.28827295213868,0.00247274991124868,0.0327280014753342,-2.60681980505273,-1.48508051393227
YLR175W,4.81877946853638,0.682251751422882,0.271259516623773,0.0244330225278556,4.30923811992009,5.35341618061066,0.634400430780812,0.728631006214069
YLR177W,0.058606956154108,-1.24436378479004,0.0138784112766544,0.104464464877398,0.0346800824937721,0.0883753821253777,-1.45991990366535,-1.05366869534968
YLR181C,0.293906986713409,-0.539130330085754,0.0540082095985652,0.0802161028224233,0.197568539281686,0.412039786577225,-0.704282231574793,-0.38506084645065
YLR182W,0.276364356279373,-0.560553193092346,0.0267406262246529,0.0421350994231274,0.22684508562088,0.330925858765841,-0.644270624865464,-0.480269296000715
YLR183C,0.500686585903168,-0.302766352891922,0.0520170060162373,0.0450315742768889,0.407474638273319,0.610479671756426,-0.389899427168563,-0.214328793026629
YLR186W,1.48370230197906,0.166198179125786,0.229204939586757,0.0669835883090586,1.07703735331694,1.97372306883335,0.0322307138321252,0.295286207662277
YLR187W,0.244101345539093,-0.614268839359283,0.0223990954739719,0.0401034651319238,0.200917514537772,0.289351123819748,-0.696982204128969,-0.538574841677568
YLR188W,0.321226298809052,-0.495288580656052,0.0315211276563597,0.0428191678113066,0.260516613721848,0.385571349660556,-0.584164577363639,-0.41389524449322
YLR195C,1.20800864696503,0.0807386562228203,0.0946378931948966,0.0340272586972747,1.02710391779741,1.40529181957245,0.0116143756033712,0.147766517684054
YLR196W,1.46474945545197,0.164972394704819,0.0884423528728183,0.0262194974185203,1.29611610472202,1.64641171296438,0.112643906075535,0.21653844704842
YLR197W,6.85460758209229,0.835428714752197,0.34501136923453,0.0219141612001821,6.18516665697098,7.52951335906982,0.791351369387077,0.87676690816614
YLR199C,0.583572924137115,-0.24052619934082,0.101630032534996,0.0762396993431412,0.400551897287369,0.796802245080471,-0.397341208272641,-0.0986495233216388
YLR205C,0.0924433469772339,-1.05608344078064,0.0291422648502194,0.140407659211549,0.0439120532634358,0.15974798053503,-1.35741729186069,-0.79656471218396
YLR206W,0.483135789632797,-0.317769080400467,0.0444448373004402,0.0399936194262249,0.401171654462814,0.5743068476518,-0.396669760460393,-0.240856005550238
YLR209C,0.784065842628479,-0.109266579151154,0.101183173752771,0.0561980579716642,0.596718257665634,0.996102333068848,-0.224230682578744,-0.00169604269662013
YLR212C,0.416736900806427,-0.382800698280334,0.0460477920115043,0.0482215686704809,0.331593832621972,0.511135047177474,-0.479393556859352,-0.291464340809264
YLR215C,0.292595535516739,-0.539533019065857,0.047966575588808,0.071120808241535,0.206038117408752,0.393408871193727,-0.68605242696621,-0.405155859016664
YLR216C,6.05825757980347,0.781536102294922,0.370883962661142,0.0265836823638757,5.35593461990356,6.84057943820953,0.728835266923165,0.835092890346074
YLR220W,0.725244522094727,-0.143201753497124,0.0946917224011829,0.056657850178468,0.557949433724085,0.923162453869978,-0.253405188556981,-0.0347218734337295
YLR222C,1.02681577205658,0.0107142776250839,0.0614770968314958,0.0260043130891946,0.911293482780457,1.14923446575801,-0.0403417357958373,0.0604086420093821
YLR224W,0.108146280050278,-0.980478823184967,0.0279105202805956,0.113186142722417,0.0612502035684884,0.170657185961803,-1.2128925481378,-0.767875423473914
YLR225C,0.729627907276154,-0.139128118753433,0.0739502095436241,0.0440498063389822,0.597546767691771,0.883305563032627,-0.223628105589778,-0.0538890346271298
YLR226W,0.215467572212219,-0.672888159751892,0.0365838560880396,0.0741046825781661,0.152208357055982,0.291974363972743,-0.817561513290543,-0.534655279241154
YLR227C,0.0521048419177532,-1.30056762695312,0.0147726775577654,0.124477037573873,0.0274175803177059,0.0859146628528833,-1.5619708955482,-1.06593272533984
YLR231C,0.985611617565155,-0.0078458720818162,0.0833038520694181,0.0367640169985039,0.828417621552944,1.15915181140105,-0.0817506739990484,0.06414031780149
YLR233C,0.0269102901220322,-1.59247589111328,0.00867405539806285,0.141163833433461,0.0130662244356548,0.0468099366563061,-1.88384989385929,-1.32966213502082
YLR234W,0.0575846992433071,-1.2516576051712,0.0135175115009152,0.102708186593767,0.0349250324070454,0.0867828136309981,-1.4568631822304,-1.0615664232353
YLR238W,0.146878004074097,-0.83962607383728,0.0255103680585012,0.0759945449779127,0.101209701100985,0.200185163070758,-0.994777973706936,-0.698568129209314
YLR239C,0.304072588682175,-0.524509191513062,0.0563618958494813,0.0810399875179871,0.206084238861998,0.425023084878921,-0.685955223432932,-0.371587493644487
YLR240W,0.14220342040062,-0.850025117397308,0.0165716552270727,0.0505027354632334,0.113046180208524,0.176127280915777,-0.946744108628416,-0.754173370638166
YLR241W,0.257793605327606,-0.59114807844162,0.0271696590080157,0.0459592497517524,0.207009195412199,0.313438783834378,-0.684010365397692,-0.503847283182036
YLR243W,0.540504455566406,-0.275289803743362,0.104598347935226,0.0841122972642284,0.359696002801259,0.765201937655608,-0.444064390225047,-0.116223941008718
YLR246W,0.0623698309063911,-1.23393547534943,0.0226063517467585,0.161718229855056,0.0265769134586056,0.115427759724359,-1.57549552982093,-0.937689783554256
YLR247C,0.169525787234306,-0.772565305233002,0.0154455189164398,0.0396278625104541,0.140595480799675,0.201903730009993,-0.852028638742274,-0.694855797122346
YLR248W,0.65508246421814,-0.185062751173973,0.0518645028149097,0.0343545392221353,0.559714166820049,0.761819047729174,-0.252033701053835,-0.118148180713097
YLR253W,0.188997566699982,-0.727963209152222,0.0269078978363161,0.0621652205132722,0.140091231962045,0.245222761606177,-0.853589088804246,-0.610439226208177
YLR257W,1.6035658121109,0.202967748045921,0.158599480633484,0.0429230739837786,1.31927482883135,1.92779832184315,0.120335276294929,0.285061597823792
YLR258W,0.212180957198143,-0.67649245262146,0.0257336107283417,0.0528442223316009,0.165369600181778,0.266514347245296,-0.781544334329503,-0.574279407511622
YLR263W,0.0128418607637286,-1.92523455619812,0.00504817768430836,0.174929467743928,0.00516956916544586,0.024640971996511,-2.28654588536772,-1.60834218158779
YLR266C,0.0491180345416069,-1.32193768024445,0.0120023689089363,0.108293895313339,0.0284717680420727,0.0758303166677553,-1.54558595756004,-1.1201578862799
YLR267W,0.0483792498707771,-1.3331001996994,0.0139242151222046,0.125129632488703,0.025922790588811,0.0807128671556711,-1.58631831683994,-1.09305728182533
YLR270W,0.65984445810318,-0.184027537703514,0.0834841914923691,0.0549663942389588,0.507988615334034,0.837529748181502,-0.294146020910628,-0.0769997864517854
YLR271W,0.0448353812098503,-1.42413854598999,0.0263758475157737,0.268092419972418,0.00983883293811232,0.109203495085239,-2.00705662555719,-0.961763461705067
YLR273C,0.028179757297039,-1.57165575027466,0.00879613274073427,0.139490712066428,0.0135056412934015,0.0480909515482683,-1.86948479108016,-1.31793700009387
YLR274W,0.492205023765564,-0.309279561042786,0.0398833836216624,0.0352121924646858,0.415940543264151,0.573016668359439,-0.380968746679022,-0.24183274549787
YLR276C,0.883822441101074,-0.0548838451504707,0.0670734296595334,0.0329492466281441,0.760701625049114,1.02237031559149,-0.118785656292398,0.0096082227794945
YLR286C,8.74326229095459,0.941123127937317,0.43947909808228,0.021837544278678,7.92073392868042,9.61134471893311,0.898765424822879,0.982784153465926
YLR287C,0.564343690872192,-0.252283185720444,0.0749717957393546,0.0577574473434901,0.429045969992876,0.723205088078976,-0.367496179797362,-0.140738528446202
YLR288C,0.0714397951960564,-1.16006505489349,0.0181599728084648,0.111193885514256,0.0409515876943866,0.112176774193843,-1.38772943985186,-0.95009706880916
YLR290C,0.209265545010567,-0.696727633476257,0.0590231775711062,0.124570985788061,0.111386862273018,0.337859626362721,-0.953166066439516,-0.471263702983796
YLR291C,1.16331458091736,0.0638389736413956,0.107908197100362,0.0401688020566505,0.966584440569083,1.39160887996356,-0.0147602001582759,0.143517153805298
YLR298C,0.239268034696579,-0.659868121147156,0.100444995873694,0.188029931148591,0.0846819151192904,0.474512130022049,-1.07220952992391,-0.323752681162279
YLR299W,0.35298353433609,-0.454460561275482,0.0355955417587537,0.0439704717036032,0.284846144914627,0.425923585891724,-0.545389654584505,-0.370668309822923
YLR304C,6.86770296096802,0.83637273311615,0.307792916134817,0.0195120314576844,6.2746129989624,7.45344071785609,0.797586944667905,0.872356801523869
YLR312C,0.0192010179162025,-1.78662347793579,0.0108388492465247,0.258327807218656,0.00459260332863778,0.0448469443867604,-2.33794217120984,-1.34826716597733
YLR312W-A,0.510211229324341,-0.304484754800797,0.121420906727452,0.103710984375507,0.306721841792266,0.780477983752886,-0.513255341825742,-0.10763949397096
YLR313C,0.0300309658050537,-1.55269765853882,0.0110391842086391,0.166232903729043,0.0122376772031809,0.0552247891513009,-1.91230537418091,-1.25786621076313
YLR314C,2.14379262924194,0.330360352993011,0.13227159079962,0.0267562605153683,1.8980461359024,2.41315053105354,0.278306764637278,0.382584412812749
YLR316C,0.25243929028511,-0.608123600482941,0.0549482828997359,0.0950471869169928,0.156973212088148,0.37651349902153,-0.804174500181551,-0.424219456481684
YLR318W,0.0202357079833746,-1.71639633178711,0.00650266537323936,0.141854566602479,0.00968440052432318,0.0351974872872233,-2.01392735778141,-1.45348855242394
YLR320W,0.0217560715973377,-1.67487776279449,0.0052131986958915,0.104757849165069,0.0128124826742957,0.0332135826038817,-1.8923667507669,-1.47868431171162
YLR323C,0.239057794213295,-0.642244637012482,0.0737103662180633,0.136100679871531,0.119190518868466,0.402384166916211,-0.923758296033053,-0.395359136969599
YLR326W,0.110007584095001,-1.01937007904053,0.0577889001206358,0.238950087727365,0.0284281408879906,0.254147433737913,-1.54625162702748,-0.594916929777059
YLR328W,0.599307119846344,-0.225183203816414,0.068485334697303,0.0496846158799553,0.472465020418167,0.742832567294439,-0.325630339555419,-0.129109064466191
YLR330W,1.30649614334106,0.115276210010052,0.0807353877418775,0.0269058264749287,1.15444719791412,1.46447850267092,0.0623740739539791,0.165683000356514
YLR332W,0.715014040470123,-0.14857405424118,0.0825499754956496,0.0501390434917982,0.563234486182531,0.890335032343864,-0.249310771343258,-0.0504465824763653
YLR335W,1.32283246517181,0.120706886053085,0.0803183580740902,0.0263398048152944,1.17323886950811,1.48691492974758,0.0693864427423062,0.172286121865115
YLR336C,0.452529191970825,-0.345661640167236,0.0350742376909291,0.0337827780700636,0.383773686240117,0.52293450931708,-0.41592483947282,-0.281552697499005
YLR337C,0.471078276634216,-0.328274488449097,0.037378436856906,0.0344769629146819,0.402497231960297,0.544234210749467,-0.395237102000467,-0.264214166560118
YLR340W,58.3700981140137,1.76537466049194,3.56838703614587,0.0265732490567159,51.5758920033773,65.7093418121338,1.71244674743691,1.81762711585508
YLR343W,0.00565692037343979,-2.3529326915741,0.00393298571819875,0.322900874254184,0.000857511049252935,0.0158264305287351,-3.06676114623264,-1.80061705389787
YLR348C,1.47286295890808,0.165389075875282,0.166742567695642,0.0491116588624629,1.17029769917329,1.8226860533158,0.0682963075941287,0.260711870304502
YLR351C,1.35289692878723,0.128182724118233,0.161694628072893,0.0517615640828093,1.06470342477163,1.69761623342832,0.0272286287055682,0.229839507755585
YLR352W,0.0997831746935844,-1.00592732429504,0.0151038750870934,0.0660474882313976,0.0721837858359019,0.131946951399247,-1.14156036446974,-0.879600654173864
YLR353W,0.0913351625204086,-1.04634380340576,0.0163912601054708,0.0781342888316809,0.062305873973916,0.126083965599537,-1.2054710086297,-0.899340141441214
YLR354C,6.05430555343628,0.781027257442474,0.418411359219729,0.0300483400936248,5.27821468512217,6.88462686538696,0.72248704555331,0.837880407237127
YLR355C,36.2207450866699,1.55834472179413,1.92676585563609,0.0231293107639091,32.5699450174967,40.0638618469238,1.51281702503026,1.6027528096099
YLR359W,3.21316123008728,0.506205856800079,0.18577918517535,0.025177833081023,2.85431798299154,3.5819137096405,0.455502353697931,0.554115119235411
YLR361C,0.165382817387581,-0.785823225975037,0.0233008866115883,0.0613941241442163,0.123160544782877,0.214297699679931,-0.909528398741779,-0.668982491788051
YLR362W,0.270030826330185,-0.570877373218536,0.0277114281707037,0.0446746856399682,0.218058736125628,0.327763591706753,-0.661426509450077,-0.48443929038821
YLR371W,0.138690859079361,-0.860019028186798,0.0135274527669896,0.0424342273740176,0.113488586557408,0.166550073896845,-0.945047813457056,-0.778455171986278
YLR373C,0.206217870116234,-0.687933921813965,0.0210277532148418,0.0444049297352264,0.166878438865145,0.250514894723892,-0.777599775714856,-0.601166447425122
YLR377C,0.0112869897857308,-2.07020974159241,0.00856521614736212,0.350334491720033,0.0014236424593643,0.032817923463881,-2.84659907395266,-1.48388898877905
YLR380W,1.17978692054749,0.0701595768332481,0.102648236420633,0.0378224015522786,0.986780837674936,1.39222672283649,-0.00577929273137709,0.143709942493097
YLR381W,0.0583365485072136,-1.24431192874908,0.0126200194694138,0.0951653523077046,0.0360132248761753,0.0855338733022411,-1.44353884670663,-1.06786192819268
YLR383W,0.099910132586956,-1.00361466407776,0.0121855761808461,0.0530221096111138,0.077689565718174,0.125945741931597,-1.10963730623533,-0.89981651896379
YLR384C,0.0098044890910387,-2.03234267234802,0.00324894193594043,0.145676348836323,0.00461211432702839,0.017331608167539,-2.33610132921938,-1.76116113808902
YLR386W,0.213833495974541,-0.672262191772461,0.0221969311315975,0.0451334732973675,0.173575291161736,0.259526906410853,-0.760512113788746,-0.585817615743946
YLR387C,0.843990445137024,-0.0755026564002037,0.0777314675568541,0.0400110530576305,0.699055135250092,1.00625029305617,-0.155488569618315,0.00270601898427247
YLR390W-A,12.3951778411865,1.09091651439667,1.28795196785129,0.0450960132321058,10.0260743538539,15.1384098768234,1.00113091545964,1.18008023518564
YLR393W,0.226426512002945,-0.660403609275818,0.0600304634616356,0.116556479334346,0.127704950422049,0.356391956408818,-0.893792497596414,-0.448072164427564
YLR396C,0.170778825879097,-0.771216988563538,0.0221176094826267,0.0564560328107404,0.130399809281031,0.215611467882991,-0.884723047013097,-0.666328147033067
YLR399C,0.826909065246582,-0.0835953950881958,0.0576351953910776,0.0302520722706983,0.71957959930102,0.945916585127513,-0.142921158360554,-0.0241471613476573
YLR401C,0.581190466880798,-0.237151801586151,0.0478855299572984,0.0357370547481198,0.492608380814393,0.679190277059873,-0.30749821709677,-0.168008541550863
YLR403W,0.299031943082809,-0.526697993278503,0.0315230037701914,0.0458711583662419,0.241750950862964,0.363315979639689,-0.616631809584938,-0.439715502607663
YLR404W,0.110684633255005,-0.986845791339874,0.0414515712297121,0.167516170733523,0.045731383903573,0.206456861272454,-1.33978565661017,-0.685170684621658
YLR405W,0.194032147526741,-0.721667528152466,0.0406631082945936,0.0916145065450789,0.123371344059706,0.281130701055129,-0.908785723940331,-0.551091724414723
YLR407W,0.233971491456032,-0.676453351974487,0.107531725463104,0.204164139495182,0.0749090292180578,0.491379585613807,-1.12546912887626,-0.308582932954507
YLR409C,1.07018959522247,0.0287403799593449,0.0616240624621012,0.0250340710591652,0.952565125624339,1.19601561228434,-0.0211053229993237,0.0777368471007426
YLR410W,1.15913879871368,0.0635335966944695,0.0610628789884604,0.0228871078238399,1.04302763938904,1.28771260579427,0.0182958170316102,0.109818946412326
YLR413W,3.93495273590088,0.59439480304718,0.196583749656538,0.021737900994746,3.55598651170731,4.32578229904175,0.550960102586836,0.636064659184459
YLR414C,0.819445133209229,-0.0934568792581558,0.146391088663524,0.0782884883912859,0.556449612478415,1.1211046864589,-0.254574156510148,0.0496460793272235
YLR418C,0.576754570007324,-0.242179572582245,0.0696561096788125,0.0525814372984796,0.449109411736329,0.723063066601753,-0.347647845648671,-0.140823873717103
YLR419W,0.186054214835167,-0.731917560100555,0.0157627602340068,0.036815861298249,0.156584292650223,0.218720842028658,-0.805251805224873,-0.66010983084606
YLR420W,1.97975981235504,0.295166015625,0.161788628863997,0.0354796377614081,1.67728113631407,2.31746363639832,0.224605862368993,0.365012928302854
YLR423C,0.0482806414365768,-1.34172224998474,0.0163374626031776,0.152058254393949,0.0213850568979979,0.0848198925455411,-1.66988958990314,-1.0715022821149
YLR426W,0.208877131342888,-0.691995799541473,0.0487412896497795,0.102513946000246,0.124300018387536,0.318139149000247,-0.905528809150629,-0.497382886336789
YLR429W,1.75478494167328,0.243472531437874,0.103070570930452,0.0255637570510156,1.55715629557768,1.95952722231547,0.192332202220604,0.292151300694456
YLR431C,0.0387036390602589,-1.44271421432495,0.0144507313329737,0.166053700288231,0.0160078153945506,0.0711153972273071,-1.79566819642077,-1.14803638785932
YLR433C,0.41876295208931,-0.380406260490417,0.0437949429259211,0.045467678676844,0.337599474191666,0.509496998290221,-0.471598238571827,-0.292858385052253
YLR439W,0.380918681621552,-0.426571637392044,0.0703496040355462,0.0805724257330106,0.255009914686282,0.529366385440032,-0.593442936655079,-0.276243644465759
YLR440C,0.376919478178024,-0.42569574713707,0.0356624244823519,0.0411490543541772,0.310179332147042,0.449986099203428,-0.508387143824604,-0.346800910861753
YLR446W,0.0644256994128227,-1.21079325675964,0.0194271247606479,0.133022443944082,0.0320924744009972,0.107997734844684,-1.49359679654519,-0.966585566700622
YLR447C,5.85744905471802,0.766694307327271,0.400713683264629,0.0297164153072369,5.10290784438451,6.66640091737111,0.707817720795349,0.823891418351015
YLR449W,2.08668494224548,0.318249762058258,0.155593440358363,0.0323977331683314,1.79768092036247,2.4030229528745,0.254712561106439,0.380757918820232
YLR450W,0.427586376667023,-0.370239615440369,0.0326260903623175,0.0331417473622536,0.366867686808109,0.494713762650887,-0.435490538646798,-0.305646013615757
YLR452C,0.659563660621643,-0.1820327937603,0.0508612543555775,0.0335025608726169,0.564793183406194,0.762460007270177,-0.248110554222265,-0.117782938839075
YLR453C,0.0193787533789873,-1.77925252914429,0.0106819016330028,0.250541651581811,0.00469085786802073,0.0458151967885594,-2.32874823920088,-1.3389904455609
YLR457C,0.114123195409775,-0.961905837059021,0.033678586220771,0.131483773248829,0.0575795470116039,0.189757347106934,-1.23973202501272,-0.721801399905595
YLR459W,0.434817910194397,-0.365662038326263,0.0586287671993034,0.0589332816376825,0.327320042997599,0.559991856416066,-0.485027439763668,-0.251818340033358
YML130C,1.04458320140839,0.01772665604949,0.0782312505146504,0.0325170021963868,0.896499819556872,1.20798003673553,-0.0474497938120445,0.0820597571268034
YML125C,2.9152204990387,0.46293705701828,0.260571027148178,0.0388355217187941,2.4217627008756,3.46181885401408,0.384131585188699,0.539304336685167
YML121W,0.54459685087204,-0.269668519496918,0.0884940309100997,0.0709130285292116,0.381019295503696,0.741882055997848,-0.419053030717892,-0.129665265156445
YML119W,0.260878622531891,-0.590997517108917,0.0482662850207001,0.0807516569168355,0.176161903515458,0.367411807924509,-0.754088068948863,-0.434846941891573
YML118W,0.0202039275318384,-1.74013948440552,0.00918140813751865,0.204756157040158,0.00657535099113981,0.0422491670275727,-2.18208130180399,-1.37418239173857
YML116W,0.291062116622925,-0.53935432434082,0.035967461390575,0.0540441709590821,0.222859055673083,0.363979247957468,-0.651969719448701,-0.438923376670887
YML115C,0.825040638446808,-0.0850384682416916,0.0689689602429513,0.036290390595503,0.697198927402496,0.967126697301865,-0.156643289696777,-0.014516628062197
YML114C,0.148860886693001,-0.833550214767456,0.0255319383593642,0.0743045906519086,0.104437276038031,0.203842234114806,-0.981144502980145,-0.690705858267516
YML113W,0.573937892913818,-0.252762109041214,0.133515809841932,0.100963601105051,0.351575804998477,0.865379409492016,-0.453981020906922,-0.0627934626119129
YML112W,0.351679056882858,-0.4625383913517,0.0705397100495991,0.0872245450604395,0.229084084058801,0.503246311843395,-0.640005084745085,-0.298219400903192
YML110C,1.69550371170044,0.227117925882339,0.170290240749275,0.0435473770049191,1.38872493008773,2.05571979482969,0.142616231922442,0.312963901953882
YML107C,0.0996783822774887,-1.02254354953766,0.0309331503222255,0.137881457534661,0.048836306296289,0.169194416950146,-1.31125746579533,-0.771613972050081
YML106W,3.97416496276855,0.594392955303192,0.597965584281315,0.0649053573941899,2.92531269192696,5.28342303832372,0.466172295263427,0.722915376819885
YML103C,0.613280653953552,-0.213033929467201,0.0346691927223665,0.0245576095530983,0.548167884349823,0.681449993948142,-0.26108641217161,-0.166566008980667
YML100W,0.195097982883453,-0.711735785007477,0.0187025460928542,0.0415622539463683,0.161093980073929,0.235219955444336,-0.792920688441879,-0.628525836627679
YML096W,0.18576580286026,-0.735917806625366,0.0277996251022773,0.0653808005448775,0.134940028438965,0.244850675637523,-0.869859207877195,-0.611098831880275
YML092C,3.11558389663696,0.490456432104111,0.372441904734917,0.0517932100531353,2.43302154541016,3.9113974571228,0.386145954804765,0.592331949080451
YML088W,0.390949010848999,-0.409797251224518,0.0368477783179872,0.0408156064848043,0.32482967103521,0.470057614147663,-0.48834430773487,-0.327848908295798
YML087C,0.0419639945030212,-1.43417489528656,0.021313908797619,0.231889885247257,0.0113469700794667,0.0945576282838979,-1.94512221019161,-1.02430366991123
YML086C,1.59296977519989,0.201308265328407,0.102625451708124,0.0279567375772639,1.39824934999148,1.811544957757,0.145584617922719,0.258049082655965
YML082W,0.266157686710358,-0.577663779258728,0.0301863586997853,0.0494585914663999,0.211101197451353,0.327817902465661,-0.675509321130014,-0.484367334503013
YML081W,0.123362317681313,-0.911329030990601,0.0132770405437599,0.0467592738057848,0.0990808740879099,0.150613255177935,-1.00401017286878,-0.822136852721998
YML080W,0.365363389253616,-0.440922349691391,0.0473763555984506,0.0563941187176641,0.279651722808679,0.46473927423358,-0.553382502724445,-0.332790625466769
YML075C,0.404418259859085,-0.394298911094666,0.0291948409291239,0.0313452409247522,0.349870203932126,0.464316712319851,-0.456093047286526,-0.333185684339771
YML070W,1.68289005756378,0.225294142961502,0.0995916790296544,0.0257378368000626,1.49395877122879,1.88131322562695,0.174338609277872,0.27446110724959
YML069W,1.58369088172913,0.198815107345581,0.0994935858680277,0.0272682992455788,1.39480912089348,1.7929881632328,0.144514752046591,0.25357741864888
YML067C,1.02714848518372,0.00935513060539961,0.105113570534899,0.0445656386406369,0.830562744041284,1.24506312807401,-0.0806275615901253,0.0951913718030097
YML064C,0.371452033519745,-0.447342932224274,0.104606855168381,0.123799884746797,0.199339062472184,0.6068200190862,-0.700407619321019,-0.21694185454123
YML060W,0.326091796159744,-0.491760700941086,0.0499633477772668,0.0667737894431672,0.23741802573204,0.432447401682536,-0.624486310744674,-0.364066708790634
YML057W,0.521504342556,-0.284423649311066,0.0459386948305237,0.0382381006873339,0.434747584909201,0.616447979708513,-0.361762847063555,-0.21010356923155
YML054C,0.0105638923123479,-2.03384113311768,0.00536190609930312,0.232276125496357,0.0029033978372657,0.0236278734014679,-2.53709350287457,-1.62657691608028
YML051W,0.0936372652649879,-1.04123270511627,0.0225722338776985,0.105815146416232,0.0550305461511016,0.143964790428678,-1.25939617701016,-0.841744158763913
YML050W,0.0628922507166862,-1.23870146274567,0.02583185115022,0.184043718393364,0.0242374415043741,0.120928100806971,-1.61551353169055,-0.917472782907458
YML048W,2.45866131782532,0.38965979218483,0.169741611669532,0.0300833837212925,2.13004339138667,2.79551100730896,0.328388446261296,0.446461206630152
YML046W,0.194627851247787,-0.714477121829987,0.0252943161012726,0.0567469010888134,0.148002050196131,0.246371433138847,-0.829732269336022,-0.608409650198364
YML042W,0.0142083019018173,-1.88842344284058,0.00612665677053119,0.193945017081628,0.00503006624057889,0.0289718535573532,-2.29842629571376,-1.53802376549312
YML037C,0.0730325654149055,-1.16168904304504,0.0245866504550816,0.151149205176349,0.0326193467713892,0.127736902733644,-1.48652474243071,-0.893683637219181
YML035C,0.746649265289307,-0.127839297056198,0.049515102015063,0.0288322985640206,0.652341718475024,0.84680846730868,-0.185524846719027,-0.0722148113827489
YML034W,0.275669574737549,-0.561610817909241,0.0264476083923861,0.0417285421886043,0.22661136649549,0.33090305502216,-0.644718319673348,-0.480299223325001
YML032C,0.276963502168655,-0.561548233032227,0.0373481391328513,0.0589508598522102,0.207907319068909,0.355998377750317,-0.682130221706099,-0.448552002086456
YML027W,0.404150098562241,-0.397579550743103,0.055900475330248,0.0598658282685576,0.306526053696871,0.524696314831575,-0.513532613063792,-0.280091987623854
YML025C,0.505229711532593,-0.303248047828674,0.0892075633002117,0.076701930381609,0.350977909316619,0.700572680930296,-0.454720321086735,-0.154546835675092
YML023C,0.0610590651631355,-1.22787749767303,0.0152628573716232,0.109730020871226,0.0358271684808036,0.0952202971403797,-1.44578751466623,-1.02127053534096
YML021C,0.499200731515884,-0.305841535329819,0.0686073471845617,0.0600182971833684,0.373263003428777,0.642614520092805,-0.427985059155052,-0.192049466522528
YML020W,0.109699778258801,-0.965714275836945,0.0180953589626426,0.0720179088157564,0.0778027607128024,0.149170613413056,-1.10900505160736,-0.82631673812977
YML019W,0.689515709877014,-0.16531078517437,0.0918104942851223,0.058003652950106,0.526583850383759,0.877191678682963,-0.278532464251537,-0.0569055123220871
YML017W,0.642889142036438,-0.193421348929405,0.0546165968863434,0.0367620869319055,0.542263666788737,0.757602403064568,-0.265789535586171,-0.120558715558864
YML016C,0.352253466844559,-0.455137550830841,0.0337204738667702,0.0416745283053976,0.288853611300389,0.423227380216122,-0.539322222945605,-0.373426258004987
YML015C,0.175684243440628,-0.766735374927521,0.0403944934628624,0.100540484186031,0.107137043649952,0.266179203987122,-0.970060372401458,-0.574825878036547
YML014W,0.647156000137329,-0.195798486471176,0.114560354341724,0.0772053713708151,0.44001390337944,0.895263380308946,-0.356533608897812,-0.048049185093647
YML010W,1.52699410915375,0.183279469609261,0.0772706886036281,0.0220480512811969,1.37555404404799,1.67670962611834,0.138477657689496,0.224457849164302
YML007W,0.630360722541809,-0.201859816908836,0.0515384546661559,0.0354896521710271,0.536245667437712,0.731911550958951,-0.270636203966235,-0.135541399128946
YML006C,0.159410133957863,-0.801158010959625,0.0206999245736274,0.056673340557081,0.120598232125243,0.203533981864651,-0.918659058799385,-0.691363073175753
YML004C,3.23814821243286,0.508842587471008,0.265017530090887,0.0355938492332746,2.74274073441823,3.75911025007566,0.438184753061574,0.575085051810572
YML003W,0.0285254456102848,-1.6449943780899,0.019076058786486,0.314223519606316,0.00470183092402294,0.0769838780785596,-2.32773433842224,-1.11360675927256
YML002W,0.0127325570210814,-1.93650484085083,0.00554162674908969,0.195122025117673,0.00446176355471835,0.0258090121671557,-2.35049626908778,-1.58822871996178
YMR001C,0.41880801320076,-0.379586338996887,0.0359711380761534,0.0373416832028741,0.350679929554462,0.49414515842994,-0.455089091361404,-0.30614546215053
YMR005W,0.500703752040863,-0.30370169878006,0.0615061629733243,0.0535399620031245,0.387417814632257,0.631466597815354,-0.411820424855504,-0.199649838985897
YMR010W,0.310821145772934,-0.512625753879547,0.0478660478854727,0.0669655110042733,0.22457880054911,0.411689617236455,-0.648631243318588,-0.385430098580458
YMR014W,0.55430006980896,-0.258193910121918,0.0523418502676388,0.0411008293273718,0.453227656086286,0.660926225781441,-0.343683603721639,-0.179847016287583
YMR015C,1.64833509922028,0.216097369790077,0.108909985062299,0.0287499143360121,1.43558172384898,1.86349617640177,0.157027917571113,0.270328505274969
YMR017W,0.0199335590004921,-1.77327573299408,0.0112437145496741,0.265247539592445,0.00452494425311064,0.0469642968537907,-2.3443867675595,-1.32823221705919
YMR021C,0.218813180923462,-0.666902303695679,0.0391398825689246,0.0782761482567421,0.149476329113046,0.30206490556399,-0.825427583528133,-0.51989972891053
YMR023C,0.0265488494187593,-1.60935688018799,0.0104057148812247,0.174063656929801,0.0102886487729847,0.0509878141805529,-1.98764167997326,-1.29253365427366
YMR026C,0.109276428818703,-0.975323557853699,0.0274645942838204,0.110851346061894,0.0612564893749853,0.169601804887255,-1.21284797965946,-0.770569615471346
YMR027W,1.01577746868134,0.00519623048603535,0.0872506551572787,0.0373411532121651,0.855909010271231,1.19277344842752,-0.0675724052161723,0.0765579615335181
YMR028W,0.206859156489372,-0.693457782268524,0.0423525536871895,0.0896159736594992,0.132648444920778,0.298703007896741,-0.877297906442377,-0.524760404136406
YMR029C,0.430213958024979,-0.368792414665222,0.0459666455511322,0.0464592266575996,0.3470814379553,0.527345069249471,-0.459568628690957,-0.277905121065524
YMR032W,0.234195336699486,-0.633470356464386,0.0277806181534761,0.0515212600325978,0.184425063431263,0.292322594175736,-0.73418007643177,-0.534137626478839
YMR033W,0.673880934715271,-0.173525035381317,0.0664405418659137,0.0428405211171548,0.55032062381506,0.811204756299654,-0.259384213641714,-0.0908695329391856
YMR034C,0.0179040059447289,-1.81310427188873,0.00974676949393522,0.249640332721483,0.00438626419830446,0.0426284469353655,-2.35790775138677,-1.3703010739926
YMR036C,0.139626935124397,-0.861289918422699,0.0236579306864792,0.0740596295255194,0.0963695232445995,0.191915286456545,-1.01606037284547,-0.716890456436034
YMR038C,2.35691571235657,0.368497610092163,0.313757880119517,0.0579400954925404,1.78144913117091,3.00153351426124,0.25077342550509,0.47734318351307
YMR039C,0.698594450950623,-0.160630792379379,0.104491358602213,0.0651227241134917,0.505660831928253,0.91970745374759,-0.296140685157683,-0.036350297198269
YMR043W,0.537921071052551,-0.276281654834747,0.0967430331077608,0.0782164068737895,0.370295552909374,0.744111529489358,-0.431451511626221,-0.128361966385558
YMR044W,0.469267427921295,-0.331059277057648,0.0501622055579179,0.0464857324634421,0.376718447605769,0.573475580910842,-0.423983121476635,-0.241485070573298
YMR047C,0.52048659324646,-0.284675002098083,0.0368922541926898,0.0306836340641119,0.452431682000558,0.598683830102285,-0.344446992160532,-0.222802471609995
YMR048W,0.267253488302231,-0.582931578159332,0.0567364190923709,0.0933019391555598,0.168762477238973,0.388302630682786,-0.772725000122129,-0.41082966751876
YMR049C,1.4027134180069,0.146288618445396,0.0783773964547079,0.0243350108147802,1.24918910264969,1.55538222889105,0.0966281866099229,0.191837123901586
YMR053C,0.00901942420750856,-2.08874464035034,0.00406888273654729,0.200453679907594,0.00310082077824821,0.0186027524992824,-2.50852366357227,-1.73042279548191
YMR055C,0.104564048349857,-1.00461626052856,0.0342829727512179,0.147957427045789,0.04634487858663,0.179666815325618,-1.33399831699312,-0.745532140485179
YMR056C,0.033895168453455,-1.53232729434967,0.0181038442827354,0.242424479798495,0.00890728435479105,0.0792842913419006,-2.05025475358818,-1.10081496203951
YMR058W,5.07839441299438,0.705195605754852,0.251605570405434,0.02149944968649,4.60773086945216,5.59742962121963,0.663487104592064,0.747988636070685
YMR061W,0.319457471370697,-0.497647523880005,0.0310027513297931,0.0424566010039126,0.259647800773382,0.382996044059594,-0.585615401556879,-0.416805722718809
YMR062C,1.82680630683899,0.260703980922699,0.123298633453404,0.0293202217774928,1.59561488926411,2.08137764930725,0.202928061078934,0.318350852943321
YMR063W,0.0556026175618172,-1.36207759380341,0.0384808221506874,0.32124196087022,0.00917295494582504,0.154766783118248,-2.03749143296389,-0.810322244276016
YMR064W,0.0837549343705177,-1.08720648288727,0.0180598985060163,0.0950103078993916,0.0516481065501769,0.123323619365692,-1.28694559538396,-0.908953737858262
YMR065W,0.0100109754130244,-2.0814414024353,0.00611167124412566,0.279495542067597,0.00207091072613063,0.025062795728445,-2.68383870356476,-1.6009704879761
YMR066W,0.0700970962643623,-1.1600489616394,0.0114001441162725,0.0708963111421962,0.0498766407681008,0.0940816819046934,-1.30210280913658,-1.02649494356276
YMR067C,0.634183883666992,-0.200005814433098,0.0640860094279065,0.0439944614966035,0.516707360744476,0.766696929931641,-0.286755351676829,-0.115376275776525
YMR068W,0.0327385328710079,-1.51962780952454,0.0130248580116726,0.177317392180235,0.0128125008195639,0.0636588408922156,-1.89236609382011,-1.1961412743593
YMR075W,0.182943418622017,-0.741195917129517,0.0232209430600846,0.0554059321857778,0.139379517361522,0.231701200827956,-0.855801046598058,-0.635071719523057
YMR078C,0.168194189667702,-0.777280926704407,0.0201358447373149,0.0518426874001858,0.133022462949157,0.21147431222101,-0.876075015440728,-0.674742385526692
YMR080C,0.683751821517944,-0.165911123156548,0.0417267413178365,0.0265402226697698,0.605926863352458,0.766911506652832,-0.217579796083879,-0.115254746076579
YMR081C,0.0190006773918867,-1.81023383140564,0.0121651844152017,0.293157249844233,0.00343158657002884,0.0495466240371267,-2.46450950754962,-1.30498593625399
YMR083W,4.83806371688843,0.683745861053467,0.316118615888825,0.028388078978311,4.23862776358922,5.46527098417282,0.62722527320804,0.737611699640187
YMR087W,0.107887208461761,-0.995077073574066,0.0386344358167769,0.15899224156406,0.0471397869909803,0.196331413462758,-1.32661238718217,-0.707010225425577
YMR089C,0.397993147373199,-0.401591122150421,0.0327331630458532,0.0357085055584294,0.337715665251017,0.465096291402976,-0.47144881051232,-0.332457147267756
YMR090W,0.106806091964245,-1.0505176782608,0.0638469198714834,0.275215268951298,0.0214868285072347,0.265314077337583,-1.66782819615869,-0.576239767510165
YMR091C,1.24436664581299,0.0935633704066277,0.0993110546519433,0.0347480369799642,1.05805128117402,1.4449887206157,0.0245067171742952,0.159864452344958
YMR092C,1.51484167575836,0.1795464605093,0.09318927127938,0.0267081337258068,1.3383470316728,1.70650056997935,0.126568737267167,0.232106437573487
YMR096W,0.0702031031250954,-1.19095015525818,0.0287451864588068,0.185067430753252,0.0260629126802087,0.136480447525779,-1.58397705484912,-0.864929622041045
YMR097C,0.164047077298164,-0.7953782081604,0.035715150769435,0.0954652574434147,0.101640252831082,0.240340488652388,-0.992934289429409,-0.619173179629562
YMR101C,0.0183671023696661,-1.81936860084534,0.0111174121117822,0.285728311886252,0.00341523646105391,0.0455015839387973,-2.46659302136759,-1.34197348533487
YMR105C,0.0728695094585419,-1.14737689495087,0.0154460483927384,0.0937974978367024,0.0446633994579315,0.105838174807529,-1.35004822462252,-0.975357666019668
YMR108W,7.37363195419312,0.86721670627594,0.340372386931449,0.0200791510631036,6.71079434553782,8.04762091636658,0.826773889945506,0.905667510495461
YMR110C,0.470913141965866,-0.329301625490189,0.0478189074751281,0.0442021783662985,0.382785324752331,0.5713831782341,-0.417044727119076,-0.243072549580936
YMR119W,0.208854243159294,-0.683627486228943,0.0263986642475838,0.0550258125955448,0.16117645278573,0.262736837317546,-0.79269841079666,-0.580479032201283
YMR120C,2.30802512168884,0.362552046775818,0.129966873558516,0.024453886453668,2.06592582265536,2.56235623757044,0.315114723939766,0.408639506140347
YMR125W,1.17651903629303,0.0699253231287003,0.0655236530259475,0.024214680247071,1.04926051398118,1.30975884596507,0.0208833293915306,0.117191340306246
YMR126C,0.0924760848283768,-1.05521869659424,0.0286285057185591,0.13813729740653,0.0450098309665918,0.15643530053397,-1.34669261813918,-0.805665245828053
YMR127C,0.123651161789894,-0.925408005714417,0.0350787414367053,0.125123365442039,0.0657513550793131,0.20261327487727,-1.1820953187923,-0.693332132579031
YMR130W,0.598722875118256,-0.228392511606216,0.096149745381465,0.0701406385207593,0.424278272936742,0.797074377536774,-0.372349208877319,-0.098501151318239
YMR131C,1.77840662002563,0.249085739254951,0.117410257339624,0.028664929805193,1.55742962857087,2.02147540251414,0.192408427033316,0.305668459992669
YMR133W,0.00826502684503794,-2.2123064994812,0.00624243067896882,0.359854999586693,0.00103737923394268,0.0240660663694143,-2.98406259821337,-1.61859488993544
YMR134W,0.365898430347443,-0.460248231887817,0.120158242753548,0.145338625764051,0.169163232172529,0.632704687615236,-0.771694049231904,-0.19879895575418
YMR135C,0.169785544276237,-0.777635753154755,0.0316764118474282,0.0811951408509211,0.114314269460738,0.240611448014776,-0.94189958313289,-0.618683734354062
YMR136W,0.162093728780746,-0.795904934406281,0.0260766912656037,0.0705729073117427,0.1142169540748,0.218544892221689,-0.94226949045711,-0.66045940297375
YMR139W,0.231746584177017,-0.64284747838974,0.043887517594578,0.0832106300336146,0.153090719506145,0.326011228064696,-0.815051185405656,-0.486767442262372
YMR140W,0.270299673080444,-0.572485029697418,0.0382241620170195,0.0614523344307927,0.200872105484207,0.353105042874813,-0.697080368261241,-0.452096089209882
YMR145C,1.7976701259613,0.25386917591095,0.111902890638056,0.0270575172854649,1.58608220318953,2.02687524954478,0.200325689377479,0.306827002831456
YMR146C,4.96011972427368,0.694374442100525,0.355772664029771,0.0311809023609331,4.30038585265477,5.67559872070948,0.633507359829431,0.754011679174441
YMR149W,2.14818143844604,0.329463183879852,0.235509866682424,0.047679037856474,1.71505692303181,2.64721978108088,0.234278526602378,0.422789997365233
YMR152W,0.881156146526337,-0.0575755797326565,0.0970456873093714,0.0478372722813626,0.70199976315101,1.08932787676652,-0.153663034478373,0.0371585885972695
YMR155W,0.154023841023445,-0.818471848964691,0.025722874493495,0.0728402393582152,0.108594103095432,0.208774583538373,-0.964193771030575,-0.680322373992149
YMR156C,0.111578784883022,-1.01289343833923,0.058093472452537,0.238633989114838,0.0296179294275741,0.255152463912964,-1.52844553844543,-0.593200233490333
YMR160W,0.0659452006220818,-1.18819344043732,0.0121285046616167,0.0804692781069935,0.0447824050051471,0.0917007002358635,-1.34889260067759,-1.03762735495189
YMR163C,0.0586487352848053,-1.24178099632263,0.0125472027147129,0.0941386560970201,0.0367765704790751,0.0850782270853718,-1.43442894827605,-1.0701815689162
YMR167W,0.129468977451324,-0.89195704460144,0.0178283899706099,0.0599933595633517,0.0968869942550858,0.1665884518375,-1.01373521880098,-0.778355108386166
YMR177W,0.112296335399151,-0.95835018157959,0.0224554583874069,0.0875797655341573,0.0723565088585019,0.16223588536183,-1.14052239643468,-0.789853112336926
YMR178W,1.06055986881256,0.0210685674101114,0.152328215320532,0.0624175682957432,0.789630914727847,1.38929768701394,-0.102575857265811,0.142795286092295
YMR180C,0.0798875540494919,-1.12579882144928,0.02854764374478,0.160237134884595,0.0332833179583152,0.144132943451405,-1.47777361150168,-0.841236783080718
YMR183C,2.54684042930603,0.403961688280106,0.247334885200405,0.0421387048612888,2.09236489137014,3.06266302863757,0.320637381039406,0.48609920503154
YMR185W,0.149554014205933,-0.828253328800201,0.0176659919505069,0.051680642304427,0.11630107636253,0.186774960160255,-0.934416478656615,-0.728681368625914
YMR187C,0.0911178886890411,-1.05608463287354,0.0244520345077563,0.117949033978023,0.0507063834307094,0.145587813109159,-1.29493750447156,-0.836874977789913
YMR188C,0.528695821762085,-0.293237030506134,0.145881352579676,0.120479564354522,0.290030388534069,0.849637300769488,-0.537556593713485,-0.0707664561495303
YMR191W,0.488998293876648,-0.314663976430893,0.0662959775032306,0.0588109461238817,0.371823126326005,0.635781444609165,-0.429663604279621,-0.196692165663227
YMR192W,0.186541885137558,-0.732629120349884,0.023254260615967,0.0546473820027474,0.143212917322914,0.234079405665398,-0.844017819273978,-0.630636793904025
YMR193W,0.381877869367599,-0.431157469749451,0.0934842336163607,0.107651958283142,0.222914628684521,0.588422306378682,-0.651861440570752,-0.230310885110666
YMR196W,0.10044688731432,-1.00183367729187,0.0132493393076512,0.057336903408271,0.0767438213030497,0.128112260003885,-1.11495658209552,-0.892409308679077
YMR199W,0.346065998077393,-0.463727444410324,0.0399556104403882,0.0501492075194649,0.272555264085531,0.430195630838474,-0.564545425882875,-0.366334004811038
YMR200W,1.2194916009903,0.0805096924304962,0.198073376344008,0.070230094648757,0.881868719557921,1.64227791130543,-0.0545960725047814,0.215446588640317
YMR201C,0.172141969203949,-0.774043560028076,0.036701972976333,0.0935764195918495,0.108401009005805,0.249576582759619,-0.964966678690397,-0.602796209734535
YMR204C,0.0932401269674301,-1.04427671432495,0.0233659571245924,0.111288707849079,0.0529129679004351,0.143514489258329,-1.27643790782535,-0.843104250995172
YMR208W,0.888797640800476,-0.053023736923933,0.0815922708001062,0.0398534464373989,0.738770368695259,1.0550394743681,-0.131490532353669,0.0232687090747419
YMR209C,0.293476432561874,-0.536558091640472,0.0406064043675789,0.0599623447743886,0.222676283741991,0.381206810474396,-0.652326045905453,-0.418839349048853
YMR210W,0.156800627708435,-0.812255799770355,0.0292386648927593,0.0817881057450823,0.10472562884291,0.218244722609718,-0.979947091565213,-0.661056401184115
YMR211W,0.109831258654594,-0.968998312950134,0.0232018480326814,0.0925527407052704,0.0691816518704096,0.160778951272368,-1.16000909661924,-0.793770814751272
YMR212C,0.497791260480881,-0.304345935583115,0.0398632440141638,0.0348284793436124,0.421741165220737,0.578638310730457,-0.374954007695441,-0.237592815975256
YMR213W,0.147271782159805,-0.836114764213562,0.0206219718651387,0.0606968487406312,0.109261505305767,0.192868494739135,-0.961532820465361,-0.714738709069009
YMR215W,1.80120074748993,0.254647433757782,0.117050305166156,0.0282181621969639,1.58823290069898,2.03403421243032,0.200914187999952,0.308358253469268
YMR216C,0.389326989650726,-0.411254048347473,0.0330641692870055,0.0369556436275168,0.326806075125933,0.457539338121812,-0.485709879292369,-0.339571562433145
YMR220W,0.657938122749329,-0.183735325932503,0.0618892665903926,0.0408909085115051,0.543262913823128,0.782662897308667,-0.264989943303151,-0.106425260318164
YMR221C,0.688177883625031,-0.163945436477661,0.0598781907835631,0.0378525826249773,0.575069123009841,0.809769622981548,-0.240279963885462,-0.0916385796536949
YMR223W,0.245920285582542,-0.613746345043182,0.0355992748420373,0.0629412897166081,0.182520929227273,0.323008248706659,-0.738687406718969,-0.490786400125583
YMR224C,0.0963105261325836,-1.0224517583847,0.0161131801024066,0.0733845566835003,0.0665011906375488,0.130026817942659,-1.17717065272426,-0.885967077680994
YMR226C,5.13679885864258,0.708768665790558,0.484114576903684,0.0409198021990084,4.24116992950439,6.14344284534454,0.62748567353672,0.788411749996179
YMR227C,0.188240215182304,-0.728983700275421,0.0244743092569288,0.056864055252494,0.142823688313365,0.239233082408706,-0.845199940780863,-0.62117876402958
YMR228W,0.284775793552399,-0.552515208721161,0.0510414203306177,0.0785580879653416,0.193712349360188,0.394900947809219,-0.712842768686524,-0.403511823903821
YMR232W,0.00677148811519146,-2.24188637733459,0.00391450141775036,0.261652026994451,0.00155806602075851,0.0164966978908827,-2.8074141874125,-1.78260315746494
YMR234W,0.188557952642441,-0.733813762664795,0.0388070065913415,0.0903007917256066,0.119734181339542,0.27275752350688,-0.921781855030041,-0.564223264807112
YMR237W,0.989300310611725,-0.00556414946913719,0.0633801682027723,0.0278686128265996,0.867162610590458,1.12042237420877,-0.0618994561519562,0.0493817718500354
YMR238W,0.694977462291718,-0.16000685095787,0.0663156276730653,0.0414974965026571,0.570231485366821,0.83687196324269,-0.243948835170518,-0.0773409837319929
YMR239C,0.33696711063385,-0.475689977407455,0.0413658538833929,0.0534728821901487,0.261464258780082,0.423245459794998,-0.582587669243601,-0.373407691923232
YMR240C,0.0892822369933128,-1.06180620193481,0.021348240173395,0.105548735594427,0.0518556419759989,0.135172609363993,-1.28520400006388,-0.869111302547593
YMR241W,2.81169152259827,0.447440832853317,0.235889169024838,0.0364015946998369,2.37393029928207,3.29772727290789,0.37546778571511,0.518214735858322
YMR251W,0.0166049841791391,-1.86857056617737,0.0107354385405332,0.289733674567824,0.00318312602272878,0.0445956457716723,-2.49714734090471,-1.35070771300144
YMR253C,0.149303197860718,-0.834971785545349,0.0305468904865328,0.08899840947569,0.0965776517987251,0.217369931067029,-1.01512335829842,-0.662800797555918
YMR257C,0.0180245228111744,-1.77215158939362,0.00642932963356702,0.158992130268471,0.00778252692349876,0.0330267783875267,-2.10887937416693,-1.48113381782521
YMR261C,0.784732460975647,-0.106064468622208,0.0472483321547071,0.0261400414829687,0.697489493091901,0.881414732833703,-0.156462330171564,-0.0548196946304774
YMR262W,0.237609326839447,-0.635585308074951,0.0544901847471319,0.100480635623699,0.143938406060139,0.360797037432591,-0.84182337003272,-0.442737185902098
YMR267W,0.406621694564819,-0.397207826375961,0.0699543740225133,0.0747632986611649,0.285406706730525,0.560052449007829,-0.544535825691154,-0.251771328750352
YMR270C,0.146165609359741,-0.84631222486496,0.0330070657053103,0.0992923581801555,0.0893401114270091,0.218135371804237,-1.04895352652792,-0.661273905563753
YMR271C,0.0413637235760689,-1.55226743221283,0.0366539346941604,0.413361531844827,0.00346533842578841,0.139622700090209,-2.4602580118944,-0.855045372615298
YMR272C,1.01797354221344,0.00573248649016023,0.0979401467287617,0.0417373417631206,0.839475834866365,1.22093839049339,-0.0759918034732841,0.0866936995372437
YMR273C,0.123173281550407,-0.912816405296326,0.0152796821606005,0.0539038077955299,0.0951689886550109,0.155262127394478,-1.02150455447738,-0.808934469628533
YMR274C,0.141194671392441,-0.869027614593506,0.0415695624786577,0.129223519805738,0.0732940509915352,0.235024361560742,-1.13493127401368,-0.628887632849724
YMR276W,4.36872100830078,0.639378666877747,0.293110749481881,0.0291191422005551,3.82163350780805,4.97513978878657,0.582249036054888,0.696805287704679
YMR279C,0.0163198951631784,-1.84047496318817,0.00804274120458791,0.222778964107054,0.00473619874489183,0.0354895540823539,-2.32457008646682,-1.44989950106252
YMR280C,0.00744968187063932,-2.16360592842102,0.00300568870266285,0.180194202504852,0.00293046336931487,0.0142148682692399,-2.53306380367072,-1.8472572190258
YMR281W,0.278592973947525,-0.566111087799072,0.0629463647757055,0.0987176954796341,0.170857752983769,0.417816365510225,-0.767365331447941,-0.379014696518992
YMR283C,0.111948609352112,-0.959682703018188,0.0223836840090424,0.0874368210673133,0.0727258469288548,0.161546811461449,-1.13831121302205,-0.791701610818056
YMR285C,0.34073680639267,-0.470667243003845,0.0405123263421923,0.0519515115265087,0.265595333029826,0.422448157767455,-0.575779560884806,-0.37422658041513
YMR287C,0.0716454833745956,-1.1509040594101,0.0119417743769622,0.0732451406519304,0.0502556392302116,0.0966613329326113,-1.29881520895656,-1.01474727078451
YMR289W,0.231392815709114,-0.6438809633255,0.0450247307503467,0.0849762606778948,0.152178750062982,0.330046545465787,-0.817645989461271,-0.48142481518298
YMR291W,0.370609194040298,-0.43370532989502,0.0406441327120862,0.0478351915342763,0.293911058704058,0.452381911377112,-0.531784074689591,-0.344494790119387
YMR293C,0.0783271715044975,-1.11981606483459,0.0195544819944879,0.110480351533542,0.0441928115983804,0.121914699114859,-1.35464903571724,-0.913944203159337
YMR294W,0.0852535963058472,-1.08712410926819,0.0242578191822461,0.126257317432476,0.0450663936634858,0.138341208050648,-1.34614743343056,-0.859048593969519
YMR296C,1.15983140468597,0.0632801204919815,0.0830830849829061,0.031145267706864,1.00543572505315,1.32476295332114,0.00235430638231324,0.122138166201336
YMR299C,0.196688920259476,-0.719046890735626,0.0478466065428917,0.106354950688835,0.113275416940451,0.304150020331144,-0.945864382894825,-0.516912151861502
YMR300C,1.32844698429108,0.122236855328083,0.0950058918462296,0.0310283114025339,1.14751341839631,1.52812271614869,0.0597577718967164,0.184158230203004
YMR301C,0.308481186628342,-0.513076841831207,0.0317407185278911,0.0448406303712949,0.250209480524063,0.373622382680575,-0.601696238762177,-0.427567115872197
YMR306W,0.00475406786426902,-2.36741542816162,0.002160213162713,0.201555395740427,0.00158070769296804,0.00986521861050278,-2.8011485626996,-2.00589329708839
YMR307W,11.7041635513306,1.06784605979919,0.557499032939192,0.0207020960070748,10.6364109277725,12.8232583363851,1.02679509746385,1.10799839025392
YMR308C,1.17926490306854,0.0709865540266037,0.0632213192475192,0.0233252664356932,1.05855133235455,1.30597916245461,0.0247119223676989,0.115936246657758
YMR312W,0.496231019496918,-0.313232064247131,0.100902572876428,0.0883451655562562,0.325847904384136,0.722374549508095,-0.486985157217663,-0.141237583690737
YMR313C,0.241186186671257,-0.620725870132446,0.0287263239046474,0.0518010718923817,0.188754839201768,0.299329753965139,-0.724101907684663,-0.523850118044946
YMR314W,2.25870013237,0.347920447587967,0.375394415067183,0.0719031056102471,1.60786233842373,3.08196640014648,0.206248860478478,0.488827899693719
YMR315W,1.46369194984436,0.163473039865494,0.139820406473204,0.0414581720031142,1.20454096794128,1.75771972239017,0.0808215754827761,0.244949614362338
YMR316W,0.106627881526947,-0.991885423660278,0.0321120735470808,0.132819617305112,0.0541526120776931,0.181310772895813,-1.26638064111607,-0.741576390773719
YMR317W,0.019913287833333,-1.71646010875702,0.0052935730436434,0.117962472161246,0.0107836725035061,0.0314400407175223,-1.96723331020808,-1.50251690110679
YMR319C,0.5023313164711,-0.301060438156128,0.0488509935232728,0.0422533833241344,0.41191220531861,0.603681159516175,-0.385195339990628,-0.219192390925335
YNL327W,2.34520649909973,0.369691044092178,0.111248862342429,0.0206247956871349,2.12752153078715,2.57281883358955,0.327873914572727,0.410409162895846
YNL326C,0.167925819754601,-0.787877321243286,0.0407769576413537,0.107555284887359,0.0955926419546207,0.256155823171139,-1.01957798585303,-0.591495783567867
YNL322C,2.79189348220825,0.444288432598114,0.240752684478707,0.0374130696786077,2.33493010600408,3.29941656589508,0.368273865049622,0.518437147094188
YNL320W,0.34061861038208,-0.477583587169647,0.0723118795108221,0.093261524020486,0.210365032653014,0.500018127262592,-0.677026472837928,-0.301014250891769
YNL317W,0.212880104780197,-0.677192211151123,0.0332518195963236,0.0683316072197763,0.152699092278878,0.282068179547787,-0.816163560215945,-0.549645904368283
YNL316C,0.312709629535675,-0.511813342571259,0.0559060583577781,0.0781017775592245,0.211628389234344,0.431634429097175,-0.674426073734951,-0.36488394065112
YNL314W,0.161862730979919,-0.817876875400543,0.0568647390321425,0.156131317841584,0.0703605159496268,0.294010966767867,-1.15267116017325,-0.531636469879966
YNL309W,0.197921767830849,-0.709750890731812,0.0334559084870344,0.0740653856485893,0.137283915529648,0.268997015307347,-0.862380407199657,-0.570252548496105
YNL308C,1.10303318500519,0.0416366122663021,0.0730204914507207,0.0287636045960379,0.964410084486008,1.2516282270352,-0.0157382652263006,0.097475348373879
YNL307C,1.47717905044556,0.167891070246696,0.124441426200852,0.0366376775702947,1.24213676253955,1.73127748767535,0.0941694136328907,0.238366677117067
YNL299W,0.204676270484924,-0.692103028297424,0.0247602746156189,0.0525456513027841,0.160572655126452,0.257375893741846,-0.794328421275791,-0.589432144550927
YNL295W,0.183370500802994,-0.741546213626862,0.027419020729737,0.0653436828566872,0.133687093853951,0.238908798620105,-0.873910517484162,-0.621767855642652
YNL293W,0.134722858667374,-0.875073611736298,0.0193792673451984,0.0628612071888465,0.0991632722318172,0.176697603240609,-1.00364918504234,-0.752769370640207
YNL292W,0.677763164043427,-0.171146839857101,0.0687503532920777,0.0439669674924311,0.554247276981672,0.822594706714153,-0.256296435355414,-0.084814116081633
YNL290W,0.882833123207092,-0.0568703599274158,0.0994617125001779,0.0489047712530577,0.705443246165911,1.09447833200296,-0.15153792006547,0.0392071585751184
YNL289W,0.62280935049057,-0.211724102497101,0.10419375146968,0.0729195673683493,0.439166859040658,0.838893450796604,-0.357370561005836,-0.0762932054801725
YNL288W,0.443820595741272,-0.356735557317734,0.0599572151811783,0.0585613757341593,0.339642175287008,0.571483799815178,-0.468978408649912,-0.242996082228079
YNL287W,2.37685656547546,0.375554710626602,0.107989070914975,0.0197715041674299,2.16446751554807,2.59274251461029,0.335351072200161,0.413759386555429
YNL286W,0.192609786987305,-0.731311619281769,0.0521888396917781,0.119002860575091,0.103979188886782,0.310133454948664,-0.983053586089438,-0.508451394194587
YNL283C,0.248000949621201,-0.609453141689301,0.0334208951841448,0.0582425180198097,0.18859811425209,0.321261927733819,-0.724462654005974,-0.49314074524252
YNL280C,1.04959154129028,0.0194773506373167,0.0885893071791366,0.0366202004641622,0.888246660431226,1.23187492191792,-0.0514664166724794,0.0905666111424763
YNL279W,0.0153271118178964,-1.85241723060608,0.0063248221345622,0.18658630949195,0.00552590224736681,0.0302019511039058,-2.25759681012008,-1.51996506469461
YNL277W,0.0688868686556816,-1.17453348636627,0.0166392844459371,0.105620385589759,0.0404321293967466,0.105628446675837,-1.39327339544793,-0.976219110256989
YNL275W,0.115107409656048,-0.945204496383667,0.0195649675557923,0.0744217149048805,0.0797890096902847,0.155955613777041,-1.0980571363517,-0.806999020070252
YNL274C,0.153551548719406,-0.824865818023682,0.0345927500378894,0.0992263695276701,0.0930889507755637,0.228914258504907,-1.03110186696551,-0.640327158496666
YNL273W,0.0897580906748772,-1.05049765110016,0.0114514263808941,0.0559404313595391,0.0685370010634263,0.113235710499187,-1.16407495751584,-0.946016614994044
YNL272C,0.228166863322258,-0.644213736057281,0.0243673354257813,0.0462943034886962,0.183951621005932,0.279216693590085,-0.735296384369637,-0.554058620090027
YNL264C,0.496551305055618,-0.308224707841873,0.0691978698489176,0.0603599354265914,0.374778130402168,0.642241688569387,-0.426225767456486,-0.192301507580373
YNL263C,1.11129009723663,0.04305774345994,0.12600927150056,0.0490401219666333,0.882478368282318,1.38939571380615,-0.0542959515605042,0.142825954770661
YNL258C,0.255400002002716,-0.595043480396271,0.026030680206561,0.0444483784821541,0.206099576503038,0.309411115944386,-0.685922906050829,-0.509464089454503
YNL257C,0.0991871133446693,-1.00721037387848,0.0128883170099104,0.0565441683245027,0.0757811278725664,0.125364333639542,-1.12043893562859,-0.901826013810481
YNL256W,0.385457724332809,-0.415430307388306,0.0309996542390982,0.0350069411985957,0.326940208673477,0.44976509436965,-0.48553166451854,-0.347014259027699
YNL251C,0.762873768806458,-0.11886277794838,0.0594211845781639,0.0338283275533211,0.65056560387214,0.885425658027331,-0.186708903076474,-0.0528478989175745
YNL250W,0.0674367696046829,-1.17526066303253,0.00933239899635165,0.0602003804189383,0.050371657901754,0.0873476384207606,-1.29781378686109,-1.05874883565719
YNL248C,2.1219117641449,0.32558861374855,0.153523480600191,0.0314509517043916,1.8327792574962,2.43484547336896,0.263110159954738,0.386471403866868
YNL247W,2.18738460540771,0.339322060346603,0.115427707680959,0.0229097468208679,1.96883079210917,2.4240392545859,0.294208392929451,0.384539648363428
YNL246W,0.454657316207886,-0.352309972047806,0.0977800585798228,0.0935884912379503,0.289015053709348,0.672851096093655,-0.539079595955459,-0.172081039457192
YNL243W,1.3709055185318,0.136287525296211,0.078911588507116,0.0250421286894862,1.22025813162327,1.52868104974429,0.0864517079585894,0.184316881704665
YNL241C,3.04888916015625,0.483368664979935,0.18166242489179,0.0259431623815248,2.70225547949473,3.41990159948667,0.431726405836167,0.534013610061591
YNL240C,0.459706097841263,-0.340268909931183,0.0517616180604337,0.048946256788298,0.364171117544174,0.56702735821406,-0.438694501123715,-0.24639602235057
YNL239W,1.0795533657074,0.0317375808954239,0.0897007716723541,0.0362557738608862,0.908365100125472,1.2607640226682,-0.0417395600393645,0.10063380706867
YNL238W,0.314419597387314,-0.504524350166321,0.0304143131253371,0.042106406544251,0.257803526520729,0.376900229603052,-0.588711146191091,-0.423773623975987
YNL237W,0.0510418638586998,-1.31603288650513,0.0169610466418759,0.146265272948782,0.0242532063741237,0.0896132611359159,-1.61523086987906,-1.04762775086562
YNL234W,0.0691717639565468,-1.17783713340759,0.0196714709858637,0.126042770020986,0.0357031061314046,0.111771351285279,-1.447294143972,-0.951669498653881
YNL233W,0.23902939260006,-0.623706519603729,0.0238264317770782,0.043361336109557,0.194555016855399,0.290307869762182,-0.710957566544495,-0.537141227674239
YNL231C,1.07144403457642,0.0277121588587761,0.10916631237942,0.0443777293848437,0.864418064554532,1.30008554955324,-0.0632761861343244,0.113971930508524
YNL227C,0.256259143352509,-0.594405472278595,0.0305264259863662,0.0518612210985892,0.200271749248107,0.320064699153105,-0.698380308877302,-0.494762328244173
YNL224C,0.259049445390701,-0.58886057138443,0.0263088030265182,0.0442230481537361,0.210040845349431,0.313970469186703,-0.677696247202773,-0.503111213803676
YNL223W,0.0546933524310589,-1.28028726577759,0.0156549347663056,0.127908588445832,0.0283154866037269,0.0891111771265665,-1.54797597540732,-1.05006783592454
YNL221C,0.238989308476448,-0.624042630195618,0.025191054612786,0.0459592902799233,0.19364957511425,0.289430282016595,-0.71298345156062,-0.538456034804063
YNL219C,0.524488866329193,-0.28235200047493,0.0513879135874466,0.0426812633249327,0.42546871304512,0.628176520268122,-0.371132370365379,-0.201918300583886
YNL218W,0.125106573104858,-0.909207403659821,0.0216446749793521,0.0753147211330979,0.087315111172696,0.171914527192712,-1.05891059177584,-0.764687428716235
YNL217W,0.910229504108429,-0.0441261120140553,0.112257785954812,0.0533636068457468,0.709222682813803,1.15221960643927,-0.149217415398694,0.0615352457234288
YNL216W,0.742207944393158,-0.130471393465996,0.0503710099604525,0.0294408469369703,0.651416036983331,0.84589892377456,-0.186141554361297,-0.0726815348833262
YNL215W,0.542754292488098,-0.270191371440887,0.0805754367506803,0.0647488262641323,0.396553248167038,0.716176961859067,-0.401698488466333,-0.144979654292921
YNL207W,1.00633692741394,0.000950673362240195,0.0915528157551722,0.0394791009460693,0.840649313728015,1.19362039665381,-0.0753851494455983,0.0768662313754037
YNL206C,0.370922654867172,-0.434233158826828,0.0472273941929157,0.0553596437648501,0.284478839983543,0.468781977891922,-0.545950055447631,-0.329029092921151
YNL202W,0.0384258069097996,-1.48588860034943,0.0217137936480842,0.258904255115142,0.00893899283061425,0.0915504612028598,-2.04871201400579,-1.03833962664794
YNL200C,0.200368240475655,-0.728640794754028,0.0741646280716191,0.166860707149551,0.0809125641360879,0.37023994003733,-1.0919841420191,-0.43151673319999
YNL197C,0.613988995552063,-0.213232904672623,0.0492425946915277,0.0348150865836918,0.522908741235733,0.716608643531799,-0.28157412187215,-0.144717957800489
YNL195C,0.133501976728439,-0.909694135189056,0.0531020065643749,0.179769932456137,0.0504471375917395,0.257003578543663,-1.29716393701695,-0.590060829693664
YNL193W,0.16278700530529,-0.793677270412445,0.0253408062471138,0.0681739164678889,0.115763733225564,0.214881761496266,-0.936427480813471,-0.667800501486422
YNL191W,0.26488596200943,-0.584671497344971,0.0496671896373501,0.0825859372576796,0.174570977687836,0.367644857615232,-0.75802795580622,-0.434571529344254
YNL189W,3.09182071685791,0.489504724740982,0.176555818456635,0.0248184145468029,2.75866640408834,3.44915580749512,0.440699185611453,0.537712812957486
YNL188W,0.0743855684995651,-1.14473080635071,0.0202994476046,0.119901354646308,0.0406893393645684,0.120315980911255,-1.39051941797659,-0.919676695063933
YNL187W,0.0110399685800076,-2.08802485466003,0.00862838480806328,0.360245914013819,0.00124111561647927,0.0335617414986093,-2.90618820606712,-1.47415660689643
YNL183C,0.213167652487755,-0.673855006694794,0.0232001432737054,0.0474348903341514,0.170650478949149,0.260992573946714,-0.767892490448614,-0.583371914901255
YNL182C,0.614047706127167,-0.213453412055969,0.0536393425349518,0.0379591383856065,0.512776280442874,0.724643584092458,-0.29007207228053,-0.139875578889318
YNL180C,0.45343080163002,-0.348163098096848,0.0664938391125269,0.0639169054719838,0.332377414156993,0.59352861593167,-0.47836851559712,-0.226558418002516
YNL178W,59.6786613464355,1.77404749393463,5.40776173177331,0.0392467652856952,49.8698824882507,71.2352247873942,1.69783833395905,1.85269474707268
YNL177C,0.476321876049042,-0.327477902173996,0.0748036794121447,0.0686429171920827,0.339784309267998,0.633139454821745,-0.468796680086748,-0.198500628429592
YNL175C,1.58104145526886,0.197649627923965,0.121920104116964,0.0335609321478882,1.35152912139893,1.82543956240018,0.130825407879067,0.261367454477216
YNL173C,0.653220534324646,-0.187717422842979,0.0736715953291665,0.0492686805563949,0.517757992446423,0.807126998901367,-0.285873190623108,-0.0930581250268553
YNL168C,0.990653991699219,-0.00948455091565847,0.156131639950997,0.0688047681292342,0.70739354689916,1.32413311501344,-0.150339293834243,0.121931645305258
YNL167C,0.167978346347809,-0.778664767742157,0.0224589367680319,0.0586271488845871,0.125934306656321,0.214821708202362,-0.899855944542517,-0.667921837041225
YNL166C,0.694351553916931,-0.160232096910477,0.0635736236896002,0.0396644964957035,0.57461298207442,0.829360902309418,-0.240624604246608,-0.0812564419783933
YNL164C,0.284961998462677,-0.551740407943726,0.0493822720195871,0.0756456864699944,0.197626246636113,0.387836744636297,-0.704156191007112,-0.411351088957052
YNL163C,0.545417845249176,-0.264092236757278,0.033536575978286,0.0267302737739685,0.482161500801643,0.613551493485768,-0.31680746977194,-0.212148996294825
YNL160W,0.0533351004123688,-1.30365371704102,0.0201016398122878,0.165505905788622,0.0225794491978983,0.101410552859306,-1.64628674601052,-0.993916849636815
YNL159C,0.238983660936356,-0.633725762367249,0.056244016534405,0.103352179237156,0.141341240331531,0.36095482930541,-0.849731103656038,-0.442547144053111
YNL155W,1.05260741710663,0.0180167853832245,0.147241188672974,0.0609082313697778,0.788131658236186,1.36315446098645,-0.103401227224725,0.134545059701692
YNL152W,0.163767531514168,-0.793824851512909,0.0313911862152291,0.0842194510848283,0.107073770215114,0.231052869930863,-0.970317154623636,-0.636288646777616
YNL151C,0.490459799766541,-0.319691866636276,0.107018863525101,0.0949921424417603,0.310593674828609,0.726028417547544,-0.50780746019483,-0.139046380327976
YNL148C,0.245537206530571,-0.628303587436676,0.0712510687032659,0.128000902053981,0.128984470541279,0.40252970457077,-0.889462594519112,-0.395202215757818
YNL144C,0.0128742326050997,-1.92671406269073,0.00523854352379494,0.182208271478322,0.00470604561269283,0.0248503498422603,-2.32734388433297,-1.60466752759342
YNL142W,0.0392448455095291,-1.43066656589508,0.0130557622414358,0.148262730407681,0.0182854001875967,0.0685770458852251,-1.73789553093554,-1.16382147576872
YNL141W,1.27081215381622,0.102094888687134,0.121489512620089,0.0415792762583701,1.04340946674347,1.51285649140676,0.0184547727120215,0.179797717740628
YNL138W,2.54875087738037,0.405618369579315,0.145709979021384,0.0248533636736768,2.27024682164192,2.83604265848796,0.356073075796429,0.45271275801217
YNL137C,0.499276995658875,-0.303730130195618,0.0487962427956422,0.0424605575025131,0.409432981411616,0.599319725235303,-0.387817204019259,-0.222341447940344
YNL136W,0.166502520442009,-0.785067498683929,0.0286862982071496,0.0755173857767972,0.114863264374435,0.226814960191647,-0.939818916802222,-0.644328372108054
YNL134C,0.645178258419037,-0.193032816052437,0.0721646034529769,0.0485993150264382,0.512192130088806,0.796281220515569,-0.290567098818121,-0.0989335279158782
YNL129W,0.632857024669647,-0.210260525345802,0.146430399805211,0.100853813278067,0.382755898932616,0.967113715410232,-0.417078295521946,-0.0145224682964676
YNL128W,0.017222948372364,-1.82482028007507,0.00902249290917095,0.239391779859277,0.00452038715205466,0.0387934141481916,-2.34482485752863,-1.4112419971493
YNL126W,0.146833389997482,-0.836416184902191,0.0179097798163875,0.0532303200899734,0.113302649433414,0.184117676690221,-0.945759936294593,-0.734904513953845
YNL125C,0.138471812009811,-0.86339396238327,0.0205115381614565,0.0644148655246257,0.102665588694314,0.182541746770342,-0.988575098218833,-0.738637808489568
YNL123W,1.1285263299942,0.0518422834575176,0.0626036373322071,0.0241465756823356,1.0052472025156,1.25441059172153,0.00227287286213357,0.0984397097466455
YNL121C,2.33995127677917,0.368551582098007,0.128569241907952,0.0238583622074512,2.09786697626114,2.60357470115026,0.321777943638487,0.415570007082465
YNL119W,0.328169703483582,-0.487130761146545,0.0399440606524667,0.0531185295217664,0.255052106082439,0.413787239789963,-0.593371156213683,-0.383222907556966
YNL118C,0.618803024291992,-0.209384381771088,0.0405635485310619,0.0285552460349052,0.539977014064789,0.702067676683267,-0.267624726986834,-0.153621023253283
YNL108C,0.990962624549866,-0.0084335096180439,0.143075714850052,0.0624974462613278,0.741283130149047,1.30007177889347,-0.130015892027392,0.11396732959584
YNL107W,0.396394908428192,-0.428218692541122,0.137461809251498,0.15400129085006,0.177814271176855,0.716677709420522,-0.750033446168832,-0.14467611200002
YNL103W,0.260436415672302,-0.586840391159058,0.0281699707689663,0.0470947068858563,0.207972992459933,0.318057607859373,-0.681993199189237,-0.497494211762839
YNL102W,0.38565993309021,-0.41469594836235,0.0248032179438439,0.0280014931527314,0.337751080344121,0.434471099575361,-0.471403263748689,-0.362039106949349
YNL101W,0.19364957511425,-0.716511011123657,0.0246415565973934,0.0555101156461613,0.148108170554042,0.245041012763977,-0.829420984799548,-0.610761221241894
YNL100W,0.414703369140625,-0.403063148260117,0.1285892620555,0.135911225651707,0.206593095262845,0.713589421411355,-0.684886167686723,-0.146551598328261
YNL092W,0.0143736628815532,-1.93400859832764,0.0091947340917047,0.29945774692837,0.00254472300487881,0.0370188910203675,-2.59435971809232,-1.43157722199532
YNL088W,0.484106600284576,-0.315927028656006,0.0305837409922534,0.027512342471457,0.424301851540804,0.544677138328552,-0.372325076776359,-0.263860852937116
YNL087W,0.621221363544464,-0.207555323839188,0.0377467499999342,0.0264130498134332,0.548340737819672,0.696025788784027,-0.260949487924527,-0.157374668838995
YNL084C,1.29776775836945,0.111191689968109,0.12497200875995,0.041742056701301,1.07027890185515,1.55284936626752,0.0294967994875657,0.19112932876174
YNL082W,0.198019504547119,-0.705885648727417,0.0216366683122089,0.0475360726957734,0.158202372243007,0.24206041842699,-0.800787041628069,-0.616076220323565
YNL080C,0.153278648853302,-0.826392889022827,0.0358042453784976,0.1022675689326,0.0923114537571867,0.230862424274285,-1.03474441523364,-0.636647175184245
YNL078W,0.323892384767532,-0.494183361530304,0.0470629539911124,0.0632542495169331,0.239773373181621,0.424437090257803,-0.620199148465734,-0.372186747611697
YNL077W,0.143064022064209,-0.851589858531952,0.0258987953123919,0.0789726584542485,0.0976202481115858,0.198711037635803,-1.01046012125965,-0.701778011106105
YNL075W,1.1416699886322,0.0540828630328178,0.144666653433107,0.0548121509071932,0.880453586578369,1.44720875024795,-0.0552935330802197,0.160531170449355
YNL074C,0.710916936397552,-0.150315314531326,0.0706716609726405,0.0430564797567787,0.581579485038916,0.858588584264119,-0.235390922734468,-0.0662148903606879
YNL073W,0.115937650203705,-0.943103432655334,0.0213078130820301,0.0801254196764136,0.0785724037637313,0.161403693134586,-1.10472997751009,-0.792086533760212
YNL072W,0.561200022697449,-0.256665080785751,0.0916436621218777,0.0710831175702943,0.398411388198535,0.755468028783798,-0.399668316850414,-0.121783910171013
YNL068C,0.184780612587929,-0.736165285110474,0.0210670295880761,0.0495876017608697,0.145784546310703,0.228451832259695,-0.836288520950904,-0.641205354425201
YNL064C,10.7043495178223,1.02889347076416,0.592433297672091,0.0240770407287287,9.54342420101166,11.8917163530986,0.979704228437507,1.07524454165269
YNL063W,0.0948594287037849,-1.05085742473602,0.0338442469622677,0.158926206158983,0.0402356800933679,0.173699874430895,-1.39538866825844,-0.760200500726173
YNL062C,0.911406457424164,-0.0419134870171547,0.0791143036223802,0.0375606955883904,0.767653943101565,1.07428743044535,-0.114834515751557,0.031120493396576
YNL061W,1.63786256313324,0.213423684239388,0.102644103607566,0.0272446373068278,1.44000541269779,1.8446494380633,0.158364112027126,0.265913843722041
YNL059C,0.460510730743408,-0.338289439678192,0.0386769234247157,0.0364830929619747,0.388086061179638,0.541413787007332,-0.411071958125422,-0.26647073333003
YNL053W,0.138199299573898,-0.866959095001221,0.0255962025001682,0.0809612683750773,0.0931706827133894,0.19484695494175,-1.03072072369671,-0.710306392359151
YNL051W,0.198760002851486,-0.708657801151276,0.0357049110548081,0.0781596464580593,0.136514934897423,0.276287287473679,-0.864819878580564,-0.558639097374644
YNL050C,0.347834914922714,-0.469648987054825,0.078613367139876,0.0983485904580597,0.214557334780693,0.519538540144761,-0.668457383024446,-0.284382245378793
YNL048W,0.290261536836624,-0.540418684482574,0.0352865691259505,0.0528899124300357,0.227053165435791,0.363734185695648,-0.643872439053858,-0.439215879695154
YNL047C,0.0952169001102448,-1.02800619602203,0.0166303712509457,0.0770205905156766,0.0647106387342016,0.128914888078968,-1.18902437644869,-0.889696926110687
YNL042W,0.0438485816121101,-1.38890302181244,0.0162513652142639,0.168299786805022,0.0168323367834091,0.0810649553934732,-1.77385570994652,-1.09116740695246
YNL040W,0.189133673906326,-0.729585409164429,0.0322687530329077,0.0746892427945404,0.130778659755985,0.258331799258788,-0.883463153868588,-0.587822135559042
YNL039W,0.264563530683517,-0.580424964427948,0.030811607120426,0.0508175339734572,0.207636579871178,0.328303113331397,-0.682696133338157,-0.483725001310625
YNL038W,0.104384586215019,-1.06368362903595,0.0652571081764906,0.280479554735932,0.0195135512234022,0.266839317729076,-1.7096701662694,-0.573750196687117
YNL037C,2.81289958953857,0.447874367237091,0.216304107343936,0.0333367020440203,2.41445697148641,3.25624920725822,0.382819469618606,0.512717634899594
YNL035C,0.594348609447479,-0.228779301047325,0.0675801724746648,0.0496471029720534,0.465825827916463,0.733543591698011,-0.331776451563157,-0.134574084378525
YNL029C,0.0323485396802425,-1.51856517791748,0.0115440756651103,0.161035415806512,0.0136580194424217,0.0589304734331865,-1.86461227674898,-1.22966046569254
YNL027W,0.241535618901253,-0.619863033294678,0.0276811214388375,0.04976503111711,0.19136882883807,0.299277076373498,-0.718128801810037,-0.523926550286436
YNL026W,0.289873600006104,-0.541599690914154,0.038436665521069,0.0576336360340972,0.220577389001846,0.371208161115646,-0.656439008373698,-0.430382484262094
YNL025C,0.0705985501408577,-1.18274545669556,0.0264562222823725,0.170064510024802,0.0284060986867795,0.129905908058087,-1.54658962447442,-0.88637110393093
YNL024C,0.0962012410163879,-1.07546412944794,0.0497582022327787,0.234125990513683,0.0259426960876832,0.219441473484039,-1.58598491531146,-0.658681289235832
YNL020C,0.110239095985889,-0.963421702384949,0.0179508490971294,0.0709562797359588,0.0781869947289427,0.147710795328021,-1.10686547951401,-0.830587769611266
YNL012W,0.0180781520903111,-1.77643120288849,0.00708229162909042,0.174664947661087,0.00716715552068005,0.0346048199571669,-2.14465343449118,-1.46086342505274
YNL011C,0.110130846500397,-0.967146396636963,0.0223729129522504,0.0894162226858046,0.0693449068193634,0.160346374412378,-1.15898589653134,-0.794940864048964
YNL009W,0.0377838313579559,-1.45231544971466,0.0138193025073368,0.163301491053161,0.0161417542180667,0.0692961303517222,-1.79204932474778,-1.15929101716767
YNL008C,0.196892842650414,-0.709142744541168,0.0245705157254128,0.054186587537191,0.153140559792519,0.24970521616439,-0.81490977025138,-0.602572388869292
YNL007C,5.20459175109863,0.715486943721771,0.334957734473571,0.0279451641221329,4.57782944440842,5.86905567646027,0.660659608187111,0.768568228231868
YNL006W,0.371098071336746,-0.437824130058289,0.068029777352993,0.080053985841866,0.252208528667688,0.515918321410814,-0.598240275417856,-0.287419290178757
YNL005C,0.635594189167023,-0.199606761336327,0.0720746216093125,0.0492568458988663,0.503832399845123,0.788217563430468,-0.297713907855157,-0.103353901102418
YNL003C,0.110260315239429,-0.98404198884964,0.0381751116919617,0.154380666941518,0.0482709743082523,0.196274727582932,-1.31631393583408,-0.707135616741629
YNL001W,0.667197108268738,-0.178198903799057,0.0707700596946682,0.0462687649065597,0.535115937391917,0.809955738981565,-0.271552114213984,-0.091538720835332
YNR001C,1.72585427761078,0.236079171299934,0.112708241565647,0.028359344115582,1.51332101722558,1.95232721368472,0.179931048234506,0.290552600068526
YNR002C,0.0189444739371538,-1.86471402645111,0.0151581780346264,0.379129776452599,0.00198047693702392,0.0572294852385918,-2.70323024299019,-1.24238028250459
YNR003C,0.515934109687805,-0.292650461196899,0.0804695674475102,0.0675740603233353,0.375966240465641,0.686925104260445,-0.424851150580875,-0.163090615869947
YNR007C,0.344343721866608,-0.470737546682358,0.0649650466167564,0.0823226815438794,0.229470322156946,0.484702706336975,-0.639273479227262,-0.314524555387756
YNR008W,0.526950240135193,-0.279739022254944,0.0438939788132989,0.036243931564515,0.445589147259792,0.617675548791885,-0.351065462778476,-0.209239590547611
YNR009W,0.353953421115875,-0.466480702161789,0.0941291829828701,0.116904931334773,0.198139533400536,0.566332995891571,-0.703028864063824,-0.246928153327103
YNR011C,0.139697656035423,-0.857823431491852,0.0164811451400832,0.0511934260494204,0.110011238604784,0.174011811614037,-0.958562947553385,-0.759421271575467
YNR012W,0.400270015001297,-0.400232017040253,0.0437574437207948,0.0474256125018957,0.319471979637941,0.49562935406963,-0.495567257492045,-0.304843003129507
YNR015W,0.524511694908142,-0.283811569213867,0.0672714792532955,0.0557664632031483,0.401876800010602,0.666058029234409,-0.395907067356353,-0.176487933713039
YNR016C,3.64049172401428,0.560823559761047,0.143190304223354,0.0171324029689589,3.36406967441241,3.9136709233125,0.526864981783732,0.592584305422284
YNR021W,2.4022114276886,0.379558920860291,0.167370601684935,0.0302492754789479,2.09597769379616,2.73894855976105,0.321386652535633,0.437583875815085
YNR026C,0.473942577838898,-0.326864808797836,0.0515823065220668,0.047590856849134,0.37713079303503,0.579840444028378,-0.423508047438007,-0.236691495786146
YNR029C,0.347915023565292,-0.462238818407059,0.045412273767794,0.0569676442176306,0.264853593707085,0.441793712476889,-0.576994134982846,-0.354780490521516
YNR030W,0.609613656997681,-0.216728761792183,0.0551416747419445,0.0394605856158318,0.505271225174268,0.719084267318249,-0.296475440847824,-0.14322021391037
YNR032W,0.169118344783783,-0.782331943511963,0.0371228604534055,0.0963314073549457,0.104422055246929,0.249305597692728,-0.981207765883761,-0.60326805024023
YNR034W,0.351075083017349,-0.46166729927063,0.0631519637908992,0.0787799176794228,0.237544465561708,0.482047252853711,-0.624255385830172,-0.31691058323808
YNR035C,2.14771342277527,0.3303382396698,0.186125415522929,0.0377987586128062,1.79611427287261,2.52396720846494,0.254333963904835,0.402083697204926
YNR038W,0.594798624515533,-0.227023467421532,0.0476637848971189,0.0348464992880825,0.503457846740882,0.692566820482413,-0.298036888405158,-0.159538322058734
YNR039C,0.198122709989548,-0.706734120845795,0.0256994600476761,0.0566170803824151,0.151220366234581,0.25142993008097,-0.820389714774789,-0.599583025733055
YNR040W,0.235715702176094,-0.650147795677185,0.0751455935300853,0.14237027498992,0.112270194167892,0.407186987251043,-0.949735549009838,-0.390206122134146
YNR043W,3.17169404029846,0.500282347202301,0.216471608479668,0.0296031774719389,2.77497731844584,3.60895886023839,0.443259436372571,0.55738192844984
YNR048W,0.108249314129353,-0.979516804218292,0.0272886517271561,0.111185170294782,0.0617467722234627,0.168723651642601,-1.20938582223909,-0.77282412199172
YNR050C,2.82448220252991,0.450108826160431,0.174605730517967,0.0268936936397641,2.49702322284381,3.18228968779246,0.397422490383289,0.502739711226951
YNR051C,0.604147553443909,-0.220691040158272,0.0554713124368369,0.0399673797172697,0.500542097787062,0.716266572475433,-0.300559392990808,-0.144925316506064
YNR052C,0.530265748500824,-0.278497964143753,0.0622188626480663,0.051076555380972,0.41684268762668,0.656234920024872,-0.380027868137765,-0.18294066335777
YNR053C,1.847691655159,0.265627831220627,0.125650968370433,0.0295047537450739,1.61176180839539,2.10702752868334,0.207300860705492,0.323670208815404
YNR057C,0.0600470528006554,-1.33428335189819,0.044379075108373,0.330219813978615,0.00847955892483393,0.174017780770858,-2.07162673760534,-0.759406385587342
YNR058W,0.00704975286498666,-2.27092552185059,0.00519464588039565,0.342949324907149,0.000928461022946673,0.0205239293010284,-3.03223639820644,-1.68774116694361
YNR059W,0.0335720926523209,-1.49784350395203,0.0110688672031696,0.146335952588124,0.0154173497576267,0.0594323393888771,-1.81199029788456,-1.22597717724432
YNR060W,0.0113098723813891,-1.99776446819305,0.00548445322202652,0.217857609720143,0.00337810277706012,0.0250530659221113,-2.47132739567823,-1.60113924858114
YNR062C,0.0297469850629568,-1.60125374794006,0.0175121355194904,0.265068593414578,0.00694851925751815,0.0735106193770964,-2.15810777471462,-1.13365003278141
YNR063W,0.0768607333302498,-1.12461841106415,0.0167365520236726,0.0952983929794184,0.0482244117806355,0.113264814329644,-1.31673319187986,-0.945905015072681
YNR064C,0.052766028791666,-1.33625710010529,0.0270995803781303,0.23437982395294,0.0142990290109689,0.118843131884932,-1.84469397906351,-0.925025984144341
YNR067C,1.37082695960999,0.136418476700783,0.0699183922704781,0.0221695869964265,1.23806287447611,1.5136776437362,0.0927427006961322,0.18003339163576
YNR069C,0.0103019792586565,-2.0682098865509,0.00625040591540429,0.277654701855432,0.0021031680846742,0.025810680926467,-2.67712648812391,-1.58820057301493
YNR070W,0.00345011753961444,-2.5336172580719,0.00192875414095247,0.262632979474683,0.000739027438006209,0.00800080723129212,-3.1313396407356,-2.09686630574418
YNR074C,0.214381009340286,-0.676590800285339,0.040501001425952,0.0826620304884326,0.143105067312717,0.304012477149566,-0.844345102115178,-0.517108926219525
YNR075W,0.0499382875859737,-1.33563685417175,0.0196148231739198,0.176611196714589,0.0195028153869013,0.0952792449543873,-1.70990285568183,-1.02100170904616
YOL164W,0.0209024865180254,-1.71131348609924,0.00786935479058381,0.169397251288085,0.00856788717210293,0.0388929622247814,-2.06712626259184,-1.41012954760603
YOL158C,0.669921457767487,-0.175580620765686,0.0575914264730046,0.037362660117702,0.561026984453201,0.785217497249444,-0.251016272468924,-0.105010037642057
YOL154W,0.0463503822684288,-1.44235289096832,0.0328201034654336,0.325714029837346,0.00684036292368546,0.132509162897865,-2.16492231943569,-0.877754358826435
YOL152W,0.250602304935455,-0.604275763034821,0.0308076850012359,0.0532517703508087,0.19597758303086,0.314612694332997,-0.70779360297627,-0.50222375967535
YOL151W,1.38690173625946,0.139808759093285,0.141285576623128,0.0440620712397222,1.13094978531202,1.69104956388473,0.0534433204584929,0.228156314327262
YOL149W,0.6230748295784,-0.222271338105202,0.173908209836804,0.121937927940191,0.336211735755205,1.01725844244162,-0.473387221486187,0.00743129613038011
YOL147C,0.789908587932587,-0.115814916789532,0.19674849949559,0.108569903122399,0.461277271558841,1.22801705598831,-0.336037945021816,0.0892043820128253
YOL144W,0.342676311731339,-0.468440920114517,0.0425021771068815,0.0538115945384311,0.266886168221633,0.429870913674434,-0.573673940044491,-0.366661939579897
YOL136C,0.275720030069351,-0.565388858318329,0.0451866309054678,0.0716562352286522,0.1945983586212,0.372362022350232,-0.710860936890864,-0.429034642689236
YOL132W,0.0107769323512912,-2.05304718017578,0.00664897903370072,0.28878662760557,0.00202409845660441,0.0268819110157589,-2.69377079918943,-1.57054012115562
YOL126C,0.904233396053314,-0.045989815145731,0.0925707812152927,0.0444381706270015,0.731616216897965,1.09168258110682,-0.13571667980986,0.0380963739752523
YOL125W,0.189961150288582,-0.727087199687958,0.0309416686561499,0.0708963998128668,0.135335046177109,0.254945861299833,-0.868589725878508,-0.593552033826629
YOL123W,2.24789428710938,0.350970834493637,0.136708177430214,0.0264873767659542,1.98301496605078,2.51997828483582,0.297325991837567,0.401396798394
YOL119C,0.617970168590546,-0.211175173521042,0.0613698745870128,0.0432029513334885,0.505691687266032,0.74433261603117,-0.29611418687719,-0.128232952145973
YOL117W,0.0346313714981079,-1.47932326793671,0.0100753549913212,0.129953823898177,0.0176362270644555,0.0573644541514416,-1.75359432048937,-1.24135714921024
YOL116W,0.294310986995697,-0.536750316619873,0.0471599777434424,0.0696562567518769,0.212592619905869,0.394755240281423,-0.672451816236809,-0.403672096653102
YOL113W,0.0281427521258593,-1.57280719280243,0.00890806999545638,0.141319862870709,0.0131261572241783,0.0478559762239456,-1.8818623980995,-1.32006383125484
YOL112W,0.0799529999494553,-1.10965764522552,0.019123453684068,0.105128649437911,0.0466727130425473,0.122500122773151,-1.33093695324416,-0.911863502849696
YOL110W,0.0891408324241638,-1.10867524147034,0.0462683447214291,0.235886239489564,0.0215901513894399,0.208712888384858,-1.66574529266803,-0.680451895604511
YOL102C,0.417187690734863,-0.400786578655243,0.130691356402728,0.136552362011152,0.209035465742151,0.717346589267253,-0.679780033760486,-0.144271010186614
YOL101C,0.150599330663681,-0.838242948055267,0.041135637928032,0.118896202384724,0.0837057070806622,0.244326287383834,-1.07724522740643,-0.612029805804677
YOL100W,0.0734660550951958,-1.13795256614685,0.0100195766842056,0.0594150031220355,0.0549227688151101,0.0948882794628541,-1.26024758404208,-1.02278742905161
YOL097C,3.12996029853821,0.494731992483139,0.190667273180407,0.0265004567236134,2.75832244356473,3.5203863064448,0.440645031597771,0.546590322547938
YOL096C,0.288633108139038,-0.548280894756317,0.0574597494921869,0.0870234813296243,0.188293312986692,0.413132601976395,-0.725165106294232,-0.383910552425089
YOL095C,0.0815264135599136,-1.09506940841675,0.0139421710782273,0.0747139154640696,0.0567592117935419,0.11147959921509,-1.24596364473884,-0.952804601343886
YOL094C,0.467742174863815,-0.335036844015121,0.071345489849175,0.0663540578948067,0.338217109441757,0.619576975206534,-0.470804426459757,-0.20790474172574
YOL093W,0.791169404983521,-0.10624922811985,0.114484171513548,0.0627330480782021,0.58788751065731,1.03990798195203,-0.230705771624404,0.0169949050071844
YOL091W,0.00734554883092642,-2.20906662940979,0.00423324867972797,0.26932783329025,0.00159888586495072,0.0179393582356472,-2.79618253687368,-1.74619383015742
YOL090W,0.615691721439362,-0.21156108379364,0.0401550523160934,0.0283569733746266,0.539811846613884,0.698224818209807,-0.267757589754327,-0.156004796871586
YOL084W,0.00470102904364467,-2.39723372459412,0.00262118899559798,0.257146683602492,0.00110170075301236,0.0110810806043446,-2.95793664532633,-1.95541790470321
YOL083W,0.0443043857812881,-1.38013696670532,0.0153372392988834,0.155381243246569,0.0191924194029222,0.0784134395420551,-1.71687161477438,-1.10560952713695
YOL082W,0.145335540175438,-0.846504092216492,0.0293600831050453,0.088303673584399,0.0940023809671402,0.208682815482219,-1.02686114610461,-0.680513312775585
YOL080C,0.366290956735611,-0.445527046918869,0.0757795955536351,0.09078426568641,0.232817134757837,0.532990079621473,-0.632985222681036,-0.273281058385622
YOL077C,2.67059874534607,0.424594432115555,0.256823071639825,0.0419211882478302,2.19013237158457,3.17127077976863,0.340470351949784,0.501233318735414
YOL076W,0.554667949676514,-0.25713524222374,0.0406907804750823,0.0318549195405404,0.478161431352297,0.638287497560183,-0.320425457565115,-0.194983723709359
YOL073C,0.21821103990078,-0.67222261428833,0.0491488911790151,0.0990161904386147,0.134464949369431,0.323383149256309,-0.871390907328855,-0.490282622290172
YOL072W,0.117326878011227,-0.940057158470154,0.0244007670439829,0.0913168602531646,0.0758005511636535,0.16957167784373,-1.12032763719106,-0.770646683148883
YOL070C,0.578471601009369,-0.239616766571999,0.0539982157221753,0.0406991279450742,0.477529882391294,0.687296822170416,-0.32099945312862,-0.162855665487856
YOL068C,0.118094421923161,-0.935247361660004,0.0219338664085055,0.0809116163667638,0.0795907900979122,0.166622579097748,-1.09913724163468,-0.77826614750833
YOL066C,0.229116261005402,-0.643391072750092,0.0289029096915843,0.0547829289247067,0.17606263384223,0.290209488819043,-0.754333094000629,-0.537288418582579
YOL065C,0.33640918135643,-0.478086143732071,0.050779819468376,0.0658258500868478,0.246958007042607,0.442881782352924,-0.607376908853368,-0.353712184103199
YOL064C,1.55542755126953,0.190219715237617,0.135124171865856,0.0376143882726027,1.31187237699827,1.83436449468136,0.117891578393312,0.263485630677834
YOL061W,1.96745133399963,0.292984694242477,0.128210952468694,0.0282344441232273,1.72549102604389,2.23236155509949,0.236912701759357,0.348764534650966
YOL060C,0.271481662988663,-0.568739950656891,0.029008977660173,0.046509832836063,0.218844937905669,0.331824411451817,-0.659863497173061,-0.479091667458942
YOL058W,0.816939115524292,-0.0896709263324738,0.0756389332331726,0.0402240072591031,0.680051829914252,0.971801695724328,-0.16745798652031,-0.0124223477630021
YOL057W,0.653077125549316,-0.186237081885338,0.0485777108057302,0.0323265810244487,0.56187059978644,0.751711941758792,-0.250363693000093,-0.123948551067706
YOL056W,0.411057949066162,-0.392995536327362,0.0731525858530167,0.0777984410247278,0.280429348349571,0.566234417756398,-0.552176546666919,-0.247003736526835
YOL053W,0.144099935889244,-0.851953685283661,0.0316213691951543,0.0969358431962278,0.0884092628955841,0.210635362317165,-1.0535022642172,-0.676468728920593
YOL052C,0.887457013130188,-0.0541561208665371,0.0915445909057294,0.044751304754291,0.720414150257905,1.08029145399729,-0.142417768973523,0.0335409346248709
YOL049W,0.995126187801361,-0.00351429055444896,0.0796923416200228,0.0348382465251125,0.84415644009908,1.15738250613213,-0.0735770684974334,0.0634769133541784
YOL047C,0.0179874077439308,-1.83633482456207,0.0115053217337636,0.299174450914292,0.00304410746127057,0.0467965995582441,-2.51654003363247,-1.32978576639217
YOL043C,0.0348801054060459,-1.49973773956299,0.015193042254568,0.197656847836039,0.012191561392198,0.0716281515235702,-1.9139410271112,-1.14491628275668
YOL041C,1.34699749946594,0.128025054931641,0.105837869219216,0.0341681597207039,1.15074507991473,1.56289374828339,0.0609791266114758,0.19392945396114
YOL038W,3.09749937057495,0.487866103649139,0.37477878164959,0.0522316908369225,2.42755303184191,3.92811038891474,0.385168726194741,0.594183683945078
YOL034W,0.0814972296357155,-1.09325516223907,0.0116217943589407,0.0619142359361115,0.0611616155753533,0.105380989611149,-1.21352105884265,-0.977237727374132
YOL033W,0.0935995131731033,-1.03897666931152,0.0203142568855501,0.0949996031498777,0.0581046711032589,0.136947467923164,-1.23578900718172,-0.863445993181203
YOL031C,0.391809523105621,-0.410880625247955,0.0528393490918265,0.0587875835733278,0.294566551844279,0.505355253815651,-0.530816571261576,-0.296403244225887
YOL030W,2.74583101272583,0.437857091426849,0.168375526281906,0.0266634939448439,2.42839312553406,3.08846307595571,0.385318994771307,0.489742406242045
YOL025W,0.118311949074268,-0.932707607746124,0.0191867350213607,0.0709300341227398,0.0829839258765181,0.158559472858906,-1.08100610419276,-0.799807818129665
YOL022C,0.655765354633331,-0.185975149273872,0.0736369683284374,0.0486620797714704,0.520841248830159,0.814088682333628,-0.283294628728311,-0.0893283257935826
YOL019W,0.332635372877121,-0.480835735797882,0.0377414896750881,0.0494823355454723,0.263433435062567,0.410757636278868,-0.57932912998784,-0.386414354001701
YOL017W,0.107588551938534,-0.973919451236725,0.0173648061541308,0.0706077905064759,0.0763550124441584,0.144531396155556,-1.11716246444369,-0.84003796118411
YOL016C,0.384608924388885,-0.418353915214539,0.047919784298488,0.0542585246064794,0.297408977895975,0.484566090007623,-0.526645944154322,-0.314646981461206
YOL015W,0.00810413807630539,-2.17390608787537,0.004878127935441,0.283894910717147,0.00160085872727601,0.0203462229575961,-2.7956472552744,-1.69151892050741
YOL013C,0.170354083180428,-0.774025857448578,0.026757136131008,0.06864883582105,0.122184134336809,0.226336403315266,-0.912985189846472,-0.645245852917881
YOL010W,0.648648083209991,-0.191177770495415,0.0787250334610221,0.0526668394283556,0.506320571899414,0.813414607445398,-0.295574427213331,-0.0896881352820752
YOL006C,0.419837802648544,-0.378407090902328,0.0347118033400511,0.0359873307630597,0.352131730318069,0.492725389947494,-0.453294842176712,-0.3073950670024
YOL004W,0.714649200439453,-0.146576911211014,0.0397226065637152,0.0241151149768736,0.640367041528225,0.796303077538808,-0.19357103560345,-0.0989216190438242
YOL003C,0.257619470357895,-0.596074044704437,0.0463722758646588,0.0786298266467871,0.174268927549322,0.357230681429306,-0.758780350183071,-0.447051359719551
YOL002C,0.616338908672333,-0.215315744280815,0.0945716702530403,0.0670678962112307,0.442132496833801,0.81431336303552,-0.354447833288874,-0.0892084778795847
YOL001W,0.0388968884944916,-1.48566448688507,0.0230115654872601,0.267191907500561,0.00861655496992171,0.0958447318524122,-2.06466634046592,-1.01843175351539
YOR004W,1.3597115278244,0.128509446978569,0.205063746720314,0.0656937565400951,0.991218992571036,1.79113814433416,-0.00383039972687997,0.253128974307164
YOR005C,0.0462519414722919,-1.34466147422791,0.00982104090438451,0.0927224219748694,0.0294130065012723,0.067192001392444,-1.53146071337944,-1.17268243916408
YOR008C,0.696079015731812,-0.160153925418854,0.0792951892570246,0.0494799334169675,0.551090698937575,0.86134768674771,-0.258776926830758,-0.0648215088768324
YOR009W,0.0228563528507948,-1.68406403064728,0.0101151587641251,0.198699901957529,0.00775144994258881,0.0472950170437495,-2.11061705321402,-1.32518461638771
YOR011W,0.0371070988476276,-1.43772232532501,0.00673378812087275,0.0793904046538159,0.0252424431499094,0.0515140427897374,-1.59786865496193,-1.28807436565181
YOR014W,0.620054602622986,-0.208732202649117,0.0453110531255313,0.0318192092118642,0.53714404652516,0.709772056341171,-0.269909233790126,-0.14888110290369
YOR017W,0.100374966859818,-1.00343132019043,0.0152299780644302,0.0666822734492228,0.0719120842715104,0.132361176485817,-1.14319812845102,-0.878239381377841
YOR018W,0.163312688469887,-0.790164709091187,0.0197639734076203,0.0527212735961602,0.128098330150048,0.202953434363008,-0.892456532023588,-0.692603596356572
YOR019W,0.0125866904854774,-1.9363340139389,0.00508625421920651,0.182912068272998,0.00469622327170024,0.0245850405500581,-2.3282522984613,-1.60932907165698
YOR025W,0.347176283597946,-0.462950378656387,0.0440543557035497,0.0552823379683407,0.266243879248699,0.439096540709336,-0.574720367555472,-0.357440035234064
YOR026W,0.188867509365082,-0.734787285327911,0.0421025909628077,0.0984722757219768,0.115284267254174,0.278498549262682,-0.938229986082073,-0.555177266574417
YOR028C,0.172191485762596,-0.778243780136108,0.0439648677443715,0.112395548345801,0.0957000404596329,0.273005595554908,-1.01908787861405,-0.56382850877291
YOR030W,0.0894090309739113,-1.05609154701233,0.0165591715502421,0.0809743782113214,0.0600952593609691,0.125167056918144,-1.22115998506395,-0.902509959314503
YOR037W,0.136908441781998,-0.876145780086517,0.0330218245881975,0.105003456437748,0.0825434552505612,0.210386151199539,-1.0833173556083,-0.676982851299261
YOR038C,0.18927501142025,-0.725396394729614,0.0202845780120608,0.0465533526127269,0.151647615184387,0.231856910015146,-0.819164415317968,-0.634779957930749
YOR039W,0.757343769073486,-0.127156645059586,0.131214513976951,0.0749099008957946,0.531330741445224,1.04383494357268,-0.274635057994937,0.0186317672827701
YOR040W,0.125570952892303,-0.923774600028992,0.040333325097434,0.142598464246675,0.0593880412168801,0.217473758260409,-1.22630150044808,-0.662594021818122
YOR042W,0.668456077575684,-0.177078977227211,0.0665419678295067,0.0432895987124125,0.546904402474562,0.811493736505508,-0.262088593962135,-0.0907148285873407
YOR046C,2.48980951309204,0.395370751619339,0.150687475889956,0.0262961346432957,2.21105022231738,2.79706066449483,0.344598606088998,0.446701884598935
YOR047C,0.272972106933594,-0.568139135837555,0.0382825532516203,0.0609243493378711,0.204936097189784,0.357283522933722,-0.688381540854225,-0.446987011972865
YOR048C,0.605867266654968,-0.218512400984764,0.0387363377018451,0.0278129041349726,0.532582952578862,0.684866297245025,-0.273612739097052,-0.164394241205737
YOR049C,0.0479787178337574,-1.35372292995453,0.0189590599935003,0.178126447654998,0.0185306067268054,0.0917871221899986,-1.73211060939347,-1.03721824640376
YOR054C,0.0958262830972672,-1.02462732791901,0.0160938375014061,0.0730968750456472,0.0672126717865467,0.129079437752565,-1.17254894908713,-0.889142960551965
YOR056C,0.822929322719574,-0.086367093026638,0.0735038343596362,0.0387881674403966,0.687008559703827,0.977064762512842,-0.163037851864787,-0.0100767525489958
YOR059C,0.087678924202919,-1.06961667537689,0.020962749662701,0.10526582835482,0.0515839270626505,0.133263322835167,-1.28748560165471,-0.875289363444502
YOR062C,0.102926731109619,-1.02736663818359,0.0440994051244273,0.190757898999573,0.0367734543979168,0.206460171937942,-1.43446557177683,-0.685163904856507
YOR063W,66.104850769043,1.81966245174408,3.38275231006102,0.0222335937952358,59.7077579498291,72.7630844116211,1.7760307632401,1.86191110043206
YOR065W,0.356864899396896,-0.454957813024521,0.0663113301348794,0.0807804645199467,0.242049196859201,0.503452808658282,-0.616096395668473,-0.298041239590813
YOR066W,0.243937015533447,-0.615810036659241,0.0291312223380505,0.0518476004297374,0.19060479303201,0.305713119109472,-0.719866264996812,-0.514685923935167
YOR067C,0.583380401134491,-0.235680609941483,0.0505271892670584,0.037725309310649,0.487790570904811,0.689802034199237,-0.311766602017723,-0.161275615682893
YOR070C,0.176909208297729,-0.75621223449707,0.0239053086351819,0.0588004618425512,0.133964836597443,0.22728259973228,-0.873009181304892,-0.643433813687236
YOR073W,0.121418848633766,-0.921651482582092,0.0201263536188589,0.0719811213262908,0.0860546976327896,0.164203990871708,-1.06522541702367,-0.784616300671499
YOR074C,0.821714580059052,-0.0893054157495499,0.11163287947436,0.0593486005669914,0.613214602073034,1.0514642616113,-0.212387642636714,0.0217945124174304
YOR076C,0.152566865086555,-0.820209264755249,0.019722612765737,0.0567446895466855,0.115640269902845,0.193454765155911,-0.936890910943592,-0.713420578533902
YOR077W,0.243361234664917,-0.650182008743286,0.0994759676037772,0.182061047223126,0.091778518135349,0.478494003166755,-1.0372589617624,-0.320123512937257
YOR080W,0.0643794164061546,-1.20029973983765,0.0130708351544502,0.0893115576740416,0.0408601894353827,0.0919414530197779,-1.38869977368503,-1.03648864294783
YOR084W,0.0220070220530033,-1.72146153450012,0.0118476992711513,0.24492984618824,0.00574585538900768,0.0503615968550245,-2.24064558825063,-1.29790053441761
YOR086C,0.667185068130493,-0.176475360989571,0.0383957813014617,0.0250773173050628,0.592733837664127,0.741418620944023,-0.227140279440299,-0.129936515884944
YOR087W,0.327821463346481,-0.48654505610466,0.0328223256318016,0.0436272862327699,0.266491578767697,0.395234924554825,-0.574316511147232,-0.403144694329045
YOR090C,0.35463935136795,-0.452781438827515,0.0385894624552428,0.0472843948643303,0.282869976758957,0.43678356607755,-0.548413145376557,-0.359733712457876
YOR092W,0.208264231681824,-0.685152947902679,0.0274115853485476,0.0573676228495696,0.15880941649278,0.264905192703009,-0.799123799957816,-0.576909535873201
YOR093C,0.10077902674675,-0.99935919046402,0.0112861027558341,0.0487972758116676,0.0799096862475077,0.123983580060303,-1.0974005792651,-0.906635830292954
YOR099W,3.07222723960876,0.486335605382919,0.220269469191431,0.0311855185484051,2.65411585966746,3.5191151201725,0.423919873454226,0.546433472145759
YOR100C,0.0126378973945975,-2.03422617912292,0.00995297392641327,0.369702048478966,0.00138086956964495,0.0398552792767683,-2.85984734651886,-1.39951481408961
YOR101W,0.861473560333252,-0.0687370821833611,0.116750027756616,0.0589126353540582,0.646846249699593,1.10992882450422,-0.189198941302255,0.045295129867854
YOR107W,0.045333880931139,-1.40018784999847,0.0229364115914144,0.230164577711574,0.0123346559315299,0.102438226342201,-1.90887849609516,-0.989537949692707
YOR110W,0.182677194476128,-0.745113849639893,0.0323394168465493,0.0771085026149621,0.125872659434875,0.251726739108562,-0.900068592360142,-0.59907065056175
YOR111W,0.191424295306206,-0.760597109794617,0.083861979854571,0.198044184754889,0.0658051473399003,0.389084339141846,-1.18174170786349,-0.409956249435674
YOR112W,0.305128395557404,-0.517579972743988,0.0297129911777598,0.0423927950749166,0.249841435750326,0.367238509158293,-0.602335534388319,-0.435051800510404
YOR115C,0.682396113872528,-0.172999382019043,0.122836959498588,0.0784904100249677,0.463985817879438,0.938853740692139,-0.333495294823064,-0.0274020590201242
YOR117W,2.75867366790771,0.439763963222504,0.181322208358963,0.0285236513504766,2.42249828378359,3.12705287138621,0.384263477809619,0.49513522344413
YOR120W,0.0139985987916589,-1.99425315856934,0.0110514972918476,0.377783084005056,0.00141490180879676,0.0438483578773836,-2.84927556558243,-1.35804670336227
YOR123C,0.584112286567688,-0.235641211271286,0.0579784371110623,0.043139488304113,0.474751796821753,0.703244304656982,-0.32353350884581,-0.152893779615779
YOR124C,0.476532906293869,-0.322800308465958,0.0305779917686179,0.0278700978141938,0.41893637056152,0.540346047778924,-0.377851936380749,-0.267328020960064
YOR125C,0.448276609182358,-0.369027018547058,0.138598335269826,0.13515511495742,0.221427315473557,0.768849690755208,-0.654768831914932,-0.114158556003261
YOR126C,0.383501142263412,-0.436300247907639,0.116640483168805,0.133540074959621,0.191497698426247,0.642202814916769,-0.717836441365267,-0.192327829235468
YOR128C,1.29601585865021,0.111556679010391,0.0901314751452359,0.0302864035404029,1.12194561958313,1.47517605423927,0.0499718072879512,0.168843840522854
YOR129C,0.0432205758988857,-1.37552332878113,0.00982701962861959,0.0993091415554018,0.026696728495881,0.0650503290817141,-1.57354202917679,-1.1867505382465
YOR130C,0.246368139982224,-0.621777951717377,0.0607720100230527,0.108868969552655,0.142425870150328,0.37866997718811,-0.846411158834898,-0.421739126509511
YOR132W,0.390475064516068,-0.410941392183304,0.0421706595960334,0.0470176131693983,0.312219351530075,0.47708791444699,-0.505540182624427,-0.321401585128169
YOR134W,0.00872049108147621,-2.1884446144104,0.00675181534038001,0.356163519685796,0.00109318236354738,0.0273809319362044,-2.96130738345197,-1.56255184099014
YOR137C,0.0335281491279602,-1.4953191280365,0.0103605818844902,0.135998764702151,0.0166491455864161,0.0574293061469991,-1.77860805076131,-1.24086666403993
YOR141C,0.482945203781128,-0.317368149757385,0.0368544945009416,0.0332017540648677,0.412526496003071,0.55817058434089,-0.384548155088356,-0.253233056472576
YOR142W,2.44778203964233,0.387204468250275,0.208255494994335,0.0369176160903303,2.07518424987793,2.89113994240761,0.317056662371112,0.461069080624488
YOR143C,0.282394289970398,-0.558266758918762,0.0576540639024808,0.0896798224353016,0.182712152600288,0.408419931928317,-0.738232565774322,-0.388893108728114
YOR149C,0.138191282749176,-0.866940915584564,0.0254798693953397,0.0807249849400295,0.0930638579030832,0.193326041226586,-1.03121900180498,-0.713709646023036
YOR151C,1.62261724472046,0.209729760885239,0.0765967076137927,0.0205710902250845,1.47008429070314,1.76833472748597,0.167342228390403,0.247564475876028
YOR155C,0.457145065069199,-0.342958748340607,0.0538705059423569,0.051254935684751,0.359873814384143,0.569074532886346,-0.443849753279348,-0.244830849460743
YOR161C,0.180851429700851,-0.748323202133179,0.0291982062110002,0.0702071692367163,0.128464031343659,0.242173478007317,-0.891218453756588,-0.615873421002106
YOR162C,0.042603675276041,-1.38186538219452,0.00971776028091131,0.0998774455526624,0.025755642944326,0.0645193898429473,-1.58912766562512,-1.19030976013352
YOR164C,1.48682105541229,0.169884711503983,0.155692560514138,0.0454515273823796,1.20583634873231,1.81239317953587,0.0812883688460647,0.258252416926705
YOR165W,0.813609063625336,-0.0905086547136307,0.0530727861793238,0.0283697360906958,0.714207784334819,0.920308768749237,-0.146175426607453,-0.036066439973589
YOR168W,4.50803756713867,0.653556048870087,0.200631424928743,0.0193798965901936,4.1064444899559,4.90636348724365,0.613465956000567,0.690759719707399
YOR172W,0.0673204660415649,-1.17946445941925,0.0126303843015075,0.0816141377607078,0.0453515470648805,0.0946484185134371,-1.34340790566858,-1.02388663843294
YOR173W,0.0173300746828318,-1.84609591960907,0.0107894758813246,0.284908526740476,0.00342769186633329,0.0459742435564597,-2.46499824638109,-1.33748589176243
YOR174W,0.22146400809288,-0.667429089546204,0.0535846221910896,0.105957576205351,0.129458457231522,0.341336935758591,-0.887869572814993,-0.466816714568655
YOR175C,0.74987131357193,-0.126158222556114,0.0544370788749267,0.0315560833267363,0.649257353444894,0.862087965011597,-0.187583123912382,-0.0644484177367464
YOR176W,1.94101190567017,0.286743640899658,0.149731790643901,0.0333787867949632,1.6736824075381,2.25730683803558,0.223673051096515,0.353590565141605
YOR177C,0.0445903651416302,-1.37116718292236,0.0135990463789781,0.135111944290424,0.022314047611629,0.0753683372090259,-1.65142165624931,-1.12281140713677
YOR180C,0.0194027330726385,-1.84621155261993,0.0153557547928008,0.363277435282706,0.00237939371727407,0.0597499291412532,-2.62353604787915,-1.22366260557366
YOR187W,2.4148166179657,0.38197460770607,0.156140163679004,0.028128809927471,2.11633698542913,2.72440716028213,0.325584820720252,0.435272012881206
YOR190W,0.0297596901655197,-1.56034076213837,0.0116734884809261,0.175562632566112,0.0117363554115097,0.0570632256567478,-1.93046723313883,-1.24364368228758
YOR193W,0.035075705498457,-1.49468588829041,0.014877953149059,0.190506220379345,0.0127458342351019,0.0712641797959803,-1.89463182222526,-1.14712919631207
YOR194C,0.934737324714661,-0.0331469364464283,0.124390924988131,0.0578363743020567,0.704901259144147,1.20338503321012,-0.151871730588801,0.0804046054241974
YOR195W,0.280525773763657,-0.55375337600708,0.0250243082276874,0.0387762549116711,0.233926136170824,0.331971285243829,-0.630921297500532,-0.478899493439119
YOR197W,2.46105003356934,0.390163064002991,0.16344064411363,0.0288541704046882,2.1531513273716,2.7886962890625,0.333074550370872,0.445401218759968
YOR204W,8.13604259490967,0.909970045089722,0.367536338514689,0.0196538578575972,7.40919598340988,8.86340912183126,0.869771082541856,0.947600795902901
YOR205C,0.0764580965042114,-1.12663304805756,0.0163877884983946,0.0942205797874956,0.0475032024395963,0.112620852390925,-1.32327741754515,-0.948381195309368
YOR206W,0.94636857509613,-0.0247881207615137,0.059147863124653,0.0271538104342517,0.838355123996735,1.06424866914749,-0.0765719769278572,0.0270431134728165
YOR207C,0.739637911319733,-0.131664901971817,0.0415549385257217,0.0244020909521773,0.660248183210691,0.822146368523439,-0.180292788658846,-0.0850508580596325
YOR208W,0.0443068221211433,-1.36551606655121,0.0103923664653732,0.102802786694355,0.0265262414856503,0.0675381248195966,-1.57632429032852,-1.17045100460164
YOR209C,2.04278206825256,0.309164673089981,0.142614568990858,0.0303228718778416,1.77815265258153,2.33154082298279,0.249969041970354,0.367643023925595
YOR212W,0.628576993942261,-0.204170018434525,0.0679900410070182,0.0468760455531498,0.502364380657673,0.769627451896667,-0.298981178369943,-0.113719449813005
YOR213C,0.137490406632423,-0.899779498577118,0.0573854838749883,0.186418743610181,0.0506417293722431,0.271315485239029,-1.29549198529464,-0.566525418321192
YOR216C,0.381313234567642,-0.421546638011932,0.0435114918433281,0.0496471428345943,0.299650342017412,0.473220982899268,-0.523385222967735,-0.324936007650092
YOR217W,0.545178592205048,-0.264543324708939,0.0384326794701005,0.0307222067162861,0.470529054601987,0.621941430866718,-0.32741357803984,-0.206250513457388
YOR220W,0.31430047750473,-0.518155813217163,0.0840761852779702,0.116947623953579,0.17687359166642,0.506356679399808,-0.752337044793216,-0.29554345941055
YOR227W,0.0802710577845573,-1.09934425354004,0.010735472089171,0.0584387656733947,0.060623729446282,0.102725261884431,-1.21735740139803,-0.988322751204952
YOR228C,0.102068498730659,-1.0174241065979,0.0352356035003574,0.154225284530735,0.0445715346063177,0.182586579148968,-1.35094254634374,-0.738531333165779
YOR229W,0.31650498509407,-0.50334358215332,0.0413084659732258,0.0570926510462884,0.240468987698356,0.399904072284698,-0.618940925045751,-0.39804417335643
YOR231W,0.212800562381744,-0.676633775234222,0.0309735471459258,0.0634535380934528,0.15620832927525,0.276865863054991,-0.806295812574207,-0.55773058971503
YOR232W,2.16864585876465,0.329284369945526,0.388479520653173,0.077586994802154,1.50665414333344,3.01462871630986,0.178013570244073,0.47923381519268
YOR237W,0.0399742983281612,-1.42683064937592,0.0143518376583275,0.161193951654022,0.0167087757028639,0.0733982861662903,-1.77705541205525,-1.13431472238517
YOR238W,0.381845474243164,-0.425732761621475,0.071426921305478,0.0817668775899545,0.255176961421967,0.530515890320142,-0.59315853833242,-0.275301683447214
YOR239W,1.28618037700653,0.108389683067799,0.0833634108663089,0.0281660724209072,1.12654879291852,1.45708157320817,0.0517500043222291,0.163483861398372
YOR242C,0.0155446026474237,-1.90203750133514,0.010024112067665,0.302017088181624,0.00274897856094564,0.0410427984781563,-2.56082883247731,-1.38676303521863
YOR243C,1.20451772212982,0.0799406990408897,0.0762873501788132,0.0275723204518623,1.06160283088684,1.35714643498262,0.0259620679544336,0.132626663369395
YOR245C,0.191015109419823,-0.726224899291992,0.0348085003106609,0.0801745334486327,0.129184860363603,0.263186730444431,-0.888788430050185,-0.579736025358381
YOR246C,0.545680642127991,-0.268022984266281,0.0823344576114723,0.0659196076366,0.398090352366368,0.720693959295749,-0.400018368899039,-0.142249142191455
YOR249C,0.0945165604352951,-1.03127300739288,0.0167089488309463,0.077042074763169,0.0649666041135788,0.131450273344914,-1.18730983376224,-0.881238509017026
YOR250C,0.296433627605438,-0.532443761825562,0.0420200621328554,0.061808951095549,0.219338198378682,0.386449138075113,-0.658885794768971,-0.412907731767111
YOR251C,1.21912026405334,0.0829698368906975,0.145233221629192,0.0517728801603469,0.949957218269507,1.53165171941121,-0.0222959587952155,0.185160022119021
YOR254C,2.21416997909546,0.344564199447632,0.12069056670897,0.0237225457002334,1.98239495654901,2.46189550757408,0.297190183231563,0.391269615324843
YOR259C,2.87162470817566,0.457199662923813,0.187916640465291,0.0284150026598919,2.5179750919342,3.25902246832848,0.401051429707891,0.513087354278654
YOR261C,2.14513897895813,0.329902499914169,0.181567259297721,0.0367454879760891,1.81455670098464,2.50664502779643,0.258770542510248,0.399092836151689
YOR262W,0.289590030908585,-0.54529869556427,0.0522481102420585,0.0787785079139139,0.198451771835486,0.400755918274323,-0.702345048988634,-0.397120098628781
YOR264W,0.637657940387726,-0.197803974151611,0.0670531439038517,0.0456131658042171,0.515161215762297,0.774198940396309,-0.28805684055615,-0.111147459811332
YOR266W,0.0965877696871758,-1.02881693840027,0.0242254157180117,0.110245759424791,0.0547150751575828,0.150101138403018,-1.26189313974469,-0.823616024378031
YOR267C,0.305170714855194,-0.517521798610687,0.0297050101315615,0.0424178212360255,0.250184802462657,0.366416253397862,-0.601739079003518,-0.436025275763078
YOR269W,0.0564886778593063,-1.26541304588318,0.0159353872522167,0.124402016576064,0.0294277551428725,0.0920827529703577,-1.53124329104639,-1.03582175075495
YOR272W,1.36399734020233,0.133603736758232,0.101969325945178,0.0324299976647188,1.17481102744738,1.57178094983101,0.0699680116476975,0.19639201988908
YOR273C,0.104882851243019,-0.98557448387146,0.0178218198093412,0.0741382620458024,0.0723977552726865,0.142564470445116,-1.1402752801003,-0.845988702155023
YOR274W,0.187799677252769,-0.733739674091339,0.0347058968527671,0.0807805164006862,0.127219054723779,0.261592374990384,-0.895447844904906,-0.582375012520252
YOR279C,0.261577486991882,-0.592316091060638,0.05604455595467,0.093214477437632,0.165902003770073,0.381830841302872,-0.780148369127201,-0.418128995620985
YOR281C,0.794837832450867,-0.10464496165514,0.119439212108599,0.065666425209723,0.579668335616589,1.05167195896308,-0.236820429872749,0.0218802630404881
YOR283W,0.89193719625473,-0.0636060759425163,0.227011301853716,0.110622937383927,0.519097733994325,1.38506442805131,-0.284750931018446,0.141469971896128
YOR284W,0.155210435390472,-0.850829422473907,0.0681701835026404,0.195072045130278,0.0547870956361294,0.321785766134659,-1.26132172169771,-0.492433393021159
YOR287C,0.375687003135681,-0.433116793632507,0.0721854396521912,0.0832709740978419,0.253519032150507,0.538232396543026,-0.595989463515254,-0.269030171537522
YOR288C,0.374374657869339,-0.433776170015335,0.0673693664237778,0.0789188995702953,0.252537465343873,0.517477502922217,-0.597674188181066,-0.286108526870725
YOR289W,0.0422091037034988,-1.48436009883881,0.030159891136021,0.328675784193638,0.00611559371463954,0.119241958794494,-2.21356279945927,-0.923570905140494
YOR291W,0.162555739283562,-0.791035056114197,0.0157592138884528,0.0421033278393529,0.133028494442503,0.195466144755483,-0.876055328633341,-0.708928452692866
YOR296W,0.0894454643130302,-1.05224072933197,0.0118660590244342,0.0574864767753938,0.0684720481435458,0.114836961651842,-1.16448674152045,-0.939918314434414
YOR298W,0.0145414844155312,-1.90536820888519,0.00796297107352506,0.255247885046107,0.00336379558042002,0.0334905575960874,-2.47317154985564,-1.47507766180764
YOR299W,0.22055184841156,-0.659320175647736,0.0252063106681119,0.0496727115775749,0.174761468792955,0.274180859327316,-0.75755431403792,-0.561962866755389
YOR305W,0.175798282027245,-0.790997385978699,0.0706691175416677,0.181905543017459,0.0641407867272695,0.34195271730423,-1.19286747272932,-0.466033968370929
YOR307C,0.271308749914169,-0.571078240871429,0.0392944275499608,0.0629697262248146,0.200488596657912,0.355764851719141,-0.697910327683998,-0.448836964583044
YOR310C,4.96585130691528,0.695383906364441,0.262711875421744,0.0230259538207575,4.45933079322179,5.48140668869019,0.649269688326638,0.738892025407659
YOR311C,0.851532340049744,-0.0741349682211876,0.120610538175351,0.0614954150429645,0.63378549516201,1.10803954998652,-0.198057800164421,0.0445551703270133
YOR313C,0.0265021733939648,-1.6428861618042,0.0144331807145512,0.250530306319108,0.00648553390831997,0.0627135559916496,-2.18805427576565,-1.20263857310814
YOR315W,0.501889586448669,-0.302994251251221,0.064574261462088,0.0560916178365823,0.380682745575905,0.639933648208777,-0.419436814824878,-0.193865144968819
YOR317W,1.58334219455719,0.19888436794281,0.0892673589580413,0.0244920438856572,1.41423198779424,1.76933563748995,0.150520596271955,0.247810200547992
YOR320C,0.364290684461594,-0.441630601882935,0.0433465109463537,0.0518322400511411,0.283928182224433,0.453211654474338,-0.546791533013738,-0.343698959090312
YOR321W,0.350349813699722,-0.457334727048874,0.0322319662014174,0.0399924390601987,0.291042983531952,0.417669012149175,-0.536042866229939,-0.379167753425299
YOR323C,4.58706855773926,0.660879552364349,0.251480798307773,0.0238698017394637,4.09845757484436,5.086370408535,0.612620431852451,0.706407977561557
YOR324C,0.0936440899968147,-1.0356593132019,0.0169309604389121,0.079203131305087,0.0634218692779541,0.128862221042315,-1.1977609619489,-0.889874388885666
YOR326W,0.920858323574066,-0.0363448783755302,0.0457982583154282,0.0216596918479815,0.829131152729193,1.01163359284401,-0.0813767672163704,0.00502324031451348
YOR328W,0.00416908971965313,-2.42934322357178,0.00196121563848431,0.214132405791007,0.00130962632441272,0.00873268026237686,-2.88285274634461,-2.0588524546398
YOR332W,11.7940092086792,1.06902396678925,1.30507622141786,0.0478182647617512,9.48633472919464,14.5899681806564,0.97709844280822,1.16405434452081
YOR335C,5.52731943130493,0.742118895053864,0.235878800991244,0.0185621099307638,5.06925058364868,5.99944539467494,0.704943759837735,0.778111104708826
YOR336W,0.218216553330421,-0.662520706653595,0.0175274094147214,0.0350581778100505,0.18486748598516,0.253135141233603,-0.733139464731605,-0.596647560233546
YOR337W,0.141950532793999,-0.851819753646851,0.0191286806686172,0.0588292396485405,0.106716839969158,0.181671210502585,-0.97176704675433,-0.740713956054855
YOR338W,0.0162432603538036,-1.87114763259888,0.00977496877340257,0.282416744897872,0.00317343161441386,0.0408254176688691,-2.49848502532977,-1.38906936395225
YOR340C,1.78479528427124,0.249803364276886,0.161974874104314,0.0393940534122974,1.49023269017537,2.12460350990295,0.173254072592446,0.327277894608678
YOR342C,0.429912835359573,-0.37200540304184,0.0677706194299982,0.0685812143480415,0.307891265054544,0.579258033633232,-0.511602632132641,-0.23712795211156
YOR344C,0.199277192354202,-0.71369206905365,0.0487672139764192,0.108043135614845,0.115074373098711,0.308764404803514,-0.939021459008855,-0.510372784084706
YOR346W,0.164431780576706,-0.786414682865143,0.0172925726422109,0.0456978798978368,0.131989427904288,0.200513652712107,-0.879460855111742,-0.697856054886343
YOR347C,0.308060973882675,-0.514855682849884,0.0390390936940313,0.0552046223602565,0.237197314699491,0.39004343599081,-0.624890233737484,-0.408887057528321
YOR348C,0.00796487461775541,-2.17885780334473,0.00475082315524884,0.277453776818578,0.00162002115491002,0.0200676281005144,-2.79047932297464,-1.69750397193567
YOR352W,0.132111564278603,-0.893711984157562,0.0343224439319487,0.113709487132629,0.0756350409860412,0.207608054329951,-1.12127696027979,-0.682755863855501
YOR354C,0.303038954734802,-0.520818054676056,0.0312879283779259,0.0449196747572727,0.245535843322674,0.36563489784797,-0.609885145856505,-0.436952359930809
YOR355W,0.761075377464294,-0.120070226490498,0.0632585854327053,0.0360964353551223,0.641596070925395,0.892954036096732,-0.192738304968201,-0.0491708966069551
YOR358W,0.0537047125399113,-1.38163280487061,0.038311917564654,0.33195474528624,0.00762091174644108,0.153466671829422,-2.11799319902145,-0.813987352304986
YOR363C,0.0656674727797508,-1.18887913227081,0.0111021290106642,0.0739259591346122,0.0454104609166582,0.0900529623031616,-1.34284409037648,-1.0455019964396
YOR370C,0.659058570861816,-0.182616665959358,0.055648422972096,0.0365909690931284,0.554303049544493,0.775605829060077,-0.256252763006656,-0.110358956277496
YOR371C,0.160142570734024,-0.798575878143311,0.0190795164112965,0.0518226487346094,0.125536681214968,0.199115774656336,-0.901229382381791,-0.700894332575241
YOR373W,0.17555570602417,-0.758589744567871,0.0206707684690382,0.0511713654915,0.137694918612639,0.218505918979645,-0.861082094351551,-0.660536794183805
YOR378W,0.0344581678509712,-1.49141919612885,0.012520161867997,0.160403078889891,0.0149598932359368,0.0634143432602286,-1.8250715129873,-1.19781250096716
YOR380W,0.016697445884347,-1.82982909679413,0.00811766009580201,0.220885075199577,0.00489748816859598,0.035830055270344,-2.31002660467003,-1.44575260223503
YOR384W,0.0144852707162499,-1.87948083877563,0.00619172431158169,0.192916555720463,0.00500104338862002,0.0287028869769225,-2.30093937888837,-1.54207448897688
YPL274W,0.650115430355072,-0.188556849956512,0.0548750437468048,0.0366871048127812,0.549407721062501,0.760549402733644,-0.260105242268217,-0.118872572300209
YPL269W,0.03053143247962,-1.53635430335999,0.0094321211337789,0.137714100631334,0.0149964112322778,0.0510301114370425,-1.82401269917795,-1.29217359605713
YPL268W,0.0568080209195614,-1.25423169136047,0.0112820914705834,0.0872238136623704,0.0368879745714366,0.0809777654707432,-1.43311519763912,-1.09163421694539
YPL266W,1.2376583814621,0.0901359543204308,0.131925248871117,0.0463273119734496,0.994505900144577,1.51152110099792,-0.00239269078068695,0.179414214354058
YPL265W,1.33169078826904,0.12343417853117,0.0890337148795819,0.0290303825499302,1.16287917196751,1.51287665367126,0.0655345805054378,0.179803507892666
YPL263C,0.887718141078949,-0.0528022944927216,0.0626123506316339,0.0305949489185192,0.771687191724777,1.01524919867516,-0.11255870803438,0.0065726527542521
YPL262W,1.82100570201874,0.259293407201767,0.124788507717167,0.0297849891611009,1.58183133602142,2.07466806968053,0.199160174648249,0.316948601479598
YPL260W,0.889480888843536,-0.0522554330527782,0.0712807761562892,0.0347923662846168,0.758010134100914,1.03950438002745,-0.120324988293417,0.0168263187482424
YPL259C,0.407825946807861,-0.392437249422073,0.0472178093171477,0.0504110210009026,0.320361446837584,0.508434891700745,-0.49435975552548,-0.293764653332165
YPL258C,0.00894276052713394,-2.12999129295349,0.00537933657239182,0.279410052543375,0.00185900398064405,0.0222595686558634,-2.73071983202873,-1.65248325566462
YPL256C,0.730377018451691,-0.138061702251434,0.0628125229996786,0.0374312075926516,0.611207544803619,0.85998503168424,-0.213811293427204,-0.0655091082995684
YPL253C,0.146285593509674,-0.839493751525879,0.0215199383439474,0.0640480941182736,0.107898023227851,0.192827198654413,-0.966986511870141,-0.714831708026739
YPL248C,0.00560203054919839,-2.32869601249695,0.00329909856398223,0.271821807173943,0.00119153845880646,0.0140084947847451,-2.92389194217298,-1.85360887337108
YPL246C,1.06950259208679,0.0234124138951302,0.174522369051237,0.0710136862711555,0.754014217853546,1.45874805947145,-0.122620466557339,0.163980204817542
YPL245W,0.526129484176636,-0.281642496585846,0.0589581364888409,0.048847077982857,0.414165899405877,0.64875140239795,-0.382825662216167,-0.187921699484494
YPL244C,0.214696362614632,-0.678758084774017,0.0474628601155749,0.0964500078392495,0.132706501707435,0.319829862564802,-0.877107821845871,-0.495081003593277
YPL241C,0.295769810676575,-0.546288788318634,0.082894517212143,0.123990193364489,0.153085156530142,0.483134341488282,-0.815066917423564,-0.315932102893947
YPL237W,4.19993114471436,0.621402561664581,0.387532908826523,0.0399819161074382,3.46998788913091,5.01060979763667,0.540327951564503,0.699890582602111
YPL236C,0.116850905120373,-0.949717581272125,0.0329990179151012,0.124120565363782,0.0622532996349037,0.190208195646604,-1.20583762554431,-0.720770867183081
YPL235W,1.34416902065277,0.127170443534851,0.103395788535675,0.033416394445212,1.14840098023415,1.55717672904332,0.060093554469696,0.192337904509933
YPL232W,1.16431617736816,0.062224492430687,0.155517260732282,0.057839920816005,0.887062013149261,1.50952583352725,-0.0520460182436723,0.178840549144141
YPL231W,5.72248220443726,0.757255911827087,0.223009131022257,0.0169448371622021,5.28629903395971,6.16467142105103,0.723151720590855,0.789909933514505
YPL230W,0.0201775841414928,-1.76034474372864,0.0109621361107841,0.247742932249141,0.00517958926114564,0.0468821095613142,-2.28570478013145,-1.32899293454697
YPL226W,3.17017459869385,0.500690042972565,0.134896511980753,0.0185025959924534,2.91048238078753,3.43631566564242,0.463964973668987,0.536093048579136
YPL221W,0.290882140398026,-0.538589477539062,0.0300081127933085,0.0447794714787127,0.235784239694476,0.354045367240906,-0.627485250913537,-0.450941086444505
YPL217C,0.790731370449066,-0.102662600576878,0.0446219826008415,0.0245238054917207,0.704785407582919,0.880829161405563,-0.151943096940314,-0.0551083174011968
YPL216W,0.0458824411034584,-1.34650635719299,0.00892540771409155,0.0844398280393879,0.0304935098315279,0.0653622259696324,-1.51579298349221,-1.18467331775505
YPL215W,0.423982679843903,-0.378555059432983,0.0696523592107432,0.0720124869464719,0.297610458483299,0.57520796606938,-0.526351868917029,-0.240175299136575
YPL214C,0.122499741613865,-0.919458091259003,0.0229581260135332,0.0814912712090271,0.0822061479712526,0.174134468659758,-1.08509571472487,-0.759115332384712
YPL213W,0.313664168119431,-0.528100252151489,0.10536530949906,0.148424355025253,0.143184214830399,0.547221879164378,-0.844104857656119,-0.261836594654111
YPL212C,1.0833523273468,0.0335731692612171,0.0804191978435894,0.0322780414710403,0.936646446585655,1.24919838607311,-0.0284243117567473,0.0966314144253988
YPL210C,0.898475766181946,-0.0476757101714611,0.0663913471665656,0.0320529142683519,0.775403463343779,1.03714610834916,-0.110472270551296,0.0158399292436843
YPL208W,0.307093143463135,-0.515857994556427,0.0369007731918439,0.0522031808361599,0.240801557153463,0.383354306221008,-0.618340709116829,-0.416399653948068
YPL207W,0.618886888027191,-0.209483906626701,0.0439950079202634,0.0308739774746774,0.536969588696957,0.709436095754305,-0.270050323605276,-0.149086719841948
YPL206C,0.893477320671082,-0.0518781132996082,0.104316345104835,0.0508239135888417,0.701620352764924,1.11253351469835,-0.153897847320854,0.0463131026399762
YPL204W,0.859523415565491,-0.0672177821397781,0.0708342308742561,0.0358561933265333,0.72805243730545,1.00257914165656,-0.137837339900874,0.00111865529429514
YPL203W,0.199736744165421,-0.707657516002655,0.0387013744899539,0.0842528017939014,0.132030885169903,0.283697664737701,-0.879324468110266,-0.547144239092072
YPL202C,0.198983028531075,-0.707612812519073,0.0341404434113071,0.0751217259103779,0.137765109414856,0.269219133754571,-0.860860760301204,-0.569894085876266
YPL199C,0.921035170555115,-0.0440413430333138,0.181375258424524,0.085132833310349,0.619794964790344,1.31617967486381,-0.207751956287525,0.119315139532431
YPL196W,0.380900472402573,-0.429106384515762,0.0809087847664001,0.093608461268255,0.236950199181835,0.555377881725629,-0.625342945617288,-0.255411420421515
YPL195W,0.566882789134979,-0.247513428330421,0.0386086684324049,0.0295825933631957,0.493634074926376,0.644152639309565,-0.306594869149608,-0.191011209532795
YPL193W,0.169325605034828,-0.779686272144318,0.0332855733142023,0.085888772935141,0.113720305636525,0.241161415725946,-0.944161989941678,-0.617692182654994
YPL191C,0.0944452360272408,-1.04214262962341,0.0265253377245676,0.124237948859348,0.0504610617955526,0.151173786818981,-1.29704416984539,-0.820523524296625
YPL190C,0.793852269649506,-0.101191252470016,0.052015258089916,0.0284551767708475,0.696123326321443,0.900206686556339,-0.157313814713664,-0.045657765535401
YPL189W,0.00527069298550487,-2.37364363670349,0.00344789207663738,0.305363272483511,0.000887828089859492,0.0139314401894808,-3.0516743584393,-1.85600398522615
YPL188W,0.49373397231102,-0.309380173683167,0.0567453727131477,0.0500723085916234,0.392047310372194,0.610651162763437,-0.406661526377583,-0.214206811726642
YPL186C,0.0233134627342224,-1.71767342090607,0.0145549777919133,0.285918054284261,0.0044946774141863,0.059642530294756,-2.34730161455914,-1.2244444211089
YPL183C,0.48309263586998,-0.317034214735031,0.0338358581229798,0.0304159360053075,0.419588272770246,0.552634093165397,-0.377176664483797,-0.257562387210559
YPL180W,0.188086897134781,-0.728579878807068,0.0218471079461202,0.0506545742653172,0.147878742963076,0.233042629808187,-0.830094249799908,-0.632564631825206
YPL179W,0.182974472641945,-0.742031753063202,0.0260948046311242,0.0621587388434327,0.135815394669771,0.238150595501065,-0.867051009702777,-0.623148389396536
YPL177C,0.864774882793427,-0.0668822228908539,0.114471968443893,0.0573880764369144,0.664338128268719,1.10555189549923,-0.177610825650072,0.0435791335080785
YPL176C,0.240384250879288,-0.621373653411865,0.0246348211168665,0.0445622661350034,0.194342519715428,0.291704177856445,-0.711432258581177,-0.535057350765113
YPL175W,0.142929702997208,-0.852564632892609,0.0268163276585777,0.0822176518448466,0.0949299947048227,0.200120377292236,-1.02259660524906,-0.698708687025042
YPL174C,0.0289489645510912,-1.55352747440338,0.00760133829814109,0.116262929169199,0.015861557982862,0.045536772472163,-1.79965423557573,-1.34163775756862
YPL173W,0.445385903120041,-0.357948750257492,0.078321430502734,0.0764299020550713,0.307835817337036,0.616042026380698,-0.511680850499173,-0.210389662502559
YPL172C,0.0882190689444542,-1.06762671470642,0.0216433276296774,0.108117008885522,0.0507209865686794,0.135885103419423,-1.29481244381453,-0.866828154162251
YPL171C,0.0135428328067064,-1.95159316062927,0.00825492599717558,0.284680806258196,0.00267774633054311,0.0342179015278816,-2.57223083284153,-1.4657466278401
YPL169C,0.918424725532532,-0.0381059087812901,0.0667292823172435,0.0316483544103981,0.792898570001125,1.05188120603561,-0.100782414870317,0.021966691692559
YPL168W,0.129382371902466,-0.897800207138062,0.0273734340306917,0.0920332442425393,0.0824560895562172,0.189512297511101,-1.08377726527109,-0.722362603279406
YPL167C,0.00723472004756331,-2.17216038703918,0.00273477438514962,0.169312535553144,0.00291677966985541,0.013521724830692,-2.53509640438751,-1.86896863199343
YPL165C,0.0106316367164254,-2.10508251190186,0.00839688221189606,0.359732160140482,0.0013044439421113,0.0326907242958744,-2.88458226482379,-1.4855763253268
YPL164C,0.0261574853211641,-1.60465347766876,0.00834695816822381,0.140961998229213,0.0127449119929224,0.0452618788306912,-1.89466319447322,-1.34426742623914
YPL163C,3.17205381393433,0.498367875814438,0.372221007580381,0.0508323032247581,2.52597464521726,3.94291747808456,0.402428982756341,0.595817687472697
YPL159C,0.374410688877106,-0.442555129528046,0.100551641043017,0.119176077648946,0.205252199744185,0.595051321883996,-0.687712195531679,-0.22544559006118
YPL157W,0.317127913236618,-0.507485330104828,0.0637441460467158,0.0873754156176802,0.206940854340792,0.457806650052468,-0.684153768616701,-0.339318053454498
YPL156C,0.173604175448418,-0.78081613779068,0.0536031638780403,0.134150316669227,0.0879918113350868,0.295001323521137,-1.05555774213913,-0.530176036035466
YPL150W,0.117651760578156,-0.933608114719391,0.016343558364986,0.0606868283877203,0.087764387888213,0.15255111840864,-1.0566817259958,-0.816584815343404
YPL149W,0.0630234405398369,-1.24792945384979,0.0291525224963621,0.209447250070389,0.0204001394876589,0.134259161104758,-1.69036693547133,-0.872056759728762
YPL147W,0.0159624218940735,-1.82506442070007,0.00570556874962768,0.159881484032915,0.00675418879836798,0.0290034017059952,-2.1704268037919,-1.53755116402609
YPL146C,0.671696424484253,-0.174783542752266,0.0637223181391997,0.0412776642975825,0.554137521982193,0.804651462038358,-0.256382468998146,-0.0943921953815878
YPL145C,2.39568662643433,0.378413796424866,0.163915096776965,0.0297372268202706,2.07952371637026,2.72297787666321,0.317963877732054,0.43504411284855
YPL141C,0.153410613536835,-0.817509651184082,0.0190947802888252,0.0541667260897903,0.118864209763706,0.192669189348817,-0.924948909901166,-0.7151877311985
YPL140C,0.135329589247704,-0.875566184520721,0.0242386320532158,0.0780330742986342,0.093539670171837,0.186951205506921,-1.02900418045146,-0.728271811492165
YPL139C,0.362348884344101,-0.444154113531113,0.0445166717684394,0.0535201303124024,0.280691016713778,0.456907898187637,-0.551771494484045,-0.340171334591131
YPL137C,0.308892250061035,-0.511485993862152,0.0238721853012746,0.0334995359064585,0.266133010387421,0.35827985232075,-0.574901253445782,-0.445777616364748
YPL134C,0.0930019542574883,-1.0585755109787,0.0326961617006293,0.155996988011437,0.0409914749053617,0.167907612025738,-1.3873064617012,-0.774929646762671
YPL133C,0.113539710640907,-0.955542802810669,0.0250868669280985,0.0972492702169911,0.0698737306520343,0.168167263269424,-1.15568607126268,-0.774258543408422
YPL132W,0.231254398822784,-0.649629712104797,0.0576593115750978,0.110563623015618,0.130315616726875,0.354297962039709,-0.885003536306556,-0.450631355458912
YPL129W,1.24704146385193,0.0892236903309822,0.219293353803664,0.0761883088259444,0.861642924447854,1.71491404871146,-0.0646726752501976,0.234242355286203
YPL128C,0.397443503141403,-0.403344362974167,0.0436840196866059,0.0477621132871868,0.319117240607738,0.488876893122991,-0.496049733727594,-0.310800489483552
YPL127C,1.79445838928223,0.2499930113554,0.242289429411286,0.0585754882646941,1.36585644781589,2.317330656449,0.135405040185338,0.364988006971087
YPL126W,1.3991574048996,0.145197004079819,0.0777765550184968,0.0241060291479982,1.25151377717654,1.56776217321555,0.097435634769235,0.195280176254282
YPL125W,0.329878985881805,-0.483114838600159,0.0271571296389203,0.0357521617110169,0.279609362781048,0.386878609657288,-0.553448293878508,-0.41242528155974
YPL124W,0.121501132845879,-0.957252442836761,0.0531541335113723,0.195519328278399,0.0430670560337603,0.245248997335632,-1.36585487242118,-0.610393292831655
YPL122C,0.254000097513199,-0.599087715148926,0.0341752236721159,0.0584859352812008,0.192409245794018,0.325869350880384,-0.715774063193662,-0.486956485996397
YPL120W,0.109928175806999,-0.96661239862442,0.0207353743076177,0.08226482312173,0.0728820975869894,0.154434141144156,-1.13737923136405,-0.811256703515421
YPL119C,0.0693351104855537,-1.16896140575409,0.0148095347336135,0.0933831158782032,0.0436860327608883,0.101701732662817,-1.35965740329332,-0.992671766152166
YPL118W,0.67009699344635,-0.177171126008034,0.0826578617299367,0.0537258257605298,0.516398006180922,0.838982752462228,-0.287015444696499,-0.0762469727918896
YPL117C,3.08183193206787,0.486792296171188,0.297959542634811,0.0418323980876908,2.54475912253062,3.71664714813232,0.405646677180642,0.570151331907382
YPL112C,0.589572250843048,-0.232482135295868,0.0693949260426658,0.0513580919778023,0.4608741492033,0.734099229673545,-0.336417653995552,-0.13424523188155
YPL111W,3.37495422363281,0.526892244815826,0.268695711041901,0.0345861231080696,2.88733118772507,3.92214248975118,0.460496600259246,0.593523364565423
YPL109C,0.0478994734585285,-1.33355951309204,0.0120808396874173,0.110892119662707,0.0276095697656274,0.0745066434144974,-1.55894077521589,-1.12780500170552
YPL107W,0.110707052052021,-1.00494503974915,0.052341432128658,0.212921499060931,0.0346821294476589,0.236167825882633,-1.45989427202275,-0.626779821197234
YPL104W,0.104754686355591,-0.98617821931839,0.0178974847235069,0.0745876517801577,0.0727307979638378,0.14246930492421,-1.1382816888323,-0.846278764648
YPL103C,0.21119287610054,-0.68085902929306,0.0338488352609304,0.0694843034630234,0.150893923019369,0.286971504737933,-0.82132825114309,-0.542161226634255
YPL101W,0.67823338508606,-0.170657008886337,0.0658887162469195,0.042049659722021,0.557787745197614,0.822965175906817,-0.253531032894257,-0.0846185423457922
YPL100W,0.297911047935486,-0.529498219490051,0.0382518318934951,0.0559477624489926,0.22755459745725,0.378683466215928,-0.642914387002987,-0.421723670309069
YPL093W,2.00537657737732,0.301543176174164,0.109760681563681,0.0238166517147593,1.79482772151629,2.22483558853467,0.254022768463369,0.347297920603195
YPL091W,2.49796319007874,0.396793127059937,0.150859288295126,0.0262397816135911,2.21456243197123,2.80514108935992,0.345287928228227,0.447954709706674
YPL089C,0.139988943934441,-0.858295977115631,0.0198810932789973,0.0619170919964769,0.104624365083873,0.181108983978629,-0.980367180326918,-0.742060008746453
YPL088W,0.0898987948894501,-1.06567096710205,0.0267295453591369,0.131693494633605,0.045119249386092,0.15086708938082,-1.3456382991151,-0.821405570819532
YPL087W,0.480476766824722,-0.323553472757339,0.0742948324091186,0.0676644871798275,0.343166660020749,0.638158012429873,-0.464494963832502,-0.195071933712217
YPL086C,0.9898961186409,-0.00548069318756461,0.0695251147370847,0.0305192460557992,0.860570127268632,1.12953531245391,-0.0652137337644974,0.052899808696801
YPL085W,0.74940812587738,-0.125785693526268,0.0361143851330705,0.0209585563979277,0.678745959699154,0.821784676611423,-0.16829274288645,-0.0852419626883636
YPL084W,0.426210731267929,-0.371708363294601,0.03337773000398,0.0340384511445115,0.364366403718789,0.495466023683548,-0.438461674020802,-0.304986121668458
YPL078C,1.98837053775787,0.293962746858597,0.28850288606767,0.0628059542860711,1.482270343105,2.60681382417679,0.170927418247812,0.416109979310928
YPL077C,0.133516699075699,-0.92246013879776,0.0632141189891946,0.209552180704832,0.043627913420399,0.289769167701403,-1.3602356760937,-0.537947923060837
YPL076W,0.101247191429138,-1.02729165554047,0.038831790963525,0.172762201130548,0.0400452177971602,0.190356190378467,-1.3974494666599,-0.720433025531519
YPL072W,0.0626789107918739,-1.21839189529419,0.0167319345056504,0.117307899137694,0.0345209436801573,0.0997643004481991,-1.46191760183825,-1.00102485476031
YPL069C,0.219603389501572,-0.667490839958191,0.0451554053963472,0.0894358591216424,0.14123711027205,0.315432399511337,-0.850051177521212,-0.501093700333937
YPL068C,0.218206450343132,-0.674780786037445,0.0546777984835424,0.109830792179629,0.125349283218384,0.340614374230305,-0.901878145113748,-0.467737082022252
YPL065W,0.329203724861145,-0.503559052944183,0.101425307485971,0.137239683073998,0.16158186296622,0.559142787754535,-0.791607427167484,-0.252477352014454
YPL064C,0.178359791636467,-0.76328307390213,0.0461808631147474,0.113580161387741,0.10028797450165,0.282666040956974,-0.998751157608621,-0.54872638623966
YPL063W,1.60898315906525,0.205529049038887,0.110374676132051,0.0298319189586651,1.40419620573521,1.83549058437347,0.147427777238756,0.263752161019176
YPL061W,23.9094543457031,1.37810933589935,1.09968525978721,0.0199899520362572,21.7707787195841,26.0525832811991,1.33787392427587,1.41585076171851
YPL060W,0.03996616974473,-1.42732453346252,0.014444196426447,0.162348456052946,0.0168915223795921,0.0726762930552165,-1.77233301464352,-1.13860723863297
YPL058C,0.518121778964996,-0.286322385072708,0.0304590589214194,0.0256296459262633,0.459552986671527,0.578030281265577,-0.337664419192216,-0.238049411238077
YPL057C,0.335489511489868,-0.479473769664764,0.051799613339406,0.0670478831175181,0.244970713679989,0.447700847685337,-0.610885867359642,-0.34901213387126
YPL055C,0.249563500285149,-0.611555278301239,0.0498626689372736,0.0877049763628687,0.16141250145932,0.357672094057004,-0.792062900574986,-0.446514943298829
YPL054W,0.0249804928898811,-1.69592070579529,0.0163527693821955,0.300277300170017,0.00449215214078625,0.0663935789217549,-2.34754564322638,-1.17787596386063
YPL053C,0.914385378360748,-0.0405872873961926,0.0812140529690029,0.0386918468512838,0.763477764030298,1.07992482980092,-0.117203617652207,0.033393516590396
YPL050C,1.48963725566864,0.171591550111771,0.123112203270681,0.0360349719112612,1.25967654685179,1.7359949529171,0.100259026478887,0.239548458007386
YPL045W,0.1390510648489,-0.860714733600616,0.0186225214252948,0.0582215767932782,0.105402514090141,0.179840647305051,-0.977149031583032,-0.745112167832016
YPL043W,1.09168910980225,0.0372618287801743,0.0677359147320322,0.0270053172473342,0.964610655605793,1.22872294286887,-0.0156479455689367,0.0894539652703564
YPL039W,0.11490286886692,-0.962056338787079,0.0365248257199804,0.141786047361826,0.0546710938215256,0.195080876474579,-1.26224223695716,-0.709785307062252
YPL032C,0.708160817623138,-0.150895237922668,0.0486162045283055,0.0299247680524785,0.614534994463126,0.8045990695556,-0.211453381444443,-0.0944204741906179
YPL031C,0.758709967136383,-0.124625623226166,0.111662383798797,0.0640683973900873,0.560724800328414,0.987895965576172,-0.251250269401691,-0.00528878816047749
YPL030W,0.46117040514946,-0.338198333978653,0.045070079778896,0.0422933144441201,0.378351509571075,0.558299541473389,-0.422104528917029,-0.253132728831747
YPL028W,8.72549152374268,0.940072000026703,0.501227570647895,0.0249876112248791,7.77980918884277,9.72115346590678,0.890968943710699,0.987717793952955
YPL024W,0.127955093979836,-0.945580005645752,0.061500126721646,0.222932426766009,0.0377689179653923,0.26631854797403,-1.42286546463996,-0.574598585749119
YPL023C,0.608632564544678,-0.217069730162621,0.0492383580091847,0.0352518434396547,0.515438369413217,0.705108466247718,-0.287823255908587,-0.151744070910377
YPL017C,0.0264531616121531,-1.61551332473755,0.0109701199313088,0.186914941831491,0.00963726299038778,0.0524416859882572,-2.01604680407133,-1.28032380804497
YPL015C,0.455070465803146,-0.346627295017242,0.0671075679515778,0.0640874190537675,0.334646864732107,0.596993075311184,-0.475413350570505,-0.224030754915968
YPL012W,1.5123450756073,0.17910473048687,0.0758050098483102,0.0217787698580276,1.36633758842945,1.6648567100366,0.135558016062467,0.221376859663768
YPL011C,0.200126275420189,-0.707456231117249,0.0402197207573241,0.0876571919693202,0.130229957525929,0.289364780733983,-0.88528912395743,-0.538554387855103
YPL007C,0.16896840929985,-0.776772260665894,0.024499659687502,0.0632669214816291,0.124690175428987,0.21972088702023,-0.904167784859269,-0.658128657664347
YPL006W,0.269124150276184,-0.571753084659576,0.0238867814074121,0.0385217959270461,0.226145986219247,0.317881246407827,-0.645611146248404,-0.497735093944061
YPL004C,4.77458333969116,0.677870988845825,0.334948970480813,0.0304417516916271,4.14890695412954,5.46016934315364,0.617933646792958,0.737206111516087
YPL003W,0.104438491165638,-0.992360472679138,0.02370959161249,0.099386845518473,0.0645056026677291,0.156660004581014,-1.19040262254171,-0.805041886793495
YPL002C,0.0982178449630737,-1.09211432933807,0.0610229384591508,0.283877707155624,0.0189280621707439,0.250973997513453,-1.72289384623861,-0.600371471145156
YPL001W,0.383336216211319,-0.421201765537262,0.0570650661003546,0.0645301423716682,0.284693875163794,0.502235128482183,-0.54562195047929,-0.299092936430754
YPR001W,0.00709513993933797,-2.27357244491577,0.00540936766476844,0.350112244369919,0.000900812504793673,0.0218492378946394,-3.04538063962768,-1.6605637160309
YPR002W,0.0554611869156361,-1.27311933040619,0.0154703381519661,0.123593708531437,0.0292840107499311,0.0894758568455776,-1.53336944388356,-1.04829413399993
YPR004C,1.16274106502533,0.0628653764724731,0.127649429785777,0.0477753124157666,0.925259125729402,1.42970081468423,-0.0337366228494368,0.155245159753602
YPR005C,0.0269404482096434,-1.67001950740814,0.0181728214057341,0.314929411903687,0.00424206032572935,0.0725658690556884,-2.37242319836334,-1.13926762496763
YPR008W,0.235727190971375,-0.630658626556396,0.0279024242004501,0.0518440886041507,0.183024240036805,0.293754678964615,-0.737491411380946,-0.532015207830529
YPR009W,0.213351517915726,-0.691851675510406,0.0660233291385399,0.136976870335041,0.103290550162395,0.36202398960789,-0.985939485894431,-0.441262726771214
YPR010C,2.7516393661499,0.439154922962189,0.123298520152513,0.0195361280310181,2.50738777120908,2.98748204310735,0.399221503336772,0.475305303510503
YPR011C,0.242853045463562,-0.625037491321564,0.0531878554457533,0.0954753003237936,0.151891077930729,0.360297068953514,-0.818467847303505,-0.443339370008564
YPR013C,0.0213209073990583,-1.76281917095184,0.0135792501433569,0.299159084875275,0.00375754625226061,0.0551611936340729,-2.42509756754373,-1.2583663521313
YPR015C,0.0965089201927185,-1.0775899887085,0.0516966940238488,0.240533998546778,0.0250790808349848,0.225478432948391,-1.60068838473164,-0.646895063920561
YPR018W,0.192514836788177,-0.719286203384399,0.0253984950321494,0.0571089143088685,0.147550194213788,0.247542053461075,-0.831060214613156,-0.606351010731805
YPR023C,0.570675432682037,-0.246617183089256,0.0671670957565702,0.0511862851011518,0.449433430780967,0.712352118889491,-0.347334628663447,-0.147305279595932
YPR024W,0.89037561416626,-0.051367212086916,0.0586299347409545,0.0285957340395077,0.779343611498674,1.01100862026215,-0.108271021137146,0.00475485857450477
YPR025C,0.185692429542542,-0.738636195659637,0.0343267783956542,0.0807389405958319,0.124364568168918,0.257675617933273,-0.90530335859334,-0.588926673796798
YPR026W,0.0310449469834566,-1.51752543449402,0.00647579636012224,0.0916434385480794,0.0196867500897497,0.0450855374336243,-1.70582598975537,-1.34596275928315
YPR027C,0.0191293302923441,-1.86400425434113,0.015878394069951,0.383187110714022,0.00187927260315822,0.0596945388863484,-2.7260118051143,-1.224065402917
YPR029C,0.541546642780304,-0.26753106713295,0.0396424338300591,0.0318797826889553,0.4656144939363,0.621957192321618,-0.331973510943055,-0.206239522768076
YPR030W,0.0109088225290179,-1.99130952358246,0.00396113055847217,0.162724534211962,0.00461442877616112,0.0199126442739119,-2.33588206622025,-1.70087106611199
YPR034W,0.749901115894318,-0.126755639910698,0.0674112785030634,0.0391677422203558,0.623144069314003,0.882499300936858,-0.205411557626483,-0.0542856484681438
YPR036W,4.78209972381592,0.678934395313263,0.268382721375436,0.0243663201825954,4.26822709639867,5.33999395370483,0.630247517145572,0.727540765291831
YPR040W,0.272746026515961,-0.570467710494995,0.0462113276986733,0.0738086317707821,0.191179542119304,0.372864664594332,-0.71855859295025,-0.428448846004395
YPR041W,4.99624729156494,0.697898507118225,0.292937823888536,0.0254747585529018,4.44819874366125,5.59072103500366,0.648184170457099,0.747467822428172
YPR045C,0.523687779903412,-0.283391416072845,0.0559280060591176,0.0462640847848662,0.424328309794267,0.640534301102161,-0.372297992562206,-0.193457608765962
YPR047W,0.0780994966626167,-1.12072575092316,0.0192663452186104,0.10885755721505,0.0448604888593157,0.120686129977306,-1.34813604287814,-0.918342648641736
YPR054W,0.00989138055592775,-2.11771178245544,0.00723874715685804,0.328174893809267,0.00151565426494926,0.0292096790391952,-2.81939985407919,-1.53447336906345
YPR057W,0.102380901575089,-1.00761020183563,0.0293626186695224,0.125606659148194,0.0544807330394785,0.167534536868334,-1.26375706653388,-0.77589565107365
YPR058W,0.919180870056152,-0.0401017889380455,0.116537920358391,0.0553317250466484,0.703295001387596,1.15950550734997,-0.15286246947964,0.0642728136602848
YPR061C,0.0896646752953529,-1.07401013374329,0.0310567031587072,0.155232436086893,0.0399039227515459,0.159345582127571,-1.3989849409357,-0.797659972881901
YPR065W,0.671028614044189,-0.176024347543716,0.0759611056425122,0.049016866680545,0.533428571621577,0.833457947274049,-0.27292374031643,-0.0791163082621955
YPR066W,0.129732146859169,-0.909244537353516,0.0415350250380011,0.140884669619805,0.0631930427625775,0.224637521927555,-1.1993311182265,-0.648517713795917
YPR068C,0.0645788311958313,-1.20464742183685,0.0167996513073867,0.114209739646681,0.0361387411442896,0.1024475686873,-1.4420269839414,-0.989498441297082
YPR072W,0.77051842212677,-0.114562146365643,0.0605794276897356,0.034230283345982,0.659047324458758,0.891649202009042,-0.181083416129287,-0.0498059956006473
YPR074C,10.0324487686157,1.00097024440765,0.448981346756052,0.0194713209549547,9.153688788414,10.9253104527791,0.961596134984975,1.03843378574353
YPR078C,0.0218638777732849,-1.7194836139679,0.0113979426352372,0.234490946064716,0.00602702231844887,0.0494164815172553,-2.21989725191166,-1.30612820891112
YPR079W,0.283443838357925,-0.553354263305664,0.046320873508347,0.0714361880437273,0.198663734272122,0.379697865247726,-0.701881411557541,-0.420561845509988
YPR085C,0.0447510965168476,-1.37096393108368,0.0141560922743103,0.139397582578889,0.0216059857358535,0.0778897171840071,-1.66542620332974,-1.10851988860465
YPR086W,1.10802900791168,0.0423467606306076,0.111882048916254,0.0437558301166044,0.904631743828456,1.34256815910339,-0.0435281793233939,0.127936343065144
YPR088C,2.52734112739563,0.401968985795975,0.143184795153449,0.0245736272157363,2.26302011211713,2.82036411563555,0.354688409671266,0.450305180336632
YPR089W,0.246110379695892,-0.610881805419922,0.0237472439075734,0.0418314838955134,0.202598230789105,0.295169125994046,-0.693364354857436,-0.5299290947649
YPR091C,0.303815245628357,-0.51936286687851,0.02891402429992,0.0414563846606903,0.248972361038129,0.36184508378307,-0.603848862766516,-0.441477324683043
YPR103W,3.88367509841919,0.587525069713593,0.346032174619647,0.0386578070695874,3.25676988561948,4.59775900840759,0.51278707333912,0.662546178963649
YPR105C,0.177083715796471,-0.75448352098465,0.0195904638804581,0.048153781679237,0.14152404665947,0.21727528894941,-0.849169761947175,-0.662989672288823
YPR106W,0.225950241088867,-0.651636362075806,0.0365753667176208,0.070167637317157,0.161952544872959,0.30489382147789,-0.790612344338563,-0.515851376307779
YPR108W,1.7556494474411,0.24317866563797,0.134145526340989,0.0330561600513545,1.51317369937897,2.03845980564753,0.179888784171163,0.3093021499232
YPR110C,3.81505227088928,0.580245554447174,0.289935661919424,0.0330855253935936,3.26101145346959,4.38751273552577,0.513352323802098,0.642218389919049
YPR111W,0.0996421352028847,-1.00958919525146,0.0191923049270955,0.0838770457809208,0.065988412934045,0.141879244024555,-1.18053235352747,-0.848081135864193
YPR112C,0.851094901561737,-0.0708666294813156,0.0530355361981903,0.0271065387372394,0.748399819930395,0.958403566479683,-0.125866329618629,-0.0184515968294283
YPR114W,0.77484530210495,-0.114554427564144,0.101977906375997,0.057365906047808,0.58930425097545,0.987404817839464,-0.229660437055047,-0.005504758868652
YPR116W,0.0452086254954338,-1.4170218706131,0.025498660119293,0.263001897652746,0.0100215389781321,0.108221992850304,-1.9990656447144,-0.965684473028448
YPR117W,0.00624239258468151,-2.22951340675354,0.00211077202019238,0.149126324315198,0.00291314695496112,0.0110410959227011,-2.53563773175481,-1.95698800648573
YPR118W,1.48816132545471,0.171212464570999,0.121021479913818,0.0353835230137126,1.26165124376615,1.7307873437802,0.100939317560606,0.238243699533436
YPR119W,0.357025504112244,-0.450544089078903,0.0436496670860268,0.0531526135281991,0.279103618860245,0.448033579438925,-0.554234532454564,-0.348689455855732
YPR120C,0.19200611114502,-0.723781406879425,0.0346821181878883,0.0789148045142327,0.130395887171229,0.266500593473514,-0.884736111450445,-0.574301869372372
YPR125W,0.371345669031143,-0.433618247509003,0.046481241994149,0.0543954664249262,0.2884581387043,0.467074841012557,-0.539917203128084,-0.330613525509863
YPR127W,0.315177112817764,-0.508571565151215,0.0570270841363835,0.0790722639666408,0.213039734959602,0.440042163431644,-0.671539399505003,-0.35650571510174
YPR129W,1.39416873455048,0.142261490225792,0.135471843213381,0.0423166965706014,1.14047598838806,1.66953157881896,0.0570861460612929,0.222594637050638
YPR133C,0.763103723526001,-0.119701646268368,0.0784905316455452,0.0445702881524624,0.619408667087555,0.924645308156808,-0.208022742484421,-0.0340248328026558
YPR135W,0.313735276460648,-0.505083382129669,0.0273321043913521,0.037844668556279,0.262845140943925,0.369806729008754,-0.580300047133118,-0.432025191096336
YPR137W,0.624416768550873,-0.206220462918282,0.0551774227269507,0.0384036318165537,0.52319407761097,0.734758352239927,-0.281337181321642,-0.133855468630319
YPR138C,0.0701042339205742,-1.16879296302795,0.0181075486294558,0.113466325386763,0.0392377626461287,0.111662300738196,-1.40629576654031,-0.952093506549789
YPR139C,0.505946755409241,-0.302083343267441,0.0854482487214751,0.0735796244290883,0.350917908549309,0.689276177684466,-0.4547944685466,-0.161606731240623
YPR144C,0.516291320323944,-0.289028942584991,0.0485955397124529,0.0409386386308042,0.425179509570201,0.617272853851318,-0.371427718726853,-0.209522821820852
YPR147C,0.37388864159584,-0.435744822025299,0.0740045921070396,0.086261736362419,0.24512807217737,0.532978883882362,-0.610606957542852,-0.273291280680009
YPR148C,0.838290750980377,-0.0783731788396835,0.075620508050712,0.0392417342203274,0.695926299194495,0.991767200330893,-0.157436751224115,-0.00359026220908128
YPR152C,0.151708215475082,-0.826074719429016,0.0274193954178799,0.0787563089083974,0.103296044406792,0.211078522602717,-0.985916326884917,-0.675556015754581
YPR155C,0.155903339385986,-0.812222480773926,0.0238584463775523,0.0665818095630145,0.112982887153824,0.208124036962787,-0.946987331551775,-0.681677763051201
YPR157W,0.0071430429816246,-2.26795315742493,0.00533166755428867,0.347617168587263,0.000934957725500377,0.0208228025895854,-3.02920803468401,-1.68146082007209
YPR158W,0.440679579973221,-0.370264977216721,0.113585511562106,0.112718099045731,0.249929396808147,0.696905538439751,-0.602182665433722,-0.156826084486452
YPR161C,0.393984436988831,-0.406487435102463,0.0375215624245065,0.0413749866387434,0.324784271667401,0.471673964957396,-0.488405071013563,-0.32635809498637
YPR162C,0.175558134913445,-0.76127028465271,0.0283752004057313,0.0706207617610477,0.12516200505197,0.235365711152554,-0.902527492608617,-0.628256810950915
YPR163C,9.12105369567871,0.959384977817535,0.503539787523611,0.0239584757793725,8.1825231552124,10.1428870677948,0.912887234707186,1.00616158281229
YPR167C,0.167003780603409,-0.806915700435638,0.0615057787454193,0.163436216528031,0.0711691355953614,0.308650278051694,-1.14770831380995,-0.510533382449359
YPR169W,0.710636734962463,-0.150242760777473,0.0663723157682969,0.0405544583835534,0.587671157717705,0.846646155416965,-0.230865626964728,-0.0722980603532758
YPR171W,0.249530345201492,-0.606393575668335,0.0317010294102733,0.055437352048441,0.190030063812931,0.318497997274001,-0.721177687910313,-0.496893294273869
YPR173C,0.711019098758698,-0.150273874402046,0.0708228438630375,0.0433304072391855,0.581707945466042,0.858635266125202,-0.235295004447307,-0.0661912900878948
YPR178W,0.242136090993881,-0.621000528335571,0.0370155783505426,0.0664996864223616,0.174765467643738,0.319665442903836,-0.75754437658344,-0.495304324205585
YPR180W,0.326729774475098,-0.491959482431412,0.0550811576515633,0.0732903099915593,0.229778636495272,0.446975923577944,-0.638690412406178,-0.349715894028919
YPR181C,2.92519736289978,0.4656101167202,0.146450464774134,0.0217901498247394,2.63694172501564,3.21786165237427,0.421100530101586,0.507567368258341
YPR185W,0.110127523541451,-0.963573038578033,0.0174037702200023,0.0692871755071409,0.0788545189425349,0.147320880740881,-1.10317341484569,-0.831735699091984
YPR186C,0.155615419149399,-0.816375553607941,0.0306117379018665,0.0860453384210957,0.102404839545488,0.223121874282757,-0.989679528990472,-0.651458004947208
YPR191W,1.35029661655426,0.128570586442947,0.124846867551061,0.0402291035786762,1.11315238873164,1.60528116424878,0.0465546004882166,0.205551014347361
YPR192W,0.0156798977404833,-1.94212925434113,0.012652388781367,0.369149646951537,0.00178423662825177,0.0488090919641157,-2.7485475705854,-1.31149932582418
YPR198W,0.251873224973679,-0.602698922157288,0.0337456011609806,0.0581162306492337,0.190937765936057,0.323776893317699,-0.719108170836321,-0.489754432354677
YPR199C,0.127705872058868,-0.919557809829712,0.0437088658576551,0.152350926841512,0.0571589585083226,0.230062573651473,-1.24291570679071,-0.638154084324549
YPR201W,0.0256284661591053,-1.6443372964859,0.0124790980579953,0.223950996759291,0.00714091980674615,0.0561791184047858,-2.14624672897745,-1.25042508346142
