GeneID,Mean,Mean.log10,Std.Dev,log10.Std.Dev,0.025,0.975,log10.0.025,log10.0.975
YAL067C,0.00442412355914712,-2.36434769630432,0.000958895457727819,0.0944929240301727,0.00276668900429892,0.00659155347384513,-2.5580396560313,-2.18101231793963
YAL061W,0.208765313029289,-0.683305025100708,0.0244080142635589,0.050782263268852,0.167068625117342,0.257170391579469,-0.777105101483832,-0.589779046043663
YAL060W,1.49553370475769,0.171985074877739,0.170103885467805,0.0494825261109095,1.19572911759218,1.83396951655547,0.0776327985146103,0.26339210766865
YAL058W,0.151765257120132,-0.821512877941132,0.0168783460730802,0.0483278731735161,0.123088111914694,0.184968362996976,-0.909783890520513,-0.732902547622702
YAL053W,0.40501394867897,-0.394813418388367,0.0413766973112588,0.0446540347543233,0.332343288759391,0.479516662408908,-0.478413086992112,-0.319196298928541
YAL049C,0.681973993778229,-0.170839667320251,0.0997999415976916,0.0632822878481683,0.50840489367644,0.89877236088117,-0.293790284003218,-0.0463502924677161
YAL048C,0.0823561921715736,-1.08696472644806,0.00910752561057329,0.0481408193213513,0.0663542893404762,0.099989074592789,-1.17813100075975,-1.0000474534574
YAL047C,0.072859138250351,-1.14031970500946,0.00827311760410148,0.0494029824269981,0.058475635945797,0.0890597556407253,-1.23302504636791,-1.05031850216415
YAL043C,0.239048540592194,-0.62382698059082,0.0245923636314119,0.0449270965817132,0.196130668496092,0.283665686349074,-0.707454492823404,-0.547193225050011
YAL039C,0.312484264373779,-0.509498119354248,0.0442864607245102,0.0613097726794224,0.235041737556458,0.403790552914143,-0.628855011000754,-0.393843854620218
YAL038W,54.5679130554199,1.7345062494278,5.76087420982067,0.0460189495278182,44.6619549751282,65.46508324941,1.64993772012298,1.81600972440685
YAL037W,0.0129900211468339,-1.90303647518158,0.00358327080347785,0.121496515188752,0.00716331123840064,0.0208606794942171,-2.14488618500977,-1.68067184614581
YAL036C,1.40467119216919,0.144960328936577,0.15371615341624,0.0477523651342433,1.13581403195858,1.6952600479126,0.0553072296420088,0.2292363271473
YAL035W,3.10373187065125,0.4897700548172,0.3055420165723,0.0429168870436657,2.58557319641113,3.64236538807551,0.412556836963042,0.561383510374373
YAL034C,0.0250108502805233,-1.60697269439697,0.00385045199201467,0.0666298991970949,0.0182824041694403,0.0332125232554972,-1.73796669433158,-1.47869817459203
YAL032C,0.136444196105003,-0.868467748165131,0.0171450744255173,0.0546082109182603,0.10577429626137,0.171430562933286,-0.975619856938395,-0.765911761164435
YAL031C,0.0866851806640625,-1.06450688838959,0.00919244610700718,0.0462788683293293,0.0706315997987986,0.103669859841466,-1.15100096297974,-0.984347488648836
YAL028W,0.0242808423936367,-1.619100689888,0.0034454469980433,0.061633971995074,0.0184372402727604,0.0313600780442357,-1.73430408458428,-1.50362286745772
YAL027W,0.107200339436531,-0.97595876455307,0.0181050411050922,0.0732440852873028,0.0760646328950922,0.147200515990456,-1.11881722714343,-0.832090671880023
YAL026C,0.251538097858429,-0.601585566997528,0.0252079998275407,0.0436593406945275,0.208876550197601,0.297027004758517,-0.68011031392792,-0.527204071560459
YAL025C,1.08733093738556,0.0328515246510506,0.138927740798918,0.055168803373005,0.849660777052244,1.3739682396253,-0.0707544317640993,0.137976633859008
YAL023C,1.70970916748047,0.230670869350433,0.173821052664568,0.0442882849969411,1.41455624898275,2.02735900878906,0.150620217810065,0.306930661238797
YAL022C,0.24573278427124,-0.612126290798187,0.0268024680185485,0.0475033870465068,0.198621215795477,0.296625643968582,-0.701974364400731,-0.527791305928593
YAL021C,0.506664514541626,-0.297578185796738,0.0519854246207843,0.0447634567697645,0.417642315725485,0.60233700722456,-0.379195513449368,-0.22016047251129
YAL020C,0.0937870368361473,-1.03191947937012,0.0128408563336546,0.0594810242708684,0.0712843389560779,0.121068308626612,-1.14700587529236,-0.916969538632298
YAL019W,0.29338663816452,-0.534759938716888,0.0293865391410629,0.0438245305586546,0.242421294872959,0.344453923652569,-0.615429233804214,-0.462868869565297
YAL018C,0.00158758065663278,-2.88133454322815,0.000961959404501892,0.281795502509404,0.00030297662136339,0.00403718202918147,-3.51859100729099,-2.39392169194339
YAL015C,0.0957401245832443,-1.02240228652954,0.0121437602645045,0.0551832476771324,0.0742589749395847,0.120440885424614,-1.12925105034534,-0.919226060419237
YAL014C,0.219357833266258,-0.664573729038239,0.0358407404395041,0.0705386340121628,0.158461532865961,0.297905118515094,-0.800076148138205,-0.525922035550795
YAL013W,0.299981832504272,-0.525722861289978,0.0341113582586925,0.0496082452209866,0.239968553185463,0.366751292347908,-0.619845666925244,-0.435628347478815
YAL012W,8.66104698181152,0.934630453586578,1.00727835997846,0.0505869246721602,6.95206720431646,10.6275587956111,0.842113961202109,1.02643343304812
YAL010C,0.082194983959198,-1.08819687366486,0.00969429339596193,0.0515621937576505,0.0648257094745835,0.100914232308666,-1.18825272223703,-0.996047586936508
YAL009W,0.133304253220558,-0.881844460964203,0.0235098539067755,0.0762827811655931,0.0932612233484785,0.184757121155659,-1.03029895120151,-0.733398866647707
YAL001C,0.160532832145691,-0.796773552894592,0.0166199175959791,0.045134971878668,0.132454842329025,0.190792293722431,-0.877932159991637,-0.719439173567942
YAR002W,0.611709535121918,-0.215921700000763,0.0651300279592441,0.0463470339421846,0.499832093715668,0.734135584036509,-0.301175861702702,-0.134223724878082
YAR007C,0.840840697288513,-0.0776118338108063,0.086754255500986,0.0450350357176145,0.692628979682922,0.998821529746056,-0.159499341471105,-0.000512108085683196
YAR008W,0.145484298467636,-0.842452526092529,0.0227919475437791,0.0676443098359467,0.105916321588059,0.194221137091518,-0.975037114628362,-0.711703526232747
YAR015W,2.1388635635376,0.326825767755508,0.266165547968911,0.0540765887160429,1.67890512943268,2.6837697883447,0.225026155978452,0.428745243880579
YAR018C,0.0906065627932549,-1.04588711261749,0.0107215631205506,0.0515199200967438,0.0720432215059797,0.111873254925013,-1.14240687584048,-0.951273729022132
YAR042W,0.238626852631569,-0.624494969844818,0.0240122027411212,0.043949430325753,0.197067357723912,0.281215301652749,-0.705385306524476,-0.550961052090306
YBL106C,0.0629814937710762,-1.20326638221741,0.00673120816771982,0.0465019175942594,0.0513408176290492,0.0760046052436034,-1.28953722472206,-1.11916010553301
YBL105C,0.205981075763702,-0.688418686389923,0.0209252637632186,0.0442227217277256,0.171326310063402,0.244003925969203,-0.766175939026077,-0.612603185903278
YBL103C,0.173532590270042,-0.763403952121735,0.0196125142963303,0.0492711426019203,0.139119767397642,0.210661476105452,-0.856611181134552,-0.676414877062615
YBL101C,0.13568314909935,-0.869743168354034,0.013841360283259,0.0444827881639895,0.111630379160245,0.160678255061309,-0.952217608145455,-0.794042893279592
YBL098W,0.286046892404556,-0.546384811401367,0.0326255497806181,0.0495504218597069,0.229431904231509,0.350621751447519,-0.639346190734493,-0.455161153973057
YBL097W,0.145128056406975,-0.840685546398163,0.0153622547852024,0.0460845390507937,0.118652939299742,0.174230143427849,-0.925721500238796,-0.75887670586181
YBL095W,0.0512405596673489,-1.29807019233704,0.00967702609914595,0.0819089579685809,0.03462251558279,0.0721801103403171,-1.46064138199151,-1.14158256980164
YBL091C,1.13294851779938,0.051544725894928,0.125537996055294,0.0481792247571229,0.918028024832408,1.37580576936404,-0.0371441149289449,0.138557126019
YBL086C,0.149085953831673,-0.829292356967926,0.0167041189619596,0.0487287654846604,0.120137372426689,0.182273193200429,-0.92032187693574,-0.739277209219679
YBL085W,0.234760493040085,-0.631600379943848,0.0236881679702425,0.0440494548436894,0.194543018937111,0.276934087276459,-0.710984348985079,-0.557623584503833
YBL084C,0.0658391714096069,-1.18411242961884,0.00718360773299621,0.0476115567294606,0.0532365143299103,0.07948845513165,-1.27379038777368,-1.09969595500988
YBL081W,0.141110017895699,-0.853719055652618,0.0172990847224319,0.0535056482538221,0.110226257704198,0.175044730926553,-0.957714938229108,-0.756850977949604
YBL080C,0.0577843859791756,-1.24129354953766,0.00690973812675469,0.0519756622298125,0.0456420772398512,0.0716375255336364,-1.34063459843531,-1.14485942441399
YBL079W,0.274354100227356,-0.563809871673584,0.0270011117055628,0.0430249921685966,0.228867828845978,0.320930777738492,-0.64041525029882,-0.493588635124074
YBL076C,3.68976640701294,0.564936101436615,0.35932913777822,0.0423807667752719,3.08813774784406,4.3423924446106,0.489696663992203,0.637729070209554
YBL069W,0.390267133712769,-0.41134375333786,0.0434930697500314,0.0485742046346978,0.313580447932084,0.473517030477524,-0.503651025380181,-0.324664396577487
YBL068W,0.832870185375214,-0.0825312286615372,0.0996779271390495,0.0520203965125066,0.662018597126007,1.02951353391012,-0.179129810385435,0.012632050618155
YBL064C,0.842122852802277,-0.0791780203580856,0.122442559105841,0.0629008706851402,0.631090037027995,1.10437294145425,-0.199908869178517,0.0431157560190913
YBL063W,0.0760302096605301,-1.12141370773315,0.00797624646792792,0.0457588849063326,0.0624202102733155,0.0905968414619565,-1.2046747733085,-1.04288694607703
YBL061C,0.300332099199295,-0.524775147438049,0.0313134183218394,0.0455389196881515,0.245924378062288,0.357144940147797,-0.60919841943182,-0.4471555224059
YBL060W,0.0746135339140892,-1.12989389896393,0.00832478693200987,0.0486265815243847,0.0600785575807095,0.0909062192464868,-1.22128050280579,-1.0414064248641
YBL058W,1.51173937320709,0.17689511179924,0.164683772149864,0.0474221463486325,1.22638718783855,1.8259109745423,0.088627590471567,0.261479598901632
YBL056W,0.973365604877472,-0.0142325880005956,0.104438879550986,0.0467465971599806,0.794431454439958,1.17165267467499,-0.0999435828567606,0.0687988882796562
YBL054W,0.229540303349495,-0.641796410083771,0.0253520211320104,0.0481122758070732,0.185010548308492,0.278352518628041,-0.732803522918574,-0.555404853480819
YBL052C,0.038436271250248,-1.41829586029053,0.00454861601091187,0.0513832715276289,0.0307092689753821,0.047492578967164,-1.51273052341604,-1.32337427164728
YBL051C,0.622557938098907,-0.208127290010452,0.0639804500731426,0.0448576348645543,0.511289123694102,0.739340584973494,-0.291333445631576,-0.131155455162893
YBL050W,1.20967590808868,0.0793400481343269,0.149789189677214,0.053862379888614,0.948279527326425,1.51507363915444,-0.0230636548013755,0.180433648913908
YBL047C,1.14455151557922,0.0565570294857025,0.111612859307077,0.0425845370473534,0.951060324907303,1.34031124512355,-0.021791936029745,0.127205656935178
YBL046W,0.194617167115211,-0.713519215583801,0.0216620908669518,0.0485373613558923,0.156545103092988,0.236025188366572,-0.805360513055626,-0.627041648113138
YBL043W,0.00763346254825592,-2.14923000335693,0.00294946474606999,0.16911244256717,0.00307593800049896,0.014749123256964,-2.51202411669713,-1.83123393976641
YBL042C,0.386559128761292,-0.415086090564728,0.0397128798215988,0.0448089143393901,0.317656202365955,0.459105118115743,-0.498042666082032,-0.338087866735846
YBL039C,2.60126948356628,0.412941992282867,0.263859703132885,0.0442079326284599,2.15332608024279,3.080265802145,0.33310979421581,0.488588194232672
YBL038W,0.438249260187149,-0.36631178855896,0.0859639360124514,0.083192247364732,0.298109193642934,0.640033959348997,-0.525624633689868,-0.193797021056193
YBL037W,0.154808342456818,-0.812556326389313,0.0160605804216159,0.0452688207033217,0.126926556229591,0.184117660174767,-0.896447503063946,-0.734904554439792
YBL036C,1.59827744960785,0.199559345841408,0.220433137546589,0.059622675129362,1.21685230731964,2.06541562080383,0.0852378699239914,0.315007457280256
YBL035C,0.224770575761795,-0.650539219379425,0.0229723843874815,0.0445866411774209,0.185175802310308,0.266554813832045,-0.732415766333216,-0.574213499150972
YBL034C,0.114130273461342,-0.944786250591278,0.0114210239617967,0.0436810081998165,0.0950859113285939,0.134309306740761,-1.02188382805377,-0.871893892572413
YBL033C,0.439668267965317,-0.359874933958054,0.051634831341585,0.0511397262588093,0.346459490557512,0.543605605264505,-0.46034753924982,-0.264716073865052
YBL031W,0.0623024292290211,-1.20961976051331,0.00858813538952432,0.0599345383635861,0.0470940959018966,0.0808321805049976,-1.32703374222459,-1.09241575268501
YBL030C,5.22943210601807,0.715362429618835,0.624291877139406,0.0519076217096055,4.13650336265564,6.4874257683754,0.616633335530516,0.812072400870579
YBL029W,0.0280004944652319,-1.55820155143738,0.00440466601250592,0.0684473187281342,0.0202779490500689,0.0374315661999087,-1.69297597247877,-1.42676205459595
YBL024W,1.40975761413574,0.146889373660088,0.143462456379228,0.0443118938714299,1.16861442228158,1.66992680331071,0.06767124167359,0.222697431061204
YBL023C,0.294019937515259,-0.533885478973389,0.0299329413587207,0.0444104401554787,0.242539772142967,0.347993678351243,-0.615217053462232,-0.458428645504875
YBL022C,0.676376700401306,-0.171990171074867,0.0675837692207929,0.043598652842967,0.561969940364361,0.791644289096197,-0.250286914116085,-0.1014699168841
YBL016W,0.333043217658997,-0.481000244617462,0.0422859905966714,0.0552304048136511,0.259313225746155,0.417006862660249,-0.586175332354851,-0.379856798605077
YBL015W,0.265776246786118,-0.578103423118591,0.0290793088979939,0.0478354860080755,0.213219539324443,0.31987745637695,-0.671172999703705,-0.495016366265122
YBL014C,0.0438973754644394,-1.36013567447662,0.00477997969081866,0.0473828545662174,0.035537248943001,0.0530650230745475,-1.44931620364004,-1.27519164406821
YBL013W,0.0528169199824333,-1.28115630149841,0.00711756219669893,0.0584758247387558,0.0403958712394039,0.0676541924476624,-1.39366302387469,-1.16970528553392
YBL011W,0.270828008651733,-0.569593966007233,0.0277690404685472,0.0446281679288531,0.223329704999924,0.322914898395538,-0.651053508847789,-0.490911917380768
YBL010C,0.15375043451786,-0.817919313907623,0.0227060663869574,0.0643042521225066,0.113740139454603,0.200774569685261,-0.944086245356201,-0.697291310200331
YBL009W,0.185357794165611,-0.73439747095108,0.0194849717711103,0.0457847333256671,0.152283862233162,0.221333916361133,-0.817346117113256,-0.654952090886896
YBL008W,0.114608652889729,-0.943220436573029,0.0121192788042049,0.0460905685175452,0.0935533250371615,0.137418866157532,-1.02894077784332,-0.861953639142213
YBL007C,1.0899498462677,0.0352952256798744,0.1070729179789,0.0429032514700664,0.904312427341938,1.27519987523556,-0.0436815068032377,0.105578258817931
YBL004W,0.390396773815155,-0.410553842782974,0.0379098787376195,0.0423848017652025,0.326406743377447,0.455780940999587,-0.486240877825937,-0.341243840717072
YBR002C,0.26800149679184,-0.576460719108582,0.0390254828773333,0.0633396726706539,0.200169002264738,0.350445975114902,-0.698603191187009,-0.455378938756693
YBR003W,0.224043771624565,-0.652585029602051,0.0260039258457292,0.0503923766992376,0.179405419652661,0.275066370268663,-0.746164442014399,-0.56056250592615
YBR004C,0.140524998307228,-0.855398654937744,0.0169456426802442,0.0523629752836356,0.111032942558328,0.174532525117199,-0.954548173176032,-0.758123629073933
YBR006W,0.156672850251198,-0.807659864425659,0.0173063216974306,0.0480666556966076,0.126873776316643,0.18988737774392,-0.89662813344413,-0.721503902869759
YBR008C,0.00150325091090053,-2.8539125919342,0.000563913039394828,0.167279938072506,0.000617423455211489,0.00280294936383144,-3.20941687722298,-2.5523854571411
YBR011C,13.7952842712402,1.13624560832977,1.75225922665131,0.0550663356304291,10.7393481572469,17.3855956713359,1.03097791946994,1.24018956683142
YBR015C,0.959582209587097,-0.0202580261975527,0.0993815321994645,0.0451784065364465,0.788998544216156,1.141446352005,-0.102923798108037,0.0574555044590089
YBR017C,0.611917555332184,-0.215469121932983,0.0608723930709077,0.0434253542350568,0.508358453214169,0.717475135127703,-0.293829950466037,-0.14419314528045
YBR018C,0.00153690669685602,-2.88566732406616,0.000877304631053154,0.261869330287911,0.000347569071648953,0.00371607841613392,-3.45896016764047,-2.42991519071114
YBR020W,0.000643573061097413,-3.25139403343201,0.00033562478374611,0.237354375401744,0.000171606233561761,0.0014308797447787,-3.76546852793971,-2.84439696051171
YBR021W,0.0777328312397003,-1.11210310459137,0.00869218219751754,0.0485413090741475,0.0625624683996042,0.0948969077939789,-1.20368612938161,-1.02274796337529
YBR023C,0.291621804237366,-0.537384152412415,0.0293400148823003,0.0438043452671834,0.2425414669017,0.344450871894757,-0.615214000191435,-0.462872712676098
YBR024W,0.136596873402596,-0.869056463241577,0.0197892228952843,0.0624169546731655,0.103344477278491,0.178901579603553,-0.985712727973355,-0.747385840812754
YBR025C,7.29774284362793,0.860413193702698,0.823915470968033,0.0492034198524106,5.85388269821803,8.88630217711131,0.767444011971805,0.948721074293611
YBR026C,0.651845753192902,-0.188581556081772,0.0731574299265787,0.0486742001532263,0.529388964176178,0.795019493003686,-0.276225116391952,-0.0996222399652056
YBR028C,0.185370236635208,-0.734491169452667,0.0200272311254805,0.046923349201406,0.15147906417648,0.223074024543166,-0.819647393799,-0.651550999813418
YBR029C,0.537016630172729,-0.272628605365753,0.0590052519571898,0.0476889230555192,0.435643165806929,0.653372567395369,-0.360869094629598,-0.184839131418482
YBR030W,0.101844601333141,-0.994941771030426,0.0117123923092726,0.0501047264188963,0.0810750544692079,0.124757344089448,-1.09111275090226,-0.903933889852644
YBR035C,2.06577968597412,0.308145046234131,0.374511738644118,0.0774363385017948,1.43266510864099,2.88580779234568,0.156144663784355,0.460267358285845
YBR036C,0.809163689613342,-0.0945740938186646,0.0886325988666083,0.0476796653553116,0.65379456281662,0.980199217796326,-0.184558709290822,-0.00868564839232921
YBR038W,0.46893048286438,-0.33110699057579,0.0472554966423301,0.0439438475258678,0.389338895181815,0.551694008708,-0.409672217663346,-0.258301733644692
YBR039W,2.01478219032288,0.301281899213791,0.234858403779773,0.0506306947342643,1.60861741999785,2.48180692593257,0.206452763161687,0.394767965932031
YBR040W,0.00678919907659292,-2.19055509567261,0.00218954609476047,0.14071227385469,0.00333712049565899,0.0118790612866481,-2.4766281213361,-1.92521789405885
YBR041W,0.366398602724075,-0.438367784023285,0.037885652786112,0.0449598012336505,0.301978141069412,0.438830288996299,-0.520024492660443,-0.357703405889858
YBR042C,0.246569514274597,-0.611144602298737,0.029371812467093,0.0518403789238824,0.1946453448385,0.304538982858261,-0.71075598643135,-0.516357135351397
YBR043C,0.0397934690117836,-1.40303432941437,0.00455465767959892,0.0497590655453417,0.0318776529592772,0.0488280413672328,-1.49651366169512,-1.31133069652923
YBR049C,0.748850882053375,-0.127786010503769,0.0748826903828246,0.0436030637220009,0.62383289039135,0.880323648452759,-0.204931732430785,-0.0553576313771776
YBR053C,0.744925141334534,-0.130820348858833,0.0864728406168433,0.0505686767321819,0.594193028410276,0.915594953298569,-0.226072448092028,-0.0382966098604379
YBR055C,0.118748672306538,-0.92769718170166,0.0122797783179228,0.0449766985513665,0.0980364935472608,0.141295343637466,-1.00861223269984,-0.849872150011844
YBR056W,0.451844960451126,-0.347424447536469,0.0476133367336425,0.0458372702768102,0.370378494262695,0.54060730189085,-0.431354238227118,-0.267118093140154
YBR057C,0.217636570334435,-0.665534794330597,0.0267480337676329,0.0532950250516477,0.170529787614942,0.272880031168461,-0.768199749784116,-0.564028244101102
YBR058C,0.375143706798553,-0.42817211151123,0.0391360157357958,0.0454155344495669,0.309789172311624,0.446525069326162,-0.508933765758784,-0.35015416468066
YBR059C,0.389662444591522,-0.411558449268341,0.0395214065916721,0.0442694498411618,0.322045602897803,0.460762646545967,-0.492082626368187,-0.336522741947158
YBR061C,0.440589636564255,-0.359349310398102,0.055121384450062,0.0542294636957274,0.345681531478961,0.553580641746521,-0.461323822825145,-0.256819105201695
YBR063C,0.00231407233513892,-2.66611003875732,0.000860032856241629,0.165913123856568,0.000987066544864016,0.00424362526197607,-3.00565362618507,-2.37226298945394
YBR065C,0.116788648068905,-0.93627655506134,0.0152409525573362,0.0565072577702558,0.0903529976184169,0.149091670289636,-1.04405744423955,-0.826546664056241
YBR068C,1.28587126731873,0.106895565986633,0.132054352855185,0.0447852399470083,1.05699838201205,1.52926801145077,0.0240743221483809,0.184483594752217
YBR069C,1.10745024681091,0.0419669263064861,0.1152261876576,0.0453083938760638,0.913912182549636,1.32157439291477,-0.039095533483932,0.121091611071136
YBR070C,0.263712882995605,-0.58594810962677,0.0480323122021252,0.0783730116746727,0.182499480123321,0.369453596075376,-0.738738399466189,-0.432440108759267
YBR074W,0.374024540185928,-0.429276376962662,0.0373349907385445,0.0435641594389247,0.309808462361495,0.440600480884314,-0.50890672669774,-0.355955033737581
YBR076W,0.00332894851453602,-2.50573039054871,0.00118822710744832,0.158969195857397,0.00146223797249453,0.00596383537631482,-2.8349824917053,-2.22447436307196
YBR078W,11.8450784683228,1.07108283042908,1.25762734323884,0.0462591424649999,9.69737054506938,14.2139269034068,0.986653989235336,1.15271407491159
YBR079C,2.1242048740387,0.325050055980682,0.210730389184339,0.0432563848414908,1.76422628263632,2.49369817574819,0.246554287658134,0.396843884625356
YBR080C,0.941529989242554,-0.0283763129264116,0.0947744602352269,0.0439066014390334,0.777108086148898,1.11053848266602,-0.109518572790148,0.0455336124296777
YBR081C,0.147629737854004,-0.833116769790649,0.0151143196716196,0.0447024969882179,0.122001677751541,0.174640244618058,-0.913634196921758,-0.757855679158698
YBR083W,0.344479382038116,-0.465418368577957,0.0375212831872553,0.0473976526701553,0.279125988483429,0.416803032159805,-0.55419972592807,-0.38006913029039
YBR084W,1.2417151927948,0.0918349251151085,0.124260514363976,0.0436738410922563,1.03034271200498,1.45917266408602,0.012981703382746,0.164106682745023
YBR085W,0.182637184858322,-0.742124438285828,0.0239933820285513,0.0567611304446855,0.141809117669861,0.232828059295813,-0.848295846753692,-0.632964685936492
YBR086C,0.641923367977142,-0.194641798734665,0.0633684043823872,0.0430145006562014,0.532991620898247,0.756261551380158,-0.273279619217008,-0.121327982827572
YBR088C,2.03452348709106,0.304380476474762,0.279675846816091,0.0596004003615741,1.54361756841342,2.62218846082687,0.188539705717644,0.41866389142736
YBR094W,0.264923602342606,-0.579195320606232,0.0273206168054302,0.0449183244960653,0.217186788966258,0.315839173893134,-0.663166596014077,-0.500534006467557
YBR095C,0.150843784213066,-0.824613273143768,0.0181613854773604,0.052297638039882,0.119431891664863,0.18725441681842,-0.922879696073599,-0.727567930347886
YBR096W,1.40758013725281,0.140829682350159,0.265845641892086,0.0815448989182873,0.966177134215832,1.98972358604272,-0.0149432496761372,0.298792657726862
YBR097W,0.0707335621118546,-1.15271210670471,0.00731703137364311,0.0451962189595839,0.0581465885043144,0.0835956409573555,-1.23547576050928,-1.07781636798591
YBR098W,0.0481910482048988,-1.31985938549042,0.005495415166704,0.0496297761502342,0.0385270029616853,0.0594389616201321,-1.41423477385785,-1.22592878653814
YBR102C,0.233935967087746,-0.633228182792664,0.0241679698945787,0.045028539157731,0.192364230751991,0.277402155349652,-0.715875679861702,-0.556890169007415
YBR103W,0.170692011713982,-0.770394861698151,0.0186719880527102,0.047690717259424,0.138229358320435,0.206448167562485,-0.859399708937565,-0.685188967577524
YBR104W,0.346950829029083,-0.463028997182846,0.0428890727692496,0.0535182770364307,0.272397309541702,0.434741821140051,-0.564797186248837,-0.361768599868793
YBR105C,0.158765107393265,-0.802715241909027,0.0201031896584587,0.054943702221254,0.123779317550361,0.200166288018227,-0.90735196802735,-0.698609072698503
YBR107C,0.0437250584363937,-1.3710869550705,0.010253595449642,0.101698271159253,0.0268046719332536,0.0665977671742439,-1.57178950507647,-1.17654033119247
YBR108W,0.150220543146133,-0.825702369213104,0.0158512776046874,0.0460630493443481,0.122195729054511,0.179371039072673,-0.912943979717215,-0.746247676594778
YBR110W,0.281378567218781,-0.553414821624756,0.0314147821740984,0.048519890166969,0.227355755617221,0.342520005752643,-0.643294054151277,-0.465314058735086
YBR114W,0.0562695488333702,-1.2523318529129,0.00615944479764075,0.0476407961138564,0.0457168753569325,0.0679480560744802,-1.33992346035043,-1.1678229790896
YBR115C,0.835588753223419,-0.0801442489027977,0.0827327856311021,0.0431601463781016,0.695369061330954,0.982571721076965,-0.157784636522914,-0.0076357392414562
YBR117C,0.00500986212864518,-2.30936622619629,0.00102938325259769,0.0899785885491244,0.00321306707337499,0.00720086930862938,-2.49308020837547,-2.14261507134085
YBR119W,0.211719453334808,-0.678396999835968,0.029371539974869,0.0601425301555313,0.160287557914853,0.274868312974771,-0.795100214220069,-0.560875338508842
YBR121C,4.28023767471313,0.629153490066528,0.441467854749833,0.0448902397094415,3.52740463813146,5.09211130539576,0.547455281610933,0.706897862596676
YBR125C,0.247209399938583,-0.610013008117676,0.0294074079438092,0.0517999819144517,0.19456091336906,0.30609342455864,-0.710944404284639,-0.514145999734816
YBR126C,2.16391134262085,0.332719832658768,0.232350081887897,0.0468887120298079,1.75258750021458,2.59350442290306,0.243679709890312,0.413886948970638
YBR127C,6.24054002761841,0.792719304561615,0.668584907510708,0.0467039404396193,5.08165848255157,7.52429313659668,0.706005472479605,0.87646564436156
YBR128C,0.0202264674007893,-1.70217299461365,0.00392449182944109,0.0840801812565432,0.0133698005229235,0.0287551478948444,-1.87387507235207,-1.54128439677788
YBR129C,0.184265211224556,-0.738442420959473,0.0247243946490104,0.0581317749901062,0.141771386812131,0.235662057499091,-0.848411417745403,-0.627710334935671
YBR130C,0.368471950292587,-0.436367720365524,0.0415618982195311,0.0491522497753599,0.294832170009613,0.449907556176186,-0.530425131072798,-0.346876713874114
YBR131W,0.0620392747223377,-1.21012651920319,0.00701671774330993,0.0493743291942081,0.049737053612868,0.075512029354771,-1.30331994739117,-1.12198385812608
YBR133C,0.132938578724861,-0.878749012947083,0.013946758055596,0.0457411058039023,0.108773669724663,0.158759787802895,-0.96347623434379,-0.799259502050601
YBR139W,0.751838028430939,-0.126226156949997,0.0781637393748378,0.0452280803774295,0.618081178764502,0.897907793521881,-0.208954484136936,-0.0467682589013795
YBR141C,0.130190879106522,-0.889402270317078,0.0176772643225839,0.0588604341745331,0.0998324368149042,0.167694943149885,-1.00072832958546,-0.775480037280127
YBR142W,0.351301163434982,-0.456614941358566,0.0360279559356716,0.0447231905719772,0.288654905805985,0.418613505363464,-0.539621058951356,-0.378186766491691
YBR143C,3.72104811668396,0.568039536476135,0.408242730222543,0.047839569515714,3.01848491430283,4.48632390896479,0.479788993176775,0.651890626087903
YBR145W,0.153350785374641,-0.8181032538414,0.0202735473226961,0.0574582319737805,0.117432055622339,0.194311808918913,-0.930213387421411,-0.711500811791424
YBR146W,0.530205905437469,-0.279504656791687,0.0719391659492774,0.0585052716278674,0.407293764253457,0.681006609400113,-0.390092239212424,-0.166848676374393
YBR147W,0.00906836148351431,-2.06549072265625,0.00296612843140033,0.142726050678588,0.00434048045426607,0.0161159903742373,-2.36246236713933,-1.7927430777346
YBR148W,0.0220831762999296,-1.66043472290039,0.00316854197760572,0.0627731263711432,0.0162972193211317,0.0288071073591709,-1.78788648986031,-1.5405003488359
YBR151W,0.587619185447693,-0.234192386269569,0.0723785568309986,0.0535080785198898,0.460992659628391,0.738210538029671,-0.33630610953951,-0.131819759818408
YBR152W,0.123109139502048,-0.913999974727631,0.0173374587257477,0.0611218351953159,0.0928394860277573,0.159224916497866,-1.03226732077285,-0.797989034387168
YBR153W,0.0985013544559479,-1.01454341411591,0.0190811027578671,0.0832639081543164,0.0668878704309464,0.141029769803087,-1.17465263084975,-0.850689204045346
YBR155W,0.574279189109802,-0.24360029399395,0.064253436319276,0.0487013625750681,0.461665207395951,0.69761991451184,-0.33567287581788,-0.156381150327642
YBR156C,0.0690017491579056,-1.16389393806458,0.00776699413248204,0.0489696929989341,0.0555408777358631,0.0841159150004387,-1.25538726123202,-1.07512182652121
YBR157C,0.209770947694778,-0.683343648910522,0.0322528103661545,0.0665407921536148,0.154058963681261,0.277477150162061,-0.812313079631297,-0.556772774893502
YBR159W,1.66612279415131,0.21903195977211,0.18519522824031,0.0482187005448845,1.35077708462874,2.03897835413615,0.130583682032696,0.30941261449175
YBR160W,0.692100763320923,-0.1629848331213,0.0834161057394817,0.0524146711584514,0.545821245014668,0.858416553835074,-0.262949574511125,-0.0663019167640301
YBR161W,0.184272661805153,-0.73771208524704,0.0223119291885675,0.0525189387769324,0.144617193564773,0.229112416257461,-0.839780089718629,-0.63995141096667
YBR165W,0.237260028719902,-0.629564166069031,0.0353359326169257,0.0645613231794025,0.176866576696436,0.312701634317637,-0.752354231388173,-0.504869867069868
YBR166C,0.466347217559814,-0.333927303552628,0.0514356216225879,0.0478729326835797,0.379643284281095,0.567923379441102,-0.420624278974234,-0.245710255789651
YBR169C,0.318833142518997,-0.498787850141525,0.0330673027311362,0.0453008032368874,0.261468251546224,0.378872291992108,-0.582581044591745,-0.421507172088244
YBR170C,0.500266492366791,-0.303216010332108,0.0526034509241083,0.0459337529816241,0.409256897121668,0.596517627437909,-0.388004009884222,-0.224376723890745
YBR172C,0.386402755975723,-0.415244668722153,0.0395499585501736,0.0446267358055969,0.318928316732248,0.455953078468641,-0.496306923491535,-0.341079847711542
YBR176W,0.284938961267471,-0.549355983734131,0.039180413735753,0.0598893844546673,0.215827343488733,0.366605727871259,-0.665893551415971,-0.435800755804207
YBR177C,0.603218674659729,-0.22212952375412,0.0660098107164513,0.0476226317733323,0.489461599290371,0.72807020197312,-0.310281387492898,-0.137826746905834
YBR179C,0.168512210249901,-0.77575159072876,0.0176249169391466,0.0455696499312191,0.138694094866514,0.201303422451019,-0.857942030028067,-0.696148841410615
YBR180W,0.00189662759657949,-2.74211764335632,0.000576195508325224,0.133612606881643,0.000956212792273921,0.00317645886680111,-3.01944545062495,-2.49805676438502
YBR182C,0.0108391754329205,-1.97213101387024,0.00196658709036234,0.078876555043782,0.00745604682015255,0.0151065077322225,-2.12749147107797,-1.82083594950995
YBR185C,0.299400985240936,-0.528149783611298,0.0427738804772488,0.0618851075020765,0.224659472703934,0.391189440836509,-0.648475264779328,-0.407612876591694
YBR186W,0.00215938873589039,-2.68670129776001,0.000671255452934063,0.136558438727354,0.00109202695311978,0.00365332685566197,-2.961766916083,-2.4373115826063
YBR187W,1.11133110523224,0.0425012186169624,0.138227961127001,0.0538837859436529,0.872546851634979,1.39894226590792,-0.0592112441851147,0.145799791549169
YBR192W,0.203164830803871,-0.695214450359344,0.0241533232056422,0.0516390404876546,0.161766618862748,0.251273959875107,-0.791111093275956,-0.599852516057335
YBR195C,0.162429630756378,-0.792114675045013,0.0183665935739473,0.0492107113260551,0.130302889520923,0.199347989633679,-0.885045982937784,-0.700388139745141
YBR196C,14.9397325515747,1.17199862003326,1.55100669471285,0.0451784864169041,12.3359136581421,17.8108839829763,1.09117132099193,1.25068547301821
YBR198C,0.447397112846375,-0.351577073335648,0.0455767028234929,0.0445098249234243,0.370299368600051,0.529976172248522,-0.431447028783476,-0.275743657508422
YBR199W,0.791643261909485,-0.103945776820183,0.0843006240012833,0.0464652325580648,0.645913510024548,0.949465334415436,-0.18982564452792,-0.0225208870058683
YBR200W,0.265678435564041,-0.578162729740143,0.0285482228051113,0.0468740959875037,0.215923838441571,0.319346059113741,-0.665699410599749,-0.495738439816928
YBR203W,0.00889766123145819,-2.05485343933105,0.00122505943628967,0.0600563238846986,0.00675916625186801,0.0114369167325397,-2.17010687129864,-1.94169104245291
YBR207W,0.430570274591446,-0.368585973978043,0.0472298837729158,0.0479200903992753,0.347417965779702,0.518501675625642,-0.459147728781947,-0.285249835863719
YBR211C,0.169567763805389,-0.774092793464661,0.0213334310768591,0.0546946925303992,0.132754195729891,0.212643631671866,-0.876951747563597,-0.672347628541871
YBR212W,0.400799036026001,-0.399404615163803,0.041464371644835,0.0450631671820083,0.331246374795834,0.476542944957813,-0.479848867011209,-0.321897956139611
YBR213W,0.131519854068756,-0.886013865470886,0.020040056708697,0.0659800660844503,0.0965152991314729,0.173414401337504,-1.0154038393751,-0.760914854471022
YBR214W,0.263958096504211,-0.58104944229126,0.0287740619646944,0.0474548388907378,0.214910485843817,0.31956038971742,-0.667742407552553,-0.495447058260868
YBR215W,0.187049940228462,-0.730542600154877,0.0200434729128983,0.0466799402828634,0.152701256548365,0.224365650614103,-0.816157389655112,-0.649043643887213
YBR216C,0.188731223344803,-0.726622700691223,0.0200940517317879,0.046349739091404,0.153859653323889,0.22734983501335,-0.812875250450194,-0.643305362084145
YBR228W,0.0494595021009445,-1.31161081790924,0.0081665122455503,0.0714225140492723,0.035728607326746,0.0668139275784294,-1.4469839119279,-1.17513304604748
YBR229C,0.417281150817871,-0.381785035133362,0.042044766078254,0.0439113909878051,0.345540388921897,0.492099583148956,-0.461501182997933,-0.307947002850871
YBR231C,0.162784039974213,-0.792805731296539,0.0232921791485797,0.0619742193755273,0.122595982439816,0.211967550590634,-0.911523799900573,-0.673730658842105
YBR233W,0.212122052907944,-0.676491677761078,0.0252314389424405,0.0517891213351549,0.167350681995352,0.262226081391176,-0.776372513847441,-0.581324119785687
YBR234C,1.57905149459839,0.195689886808395,0.176259809315737,0.0485420165595929,1.27205288410187,1.93303337991238,0.104505166969782,0.28623935343504
YBR236C,0.299685508012772,-0.526125311851501,0.0340160386107894,0.0492528917144753,0.242015441134572,0.368845170984666,-0.616156927679777,-0.433155916555993
YBR237W,0.052824329584837,-1.27976906299591,0.00577553575169811,0.0476127817120058,0.042838886876901,0.0636438877632221,-1.36816182259808,-1.19624332039926
YBR238C,0.145991399884224,-0.838083386421204,0.0153632820448498,0.0458269856651427,0.119846569746733,0.17426697909832,-0.921374403083872,-0.758784897192823
YBR239C,0.0452259704470634,-1.34779322147369,0.00548178500864925,0.0526076555963865,0.0356027022004127,0.0561085529625416,-1.44851707566569,-1.25097093159038
YBR241C,0.119826339185238,-0.924237132072449,0.0135476345824634,0.0493173787993667,0.095948284988602,0.145535388216376,-1.0179627842433,-0.837031391438243
YBR242W,0.350690901279449,-0.462120741605759,0.0634240556843878,0.0783904661593654,0.240740478038788,0.489374656478564,-0.61845089112867,-0.310358545673121
YBR243C,0.343452870845795,-0.466825395822525,0.0382007692567317,0.048438068740336,0.275991033514341,0.416908587267001,-0.559105045344454,-0.379959159610646
YBR246W,0.185800865292549,-0.734116852283478,0.0224569721453385,0.0524547257193358,0.147420161341627,0.23140424999098,-0.8314431185325,-0.635628673011186
YBR248C,0.793746292591095,-0.102664574980736,0.0822893464791484,0.0452324172940358,0.649814367294312,0.948078655699889,-0.187210690701624,-0.0231556314773761
YBR249C,3.66055154800415,0.560684084892273,0.419474518703378,0.0499514423150491,2.924486074845,4.49265886942546,0.466049557071062,0.652503409957473
YBR250W,0.00342337298206985,-2.48251247406006,0.000951640851995538,0.122870924959687,0.00183633956767153,0.00554414961564665,-2.73604717583672,-2.25616512355505
YBR251W,0.361807882785797,-0.445395022630692,0.048427242685027,0.0580356001525323,0.276296837131182,0.461447447538376,-0.558624137337538,-0.335877751937462
YBR256C,0.560872912406921,-0.257677584886551,0.0983647253461394,0.0752724245940604,0.396455824375153,0.776695062716802,-0.401805197498802,-0.109749461173172
YBR257W,0.242760717868805,-0.619400560855865,0.0355169301790716,0.0629802003748404,0.183231886352102,0.318043900281191,-0.736998947388582,-0.497512964559545
YBR260C,0.19694484770298,-0.708097636699677,0.0208333809083405,0.0461413746631449,0.160990601405501,0.23618223965168,-0.793199485657095,-0.626752779251441
YBR261C,0.838424503803253,-0.0834019258618355,0.151603723111049,0.0768863929616046,0.594092011451721,1.17981388668219,-0.226146287390628,0.0718135023090267
YBR265W,0.420649856328964,-0.37940901517868,0.0521073973715089,0.0538420183075708,0.329655639330546,0.525894284248352,-0.481939509876998,-0.279101549347962
YBR267W,0.727155148983002,-0.141165420413017,0.082329206100659,0.0493485185675708,0.583348450064659,0.88647649238507,-0.234071961188903,-0.0523327766516013
YBR271W,0.152609080076218,-0.819396555423737,0.0178611523826592,0.0509326584978277,0.121043194023271,0.187267437577248,-0.917059627326007,-0.727537732021126
YBR272C,0.250094443559647,-0.604696810245514,0.028405348566163,0.0493626519347437,0.201250945776701,0.306367136786381,-0.696262073091889,-0.513757823771652
YBR273C,0.426811337471008,-0.372554659843445,0.0483575798018839,0.0493007554818205,0.342259819557269,0.520296334226926,-0.465644082951785,-0.283749243202745
YBR274W,0.085363894701004,-1.0717453956604,0.0100692144502807,0.0512632593224129,0.0677891082440813,0.105876826743285,-1.16884008011744,-0.975199083550675
YBR279W,0.49991700053215,-0.303655683994293,0.0541327924312698,0.0471836597098878,0.405730123321215,0.601211318870386,-0.391762748567764,-0.220972862435298
YBR280C,0.0662384182214737,-1.18176257610321,0.00761372865188732,0.0499923247540976,0.053280887628595,0.0812782166525722,-1.27342854871568,-1.09002584559413
YBR281C,0.253966957330704,-0.597473084926605,0.0257690613103717,0.0443118045472195,0.209485486149788,0.299087720861038,-0.67884606101945,-0.524201440797529
YBR283C,2.05560731887817,0.310416787862778,0.221535993209129,0.0468712695942112,1.67593672474225,2.48583300113678,0.224257616477649,0.395471946766057
YBR284W,0.00988735258579254,-2.00988864898682,0.00149896557437343,0.0658178982730556,0.00731052882426108,0.0130943565396592,-2.13605120663687,-1.88291584080168
YBR286W,5.08046007156372,0.703538417816162,0.529162034317326,0.0454002005420693,4.1643239736557,6.07513754765193,0.619544508967979,0.783556115011918
YBR287W,0.472760707139969,-0.328002721071243,0.0520642762287571,0.0480032506665637,0.380843043327332,0.57302562892437,-0.419253974144519,-0.241825953510367
YBR288C,0.36423647403717,-0.441385984420776,0.0410835747758465,0.049107657428312,0.293684601783752,0.442847102880478,-0.53211882343177,-0.353746192144899
YBR289W,0.214939087629318,-0.670164287090302,0.0229174617427117,0.0464941862915751,0.175318747758865,0.259046607961257,-0.756171640022168,-0.586622090809028
YBR291C,0.136960029602051,-0.867508888244629,0.018818838443013,0.0598431401651201,0.103244952857494,0.175977818047007,-0.986131171015227,-0.754542071955185
YBR293W,0.0141274509951472,-1.85578048229218,0.00232166679800567,0.0713899662568109,0.0101143734762445,0.0191143850485484,-1.9950610220407,-1.71863967186574
YBR294W,0.000443851575255394,-3.40821099281311,0.000220788992358432,0.227731017976231,0.000124418170404776,0.000979541930913305,-3.90511627841454,-3.00897700110552
YBR296C,0.0843086764216423,-1.07681369781494,0.00936557861688408,0.0483831707572947,0.0682028021042546,0.102495184975366,-1.16619778242736,-0.989296536525831
YBR298C,0.000960289966315031,-3.06044721603394,0.000424762036699425,0.198131511593261,0.000319466395255101,0.00199793325737119,-3.49557482015271,-2.69941902383754
YCL064C,3.49453330039978,0.540575504302979,0.398596526180754,0.0494445608657218,2.81110239028931,4.29252897898356,0.448876664436258,0.632713228510816
YCL063W,0.147475138306618,-0.834274709224701,0.0173405807664076,0.0509900810505913,0.117204964285096,0.182662706201275,-0.931053993829586,-0.738350119915069
YCL059C,1.38493359088898,0.138345614075661,0.165094259162376,0.0518037237016724,1.09860076804956,1.71731825570265,0.0408398980235249,0.234850781225212
YCL057W,0.829022288322449,-0.0836790651082993,0.0839673374326596,0.0442737202661403,0.681263018151124,0.979036867618561,-0.166685207230833,-0.00920095364954128
YCL055W,0.355195850133896,-0.4526387155056,0.042500554192485,0.0520048297390905,0.281724616636833,0.441432446489732,-0.550175214872858,-0.355135753471168
YCL052C,0.184729591012001,-0.736371397972107,0.0213636418332823,0.0503327781561135,0.147010780498385,0.226441986237963,-0.832650843989807,-0.645043044406638
YCL051W,0.10657063126564,-0.975012123584747,0.0117568326102939,0.0480408719042006,0.0860310488070051,0.128622118135293,-1.06534478312373,-0.890684343806877
YCL050C,2.9536669254303,0.467080175876617,0.36260763905101,0.0534894233450189,2.31351698040962,3.67224639852842,0.364272690875144,0.564931813392566
YCL049C,0.173693493008614,-0.763890385627747,0.0226572183492503,0.056503223786912,0.134805303936203,0.220971718803048,-0.870293066044354,-0.655663307117655
YCL048W,0.00224803690798581,-2.6774160861969,0.000820760451618271,0.162049305368769,0.000964573450619355,0.0041391412067848,-3.0156647204229,-2.38308982113269
YCL047C,0.294588387012482,-0.535601139068604,0.0438713709988315,0.0648439436070873,0.217099047948917,0.38413440361619,-0.663342084212827,-0.415516808005857
YCL045C,1.1478111743927,0.0576559379696846,0.115716229835767,0.0439270590913906,0.951645040512085,1.35542245109876,-0.0215250128881027,0.132074671095815
YCL044C,0.206105977296829,-0.68874055147171,0.0235766734170299,0.0496168779534096,0.165085003028313,0.253422652930021,-0.782292381180072,-0.596154577507977
YCL039W,0.119651511311531,-0.92449277639389,0.0125973312156722,0.0458337424248262,0.0978590101003647,0.142994885394971,-1.00939918168995,-0.84467950535874
YCL038C,0.131927818059921,-0.882356643676758,0.0146914501304587,0.0484362373264383,0.106444839201868,0.160880123823881,-0.972875390285472,-0.793497608280176
YCL036W,0.095862902700901,-1.02108764648438,0.010750954948813,0.0488252662775523,0.0772293955708543,0.117020603393515,-1.11221737878587,-0.931737755024729
YCL032W,0.12614132463932,-0.903226733207703,0.0173685256908563,0.0595510326516565,0.0965633864204089,0.162342216198643,-1.0151875123811,-0.789568664686144
YCL031C,0.838947474956512,-0.079629935324192,0.104524598487356,0.0541274824608328,0.656415471931299,1.05180804133415,-0.182821239565994,0.0219364703432031
YCL030C,2.23783588409424,0.347623944282532,0.224939518322996,0.0438450158838639,1.85099315643311,2.64091468850772,0.267404813064718,0.421754372055741
YCL029C,0.21951425075531,-0.661194026470184,0.0242424008229133,0.0481046532760435,0.177779883146286,0.265803579241037,-0.750117383595524,-0.575439176304448
YCL028W,2.07038331031799,0.313468515872955,0.225723125803526,0.0474206881319619,1.6889126787583,2.50776703556379,0.227607192669529,0.399287189051411
YCL027W,0.103757679462433,-0.986836314201355,0.0118912209170053,0.0498829208468438,0.0832369864607851,0.126771294573943,-1.0796836617136,-0.896979079287952
YCL024W,0.0713525116443634,-1.1489554643631,0.00741823105584652,0.045470200598246,0.0585382096469402,0.0845905802523096,-1.23256056431331,-1.07267799770753
YCL017C,1.00609087944031,0.00019326846813783,0.1065897137119,0.0461361441592209,0.82351272602876,1.20682758788268,-0.0843296920196174,0.0816452251910445
YCL016C,0.121277466416359,-0.919338583946228,0.0145473894103919,0.0521125557499201,0.0961335714906454,0.150528846929471,-1.01712493356215,-0.822380283331492
YCL014W,0.204617246985435,-0.691246807575226,0.0204777731747215,0.0437088805064946,0.169366947934031,0.240511626129349,-0.771171338588602,-0.61886392938844
YCL010C,0.236772164702415,-0.630681753158569,0.0361626057612639,0.0659722916737966,0.175283851350347,0.315025955438614,-0.756258244726888,-0.501653662593314
YCL008C,0.174729645252228,-0.760759055614471,0.0209292544168029,0.0521889266872698,0.13838954269886,0.217355017488202,-0.858896725773521,-0.662830344974066
YCL005W,0.108102343976498,-0.97344958782196,0.0199600118533971,0.0795585711303985,0.0734535422797004,0.151345572248101,-1.1339872798687,-0.820030293748957
YCL004W,0.0341748185455799,-1.47045159339905,0.00473348674269759,0.0601815113371657,0.0258474126458168,0.043991431593895,-1.5875829237454,-1.35663190473802
YCL002C,0.0795703679323196,-1.1065092086792,0.0145958717252036,0.0795831765266733,0.0543301838760575,0.111229961303373,-1.26495882514314,-0.953778323833899
YCR002C,1.02850210666656,0.00896683894097805,0.125694706269191,0.053101379563989,0.803297058244546,1.28224689265092,-0.0951238298441048,0.107971654816203
YCR004C,2.96540141105652,0.466184824705124,0.491544636706762,0.0715973862316113,2.11798787117004,4.03429173231125,0.325923468755884,0.605767299854191
YCR005C,0.608141183853149,-0.218798950314522,0.0691843928799847,0.0493580245989222,0.489246487617493,0.747066222131252,-0.310472283531621,-0.126640899378151
YCR008W,0.255052179098129,-0.595779538154602,0.0268265611948731,0.0457959400294357,0.208550982301434,0.305601644515991,-0.68078777308859,-0.514844313916254
YCR010C,0.00697247916832566,-2.1875147819519,0.00262340611427322,0.166525864481661,0.00295876858096259,0.0131355014707272,-2.52888921041693,-1.88155345013162
YCR012W,49.7895164489746,1.69466018676758,5.31246248119794,0.0465008335868787,40.5843387921651,59.8130942344666,1.60835847330823,1.77679616515088
YCR014C,0.00102166342549026,-3.03194284439087,0.000439667002923163,0.194053003044993,0.000361548662719239,0.00203622046586437,-3.44183328862266,-2.69117520186541
YCR015C,0.0983570367097855,-1.01148986816406,0.0139005516531213,0.0610744064012212,0.0746957341829936,0.127938584486643,-1.12670420375935,-0.89299846521227
YCR016W,0.523465991020203,-0.284789144992828,0.0683255793273685,0.0565226411269054,0.405269473791122,0.667282290259997,-0.392256107492825,-0.175690402691958
YCR017C,0.456696331501007,-0.342560350894928,0.0457566078773867,0.0436659289881859,0.379312209039927,0.537993628283342,-0.421003178800219,-0.269222869401675
YCR019W,0.0901275649666786,-1.04898715019226,0.012022106643007,0.0578169692895903,0.0689724311232567,0.115546574008962,-1.16132446583638,-0.937242939965698
YCR021C,0.0454334989190102,-1.34846746921539,0.00747350600432988,0.0713629992383057,0.0325954687471191,0.0613315061355631,-1.48684279913648,-1.21231637043033
YCR023C,0.0952892079949379,-1.02358460426331,0.0104708367452419,0.0478597458829093,0.0768539661541581,0.115359599329531,-1.11433371524417,-0.937946261028166
YCR024C,0.0641672760248184,-1.19577777385712,0.00767650009726769,0.0518911282188461,0.0509115904569626,0.079989511333406,-1.29318333557132,-1.09696695655259
YCR026C,0.164768353104591,-0.785541415214539,0.0173367796914007,0.0459061423388725,0.134265458832184,0.197058763106664,-0.872035699714387,-0.705404247509586
YCR028C,0.189587503671646,-0.724817872047424,0.0207958416491286,0.0479050721496826,0.152450304975112,0.228726334497333,-0.81687170446518,-0.640683861846
YCR030C,0.326852351427078,-0.48792552947998,0.0334116544281678,0.0445360009687388,0.26971226533254,0.387278616428375,-0.569099325213074,-0.411976481902478
YCR034W,1.38632035255432,0.139002203941345,0.159293414953426,0.0499037524059968,1.10571897029877,1.70258977512519,0.0436447606420419,0.231110010689122
YCR035C,0.461700767278671,-0.338390469551086,0.0519666865582022,0.0489302140167525,0.37340636625886,0.563784443338712,-0.427818294333852,-0.24888691399229
YCR036W,0.492628186941147,-0.31078040599823,0.0607080256970549,0.0536334671173654,0.385183011492093,0.611508981883526,-0.414332884158275,-0.213597175501677
YCR042C,0.231233835220337,-0.638110280036926,0.0230191274375621,0.0433630999692003,0.192373737692833,0.272923713674148,-0.715854216880209,-0.56395873097806
YCR044C,0.33198070526123,-0.482195258140564,0.0410370387649128,0.0536275237609121,0.261613671233257,0.416855876147747,-0.582339570761531,-0.380014073058461
YCR045C,0.000873626908287406,-3.1166787147522,0.000449300017904638,0.233500518182551,0.000229413067427231,0.00195782518324753,-3.63938190847145,-2.70822638922273
YCR048W,0.336954355239868,-0.47487860918045,0.035735908071344,0.046194088154333,0.275839567184448,0.403778890271982,-0.559343437299527,-0.393856389894703
YCR052W,0.518542289733887,-0.287777543067932,0.0562052353252505,0.0472662832080314,0.419588186840216,0.623628242313862,-0.377176751519376,-0.205074225133948
YCR054C,0.18337681889534,-0.739226043224335,0.0199161358530217,0.0473301024091554,0.148500797028343,0.221301481127739,-0.828271217568599,-0.655015679414579
YCR057C,0.548505783081055,-0.262983351945877,0.0545926762086595,0.0434541781699756,0.454785078763962,0.643439130485058,-0.342193792701936,-0.191492532499998
YCR059C,0.265593618154526,-0.581591784954071,0.0438294339919493,0.070967258201476,0.189290651803215,0.365389756858349,-0.722870954750174,-0.437243646399172
YCR061W,0.613944709300995,-0.214269414544106,0.064387280614524,0.0457316701747023,0.500323939820131,0.736648785074552,-0.300748717245719,-0.132739530401942
YCR065W,0.262197434902191,-0.583911299705505,0.0283225290894413,0.0470447051169626,0.213416990141074,0.315677970647812,-0.670771009423282,-0.500755723967486
YCR066W,0.0544099621474743,-1.26801478862762,0.007086192154856,0.0567499002781908,0.041982447138677,0.0686243172114094,-1.37693225197426,-1.16352196365
YCR067C,0.388286411762238,-0.413071244955063,0.0392344045005613,0.0440047101101043,0.321926917384068,0.459846258660158,-0.492242709494243,-0.337387344982534
YCR068W,0.102466285228729,-0.992339432239532,0.0118994973365255,0.0504117530509254,0.0818455627188086,0.126684104651213,-1.08700486541603,-0.897277876018834
YCR069W,0.689483642578125,-0.164576753973961,0.0823227465940282,0.0519862016811826,0.544952929019928,0.853667097787062,-0.263641008823831,-0.0687114618855027
YCR072C,0.52092319726944,-0.285635739564896,0.0548048357203648,0.0457981617225214,0.427964666982492,0.620949587225914,-0.368592086765811,-0.206943661214416
YCR075C,0.13288839161396,-0.882286906242371,0.0218534501026009,0.0707682567737927,0.0963604986046751,0.181080430746078,-1.01610096347736,-0.74212848109515
YCR076C,0.345551282167435,-0.466929256916046,0.0551991371076975,0.0686636522022367,0.251783692588409,0.46491476893425,-0.598972483906633,-0.332626657377314
YCR077C,0.771016478538513,-0.115172646939754,0.0780516816855672,0.0441587325528428,0.637685120105743,0.909939414262772,-0.195393716823882,-0.0409875280322947
YCR079W,0.0280875731259584,-1.55636703968048,0.00422722721747879,0.0651563050192091,0.0207971065615614,0.0374628293327987,-1.68199708952145,-1.42639943064152
YCR081W,0.074349470436573,-1.1309916973114,0.00758433626409372,0.0444967899922742,0.0612403564155102,0.0880692128712932,-1.21296229039639,-1.05517588544351
YCR084C,0.925149023532867,-0.0360766649246216,0.0947289024142681,0.0446793133816211,0.760277085502942,1.10114531119665,-0.119028131684419,0.0418446219716723
YCR088W,3.45345497131348,0.535949885845184,0.355368904092348,0.0447895391692716,2.8474862575531,4.09581125577291,0.454461636778089,0.61233993509614
YCR092C,0.119526855647564,-0.924866497516632,0.0123596526957869,0.0450965372733975,0.0984622829283277,0.142269808923205,-1.00673010031483,-0.846887259876842
YCR094W,0.319066673517227,-0.498879045248032,0.0359719584824327,0.0490242476415375,0.256388156612714,0.38996863613526,-0.591102056608364,-0.408970321830912
YCR095C,0.158412396907806,-0.803345382213593,0.0190693255654648,0.0521894865778614,0.125680408999324,0.196852690478166,-0.900732442918114,-0.705858645548604
YDL240W,0.0947166606783867,-1.0259006023407,0.0097905366520226,0.0450331279512294,0.0778211513534188,0.113068501402934,-1.10890234816473,-0.946658372450809
YDL238C,0.0401116870343685,-1.40108239650726,0.00570127819246142,0.0615223948829347,0.0302874800593903,0.052040847328802,-1.51873685914892,-1.28365564093251
YDL237W,0.556361079216003,-0.257354974746704,0.0621262566398118,0.0485930841636425,0.44890101402998,0.677045284708341,-0.347849414871299,-0.169382282253346
YDL236W,1.16651487350464,0.0636627450585365,0.142312632246547,0.0529993275666371,0.917622768878937,1.45250976085663,-0.0373358188748104,0.162119059528412
YDL233W,0.125900790095329,-0.903096079826355,0.0151102421875309,0.0521328112410584,0.0997703408822417,0.156324836363395,-1.00099854410305,-0.805972017268819
YDL231C,0.00956979673355818,-2.02281475067139,0.00125262825287393,0.0569422067569063,0.0074141841653424,0.0120307819219306,-2.12993663084561,-1.91970615069446
YDL230W,0.142606109380722,-0.849375665187836,0.0181904654087554,0.0552310413692713,0.111241174302995,0.180611822009087,-0.953734540464321,-0.743253827714007
YDL227C,0.685751438140869,-0.166172802448273,0.0710423754206221,0.0451642500042549,0.562013870477676,0.817634105682373,-0.250252997423086,-0.0874410012593504
YDL226C,1.97522675991058,0.292737245559692,0.227260771417965,0.0500868164664296,1.58283686637878,2.43305504520734,0.199436157008708,0.386151934470207
YDL225W,0.69780433177948,-0.158592626452446,0.0720468153292496,0.0450436015749172,0.574703101813793,0.828745681544145,-0.240556477834063,-0.0815787241453414
YDL224C,0.279844760894775,-0.555434882640839,0.0290700506248125,0.045284222234957,0.230005957434575,0.332967800895373,-0.638260915084563,-0.477597768421737
YDL222C,0.0110517106950283,-1.97101879119873,0.0028368771815016,0.113121248572937,0.00626884726807475,0.0172146513592452,-2.20281231102567,-1.76410181164603
YDL218W,0.00725445384159684,-2.15544939041138,0.00197226085693343,0.119075620615399,0.00398910712683573,0.011771863217776,-2.39912430232616,-1.9291548148528
YDL216C,0.0623273327946663,-1.209028840065,0.00813648681288882,0.0568735885281225,0.0478273182176054,0.0787608725950122,-1.32032397166597,-1.10368949582361
YDL215C,0.258435875177383,-0.589915454387665,0.0263399893391622,0.044462142408524,0.213329450413585,0.3061179228127,-0.670949186482986,-0.514111248262194
YDL214C,0.00155922572594136,-2.82804989814758,0.000483743570951354,0.136868388166506,0.000750670489893916,0.00270091844722629,-3.1245506622652,-2.56848853883847
YDL211C,0.0369034297764301,-1.43820190429688,0.00577053789514504,0.0677574839764898,0.0268206813838333,0.0492141200850408,-1.57153040102034,-1.30791038455445
YDL209C,0.104461513459682,-0.985443353652954,0.0148602563871342,0.0619522583108341,0.0784041141470273,0.135250987981757,-1.10566114971494,-0.868859567101922
YDL205C,0.473344624042511,-0.328103214502335,0.0583012112804508,0.0534116338498824,0.372141087551912,0.591886230309805,-0.429292391398551,-0.227761973333259
YDL204W,0.0184544697403908,-1.74040114879608,0.00321828910773189,0.0751829168085381,0.0129986423378189,0.0255151726305485,-1.88610201768518,-1.59320148897231
YDL199C,0.0257717110216618,-1.59215915203094,0.00317581637740539,0.0536682067301901,0.0201327030546963,0.0321454773967465,-1.69609791387552,-1.49288013738184
YDL198C,0.390006631612778,-0.412771970033646,0.0519142754940029,0.0578595032384061,0.29874324798584,0.499965479473273,-0.524701901594028,-0.301060009455663
YDL197C,0.0298155490309,-1.52935814857483,0.00394382463431124,0.0575769959103555,0.0228809994024535,0.0381619669497013,-1.64052501757273,-1.41836924892113
YDL193W,0.50561648607254,-0.299172401428223,0.0594428371345713,0.0510176032115097,0.40240685120225,0.62253815283378,-0.39533463781289,-0.205834048673048
YDL190C,0.396921992301941,-0.403472483158112,0.039658728800138,0.0435555418426817,0.329893261194229,0.467107071230809,-0.481626555797645,-0.330583560772946
YDL189W,0.313338965177536,-0.506582319736481,0.0342590432614737,0.0475498658500059,0.2538101144135,0.379258243491252,-0.595491078000746,-0.421064972676759
YDL186W,0.00150718179065734,-2.9295802116394,0.00103163727442276,0.326100404412844,0.000237529687486434,0.00412144420746093,-3.62428212003516,-2.38495103089607
YDL183C,0.0396059490740299,-1.40803325176239,0.00650938688394134,0.0709268040302559,0.0287064177915454,0.0538796054199338,-1.542021001013,-1.26857560072119
YDL178W,0.441201716661453,-0.358059853315353,0.0491486898454268,0.0484617531146781,0.356482162326574,0.534022828936577,-0.447962235865803,-0.272440176985667
YDL175C,0.237093523144722,-0.628279030323029,0.0288149747812926,0.0527414763049088,0.186077092339595,0.296671405434608,-0.730307102347385,-0.527724311025858
YDL174C,0.324162006378174,-0.491642624139786,0.0340249441516195,0.045773437406244,0.2654183725516,0.386680608491103,-0.57606901881841,-0.412647624578541
YDL173W,0.981884002685547,-0.0115110762417316,0.126659501249786,0.0556325886236667,0.764124905069669,1.26021939317385,-0.116835645159918,0.100446157476472
YDL171C,1.1620717048645,0.0631799101829529,0.112765234472797,0.0422945434489085,0.971522363523642,1.35873179733753,-0.0125472006481618,0.133133728217323
YDL170W,0.056172639131546,-1.25361597537994,0.00676192133309824,0.0522690392848713,0.0445275381207466,0.0694288033992052,-1.35137131587554,-1.15846038068416
YDL168W,1.56422972679138,0.191327631473541,0.182846883654045,0.0509023437589286,1.24824848473072,1.92089259624481,0.0963010468596277,0.283503082632528
YDL160C,2.32382345199585,0.363660842180252,0.251568596925955,0.0470319420384981,1.90128837525845,2.81214904785156,0.279047984544965,0.449038335175679
YDL156W,0.116130992770195,-0.938113689422607,0.0137607869027464,0.0516859716586717,0.0915738927200437,0.1429603099823,-1.03822832473668,-0.844784518816232
YDL155W,0.188129901885986,-0.728603661060333,0.0223006954186452,0.0516989954052616,0.148390044644475,0.232524827122688,-0.828595246619353,-0.633530669841803
YDL148C,0.58224493265152,-0.237101078033447,0.0585280566703894,0.0438813711273138,0.482025141020616,0.682644806802273,-0.316930309722119,-0.165805217306595
YDL147W,1.7870796918869,0.249647632241249,0.191436638657976,0.0466153133901686,1.45647111634413,2.15824032624563,0.163301783337457,0.334099802790541
YDL146W,0.0760819613933563,-1.12159013748169,0.00873235448530998,0.0500496817725349,0.060637887318929,0.0931047828868032,-1.21725593904335,-1.03102801465873
YDL145C,1.65711736679077,0.217260137200356,0.162464408002777,0.0426945457952437,1.38579082091649,1.9480147143205,0.141697680327934,0.289592231993141
YDL144C,0.397469580173492,-0.40366467833519,0.0463845804625116,0.050877614929301,0.31491459608078,0.489157855014006,-0.501807209711174,-0.310550983033657
YDL143W,1.75514900684357,0.24189804494381,0.184734604390836,0.0458888109744493,1.43333860536416,2.09960358142853,0.156348798253055,0.32213730393851
YDL142C,0.109733045101166,-0.965074717998505,0.0173856433896563,0.0685823312815738,0.0800041332840919,0.146819857383768,-1.09688757530677,-0.833215298788819
YDL141W,0.299174338579178,-0.52646017074585,0.0312579766911325,0.045597980055962,0.244678807755311,0.355936179310083,-0.611403645310998,-0.44862786634585
YDL133W,0.0872843787074089,-1.06227874755859,0.0106109838153612,0.0529620347119671,0.0683837662140528,0.108583836257458,-1.16504698761281,-0.96423482500353
YDL132W,0.468626916408539,-0.331344068050385,0.0467468038584557,0.0435020957843046,0.388973491887252,0.551089378694693,-0.410079997126957,-0.258777959182438
YDL129W,0.065258115530014,-1.19096648693085,0.0105280413013903,0.0698197970290725,0.0472862381798526,0.0875542935604851,-1.32526526703436,-1.05772255963363
YDL128W,0.792981505393982,-0.103294029831886,0.0859412170820043,0.047211881892625,0.641681373119354,0.956604162355264,-0.192680567330114,-0.0192677373079427
YDL127W,0.174571260809898,-0.761580884456635,0.0223245027353842,0.0556529686563975,0.135264834264914,0.220116447408994,-0.868815097746801,-0.657347505256207
YDL126C,6.26162576675415,0.794506132602692,0.625726825571504,0.0435857086622641,5.20029224157333,7.3856942375501,0.716027694486147,0.86839132416232
YDL124W,2.07066750526428,0.312866747379303,0.253129504599344,0.0531632853443485,1.62549468576908,2.56941704948743,0.210985553475179,0.409834590138548
YDL119C,0.118448525667191,-0.930710911750793,0.0165519903375852,0.0608134170989408,0.0896873539934556,0.151993057007591,-1.04726878868142,-0.818176259762623
YDL117W,0.176364049315453,-0.75587385892868,0.0180462825020428,0.0446171897516799,0.145207104583581,0.209253818293413,-0.838012137004397,-0.679326609848449
YDL116W,0.331505239009857,-0.481679290533066,0.0330594879315911,0.0434912495962511,0.275722870975733,0.389583284904559,-0.55952721511095,-0.409399685196686
YDL115C,0.252687782049179,-0.600769460201263,0.0314342091190691,0.0540214320436007,0.198892172301809,0.315850230058034,-0.701382309454372,-0.500518802439843
YDL114W,0.00207303371280432,-2.74940705299377,0.00113817973229707,0.250600986519415,0.000512640410064099,0.00505433801639204,-3.29018763989282,-2.2963357361396
YDL113C,0.12505991756916,-0.905518054962158,0.0137722342455655,0.0478808862988347,0.101294001750648,0.151649057865143,-0.994416271392176,-0.819160283442607
YDL112W,0.373509585857391,-0.429812014102936,0.0367722902786617,0.0429224094932849,0.311596006155014,0.438725835829973,-0.506408117481998,-0.357806790343845
YDL111C,0.442135989665985,-0.358649432659149,0.0617741422972414,0.0604388981576558,0.335836998869975,0.572695336242517,-0.473871459878995,-0.242076353572293
YDL108W,0.238908842206001,-0.625616788864136,0.0318174456941179,0.0579280729866247,0.183662682771683,0.303713768720627,-0.735979076207476,-0.517535519099693
YDL107W,0.0939683690667152,-1.03072881698608,0.0123032443916558,0.0568423542844352,0.072621083445847,0.11931629019479,-1.13893730813634,-0.923300258752142
YDL106C,0.193556159734726,-0.715823471546173,0.021253194089003,0.0478743066063647,0.156244098270933,0.234598374118408,-0.806196383294683,-0.62967500691998
YDL105W,0.0551224164664745,-1.26212382316589,0.00695898912854826,0.0548333390487512,0.0428184419870377,0.0693866308157643,-1.36836913920745,-1.15872421735009
YDL104C,0.0452665314078331,-1.34816586971283,0.00610151705207136,0.0586247799089912,0.0346079145558178,0.0575345009565353,-1.46082457057938,-1.24007164954265
YDL103C,0.953588306903839,-0.0231082364916801,0.101429398139976,0.0464060642659359,0.773037177324295,1.14179435273012,-0.111799619388889,0.0575878783482302
YDL102W,0.272030919790268,-0.567555248737335,0.0271607634723931,0.0435347999726748,0.22593165487051,0.320635078847408,-0.646022917465097,-0.493988965933332
YDL101C,0.181371331214905,-0.744005918502808,0.0197000370347836,0.0473995684214817,0.146587660411994,0.218810328965386,-0.83390263790013,-0.659932180966957
YDL100C,3.89756631851196,0.588133692741394,0.431261197926082,0.048115580948328,3.14610822399457,4.73953771591187,0.497773657605119,0.675735983610913
YDL093W,0.257670372724533,-0.591282248497009,0.0267423784510777,0.045198709666041,0.212038337811828,0.306185348580281,-0.673585637651162,-0.514015595465331
YDL091C,0.113225109875202,-0.949217975139618,0.0136652434393138,0.0524639951194083,0.0896746251732111,0.140562462930878,-1.04733044380473,-0.85213064364129
YDL090C,0.144520074129105,-0.843328535556793,0.0177498704099521,0.0532037040669133,0.114130505422751,0.180773702884714,-0.942598259938355,-0.742864781756567
YDL089W,0.143010914325714,-0.847214758396149,0.0155969993777273,0.0474463476706921,0.115992265132566,0.173117341846228,-0.93557098547207,-0.761659432032779
YDL088C,0.247343704104424,-0.609147250652313,0.0262212944585658,0.0461706701676589,0.202526968469222,0.297723132868608,-0.693517139107848,-0.526187443160647
YDL086W,1.35273277759552,0.127549633383751,0.176740508523414,0.0563369577191405,1.04619809985161,1.72209918498993,0.0196139165077712,0.236058161202023
YDL084W,6.20585489273071,0.790307819843292,0.66435244345211,0.0466229571891773,5.05721683899562,7.46367085377375,0.703911571812816,0.872952478713024
YDL080C,0.0445967130362988,-1.35388886928558,0.00541459072537386,0.0526809819447297,0.0352514212330182,0.0554721908954283,-1.45282336887271,-1.25592468240015
YDL078C,1.727330327034,0.234336867928505,0.204653299910654,0.0514033908867788,1.37340140342712,2.14816834131877,0.137797486847574,0.332068311277673
YDL077C,0.092434749007225,-1.03646993637085,0.00950372473210802,0.044807285339119,0.0761973631257812,0.109642268717289,-1.11806006291045,-0.960021989904752
YDL076C,0.221519291400909,-0.658684432506561,0.0304257738185266,0.0597568078487137,0.167498301466306,0.284115316222111,-0.775989596109978,-0.546505357108397
YDL074C,0.339917957782745,-0.470938712358475,0.03497470399532,0.0449044955884144,0.280044743170341,0.402991961439451,-0.552772575238017,-0.3947036167455
YDL069C,0.0354363769292831,-1.4730076789856,0.0114704800592123,0.140757716653819,0.01773637002334,0.062798790074885,-1.75113527887808,-1.20204894966238
YDL066W,2.28737258911133,0.356769442558289,0.248533589895892,0.047290549524139,1.85600642760595,2.75920005043348,0.268579469213186,0.440783188885408
YDL065C,0.594332337379456,-0.22927251458168,0.0732223388479806,0.0536445684461326,0.464221536616484,0.740418234964212,-0.333274715255243,-0.130522894239693
YDL063C,0.310817718505859,-0.509975433349609,0.0332611415088313,0.0464624564602635,0.254969923943281,0.375340014696121,-0.593511239199421,-0.425575133334449
YDL060W,0.559722363948822,-0.254377901554108,0.0581645204700248,0.0452362596863706,0.460605060060819,0.666452293097973,-0.336671346488444,-0.176230939134977
YDL059C,0.109069347381592,-0.974129676818848,0.0258717887015573,0.101304345138358,0.0668378505855799,0.1702519501249,-1.17497756345843,-0.768907971667432
YDL058W,0.387133240699768,-0.414312064647675,0.0386183537526668,0.0435157189398151,0.321634475390116,0.455440671990315,-0.492637412204488,-0.341568188426838
YDL057W,0.125697895884514,-0.904444932937622,0.0166170174523187,0.0572631310613355,0.0967621792728702,0.160829998056094,-1.01429436363554,-0.793632971943348
YDL055C,12.5821762084961,1.09689903259277,1.44318831776143,0.0498822930584525,10.0932879368464,15.4121821880341,1.0040326625524,1.18786412491977
YDL052C,0.960823535919189,-0.0210722573101521,0.125756092991353,0.0568989441355554,0.737556494772434,1.21267127692699,-0.132204799138756,0.0837430832162073
YDL051W,2.56157231330872,0.404898077249527,0.330736023789255,0.0560311336077318,1.98311856687069,3.23468613624573,0.297348675177078,0.509832147165638
YDL045C,0.177933916449547,-0.753548920154572,0.0235828163912127,0.0575702888547217,0.137026987969875,0.225652704636256,-0.863193888540419,-0.646559456797104
YDL044C,0.125705406069756,-0.903712570667267,0.014962954911953,0.0516433755269093,0.0993285598233342,0.156083629031976,-1.00292586145489,-0.806642645922801
YDL043C,0.251994639635086,-0.603581309318542,0.038293740791629,0.0657550847961978,0.185195049022635,0.331973537057638,-0.732370638658837,-0.478896534512891
YDL042C,0.134796515107155,-0.873048841953278,0.0150870862109052,0.0487662877481167,0.108055466599762,0.164267908533414,-0.966353257745964,-0.78444727375037
YDL040C,0.937920033931732,-0.0301819033920765,0.09747109981296,0.0452048160811563,0.773478599389394,1.12087853153547,-0.111551699048916,0.0495585272727362
YDL037C,0.00115457945503294,-3.05933856964111,0.000851118229920687,0.346138459153004,0.000156881244038232,0.00335425397885653,-3.80442897545452,-2.47440426020981
YDL036C,0.130583465099335,-0.887221097946167,0.0156204903509731,0.0520317189450367,0.103608707959453,0.161544621487459,-0.984603745514408,-0.791707497606206
YDL033C,0.0470260754227638,-1.33164203166962,0.0063728942078112,0.0588956762810907,0.0357116907835007,0.0601868021301925,-1.44718958748402,-1.2204987369573
YDL031W,0.602950930595398,-0.221925735473633,0.0606506884331747,0.0438735495176257,0.499490881214539,0.710246738791466,-0.301472436009634,-0.148590752709062
YDL030W,0.12360804527998,-0.910651445388794,0.0137522693450921,0.0485055040392946,0.0994358728329341,0.149607796594501,-1.0024569426251,-0.825045773782552
YDL029W,1.63178277015686,0.209877461194992,0.185021751581362,0.0491898300341248,1.31643762886524,2.00260722438494,0.119400287008247,0.301595777147094
YDL028C,0.105297841131687,-0.980038404464722,0.0111548805796298,0.0463425802745899,0.0855693589275082,0.125673897067706,-1.06768172189892,-0.900754919151397
YDL025C,0.10602542757988,-0.977369248867035,0.0119495104144725,0.0492577179984231,0.0844388350223502,0.128688016285499,-1.07345783738061,-0.890461917339544
YDL022W,3.30750584602356,0.516756057739258,0.37215300514651,0.0488519205285854,2.6621510207653,4.04958279530207,0.42523266069033,0.60741028208769
YDL021W,0.142821788787842,-0.8496173620224,0.0204288810013265,0.0619301578737983,0.107298305133979,0.184329239651561,-0.969407192765302,-0.734405800885001
YDL020C,0.525847971439362,-0.281590044498444,0.0558094898133785,0.0461947837062578,0.430551451692979,0.633192552626133,-0.365974953743951,-0.198464208898992
YDL019C,0.292114317417145,-0.536632001399994,0.0292356566739964,0.0436282748660717,0.242358982563019,0.343915270020564,-0.615540879364954,-0.463548540847646
YDL017W,0.0859086215496063,-1.06874334812164,0.00972836471705079,0.0491796144934878,0.0690843103453517,0.105109491447608,-1.16062057407164,-0.978358065181855
YDL014W,8.75666999816895,0.939284086227417,1.03911154495021,0.0515602249488909,6.94294885396957,10.8195769230525,0.841543960923063,1.03421023597992
YDL013W,0.111714601516724,-0.954616129398346,0.0124997821617517,0.048708707694171,0.0899430312837164,0.135909761985143,-1.04603248046856,-0.866749357265419
YDL007W,1.95295679569244,0.288127362728119,0.211774586778606,0.0473057776332588,1.58902208209038,2.35076880455017,0.201129922052825,0.371209918854674
YDL006W,0.345390319824219,-0.465775817632675,0.0476036803902748,0.0595522954929065,0.262693613767624,0.446813688923915,-0.580550485033471,-0.349873543937304
YDL005C,0.226929560303688,-0.647073924541473,0.0264986841068645,0.0508444443298027,0.180411502718925,0.279543271660805,-0.743735776061824,-0.553550965738138
YDL003W,0.408677667379379,-0.391186505556107,0.0444545958213642,0.0472511729498185,0.332893831034501,0.495135667920113,-0.477694253106032,-0.305275788753683
YDL001W,0.174951985478401,-0.7602698802948,0.0211933422687512,0.0527190367150156,0.138005639115969,0.216447677587469,-0.860103207872383,-0.664647104971511
YDR005C,0.224226042628288,-0.652279615402222,0.0261592602842661,0.0508840213298484,0.177793122579654,0.275670539587736,-0.75008504250176,-0.559609660794391
YDR006C,0.152268528938293,-0.819709658622742,0.0156804568394676,0.045035914607185,0.124772446726759,0.180145150919755,-0.903881317855052,-0.744377428256484
YDR014W,0.0413878858089447,-1.38611578941345,0.00485625738771634,0.051023159252092,0.032907401304692,0.0509086346253753,-1.48270641257272,-1.29320855205231
YDR017C,0.216622710227966,-0.666512668132782,0.0218263537017451,0.0439804995914727,0.178787738084793,0.254804946482182,-0.747662270018409,-0.593792148406477
YDR018C,0.00740223005414009,-2.14363193511963,0.00181691702123597,0.106933859384982,0.00441400206182152,0.0114797298486034,-2.35516766179284,-1.94006833374718
YDR019C,1.0978821516037,0.0378087721765041,0.123392150491726,0.0489186425435653,0.883024250964324,1.33969566027323,-0.0540273690324887,0.12700614810663
YDR020C,0.164640814065933,-0.791758358478546,0.0324745946717672,0.0848706302599441,0.109881795942783,0.236502875139316,-0.959074250947266,-0.626163613050451
YDR021W,0.148258820176125,-0.831952333450317,0.0173224776988694,0.0509084543433797,0.117301899380982,0.182250902056694,-0.930694956809007,-0.739330313450179
YDR026C,0.0965851172804832,-1.01766729354858,0.0105100022345659,0.0473897923669326,0.0780101298665007,0.116883155144751,-1.10784900195602,-0.932248073943401
YDR028C,0.447797805070877,-0.35101330280304,0.0438628389733014,0.0427398681640625,0.372873902320862,0.524558205405871,-0.428438012119172,-0.280206325027319
YDR034C,0.12006413936615,-0.92305314540863,0.0127972365041966,0.0463495431806077,0.0985062066465616,0.143909159799417,-1.00653640517961,-0.841911562411492
YDR035W,1.3103141784668,0.114657424390316,0.146475963351016,0.0486481640420423,1.0517463584741,1.59539423286915,0.0219110169845718,0.202868017396632
YDR036C,0.400788873434067,-0.399589747190475,0.0429894616863156,0.0467421392234605,0.326903381446997,0.481998154520989,-0.48558058714954,-0.316954627642632
YDR044W,0.8268763422966,-0.0856623873114586,0.0989191412697866,0.0519701923394147,0.655905944605668,1.02674887776375,-0.183158437881525,0.0114642367983691
YDR046C,0.55371630191803,-0.258998543024063,0.0567572416741532,0.0446090978782517,0.458512395620346,0.657017707824707,-0.338648918932352,-0.182422925254648
YDR047W,0.509379029273987,-0.296136677265167,0.061528875473929,0.052654587909745,0.399931781490644,0.634230169653893,-0.398014082641699,-0.197753119982823
YDR049W,0.197497338056564,-0.706815302371979,0.0206179499678508,0.0455095244769171,0.162333436806997,0.235699672500293,-0.789592076960765,-0.627641027146229
YDR050C,37.7642784118652,1.57191443443298,5.85900291787352,0.0669765804561732,27.8286948045095,50.2726975758871,1.4444928238032,1.7013321869412
YDR052C,0.152804851531982,-0.818249642848969,0.0160115963823454,0.0455947656140872,0.124962970614433,0.18306505891184,-0.903218659314072,-0.737394540302762
YDR054C,1.00015473365784,-0.003133331425488,0.121453535207107,0.0528131267832067,0.785384837786357,1.2512601484855,-0.104917492410582,0.0973476087632164
YDR055W,1.39913034439087,0.143266901373863,0.15267494464951,0.0475006250564646,1.14141964912415,1.69255654315154,0.057445344498851,0.228543185751193
YDR057W,0.233592674136162,-0.634172976016998,0.0257386181571651,0.047837243078521,0.190344277024269,0.28285017311573,-0.720460190446069,-0.548443558192629
YDR058C,0.0626776218414307,-1.20787680149078,0.00952062045053806,0.0659700364645185,0.045783895223091,0.0831635103871426,-1.33928726937945,-1.08006726694585
YDR060W,0.76171875,-0.120368532836437,0.0758357947970987,0.0434173003212617,0.63367970486482,0.89824783106645,-0.198130214937552,-0.0466038233696414
YDR061W,0.208798602223396,-0.68283075094223,0.0226354312715737,0.0472400675001922,0.169404606893659,0.250606321543455,-0.771074786434944,-0.601007981078494
YDR072C,0.301300853490829,-0.523573756217957,0.0327624003793242,0.0473728317778011,0.245561666041613,0.363266737014055,-0.609839429378649,-0.439774368753991
YDR074W,0.825620889663696,-0.0854528173804283,0.0835413587023266,0.0441241994400521,0.684597671031952,0.974327557782332,-0.164564582644376,-0.0112950137356755
YDR075W,0.259105622768402,-0.590380966663361,0.0346005701340274,0.0579365812323177,0.199493318796158,0.332059778024753,-0.700071644631615,-0.478783786975435
YDR077W,10.4812154769897,1.01748239994049,1.21765669666166,0.0504821695247732,8.33553814888,12.8796684106191,0.920933643460923,1.10990467675983
YDR080W,0.124487511813641,-0.907183885574341,0.0128107019451548,0.04490194448681,0.102716542780399,0.148247527951996,-0.988359606454572,-0.829012545058995
YDR081C,0.144980177283287,-0.841106057167053,0.0152760774900695,0.0458670645892303,0.118522666394711,0.17340335175395,-0.926198586794724,-0.760942512204768
YDR087C,1.27355968952179,0.101349584758282,0.166137078681379,0.0564513496945437,0.984787148733934,1.62309353550275,-0.00665762775160781,0.210343547976413
YDR088C,0.155774652957916,-0.810580432415009,0.0185693914727086,0.0517587481720039,0.123817377661665,0.194035188853741,-0.907218398480077,-0.712119510705329
YDR089W,0.273774117231369,-0.564840257167816,0.0276896112139771,0.0441375118925919,0.226594439397256,0.322865348805984,-0.644750754279658,-0.490978563071779
YDR090C,0.221979543566704,-0.657418429851532,0.0291072230306342,0.0570218272786023,0.170751601457596,0.28237584233284,-0.76763521443451,-0.549172460560439
YDR091C,1.50175273418427,0.174269691109657,0.155260913271805,0.0450262122668566,1.23943185806274,1.79017901420593,0.0932226549595666,0.252896461703092
YDR093W,0.250456601381302,-0.603362202644348,0.0245075082582201,0.0427635369752793,0.208881900956233,0.292223697155714,-0.680099190029091,-0.534284569110468
YDR097C,0.290834158658981,-0.53857958316803,0.0293666921633701,0.0440313331793242,0.240547825023532,0.343145557989677,-0.618798586560488,-0.464521620591392
YDR098C,2.4987199306488,0.39301124215126,0.368745077229631,0.0640003309744234,1.85582885245482,3.26229050954183,0.268537917488482,0.513522581666028
YDR101C,0.957235276699066,-0.0213914718478918,0.100555447707223,0.0458549130818221,0.783578631778558,1.14120930830638,-0.105917416960965,0.0573653028111926
YDR103W,0.152890115976334,-0.817911803722382,0.0156609960640926,0.0447201787774007,0.125961755216122,0.181017722189426,-0.899761296310711,-0.742278904795025
YDR105C,0.225055769085884,-0.650519728660583,0.0255953895057697,0.0494700907656852,0.180248111486435,0.274836427966754,-0.744129276818336,-0.560925708048035
YDR106W,0.0141109619289637,-1.86711621284485,0.00394434347798948,0.121065063308861,0.00770551242943232,0.023446630500257,-2.11319848320141,-1.62991960512282
YDR107C,0.136827692389488,-0.866315305233002,0.0146550024739242,0.0465470029376827,0.111879773251712,0.164868673558036,-0.951248422517873,-0.782861856190061
YDR108W,0.0966087132692337,-1.01765549182892,0.0107127128674783,0.0482003482284669,0.0778280856708686,0.117187820374966,-1.10886365171514,-0.93111752329073
YDR109C,0.073948934674263,-1.13362050056458,0.00801427768463517,0.0471541566153425,0.060327267460525,0.0891961455345154,-1.21948634733747,-1.04965391450687
YDR110W,0.174105376005173,-0.761735737323761,0.0188165556315898,0.0471134281154577,0.141746958220998,0.210175803676248,-0.848486252897313,-0.677417283248737
YDR111C,0.106110312044621,-0.976906418800354,0.0117304353766708,0.0482114836054997,0.0857017616430918,0.128064527114232,-1.06701025221429,-0.892571270876933
YDR113C,0.274047642946243,-0.565128922462463,0.0319823326954071,0.0506951284972526,0.218541384364168,0.339318096637726,-0.660466311097708,-0.469392977783928
YDR116C,0.370678186416626,-0.435129135847092,0.0511925869259404,0.0599257989833292,0.280764452616374,0.47572506989042,-0.551657879573957,-0.322643962642874
YDR117C,0.377902090549469,-0.425143271684647,0.0406784463712894,0.0468775952137332,0.308422124137481,0.455260344346364,-0.51085447777776,-0.341740179505274
YDR118W,0.0757611840963364,-1.1233868598938,0.00865058201658659,0.049615664909389,0.0607709225888054,0.0928050031264623,-1.2163041780979,-1.03242861638864
YDR122W,0.211539328098297,-0.676913619041443,0.0217262090037304,0.0448227727361739,0.174540357788404,0.250956813246012,-0.758104138327165,-0.600401010720855
YDR123C,0.110542759299278,-0.96055656671524,0.0152177057325929,0.0596073086562926,0.0843547806143761,0.14347845899562,-1.07389029973033,-0.843213297182006
YDR124W,0.00537549052387476,-2.29349684715271,0.00179088921501639,0.145903325030923,0.00257043074234389,0.009548098493057,-2.58999419072424,-2.02008321704819
YDR125C,0.0181632339954376,-1.74593460559845,0.00278998052863314,0.0669491955239449,0.0132069811224937,0.0239841211587191,-1.87919644292112,-1.62007619111191
YDR127W,1.18386828899384,0.0712212398648262,0.115675703414331,0.0425981844559269,0.990425674120585,1.39070507685343,-0.0041781103293101,0.143235040069972
YDR128W,0.0818099975585938,-1.08947706222534,0.00837118388083275,0.0445735451339263,0.0675429535408815,0.0972241792827845,-1.17041995256354,-1.01222571490937
YDR129C,2.71498465538025,0.431517332792282,0.275811111087098,0.0442754214845086,2.24006169637044,3.21463990211487,0.35025997814353,0.507132331137907
YDR130C,0.175670385360718,-0.759950995445251,0.0257698225213359,0.0636189258145407,0.131439845512311,0.230853595584631,-0.881272961890321,-0.636663746312671
YDR132C,0.0514693707227707,-1.29228448867798,0.00684320593469933,0.0578116956538874,0.0393405222954849,0.0657571443667015,-1.40515988376409,-1.18205705687416
YDR135C,0.541861355304718,-0.268216490745544,0.0532080866618875,0.0428174685484856,0.451656607290109,0.63506582180659,-0.345191642594557,-0.197181261849021
YDR137W,0.109218917787075,-0.964244604110718,0.0117989030424628,0.0470764703205022,0.0885524872069558,0.131967954213421,-1.0527992923679,-0.879531516299475
YDR138W,0.152970656752586,-0.81777012348175,0.0159552010373156,0.0455462891694765,0.125167168676853,0.181820340330402,-0.902509578543126,-0.740357533950642
YDR141C,0.238915279507637,-0.623860716819763,0.0234494886432826,0.0428472203712366,0.199180804317196,0.279599219560623,-0.700752524791398,-0.553464045161649
YDR142C,0.0643503367900848,-1.19564747810364,0.00895680276394849,0.0604812782022529,0.0485966165550053,0.0828586813683311,-1.31339396685412,-1.08166198248439
YDR143C,0.235517874360085,-0.630374014377594,0.0246943089086798,0.0457441674470976,0.192592547585567,0.281184386461973,-0.715360522096751,-0.551008798549772
YDR144C,0.588573932647705,-0.232622385025024,0.0621014437769721,0.0459377369136605,0.482593476772308,0.705980711181959,-0.316418552756569,-0.151207205009675
YDR146C,0.375159591436386,-0.428181350231171,0.0393402728733563,0.0457256264803417,0.305612541238467,0.448407684018215,-0.514828832568908,-0.348326956139457
YDR147W,0.166903764009476,-0.780068337917328,0.0180116537415488,0.0470047486213191,0.135670941695571,0.201034209753076,-0.86751316353024,-0.69673003291687
YDR148C,1.02661883831024,0.00887462496757507,0.110790972921902,0.0469939812970282,0.834240334232648,1.23958876530329,-0.0787088173902387,0.0932775770756452
YDR150W,0.326951533555984,-0.487668067216873,0.0324308466275688,0.0433382986690686,0.271793226152658,0.382319689293702,-0.565761371755489,-0.417573340763579
YDR151C,0.34442138671875,-0.466087400913239,0.0416535275140016,0.0526245616256913,0.270698197931051,0.429146159440279,-0.567514636268051,-0.367394776739593
YDR152W,0.98181027173996,-0.0116687156260014,0.128395259865439,0.0566917817346417,0.755742530028025,1.25490727921327,-0.121626144657699,0.0986116243988578
YDR153C,0.645851731300354,-0.192450255155563,0.0703679601176476,0.0474304234562746,0.522961258888245,0.782340880731742,-0.281530482593997,-0.106603975422396
YDR158W,6.42607831954956,0.805005013942719,0.747762122874448,0.0506097322454619,5.12073733409246,7.91430303653081,0.709332499055618,0.898412672334231
YDR161W,0.694275915622711,-0.161098405718803,0.0763240266625019,0.0478739005129384,0.562549852331479,0.84167575587829,-0.249838994495602,-0.0748551838293619
YDR162C,0.398584485054016,-0.405884057283401,0.0689139182555546,0.0745941818206427,0.279261306176583,0.547838387886683,-0.553989237554552,-0.261347542135649
YDR164C,0.193592429161072,-0.715417981147766,0.0199232110342181,0.0448392309967306,0.158605110024412,0.230645506580671,-0.799682826966706,-0.637055003663425
YDR165W,0.807662963867188,-0.095280833542347,0.0867624326392062,0.0467573567179405,0.656063939630985,0.975746860603492,-0.183053837150502,-0.0106628519214485
YDR166C,0.148443147540092,-0.830713212490082,0.0151359823263134,0.0445026945069541,0.122153290795783,0.176236599683762,-0.913094830964613,-0.753903895072138
YDR170C,0.876325309276581,-0.0594052076339722,0.0852394936254526,0.0425203317199763,0.729827895760536,1.0216130822897,-0.136779543002867,0.00928641307544646
YDR171W,0.348839044570923,-0.460217326879501,0.0398887613191187,0.049767031178153,0.278630965699752,0.428233355283737,-0.554970628845683,-0.368319508336551
YDR173C,0.115408070385456,-0.941343724727631,0.0148395803047337,0.0558220728789496,0.0894464856013656,0.145628626892964,-1.04843671842162,-0.836753246185366
YDR174W,1.81990349292755,0.254858911037445,0.28352234049055,0.06710485126716,1.33202826976776,2.43714530467987,0.12451344200685,0.386881385396926
YDR175C,0.410975575447083,-0.389362245798111,0.0499078649575775,0.0525089408010893,0.326313178241253,0.513504367073377,-0.486365388739483,-0.289455869559227
YDR176W,0.148288011550903,-0.831249892711639,0.0154022175414925,0.0453295171164585,0.12152611395965,0.175851513197025,-0.915330390616415,-0.754853890240642
YDR180W,0.0836255848407745,-1.07996118068695,0.00858094337425261,0.0447705482560111,0.0690808656935891,0.0991413584599892,-1.16064222975046,-1.00374513569611
YDR184C,0.226338505744934,-0.649504423141479,0.0317851948637656,0.0609039498551005,0.170407550533613,0.294250913709402,-0.768511306292423,-0.531282180339609
YDR186C,0.205406934022903,-0.689768433570862,0.0214677083598339,0.0455699232798644,0.168411813800534,0.244566218803326,-0.773627446834355,-0.611603531338205
YDR189W,0.570843517780304,-0.245813131332397,0.0589332362040437,0.0450952465203274,0.469776650518179,0.678568618992965,-0.328108573087253,-0.168406288450791
YDR191W,0.0688694268465042,-1.1663852930069,0.00983700481719161,0.0619950347143188,0.0517516488519808,0.0895988130321105,-1.28607581733082,-1.04769774426472
YDR194C,0.559586048126221,-0.254466027021408,0.0578150584324932,0.0451198470789121,0.459894411762555,0.662651816507181,-0.337341873659529,-0.178714607181133
YDR195W,0.218530669808388,-0.663226842880249,0.0245528923035961,0.0488435410959129,0.175603353356322,0.265394472827514,-0.755467200794453,-0.576108139280444
YDR196C,0.196531668305397,-0.713218569755554,0.0346840280624223,0.0759411919494983,0.137878847246369,0.272562958796819,-0.860502359894809,-0.564533207423932
YDR197W,0.0579448603093624,-1.24087071418762,0.0077646661217754,0.0581538175535907,0.044502734237661,0.0740131442124645,-1.35161330765237,-1.13069114674271
YDR198C,0.0916227027773857,-1.04112505912781,0.0110108429862904,0.052130745626266,0.0727071058625976,0.113731882969538,-1.13842314465356,-0.944117773013592
YDR200C,0.0900421366095543,-1.04843270778656,0.0103403668967307,0.0500772744261268,0.0715871611610055,0.109772013562421,-1.14516486943387,-0.959508410349102
YDR202C,0.163419231772423,-0.790071070194244,0.0204016621895506,0.0541693673965963,0.128034238517284,0.205432357266545,-0.89267387724684,-0.687331152548533
YDR204W,0.294045805931091,-0.534934282302856,0.0365843111326759,0.053954042450644,0.230177477002144,0.369303986430168,-0.637937174590838,-0.432616004413578
YDR206W,0.130851775407791,-0.885524988174438,0.0134553835962973,0.0448064227503997,0.107526618801057,0.155732537433505,-0.968484016852499,-0.807620640711578
YDR211W,0.797138035297394,-0.100767485797405,0.0818609473721295,0.0447916730314258,0.658212785422802,0.947592026988665,-0.181633686027331,-0.0233786105600307
YDR212W,2.28820157051086,0.356951683759689,0.246940028100673,0.047087641549404,1.85311659971873,2.74501885771751,0.267902746260502,0.438545331206449
YDR214W,1.89217483997345,0.27405709028244,0.218814125198827,0.0502836695657041,1.51591495672862,2.32238125801086,0.180674837901343,0.365933518011653
YDR217C,0.142305046319962,-0.849093973636627,0.0146495495811169,0.0449079149779736,0.11808055639267,0.168413832783699,-0.927821609131324,-0.773622240301286
YDR218C,0.00638423580676317,-2.20770263671875,0.00155114064827159,0.106172119200694,0.00378567468530188,0.00982672952425977,-2.42185671726632,-2.00759100673015
YDR219C,0.221109077334404,-0.658105432987213,0.0247165490088663,0.04859294760753,0.178449332714081,0.270032380272945,-0.748485071687779,-0.568584307394162
YDR221W,0.288919448852539,-0.541610538959503,0.030223938637164,0.0455965298830768,0.237561658521493,0.344914938012759,-0.624223704354165,-0.462288022600323
YDR222W,0.208471089601517,-0.68384575843811,0.0240044722963672,0.0502143170786494,0.16582404114306,0.255096705257893,-0.780352509424049,-0.593295151160243
YDR223W,0.00667420029640198,-2.18525266647339,0.00140820104674633,0.0919908442470051,0.00429984484411155,0.00970437887590379,-2.36654721796852,-2.0130323682901
YDR228C,0.20162308216095,-0.698131501674652,0.02230094337939,0.0482854922909165,0.161840076372027,0.2439340899388,-0.790913971118786,-0.612727502559801
YDR233C,3.46254658699036,0.535666167736053,0.456810922577943,0.0568366174395026,2.69252819021543,4.44051844676336,0.43016021421619,0.647433656448021
YDR234W,0.485292822122574,-0.316423237323761,0.0512127948361614,0.0459873272100128,0.39759199966987,0.579157140851021,-0.400562363118724,-0.237203595625645
YDR235W,0.0965865775942802,-1.01783263683319,0.0108525475601785,0.0489844204934379,0.0770600544288755,0.117588710971177,-1.11317068994111,-0.929634370427292
YDR237W,0.273755937814713,-0.566992402076721,0.0389431799990614,0.0614900725583413,0.208089201524854,0.356107431650162,-0.681750473392406,-0.448418988711172
YDR239C,0.140417531132698,-0.85503476858139,0.0148897275776216,0.0463005319300744,0.11426970132937,0.168187707662582,-0.942068925180029,-0.774205748665293
YDR243C,0.109617307782173,-0.962733030319214,0.0120060571308971,0.0477003047315905,0.0881018042564392,0.13219337289532,-1.05501519748362,-0.878790317132097
YDR244W,0.216143921017647,-0.667652666568756,0.0226455351242782,0.0457151181224917,0.176337802906831,0.257989419996738,-0.753654579142324,-0.588398105834853
YDR245W,0.674934029579163,-0.173604711890221,0.0774441496085339,0.0499863467164475,0.537487177054087,0.82970258196195,-0.26963189697307,-0.0810775729352653
YDR247W,0.0908240526914597,-1.04510343074799,0.0112018531618734,0.0536778413067583,0.0710206992303332,0.113161122612655,-1.14861505619367,-0.946302753688601
YDR251W,0.263718575239182,-0.58116739988327,0.0271066536210795,0.0448507310545721,0.217138103519877,0.31339902083079,-0.663263978137525,-0.503902368277217
YDR254W,0.0657665431499481,-1.18557012081146,0.00842793413245412,0.0558689095956273,0.050665706085662,0.0829376426214974,-1.29528590059601,-1.08124851949181
YDR256C,0.00143111008219421,-2.88075280189514,0.000583944681941289,0.182451458560004,0.000532298465259373,0.00281112994028566,-3.27384478599772,-2.55111908115067
YDR257C,0.226981326937675,-0.646549165248871,0.024507151991377,0.047035248842252,0.184447205687563,0.273624471575022,-0.734127947802889,-0.562845064135557
YDR258C,0.66271048784256,-0.180903658270836,0.0668875627995223,0.0440836451103626,0.547079495588938,0.78309041261673,-0.26194958521003,-0.106188093071406
YDR259C,0.0266189482063055,-1.5797278881073,0.00400827942418596,0.0654636835627905,0.0195164183465143,0.0350171294994652,-1.7095998812479,-1.4557194590478
YDR261C,0.456272751092911,-0.34309920668602,0.0471852560133452,0.0449532834422502,0.375907088816166,0.546672648688157,-0.424919487516417,-0.262272654811755
YDR262W,0.495612680912018,-0.309216976165771,0.0703436133634612,0.0616325515879842,0.371493208656708,0.644770136972269,-0.430049282786838,-0.190595106925137
YDR264C,0.617814838886261,-0.211405590176582,0.0629759525091596,0.0444079288308601,0.513618503014247,0.729451604684194,-0.289359340084253,-0.137003544226764
YDR266C,0.422073870897293,-0.376966416835785,0.0438337977455999,0.0453127462281739,0.345806465297937,0.503350821137428,-0.461166904102178,-0.298129226608686
YDR267C,0.283010959625244,-0.551297962665558,0.0338171636726395,0.051982085592188,0.22344088802735,0.350874364376068,-0.650837351320921,-0.454848361099838
YDR268W,0.145334541797638,-0.84052187204361,0.0167467225916379,0.0502066055908418,0.115309098425011,0.178440585980813,-0.938136426799004,-0.748506359444688
YDR270W,0.165174305438995,-0.784282684326172,0.0166742411653685,0.0440544376221606,0.136686331902941,0.195359170436859,-0.864274919993341,-0.709166197561045
YDR272W,1.47270846366882,0.164429396390915,0.191876757626141,0.056686175462727,1.1388847053051,1.86511501371861,0.0564797603055136,0.270705592525247
YDR273W,0.01906643435359,-1.72663533687592,0.00339661989247933,0.0777834459433923,0.0130004109814763,0.0264404757103572,-1.88604291814193,-1.57773073577406
YDR275W,0.030749399214983,-1.53108298778534,0.0092285036882949,0.128930985360593,0.0159138920561721,0.0512693114578724,-1.79822360781286,-1.2901425150553
YDR277C,0.0688326135277748,-1.16567003726959,0.00869534574323552,0.0549617621170844,0.0535302304662764,0.0863773111874859,-1.27140088790588,-1.06360032522036
YDR279W,0.135175451636314,-0.872584879398346,0.017101691600995,0.0551063810064648,0.105288628426691,0.168763093401988,-0.977618552166429,-0.772722528703414
YDR280W,0.641822338104248,-0.195962056517601,0.0799733499938392,0.0542544543124426,0.50079345703125,0.800267748037974,-0.300341353906625,-0.0967646858065573
YDR284C,0.433778822422028,-0.366676032543182,0.0586539336905865,0.0585431516250846,0.330444470793009,0.555426990489165,-0.480901595089648,-0.255373058194039
YDR288W,0.124797984957695,-0.908458709716797,0.0183357875424305,0.0637234763934098,0.093118208895127,0.163884160543482,-1.0309653870102,-0.785463020160203
YDR289C,0.29103296995163,-0.538868010044098,0.0331304909236367,0.0494384812720026,0.23278136725227,0.357013346254826,-0.633051788021923,-0.447315551374556
YDR291W,0.071822889149189,-1.14603757858276,0.00738061289141977,0.0447856714474391,0.0591257965192199,0.0852967798709869,-1.22822299564621,-1.06906736403364
YDR292C,0.481633752584457,-0.319727599620819,0.0510271131416407,0.0461501539157197,0.39191496198376,0.577151668568452,-0.406808174903043,-0.238710044977444
YDR293C,0.537805318832397,-0.271564781665802,0.0538418518206166,0.0437061943599177,0.446457984050115,0.632518477737904,-0.350219407581085,-0.198926788893094
YDR294C,0.481627553701401,-0.31978303194046,0.0515350279449714,0.046611989282554,0.39416312823693,0.580120027065277,-0.404324017145667,-0.236482141438444
YDR295C,0.175222054123878,-0.758872330188751,0.018626025741289,0.0463185034654545,0.143043835957845,0.210410480573773,-0.844530865314168,-0.676932644701996
YDR296W,0.387541741132736,-0.418921083211899,0.0713736541733067,0.0792805829952346,0.266595059633255,0.543970200916131,-0.574147904135068,-0.264424911824133
YDR297W,0.810964822769165,-0.0938030481338501,0.0922346481485279,0.0494047332332695,0.649411177138488,0.995295911033948,-0.18748025772509,-0.00204778173519427
YDR300C,0.839495420455933,-0.0784384235739708,0.08921051253757,0.0462574261183887,0.687799215316772,1.01087832450867,-0.162538323983313,0.00469888439951339
YDR301W,0.179794922471046,-0.747361958026886,0.0177920989235881,0.0432069890254261,0.149353527153532,0.210184368863702,-0.825784522552755,-0.677399585046039
YDR303C,0.266555666923523,-0.576444208621979,0.026981800053542,0.0440921462901687,0.22018632479012,0.316810369491577,-0.657209671107656,-0.499200611996462
YDR307W,0.220925077795982,-0.658103585243225,0.0229328355748328,0.0452395922406059,0.181925725688537,0.263347425063451,-0.740105886555267,-0.579470923778915
YDR309C,0.686765253543854,-0.166203916072845,0.0808598981370451,0.0512251730169464,0.546931445598602,0.84704752266407,-0.262067106324842,-0.0720922237054441
YDR310C,0.187359511852264,-0.729592263698578,0.0190765302136603,0.0444734546529398,0.154309898614883,0.221385422348976,-0.81160621407984,-0.654850981050177
YDR311W,0.232066825032234,-0.636894941329956,0.0248252936531179,0.046797183633624,0.188285261392593,0.277869384239117,-0.725183674387934,-0.556159301341829
YDR313C,0.0756408199667931,-1.12753474712372,0.0129248164048626,0.0740582242216336,0.0531377755105495,0.103178015289207,-1.27459663027415,-0.986412858491097
YDR315C,0.0288047324866056,-1.55140483379364,0.00645129286911073,0.0977385793783286,0.0176940787117928,0.0430615563566486,-1.75217204540621,-1.3659105959428
YDR316W,0.105150319635868,-0.981486797332764,0.0129552544524013,0.0535994369406203,0.0822176512951652,0.131098940968513,-1.08503493707473,-0.882400816573748
YDR317W,0.0310243107378483,-1.51284730434418,0.00449793128680563,0.0629915931481537,0.0231946222794553,0.0406082623327772,-1.63461275105494,-1.39138561385498
YDR318W,0.0537591315805912,-1.27371287345886,0.00746844052313956,0.0601589210028745,0.0407477878034115,0.0694783071056008,-1.38989596412278,-1.1581507764851
YDR320C,0.243146121501923,-0.61651474237442,0.0253982612699234,0.0455640267602324,0.19920110963285,0.29058004890879,-0.70070826095475,-0.536734239550011
YDR321W,2.70266962051392,0.429076939821243,0.302222243247711,0.0486286667125293,2.1779922246933,3.30598362286886,0.338056323480281,0.519300690649206
YDR322W,0.302241027355194,-0.522803783416748,0.0364454204321609,0.0524283976377022,0.239242631569505,0.375860530883074,-0.621161434039379,-0.424973284728867
YDR323C,0.0392307974398136,-1.41013562679291,0.00518068999354536,0.0571857906858679,0.0301502189909418,0.0500999748396377,-1.52070954387974,-1.30016257260665
YDR325W,0.122948922216892,-0.912593364715576,0.0126836699276646,0.0449391440701264,0.101158909810086,0.146499186754227,-0.994995880987435,-0.834164787794513
YDR330W,0.258619397878647,-0.589893698692322,0.0280227609203904,0.0471835980278359,0.209655545527736,0.312463979671399,-0.678493659458389,-0.505200040522737
YDR331W,0.391841053962708,-0.409848034381866,0.0457592385352997,0.0507472800378311,0.313381999234358,0.479441404342651,-0.503925955303606,-0.319264463207928
YDR332W,0.0294987428933382,-1.53338599205017,0.00357416446498324,0.0526608356119045,0.0232306601324429,0.036708228290081,-1.63393845282246,-1.43523657606288
YDR335W,0.364886701107025,-0.440001428127289,0.0363291339708516,0.0433589479386717,0.304305986066659,0.429714739322662,-0.516689504718193,-0.366819749651641
YDR336W,0.0485291481018066,-1.31984078884125,0.00796527560878846,0.0714323680637149,0.0346697641226153,0.0652371974041065,-1.46004912517986,-1.18550470546338
YDR341C,3.15722179412842,0.497065931558609,0.320173198368636,0.044162120058378,2.60345870455106,3.75795368353526,0.415550693349916,0.574951417878763
YDR346C,1.28239965438843,0.105553701519966,0.136683602583622,0.0463717361145734,1.04813802242279,1.54088716407617,0.0204184758058322,0.187770837309151
YDR349C,0.229808866977692,-0.641033411026001,0.0241333595838588,0.0457242771050411,0.188339831555883,0.274978571136793,-0.725057823890337,-0.560701152920484
YDR351W,0.148557648062706,-0.830506861209869,0.0155838035853171,0.0457815955673039,0.12104719877243,0.177298481514057,-0.917045256381294,-0.751294988699912
YDR353W,4.87500476837158,0.684635818004608,0.605473352230178,0.0539151449570212,3.8261051774025,6.08201622962952,0.582756891637598,0.784047566526629
YDR354W,0.415743201971054,-0.384101331233978,0.0483585860784268,0.0504372480857684,0.332118369142214,0.514642476042112,-0.478707103749844,-0.288494379360717
YDR356W,0.213388010859489,-0.673169851303101,0.0220715324625914,0.0452074582471915,0.175370284418265,0.251646279543638,-0.756043994853453,-0.599209488891678
YDR358W,0.254119843244553,-0.597513258457184,0.0275033736462488,0.0471505914984618,0.205954750751456,0.306887087474267,-0.686228186081325,-0.513021385111675
YDR359C,0.0870807245373726,-1.06243300437927,0.00905585871191289,0.0453057987091989,0.071696745728453,0.103731021285057,-1.14450055959046,-0.984091346231688
YDR361C,1.20697951316833,0.0777251496911049,0.16386023610117,0.0587752471735482,0.919523711502552,1.55274967551231,-0.0364370885616395,0.191101438520618
YDR362C,0.101398505270481,-0.99663507938385,0.0112466326521423,0.0481778861099237,0.082114631930987,0.123109046556056,-1.08557944978976,-0.90971003230591
YDR363W,0.077058732509613,-1.11647200584412,0.00948462742189425,0.0535670977020479,0.0605093869380653,0.0959842056035995,-1.21817727994602,-1.01780022512227
YDR364C,0.0990669503808022,-1.00752651691437,0.0124670907479653,0.0549216346104653,0.0768340927238266,0.124301219855746,-1.11444608820947,-0.905524619655405
YDR365C,0.700356721878052,-0.157077580690384,0.0734616742014495,0.0457109645290226,0.57653025239706,0.83452695608139,-0.239177901823219,-0.0785596305984823
YDR368W,1.84567856788635,0.263064235448837,0.220240547050387,0.0518824744979666,1.46132593750954,2.28993337353071,0.164747072734907,0.359822846193911
YDR370C,0.0858445093035698,-1.06964600086212,0.0106791215055875,0.0540642604582593,0.0674043864632646,0.106879252505799,-1.17131188087684,-0.971106592237844
YDR372C,0.750385344028473,-0.127649277448654,0.0871351810043798,0.0505758795625732,0.596560136973858,0.917581593493621,-0.224345801035703,-0.0373553081581855
YDR375C,0.136759370565414,-0.867000877857208,0.0159429657772552,0.0507727212346168,0.108469184363882,0.167501245687405,-0.964693640776626,-0.77598196960292
YDR376W,0.199371948838234,-0.702866017818451,0.0215247321118112,0.0469014421031477,0.16291531920433,0.240312503029903,-0.78803807632317,-0.619223653789821
YDR379W,0.0929957330226898,-1.03381359577179,0.00949298355778359,0.0445485200772215,0.0765496045351028,0.109849291667342,-1.11605704857991,-0.959202739265116
YDR380W,0.235640823841095,-0.63019335269928,0.024983594911679,0.0461259489016763,0.193528980016708,0.283037382860979,-0.713253992304195,-0.54815620903723
YDR381W,7.39084625244141,0.861879408359528,1.33122533318676,0.0766718636824291,5.15876488288244,10.3572993755341,0.712545730827085,1.01524648295631
YDR383C,0.0957641452550888,-1.02774381637573,0.0195464514642928,0.0883986045424518,0.06268500238657,0.138496428355575,-1.20283640854991,-0.858561455690438
YDR384C,1.44732010364532,0.15672867000103,0.193114887145607,0.0577183256051076,1.11143985589345,1.84979863067468,0.0458859233651307,0.267124433133954
YDR386W,0.052788395434618,-1.28039467334747,0.0061355172089213,0.0505111715309109,0.0422369066625834,0.0648530260349314,-1.37430794680421,-1.18806985131532
YDR387C,0.0350452661514282,-1.45845520496368,0.0041752985577116,0.0518541294578691,0.0276413091768821,0.0432593715687593,-1.55844139913222,-1.36391981696291
YDR389W,0.203089848160744,-0.694800913333893,0.0217254186416243,0.0465730763470985,0.165385603904724,0.24337434930106,-0.781502296578166,-0.6137251983462
YDR390C,0.277856796979904,-0.558683156967163,0.0297846022147884,0.0467013704744722,0.227047603949904,0.334199033180873,-0.643883079749601,-0.475994810878603
YDR393W,0.0988860055804253,-1.00793552398682,0.0117367367989915,0.0517749353191864,0.0779653493935863,0.122002318501472,-1.10809837097627,-0.913631916023382
YDR394W,1.57549107074738,0.19490621984005,0.169006777480747,0.0467848307883377,1.28062190016111,1.89836848974228,0.107420922986827,0.27838051612752
YDR395W,0.964717864990234,-0.0177898891270161,0.0966048818234708,0.0436986837264822,0.799328422546387,1.1379451751709,-0.0972747454510256,0.0561213387775828
YDR400W,0.402148604393005,-0.398626714944839,0.0473291628148572,0.0512455929774514,0.319215937207143,0.495485586673021,-0.49591547029462,-0.304968999548835
YDR405W,0.291372984647751,-0.539971709251404,0.0416374652144106,0.0620373837984036,0.219373121857643,0.378964036951462,-0.658816584345558,-0.42140200214614
YDR406W,0.0787578150629997,-1.10586977005005,0.0078470070596459,0.043439231934942,0.0655845735842983,0.0928826034069061,-1.18319830730806,-1.03206562025691
YDR407C,0.112980984151363,-0.949230194091797,0.0114357771868606,0.0441485012357249,0.0931495577096939,0.133498815074563,-1.0308192028686,-0.874522589498572
YDR410C,0.345182925462723,-0.468244045972824,0.0595251130773086,0.0737192827543451,0.247319163009524,0.479190881550312,-0.60674257203747,-0.319491466568769
YDR411C,0.348124474287033,-0.46133491396904,0.0413427646700479,0.0517289625591079,0.273049003134171,0.430520815153917,-0.563759404679766,-0.366005851201418
YDR412W,1.20623469352722,0.0755792558193207,0.200201164718316,0.0711652418546229,0.873609002927939,1.65418712198734,-0.0586828992617887,0.218584634202528
YDR414C,0.144937932491302,-0.842434346675873,0.0187814464965433,0.0560391487621886,0.111725538348158,0.184513981391986,-0.9518475441554,-0.733970721790305
YDR415C,0.326497077941895,-0.489274948835373,0.0393342223451688,0.0524193640155871,0.257608683655659,0.405273127555847,-0.589039514719719,-0.392252199565105
YDR416W,0.104075595736504,-0.984994530677795,0.0107924500597296,0.045175061737611,0.0857363723839323,0.123543723858893,-1.06683489602582,-0.908179312789579
YDR421W,0.0566703863441944,-1.2490199804306,0.00591440424626988,0.0455058100468559,0.0467258190425734,0.067803755402565,-1.33044307727396,-1.16874625148037
YDR422C,0.186336681246758,-0.731942296028137,0.0188465210098354,0.0442472311991632,0.153376715009411,0.219889864573876,-0.814240580052792,-0.657794788197885
YDR429C,4.45098447799683,0.644539892673492,0.599116741186372,0.0583673932894323,3.40876819094022,5.7004491964976,0.532597420357414,0.755908910584075
YDR430C,0.299128115177155,-0.526367604732513,0.0301567238902624,0.0440802093183438,0.246260994921128,0.352650199830532,-0.608604370789316,-0.452655888176082
YDR434W,0.531837403774261,-0.276674181222916,0.0564551275622935,0.046230127142356,0.433789806316296,0.640438804030418,-0.362720659801877,-0.193522364100323
YDR438W,0.00188413006253541,-2.77357792854309,0.00087967344913295,0.212079647081512,0.000593738180274765,0.0040091029368341,-3.22640507516982,-2.39695279275793
YDR440W,0.104832604527473,-0.982267081737518,0.0118136216460845,0.0490672834913334,0.0836767825608452,0.127996563911438,-1.0773950282672,-0.892801688901599
YDR444W,0.0663112252950668,-1.18120503425598,0.00751109314532111,0.049306342070581,0.0530498474836349,0.0809629278257489,-1.27531586034155,-1.0917137953854
YDR446W,0.0051713096909225,-2.31134033203125,0.00176164776061898,0.149112346919756,0.00234352621482685,0.00916715305453788,-2.6301301848302,-2.03776598882706
YDR448W,0.24148428440094,-0.620025515556335,0.0279722768924715,0.0503728080086545,0.192808438713352,0.297277258088191,-0.714873963309133,-0.526838331584884
YDR449C,0.385224461555481,-0.41689321398735,0.0421142799266812,0.0476751432723852,0.311280488967896,0.463967144489288,-0.506848100002142,-0.333512772617994
YDR451C,0.512524485588074,-0.293478578329086,0.0621497858735604,0.0527282199093248,0.405493895957867,0.636760502060255,-0.392015679510421,-0.196023951705939
YDR456W,0.213345050811768,-0.673544764518738,0.0234322405417414,0.0478686234168687,0.171761805936694,0.25710055232048,-0.765073405514884,-0.58989699037589
YDR457W,0.378906071186066,-0.42350834608078,0.0365936605698147,0.0421825918790801,0.318518996238708,0.439914150287708,-0.496864661552705,-0.356632070115762
YDR458C,0.184295102953911,-0.736976385116577,0.0197009743904381,0.0465870446680196,0.149938240647316,0.221481518944105,-0.824087589405907,-0.654662508187853
YDR460W,0.210970729589462,-0.679333209991455,0.0270188035434736,0.0556638261723103,0.162516925359766,0.265982133646806,-0.789101491937604,-0.575147537020769
YDR463W,0.530917406082153,-0.277523010969162,0.057422129961343,0.0471510729531187,0.430512352287769,0.63969907561938,-0.366014383668559,-0.194024277127599
YDR464W,0.126149415969849,-0.901254713535309,0.0124795784832345,0.0431936000072962,0.104544132947922,0.148208984235923,-0.980700334915553,-0.829125471190697
YDR465C,0.533665359020233,-0.275275200605392,0.0576614678484829,0.0470997024130253,0.43117328012983,0.645962584018708,-0.365348160357702,-0.189792723387052
YDR470C,0.124310128390789,-0.908377468585968,0.0143434118709415,0.0500829487305886,0.0996075049042702,0.152656412497163,-1.00170793852689,-0.816284949034044
YDR472W,0.286366909742355,-0.547342002391815,0.0402086970530767,0.0609315450521892,0.214390043541789,0.371277136355639,-0.668795388119378,-0.430301795233226
YDR473C,0.113766431808472,-0.946923017501831,0.0132451112281416,0.0505289610223099,0.0912295922016104,0.140043184285363,-1.03986426855815,-0.853738030343558
YDR477W,0.554345905780792,-0.258609622716904,0.0579927155889347,0.0456602837212159,0.452033285299937,0.661085903644562,-0.3448296768681,-0.179742103215152
YDR479C,0.0763540863990784,-1.1201696395874,0.00897950688089182,0.0511586602634442,0.061111393229415,0.0938595114896695,-1.21387781504823,-1.02752171048924
YDR481C,1.61053383350372,0.204550981521606,0.169946756404743,0.0458814584493936,1.31900811195374,1.93636586864789,0.120247466483372,0.28698741375628
YDR484W,0.10855695605278,-0.966929078102112,0.0118243641400953,0.0474935098028804,0.0878655452902118,0.131438029060761,-1.05618140128349,-0.881278963272114
YDR485C,0.120665892958641,-0.920827269554138,0.0126794689837801,0.0458808393424355,0.098739823512733,0.144190612683694,-1.00550765449932,-0.841063012829008
YDR486C,0.596404314041138,-0.232608079910278,0.11708651801215,0.0839486461978611,0.405565427740415,0.859135481218497,-0.391939073676759,-0.0659383784947592
YDR488C,0.0741954445838928,-1.13271546363831,0.00885059379962735,0.0519462228614357,0.0588372670424481,0.0916224939748645,-1.23034750843284,-1.03799789176797
YDR489W,0.165108352899551,-0.786776423454285,0.0238496874351183,0.0630249611564094,0.122789225354791,0.214325826490919,-0.910839741212297,-0.66892549474839
YDR490C,0.150333523750305,-0.825258612632751,0.0154869859290278,0.0449043348525509,0.123373354102174,0.178716335818172,-0.908778636048196,-0.747835748384248
YDR492W,0.310140877962112,-0.512215793132782,0.0408790163985517,0.0573787382021982,0.237897380938133,0.392825648436944,-0.623610342424386,-0.405800164139927
YDR494W,0.273078680038452,-0.566915392875671,0.0331235099403363,0.0528574782660427,0.214677619809906,0.338433447480202,-0.668213229353429,-0.470526751046374
YDR495C,0.0806548222899437,-1.09583783149719,0.00856908803972505,0.0464195637116326,0.0655603889375925,0.096239436728259,-1.18335847863985,-1.01664694360384
YDR496C,1.10492813587189,0.041048675775528,0.113133675541604,0.0446195849360826,0.911323606471221,1.31317257881165,-0.0403274311859716,0.118321805373837
YDR497C,0.934585273265839,-0.0317348465323448,0.0972329598081238,0.0452754833443796,0.769439495106538,1.11800751785437,-0.113825526319607,0.0484447221353128
YDR498C,0.16673518717289,-0.781032621860504,0.0198006799377424,0.0516133925134234,0.132082417607307,0.206214127441247,-0.879154990442538,-0.685681600092488
YDR499W,0.0490162298083305,-1.31248247623444,0.0055791815702019,0.0495800064669458,0.0391417305295666,0.0600142632611096,-1.40736007460351,-1.22174559735384
YDR501W,0.0759740546345711,-1.1222813129425,0.00882483568313043,0.0507054060560996,0.0602973716643949,0.093043001058201,-1.21970171894282,-1.03131629513874
YDR503C,0.157212734222412,-0.808499991893768,0.0238705381696453,0.0659804330789236,0.115210159309208,0.207115520785252,-0.938509222854973,-0.683787354820915
YDR505C,0.244526341557503,-0.61395263671875,0.0249830870024246,0.0445731585920372,0.202005925153693,0.28957924246788,-0.694635904034002,-0.538232575014974
YDR506C,0.0949999243021011,-1.02488481998444,0.0103964610410823,0.047675192109265,0.0771712888032198,0.114888527741035,-1.11254424673137,-0.939723382218937
YDR507C,0.443369776010513,-0.355395466089249,0.0440906030233476,0.0434209735631116,0.368172048280636,0.520200438300769,-0.43394918651491,-0.283829286843687
YDR514C,0.186312645673752,-0.732445657253265,0.020704830887753,0.0483833945251819,0.150340371454755,0.22576044301192,-0.822924425495053,-0.646352187424895
YDR515W,0.194448933005333,-0.714268565177917,0.0231509749983173,0.0517086546854058,0.153781316429377,0.24079571403563,-0.813096429010477,-0.618351262650875
YDR517W,0.532357633113861,-0.276717931032181,0.0616537504067721,0.0504749464026661,0.423662776499987,0.651095032691956,-0.372979694257786,-0.186355617942464
YDR518W,0.610156953334808,-0.216930836439133,0.0637281676557106,0.0454583681189768,0.499425617108742,0.732759416103363,-0.301529196073731,-0.135038592083717
YDR522C,0.00151805102359504,-2.85032343864441,0.000578277665409057,0.168684233989666,0.000633126279960076,0.00286184950576475,-3.19850976815039,-2.54335344716263
YDR524C,0.0936705023050308,-1.03139555454254,0.0110073415147283,0.0510699770936694,0.0743658095598221,0.11566347082456,-1.12862668988968,-0.936803782363222
YDR527W,0.309497743844986,-0.512019872665405,0.0343665007493148,0.048269217849082,0.250530153512955,0.375333573420843,-0.601139995480668,-0.425582586411084
YDR528W,0.125521153211594,-0.904546082019806,0.0153808243690577,0.0533717477655505,0.097617045044899,0.156565392017365,-1.01047434296221,-0.805304233171185
YDR530C,0.145265251398087,-0.841609179973602,0.0192311431621025,0.0571993145340426,0.111724679296215,0.185494082172712,-0.951850954868652,-0.731669949749783
YDR531W,0.430083632469177,-0.369439393281937,0.0504799118335977,0.0510437102034425,0.342446088790894,0.53053811788559,-0.465407789670853,-0.275283412084115
YDR532C,0.10595165938139,-0.978192508220673,0.0130600042662908,0.0536173937910442,0.0828013819331924,0.132983578120669,-1.08196242256045,-0.876201986427833
YDR533C,0.264256238937378,-0.585364520549774,0.0491611330801449,0.0800839398761714,0.182932123541832,0.371236115694046,-0.737710024146572,-0.430349780072627
YDR534C,0.171745762228966,-0.767728984355927,0.0188204398029669,0.0477591712561177,0.139218995720148,0.207717628777027,-0.856301503442815,-0.682526672395102
YDR536W,0.00144825736060739,-2.86863493919373,0.000535614302615594,0.162220009428693,0.000619279461776993,0.00272702706473259,-3.20811337767023,-2.5643107623833
YDR538W,0.137277692556381,-0.869495093822479,0.0250168835544057,0.0784901044895148,0.0953782268489401,0.190917268147071,-1.02055075710756,-0.719154797959964
YDR539W,0.427467197179794,-0.371432483196259,0.0442648029193829,0.0451025439521842,0.352127900719643,0.509589970111847,-0.453299578037875,-0.292779128490496
YDR541C,0.0700007975101471,-1.15881013870239,0.00943975299800007,0.0582772228911677,0.0537186823785305,0.089961083047092,-1.26987464832557,-1.04594534255729
YEL072W,0.0206695720553398,-1.7154632806778,0.00788699983748447,0.165350636822772,0.00882347806667288,0.0387862003408372,-2.05436019473951,-1.41132277053508
YEL065W,0.891503930091858,-0.0521934069693089,0.0920809246934196,0.044866870293151,0.739428729812304,1.06214743753274,-0.13110367940882,0.0261848048351037
YEL064C,0.0611789301037788,-1.21674275398254,0.00758924266084274,0.0539890156682089,0.0483284356072545,0.0761548727750778,-1.31579726284788,-1.11830230307484
YEL063C,0.458694100379944,-0.340812802314758,0.047456536461812,0.0451187840505396,0.37614169716835,0.545610511302948,-0.424648520216632,-0.263117275782598
YEL062W,0.0739816799759865,-1.13361954689026,0.00830701241756012,0.048912311934655,0.0594722544463972,0.0902665085469683,-1.22568559881182,-1.04447335567021
YEL060C,0.8086256980896,-0.0945523306727409,0.0829843656298934,0.04479419922646,0.66489692479372,0.961703602472941,-0.177245675919945,-0.0169587575213113
YEL058W,0.855795204639435,-0.0699992701411247,0.0891401740638634,0.045465556057934,0.70060783624649,1.02279220918814,-0.154525009439712,0.00978740441769176
YEL057C,0.0138912703841925,-1.89829158782959,0.00606782821353644,0.19254011897244,0.00500910789705813,0.0284549742937088,-2.30023963855783,-1.54584180239814
YEL056W,0.258281767368317,-0.59092116355896,0.030409184599907,0.0512635000405277,0.204199284315109,0.319156387696664,-0.689945784377137,-0.495996459577487
YEL055C,0.641267716884613,-0.195127457380295,0.0637994185040396,0.0434918331244353,0.532009011010329,0.751886665821075,-0.274081013614788,-0.123847618444079
YEL053C,0.109896816313267,-0.961444139480591,0.0116012777448477,0.0460368640883899,0.089868879194061,0.131450709700584,-1.04639068401712,-0.881237074173303
YEL052W,0.242697894573212,-0.617463111877441,0.0261705014327424,0.0469382053662252,0.197511796777447,0.292005995164315,-0.704406961156961,-0.534608232186414
YEL051W,3.07595419883728,0.483972609043121,0.41896738203202,0.0590437240785722,2.3316478451093,3.9297071993351,0.367662937581336,0.594360190559803
YEL050C,0.27028614282608,-0.571029365062714,0.0309272430255622,0.0498892332984139,0.215331683928768,0.331344069043795,-0.666892064349521,-0.4797207987423
YEL047C,1.29845178127289,0.110954709351063,0.138254120692448,0.0464141914929002,1.06033792893092,1.55586322844029,0.0254442929020572,0.19197140710201
YEL043W,0.140062242746353,-0.855991184711456,0.0144181846289788,0.0448778496497591,0.115101357611517,0.166608481109142,-0.938919554016654,-0.778302898399826
YEL042W,1.31881010532379,0.117824353277683,0.137320108755038,0.0453211363010799,1.0827794422706,1.57703471183777,0.034540001597364,0.197841252614692
YEL041W,0.0347448326647282,-1.46323180198669,0.00478660473534494,0.059938302567253,0.0263075517645727,0.0445533010177314,-1.57991956653616,-1.35112015044081
YEL040W,2.4128429889679,0.380134224891663,0.252911290858439,0.0457010234039828,1.98064655860265,2.88634881973267,0.296806983372844,0.460348797465305
YEL038W,0.288056433200836,-0.550686597824097,0.0633690877871,0.0937337016799864,0.186227623000741,0.428615519156059,-0.729955900576015,-0.367932124915461
YEL037C,1.99127185344696,0.296362012624741,0.224640711381371,0.0491368997333826,1.60680150985718,2.42399432857831,0.2059622311517,0.384531598617701
YEL036C,0.423745691776276,-0.37534561753273,0.0448532409460227,0.046256442084498,0.344797044992447,0.504744946956635,-0.462436464857109,-0.2969280201205
YEL032W,0.330154299736023,-0.48355907201767,0.0337133560688882,0.0445415500599606,0.271325290203094,0.391073303172986,-0.566509723806581,-0.407741830978599
YEL031W,1.68012189865112,0.223237738013268,0.16498423122606,0.0428068323499637,1.39963757991791,1.97108315229416,0.146015594665307,0.294704942311462
YEL029C,0.167034894227982,-0.781107902526855,0.0225136335694765,0.0583150513914682,0.127720285579562,0.215023125335574,-0.893740146227649,-0.667514887395974
YEL023C,0.000806104973889887,-3.13433194160461,0.000344936853215596,0.193890689330006,0.000272567021117235,0.00165953034108194,-3.56452750174026,-2.78001481408835
YEL022W,0.372819811105728,-0.430669665336609,0.0371532118524118,0.0434935582342208,0.308932214975357,0.439121782779694,-0.51013680177774,-0.357415019041408
YEL021W,0.00240239966660738,-2.7180655002594,0.0016143823222068,0.309081030869635,0.00042087252465232,0.00647810511291028,-3.37584960298911,-2.18855248391251
YEL020C,0.0807379707694054,-1.09603798389435,0.00967181003305408,0.052104640367419,0.0636443868279457,0.10047569082429,-1.19623989330092,-0.997939022285335
YEL019C,0.0871596783399582,-1.06627905368805,0.0152502823005272,0.0758211147761166,0.0611674771644175,0.119971764025589,-1.21347943239287,-0.920920958650071
YEL016C,0.0617410875856876,-1.21281540393829,0.00770011785479734,0.0543874038224903,0.0480395357745389,0.0775562229876717,-1.31840120391449,-1.11038334991592
YEL015W,0.450847893953323,-0.348431050777435,0.0479128940840377,0.0463216928162833,0.367804676542679,0.542525376876195,-0.434382755855196,-0.265579949934108
YEL013W,0.884348452091217,-0.0557868108153343,0.0931081806185635,0.0458090703494929,0.724612082044284,1.06135918299357,-0.139894455012272,0.0258623815505136
YEL011W,0.103466868400574,-0.987662971019745,0.0110032891108736,0.0463424823041635,0.0843292992562056,0.12442207771043,-1.07402151373545,-0.905102560108584
YEL007W,0.352400302886963,-0.455296337604523,0.0364227582582217,0.0451150271282426,0.289695691068967,0.418108085542917,-0.538057965518114,-0.378711447400637
YEL006W,0.0871923491358757,-1.06388413906097,0.0124340857585,0.0615371866606188,0.0658237090334296,0.11348589360714,-1.18161765478327,-0.945058147527169
YEL005C,0.0420547984540462,-1.38566839694977,0.00885529036935405,0.0909206902150947,0.0270521722268313,0.0618103564716876,-1.56779786258817,-1.20893910127426
YEL004W,0.106476537883282,-0.977207720279694,0.0153015786068014,0.0623145686807474,0.0799908724923929,0.138082354515791,-1.09695957055556,-0.859861845720232
YEL002C,1.96308672428131,0.290226250886917,0.219556047186214,0.0485998324324067,1.58467976947625,2.38865627447764,0.199941480623332,0.378153641593205
YER001W,0.449855327606201,-0.349288552999496,0.0468991634554822,0.0453294041154633,0.371002468466759,0.537025866905848,-0.430623201971243,-0.270004795198287
YER002W,1.69722759723663,0.222855448722839,0.304444595248751,0.0773192488510562,1.19845545291901,2.37885243097941,0.0786218957655712,0.376367493290422
YER003C,3.32774376869202,0.519530892372131,0.364877414171335,0.0477904859325868,2.68649663726489,4.03532383441925,0.429186260082129,0.60587839225199
YER004W,1.39531183242798,0.13797216117382,0.248423253256688,0.0760658547256011,0.97726708004872,1.93999502758185,-0.00998688949950182,0.287800606293409
YER005W,0.122893966734409,-0.913039922714233,0.013333415807416,0.0473409973892875,0.0998098099604249,0.14825745994846,-1.00082677355808,-0.828983448110681
YER006W,1.45851755142212,0.161538779735565,0.152109191739639,0.0454725406113737,1.19788999160131,1.74308619697889,0.0784169363539365,0.241318862834201
YER008C,0.185882180929184,-0.732920825481415,0.0184674187096084,0.0434076599348859,0.154355352123578,0.218027967959642,-0.811478315514539,-0.661487793168895
YER010C,0.365668833255768,-0.444423049688339,0.0687350102360798,0.0807025423933641,0.250588602324327,0.521854578455289,-0.601038686413178,-0.282450512338373
YER014W,0.177989467978477,-0.752344906330109,0.01994863027142,0.0488627287319367,0.143176410719752,0.217007835706075,-0.84412852908278,-0.663524585503611
YER016W,0.326849162578583,-0.488807022571564,0.0394015351406601,0.0523974596790871,0.259635861466328,0.403715730458498,-0.585635333511636,-0.393924332492901
YER017C,0.233805149793625,-0.633619785308838,0.0248874147394481,0.0464446408886552,0.190709476793806,0.279285937547684,-0.719627727798128,-0.553950931105994
YER020W,0.239283427596092,-0.623732447624207,0.0263699302747946,0.047990815286333,0.193468482668201,0.28977108001709,-0.713389775579822,-0.537944960534013
YER021W,1.33814239501953,0.124110266566277,0.140109109318655,0.0456697086085681,1.09596017698447,1.59879071712494,0.0397947533253487,0.203791615478333
YER022W,0.183674469590187,-0.73829060792923,0.0190112976961183,0.0451829801093832,0.150359887133042,0.218667989472548,-0.822868018872064,-0.660214788204035
YER023W,4.56616258621216,0.656307399272919,0.557786852249649,0.0531628276806275,3.59655601382256,5.68992751042048,0.555886820074209,0.755106726833057
YER025W,3.66891956329346,0.562114179134369,0.386470310286072,0.0459810791292706,3.00830422242483,4.3810071070989,0.478321752854448,0.641573932946515
YER027C,0.760639488697052,-0.121452525258064,0.0836925537671681,0.0478654617442394,0.61701656182607,0.921311058600744,-0.209703182827535,-0.035593718941167
YER028C,0.0874680504202843,-1.06167423725128,0.0111329702943361,0.0554482517850112,0.067350649026533,0.109716742982467,-1.17165822522684,-0.959727093245513
YER037W,0.206703618168831,-0.688169300556183,0.0263312368435808,0.0553435017195431,0.16048510496815,0.260264726728201,-0.794565270808177,-0.584584700421014
YER038C,0.0308487024158239,-1.51490461826324,0.00426946667072834,0.0600130268852715,0.0232466122445961,0.0400172289460898,-1.63364043075393,-1.39775298939411
YER039C,0.00351443747058511,-2.52824664115906,0.00206877217524789,0.264643384033603,0.000745459527145916,0.00853951652534307,-3.12757842643464,-2.06856688533414
YER040W,0.107976414263248,-0.969085812568665,0.0113747351555496,0.0458898333337367,0.0883115235716105,0.12940398628513,-1.05398265156625,-0.888052356341915
YER043C,11.177848815918,1.04593133926392,1.18090772362605,0.0459376786270691,9.15225907961528,13.4426999171575,0.961528254318407,1.12848650387706
YER044C-A,0.00204409309662879,-2.72179007530212,0.000781553485274395,0.171388109859027,0.000807744545454625,0.00382742434934093,-3.09272598320689,-2.41709385334797
YER045C,0.0453074388206005,-1.34718096256256,0.00562747173859703,0.0540185378225563,0.0353686866660913,0.0567298159003258,-1.45138109436195,-1.24618862580604
YER047C,0.0972068011760712,-1.01464486122131,0.0100619179391121,0.0452063200230572,0.0797983213638266,0.115215852856636,-1.09800625681167,-0.938487761064819
YER049W,0.939906537532806,-0.0291838049888611,0.0958788387526032,0.0444579948245118,0.776141239702702,1.11604000627995,-0.110059240647839,0.0476797603127129
YER051W,0.050801906734705,-1.29742348194122,0.00625519018949723,0.0536781384285233,0.0398831314407289,0.0628833621740341,-1.39921085479966,-1.20146424599864
YER052C,1.01226449012756,0.00291042472235858,0.105795763934432,0.0455798316999905,0.831774726013343,1.20871824324131,-0.0799942930366415,0.082325065775913
YER053C,0.14761783182621,-0.835270822048187,0.0211394291133855,0.0618860593578978,0.111186254148682,0.193837202340365,-0.953948903522113,-0.71256290262313
YER055C,3.20109868049622,0.502243876457214,0.380070500233651,0.0515526470429999,2.54263179302216,3.95778354207675,0.405283472516907,0.597452036745736
YER059W,0.214384794235229,-0.671736717224121,0.0249373444783738,0.0504943510129436,0.170581404740612,0.263876841713985,-0.768068314855935,-0.578598824885032
YER061C,0.143100395798683,-0.847198069095612,0.0163480977627736,0.0497542223787414,0.113793308474123,0.176115326955915,-0.943883293560906,-0.754202892536471
YER062C,1.66986858844757,0.218495756387711,0.232784717297397,0.0603029892024166,1.27056471705437,2.15589088400205,0.103996785693437,0.333626775938721
YER064C,0.933748722076416,-0.0321597643196583,0.097784187436138,0.0456324183217301,0.769774845739206,1.11591218709946,-0.113636284655743,0.0476300206145866
YER065C,0.00726758036762476,-2.14533734321594,0.00128166545862568,0.0766593939141923,0.00502097215115403,0.0100234358261029,-2.29921221088099,-1.99898339459895
YER068W,0.533186852931976,-0.275523245334625,0.0559360796965199,0.0457748209374268,0.437005817890167,0.635534640153249,-0.359512781197137,-0.196860775935623
YER073W,1.01327741146088,0.00330152129754424,0.107133678166563,0.0459620233159807,0.828597346444925,1.21800217032433,-0.0816564641219895,0.0856480620836884
YER076C,0.0574958696961403,-1.24653005599976,0.00973473708126984,0.073305083925374,0.0402127259410918,0.0785952297970653,-1.3956364901506,-1.10460381440516
YER080W,0.779203593730927,-0.1106321439147,0.0796937293768706,0.0446080383369424,0.641942312320073,0.928159236907959,-0.192504004009574,-0.0323775089343118
YER082C,0.488850384950638,-0.313208132982254,0.0511254921212679,0.0455700101379691,0.400191460301479,0.583092749118805,-0.397732190172388,-0.234262359088767
YER087W,0.14931420981884,-0.828460454940796,0.0162139739286529,0.0472330805955736,0.121661081910133,0.18032118678093,-0.914848325753158,-0.743953242986562
YER088C,0.399569809436798,-0.400775134563446,0.0416426303695552,0.0454360185829978,0.327050253252188,0.476532449573278,-0.485385548372813,-0.321907520653187
YER089C,0.781909644603729,-0.109380759298801,0.0843872978599542,0.047019497362977,0.637324842313925,0.938922984898091,-0.195639157359758,-0.0273700643545284
YER090W,1.78108847141266,0.248142749071121,0.192476627305714,0.0470779268350491,1.44827413260937,2.15351343154907,0.160850772817013,0.333147584819053
YER091C,6.14666128158569,0.78643262386322,0.618379865585195,0.0438461682060773,5.08566437164942,7.26219647328059,0.706347694393201,0.861067991730728
YER095W,0.43852436542511,-0.360929399728775,0.0507827630184427,0.0504985514807217,0.348447375496229,0.538360218703747,-0.457862876841055,-0.268927040887179
YER096W,0.00917053874582052,-2.04550266265869,0.00175936395753925,0.0829445064590308,0.00620352023591598,0.013047579373233,-2.20736179803735,-1.88447006596921
YER098W,0.0308774132281542,-1.51345694065094,0.00368215036772467,0.051982938845248,0.0243670275900513,0.0381519732996821,-1.61319744634266,-1.41848299595047
YER099C,0.655869364738464,-0.186560332775116,0.0817387195744036,0.0542681165904964,0.513675354421139,0.820689391593138,-0.289311276844828,-0.0858211811745711
YER101C,0.140631183981895,-0.854832708835602,0.0163055797607167,0.050372595389334,0.112061575055122,0.172815335417787,-0.950543277701565,-0.762417726257455
YER103W,0.179068192839622,-0.749493896961212,0.0192258093073926,0.0467725120151495,0.145597883438071,0.214702501893044,-0.836844946301858,-0.668162894771891
YER106W,0.00359816174022853,-2.48403096199036,0.00154080105459208,0.191978387734469,0.00122503110518058,0.00735982023955634,-2.91185322474044,-2.13313283964733
YER107C,0.488701850175858,-0.313983887434006,0.057819639148536,0.0512974935300279,0.387984255452951,0.607215135296186,-0.411185897984728,-0.216657411891763
YER110C,3.78758120536804,0.576269328594208,0.370943038854084,0.0427232156253729,3.16926576097806,4.44423915545146,0.500958654860041,0.647797421096095
YER111C,0.144025519490242,-0.843789160251617,0.0145680726441585,0.0440572201219347,0.119161413485805,0.17054324572285,-0.923864393119298,-0.768165481486588
YER116C,0.12684540450573,-0.902341485023499,0.0205891887818083,0.0697371032772192,0.0924598850309849,0.173000594849388,-1.03404666560097,-0.761953043070491
YER118C,0.506957411766052,-0.297954529523849,0.0589497875337598,0.0504397338719047,0.405201787253221,0.626671540737152,-0.392328649831117,-0.20296002769079
YER119C,0.261216282844543,-0.585953533649445,0.0305030836016279,0.0506736527875659,0.209195634846886,0.322197135537863,-0.679447398719849,-0.491878327637848
YER122C,1.526780128479,0.181382566690445,0.16015518583549,0.0456596259204548,1.25114995141824,1.83457850019137,0.0973093612818832,0.263536299268333
YER124C,1.25956499576569,0.0978839993476868,0.130269736276004,0.0451578571064945,1.03262057801088,1.50120919148127,0.0139407639746441,0.176441205331046
YER126C,1.49520027637482,0.170667663216591,0.204251175212864,0.0592291316969768,1.13561246196429,1.92402178049088,0.0552301444471629,0.284209984037461
YER127W,0.503535866737366,-0.300823420286179,0.0576528947714568,0.0498698850316268,0.402647023399671,0.616755723953247,-0.39507551263125,-0.209886811242727
YER129W,0.0705501437187195,-1.1539660692215,0.00749188115073938,0.0463466772626324,0.0577110377450784,0.0843781686077515,-1.23874111794654,-1.07376991158802
YER130C,0.21571472287178,-0.669037520885468,0.0249973918813486,0.0503799903167641,0.172200798988342,0.264312885453304,-0.76396483781022,-0.577881690820547
YER132C,0.0530846565961838,-1.27739381790161,0.00552555870334909,0.0453555794348946,0.0437728705195089,0.0632601225127777,-1.35879498612905,-1.19886997337049
YER133W,2.4857165813446,0.392411589622498,0.294138163927378,0.0514589127121547,1.97424286107222,3.0602650642395,0.29540057562518,0.485759044439439
YER136W,1.70032250881195,0.22815178334713,0.177642620422741,0.0455368055030391,1.3945424258709,2.03425091703733,0.144431716953342,0.308404520299431
YER139C,0.306164741516113,-0.522084593772888,0.0594675710223463,0.0835442125523307,0.206771720821659,0.441674342254798,-0.684508868137435,-0.354897829429513
YER141W,0.547179758548737,-0.264317005872726,0.0580587078717808,0.0461362450911012,0.448500522971153,0.65793268730243,-0.348237049064339,-0.181818536718655
YER142C,0.161645039916039,-0.795969307422638,0.0234228885822111,0.0627852427711572,0.121077690646052,0.21195598890384,-0.916935924426399,-0.673754317530846
YER143W,0.454519957304001,-0.345263123512268,0.0517415029992236,0.0495288023735009,0.364771667619546,0.555509290595849,-0.437978901515825,-0.255308673362533
YER148W,1.44719552993774,0.154707282781601,0.239901055563369,0.0708942289916108,1.04699595769246,1.97763573229313,0.019944994183827,0.296146294238467
YER149C,0.165566071867943,-0.784032940864563,0.0194827177149556,0.0511421915585657,0.131906627987822,0.203025561819474,-0.879733398482038,-0.692449280340275
YER151C,0.494750678539276,-0.307821691036224,0.0497508599611938,0.0438948858540772,0.409984199951092,0.584107339382172,-0.387232889279966,-0.233507336761244
YER154W,0.323444038629532,-0.493306487798691,0.0386893765626271,0.0520129595109675,0.256114014734824,0.401456797619661,-0.591566668301601,-0.396361185677956
YER155C,0.34257698059082,-0.467305064201355,0.033316689757752,0.0423977872108207,0.287139835953712,0.401038258522749,-0.541906552198115,-0.396814194842367
YER156C,1.31009602546692,0.114316537976265,0.154029487754181,0.0509328322085593,1.04878121515115,1.61890471776327,0.0206848771919623,0.209221265310019
YER157W,0.15850555896759,-0.802326142787933,0.016538136826801,0.0454520370796436,0.130194838220874,0.189034824445844,-0.885406238319699,-0.723458196739925
YER158C,0.0412687435746193,-1.3875058889389,0.00494972882906218,0.052208913961101,0.0326373278473814,0.0512651156013211,-1.48628540972491,-1.29017805969396
YER162C,0.0684710890054703,-1.16692769527435,0.00724972602146327,0.0460648487495415,0.0560231255367398,0.0820904172956944,-1.2516326860241,-1.08570753937869
YER163C,0.319030374288559,-0.50394481420517,0.0612721021007674,0.0819988669327704,0.219052508473396,0.456972515583039,-0.659451769146768,-0.34011038146135
YER164W,0.413684874773026,-0.385454475879669,0.0408273203209715,0.0430209644556549,0.345318326105674,0.484048042446375,-0.461780373581754,-0.315111534260291
YER165W,9.13540744781494,0.95822137594223,0.981938298089412,0.046694205731804,7.46201229095459,10.9778075695038,0.872855960047796,1.0405155731432
YER166W,0.286539107561111,-0.544937551021576,0.0282394832141428,0.0430104421873595,0.238742506752412,0.335803641627232,-0.62207026889248,-0.473914598486938
YER167W,0.122527964413166,-0.914072334766388,0.0125955613884055,0.0448632116404397,0.10074669867754,0.145549354826411,-0.996769176150804,-0.836989756572793
YER168C,0.361085146665573,-0.444849014282227,0.0383573863068503,0.046290659575133,0.295649209370216,0.433043246716261,-0.529223278406515,-0.363468733619038
YER169W,0.0957540273666382,-1.02145874500275,0.0105126007657643,0.0477190128149303,0.0775495217492183,0.115736991167068,-1.11042087747676,-0.936527812248301
YER173W,0.0259649995714426,-1.58901572227478,0.00325932718691593,0.0543904068374532,0.020380947428445,0.0326932673342526,-1.69077565854602,-1.48554167752403
YER174C,0.364202439785004,-0.444659858942032,0.0608173757492118,0.0722844930451918,0.257718801498413,0.499134485671918,-0.588853896974287,-0.301782425320248
YER176W,0.212591573596001,-0.674721360206604,0.0216542828353732,0.0444738734727489,0.17565554442505,0.251308771471183,-0.755338146733279,-0.599792391639497
YER178W,5.49143028259277,0.737126469612122,0.59633350475338,0.0471745348243971,4.4620343486468,6.68855245113373,0.649532905406059,0.825332133497377
YER179W,0.0179357826709747,-1.75449359416962,0.00350884762804549,0.0845993090292557,0.0120161626953632,0.02591538480483,-1.92023421451146,-1.58644266691739
YER180C,0.00243473099544644,-2.69088959693909,0.00146028575091775,0.269976455536119,0.000518524296057876,0.00618349904737747,-3.28523539334842,-2.20876675762431
YER182W,0.346633732318878,-0.466146975755692,0.058010237655936,0.0723728724415676,0.247190141926209,0.470251182466746,-0.606968855323459,-0.327670207541591
YER184C,0.0112301837652922,-1.95487904548645,0.00174692740457762,0.067881226640832,0.00811316514542947,0.014744907617569,-2.09080968801086,-1.83135794412308
YER185W,0.0053260219283402,-2.29942870140076,0.00184166449560332,0.151753204108809,0.00248236901049192,0.00947581259533763,-2.60513379708144,-2.02338354715227
YER186C,0.0050173350609839,-2.33384990692139,0.00199786393165267,0.175347333038303,0.0020065079346144,0.00974249014786134,-2.69755911891033,-2.01133003615994
YFL055W,0.00674498686566949,-2.17906832695007,0.00130148642732249,0.0838745308172176,0.0045134639289851,0.00955911881756038,-2.34549002409757,-2.01958214037234
YFL054C,0.0254930201917887,-1.59686148166656,0.00313636138364345,0.0534756666168338,0.0201218687773993,0.0318279194645584,-1.69633170427293,-1.49719175550853
YFL053W,0.00246969913132489,-2.62485551834106,0.000703774775273308,0.124517205061373,0.00127551027787073,0.00411307450073461,-2.89431875994063,-2.38583343076379
YFL052W,0.00761251850053668,-2.1283860206604,0.00162679633877762,0.0933283971922715,0.0048763090899835,0.0111719094139213,-2.31190877479704,-1.95187261023091
YFL049W,0.162472605705261,-0.791731417179108,0.0174518209938657,0.0467653158528465,0.132587715983391,0.195130312939485,-0.877496710680529,-0.709675260765876
YFL047W,0.213138312101364,-0.673689961433411,0.0221369403310039,0.0452837697771695,0.174886869390806,0.254152574886878,-0.75724279644425,-0.5949055092501
YFL044C,0.459707379341125,-0.341037392616272,0.0586170289367815,0.0553390989088538,0.357920111964146,0.577994342148304,-0.446213949507772,-0.238076414465819
YFL042C,0.164389580488205,-0.786662459373474,0.0177124260705727,0.0470485355922833,0.133119781687856,0.19744820172588,-0.875757404221177,-0.704546817291802
YFL040W,0.000968877808190882,-3.05840539932251,0.000437030409083883,0.202463770218584,0.000324981000691575,0.00201120548493539,-3.48814208993847,-2.69654355533218
YFL039C,17.0406551361084,1.22862756252289,1.95531493438135,0.0499121521009346,13.6351298173269,20.9430133660634,1.13465927709209,1.32103916922457
YFL036W,0.201472297310829,-0.697966039180756,0.0201668537672314,0.043607666366988,0.167263119171063,0.237533169736465,-0.776599811226787,-0.624275735933735
YFL034C-B,0.304177820682526,-0.521142363548279,0.0428569243483529,0.0609062856115782,0.229955792427063,0.392985774576664,-0.638355646375107,-0.405623172507043
YFL034W,0.115697495639324,-0.939070403575897,0.0121263280088578,0.0456929731505561,0.0948762837176522,0.138138534749548,-1.02284233506925,-0.859685154925836
YFL031W,0.117260999977589,-0.939960956573486,0.0243034778930519,0.0888989517538314,0.0773883163928986,0.172287259002527,-1.11132460145023,-0.763746840983386
YFL030W,0.0118321450427175,-1.93618261814117,0.00245341165506525,0.0898747079835214,0.00768537940457463,0.0173388063286742,-2.11433476830185,-1.76098081053213
YFL029C,0.17164871096611,-0.76878947019577,0.0215691801416492,0.0546828229641255,0.134138137847185,0.215830038984617,-0.87244774959903,-0.665888115648272
YFL028C,0.378135949373245,-0.426444858312607,0.0520013733056925,0.0596861026635303,0.287622064352036,0.487888583044211,-0.541177800977688,-0.311679381993136
YFL027C,0.0704532340168953,-1.15533685684204,0.00861790010950403,0.0530623791801944,0.0555609582302471,0.0877796903873484,-1.25523027908277,-1.0566059651495
YFL026W,2.35190439224243,0.368751406669617,0.260405462341875,0.0482209023534842,1.89638858536879,2.85569390853246,0.277927331791231,0.455711654889094
YFL025C,0.0989682003855705,-1.00683569908142,0.0102292314600891,0.0451058037957605,0.0814330279827118,0.117530793386201,-1.08919941670046,-0.929848332189727
YFL024C,0.108365029096603,-0.967680692672729,0.0118058520316787,0.0472719353806148,0.0879514659444491,0.130902275443077,-1.05575692069884,-0.883052804146087
YFL023W,0.282874494791031,-0.550796210765839,0.0296009830400268,0.0456541744781322,0.231909701476494,0.338290117432674,-0.634681117186713,-0.470710689511986
YFL022C,3.16426777839661,0.497833847999573,0.334886014249592,0.046117950103732,2.57911422650019,3.79502777655919,0.411470572411539,0.579214955029898
YFL018C,2.50945234298706,0.397128224372864,0.265853881398045,0.0462562709460323,2.04767036437988,2.99926924705505,0.311260000774486,0.477015454509629
YFL016C,0.376657068729401,-0.426595658063889,0.0407637971495315,0.0470397482961243,0.306524856636922,0.455273808042208,-0.513534302655612,-0.341727334120352
YFL013C,0.234868243336678,-0.63153088092804,0.0244125687619059,0.0453243727174692,0.192040994763374,0.279570877552032,-0.716606053071934,-0.55350807032684
YFL011W,0.00173847295809537,-2.78278994560242,0.000565851075132762,0.143189166003142,0.000811986120243091,0.00303492565872148,-3.09045139631302,-2.5178519998255
YFL008W,0.268911927938461,-0.572636306285858,0.0272898344696697,0.0442562467840191,0.223130427052577,0.317738126715024,-0.651441204355905,-0.497930677255769
YFL007W,0.310796141624451,-0.509649217128754,0.0306036507824883,0.0430764655282876,0.257806571076314,0.362544121344884,-0.588706017552508,-0.440639137213819
YFL004W,1.63617694377899,0.211598783731461,0.165594576794514,0.0440896062739785,1.35786128044128,1.93799781799316,0.132855404542341,0.287353283739482
YFL002C,0.283414959907532,-0.550064086914062,0.0302852936185828,0.0465435739030448,0.231156677380204,0.340845942497253,-0.636093653471512,-0.46744187156883
YFR002W,0.435463637113571,-0.36336624622345,0.0449182882120947,0.0449437238592171,0.358187421411276,0.517699739336967,-0.445889669922403,-0.285922053690318
YFR005C,0.167565673589706,-0.778601706027985,0.0189388213331582,0.0492974943781058,0.134447582314412,0.203399939090014,-0.871447033269667,-0.691649220096073
YFR007W,0.132191181182861,-0.882372438907623,0.0169682785686253,0.0558070492086485,0.102449681299428,0.166776761412621,-0.989489401561522,-0.777864463850364
YFR009W,1.32415223121643,0.119620226323605,0.136600518193997,0.0449337891660068,1.09470164775848,1.57366160154343,0.0392957717902379,0.1969113418108
YFR013W,0.174228683114052,-0.761224508285522,0.018065528268358,0.0451811455824953,0.143900919084748,0.207319008434812,-0.841936433085215,-0.683360879657548
YFR014C,0.230600193142891,-0.639815449714661,0.0255528902250851,0.048296586343118,0.186031377812227,0.279010554651419,-0.730413801941033,-0.554379370442127
YFR015C,0.125552952289581,-0.903683483600616,0.0134745810181922,0.0468003851381323,0.102254653846224,0.150746300816536,-0.990316957489391,-0.821753352769731
YFR016C,0.331115067005157,-0.482239216566086,0.0333517775521948,0.0439862630038298,0.274166094263395,0.390492618083954,-0.561986256270942,-0.408387171660451
YFR018C,0.220781564712524,-0.659225821495056,0.026780551755451,0.0526982731337391,0.174484612296025,0.274718726923068,-0.75824286752325,-0.561111735492842
YFR020W,0.0223644785583019,-1.67914748191833,0.00817129970084781,0.160141397578363,0.00973440395512929,0.0421650278071563,-2.01169074933716,-1.37504763203056
YFR021W,0.224830344319344,-0.650783658027649,0.0247404007923025,0.0479521060043249,0.182299230496089,0.272876381874084,-0.739215164918112,-0.564034051965278
YFR022W,0.0176053885370493,-1.75806736946106,0.00229510913057015,0.0569628805405431,0.0134978510749837,0.0221161278430373,-1.8697353680347,-1.65529091226063
YFR024C-A,1.53590250015259,0.183865040540695,0.164475845570543,0.0466766108013684,1.24883716007074,1.84536334077517,0.0965058079541561,0.266081888843496
YFR025C,0.27032282948494,-0.571916818618774,0.0358092977583184,0.0574939994946348,0.207837645585338,0.345294232169787,-0.682275821391781,-0.46181068570317
YFR027W,0.120504319667816,-0.923982322216034,0.0183211216590293,0.0658536031621578,0.0895662271107237,0.159671890363097,-1.0478557219501,-0.796771545910377
YFR028C,0.354614615440369,-0.452682703733444,0.0375123402909389,0.0461240105383923,0.289943723877271,0.425414312630892,-0.537686290133571,-0.371187910216475
YFR029W,0.0598517023026943,-1.22559452056885,0.00662656918757242,0.04828999579021,0.048204369780918,0.0726082582647602,-1.31691359068855,-1.13901398130922
YFR030W,0.200695902109146,-0.699661254882812,0.0201510761113793,0.0438075435965799,0.166134799644351,0.235715695098043,-0.779539391399625,-0.627611515513604
YFR034C,0.432708978652954,-0.367209196090698,0.0543712793130954,0.0543807058382533,0.340152646849553,0.54508097867171,-0.468326145297049,-0.26353897420796
YFR037C,1.07155275344849,0.0276579409837723,0.111546628247752,0.0452858572151874,0.880199432373047,1.28751339415709,-0.0554189158427545,0.109751755318098
YFR038W,0.123758569359779,-0.909868061542511,0.0131062672644669,0.0461542629403085,0.100862093952795,0.148758485540748,-0.996272065276368,-0.827518254248648
YFR039C,0.206704542040825,-0.687229335308075,0.0224914499021444,0.0474265207296309,0.167102588464816,0.249575525522232,-0.777016823091743,-0.602798005735586
YFR041C,0.39824366569519,-0.403501361608505,0.0516550690754804,0.0563891662044037,0.306432782113552,0.50326546082894,-0.513664789263422,-0.298202876787466
YFR043C,0.143054470419884,-0.852905690670013,0.0285408878526521,0.0852734310693603,0.0958895618716876,0.210519840195775,-1.0182286661647,-0.676706980047739
YFR044C,3.0739905834198,0.485282719135284,0.323442621697311,0.0459324426689251,2.51609272360802,3.65791420936584,0.400726641640881,0.563233515426527
YFR046C,0.0582253597676754,-1.23902571201324,0.00805459393889555,0.0599966097627667,0.0441716964977483,0.0747936784600218,-1.35485592670165,-1.12613511451049
YFR047C,0.930007934570312,-0.0348552949726582,0.115466607187492,0.0539500527609175,0.726342386504014,1.15925071736177,-0.138858681204092,0.0641773715308524
YFR048W,0.113601438701153,-0.947094261646271,0.0121191299134498,0.046471751225985,0.0927673095216354,0.136285129313668,-1.03260503949311,-0.865551529431545
YFR051C,1.04888737201691,0.0182705465704203,0.111347698699456,0.0463029154639103,0.85481897542874,1.25022936165333,-0.0681258473975517,0.096989694092207
YFR053C,3.5916850566864,0.552828788757324,0.3825806674791,0.0463689293128494,2.92954879403114,4.32729905049006,0.466800734853763,0.63621690456819
YFR055W,0.727900683879852,-0.14079362154007,0.0834740587349014,0.0500023463190424,0.583156791329384,0.893116533756256,-0.234214678841975,-0.0490918707135117
YGL257C,0.118432968854904,-0.929158687591553,0.0130020317540421,0.0479162275555089,0.0954165384173393,0.143425109113256,-1.02037634310635,-0.843374811836583
YGL256W,0.0946004688739777,-1.02761149406433,0.0120240419643617,0.0552780018899974,0.0732243627309799,0.118807555735111,-1.1353443996999,-0.925155940340581
YGL255W,0.0597289018332958,-1.22800707817078,0.00833467443082151,0.0603483101206072,0.0454543679952621,0.0773111604774992,-1.34242437635644,-1.11175782175256
YGL254W,0.152529373764992,-0.820634305477142,0.0206779900957774,0.0589602176194695,0.115444337142011,0.195641078675787,-0.93762736940888,-0.708539998760536
YGL252C,0.389867663383484,-0.411486029624939,0.0409563749239847,0.0457648758769954,0.320591466873884,0.46783169756333,-0.494048044744957,-0.329910356263008
YGL250W,0.121126294136047,-0.923631370067596,0.0217933444452543,0.0771342125586586,0.08476672321558,0.171097587918242,-1.07177460482072,-0.766756114874669
YGL248W,0.164488643407822,-0.787017166614532,0.0198227527151496,0.0524203922570849,0.129721892376741,0.203997880841295,-0.886986725445024,-0.690374359576581
YGL246C,0.284155428409576,-0.549406230449677,0.0331849318336149,0.0507860112709137,0.226888618245721,0.350410759449005,-0.644187322810584,-0.455422567179781
YGL245W,6.72300863265991,0.825323700904846,0.681007287772082,0.0441916251834243,5.5388630270958,7.96305179595947,0.743420621140239,0.901079540619665
YGL241W,0.19260860979557,-0.717517554759979,0.01932388508627,0.0437357475383789,0.159802477185925,0.227672323584557,-0.796416495703684,-0.642689760096537
YGL240W,0.0584942623972893,-1.24305069446564,0.0127831649433641,0.093995938965079,0.0376001477551957,0.0867104088887573,-1.42481057636681,-1.06192905993609
YGL238W,0.62291294336319,-0.207775831222534,0.0626101194284621,0.0438181414597706,0.516799216469129,0.733700339992841,-0.286678153457692,-0.134481285227464
YGL237C,0.203036829829216,-0.697051346302032,0.0298153507289345,0.0633646932926339,0.152153190970421,0.266682662814856,-0.817718938065746,-0.574005237122254
YGL234W,3.37762975692749,0.526366651058197,0.342382615780815,0.0442793653251304,2.77887630462646,3.98574280142784,0.443869215574147,0.600509268422775
YGL233W,0.183533802628517,-0.738574683666229,0.0187975020684058,0.0446633513807543,0.151115879664818,0.217890575528145,-0.820689897066988,-0.661761553987971
YGL232W,0.793024957180023,-0.104501634836197,0.105096398150916,0.0573815603229968,0.603850424289703,1.00869247913361,-0.219070624210547,0.00375877253044579
YGL229C,0.0326817445456982,-1.48881685733795,0.003915628336189,0.0521230630540481,0.0258396238088608,0.0407585854952534,-1.58771381699397,-1.38978089979646
YGL228W,0.905010521411896,-0.0456888601183891,0.0937789186936594,0.0451924478666552,0.745268126328786,1.07663582066695,-0.127687452306609,0.0320688246983923
YGL225W,2.33023071289062,0.363995790481567,0.292482774117225,0.0543867723762934,1.83752156297366,2.94273312091827,0.264232441040549,0.468750875541197
YGL224C,0.22841240465641,-0.646008849143982,0.0337688688893884,0.0642054923090643,0.168895001088579,0.299136132001877,-0.772383215956119,-0.524131126315723
YGL223C,0.196730583906174,-0.709135472774506,0.0231536437356377,0.0511768843659535,0.155795825769504,0.242120966315269,-0.807444198123491,-0.615967601467928
YGL216W,0.126642942428589,-0.899799406528473,0.0132393617748324,0.0455516896312268,0.103985279798508,0.15106774866581,-0.983028135266126,-0.820828242950802
YGL215W,0.213769674301147,-0.672906816005707,0.0245328386192524,0.04980905364103,0.171362972880403,0.262937547018131,-0.766083022935088,-0.580147399225372
YGL213C,0.490053951740265,-0.31254917383194,0.0555414639961363,0.0493376138618287,0.392945135881503,0.600926437973976,-0.405668111032938,-0.221178703492411
YGL209W,0.309213787317276,-0.512845635414124,0.0369479990306267,0.0520060855495093,0.24513990568618,0.382713110744953,-0.610585987401587,-0.417126661605541
YGL208W,0.133206963539124,-0.878662705421448,0.0161353000559979,0.0527268355772708,0.105093970211844,0.165135240182281,-0.978422203811526,-0.782160238955724
YGL207W,1.49817955493927,0.17342184484005,0.148544548986683,0.0432085530749634,1.24907088279724,1.75818548997243,0.0965870845984872,0.24506469058284
YGL206C,2.96355128288269,0.469751328229904,0.287945496546017,0.0423900131731738,2.47576523224513,3.47120875120163,0.393709458140188,0.540480731840095
YGL205W,0.00184466480277479,-2.7501802444458,0.000502830322654748,0.119256869655047,0.00101597583852708,0.0029402906637794,-2.99311662012211,-2.53160973562844
YGL203C,0.551038503646851,-0.261151015758514,0.056995615375648,0.0450651434250023,0.45311414351066,0.655609248578549,-0.343792381541561,-0.183354935665306
YGL202W,3.32933402061462,0.519849061965942,0.357469753539762,0.0467426572624968,2.71588886578878,4.01639190514882,0.43391199461676,0.603836082299941
YGL196W,0.306534379720688,-0.516166031360626,0.0337461255253668,0.0480169581105001,0.246843740964929,0.370881663014491,-0.60757788751047,-0.430764643543925
YGL195W,1.65592539310455,0.216983795166016,0.160649760430748,0.0423368212135484,1.38267666697502,1.93407281239827,0.140720633377325,0.286472819862696
YGL194C,0.206391304731369,-0.687983274459839,0.0228766908401804,0.0482838359197358,0.166707784309983,0.25068404028813,-0.778044121709579,-0.600873314736066
YGL192W,0.000521288253366947,-3.35511064529419,0.000299084918039773,0.259480657084465,0.000124825875415506,0.00124935987017428,-3.9036953839361,-2.90331245798907
YGL190C,0.341726422309875,-0.468951821327209,0.0375462511936894,0.0478949496088625,0.276684064169725,0.413427650183439,-0.558015858084997,-0.383600514679385
YGL186C,0.492646485567093,-0.309791743755341,0.0509150283485385,0.0450403553222158,0.404781818389893,0.586687874297301,-0.392779002962416,-0.231592889169052
YGL185C,0.152278050780296,-0.820870518684387,0.0193984973949179,0.0552188527946077,0.118921151446799,0.192410360152523,-0.92474089691666,-0.715771566799477
YGL184C,0.0760219022631645,-1.12231230735779,0.00929770032303233,0.0532034589985238,0.0596708469092846,0.094817578792572,-1.22423780046898,-1.02311113877082
YGL181W,0.853745341300964,-0.0715726763010025,0.0985341664653022,0.0502996463416535,0.681622445583344,1.04334832628568,-0.166456116843926,0.0184293220947538
YGL180W,0.070590928196907,-1.15368366241455,0.00744333560404789,0.046060605376693,0.0574878498911858,0.0842014446854591,-1.24042395870324,-1.07468045833918
YGL179C,0.057656042277813,-1.24216544628143,0.00677839261224797,0.0512291863055894,0.0455630911824604,0.071371665596962,-1.34138681983513,-1.14647416801668
YGL178W,0.137270823121071,-0.864723742008209,0.0141041656857616,0.0447877223173472,0.11320948600769,0.162815421819687,-0.946117181379272,-0.788304461277388
YGL175C,0.0381880663335323,-1.42341709136963,0.00599441927656886,0.0682969114479783,0.0276271253824234,0.0507582800773283,-1.55866430131218,-1.29449319754621
YGL174W,0.151253163814545,-0.825608611106873,0.0236995091324617,0.0680657723341201,0.109840221703053,0.200637418652574,-0.95923859918431,-0.697588095768454
YGL173C,1.72466480731964,0.234617158770561,0.168680705969681,0.0426641104013698,1.43875336647034,2.01680088043213,0.157986352823968,0.304663022259193
YGL172W,0.590866327285767,-0.231171041727066,0.0651211402542344,0.0482281299526672,0.473747076590856,0.714826682706674,-0.324453472100141,-0.145799245433424
YGL171W,0.506071627140045,-0.298242926597595,0.0537057527293798,0.0462607857694556,0.414087474346161,0.604797601699829,-0.382907906190734,-0.218389939680453
YGL170C,0.00296453200280666,-2.55115652084351,0.000971512091423974,0.143007324830604,0.00144072255449525,0.00520334411412478,-2.84142057332138,-2.28371745582895
YGL169W,0.200406730175018,-0.70098888874054,0.0231604769659267,0.0502502968689526,0.160345166921616,0.245674763371547,-0.794944125918927,-0.609639466764879
YGL167C,0.628624022006989,-0.203748613595963,0.0622496040791968,0.043191974772082,0.524790140986443,0.737501887977123,-0.28001433312835,-0.132236863664888
YGL164C,0.203440383076668,-0.694348871707916,0.0230214789758613,0.0492600127990966,0.163166303311785,0.248025598128637,-0.78736952571144,-0.605503503979424
YGL162W,0.103103116154671,-0.991675198078156,0.0156448822630986,0.0655498113645128,0.0765156149864197,0.136081088085969,-1.11624992680168,-0.866202232277343
YGL161C,0.541168451309204,-0.269944220781326,0.066475159289889,0.0534196257988034,0.426117660850286,0.672534777224064,-0.370470479803384,-0.172285254640827
YGL160W,0.168550506234169,-0.775938391685486,0.0186683271116857,0.0482255687931043,0.136386867115895,0.204141616697113,-0.865227446591557,-0.690068469775973
YGL159W,0.21091328561306,-0.678918421268463,0.0248900949048434,0.0512928137820108,0.167703241482377,0.261451810598373,-0.7754585433311,-0.582608346260565
YGL158W,0.00177694053854793,-2.77469682693481,0.000593350680099111,0.147642112741394,0.00082656596932793,0.00310321385040879,-3.08272349604678,-2.50818829504029
YGL157W,0.809331297874451,-0.0948210805654526,0.0942856368231894,0.050657228639099,0.644766174256802,0.99807309259971,-0.190597754749681,-0.000837653028256155
YGL156W,0.0648882314562798,-1.19020473957062,0.00677704293998179,0.0454672280446856,0.053440084370474,0.0773676733175914,-1.27213286861441,-1.11144046407671
YGL155W,0.164418205618858,-0.787212073802948,0.0198308834256008,0.0524983976359443,0.129094524557392,0.204828539739052,-0.889092178646072,-0.688609537027199
YGL153W,0.2414281219244,-0.620686292648315,0.030586551922562,0.0549712440991344,0.187837719544768,0.302485815435648,-0.726217196442806,-0.51929504545822
YGL151W,0.179696843028069,-0.747621059417725,0.0178719295634572,0.0434222081852114,0.149378513420622,0.210522159934044,-0.825711871604979,-0.676702182818619
YGL150C,0.232264667749405,-0.636171996593475,0.0230692176292611,0.043358069960827,0.192975911746422,0.272547563910484,-0.71449689859743,-0.564557702173429
YGL148W,3.14130735397339,0.494404792785645,0.35027457732135,0.0485632531105839,2.54282116889954,3.81639982461929,0.405315818260224,0.581653845983251
YGL146C,0.0181994903832674,-1.748326420784,0.00357172676316734,0.085721926804466,0.0121016880186896,0.0258384664232532,-1.9171542977584,-1.58773326663373
YGL142C,0.102125972509384,-0.993432998657227,0.0111006058356489,0.0472905766028722,0.0832272412255406,0.123288430273533,-1.07973450105597,-0.909077676884551
YGL141W,0.123507924377918,-0.910631060600281,0.0127363178891572,0.0450563052000948,0.101373737305403,0.146006572619081,-0.994074542535287,-0.83562759417728
YGL140C,0.18364429473877,-0.738208472728729,0.0183814187187192,0.0436312993311463,0.152922168374062,0.216794086496035,-0.815529552490486,-0.66395257075298
YGL139W,0.249863937497139,-0.604516923427582,0.0252120715873435,0.0439776791482306,0.207434833049774,0.295132799943288,-0.683118313853044,-0.529982560057791
YGL138C,0.00127009919378906,-2.96986961364746,0.000741106962793387,0.262238726129933,0.000287116095084154,0.00316042554525969,-3.54194246232974,-2.50025444995104
YGL137W,2.20915842056274,0.342071980237961,0.219626365704597,0.0433158120306275,1.83916683197021,2.59748244285583,0.264621119731981,0.414552620715606
YGL134W,0.0459741838276386,-1.34178650379181,0.0064620493151842,0.0612762723989448,0.0345307083800435,0.0590300216339529,-1.46179451672844,-1.22892708042026
YGL133W,0.133554607629776,-0.876507222652435,0.0132933157965003,0.0434263447847386,0.111067974753678,0.157006449252367,-0.954411150821394,-0.804082508351969
YGL130W,0.357610493898392,-0.449166297912598,0.0389128650217968,0.0473779675238721,0.289706906179587,0.432520697514216,-0.53804115192889,-0.36399310553826
YGL129C,0.256650120019913,-0.593285977840424,0.0282209509281539,0.0478442877475136,0.207023248076439,0.31163539464275,-0.683980881864882,-0.506353222318531
YGL128C,0.0885432511568069,-1.05861139297485,0.0145099521100067,0.0707824420197009,0.0639927329495549,0.119975759771963,-1.1938693544495,-0.920906491318144
YGL126W,0.190438091754913,-0.723394453525543,0.0229175252396872,0.0523878029587445,0.149818833669027,0.236762103314201,-0.824433601718998,-0.625687810867814
YGL125W,0.17466689646244,-0.760358154773712,0.0189648003545769,0.0473180756692864,0.142573760077357,0.210312968865037,-0.845960397439429,-0.677133957194853
YGL122C,1.03612446784973,0.0129080321639776,0.111130132626099,0.046707514724405,0.846277621388435,1.24752840598424,-0.0724871433163456,0.0960504421964309
YGL120C,1.13569414615631,0.0530450120568275,0.114537483672799,0.0439447138003787,0.938586262365182,1.34385376870632,-0.0275258118296161,0.128352008759644
YGL119W,0.146686345338821,-0.836793720722198,0.0177794024327512,0.0526318392146218,0.11612204760313,0.181910042588909,-0.93508531997695,-0.740143324471582
YGL117W,0.0436142906546593,-1.36897945404053,0.00864685053679638,0.0870692844039235,0.028637854118521,0.0617948109284044,-1.54305954392013,-1.20904805187628
YGL116W,0.20464500784874,-0.691396951675415,0.0214914200621752,0.0457038355633527,0.167365396146973,0.244625019654632,-0.776334365813257,-0.61149912876172
YGL115W,0.732692301273346,-0.138553962111473,0.0926575388505144,0.0550590901590942,0.568503141403198,0.92434400121371,-0.245267131169201,-0.0341663839224766
YGL114W,0.132821872830391,-0.879288077354431,0.0143860331418454,0.0472119188796943,0.107452912566562,0.160650327801704,-0.968781843039524,-0.794118383947968
YGL112C,0.391079604625702,-0.410274893045425,0.0422421958463691,0.0470298108089801,0.318534197161595,0.470741652448972,-0.49684396814271,-0.327217380879406
YGL111W,0.531791627407074,-0.276789158582687,0.0574077136230053,0.046950681506983,0.432166550556819,0.642897541821003,-0.364348851095935,-0.191858243566159
YGL110C,0.179459825158119,-0.748498022556305,0.0191023973697435,0.0463376036173833,0.146710588783026,0.214680461585522,-0.833538543164692,-0.66820748027899
YGL107C,0.20586484670639,-0.688966751098633,0.0222617535508857,0.0471382596456467,0.167373970150948,0.247047456353903,-0.776312082177913,-0.607219614236736
YGL105W,6.77286338806152,0.827966392040253,0.769870276732526,0.0494123813848293,5.46421400308609,8.28378216425578,0.737527699236064,0.918228669097002
YGL104C,0.0675828009843826,-1.17379546165466,0.00874811974241941,0.0562152945060596,0.052308636593322,0.085541389323771,-1.28142661434728,-1.06782371967055
YGL100W,0.682440161705017,-0.169215872883797,0.084172874537868,0.0533631007239844,0.540325870613257,0.856004883348942,-0.267344240427834,-0.0675237842638219
YGL099W,0.786655724048615,-0.106611020863056,0.0824690246637085,0.0457018614659529,0.644160994390647,0.941276051104069,-0.191005578280689,-0.0262829912338097
YGL098W,0.18859238922596,-0.732135474681854,0.0359460054833219,0.0814055724353745,0.128989779576659,0.269732950379451,-0.889444923555125,-0.569066036213341
YGL097W,1.15246427059174,0.059108953922987,0.124062453163052,0.0468203752846045,0.935722336669763,1.39422598481178,-0.0288530060951046,0.144333160891013
YGL095C,0.212717279791832,-0.674711883068085,0.0228344553712151,0.0468204996056576,0.173196215182543,0.254492009431124,-0.761461603300384,-0.594325851078508
YGL094C,0.0969187915325165,-1.0159010887146,0.00997770622720012,0.0448987061419664,0.0796664567664266,0.115319191788634,-1.09872449823092,-0.938098410805298
YGL093W,0.138177737593651,-0.862011909484863,0.014634459502143,0.04620912083161,0.113227745704353,0.164908319711685,-0.946047150386024,-0.782757433417153
YGL092W,0.443511873483658,-0.355208367109299,0.043622177269925,0.042921556489389,0.369959318637848,0.518148124217987,-0.431846029110539,-0.285546069724622
YGL091C,0.323491096496582,-0.493292093276978,0.0389347655263613,0.052448528932027,0.253416400402784,0.403126163532337,-0.596165283704817,-0.394559140351505
YGL085W,0.0546499341726303,-1.26888144016266,0.00948777674147511,0.0750149725581907,0.0384323340840638,0.0753772012889385,-1.4153032462822,-1.12276001425032
YGL084C,0.420760780572891,-0.37836617231369,0.0440714747042851,0.0457996588896832,0.344377884517113,0.500481461981932,-0.462964764862608,-0.300612004344905
YGL083W,0.118861936032772,-0.927384078502655,0.0125504670529361,0.0459961611753322,0.0973622374857465,0.142402514691154,-1.0116094551309,-0.846482341451723
YGL082W,0.465401917695999,-0.334858655929565,0.0517321041425933,0.0483771238202731,0.373905013501644,0.567266763250033,-0.427238718491787,-0.246212662282007
YGL081W,0.0419602431356907,-1.38318395614624,0.0069994936685193,0.0724803787946336,0.0298493229784071,0.0570919541021188,-1.52506551479271,-1.24342519336329
YGL078C,1.26201975345612,0.0985944122076035,0.134303288120801,0.0464239799020053,1.02718890706698,1.51520375013351,0.0116503206133678,0.180471025785862
YGL077C,0.627371251583099,-0.204838037490845,0.0653570006286034,0.0453690912319596,0.515604549646378,0.748419466614723,-0.287683259270752,-0.125854925177383
YGL075C,0.100396148860455,-1.0017249584198,0.0126872610273135,0.0546706228950956,0.0786511731644472,0.12656491783758,-1.10429479538503,-0.897686667128811
YGL073W,0.15629643201828,-0.808340132236481,0.0160324995982878,0.0446737162549809,0.128580426424742,0.185498912756642,-0.890825143876287,-0.731658631767322
YGL071W,0.164619952440262,-0.785890400409698,0.0171606818112055,0.0454811776479536,0.134796827907364,0.196243923654159,-0.870320334245681,-0.707203781568389
YGL067W,0.430754244327545,-0.368733078241348,0.0503788788360523,0.0507761329126772,0.346007383366426,0.528918707867463,-0.460914658559954,-0.276611072052885
YGL065C,0.33484935760498,-0.477750688791275,0.0366383623098602,0.0475766229040059,0.271305478364229,0.406261631349723,-0.566541436764638,-0.391194191899929
YGL064C,0.107189662754536,-0.972593545913696,0.0120418742599619,0.0489104601956701,0.0864820685858528,0.129864942406615,-1.06307393811549,-0.886508078963469
YGL063W,0.0198609717190266,-1.70829570293427,0.00339455466537074,0.0740557090698072,0.014074379648082,0.0272140845190734,-1.85157075135368,-1.5652062710588
YGL061C,0.294218897819519,-0.536929488182068,0.0473675480130013,0.0698800697236199,0.210095604757468,0.396136343479156,-0.677583040524266,-0.402155311475059
YGL060W,0.169259309768677,-0.773971557617188,0.0182230144646446,0.0469037032660672,0.137413620700439,0.203791316598654,-0.861970217616656,-0.690814331309751
YGL057C,0.11643723398447,-0.93860000371933,0.0171757387226772,0.0638456471600559,0.0868702421585719,0.152811712771654,-1.06112897055573,-0.81584339778527
YGL056C,0.381506890058517,-0.420991212129593,0.040824718328837,0.0466172687837631,0.309460878372192,0.459138206640879,-0.509394246097758,-0.338056571156269
YGL050W,0.294016569852829,-0.53600949048996,0.0419003680415878,0.061737032261916,0.221744724735618,0.383892484009266,-0.654146729208051,-0.415790393612583
YGL049C,0.621439933776855,-0.208788141608238,0.062221845048704,0.0436660342968275,0.515312254428864,0.731279384593169,-0.287929556065877,-0.135916683754443
YGL045W,0.0459627136588097,-1.34108126163483,0.00583842438593722,0.0550842771239344,0.0357404007576406,0.0579733401536942,-1.44684058535045,-1.23677167688421
YGL044C,0.454452186822891,-0.346098303794861,0.058307317146959,0.0559469821487945,0.350994765758514,0.571606755256653,-0.454699359987628,-0.242902647352459
YGL043W,1.20274245738983,0.0769997388124466,0.145507134045549,0.0525435753305832,0.948832083741824,1.50301273862521,-0.0228106406246034,0.176962643303896
YGL039W,0.744917213916779,-0.130929559469223,0.088297239792414,0.0513683139474451,0.592331440746784,0.926297842959563,-0.227435214549202,-0.0332493473077641
YGL038C,0.304505676031113,-0.519063174724579,0.0336631469799047,0.0481304633690022,0.244929999113083,0.369736349831025,-0.610958019075462,-0.432107850658183
YGL036W,0.106193296611309,-0.97627067565918,0.0110756606512224,0.0454037082360089,0.0872586071491241,0.126752127210299,-1.05919172364667,-0.897044754040893
YGL035C,0.324092388153076,-0.491934776306152,0.035462180833772,0.0476118134649399,0.262406341234843,0.393485631545385,-0.5810256781623,-0.405071131915882
YGL028C,1.41325390338898,0.147854924201965,0.147309844817703,0.0453832762131893,1.16218954622746,1.68435365657012,0.0652769646400273,0.226433283668385
YGL026C,3.25935196876526,0.510898947715759,0.329648850421848,0.0441208631134591,2.68861536780993,3.84488371014595,0.4295286729821,0.584883208349004
YGL025C,0.168145179748535,-0.777297616004944,0.0196711240413758,0.0509901289956143,0.13350759409368,0.206393637259801,-0.874494030369693,-0.685303695409552
YGL023C,0.212417840957642,-0.675264894962311,0.022544898276774,0.0462605089534979,0.173229889944196,0.254815012216568,-0.761377207353608,-0.593774989481268
YGL022W,1.03852105140686,0.0141673339530826,0.10548949479138,0.0442544580191682,0.860648797949155,1.22733321885268,-0.0651740337031812,0.0889624889259507
YGL020C,0.882210850715637,-0.060460053384304,0.147827961145336,0.0724228296042101,0.622483772536119,1.19803102413813,-0.205871965668747,0.0784680646548212
YGL019W,0.812144637107849,-0.0937694907188416,0.101916635677478,0.0543836963792994,0.636927996575832,1.0168376147747,-0.195909661019445,0.00725159625984817
YGL017W,0.122909255325794,-0.913214921951294,0.0139467867488059,0.0494005670136744,0.0988834356268247,0.149753765265147,-1.00487647628188,-0.824622250734617
YGL016W,0.271721720695496,-0.568040132522583,0.0270626432442426,0.0434266517299192,0.225645164648692,0.319806469231844,-0.646573995257891,-0.495112760326381
YGL014W,0.352080643177032,-0.455590128898621,0.0356069588885585,0.0441269419253088,0.290242521216472,0.416363284736872,-0.537238963440684,-0.380527575154202
YGL011C,1.92377281188965,0.279905498027802,0.270582484876816,0.0607041692275736,1.46999726295471,2.4978413939476,0.167316489652153,0.397564842483835
YGL009C,5.83244276046753,0.763680696487427,0.581911215469516,0.0434759532794957,4.85282897949219,6.8844265182813,0.685994986437567,0.837867768498228
YGL006W,0.140258863568306,-0.855258405208588,0.0140498029489185,0.043693890844135,0.115871588761608,0.165187070394556,-0.936023038230869,-0.782023955498707
YGL005C,0.191259071230888,-0.722915947437286,0.0276460793484711,0.0629037763338519,0.142549617961049,0.2483203013738,-0.846033943373266,-0.604987773476526
YGL003C,0.0951042547821999,-1.0245543718338,0.0106875540077934,0.0490027167311576,0.0764640749121706,0.115362265085181,-1.11654257354095,-0.937936246675166
YGL001C,1.28735280036926,0.106621421873569,0.153274614363518,0.0517562605067352,1.01717830399672,1.58887408276399,0.00739708425948331,0.201089480991735
YGR002C,0.211041182279587,-0.678376376628876,0.0237610899998667,0.0488323662823202,0.170238703489304,0.25898665189743,-0.768941696889659,-0.586722618763055
YGR003W,0.113891772925854,-0.946215927600861,0.0127152832611946,0.0485339554114279,0.0921602675070365,0.138500321408113,-1.03545629357771,-0.85854921885718
YGR004W,0.147167503833771,-0.834949195384979,0.016557966695183,0.0490633638573179,0.117808827695747,0.178998023271561,-0.928822202072796,-0.747151765036831
YGR006W,0.100438185036182,-1.00522065162659,0.0183184543065805,0.0786671897909853,0.0695114955306053,0.140336227789521,-1.15794336760168,-0.852830201613796
YGR009C,0.472843021154404,-0.327646553516388,0.049205116245611,0.0453966515466646,0.388142075886329,0.562700399259726,-0.41100927702638,-0.249722793535989
YGR010W,0.146160677075386,-0.838634490966797,0.0184606030202213,0.0549603853252195,0.114006743393838,0.182944340258837,-0.943069471359018,-0.737681041527846
YGR012W,0.351924061775208,-0.456405848264694,0.0403283242191536,0.0498929620535014,0.280343592166901,0.432154779632886,-0.552309366151397,-0.364360685864782
YGR013W,0.126024886965752,-0.902099192142487,0.0136456888051439,0.0472083359310366,0.101978867687285,0.15205971027414,-0.991489824224722,-0.817985845192008
YGR014W,0.651053071022034,-0.188562676310539,0.0650483913719085,0.0435811210613184,0.541709548731645,0.767287962138653,-0.266233509781584,-0.115041624355002
YGR017W,0.364273130893707,-0.442269325256348,0.0477120887267032,0.056657496767639,0.282539660731951,0.464857788383961,-0.548920582022136,-0.332679891859429
YGR019W,0.612042784690857,-0.215751215815544,0.0659902741213629,0.0469894700283302,0.495482612401247,0.737446175515652,-0.304971581825241,-0.132269672819473
YGR021W,0.120186574757099,-0.925948798656464,0.0198035040338158,0.0709566931817559,0.0866783333942294,0.163675025726358,-1.06208954799788,-0.786017650525376
YGR023W,0.0280786678195,-1.55563247203827,0.00381350808681604,0.0591330052214022,0.0212782360613346,0.0359589904546738,-1.67206437734414,-1.44419250954501
YGR024C,0.294957488775253,-0.537643432617188,0.0550455248005523,0.0800867105161465,0.202947000289957,0.417260347803434,-0.692617364388474,-0.379592884276025
YGR026W,1.24046075344086,0.0894283652305603,0.172599641227985,0.0600231286915674,0.947337714334329,1.61240208148956,-0.0234951993341214,0.207473350122819
YGR028W,0.22409676015377,-0.652734100818634,0.0270679961781654,0.052566920308062,0.176752399653196,0.277839141587416,-0.752634685486947,-0.556206575439357
YGR031W,0.247576102614403,-0.609584450721741,0.0304858319146653,0.0535558759764749,0.195192779228091,0.309892297039429,-0.709536252241883,-0.508789222480421
YGR033C,0.294338315725327,-0.537883162498474,0.0522106598635913,0.0764149400678023,0.207332447171211,0.410191273440917,-0.683332726248179,-0.387013587287116
YGR036C,0.19358879327774,-0.720179915428162,0.035170093764432,0.0783077159702429,0.134009874239564,0.271272974958023,-0.872863201935572,-0.566593604090684
YGR040W,0.158247798681259,-0.803857326507568,0.0191998772542182,0.0527500067607482,0.124436816138526,0.196671291564902,-0.905051132785641,-0.706259034200808
YGR042W,0.0891838893294334,-1.05595695972443,0.0152224919621939,0.0736518876894414,0.0632090270519257,0.121718496767183,-1.19922089452008,-0.914643433227761
YGR043C,0.0383894518017769,-1.42177700996399,0.00637156712437994,0.0723959514419132,0.0274694785475731,0.0516105993029972,-1.56114958470252,-1.28726111330766
YGR044C,0.557594299316406,-0.25705474615097,0.0697871823554554,0.0541133845320107,0.435806693633397,0.701666886111101,-0.360706128370608,-0.153869032321441
YGR046W,0.105335399508476,-0.980732321739197,0.0130104130037086,0.0536842800225032,0.0828120493019621,0.131771522884568,-1.08190649090113,-0.880178440718706
YGR047C,0.142311260104179,-0.849055290222168,0.014606676077896,0.044706533353407,0.117672776430845,0.169023480266333,-0.929324002664368,-0.772052960228233
YGR048W,0.409702390432358,-0.390771567821503,0.0499922548941319,0.053148298641726,0.321086606631676,0.507741928100586,-0.49337780972173,-0.294356972126482
YGR052W,0.0245231036096811,-1.61739027500153,0.00442507965800628,0.0777817636800887,0.0169105487099538,0.0345587958892187,-1.77184230041634,-1.46144140398005
YGR053C,0.0133771039545536,-1.89371955394745,0.00408930453759831,0.13314483939123,0.00682706143707037,0.0227107651531696,-2.16576618904408,-1.64376823871721
YGR054W,1.36359584331512,0.132326945662498,0.141951674042982,0.0453132729012244,1.11651994884014,1.62801310022672,0.0478664869269886,0.211657889310524
YGR055W,1.25887024402618,0.0976310968399048,0.130660874423377,0.0452495369759074,1.03141911725203,1.50158214767774,0.0134351758129149,0.176549096006771
YGR056W,0.177347496151924,-0.753512799739838,0.0183635112549339,0.0451486193172545,0.145678280790647,0.211188808083534,-0.836605193102737,-0.675329100893688
YGR058W,0.154650017619133,-0.814150035381317,0.0197094964455251,0.0551394368203388,0.119984306395054,0.195772782713175,-0.920875554716903,-0.708247710204129
YGR060W,5.04673433303833,0.700037956237793,0.591248286327435,0.0508354200694729,4.01862144470215,6.23329373598099,0.604077097453497,0.794717591814432
YGR061C,2.52929019927979,0.400907874107361,0.247446858849362,0.0427034857165396,2.11390833655993,2.9592301428318,0.325086140601871,0.471178736095139
YGR062C,0.032181516289711,-1.50007450580597,0.00609736012960736,0.0817762082934218,0.0218605908875664,0.0453158335449795,-1.66033810333137,-1.34375005239028
YGR065C,0.15615525841713,-0.809139668941498,0.0174208549582581,0.0484233866403629,0.126068759088715,0.191438284392158,-0.899392531127642,-0.717971230704773
YGR066C,0.00255750329233706,-2.66576147079468,0.00148750152087423,0.263979767360932,0.0005900504096644,0.00647095868286367,-3.22911299561928,-2.1890322617331
YGR071C,0.0624409429728985,-1.20712065696716,0.00681198075427388,0.0475211413134632,0.0507096003430585,0.0753371194005013,-1.29490983210951,-1.1229909895533
YGR072W,0.218915924429893,-0.662755250930786,0.0258660711992615,0.0513798253935632,0.173910290126999,0.269663497805595,-0.759674720541635,-0.569177841701665
YGR075C,0.11219684034586,-0.958391606807709,0.0221749280622144,0.0853621202438011,0.0741766393184662,0.160614213471611,-1.12973284691073,-0.794216024858912
YGR077C,0.0713516399264336,-1.14933288097382,0.00800442300419237,0.0488431359105731,0.0571271367371082,0.0872245375066996,-1.24315754261959,-1.05936132608634
YGR083C,0.715455949306488,-0.147694870829582,0.0730939063473775,0.0445664379732639,0.587747067213058,0.848273515701294,-0.230809550756775,-0.0714640920745325
YGR086C,4.33944320678711,0.634411931037903,0.512309977729176,0.051279459854794,3.45472075343132,5.37969168027242,0.538412947568639,0.730757383222282
YGR088W,0.0184396859258413,-1.7386462688446,0.00262485199762774,0.0619522864975294,0.0137254679575562,0.0240194747690111,-1.86247286896394,-1.61943649607024
YGR090W,0.503004372119904,-0.300582945346832,0.0499604165331154,0.0433476442930176,0.417277336120605,0.59337152838707,-0.379575202791416,-0.226673319805234
YGR092W,0.28572753071785,-0.546565651893616,0.0307069216584799,0.0468492884453775,0.232326477766037,0.343581047902505,-0.633901291739192,-0.463970800393219
YGR093W,0.195041552186012,-0.712482035160065,0.0213267186628237,0.0477171977177266,0.157743012035886,0.235217154646913,-0.802049875007204,-0.628531007895139
YGR097W,0.110389187932014,-0.959419548511505,0.0114372964393289,0.0452319643180406,0.0905724167823792,0.130992910390099,-1.04300404363797,-0.882752208989096
YGR099W,0.0866411849856377,-1.06509470939636,0.00988623636278712,0.049538431259986,0.0698078582063317,0.105959266424179,-1.15609568857811,-0.974861057066331
YGR100W,0.151119008660316,-0.822971761226654,0.0154898120546351,0.0446962620408097,0.124627474074562,0.179682461544871,-0.904386208929142,-0.745494312059583
YGR103W,1.44533574581146,0.157649502158165,0.14920338881151,0.0449366389767099,1.19102644920349,1.71765788992246,0.0759214059962809,0.234936666572565
YGR106C,1.98268032073975,0.293690919876099,0.254229647749251,0.0556904391486869,1.54054733216763,2.50682082772255,0.187674978668866,0.399123292638274
YGR108W,0.234503835439682,-0.63244104385376,0.0255881680724757,0.0475167266435124,0.190271251151959,0.283799456308285,-0.720626863505154,-0.546988448878626
YGR109C,0.118273288011551,-0.930539727210999,0.0148915394045563,0.0545883365313847,0.0929025276874502,0.14869063993295,-1.03197246993745,-0.827716369433518
YGR110W,0.0108120832592249,-1.97449612617493,0.00213243517755949,0.0857692502006717,0.00706945958081633,0.0156633704745521,-2.1506137937464,-1.80511482367383
YGR111W,0.407069146633148,-0.393000990152359,0.0451103563421644,0.0482065139372131,0.32927026823163,0.495139411836863,-0.482447482550103,-0.30527250789856
YGR112W,0.100256539881229,-1.00215470790863,0.0123118135370889,0.053360738031731,0.0786500977973143,0.124902084469795,-1.10430073361976,-0.903430313698116
YGR113W,0.20250204205513,-0.696875751018524,0.0249407427784671,0.0537017034048915,0.157881775125861,0.252245642741521,-0.801668012897597,-0.59817632746304
YGR116W,0.924930930137634,-0.0360348708927631,0.0916272838975973,0.0432455066395207,0.771659460663795,1.08428121805191,-0.112574315803731,0.0351419343046246
YGR117C,0.199462875723839,-0.7030109167099,0.0229283984072103,0.0500277521370382,0.159937214727203,0.243911257137855,-0.796050472505326,-0.612768177282612
YGR119C,0.638640105724335,-0.197178170084953,0.0674632187034078,0.0460750398405035,0.521741193036238,0.764405150711536,-0.282544873565546,-0.11667639828899
YGR120C,0.153611555695534,-0.818574607372284,0.0234710966652441,0.0658494487253034,0.11357714800785,0.205386169503133,-0.944709043658136,-0.687428813170804
YGR122W,0.0941266268491745,-1.02949285507202,0.0114270292878168,0.0528573835611213,0.0738965794444084,0.117270111851394,-1.13137566394346,-0.93081267617984
YGR123C,0.789789795875549,-0.104932628571987,0.0835936545211033,0.0461697750574144,0.644841404259205,0.94718999962012,-0.190547085193299,-0.0235628966702067
YGR125W,0.174263492226601,-0.761073708534241,0.0178298068748323,0.0445566229521109,0.143803970019023,0.207156620174646,-0.842229126525732,-0.68370118449959
YGR126W,0.0902514308691025,-1.05725753307343,0.0220973819380497,0.10509401435263,0.0552201680839062,0.140470090011756,-1.25790227575177,-0.852416145566675
YGR127W,0.0739054083824158,-1.13619995117188,0.0111030071663418,0.0651587384706983,0.0548624717630446,0.0968855732431014,-1.26072464584559,-1.0137408869431
YGR130C,0.808473169803619,-0.094613254070282,0.0826196232790613,0.0445699172541539,0.666964416702588,0.957360357542833,-0.175897350993097,-0.0189245597837846
YGR132C,1.38279187679291,0.137280315160751,0.17555507838525,0.0549627555039488,1.08013713359833,1.74708155492942,0.0334788967686683,0.242313116813802
YGR135W,2.49213576316833,0.391748279333115,0.372909240897353,0.0647552086813699,1.86003911495209,3.30207495888075,0.26952207713686,0.518786509945804
YGR136W,1.18311715126038,0.0672848150134087,0.194954782968552,0.0703886632878819,0.863810853163401,1.62669563293457,-0.0635813436845891,0.211306273458559
YGR140W,0.0968612357974052,-1.01618123054504,0.0100305692878682,0.0450487470264313,0.0797479175031185,0.11572501398623,-1.09828065508369,-0.936572786376178
YGR141W,0.230781644582748,-0.639383375644684,0.0251357683014672,0.0474878570366366,0.18680158307155,0.279283396651348,-0.728619461829716,-0.553954897482542
YGR144W,0.0137974545359612,-1.87110722064972,0.00311629963266563,0.0976232616020069,0.008539661920319,0.0204682184848934,-2.06855932603833,-1.68891996759518
YGR145W,0.50352144241333,-0.300259232521057,0.0514909006926563,0.0445478955119854,0.416477516790231,0.597718834380309,-0.38040843868611,-0.223503059143604
YGR147C,0.367291390895844,-0.439497947692871,0.0533329712858863,0.0624723764558908,0.276222024609645,0.479699651151896,-0.558741695838462,-0.31903060121599
YGR149W,0.0986764952540398,-1.00925135612488,0.012467145607477,0.0549237775473082,0.0770238190889359,0.123848735479017,-1.11337495146075,-0.907108474225562
YGR150C,0.0610967054963112,-1.21659874916077,0.00669276975811176,0.0477771716011445,0.0493924282491207,0.0735320883492629,-1.30633962236506,-1.13352310653108
YGR152C,0.625873267650604,-0.207861259579659,0.089015569577728,0.061412463313659,0.476736326515675,0.81307661285003,-0.321721755831724,-0.0898685309897509
YGR154C,0.00487982342019677,-2.33407807350159,0.001571595016616,0.141744482328699,0.00235604773236749,0.00829294271146258,-2.62781595729766,-2.08129138365217
YGR155W,5.5128345489502,0.738980293273926,0.579166402290705,0.0456531468414867,4.52773356040319,6.59416714509328,0.655880862304869,0.819159951033068
YGR156W,0.171497449278831,-0.768571078777313,0.0195646648374106,0.0496458203190922,0.137447926898797,0.210551682362954,-0.861861818447415,-0.676641284119255
YGR157W,0.821806252002716,-0.0874205678701401,0.0824320176740397,0.0436602206131992,0.685821581383546,0.972040340304375,-0.163788855263305,-0.0123157111972998
YGR158C,0.507107377052307,-0.300410628318787,0.0817819280548907,0.0689960497020353,0.369169408082962,0.68817846874396,-0.432774326203433,-0.162298926837378
YGR161C,0.477500766515732,-0.325712472200394,0.0703482768643407,0.0638818748746335,0.353707624723514,0.621986823280653,-0.451355614345649,-0.206218854375133
YGR162W,2.49769878387451,0.395353674888611,0.249898569571232,0.0436803179271366,2.06998634338379,2.94202613830566,0.315967480233427,0.468646526879441
YGR163W,0.438921630382538,-0.360661149024963,0.0520032022890308,0.0515214859879926,0.345785024762154,0.543694786727428,-0.461193821381064,-0.264644831572113
YGR165W,0.274889141321182,-0.563899993896484,0.032590074820364,0.0516120053466136,0.216937944293022,0.340278557439645,-0.663664479540271,-0.468165417303115
YGR166W,0.0878116339445114,-1.05935621261597,0.0101619432555545,0.0503450582245203,0.0697395457575719,0.107705276335279,-1.15652089020502,-0.967763020774179
YGR167W,4.57123517990112,0.654060184955597,0.768312874236823,0.0717969984275579,3.29416690468788,6.30205119848252,0.517745598798869,0.799481887849837
YGR168C,0.0223324112594128,-1.65750932693481,0.00385648524688451,0.0749864495225525,0.0155956022907048,0.0307164282693217,-1.80699785125536,-1.51262938806733
YGR169C,0.0755719393491745,-1.12502658367157,0.00945648564094153,0.0542873147739972,0.0595470701654752,0.0946658587704102,-1.22513960696235,-1.02380662100781
YGR171C,0.0666085556149483,-1.17918813228607,0.0074532107326662,0.0486205217617884,0.0536815156849722,0.0812026311953863,-1.27017523610368,-1.09042990147546
YGR172C,0.5639289021492,-0.254254668951035,0.0899304303524728,0.0690352339775698,0.407730564226707,0.759145350754261,-0.389626739483437,-0.11967507157969
YGR173W,1.12961935997009,0.050051212310791,0.130089566583879,0.0500762306188336,0.903129263222218,1.38519697388013,-0.0442500908043646,0.141511533986992
YGR175C,4.22848176956177,0.623691856861115,0.452242682832702,0.0465762357685359,3.46208588480949,5.07245151996613,0.539337837125734,0.70521790494077
YGR177C,0.303029030561447,-0.52108371257782,0.0329697573680784,0.0472732799809835,0.245188410331806,0.367682417233785,-0.610500066888177,-0.43452713803007
YGR178C,0.948323726654053,-0.0253027006983757,0.0965034342485785,0.0443903980311426,0.783079028626283,1.12214191754659,-0.106194406570413,0.0500477628522211
YGR179C,0.12372812628746,-0.910771608352661,0.0150848285644916,0.0531985727118719,0.0975577841202418,0.153598377481103,-1.01073807448888,-0.813613433398796
YGR184C,0.31823319196701,-0.499373435974121,0.0313360344951377,0.0429995450835956,0.26417151093483,0.374083995819092,-0.578114019843846,-0.427030871529498
YGR185C,3.15875244140625,0.496723353862762,0.357991145651823,0.0493149332260868,2.53776407241821,3.86164116859436,0.404451244705285,0.58677191580806
YGR186W,0.627728343009949,-0.204450726509094,0.0633009976904446,0.0440309458433426,0.519746177395185,0.738970816135406,-0.28420869615889,-0.131372712676382
YGR189C,2.2816150188446,0.355898171663284,0.237013728727,0.0451842786620448,1.8779497017463,2.72990769346555,0.27368395590858,0.436147960118003
YGR191W,0.835650086402893,-0.0802940279245377,0.086181259694757,0.0449423898624904,0.689844131469727,0.992699390649796,-0.161249025914248,-0.00318224615250062
YGR193C,0.829144239425659,-0.0839874222874641,0.0908417317553689,0.0477734726525939,0.670577417314053,0.997093638777733,-0.173551077286203,-0.00126407695113182
YGR194C,0.112958215177059,-0.949787676334381,0.0125724864010363,0.048598122097242,0.0907772647837798,0.136821463704109,-1.04202291001326,-0.863845767842053
YGR195W,0.481368362903595,-0.323157846927643,0.0780891097599455,0.0699831148307944,0.344262441247702,0.652332961062591,-0.463110356871249,-0.18553072273903
YGR198W,0.232939064502716,-0.635161697864532,0.0244531223644462,0.0457704006121294,0.190612197294831,0.277637733022372,-0.719849313103755,-0.556521510456889
YGR199W,0.25943198800087,-0.588229894638062,0.0263957105555633,0.044303522885231,0.214853969837228,0.307884782552719,-0.667856624803562,-0.511611775912339
YGR200C,0.670934200286865,-0.175487384200096,0.0669771227566776,0.043442108774709,0.55815726518631,0.79152362147967,-0.253243417944572,-0.101536121462959
YGR204W,3.02024340629578,0.477838754653931,0.303272175699802,0.0438339371767008,2.506295611461,3.54803681373596,0.399032291583616,0.54998811733766
YGR205W,0.454700380563736,-0.345738410949707,0.0574488625880141,0.0549398140654546,0.353478004286687,0.572865457336108,-0.451637606947951,-0.241947364324283
YGR207C,0.727196753025055,-0.142590805888176,0.102136758242402,0.0606859958413905,0.554173469543457,0.940257832407951,-0.256354283786582,-0.0267530403000588
YGR208W,0.938306272029877,-0.0309595763683319,0.115765471123279,0.0536436461358497,0.735839973886808,1.17580581704776,-0.133216643597623,0.0703355880663537
YGR210C,0.649865388870239,-0.189808964729309,0.0713718045176165,0.0479317402108633,0.522726039091746,0.787433743476868,-0.281725880279013,-0.103785978557973
YGR213C,0.00755150057375431,-2.14051723480225,0.00219801614281833,0.128757470421122,0.00386041675616677,0.0123926979877676,-2.41336580926976,-1.90683413469906
YGR216C,0.0870414823293686,-1.06293845176697,0.00962143637037039,0.0482267950768597,0.0701317566757401,0.10543553798149,-1.15408531692814,-0.977012997561558
YGR217W,0.0660598799586296,-1.18242621421814,0.0068740876480417,0.0454447496583279,0.054311255676051,0.0783493621274829,-1.26511015938758,-1.10596453494315
YGR218W,1.27719223499298,0.104116573929787,0.126537964644347,0.0431869504409885,1.06388247013092,1.50021788974603,0.0268936526478009,0.176154331596887
YGR220C,0.452945709228516,-0.34804305434227,0.062245581283351,0.0596791352157716,0.3444929279387,0.579361230631669,-0.462819690690759,-0.237050571133815
YGR222W,0.104515418410301,-0.985287189483643,0.0150206406584162,0.0623730118188361,0.0782825105513136,0.134968861937523,-1.10633525571736,-0.869766414086599
YGR227W,0.226039692759514,-0.64837634563446,0.0245262892511289,0.0472175159222076,0.183988403528929,0.272267989814281,-0.735209557788048,-0.565003417309188
YGR229C,0.811577081680298,-0.0931105986237526,0.0860419559714431,0.0460683867008521,0.665066123008728,0.976710279285908,-0.177135173598837,-0.0102342431648627
YGR231C,1.17548370361328,0.066838376224041,0.146857891709635,0.0542124676190916,0.923250949879487,1.47463683883349,-0.0346802393116323,0.16868507007276
YGR232W,0.722612500190735,-0.149376541376114,0.142547081481055,0.0847495095583768,0.487495793650548,1.03955928484599,-0.312029127260523,0.0168492507749484
YGR233C,0.378801137208939,-0.423807621002197,0.0381466369614136,0.0440192501290343,0.313057791193326,0.445685055851936,-0.504375483285474,-0.350971936751661
YGR234W,6.25119972229004,0.793366014957428,0.683018665920176,0.047569790663749,5.05194234848022,7.56387985547384,0.703458385850084,0.878744619929443
YGR237C,0.162816777825356,-0.790674865245819,0.0169514725276394,0.0455422096455837,0.133167112494508,0.192990261067947,-0.875603138250771,-0.714464608699336
YGR240C,8.47297382354736,0.925866425037384,0.845699319104095,0.0434666633646759,7.06010723114014,10.0163459777832,0.848811297303757,1.00070931722888
YGR241C,0.259213715791702,-0.588926196098328,0.0282456301204133,0.0474476603393945,0.210613212734461,0.313244817405939,-0.676514387112319,-0.50411610654741
YGR244C,0.888727903366089,-0.0538777448236942,0.0977929779381859,0.0480818002231783,0.715589115023613,1.07143020629883,-0.145336278933664,0.0299638860577267
YGR246C,0.260691106319427,-0.586276590824127,0.0273834381137484,0.045783240755921,0.213770147661368,0.311028166860342,-0.670052946823233,-0.507200279276865
YGR247W,0.151225402951241,-0.827674210071564,0.0279047104886359,0.0796901386889984,0.102886787677805,0.213606740782658,-0.987640394057744,-0.670385049615557
YGR248W,0.158218085765839,-0.8063884973526,0.0255791856323592,0.0701423779081831,0.113412833400071,0.213571881006161,-0.945337809216646,-0.670455928326617
YGR249W,0.00365766836330295,-2.45304131507874,0.00100526122774919,0.119621626963341,0.00202743184636347,0.00596086968823026,-2.69305390367924,-2.22469045942963
YGR250C,0.219986766576767,-0.659954071044922,0.0228339939766736,0.0452436887585549,0.180808544158936,0.261497680097819,-0.742781050667059,-0.58253225450578
YGR252W,0.187884494662285,-0.729190289974213,0.0223240386233067,0.0518657350884101,0.148678314561645,0.230320826172829,-0.827752370814636,-0.637666790290199
YGR253C,2.04514646530151,0.306528478860855,0.285844638212114,0.0603311120571754,1.55944792032242,2.66189714471499,0.192970869190608,0.425191041213121
YGR255C,0.211897879838943,-0.676567196846008,0.0235561197847332,0.048461147753905,0.170970830693841,0.256757401178281,-0.767077978479091,-0.590477029516543
YGR257C,0.104943484067917,-0.98288905620575,0.0139655488593148,0.0578883647123519,0.0802132714539766,0.133618985737363,-1.09575377260206,-0.874131829180787
YGR260W,1.31225287914276,0.115522518754005,0.140342302417701,0.0466386304241958,1.06625495453676,1.57496852080027,0.0278610615677431,0.19727186854848
YGR261C,0.396978050470352,-0.40354660153389,0.0409079497892504,0.0448793567666733,0.327389240264893,0.471974189579487,-0.484935597894056,-0.326081761765947
YGR263C,0.0932388380169868,-1.03362500667572,0.0113459190940593,0.0529904198346804,0.0730828117579222,0.116251044844588,-1.13618475705371,-0.934603137693594
YGR264C,2.52668023109436,0.400348603725433,0.253916109333818,0.0437865063442729,2.09545448819796,2.98429848154386,0.321278232670925,0.474842253458981
YGR266W,0.386284828186035,-0.415401369333267,0.0397313933168812,0.0448589973330835,0.318711876869202,0.459812965244055,-0.496601752143941,-0.337418788507639
YGR267C,1.45712101459503,0.157599568367004,0.243486963689791,0.0713031539315312,1.05765907863776,1.99998600780964,0.0243456837222508,0.301026957018844
YGR270W,0.192229181528091,-0.718453824520111,0.0196214092525172,0.0445243071907743,0.159204683328668,0.227213211730123,-0.798044160861386,-0.643566421338623
YGR271W,0.159867778420448,-0.79835456609726,0.0157392818944001,0.0429585198123421,0.133401443933447,0.187126830220222,-0.874839474528326,-0.727863938949994
YGR274C,0.162037327885628,-0.792681872844696,0.0166125375219404,0.0447805061662887,0.133244783927997,0.192130834236741,-0.875349784922261,-0.716402932472961
YGR276C,0.307828694581985,-0.51416540145874,0.0327662857053401,0.046443781137687,0.250150349984566,0.36847410996755,-0.601798885549022,-0.433593025595194
YGR277C,0.272210776805878,-0.569086849689484,0.0369562878248161,0.0589286511771454,0.207759938016534,0.347482692698638,-0.682438192989358,-0.459066822784548
YGR278W,0.116561889648438,-0.936149001121521,0.0130007647543151,0.0485310169926409,0.0940187348673741,0.141572058200836,-1.02678560612105,-0.849022454037776
YGR280C,0.585844457149506,-0.236219018697739,0.0797598199758936,0.0589931071051505,0.449351999908686,0.752266408999761,-0.347413460238282,-0.123628413993318
YGR281W,0.346272587776184,-0.462663024663925,0.03375435559879,0.0425817006910788,0.28864774107933,0.40292152762413,-0.539631836885671,-0.394779528147482
YGR282C,8.96681213378906,0.949322581291199,1.11113127186816,0.0536568954996318,7.03485492865245,11.224720231692,0.847255145348963,1.05017551756453
YGR283C,0.248919084668159,-0.607156276702881,0.0302767713310791,0.0529282282877996,0.194495752453804,0.309081747879585,-0.711089878687976,-0.509926640549943
YGR286C,0.28811776638031,-0.543426752090454,0.0339020762973068,0.0510407292432403,0.228470212717851,0.35726135969162,-0.641170413978258,-0.447013953235516
YGR288W,0.0288692805916071,-1.54403579235077,0.00415575902168622,0.0623744582910465,0.0215503221843392,0.037915410194546,-1.66654624330886,-1.42118424130274
YGR289C,0.00142262526787817,-2.87333154678345,0.000499529313266608,0.153611398868462,0.000631295297353063,0.00262901319850547,-3.1997675285151,-2.58020765699614
YHL047C,0.141754731535912,-0.850922763347626,0.0150877025316298,0.0462780985744493,0.115482553094625,0.170317456126213,-0.937483624951139,-0.768740838174941
YHL044W,0.046659529209137,-1.34516584873199,0.0119221318973133,0.111519293866785,0.0265759631060064,0.0727787559231123,-1.57551098790657,-1.13799542584934
YHL039W,0.278731495141983,-0.557318925857544,0.0298599521532153,0.0467602397890995,0.22751684486866,0.333322115490834,-0.642986443566501,-0.477135871372607
YHL038C,0.0801753848791122,-1.0987731218338,0.00912691014353409,0.0494940668914428,0.0643778939420978,0.0982276391237975,-1.19126325941513,-1.00776635566737
YHL036W,0.0203523617237806,-1.69588208198547,0.0029388751813502,0.0625008195584923,0.0152899746162196,0.0264961395412684,-1.81559323630089,-1.57681746237163
YHL034C,7.24161863327026,0.856604516506195,0.883163584887423,0.0530435496974848,5.71949723164241,8.98379609584808,0.757357852283451,0.953459878105586
YHL032C,0.0265487153083086,-1.57912158966064,0.00320495134261393,0.0525315587807952,0.0208621725440025,0.03310409632201,-1.68064050434045,-1.48011826317548
YHL030W,0.524158716201782,-0.2826908826828,0.0520687256633499,0.0433353249440553,0.436442631731431,0.616460401316484,-0.360072858897328,-0.210094815784028
YHL027W,0.340663224458694,-0.47009614109993,0.0358767408533632,0.0459562125702522,0.278918646772703,0.407032665858666,-0.55452245054146,-0.39037073565929
YHL025W,0.19318251311779,-0.717525959014893,0.0245383567656201,0.0551301907077744,0.150001491730412,0.243317106738687,-0.823904425036808,-0.613827386188695
YHL024W,0.0208136718720198,-1.68531370162964,0.00270514557101074,0.0564595505632614,0.0160375676428278,0.0264858200370024,-1.79486150005455,-1.57698657916069
YHL023C,0.089337944984436,-1.05124938488007,0.00913970059920425,0.0446538809380813,0.0735110759114226,0.10585094516476,-1.13364723436884,-0.975305259846973
YHL022C,0.0146821225062013,-1.84094297885895,0.00276598024106217,0.0823833227390498,0.0097455852975448,0.0207161245091508,-2.0111920992264,-1.68369160213009
YHL021C,0.626724481582642,-0.20545282959938,0.067535031503393,0.0469461462393125,0.509731104969978,0.75406643152237,-0.29265889183313,-0.122590396485877
YHL020C,0.182590276002884,-0.741482615470886,0.0213082931820347,0.0507977830125998,0.144954467192292,0.225017615904411,-0.838768402148549,-0.647783495340438
YHL019C,0.06439558416605,-1.19394874572754,0.00730805426264122,0.0494247723647306,0.0519252642989159,0.0784253700325886,-1.28462128423401,-1.1055434252708
YHL017W,0.311070114374161,-0.509624540805817,0.0331635590033171,0.0465828688564209,0.251902192831039,0.374419441322486,-0.59876805191326,-0.426641611642818
YHL014C,0.0789092555642128,-1.10635411739349,0.0100229034618843,0.0549923476570324,0.0619018599390984,0.0997365995620688,-1.20829630172056,-1.00114544955492
YHL013C,0.498806685209274,-0.305607348680496,0.063877490143005,0.0554565317169453,0.388906070341667,0.631136977175872,-0.41015527948556,-0.199876374573966
YHL012W,0.00344584160484374,-2.4764518737793,0.000864210817527057,0.110169678572965,0.00204125395976007,0.00532873974104102,-2.69010295978116,-2.27337556808549
YHL011C,1.69039785861969,0.224814862012863,0.204370175882153,0.0525861661906321,1.33281487723192,2.09693106810252,0.124769827935008,0.321584070484392
YHL009C,0.330224901437759,-0.484214007854462,0.0390144275859454,0.0512812532920941,0.261745986590783,0.408593126883109,-0.582119969687989,-0.388708944749088
YHL008C,0.0723831355571747,-1.14307081699371,0.00808875230157017,0.0485416927963468,0.0587603123237689,0.0879969567681352,-1.23091590495297,-1.05553235092932
YHL007C,0.369513839483261,-0.434564352035522,0.0370660045309345,0.0437584945934246,0.305861549079418,0.436714394638936,-0.514475128918965,-0.35980250732678
YHL003C,0.766539514064789,-0.118255712091923,0.0868302648530162,0.0492940984448828,0.618076971669992,0.933349232375622,-0.208957438201559,-0.0299558253848883
YHL002W,0.358094781637192,-0.448685795068741,0.0398102727781482,0.0483339840776488,0.290490976472696,0.434879233439763,-0.536867387169695,-0.361631330670576
YHR001W,0.516213178634644,-0.289728254079819,0.055927273358909,0.04720470585302,0.420269399881363,0.623032689094543,-0.376472230138426,-0.205489166308827
YHR003C,0.331858485937119,-0.481605559587479,0.0360025913906477,0.0472029474336213,0.269947584470113,0.401991212119659,-0.568720557249322,-0.395783446318562
YHR006W,0.282466322183609,-0.55149120092392,0.0299883122776915,0.0462928776436349,0.230297556892037,0.338752603282531,-0.637710678926723,-0.470117371209609
YHR007C,3.50538516044617,0.542424380779266,0.36144318681729,0.0448484883853786,2.89602860808372,4.19015119473139,0.461802847339769,0.622229692082327
YHR008C,2.3260600566864,0.361258834600449,0.369329959008029,0.0680900205754653,1.70553584992886,3.16244522333145,0.231860851643281,0.500023011795639
YHR009C,0.417217612266541,-0.381992518901825,0.0434172574202509,0.0452719888587023,0.343636754651864,0.499432951211929,-0.463900395840387,-0.301522807484435
YHR011W,0.0876372829079628,-1.0604921579361,0.0105967607387846,0.0526544884180456,0.0691084089378516,0.108706056202451,-1.16046910880629,-0.963746260094818
YHR012W,0.368094325065613,-0.43801948428154,0.049895033982188,0.0588590655074402,0.279822701464097,0.472356977313757,-0.553117078342759,-0.325729667361526
YHR013C,1.56934189796448,0.1900944262743,0.253016144104546,0.0700324162395044,1.1256356994311,2.11075711250305,0.0513977986062897,0.324438261366139
YHR014W,0.00329996272921562,-2.52863430976868,0.00152610277977383,0.208663498008022,0.00100747824083858,0.00707080222976704,-2.99676454415552,-2.15053131059362
YHR015W,0.0313705429434776,-1.50668239593506,0.0038040879059561,0.0528534035985803,0.0246021848171949,0.0389465450309217,-1.60902638271027,-1.40953106290709
YHR016C,0.474023103713989,-0.326840370893478,0.0522270702773912,0.0479629980437846,0.384137889246146,0.573725961148739,-0.415512861427441,-0.241295499663948
YHR017W,0.177198380231857,-0.754650890827179,0.0211865923397529,0.0520677709674646,0.140434544285138,0.21944952805837,-0.852526051098013,-0.658665349446596
YHR018C,0.660233080387115,-0.18293522298336,0.0727530357769601,0.047836870740727,0.53628253142039,0.803613712390264,-0.270606349914763,-0.0949526645327014
YHR019C,5.18951988220215,0.712855100631714,0.529139505900798,0.044524241824565,4.26580975850423,6.14629504680634,0.630001483067367,0.788613403576279
YHR020W,3.33400750160217,0.520660579204559,0.34323083079296,0.0447920966728403,2.74430628816287,3.97483348846436,0.438432568755277,0.599318940148269
YHR022C,0.0122777773067355,-1.93659996986389,0.00424200660843659,0.151796807982645,0.00551259515341371,0.0221597442092995,-2.25864395321453,-1.6544353092962
YHR024C,0.400523722171783,-0.400105476379395,0.0449008814850296,0.0487999834981582,0.322811093429724,0.48790031572183,-0.491051550904842,-0.31166890949128
YHR025W,2.04728579521179,0.308358997106552,0.233395221320941,0.0495506873447549,1.64571535587311,2.50862366358439,0.216354721481568,0.399435506343118
YHR027C,1.83092641830444,0.260523527860641,0.1816218274142,0.0432626685389157,1.52769834597905,2.1544415195783,0.18403760830435,0.333334694126526
YHR028C,0.445477336645126,-0.353459656238556,0.0456259634458378,0.0445934579539944,0.369056310256322,0.528901855150859,-0.432907377694046,-0.276624909731305
YHR029C,0.487633109092712,-0.315667271614075,0.0642194775612077,0.0572499110401287,0.37161111831665,0.619245957334836,-0.429911300729703,-0.208136820045905
YHR030C,0.32693874835968,-0.488164395093918,0.0359281416945349,0.0478881165958337,0.265321355561415,0.396298468112946,-0.576227794980537,-0.401977606422763
YHR031C,0.0802680999040604,-1.09809112548828,0.00882901607611702,0.0478936176002895,0.0654120519757271,0.0970586166406671,-1.18434222683872,-1.01296590303192
YHR032W,0.273987144231796,-0.564832925796509,0.0296878495478129,0.0472942296280139,0.222038933013876,0.329798829307159,-0.653570907240358,-0.481750891130752
YHR033W,0.00269777444191277,-2.59660124778748,0.000953377409254937,0.158081991421196,0.00119447074830532,0.00480631666335589,-2.92282448570882,-2.31818857788949
YHR034C,0.197529494762421,-0.707944691181183,0.0254049959686307,0.0557575966702699,0.153546957174937,0.250183209776878,-0.813758787543256,-0.601741851790555
YHR035W,0.0217155925929546,-1.66728532314301,0.00297448588462552,0.0594504628168155,0.0165310667827725,0.0279455734882504,-1.78169926565151,-1.55368699799601
YHR036W,0.140489906072617,-0.855300486087799,0.0163650574939778,0.0506098150545971,0.111861728131771,0.173623918990294,-0.951318475618401,-0.760390456855923
YHR037W,0.571681380271912,-0.245338797569275,0.0611126979362371,0.0466251269906388,0.466274077941974,0.684337748587132,-0.331358729041847,-0.164729509418339
YHR040W,0.131334349513054,-0.885156154632568,0.0167516461569743,0.0554912524013634,0.101952510885894,0.165234997868538,-0.991602088564316,-0.781897960820686
YHR042W,1.28904509544373,0.107964016497135,0.132237944683586,0.0448609410498898,1.05877571900686,1.52043712039789,0.0248039669425716,0.181968446704076
YHR045W,0.176757156848907,-0.755209743976593,0.0192696644863767,0.0474448901978481,0.143649324774742,0.21324297785759,-0.842696411073306,-0.671125261346431
YHR046C,0.339899897575378,-0.472318887710571,0.0443220861576962,0.0564683357394043,0.263328281541665,0.433723774552345,-0.579502499617017,-0.362786773625355
YHR049W,0.929818332195282,-0.0367386974394321,0.144074543224063,0.0667547101236877,0.681196212271849,1.23755795458953,-0.166727800203462,0.0925655041163761
YHR050W,0.210311591625214,-0.679701924324036,0.0228160765004768,0.0472946283913044,0.170499609659115,0.253223717212677,-0.76827661196238,-0.596495620249429
YHR052W,1.21605563163757,0.0822303742170334,0.136233791187749,0.0486725904954027,0.978349092106024,1.47604165971279,-0.00950617067760158,0.169098610427044
YHR058C,0.311374992132187,-0.510649740695953,0.0419400121110377,0.0585412664600576,0.237303107852737,0.397406280040741,-0.624696579765758,-0.400765274202827
YHR061C,0.185804143548012,-0.735044658184052,0.0256165757811518,0.0596825429689186,0.14145271256566,0.239082202812036,-0.849388723961022,-0.621452751981629
YHR062C,0.373840123414993,-0.431665867567062,0.0531148167976171,0.0615029679411868,0.28284232467413,0.485850155353546,-0.548455612388283,-0.313497654065814
YHR063C,0.973751246929169,-0.0144043378531933,0.111650051655952,0.0498227689682399,0.777961128950119,1.19745440582434,-0.109042111987543,0.0782589727080576
YHR064C,7.24114084243774,0.857364773750305,0.766966636859659,0.0461205475303864,5.93996795415878,8.69461609522502,0.773784087432741,0.939250410786138
YHR065C,0.687186241149902,-0.165474027395248,0.0743108134477365,0.0471303042098945,0.556277025242647,0.826868036886056,-0.254708876592409,-0.0825637958569379
YHR069C,0.460027694702148,-0.340250045061111,0.0543443459429593,0.0514077888239608,0.365133226911227,0.5682647138834,-0.437548659068626,-0.245449310496071
YHR070W,0.336931139230728,-0.475057750940323,0.0367770735573226,0.0475996182232623,0.272844079136848,0.404925495386124,-0.564085472364533,-0.392624877820571
YHR071W,0.0976400822401047,-1.02294886112213,0.0239073331905381,0.104347913733822,0.0595694590980808,0.15284034460783,-1.22497639097465,-0.815762056136028
YHR072W,0.271521389484406,-0.568537354469299,0.0281842680154511,0.0451501741207328,0.223983091364304,0.325161020209392,-0.649784768898346,-0.487901523345268
YHR074W,0.653943419456482,-0.186671420931816,0.0658543845205727,0.0439025021354255,0.542226455609004,0.770510783294837,-0.265819300465985,-0.113221280393021
YHR075C,0.0600627884268761,-1.22532379627228,0.00807463242715559,0.0585037474011495,0.0457651600552102,0.0761330417046945,-1.33946504347175,-1.11842683283444
YHR076W,0.420630067586899,-0.379426509141922,0.0520310879968292,0.0538408550502916,0.3275350227952,0.524320497612158,-0.484742256025833,-0.280403166764698
YHR077C,0.155900865793228,-0.80945760011673,0.0160308176326494,0.0448733617213248,0.128459194799264,0.184875113765399,-0.891234807938093,-0.733121567168371
YHR078W,0.0631295666098595,-1.20283937454224,0.00752207133350074,0.0516995831193179,0.050119913679858,0.0783880929773053,-1.29998979556779,-1.10574990312131
YHR082C,0.234891310334206,-0.631383836269379,0.0238629947810011,0.044291796641254,0.193392329414686,0.278749708582958,-0.713560756171482,-0.554785577985261
YHR083W,0.340085536241531,-0.471732169389725,0.042073733417374,0.0537552390761156,0.265217685947816,0.425623659789562,-0.576397543603701,-0.370974238823661
YHR084W,0.24800132215023,-0.607856154441833,0.0255373420485916,0.0448762153694012,0.203371453036865,0.29373717084527,-0.691710010351464,-0.532041101297276
YHR086W,0.177047461271286,-0.754621803760529,0.019763702452919,0.0486236941931748,0.142348609119654,0.215867415070534,-0.846646799198969,-0.66581290895377
YHR088W,0.878239572048187,-0.0598690658807755,0.111191531927888,0.0550873245679489,0.680518567562103,1.10327424307664,-0.167160020821036,0.0426834768770939
YHR090C,0.171844735741615,-0.769017517566681,0.0238176390662922,0.0601178880623444,0.130517053976655,0.220817929257949,-0.884332758961709,-0.655965673357896
YHR091C,0.046426247805357,-1.3361691236496,0.00538622421025326,0.0505641758811075,0.0369582331428925,0.0568518436513841,-1.43228879954518,-1.24525544812917
YHR098C,0.690941989421844,-0.162770047783852,0.0695427409599391,0.0439178884555198,0.572919953862826,0.815249383449554,-0.241906051875112,-0.0887095209667249
YHR099W,0.298075079917908,-0.527756214141846,0.0290657843604127,0.0426270433580071,0.248674404248595,0.347572546452284,-0.604368915137928,-0.458954560077091
YHR101C,0.164020270109177,-0.788358449935913,0.020105167149486,0.0532425265885636,0.128182742496332,0.205741340542833,-0.892170441529661,-0.686678443520378
YHR102W,0.129830285906792,-0.888951063156128,0.0133998988731924,0.0450472765882152,0.106855495025714,0.15413844101131,-0.971203201187646,-0.812089040863154
YHR103W,0.253044128417969,-0.599019110202789,0.0255051195496119,0.0439578157757642,0.208605805660288,0.29845318198204,-0.680673612737171,-0.525123786482895
YHR106W,0.0977761447429657,-1.01350712776184,0.0128285138298715,0.0570937296986609,0.074924174323678,0.124271218416592,-1.12537804688195,-0.905629445152405
YHR109W,0.0527605786919594,-1.28085005283356,0.00637382462849933,0.0523888495968121,0.0417197481108208,0.0655979327857494,-1.37965833085847,-1.18310984661793
YHR111W,0.338289052248001,-0.473454505205154,0.038019140061032,0.0488657424981454,0.272214948634307,0.410889337956905,-0.565088033858441,-0.386275128086129
YHR112C,0.280819624662399,-0.554935812950134,0.0349892550870925,0.0541261382180133,0.219997480511665,0.351532540718714,-0.657582292842096,-0.454034471781876
YHR113W,0.526592612266541,-0.281104266643524,0.0572594329347303,0.0474275418513955,0.42649057507515,0.63526326417923,-0.370090561772148,-0.197046258194624
YHR114W,0.276981681585312,-0.55994325876236,0.0290655300268228,0.0456539271334603,0.226995974779129,0.331640034914017,-0.643981843893714,-0.4793330478059
YHR117W,0.415379881858826,-0.383940458297729,0.0434910541928616,0.0455661652309684,0.34247161274155,0.496643463522196,-0.465375444352222,-0.303955276228862
YHR118C,0.188181951642036,-0.728280246257782,0.0215563253413093,0.0499402986179135,0.150713488459587,0.229564221700033,-0.82184787773564,-0.63909581934314
YHR119W,0.117110550403595,-0.933699607849121,0.012009443720863,0.0447306189717332,0.096468993028005,0.138914296279351,-1.01561225475944,-0.857253063960263
YHR122W,0.462428569793701,-0.342617034912109,0.0882174587386663,0.0813143116866814,0.317678318172693,0.658634960651398,-0.498012426116451,-0.181355220458286
YHR123W,0.391288995742798,-0.410492569208145,0.0459972596071384,0.0509653445393417,0.312877148389816,0.482374054690202,-0.50462615526422,-0.316616059889091
YHR127W,0.395408719778061,-0.408481895923615,0.0634536041409819,0.0692959589612726,0.287878137081861,0.530529254178206,-0.540791322032016,-0.275290684289275
YHR129C,0.074497252702713,-1.13173031806946,0.00999529922780341,0.0579627954118673,0.0573874073413511,0.0954529458656907,-1.24118347630006,-1.0202106780385
YHR132C,1.06604635715485,0.0251353606581688,0.117589546992207,0.0479287891606876,0.860827445983887,1.29719436168671,-0.0650838947337596,0.113005052324654
YHR133C,0.975610673427582,-0.01418103184551,0.123552618941082,0.0547989854171001,0.758930720388889,1.23711720009645,-0.119797964317647,0.0924108230551468
YHR137W,0.40397784113884,-0.396164000034332,0.043444268624209,0.0468852334971524,0.329288944602013,0.486918764561415,-0.482422857524389,-0.312543488716129
YHR139C,0.00347359571605921,-2.50438570976257,0.0015803091324563,0.203555485415098,0.00114774506364483,0.00734097010378417,-2.94015601720023,-2.13424814870152
YHR142W,0.330137997865677,-0.485130995512009,0.0438879764891906,0.0576999603160816,0.253408223390579,0.420345001667738,-0.596179295864563,-0.376394118726115
YHR143W,3.67839598655701,0.56247478723526,0.445442966958062,0.0526386159792025,2.91751062472661,4.55489598910014,0.46501243004787,0.658478391127977
YHR144C,0.252189248800278,-0.601949095726013,0.0329001307427686,0.0565282574393213,0.195536436264714,0.322035101552804,-0.708772304451486,-0.492096818721855
YHR149C,0.26410910487175,-0.580610752105713,0.0277043181400183,0.0456487529876921,0.216663435970744,0.317194933940967,-0.664214373912691,-0.498673758736384
YHR150W,0.03508086130023,-1.45842325687408,0.00444676766638511,0.0552084117377522,0.0273151661269367,0.0440496212802827,-1.56359620102801,-1.35605782134756
YHR154W,0.196900889277458,-0.707868993282318,0.0194083032170218,0.0429327106517764,0.164056852459908,0.231757432346543,-0.785005624934302,-0.634966329351573
YHR156C,0.062727652490139,-1.20753490924835,0.0095388799180956,0.0659320710250042,0.0460861542262137,0.0831859758744637,-1.33642953640452,-1.0799499269081
YHR158C,0.284422755241394,-0.548213183879852,0.0284203364100375,0.0435522261060918,0.236332035561403,0.33681874225537,-0.626477406530389,-0.472603750490192
YHR160C,0.00593339465558529,-2.25989437103271,0.00230482188877066,0.174104577873535,0.00231996304549587,0.0111719358091553,-2.63451898496397,-1.95187156987149
YHR161C,0.176660999655724,-0.755337417125702,0.0188366668601791,0.0465093222159517,0.143079936752717,0.212452307343483,-0.844421263162031,-0.672738547883005
YHR163W,1.27364456653595,0.100030139088631,0.194516380921442,0.0660523634038704,0.937735915184021,1.69788402219613,-0.0279194502418053,0.229908018571113
YHR167W,0.195335298776627,-0.714699447154999,0.0312914275705437,0.0689342711471536,0.141918581351638,0.264011190831661,-0.847960740262055,-0.578377677239765
YHR168W,0.0540045648813248,-1.2708181142807,0.0065991837120684,0.0532412562110431,0.0422261056179802,0.0671545540293058,-1.37441925374325,-1.17292453684043
YHR169W,0.381473928689957,-0.421170741319656,0.0419232292963353,0.0479326995666417,0.307723881800969,0.461318719138702,-0.511838802840119,-0.335998951677239
YHR171W,0.0635115057229996,-1.19977927207947,0.00699271155836266,0.0478190924970746,0.0516761250793934,0.0768676613767942,-1.2867100592545,-1.11425633475856
YHR172W,0.118103943765163,-0.930241107940674,0.0126686182340818,0.0467508803633107,0.0955928266048431,0.142145499587059,-1.01957469645633,-0.847266885783223
YHR176W,0.0236748643219471,-1.63043642044067,0.0035051704988613,0.0641015426651984,0.0174777328968048,0.0311560430719207,-1.75751491094763,-1.50645778269019
YHR177W,0.00761928409337997,-2.12857866287231,0.00168475239376963,0.0958741615708232,0.00475518024759367,0.0113577143133928,-2.3228330162776,-1.94470908671879
YHR178W,0.0644154623150826,-1.19380211830139,0.00728516198514708,0.0493302255096572,0.0516741052269936,0.0784283569082618,-1.28672703474603,-1.10552688388083
YHR179W,8.46433925628662,0.92501574754715,0.922869840572133,0.0473812722909463,6.86492501497269,10.27588215669,0.836635797829671,1.01181911463587
YHR181W,0.445615142583847,-0.358163744211197,0.0811962821254352,0.0787577131586893,0.306252541393042,0.617310384909312,-0.513920866465236,-0.209496417654119
YHR182W,0.0512332506477833,-1.29296565055847,0.00550267502168799,0.0468258152650812,0.0417922540878256,0.0615815070768197,-1.37890420468508,-1.21054968797258
YHR183W,8.60796642303467,0.932540237903595,0.897762343442656,0.0453245114158644,7.09832275708516,10.2849931637446,0.851155735162578,1.01220398747646
YHR186C,0.136356964707375,-0.867460370063782,0.0134924779946565,0.0431829634447479,0.112875766058763,0.160302102565765,-0.947399301591652,-0.795060781284525
YHR187W,0.286263823509216,-0.546871364116669,0.0370734850598166,0.056281074907559,0.219983831048012,0.363940222064654,-0.657609238926358,-0.438969945662229
YHR188C,0.497794717550278,-0.30526727437973,0.0513533520105993,0.0449342166491344,0.408459321409464,0.592612907290459,-0.388851188501209,-0.227228896604048
YHR190W,1.96108460426331,0.290161728858948,0.203053324231143,0.0451216969981838,1.61332000792027,2.34222073157628,0.207720507736247,0.369627817824444
YHR194W,0.0242738947272301,-1.61908364295959,0.00341003358460116,0.0604722751685262,0.0184351466596127,0.0318102093723913,-1.73435340304256,-1.4974335126627
YHR195W,0.116132028400898,-0.939443945884705,0.0166042260880224,0.0618054515087145,0.0874889299273491,0.151507504656911,-1.05804689541915,-0.819565854821967
YHR196W,0.616717934608459,-0.212243914604187,0.0636789616344624,0.0451123511624543,0.505921185016632,0.734634757041931,-0.295917134500926,-0.133928528162751
YHR197W,0.284117221832275,-0.5488201379776,0.0292687380302801,0.0449541639301425,0.233339838931958,0.337538070976734,-0.632011110215774,-0.471677236250748
YHR198C,0.185651510953903,-0.735466778278351,0.025835040540614,0.0601041725544759,0.141679960489273,0.240237223977844,-0.848691573010673,-0.619359767748349
YHR199C,0.296534925699234,-0.532099783420563,0.0413016186003938,0.0602115721963009,0.225560975323121,0.383308789630731,-0.646736038513611,-0.416451228524461
YHR200W,1.85019767284393,0.263202279806137,0.251606517992285,0.0591774969199113,1.40396322607994,2.3750903626283,0.147355684646278,0.37568013590927
YHR205W,0.448909670114517,-0.350092530250549,0.045596642222061,0.0443161181755336,0.37056632861495,0.530835231641928,-0.431134045279235,-0.275040261355191
YHR206W,0.214126542210579,-0.671760499477386,0.0225880011631281,0.0460321224541736,0.174974299967289,0.256194061785936,-0.75702574104955,-0.591430948146187
YHR207C,0.288087069988251,-0.543019115924835,0.0311348944707341,0.0470739676809354,0.233206927776337,0.348353040715059,-0.632258552324921,-0.457980394233759
YHR208W,5.0390796661377,0.699760794639587,0.5496931216943,0.0475220967096904,4.08467469215393,6.10119599898656,0.611157474358507,0.785414974326326
YHR209W,0.0901534929871559,-1.04988217353821,0.0135170168294369,0.0651179330894106,0.0664075025667747,0.118870589695871,-1.1777828522747,-0.924925587368856
YHR210C,0.0162496101111174,-1.79785859584808,0.00325698810093962,0.0872343089041783,0.0107185180764645,0.0233288887112091,-1.96986532567766,-1.63210596474496
YIL160C,0.00115978333633393,-2.99001836776733,0.000575356815989877,0.224471049630378,0.000333520036171346,0.00249474143104938,-3.47687949250075,-2.60297446235936
YIL156W,0.0806767046451569,-1.09554398059845,0.00826306531280252,0.044683328392981,0.06649832688272,0.0961261977131168,-1.17718928450799,-1.01715823596811
YIL155C,0.159358888864517,-0.800198912620544,0.017340793917501,0.0473687522717178,0.129591649149855,0.192070047433178,-0.887422983585143,-0.716540361748772
YIL154C,0.29932165145874,-0.526938140392303,0.0356062510446852,0.0517658303906137,0.235956811284026,0.369636173297962,-0.627167481907472,-0.432225539023907
YIL152W,0.0512669496238232,-1.30456852912903,0.0133372171117834,0.112123567234462,0.0297963571113845,0.0808868645379941,-1.52583682936328,-1.09212201033766
YIL150C,0.0815328359603882,-1.09138011932373,0.00910623490407517,0.0486199830264647,0.0660376120979587,0.0993329043810567,-1.18020863937526,-1.00290689372008
YIL149C,0.113204196095467,-0.948333859443665,0.0113447589517932,0.0437421766166312,0.0941165360932549,0.133472472429276,-1.02633406620155,-0.874608294634967
YIL144W,0.12020643055439,-0.922476172447205,0.012629871590765,0.0458180403166361,0.0986485171442231,0.143335904801885,-1.00590945683286,-0.843645027994738
YIL143C,0.241606295108795,-0.619219541549683,0.024932626702128,0.0450557393499777,0.198668256402016,0.285970238347848,-0.70187151975865,-0.543679162698311
YIL142W,1.88028120994568,0.271786600351334,0.199141945712954,0.0460538667342,1.54306968351205,2.2539002041022,0.188385518627683,0.352934682421396
YIL140W,0.33152511715889,-0.48168158531189,0.0332885425345057,0.0437525082724928,0.274310171604156,0.39178832223018,-0.561758088167782,-0.406948512872662
YIL139C,0.0916702300310135,-1.04605424404144,0.018073093620024,0.084789849261053,0.0614443514806529,0.131311122700572,-1.21151804574728,-0.881698485874672
YIL137C,0.581100642681122,-0.237963497638702,0.0585011843821002,0.0439524909620258,0.480781137943268,0.685760915279388,-0.318052578958401,-0.163827270988647
YIL136W,0.217710882425308,-0.665238618850708,0.0260979596560587,0.0521328224063214,0.172387745976448,0.268663956224918,-0.763493664359933,-0.570790594806796
YIL135C,0.224948614835739,-0.650869607925415,0.026198221048321,0.0507497689894882,0.179506249229113,0.274223238229752,-0.745920449380271,-0.561895744997563
YIL131C,0.327980548143387,-0.48674213886261,0.0357521617110169,0.0475024288232566,0.266143419096867,0.397270917892456,-0.574884279924382,-0.400913226188313
YIL130W,0.18452525138855,-0.73622739315033,0.0188915671375126,0.0446244140509396,0.151920199394226,0.21945890498658,-0.818384478262118,-0.658646793242384
YIL129C,0.162111908197403,-0.79228812456131,0.0159229201751396,0.042784596973171,0.135153290381034,0.190347727015615,-0.869173378169922,-0.7204523055849
YIL128W,0.211485370993614,-0.676940500736237,0.0213460028981868,0.0439873864835173,0.174183920025826,0.250365317612886,-0.758991939835734,-0.601425866362342
YIL126W,0.425739467144012,-0.372988432645798,0.0420763065890396,0.0431042534095541,0.354635838915904,0.498997415353855,-0.45021739289808,-0.301901716700636
YIL125W,0.801472067832947,-0.0982447415590286,0.0792573936248284,0.0431279219928033,0.667038772503535,0.941272531449795,-0.175848928785698,-0.0262846150187636
YIL122W,0.0314797051250935,-1.50717532634735,0.0048881696951131,0.0673256610984779,0.0229969232964019,0.0421178665012121,-1.63833034069923,-1.37553363835433
YIL121W,0.249772384762764,-0.604975581169128,0.0268840940677726,0.0468370537350448,0.203572996457418,0.300501339385907,-0.691279830969323,-0.522153588262245
YIL119C,0.205439746379852,-0.690140843391418,0.0234539389080699,0.049560128759866,0.164834564551711,0.251883311818043,-0.782951781100487,-0.598800605795003
YIL118W,0.741369307041168,-0.136929795145988,0.133775522423998,0.0777517013074268,0.517528606951237,1.03088974455992,-0.286065640506469,0.0132122187984451
YIL117C,0.368784129619598,-0.436833202838898,0.04746534470319,0.056081764812279,0.282944007714589,0.466886593649785,-0.548299499304526,-0.330788598500319
YIL116W,0.764730513095856,-0.119465306401253,0.0895304087820694,0.0508846093054853,0.609675049781799,0.945223610599836,-0.214901577593799,-0.0244654423484404
YIL115C,0.571861743927002,-0.244820892810822,0.0562325236868207,0.0429191452038551,0.475568060825268,0.671577075123787,-0.322787322715313,-0.17290413731652
YIL114C,0.266373723745346,-0.5791095495224,0.0389813474251638,0.063195158682721,0.199224372456471,0.349202334880829,-0.700657601024487,-0.456922861122053
YIL108W,0.23365706205368,-0.633879065513611,0.024766588190449,0.0463177167754182,0.190994709730148,0.27904936298728,-0.718978661897944,-0.554318965731273
YIL107C,0.102801345288754,-0.990342259407043,0.0106637103857519,0.0451446972616427,0.0847765158240994,0.122706927979986,-1.07172444923896,-0.911130921656949
YIL106W,0.278884291648865,-0.55827271938324,0.0363929460559426,0.0567535269931533,0.214720863848925,0.352913907667001,-0.668125755816032,-0.45233122664749
YIL104C,0.221754536032677,-0.656838476657867,0.0247652109059603,0.0485840442791287,0.178892371058464,0.270399689177672,-0.747408180179983,-0.56799381354798
YIL103W,0.33454766869545,-0.478429645299911,0.038561544267575,0.050182155636331,0.265787988901138,0.410879662881295,-0.575464648945658,-0.386285416787037
YIL101C,0.0291082039475441,-1.53931450843811,0.0036047972056919,0.0538438669268201,0.0229980360871802,0.0361543756288787,-1.63830925389801,-1.44183915541472
YIL097W,0.0382447503507137,-1.42121410369873,0.00504875813603773,0.057438204675125,0.0292464844727268,0.0486148696703216,-1.53392633682237,-1.31323087841177
YIL094C,1.6221843957901,0.207195490598679,0.187389977282179,0.050326107273822,1.29368460774422,1.99972243706385,0.111828410726485,0.300969708883413
YIL093C,0.332250267267227,-0.483352988958359,0.0496626539683194,0.064739292817501,0.245022592072686,0.439825686067343,-0.610793870680213,-0.356719490736359
YIL091C,0.382924795150757,-0.419181108474731,0.0392456128845682,0.0447275530193208,0.315419292449951,0.453442965447903,-0.501111749902642,-0.343477331390834
YIL090W,0.151379808783531,-0.822634398937225,0.0168672774211661,0.0485345430738373,0.122107736766338,0.184168472886086,-0.913256818213348,-0.734784713028867
YIL088C,0.284816563129425,-0.547861695289612,0.0300856977457302,0.045980727206437,0.232896796117226,0.341710925102234,-0.632836492249459,-0.466341135817084
YIL085C,0.193298414349556,-0.716266393661499,0.0206946500433754,0.046623643846131,0.157557259748379,0.232894812400142,-0.802561582391747,-0.632840200807517
YIL084C,0.158838927745819,-0.802698731422424,0.0206639654444811,0.0563862262825888,0.122313470393419,0.203105814630787,-0.912525780845516,-0.692277663828892
YIL083C,0.416201561689377,-0.383768290281296,0.0494583725630998,0.0517303870973243,0.32955200796326,0.513691355784734,-0.482076042728981,-0.289297754527322
YIL079C,0.272820621728897,-0.567178308963776,0.0323521252312366,0.0515915792281185,0.216317388912042,0.337658413747947,-0.664908568624577,-0.471522446105632
YIL078W,5.82138586044312,0.762795925140381,0.589360323224622,0.0440864970632907,4.80735301971436,6.91254949569702,0.681906014969216,0.839638253988145
YIL077C,0.0853164345026016,-1.07344341278076,0.0122940946246516,0.0623922424916393,0.0638965565090378,0.111025563937922,-1.19452259467393,-0.954577028359474
YIL076W,1.76056718826294,0.242299512028694,0.218938167567737,0.0540272954368692,1.38067422111829,2.20797670284907,0.140091213915857,0.343994486658053
YIL075C,1.66269218921661,0.218640208244324,0.165959921074635,0.0434945365244167,1.38476397196452,1.95998537540436,0.141375748460571,0.292252830843781
YIL071C,0.0352183319628239,-1.45803666114807,0.00524564238402975,0.0647198367782791,0.0259505057086547,0.0463505601510406,-1.58585419668121,-1.33394501307866
YIL070C,1.20742130279541,0.0774296000599861,0.1732699239777,0.0620305021628888,0.902691216270129,1.58374609649181,-0.0444608743544192,0.199685549105035
YIL068C,0.180504322052002,-0.745948493480682,0.0190825257815603,0.046083371966109,0.148167474319537,0.215393382435044,-0.82924712236622,-0.66676766718118
YIL067C,0.0772625580430031,-1.11456573009491,0.0083524271012713,0.0469848988612916,0.0631676417465011,0.0936853559066853,-1.19950533734745,-1.02832842484377
YIL061C,0.15222279727459,-0.822578430175781,0.0233429451801152,0.0662843201918544,0.111958876252174,0.202621371671557,-0.950941469339916,-0.693314751321716
YIL056W,0.0957988947629929,-1.02138638496399,0.0107703003617377,0.0489152369681886,0.0773917314906915,0.116419998432199,-1.11130544114801,-0.933972412556695
YIL055C,0.0391533449292183,-1.41036903858185,0.00469952685921104,0.0523171632238149,0.0308348170792063,0.0485178538287679,-1.51095864485273,-1.31409841876592
YIL053W,18.6078567504883,1.26539635658264,2.62983077458495,0.0611145247353935,14.094619234403,24.2819016774495,1.14905334787106,1.38528269379782
YIL050W,0.23181939125061,-0.638967394828796,0.031980252374346,0.0598716676292161,0.174901145199935,0.300318078696728,-0.757207369006079,-0.522418548453368
YIL049W,0.0730611756443977,-1.14332640171051,0.0132258260879129,0.0780956570833983,0.0510057467035949,0.101282002776861,-1.29238090272139,-0.994467742370827
YIL048W,0.184034198522568,-0.737280964851379,0.018390579951443,0.0436095871067664,0.152716326837738,0.216897089655201,-0.816114532779634,-0.663746275564097
YIL047C,0.21696574985981,-0.66601037979126,0.0227817208326642,0.045753526711451,0.177946200345953,0.259319330255191,-0.749711287981354,-0.586165113998443
YIL044C,0.489773988723755,-0.313484609127045,0.0621383380536206,0.0550061716334233,0.381574620306492,0.615542444586754,-0.418420527063696,-0.210742014579929
YIL043C,2.10569977760315,0.320011585950851,0.263380921511353,0.0542573080561226,1.63898736437162,2.65642872651418,0.214575604781783,0.424298167983256
YIL042C,0.0630214512348175,-1.20445597171783,0.00851156843806802,0.0585926572379892,0.0481583786817888,0.0809841504320502,-1.31732814370508,-1.09159998061088
YIL039W,0.661237180233002,-0.182264372706413,0.0725934608443861,0.0477991814895466,0.53542685508728,0.802072080473105,-0.271299849951992,-0.0957866133905845
YIL038C,0.531041145324707,-0.277073323726654,0.0532549751217562,0.0438281391244923,0.43840217590332,0.624469580749671,-0.358127299002565,-0.204488712258109
YIL036W,0.306271284818649,-0.516291439533234,0.0321088740763376,0.0457366262226561,0.250258430093527,0.366051698227724,-0.601611284213694,-0.436457613032423
YIL035C,0.548334836959839,-0.263929605484009,0.0641224680778564,0.0509398715660701,0.4352106153965,0.676107704639435,-0.361300551156761,-0.169984114998173
YIL034C,0.840364873409271,-0.0789037197828293,0.104724420968812,0.0541937498821738,0.653220638136069,1.05585697491964,-0.184940103192588,0.0236050879951033
YIL033C,0.883041322231293,-0.0566096492111683,0.0963699987223347,0.0475042888860268,0.713115514318148,1.06878199378649,-0.146840115076722,0.028889128347682
YIL030C,0.515735745429993,-0.28966212272644,0.0504458081838587,0.0426991741217528,0.429823360592127,0.604082152247429,-0.3667099850736,-0.218903995450639
YIL026C,0.177809298038483,-0.752260863780975,0.01791595059626,0.0439396867859895,0.147594463576873,0.209380941217144,-0.830929933081068,-0.679062852344018
YIL022W,0.673310518264771,-0.174298450350761,0.072332361052972,0.0468014124587425,0.548518599073092,0.810271381835143,-0.260808648222212,-0.0913694998792133
YIL020C,0.405649483203888,-0.396453350782394,0.0595058909699804,0.0631584227892243,0.303968095034361,0.538093701004982,-0.517172003441116,-0.269142091952937
YIL019W,0.358126014471054,-0.448945790529251,0.0418955681078989,0.0509884417603022,0.283553550889095,0.440919238577286,-0.547364972683667,-0.355640951633145
YIL017C,0.0452488698065281,-1.34691214561462,0.00486543064992578,0.0468831750575716,0.0366076151219507,0.0545262534171343,-1.43642857122374,-1.26339435273805
YIL015W,1.96167755126953,0.290322184562683,0.20141677393915,0.0448517459293529,1.60625874996185,2.31995355288188,0.205815506465128,0.365479289634203
YIL014W,0.163796097040176,-0.788120925426483,0.0172875177796125,0.0459552220865109,0.13442473684748,0.196008336419861,-0.871520805548099,-0.707725465361221
YIL011W,0.0942519679665565,-1.03222799301147,0.0163552982104708,0.0754371476052578,0.0658179058382908,0.12918805629015,-1.18165594204918,-0.88877763594694
YIL006W,0.0244678501039743,-1.6176825761795,0.00418359868293537,0.0738890943616735,0.0173839593461404,0.0334858601912856,-1.75985130796587,-1.47513854118803
YIL005W,0.41969022154808,-0.379381865262985,0.0431692595503336,0.0449069221115452,0.343265252063672,0.498931514223417,-0.46437015865807,-0.301959086207558
YIL002C,0.0745687410235405,-1.12992942333221,0.00795921569616778,0.0465654368602471,0.0608216680896779,0.0894421115517616,-1.2159416732195,-1.0484579682201
YIL001W,0.0758207365870476,-1.12344717979431,0.00924059568252406,0.0530856012708445,0.0598001102916896,0.0942205328494311,-1.22329802686793,-1.02585447975562
YIR003W,0.394803702831268,-0.40597727894783,0.0410261921099469,0.0453542986207906,0.324190884828568,0.469676790634791,-0.489199200234902,-0.328200913206649
YIR004W,0.466783881187439,-0.333697617053986,0.053056705365281,0.0495161106298568,0.374628630280495,0.569497114419937,-0.426399047550924,-0.244508474050153
YIR006C,0.867506265640259,-0.0640110298991203,0.088610608828031,0.0446548663956756,0.711819548904896,1.03221461077531,-0.147630089211477,0.0137700020984499
YIR007W,0.101265907287598,-0.996980249881744,0.0107225403009679,0.0461754505189837,0.0826831222822269,0.121280863881111,-1.08258314762456,-0.916207718230298
YIR008C,0.32087567448616,-0.49665355682373,0.0375884249117256,0.0510776152128777,0.25410665422678,0.394477197776238,-0.594983966086503,-0.403978095699649
YIR010W,0.120650246739388,-0.921208679676056,0.0135256706993769,0.0488528141545868,0.0970203335086505,0.146126404032111,-1.01313723883414,-0.835271311429231
YIR011C,0.283570796251297,-0.551561236381531,0.0395741364315639,0.0606973953623753,0.214713676894704,0.365278956045707,-0.668140299540923,-0.437375527792645
YIR012W,1.18632066249847,0.0716586410999298,0.128481048060305,0.0470360507566389,0.962230236828327,1.43761396408081,-0.016721002596747,0.157642282585744
YIR014W,0.054659690707922,-1.2729457616806,0.0121629736486265,0.0962903825464354,0.0342293014129003,0.0824281949549913,-1.46560196432201,-1.08392421168779
YIR016W,0.00606972444802523,-2.25236654281616,0.00247998903185957,0.178529084030065,0.00239842225758669,0.0120107139150302,-2.62007435994749,-1.92043117819806
YIR018W,0.177269548177719,-0.75801020860672,0.0311147652632519,0.0761327857198027,0.122916246019304,0.245533423374097,-0.910390755834698,-0.6098893843365
YIR021W,0.111312329769135,-0.957284986972809,0.0147632692467659,0.0577824453252937,0.0850429344301422,0.141412043819825,-1.07036176703907,-0.849513603588063
YIR025W,0.0754406154155731,-1.12669277191162,0.0106603986204358,0.0610872027695083,0.0573806086244682,0.0975348855679234,-1.24123485469953,-1.01084002733901
YIR026C,0.449455261230469,-0.350424557924271,0.0538354060012971,0.0520473850387587,0.354099095861117,0.55828000108401,-0.450875191952156,-0.253147994526815
YIR030C,0.0957644954323769,-1.02742695808411,0.0193699546835516,0.086439368693935,0.0638218560566505,0.139372136195501,-1.19503057270872,-0.855824087311292
YIR031C,0.00568741280585527,-2.25501179695129,0.00121497050554714,0.0934694084653168,0.00357346516878655,0.00826387452737739,-2.44691055829624,-2.08281629293965
YIR033W,0.330713182687759,-0.482756644487381,0.0332216849064549,0.0439037351486219,0.273146867752075,0.388247728347778,-0.563603775291406,-0.410891076665498
YIR035C,0.297584593296051,-0.531326711177826,0.0450701417704837,0.0655257708080721,0.218975268552701,0.394448787967364,-0.659604941231858,-0.40400937430301
YIR038C,0.49746161699295,-0.310376584529877,0.0907627097367754,0.0787916529243329,0.346100973337889,0.696985900402069,-0.460797184215019,-0.156776007324536
YIR042C,0.00294570182450116,-2.67319440841675,0.0023799058646009,0.380885040200947,0.000290862719703,0.00918974265611422,-3.53636633551178,-2.03669780882825
YJL216C,0.00155634386464953,-2.83905386924744,0.000591412483789747,0.167710960310349,0.000628904511298363,0.00301440137942943,-3.20141623182746,-2.52079923073737
YJL213W,0.00138519040774554,-2.92633175849915,0.000771963094798501,0.252087209937078,0.00034673395906187,0.00332885655807331,-3.46000387852109,-2.477704987733
YJL208C,0.265350639820099,-0.579824030399323,0.0344824528484697,0.0562829385618785,0.205931082367897,0.337745381643375,-0.686278097859495,-0.471410613225072
YJL207C,0.165360540151596,-0.783730745315552,0.0164561839750872,0.043398481477583,0.137544199824333,0.194575343032678,-0.861557718886785,-0.71091219522627
YJL206C,0.0266846884042025,-1.57708609104156,0.00331710945699494,0.0539834586540489,0.0209851643070579,0.0334482572041452,-1.67808762735076,-1.47562652932426
YJL204C,0.164160370826721,-0.787035644054413,0.0168537150210505,0.0448211520315693,0.135210677981377,0.194328293204308,-0.868989009538829,-0.711463963744231
YJL203W,0.203272491693497,-0.696987867355347,0.0312869721243013,0.0662670183534486,0.150046076004704,0.271827718863885,-0.823775377987927,-0.565706261039486
YJL201W,0.192151352763176,-0.718940436840057,0.0209712162510622,0.0474045048084723,0.156007125973701,0.233313949778676,-0.806855563822619,-0.632059346280362
YJL197W,0.180740714073181,-0.745108902454376,0.0180241204288137,0.0434462059660886,0.150375908489029,0.213252572342753,-0.822821736878519,-0.671105721910092
YJL196C,1.5899703502655,0.198295190930367,0.19070097355174,0.0518032135760235,1.26805014908314,1.98200613160928,0.10313642944187,0.297104986596213
YJL194W,0.138225018978119,-0.86206716299057,0.015235544142274,0.0481162584016601,0.111576050519943,0.167226184656223,-0.952429015463309,-0.776695777308889
YJL193W,0.108164355158806,-0.969229698181152,0.0133858754373404,0.0536907374804197,0.0850489725048343,0.136036869759361,-1.07033093551023,-0.866343372152629
YJL192C,1.82637095451355,0.256310492753983,0.286829546067945,0.0676747438976056,1.3348067988952,2.46178388595581,0.125418402953403,0.391249924608101
YJL187C,0.0721446201205254,-1.14424419403076,0.00764268528090947,0.0462042532590539,0.0589720569550991,0.0863735194007556,-1.22935372369465,-1.06361938568771
YJL186W,0.945355951786041,-0.0267601907253265,0.0982800160604986,0.0452954653873908,0.777192462484042,1.12720543642839,-0.109471454625147,0.0520030737603373
YJL185C,0.0550778619945049,-1.26490485668182,0.00908765978945809,0.0716339254990718,0.039115855935961,0.0749586554865043,-1.40764722159772,-1.12517821595609
YJL183W,0.761930644512177,-0.120809145271778,0.0853483040141803,0.0486976023441173,0.612625448405743,0.930603310465813,-0.212804967331738,-0.0312354203114972
YJL180C,0.172656938433647,-0.766459107398987,0.0224260131243872,0.056253269964778,0.134267702698708,0.218189938366413,-0.872028441736325,-0.661165280509052
YJL178C,0.98494952917099,-0.0105228899046779,0.132917446858658,0.0585122216779437,0.749824146429698,1.25630640983582,-0.125040659571476,0.0990955756046869
YJL176C,0.31952041387558,-0.497732371091843,0.0323031717824703,0.0441167639279184,0.262784510850906,0.378070057680209,-0.580400236715854,-0.422427716469415
YJL172W,1.88186597824097,0.272316247224808,0.192018211828465,0.0445013185137331,1.54769386649132,2.23254908124606,0.189685061210786,0.348801007260102
YJL168C,0.314831554889679,-0.504301965236664,0.0329475683291882,0.045526015750397,0.258798689891895,0.375498480101427,-0.587037952420416,-0.425391822321944
YJL167W,5.24620676040649,0.717102110385895,0.589492516436974,0.0488900959625405,4.22405594587326,6.39373908837636,0.625729660242039,0.805754895509536
YJL165C,0.204009562730789,-0.692653298377991,0.0209834343427059,0.0447972528214184,0.16848930294315,0.241475754603744,-0.77342766701916,-0.617126472479638
YJL164C,0.332481324672699,-0.481144577264786,0.0385387006643482,0.0503414022687363,0.265935838222504,0.40747207403183,-0.575223132042328,-0.389902150137418
YJL163C,0.0369047895073891,-1.43602657318115,0.00441860766069234,0.0520532628017142,0.0291983015524844,0.04590901673461,-1.53464241484313,-1.3381020101388
YJL162C,0.0809670686721802,-1.09434449672699,0.00893128252938211,0.0480708818239212,0.0652278233319521,0.0979916449015339,-1.18556711384325,-1.00881095456188
YJL160C,0.00932743493467569,-2.04802894592285,0.00267227626762686,0.125674758576878,0.00490687066145862,0.0156576368336876,-2.30919538990285,-1.80527379183069
YJL157C,0.367408126592636,-0.437054485082626,0.0369388464324849,0.0438121898602053,0.304627788315217,0.433537449687719,-0.516230484073134,-0.362973383263379
YJL156C,0.15683850646019,-0.806958913803101,0.0164963582938145,0.0458417247862503,0.12854058953623,0.18723242568473,-0.890959712703777,-0.727618937038288
YJL155C,0.149651557207108,-0.827713072299957,0.0169644798540178,0.0493144965038103,0.120281066124638,0.183752229064703,-0.919802731530925,-0.735767387401186
YJL154C,0.341857492923737,-0.468386620283127,0.0345802321857467,0.0441171425941101,0.282066702842712,0.403906056036552,-0.54964817802459,-0.39371963649888
YJL153C,0.00609071785584092,-2.2235963344574,0.00119228981299011,0.0850302506666401,0.00405514936816568,0.00864522386497508,-2.3919931461645,-2.06322376315827
YJL149W,0.132944688200951,-0.878895282745361,0.014415260967128,0.0473065060573897,0.106872980110347,0.16002875280877,-0.971132089055254,-0.795801979818692
YJL148W,1.34053325653076,0.121749252080917,0.215149237449907,0.0692865706376469,0.977441278596719,1.80891416668892,-0.0099093293554823,0.257417959792491
YJL147C,0.0587784722447395,-1.23447811603546,0.00768736771715008,0.056697730348074,0.0454597218893468,0.0746882259845734,-1.34237322952265,-1.12674785592157
YJL146W,0.144478604197502,-0.843062400817871,0.0165953633360721,0.0499470443362678,0.115226563935479,0.176986998319626,-0.938447391679725,-0.752058710007705
YJL145W,0.966901838779449,-0.0183407459408045,0.127003615682676,0.0569109038030838,0.744290903707345,1.23095694283644,-0.128257290973558,0.0902428579207058
YJL139C,0.112853333353996,-0.950429320335388,0.0131546797294876,0.0506053293646568,0.0904323373610775,0.138963695491354,-1.04367625211329,-0.8570986454725
YJL137C,0.117074072360992,-0.934945523738861,0.0146675665448827,0.0544664351137744,0.0914901588112116,0.146907612681389,-1.0386256257291,-0.832955698696764
YJL134W,0.337247461080551,-0.474806845188141,0.0380147335606098,0.0489562546934702,0.272858180602392,0.412861528247595,-0.564063026679652,-0.384195584544221
YJL133W,0.208521068096161,-0.684863388538361,0.0284415631728709,0.0590531361280615,0.159444052850207,0.267619521419207,-0.797391680373229,-0.572482211899836
YJL131C,0.101933658123016,-0.995268046855927,0.0131502856593587,0.0557976967410037,0.0799047809715072,0.129408150911331,-1.09742723556478,-0.88803836830156
YJL130C,2.97495365142822,0.4714535176754,0.28650274221496,0.0420299653961324,2.49757372736931,3.46400763193766,0.397518317271284,0.539578838384746
YJL129C,0.0526989996433258,-1.28063881397247,0.00557359124016864,0.0460950364321274,0.0432282538153231,0.0627171277999878,-1.36423231050127,-1.20261383888822
YJL128C,0.309489756822586,-0.511740505695343,0.032390193512173,0.0456114966148016,0.253758393476407,0.368586667627096,-0.595579583836642,-0.433460381757426
YJL127C,0.0911026298999786,-1.04311394691467,0.010052163767884,0.0480081540794729,0.0737447454904517,0.11074660581847,-1.13226893146375,-0.955669586512213
YJL126W,0.117234840989113,-0.935486435890198,0.0170312985613113,0.0628336294241895,0.0880354568362236,0.153050229201714,-1.05534237777099,-0.815166024969673
YJL125C,0.453972160816193,-0.345876932144165,0.0524972955256919,0.0503280364617283,0.361831768850485,0.557144134243329,-0.441493305279469,-0.25403243816425
YJL121C,2.25044989585876,0.346833139657974,0.358471210793532,0.0687095630187314,1.6314031680425,3.02164847056071,0.212561300762691,0.480243915055088
YJL117W,1.51381206512451,0.176903486251831,0.18300405109656,0.052501393396188,1.1933779100577,1.87829375763734,0.0767779939270965,0.273763512563658
YJL116C,0.0268859006464481,-1.57716155052185,0.00471559654572618,0.0765020172941628,0.0185486492235214,0.0367651300194363,-1.73168772154355,-1.43456389406302
YJL115W,0.602544367313385,-0.223975628614426,0.0815008077299866,0.0587535249351391,0.460867675642173,0.773747182885806,-0.336423753273179,-0.111400919367716
YJL111W,1.58330106735229,0.197158887982368,0.166113213298589,0.0458203905134195,1.29143671294053,1.8926654646794,0.111073127185355,0.277073834035933
YJL110C,0.172963708639145,-0.764701664447784,0.0191229019902737,0.0481021436261514,0.139985125263532,0.210371021305521,-0.853918121906539,-0.677014084744519
YJL109C,0.533930122852325,-0.274578958749771,0.0518911282188461,0.0424127436240649,0.44614554643631,0.623100361724695,-0.350523438482546,-0.205441999026302
YJL107C,0.068225622177124,-1.16995966434479,0.00916242518835687,0.0583293811897604,0.0524288089635472,0.0869884728143613,-1.2804300727474,-1.06053829410743
YJL106W,0.000626121356617659,-3.25379037857056,0.000302921559665687,0.214614607251087,0.00019563599707908,0.00136404995185634,-3.70855124061149,-2.86516993344143
YJL105W,0.00493618007749319,-2.31773519515991,0.0011179030988874,0.0990927237514983,0.0030261256712644,0.00735329709326228,-2.51911306456089,-2.13351788921396
YJL102W,0.0454017780721188,-1.34558701515198,0.00502591069758649,0.0481328070759286,0.036598506073157,0.0553596223394076,-1.43653673876116,-1.25680688685956
YJL101C,0.263440102338791,-0.581723153591156,0.0276861845006968,0.0457676205226064,0.216302855188648,0.314455099652211,-0.66493776091589,-0.502441358424253
YJL100W,0.0435491055250168,-1.36439442634583,0.00545280401647748,0.0541402328258199,0.0342337985833486,0.0548541644898554,-1.46554493284318,-1.26079044223207
YJL095W,0.067290224134922,-1.17440497875214,0.00698752297162766,0.0453718008059364,0.055099718272686,0.0797265145306786,-1.25885062170957,-1.09839722198284
YJL094C,0.117258593440056,-0.933212399482727,0.0121757768823957,0.045348972202226,0.0961907356977463,0.139102598279715,-1.01686690750879,-0.856664761941814
YJL092W,0.0811700597405434,-1.09300267696381,0.00851633022771946,0.0456714190030638,0.066803078725934,0.0971019437536597,-1.17520352239815,-1.01277207805703
YJL091C,0.273475289344788,-0.56597238779068,0.0315448662981351,0.0501848790721329,0.218690507734815,0.336100163310766,-0.660170068079562,-0.473531276701312
YJL088W,0.0527153424918652,-1.28317975997925,0.00812043639617686,0.0667319689336798,0.0387207874407371,0.0695888848975301,-1.41205582291072,-1.15746012361868
YJL087C,0.27053314447403,-0.570111691951752,0.027977784506747,0.045107780751603,0.222953550393383,0.321251928806305,-0.651785607720308,-0.493154256135606
YJL085W,0.146673709154129,-0.83612471818924,0.0156391496962892,0.0464618400839177,0.1199037724485,0.175702260434628,-0.921167153283827,-0.755222652487313
YJL084C,0.116342127323151,-0.936515152454376,0.011821375690554,0.0443005535113824,0.0962471303840478,0.137314260005951,-1.01661221862241,-0.862284359192135
YJL082W,0.22687204182148,-0.646590650081635,0.0236540368038833,0.0454823729828964,0.184847314407428,0.270799458026886,-0.733186856044535,-0.567352209175107
YJL081C,0.314303576946259,-0.505167186260223,0.033781542657869,0.0468353113398243,0.255488336086273,0.378007603188356,-0.592628922100687,-0.422499484319738
YJL079C,0.612348079681396,-0.21648608148098,0.0775778475263768,0.0551125282018771,0.474066108713547,0.770743227501711,-0.324161105310883,-0.113090311740708
YJL078C,0.711161911487579,-0.150250568985939,0.0717453203972213,0.0439816615985355,0.589469373226166,0.840508909523487,-0.229538754410124,-0.0754576841240088
YJL076W,0.512415647506714,-0.292528092861176,0.0508494217570437,0.0433093747643752,0.425585061311722,0.603869652251403,-0.37101362484776,-0.219056796807269
YJL074C,0.278714120388031,-0.557037115097046,0.0279278392363597,0.0437851650079948,0.230311192696293,0.327127449214458,-0.637684956356399,-0.485283014303713
YJL073W,0.168733611702919,-0.775310456752777,0.0181287795513763,0.0467773752073051,0.137872085347772,0.202713600421945,-0.860523792279335,-0.693117114231361
YJL071W,0.0587316453456879,-1.23419761657715,0.00698498595657342,0.0516849040298608,0.0463711066171527,0.07268134051313,-1.33375253983817,-1.13857707135522
YJL070C,0.0567709095776081,-1.24836158752441,0.00607102538183649,0.0465569709648969,0.0464606210589409,0.0681586638092995,-1.33291498909738,-1.16647893211953
YJL068C,0.950723826885223,-0.0253324937075377,0.119018355149322,0.0542580740354536,0.744238429268201,1.20316326618195,-0.128287918694868,0.0803245639905749
YJL062W,0.297697335481644,-0.528481543064117,0.0302872193790755,0.044337790299239,0.245759035895268,0.353202034781377,-0.609490517815011,-0.451976804945226
YJL061W,0.315907120704651,-0.502791404724121,0.0327848265952994,0.0452604440815941,0.258845741301775,0.376631021499634,-0.586958976644293,-0.424083911851852
YJL060W,0.479443788528442,-0.321976780891418,0.0535380463548957,0.0486358361089433,0.386405096451441,0.58280069877704,-0.412957154332332,-0.234480057621395
YJL059W,0.0881480500102043,-1.05842006206512,0.0114103927360072,0.0562001708809062,0.0681860372424126,0.111874828177194,-1.16630454864852,-0.951267619024071
YJL058C,0.0546488352119923,-1.26586401462555,0.00687504257866628,0.0548071531514674,0.0424614345965286,0.0685943720862269,-1.37200534025917,-1.16371151564414
YJL057C,0.0609938725829124,-1.21753776073456,0.00695071235298395,0.0495797669673501,0.0490634070088466,0.0744728493193785,-1.30924242192503,-1.12800203005716
YJL055W,1.04134249687195,0.0125232962891459,0.16047843068163,0.0662792688731939,0.767954985797405,1.38991459111373,-0.114664235745416,0.142988089462626
YJL054W,0.297875791788101,-0.528602659702301,0.032792216940436,0.0479609834335562,0.24128246580561,0.360160483419895,-0.61747423850194,-0.443503941451879
YJL053W,0.352704703807831,-0.455609619617462,0.041693020969754,0.0512436347227222,0.280644218871991,0.437791016697884,-0.551843900066587,-0.358733253054647
YJL051W,0.0846870169043541,-1.07470190525055,0.009092656020316,0.0468782061235384,0.0687183052922289,0.101776287145913,-1.16292756112286,-0.992353396475286
YJL050W,0.900709569454193,-0.0475582852959633,0.0893327861408537,0.0432081179488644,0.750846558312575,1.0574575116237,-0.124448806954472,0.0242629264263044
YJL049W,0.127564460039139,-0.897289335727692,0.0150289651410881,0.0513017916227332,0.101139206563433,0.15721605271101,-0.995080457830684,-0.803503112052896
YJL048C,0.0721890106797218,-1.14486050605774,0.00896409662658843,0.0538408593747146,0.056580394351234,0.0906448597088456,-1.24733404030343,-1.04265682092418
YJL047C,0.0702202245593071,-1.15605270862579,0.00753346308274986,0.0468469004053591,0.0571419969201088,0.0842339834819237,-1.24304458656038,-1.0745126638564
YJL046W,0.0877689197659492,-1.05970358848572,0.0103933360935363,0.051460880872534,0.069594784018894,0.108434174271921,-1.15742330885803,-0.964833834194257
YJL044C,0.173721954226494,-0.762950539588928,0.0196687588857361,0.0495173002516687,0.137705793976784,0.210693011432886,-0.861047951001694,-0.676349870512508
YJL043W,0.00454297196120024,-2.39684677124023,0.002251741793239,0.224111718873065,0.00132100883153422,0.0098021854646504,-2.87909428672375,-2.0086771063022
YJL041W,1.23936426639557,0.0909556895494461,0.125694758134993,0.0442271888164976,1.02521788179874,1.46944399476051,0.0108161395083948,0.167153036630499
YJL039C,0.407413393259048,-0.39206737279892,0.0399754457877836,0.0428169764293797,0.339564290891091,0.476869583129883,-0.469077987207424,-0.321600377922879
YJL036W,0.259815186262131,-0.588303506374359,0.0303557779724439,0.0508293602532695,0.206821149090926,0.320799894382556,-0.684405054102173,-0.493765794643985
YJL035C,0.0800817534327507,-1.10385942459106,0.014926324487267,0.0801017743754024,0.0543889545835555,0.113822751616438,-1.26448929938323,-0.943771047915729
YJL033W,0.586426496505737,-0.234070584177971,0.0599223895218704,0.0446449873726809,0.481624752034744,0.692614949742953,-0.317291205194909,-0.159508138661598
YJL031C,0.24672295153141,-0.611260116100311,0.0312517657377162,0.0549139630165778,0.193289861083031,0.310365921258926,-0.713790926060303,-0.508126003630953
YJL025W,0.0268252324312925,-1.57573103904724,0.00376454719250843,0.061043418325076,0.0202904689746598,0.0346473803433279,-1.69270797179386,-1.46032959935147
YJL020C,0.824327826499939,-0.0860773772001266,0.0822828951619368,0.0435988811409374,0.683016983171304,0.96988647133112,-0.165568500773082,-0.0132790986996137
YJL019W,0.17398290336132,-0.761900663375854,0.0183244485535236,0.045762454143807,0.14324543873469,0.207806499302387,-0.843919201542521,-0.682340873687339
YJL016W,0.0634206607937813,-1.20073246955872,0.00740669817853602,0.0507807800381261,0.0507411137533685,0.0780951455235481,-1.29464000437311,-1.10737596148583
YJL014W,2.06219887733459,0.311868101358414,0.219197726162612,0.0463266510793306,1.68763977189859,2.4750766257445,0.227279750962866,0.393588648179588
YJL012C,3.43544411659241,0.53375631570816,0.347072475514624,0.044058792301941,2.84235525727272,4.05287379423777,0.453678357876057,0.607763074358542
YJL010C,0.59064245223999,-0.231062009930611,0.0617448742419629,0.045625616438503,0.484266545375188,0.704254991809527,-0.314915532334995,-0.152270066449047
YJL008C,1.95925664901733,0.289698243141174,0.20544848831704,0.0456477328798909,1.60437625646591,2.34492860039075,0.205306220377775,0.370129623590403
YJL006C,0.134847953915596,-0.874288856983185,0.0186459421112153,0.0599821367749211,0.102062912036975,0.174184784293175,-0.991132058499563,-0.758989784954793
YJL002C,1.45745193958282,0.161063924431801,0.157353598647261,0.0469167915450952,1.18805437982082,1.75881187419097,0.074836319613204,0.245219385187829
YJR001W,0.451033294200897,-0.348179578781128,0.0472466739186829,0.0456095823315596,0.367837027708689,0.538953791062037,-0.434344555576225,-0.268448504278113
YJR002W,0.582177758216858,-0.237314671278,0.0607689392265509,0.0454305813087252,0.479526663323243,0.698277774949869,-0.319187290157548,-0.155971789933273
YJR003C,0.19655154645443,-0.709082007408142,0.0213169058272754,0.0472030806121378,0.159812744706869,0.237186365698775,-0.796388590627045,-0.624910283820919
YJR004C,0.00718143628910184,-2.1503369808197,0.00125177923571694,0.0755626789306639,0.00497408131680762,0.00998769603514423,-2.30328713388938,-2.00053468342588
YJR005W,0.197247326374054,-0.707471072673798,0.0210559927592398,0.0464916272676906,0.16078202649951,0.237824750815829,-0.793762501843806,-0.623742953159682
YJR006W,0.16081628203392,-0.79642379283905,0.0181033201959219,0.048976988368572,0.128959980731209,0.195440718655785,-0.889545043870455,-0.708984974644447
YJR007W,3.91963720321655,0.590003788471222,0.478930017525617,0.0531328081605784,3.0791487356027,4.88512664635976,0.488430667465603,0.688875826887408
YJR010W,0.212846651673317,-0.674609541893005,0.0236020742464761,0.0482942264789293,0.171923611933986,0.257739238689343,-0.764664474380589,-0.58881945922387
YJR011C,0.094526082277298,-1.03082549571991,0.0162695420718529,0.0745166240742347,0.0662695831929644,0.128639228021105,-1.17868576130728,-0.89062658037045
YJR013W,0.23536716401577,-0.630963683128357,0.026325611387513,0.0485404768662049,0.190591248497367,0.287926706175009,-0.719897045467878,-0.540718062191568
YJR015W,1.02184116840363,0.00692554609850049,0.108589047734935,0.0462660072147256,0.833638668060303,1.22581541538239,-0.0790221489680958,0.0884250785705132
YJR016C,3.64779877662659,0.559794545173645,0.369350535136055,0.0441543613640411,3.01102888584137,4.31673708756765,0.478714921842335,0.635155593440585
YJR019C,0.114881783723831,-0.943921208381653,0.0159667078505668,0.0602413049934266,0.0871597008158763,0.148846611008048,-1.05968427311958,-0.827261052190269
YJR030C,0.101906761527061,-0.994243443012238,0.0108091007017447,0.0461995817211959,0.0835566800708572,0.121793170832098,-1.07801882700558,-0.914377062788332
YJR031C,0.16081377863884,-0.79590779542923,0.0162574252314365,0.044106437094409,0.13291521705687,0.18989015246431,-0.876425295321077,-0.721497581773001
YJR032W,0.59904944896698,-0.22528164088726,0.0673041783256555,0.0488799225727366,0.483405427883069,0.732549667358398,-0.315688480900187,-0.135162924518662
YJR033C,0.129427447915077,-0.890164732933044,0.0129800409603973,0.0436699052129301,0.107320074550807,0.153041595468918,-0.969319034322027,-0.815190515625909
YJR035W,0.0592534728348255,-1.22974729537964,0.00628625448556085,0.0463452630765457,0.0483142367874583,0.0708727240562439,-1.31592487756009,-1.14952087442264
YJR036C,0.0117141176015139,-1.935791015625,0.00169225181057796,0.0626259480961874,0.00878431536257267,0.0152658252045512,-2.05629210577516,-1.81627971464756
YJR040W,0.211841374635696,-0.676350116729736,0.0220242576533944,0.045368808975364,0.174401521682739,0.251434466491143,-0.758449730094198,-0.59957519071305
YJR041C,0.24169547855854,-0.618905484676361,0.0241533388701398,0.0435258288636376,0.201434501136343,0.285190612077713,-0.695866143154295,-0.544864774717614
YJR042W,0.341467827558517,-0.468980044126511,0.0352769722730483,0.0450707487669415,0.281856848796209,0.40414170101285,-0.549971430900373,-0.393466335669453
YJR043C,0.241508856415749,-0.620132327079773,0.028732965292494,0.0516397686554029,0.191183942308029,0.298763295014699,-0.718548620740094,-0.524672760093457
YJR046W,0.178260609507561,-0.751444041728973,0.0190636975919128,0.0467154798591176,0.144827776526411,0.213013819729288,-0.839148141040094,-0.671592228885814
YJR049C,0.292109370231628,-0.536936938762665,0.0311818908014724,0.0464935503046627,0.238393951083223,0.350379823148251,-0.622704810596151,-0.455460912762966
YJR050W,0.179141461849213,-0.755199730396271,0.0359120066031286,0.085129844001153,0.119501464193066,0.260505110025406,-0.922626882464863,-0.584183753231751
YJR051W,0.398807287216187,-0.401766866445541,0.0430637928652015,0.0469166401846578,0.324603766202927,0.481855974594752,-0.488646445595246,-0.317082752758051
YJR053W,0.101850748062134,-0.99474561214447,0.0113489192657404,0.0486237923556747,0.0815923437476158,0.124169960618019,-1.08835059154224,-0.90598345662122
YJR054W,0.0720728039741516,-1.14522194862366,0.00845275757915139,0.0510303732159542,0.0569308656888704,0.0890150144696236,-1.24465221394197,-1.05053673322766
YJR056C,0.205078318715096,-0.695353388786316,0.0377284675642666,0.0796278646259236,0.140576812873284,0.287108216931423,-0.852086519293899,-0.541954394856983
YJR059W,0.314830750226974,-0.504171848297119,0.0319394066241727,0.0443019120903108,0.259929369638363,0.371424347162247,-0.585144653516782,-0.430129631313405
YJR060W,1.23307478427887,0.0881419256329536,0.140942691529737,0.0498466782173136,0.984546363353729,1.50487006405989,-0.00676382764716109,0.177498992983231
YJR062C,0.160761713981628,-0.79660964012146,0.01820735623592,0.0493606095453981,0.128394549588362,0.196576833724976,-0.891453465214034,-0.706467664419559
YJR064W,2.3846971988678,0.37509360909462,0.247033632895494,0.0451740128937534,1.95241865217686,2.83844194610914,0.290572942498259,0.453080015718494
YJR070C,5.27808427810669,0.719616115093231,0.604969310888518,0.0499184725166058,4.22275879780451,6.4785740852356,0.625596272703815,0.811479427887008
YJR072C,0.976092994213104,-0.0132437916472554,0.109466174135386,0.0488082034479711,0.78471615165472,1.19033014078935,-0.105287414593641,0.0756674303800288
YJR076C,1.02133631706238,0.00645131012424827,0.114314749787343,0.0486209838722209,0.826715588569641,1.24342273871104,-0.0826438732274992,0.0946187891398383
YJR077C,1.72917795181274,0.234514936804771,0.213964579454517,0.0538237319359226,1.35561921298504,2.15422892371814,0.132137715191249,0.333291839974762
YJR080C,0.304437696933746,-0.519375026226044,0.0349601235374873,0.050059168608033,0.241617659976085,0.371909752984842,-0.616871352809344,-0.42956247313675
YJR088C,0.904146671295166,-0.0473268628120422,0.116062586524214,0.0556976965463417,0.704584752519925,1.14061595300833,-0.152066760790017,0.0571394360495846
YJR089W,0.0729965046048164,-1.13915073871613,0.00774022332871583,0.0463057765481856,0.0594412669229011,0.0871963061392307,-1.2259119466999,-1.05950191269261
YJR090C,0.12504668533802,-0.90514725446701,0.0126125695148714,0.0440302042110165,0.103800673348208,0.147260654717684,-0.983799829778469,-0.831913276092083
YJR092W,0.46272686123848,-0.336824953556061,0.0459022165325429,0.0432978524911155,0.386209618796905,0.542036473751068,-0.413176927674388,-0.265971488709102
YJR093C,0.218231707811356,-0.664563357830048,0.0276539831609799,0.055075700263496,0.169337978834907,0.275910077989101,-0.771245645865195,-0.559232455782668
YJR094C,0.0577545948326588,-1.24272084236145,0.00812935034480228,0.0612987092414883,0.0435066677629948,0.0748565419266621,-1.36144419437087,-1.12577024830185
YJR096W,0.258393824100494,-0.591993629932404,0.0362052851162367,0.0611391954624111,0.193811147784193,0.332614593952894,-0.712621321430907,-0.478058703576898
YJR098C,0.0618469193577766,-1.21133959293365,0.00683563867196811,0.048102760765314,0.0499245822429657,0.0749887981762489,-1.30168556051502,-1.12500360805941
YJR099W,0.259197890758514,-0.59441339969635,0.0507533863541287,0.0832691370661286,0.175921787818273,0.375671603778998,-0.754680401297804,-0.42519163109687
YJR101W,0.356918275356293,-0.452143758535385,0.0526961368986927,0.0640591915660305,0.265304863452911,0.469515630354484,-0.576254788647891,-0.328350030204745
YJR103W,0.425842374563217,-0.373263269662857,0.0457064845407233,0.0468085732270961,0.347537993639708,0.511035302778085,-0.458997720423915,-0.291549099827869
YJR106W,0.0402651317417622,-1.39806044101715,0.00472102000291493,0.0510166973027608,0.0319140963256359,0.0496345691072444,-1.49601744847203,-1.30421574404939
YJR107W,0.00099609000608325,-3.08049130439758,0.00059555445870183,0.272200497537007,0.000230153936233061,0.00248345585229496,-3.63798171677695,-2.60494366151632
YJR109C,0.820876955986023,-0.0878686010837555,0.0814241268541644,0.0432614334002313,0.682439208030701,0.966145050525665,-0.165936029697769,-0.0149576691739275
YJR111C,0.159210443496704,-0.802329182624817,0.0224499960869813,0.0612047053014505,0.119685550282399,0.20856414946417,-0.92195828674181,-0.68076034479084
YJR116W,0.239142552018166,-0.626096069812775,0.0354894241921556,0.0643289446258495,0.176620787382126,0.315074007709821,-0.752958184234529,-0.501587428110227
YJR117W,0.973711013793945,-0.0141148269176483,0.105531682559463,0.0470281052607373,0.797453463077545,1.17773301303387,-0.0982946516166537,0.0710468382928092
YJR119C,0.036578718572855,-1.43975698947906,0.00428872928069773,0.0509883435838629,0.0292379752577593,0.0449264681587617,-1.5340527071459,-1.34749776377765
YJR122W,0.0771092623472214,-1.11590993404388,0.00908705488466854,0.0512733049366284,0.0610351318803926,0.095471874003609,-1.2144201132705,-1.02012455264828
YJR124C,0.285505264997482,-0.546984553337097,0.0311572628562057,0.0476278579083138,0.231208630278707,0.342901572336753,-0.635995984674667,-0.46483052359633
YJR125C,1.01183009147644,0.00238494272343814,0.113326335025033,0.0486666656349994,0.813927060862382,1.23638866245747,-0.0894145130670216,0.0921550126650088
YJR126C,0.18554562330246,-0.733910858631134,0.019284754470523,0.0453849461010108,0.152104511857033,0.220790698503455,-0.817857903333258,-0.656019229994095
YJR130C,0.0760943815112114,-1.12130737304688,0.00842301655345146,0.0481350998800122,0.0615352144775291,0.0926358699798584,-1.21087635820886,-1.03322081550071
YJR131W,0.317483603954315,-0.50068062543869,0.0333462672981562,0.0457540228669674,0.259712665031354,0.378825301180283,-0.585506871245132,-0.421561024203761
YJR132W,0.355778455734253,-0.451061427593231,0.0360714691329672,0.044205775855484,0.293653004864852,0.421649188299974,-0.532165556931673,-0.375048731753031
YJR134C,0.146217569708824,-0.837463796138763,0.0155446545167445,0.04635268267701,0.119193318672478,0.175024882207314,-0.923748104994487,-0.756900206611348
YJR136C,0.0796888470649719,-1.10208773612976,0.0101050358526754,0.0550796105306239,0.0623648406006396,0.0997141030927499,-1.20506020915198,-1.00124341316968
YJR137C,0.307633101940155,-0.514109015464783,0.0304783397187911,0.0432236369828022,0.256381630897522,0.360810584326585,-0.591113094151756,-0.442720731570096
YJR139C,5.88261222839355,0.766580581665039,0.689348747846441,0.051044474231778,4.69272001584371,7.23579177856445,0.671424609050023,0.85948606074926
YJR140C,0.102070294320583,-0.993297338485718,0.0102444048411986,0.0437562797501333,0.0846538928026954,0.120308847539127,-1.0723530662077,-0.919702433395474
YJR141W,0.0493198707699776,-1.31182384490967,0.00737037223340754,0.0650354650722551,0.0360965285139779,0.0647164906685551,-1.44253456363439,-1.18898519849443
YJR142W,0.444469630718231,-0.355336517095566,0.0538334208535332,0.0525789132774744,0.349926668405533,0.554903508722782,-0.456022960440182,-0.255782529151828
YJR144W,0.690470993518829,-0.165161326527596,0.0976181241952591,0.0611876509135385,0.514720676839352,0.893737733364105,-0.288428388407132,-0.0487899058832708
YJR148W,4.22729587554932,0.623273491859436,0.479255882195246,0.049282392726245,3.38327693939209,5.15084005594254,0.529337548579339,0.711878062076944
YJR149W,0.00452648056671023,-2.36090922355652,0.00125672728554277,0.121249049339058,0.00249165423059215,0.00730859894926349,-2.60351261437373,-2.13616587049456
YJR150C,0.053516149520874,-1.27747571468353,0.00888876892966538,0.0720955257972159,0.038165367487818,0.072541548560063,-1.41833059003505,-1.13941317802523
YJR151C,0.000914812495466322,-3.05994558334351,0.000285350736302468,0.137882247810822,0.000449294506203538,0.00155423923182146,-3.34746890134984,-2.80848215446198
YJR152W,0.000974551949184388,-3.05806398391724,0.000454656838310454,0.207617684881381,0.000312857970129699,0.00208639523286062,-3.5046527767924,-2.68060376197636
YKL222C,0.00725960824638605,-2.14624524116516,0.00132036962503562,0.0791347075120667,0.00498001885134727,0.0100814553986614,-2.30276916681743,-1.9964767815251
YKL221W,0.0030606696382165,-2.53343605995178,0.000913013014470796,0.130665799629741,0.00158694084481491,0.00514410599134863,-2.79943927030824,-2.28869027122188
YKL218C,0.131982624530792,-0.883680641651154,0.0183708081446787,0.0604928125236853,0.0991167757039269,0.170443765694896,-1.00385285653796,-0.768418915305734
YKL216W,4.37426233291626,0.637833416461945,0.522155215933608,0.0516138639160956,3.47843888401985,5.46352947950363,0.541384309559934,0.73747329071027
YKL215C,0.380205661058426,-0.422184616327286,0.0381766394650737,0.0438424310140836,0.315707727273305,0.445813596248627,-0.500714788232392,-0.350846691241819
YKL213C,0.363496452569962,-0.441910535097122,0.038238679135098,0.0458351850925783,0.298510670661926,0.434782273819049,-0.525040139821835,-0.361728178161958
YKL212W,1.75783145427704,0.242756098508835,0.177654332173245,0.0439706080537388,1.45576378802458,2.08175000945727,0.163090820929468,0.318428568606451
YKL211C,0.865831255912781,-0.0652616620063782,0.096408328307516,0.0484309397761848,0.699523209035397,1.05596214234829,-0.155197871879256,0.0236483400873462
YKL210W,3.69117259979248,0.564983189105988,0.368734004595118,0.0436050647575748,3.06333119273186,4.33804739713669,0.486193950019975,0.63729429188015
YKL209C,0.634565651416779,-0.199657782912254,0.0627422889109682,0.0431263172274155,0.528856936097145,0.743807733058929,-0.27666179539739,-0.128539310774891
YKL208W,0.109671920537949,-0.96572744846344,0.0180898012293788,0.0711017656523537,0.0790448859333992,0.148998415470123,-1.10212622292027,-0.826818409124308
YKL207W,1.68558478355408,0.221780031919479,0.25663772883298,0.0656651523063946,1.24337041378021,2.2310687204202,0.0946005290407693,0.348512946760834
YKL205W,0.229380905628204,-0.641702592372894,0.0233557487307679,0.044374001543807,0.191004380583763,0.270934859663248,-0.718956672325363,-0.567135116439992
YKL204W,0.542572617530823,-0.267856508493423,0.0559323791638708,0.0448978893888109,0.448628537108501,0.644086897373199,-0.348113110131922,-0.191055535584653
YKL197C,0.10949233174324,-0.962834358215332,0.0110359861079804,0.0439507653244243,0.0909346697852016,0.129628079136213,-1.04127050696452,-0.887300921981451
YKL195W,0.864505290985107,-0.0658418834209442,0.0947104863161805,0.0476661149156596,0.699324439962705,1.05065383911133,-0.155321304372666,0.0214596516474606
YKL194C,0.105455599725246,-0.979834854602814,0.0121808420820232,0.0503222648699076,0.0841188826287786,0.129855584849914,-1.07510652186545,-0.886539373631185
YKL193C,0.356693238019943,-0.450736314058304,0.0421336709764775,0.0513745118674005,0.283204793930054,0.440825879573822,-0.547899399429488,-0.355732917272914
YKL191W,0.441235452890396,-0.357778161764145,0.0467541149178412,0.0462059438664408,0.360158501565456,0.527951210240523,-0.443506330023695,-0.277406210368122
YKL189W,0.139314547181129,-0.859688103199005,0.0181370887708846,0.0566990936979622,0.106812537958225,0.175689205527306,-0.971377843434816,-0.755254921054163
YKL187C,0.00147249305155128,-2.85443449020386,0.000476398668736064,0.14103138669128,0.000725060707191005,0.00256657471181825,-3.13962563061388,-2.59064638633489
YKL185W,0.374843060970306,-0.42851522564888,0.0390301943347799,0.0453955590977255,0.306726012627284,0.44716393177708,-0.513249391809026,-0.349533234849456
YKL183W,0.285166233778,-0.548412144184113,0.0362580696143898,0.0553166860542793,0.221326602250338,0.360362889369329,-0.65496638896101,-0.443259954822134
YKL181W,1.59873998165131,0.201281696557999,0.171505400600424,0.0465956550044967,1.30866531232993,1.93336809575558,0.116828572371901,0.28631454759127
YKL179C,0.289845585823059,-0.540250301361084,0.030531229780414,0.0458728764762642,0.236827552318573,0.346086888511976,-0.625567773554497,-0.460814855579657
YKL175W,0.474705815315247,-0.326044231653214,0.0505555851652822,0.0463871403725185,0.386643055081367,0.569909136494001,-0.412689786272309,-0.244194383354227
YKL174C,0.187163054943085,-0.730219483375549,0.0198229010031257,0.0460939479072008,0.153080314397812,0.225352172553539,-0.815080654488467,-0.647138250768289
YKL173W,0.166475385427475,-0.780855178833008,0.0167413090826661,0.0438426859232697,0.138357162475586,0.196485396847129,-0.858998353378057,-0.706669724869553
YKL172W,2.07227730751038,0.313655287027359,0.235247980963995,0.049269902143305,1.67783366541068,2.53631160457929,0.22474887654166,0.404202602886183
YKL171W,0.0327876172959805,-1.48703479766846,0.00368203538697927,0.0488921770553222,0.0263629025934885,0.0400835903982321,-1.57900677567602,-1.39703338469269
YKL168C,0.0739625468850136,-1.13351130485535,0.00796951339082743,0.0468596145096522,0.0605470847338438,0.089132511926194,-1.21790676275213,-1.04996385644617
YKL166C,0.313490718603134,-0.506365120410919,0.0341854243913527,0.0474947647924048,0.253914408634106,0.379460154225429,-0.595312656449078,-0.420833824130519
YKL165C,0.413949280977249,-0.385255187749863,0.0416271651425527,0.0438053166166719,0.34418569629391,0.4892931625247,-0.46320718469081,-0.310430853119911
YKL155C,0.120504111051559,-0.921623945236206,0.013238872648392,0.047792931565651,0.0979486508915822,0.145952870820959,-1.00900154692515,-0.835787360183689
YKL154W,0.582917869091034,-0.239596262574196,0.090692286340768,0.0672691429970506,0.422043767571449,0.78601481517156,-0.374642527320775,-0.104569268100202
YKL151C,0.33740559220314,-0.475034415721893,0.0407769676336042,0.0527558967154089,0.263719176252683,0.418469190597534,-0.578858317474986,-0.378336511018457
YKL150W,1.05357015132904,0.019306018948555,0.131090969856436,0.0540703818778673,0.825824347138405,1.31830325722694,-0.0831123173061034,0.120015324681763
YKL149C,0.125889092683792,-0.903591096401215,0.0162349509067862,0.0557342555197464,0.097753987275064,0.160534677902857,-1.00986551960266,-0.7944311406338
YKL148C,0.316216200590134,-0.502471089363098,0.0335483381316973,0.0462750118797033,0.257509641597668,0.378785071521998,-0.589206506070254,-0.421607169411084
YKL146W,0.234202638268471,-0.632836937904358,0.0247480542389361,0.0459805018731363,0.192004750296474,0.280767142772675,-0.716688031297847,-0.551653717580172
YKL143W,0.646405756473541,-0.191959694027901,0.0688135759399883,0.0463238717027643,0.526762701074282,0.777625501155853,-0.278384985025268,-0.109229505759672
YKL140W,0.270031720399857,-0.570979177951813,0.0283595678376112,0.0456487070833309,0.221310913562775,0.324707537392775,-0.654997169067663,-0.48850763022846
YKL139W,0.139733746647835,-0.857327818870544,0.0153543839526655,0.047880059631783,0.112664576495687,0.168748717506727,-0.948212611826818,-0.772759520047629
YKL135C,0.290131568908691,-0.539744317531586,0.0300545382831276,0.0451540106206553,0.238932123531898,0.345629262924194,-0.621725457054517,-0.461389495100772
YKL134C,0.111819483339787,-0.953854560852051,0.0116613242668176,0.0454829053703607,0.0920268225173155,0.133244742701451,-1.03608557303059,-0.875349923421246
YKL132C,0.00886849965900183,-2.0613260269165,0.00182437616309166,0.0897054281243071,0.00575969991041347,0.0128101972863078,-2.23960014739191,-1.89244423388025
YKL130C,0.524814188480377,-0.284701198339462,0.0778460080844545,0.0638811787320213,0.389301711072524,0.697240231434504,-0.409713688312938,-0.156617567699256
YKL127W,1.37901151180267,0.13721789419651,0.143349461901363,0.0452271717600163,1.13680762251218,1.64787479440371,0.0556869703702127,0.216924210810182
YKL126W,0.583289384841919,-0.236392289400101,0.059608716779852,0.0445437193235838,0.481033380329609,0.692987366517385,-0.317824821205325,-0.159274682787307
YKL125W,0.226229563355446,-0.647899568080902,0.0240154762470544,0.0461834595237949,0.184577667961518,0.271487531810999,-0.733820845412988,-0.566250110789807
YKL124W,0.0795776769518852,-1.10221171379089,0.00936707166675398,0.0510828114897989,0.0635124501461784,0.0984635037680467,-1.19714113299061,-1.00672472797979
YKL121W,0.0374861657619476,-1.42890346050262,0.0042395198883701,0.0491619500456987,0.0301938233120988,0.045674250026544,-1.52008189070047,-1.34032865358142
YKL120W,1.52543163299561,0.180272459983826,0.182639217577865,0.0521607660336355,1.20223787426949,1.8997777501742,0.0799904017506083,0.278702796993726
YKL116C,0.113759495317936,-0.946860074996948,0.0130280903496122,0.0497861668801047,0.0912424617136518,0.139623411372304,-1.03980300854329,-0.855041757674069
YKL113C,0.458435595035553,-0.341584175825119,0.0526457346234989,0.0499211986776516,0.368368686487277,0.560842216014862,-0.43371729477418,-0.251159303364766
YKL112W,0.655609130859375,-0.185645371675491,0.0672489820608488,0.0446565322388218,0.542567913234234,0.777424102524916,-0.265545915569586,-0.109342002107121
YKL110C,0.366398513317108,-0.439434677362442,0.0460066154618667,0.0541918594931489,0.286922829101483,0.464209015667439,-0.542234912290695,-0.333286443794974
YKL109W,0.142120778560638,-0.849994897842407,0.0157000946239345,0.0480637056637568,0.114744359689454,0.172462403774261,-0.940268738471381,-0.763305565013639
YKL108W,0.122672446072102,-0.914138555526733,0.0141443167055939,0.0501178823320325,0.0978929199278355,0.14980469532311,-1.00924873682558,-0.824474574462659
YKL107W,0.0125693222507834,-1.91500544548035,0.0032327142698276,0.112440226490537,0.00707701977808028,0.0198887381702662,-2.15014959963554,-1.70139276956908
YKL106W,0.288929969072342,-0.542056143283844,0.0330735616890142,0.0497970621966101,0.231255994861325,0.35304181377093,-0.635907066281123,-0.452173867450298
YKL104C,1.52002465724945,0.179608583450317,0.154245343838223,0.0441923680582267,1.26122469703356,1.80181436538696,0.100792465372931,0.255710040523469
YKL101W,0.234923049807549,-0.631235599517822,0.023351813184025,0.0434269707361484,0.194507821152608,0.275114697962999,-0.711062932446904,-0.560486240235186
YKL100C,0.465213268995285,-0.334765702486038,0.0490099596782794,0.0459149082539859,0.380481421947479,0.557680981357892,-0.419666543998982,-0.253614166038864
YKL099C,1.03200125694275,0.00904333870857954,0.15145870026575,0.0634904919526192,0.77434903383255,1.35398181974888,-0.111063239188416,0.131612822319524
YKL098W,0.0960271432995796,-1.02120590209961,0.0123982256290668,0.0559505173418539,0.0743278257548809,0.122480260270337,-1.12884858793448,-0.911933912706494
YKL095W,0.210067167878151,-0.681948184967041,0.029664500716893,0.0611953445242364,0.157889276742935,0.274032921840747,-0.801647364668796,-0.562197260866206
YKL094W,0.784878075122833,-0.108473502099514,0.0965496064732082,0.0533814205829533,0.617502822478612,0.979502627750238,-0.209361106731688,-0.00899439905637271
YKL093W,0.00953216664493084,-2.03630423545837,0.00254615897539056,0.117096818170597,0.00524241416327034,0.0153296155234178,-2.28046870240836,-1.81446876675007
YKL092C,0.102882407605648,-0.989887177944183,0.0103974617776416,0.0440944327076678,0.0853029564023018,0.121722556650639,-1.06903591693381,-0.914628934332243
YKL091C,0.159768387675285,-0.801229417324066,0.0237025851609107,0.0639926726104322,0.119295658233265,0.210155844688416,-0.923375364275196,-0.677458527235369
YKL089W,0.115886852145195,-0.938834190368652,0.0132771348012311,0.0500518565308404,0.0924644219999512,0.141384673118591,-1.03402534091786,-0.849597690028897
YKL088W,0.255993247032166,-0.594445705413818,0.0283555067001427,0.0482700523219609,0.205922058969736,0.309723888337612,-0.68629713289511,-0.509025307493978
YKL085W,1.70599508285522,0.228868827223778,0.204689657039779,0.0519605055026661,1.35557134946187,2.12258448402087,0.132122371984375,0.3268649837951
YKL082C,0.772598147392273,-0.114614181220531,0.0838825168156748,0.0473038654665474,0.62641447087129,0.932354390621185,-0.203138218689385,-0.0304189796667127
YKL080W,2.30907940864563,0.360795229673386,0.254868707960852,0.04795348736939,1.87303173542023,2.80802263220151,0.272545135838197,0.44840059791486
YKL079W,0.174825072288513,-0.759914696216583,0.0187770009273896,0.0468955640587758,0.142366136113803,0.210291620964805,-0.846593315573155,-0.677178031434287
YKL077W,1.66577446460724,0.219104632735252,0.179113393494726,0.0467496850902296,1.3551901469628,2.01806605855624,0.132000234848462,0.304935374686268
YKL075C,0.160736992955208,-0.796679198741913,0.0182620654417472,0.0493059997154283,0.129111299787958,0.196713671088219,-0.889035760249037,-0.706165456695521
YKL072W,0.0934726148843765,-1.03191196918488,0.0102061378776334,0.0475496504009958,0.075801121070981,0.11274586605529,-1.12032438069091,-0.947899373059653
YKL071W,0.0094714742153883,-2.05320620536804,0.00349011119926935,0.163177852655183,0.00396859302806358,0.0175631207413972,-2.40136355626923,-1.75539843934537
YKL068W,0.375645846128464,-0.427549421787262,0.0387533185796261,0.0450733626327583,0.309134890387456,0.44446639145414,-0.509851975701424,-0.352161079066723
YKL064W,0.169538140296936,-0.773080348968506,0.0175919627321264,0.0452287290109885,0.140171518052618,0.201318348447482,-0.853340225538838,-0.696116641365283
YKL060C,52.4853858947754,1.71718084812164,6.024948702392,0.0498778166281847,42.0981674194336,64.3095141728719,1.62426319091999,1.80827522487268
YKL059C,0.225383684039116,-0.64966493844986,0.0245675057208984,0.0474782144041933,0.183176844815413,0.272485464066267,-0.737129426093824,-0.564656661063827
YKL057C,0.348939955234528,-0.459427356719971,0.0348518358137355,0.0435870668200335,0.289371008425951,0.411563761780659,-0.538544982697057,-0.385562875760852
YKL055C,0.0578809380531311,-1.2440847158432,0.0101641447189834,0.0758664260822514,0.0406002479915818,0.0802627632394433,-1.39147131369955,-1.09548589322991
YKL054C,3.75557255744934,0.572349190711975,0.387497820386602,0.0450537626944824,3.08832609454791,4.46819543838501,0.489723135817073,0.650132136618337
YKL052C,0.202979773283005,-0.696513116359711,0.0273893138484095,0.0588227169367747,0.153865329176188,0.258328676223755,-0.812859230294906,-0.587827381536794
YKL050C,0.00137019343674183,-2.87816667556763,0.000361175583191544,0.114762942112049,0.000781736522427915,0.00217246960964986,-3.10693968858602,-2.66304723079545
YKL049C,0.368719667196274,-0.44287845492363,0.0785891187746181,0.0910628628016636,0.238382861018181,0.545666943987211,-0.622724972223749,-0.263072398688678
YKL048C,0.0472769178450108,-1.32870995998383,0.00588325264570927,0.0540854467048456,0.0370857268261413,0.0592129636245469,-1.4307932075011,-1.2275832020681
YKL047W,0.214801177382469,-0.670554339885712,0.0234261288973304,0.0475250019761024,0.17398002743721,0.259465098381042,-0.759500605002846,-0.585921052458793
YKL046C,0.824268281459808,-0.0864562094211578,0.0890825303458275,0.0468256288045472,0.673453954358896,0.996093966066837,-0.17169209755731,-0.001699690678044
YKL045W,0.261881053447723,-0.584426879882812,0.0282117452121562,0.0469770958798959,0.21300761240224,0.315681513647239,-0.671604877349335,-0.500750875213936
YKL043W,0.2088922560215,-0.683372974395752,0.0258038270688054,0.0535140090371231,0.163447529201706,0.261932347466548,-0.786621641053088,-0.581810866432552
YKL040C,0.816766798496246,-0.0921663492918015,0.114966882168963,0.0608712111662098,0.615374644597371,1.05499482154846,-0.21086042398085,0.023250327900586
YKL039W,1.01321840286255,0.00338555686175823,0.104535842404035,0.0449194855676484,0.833987176418304,1.20870009263357,-0.0788406271243538,0.0823185520603903
YKL038W,0.077416755259037,-1.113605260849,0.00817852544930056,0.0461173114526147,0.0630866505205631,0.0922623127698898,-1.20006257271057,-1.03497566298797
YKL035W,2.97760009765625,0.471462398767471,0.312698503867548,0.0457936623008355,2.43073296546936,3.56129827896754,0.385737250907061,0.551608342035952
YKL034W,0.147571161389351,-0.833441615104675,0.0156110341645031,0.0461513445363017,0.120429928911229,0.176366806651155,-0.919265570143171,-0.753583157043841
YKL033W-A,1.12073457241058,0.0437456518411636,0.183799871436978,0.0706781245653671,0.808094680309296,1.5246747503678,-0.092537752187148,0.183177195677729
YKL033W,0.075584314763546,-1.12393999099731,0.00788621334537355,0.0454631875181642,0.0620173202206691,0.0902574243023992,-1.20748700748752,-1.04451708807916
YKL032C,0.572635412216187,-0.244698479771614,0.0622209619437142,0.0474143637642723,0.460784711440404,0.689690826833248,-0.336501940264742,-0.161345557082814
YKL027W,0.275774598121643,-0.562000155448914,0.0298766398209891,0.0471823742392553,0.224056345100204,0.332312226295471,-0.64964275941126,-0.478453680042451
YKL025C,0.238977655768394,-0.624023973941803,0.0249510177189494,0.0455713768539965,0.195753487820427,0.28471015120546,-0.708290491230925,-0.545597048824145
YKL023W,0.203340336680412,-0.696176767349243,0.0291534768839795,0.0617359687380528,0.153999000911911,0.264836230129004,-0.812482109641364,-0.577022603008235
YKL020C,0.179649993777275,-0.747852027416229,0.0183177870105724,0.0446180533896366,0.147685691714287,0.21169646581014,-0.830661578557638,-0.674286393012866
YKL018W,0.194220259785652,-0.71513170003891,0.0243970955065235,0.0546456628235469,0.152466533457239,0.243810683116317,-0.816825585985303,-0.612947269085991
YKL017C,0.0651638805866241,-1.18853604793549,0.0070530845970072,0.0470851197240554,0.0532762333750725,0.0786636220291257,-1.27346648733337,-1.10422606433165
YKL014C,0.324358850717545,-0.491036087274551,0.0315168007200839,0.0423998094352213,0.271178036928177,0.378983512272437,-0.56674548747147,-0.421379683807943
YKL012W,0.150425225496292,-0.825179755687714,0.0161074570042206,0.0466875984359697,0.122292239032686,0.180654499679804,-0.912601113035707,-0.743151218764928
YKL011C,0.0729095563292503,-1.14205682277679,0.0109138645437342,0.0649329911423017,0.0536207849780719,0.0958197576304277,-1.27066683364619,-1.01854493586494
YKL010C,0.324172168970108,-0.491423100233078,0.0325255522294732,0.0438061736718633,0.269361734390259,0.380486764510473,-0.569664100237083,-0.419660459912058
YKL009W,2.36380314826965,0.367666602134705,0.394723127936248,0.0717473129457149,1.69551281034946,3.23617719213168,0.229301073832419,0.510032291456766
YKL007W,1.12477385997772,0.0467684827744961,0.15846735469856,0.0611771762312035,0.845197515189648,1.45820357402166,-0.073041889793678,0.163818093800868
YKL005C,0.126967236399651,-0.898956179618835,0.0139846895408287,0.0480683219734063,0.101972806391617,0.154245704660813,-0.99151563735856,-0.811786923540453
YKL002W,0.595707714557648,-0.232344061136246,0.110137964821017,0.0802039228295976,0.406277862936258,0.834046984712283,-0.391176841732187,-0.0788094971555773
YKR002W,0.34185528755188,-0.468649208545685,0.0365475153859794,0.0465984681357964,0.278639225413402,0.409892992923657,-0.554957749256324,-0.387329538075792
YKR003W,0.438615053892136,-0.360685586929321,0.0495217269924617,0.0491016333275271,0.352495449284712,0.535522781809171,-0.452846485617483,-0.271222075641838
YKR004C,0.0556562803685665,-1.25863468647003,0.00769271655746174,0.0601810277343656,0.0419698676094413,0.0712870685383678,-1.37706244516095,-1.14698924787886
YKR008W,0.4403116106987,-0.358653008937836,0.0463301338601363,0.0458792687016473,0.358470976352692,0.526799939572811,-0.445546001279673,-0.278354283811391
YKR010C,0.111895471811295,-0.953668475151062,0.0119524698705126,0.04652642744115,0.091489491549631,0.134057939052582,-1.03862878946937,-0.872707461542108
YKR011C,0.376771748065948,-0.427282333374023,0.0469093321202838,0.0540859912677538,0.295802281300227,0.473145968466997,-0.528998484672809,-0.325004926412227
YKR013W,2.55408644676208,0.404205560684204,0.301857731149489,0.0513548073698826,2.02264142036438,3.1764100809892,0.305918896631254,0.501936561050072
YKR015C,0.000583402987103909,-3.31667685508728,0.000351616322314999,0.280642396200765,0.000119691265899746,0.00144281963584945,-3.92193755910093,-2.84078797216584
YKR016W,0.338637351989746,-0.472810655832291,0.0366349861497135,0.0470830922763239,0.275905549526215,0.408402802795172,-0.559239564093582,-0.388911286092984
YKR018C,0.77361673116684,-0.113779038190842,0.0796019743819704,0.0448178013506546,0.636794504523277,0.919197540978591,-0.196000693270918,-0.0365911468589028
YKR019C,0.0712206363677979,-1.1503142118454,0.00827339683107119,0.0503884584863065,0.0569713589735329,0.0878473371267319,-1.24434342110075,-1.05627139852491
YKR022C,0.0798489525914192,-1.10222446918488,0.0114930270134813,0.062614042574365,0.0591980582103133,0.103786446154118,-1.22769253890937,-0.983859358865394
YKR023W,0.182134941220284,-0.742233276367188,0.0199639301310253,0.0478679230027857,0.147354914372166,0.219909858951966,-0.831635375599183,-0.657755300433356
YKR024C,0.284375816583633,-0.548485279083252,0.0297080296035786,0.0455508206933834,0.23282367674013,0.338996830334266,-0.632972887722371,-0.469804370439788
YKR025W,0.655139088630676,-0.187580019235611,0.0880912477833809,0.058377749947525,0.495918163657188,0.845914523303509,-0.304589984856027,-0.0726735835912083
YKR026C,0.735469102859497,-0.137003242969513,0.094492835326101,0.0557015485192703,0.570352983474731,0.927728950977325,-0.243856282864593,-0.0325788904721468
YKR029C,0.195134028792381,-0.712007522583008,0.0202123915180058,0.0451598652956581,0.15997757849594,0.232725349937876,-0.795940883158851,-0.633156334468324
YKR031C,0.113883145153522,-0.945699989795685,0.0113252342169507,0.0433827324944137,0.0947577176615596,0.133769770835837,-1.02338540831434,-0.873642016976762
YKR034W,0.0026287145446986,-2.68248057365417,0.00178567379408334,0.317040467125932,0.000406258838484064,0.00738163013011217,-3.39119802022784,-2.1318477197033
YKR036C,0.0831704139709473,-1.08276557922363,0.00930881339034965,0.0488608560531324,0.0665444434930881,0.101327695945899,-1.17688820473263,-0.994271834433507
YKR037C,0.180063486099243,-0.748961329460144,0.0257596572578245,0.0616708929841698,0.135835016643008,0.234433972587188,-0.866988331307415,-0.629979485661652
YKR038C,0.380097448825836,-0.423284143209457,0.045985046303237,0.0526335976299882,0.299786205341419,0.46958988904953,-0.523188358924397,-0.328281262649005
YKR041W,0.0186514668166637,-1.74946546554565,0.00576562909153839,0.133092165063117,0.00953356735408306,0.0321878261553745,-2.02074456082074,-1.4923083534745
YKR043C,2.37859129905701,0.372523367404938,0.315831734209533,0.0574050611090964,1.83758832315604,3.04168323874474,0.264248221260874,0.483113964120244
YKR046C,0.296792834997177,-0.531837821006775,0.0419118467529181,0.0610605473156126,0.223943375051022,0.388808578252792,-0.64986179810692,-0.410264161835387
YKR052C,0.200115695595741,-0.703247308731079,0.0289438957827761,0.062808211895484,0.148586756363511,0.259801688293616,-0.828019899278533,-0.585358033582702
YKR055W,0.176602154970169,-0.757499158382416,0.0255309261090052,0.0624970215594375,0.132282519464691,0.229776929939787,-0.878497542101683,-0.638693583369708
YKR058W,0.0127592058852315,-1.89960741996765,0.00201874280732153,0.0688725825428973,0.00920013558740417,0.0170411844427387,-2.03620579244142,-1.76850027339782
YKR060W,0.389992475509644,-0.412965178489685,0.0531039554798427,0.0592027172438029,0.295770158370336,0.501010140279929,-0.529045646257098,-0.300153486304226
YKR061W,0.0175260398536921,-1.76211404800415,0.00286236302463129,0.0712434609762936,0.0124461437342688,0.0234814174473286,-1.90496523217669,-1.62927569060275
YKR062W,0.608915150165558,-0.218930885195732,0.077518577175752,0.0550171208217577,0.475311084588369,0.772177984813849,-0.323022108767161,-0.112282584542598
YKR070W,0.488002002239227,-0.314364165067673,0.0552010520521016,0.0492809092365353,0.390785118937492,0.597072812418143,-0.408061985235246,-0.223972712853602
YKR071C,1.38985908031464,0.140226110816002,0.156309158331802,0.0488704212103722,1.11499332984289,1.69289929966132,0.0472722644601705,0.228631124899151
YKR072C,0.351494431495667,-0.456447809934616,0.0365639017470144,0.0454616920738314,0.287095838785172,0.417481034994125,-0.541973102218871,-0.37936324852643
YKR075C,0.129949241876602,-0.890601634979248,0.0185075658763771,0.0616765840968478,0.0976476858680447,0.169328506663442,-1.010338049023,-0.771269922415451
YKR076W,0.102527625858784,-0.992920815944672,0.0135414128693347,0.0571724815138396,0.078890205360949,0.131822255874674,-1.10297692855346,-0.880011287239893
YKR077W,0.185213789343834,-0.735625028610229,0.0228038224975594,0.053626292895857,0.144676557679971,0.231617594634493,-0.839601835675847,-0.635228452878827
YKR078W,0.0643784403800964,-1.1941454410553,0.00742929162163235,0.0501240258409071,0.0513984711840749,0.0789488513022662,-1.28904980548192,-1.10265423040472
YKR079C,0.160142868757248,-0.79781711101532,0.0165288266184693,0.0450333114932435,0.131413811569413,0.189726780603329,-0.88135900181283,-0.721871370843148
YKR081C,1.49299204349518,0.171355083584785,0.166481145158833,0.0485120797128884,1.2097567131122,1.80698345402877,0.0826979399470701,0.256954175118067
YKR082W,0.377613365650177,-0.425160497426987,0.0379411884166309,0.0438812955180189,0.312170053521792,0.444701254367828,-0.505608761263275,-0.351931645535869
YKR084C,0.563697099685669,-0.251276135444641,0.0581796357100958,0.0449900006900297,0.46437281370163,0.670785171786944,-0.333133213578102,-0.173416550302031
YKR086W,0.0651989430189133,-1.18823528289795,0.00693460657721071,0.0464685095430975,0.0531251057982445,0.0778760173668464,-1.27470019204661,-1.10859626751295
YKR087C,0.226273775100708,-0.648455858230591,0.0270480587085004,0.0518257442059221,0.17999563254416,0.281753613054752,-0.744738033019232,-0.550130525413306
YKR091W,0.0928018093109131,-1.04059028625488,0.0180861020981856,0.0842559493349205,0.0621660719936093,0.132315781836708,-1.20644657296683,-0.878388385713802
YKR093W,1.55438101291656,0.189210668206215,0.161436413358856,0.0451941016223751,1.28250351448854,1.86042879720529,0.108058559497994,0.269613041625001
YKR095W,0.304897457361221,-0.517977297306061,0.0300992706748966,0.0431176593720656,0.253836667289337,0.357348416000605,-0.595445644736757,-0.446908139443632
YKR101W,0.0570593439042568,-1.24659025669098,0.00663964168064951,0.0502825629015194,0.0457518364613255,0.0708134197319547,-1.33959146994047,-1.14988443213795
YKR102W,0.000461754127172753,-3.36620187759399,0.000171789970305431,0.166431517540768,0.000195190309993147,0.000858736149772691,-3.70954180497971,-3.06614025448797
YKR103W,0.00149841990787536,-2.83712339401245,0.00036175024812776,0.106271054306572,0.000886082401363334,0.00226826408179477,-3.05252613954848,-2.6443063923099
YLL062C,0.138917624950409,-0.86114364862442,0.0186780231022301,0.0582472509930901,0.106049000720183,0.177662691349785,-0.974493423245194,-0.750403764622648
YLL061W,0.230771511793137,-0.639291048049927,0.0246057944871992,0.0464152098043404,0.189080109198888,0.277841091404359,-0.723354155554158,-0.556203529466932
YLL058W,0.217701032757759,-0.66462230682373,0.023221815371148,0.0465078403846725,0.177154788623254,0.260122855007648,-0.751647129871433,-0.584821488797184
YLL048C,0.516686201095581,-0.288848489522934,0.0504611591780737,0.0425055323030214,0.432054698467255,0.60478276014328,-0.364461267678797,-0.218400597270996
YLL046C,0.00550091359764338,-2.32666254043579,0.00309143705405039,0.250338831408358,0.00134071080440966,0.0134148867723222,-2.87266508775121,-1.87241311934471
YLL040C,0.407910138368607,-0.391533434391022,0.0400164601449422,0.0427590422161607,0.341673111418883,0.47803620994091,-0.466389197745558,-0.320539205764472
YLL038C,0.23984169960022,-0.628012120723724,0.0464033925054912,0.0829463450664066,0.162019342184067,0.341956460475922,-0.790433135442728,-0.466029250584036
YLL036C,0.164494663476944,-0.786589086055756,0.018435987107642,0.0488809085697392,0.131501638392607,0.200299882392089,-0.881068836234075,-0.698319349260365
YLL035W,0.099782720208168,-1.00350272655487,0.0108257825262654,0.047226070471694,0.0807878874863188,0.120834587390224,-1.09265375209613,-0.917808739623523
YLL033W,0.0435832962393761,-1.3812735080719,0.0136513774562947,0.134313148579955,0.0223512437660247,0.0756322556485733,-1.65069897898951,-1.12129304507276
YLL032C,0.137808471918106,-0.863201975822449,0.0146707484091559,0.0464742687603227,0.112654268741608,0.165360876421134,-0.948252347164294,-0.781567237817885
YLL031C,0.320406258106232,-0.496436268091202,0.0317323183913946,0.0431466227573204,0.265603060523669,0.377512998878956,-0.57576692567729,-0.423068091632866
YLL029W,0.458453267812729,-0.340965688228607,0.046640719624524,0.0444087100305621,0.37787427008152,0.541686966518561,-0.422652680379048,-0.266251628896999
YLL028W,0.377398908138275,-0.425596535205841,0.0395385258136393,0.0457150926570966,0.309368878602982,0.450202369193236,-0.509523376902955,-0.346592223958306
YLL027W,0.404504507780075,-0.398652791976929,0.0653338263853773,0.0695363861233662,0.295246531814337,0.546322349707286,-0.529815391850204,-0.262551033664835
YLL026W,3.47145938873291,0.538294851779938,0.349707797384395,0.0439684753833022,2.86970637838046,4.09022617340088,0.457837460533974,0.61174732344601
YLL023C,0.61776077747345,-0.213380008935928,0.0865133940591818,0.0603208611151761,0.471221758921941,0.803579391539097,-0.32677466785215,-0.0949712124395312
YLL021W,0.493622750043869,-0.3087317943573,0.0487268040374144,0.0430706898403574,0.41132315993309,0.577102041244507,-0.385816836447625,-0.238747389781793
YLL019C,0.0829681307077408,-1.08353865146637,0.00879240634675336,0.0462271807895023,0.0678290902326504,0.0995990291858713,-1.1685840087338,-1.00174489589394
YLL018C,4.907630443573,0.688481688499451,0.513698127568883,0.0456349821593725,4.02064067522685,5.85549020767212,0.6042952615746,0.767563259028404
YLL015W,0.174355044960976,-0.760702133178711,0.0172334673036509,0.0431579493815439,0.144883111491799,0.204759820923209,-0.838982248877478,-0.688755261663166
YLL013C,0.425019919872284,-0.373831689357758,0.0430585386373137,0.0442175907313297,0.351078368723392,0.501919833819072,-0.45459593098846,-0.299365655919688
YLL012W,0.223878681659698,-0.652401447296143,0.0235654522169828,0.0458848532398725,0.182538237298528,0.267675381153822,-0.738646148573213,-0.572391573600775
YLL011W,0.432008922100067,-0.366969347000122,0.0459732804954116,0.0462853629408403,0.352275032053391,0.518833840886752,-0.453118260854688,-0.284971705292907
YLL010C,0.364414662122726,-0.4413241147995,0.0421749686354271,0.0504700958143375,0.289854748050372,0.447355934729179,-0.537819582768577,-0.349346797360521
YLL007C,0.081327848136425,-1.09240329265594,0.0089666855047109,0.0479657503985707,0.0657959199200074,0.0987679395203789,-1.18180103664735,-1.00538400670465
YLL006W,0.182940691709518,-0.74052482843399,0.0208784978376559,0.0496950321478958,0.146099114914735,0.223925341293216,-0.835352427948361,-0.649896778616949
YLL005C,0.00053846399532631,-3.3103039264679,0.000235234901495718,0.194358699749877,0.000190304450734402,0.0011159587050012,-3.72055183307722,-2.95235187577323
YLL004W,0.138661876320839,-0.860533118247986,0.0148349834501859,0.0465658393644879,0.11311570747445,0.167108679438631,-0.946477094717459,-0.777000994126354
YLL002W,0.104300685226917,-0.984897553920746,0.0126387368270029,0.0526611119439619,0.0825087585176031,0.12908923899134,-1.08349994814848,-0.889109975578715
YLL001W,0.414521932601929,-0.384729087352753,0.0423896039738041,0.0445359748291319,0.342386975387732,0.492573192467292,-0.465482764528897,-0.30752923040137
YLR001C,0.126027584075928,-0.901873707771301,0.0130398784868393,0.0451791460694772,0.103181731576721,0.149529807517926,-0.986397188280323,-0.825272228759702
YLR002C,0.498227089643478,-0.304898142814636,0.0515506394790396,0.0449853997337409,0.412074714899063,0.593644688526789,-0.385024033174294,-0.226473418429695
YLR004C,0.0132489381358027,-1.88346445560455,0.00214131518620249,0.0701230530158304,0.0095802890136838,0.0178225859999657,-2.01862138913077,-1.74902928099312
YLR005W,0.214100629091263,-0.672084629535675,0.0238591124087506,0.0485042223991099,0.172794222955902,0.261571910729011,-0.762470784268757,-0.582408922238747
YLR006C,0.0997687429189682,-1.00351345539093,0.0107023641588232,0.0467572421881266,0.0812703014040987,0.119913426972926,-1.09006813024952,-0.921132185274099
YLR015W,0.130963295698166,-0.885518968105316,0.0145027139372611,0.0482456850799457,0.105290380989512,0.15915908254683,-0.977611309459493,-0.79816859803509
YLR019W,0.253581613302231,-0.59896320104599,0.0301977497751259,0.0518003684659505,0.201642283673088,0.314251758903265,-0.695418392863515,-0.502722283708656
YLR020C,0.216432273387909,-0.667355120182037,0.024006648516159,0.0482878236516057,0.174819780265292,0.262547745555639,-0.757409430613632,-0.58079170658082
YLR023C,0.138035446405411,-0.862778306007385,0.0156041309570441,0.0490627018543209,0.111334925206999,0.168987091754874,-0.953368586824223,-0.772146468905863
YLR026C,0.454943031072617,-0.345134705305099,0.0543160553886222,0.0518518372070487,0.360973634322484,0.565340787172318,-0.442524523521294,-0.247689684684393
YLR027C,3.47580933570862,0.538410425186157,0.382508137435621,0.0480394639719455,2.79970286289851,4.21079754034678,0.447111940454299,0.624364359450601
YLR028C,1.2802323102951,0.104941017925739,0.133021022683977,0.0452218818542231,1.05168076058229,1.53290343483289,0.0218839288532301,0.185514797189465
YLR030W,0.0146060595288873,-1.85692095756531,0.00463346629210712,0.137664859190757,0.00727563723921776,0.02550405060562,-2.13812896284295,-1.59339086182139
YLR032W,0.132589250802994,-0.879785537719727,0.0135947755988159,0.0446990514668944,0.109513458050787,0.157150292272369,-0.960532509446604,-0.803684807021546
YLR033W,0.341465830802917,-0.469282507896423,0.0374976242450323,0.047884786029744,0.275320887565613,0.412473065406084,-0.560160839059367,-0.384604417067684
YLR034C,0.613745331764221,-0.21475575864315,0.0689389523066132,0.0488899864288876,0.496693947911263,0.74666257550319,-0.303911197604039,-0.126875616002595
YLR045C,0.25484910607338,-0.596042513847351,0.0263141334534519,0.0450251263432951,0.209379174063603,0.304544948538144,-0.679066517722185,-0.516348600773138
YLR046C,0.00249980483204126,-2.70000791549683,0.00167140361857079,0.308709304034876,0.000386289932066575,0.00672860407115271,-3.41308661079101,-2.17207503697138
YLR049C,0.31807342171669,-0.500391960144043,0.0368835185983713,0.0504105937743682,0.254211613287528,0.391664236783981,-0.594804730056958,-0.407086082464032
YLR052W,0.532356321811676,-0.279380887746811,0.0858676908629439,0.0696578645076247,0.38372737839818,0.72316186328729,-0.415977214266161,-0.140764627774148
YLR058C,8.92272472381592,0.948016107082367,0.952131441404798,0.0464914469788963,7.26005830367406,10.721688636144,0.860940105225817,1.0302631906217
YLR060W,3.23820948600769,0.507939159870148,0.337283664262469,0.0454403843303653,2.65367698669434,3.85108012954394,0.423848058153998,0.58558254386488
YLR064W,0.482802391052246,-0.320717006921768,0.0697376040790808,0.0624216788519211,0.364321468025446,0.634629154702028,-0.438515261089167,-0.197479984677282
YLR069C,0.351289033889771,-0.456602036952972,0.0357924520925077,0.0444746325736002,0.28959475060304,0.415589338292678,-0.538209315478849,-0.381335609281372
YLR070C,0.0381662212312222,-1.42388844490051,0.00615197465135711,0.0695428916207768,0.0275898143649101,0.0515153624117375,-1.55925122446124,-1.28806327459983
YLR072W,0.158564031124115,-0.802244603633881,0.016802002018975,0.0462035906047085,0.129383475457629,0.189572842791677,-0.888121188832082,-0.722223877490632
YLR077W,0.176806285977364,-0.75496244430542,0.0188170528935777,0.0462351078144255,0.144621282195052,0.212816223502159,-0.839767795160766,-0.671995267782536
YLR078C,0.413822561502457,-0.388752341270447,0.0664740314685487,0.0696218365294292,0.297270100315412,0.553771128753821,-0.526848770379244,-0.256669690835203
YLR083C,0.850091814994812,-0.0727708041667938,0.0862189582235954,0.0441206770949429,0.703514998157819,1.00804040928682,-0.152726639902573,0.00347794171218516
YLR084C,0.240419238805771,-0.621211171150208,0.0240357799535901,0.0435875262069869,0.199871177598834,0.283679583668709,-0.699249829596568,-0.547171920575092
YLR085C,0.157112330198288,-0.806626558303833,0.0179369117987931,0.0497127460349793,0.125730118403832,0.192265676831206,-0.90056068324903,-0.716098240644407
YLR086W,0.161464810371399,-0.794179677963257,0.0164083321987089,0.0443964268270885,0.133304849267006,0.189730426544944,-0.875154051849486,-0.721863026076259
YLR088W,0.409466862678528,-0.390085190534592,0.0420988718205819,0.0448139100905349,0.33577339425683,0.487188917398453,-0.473953764509271,-0.312302604395294
YLR089C,0.745806813240051,-0.129701122641563,0.0770463086414738,0.0450592325212419,0.611640572547913,0.88773015687863,-0.21350371382668,-0.0517190266944573
YLR090W,0.205109819769859,-0.690621793270111,0.0224533638417171,0.0476611152494914,0.165678818151355,0.24770353337129,-0.780733012944899,-0.606067821311446
YLR091W,0.0311078373342752,-1.51547122001648,0.00611098458345008,0.0854237627531158,0.0204479043061535,0.0440976158405344,-1.6893515082121,-1.35558492295216
YLR093C,0.816588521003723,-0.0925511866807938,0.118662500143016,0.0629321816966538,0.612332463264465,1.06770880222321,-0.213012715506467,0.02845280167588
YLR094C,0.301022619009018,-0.523938179016113,0.0324806470630956,0.0470574103080177,0.243555005391439,0.362021196633577,-0.613402946236298,-0.441266000942632
YLR095C,0.195403084158897,-0.711311936378479,0.0198283890803072,0.0441773421725778,0.16176331701378,0.23163114177684,-0.791119957662751,-0.635203075923218
YLR096W,0.182315737009048,-0.741382598876953,0.0183340700367387,0.043883283866492,0.151158713797728,0.215171642725666,-0.820566815211724,-0.667214967182401
YLR097C,0.115977890789509,-0.939417660236359,0.01534186350913,0.0574737091866385,0.0894002275541425,0.14707534648478,-1.04866137583205,-0.832460256511337
YLR100W,1.55340552330017,0.188206061720848,0.185559583529883,0.0517010670112854,1.23535368243853,1.93773845036825,0.0917911998651463,0.287295132444283
YLR102C,0.157327368855476,-0.809021651744843,0.0260024137502711,0.0710426802134065,0.114006932576497,0.213856822624803,-0.943068809540785,-0.669876963371975
YLR103C,0.105606578290462,-0.978900790214539,0.0115042567240204,0.0475269885273677,0.0852691534285744,0.127424133444826,-1.06920805902672,-0.894748312444134
YLR105C,0.0789179354906082,-1.10676884651184,0.0106918271400778,0.058505950154664,0.0601810256019235,0.101413544081152,-1.22054041774231,-0.993904059776856
YLR106C,0.477337151765823,-0.323246717453003,0.0464467513468714,0.0425111177747766,0.398395389318466,0.555495321750641,-0.399685696365645,-0.255319594232451
YLR107W,0.163243532180786,-0.790305197238922,0.019635003895947,0.0522985751837609,0.128735774382949,0.202212922523419,-0.890300750775614,-0.694191096586056
YLR108C,0.169583141803741,-0.773456573486328,0.0193601557455948,0.0497681142185965,0.13539644430081,0.207784180591504,-0.868392743830248,-0.682387520739488
YLR113W,0.785130321979523,-0.107772693037987,0.0877749317383236,0.0486016600769883,0.633730628589789,0.957119930287202,-0.198095303750885,-0.0190336414678215
YLR114C,0.243828400969505,-0.615233063697815,0.0251182715006285,0.0449371856015592,0.200719192624092,0.289496616025766,-0.697411098602607,-0.538356509870503
YLR115W,0.135975494980812,-0.868781268596649,0.0137784399177391,0.0442102472897203,0.112668015994132,0.160406119997303,-0.948199376051926,-0.79477906624431
YLR116W,0.200287476181984,-0.701119422912598,0.0226240841285984,0.0491740064051452,0.160236435135206,0.244896651680271,-0.795238727891108,-0.611017204632171
YLR117C,0.141119390726089,-0.853064060211182,0.0155740606998356,0.0480592899642605,0.114440395248433,0.171002864837646,-0.941420651732351,-0.766996613743756
YLR118C,0.719611048698425,-0.150265246629715,0.133780033614401,0.0799290240074467,0.493571588148673,1.01035642623901,-0.306649851394124,0.00447460808170456
YLR120C,0.422780424356461,-0.376334339380264,0.0447806725459792,0.0462142675051257,0.345656043787797,0.50611537694931,-0.461355845267331,-0.295750471147193
YLR121C,0.074646458029747,-1.13010776042938,0.00893594076182216,0.0521473486211587,0.0590220044677456,0.0921820253133774,-1.22898605414416,-1.03535375430695
YLR126C,0.391779512166977,-0.41248819231987,0.0628736361960981,0.0693006560058563,0.286256627986828,0.527540047466755,-0.54324444894364,-0.277744646420409
YLR128W,0.0993330553174019,-1.0086624622345,0.0163352828943089,0.0705683675346149,0.0721189230680466,0.136099109177788,-1.14195076710073,-0.866144718107436
YLR129W,0.492768704891205,-0.309548228979111,0.0494669867360662,0.0436903711110231,0.409325030446053,0.585481046140194,-0.387931702556458,-0.232487159906766
YLR130C,0.156885638833046,-0.807657361030579,0.0191603414889178,0.0531340438844235,0.123613238396744,0.195451339582602,-0.907935018211221,-0.708961348673801
YLR131C,0.15113465487957,-0.823165833950043,0.0162889324241357,0.0469486358554659,0.123230535102387,0.181186926613251,-0.909281665779324,-0.741873141770353
YLR132C,0.0680234953761101,-1.17325592041016,0.011290803449401,0.0717635984948591,0.0483537275965015,0.0935360536600153,-1.31557031730929,-1.02902098367831
YLR136C,0.680103659629822,-0.171613767743111,0.0944557595891293,0.0604662088666041,0.510680525501569,0.870736241340637,-0.291850703976136,-0.0601133791804328
YLR137W,0.093815378844738,-1.0320508480072,0.0132814123997506,0.0613362154362161,0.0707033202052116,0.122339577724536,-1.15056019139483,-0.912433042698559
YLR138W,0.191071063280106,-0.721083760261536,0.0195584532419079,0.0445365708083572,0.158142719045281,0.227391542121768,-0.800950799645067,-0.643225693455801
YLR139C,0.0686590820550919,-1.16595065593719,0.00757618708893585,0.0480488510229471,0.0555345423519611,0.0833207348361611,-1.25543680598897,-1.07924691105052
YLR141W,0.0590698346495628,-1.23286712169647,0.00831579068011278,0.0605188985763323,0.0447980084456503,0.0775160729885101,-1.34874129966286,-1.11060824040105
YLR142W,0.0315048955380917,-1.50562274456024,0.00425963861891787,0.0592064296618611,0.0237582969168822,0.0400927020547291,-1.62418469998028,-1.39693467346125
YLR143W,0.202348470687866,-0.696238875389099,0.0209602594922206,0.0451640257525926,0.165928632890185,0.241108295073112,-0.780078665320897,-0.617787851583018
YLR144C,0.175746336579323,-0.757478833198547,0.0183236170850694,0.0453516521748684,0.145039615035057,0.209668549026052,-0.838513363713048,-0.67846671393565
YLR146C,0.252003729343414,-0.602392911911011,0.0335433321719119,0.0573951637979897,0.194489821791649,0.323822977890571,-0.711103121615317,-0.489692361571146
YLR150W,23.4194278717041,1.36588096618652,3.06029805022141,0.0567599941964586,18.0861149628957,29.69989473025,1.25734528267442,1.47275490080365
YLR151C,0.0909824520349503,-1.0450404882431,0.0123811675244143,0.0589581661069647,0.0694734305143356,0.116961368359625,-1.15818125565765,-0.931957559507068
YLR163C,0.441502153873444,-0.3576300740242,0.0479212807726391,0.0472425613407454,0.358912261078755,0.533041672905286,-0.445011707575673,-0.273238846543782
YLR165C,0.0330122038722038,-1.49128115177155,0.00716314041480052,0.0929437579694874,0.0212622804722438,0.0493653172627091,-1.67239015743582,-1.3065780699165
YLR166C,0.194283559918404,-0.713781237602234,0.0195988246069711,0.0439427586979035,0.161287806803981,0.228971403837204,-0.792398468355994,-0.640218757514548
YLR168C,0.128863871097565,-0.901075959205627,0.0298845857440059,0.0983925764194153,0.0808691909536719,0.198118794461092,-1.09221690546931,-0.703074559226366
YLR172C,2.10786652565002,0.320430994033813,0.264562797062286,0.0544949295864865,1.64668625593185,2.65292280316353,0.216610859791612,0.423724612662493
YLR174W,0.00181565072853118,-2.78281211853027,0.000791837061281771,0.196373821576745,0.000591578194871545,0.00373256369493902,-3.22798784214893,-2.42799277245102
YLR175W,3.33109402656555,0.520191490650177,0.349295363246963,0.0456894851162308,2.72598644097646,3.97724323272705,0.435523687060363,0.599582151474507
YLR176C,0.0751563906669617,-1.12667369842529,0.00826453832454162,0.047983161329431,0.0609222918748856,0.0908523331085841,-1.21522376975181,-1.0416639263007
YLR177W,0.0529397279024124,-1.2795512676239,0.00655689175973597,0.0539233364620424,0.0413806214928627,0.0663341990361611,-1.38320299098073,-1.17826251156783
YLR181C,0.334636121988297,-0.478692829608917,0.0409723206525521,0.0533832262721831,0.26316050713261,0.416319304456313,-0.579779288962703,-0.380573452213572
YLR182W,0.240373507142067,-0.621443450450897,0.0248489766388529,0.0450781534655992,0.197699174284935,0.285430959860484,-0.703995144567184,-0.544498938907535
YLR183C,0.349899142980576,-0.458600014448166,0.0377824764448039,0.0470863633469648,0.283025019119183,0.422049353768428,-0.54817517293195,-0.374636760406188
YLR187W,0.209959641098976,-0.680081784725189,0.0211614746219479,0.043970859572297,0.173630534360806,0.248403116812309,-0.760373898191416,-0.604842959541853
YLR188W,0.167652472853661,-0.778060734272003,0.0178596377459274,0.0463799270878025,0.1367092076689,0.201848358040055,-0.864202234877966,-0.694974781992868
YLR189C,0.0909438207745552,-1.04354047775269,0.00936805343873282,0.0448979827327806,0.074732911773026,0.108223021092514,-1.12648810159673,-0.96568034676024
YLR190W,0.373753249645233,-0.43004634976387,0.0410815529367906,0.0478845137396452,0.301005983104308,0.452949896951517,-0.52142488368618,-0.343949841772739
YLR191W,0.133772879838943,-0.876621901988983,0.0157088371893293,0.0509860078421285,0.106358411535621,0.165666744112968,-0.973228158778517,-0.780764662961218
YLR192C,4.73991298675537,0.67195987701416,0.628766441206093,0.057602900818965,3.6461655875047,6.04903976519903,0.561836387500794,0.781686439430053
YLR194C,0.658338963985443,-0.18650384247303,0.0997637179393315,0.0656442398296358,0.487258896976709,0.873197518785795,-0.312240225034444,-0.0588875076891876
YLR195C,0.802082717418671,-0.0982009246945381,0.0845256512395465,0.0459200879025392,0.654556810855865,0.961500303447247,-0.184052653818376,-0.0170505780088097
YLR196W,0.97613537311554,-0.0129214432090521,0.103038696820603,0.0460565233835331,0.795316731929779,1.16643657883008,-0.0994598835280706,0.0668611208477878
YLR197W,4.37277460098267,0.638370454311371,0.457518619304387,0.0455966115841836,3.6038437684377,5.21840346654256,0.556765954699078,0.717537653417655
YLR199C,0.32839646935463,-0.487526476383209,0.0442738859208788,0.0584154455908419,0.252772089838982,0.417694350828727,-0.597270892843164,-0.379141479652427
YLR201C,0.301233649253845,-0.525777339935303,0.0443831854770838,0.0638078918862136,0.222656220197678,0.393894391258558,-0.652365167769256,-0.404620210866393
YLR206W,0.612380266189575,-0.21535861492157,0.0640070681217304,0.0455286495041129,0.502576154470444,0.730840579171975,-0.298798121079591,-0.13617734722606
YLR208W,2.52194881439209,0.398192882537842,0.324063263803022,0.0554132079372236,1.97415661811829,3.20379549066226,0.295381604101791,0.505664785111773
YLR209C,0.415654242038727,-0.384540915489197,0.0510302158063746,0.0534125863210647,0.326917700966199,0.515707407395045,-0.485561569311845,-0.287596631833889
YLR211C,0.148398533463478,-0.837999105453491,0.0312270186157476,0.0904988887143006,0.0972419268762072,0.217734026908875,-1.0121464483455,-0.662073724228804
YLR212C,0.184348553419113,-0.737060010433197,0.0205471811876854,0.0484716348003242,0.148861333727837,0.224021843944987,-0.827218094251544,-0.649709632402153
YLR213C,0.0376134403049946,-1.42895722389221,0.00529409498008829,0.0612181951611843,0.0282321117352694,0.0485884882509708,-1.54925663724644,-1.3134666130686
YLR214W,1.57427763938904,0.194820135831833,0.16023327556923,0.0444159184397733,1.3037671426932,1.85877995491028,0.115200009363627,0.269227979049082
YLR215C,0.169003650546074,-0.77579939365387,0.0220589618326632,0.0567325512000109,0.130884471659859,0.21464725608627,-0.883111973483202,-0.66827466133067
YLR216C,4.25274133682251,0.625847041606903,0.484727900141471,0.0495625857229802,3.39922104080518,5.20346747239431,0.53137936837207,0.716292820537761
YLR219W,0.224761575460434,-0.650679171085358,0.0235762648160713,0.0457641254586704,0.183629128833612,0.267080215116342,-0.736058426236353,-0.573358283261882
YLR220W,0.4474196434021,-0.352308303117752,0.0526433242552775,0.0513792045664068,0.352530457824469,0.549645295739174,-0.452803356502625,-0.259917491712621
YLR222C,0.618272066116333,-0.211015403270721,0.0620531578227218,0.0437159792891762,0.513210296630859,0.729424693683783,-0.289704638881082,-0.137019540143813
YLR223C,0.184487551450729,-0.736298024654388,0.0187975477426635,0.0444386971865049,0.152632137263815,0.218497426435351,-0.816354036219214,-0.660553675859058
YLR225C,0.374920099973679,-0.428773939609528,0.0418921237645072,0.0485889729378007,0.302601233869791,0.457712640613318,-0.519129345398105,-0.339407155656156
YLR226W,0.156232357025146,-0.809197247028351,0.0182613052420795,0.0508373367997233,0.124574013861517,0.191862103591363,-0.904572542910949,-0.717010798380873
YLR227C,0.0142888398841023,-1.85045981407166,0.00226408910935519,0.0690233781476459,0.0103160347323865,0.0190417035638044,-1.98648720598067,-1.72029420013238
YLR231C,0.723037481307983,-0.143436804413795,0.0790524241798917,0.047557768236864,0.58939708173275,0.872814893722534,-0.229592022646996,-0.0590778516689572
YLR234W,0.0372395627200603,-1.43193197250366,0.00433435880609629,0.050572532641465,0.0296502877026796,0.0459293276071549,-1.52797108823294,-1.33790992271062
YLR238W,0.0848909839987755,-1.07419466972351,0.0100863733690072,0.0515460436923929,0.0676433164005478,0.105437275829415,-1.16977511144673,-0.977005827259288
YLR239C,0.130276888608932,-0.889566481113434,0.0185653136907739,0.0622612745136477,0.0974171991770466,0.167619317770004,-1.0113644151166,-0.775675931305652
YLR240W,0.100752383470535,-0.999212086200714,0.0107304745588584,0.0463358600280068,0.0822647774592042,0.121384197970231,-1.08478609535092,-0.915837849601921
YLR241W,0.231238156557083,-0.638222932815552,0.0236910992835994,0.0445899805099455,0.191128194332123,0.275268813222647,-0.71867524314027,-0.560242993633218
YLR242C,0.0629395246505737,-1.20623636245728,0.00969622134221433,0.0671261793131565,0.0457612797617912,0.0828494366879265,-1.33950183854824,-1.08171044574849
YLR243W,0.410219639539719,-0.391005367040634,0.0559209555029118,0.0591710401424011,0.312485869725545,0.525522460540136,-0.505169628890714,-0.279408719463898
YLR244C,2.90201926231384,0.460005223751068,0.322460566427478,0.0484882134438854,2.34506452480952,3.50607562065125,0.370154796281588,0.544821278921889
YLR246W,0.0231482964009047,-1.64221000671387,0.00408520683825872,0.0766079050324136,0.0160884499860307,0.0321109539829195,-1.79348586737185,-1.49334682412467
YLR248W,0.572931408882141,-0.244234770536423,0.0593706031319494,0.0451228321970055,0.4695089019835,0.684141909082731,-0.328356176531588,-0.164853805241947
YLR250W,1.20580911636353,0.0748200491070747,0.210605094518066,0.074690181103471,0.858149794240793,1.69174570143223,-0.0664369152863222,0.228335081508785
YLR253W,0.117782570421696,-0.931678235530853,0.0132504979766952,0.0490890564351871,0.0944903963555892,0.143242078522841,-1.02461232981422,-0.843929385768434
YLR256W,0.384698212146759,-0.41700741648674,0.0379363018185256,0.0430888832024301,0.319138120859861,0.450104155639807,-0.496021316919042,-0.346686989756871
YLR257W,1.61685585975647,0.205266803503036,0.202684585249202,0.0544300255463124,1.26418137550354,2.03239128788312,0.101809387814539,0.308007190314846
YLR258W,0.458357572555542,-0.341129004955292,0.0474172584456293,0.0451137652895135,0.376396469275157,0.545191599428654,-0.424354467614881,-0.263450847889286
YLR259C,8.460205078125,0.924909293651581,0.900199720951674,0.0464400361475285,6.88059376478195,10.1122316281001,0.837625916327684,1.00484700873388
YLR263W,0.00108010438270867,-2.99115610122681,0.000360402766004747,0.148987172715114,0.000488383164823366,0.00189775669423398,-3.31123933647879,-2.72175952217831
YLR265C,0.0928254872560501,-1.03649318218231,0.0128611849336611,0.0601720552303079,0.0708248103658358,0.119281948109468,-1.14981459114988,-0.923425276611904
YLR270W,0.689604640007019,-0.164470866322517,0.081971447581028,0.0517146925076503,0.54664780497551,0.847755180795988,-0.262292690925309,-0.0717295551270259
YLR272C,0.114450938999653,-0.943621456623077,0.0115942293640202,0.044217330085043,0.0946044143910209,0.135250178600351,-1.02408859827627,-0.868862172805264
YLR273C,0.0184720046818256,-1.73784065246582,0.00262402712636942,0.061549249411495,0.0139427411059539,0.023810777021572,-1.85565183672677,-1.62322643261471
YLR274W,0.301706314086914,-0.522774875164032,0.0313484013549097,0.0453775965956504,0.247425342102846,0.359384321669737,-0.606555825742781,-0.444440873306648
YLR276C,0.764555692672729,-0.119013600051403,0.0807282325347056,0.0459153570278601,0.627649900813897,0.917290450135867,-0.202282537366209,-0.0374931284132256
YLR277C,0.143190607428551,-0.846514165401459,0.0151095439603172,0.0460077617205798,0.116638191913565,0.171785948425531,-0.933159228091693,-0.765012366654889
YLR278C,0.0839478522539139,-1.07825767993927,0.00854723081728538,0.0444853266658424,0.0693102159847816,0.0992548086370031,-1.15920274781609,-1.00324844448171
YLR284C,0.0720837637782097,-1.14900696277618,0.0128406540467307,0.0772709748553825,0.0497629922504226,0.099871728134652,-1.30309355215761,-1.00055743827112
YLR286C,6.59512805938721,0.816887140274048,0.682612406832609,0.045153430525658,5.40308233102163,7.84434852202733,0.732641570131805,0.894556880898578
YLR287C,0.481378257274628,-0.320624470710754,0.0577089641532407,0.0520252233922812,0.379709463814894,0.600421039263408,-0.420548578940184,-0.221544108054065
YLR288C,0.0514372736215591,-1.29264521598816,0.00692564381977361,0.0584626200751298,0.0392515612455706,0.065444721467793,-1.40614306782054,-1.18412539252396
YLR290C,0.211510598659515,-0.679465353488922,0.0315484052584989,0.0646129634718601,0.156637706731757,0.279224298149347,-0.80510368585878,-0.554046794141779
YLR291C,0.657601237297058,-0.185117453336716,0.0782318427731455,0.0518152485059226,0.517572955290477,0.812966942290465,-0.286028429397863,-0.0899271168190391
YLR298C,0.152752280235291,-0.825836420059204,0.0330049018310127,0.092209189296195,0.0988321631525954,0.225663952529431,-1.00510170244538,-0.646538049099787
YLR299W,0.187695160508156,-0.728965878486633,0.019788783153813,0.045905893815868,0.153771996498108,0.225323488314947,-0.813122746938173,-0.647193542664091
YLR300W,3.50530195236206,0.542288780212402,0.371084132822802,0.0460655740517022,2.87487038771311,4.22034744024277,0.45861826692204,0.625348203168957
YLR303W,0.00860142521560192,-2.07569599151611,0.00187985125854255,0.0946768305687656,0.00545717838297909,0.0127556268591434,-2.26303185726531,-1.89429819404811
YLR305C,0.227215602993965,-0.6456578373909,0.0222543658160867,0.0427320964247613,0.190244133397937,0.265626966953278,-0.720688727281359,-0.575727836666632
YLR307W,0.0132966004312038,-1.88832032680511,0.00315429016393429,0.102664516542895,0.00815113954401265,0.0204271219360332,-2.08878167964262,-1.68979297616023
YLR308W,0.00161235977429897,-2.86406803131104,0.000921321023501696,0.26056130525128,0.000353880087641301,0.00394279221460844,-3.451144159775,-2.40419613813209
YLR309C,0.216462165117264,-0.666860580444336,0.0219580906698247,0.0442368085039222,0.179273471236229,0.255269113679727,-0.746483972279045,-0.593001730034748
YLR310C,0.13856166601181,-0.860512971878052,0.0137443383667002,0.0433720255559849,0.114355593919754,0.162569224834442,-0.941742586310661,-0.788961665073919
YLR314C,1.50784659385681,0.175817564129829,0.162919422046681,0.0470356572262871,1.22838709155718,1.8180031289657,0.0893352425200989,0.259594546236427
YLR316C,0.106805093586445,-0.975323855876923,0.0143589998706413,0.0583823642810496,0.0818358890712261,0.136451090996464,-1.08705619539837,-0.865022999659852
YLR318W,0.00858754012733698,-2.07025718688965,0.00118492287636369,0.0600065164485676,0.0064689435181208,0.0111468857852742,-2.18916664087828,-1.95284654438289
YLR319C,0.180968999862671,-0.74476683139801,0.0188589828865952,0.0454684749534324,0.148239358266195,0.216475382447243,-0.829036476133624,-0.664591484415476
YLR321C,0.507307469844818,-0.297480165958405,0.0570775375747162,0.0489454504933585,0.40746803060174,0.619326997299989,-0.389906508919673,-0.208079988863078
YLR323C,0.115286573767662,-0.945110857486725,0.0207309034119839,0.0773021187386823,0.0798547191545367,0.162106118351221,-1.09769944165989,-0.790200630934668
YLR324W,0.2647445499897,-0.579632461071014,0.0281794545309036,0.0462688479367028,0.216086626052856,0.318060677001874,-0.66537211146559,-0.497490022622275
YLR328W,0.416432529687881,-0.383119493722916,0.0461302998267918,0.0481531869524051,0.336757753541072,0.506187175710996,-0.472682397630842,-0.295688870170283
YLR329W,0.00422933092340827,-2.4210684299469,0.00196652049302968,0.208443512193597,0.00131177267467137,0.00898025841452181,-2.88214218383493,-2.04671116765308
YLR330W,0.775251567363739,-0.112811535596848,0.0789014350961171,0.0443101756623907,0.642705244819323,0.916217943032583,-0.19198815902996,-0.0380012073717314
YLR335W,0.926877617835999,-0.0352466963231564,0.0945725073120485,0.0444593276446455,0.765828433136145,1.09687917431196,-0.115868513702522,0.0401587908407837
YLR336C,0.284128487110138,-0.548832297325134,0.029499556871244,0.0452088462238143,0.234694987535477,0.336988543967406,-0.629496185684447,-0.472384863252468
YLR340W,26.849365234375,1.42603242397308,3.10800616167751,0.0502796757361522,21.4173806031545,33.0198381741842,1.33076633213647,1.51877493501106
YLR341W,0.00142531294841319,-2.87747836112976,0.00053941799130689,0.167925668336911,0.000595650406224498,0.0026714981358964,-3.22500878348826,-2.57324518903241
YLR343W,0.00111859478056431,-2.98756980895996,0.000462163023381486,0.18040253551577,0.000432708463389038,0.00224755437035734,-3.36380471138282,-2.64828979892269
YLR345W,0.158498674631119,-0.802556216716766,0.0172404144592534,0.0474531142729683,0.127710657939315,0.190731250370542,-0.893772873932424,-0.719578144186234
YLR347C,0.983351826667786,-0.00951069407165051,0.0991948562672268,0.0439702175352315,0.815872391561667,1.16538636386395,-0.0883777633246994,0.0664699199754296
YLR348C,0.722962617874146,-0.144227713346481,0.0898035571129647,0.0539353300004253,0.564960412184397,0.906503200531006,-0.247981986902638,-0.0426306582309091
YLR357W,0.279404580593109,-0.556020259857178,0.0283781654870979,0.0443277460673032,0.230488203962644,0.330629419287046,-0.637351310587957,-0.480658510147963
YLR359W,2.44951415061951,0.386577576398849,0.262839734960324,0.0466866708463874,1.99277755320072,2.95525551637014,0.299458820832062,0.470595036527887
YLR360W,0.0829500630497932,-1.08444559574127,0.0101699796907001,0.0532832172980086,0.0651171006883184,0.103629536926746,-1.18630494487477,-0.984516442505664
YLR361C,0.145245522260666,-0.840703248977661,0.0164592353510369,0.0494881909803416,0.116258953077098,0.177142546201746,-0.934573593080412,-0.751677121742354
YLR362W,0.133557975292206,-0.876863479614258,0.014384592144089,0.0470177914406187,0.108328039882084,0.160893976688385,-0.965259115782906,-0.793460214073509
YLR368W,0.050932914018631,-1.29596924781799,0.00594447531939376,0.0508274798686519,0.0404436811804771,0.0625999649986625,-1.39314932183454,-1.20342604821546
YLR369W,0.235219895839691,-0.631025373935699,0.0251835589106866,0.0466731738290366,0.191449916362762,0.282315611839294,-0.717944819125597,-0.549265105033434
YLR372W,2.26724123954773,0.352688491344452,0.257981606133651,0.0494475226897544,1.82313437859217,2.7742983241876,0.260818679709394,0.443153158022275
YLR373C,0.118058145046234,-0.93030458688736,0.0123916652046711,0.0457458394300616,0.0969631001353264,0.140913555150231,-1.01339350755339,-0.851047273520893
YLR375W,0.21020969748497,-0.680589914321899,0.0257409620861658,0.0530974222753518,0.16563504015406,0.263490445911884,-0.780847815302644,-0.579235127762508
YLR376C,0.0293028466403484,-1.54841017723083,0.00781696115839248,0.116020033813603,0.0165531485807151,0.0467734281904996,-1.78111938870858,-1.33000082903528
YLR378C,1.98962211608887,0.296358466148376,0.209300168030376,0.0458594394948204,1.63557178576787,2.37871138056119,0.213669610163725,0.376341750387953
YLR383W,0.0742141678929329,-1.13202631473541,0.00796241322549577,0.046797892610379,0.0606868115564187,0.0887784389778972,-1.21690571905759,-1.05169250590695
YLR386W,0.220820292830467,-0.658336579799652,0.0230333998552918,0.0455012868328199,0.181288575505217,0.262756279607614,-0.741629607038519,-0.580446897419995
YLR387C,0.723808646202087,-0.143155053257942,0.0817554668877401,0.0492119177927928,0.578486342231433,0.881391754249732,-0.237706926626836,-0.0548310206216275
YLR390W-A,7.68168592453003,0.879871785640717,1.24395836853085,0.0695253156690571,5.54827738205592,10.454221979777,0.744158143674223,1.01929171730353
YLR392C,0.0819662809371948,-1.08945393562317,0.00975366247154732,0.0519107210843487,0.0646484841282169,0.101587535627186,-1.18944165399882,-0.993159577443663
YLR393W,0.126978129148483,-0.90195244550705,0.020608492348063,0.0703461354654898,0.0915470407654842,0.171441980823875,-1.03835568959376,-0.765882844191553
YLR394W,0.00252142827957869,-2.62278985977173,0.000847206658065975,0.147514289400196,0.00119179868003509,0.00447240027521427,-2.92379711013764,-2.34945946981796
YLR396C,0.128993779420853,-0.891865015029907,0.0136313390960322,0.0460447278023733,0.105736586637795,0.15472154704233,-0.975774736075847,-0.810449205330565
YLR397C,0.344752013683319,-0.464723378419876,0.0348357018073322,0.0441050672152192,0.28481179724137,0.407166561981042,-0.545442037036061,-0.390227895072045
YLR398C,0.352136999368668,-0.455407530069351,0.0346729449609472,0.0429913802591895,0.292321909467379,0.414117117722829,-0.534138641084317,-0.382876821250427
YLR399C,0.856020331382751,-0.0699345394968987,0.0900974216950161,0.0459280958126965,0.701342225074768,1.01650322079659,-0.154070013140394,0.00710875301891558
YLR401C,0.369775265455246,-0.434402287006378,0.0382572061463576,0.0451864119175473,0.302568553884824,0.43930971622467,-0.519176222831724,-0.357229191325858
YLR403W,0.281344324350357,-0.55311793088913,0.0292623017875172,0.0453184057160759,0.231627628207207,0.336174536993106,-0.635209639839645,-0.473435189470678
YLR404W,0.128210961818695,-0.896608173847198,0.0185976714806894,0.0627649510230852,0.0964915024737517,0.16811517427365,-1.01551093704269,-0.774393085304108
YLR405W,0.143670007586479,-0.845765113830566,0.0172608842263859,0.0522201843725327,0.11353622811536,0.177553051461776,-0.944865537967055,-0.750671859555581
YLR409C,0.539815306663513,-0.269904911518097,0.0536018238610302,0.0432804274954262,0.449200327446063,0.634631709257762,-0.347559935961202,-0.19747823347646
YLR410W,0.878010869026184,-0.0586864612996578,0.0878924634529265,0.0436751551944464,0.726154637833436,1.03395205239455,-0.138970884526623,0.0145003979939914
YLR412W,0.0983867794275284,-1.01368057727814,0.0172572283425768,0.0759143265541653,0.0686174556612968,0.136323929826419,-1.1635653896425,-0.865427931471945
YLR414C,0.567594826221466,-0.250744998455048,0.0848909122361074,0.0643993897842569,0.422196130951246,0.757808405657609,-0.374485767148547,-0.120440582977501
YLR418C,0.612854242324829,-0.215508982539177,0.0704457094055041,0.0499455735955946,0.491543352603912,0.749756390849749,-0.308438172712102,-0.125079842116719
YLR424W,0.0714724510908127,-1.14840626716614,0.00771994593689826,0.0471175964379152,0.0579547920264304,0.0865152546515068,-1.23691066022962,-1.06290731767071
YLR426W,0.136178523302078,-0.869923233985901,0.018596924217342,0.0592186408526288,0.103466175496578,0.175487880284588,-0.985201603792327,-0.755752873482976
YLR427W,0.143220573663712,-0.846544504165649,0.0155210909571878,0.0471251365325415,0.116890154778957,0.172879356518388,-0.932222066299503,-0.762256863127086
YLR430W,0.176045447587967,-0.756410598754883,0.0169947747269622,0.0421282620573067,0.147752836346626,0.205115988850594,-0.830464173405318,-0.688000484931783
YLR431C,0.0343807116150856,-1.46762096881866,0.00463857619287288,0.0585149513315351,0.0262775663286448,0.043990263560166,-1.58041485901264,-1.3566434519517
YLR433C,0.303553134202957,-0.520378708839417,0.0332962616177471,0.0476928165143543,0.246500225489338,0.369431734581789,-0.608182707680943,-0.432465965045094
YLR438W,2.42108368873596,0.381415069103241,0.26447557948473,0.047541705036928,1.96204835772514,2.93608832359314,0.292709703937862,0.467769115914389
YLR439W,0.272744566202164,-0.567638695240021,0.034145718111154,0.0543278208030981,0.213921368122101,0.340753048658371,-0.66974583256723,-0.467560249918572
YLR440C,0.252233922481537,-0.600555837154388,0.0262846294430502,0.0453032213815184,0.2074551080664,0.302211336791515,-0.683075874617932,-0.519689248359316
YLR442C,0.111375145614147,-0.955575883388519,0.011596027782588,0.0454086436768338,0.0913578534498811,0.132814168930054,-1.03925411977659,-0.876755590932679
YLR443W,0.0582975037395954,-1.23786509037018,0.00739483099044096,0.0554023811544886,0.045016412374874,0.073190700262785,-1.34662912487214,-1.13554409830343
YLR446W,0.045335166156292,-1.34758937358856,0.00619751313551127,0.0591511952076405,0.0347529470299681,0.058576097774009,-1.45900836164059,-1.23227971780038
YLR447C,2.85264325141907,0.452501714229584,0.320397400652983,0.0489271756694913,2.28816294670105,3.45726704597473,0.359486948588336,0.538732924962477
YLR450W,0.259415358304977,-0.588152170181274,0.0257200242439671,0.0432895960231908,0.21605033526818,0.304273638377587,-0.665445055416589,-0.516735672380793
YLR452C,0.442977875471115,-0.355908989906311,0.0454053927558556,0.0446635651137872,0.364423375825087,0.526348561545213,-0.43839377322454,-0.27872656727707
YLR453C,0.0274270325899124,-1.56739223003387,0.00439390577063836,0.0697809465410696,0.019683500037839,0.0366383113898337,-1.70589767472106,-1.43606457193148
YLR455W,0.250173419713974,-0.605422735214233,0.0325451245419798,0.0564718692173484,0.193133854990204,0.317114344487588,-0.714141592017377,-0.4987841455358
YLR459W,0.275940507650375,-0.562118232250214,0.0320648684945569,0.0505667083785725,0.220263687521219,0.33868022536238,-0.657057114877938,-0.470210159955831
YML130C,0.741130888462067,-0.13254651427269,0.0785179418962165,0.0461014609837542,0.607984445989132,0.889899877707164,-0.216107637326582,-0.0506588595501315
YML128C,0.124569527804852,-0.907308518886566,0.0139115612948845,0.0487185560163547,0.0999999520058433,0.151486754417419,-1.00000020852196,-0.819625339009251
YML127W,0.376313894987106,-0.426844865083694,0.0394699129418805,0.0456936177325705,0.30764627456665,0.449875891208649,-0.511948339620134,-0.346907279996459
YML121W,0.256836146116257,-0.594095289707184,0.0337116122123014,0.0572250323693178,0.196406333769361,0.325657188892365,-0.706844513135988,-0.487239330320163
YML120C,0.340770572423935,-0.470198422670364,0.0376607254443497,0.0481519176937468,0.276478137075901,0.412434814373652,-0.558339206283073,-0.384644684499864
YML117W,0.258048176765442,-0.590483665466309,0.0257845611866232,0.0436688802000213,0.213263064622879,0.302641702443361,-0.671084354205795,-0.519071228824504
YML116W,0.0604795478284359,-1.22148036956787,0.00720413885656996,0.051866682280562,0.0475993967304627,0.0746976874147852,-1.3223986011581,-1.12669284370313
YML115C,0.823270201683044,-0.0869164764881134,0.0874658598884046,0.0462932146197993,0.67287802696228,0.98791914532582,-0.172063653484919,-0.0052786004730594
YML114C,0.118464902043343,-0.929075002670288,0.0131119308017784,0.0481810224486389,0.0954567518706123,0.143966775263349,-1.0201933683672,-0.841737727270006
YML113W,0.538520216941833,-0.273411095142365,0.0788126927885062,0.0633109242423463,0.402936835338672,0.701867811878522,-0.394763029512759,-0.153744674179046
YML112W,0.23223252594471,-0.637732446193695,0.0302523637686844,0.0563205852303507,0.180147603154182,0.295368381589651,-0.744371511747559,-0.529636011593387
YML111W,0.168417096138,-0.775880575180054,0.0171520938646588,0.0444733263885844,0.139439692224065,0.199333273867766,-0.855613586295428,-0.700420215287997
YML109W,0.126509636640549,-0.900188267230988,0.0130190688542058,0.0448861861475787,0.104149625760814,0.149815846979618,-0.982342286340073,-0.824442255476489
YML107C,0.10811223089695,-0.969983816146851,0.014467071275734,0.0578851027274398,0.0836171135306358,0.13840997753044,-1.07770482840667,-0.858832620884469
YML106W,3.30782890319824,0.512570261955261,0.600209659463286,0.0776625536273309,2.31994311412176,4.6578194419543,0.365477332356767,0.668182642544435
YML105C,0.954222679138184,-0.0241437721997499,0.126574384166693,0.0574126451885502,0.736111930509408,1.22410344481468,-0.133056147062912,0.0878181020347995
YML103C,0.39449080824852,-0.406057327985764,0.0386361171752521,0.0427431270796438,0.329808086156845,0.462901469071706,-0.481738700631322,-0.334511440937172
YML102W,0.205526560544968,-0.689965307712555,0.0234252704065641,0.0497298754002794,0.163970511158307,0.251648942877849,-0.785234249946629,-0.599204890269138
YML100W,0.795153617858887,-0.101742282509804,0.0796185775094979,0.0437550971242302,0.657923460503419,0.935330538451672,-0.18182462769409,-0.0290348857568756
YML099C,0.0504864118993282,-1.29973530769348,0.00584364838134495,0.0503240276467176,0.0404559494927526,0.0618606789968908,-1.39301760314505,-1.20858531766882
YML097C,0.212765842676163,-0.674948811531067,0.0243334942834241,0.0498677700374152,0.170675501227379,0.2594562523067,-0.767828813070015,-0.58593587332154
YML096W,0.128391310572624,-0.894273340702057,0.0145632691847896,0.0495052263792294,0.102729070497056,0.156063755229116,-0.988306644331007,-0.806697952148229
YML093W,0.628118515014648,-0.204178899526596,0.0633205808166712,0.0440041108958417,0.518542699019114,0.740283686419328,-0.285215476332131,-0.130601823110062
YML092C,1.58001041412354,0.193623870611191,0.241869402224307,0.0661456520473569,1.15937879184882,2.09181482394536,0.0642253475743951,0.320523228473154
YML087C,0.0131937451660633,-1.89175021648407,0.00310012575079877,0.103506281269076,0.0078274018674468,0.0199359233491123,-2.10638237135847,-1.70036365097118
YML086C,1.11409246921539,0.0444914065301418,0.117644088086144,0.0460092115830782,0.911253273487091,1.33372489313285,-0.0403608985589328,0.125066257048704
YML083C,0.00241380161605775,-2.6482036113739,0.000910243761173982,0.166721850190301,0.00100683155081545,0.00464759987856572,-2.99704370173361,-2.33277132627319
YML082W,0.150979205965996,-0.823529899120331,0.0159875978508563,0.0461926466148252,0.123174598502616,0.180927355711659,-0.909478866489492,-0.74249579564552
YML080W,0.2411749958992,-0.620468080043793,0.0273825315081482,0.0493813172506143,0.193662768354019,0.294878094395002,-0.712953864996041,-0.530357494874365
YML075C,0.32281106710434,-0.493204742670059,0.0320734555740536,0.0433088653865941,0.268648608028889,0.380647558470567,-0.570815405387103,-0.41947695316654
YML074C,3.67064023017883,0.562120258808136,0.402823338270314,0.0477852361680436,2.9730154355367,4.43620637257894,0.473197114283502,0.647011739201376
YML072C,1.1999603509903,0.0771068632602692,0.116629100627554,0.0423699481399881,1.00281941890717,1.39930706123511,0.00122273518104464,0.145913024793475
YML071C,0.188209295272827,-0.727806091308594,0.0199656757949838,0.0461419322458104,0.154519204298655,0.225873969619473,-0.811017568010175,-0.646133851384794
YML069W,1.36654019355774,0.133244782686234,0.142718774843976,0.045530439346869,1.11920939485232,1.62896551092466,0.0489113359971108,0.211911888108423
YML067C,0.646866023540497,-0.192386865615845,0.078554818823357,0.0528062445488181,0.506781614820162,0.806187923749288,-0.295179154708859,-0.0935637814353955
YML066C,0.00144768692553043,-2.90822839736938,0.000813109637563686,0.256164339913933,0.000338836778488864,0.0033709550392814,-3.47000946969543,-2.47224723222522
YML065W,0.175608366727829,-0.757783234119415,0.0181536172436421,0.0450294853922948,0.144435882568359,0.208625973388553,-0.84032490049534,-0.680631624368774
YML062C,0.217121466994286,-0.666277706623077,0.0254446998977179,0.0509357806292941,0.17214466817677,0.266778290271759,-0.764106424209405,-0.57384952101476
YML061C,0.117303587496281,-0.933033883571625,0.0121655360910245,0.0452028201905848,0.0959140956401825,0.13949256837368,-1.01811756374795,-0.855448929348768
YML060W,0.202528104186058,-0.696493446826935,0.0237688530717049,0.0509068970372743,0.161740466952324,0.250713956852754,-0.791181307395028,-0.60082149504668
YML057W,0.309610962867737,-0.511633992195129,0.0328509662298505,0.0462018293593186,0.253488157689571,0.373145384589831,-0.596042325467504,-0.428121960703925
YML054C,0.00865682866424322,-2.07045722007751,0.00163581946042789,0.0829272917483649,0.0057261939238136,0.0122577279262866,-2.24213412046952,-1.91159002259055
YML052W,1.21139895915985,0.0797867402434349,0.153931626052936,0.0552027581525556,0.946521534025669,1.52220702171326,-0.023869501085284,0.182473720945466
YML051W,0.0523359626531601,-1.28519809246063,0.00713274258316419,0.0589139158316379,0.039946499094367,0.0675480090081692,-1.39852129655232,-1.17038749513355
YML050W,0.0655250176787376,-1.18919956684113,0.0105675906975754,0.0698782238485267,0.0469607188366353,0.0880797976007064,-1.32826569715559,-1.0551236920245
YML047C,0.00156193505972624,-2.86544585227966,0.000811113076270108,0.235305591699683,0.000426606129379555,0.00353658225115699,-3.36997317226076,-2.4514162729034
YML046W,0.131874442100525,-0.882571280002594,0.0147879734695353,0.0487920246187149,0.106340944766998,0.160756716132164,-0.973299485593484,-0.793830917023436
YML043C,0.0322437770664692,-1.49538433551788,0.0042806733766162,0.0578188116262551,0.0246178959341099,0.0410546801673869,-1.60874906940985,-1.38663732953866
YML041C,0.103672176599503,-0.989698052406311,0.0163745781260279,0.0682310193601377,0.0757486596703529,0.138744225973884,-1.12062504735265,-0.857785140122391
YML038C,0.168965727090836,-0.775129914283752,0.0196370025977641,0.0504754860969424,0.135039863735437,0.208694230392575,-0.869538023240837,-0.68048955767955
YML037C,0.0494394525885582,-1.31019949913025,0.00693630375211141,0.0610467251303976,0.0372892897576094,0.0638679932802916,-1.4284159195263,-1.19471673461088
YML035C,0.528669059276581,-0.279104322195053,0.0541848064712063,0.0446373334728645,0.435959885021051,0.628499022126198,-0.360553471367232,-0.201695393691016
YML034W,0.278361409902573,-0.557701170444489,0.0286127694591932,0.044920014259943,0.228978827595711,0.329444735248884,-0.64020467260966,-0.482217441848495
YML032C,0.152574017643929,-0.819363474845886,0.0174185702197501,0.04981564419969,0.121677020564675,0.185976364463568,-0.914791455583197,-0.730542248182808
YML031W,0.356444031000137,-0.450405806303024,0.0374044930659733,0.0457096732982991,0.29379865527153,0.425049577653408,-0.531950196324832,-0.3715604414788
YML027W,0.27901890873909,-0.55700808763504,0.0307233197997839,0.0479823825224383,0.225382822255294,0.338693478206794,-0.6470792228973,-0.47019316777646
YML025C,0.389571875333786,-0.413148790597916,0.0510555251358537,0.057082375299911,0.300353949517012,0.49178014844656,-0.522366652938107,-0.308229009354556
YML023C,0.0411302857100964,-1.38914859294891,0.00507548607089373,0.0537140130116178,0.0320956222712994,0.051447283787032,-1.49355419977806,-1.28863754935071
YML021C,0.275827884674072,-0.56247353553772,0.033068541943956,0.05204822156456,0.218172708153725,0.343547540903091,-0.661199587265536,-0.464013156584985
YML019W,0.350315392017365,-0.458926379680634,0.0438989818910597,0.0542086902281255,0.275709239641825,0.439787908395132,-0.559548679780166,-0.35675676102316
YML018C,0.26052063703537,-0.586969792842865,0.0296250499769435,0.0494844646608126,0.209073555096984,0.317707072198391,-0.679700895944242,-0.497973120517837
YML017W,0.917702853679657,-0.0396279096603394,0.0949793274795396,0.0450377214468669,0.756021352608999,1.09385721584161,-0.121465942018091,0.0389606312682056
YML015C,0.169901549816132,-0.773185193538666,0.0212082697697197,0.0542763599225599,0.132477898895741,0.212383137643337,-0.87785658918719,-0.672879970327856
YML014W,0.382712721824646,-0.420960783958435,0.0508155019493319,0.0578418570161861,0.291049536069234,0.488794538875421,-0.5360331531406,-0.310873656130566
YML013W,0.252251654863358,-0.600678980350494,0.0270812159054037,0.0467845794680082,0.205370917916298,0.302879482507706,-0.687461055785952,-0.518730145404314
YML010W,1.26323461532593,0.0992672145366669,0.127203489067139,0.0439719291719922,1.04569243192673,1.4871163080136,0.0194038246061117,0.172344936172479
YML007W,0.387836664915085,-0.413646429777145,0.0398535822676401,0.0446995567224659,0.321181162446737,0.461164512981971,-0.493249936037413,-0.33614411954412
YML006C,0.0882626548409462,-1.05663228034973,0.00927756922535705,0.0458157382772966,0.0722072093437115,0.105612357519567,-1.14141943942738,-0.976285277720839
YML005W,0.1328144967556,-0.879667103290558,0.0153888632369922,0.0503190722822758,0.106208398627738,0.164121374487877,-0.973841162683904,-0.784834854549381
YML004C,1.76613223552704,0.244000151753426,0.209093136873317,0.0512257888931008,1.40653581023216,2.20004320144653,0.148150754119534,0.3424312089884
YML003W,0.0314129553735256,-1.51165354251862,0.00633874970987139,0.0874758922412906,0.0205282497219741,0.0454210681219896,-1.68764807953622,-1.34274269677287
YMR001C,0.309703797101974,-0.511435508728027,0.0323781472643067,0.0455634416653283,0.254477470864852,0.369683223714431,-0.59435066349145,-0.43217025786225
YMR004W,0.308624297380447,-0.513122737407684,0.0334365072141977,0.0471424776306864,0.25044605905811,0.372586784263452,-0.601285811917123,-0.428772565586681
YMR010W,0.268133878707886,-0.574404239654541,0.0301615769170025,0.0490184460336754,0.214038289835056,0.327095726380746,-0.669508527853221,-0.485325130282225
YMR013C,0.0739227905869484,-1.13412010669708,0.00853325609474261,0.0502449820571301,0.0590071126818657,0.0906001170476278,-1.22909566431258,-1.04287124177247
YMR014W,0.4254350066185,-0.37370577454567,0.0459558756561835,0.0470153971026632,0.347621141870817,0.511594777305921,-0.458893833056902,-0.291073901030054
YMR016C,0.207695171236992,-0.684964179992676,0.0217608876394451,0.0456500306405571,0.170277684926987,0.247610071177284,-0.76884226306543,-0.606231695152852
YMR018W,0.000474485248560086,-3.40789365768433,0.000294078384365513,0.283536740817788,9.2433058853203e-05,0.00118892476893961,-4.03417276247414,-2.92484562516943
YMR020W,0.0694886669516563,-1.16094136238098,0.00795244166668496,0.0499283923228981,0.0554420609648029,0.0847088359917204,-1.25616065718898,-1.07207128777633
YMR021C,0.110009156167507,-0.961539924144745,0.0128602661553912,0.0508643076302174,0.0870093770946066,0.135798796390494,-1.06043400200347,-0.867104088893089
YMR025W,0.0520822890102863,-1.28999984264374,0.00920120242294337,0.0762780043160748,0.0365037757903337,0.072445712176462,-1.437662235251,-1.13998739979363
YMR026C,0.0808980017900467,-1.095623254776,0.0103447247134898,0.0557223525107549,0.0623508824966848,0.101600825972855,-1.20515758035911,-0.993102763576682
YMR027W,1.09160709381104,0.0356565713882446,0.114818497398603,0.0458139011364278,0.895259553690751,1.30549437801043,-0.0480510374365004,0.115775004397316
YMR028W,0.209503397345543,-0.682022929191589,0.0254949594752089,0.0529265148542205,0.163850858807564,0.26154552573959,-0.785551277965411,-0.582452711761887
YMR029C,0.183114215731621,-0.739947259426117,0.0203225597186625,0.0481737877818336,0.148392000297705,0.222645877674222,-0.82858951697874,-0.652385346809225
YMR030W,0.0669087544083595,-1.17890274524689,0.00950878470127789,0.0618506107193248,0.0501537714463969,0.0860087364912033,-1.29969645114994,-1.06545743229432
YMR031C,0.641387283802032,-0.195158258080482,0.0655749296012458,0.0445655341516522,0.52921603769064,0.760433912277222,-0.276367004191911,-0.118938523597154
YMR032W,0.148304730653763,-0.831308007240295,0.0157645732615191,0.0463229267772682,0.120650401090582,0.178115440532565,-0.918471381069894,-0.749298431140086
YMR033W,0.469797939062119,-0.33075687289238,0.0520815262878379,0.0481864948466281,0.379055379082759,0.571737178166707,-0.421297339571352,-0.242803572366101
YMR034C,0.0242108069360256,-1.62087118625641,0.0036432698059878,0.0651445152500913,0.0180133955242733,0.031710518617183,-1.74440441699949,-1.49879673998097
YMR036C,0.0688680857419968,-1.16490435600281,0.00799146619697562,0.0504332964261054,0.0551045426788429,0.0846351585661372,-1.25881260425132,-1.07244919965517
YMR037C,0.273206323385239,-0.565894067287445,0.0285931477734068,0.045580465111702,0.224570648993055,0.326457947492599,-0.648647006223416,-0.486172754199456
YMR041C,0.0896566435694695,-1.05161368846893,0.0124913705062277,0.0604550661546654,0.0679338942592343,0.115506967281302,-1.16791348911406,-0.937391820783953
YMR043W,0.481001943349838,-0.321641713380814,0.0635593974215221,0.0574494928000822,0.368602142482996,0.611199323832989,-0.433442145514176,-0.213817140486867
YMR044W,0.379617601633072,-0.423251330852509,0.041493932142607,0.0475655493849009,0.307494550943375,0.45919452731808,-0.512162575876181,-0.338003296601711
YMR048W,0.180694296956062,-0.746899485588074,0.0240459356658211,0.0578893641863526,0.137393787503242,0.230764709164699,-0.862032904205568,-0.636830617000424
YMR049C,0.991217255592346,-0.00602401793003082,0.0994075666227694,0.0437169898831215,0.823562417427699,1.16709758043289,-0.0843034910969149,0.0671071575984708
YMR054W,0.321482330560684,-0.49507999420166,0.0325430784088538,0.0441468228149673,0.265799819181363,0.38023017073671,-0.575445325420992,-0.419953432098414
YMR055C,0.062953919172287,-1.20611429214478,0.00974437778965246,0.066765246097401,0.0461816918725769,0.0845068970695138,-1.33553020302101,-1.07310785165334
YMR062C,0.368294924497604,-0.436670154333115,0.0422943865566688,0.0499746610465513,0.29399186372757,0.454317869742712,-0.531664688591635,-0.342640235262349
YMR063W,0.0880902856588364,-1.06563317775726,0.0196592413826607,0.0957677486761173,0.0555535471998155,0.13385407961905,-1.25528823742169,-0.873368388634246
YMR064W,0.0606501176953316,-1.22064197063446,0.00768487238476601,0.0549820223871659,0.0473653025925159,0.0762010586137573,-1.32453968395829,-1.11803900287698
YMR065W,0.00293748755939305,-2.55355739593506,0.000926424867839975,0.1380714729967,0.00147280922683422,0.00504698492586613,-2.83185351651056,-2.29696799363946
YMR066W,0.0514926575124264,-1.2908763885498,0.00566148049084144,0.0477947267365698,0.0417709013136725,0.0624848566949368,-1.37912615379924,-1.20422522186702
YMR067C,0.332348078489304,-0.48118382692337,0.0375722622883048,0.0491776284179916,0.266545295715332,0.405444830407699,-0.574228977978265,-0.392068232912228
YMR070W,0.196519419550896,-0.709471881389618,0.0226425314344788,0.0500651728295168,0.157082922880848,0.242369995142023,-0.803871120233151,-0.615521146135603
YMR075W,0.109098389744759,-0.964547574520111,0.0113753172308183,0.0453998646302584,0.0897510050485531,0.130551033094525,-1.04696068027102,-0.884219688113628
YMR076C,0.230712860822678,-0.639118671417236,0.0231044634219817,0.043710081694631,0.191726759076118,0.271076104293267,-0.717317268926452,-0.566908764356385
YMR078C,0.0930989533662796,-1.03352808952332,0.00991575063806334,0.0464224351608713,0.0761452504744132,0.111567599450549,-1.11835718124734,-0.952461930727331
YMR079W,2.59562158584595,0.410960167646408,0.319571615155144,0.0534428277134402,2.03067634304365,3.25508376757304,0.307640698693754,0.512562039510447
YMR080C,0.42632183432579,-0.372423350811005,0.0424840380276297,0.0433699063987443,0.35485487729311,0.505378127098083,-0.449949237276933,-0.296383558391902
YMR081C,0.00485866144299507,-2.33895516395569,0.00166667813552517,0.15044324127846,0.00227464535079586,0.0086240470642224,-2.6430863066175,-2.06428900414092
YMR083W,4.3564920425415,0.636340439319611,0.494116831572278,0.0493532553003988,3.48682260513306,5.33206585248311,0.542429852861616,0.72689549839187
YMR085W,0.000859954045154154,-3.15723586082458,0.000551770444056568,0.298364691316118,0.0001471272938943,0.00225324589603891,-3.83230765200494,-2.64719141324434
YMR086W,0.292288303375244,-0.536440849304199,0.0296472273533767,0.0443559534205132,0.241061000774304,0.344651362796625,-0.617873047293797,-0.462620000021232
YMR087W,0.106706127524376,-0.97720068693161,0.0168753006323884,0.0684782119232439,0.0770089328289032,0.14374685784181,-1.1134588949147,-0.842401643534439
YMR088C,0.20829650759697,-0.684012472629547,0.0231917016792178,0.0484604895355943,0.167562082409859,0.253500338892142,-0.775824250999461,-0.596021455774228
YMR089C,0.348962426185608,-0.459473639726639,0.0354590521853552,0.0443227585560175,0.287712992976109,0.41239050279061,-0.541040526931067,-0.384691344970908
YMR090W,0.128595635294914,-0.903048813343048,0.0307359597045926,0.103714279975837,0.0771523335948587,0.196625828742981,-1.11265137633727,-0.706359433890615
YMR091C,0.725054979324341,-0.142257913947105,0.0796210075869784,0.0478847957543617,0.586499375104904,0.875543076296647,-0.231732446373621,-0.0577224824739088
YMR092C,1.37561583518982,0.136201843619347,0.14108625899038,0.0447241172371969,1.13438236713409,1.63103036880493,0.0547594672079267,0.212462044344342
YMR093W,0.49402192234993,-0.308715879917145,0.0526067460878686,0.0462966420812796,0.403417331477006,0.593133330345154,-0.394245447748393,-0.226847670675373
YMR096W,0.0077217542566359,-2.13549423217773,0.0025285322540558,0.143812007332496,0.00370264287145498,0.0136212942035248,-2.43148822585514,-1.86578162676729
YMR098C,0.112483285367489,-0.951526761054993,0.0123334613730316,0.0477275360174859,0.0910174125805497,0.13597659766674,-1.04087552351103,-0.866535829708798
YMR099C,2.32642602920532,0.36333042383194,0.289511499426056,0.0540857997027709,1.81937826077143,2.91130398114522,0.259922994654567,0.464087551382162
YMR100W,0.0986151024699211,-1.00861871242523,0.010705077079673,0.0472690120973033,0.080282345538338,0.11958849572887,-1.09537994909107,-0.922310596963629
YMR102C,0.146094635128975,-0.837730467319489,0.0152374160807821,0.0453579022619823,0.120333658593396,0.17466338177522,-0.919612883147206,-0.757798143429949
YMR104C,0.0622324757277966,-1.20908343791962,0.00743718108129668,0.0519655171651591,0.0494695661899944,0.0768301635980606,-1.30566190878628,-1.11446824204737
YMR105C,0.57033497095108,-0.246219336986542,0.0592198832606028,0.0452444246514979,0.469963372747103,0.679213762283325,-0.327935992476329,-0.167993522965585
YMR106C,0.0789666622877121,-1.10541129112244,0.0090413994752191,0.0499036357660125,0.062965452671051,0.096395389859875,-1.20089767006431,-1.01594373670935
YMR108W,3.54996728897095,0.547959566116333,0.361624848472229,0.0444253740987163,2.93138173421224,4.21680099964142,0.467072377188576,0.624983091516873
YMR110C,0.359613388776779,-0.446646928787231,0.038378566395854,0.0465087740440044,0.293235704799493,0.430902835726738,-0.532783165322875,-0.3656206782881
YMR113W,0.187565416097641,-0.729662656784058,0.0213577047572613,0.0494904892079843,0.150813415646553,0.230412021279335,-0.82156002396943,-0.637494866225012
YMR115W,0.226676270365715,-0.647162139415741,0.0246296436330266,0.0472964203231086,0.183235591029127,0.2745156429708,-0.736990166673276,-0.561432910441892
YMR116C,23.5127563476562,1.36827957630157,2.77547395112643,0.0513203505284933,18.543253326416,28.9511756896973,1.26818590621171,1.46166620485725
YMR119W,0.131588652729988,-0.883319914340973,0.0142252833287464,0.0470228545562665,0.107217045873404,0.158693360537291,-0.969736163142796,-0.79944124499011
YMR120C,2.53377628326416,0.40149462223053,0.258736745476439,0.0445198751444503,2.08640482624372,3.02004492282868,0.319398578148567,0.480013381910557
YMR124W,0.167569383978844,-0.778146266937256,0.0173448969849974,0.0452125747515058,0.136978836730123,0.198936338846882,-0.863346532867159,-0.70128588200559
YMR125W,0.730687081813812,-0.138431042432785,0.0727954080478484,0.0433907512387193,0.608382255832354,0.859752522408962,-0.215823462900016,-0.0656265413372495
YMR127C,0.0637100040912628,-1.19988179206848,0.00874664332062179,0.05974185196533,0.0480200787385305,0.0815039727836847,-1.31857713312654,-1.08882122188279
YMR128W,0.464295715093613,-0.335312098264694,0.0455903789012303,0.0428819864116709,0.386092457423607,0.542432330052058,-0.413308723960446,-0.26565443497753
YMR129W,0.336620688438416,-0.475010842084885,0.0333820947181137,0.0433199211671351,0.280213435490926,0.393323188026746,-0.55251104543203,-0.405250455264301
YMR130W,0.348164170980453,-0.461836278438568,0.0449969219398466,0.0561464099236632,0.27074334025383,0.441169829169909,-0.567442217349307,-0.355394255786855
YMR131C,1.19503057003021,0.0749534144997597,0.126026432013837,0.0459957106588491,0.976012931764126,1.43279815812906,-0.0105444335704205,0.156185005864749
YMR133W,0.00111759162973613,-3.0066397190094,0.000563074450954341,0.224553814526009,0.000338601499242941,0.00248870760939705,-3.47031120696305,-2.60402656523405
YMR134W,0.353021860122681,-0.458630263805389,0.0611946178199857,0.0747662259867957,0.247367067386707,0.486579120159149,-0.606658121777292,-0.312846531233853
YMR136W,0.133606612682343,-0.876868844032288,0.0148393577034563,0.0485170684705681,0.107286288340886,0.16152723133564,-0.969455799096263,-0.791754250906506
YMR137C,0.043661642819643,-1.36290144920349,0.00512976140216603,0.0511254830130655,0.0346102571114898,0.0538440267555416,-1.46079517496318,-1.26886246960211
YMR139W,0.209132939577103,-0.68277645111084,0.025418928308667,0.0527643409995819,0.164237749079863,0.262452337890863,-0.784527131489978,-0.580949563455758
YMR140W,0.167720854282379,-0.778156757354736,0.0188335015333843,0.0488980983988103,0.134548612435659,0.204739757999778,-0.871120777481342,-0.688797820774212
YMR144W,0.132172763347626,-0.882601737976074,0.0173663714899178,0.057115822296357,0.101587001917263,0.168142331391573,-0.993161857586882,-0.774322940840722
YMR145C,1.06468915939331,0.0248604789376259,0.110873796917464,0.0453528380892267,0.873171380162239,1.27279604474703,-0.0589005075764513,0.104758816864789
YMR146C,3.79931378364563,0.576913356781006,0.430361946689113,0.0493122963089779,3.04919423262278,4.66350322961807,0.484185089205196,0.668712281855508
YMR149W,1.07954144477844,0.0293862391263247,0.144362938024071,0.0578516477221029,0.833429198463758,1.38108533422152,-0.0791312884882207,0.140220512299282
YMR152W,0.583707749843597,-0.236712351441383,0.0676053181273692,0.0502976628307301,0.467183504253626,0.717935884992282,-0.330512561194773,-0.143914338843375
YMR153W,0.47274062037468,-0.327879369258881,0.0507323644158604,0.0466736153120732,0.384503304958344,0.569439318279425,-0.415099922913258,-0.244552550976954
YMR156C,0.0821319669485092,-1.0961925983429,0.0184850357931936,0.0963623445064751,0.0517475833805899,0.123892469642063,-1.28610994686521,-0.906955089901475
YMR157C,0.305067718029022,-0.521594762802124,0.0510313975070111,0.0721161301280881,0.217644491667549,0.415061996132136,-0.662252340051594,-0.38188705802109
YMR165C,0.159797430038452,-0.798860967159271,0.0168737897794931,0.0460103375355244,0.13085675239563,0.190467625732223,-0.883203862229304,-0.720178832028619
YMR167W,0.0935889482498169,-1.03138077259064,0.0102414619056842,0.047675814775098,0.0764029633253813,0.112894228845835,-1.11688979746802,-0.947328260895955
YMR171C,0.138185858726501,-0.862188756465912,0.015261295112811,0.0480650474909662,0.111546710630258,0.167519094174107,-0.952543232219116,-0.775935689562049
YMR173W,5.74909400939941,0.75692754983902,0.637248257878206,0.0482370531191629,4.63225110769272,6.99395084778468,0.665792092007727,0.844722575832279
YMR177W,0.114248275756836,-0.945224583148956,0.013586123438279,0.0517230636981663,0.0905752411112189,0.141479496036967,-1.04299053483477,-0.849306495852892
YMR178W,0.650466918945312,-0.191280767321587,0.0939223969362055,0.0626361228836022,0.484723615149657,0.851273903250694,-0.314505821481305,-0.0699306803969282
YMR179W,0.131928145885468,-0.882055938243866,0.0138352590892498,0.0456357423541905,0.108747003910442,0.158069154868523,-0.963582699596883,-0.801152875888014
YMR180C,0.0398133471608162,-1.40639173984528,0.00686876708419464,0.0748565523908906,0.0279985265495876,0.054462124593556,-1.55286482921299,-1.26390553298802
YMR183C,1.8894807100296,0.272756844758987,0.243352235043339,0.0558575063006065,1.46279809276263,2.39580922921499,0.165184381728505,0.37945219498732
YMR185W,0.0755996480584145,-1.12380313873291,0.00779691180375067,0.0449921379821023,0.061916671693325,0.0900885835289955,-1.20819239702918,-1.04533024147937
YMR188C,0.555283010005951,-0.261425822973251,0.0923724291654066,0.0718599317916447,0.394519976526499,0.755958050489426,-0.403931005177125,-0.121502303766565
YMR189W,0.775235891342163,-0.112773045897484,0.0779063712161958,0.0438844444685554,0.642731480797132,0.914337992668152,-0.191970435887005,-0.0388932340073183
YMR192W,0.197106674313545,-0.707910478115082,0.0215939779465392,0.047697268581816,0.160056566322843,0.239270700638493,-0.795726506907673,-0.621110484407814
YMR193W,0.372028678655624,-0.434123188257217,0.0550460958183413,0.0638561964055998,0.278861133505901,0.489251358062029,-0.554612023630886,-0.310467960268167
YMR196W,0.151474311947823,-0.821924686431885,0.0154380831330798,0.0444325640842061,0.125308191900452,0.179493825137615,-0.902020536828785,-0.745950487842728
YMR199W,0.197761178016663,-0.706332325935364,0.0210899518763683,0.0464061821710688,0.161106931914886,0.237424385299285,-0.792885773978513,-0.624474684621957
YMR200W,1.11979424953461,0.0449020378291607,0.157057392734079,0.0606622404388611,0.850506007671356,1.4565499941508,-0.0703226143391204,0.163325395767618
YMR201C,0.116026781499386,-0.93893426656723,0.0147136221371127,0.0551788257501611,0.0900529354189833,0.145413908486565,-1.04550214403945,-0.837394053087555
YMR203W,2.56146335601807,0.40573063492775,0.288082135708826,0.04905064661731,2.06046724319458,3.11801066001256,0.313965714607795,0.493877564451991
YMR204C,0.058822974562645,-1.23439347743988,0.00795252401029997,0.0585173665310848,0.0447368361055851,0.0760626287509998,-1.34933473348197,-1.11882866954867
YMR205C,7.72267246246338,0.885661602020264,0.759048083856726,0.0428309085544864,6.43237447738647,9.08720060984294,0.808371320057619,0.958430106263506
YMR206W,0.00164126069284976,-2.86761522293091,0.000990704448655669,0.284597986953174,0.000311602107346213,0.00407116469383861,-3.5063998452157,-2.39028133467788
YMR208W,0.55839592218399,-0.255827963352203,0.0631263683071649,0.049088923630295,0.448475301265717,0.681589297453562,-0.348261469719941,-0.166477239880313
YMR209C,0.160775676369667,-0.796614944934845,0.0183289467234283,0.0497294914824368,0.128811553120613,0.195996411889791,-0.890045183315366,-0.707751879288969
YMR210W,0.126329123973846,-0.901335179805756,0.0144342236871783,0.0497564872612236,0.101115311558048,0.154427725821734,-0.995183075773445,-0.811274747522923
YMR211W,0.0731530785560608,-1.13884687423706,0.00871219023473751,0.0517827752033469,0.0580110046081245,0.0904388707131148,-1.23648963328003,-1.04364487548929
YMR212C,0.322682946920395,-0.493513286113739,0.0330646498850754,0.0446492401311224,0.267373066892227,0.382469266901414,-0.572882343629525,-0.417403456649523
YMR214W,0.822811424732208,-0.0874768793582916,0.0928907907017673,0.049215780653015,0.659301827847958,1.00216228663921,-0.18091580321453,0.000938052980533931
YMR217W,5.66836929321289,0.751067996025085,0.594040523525902,0.0456212352438888,4.6522149125735,6.76851385434469,0.667659765778193,0.830493317167123
YMR220W,0.569337844848633,-0.247215867042542,0.0620485669390245,0.0474690995438936,0.461773884048065,0.68607965161403,-0.335570651805207,-0.163625464823336
YMR221C,0.359746813774109,-0.446564704179764,0.039094067275809,0.047198574530276,0.292117297897736,0.435341044018666,-0.534442743811867,-0.361170427072562
YMR223W,0.162513956427574,-0.791880905628204,0.0183958870252326,0.0490662585325275,0.13153024961551,0.198436621452371,-0.88097436131552,-0.702378184591787
YMR224C,0.0745677575469017,-1.13008880615234,0.00820281441134618,0.0480204516341009,0.0598950457448761,0.0900008651738366,-1.22260911459909,-1.04575331575506
YMR226C,2.97511506080627,0.469562411308289,0.401321816954551,0.0585926234613842,2.27074737548828,3.79925374190013,0.35616881447589,0.579698259206974
YMR227C,0.194544985890388,-0.713679790496826,0.0216646226153393,0.048481610520998,0.157441330825289,0.235072836279869,-0.802881248974817,-0.628797552650202
YMR228W,0.175711318850517,-0.758504629135132,0.0216970054517465,0.0536524106981035,0.137641593813896,0.220100726683935,-0.861250307130934,-0.657378525747052
YMR229C,1.87729120254517,0.271424978971481,0.184295510274468,0.042864141139426,1.56313422818979,2.19249534606934,0.193996272743575,0.340938680177849
YMR231W,0.184537962079048,-0.736162960529327,0.018719899148348,0.0442932054262863,0.152725635096431,0.217422419413924,-0.816088061697336,-0.662695676550127
YMR233W,0.195473164319992,-0.720418989658356,0.0459400201693318,0.0997941743199493,0.121727756410837,0.299211417138577,-0.914610677853056,-0.524021840082502
YMR234W,0.131655886769295,-0.88418847322464,0.017006960905888,0.0562801316805208,0.101833410561085,0.165438588832816,-0.992109710783575,-0.781363196689759
YMR237W,0.5765340924263,-0.24141526222229,0.0584028212869867,0.0441949719728956,0.474903853982687,0.682836470504602,-0.323394306526549,-0.165683307178556
YMR238W,0.503307342529297,-0.300717979669571,0.0545110687748789,0.0471241977922817,0.410051441192627,0.607240341107051,-0.387161662234611,-0.216639386398339
YMR239C,0.131076693534851,-0.885277807712555,0.0148863584006365,0.0494154275924237,0.105254139254491,0.160276094948252,-0.977760823029236,-0.795131247790044
YMR240C,0.120740659534931,-0.92104035615921,0.0139299399372899,0.0502058612745338,0.0963159799575806,0.147782951593399,-1.01630165231833,-0.830375663748799
YMR241W,1.9104175567627,0.27818763256073,0.222996777588715,0.0505267791510063,1.52431147495906,2.37683376272519,0.183073712859559,0.375998803423108
YMR243C,1.36876499652863,0.133831769227982,0.146599743234886,0.046659817616546,1.12032437324524,1.64211207727591,0.0493437843796476,0.215402792874119
YMR244W,0.00404721777886152,-2.41692113876343,0.00134859420261246,0.146950799324335,0.00186329473314496,0.00715100860688837,-2.72971849161009,-2.14563351870457
YMR247C,0.242273271083832,-0.61785215139389,0.0240744900691236,0.0433908518493191,0.201784573619564,0.285089701414108,-0.695112040364816,-0.545018470869452
YMR250W,0.236570000648499,-0.628434836864471,0.0247939628691312,0.0456727495488218,0.193654960518082,0.282221393038829,-0.712971374167769,-0.549410072875174
YMR251W,0.00178820302244276,-2.79369425773621,0.000821711526592114,0.205373061493114,0.000595306208803474,0.00380518257734366,-3.22525967444423,-2.41962471180823
YMR253C,0.127712607383728,-0.896702349185944,0.0148415541514812,0.0505890188051966,0.10161879658699,0.157746202622851,-0.993025952495239,-0.802041253839914
YMR258C,0.12830276787281,-0.894463002681732,0.014253554949583,0.0485534428201421,0.102927766740322,0.154970050727328,-0.987467466702453,-0.809752225835224
YMR259C,0.226091548800468,-0.647869765758514,0.0224557811063461,0.0433325122087672,0.187631965552767,0.265698338796695,-0.726693176021084,-0.575611161681211
YMR261C,0.78099513053894,-0.109503112733364,0.0775237641268547,0.0433177497426485,0.650022242466609,0.919594535728296,-0.187071796743645,-0.036403619767169
YMR262W,0.114964663982391,-0.943595230579376,0.0159598736889869,0.060123052354344,0.0875674093142152,0.14884391600887,-1.05765749968337,-0.827268912555265
YMR265C,0.0658565014600754,-1.1848509311676,0.00831443526156538,0.0548099250187261,0.0509040579199791,0.0829900897418459,-1.29324759561984,-1.080973765809
YMR266W,0.46598619222641,-0.333769500255585,0.0462043238072457,0.0431894168568105,0.38707576940457,0.548589885234833,-0.412204014278073,-0.260752204072346
YMR267W,0.303503751754761,-0.521539866924286,0.0396997653929552,0.0567856711371967,0.234324203183254,0.385699378450712,-0.630182851229663,-0.413751062633813
YMR271C,0.022100031375885,-1.6840728521347,0.00801241405572846,0.159652341725376,0.00981733897545685,0.040044835396111,-2.00800748116072,-1.39745351159184
YMR275C,0.152327731251717,-0.819491803646088,0.0155247891809341,0.0445138552221188,0.125400399789214,0.179938817024231,-0.901701107216911,-0.74487514085474
YMR276W,2.60578083992004,0.412838280200958,0.311248346921828,0.0519643970322049,2.05407690405846,3.21648697455724,0.312616689741178,0.507381791303346
YMR277W,0.241671711206436,-0.619131863117218,0.0250954781971323,0.0453454320338959,0.198253780603409,0.286873159805934,-0.702778522146331,-0.542310087237525
YMR278W,0.350573360919952,-0.457641750574112,0.0369426911465307,0.0459273075049044,0.286120114972194,0.420812968661388,-0.543451609679642,-0.375910886409343
YMR279C,0.00396549236029387,-2.41534972190857,0.000993154848836328,0.109708282486658,0.00229579240937407,0.00615928765231123,-2.63906742080905,-2.21046953309032
YMR281W,0.223716706037521,-0.654346704483032,0.0306392048427493,0.0592533614524448,0.170845258111755,0.288001737743616,-0.767397075509654,-0.540604907918229
YMR282C,0.0771561712026596,-1.11538207530975,0.00867666918191955,0.0489911386202398,0.0619126801999907,0.0937736407543222,-1.20822039506971,-1.02791922429793
YMR284W,0.0801918730139732,-1.09872961044312,0.00920117672315525,0.04993547769147,0.0639897247155507,0.0983407497406006,-1.19388975981078,-1.00726648501307
YMR285C,0.235526829957962,-0.630520820617676,0.0255362149021761,0.0472476422567445,0.190733116865158,0.2838623739779,-0.719573910536403,-0.546892170022327
YMR289W,0.196041703224182,-0.710660219192505,0.0230802563996704,0.0512070138418942,0.155517920851707,0.242280450711648,-0.808219558543485,-0.615681628827097
YMR290C,1.62481915950775,0.208415254950523,0.170262023681505,0.0456125226375477,1.33025872906049,1.95365987916787,0.123936107601846,0.290848944450727
YMR291W,0.44413623213768,-0.354940533638,0.0471392326803694,0.0462629046149225,0.361620808392763,0.532218138873577,-0.441746588812475,-0.273910337277409
YMR293C,0.0421845838427544,-1.37906074523926,0.00587900513099686,0.0606139699589855,0.0316095994785428,0.0545710001140833,-1.50018101427249,-1.26303813465796
YMR296C,0.750482201576233,-0.127115234732628,0.0794303765031143,0.0463237460488892,0.609589397907257,0.89682400226593,-0.214962594933573,-0.0472927769606383
YMR300C,1.21482920646667,0.0821620970964432,0.126283530383441,0.0452854947482478,0.998704971373081,1.44858863651752,-0.00056279190088294,0.160945071122544
YMR301C,0.18647113442421,-0.731788456439972,0.0195316314660013,0.0457623472996852,0.151955281446377,0.222452866534392,-0.818284200789631,-0.652762126438657
YMR302C,0.183176070451736,-0.739472210407257,0.0189585511049118,0.0451718764755397,0.150392159819603,0.217154594510794,-0.822774803610298,-0.663231013909395
YMR304W,0.29344242811203,-0.534599184989929,0.0289128123708612,0.0430106045875993,0.244605962187052,0.343444303919872,-0.611532964276154,-0.464143686773844
YMR307W,9.06083106994629,0.954680204391479,0.96968823805697,0.0465136648110419,7.38800980250041,10.9621087153753,0.868527449101978,1.03989410478522
YMR309C,2.22473359107971,0.345049530267715,0.22481780125792,0.044062361867076,1.83753121197224,2.62896563212077,0.264234723096993,0.419784904407949
YMR310C,0.267185568809509,-0.576540112495422,0.0332431586927201,0.0539969006007377,0.210346628849705,0.334615568319956,-0.677064444201882,-0.475453857519403
YMR312W,0.333580851554871,-0.48098012804985,0.0464692510917431,0.0602771554203193,0.253665596246719,0.430675478031238,-0.595738430584269,-0.365849938910707
YMR313C,0.135209262371063,-0.871563017368317,0.0146692376676829,0.0473012419563279,0.109706404618919,0.162970733145873,-0.959768018953296,-0.787890385856195
YMR314W,1.81169724464417,0.251921057701111,0.308677939507711,0.0730495972559595,1.30079405705134,2.49998712539673,0.114208408080495,0.397937772118616
YMR315W,1.98408246040344,0.294809728860855,0.223368017357023,0.0489154606820231,1.60041375458241,2.42666193445524,0.204232274858307,0.385009277365756
YMR316W,0.0586290769279003,-1.23612368106842,0.00819061652892369,0.0607972218512908,0.0444193195241193,0.0755101725459099,-1.35242811546912,-1.12199454358394
YMR318C,2.64619994163513,0.419868320226669,0.298118596677969,0.0489513606363223,2.13102534214656,3.21830720106761,0.328588613840179,0.50762749698186
YMR319C,0.255748838186264,-0.594771385192871,0.0278845216780907,0.0474514779133809,0.206484562531114,0.309014635284742,-0.685112415045307,-0.510020951801869
YNL330C,0.336222618818283,-0.476039886474609,0.0371877617260795,0.0482426856667747,0.270256395389636,0.407540668547153,-0.568224034774906,-0.389829046489323
YNL329C,0.064458355307579,-1.19319832324982,0.00687064493352812,0.0464278039182704,0.0528597097843885,0.0774424343680342,-1.27687523215337,-1.1110210067112
YNL327W,1.91068184375763,0.279051780700684,0.189036708049834,0.0431818109482485,1.59478712280591,2.22912588914235,0.202702718747933,0.348134595516203
YNL326C,0.128992274403572,-0.893441021442413,0.0175297098522896,0.059059057813454,0.0985498864203691,0.165349019567172,-1.00634387192631,-0.781598407561864
YNL323W,0.578983008861542,-0.240005224943161,0.064104386627174,0.0482507810004428,0.466429385046164,0.702342514197032,-0.331214104137576,-0.153451043255146
YNL322C,1.70618200302124,0.228855445981026,0.206489438815021,0.0525153720899846,1.34782713651657,2.12818829417229,0.129634195771745,0.328010049313265
YNL321W,0.173716157674789,-0.762494623661041,0.0179835284013736,0.0450939531486942,0.143209353089333,0.206720676273108,-0.844028617067009,-0.68461609994222
YNL320W,0.374780893325806,-0.430738180875778,0.0542328811618091,0.0626650285516762,0.281062787026167,0.490306798617045,-0.551196651880266,-0.309532088425344
YNL318C,0.00133471144363284,-2.91045260429382,0.000543580687710658,0.179215911170938,0.000530372129287571,0.00262631049457317,-3.27541947858037,-2.58065403771963
YNL316C,0.196805909276009,-0.709507346153259,0.0252084027613601,0.0555175937260025,0.153599053621292,0.249822845185796,-0.813611460139903,-0.602367855144432
YNL315C,0.450366348028183,-0.349693894386292,0.0551971440608673,0.053291018791681,0.35284578204155,0.565219017863274,-0.452415074259793,-0.247783238984463
YNL314W,0.081444077193737,-1.09704124927521,0.0155923024424945,0.0830439937500841,0.0551175836163263,0.114962643757463,-1.25870985378651,-0.939443276890666
YNL313C,0.403430789709091,-0.396440833806992,0.0406386816617223,0.043870555021497,0.335063167413076,0.477346344540517,-0.47487331040548,-0.321166428067762
YNL311C,0.0736654847860336,-1.13523006439209,0.00789389592878671,0.0465906029338172,0.0599190549304088,0.0884599708020687,-1.2224350474501,-1.0532532085377
YNL309W,0.150856614112854,-0.824290037155151,0.0172887020932709,0.049843415461736,0.120586509630084,0.185477813457449,-0.918701285066345,-0.731708053083266
YNL308C,0.940592169761658,-0.028930826112628,0.0971827903063308,0.0451064025696017,0.772167639434338,1.11761331458886,-0.1122884132356,0.0482915483638084
YNL307C,0.98214864730835,-0.010723702609539,0.113425064876572,0.0502753597283286,0.783278589944045,1.20167075296243,-0.106083746010534,0.0797854706437935
YNL304W,0.105539627373219,-0.980054616928101,0.0133621456280629,0.0549309052312157,0.0822535927097003,0.133004414041837,-1.0848451327317,-0.876133992238875
YNL299W,0.106745272874832,-0.974310517311096,0.0118138981799732,0.048102760765314,0.0867346799621979,0.129575043916702,-1.06180723897426,-0.887478635293538
YNL298W,0.169666558504105,-0.772729516029358,0.0175266107079026,0.0450241800171209,0.139488080143929,0.201137759412328,-0.855462903598775,-0.696506400486149
YNL297C,0.197827607393265,-0.705870270729065,0.0196414861531068,0.0433871317849214,0.164305165410042,0.231403701131543,-0.784348783042022,-0.635629711492483
YNL295W,0.0825251042842865,-1.08623576164246,0.00938242880904134,0.0496586523907799,0.0656359046076735,0.100508374969165,-1.18285859931001,-0.997797748692236
YNL293W,0.097353920340538,-1.01426923274994,0.0106998222533359,0.0477505927506263,0.0792703703045845,0.118220018905898,-1.10088911303327,-0.927308983678503
YNL292W,0.499250680208206,-0.304386287927628,0.0555525549601486,0.0485823908980632,0.400588866323233,0.60349274824063,-0.397301149555797,-0.219327944222586
YNL291C,0.168051183223724,-0.777055382728577,0.0180183735467722,0.0466329439306428,0.136715725064278,0.201927932724357,-0.864181529939316,-0.694803601605321
YNL290W,0.537290334701538,-0.272717416286469,0.0624370966209521,0.0504566072059444,0.429622528950373,0.664615869522095,-0.36691295278611,-0.177429292964632
YNL289W,0.534804463386536,-0.275589436292648,0.0707679738294855,0.0573724239396711,0.411927408476671,0.678704040745894,-0.385179315929852,-0.168319587427673
YNL288W,0.371855705976486,-0.432427048683167,0.0422194755978566,0.0493963108858354,0.299461231629054,0.454772384216388,-0.523659394395664,-0.342205915578308
YNL287W,1.42607450485229,0.152007922530174,0.141029081996971,0.0431391563776059,1.18784896632036,1.67688595851262,0.0747612236390956,0.224503524432099
YNL286W,0.14816926419735,-0.83423125743866,0.0225600422253795,0.0658299246654524,0.109200230240822,0.196582723408937,-0.961776468395503,-0.706454652673936
YNL283C,0.185897380113602,-0.733431279659271,0.020747337108413,0.048539707001196,0.149940974637866,0.226506066943208,-0.824079671959649,-0.644920165469766
YNL280C,0.744943380355835,-0.13046059012413,0.0810440872338784,0.0474735750437309,0.603964416186015,0.898198125759761,-0.218988661324664,-0.0466278569143182
YNL278W,0.122445181012154,-0.914379119873047,0.01262751342942,0.0449914548876851,0.100367359258235,0.145432456831137,-0.998407509130874,-0.837338659373064
YNL275W,0.0646016299724579,-1.19273221492767,0.00757632754203251,0.0508846207446327,0.0515397638082504,0.0798078575481971,-1.28785757602587,-1.09795434802591
YNL274C,0.252671539783478,-0.600778877735138,0.0313923172981146,0.0538390711961628,0.198447104295095,0.315820883711179,-0.702355235300156,-0.500559156332874
YNL273W,0.0928739532828331,-1.0343279838562,0.00936789771357216,0.0440373212509178,0.0768730984379848,0.109767781322201,-1.11422564943164,-0.959525114425969
YNL272C,0.16516475379467,-0.784412086009979,0.0170708951466004,0.0450640713562247,0.135975604628523,0.197149257858594,-0.866539001380613,-0.705204853826307
YNL271C,0.156654298305511,-0.807240128517151,0.0156515508686654,0.0436466585634562,0.129613052432736,0.184116154909134,-0.887351265589746,-0.734908103510752
YNL267W,0.18497109413147,-0.735209584236145,0.0190394204147255,0.0449019859692962,0.152309656143188,0.21986548602581,-0.817272562345067,-0.657842939829591
YNL265C,0.554189145565033,-0.260092437267303,0.0730479717172309,0.0570849938637672,0.428189341475566,0.708074500163396,-0.368364147876203,-0.149921047711202
YNL264C,0.324205279350281,-0.492322415113449,0.0390461932358827,0.0522837837140261,0.25629637191693,0.405201822519302,-0.591257546384218,-0.392328609934916
YNL261W,0.133512884378433,-0.877442359924316,0.0155827973999673,0.0508371765024716,0.106031499803066,0.163438766698043,-0.974565095505058,-0.786644929656117
YNL258C,0.198258429765701,-0.705060303211212,0.0203218543997737,0.0446914406894577,0.162916859115163,0.235164501766364,-0.788033978507958,-0.628628291450107
YNL256W,0.228192895650864,-0.643942356109619,0.0231261811365558,0.044259958240448,0.188096056878567,0.269544214010239,-0.725620332589406,-0.569369986225979
YNL254C,0.0616674423217773,-1.21409797668457,0.00855533654886679,0.0600773967988982,0.0465773299025993,0.0793245956301689,-1.33182541175373,-1.10059213310759
YNL253W,0.197779387235641,-0.706920564174652,0.0236156985881126,0.0520103810425193,0.155812806884448,0.244674457112948,-0.807396865594517,-0.61141145638692
YNL252C,0.331467270851135,-0.483942329883575,0.0475308511643289,0.0615835577270173,0.248917021602392,0.432627116640409,-0.603945523427482,-0.363886274188127
YNL251C,0.721702754497528,-0.144078835844994,0.0762660593568718,0.0460944580775363,0.590687859555086,0.861502366264661,-0.228641955402561,-0.0647435270365636
YNL250W,0.0681131333112717,-1.16916120052338,0.00713027790261157,0.0456733918673838,0.0558887452197572,0.0808275159448385,-1.25267564079527,-1.09244077082775
YNL249C,0.046065915375948,-1.33971893787384,0.00549940294714102,0.051945727581753,0.0362923695705831,0.0568277913766603,-1.44018467947571,-1.24543923179251
YNL248C,1.35163295269012,0.128191292285919,0.149629095336572,0.0481988096971851,1.08601950009664,1.64205677509308,0.0358376169029642,0.21538815724127
YNL247W,1.57944071292877,0.196239918470383,0.161092764761693,0.0443967519759367,1.30731055239836,1.87227432131767,0.116378753223904,0.272369480723639
YNL246W,0.416322648525238,-0.385207384824753,0.0612824959698795,0.0634123293792671,0.309609504292409,0.547619970639547,-0.50918595455856,-0.261520730447859
YNL242W,0.0702692419290543,-1.15553832054138,0.00721890386625088,0.0448646699477063,0.0577797703444958,0.0830811783671379,-1.23822418866552,-1.0804973523546
YNL241C,1.96867144107819,0.291725873947144,0.208370876903052,0.046216433823791,1.60778866012891,2.35558466911316,0.206228961220031,0.372098719075085
YNL240C,0.15348981320858,-0.816506206989288,0.016717404925304,0.0475000393076784,0.124123707413673,0.185199773063262,-0.906145261082922,-0.732359552967289
YNL239W,0.912788689136505,-0.0421067290008068,0.0973749113645628,0.0464479318582783,0.747880203525225,1.0946953445673,-0.12616796430524,0.0392932664008392
YNL237W,0.0531196221709251,-1.27824831008911,0.00673738338442053,0.0552581914357229,0.0412838245742023,0.0666008442640305,-1.38422010432679,-1.17652026547105
YNL236W,0.155993744730949,-0.809224426746368,0.0161524724104738,0.0450901296116276,0.128470497205853,0.186070369184017,-0.891196595113194,-0.730322782651837
YNL234W,0.0393207482993603,-1.40945851802826,0.00540029666683737,0.0595853173009952,0.0296098211314529,0.050791334391882,-1.52856424158473,-1.29421037803326
YNL233W,0.204431980848312,-0.691793143749237,0.0211959437377541,0.0451761775570452,0.169021904965242,0.242675209542116,-0.772057007981354,-0.614974624285926
YNL232W,0.660993695259094,-0.184038862586021,0.0926773175673976,0.0606756072349168,0.49912591651082,0.859033745527268,-0.301789891485887,-0.0659897820364048
YNL231C,1.37311339378357,0.13466688990593,0.162291579514808,0.0514786859098402,1.08627366026243,1.69747281273206,0.0359392474193593,0.229802816593444
YNL229C,0.6137375831604,-0.215046122670174,0.072422228419317,0.051377758961695,0.485144575933615,0.758384883403778,-0.314128820124844,-0.120110332209749
YNL227C,0.153436034917831,-0.816655933856964,0.0167323545698591,0.0474196472226005,0.124546878536542,0.186023533344269,-0.904667163068169,-0.730432110862452
YNL225C,0.0962802395224571,-1.01925182342529,0.0109160313429116,0.0492718490586787,0.0778318148106337,0.117798447298507,-1.10884285344652,-0.928860437535161
YNL224C,0.239040672779083,-0.623857080936432,0.0247176558376588,0.0450325152773999,0.197713783383369,0.284956782311201,-0.703963053303662,-0.545221005241591
YNL223W,0.054087370634079,-1.27015137672424,0.00661645384946116,0.0531819104479163,0.0425635538995266,0.0677156448364258,-1.37096211721404,-1.16931098151896
YNL221C,0.187265276908875,-0.729898750782013,0.019470745486021,0.0453216705825695,0.15427051136891,0.223759793117642,-0.811717094439052,-0.650217948827044
YNL220W,2.56206941604614,0.406061410903931,0.276521727148059,0.0469178287231513,2.09208488464355,3.0967276652654,0.320579301698297,0.490902950452358
YNL219C,0.369014412164688,-0.435430079698563,0.0393687728610686,0.0463906135931672,0.301875632256269,0.444840247680744,-0.520171943722143,-0.351795926341374
YNL217W,0.501403152942657,-0.30303567647934,0.0613157118547588,0.0529037004456147,0.396016742040714,0.627001374463241,-0.402286453421425,-0.202731555086092
YNL216W,0.77079051733017,-0.115297168493271,0.0778318268738556,0.0441548557149948,0.636145785947641,0.906116846203804,-0.196443345523928,-0.0428157996541194
YNL215W,0.521753907203674,-0.285835772752762,0.0645803799197455,0.0535153534283674,0.41096486573418,0.654498389859994,-0.386195363366766,-0.184091423427727
YNL212W,0.461665719747543,-0.337906211614609,0.0466706420801359,0.0441386433911921,0.381846566001574,0.54548255354166,-0.418111166348213,-0.263219135465978
YNL207W,0.596681654453278,-0.227049857378006,0.0676602546693821,0.0493025311695281,0.479493762304386,0.727275624871254,-0.319217045649058,-0.138300994255342
YNL206C,0.210295215249062,-0.680166184902191,0.0246676188611748,0.0511095434497738,0.167197480797768,0.258412003765504,-0.776770270460822,-0.587687320335054
YNL204C,0.00126854574773461,-3.00213479995728,0.000887936216826162,0.320785510485005,0.00018302882296363,0.00371042598659794,-3.73748051913252,-2.43057626500202
YNL202W,0.0483811758458614,-1.3218834400177,0.00848728178894335,0.0754031924411583,0.033968704752624,0.0674199088787039,-1.46892103043036,-1.17121183888075
YNL201C,0.237626373767853,-0.626448035240173,0.0246297759784354,0.0452020475641231,0.195549412195881,0.282930621256431,-0.708743487180691,-0.548320047592837
YNL197C,0.372211903333664,-0.431528210639954,0.0383845264503257,0.0449670766347783,0.305960920453072,0.443127916008234,-0.514334051838663,-0.353470902002144
YNL196C,0.00126595189794898,-2.99631333351135,0.000847215011365246,0.308105263203645,0.000216116291267099,0.00341325814176041,-3.66531423063082,-2.46683106368841
YNL194C,0.00238951598294079,-2.67132520675659,0.00115108183818495,0.212024738925822,0.000778800275778243,0.00511775526683778,-3.10857401981995,-2.29092078432253
YNL193W,0.144256487488747,-0.843490719795227,0.0158354594354802,0.0478546934660519,0.116395353463789,0.174174750596285,-0.934064358690121,-0.759014807101272
YNL192W,0.413161188364029,-0.386023312807083,0.0409175531939798,0.0432224209292522,0.342811822891235,0.485081762075424,-0.464944208546152,-0.3141850535102
YNL191W,0.187112286686897,-0.73106724023819,0.0226209630845488,0.0525168240644951,0.14823522058626,0.233236688002944,-0.82904859798285,-0.632203149483381
YNL189W,2.4029335975647,0.378227323293686,0.258419132341048,0.0468010841165926,1.95914903084437,2.90165543556213,0.292067472346837,0.462645839763154
YNL186W,0.298165619373322,-0.527760624885559,0.0300788838272237,0.0439672322706906,0.247529194379846,0.352478535970052,-0.606373582979573,-0.452867324929428
YNL183C,0.174221649765968,-0.76117330789566,0.0177856479021644,0.0445541015769081,0.143495187411706,0.206230884045363,-0.843162664643149,-0.685646307109938
YNL182C,0.424377769231796,-0.37468820810318,0.0449480156926876,0.0461181015611975,0.346559178332488,0.508515172700087,-0.460222611464644,-0.293696084580614
YNL181W,0.482252925634384,-0.31935653090477,0.0530293787430525,0.0479149423013408,0.386443590621154,0.587143376469612,-0.41291390819233,-0.231255834009781
YNL180C,0.357903838157654,-0.449505269527435,0.0439184133007891,0.0533916934421114,0.28098766580224,0.448573261499405,-0.551312751272761,-0.348166617354368
YNL178W,35.497444152832,1.54524624347687,5.38332963516219,0.0656179204312374,26.0384883880615,47.0874945004781,1.41561576853752,1.67290550141499
YNL177C,0.554462850093842,-0.259587317705154,0.0702918472688145,0.054808221558286,0.433236428598563,0.69993360042572,-0.363275035865792,-0.154943159048906
YNL176C,0.100987643003464,-0.998359262943268,0.0110997392891234,0.0478697761594003,0.0819552648812532,0.12242117524147,-1.08642317840813,-0.912143455596221
YNL175C,1.52563500404358,0.180761218070984,0.169650046744763,0.0483945118395023,1.24031204978625,1.84633145232995,0.093530962170956,0.266309666211222
YNL173C,0.467108607292175,-0.333620756864548,0.0553964195327748,0.0513734490962189,0.372511125852664,0.578681528568268,-0.428860752714651,-0.237560380033038
YNL169C,0.226624712347984,-0.647262215614319,0.0246329095208961,0.0472703346160216,0.183782016485929,0.274626902242502,-0.735696987635099,-0.561256925728833
YNL167C,0.125173509120941,-0.905015230178833,0.0134739605708651,0.0469752521154496,0.101728858302037,0.150480878849824,-0.992555844307485,-0.82251868433856
YNL166C,0.549900054931641,-0.262399524450302,0.0610114108625621,0.048373451495214,0.443045521030823,0.667875192066034,-0.35355164970545,-0.175304704439824
YNL165W,0.0855887159705162,-1.07132458686829,0.0112476399010745,0.0570729401321007,0.066139226530989,0.108075035487612,-1.17954089315446,-0.966274614609823
YNL164C,0.190492585301399,-0.723402559757233,0.0234197733321389,0.0534301288056336,0.148756837223967,0.238467076793313,-0.827523065653745,-0.622571572098058
YNL163C,0.33763724565506,-0.473676800727844,0.0333272353445671,0.0430780680971354,0.280634671449661,0.395648956298828,-0.551858674401492,-0.402689975581
YNL161W,0.32853427529335,-0.485838770866394,0.0345740591055637,0.0459422653023215,0.268544748425484,0.392186889797449,-0.570983338780996,-0.40650693069291
YNL156C,0.248250335454941,-0.609049677848816,0.0335909877656146,0.0584609234817633,0.190219442173839,0.317775623003642,-0.720745106054908,-0.497879421682
YNL155W,0.65110969543457,-0.190216585993767,0.0871711261903089,0.0580104864994079,0.499019614358743,0.839098313947519,-0.301882388475805,-0.0761871541517806
YNL154C,1.05413091182709,0.0204628594219685,0.111433276493558,0.0460174240779051,0.864938554664453,1.26420986652374,-0.0630147470401875,0.101819175455512
YNL152W,0.169429302215576,-0.774078488349915,0.020162502195195,0.0516685399714412,0.13445737597843,0.210177586103479,-0.87141536861536,-0.677413600175062
YNL151C,0.513602077960968,-0.294496178627014,0.0791483316971487,0.0667845943382888,0.375747704257568,0.686234253644943,-0.42510366661905,-0.163527625431814
YNL148C,0.0839952155947685,-1.08373939990997,0.016284344363488,0.0832300520920633,0.057087168097496,0.121116553184887,-1.24346150034829,-0.916796526312642
YNL141W,0.87942636013031,-0.0588329955935478,0.103759814991659,0.0514281113752623,0.694993614653746,1.08347976903121,-0.15801919104709,0.0348207979837908
YNL138W,2.06731581687927,0.312976688146591,0.218349780382016,0.0460137051074958,1.68794295887152,2.48798906405767,0.227357765498447,0.395848456653991
YNL137C,0.35262930393219,-0.455214411020279,0.0380098395723475,0.0469847204652689,0.287040453652541,0.422863744447629,-0.5420568938976,-0.373799548981469
YNL136W,0.0939883142709732,-1.03031408786774,0.0117626578335147,0.0543023215622131,0.0733707755804062,0.11875084048758,-1.13447689294779,-0.925363309167555
YNL134C,1.13677358627319,0.0527984872460365,0.130694121308889,0.0500627265798844,0.906190120677153,1.39788632492224,-0.0427806867334167,0.145471854241546
YNL132W,0.901542007923126,-0.0471639260649681,0.0894997167229831,0.0432775130083101,0.752086639404297,1.0542849868536,-0.123732126366035,0.0229580199883345
YNL130C,0.727223753929138,-0.14138600230217,0.0863166378543114,0.0515460753109982,0.578223871688048,0.89855671475331,-0.237903992594358,-0.0464545493371384
YNL129W,0.326237440109253,-0.494058728218079,0.061684922563291,0.0810979044269046,0.222717836499214,0.466218119611343,-0.652245000824096,-0.331410884588665
YNL127W,0.0889816805720329,-1.05315184593201,0.00945614439943308,0.0462494626448964,0.0726432248950005,0.106436628786226,-1.13880489887461,-0.972908894436906
YNL126W,0.0851923227310181,-1.0720682144165,0.00904509126175726,0.0463931229838454,0.069281590046982,0.101838005396227,-1.15938215518273,-0.992090115474993
YNL124W,0.203398883342743,-0.694315493106842,0.0224863949884623,0.0481904012512337,0.163979967311025,0.246403366327286,-0.785209230820572,-0.608353363198449
YNL123W,0.64510178565979,-0.192517444491386,0.0639871456491891,0.0432223899551269,0.537386684119701,0.760068019727866,-0.269713103122989,-0.119147544412549
YNL119W,0.151709720492363,-0.821958720684052,0.0177493522684419,0.0508789694926625,0.120659916910032,0.186523541808128,-0.918436988144544,-0.729266346524847
YNL118C,0.526129364967346,-0.281158655881882,0.0534098988701679,0.044329411072508,0.432370513677597,0.624011132121086,-0.364143931239905,-0.204807668166201
YNL117W,0.00259079178795218,-2.60691356658936,0.000795954918438838,0.134010486727549,0.00134437088854611,0.00438753142952919,-2.87148090045775,-2.35777975950112
YNL115C,0.228064641356468,-0.644420146942139,0.0243160186491565,0.0464642328813059,0.186743095517159,0.272958525021871,-0.728755446456238,-0.563903337980081
YNL108C,0.872687816619873,-0.0629106089472771,0.115149531407838,0.0572777280956548,0.672440480689208,1.10828463435173,-0.172346152705024,0.0446513120616058
YNL107W,0.316896885633469,-0.507163047790527,0.0618065571584754,0.0836916190181418,0.214363442982237,0.45579570059975,-0.668849320972563,-0.34123024397912
YNL106C,0.0787051394581795,-1.10624361038208,0.00798512592859369,0.0442675748261662,0.0651397854089737,0.0933034948383769,-1.18615367647198,-1.03010210446486
YNL103W,0.214454784989357,-0.671024799346924,0.0222872061146067,0.0453903349819537,0.175292041897774,0.254750973979632,-0.756237804553675,-0.593884147295315
YNL102W,0.334398686885834,-0.477822840213776,0.0326982178359984,0.0426589338428571,0.277920031299194,0.391453683376312,-0.556080166697855,-0.407319616094015
YNL100W,0.384184032678604,-0.422950476408005,0.0723301882627757,0.0804437078703239,0.265380956729253,0.547551785906156,-0.576130351725787,-0.261574830288409
YNL099C,0.419454723596573,-0.382945358753204,0.0682404607817493,0.0698019705853654,0.302751558025678,0.569681872924169,-0.518913666252064,-0.244367599446248
YNL098C,1.90705668926239,0.27751836180687,0.217923706965447,0.0498124168045601,1.5077580233415,2.33159208297729,0.178331639016854,0.367652571984038
YNL097C,0.131795480847359,-0.883862316608429,0.0173593364266316,0.0572494677444457,0.101494996311764,0.167783479516705,-0.993555368634396,-0.77525081460209
YNL095C,0.0889733284711838,-1.05334198474884,0.00972299135743887,0.047622991119028,0.0718881941090028,0.107371158090731,-1.14334245099103,-0.969112393478311
YNL094W,0.0702591091394424,-1.15616869926453,0.0080594564523943,0.050067972382995,0.0558124668896198,0.0858039975787203,-1.25326878140966,-1.06649249029885
YNL091W,0.227791279554367,-0.644709169864655,0.023105666368531,0.0442579486740455,0.188358753919601,0.268958180149396,-0.72501419127896,-0.570315285227276
YNL088W,0.472064793109894,-0.328079670667648,0.0460822781131538,0.0426060325370686,0.394983947277069,0.551892507076263,-0.403420554375197,-0.258145502531167
YNL087W,0.506128489971161,-0.297875970602036,0.0501054861779918,0.0431592549153879,0.420692203193903,0.594628297289213,-0.37603553689496,-0.225754428094795
YNL085W,0.906957626342773,-0.0446064881980419,0.0909079159957379,0.0437247503063412,0.751473848025004,1.07066488265991,-0.124086130944662,0.0296535582397816
YNL084C,1.1536318063736,0.0591148696839809,0.134378062534919,0.0507279882430421,0.918552294373512,1.41778675019741,-0.0368961169801744,0.151610912144135
YNL083W,0.0580419301986694,-1.23949658870697,0.00708424999176816,0.0531226517880601,0.0455359121474127,0.0718910049647093,-1.3416459595234,-1.14332544558251
YNL082W,0.12671871483326,-0.899529993534088,0.0132128178577929,0.045449596115762,0.104234307818115,0.150651097297668,-0.981989314539798,-0.822027700707605
YNL078W,0.255647033452988,-0.59513133764267,0.0288787498744006,0.0491205115881032,0.204933484519521,0.31181542724371,-0.688387083030812,-0.506102401665275
YNL077W,0.11202609539032,-0.953417778015137,0.012558973535228,0.0488186922498886,0.0902190048868457,0.136342282344898,-1.04470198155341,-0.865369441682654
YNL075W,0.733598649501801,-0.138028457760811,0.093167147195479,0.0550739775442075,0.575755976140499,0.925739407539368,-0.239761549997671,-0.0335112485180777
YNL074C,0.442689299583435,-0.356465846300125,0.0480080207093879,0.047293934245631,0.359488604962826,0.533006517589092,-0.444314871980267,-0.273267499440965
YNL073W,0.0949755758047104,-1.02511537075043,0.0106260554384618,0.0487425578913898,0.0764734019214908,0.115446076231698,-1.11648960824178,-0.937620828079253
YNL068C,0.17719292640686,-0.753850281238556,0.0181613894836389,0.0447623592703396,0.14530611038208,0.210311102494597,-0.837716122457502,-0.677137800623527
YNL065W,0.0812940150499344,-1.09268653392792,0.00912598574524627,0.0488945009169454,0.0653201183304191,0.0990749821066856,-1.18495307689189,-1.00403599742898
YNL064C,7.92688131332397,0.896410942077637,0.883104394239021,0.0483804974931474,6.41236426035563,9.62017416954041,0.807018181646819,0.983182934652455
YNL062C,0.646083533763885,-0.192238733172417,0.069530700429609,0.0469503938813669,0.523559225102266,0.776334793865681,-0.281034184758841,-0.10995094926262
YNL058C,0.362916201353073,-0.443637073040009,0.0458852008238258,0.0546688682458983,0.281268500288328,0.458109024912119,-0.550878924990602,-0.339031230402086
YNL055C,10.3758602142334,1.01241421699524,1.34255870974867,0.0559690011621609,8.1140299320221,13.1263799667358,0.909236603795042,1.1181449715397
YNL053W,0.0970345735549927,-1.01581239700317,0.0108843714995468,0.0488599458957851,0.0784752918407321,0.118489475486179,-1.1052670620315,-0.926320230851908
YNL051W,0.140483319759369,-0.855241894721985,0.0161539147021296,0.0499236308753169,0.112609166279435,0.172794687375426,-0.948426258051221,-0.762469614671097
YNL050C,0.441057562828064,-0.359778016805649,0.0620665383016711,0.0609672569252657,0.331966148813566,0.574466148515542,-0.47890621142626,-0.240735563770672
YNL049C,0.218937650322914,-0.661989271640778,0.0225611065005943,0.0448390077158585,0.180994418263435,0.259910523394744,-0.742334819032139,-0.585176136895584
YNL048W,0.246776267886162,-0.610193431377411,0.0264679717752578,0.0466062820535621,0.201278567314148,0.297513723373413,-0.696202467499602,-0.526492996833292
YNL042W,0.0414279028773308,-1.38691020011902,0.00576335554897394,0.0605743983991708,0.0312851287735005,0.0533194321828584,-1.5046620540981,-1.27311448441945
YNL041C,0.201845690608025,-0.69731205701828,0.0208789048705622,0.0450542148782261,0.166436101247867,0.23964467557768,-0.77875246833163,-0.620432218746493
YNL040W,0.249412640929222,-0.605862319469452,0.0281728035262847,0.0492477671108284,0.198912665247917,0.303544831772645,-0.701337563420736,-0.517777165396973
YNL037C,1.73930895328522,0.2374177724123,0.202763391450555,0.050805434556889,1.3710702786843,2.14847262700399,0.137059712824684,0.332129824501984
YNL035C,0.398408114910126,-0.402625679969788,0.0464003894136485,0.0507549323146557,0.315552115440369,0.491782456636429,-0.50092890399816,-0.308226967915088
YNL032W,0.233411893248558,-0.636219501495361,0.0331623882847246,0.0614192606674783,0.17623184521993,0.306381253649791,-0.753915691659267,-0.513737824833408
YNL029C,0.0499347485601902,-1.30493295192719,0.00620246079708993,0.0538358817338966,0.0392850143524508,0.0624242278126379,-1.40577308826369,-1.2046468403915
YNL027W,0.256869733333588,-0.592757046222687,0.0273985834474731,0.0463657758517163,0.209767296910286,0.309539359559616,-0.678262218137051,-0.509284136565692
YNL026W,0.251533567905426,-0.602175414562225,0.0284360061914054,0.0491091603748682,0.201490961263577,0.307417506476243,-0.695744478759795,-0.512271404777928
YNL025C,0.0574641339480877,-1.24592173099518,0.00904293237113947,0.0679599948155071,0.0422327951838573,0.0770643650864562,-1.37435019547302,-1.11314657075192
YNL024C,0.0345443338155746,-1.47638416290283,0.00903095881186951,0.113981957282505,0.0193434283137321,0.0546514466404915,-1.71346655167046,-1.26239833765449
YNL023C,0.123690865933895,-0.9101921916008,0.0133324842761638,0.0469716808550913,0.100413021693627,0.149250645314654,-0.998209963670306,-0.826083782517979
YNL022C,0.320014983415604,-0.49734166264534,0.0343658164745527,0.0467816182654302,0.260255575180054,0.387053919831912,-0.584599958286212,-0.412228530776029
YNL021W,0.273834109306335,-0.564913511276245,0.0287375716256872,0.045758233611299,0.223903897032142,0.327687395860751,-0.649938348757114,-0.484540263530462
YNL020C,0.0799709334969521,-1.09989929199219,0.00911448971275942,0.0497194032130139,0.0636950780948003,0.0975294662018617,-1.19589415192703,-1.01086415282224
YNL016W,4.59924602508545,0.66010046005249,0.501321714603101,0.0474862316805123,3.72006246050199,5.56891626914342,0.570550223340295,0.745770687935731
YNL010W,6.53693819046021,0.81001615524292,1.038648365066,0.0680464667473338,4.81304532686869,8.86686546007792,0.68241994701173,0.947770091428502
YNL008C,0.125446930527687,-0.904126465320587,0.0136836397267984,0.0474653790401137,0.102106499113142,0.151627258211374,-0.990946614049481,-0.819222731175736
YNL006W,0.313385665416718,-0.507461428642273,0.0402210218066554,0.0554298022365122,0.244354932755232,0.39927169457078,-0.61197889327849,-0.398731479273203
YNL005C,0.46695801615715,-0.334081083536148,0.0582695995024048,0.0540081255335477,0.367374845594168,0.584857165813446,-0.434890585546034,-0.232950184641222
YNL004W,0.489657759666443,-0.312745422124863,0.0538199250982127,0.047956791316687,0.396445153405269,0.588370740413666,-0.401816892127295,-0.230348932805228
YNL003C,0.133888930082321,-0.877954483032227,0.0197395231967684,0.0639664707996099,0.0988633938754598,0.17536455206573,-1.00496448482918,-0.756058210635519
YNL002C,1.61445438861847,0.204943090677261,0.192558344043678,0.0517888021363305,1.2795825223128,2.00339069962502,0.107068298915684,0.301765650638827
YNL001W,0.438912600278854,-0.360659509897232,0.0518949890583133,0.0514264339821403,0.350787981351217,0.543346001207829,-0.454955298525224,-0.26492360741279
YNR001C,1.11670005321503,0.0453957468271255,0.120685793888542,0.0470298702173832,0.909239785373211,1.34662767748038,-0.0413215719887246,0.129247475622849
YNR002C,0.00539796240627766,-2.30488634109497,0.00223540954622184,0.182747259073146,0.00210774983279407,0.0107035850795607,-2.67618098814844,-1.97047073942233
YNR003C,0.501808822154999,-0.302955359220505,0.0638155067524292,0.0551135674537529,0.391789901256561,0.634114922086398,-0.406946794476218,-0.197832026878986
YNR006W,0.290139615535736,-0.539862871170044,0.0308925245015898,0.0463820354707568,0.236820066471895,0.34866835574309,-0.62558150132338,-0.457587481307032
YNR007C,0.186784714460373,-0.732665479183197,0.0254485736777612,0.059017421925836,0.142756471037865,0.240247046326598,-0.845404196853347,-0.61934194471387
YNR008W,0.365689635276794,-0.439254701137543,0.0381382192105332,0.0453868365143025,0.301997605214516,0.436587104201317,-0.519996500985718,-0.359929096892448
YNR009W,0.437793016433716,-0.363945454359055,0.0679571169182626,0.0674390420021483,0.316835433244705,0.58259303321441,-0.499166255106104,-0.234634713297039
YNR011C,0.123749315738678,-0.909839153289795,0.0129191378595605,0.0455622765631423,0.10142959797134,0.147107029333711,-0.993835299504204,-0.832366576712243
YNR012W,0.219334989786148,-0.661645889282227,0.0246698734313777,0.0489869586135469,0.176389113068581,0.266157242159049,-0.75352822351344,-0.574861714569395
YNR013C,0.407440781593323,-0.392188251018524,0.0414482290206222,0.0443039538220659,0.337880664567153,0.482543325424194,-0.471236665250771,-0.316463688714671
YNR019W,0.457845032215118,-0.341686457395554,0.0481180463487556,0.0457664224630694,0.376125700523456,0.548726058999697,-0.424666990915368,-0.260644415164073
YNR021W,1.77896428108215,0.247403129935265,0.200774179326697,0.0490309104504994,1.43707316815853,2.17528644800186,0.157478861785343,0.337516448341197
YNR023W,0.131407141685486,-0.884055256843567,0.0145669373604119,0.0482696278520102,0.106411803886294,0.159509270389875,-0.973010194864946,-0.797214083205625
YNR026C,0.413409918546677,-0.386159688234329,0.044651831742342,0.0470588006192132,0.335780213276545,0.498311135172844,-0.473944908995396,-0.302499431192593
YNR027W,0.152173236012459,-0.821321368217468,0.019759876293754,0.0564873467088383,0.117479957702259,0.192691908528407,-0.930036233728417,-0.715136522313905
YNR028W,0.413197070360184,-0.387154817581177,0.0510612161251997,0.0536973762731682,0.324512091527383,0.515478140612443,-0.488769117850914,-0.287789746722758
YNR029C,0.236333206295967,-0.629198908805847,0.0264449298019554,0.0487078114242965,0.19066845489045,0.287643001476924,-0.719721203572632,-0.541146193708599
YNR030W,0.432883679866791,-0.366174906492233,0.0468187118371554,0.0470978461458925,0.351328372955322,0.523947298526764,-0.454286787229322,-0.280712394524048
YNR031C,0.10104064643383,-0.997754216194153,0.0102546580215029,0.0442781427721067,0.0837372145305077,0.119019790676733,-1.07708149477312,-0.924380818072206
YNR032W,0.153592497110367,-0.816830098628998,0.0186039817243544,0.0528469121145935,0.120390436674158,0.189615910748641,-0.919408012437101,-0.722125223916988
YNR033W,0.262838006019592,-0.582514882087708,0.0264138266225825,0.0438285348931693,0.217324748635292,0.310474065194527,-0.662890814021288,-0.507974673468167
YNR034W,0.297046303749084,-0.530502259731293,0.0368351260765365,0.0537864868978278,0.233596926182508,0.371926177541415,-0.631532885989535,-0.42954325386143
YNR035C,1.67323768138885,0.220702201128006,0.192015466607893,0.04983846136365,1.3448220461607,2.05388802886009,0.128664816861882,0.312576754375432
YNR038W,0.320088505744934,-0.497027426958084,0.0329006367365939,0.0447127564540325,0.264541464298964,0.382209536184867,-0.577506246920894,-0.417698481815018
YNR039C,0.11525171995163,-0.940927565097809,0.0125431521312685,0.0473852180529171,0.0934252652650078,0.139338530103366,-1.02953566426668,-0.855928814467117
YNR040W,0.146304279565811,-0.841222941875458,0.0254692467413624,0.0750116979893669,0.102762036025524,0.203922319536408,-0.988167299638365,-0.690535280956601
YNR043W,2.05639123916626,0.310454994440079,0.226955869792682,0.0480577202706473,1.66279831628005,2.49036316871643,0.220839570967439,0.396262684709564
YNR044W,0.369312196969986,-0.434846431016922,0.037449035185697,0.0441865551245914,0.304864317178726,0.436652721464634,-0.515893404625293,-0.359863829123163
YNR048W,0.091201476752758,-1.04352259635925,0.0116470222967855,0.0553431588471976,0.0709477812051773,0.114897479427358,-1.14906118196007,-0.939689528567618
YNR051C,0.413685739040375,-0.385914176702499,0.045090336158038,0.0474269011982428,0.336672366162141,0.49861416220665,-0.472792532667288,-0.30223539033114
YNR052C,0.447278410196304,-0.352024137973785,0.0488293599926216,0.0476323038270808,0.360123524566491,0.540558469792207,-0.443548537309701,-0.267157325521589
YNR055C,0.20959036052227,-0.681102395057678,0.0223232550863596,0.0464020628396793,0.170987322057287,0.252048581838608,-0.767036089797115,-0.598515741794169
YNR057C,0.0293148048222065,-1.55053448677063,0.00837622831055674,0.124666633724312,0.0157746803481132,0.0484955691732466,-1.80203943335188,-1.31429796760222
YNR058W,0.00382630759850144,-2.43315100669861,0.00104073743425221,0.118376946010576,0.00213075144953715,0.00617707554483787,-2.67146725781333,-2.20921726406727
YNR060W,0.0310887843370438,-1.51056098937988,0.00375222017536371,0.0524861334152395,0.0244761480484158,0.0387849795321624,-1.61125693196629,-1.41133645498905
YNR063W,0.0416219495236874,-1.38367545604706,0.00488780183990424,0.051131726305144,0.0329610086667041,0.0512868201980988,-1.481999512213,-1.28999422821294
YNR064C,0.0109306834638119,-1.9831451177597,0.00346295165434885,0.139136770860089,0.0053961031526948,0.018826306409513,-2.26792012899038,-1.72523490200902
YNR067C,1.28031146526337,0.105186477303505,0.126463230962301,0.0430748574945615,1.06844234963258,1.502892100811,0.0287510934474463,0.176927800903213
YNR069C,0.00240225717425346,-2.6392514705658,0.000727715800494621,0.132865845961972,0.00122096512835318,0.00401221125309045,-2.91329678185378,-2.39661627145642
YNR071C,0.00625775521621108,-2.22249436378479,0.001855193043329,0.129404679386287,0.00328196732831808,0.0105456967915719,-2.48386574722188,-1.9769248547879
YNR074C,0.228201195597649,-0.644706904888153,0.0269221366991651,0.0513291761321169,0.1811842918396,0.282285784433286,-0.741879457117797,-0.549311026524161
YNR075W,0.067238487303257,-1.17669224739075,0.00947591724564022,0.0612944607001536,0.0504312478005886,0.0873443763082226,-1.29730028612986,-1.05876505276244
YOL158C,0.748274445533752,-0.128293111920357,0.0777250093779784,0.0453013094903887,0.61497746159633,0.890354053179423,-0.211140800485797,-0.0504372611797405
YOL152W,0.169953659176826,-0.772072196006775,0.0178501053782529,0.045784509570441,0.139268165454268,0.203226387500763,-0.856148145551366,-0.692019902677763
YOL151W,0.917753636837006,-0.0401291064918041,0.105208349188561,0.049858463931001,0.735892303784688,1.12484587828318,-0.133185781096662,0.051093021196342
YOL148C,0.142997547984123,-0.847241401672363,0.0155188439379873,0.0473327316982572,0.115982981522878,0.171992416804036,-0.935605731240226,-0.764490701475073
YOL145C,0.472209811210632,-0.328039109706879,0.0471171492318852,0.043535889644615,0.390459338823954,0.556555213034153,-0.408424186464112,-0.254491745155535
YOL144W,0.287235826253891,-0.544463694095612,0.031923448995636,0.0485835602516563,0.2307803551356,0.347352766990662,-0.63680116343428,-0.459229275691517
YOL142W,0.623341977596283,-0.211106538772583,0.102785264490619,0.071164486090111,0.44716414809227,0.851186573505402,-0.349533023793053,-0.0699752354936984
YOL141W,0.14190861582756,-0.850438356399536,0.0150378641860254,0.0461777094157758,0.115573280677199,0.170013858253757,-0.937142568837821,-0.769515677459446
YOL140W,0.0607746168971062,-1.21989095211029,0.00784930346515875,0.0560621220945137,0.0470323666930199,0.0764953992639979,-1.3276031668448,-1.11636468429612
YOL136C,0.233039334416389,-0.635539829730988,0.0272365153303856,0.050839592357458,0.185778422902028,0.287137865523497,-0.73100472848605,-0.54190961858371
YOL128C,0.0594943538308144,-1.22990012168884,0.0084533652673981,0.0617355576547707,0.0448522893401484,0.0773050426195065,-1.3482153885406,-1.1117922049455
YOL126C,0.674728453159332,-0.173711538314819,0.0769836470542622,0.0497857015549198,0.537702108422915,0.827909040947755,-0.269458266914695,-0.0820174075989927
YOL125W,0.129687950015068,-0.890111982822418,0.0152649547517678,0.051210660286276,0.102948912108938,0.160220430791378,-0.987378246619489,-0.795282130520835
YOL124C,0.497882038354874,-0.305623590946198,0.0560046513467891,0.0489458262902927,0.400371734797955,0.608229696750641,-0.397536590175331,-0.215932379292054
YOL123W,1.77144312858582,0.245981201529503,0.183574736401944,0.0452381691799121,1.45161088605722,2.10066957275073,0.161850216352757,0.322357739468209
YOL122C,0.243829071521759,-0.615463674068451,0.0264332086031367,0.0470675893051234,0.198976196845373,0.295804752657811,-0.701198877847517,-0.528994852601661
YOL119C,0.243225365877151,-0.616640090942383,0.0268633202432835,0.0480244248749319,0.197287405158083,0.295747950424751,-0.704900642468561,-0.529078256655695
YOL116W,0.169138729572296,-0.774969518184662,0.0205982900268256,0.0528689979642335,0.133720140904188,0.210165411233902,-0.873803187565666,-0.677438758080906
YOL115W,0.203878238797188,-0.693279623985291,0.0224864765283443,0.0480630759124393,0.165084694201748,0.246501952409744,-0.782293191523331,-0.608179636559488
YOL110W,0.0600655153393745,-1.23215627670288,0.0134856384406224,0.0970003609011514,0.0374786294996738,0.090616094879806,-1.42621629856365,-1.04279465778068
YOL107W,0.256685048341751,-0.593816041946411,0.0311916652488346,0.0529574866683634,0.200468884035945,0.320373296737671,-0.697953035845268,-0.494343689725053
YOL105C,0.0198985207825899,-1.70558083057404,0.00283609064769051,0.0618988515568483,0.0148988782350595,0.0258567527712633,-1.82684643537952,-1.58742601705846
YOL104C,0.001667435397394,-2.84299302101135,0.000902017080136149,0.249250069506778,0.000388776941690594,0.00396559252403677,-3.41029950093069,-2.40169207654736
YOL103W,0.151299238204956,-0.822769999504089,0.0165467356189886,0.0476820971404948,0.122406028211117,0.182941034436226,-0.912197193674469,-0.737688869535033
YOL102C,0.342735469341278,-0.472846865653992,0.0655595217179222,0.0823206875904679,0.233495155970256,0.487896869331598,-0.631722135893478,-0.311671980266458
YOL101C,0.15746958553791,-0.806767702102661,0.0213190703900359,0.0587328610505451,0.119065336945156,0.202883480737607,-0.924214665038218,-0.692753320658156
YOL100W,0.068525418639183,-1.16657543182373,0.00722643326147606,0.0460534673388417,0.0562455624962846,0.0816721389070153,-1.24991174704156,-1.08792607775059
YOL098C,0.598310768604279,-0.225228101015091,0.0594558241002165,0.0433558118382837,0.496663928031921,0.700554897884528,-0.303937381026657,-0.154557827308829
YOL097C,1.75520408153534,0.24174265563488,0.191259902358037,0.0474657322184578,1.42560364504655,2.12314510345459,0.153998646889378,0.326979676443982
YOL096C,0.189245745539665,-0.727247774600983,0.02658681111977,0.0610323561979794,0.142491549501816,0.244628740847111,-0.846210892278412,-0.611492520176739
YOL095C,0.0436918362975121,-1.36270153522491,0.00521813950451739,0.0519643163817003,0.0344867684567968,0.0543302639077107,-1.46234749909761,-1.26495818580041
YOL094C,0.438865572214127,-0.361082077026367,0.0549606945768572,0.0545456037410103,0.342854030430317,0.546126026411851,-0.464890745353883,-0.262707141802635
YOL093W,0.363441050052643,-0.44329908490181,0.0476611299048729,0.0570562911907135,0.280292192846537,0.462466339518627,-0.552388998789611,-0.334919951308157
YOL092W,0.83453243970871,-0.0818469226360321,0.102905268912355,0.0534839341382004,0.656662464141846,1.04839604596297,-0.182657807957836,0.0205253690017122
YOL091W,0.00320706982165575,-2.50871181488037,0.000840275358764021,0.114211810869238,0.00183794166271885,0.00511435137207931,-2.73566828643124,-2.29121008258435
YOL090W,0.406088590621948,-0.393610268831253,0.0410635191712556,0.0440974542403834,0.33624224041899,0.480246569464604,-0.473347729332133,-0.318535742710033
YOL088C,0.669346332550049,-0.178147479891777,0.0886074346657168,0.057531531560386,0.517365205784639,0.851178175210953,-0.286202782121108,-0.0699795515793789
YOL087C,0.12224492430687,-0.915036797523499,0.0124717774475459,0.0444362398554393,0.101372226079305,0.145068314671516,-0.994081016537522,-0.838427434365914
YOL084W,0.00116547045763582,-2.95439577102661,0.000357467158288333,0.137330668122575,0.000557939837259861,0.00196890044026077,-3.25341293487728,-2.70577624391193
YOL083W,0.0392407774925232,-1.4104151725769,0.00546071831675567,0.0599784878975394,0.029883508849889,0.051116925260673,-1.52456844289452,-1.29143528603158
YOL082W,0.143778994679451,-0.845287680625916,0.0168449757598635,0.0509602025332999,0.114465984950463,0.177188795432448,-0.941323550382833,-0.751563744612297
YOL080C,0.277386397123337,-0.560785293579102,0.037109743605841,0.0580046303675819,0.211651280522346,0.354662233094374,-0.674379099634541,-0.450185057021148
YOL078W,0.0582166872918606,-1.23734974861145,0.0061073210893093,0.0457240479618839,0.0479178554068009,0.0694358381753166,-1.31950262751172,-1.15841631769437
YOL076W,0.377528667449951,-0.425362646579742,0.0389050783632994,0.0448986568779114,0.31025093793869,0.451070070266724,-0.508286896884892,-0.345755988573392
YOL073C,0.121493332087994,-0.919331908226013,0.0162537137502379,0.0581983637142377,0.0920199397330483,0.15556347531577,-1.03611812068308,-0.808092363242296
YOL072W,0.0708008036017418,-1.15315663814545,0.00856373155693073,0.0528386286425701,0.0552630163729191,0.0873399599144856,-1.25756543936868,-1.05878701269659
YOL070C,0.562729954719543,-0.252232044935226,0.0606283209200851,0.0469814968315406,0.458364424854517,0.676664486030738,-0.338789096777847,-0.169626620087892
YOL069W,0.148701936006546,-0.830525696277618,0.0170050193373338,0.0497894871647381,0.118481445002059,0.181835536286235,-0.926349670159618,-0.740321240478445
YOL066C,0.149728208780289,-0.827286243438721,0.0163290271983197,0.0475050485745107,0.121191209182143,0.180684432387352,-0.916528881463695,-0.74307926425987
YOL065C,0.163883820176125,-0.788698613643646,0.0200018259293895,0.053078350805005,0.128727704783281,0.203900024294853,-0.890327983426802,-0.690582841532117
YOL064C,0.786921262741089,-0.1070217192173,0.0917440221694494,0.0507121533024939,0.6253235394756,0.967656451960405,-0.203895235371827,-0.0142788034768272
YOL062C,0.191407635807991,-0.720655381679535,0.0209644496398513,0.047743083160325,0.155207394560178,0.23123926371336,-0.809087592772467,-0.635938423909405
YOL060C,0.254327088594437,-0.596941769123077,0.0262634191351257,0.0451695440821457,0.209244191646576,0.301485275228818,-0.679346588631486,-0.520733894349083
YOL058W,0.294555455446243,-0.53345912694931,0.0323655372212043,0.0478279045555396,0.2370265904814,0.357875266422828,-0.625202932477287,-0.446268316486181
YOL057W,0.584382116794586,-0.235625982284546,0.0603745550195761,0.0449747650142797,0.482622444629669,0.695891373356183,-0.316392484847142,-0.157458552109573
YOL056W,0.266387820243835,-0.577984929084778,0.0338598099156038,0.0551984706577183,0.207322250927488,0.336071358124415,-0.68335418519407,-0.473568499905457
YOL055C,0.093508206307888,-1.03184914588928,0.0104188443756765,0.0484803498607613,0.0755642130970955,0.113581174301604,-1.12168383590358,-0.944693650001007
YOL052C,0.633174359798431,-0.20133313536644,0.0726906290036855,0.0498402949745615,0.506875057021777,0.778871357440948,-0.29509908239316,-0.108534266803778
YOL051W,0.363765001296997,-0.441529542207718,0.0377335229968995,0.0452754242052174,0.298186667760213,0.435234636068344,-0.525511778383355,-0.361276550683939
YOL049W,0.623669445514679,-0.207448661327362,0.0655764279392495,0.0457397365239187,0.51139672100544,0.746329085032145,-0.291242149416692,-0.127069633294051
YOL048C,0.0632146447896957,-1.20349252223969,0.00892351218186309,0.0612870416648459,0.047647874802351,0.0820794776082039,-1.32195646506122,-1.08576541627461
YOL047C,0.00557740172371268,-2.27088832855225,0.00157791078799618,0.124044326464863,0.0029389536609718,0.00917870372068137,-2.53180757409558,-2.03721867035295
YOL044W,0.105539172887802,-0.979539930820465,0.0123163584676633,0.0507024465348002,0.0839706592261791,0.130198590457439,-1.07587243911084,-0.8853937546118
YOL043C,0.0286112241446972,-1.54886531829834,0.00455119742967509,0.0684256640959887,0.0207686140046765,0.0383121324082216,-1.68259268591507,-1.41666371967425
YOL042W,0.121699191629887,-0.918074786663055,0.0151920197673014,0.0540680608583713,0.0952185408522685,0.153199488172929,-1.0212784787397,-0.814742701437869
YOL041C,1.17725718021393,0.0683315247297287,0.126921517765754,0.0470914017851896,0.955293657382329,1.41270439724127,-0.0198631099611656,0.150051294703792
YOL033W,0.0689120814204216,-1.16468667984009,0.00806297158260507,0.0509797763907518,0.0545593100289504,0.0845216140151024,-1.26313113656015,-1.07303221830264
YOL032W,0.40737384557724,-0.395104765892029,0.0628585958961186,0.0664885305704003,0.300586699446042,0.543786785006523,-0.522030241201698,-0.264571354017552
YOL031C,0.323385298252106,-0.49308243393898,0.036737742610189,0.0494063543821375,0.259293909370899,0.396752469489972,-0.586207684385359,-0.4014805184748
YOL030W,1.72961735725403,0.235536992549896,0.181972487628593,0.0458636227927955,1.41180922587713,2.07109071214994,0.149776007636364,0.3161991205284
YOL028C,0.307089120149612,-0.518484890460968,0.0506518002386257,0.0704119363313749,0.223497653504213,0.41818392748634,-0.650727046595212,-0.378632676864598
YOL027C,0.643175363540649,-0.194143623113632,0.0685473684060987,0.0464315975326847,0.526503271857897,0.770812011758486,-0.27859895169745,-0.113051526432858
YOL023W,0.0481115505099297,-1.32060766220093,0.00551320054377303,0.0498874504909984,0.0385522544384003,0.0589897670162221,-1.4139502204268,-1.22922341169179
YOL022C,0.578090012073517,-0.24070505797863,0.0642323288344582,0.0485761962092378,0.462137579917908,0.701572364568711,-0.335228714261261,-0.153927540147828
YOL021C,0.602399289608002,-0.222295939922333,0.0601560046915527,0.0436109712149521,0.497858645021915,0.705458898842335,-0.302893949478289,-0.15152828600626
YOL020W,0.261315643787384,-0.58540940284729,0.0283375443042293,0.0474270632033058,0.210489451885223,0.314029627044996,-0.676769662787087,-0.503029388070929
YOL019W,0.292019367218018,-0.53707093000412,0.0311564408421291,0.0465187878010758,0.236334705352783,0.350022505968809,-0.626472498952945,-0.45590405564669
YOL018C,0.231842577457428,-0.637681424617767,0.0266758874969836,0.0500258206774331,0.185404911637306,0.28482985496521,-0.731878765189084,-0.54541449127428
YOL016C,0.313506126403809,-0.506548643112183,0.0355044627393125,0.0493678141333968,0.25207875991861,0.382089174787204,-0.598463747707797,-0.417835270640124
YOL015W,0.0010056741302833,-3.03674054145813,0.000430582881236509,0.187510807997418,0.000376582342384305,0.00201571757206693,-3.42414007249214,-2.6955703187945
YOL013C,0.144880026578903,-0.841593146324158,0.015854704232497,0.0475952842107259,0.117010719267031,0.175253692020973,-0.931774361486045,-0.756332836555302
YOL011W,0.0669556707143784,-1.17683041095734,0.00734025396931234,0.0477941080556996,0.0537744964162509,0.0812630912909905,-1.26942367418767,-1.09010666331209
YOL009C,0.072893813252449,-1.14416551589966,0.0130543678059491,0.0771393649887122,0.0505614206194878,0.101407870650291,-1.29618073222296,-0.993928336449052
YOL006C,0.462908118963242,-0.336799770593643,0.0474037042154581,0.0447424253502717,0.37925669029355,0.548467916250229,-0.42106675066352,-0.260848787863837
YOL003C,0.155763372778893,-0.810670971870422,0.0187193969734563,0.0522537404106425,0.122916691750288,0.193608508134882,-0.910389138369016,-0.713075561524039
YOL001W,0.0289773251861334,-1.54600894451141,0.00562950612800971,0.0837599227937601,0.0197677387079845,0.0414423442445696,-1.70404301042938,-1.38255569730644
YOR001W,0.373967677354813,-0.42952236533165,0.0388772625540728,0.0453157443290964,0.30583324059844,0.445538427432378,-0.514515339713652,-0.351114864132801
YOR002W,0.262966245412827,-0.582581400871277,0.028091628546901,0.0464857174374974,0.214798845599095,0.316410161554813,-0.667968083327811,-0.499749586894994
YOR004W,0.885185360908508,-0.0575481951236725,0.129021679609001,0.0631230376606624,0.661092764635881,1.17034244537354,-0.179737611693329,0.0683129560843727
YOR005C,0.039715800434351,-1.40377223491669,0.00445474942111344,0.0488278293600669,0.0319984113487105,0.0482158377456168,-1.49487159138774,-1.31681028503293
YOR007C,4.15161609649658,0.615456223487854,0.467694747772806,0.0490495809627078,3.33765890598297,5.05450736284256,0.523441951188486,0.703678830544421
YOR008C,0.542017698287964,-0.268859922885895,0.0626227135281313,0.0499033931539721,0.438469808548689,0.670751498142878,-0.358060308627314,-0.173438351229035
YOR009W,0.0412072390317917,-1.38893103599548,0.00551984305201951,0.0583864937404892,0.0313737242482603,0.0526616025716066,-1.50343392925838,-1.2785059364725
YOR017W,0.0690402984619141,-1.16351222991943,0.00756558749176333,0.0477216767841864,0.0561054684221745,0.0832209885120392,-1.25099480963464,-1.07976712989402
YOR018W,0.132729113101959,-0.879468381404877,0.0140140940024435,0.0460830890320372,0.108523763716221,0.158840565631787,-0.964475152868037,-0.799038588999833
YOR022C,0.0816399902105331,-1.09072816371918,0.00895473106064291,0.0479425591740696,0.0660410225391388,0.0983077639713884,-1.18018621100483,-1.00741219379729
YOR023C,0.220652177929878,-0.658913493156433,0.0241958426190194,0.0478039134487046,0.177852807442347,0.26642829750975,-0.749939282328621,-0.57441965213386
YOR025W,0.210747018456459,-0.678990662097931,0.0236890476480511,0.0489659747710917,0.169459768757224,0.256252264231443,-0.770933413943998,-0.591332288522656
YOR026W,0.0710276141762733,-1.15244281291962,0.00946753759321573,0.0581480939777574,0.0538654209114611,0.0902015939354897,-1.26868996752744,-1.04478578805372
YOR032C,0.000794238934759051,-3.16118764877319,0.00041606919713772,0.239409830495084,0.000207109260615349,0.00180891561418927,-3.68380114338326,-2.74258181358231
YOR033C,0.0710577666759491,-1.15103912353516,0.00784628286186135,0.0480516105737205,0.0576476119458675,0.0860297784209251,-1.23921867865919,-1.06535119886322
YOR034C,0.113446310162544,-0.947793245315552,0.0123551655033236,0.047444701262905,0.0923379096512993,0.137082008024057,-1.03461996154772,-0.863019546834944
YOR035C,0.169675469398499,-0.772887229919434,0.0182043109044988,0.0467203066281075,0.138657400757074,0.203790634870529,-0.858056948391705,-0.69081577772657
YOR037W,0.116470411419868,-0.937537670135498,0.0153110657690524,0.0571794897277493,0.0891735571126143,0.148285867397984,-1.04976390910752,-0.828900238863493
YOR038C,0.136235520243645,-0.867966115474701,0.0138702361103722,0.0443289725046487,0.112541311979294,0.162319608529409,-0.948688026371372,-0.78962901682561
YOR040W,0.126435682177544,-0.902989268302917,0.0188804679029259,0.0651848217927417,0.0923402953272065,0.166032797843218,-1.03460874650903,-0.779806174434901
YOR042W,0.659098386764526,-0.183629840612411,0.0717317183151556,0.0474223844706649,0.532944978276889,0.795903501411279,-0.273317663563565,-0.0991395860865794
YOR043W,0.261038392782211,-0.585919320583344,0.0285949859700524,0.0478416549390847,0.2108068972826,0.315047591924667,-0.676115198798294,-0.501623835578535
YOR046C,2.04989457130432,0.309366345405579,0.213381961477653,0.0454089128672692,1.68380998770396,2.44424388408661,0.226293079662154,0.388144534475866
YOR047C,0.156756669282913,-0.807791590690613,0.0184836210925327,0.0512492525777454,0.124565117992461,0.194008215268453,-0.904603561619649,-0.712179879894748
YOR048C,0.384227901697159,-0.417585790157318,0.0383729103126917,0.0435353454805645,0.319125051548084,0.451659185687701,-0.496039117069484,-0.345189152866237
YOR049C,0.0738817229866982,-1.13535237312317,0.00992071230279865,0.0581157759332079,0.0567563475730518,0.0948816123728951,-1.24598560976745,-1.02281797004034
YOR051C,0.992390990257263,-0.00599535275250673,0.110023906694574,0.0483180656889857,0.800489248832067,1.20039276182652,-0.0966444966486711,0.0793233680323263
YOR054C,0.115623451769352,-0.93947696685791,0.0124365233055133,0.0468980638070369,0.0938207279890776,0.139072485888998,-1.02770120451405,-0.856758782633394
YOR056C,0.541404724121094,-0.269072204828262,0.0590570826701418,0.0475758619114757,0.437078237533569,0.653989398479462,-0.359440816833097,-0.184429292020728
YOR057W,0.365524560213089,-0.439745545387268,0.0404363423435844,0.0481499980275628,0.295156598091125,0.443299887826045,-0.529947503879215,-0.353302378725719
YOR058C,0.133119881153107,-0.878050565719604,0.0136674252148792,0.0446973611631866,0.109933572883407,0.1582048582534,-0.958869657209162,-0.800780187353694
YOR059C,0.0623933412134647,-1.20817017555237,0.00770167798780173,0.0536552009960425,0.0488869249820709,0.0782800945142906,-1.31080727926957,-1.10634905149964
YOR061W,0.758326947689056,-0.123160861432552,0.0893076367372217,0.0512945908656071,0.600861604015032,0.931003693242868,-0.221225566323004,-0.0310486000555311
YOR063W,31.4103374481201,1.49445152282715,3.44695964027993,0.0477883422468949,25.3497201124827,38.0791467348735,1.40397314833736,1.5806872079946
YOR065W,0.493640631437302,-0.30952924489975,0.0575132786763942,0.0505750370984771,0.393949734171232,0.611378023525079,-0.404559192163537,-0.21369017640912
YOR066W,0.151941329240799,-0.820778429508209,0.0161092980836934,0.0462664324534735,0.123214179339508,0.18189945196112,-0.909339312402577,-0.740168609450988
YOR067C,0.355203330516815,-0.451893150806427,0.0370357435453675,0.0454558532242916,0.290982983012994,0.42398695324858,-0.536132408477557,-0.372647511874752
YOR069W,0.354651987552643,-0.452573090791702,0.0370652476007127,0.0454682906076814,0.291398849338293,0.424380895495415,-0.535512172035575,-0.372244175133949
YOR070C,0.115565828979015,-0.939689159393311,0.0124237726781826,0.0468547822147462,0.0941411352405945,0.138880650699139,-1.02622056887629,-0.857358260694656
YOR075W,0.176920801401138,-0.75555956363678,0.021994630104562,0.0538636226491077,0.139262069265048,0.223592144126693,-0.856167156093757,-0.650543459403124
YOR076C,0.128936916589737,-0.891942858695984,0.013320822895632,0.0449541639301425,0.106607903788487,0.153158450126648,-0.972210596687997,-0.814859052704504
YOR077W,0.19354359805584,-0.721613109111786,0.0385960610635021,0.0852109775850897,0.130138020217419,0.279337082058191,-0.885595974190825,-0.553871413568126
YOR079C,0.233696430921555,-0.634984076023102,0.0303340610576007,0.0562097484066537,0.182790391892195,0.297309261312087,-0.738046636252752,-0.526791564659136
YOR083W,0.140870213508606,-0.855540931224823,0.0199786166458828,0.0616602870485443,0.105471082776785,0.183117843791842,-0.976866599300729,-0.73726933523296
YOR084W,0.00402018148452044,-2.41643762588501,0.0012364264302609,0.135894347061041,0.00199661238196616,0.00680383490786578,-2.69970625780386,-2.16724701640451
YOR085W,1.02682280540466,0.00860828813165426,0.118342304572462,0.0501471182347606,0.823843122522036,1.25772711137931,-0.0841554794568,0.0995864195583961
YOR086C,0.641264617443085,-0.195095404982567,0.0634017099521911,0.0431039968342137,0.5336913600564,0.754615231355031,-0.272709829255478,-0.122274433168695
YOR087W,0.245648443698883,-0.612058818340302,0.0256075498886726,0.0454650669965877,0.200557116915782,0.293326762070258,-0.697761938361337,-0.532648312059154
YOR090C,0.252979159355164,-0.599508285522461,0.0275950454194397,0.0475516163370266,0.204529140144587,0.305971750617027,-0.689244885111689,-0.514318693262842
YOR091W,1.37507104873657,0.1354670971632,0.157805915496866,0.0498762131375531,1.10216031968594,1.68462092677752,0.0422447398718809,0.226502077049197
YOR092W,0.130158022046089,-0.88831228017807,0.0147231303713319,0.0492616528897869,0.104522633055846,0.158807815238833,-0.980789661121142,-0.799128143738357
YOR098C,0.412258237600327,-0.387072294950485,0.0417966977454375,0.04421465244786,0.340934712439775,0.485652565956116,-0.467328780093466,-0.313674312317587
YOR099W,1.7559802532196,0.241875737905502,0.193580135362424,0.0479951475398972,1.42000040809313,2.13591908017794,0.152288468582168,0.329584794541448
YOR100C,0.00380737870000303,-2.45302057266235,0.00150104762595821,0.17391345790619,0.00153286512941122,0.0073826782250156,-2.81449624132908,-2.13178606797594
YOR101W,0.400117784738541,-0.401330292224884,0.0509194890421953,0.055381957254978,0.309318511436383,0.504913653930028,-0.509594099617633,-0.296782884955918
YOR106W,0.205623149871826,-0.691262245178223,0.0290547067709975,0.0615011867522812,0.153816789388657,0.265747151772181,-0.812996257896804,-0.575531393533335
YOR107W,0.0102175464853644,-2.00717544555664,0.00283314136804364,0.120526044384535,0.00561053946536655,0.0166367546965679,-2.25099537839882,-1.77893164984655
YOR109W,0.422986090183258,-0.375811666250229,0.0418189517435283,0.0431862320540455,0.351669585456451,0.495685819536448,-0.453865190527935,-0.304793521743338
YOR110W,0.26076540350914,-0.586672782897949,0.0302765223638759,0.0504233812907159,0.209154097487529,0.320848451803128,-0.679533633724987,-0.493700052284779
YOR112W,0.27172002196312,-0.5682452917099,0.0283207081487576,0.0454219295252383,0.222834229469299,0.323951716969411,-0.652018096587078,-0.489519714894438
YOR113W,0.129120990633965,-0.891380786895752,0.0135019435458671,0.0455029754155414,0.106229728149871,0.15433457493782,-0.973753930200109,-0.81153676983686
YOR114W,0.0803002491593361,-1.1011598110199,0.0132278993750411,0.07157688304504,0.0572345156533023,0.108913064002991,-1.24234199031984,-0.962920023971275
YOR115C,0.215738475322723,-0.67084264755249,0.0320416331907481,0.0644663775430942,0.160138175388177,0.28337393378218,-0.795505124261197,-0.54764011397259
YOR116C,0.534703493118286,-0.273933887481689,0.0517461331703472,0.0422687695337393,0.445978671560685,0.625203011929989,-0.3506859211364,-0.203978942427752
YOR117W,1.77512848377228,0.24671271443367,0.190885731348574,0.0468449198053176,1.44157338738441,2.13758505980174,0.158836755330713,0.329923404996073
YOR118W,0.150309711694717,-0.825671851634979,0.0166265776045237,0.048149504801223,0.121462738638123,0.182323376958569,-0.915556974003058,-0.739157645522852
YOR119C,0.210500121116638,-0.67951238155365,0.0237027926710107,0.0490923527271984,0.168461985886097,0.2579077295959,-0.773498086791817,-0.588535641755618
YOR120W,0.114536844193935,-0.945524632930756,0.0164707346004632,0.0623661093514132,0.0854357526948055,0.149934976672133,-1.06836035225221,-0.824097045755983
YOR123C,0.724725186824799,-0.142471820116043,0.0797973863900139,0.0480319825794739,0.584991378088792,0.872470244268576,-0.232850548892939,-0.0592493773265178
YOR124C,0.418074816465378,-0.380969941616058,0.0422115790892725,0.0440192845094153,0.346910627434651,0.49317947079738,-0.459782395588239,-0.306995009790379
YOR125C,0.28379699587822,-0.554743528366089,0.0542978085979637,0.0819191962085544,0.193612409631411,0.405453409254551,-0.713066998042647,-0.392059043717971
YOR126C,0.257247179746628,-0.597060024738312,0.0479820525567848,0.0801997888749274,0.177204638719559,0.363220861554146,-0.751524913690846,-0.439829217032224
YOR127W,0.101517722010612,-0.995853424072266,0.0106367246492384,0.0457265150095036,0.0830699364965161,0.121022655752798,-1.0805561265615,-0.91713332333814
YOR128C,0.926924526691437,-0.0352682173252106,0.0955010392219237,0.0448816575515128,0.760944806536039,1.10574685533841,-0.118646842687791,0.0436557129408634
YOR130C,0.0950004234910011,-1.02806985378265,0.0155906742582221,0.0710047775582776,0.0686215683817863,0.129140623534719,-1.1635393601392,-0.888937125868852
YOR132W,0.34627029299736,-0.463205277919769,0.0380235093108048,0.0477609993829057,0.280029567082723,0.420645939807097,-0.552796111008686,-0.376083298694173
YOR134W,0.00142475485336035,-2.89141869544983,0.000647338472104291,0.203262502640002,0.000480553339002654,0.00303766503930092,-3.31825840081774,-2.51746011711032
YOR136W,2.94053721427917,0.465346097946167,0.350429478748273,0.0517628415381571,2.33060894211133,3.64708824753761,0.367469403551024,0.56194624470744
YOR138C,0.195270121097565,-0.711843430995941,0.0208399100713738,0.0464849360816817,0.159474881614248,0.234597109879057,-0.797307712582109,-0.629677350390938
YOR140W,0.1067189052701,-0.974268078804016,0.0114678923750866,0.046734669358893,0.0870434353748957,0.128728187953432,-1.06026398614194,-0.890326347914157
YOR142W,2.13157963752747,0.325726926326752,0.249683336037015,0.0508602266379511,1.7000985711813,2.64263755281766,0.230474095526293,0.42203758875912
YOR143C,0.188963428139687,-0.727637767791748,0.0257721557074413,0.0590913150523736,0.144579263900717,0.242127011964719,-0.839893994838378,-0.61595676693814
YOR144C,0.0609516613185406,-1.21758651733398,0.00662733170309215,0.04732977035571,0.0492780816120406,0.074048303378125,-1.30734621953033,-1.13048488802504
YOR145C,1.25248575210571,0.0943144932389259,0.158031488255085,0.0549055291740788,0.970485122005145,1.57104828953743,-0.0130111253878914,0.196189518774132
YOR147W,0.0770845115184784,-1.11578547954559,0.00866338997516886,0.0490059380625131,0.0620252378284931,0.0936623231197397,-1.20743156180135,-1.02843507868248
YOR149C,0.0634779632091522,-1.20040452480316,0.00750317788566942,0.0512950992409041,0.0503774359201392,0.0785845816135406,-1.29776397350146,-1.1046626546859
YOR151C,1.02593731880188,0.0089774951338768,0.10175112026855,0.0432212775653061,0.856633065144221,1.20653352240721,-0.0672051663102728,0.0815393879073019
YOR152C,0.056829210370779,-1.25343608856201,0.010958052713908,0.0835695111258674,0.0381156145595014,0.0811749224240581,-1.4188973512147,-1.09057812500371
YOR153W,6.71618032455444,0.825047433376312,0.653952664604624,0.0425465169002664,5.60207790136337,7.82780742645264,0.748349113631221,0.893640132946909
YOR154W,0.0739218965172768,-1.13409471511841,0.00849429442409437,0.0499685108225015,0.0591365643156071,0.0907226409763098,-1.228143910509,-1.0422843158123
YOR155C,0.204600691795349,-0.692051291465759,0.0238352407809514,0.0508018644379468,0.162590740372737,0.250994748125474,-0.788904195090736,-0.60033538037405
YOR156C,0.0821598544716835,-1.08790874481201,0.00893000016265827,0.0472932794747716,0.0668111836537719,0.0996378442272544,-1.17515083404328,-1.00157567802495
YOR157C,2.73353171348572,0.432454735040665,0.386274641479322,0.0607757759908291,2.08184390862783,3.58806751767795,0.318448142341967,0.554860289730028
YOR158W,0.244204714894295,-0.615724682807922,0.0308549184387919,0.0550958066485842,0.188911109293501,0.307510990649462,-0.723742501778043,-0.512139358489323
YOR160W,0.192751958966255,-0.717326700687408,0.0199060779763687,0.0450274817300064,0.158264338970184,0.229187667369843,-0.800616931841312,-0.639808755541147
YOR161C,0.115895666182041,-0.938604414463043,0.0128438517337039,0.0482658991089617,0.0930856033538779,0.140887141227722,-1.03111749862082,-0.851128643148167
YOR165W,0.657341539859772,-0.184477478265762,0.0670301253495648,0.0444752319923588,0.542981878419717,0.778557618459066,-0.26521469250213,-0.108709241503068
YOR168W,2.58067393302917,0.409541010856628,0.258737235007797,0.0436963379706513,2.14284714857737,3.04494807521502,0.330991192009476,0.483579887862795
YOR171C,0.384842276573181,-0.417045205831528,0.0397104056219715,0.0450839482724447,0.31464347243309,0.456998879214128,-0.502181273659687,-0.340084866417217
YOR172W,0.0380963794887066,-1.42196524143219,0.00436873260033723,0.0497130738803029,0.0306124400968353,0.0466065576610466,-1.51410210417393,-1.33155297398924
YOR173W,0.0696642175316811,-1.16076743602753,0.00919339785434599,0.0573684771726724,0.0534389193480213,0.0881407450263699,-1.27214233726276,-1.05482328296947
YOR175C,0.621898949146271,-0.208642140030861,0.0648865288641004,0.0453191172766543,0.513381270070871,0.743782260517279,-0.289559982945306,-0.128554184454301
YOR176W,0.892480552196503,-0.052100695669651,0.0993299773179901,0.0485220711106793,0.717635260522366,1.08363273143768,-0.144096231466381,0.0348821141551374
YOR178C,0.00192249927204102,-2.73070788383484,0.000499967881805576,0.113231512364612,0.00109057184599806,0.00308761767616186,-2.96234576546331,-2.51037776587233
YOR180C,0.00471606012433767,-2.36905527114868,0.00209281357076794,0.196695201758142,0.00163851313118357,0.00973488085437566,-2.78555008118494,-2.01166935947068
YOR181W,0.260135173797607,-0.587303817272186,0.0278851656502646,0.0466861546796872,0.211357250809669,0.312931758413712,-0.674982848697921,-0.504550359532785
YOR184W,2.36733341217041,0.371466964483261,0.268427857013735,0.0493032064807794,1.89945492446423,2.90580112139384,0.278628988708713,0.463265882750543
YOR187W,1.88288128376007,0.272301495075226,0.202646544804237,0.0468675662146387,1.52535660564899,2.27665514747302,0.183371386647563,0.357297243892719
YOR188W,0.171808257699013,-0.767189919948578,0.0173980735306403,0.0441247508528946,0.142196826760968,0.203387275338173,-0.847110096616083,-0.691676221635906
YOR193W,0.039836410433054,-1.40467691421509,0.00604741209525981,0.0655977879599405,0.0295838873212536,0.0525720880987744,-1.52894478560015,-1.27924478143827
YOR194C,0.629301488399506,-0.205130785703659,0.0857304006656135,0.0588493771242867,0.479603832215071,0.81388271600008,-0.319117356093533,-0.0894381743943539
YOR195W,0.263979941606522,-0.580833375453949,0.0277304311167823,0.0457425513933075,0.216591966773073,0.315370905896028,-0.664357655662677,-0.501178374869335
YOR196C,0.250922948122025,-0.603377461433411,0.0291016371457211,0.0503937142741091,0.199782476077477,0.307779802630345,-0.69944261059882,-0.511759883302268
YOR197W,1.43725550174713,0.15493543446064,0.156768926553969,0.0476252082464404,1.16642913619677,1.73720407485962,0.0668583456820237,0.239850839390958
YOR198C,5.22815465927124,0.715838253498077,0.561358910382061,0.0467441441022671,4.27201960881551,6.2957615852356,0.630633237421825,0.799048272159363
YOR201C,0.147930011153221,-0.833099126815796,0.0178468400893198,0.0523871718547723,0.116879422590137,0.184571761389573,-0.932261942584878,-0.733834772901811
YOR206W,0.959476172924042,-0.0201919749379158,0.0968664513553904,0.044069373331526,0.793325006961823,1.13498514890671,-0.100548855792786,0.0549901788462301
YOR207C,0.515230417251587,-0.290074229240417,0.0502941816609611,0.0425222303933859,0.431509758283695,0.60410612821579,-0.365009379285666,-0.21888675864762
YOR209C,1.3212183713913,0.118416137993336,0.14341439638672,0.0471968923467536,1.07568597793579,1.59211884935697,0.031685507432619,0.201975483986382
YOR211C,0.255199611186981,-0.595416307449341,0.0261732514752487,0.0447599119057587,0.20997743755579,0.302069723357757,-0.677827368604027,-0.519892807659639
YOR213C,0.14841017127037,-0.835214138031006,0.0262953532505218,0.0760860724022485,0.103662191828092,0.205697575956583,-0.984379614383705,-0.686770826225872
YOR214C,0.00305651407688856,-2.63627910614014,0.00231484467286172,0.34439011059476,0.000423852761741728,0.00888878710102291,-3.37278498271952,-2.05115791336356
YOR216C,0.327150106430054,-0.487901121377945,0.0361131795177192,0.0480293285499609,0.26395388096571,0.397781749069691,-0.578472016807988,-0.400355150354629
YOR217W,0.41453817486763,-0.384645372629166,0.0417299942671473,0.0438891064635627,0.343997518966595,0.489957521607478,-0.463444692422744,-0.309841570874691
YOR219C,0.119391061365604,-0.925324440002441,0.0122343693025026,0.0447466558398638,0.0984864192083478,0.140981554985046,-1.00662366665447,-0.850837703601448
YOR220W,0.522003054618835,-0.286338627338409,0.0711633736948434,0.0590622687587551,0.397521793842316,0.670013881226381,-0.400639056476698,-0.173916200028192
YOR221C,0.245368778705597,-0.613264977931976,0.0293274679986816,0.0517460004355441,0.195564085617661,0.305199026068052,-0.708710898574971,-0.515416885268591
YOR222W,0.205682396888733,-0.691120982170105,0.0291788355784038,0.0611994972261626,0.155454561114311,0.268683951844772,-0.808396531017273,-0.570758285114889
YOR223W,0.208396732807159,-0.685871660709381,0.0309122589502628,0.0644266551023317,0.15426207544903,0.274002363532782,-0.811740836348746,-0.562245703826549
YOR228C,0.0476163774728775,-1.32849836349487,0.00809078045462838,0.073903039737523,0.0337412655353546,0.0650642372046908,-1.47183863233629,-1.18665765954024
YOR229W,0.162300929427147,-0.792620241641998,0.0189235769960034,0.0505537130198249,0.12996762059629,0.199453924223781,-0.88616489463012,-0.700157422804746
YOR230W,2.7959144115448,0.44384178519249,0.310890427577419,0.048293700977641,2.26250699361165,3.4005178908507,0.354589892640083,0.531545060664285
YOR231W,0.114983327686787,-0.942310035228729,0.013342827880131,0.0506777786674869,0.0911013803755244,0.140677563970288,-1.04047504618883,-0.851775161875834
YOR232W,2.75341248512268,0.433792531490326,0.464082109955317,0.0726178516421181,1.98684452176094,3.76568025151889,0.298163870514561,0.575843298508102
YOR233W,0.145886823534966,-0.838286161422729,0.0150027130729345,0.0447945708665886,0.120274007196228,0.173355951905251,-0.919828225601877,-0.761061242930384
YOR237W,0.0201241876929998,-1.70183634757996,0.00322594177135297,0.0695718559627252,0.0144131128443405,0.0271473193385949,-1.84124224373255,-1.56627334898432
YOR238W,0.191029965877533,-0.722473680973053,0.0244513881979864,0.0559156675228308,0.146737828602393,0.240704397608836,-0.833457913749184,-0.61851597521208
YOR242C,0.00368896941654384,-2.45424890518188,0.00114626460862283,0.137672753887252,0.00181299663575677,0.00620627216994762,-2.74160306206436,-2.20716918277787
YOR243C,0.690941572189331,-0.162814050912857,0.0701755176128358,0.0443600265667378,0.569142496089141,0.815343346695105,-0.244778990692198,-0.0886594703165766
YOR244W,0.164341986179352,-0.787168383598328,0.0190256778454813,0.0504202435926702,0.130776223540306,0.202392953137557,-0.88347121002923,-0.693804685515718
YOR245C,0.157384604215622,-0.8063725233078,0.0194997697691095,0.0539015184793078,0.122926716630658,0.19636028992633,-0.910353718265058,-0.706946337735135
YOR250C,0.203817665576935,-0.693433046340942,0.0226160748134753,0.0482697870286791,0.164515152573586,0.247100110103687,-0.783794095428106,-0.607127126564504
YOR251C,0.793655395507812,-0.103705748915672,0.0983690521518563,0.0539429702809672,0.61955403337876,0.992058729628722,-0.207920834411716,-0.00346266306458134
YOR254C,1.43143343925476,0.153435364365578,0.14855874279986,0.0450533854405721,1.18778699835142,1.70858176847299,0.0747385659000769,0.232635767567354
YOR255W,0.00161268061492592,-2.92379832267761,0.00128335939825329,0.360194515752371,0.00019115864415653,0.00487264030768226,-3.71860605848931,-2.31223583505327
YOR256C,0.133284419775009,-0.877648115158081,0.0140837088687098,0.0459977075775566,0.109212391078472,0.159696398923794,-0.9617280844178,-0.796704914543459
YOR259C,1.65671861171722,0.216721922159195,0.178396500755908,0.0469307146169553,1.34884775181611,1.99463096261025,0.129962923313407,0.299862545438146
YOR261C,1.88690209388733,0.272747457027435,0.222204804772697,0.0510991512478238,1.50202627082666,2.33962936202685,0.176677528534519,0.369147039708029
YOR262W,0.272600680589676,-0.567460596561432,0.0319933999854198,0.0509865352770344,0.21696107648313,0.335941328853369,-0.663618178673254,-0.473736569375728
YOR264W,0.499279946088791,-0.304219394922256,0.0541884845551526,0.047279108602997,0.403033445527156,0.602899193763733,-0.394658912843839,-0.219755296901269
YOR267C,0.278780192136765,-0.556987822055817,0.0283186671584758,0.0442742487814736,0.230450519671043,0.33016900892059,-0.637422308545096,-0.481263696963333
YOR270C,2.05696272850037,0.311033070087433,0.20629356422706,0.0437357834725126,1.70668029983838,2.42112866044044,0.232152175076013,0.384017868684424
YOR271C,1.23697519302368,0.0892408788204193,0.148170174005744,0.0521584247640826,0.975350618362427,1.52728596727053,-0.010839236355281,0.183920358257016
YOR272W,0.878886818885803,-0.0585038810968399,0.093045413240406,0.0460595817529508,0.720159311592579,1.05575084884961,-0.142571419641919,0.0235614304851781
YOR273C,0.191425770521164,-0.72041529417038,0.0201803470515603,0.0458639933821054,0.156215390066306,0.230659834047159,-0.806276183346813,-0.637028026493563
YOR274W,0.164619535207748,-0.786288917064667,0.0185831308381845,0.0491221018283916,0.132086881125967,0.201535780727863,-0.879140317038543,-0.695647920665811
YOR278W,0.112259104847908,-0.954743444919586,0.0170545690792759,0.0656772456644842,0.083047952875495,0.148800109326839,-1.08067106843704,-0.827396749800508
YOR280C,0.431712359189987,-0.369062542915344,0.0605714694185351,0.0608794782805653,0.3253166710337,0.556247751911481,-0.487693680531387,-0.254731732798105
YOR283W,1.42424285411835,0.147487327456474,0.240902754013658,0.07268335134339,1.01574254731337,1.95924425125122,0.00678364449428032,0.292088581149524
YOR284W,0.120142444968224,-0.927388310432434,0.0218498127283717,0.0784698029982611,0.0837562579661608,0.167510017876824,-1.07698273630704,-0.775959217634925
YOR287C,0.497440874576569,-0.306846678256989,0.0641255217018805,0.0558418813402402,0.386107042183479,0.632202585538228,-0.413292277232481,-0.199143732414863
YOR288C,0.35242548584938,-0.456095933914185,0.0425137288235183,0.0524983466333647,0.277438583721717,0.4362996481359,-0.556833141972846,-0.360215137346221
YOR289W,0.0944412723183632,-1.03214359283447,0.017350074358969,0.0799002999002596,0.064540726877749,0.131194323301315,-1.19016614951055,-0.882084956212269
YOR290C,0.247390791773796,-0.608781337738037,0.0246494697930467,0.0434392707943172,0.20544145454963,0.291293023526669,-0.687311918747867,-0.535669918748991
YOR291W,0.13511249423027,-0.871529698371887,0.0136441557529423,0.0440788003285096,0.111390578436355,0.159544412791729,-0.953151557440349,-0.797118400099039
YOR295W,0.284295260906219,-0.555427610874176,0.0591339698779794,0.0893890494944746,0.183941166972121,0.417742274453243,-0.735321081519756,-0.379091584482132
YOR296W,0.0545103959739208,-1.26589858531952,0.00569127040053641,0.0455275934638822,0.0447692573070526,0.0650332971786459,-1.34902011022062,-1.18686422721211
YOR298W,0.00373814394697547,-2.44257259368896,0.000986447874471893,0.11615864595026,0.00205308455236567,0.00589799750208234,-2.68759316841507,-2.22929541594003
YOR299W,0.116920091211796,-0.934549510478973,0.012385432050128,0.0460881386388226,0.095578444066147,0.140218095481396,-1.01964006116556,-0.853195936199172
YOR301W,0.26764702796936,-0.575214922428131,0.0302295010279718,0.0491949133448638,0.215010222668449,0.327420097092787,-0.66754090829539,-0.484894667278054
YOR303W,0.353350102901459,-0.454600483179092,0.0401292097186401,0.0494403556184065,0.282083795964718,0.43407950202624,-0.549621861635215,-0.362430731304597
YOR307C,0.165677532553673,-0.783675611019135,0.0192624799489116,0.05060361089502,0.132414445405205,0.203578799962997,-0.878064634353196,-0.691267450001617
YOR308C,0.153597220778465,-0.816186010837555,0.016691790149826,0.0473094221024796,0.124751783907413,0.185219218830268,-0.903953235399109,-0.732313961828168
YOR310C,4.81236267089844,0.679889500141144,0.512032711014163,0.0463935495667623,3.92933654785156,5.75856056213379,0.594319227746728,0.760313938437945
YOR313C,0.00841085240244865,-2.09184527397156,0.00233695210774416,0.121552865999913,0.00454230276324476,0.0136100470709304,-2.34272428980361,-1.86614042637443
YOR315W,0.508381009101868,-0.297188311815262,0.0634709392404348,0.0542155340055799,0.400190889835358,0.633659782012304,-0.397732802167181,-0.198143860812184
YOR316C,0.533289313316345,-0.275583475828171,0.0576790400855859,0.0470930827928247,0.431992173691591,0.642523004114628,-0.364524121385039,-0.19211131890324
YOR317W,1.1872763633728,0.0722255483269691,0.122717909591727,0.0450259588870348,0.976903393864632,1.41839687426885,-0.0101485040119812,0.151797763138728
YOR320C,0.31382143497467,-0.505810081958771,0.0336206148538292,0.0465914824632483,0.256470293054978,0.377738684415817,-0.590962965391169,-0.422808536570343
YOR321W,0.245185494422913,-0.612817883491516,0.0252396814809271,0.0448883517236102,0.202097507566214,0.291002452373505,-0.694439055018119,-0.536103351056042
YOR322C,0.135852679610252,-0.869405746459961,0.0144876115378813,0.0464207775162141,0.111142268156012,0.163079531739155,-0.95412074455291,-0.787600550715683
YOR323C,3.09853935241699,0.488561809062958,0.338509098344855,0.0475412152946212,2.51403707663218,3.76660423278809,0.400371655964519,0.575949974345232
YOR326W,0.746857345104218,-0.128838524222374,0.0728129237136055,0.0425388494071142,0.622796459992727,0.872265589733919,-0.205653867243143,-0.0593512604856832
YOR328W,0.00265200971625745,-2.58409070968628,0.000498593562530953,0.0819098931635384,0.00179140393059546,0.00374305789009668,-2.74680648011861,-2.42677347468809
YOR329C,0.135927096009254,-0.869101941585541,0.0142839692552377,0.04581852815118,0.111613921821117,0.162224934374293,-0.952281631626053,-0.789882405201997
YOR332W,6.81749200820923,0.828349888324738,1.07237145851796,0.067596776543784,5.01215354601542,9.22492160797119,0.700024355163332,0.964962676286697
YOR335C,3.96816396713257,0.596474587917328,0.390824629317982,0.0429687879302117,3.3068638364474,4.65310803254445,0.519416312322517,0.667743135120974
YOR336W,0.190732359886169,-0.72172623872757,0.0189226326609135,0.0432986806055409,0.157761860266328,0.224536776542664,-0.801997988690935,-0.648712516391312
YOR341W,1.40288460254669,0.144989609718323,0.135430595861425,0.0420846779921452,1.17816832462947,1.63996722698212,0.0712073293880631,0.214835166344296
YOR342C,0.337200850248337,-0.47599732875824,0.0452447128300884,0.0581306194721761,0.259888166934252,0.429903740435839,-0.58521349610667,-0.366628777744079
YOR346W,0.100473016500473,-1.00027120113373,0.0103647858915492,0.0449356778334807,0.0828191221381227,0.119453027844429,-1.0818693896566,-0.922802837463189
YOR347C,0.378055483102798,-0.424930274486542,0.0403705343863792,0.0465503166808077,0.307815895974636,0.455231875181198,-0.51170895682378,-0.34176733639628
YOR348C,0.00197723647579551,-2.72509241104126,0.000617028710645176,0.137247222226944,0.000965864624110206,0.00340469093061984,-3.01508377427545,-2.46792235494186
YOR350C,0.0458292961120605,-1.34181523323059,0.00534830198731622,0.0507515306805691,0.0363930262004336,0.056204292892168,-1.43898187014826,-1.25023054157533
YOR351C,0.000695486960466951,-3.2094030380249,0.000337105681247001,0.219114944326836,0.000209918420296162,0.00153757025545929,-3.67794945049823,-2.813171096624
YOR352W,0.165933638811111,-0.783301591873169,0.0202877837662395,0.0530708339256448,0.130679156382879,0.207655783742666,-0.883793677834866,-0.682655969519907
YOR353C,0.118178479373455,-0.929818272590637,0.0122944278178434,0.045325225449034,0.097260618271927,0.141058459877968,-1.01206297401198,-0.850600862233594
YOR354C,0.247306764125824,-0.609071314334869,0.0254364345483958,0.0448397917902971,0.203382165978352,0.294200412184,-0.691687133621467,-0.531356723909877
YOR355W,0.51462197303772,-0.291002184152603,0.0551050564178651,0.0465492413032341,0.420431081453959,0.618368325630824,-0.37630521153367,-0.20875277059729
YOR356W,0.383953750133514,-0.418100625276566,0.0400867454444227,0.0455636486211531,0.314630521585544,0.456688157717387,-0.50219915119755,-0.340380253293083
YOR358W,0.14773316681385,-0.836886048316956,0.0254481619665254,0.0743554512747365,0.105431474434833,0.202664789929986,-0.977029720379288,-0.69322170210151
YOR359W,0.160887628793716,-0.796122193336487,0.0177641002722385,0.0479877198869214,0.129759472360214,0.196099661290646,-0.886860929339937,-0.707523163120191
YOR360C,0.185605362057686,-0.734097003936768,0.0206230303144872,0.048409907303503,0.149204939603806,0.225960060954094,-0.826216798799243,-0.64596831678213
YOR362C,1.68877637386322,0.223992913961411,0.217448492487223,0.055769287587784,1.30877748429775,2.14703827699025,0.116865808496661,0.331839787006912
YOR363C,0.0338136218488216,-1.47353994846344,0.00371594274790048,0.0479137274736478,0.0273948697683712,0.0410451960439483,-1.56233075982201,-1.38673767139359
YOR368W,0.104128651320934,-0.985741138458252,0.0128561302746626,0.0536772275390726,0.0812342302873731,0.130446260919174,-1.09026094672028,-0.884568365870413
YOR370C,0.403622031211853,-0.396596401929855,0.0438775480519997,0.0473252468178515,0.32741232017676,0.4888922209541,-0.484905000698427,-0.310786876356489
YOR371C,0.11156253516674,-0.954804003238678,0.0115163492874473,0.0449727407940226,0.0917751170073946,0.133105810483297,-1.03727505312658,-0.875802986018946
YOR372C,0.198267668485641,-0.705246150493622,0.0212194228433434,0.0466725402811115,0.160869645203153,0.238787165408333,-0.793525896383548,-0.621989019875492
YOR380W,0.0146720809862018,-1.83910703659058,0.00236624365711807,0.0698413061028021,0.0105548684562867,0.0196956574295958,-1.97654717917405,-1.70562951898651
YOR384W,0.0260926112532616,-1.58680880069733,0.00323647656226044,0.0537836882594338,0.0204126634790252,0.0327935408800841,-1.69010032428753,-1.48421186306623
YOR385W,0.147211119532585,-0.836579561233521,0.0212552199993121,0.0627749734665702,0.109965730831027,0.19311592032512,-0.958742638326038,-0.714181922744769
YOR386W,0.0820181742310524,-1.08891177177429,0.00934201213493753,0.049589740442061,0.0656193153311809,0.100467837974429,-1.18296830829927,-0.997972963003191
YPL274W,0.485159903764725,-0.316408842802048,0.0496923685462724,0.0447377364805683,0.398024443536997,0.576102882623673,-0.400090257908902,-0.239499956225013
YPL268W,0.0408736206591129,-1.39136707782745,0.00463965955998186,0.0495095507393516,0.0326887448007862,0.0497162645993133,-1.48560178378232,-1.30350150937082
YPL266W,0.858829855918884,-0.0692260935902596,0.103140723409723,0.052243234877044,0.676580727100372,1.0658928612868,-0.169680377569575,0.027713553479069
YPL265W,1.17214810848236,0.0666848123073578,0.120462495020508,0.0447178098076925,0.969726944466432,1.39034365018209,-0.0133505372006058,0.143122142976173
YPL264C,0.0373470932245255,-1.43296730518341,0.00581703434944788,0.0674069506492066,0.0274095395269493,0.0500051886153718,-1.56209826045799,-1.30098493026173
YPL263C,0.613870561122894,-0.21419332921505,0.0626409513329893,0.0444715463552581,0.50699888219436,0.729796715080738,-0.294993013799366,-0.136798100859344
YPL262W,1.56443297863007,0.191836714744568,0.16830931558759,0.0468720022872195,1.27599252363046,1.88732716739178,0.105848129468745,0.275847191352875
YPL260W,0.802232205867767,-0.098054863512516,0.083284961611469,0.0453319157529491,0.657173110544682,0.955022307236989,-0.182320230016999,-0.0199864843549661
YPL259C,0.216516703367233,-0.6670942902565,0.0236265731882516,0.047435557875375,0.175668732325236,0.262689173221588,-0.755305537462351,-0.580557826365117
YPL258C,0.00392374442890286,-2.41978359222412,0.000979278766405655,0.108869662467163,0.00230346853495575,0.0060183727182448,-2.63761780116105,-2.22052109005623
YPL256C,0.431176066398621,-0.367755770683289,0.0453700560230631,0.0458416790751248,0.354115633418163,0.516847641269366,-0.450854899900079,-0.28663746504337
YPL255W,0.0545744150876999,-1.26702153682709,0.00744098015806541,0.059034586607038,0.0414850110188127,0.0704133808612823,-1.38210879115637,-1.15234480276101
YPL253C,0.0909786894917488,-1.04369533061981,0.00998609458180505,0.0479742831508828,0.0729789035394788,0.109804882792135,-1.13680267801165,-0.959378362464878
YPL249C,0.269747376441956,-0.571396112442017,0.0280007240105213,0.0453150584057681,0.222136573493481,0.320718904584646,-0.653379940429751,-0.493875495286247
YPL247C,0.0822705402970314,-1.08792448043823,0.00994222558512839,0.0525256724826117,0.0648942936211824,0.101753637194633,-1.18779349411033,-0.992450057922626
YPL246C,0.858429372310638,-0.0702200159430504,0.115556928211487,0.0584515873546915,0.65265044371287,1.09781274000804,-0.185319362398299,0.0405280268178299
YPL245W,0.224255487322807,-0.651943624019623,0.0248814803969102,0.048390232180355,0.180273110295335,0.270647766937812,-0.74406904854701,-0.567595564971665
YPL244C,0.148527279496193,-0.831851541996002,0.0193039618275265,0.0564180411387402,0.114637757341067,0.188053962091605,-0.940672328171446,-0.725717512090933
YPL243W,0.835038840770721,-0.0806714743375778,0.0871819295564965,0.045525358566737,0.684626186390718,0.993898902336756,-0.164546493546966,-0.00265779344644699
YPL241C,0.147970780730247,-0.835388779640198,0.0237085211970452,0.0696902289946745,0.106130374409258,0.1965621329844,-0.974160303663512,-0.70650014441367
YPL237W,3.0395872592926,0.479246914386749,0.390616264245581,0.0556926570194538,2.37237119078636,3.84249925812085,0.375182634216788,0.584613792314225
YPL236C,0.0682171881198883,-1.17021310329437,0.00939972175676632,0.0597779805059071,0.0516066571076711,0.0879805772254864,-1.2872942830743,-1.0556131935725
YPL235W,1.40930044651031,0.146543353796005,0.149574611150739,0.0463365710385133,1.14457702636719,1.68626666069031,0.0586450246213917,0.2269262536274
YPL232W,0.848076164722443,-0.0750225186347961,0.10732710299031,0.0548177853143534,0.660484010974566,1.07193093299866,-0.180137758859741,0.0301667822523069
YPL230W,0.0162523947656155,-1.79599356651306,0.00290547973612617,0.0776390759092252,0.0112307714298368,0.022737260038654,-1.94959041148434,-1.64326218112355
YPL228W,0.327457875013351,-0.487275302410126,0.0346014432235388,0.0459885397658927,0.26731101423502,0.392876407504082,-0.572983157144884,-0.405744054049906
YPL224C,0.128227144479752,-0.894854605197906,0.0146447216725173,0.0496848548741401,0.102732474977771,0.15746456074218,-0.98829225039936,-0.802817174169118
YPL222W,0.0467921309173107,-1.332634806633,0.00531211678172642,0.0494876828623824,0.0376108968319992,0.0567982933173577,-1.42468632588155,-1.24566471410797
YPL221W,0.244024321436882,-0.614907681941986,0.0252941055392191,0.0451635514695469,0.20115514472127,0.290722202261289,-0.69646885757031,-0.53652181718979
YPL219W,0.0977879986166954,-1.01262044906616,0.0112802488061568,0.0503523577796746,0.0776547769705454,0.119572050869465,-1.10983182456311,-0.922370321782885
YPL217C,0.57975035905838,-0.238953098654747,0.0581504843748927,0.0437205940114854,0.481104741245508,0.685821235179901,-0.317760372639647,-0.163789071891422
YPL215W,0.489974856376648,-0.312909990549088,0.0583708277632897,0.0518242369276748,0.387360390275717,0.60914384573698,-0.411884790745058,-0.215280139168367
YPL214C,0.0643053650856018,-1.19477450847626,0.00758293381909417,0.0512944410754961,0.0511941658643385,0.0794625415156285,-1.29077952923283,-1.09983754953515
YPL213W,0.267572671175003,-0.579481065273285,0.0479886756977022,0.0776903608929731,0.184559732675552,0.372536602119605,-0.733863047537768,-0.428831051062343
YPL212C,0.726899385452271,-0.141062960028648,0.078483762135506,0.0470092633766663,0.593372478087743,0.878382787605127,-0.226672602385372,-0.0563161842082716
YPL209C,0.0745660439133644,-1.13152706623077,0.0102244654131139,0.0594883162922762,0.0568249786583086,0.0958934760342042,-1.24546072700691,-1.01821099183092
YPL208W,0.190338984131813,-0.7230504155159,0.0207358501169849,0.0474029109765291,0.154780045151711,0.230615381275614,-0.810285030985947,-0.637111730118139
YPL207W,0.296967834234238,-0.529610693454742,0.0306693727001625,0.0449616913976691,0.245195663472017,0.353864914675554,-0.610487216133654,-0.451162510214004
YPL204W,0.506899774074554,-0.297662079334259,0.0552564996877303,0.0474429051165203,0.411261206120253,0.614386579891046,-0.385882256961695,-0.211558279212393
YPL203W,0.257165342569351,-0.593068480491638,0.0318110548674356,0.0533315830056807,0.204355227947235,0.323004643370708,-0.689614248272736,-0.490791293087749
YPL202C,0.201059490442276,-0.699665188789368,0.0235616369279882,0.0510408067914649,0.159750623752673,0.246731558193763,-0.796557443033198,-0.607775303294837
YPL201C,0.00245563872158527,-2.63422155380249,0.000830959141949695,0.146963106523171,0.00114992601738777,0.00441243558113153,-2.9393306497062,-2.3553216846262
YPL199C,1.33661639690399,0.119690150022507,0.229343625945117,0.0740975375180809,0.947538283963998,1.83740663627783,-0.0234032452664459,0.264205262291139
YPL196W,0.229668408632278,-0.644244015216827,0.0362116301983664,0.0681562402822286,0.166839237014453,0.308404743671417,-0.777701805033038,-0.5108789505482
YPL195W,0.37969109416008,-0.42285093665123,0.0388117325722454,0.0445914529743127,0.311901800334454,0.4498295036455,-0.505982120028836,-0.346952103257568
YPL193W,0.118242762982845,-0.93060839176178,0.0147314367690993,0.0543307178329512,0.0918061483030518,0.148229077955087,-1.03712823429676,-0.829066620758237
YPL191C,0.0867214798927307,-1.06574738025665,0.0116078053611586,0.0580839449823593,0.0659114618475238,0.111043792963028,-1.18103906260118,-0.954505714659323
YPL190C,0.835642993450165,-0.080242432653904,0.0851816429329036,0.0444059836363203,0.689106750984987,0.989805974562963,-0.16171349713537,-0.00444992944349196
YPL189W,0.00448591634631157,-2.3582911491394,0.000978400481704337,0.0940050589425204,0.00285214645361217,0.00673268688842654,-2.54482842012769,-2.17181158244139
YPL188W,0.308215588331223,-0.513831734657288,0.0342404540624301,0.0483961307462374,0.248010507598519,0.374602567404509,-0.605529920987431,-0.426429252518927
YPL186C,0.0180124379694462,-1.75661718845367,0.00427444297081837,0.10354625050938,0.0108212865889072,0.0275046648147206,-1.96572110103675,-1.56059382017657
YPL184C,0.538576066493988,-0.271247893571854,0.0576817264199099,0.0466095815915188,0.440399751563867,0.648281079034011,-0.356152934692384,-0.188236654493738
YPL183C,0.391172856092453,-0.409825146198273,0.0391886744622661,0.0437515557067874,0.324362897872925,0.461087826887767,-0.488968828366405,-0.336216343375132
YPL181W,0.322409242391586,-0.494159907102585,0.0349871539139462,0.0473003214782981,0.261699870228767,0.388959497710069,-0.582196494634866,-0.410095623384271
YPL180W,0.160457730293274,-0.797026932239532,0.0168019457235363,0.0456315611259696,0.131595313549042,0.191470589116216,-0.880759576801331,-0.717897927469931
YPL177C,0.58517587184906,-0.235954254865646,0.0714179337352309,0.053165665570124,0.461779059966405,0.726496338844299,-0.335565764743964,-0.138766569973977
YPL176C,0.224180102348328,-0.651680529117584,0.0229058185033567,0.0445706930027265,0.184183674926559,0.265684004127979,-0.73474886863526,-0.575634596443293
YPL175W,0.110562570393085,-0.959784984588623,0.0138377174516017,0.0543214712247044,0.0867435993005832,0.138621179883679,-1.06176256140145,-0.858170413533748
YPL172C,0.0837346836924553,-1.08018088340759,0.00997693395177503,0.0518695282420123,0.0662703242152929,0.103411740747591,-1.1786809076917,-0.985430152244249
YPL169C,0.460085064172745,-0.339550822973251,0.0481722774020168,0.0456226361491925,0.376825792094072,0.548572252690792,-0.423859384394941,-0.260766170105926
YPL168W,0.0447609573602676,-1.35332822799683,0.00625385790739341,0.0607151741879558,0.03373706486697,0.0580618102724354,-1.47189273792538,-1.23610943771767
YPL165C,0.00286937574855983,-2.57963681221008,0.00119035685014077,0.184851427297703,0.00105744041502476,0.00577759079169482,-2.97574409502149,-2.23825334289829
YPL163C,1.76338338851929,0.241704717278481,0.259639379470463,0.0634277045680821,1.31210686763128,2.32674269874891,0.117969200740438,0.366748280716336
YPL162C,0.16020530462265,-0.800370335578918,0.0245693856843073,0.0662008432553749,0.117723300556342,0.212875130151709,-0.929137571024004,-0.671875075247974
YPL161C,0.130920842289925,-0.88553386926651,0.0141600704396048,0.0470338702105626,0.106317132711411,0.158437931910157,-0.973396744484474,-0.800140837175982
YPL160W,4.40785312652588,0.642157018184662,0.429370364284894,0.0424859958648491,3.68260055184364,5.17090440193812,0.566154613788659,0.713566507546881
YPL159C,0.251833647489548,-0.604216337203979,0.0397196273883132,0.0679990159808953,0.184297013531129,0.335510201752186,-0.73448171330081,-0.474294271396829
YPL158C,0.299925118684769,-0.5252845287323,0.0307889876149987,0.04474485285723,0.247460067272186,0.356432426472505,-0.606494873346775,-0.448022793079575
YPL157W,0.117188438773155,-0.935112416744232,0.0159428635491156,0.0589393931305529,0.0891758874058723,0.150565403575699,-1.04975256022279,-0.822274815000324
YPL156C,0.120449937880039,-0.923670589923859,0.0173276365772858,0.0624482883416989,0.08997541492184,0.157047006984552,-1.04587616256641,-0.803970336836181
YPL154C,3.12517976760864,0.492260783910751,0.342474064958809,0.0477346773575043,2.53514003753662,3.78022388418516,0.404001954142588,0.577517520321046
YPL153C,0.0865604802966118,-1.06521832942963,0.0093423240562169,0.0469929309359666,0.0702653288220366,0.104336923422913,-1.15325892696433,-0.981561975483787
YPL152W,0.197536498308182,-0.707365870475769,0.0233032222066393,0.0512005955599826,0.156911707917849,0.245231091976166,-0.804344653290331,-0.610424468013163
YPL151C,0.0983981713652611,-1.01000797748566,0.0115512623598846,0.0511216961373433,0.0777093557020028,0.121413810364902,-1.10952671495796,-0.91573192528785
YPL150W,0.0677633062005043,-1.17157387733459,0.00736431086248202,0.0472737921996357,0.0548865024310847,0.0820899335667491,-1.26053444429724,-1.08571009850672
YPL146C,0.631501078605652,-0.202222675085068,0.068891778294502,0.0476041914993203,0.5101696078976,0.761952302356561,-0.292285431615571,-0.118072217075682
YPL145C,2.07845282554626,0.31525719165802,0.221986675700817,0.0465133569631863,1.69483435650667,2.49486422538757,0.229127257495018,0.397046915582876
YPL141C,0.117575146257877,-0.932008028030396,0.0121420753323366,0.0450120233866275,0.0967093526075284,0.140191411351164,-1.01453152676184,-0.853278604333882
YPL139C,0.308063119649887,-0.514032185077667,0.0341652141308684,0.0482270412954296,0.24941343665123,0.375659678131342,-0.603080154628275,-0.425205418370253
YPL138C,0.148994728922844,-0.830350995063782,0.0189533225005093,0.0554330952990008,0.114811076658467,0.187327963113785,-0.940016211249068,-0.727397391493503
YPL137C,0.179938733577728,-0.747075915336609,0.0180692702678095,0.0437894068933261,0.149292874832948,0.21148606625696,-0.825960923191913,-0.674718243351745
YPL134C,0.0983921438455582,-1.01174008846283,0.0145399702116183,0.0639401817826763,0.0732192143797874,0.13003257115682,-1.13537496757657,-0.885947865920934
YPL132W,0.127342730760574,-0.899615347385406,0.0185679455810143,0.0631901478205547,0.0945556143298745,0.166744333257278,-1.02431275062552,-0.777948929917074
YPL131W,31.4307403564453,1.49417781829834,3.80030561021322,0.0525909101527834,24.6343784332275,39.1247749328613,1.39154160876944,1.59245185226192
YPL128C,0.283030152320862,-0.550686538219452,0.0304534562712111,0.0468378018762966,0.230135295415918,0.340329200029373,-0.638016774476681,-0.46810078711464
YPL126W,0.682979643344879,-0.16779063642025,0.0686049003054071,0.0437522129261264,0.567508386572202,0.807297192513943,-0.246027721028768,-0.0929665581874271
YPL125W,0.258103430271149,-0.590416431427002,0.0259641736108951,0.0439216695869437,0.213740438222885,0.304462739576896,-0.670113305896588,-0.516465849373288
YPL124W,0.150893375277519,-0.828313171863556,0.027384694345285,0.0777171815614996,0.105571882923444,0.212860277667642,-0.976451738401872,-0.671905380027459
YPL123C,0.161107927560806,-0.795983135700226,0.0192511999861046,0.0519274885879366,0.12790043776234,0.200853122025728,-0.893127969178974,-0.697121467334593
YPL122C,0.187403351068497,-0.729795634746552,0.0203319177351851,0.0473861024874827,0.151280983289083,0.226094372943044,-0.82021566221301,-0.645710247109266
YPL119C,0.0460860282182693,-1.33966994285583,0.00564463997535285,0.0530674205994775,0.036496867860357,0.0576425741426647,-1.43774441435381,-1.23925663314995
YPL117C,1.83083748817444,0.258986592292786,0.238251887529147,0.0564629010909058,1.41735269924005,2.32661666671435,0.151477931799986,0.366724821966028
YPL116W,0.219307273626328,-0.661401569843292,0.023283903417575,0.0462365278875325,0.179110984504223,0.262529164552689,-0.746877778970818,-0.580822443493316
YPL115C,0.152685239911079,-0.818452119827271,0.0155122134991172,0.044246128788319,0.126528459166487,0.181070785348614,-0.89781186773812,-0.742151615334592
YPL113C,0.0525279007852077,-1.28373277187347,0.00722801938465925,0.0599964700563239,0.0394389012518028,0.0673599128921827,-1.40407520097195,-1.17159857777997
YPL112C,0.478064358234406,-0.323338150978088,0.0544506140866136,0.049621781446143,0.383534938097,0.584486778577169,-0.416195067877704,-0.233225310679084
YPL111W,1.71811175346375,0.2321757376194,0.197621638015487,0.0500541335294495,1.36919181843599,2.09977436065674,0.136464291442394,0.322172628454563
YPL110C,0.186139762401581,-0.732383012771606,0.0187903654569675,0.0440079388482907,0.153948498020569,0.22028229807814,-0.812624577546105,-0.657020402136275
YPL107W,0.116296596825123,-0.944287121295929,0.0251785670863244,0.0924217333675663,0.0750857116033634,0.172677696123719,-1.12444272091177,-0.762764165167395
YPL106C,12.7775793075562,1.10417115688324,1.30586262850024,0.0445491237281867,10.5077342987061,15.1569288094838,1.02150908257,1.18061121068406
YPL105C,0.322675585746765,-0.49352964758873,0.0330917140636794,0.044739165050637,0.265366971492767,0.383095755924781,-0.576153131927718,-0.416692662563374
YPL104W,0.0827302262187004,-1.08505809307098,0.00924553405748243,0.0487372793051993,0.0666173736875256,0.10054164926211,-1.17641251330568,-0.997654013874676
YPL103C,0.110344566404819,-0.960170209407806,0.0128122075168514,0.0504207261505496,0.0884281255304813,0.135690510769685,-1.05340958142427,-0.867450541197242
YPL101W,0.277317672967911,-0.559743523597717,0.0310070908669839,0.0487002223449876,0.222906379774213,0.336935702214639,-0.651877501981631,-0.472453039060388
YPL097W,0.122437112033367,-0.91490364074707,0.0139177492801868,0.0495719849489978,0.097899876597027,0.148811811953783,-1.00921787936331,-0.827362596005625
YPL096W,0.187221735715866,-0.730956196784973,0.023113979473547,0.0537543944638884,0.146571844816208,0.234074315428734,-0.833949445897447,-0.630646245664012
YPL092W,0.232334807515144,-0.636421620845795,0.0251235162598757,0.0469554419509174,0.188929840922356,0.281551656623681,-0.72369944110208,-0.55044191438582
YPL091W,1.63907992839813,0.211983025074005,0.17972718712761,0.0477503270093096,1.32498493790627,1.98805896739165,0.122210931189128,0.298429251949195
YPL089C,0.0769330784678459,-1.11652278900146,0.00848765083897984,0.0478586731707306,0.0625120429322124,0.0935338366155823,-1.20403630787198,-1.02903125175976
YPL088W,0.0292350612580776,-1.54194712638855,0.00557541365497863,0.0828213223670238,0.0197061675135046,0.041474387049675,-1.70539783798303,-1.38222002369808
YPL087W,0.270999610424042,-0.570769429206848,0.0356258987038383,0.0570237851319782,0.208155080676079,0.343364029377699,-0.68161298433206,-0.464245213979988
YPL086C,0.580752789974213,-0.238443925976753,0.0614596842644946,0.0460496451017438,0.474792931973934,0.698697153230508,-0.323495779898115,-0.155711029083119
YPL085W,0.653656721115112,-0.186767518520355,0.0643341454590444,0.0429699908424157,0.544372387727102,0.765821984906991,-0.264103913703714,-0.115872170321291
YPL084W,0.329544007778168,-0.484314203262329,0.033315784746537,0.044056732602621,0.272242173552513,0.390005785475175,-0.56504459765217,-0.408928950872841
YPL078C,1.78463864326477,0.246217533946037,0.282205706291037,0.0679503602329218,1.30801761945089,2.41097360650698,0.11661359267886,0.382192451031529
YPL077C,0.0656043738126755,-1.1953033208847,0.0157998083499414,0.103126735564279,0.0399894677102566,0.101229379574458,-1.39805437661259,-0.994693424894622
YPL075W,0.0741231292486191,-1.13274335861206,0.00825379683633161,0.0484304229696175,0.0594987289048731,0.0899979323148727,-1.22549231714127,-1.04576746827797
YPL074W,0.115035779774189,-0.941614091396332,0.0121805661133772,0.0461964923002205,0.0939764707659682,0.137432083239158,-1.02698087125296,-0.861911874168525
YPL072W,0.0450546033680439,-1.34944117069244,0.00544078343751532,0.0527378032594288,0.0350902707005541,0.0558511312740545,-1.45481329033471,-1.25296802659744
YPL070W,0.140438079833984,-0.854986011981964,0.01497066362647,0.0463898758064873,0.114812869826953,0.168539640679955,-0.940009438401589,-0.773297937127944
YPL069C,0.0909230560064316,-1.04574954509735,0.013015077356816,0.0620327842406161,0.0692441858351231,0.118494454709192,-1.15961669155857,-0.926302011866475
YPL068C,0.141217768192291,-0.85485976934433,0.0209358780981323,0.0643313080350169,0.104254241039356,0.185827759280801,-0.981906270034029,-0.730889476237876
YPL066W,0.0652076005935669,-1.18890631198883,0.00791816482621099,0.0528487448776514,0.0514453446182112,0.0809299039343993,-1.28865392235867,-1.09189097661885
YPL065W,0.140801057219505,-0.8589728474617,0.0264952955967936,0.081221939362794,0.0950448770076036,0.199721393734217,-1.02207128715603,-0.699575414815273
YPL064C,0.160516381263733,-0.798625826835632,0.0222483570602859,0.0600311635342938,0.121679491177201,0.208936436722676,-0.914782624157004,-0.679985831964707
YPL061W,16.3272476196289,1.21053433418274,1.70506721833926,0.0455421252906697,13.3708165804545,19.4740663687388,1.1261579236562,1.28945664324486
YPL060W,0.05174820125103,-1.2899158000946,0.00686154693450555,0.057597356955888,0.039774302393198,0.065890101591746,-1.40039742876351,-1.18117982843207
YPL058C,0.161152690649033,-0.794894456863403,0.0159456070521029,0.0431144314666329,0.13444611604015,0.189958088720838,-0.871451740617913,-0.721342209020967
YPL057C,0.273997962474823,-0.565028369426727,0.0310042166837944,0.0491256233993559,0.220147855704029,0.334815735618273,-0.657285578489113,-0.475194156667919
YPL055C,0.310596108436584,-0.511111080646515,0.0382467460472477,0.0537335066628129,0.244276639943322,0.386326343069474,-0.612118063473424,-0.413045682829884
YPL053C,0.671705067157745,-0.175327628850937,0.0721108803121843,0.0467056453627157,0.547978788614273,0.809775488078594,-0.261236255201698,-0.09163537543992
YPL050C,0.895835757255554,-0.0505473092198372,0.101390601451046,0.0491359165040337,0.723560474316279,1.09989257554213,-0.14052516539002,0.041350269305445
YPL049C,0.437027335166931,-0.362034767866135,0.0472219634952326,0.0470921829667892,0.353646241376797,0.52624100446701,-0.45143095418195,-0.278815314897329
YPL045W,0.122113794088364,-0.915682256221771,0.0129360659007541,0.0462021997555551,0.0995317508776983,0.146482378616929,-1.0020383561925,-0.834214616931297
YPL043W,0.916421413421631,-0.0401634611189365,0.093222025468132,0.0443793557902037,0.754778804878394,1.08567084670067,-0.122180304122251,0.0356981759565599
YPL042C,0.0583021976053715,-1.23737466335297,0.00690286229803184,0.0516704640984586,0.0460602616580824,0.0719383992254734,-1.33667359946058,-1.14303923486726
YPL039W,0.0826785564422607,-1.08683967590332,0.0115761990139777,0.0606838741394235,0.0626791552330057,0.106884849071503,-1.20287687221899,-0.97108390122763
YPL033C,0.00217119348235428,-2.73017740249634,0.00119929569510751,0.24942771408252,0.000550466567316713,0.00510860021070888,-3.25926952183708,-2.29169809189564
YPL032C,0.511655271053314,-0.293246209621429,0.051681939780245,0.0440257898521337,0.423248738795519,0.606274657448133,-0.373404330692291,-0.217330593794595
YPL031C,0.427688330411911,-0.372306883335114,0.0538956370825365,0.0546520578113672,0.333155186722676,0.538585460186005,-0.477353421342091,-0.268745376656669
YPL030W,0.328045934438705,-0.486514121294022,0.0347839366847913,0.0461922206968158,0.269019837429126,0.392405180881421,-0.570215703214024,-0.406265273082113
YPL028W,4.88335657119751,0.685986578464508,0.548261166343616,0.0487219801181258,3.95386799573898,5.96851313511531,0.597022164174142,0.775866153969407
YPL027W,0.00331497984007001,-2.55766916275024,0.0019954454052067,0.272470809046712,0.000701245894500365,0.00822432342295846,-3.15412971030489,-2.08489984926939
YPL026C,0.144313827157021,-0.843521595001221,0.0164514090412123,0.0496465167545192,0.115502707660198,0.175937920684616,-0.937407838132274,-0.754640553650979
YPL024W,0.0827674046158791,-1.09367716312408,0.0192366230499347,0.100246249370442,0.0516198202967644,0.125464636087418,-1.28718351169179,-0.901478692365829
YPL023C,0.356451392173767,-0.450466811656952,0.0379077505830267,0.0463900941323395,0.29106064264973,0.426460805783669,-0.536016518529835,-0.370120890282818
YPL020C,0.102353684604168,-0.99243038892746,0.0110156363724335,0.0470154738620282,0.0829995754485329,0.122762313360969,-1.08092413355723,-0.910934939555048
YPL019C,3.34771084785461,0.522521793842316,0.338455587838913,0.044033910925856,2.78490400314331,3.95010426441828,0.444810229447384,0.596608559136189
YPL017C,0.0205396879464388,-1.69246900081635,0.00313864982765777,0.0664392872982197,0.0149210256213943,0.0271158946212381,-1.82620132410593,-1.56677617977364
YPL015C,0.201797634363174,-0.698206782341003,0.0241647652221074,0.0521963118527579,0.158954754471779,0.250401911884546,-0.798726477437934,-0.601362359863896
YPL014W,0.0819337069988251,-1.08993101119995,0.0102578145764477,0.0543044760755765,0.0636532275627057,0.102704871197542,-1.19617957346738,-0.988408957814216
YPL012W,0.687322735786438,-0.164952978491783,0.0676333737682202,0.0429320734266108,0.573315739631653,0.805745956798395,-0.24160613507629,-0.093801871461488
YPL011C,0.138248205184937,-0.863064825534821,0.0181338093551209,0.0569136488938079,0.106406865206858,0.175443544983864,-0.973030352049487,-0.755862605957892
YPL009C,0.543691575527191,-0.26687103509903,0.0549199833686615,0.0440245298476036,0.45075461268425,0.641947683691979,-0.34605982033919,-0.192500365043544
YPL007C,0.100476644933224,-1.00054800510406,0.0110015135033813,0.047777790501327,0.0808919630323847,0.121262110086779,-1.0920946252862,-0.916274885701214
YPL006W,0.238043293356895,-0.625647842884064,0.0244492396605842,0.0448249621527034,0.195476997147004,0.282440790285667,-0.708904341095353,-0.549072582122399
YPL005W,0.0227170493453741,-1.64760899543762,0.00306771354087259,0.0587707449013423,0.0172239987024417,0.0290635452140123,-1.76386601789282,-1.53665142548096
YPL004C,3.01989388465881,0.477169036865234,0.343943368103666,0.0496136188569178,2.41784521142642,3.69045630693436,0.383428406130227,0.567080067819411
YPL002C,0.156364738941193,-0.814728379249573,0.0319539791770637,0.0877171818369149,0.103330105543137,0.227888944372535,-0.985773127014734,-0.642276840606343
YPL001W,0.348342031240463,-0.460897475481033,0.0402528315983249,0.0502981187905731,0.27753985474507,0.425896655023098,-0.556674643441465,-0.37069578480012
YPR001W,0.00914749130606651,-2.04674983024597,0.00176888899420325,0.0838488161214298,0.00606878831749782,0.0129999339580536,-2.21689801226635,-1.88605885481379
YPR002W,0.0364211797714233,-1.44223833084106,0.00469179075030835,0.0558921507732971,0.0281870493665338,0.046105838008225,-1.54995038449126,-1.33624408312986
YPR005C,0.0146517315879464,-1.84868609905243,0.00381898210205565,0.113113694581053,0.00841344543732703,0.0234364031037937,-2.07502611869497,-1.63010904137208
YPR007C,0.00123522954527289,-2.93486213684082,0.00043486117508824,0.153805687286527,0.000563946448770973,0.00223627000232227,-3.248762885574,-2.65047576418755
YPR008W,0.173776775598526,-0.762590408325195,0.0189157625118902,0.0474062213718451,0.141082576413949,0.208622125908732,-0.85052665086418,-0.680639633441462
YPR010C,1.57905435562134,0.196257740259171,0.156191934286782,0.0431995937126934,1.30839419364929,1.8486528635025,0.116738608158793,0.266855367729739
YPR011C,0.0977595597505569,-1.01406836509705,0.0136830542830959,0.0605933199682071,0.0749359974016746,0.12599803507328,-1.12530951367692,-0.899636227608514
YPR013C,0.0419572032988071,-1.38288295269012,0.00680677599290004,0.070401063085872,0.0300610456615686,0.0565337985754013,-1.5219959167248,-1.24769183277954
YPR016C,2.16898894309998,0.331057339906693,0.338047288947737,0.0671325784865822,1.59396626551946,2.92298940022786,0.202479119877243,0.465827236648084
YPR018W,0.182275205850601,-0.741844415664673,0.0197962067094874,0.0473447153729508,0.147935844585299,0.219631014143427,-0.829926600573743,-0.658306342447706
YPR019W,0.325926810503006,-0.489116609096527,0.0329614037932609,0.0441949825094162,0.268755714595318,0.384634969631831,-0.570642293824892,-0.414951235621165
YPR024W,0.584278166294098,-0.235684990882874,0.0600339152643276,0.0448469386977437,0.48144394159317,0.692991614341736,-0.317454274010034,-0.159272020607739
YPR025C,0.148086577653885,-0.832952260971069,0.0187217895683075,0.0549523102761203,0.114734267195066,0.186214845627546,-0.940306860207993,-0.729985698713125
YPR027C,0.00549569306895137,-2.30722713470459,0.00256494825060263,0.209482899662131,0.00178966571305258,0.011380540424337,-2.74722862462076,-1.94383727106245
YPR029C,0.305179119110107,-0.517823457717896,0.0318502943746955,0.0455154971154666,0.250269014388323,0.363212033361197,-0.601592916751227,-0.43983977182935
YPR031W,0.0520037151873112,-1.2867910861969,0.00593743353211615,0.0495861696615294,0.0419346629021068,0.063764400780201,-1.37742684688727,-1.19542171719848
YPR032W,0.165700241923332,-0.782896280288696,0.0167022833326623,0.0439947380169309,0.137128266443809,0.195220457389951,-0.862873016245389,-0.709474674097442
YPR034W,0.461610645055771,-0.338373094797134,0.0509992286013719,0.0480144172064076,0.373890263090531,0.560282874604066,-0.427255891824931,-0.251592662626571
YPR035W,5.48515367507935,0.736314833164215,0.630806486670488,0.0500317032522165,4.38567500114441,6.73295925855637,0.642036438258635,0.828205965607875
YPR036W,3.37988758087158,0.526497781276703,0.354568935524836,0.0457822846720498,2.76495382388433,4.02650984525681,0.44168788185212,0.604928746379868
YPR041W,3.23070907592773,0.506618499755859,0.359632151278349,0.0482341714330455,2.63076220154762,3.92422166268031,0.420081587640593,0.593753528247008
YPR045C,0.329793304204941,-0.484542429447174,0.0373624170829554,0.0492285971214257,0.265410125255585,0.406025736282269,-0.576082513051278,-0.391446439215656
YPR047W,0.0833326652646065,-1.08262431621552,0.0105163119382091,0.0546510672976084,0.0649983985970418,0.105163883293668,-1.18709735564566,-0.978133392669335
YPR048W,0.204957574605942,-0.690832495689392,0.0219432342425566,0.0466450874232202,0.166883162036538,0.245399832725525,-0.777587537671284,-0.61012573764164
YPR054W,0.00104587594978511,-3.05031061172485,0.000591249811358298,0.25849029280866,0.000229960136615167,0.00251081835983011,-3.63834772061633,-2.60018738789399
YPR055W,0.167457550764084,-0.77840930223465,0.0172518206664383,0.044926679395755,0.13819641272227,0.198699159920216,-0.859503248939715,-0.701803974781501
YPR056W,0.270407289266586,-0.571480453014374,0.0344183626638368,0.0551365337206566,0.210489174102743,0.342086350172758,-0.676770241201523,-0.465864254806415
YPR058W,0.455699652433395,-0.345124572515488,0.0605642097792042,0.0574677517634656,0.351540538668632,0.581599067648252,-0.4540245863232,-0.235376298404245
YPR060C,1.02049624919891,0.0040998668409884,0.150776714296262,0.0640290607719978,0.752805588146051,1.34648163715998,-0.123317165883878,0.129200359503765
YPR061C,0.0455778017640114,-1.34736740589142,0.0076947323176804,0.0729731577924453,0.0324965603649616,0.0626681818937262,-1.48816260497717,-1.2029529059881
YPR066W,0.0670326575636864,-1.17900729179382,0.0104603833365768,0.0680101876717785,0.0487347308546305,0.0893931933989128,-1.31216142814444,-1.04869555555322
YPR070W,0.113954737782478,-0.945989370346069,0.0127658694381318,0.0486045822492528,0.09217011295259,0.139637470990419,-1.03540989007816,-0.854998027705151
YPR072W,0.700709044933319,-0.156871095299721,0.0737284792701146,0.0458051031834887,0.573891699314117,0.837273482481639,-0.241170056779693,-0.0771326656930372
YPR074C,7.03581476211548,0.845107197761536,0.708018546187494,0.0438289705001991,5.83559753100077,8.32756805419922,0.766085331815751,0.920518190500702
YPR075C,0.373507499694824,-0.430683583021164,0.043797745898601,0.0509546830369877,0.297105073928833,0.461018094917139,-0.527089931298061,-0.336282046611671
YPR078C,0.00216243462637067,-2.72014331817627,0.00107625542723583,0.227380132221939,0.000598864163233278,0.00471120467409492,-3.22267182895263,-2.32686802781459
YPR079W,0.290462613105774,-0.539875566959381,0.0339601653838157,0.0508141663131188,0.232307334740957,0.359096065163612,-0.633937080360712,-0.444789377761215
YPR081C,0.0790972039103508,-1.10449826717377,0.00872584420690756,0.0481600452056404,0.0636267793675264,0.0958055120582382,-1.1963600635656,-1.01860950358654
YPR083W,0.0459242053329945,-1.34120619297028,0.00561518999527933,0.0532285529553543,0.0359124495647848,0.0572213022038341,-1.44475499199614,-1.24244226443448
YPR084W,0.0611135624349117,-1.21705090999603,0.00740921992859421,0.0526491001090001,0.0480965550988913,0.0761855233460665,-1.31788602897238,-1.11812755130629
YPR085C,0.0364497862756252,-1.44202995300293,0.00478027688592274,0.0569402297423698,0.0280780777490387,0.0463800898442666,-1.55163262847079,-1.33366841601045
YPR086W,0.569693505764008,-0.247393772006035,0.0674174226802515,0.0513846784626677,0.450242761770884,0.709697446227074,-0.34655326559074,-0.148926757534214
YPR088C,1.41200160980225,0.147440403699875,0.147846091558507,0.0457045080106099,1.15924676557382,1.67849613428116,0.0641758494829858,0.224920339999422
YPR089W,0.189626917243004,-0.724336743354797,0.0191981188060285,0.0441498605383709,0.156438990930716,0.224082675948739,-0.805654997579221,-0.649591723697183
YPR091C,0.249656438827515,-0.604948163032532,0.0256305032547083,0.0446770204163919,0.206394240260124,0.2960861881574,-0.685302426512597,-0.528581851525136
YPR093C,0.0635680928826332,-1.20260560512543,0.0104912885824407,0.0712929260826892,0.0453959693821768,0.0858101937298974,-1.3429828084617,-1.06646112832175
YPR095C,0.0493387244641781,-1.30926561355591,0.00523351423342897,0.0462491681412364,0.0403347676309447,0.0589560653393467,-1.39432054584249,-1.2294715116307
YPR097W,0.294943451881409,-0.53242164850235,0.0293299527990861,0.0434082284955185,0.244517085825404,0.347078651189804,-0.611690807321176,-0.459572098963586
YPR103W,2.19148683547974,0.336908996105194,0.292216492300784,0.0576757985569417,1.68780541419983,2.82376484870911,0.227322375695745,0.450828527659774
YPR105C,0.151640400290489,-0.821506142616272,0.015657051189775,0.0449688499971806,0.125150481487314,0.180650725960732,-0.902567478922832,-0.743160288842118
YPR106W,0.168218567967415,-0.77716076374054,0.0198849019686265,0.051440926573408,0.134631872177124,0.207057312130928,-0.870852114910821,-0.683909427986816
YPR108W,1.57453107833862,0.19458270072937,0.170859833853218,0.0473346525365075,1.27505009671052,1.9033659696579,0.105527248428972,0.27952230027968
YPR109W,0.0989184677600861,-1.00985085964203,0.0152196673508974,0.0668871137585856,0.0721000888074438,0.131396129727364,-1.14206420076502,-0.881417426730605
YPR110C,2.07942318916321,0.314811140298843,0.250413284823728,0.0521500966704664,1.64953704675039,2.60600132743518,0.217362044447334,0.415974632581924
YPR111W,0.10583683103323,-0.978081822395325,0.0118338082384323,0.0486865327188707,0.0853247735649347,0.12883928231895,-1.06892486911943,-0.889951704404975
YPR112C,0.667748510837555,-0.177700087428093,0.0688007986627166,0.0448922754293696,0.552055844167868,0.792718172073364,-0.258016989024689,-0.100881186034267
YPR115W,0.0792037397623062,-1.10369277000427,0.00838229359056592,0.0461229454134718,0.0648633221785227,0.0950374392792583,-1.18800081134966,-1.02210527808949
YPR118W,1.05579233169556,0.0209785774350166,0.115260521298582,0.0476224802117497,0.852599841852983,1.27854713102182,-0.0692547542320436,0.106716741953091
YPR119W,0.352990418672562,-0.4548499584198,0.038622415588081,0.0477217255734454,0.285261978209019,0.42623054732879,-0.544756110751908,-0.370355428253959
YPR120C,0.15523587167263,-0.812017798423767,0.0182853469692508,0.0511664671624775,0.123171683525046,0.191954051082333,-0.909489179809192,-0.716802738893644
YPR121W,0.000405320024583489,-3.48183035850525,0.000259221155194977,0.29171953261464,7.9597611996481e-05,0.0010584813503859,-4.09910075287176,-2.97531729956558
YPR122W,0.0891568660736084,-1.05211365222931,0.00907870220113493,0.0444581885965223,0.0734789498150349,0.105429672263563,-1.1338370598281,-0.977037143572613
YPR125W,0.37451109290123,-0.429316461086273,0.0423458751447826,0.0492285569199697,0.299844235181808,0.456271099547545,-0.523104296510367,-0.340777048237094
YPR127W,0.230778783559799,-0.640214622020721,0.0290518828675962,0.0543976279495289,0.181361299629013,0.290924610942602,-0.74145538107033,-0.536219539910081
YPR128C,0.347831845283508,-0.462402433156967,0.0457820125913414,0.0573788376178704,0.267925750712554,0.438530884434779,-0.571985553637575,-0.357999816266217
YPR129W,1.25318086147308,0.0951987653970718,0.142509326274087,0.0495449027377487,1.00043761630853,1.53187581797441,0.000190012747209829,0.185223559923743
YPR133C,0.759064495563507,-0.12241430580616,0.0844717439150191,0.0484331968341842,0.612580912808577,0.918779141704242,-0.212836539352494,-0.0367888775874675
YPR134W,0.0658716335892677,-1.18964576721191,0.0130207325017522,0.0851631061173761,0.0439159659358362,0.0952414035797119,-1.3573775852598,-1.02117422707392
YPR135W,0.266440361738205,-0.576660752296448,0.0271283750966107,0.0443843946451897,0.220346900572379,0.315599538882573,-0.656893054186004,-0.500863640916088
YPR139C,0.304011344909668,-0.521009027957916,0.0409057655892275,0.0581718714540118,0.232964699715376,0.38904184649388,-0.632709882884325,-0.410003688273267
YPR141C,0.122132264077663,-0.915606141090393,0.0128905128795632,0.0460943494773934,0.0994860144952933,0.14619221376876,-1.00223796819988,-0.835075782777431
YPR143W,0.825976848602295,-0.0879817456007004,0.12500996102937,0.0656596136486594,0.609954744080702,1.09016768236955,-0.214702399014586,0.0374932863519729
YPR144C,0.354915648698807,-0.452319860458374,0.0375610117250505,0.046170067546051,0.29005260442694,0.424331516027451,-0.537523236427198,-0.372294711036801
YPR147C,0.416964411735535,-0.383736789226532,0.0556966075789453,0.0576880148996909,0.321704537421465,0.533578682939212,-0.492542820616912,-0.272801539749176
YPR148C,0.73616099357605,-0.135693609714508,0.0815162357892769,0.0481876689755474,0.593755543231964,0.893734872341156,-0.226392322825913,-0.0487912961439948
YPR152C,0.104749351739883,-0.982752442359924,0.0120838199664487,0.050315203890203,0.0836741847296556,0.128002304956317,-1.07740853374305,-0.892782211420641
YPR155C,0.125720024108887,-0.903323709964752,0.014069304272955,0.0487667842850643,0.101229858833055,0.152847964316607,-0.994691368786645,-0.815740345419999
YPR157W,0.0148256877437234,-1.83622050285339,0.00270922575409748,0.0795071909896025,0.0101456811341147,0.0206505774830778,-1.99371880412635,-1.68506780414852
YPR158W,0.284596771001816,-0.552214622497559,0.0496342984054708,0.0746882421265127,0.201496939485272,0.391741037368774,-0.695731554076924,-0.407000930955892
YPR160W,0.255992919206619,-0.594061613082886,0.0262702300553102,0.0446316580477033,0.210817652692397,0.305146651218335,-0.676093027009433,-0.515491406039002
YPR161C,0.2738256752491,-0.564858436584473,0.0283796843174642,0.0450542148782261,0.225179841617743,0.328100197513898,-0.647470492598114,-0.483993508702908
YPR162C,0.137378707528114,-0.86480838060379,0.0153699861989959,0.0487920174608649,0.1102366010348,0.167550234744946,-0.957674186277601,-0.775854977072047
YPR163C,6.30240297317505,0.797135889530182,0.657454769877779,0.0454567060504022,5.1721654454867,7.52258154948553,0.713672404316824,0.876366898378725
YPR164W,0.0919874310493469,-1.0384441614151,0.00918632367956453,0.0435246025302535,0.0763771148398519,0.10850192711999,-1.11703675199438,-0.964562548938969
YPR167C,0.105488613247871,-0.984780073165894,0.0203191173874654,0.0834717938270915,0.0703501294677456,0.150097098449866,-1.15273510439985,-0.823627884115191
YPR169W,0.364307314157486,-0.441218614578247,0.0404673413681413,0.0484030940738325,0.292612985769908,0.44209045941631,-0.533706404404714,-0.354488881202843
YPR171W,0.185557290911674,-0.734204053878784,0.0206350977361359,0.0482683978327777,0.150201098745068,0.225186241293947,-0.823326891637306,-0.647458148549312
YPR173C,0.484043210744858,-0.317836761474609,0.0541299364244239,0.0486836082917903,0.388959266493718,0.588761135935784,-0.410095880643532,-0.230060891631609
YPR178W,0.129140406847,-0.891737699508667,0.0146617243033263,0.0493583099874346,0.10348446102192,0.158300444483757,-0.985124870577958,-0.800517865702572
YPR179C,0.11944180727005,-0.925428628921509,0.0130122237003742,0.0474492992841044,0.0969559252262115,0.143924040719867,-1.01342564492034,-0.841866671196669
YPR180W,0.364721715450287,-0.441039562225342,0.0429364633094061,0.0510969003127591,0.290768557290236,0.451546768347422,-0.536452559467347,-0.345297261768508
YPR181C,2.09402990341187,0.318824261426926,0.208027073143058,0.043394859985846,1.74021085997423,2.45588787794113,0.240601864458178,0.390208528405885
YPR183W,2.75278806686401,0.435830801725388,0.371713161514689,0.058572783295156,2.10514327685038,3.52467859387398,0.323281658767956,0.547119520902411
YPR185W,0.0964768677949905,-1.01812517642975,0.010419515464507,0.0471328483170725,0.0779434591531754,0.115823388720552,-1.10822032400138,-0.936203744546885
YPR186C,0.104923196136951,-0.982343137264252,0.0127995633962011,0.0528575223147855,0.0830732733011246,0.131419998779893,-1.08053867687545,-0.881338554356683
YPR189W,0.41465824842453,-0.384457737207413,0.0411005786563375,0.0432863567344352,0.344283457597097,0.487060925116142,-0.463083844342511,-0.312416710699407
YPR190C,0.309845596551895,-0.511242628097534,0.0323751161239081,0.0456548910051333,0.253519361962875,0.367654906958342,-0.595988874907502,-0.43455963603793
YPR192W,0.0072846282273531,-2.1573121547699,0.0021960635796399,0.132432569505168,0.00368089089170098,0.0122570908706014,-2.43404705564067,-1.91161287422118
YPR198W,0.209540158510208,-0.68119490146637,0.0223115052523547,0.0462894247539848,0.171372964978218,0.252166862289111,-0.76605768933724,-0.598311985456314
YPR201W,0.0228533428162336,-1.64762556552887,0.00399276091516465,0.0756659025619401,0.0161135550588369,0.0314084355098506,-1.79280863263437,-1.5029536997099
