AA	Codon	tRNA(anticodon)	tRNA_gene_copy_number	Wobble	(tRNA_GCN*Wobble)	tAI	R_c
A	GCA	TGC	5	1	5	0.30795	1.4224238
A	GCC	AGC	11	0.64	7.04	0.487685	0.6982879
A	GCG	TGC	5	0.64	3.2	0.098522	1.7913012
A	GCT	AGC	11	1	11	0.67734	0.7439787
C	TGC	GCA	4	1	4	0.246305	1.3124677
C	TGT	GCA	4	0.64	2.56	0.108128	0.8129126
D	GAC	GTC	16	1	16	0.985222	0.9749501
D	GAT	GTC	16	0.64	10.24	0.432512	0.9771609
E	GAA	TTC	14	1	14	0.862069	0.9358888
E	GAG	CTC	2	1	2	0.399015	1.3490997
F	TTC	GAA	10	1	10	0.615764	0.6956495
F	TTT	GAA	10	0.64	6.4	0.27032	0.686277
G	GGA	TCC	3	1	3	0.184729	1.5260655
G	GGC	GCC	16	1	16	0.985222	1.4416823
G	GGG	CCC	2	1	2	0.182266	1.7256386
G	GGT	GCC	16	0.64	10.24	0.432512	1.0667916
H	CAC	GTG	7	1	7	0.431034	0.9154641
H	CAT	GTG	7	0.64	4.48	0.189224	0.9922004
I	ATA	TAT	2	1	2	0.123233	1.394014
I	ATC	AAT	13	0.64	8.32	0.576355	0.7039792
I	ATT	AAT	13	1	13	0.800493	0.6284445
K	AAA	TTT	7	1	7	0.431034	0.978243
K	AAG	CTT	14	1	14	1	1.0943089
L	CTA	TAG	3	1	3	0.184729	0.9165169
L	CTC	GAG	1	1	1	0.061576	1.1024675
L	CTG	TAG	3	0.64	1.92	0.059113	1.4565058
L	CTT	GAG	1	0.64	0.64	0.027032	0.9176823
L	TTA	TAA	7	1	7	0.431034	0.7272969
L	TTG	CAA	10	1	10	0.753695	0.7904184
M	ATG	CAT	10	1	10	0.615764	0.8415256
N	AAC	GTT	10	1	10	0.615764	0.6898425
N	AAT	GTT	10	0.64	6.4	0.27032	0.7078108
P	CCA	TGG	10	1	10	0.615776	1.0842912
P	CCC	AGG	2	0.64	1.28	0.08867	1.3106768
P	CCG	TGG	10	0.64	6.4	0.197044	3.1205299
P	CCT	AGG	2	1	2	0.123153	1.0239082
Q	CAA	TTG	9	1	9	0.554187	0.8659004
Q	CAG	CTG	1	1	1	0.238916	1.6325536
R	AGA	TCT	11	1	11	0.67734	1.1308364
R	AGG	CCT	1	1	1	0.278325	1.939357
R	CGA	ACG	6	0.61	3.66	3.7E-05	3.6442612
R	CGC	ACG	6	0.64	3.84	0.26601	1.6633606
R	CGG	CCG	1	1	1	0.061576	4.0202765
R	CGT	ACG	6	1	6	0.369458	1.0459032
S	TCA	TGA	3	1	3	0.184797	1.0015308
S	TCC	AGA	11	0.64	7.04	0.487685	0.7072965
S	TCG	CGA	1	1	1	0.12069	1.3549748
S	TCT	AGA	11	1	11	0.67734	0.6624122
T	ACA	TGT	4	1	4	0.246373	1.3252482
T	ACC	AGT	11	0.64	7.04	0.487685	0.6976534
T	ACG	CGT	1	1	1	0.140394	1.7572598
T	ACT	AGT	11	1	11	0.67734	0.692477
V	GTA	TAC	2	1	2	0.123239	0.9784524
V	GTC	AAC	14	0.64	8.96	0.62069	0.6841453
V	GTG	CAC	2	1	2	0.162562	1.2778867
V	GTT	AAC	14	1	14	0.862069	0.6336201
W	TGG	CCA	6	1	6	0.369458	1.7898831
Y	TAC	GTA	8	1	8	0.492611	0.9352348
Y	TAT	GTA	8	0.64	5.12	0.216256	0.8397308
Z	AGC	GCT	2	1	2	0.123153	1.1973314
Z	AGT	GCT	2	0.64	1.28	0.054064	0.9498069
