GeneID,Mean,Mean.log10,Std.Dev,log10.Std.Dev,0.025,0.975,log10.0.025,log10.0.975
YAL061W,0.217283546924591,-0.663958668708801,0.014669792186401,0.0292832134103436,0.18961608633399,0.24779338563482,-0.722124821502548,-0.60591029074859
YAL058W,0.156277403235435,-0.806877255439758,0.00933227893025922,0.0259109761702023,0.138983152558406,0.175168726220727,-0.857037842211101,-0.756543428127962
YAL053W,0.430692374706268,-0.366270661354065,0.019358609555297,0.0195122238710487,0.394082863877217,0.469602305442095,-0.404412449490823,-0.328269781334684
YAL051W,0.13482990860939,-0.870669841766357,0.00617959351809499,0.0199055545529047,0.122999596347411,0.147017036875089,-0.91009631386484,-0.832632338627388
YAL049C,0.740701675415039,-0.133413642644882,0.0886569365551128,0.051395619976031,0.58921205997467,0.930262844761213,-0.229728372612079,-0.0313943251574201
YAL048C,0.0874127000570297,-1.05919373035431,0.00519831170244424,0.0258097252496688,0.0775521740317345,0.0977434957399964,-1.11040602303967,-1.00991213284259
YAL047C,0.0761313065886497,-1.11938107013702,0.00501976946637031,0.0286442272366395,0.0667319111526012,0.0864185987661282,-1.17566643846811,-1.06339278686871
YAL043C,0.245810374617577,-0.609898507595062,0.0117825044201205,0.0208552852259665,0.222821395720045,0.268968229244153,-0.652043109802623,-0.570299018554776
YAL042W,1.27729272842407,0.105448193848133,0.0797308129752704,0.0270345288731492,1.13073371152083,1.44728581011295,0.0533603403400207,0.160554303649519
YAL040C,0.0766546204686165,-1.11653351783752,0.00538274009670645,0.030532170621588,0.0664990559841196,0.0874553898970286,-1.17718452148577,-1.05821341976452
YAL039C,0.325576812028885,-0.489569872617722,0.0330091236350685,0.0439327831420776,0.266980119049549,0.394679665565491,-0.573521078079392,-0.403755248471959
YAL038W,59.7392692565918,1.77571761608124,3.00244152536235,0.0217979378947422,54.1596475919088,65.763872273763,1.7336758297883,1.81798737702776
YAL037W,0.0134894791990519,-1.8862556219101,0.00369507608887047,0.120018511458209,0.00732386767631397,0.0220399387491246,-2.13525951103995,-1.65678961997999
YAL036C,1.47106182575226,0.166703566908836,0.0962193588848987,0.0283505683040955,1.29254069924355,1.67573777635892,0.111444226440639,0.224206046432398
YAL035W,3.28318309783936,0.515970647335052,0.126795142250655,0.0167563042706682,3.04549865523974,3.54398806095123,0.483658410372058,0.549492249917717
YAL034C,0.0259783379733562,-1.58861458301544,0.00317288133020231,0.0529663252099673,0.0201245029612134,0.0327209634395937,-1.69627483755978,-1.48517391742176
YAL032C,0.141461163759232,-0.850679397583008,0.0110254445689194,0.0338423946129904,0.121147210896015,0.16442551240325,-0.916686579959319,-0.784030796719276
YAL031C,0.0874182432889938,-1.05906713008881,0.00484142533027869,0.0240484833029243,0.0784636276463668,0.0973435558378696,-1.10533161722108,-1.0116927936778
YAL028W,0.0251871421933174,-1.6012419462204,0.00266257927429117,0.0458578985844139,0.0203524226943652,0.0308037675761928,-1.69138388810757,-1.51139616234033
YAL027W,0.113650023937225,-0.948850393295288,0.0163093981073374,0.0619594868385661,0.0854101404547691,0.149385597681006,-1.06849056394674,-0.825691271048169
YAL025C,1.14326596260071,0.0566773787140846,0.0941866698775892,0.035705823978897,0.972260502477487,1.3356192111969,-0.012217357689497,0.125682657205334
YAL023C,1.79510688781738,0.253659576177597,0.0798841983469763,0.019343564396938,1.64215801258882,1.95449324647586,0.21541494349634,0.291034174093489
YAL022C,0.254274159669876,-0.595484733581543,0.0152889611439301,0.0261378101718345,0.224955722689629,0.284631101538738,-0.647902954261408,-0.54571764654472
YAL021C,0.531962692737579,-0.274587571620941,0.024667045452526,0.0201663031973205,0.48473328029116,0.58058930883805,-0.314497161989939,-0.236130965680575
YAL020C,0.096512608230114,-1.01791489124298,0.0103559426833631,0.0466704325499356,0.0770280208438635,0.118345928005874,-1.1133512608048,-0.926846681241538
YAL019W,0.304733157157898,-0.516479909420013,0.0130535295124535,0.0186257640147178,0.279340332001448,0.330384709934394,-0.553866355059717,-0.480980062720252
YAL018C,0.00168830493930727,-2.84175205230713,0.000940477285271576,0.25575704202531,0.000387972074046653,0.00397893884219229,-3.41119953528223,-2.40023316481637
YAL014C,0.227725714445114,-0.646526098251343,0.0309202644127846,0.0583830861100899,0.173549866676331,0.294887174665928,-0.760575732115688,-0.530344115522801
YAL012W,9.17922973632812,0.961950778961182,0.576129329856316,0.0272347446701487,8.11232478618622,10.3660063028336,0.909145327603966,1.01561146790152
YAL010C,0.086015596985817,-1.06662154197693,0.00639119029270113,0.0322420650099259,0.0743082704022527,0.0991271457324425,-1.12896285206879,-1.0038073989985
YAR002W,0.644193351268768,-0.191618397831917,0.0348323514521932,0.0234674818277903,0.57857101559639,0.714961024622122,-0.237643327383424,-0.145717632716607
YAR007C,0.881931960582733,-0.0550786256790161,0.0428784787675487,0.0211314920032246,0.800106730560462,0.96739786863327,-0.0968520763217912,-0.0143948737822021
YAR008W,0.141219332814217,-0.853428423404694,0.0175647792553113,0.053674527311659,0.110390961170197,0.179314920306206,-0.957066485253677,-0.746383585810931
YAR015W,2.23524570465088,0.347846180200577,0.185248617077632,0.0358078120294965,1.90469639499982,2.61817329525948,0.279825759809869,0.417998385410236
YAR018C,0.096548929810524,-1.01682007312775,0.00819517948945118,0.0369519247042585,0.0811566307519873,0.11297992815574,-1.0906759923681,-0.946998708178309
YAR042W,0.250870496034622,-0.600957930088043,0.0108790899142234,0.0188368653996836,0.230394457280636,0.272721081972122,-0.637527973176496,-0.564281288790055
YBL106C,0.0659284219145775,-1.18161177635193,0.00369368158306396,0.0243424210839873,0.0589004047214985,0.0733262921993931,-1.22988172104126,-1.13474027698175
YBL105C,0.21787703037262,-0.662189722061157,0.00939168821544066,0.0187156162367776,0.200226217508316,0.236928630496065,-0.698479056858137,-0.625382456293726
YBL103C,0.181229382753372,-0.742706477642059,0.0119198601815816,0.0285326554526348,0.159056148057183,0.2062728193899,-0.798449540135077,-0.685557995777208
YBL101C,0.142511948943138,-0.846626341342926,0.00667028478323528,0.0203870969881792,0.129403414453069,0.155737299223741,-0.888054264246569,-0.807607361895484
YBL098W,0.293932914733887,-0.532663404941559,0.0190645754025871,0.0281360288774668,0.25805059770743,0.332839340219895,-0.588295130857721,-0.477765347629032
YBL097W,0.15127719938755,-0.820847153663635,0.00809240306065054,0.0232162450513986,0.13585018205146,0.16778708435595,-0.866939777170802,-0.77524147280241
YBL095W,0.052714753895998,-1.28414905071259,0.00883609798992469,0.0729139858275284,0.0371699788918098,0.0717535090322295,-1.4298077043163,-1.14415689767897
YBL091C,1.19967377185822,0.0783098414540291,0.0706767805030218,0.025554272890372,1.06637623707453,1.34347856044769,0.0279104579735029,0.128230740249235
YBL086C,0.155799359083176,-0.808411717414856,0.0104882817261712,0.0291638503398403,0.136381198838353,0.178211300695936,-0.86524549754991,-0.74906476519924
YBL085W,0.244917213916779,-0.611412942409515,0.0109070600443908,0.0193356080761697,0.224149862428506,0.267449243366718,-0.649461528310132,-0.572758626527836
YBL084C,0.0685543119907379,-1.16483283042908,0.00433464081346342,0.0275022932117193,0.0604051137963931,0.0774537584433953,-1.21892629607576,-1.11095750380389
YBL081W,0.147664800286293,-0.832445979118347,0.0132238713224574,0.0386686030482388,0.123620527051389,0.176499090095361,-0.907909410298682,-0.753257529238385
YBL080C,0.0596914179623127,-1.22542667388916,0.00469797895293134,0.0341360324273793,0.0508852923909823,0.0696135899052024,-1.29340772597676,-1.15730596992621
YBL079W,0.2932168841362,-0.533148407936096,0.0115830806000303,0.0171719053963352,0.270940718054771,0.315765890479088,-0.567125722557145,-0.500634786167702
YBL076C,3.96269607543945,0.597658157348633,0.155413025065713,0.0170360032131615,3.66749226649602,4.26965219974518,0.564369206449295,0.630392495025998
YBL069W,0.407686591148376,-0.390540391206741,0.025771571866068,0.0274428992527077,0.358880072832108,0.45988454396526,-0.445050655624184,-0.337351188326231
YBL068W,0.864400506019592,-0.0644809529185295,0.0641840280689131,0.0322448378820334,0.744163078069687,0.995218705634276,-0.128331881610212,-0.00208147053545178
YBL064C,0.864845216274261,-0.0655314549803734,0.0927689300245206,0.0462629121640797,0.700505741437276,1.06416425704956,-0.154588308759837,0.0270086677889553
YBL063W,0.0813240334391594,-1.09030675888062,0.00399893506226684,0.0213701104480639,0.0735820772126317,0.0894213602567712,-1.13322795626496,-1.04855872819946
YBL061C,0.311423718929291,-0.507172167301178,0.0152555257168661,0.021302911072141,0.281433558960756,0.341475641727447,-0.550624118382838,-0.466640270654076
YBL058W,1.58776390552521,0.200007349252701,0.095096617438565,0.0259913731243341,1.40953290462494,1.78174947003523,0.149075218646954,0.250846638185948
YBL056W,1.0385160446167,0.0157208275049925,0.0587642315452378,0.0245411189312778,0.929560574392478,1.15748702387015,-0.0317223043674817,0.0635161309566176
YBL052C,0.0406011082231998,-1.39251637458801,0.00283095984010757,0.0303337540339925,0.0350886964549621,0.0464101028939088,-1.45483276640962,-1.33338746875275
YBL051C,0.663564383983612,-0.178621754050255,0.0320010986103451,0.0209376462832988,0.603981097042561,0.728326970338821,-0.218976653408399,-0.137673615939852
YBL050W,1.26888179779053,0.101684764027596,0.114263098341785,0.0387503114498412,1.06568943758806,1.51350297431151,0.0276306603675674,0.179983278446031
YBL047C,1.21281659603119,0.083493284881115,0.0452305693293777,0.016205491305883,1.12650317152341,1.30264074107011,0.0517324186234596,0.114824656891531
YBL046W,0.197445869445801,-0.705437183380127,0.0126136713103501,0.0277090629146439,0.173682735860348,0.223775248850385,-0.76024334866098,-0.650187951241069
YBL043W,0.00798435043543577,-2.12924265861511,0.00302332688049613,0.168559482767048,0.00324401845767473,0.0149703416973352,-2.4889166845357,-1.82476828679298
YBL042C,0.407602906227112,-0.390332609415054,0.0208594190247925,0.0222121223310802,0.368621565153201,0.449556057403485,-0.433419261252747,-0.347216147493214
YBL039C,2.77303338050842,0.442467868328094,0.131120464003758,0.0205416690838636,2.52239425381025,3.03587176601092,0.401812966204321,0.482283423188268
YBL038W,0.450058728456497,-0.352552235126495,0.0743631132177759,0.0710259605614579,0.322416352232297,0.620117276410262,-0.49158294038125,-0.207526174117496
YBL037W,0.160657808184624,-0.794523596763611,0.00709024369573776,0.0191844921943024,0.146883261824648,0.174764315038919,-0.833027691739056,-0.75754724097735
YBL036C,1.60505712032318,0.203149512410164,0.167347652388021,0.0450472636667527,1.3119348247846,1.95978844165802,0.117912259734066,0.292209191979194
YBL034C,0.119576394557953,-0.922725856304169,0.00493408935485931,0.0179453187790122,0.110233209654689,0.129228706409534,-0.957687547084427,-0.888641002987271
YBL033C,0.45568311214447,-0.342706590890884,0.0363023027173856,0.0344916193597775,0.388402323424816,0.531642836829026,-0.410718180971276,-0.274380034342227
YBL031W,0.0622637830674648,-1.20806634426117,0.00641597407806929,0.044765942948562,0.050459484445552,0.0755638054261605,-1.297057191075,-1.12168617894116
YBL030C,5.62846803665161,0.749254643917084,0.406530888359853,0.0313893244753065,4.87511267662048,6.44636185566584,0.687984656045629,0.809314680215038
YBL024W,1.50976061820984,0.178479343652725,0.0671395111031533,0.0193136551617226,1.38184326191743,1.64487040042877,0.140458784756807,0.216131685510364
YBL023C,0.3093022108078,-0.510030567646027,0.0134870184974422,0.0189639938927208,0.283612239112457,0.335983245323102,-0.547275032189474,-0.473682379294926
YBL022C,0.703656613826752,-0.152969643473625,0.0273844679727927,0.0169106816261745,0.65101388891538,0.758761656284332,-0.186409746445053,-0.11989462454298
YBL020W,0.140750050544739,-0.852340400218964,0.0084709087084217,0.0261232206748814,0.124836671166122,0.158041669179996,-0.903657823163245,-0.801228392191749
YBL015W,0.285387277603149,-0.545286357402802,0.0164520901222529,0.0249790897689672,0.254662864406904,0.319254306207101,-0.59403438041342,-0.495863237640257
YBL013W,0.0529281012713909,-1.27857196331024,0.00541152438474501,0.04432402715476,0.0430967252080639,0.0642655642703176,-1.36555572970345,-1.19202167547544
YBL011W,0.283332407474518,-0.548216879367828,0.013737785215801,0.0210679468755672,0.257071203241746,0.310887724161148,-0.58994656969849,-0.50739642634642
YBL010C,0.162726551294327,-0.791762113571167,0.0199220533164309,0.052883727012647,0.12691376619041,0.206177017961939,-0.896491269248327,-0.685759755712466
YBL009W,0.194334715604782,-0.712159931659698,0.0111200257379479,0.0248558051341944,0.173335582017899,0.217187676702936,-0.761112276940843,-0.663164820571283
YBL008W,0.11982287466526,-0.92204874753952,0.00622159289882706,0.0225755846865643,0.107937482806544,0.132025834545493,-0.966827714322352,-0.879341079089547
YBL007C,1.16051304340363,0.0643197819590569,0.045144447125565,0.016917469736463,1.07337088485559,1.24802694320679,0.0307498073293335,0.0962239612754146
YBL004W,0.411869049072266,-0.385508894920349,0.0144703535426009,0.0152815372652984,0.383981773505608,0.439278811216354,-0.415689389836825,-0.35725974459206
YBR003W,0.23494279384613,-0.629948854446411,0.0152379671127434,0.0281639096537661,0.206117989743749,0.26578019708395,-0.685884103138393,-0.575477382241726
YBR004C,0.147046998143196,-0.833736896514893,0.0108993521328151,0.032156524990906,0.126748846595486,0.169718621547023,-0.897055984080155,-0.770270504387164
YBR006W,0.164045989513397,-0.786009132862091,0.0109868874010147,0.029104133226792,0.143294902518392,0.185915783171852,-0.843769260160616,-0.730683739678066
YBR008C,0.00161313149146736,-2.82065796852112,0.000575947564638204,0.160471640545033,0.000679116805743736,0.00295810281725911,-3.1680556547319,-2.52898674150245
YBR011C,14.8819169998169,1.17086052894592,1.36086686801802,0.0394439830079047,12.4789827108383,17.7686416308085,1.09617918300359,1.24965422802349
YBR015C,1.02469956874847,0.0100244516506791,0.0525753506591685,0.0222628974498754,0.926660253107548,1.13204862475395,-0.0330794647233115,0.0538650814480229
YBR017C,0.644865989685059,-0.190931260585785,0.0277446989116066,0.0186970505455981,0.591092996299267,0.700716733932495,-0.228344186796281,-0.154457510924057
YBR020W,0.000692429603077471,-3.22373676300049,0.000371302090995297,0.2461902716738,0.000170177169517653,0.00158803106751293,-3.76909880729211,-2.79914100548735
YBR021W,0.0829396173357964,-1.08215355873108,0.00539617362407579,0.0282181188786992,0.0729028824716806,0.0940602742135525,-1.13725530091356,-1.02659376120378
YBR023C,0.310385197401047,-0.508487582206726,0.0131414997553703,0.0183751603377209,0.28591090987126,0.336837593466043,-0.543769272485778,-0.472579444125118
YBR024W,0.136098369956017,-0.868854224681854,0.0152617723409653,0.0484903573996374,0.108442073004941,0.16901108622551,-0.964802200881418,-0.77208480705111
YBR025C,7.80994749069214,0.891767680644989,0.498362900942289,0.0276120784524272,6.87755436499914,8.86865406831106,0.837434030613688,0.947857715062006
YBR026C,0.686351776123047,-0.164506733417511,0.0478951707964806,0.0302421760275126,0.597039402027925,0.786633902788162,-0.223997007262061,-0.104227345319184
YBR028C,0.193543121218681,-0.714032530784607,0.0118269328891158,0.026550651416332,0.170910115415851,0.217090177163482,-0.767232234547349,-0.663359827050505
YBR029C,0.565771043300629,-0.248108327388763,0.0332369561903532,0.0254803856773461,0.50328384488821,0.634247875710328,-0.298187011845257,-0.197740979591759
YBR030W,0.106541104614735,-0.973419547080994,0.00698654696516644,0.02853787644859,0.0932727247476578,0.120505267071227,-1.03024533621877,-0.918993970585263
YBR035C,2.11956977844238,0.321678102016449,0.310320813892624,0.0628896502899078,1.58524836500486,2.80697385072708,0.200097313286193,0.448238365797623
YBR036C,0.823261022567749,-0.0852607935667038,0.0499244353633264,0.0263337457476717,0.729081701735655,0.924824080367883,-0.13722380275079,-0.0339408756967753
YBR038W,0.493933200836182,-0.306729286909103,0.0211060701591147,0.0185838034842022,0.453539644678434,0.534893690049648,-0.343384744622209,-0.271732526353689
YBR039W,2.15385890007019,0.331808149814606,0.173688880998997,0.0349992634571224,1.82931669851144,2.51150646209717,0.262288897957385,0.399934289070382
YBR040W,0.00704072741791606,-2.17483830451965,0.00224488938088669,0.14200975841963,0.00333384829185282,0.0120595788971211,-2.47705420023267,-1.91866785929477
YBR041W,0.385277301073074,-0.414749324321747,0.0189482160990362,0.0213450027971448,0.349064113199711,0.423377284655968,-0.457094798440051,-0.373272446792317
YBR042C,0.256235212087631,-0.592455744743347,0.0182072563315533,0.0308382826108601,0.222528746972481,0.293979606529077,-0.652613877514164,-0.531682795709913
YBR043C,0.0411676615476608,-1.38664352893829,0.00306438768103197,0.0322973943172822,0.0354686787351966,0.0474408630281687,-1.45015499217432,-1.32384742004855
YBR049C,0.789059817790985,-0.103288121521473,0.0338305574785854,0.0186142827086815,0.72467593451341,0.856686176856359,-0.139856160766905,-0.0671782430589321
YBR050C,0.0209332406520844,-1.68535721302032,0.0035310320557232,0.073659856722121,0.0146673570309455,0.0284700646996498,-1.83364825128378,-1.54561155957375
YBR053C,0.801086902618408,-0.0974111184477806,0.0568401730817364,0.0307779581483945,0.695555373529593,0.917977729439735,-0.15766829497794,-0.0371678549736129
YBR055C,0.12172944098711,-0.915212512016296,0.00644322327823571,0.0229973997442148,0.109406955353916,0.134639815489451,-0.960955070358745,-0.870826492203275
YBR056W,0.475205898284912,-0.323850482702255,0.0276378510465615,0.0252331748623866,0.423622445762157,0.531376437842846,-0.373021036732767,-0.274597706877519
YBR057C,0.224402517080307,-0.650314688682556,0.0176802736838163,0.0341037485671713,0.19212524878482,0.261556558062633,-0.716415559527982,-0.582434399248269
YBR058C,0.39943864941597,-0.399015337228775,0.018500584854687,0.0201245358446248,0.36375656252106,0.436601344744364,-0.439189162843065,-0.359914930993362
YBR059C,0.401209741830826,-0.396994978189468,0.0164295765118653,0.0178157863204859,0.369145955642064,0.43357429181536,-0.432801885433942,-0.36293647672304
YBR061C,0.456157505512238,-0.342504054307938,0.0395083980348129,0.0374927574604444,0.383580778290828,0.53954541683197,-0.416143168561694,-0.267971992224202
YBR063C,0.00246824300847948,-2.63409972190857,0.000856296682075463,0.1548180469983,0.00110303325151714,0.00440512245986611,-2.95741140482308,-2.35604201418986
YBR065C,0.11993358284235,-0.922683417797089,0.0103779408755331,0.0375975571668236,0.10031885424008,0.140970558176438,-0.998617436663051,-0.850871581490607
YBR068C,1.3520929813385,0.130521655082703,0.0637541752446064,0.0205140657768469,1.22874522209167,1.4782397210598,0.0894618421132297,0.169744867679014
YBR069C,1.16313350200653,0.0651357397437096,0.0554508194519358,0.0207225141960834,1.05687344074249,1.27205418447653,0.024022984206223,0.104505610846191
YBR070C,0.271902561187744,-0.570394217967987,0.0407622649567935,0.0645569160708762,0.201900836701194,0.359671268115441,-0.694861881444196,-0.444094253873238
YBR074W,0.389481872320175,-0.409905076026917,0.016573872333793,0.0184758544487806,0.357572031021118,0.422345795979102,-0.446636460345179,-0.374331824474887
YBR076W,0.00349851255305111,-2.48051047325134,0.00116302792073406,0.148114153388417,0.00155382419082647,0.00616827653332924,-2.80859823532775,-2.2098362039968
YBR078W,12.9716796875,1.11227118968964,0.750806533752936,0.0251112837382714,11.6009546756744,14.4718928734461,1.06449373001719,1.16052533759728
YBR079C,2.23854994773865,0.349597424268723,0.0924961765568767,0.0179332395551121,2.06523632208506,2.42519365151723,0.314969754129701,0.38474642018752
YBR080C,0.996170878410339,-0.00206299545243382,0.0426005414915272,0.0185794053948882,0.915317758917809,1.08125979801019,-0.0384281114339056,0.0339300555316816
YBR083W,0.353279799222946,-0.452692091464996,0.0216281655078643,0.026524127475798,0.312650680541992,0.398873270054658,-0.504940622299127,-0.399165066364719
YBR084W,1.32540571689606,0.121999740600586,0.0530967952208318,0.0174317115159824,1.22236309150855,1.42834074397882,0.0872002274904616,0.154831824754135
YBR085W,0.185878202319145,-0.732751548290253,0.0178015021320393,0.0414845505628086,0.152862050011754,0.223866518214345,-0.815700321671469,-0.650010856934906
YBR086C,0.681547701358795,-0.166879326105118,0.0283416953014383,0.018061442273162,0.627435647447904,0.738370337585608,-0.202430811087755,-0.131725758893754
YBR087W,0.489325523376465,-0.311674475669861,0.0375678947862259,0.0332003252167304,0.421403694649537,0.569152460992336,-0.375301665420994,-0.24477138309079
YBR088C,2.09456944465637,0.319034546613693,0.205147123082931,0.0422486675847846,1.73128417531649,2.53451965053876,0.238368357702086,0.40389566258657
YBR094W,0.279037356376648,-0.554776847362518,0.0125300112100326,0.0195419446156261,0.254816715915998,0.303180542588234,-0.593772085794084,-0.518298674205938
YBR095C,0.159573882818222,-0.798117160797119,0.0112712000967756,0.0306430060610072,0.138636735826731,0.18315916719536,-0.858121677339289,-0.737171339980027
YBR096W,1.49975919723511,0.171910956501961,0.208449275815113,0.0596082754021213,1.13991252779961,1.96164404253165,0.0568715231361942,0.292620201801122
YBR097W,0.0752285346388817,-1.12404108047485,0.00332140736856752,0.0192040468613316,0.0687765285372734,0.0816467478871346,-1.16255974877055,-1.08806110966015
YBR098W,0.0497062467038631,-1.30457007884979,0.00334453650747292,0.0292264429492489,0.0433813780546188,0.0564677768697341,-1.36269665628653,-1.24819931185106
YBR102C,0.240748167037964,-0.618965327739716,0.0118987495086523,0.0214450873876006,0.218419253826141,0.265287685145934,-0.6607090808854,-0.576282909893286
YBR103W,0.179729625582695,-0.746265888214111,0.0115023256680976,0.0277719455598607,0.158508537088831,0.203170841063062,-0.799947347876933,-0.692138621650203
YBR104W,0.35000616312027,-0.457488626241684,0.0298319082271331,0.0368457436352832,0.297416398922602,0.41196571563681,-0.526635089588456,-0.3851389254821
YBR105C,0.167446002364159,-0.777762949466705,0.0145822370234532,0.0376982658716606,0.141036942352851,0.198041468858719,-0.850667129408236,-0.703243861199013
YBR107C,0.0446522794663906,-1.3617068529129,0.0103381280046586,0.100659450037499,0.027017127443105,0.0677427856251597,-1.56836083689726,-1.1691369488798
YBR108W,0.155112877488136,-0.809937953948975,0.00805484641571763,0.0225588875912441,0.140111410245299,0.171207056442897,-0.853526498115051,-0.76647833984157
YBR110W,0.292224794626236,-0.535211741924286,0.0191394207962425,0.0283801222095701,0.256689765304327,0.331430840492249,-0.59059144792312,-0.479607081850414
YBR112C,0.648396372795105,-0.18860000371933,0.0292062380576375,0.0195298030436498,0.593985684216022,0.708212762077649,-0.226224021954671,-0.149836251659997
YBR114W,0.058634590357542,-1.23270189762115,0.00367462446122999,0.02721739636922,0.0517096508604785,0.0661809600889683,-1.28642839460006,-1.17926693829219
YBR115C,0.891745924949646,-0.0500752776861191,0.0340283722917475,0.0165905302219851,0.826069002846877,0.958811154464881,-0.0829836738633449,-0.018266922753677
YBR117C,0.00524502620100975,-2.2871720790863,0.000934960365475858,0.0779353850774823,0.00358032207392777,0.00722777539631352,-2.44607793851665,-2.14099535742455
YBR121C,4.63150835037231,0.665246069431305,0.216744021253505,0.0203102077281937,4.22752921183904,5.07126136620839,0.626086617071412,0.705115994060548
YBR125C,0.260328829288483,-0.585630714893341,0.0190047766012285,0.0316303379943926,0.225540476540724,0.299283016473055,-0.646775506333095,-0.523917927913732
YBR126C,2.28939723968506,0.359039723873138,0.128329533052633,0.0242973398427869,2.05169621904691,2.55735397338867,0.312113058032075,0.407790844588656
YBR127C,6.60821008682251,0.819451868534088,0.356635850120243,0.0234225754605279,5.92763757705688,7.33274117310842,0.772881642492194,0.865266355161873
YBR128C,0.0207497384399176,-1.68926322460175,0.00352773333674614,0.0740838864640034,0.0144759167994683,0.0283804969086001,-1.83935392516358,-1.54698000586103
YBR129C,0.190638348460197,-0.721612691879272,0.0175093175013739,0.039778687085059,0.158564651509126,0.227337130407492,-0.799793625078204,-0.643329626533616
YBR130C,0.387694656848907,-0.41247084736824,0.0258480283673789,0.0288397763695305,0.340964627514283,0.441790340592464,-0.46729067403857,-0.354783783883303
YBR131W,0.0643894895911217,-1.19208896160126,0.00415834351252401,0.0280614814472565,0.0565214432155093,0.0727751089259982,-1.24778675800466,-1.13801713587033
YBR139W,0.804525315761566,-0.0950987860560417,0.0436709035443778,0.0235811897758481,0.721004903316498,0.893084647258123,-0.142061781777024,-0.0491073847444459
YBR141C,0.126378566026688,-0.900306642055511,0.0120926053742035,0.0414990296023268,0.104263997947176,0.150956153869629,-0.981865626301564,-0.821149177856875
YBR142W,0.369146704673767,-0.433287739753723,0.0174826922281248,0.0206124497289837,0.335117091486851,0.403775893648465,-0.474803421963429,-0.39385961300942
YBR143C,3.99432253837585,0.60070788860321,0.233135921692881,0.025300987594494,3.56376109520594,4.47541042963664,0.551908582268789,0.650832868530966
YBR145W,0.161445111036301,-0.793809056282043,0.0148504288056711,0.0399327480356652,0.133977084110181,0.19261712829272,-0.872969479108866,-0.715305096277415
YBR146W,0.487060695886612,-0.314904302358627,0.0524266989559196,0.0464104817408487,0.393294837822517,0.601442915697892,-0.40528175541452,-0.220805631520161
YBR147W,0.0094944192096591,-2.04267430305481,0.00290550571728233,0.133601265690302,0.00483525878128906,0.0162845794266711,-2.31558030261356,-1.78822351766743
YBR148W,0.023301787674427,-1.634880900383,0.00238579476424979,0.044430502060865,0.0189281377630929,0.028251979375879,-1.72289211376423,-1.54895112530613
YBR151W,0.593595802783966,-0.228031635284424,0.0498782134083032,0.0362975466766029,0.50408011674881,0.698286450902621,-0.297500432806995,-0.155966385035045
YBR152W,0.129007786512375,-0.892224907875061,0.0147895380058373,0.0496821790108818,0.102645179256797,0.159623939171433,-0.988661452430182,-0.79690197788927
YBR153W,0.0943517610430717,-1.03181505203247,0.016521559111375,0.075539275978545,0.0664959227045377,0.129925812780857,-1.17720498693694,-0.886304582976937
YBR155W,0.594766676425934,-0.226626977324486,0.0398427728224585,0.0290728046910568,0.519554708401362,0.676480526228746,-0.284368715129188,-0.169744700891262
YBR156C,0.0708104446530342,-1.15080726146698,0.00455760347166771,0.0280013954520544,0.0621340015282234,0.0798293034235636,-1.20667067682993,-1.09783766029488
YBR157C,0.222859233617783,-0.655611276626587,0.0289847154738692,0.0562416258346876,0.171195373559992,0.285245437671741,-0.766507976056103,-0.544781294009444
YBR159W,1.77954471111298,0.249266594648361,0.123404263898932,0.0301025706195898,1.55081230898698,2.03669271667798,0.190559239323674,0.308925507465674
YBR160W,0.733685612678528,-0.136094599962234,0.0632357173046224,0.0373105849602487,0.618203545113405,0.865514077246189,-0.208868508789777,-0.0627258695400588
YBR161W,0.190492287278175,-0.721505165100098,0.0152037936009829,0.0346340547484497,0.162455745910605,0.221379801630974,-0.789264926827756,-0.654862006042542
YBR165W,0.243371799588203,-0.616404891014099,0.0271445344445137,0.0481734156286434,0.195098580916723,0.301754920432965,-0.709745891769368,-0.520345641943557
YBR166C,0.487389415502548,-0.312949270009995,0.0301318308051832,0.0268026091804741,0.430126409977674,0.548294241229693,-0.36640389091149,-0.260986315678078
YBR169C,0.332990556955338,-0.47814205288887,0.0170751218736928,0.0222853660907946,0.300356377412876,0.367291165639957,-0.522363144643167,-0.434989517791072
YBR170C,0.519197463989258,-0.285267621278763,0.0273319510565308,0.0228223476869563,0.46808022732536,0.575034452974796,-0.329679705832826,-0.240306134285782
YBR172C,0.402207612991333,-0.396057486534119,0.0194748481331849,0.0209917899921727,0.366124239315589,0.442528020590544,-0.436371517687918,-0.354059225529666
YBR176W,0.29473739862442,-0.532397508621216,0.0271961986702291,0.0398570041606566,0.245668340474367,0.352471005171537,-0.609650809529453,-0.452876603641263
YBR177C,0.634935975074768,-0.198012202978134,0.0371562902757741,0.0254030712965146,0.564831256866455,0.710549692809582,-0.24808127812301,-0.1484055446087
YBR179C,0.175209552049637,-0.756942689418793,0.00840794325442471,0.0208421444203904,0.159256646285454,0.192122399806976,-0.79790243412738,-0.716421997213076
YBR184W,0.0302728600800037,-1.52093994617462,0.00289654597322334,0.0417498593745604,0.0247984387756636,0.0362292619111637,-1.60557566040411,-1.44094051366455
YBR185C,0.312656611204147,-0.507154226303101,0.0317973064878369,0.0438652660589377,0.255454619725545,0.381731690714757,-0.592686239003157,-0.41824178417717
YBR186W,0.00223072501830757,-2.66764807701111,0.000601973886811501,0.119860366803262,0.00121288429945707,0.00353943435087179,-2.9161806280549,-2.451066138623
YBR187W,1.17218804359436,0.0673267394304276,0.103220496430263,0.0380933323430259,0.981674914558729,1.39658201932907,-0.00803230677724129,0.14506644598002
YBR192W,0.207825616002083,-0.683378040790558,0.01466376823622,0.0305606747546141,0.181178197264671,0.238767049585779,-0.741894065916118,-0.622025607878385
YBR195C,0.168289288878441,-0.775113940238953,0.0123530576502303,0.0318604575261367,0.145519495010376,0.19379952189823,-0.837078821054164,-0.712647305307816
YBR196C,16.1784343719482,1.2084059715271,0.796525953553681,0.0214373829181288,14.6322538693746,17.7510779539744,1.16531122749815,1.24922472949857
YBR199W,0.833177924156189,-0.0799642875790596,0.0474442326028503,0.024667788757474,0.745246946314971,0.932513014475504,-0.127699795171387,-0.0303451005760434
YBR200W,0.280285984277725,-0.553050220012665,0.0153372264901286,0.0237559744651696,0.251325028886398,0.311890573551257,-0.599764258961773,-0.505997751531631
YBR203W,0.00920073036104441,-2.03881168365479,0.00101647702592512,0.0478607480322011,0.00739495295177524,0.0113425823471819,-2.13106458623201,-1.94528805907301
YBR205W,1.35934197902679,0.132519289851189,0.0832334117434437,0.0265370270044906,1.20486564536889,1.52941541870435,0.0809386198075222,0.184525463236398
YBR207W,0.451004534959793,-0.346512794494629,0.0255012509353855,0.024521072234971,0.404037738839785,0.503345370292664,-0.393578068814765,-0.298133921620183
YBR211C,0.179612666368484,-0.747448265552521,0.0163288872842604,0.0393863411944589,0.149317071462671,0.214018028477828,-0.82589053647776,-0.669549641494644
YBR212W,0.417293846607208,-0.380092442035675,0.0207345075766559,0.0215357402141622,0.379046335816383,0.460733755677938,-0.421307697316465,-0.336549967979043
YBR213W,0.12952384352684,-0.891514539718628,0.0173301079606425,0.0579245258405942,0.0994398484006524,0.166850562393665,-1.00243956393413,-0.777672328200789
YBR214W,0.27755132317543,-0.557352483272552,0.0156947651552739,0.0246045643403603,0.247488732263446,0.308821688840787,-0.606444568979785,-0.510292206362086
YBR215W,0.195169791579247,-0.710172891616821,0.0101825917829363,0.022615385043427,0.176366878425082,0.216219664365053,-0.753582972264447,-0.665104817590287
YBR216C,0.200505450367928,-0.698409736156464,0.00996424045216902,0.0215855452915319,0.181501894940933,0.220759922390183,-0.741118837030605,-0.656079772175267
YBR229C,0.439038246870041,-0.357893526554108,0.0187956130696874,0.0185991565285594,0.403346937646469,0.476040840148926,-0.394321236031105,-0.322355787005406
YBR231C,0.155282527208328,-0.811110615730286,0.0158076580823828,0.0439660897410962,0.127273593842983,0.189202612638474,-0.895261700756535,-0.723072870888463
YBR233W,0.219504445791245,-0.659698784351349,0.0159276150877887,0.0314590976246722,0.190273147573074,0.252240717411041,-0.72062249793321,-0.598184807058703
YBR234C,1.66015350818634,0.219276338815689,0.105458294385533,0.0275193318321876,1.46298770904541,1.88205169339975,0.165240677259765,0.274631545527938
YBR236C,0.306617885828018,-0.514311075210571,0.0198510438902181,0.0280506567494076,0.270942186564207,0.34787316073974,-0.567123368703574,-0.458579076882221
YBR239C,0.0470103286206722,-1.3293285369873,0.00394062451195031,0.0363308371023734,0.0398651256536444,0.0553154858139654,-1.39940686436111,-1.25715327189243
YBR241C,0.123285971581936,-0.910206913948059,0.00887792503929373,0.0312108114512146,0.106812586200734,0.141817893708746,-0.971377571001053,-0.848268969255376
YBR242W,0.373874694108963,-0.431581020355225,0.0531259169394236,0.061042270245812,0.282966263343891,0.490789449463288,-0.548265340273231,-0.309104782374696
YBR243C,0.351877182722092,-0.454434752464294,0.0216684475535171,0.0267656362713647,0.310823877155781,0.395132764677207,-0.507485630808735,-0.403256957879927
YBR246W,0.195979401469231,-0.709272563457489,0.0162460508800587,0.0358541721811291,0.166246814280748,0.231131140515208,-0.779246668170801,-0.636141537808377
YBR248C,0.834259688854218,-0.0792906507849693,0.0435760454233556,0.0226735875985017,0.751208834350109,0.92218641291062,-0.124239317022882,-0.035181281324353
YBR249C,3.99890232086182,0.600846171379089,0.284930034946319,0.0308097585344494,3.47523973186811,4.60357550779978,0.540984768692513,0.663095256173625
YBR250W,0.00357274361886084,-2.46141290664673,0.000918999807083126,0.112924639319502,0.00202960713844125,0.00559363022524243,-2.69258803210436,-2.25230624840007
YBR251W,0.357754826545715,-0.448193311691284,0.0324708590826434,0.0392984402436782,0.298462324837844,0.425834433486064,-0.525110482633407,-0.370759225852087
YBR256C,0.587712228298187,-0.235087066888809,0.0828653431258543,0.060688347659418,0.444714039564133,0.772841991484165,-0.351919171084623,-0.111909297521385
YBR257W,0.248506367206573,-0.607336103916168,0.0276157915340552,0.0482523395883401,0.197791305184364,0.306065590927998,-0.703792804581113,-0.514185496432891
YBR259W,0.0265230406075716,-1.57815766334534,0.00240814114293718,0.0394694808421688,0.0220144388576349,0.0316035525562863,-1.6572923801805,-1.50026409563316
YBR260C,0.205034032464027,-0.688792109489441,0.010936686499392,0.0231706884912194,0.184396188457807,0.22692025663952,-0.734248062266761,-0.644126735110034
YBR261C,0.785636007785797,-0.109503418207169,0.117075886821188,0.0639179654913164,0.585187017917633,1.04987842837969,-0.232705317929406,0.0211390123736091
YBR265W,0.447842001914978,-0.350445330142975,0.0381410334732049,0.0369092145264339,0.377838308612506,0.529736649493376,-0.422694011831543,-0.275939979790049
YBR267W,0.749000549316406,-0.12650154531002,0.050519064662557,0.0292340349743268,0.653673199315866,0.853355886042118,-0.184639320882016,-0.0688698119513303
YBR271W,0.157981351017952,-0.802583813667297,0.0117211867074017,0.0321898124411599,0.135912742341558,0.182383545612295,-0.866739824830442,-0.739014348639356
YBR272C,0.261588245630264,-0.583266258239746,0.0166659936832676,0.0276803507545735,0.229812391723196,0.29555475761493,-0.63862655792205,-0.529362045812345
YBR273C,0.441633254289627,-0.355904400348663,0.0295241412132288,0.0289567405342469,0.387842789292336,0.502423118054867,-0.411344279895717,-0.298930385797752
YBR274W,0.0914636924862862,-1.03978657722473,0.00632318521763018,0.0300255177996481,0.0796081711848577,0.104536343986789,-1.09904236156402,-0.980732708422412
YBR279W,0.520484745502472,-0.284448564052582,0.0327165553371151,0.0272549364052603,0.460006492336591,0.587621447443962,-0.337236038981451,-0.230902363747776
YBR280C,0.0697015598416328,-1.15785372257233,0.00495608953260518,0.0308546364064445,0.0604466062349578,0.0800142773116628,-1.21862807759801,-1.09683251305799
YBR281C,0.268345981836319,-0.571778237819672,0.0124942732429443,0.0202244686741634,0.244383259117603,0.293546849240859,-0.611928547722606,-0.532322577135045
YBR283C,2.22759580612183,0.347197294235229,0.120966482965073,0.0235455451488867,1.9977892657121,2.47660167614619,0.300549674328558,0.393856162279473
YBR284W,0.0103642204776406,-1.98738396167755,0.00120143841554057,0.0504371372957908,0.00814182497560978,0.0128434519050643,-2.08927823786228,-1.89131823780632
YBR286W,5.43649005889893,0.734716713428497,0.286312450484709,0.0228695399329077,4.90166434049606,6.01065903107325,0.690343566866099,0.778922091916924
YBR287W,0.503483355045319,-0.29891836643219,0.0325040878678896,0.028006774718186,0.442499717076619,0.568236470222473,-0.354087014255287,-0.24547089608284
YBR288C,0.379213899374008,-0.42196524143219,0.0237579455954465,0.0271129113705748,0.335817693422238,0.428620939453443,-0.473896425678294,-0.367926616281761
YBR289W,0.222630351781845,-0.652980327606201,0.0113450212607831,0.0221294451704334,0.201566094532609,0.245464029784004,-0.695582518954129,-0.610012140257019
YBR291C,0.143831342458725,-0.844708621501923,0.0156821374095294,0.0471739919145778,0.115177747234702,0.177381765842438,-0.938631420814552,-0.751091040580838
YBR293W,0.0150126833468676,-1.8279937505722,0.00215778187290003,0.0622653019045939,0.0112300634616986,0.0196323956052462,-1.94961793393967,-1.70702672069359
YBR294W,0.000467090023448691,-3.37665128707886,0.000212648088893393,0.20707556412231,0.000146852806210518,0.000957150116058377,-3.83311775012791,-3.01901994386721
YBR298C,0.00103655189741403,-3.02551245689392,0.000447563177060352,0.194425111946789,0.000357904406700982,0.00210411962470971,-3.44623298102293,-2.67692983698597
YCL064C,3.67026281356812,0.563707590103149,0.248661923258813,0.0293176507796855,3.21541687051455,4.19354737202326,0.507237286047,0.622581553082974
YCL063W,0.151429459452629,-0.821085453033447,0.0117067614714962,0.0335395403325244,0.129617413754265,0.175158435975512,-0.887336649375659,-0.756568941364346
YCL059C,1.42903637886047,0.153610333800316,0.116385981216053,0.0352685083122007,1.21760732034842,1.6707207630078,0.0855072502879825,0.222903846887826
YCL057W,0.864698350429535,-0.063615582883358,0.0406411122387656,0.0204236298103952,0.785539930562178,0.945912877221902,-0.1048317380917,-0.0241488630151974
YCL055W,0.370827704668045,-0.432152211666107,0.0290466801161408,0.0338875977267508,0.317627574503422,0.432049778600534,-0.498081801794616,-0.364466217516794
YCL054W,0.808996796607971,-0.0924494490027428,0.0345825886750935,0.0185622972957885,0.744005641837915,0.877155571679274,-0.128423772574247,-0.0569233736944892
YCL052C,0.197607547044754,-0.705260515213013,0.0138620052090309,0.0304129552364649,0.172242732470234,0.226463364685575,-0.76385909414231,-0.645002044688834
YCL051W,0.11068157106638,-0.956780195236206,0.00696125603030269,0.0273059377039576,0.0976344123482704,0.124822224614521,-1.01039708336947,-0.903708082782133
YCL050C,3.1197202205658,0.492785900831223,0.244577474764941,0.0339672948677829,2.6618239124616,3.63871001998583,0.42517930866634,0.560947446699369
YCL049C,0.174489870667458,-0.76008528470993,0.0161928340785026,0.0401066247862251,0.144761317968369,0.20966433857878,-0.839347473133391,-0.678475431895035
YCL048W,0.00237624486908317,-2.64328265190125,0.000702907909536941,0.130805894257042,0.00118312420866763,0.0039884351970007,-2.92696970409661,-2.39919746031818
YCL047C,0.301730662584305,-0.524014949798584,0.0392514620455681,0.0561226393042814,0.234525344396631,0.386454422771931,-0.629810243290652,-0.412901718083951
YCL044C,0.215484991669655,-0.66782021522522,0.0162845606165974,0.0327596322254041,0.185473582521081,0.249297154694796,-0.731717939332243,-0.603282678271263
YCL039W,0.125116810202599,-0.903308272361755,0.00671044690619521,0.0232878891827837,0.112669830086331,0.13868622481823,-0.948192361225447,-0.857966673624113
YCL038C,0.136035099625587,-0.867238402366638,0.00870255608310743,0.0278386758518806,0.119296252168715,0.153666334599256,-0.923373204140871,-0.813421270699016
YCL037C,3.30781483650208,0.518783569335938,0.195586993925252,0.0256802337319725,2.93584388494492,3.70558271606763,0.467732957264669,0.568856511884904
YCL036W,0.0980489477515221,-1.00947797298431,0.00639134824866828,0.028286683735552,0.0860588029026985,0.110932992833356,-1.06520469934536,-0.954939271092722
YCL032W,0.126742377877235,-0.898818552494049,0.0113629670087383,0.0389090040512339,0.106108248233795,0.150158686066667,-0.974250855276879,-0.823449541837271
YCL031C,0.871417939662933,-0.0614103749394417,0.0758293164098915,0.0376819387365891,0.734405860304832,1.02886544664701,-0.13406387596923,0.0123585816292144
YCL030C,2.35448288917542,0.371515035629272,0.0983088337438363,0.0181527635209966,2.16598926782608,2.54298190077146,0.335656298884646,0.405343269170158
YCL029C,0.224890619516373,-0.649001717567444,0.0150761116793313,0.0290572449444437,0.196507289508979,0.256804932405551,-0.706621334914505,-0.590396639135192
YCL028W,2.1839554309845,0.338393419981003,0.136848640048319,0.0271907660801194,1.92822162707647,2.46599967479706,0.285156949533603,0.391993014368662
YCL027W,0.108558811247349,-0.965373337268829,0.00751908401801889,0.03006824336505,0.094194117685159,0.123978293252488,-1.02597621784473,-0.906654346710709
YCL024W,0.0737397745251656,-1.13289105892181,0.00385123056196049,0.0227175455319315,0.0662792193392912,0.0812679617976149,-1.17862261738645,-1.09008063222648
YCL016C,0.123866103589535,-0.908555865287781,0.010346462544291,0.0361481711248176,0.10478125543644,0.145887469748656,-0.979716404191988,-0.835982008716946
YCL014W,0.216092362999916,-0.665682911872864,0.00835109679667872,0.0168080600380744,0.199499101067583,0.232244804501534,-0.700059056892283,-0.634053992733903
YCL010C,0.232346042990685,-0.637045502662659,0.0283212065555592,0.0524688632840609,0.182767582063874,0.293047563980023,-0.738100836377814,-0.533061885329906
YCL008C,0.181512489914894,-0.742356896400452,0.0138717940060289,0.0331654317160939,0.156324607878923,0.209619284545382,-0.805972652072197,-0.678568768162915
YCL005W,0.105937123298645,-0.979982495307922,0.0162031726021422,0.0661473803295496,0.0779816238830487,0.140859246253967,-1.10800772548342,-0.851214639872543
YCL004W,0.0356450527906418,-1.44995594024658,0.00339085819982268,0.0412453324280816,0.0294321086257696,0.0428062986892958,-1.5311786223132,-1.36849233820668
YCL002C,0.0831898301839828,-1.08511006832123,0.0129325495153338,0.0670891145391689,0.0606233549304307,0.11127662435174,-1.21736003326779,-0.953596060709529
YCR002C,1.12042009830475,0.0480646602809429,0.0874633442997781,0.0338006494478305,0.963272935152054,1.29988558193048,-0.0162506422721318,0.11390512555664
YCR005C,0.640719652175903,-0.194077476859093,0.0375917727338074,0.0254679691653555,0.570272517204285,0.717167786757151,-0.243917565078588,-0.144379226211802
YCR008W,0.266191273927689,-0.575516283512115,0.0152024578758136,0.0248182656171623,0.237094550331434,0.29687501018246,-0.625078429086204,-0.527426358389734
YCR009C,1.70550131797791,0.229482665657997,0.179034227299517,0.0453402945758265,1.38408320645491,2.08333086967468,0.141162199162792,0.318758249046498
YCR010C,0.00750908674672246,-2.15329885482788,0.002730394550493,0.161336752404541,0.00320900738200483,0.013797462436681,-2.49362928448632,-1.86020081853099
YCR012W,54.1867256164551,1.73310053348541,3.27450449449199,0.0261987276177693,48.0645970344543,61.1127604484558,1.68182530519204,1.78613190039014
YCR014C,0.00106431031599641,-3.00773501396179,0.000423912323480364,0.17799716427907,0.000415563743202559,0.00204735861625522,-3.38136235055685,-2.68880609238745
YCR015C,0.102550722658634,-0.991824805736542,0.0115967750545395,0.0489921437647896,0.0812946257491906,0.127068250750502,-1.08993816397479,-0.895962951663493
YCR016W,0.547832369804382,-0.263248801231384,0.0514440382247134,0.0405293946723885,0.455787571519613,0.657767746845881,-0.34123752176677,-0.181927428901853
YCR017C,0.481374621391296,-0.31793275475502,0.0211037872141194,0.0190383037330632,0.441278576850891,0.523262526094914,-0.355287156126982,-0.281280366549827
YCR019W,0.0899452418088913,-1.04795825481415,0.00851404965253455,0.0410235885427728,0.0744625116388003,0.107818372237186,-1.1280623362393,-0.96730722950302
YCR021C,0.0488245151937008,-1.31499564647675,0.00632332617425926,0.0562328404340145,0.0373756921850145,0.0622114527349671,-1.42741075563527,-1.20612965757495
YCR024C,0.0660308375954628,-1.18168485164642,0.00536205536416952,0.035258569765591,0.056134728093942,0.0770081270486116,-1.2507683766552,-1.11346343916383
YCR026C,0.17148931324482,-0.766383171081543,0.00914967206629254,0.0231877219727397,0.154150389383237,0.18978557412823,-0.812055374025065,-0.721736803022342
YCR028C,0.200820609927177,-0.698062717914581,0.0127324611896473,0.0275081488490025,0.177218092978001,0.2269412368536,-0.751491941453548,-0.644086582533679
YCR030C,0.338067144155502,-0.471447080373764,0.0154009098917598,0.0198281490958558,0.307862752427657,0.368305570632219,-0.511642853183956,-0.433791712484036
YCR034W,1.482093334198,0.169700995087624,0.10920519078831,0.0319000431718719,1.28315376937389,1.70821846922239,0.108278703196542,0.232543404152965
YCR035C,0.475295215845108,-0.324097156524658,0.0332470351067865,0.0303358350175379,0.414142693579197,0.543240123490493,-0.382849996211321,-0.265008160734024
YCR036W,0.494556099176407,-0.307110548019409,0.0387111283378439,0.0339484653309195,0.422153294086456,0.574573112030824,-0.374529817552695,-0.240654701300528
YCR042C,0.24068047106266,-0.618923664093018,0.00982763599502455,0.017761713853793,0.221486459424098,0.259848700215419,-0.654652819253844,-0.585279451242123
YCR044C,0.324960023164749,-0.489581137895584,0.0262597786072386,0.0349881371389413,0.27733329385519,0.380438618858655,-0.556997990465772,-0.41971540605114
YCR045C,0.000934810552280396,-3.08447003364563,0.00046769128540779,0.226787044799622,0.000263766398226532,0.00206674043244372,-3.57878053962212,-2.68471406502538
YCR048W,0.344229936599731,-0.463766932487488,0.0183484567162939,0.0231291094335198,0.310115010042985,0.381395050386588,-0.508477212780486,-0.418624948991004
YCR052W,0.543843924999237,-0.265265703201294,0.0317696196553571,0.0253765280268932,0.48441402092576,0.608128038048744,-0.314783295100427,-0.216004972776658
YCR054C,0.193835139274597,-0.713314771652222,0.0113681780348319,0.0254449206515462,0.172358424216509,0.217166470115383,-0.763567485180475,-0.663207227927821
YCR057C,0.578678846359253,-0.23795373737812,0.0246078643070235,0.0184777548732365,0.531459373732408,0.627136349181334,-0.274529929150574,-0.202638026658435
YCR059C,0.273365288972855,-0.566855251789093,0.0355081447448336,0.0557746958956001,0.212001589561502,0.352619498968124,-0.673660882794993,-0.45269367598418
YCR061W,0.635411500930786,-0.197493880987167,0.0320142012966558,0.0218284497469848,0.575479665895303,0.701581940551599,-0.239970017271971,-0.153921598708011
YCR066W,0.0564668439328671,-1.2499178647995,0.00501741263384929,0.0385670142145649,0.047274982680877,0.0670117426042755,-1.32536862720396,-1.17384908842914
YCR067C,0.403908342123032,-0.394116848707199,0.0172956682894415,0.0186313337000633,0.3699069686234,0.437963747481505,-0.43190748712181,-0.358561837730969
YCR068W,0.102822460234165,-0.988908708095551,0.00694982226017333,0.0294208842544757,0.089488273113966,0.116724412888288,-1.04823387257003,-0.932838302450457
YCR069W,0.737502455711365,-0.13364477455616,0.0596009882911657,0.0349646269993248,0.629766064882278,0.864074861506621,-0.200820745580686,-0.0634486299780934
YCR072C,0.54580420255661,-0.263631165027618,0.0302573736317422,0.024080105998125,0.488644848763943,0.607083574930827,-0.311006676831683,-0.216751517171713
YCR075C,0.132267996668816,-0.882335960865021,0.0175776109024211,0.0573150483648265,0.101165386599799,0.170742495109638,-0.994968054554135,-0.767658378938755
YCR076C,0.363552987575531,-0.44275164604187,0.0452720711454984,0.0535957314650473,0.284576863050461,0.460995381325483,-0.545800412255874,-0.336303426904322
YCR077C,0.816493570804596,-0.0884791314601898,0.0364399722532032,0.0193785224368852,0.747662144402663,0.889601194858551,-0.126294608192504,-0.0508046426770573
YCR079W,0.0282569862902164,-1.55208384990692,0.00344111173071221,0.0528796081359715,0.0219091688282788,0.0356200471830865,-1.65937412115219,-1.44830551269186
YCR081W,0.0784497112035751,-1.10589587688446,0.00372476376436443,0.0206061069617938,0.0715234177187085,0.0858732461929321,-1.14555174233978,-1.06614211952785
YCR084C,0.964860260486603,-0.0159958228468895,0.0443726268069912,0.0199759032665533,0.879895985126495,1.05452164212863,-0.0555686639356379,0.0230554963712941
YCR088W,3.67983555793762,0.565321803092957,0.177887169691729,0.021008388806147,3.3346549431483,4.03719879786173,0.523050900970997,0.606080135250734
YCR092C,0.124981373548508,-0.903571486473083,0.00546920039565944,0.0189956802317861,0.114597894251347,0.135875567793846,-0.940823362503206,-0.86685862808159
YCR094W,0.329783111810684,-0.482837498188019,0.0231178359101567,0.0304091941706423,0.286265221238136,0.377917146931092,-0.543231411823362,-0.422603402923766
YCR095C,0.162916362285614,-0.789344429969788,0.0126830239839479,0.0337423323242646,0.138816751043002,0.189620474477609,-0.857558143097575,-0.722114771203693
YDL240W,0.0994861796498299,-1.0027871131897,0.00499409182468829,0.0218493831559215,0.089835100620985,0.109358166220287,-1.04655394213089,-0.961148780958729
YDL237W,0.579010784626007,-0.238166436553001,0.0363312168113106,0.0271852478291401,0.512068830430508,0.654526604712009,-0.29067166316877,-0.184072698640157
YDL236W,1.21423757076263,0.0829925388097763,0.0943311569629555,0.0337574922255782,1.03591072559357,1.40869252582391,0.0153223296826767,0.148816209223906
YDL233W,0.129095658659935,-0.890197277069092,0.00923909991313581,0.0310298158805481,0.112055644206703,0.148037054886421,-0.950566265244235,-0.82962956475424
YDL230W,0.145575687289238,-0.838792204856873,0.0135946450087835,0.0404237635736797,0.120609993611773,0.173939725508293,-0.918616711719676,-0.759601221534025
YDL227C,0.710992455482483,-0.148689851164818,0.0359827838275502,0.02196001841773,0.642795871198177,0.783453693985939,-0.19192692146528,-0.105986668107015
YDL225W,0.734581172466278,-0.134618848562241,0.0404635265884252,0.0239595556778779,0.656526428461075,0.816828805704912,-0.182747786784423,-0.0878689551723707
YDL224C,0.297178268432617,-0.52757865190506,0.0155974751976837,0.0227456614594749,0.267984181642532,0.329199899236361,-0.571890840404458,-0.48254030676342
YDL222C,0.0114001827314496,-1.95602536201477,0.0027830535276995,0.106796337683051,0.0066941502969712,0.0176046531337003,-2.17430454401664,-1.75437252746039
YDL218W,0.00757644884288311,-2.13512778282166,0.00196297161651498,0.113516333434066,0.00430135852657258,0.0118482263991609,-2.36639436270353,-1.92634665579205
YDL216C,0.0635916218161583,-1.19800579547882,0.00513157395053444,0.0349931825949636,0.0540955342662831,0.0742466266577442,-1.26683858855655,-1.12932327358358
YDL215C,0.274288654327393,-0.56215500831604,0.0111884648100831,0.0177245662888353,0.252568946778774,0.296566182374954,-0.597620049462238,-0.527878373953628
YDL214C,0.00163266796153039,-2.80545830726624,0.000472599391207211,0.127907612767009,0.000846103831039121,0.00268240978087609,-3.0725763675959,-2.57147487682013
YDL211C,0.0384646654129028,-1.41786479949951,0.00447552904659238,0.0504875193193448,0.0303376306314021,0.0479511698707938,-1.51801834966822,-1.31920079798243
YDL209C,0.109658375382423,-0.961998164653778,0.0106451066653436,0.0420779389496992,0.0901972569525242,0.131664782762527,-1.04480667033968,-0.880530373080737
YDL205C,0.507839381694794,-0.295559942722321,0.0391475868386749,0.0333841835803224,0.435021753360828,0.590123401582241,-0.361489026302802,-0.229057163506767
YDL204W,0.0194009207189083,-1.71656775474548,0.00276030615061324,0.0618850548297854,0.0143784193399673,0.0251927751582116,-1.84228885486947,-1.59872398936017
YDL198C,0.417920500040054,-0.380682110786438,0.0378833988146882,0.0392703991018728,0.349267319341501,0.496342152357101,-0.456842051562023,-0.304218840340223
YDL197C,0.03057418204844,-1.51650702953339,0.00283536211576007,0.040295570093558,0.0253907101073613,0.0362811400555074,-1.59532516766761,-1.44031907480152
YDL193W,0.534911155700684,-0.272780627012253,0.0374203828308085,0.0303535276851332,0.466605468591054,0.611670115590095,-0.331050175750413,-0.213482738055417
YDL190C,0.416030943393707,-0.381256192922592,0.0174199753485243,0.0182054811393559,0.382374874999126,0.449785643070936,-0.417510651989453,-0.346994412054414
YDL189W,0.322944104671478,-0.491785287857056,0.0209581793795448,0.0281856661574577,0.283020745466153,0.365363244960705,-0.548181769529481,-0.437275148859053
YDL186W,0.00158557563554496,-2.89656543731689,0.00105911104020524,0.306187203352832,0.000265547173088028,0.00435124983778223,-3.57585840380951,-2.36138599778952
YDL185W,8.01476001739502,0.90355771780014,0.313806045739363,0.0170297588233669,7.4051607131958,8.62182596524556,0.869534486330194,0.93559925218065
YDL183C,0.0411076545715332,-1.39047574996948,0.00586525800530611,0.0619038860790646,0.0305574796472987,0.053696897563835,-1.51488247314149,-1.27005080579921
YDL179W,0.237450733780861,-0.626560986042023,0.0235954910150692,0.0430465557342709,0.193995475893219,0.287424368908008,-0.712208403781133,-0.541476415958536
YDL178W,0.467934280633926,-0.330476105213165,0.0258595522448784,0.0240024171333183,0.418730820218722,0.520210109651089,-0.378065072350478,-0.283821214625013
YDL174C,0.343597739934921,-0.464588433504105,0.0186360045463902,0.0235733266308459,0.307453712075949,0.380637844403585,-0.512220259583172,-0.419488035451838
YDL173W,1.02506244182587,0.00903081428259611,0.0913767993383896,0.0386405718188338,0.857773726185163,1.21604920228322,-0.0666273025870666,0.0849511446708831
YDL171C,1.27131843566895,0.103971838951111,0.0458843838705018,0.0156844106716185,1.18161631822586,1.36086841821671,0.0724764799217186,0.133816135485737
YDL168W,1.68983614444733,0.226806342601776,0.117022362226409,0.0300150368334748,1.47296619812648,1.9278074234724,0.168192780694294,0.285063648108699
YDL161W,0.707185447216034,-0.151266559958458,0.0428629637745293,0.0263519530083611,0.627517997225126,0.791864550113678,-0.202373814107363,-0.10134909893472
YDL160C,2.44186782836914,0.387078285217285,0.133083669734407,0.0236518625943631,2.19152002135913,2.70710999369621,0.340745442525681,0.432505901498649
YDL156W,0.116565003991127,-0.934493958950043,0.008161611438612,0.030355369538992,0.101654736511409,0.133455164482196,-0.992872380994323,-0.874664615124265
YDL155W,0.195811957120895,-0.709327459335327,0.0143900473474327,0.0318429449917198,0.168947011232376,0.225363393376271,-0.772249486734707,-0.647116628138119
YDL148C,0.617284119129181,-0.209956124424934,0.0278406548106935,0.0195979588454641,0.564587941765785,0.672341323892276,-0.248268402053842,-0.172410195103284
YDL147W,1.8694019317627,0.270958214998245,0.109571778020731,0.0254313515980777,1.66529760956764,2.0937295794487,0.221491858595514,0.320920588239806
YDL146W,0.0791152864694595,-1.10303735733032,0.00612539541988296,0.0335432002890416,0.0678920064742366,0.091826899163425,-1.16818135618481,-1.03703008235169
YDL145C,1.76993358135223,0.247628912329674,0.0685968429741396,0.0168699094066715,1.63656067152818,1.90238298773766,0.213932109766629,0.279297952687363
YDL143W,1.84542834758759,0.265460193157196,0.100112839454421,0.0235181825417742,1.65797805786133,2.05365935961405,0.219578778679392,0.312528408761275
YDL142C,0.114955238997936,-0.943190157413483,0.0151180192206636,0.0568413261598824,0.0882126240680615,0.14695878388981,-1.05446925900553,-0.832804450552415
YDL141W,0.313742518424988,-0.50401645898819,0.016399217166842,0.0226759030957361,0.283428013324738,0.346783973028262,-0.547557227373304,-0.45994098209041
YDL133W,0.0910172611474991,-1.04234099388123,0.00749796457404158,0.0357382877103637,0.0770493927722176,0.106580994650722,-1.11323077964468,-0.972320239025961
YDL132W,0.489900439977646,-0.310344368219376,0.0223780507245287,0.019817163945644,0.447958952685197,0.535875786840916,-0.348761780082128,-0.270935865835669
YDL129W,0.0659607350826263,-1.18474400043488,0.00899254664390343,0.0591998954144012,0.0498231710866094,0.0849219178160032,-1.3025686397366,-1.07098020773164
YDL128W,0.838751435279846,-0.0772325098514557,0.0529429540512743,0.0274277730841806,0.739805971582731,0.945964430769284,-0.130882167618186,-0.0241251936861824
YDL127W,0.176511883735657,-0.755380094051361,0.0176297240113555,0.043265998394,0.144477478414774,0.214446542039514,-0.840199847433647,-0.668680959014781
YDL126C,6.71586036682129,0.826718628406525,0.281973411779415,0.0182734256209612,6.15498607158661,7.26810932159424,0.789227074312407,0.861421451025659
YDL124W,2.16309404373169,0.333627879619598,0.176877018475557,0.0354923812432473,1.83595314025879,2.52967260877291,0.263861592089879,0.403064318177577
YDL119C,0.121403783559799,-0.918528020381927,0.0137186405432026,0.048981730132666,0.0967078924179077,0.150603095690409,-1.01453808245848,-0.822166101215357
YDL117W,0.183030754327774,-0.737994432449341,0.00894012576505408,0.021250060702423,0.165594269707799,0.200897933294376,-0.780954695826738,-0.69702453276701
YDL116W,0.349421322345734,-0.457175970077515,0.0171938693371673,0.0213695738549941,0.316344052553177,0.384316576520602,-0.49984032610958,-0.415310883056727
YDL115C,0.263344764709473,-0.58083587884903,0.0208929405603553,0.0343526940556307,0.224762491881847,0.307285956044992,-0.648276161650223,-0.512457288554419
YDL114W,0.00215441756881773,-2.72028183937073,0.00107089950629592,0.222716499007331,0.000625049997567354,0.00476015999059503,-3.20408542435691,-2.3223784514925
YDL113C,0.131231352686882,-0.882676839828491,0.00754038988706137,0.024879449717437,0.117368951439857,0.146956704556942,-0.930446775334814,-0.832810595468225
YDL112W,0.394832044839859,-0.403898894786835,0.0149155907003772,0.0164505934759084,0.365507517258326,0.422807315737009,-0.437103686640825,-0.373857506827822
YDL111C,0.45890811085701,-0.340788245201111,0.049650059747792,0.0466660920699187,0.370544876158237,0.566877324382464,-0.431159188860877,-0.246510941019746
YDL109C,0.0087742256000638,-2.06094765663147,0.00121448383531324,0.0602066397947801,0.00655815680899347,0.0113736247721439,-2.18321820459087,-1.94410110461179
YDL108W,0.252365916967392,-0.599865019321442,0.023696131795129,0.0405695462813803,0.210031779979666,0.302429988483588,-0.67771499176314,-0.519375148650146
YDL107W,0.0975198224186897,-1.01272690296173,0.00893176153655036,0.0397466867458899,0.08085882011801,0.116242066957057,-1.09227260667987,-0.934636678993318
YDL106C,0.203835904598236,-0.691395461559296,0.0113717705870162,0.0242332894574339,0.182319314405322,0.226957561448216,-0.739167320968496,-0.644055343771848
YDL105W,0.0561860464513302,-1.25216138362885,0.00510170979183586,0.0394614337797608,0.0468603293721875,0.0664191280802091,-1.3291946657631,-1.17770683012821
YDL103C,1.00188481807709,0.000200257185497321,0.0534478397815992,0.0231512163663944,0.901386400560538,1.1095446040233,-0.0450890002964235,0.0451447643990924
YDL102W,0.286146491765976,-0.543763518333435,0.0115030916776456,0.0174666660907626,0.264271457990011,0.308818489313126,-0.577949739278657,-0.510296705854815
YDL101C,0.190819829702377,-0.720125198364258,0.011219051248207,0.0255000377357749,0.170346124221881,0.213215753436089,-0.768667743220587,-0.671180710632279
YDL100C,4.13165140151978,0.615177512168884,0.272829633526504,0.0286347042938079,3.61876850922902,4.69378918806712,0.558560799358836,0.671523579627389
YDL093W,0.270435452461243,-0.56842702627182,0.0128611357150606,0.020652573002915,0.246022875855366,0.296208706249793,-0.609024509178569,-0.528402180736173
YDL091C,0.11723480373621,-0.932375371456146,0.00955127943371513,0.0352713535122002,0.0998074515412251,0.137218418841561,-1.00083703453303,-0.862587591060278
YDL090C,0.14987288415432,-0.825463175773621,0.0110844672671339,0.0320937352598318,0.128849819923441,0.173088823258877,-0.889916190778923,-0.761730977535143
YDL089W,0.148235991597176,-0.829989552497864,0.00979934288050123,0.0286380713731639,0.130150988698006,0.168503912165761,-0.885552528404095,-0.773390012850783
YDL088C,0.251720041036606,-0.59974592924118,0.0139298903163147,0.0239853130480983,0.226409367968639,0.28001081943512,-0.645105607824875,-0.552825187478535
YDL087C,0.18484129011631,-0.736403107643127,0.0225696872397297,0.0527155277339267,0.143980622291565,0.234146654481689,-0.841695953725105,-0.63051204314816
YDL086W,1.43651938438416,0.155428394675255,0.134283370836416,0.040426412970395,1.19207477966944,1.72412886122862,0.0763034985931702,0.236569663666617
YDL084W,6.65528106689453,0.822506248950958,0.367777006240361,0.0239370219917323,5.96884107589722,7.42094462315241,0.775890015685154,0.870459188705546
YDL077C,0.0974230542778969,-1.01186811923981,0.00479437869296258,0.0213959966364122,0.0883399749795596,0.107025766372681,-1.05384272849365,-0.970511653659491
YDL076C,0.234672069549561,-0.631511807441711,0.0224381608645699,0.0413924726808769,0.193959299102426,0.281909474978844,-0.712289395313023,-0.549890327332071
YDL074C,0.360219538211823,-0.443928897380829,0.017186173508402,0.0207507834385354,0.326868921518326,0.394451864808798,-0.485626369889896,-0.404005986432306
YDL069C,0.0323566757142544,-1.51184809207916,0.0103025125218636,0.138882101575259,0.0160332184284925,0.0558459833264351,-1.79497929098227,-1.25300805767633
YDL066W,2.44830775260925,0.388131976127625,0.142225803466465,0.0252393666831643,2.18576992154121,2.73280431429545,0.33960444456544,0.436608533827345
YDL065C,0.617152750492096,-0.210881099104881,0.0474385420624489,0.0332440341644976,0.532138023277124,0.716947900752226,-0.27397570811466,-0.144512402605045
YDL060W,0.589928388595581,-0.229664742946625,0.0272412358160977,0.0200528465130666,0.537839739024639,0.644454121589661,-0.269347112538409,-0.190807994446573
YDL059C,0.110156029462814,-0.966108024120331,0.0214258868993799,0.0841413682871143,0.0729023979355892,0.158175104359786,-1.13725818808199,-0.800861871515654
YDL058W,0.404333770275116,-0.393580555915833,0.0154830361934117,0.016659333709355,0.374313503007094,0.433737148841222,-0.426764505846301,-0.362773380839466
YDL057W,0.128231585025787,-0.894134938716888,0.0127284832802611,0.0430302491399762,0.104957692325115,0.155033187444011,-0.978985726572512,-0.809575326049967
YDL055C,13.7110357284546,1.13609206676483,0.922944725218617,0.0291473736551609,12.0114822387695,15.6901746670405,1.07959660343939,1.19562777823276
YDL052C,1.05115520954132,0.0200073644518852,0.0922173195229977,0.0379291357153486,0.886404112974803,1.23914861679077,-0.0523682374672021,0.0931233964337705
YDL051W,2.70300555229187,0.429809480905533,0.263282375163495,0.0420516710036637,2.2346240123113,3.26265312234561,0.349204461192618,0.513570901944914
YDL047W,0.482029408216476,-0.318471819162369,0.0407312317264831,0.0365950141868764,0.408899456262589,0.567205918331941,-0.388383469286965,-0.246259246523434
YDL045C,0.180668205022812,-0.745301008224487,0.0181364444891244,0.0435695931669545,0.147153751552105,0.218614259858926,-0.832228662533216,-0.660321514075231
YDL044C,0.130877837538719,-0.884447574615479,0.0101898383008718,0.0338009766427876,0.111646642473837,0.152052411437035,-0.952154332843825,-0.818006690692221
YDL043C,0.254241079092026,-0.597763776779175,0.0300845842887968,0.0510674194018626,0.200979615002871,0.318472876151403,-0.696847990272086,-0.496927549972983
YDL042C,0.142558708786964,-0.84686416387558,0.00896555996209778,0.0272943463375714,0.125666798402866,0.161029231051604,-0.900779449436689,-0.793095282371039
YDL040C,0.982119143009186,-0.00825133733451366,0.0428957495142511,0.0189784213861483,0.899944930771987,1.06710433562597,-0.0457840650021183,0.0282068844386152
YDL037C,0.00124425708781928,-3.00600242614746,0.000844198812770591,0.314378871799084,0.000202269336417279,0.00337647856213152,-3.69407000654456,-2.47153600334867
YDL036C,0.131824404001236,-0.88126003742218,0.0100203489406568,0.033041270287476,0.113045917451382,0.152194841951132,-0.946745117193225,-0.817600067555982
YDL033C,0.0483696684241295,-1.31788039207458,0.00515106522180166,0.0462287773835022,0.0388060975819826,0.059196919358025,-1.41110002943446,-1.22770089370343
YDL031W,0.628555715084076,-0.20204484462738,0.0265588834172805,0.0183498493235229,0.578638558089733,0.681456379095713,-0.237592630743246,-0.166561938916159
YDL030W,0.126508966088295,-0.898813962936401,0.00829906963134231,0.028448594319618,0.110895102284849,0.143274930740396,-0.955087634194878,-0.843829792856871
YDL029W,1.68264257907867,0.225079640746117,0.109136299663351,0.0281492236578425,1.47629668712616,1.90746772388617,0.169173645132209,0.280457197169142
YDL027C,0.0796495527029037,-1.10045289993286,0.00693840294303267,0.0377410917666904,0.0668251193438967,0.0942490324378014,-1.17506026172829,-1.02572309957395
YDL025C,0.113560900092125,-0.945655941963196,0.00724401870677913,0.0277104188654364,0.0996889344106118,0.128434651965896,-1.0013530462234,-0.891317788339772
YDL022W,3.57547450065613,0.552411794662476,0.233659462632586,0.0283387726190922,3.14049425522486,4.05873576800028,0.496998001467877,0.60839077844821
YDL021W,0.153439357876778,-0.816664338111877,0.016846458964046,0.047632254946228,0.12225784206142,0.189356550574303,-0.912723279485062,-0.722719666360083
YDL020C,0.528897285461426,-0.27732789516449,0.030001155142164,0.0246295420101765,0.470897942284743,0.589511825144291,-0.327073207432124,-0.229507481409914
YDL019C,0.30066454410553,-0.522275269031525,0.0122436005476201,0.0176883476989539,0.277506254861752,0.325392534087102,-0.556727223671101,-0.487592415903508
YDL017W,0.0912016108632088,-1.04112756252289,0.00658176904447555,0.0312987316415761,0.0790803855285049,0.104902759194374,-1.10193122212128,-0.979213088668864
YDL014W,9.44683074951172,0.974021673202515,0.721909461912138,0.0331469421628211,8.11097265084585,10.9559819380442,0.909072936993734,1.03965130757116
YDL007W,2.04409790039062,0.309701919555664,0.124157851514178,0.0263557685303109,1.81128911475341,2.29773897528648,0.257987776503867,0.361300689873482
YDL006W,0.362342655658722,-0.443135291337967,0.0370995012750178,0.0442354268717367,0.295319644361734,0.442125049978495,-0.529707665813037,-0.354454881794714
YDL005C,0.247177392244339,-0.60809987783432,0.0176902553995672,0.0310204304601545,0.214317534988125,0.284141878286997,-0.668942294496784,-0.546464753322362
YDL003W,0.425613462924957,-0.371673911809921,0.023998793797835,0.0244644253548208,0.380461792151133,0.475086962183317,-0.419688955301508,-0.323226887907616
YDL001W,0.182544708251953,-0.739814221858978,0.0134613904948043,0.0320397383939037,0.157377645373344,0.210562890643875,-0.803056956732276,-0.676618166124995
YDR005C,0.228036358952522,-0.643147647380829,0.0166493981868273,0.0316502763162895,0.197568469991287,0.262471955517928,-0.704282363876006,-0.580917093697227
YDR006C,0.159081488847733,-0.798891246318817,0.00772134022221611,0.0210929710688089,0.144394685328007,0.174473268042008,-0.840448792492334,-0.758271104128406
YDR017C,0.227298066020012,-0.643790543079376,0.00961342273423101,0.0183686177976836,0.209098238622149,0.246407359838486,-0.679649627041663,-0.608346325914167
YDR018C,0.00788205862045288,-2.11488080024719,0.00181057568046356,0.100862908733583,0.00473678624257445,0.0117954517249018,-2.32451621328028,-1.92828542409513
YDR019C,1.13951623439789,0.055884275585413,0.0708031160693111,0.0269712175324627,1.00796039799849,1.28459393382072,0.00344346930402503,0.108765853988157
YDR020C,0.171765640377998,-0.77181088924408,0.0305681858062691,0.0764849507239068,0.120236407282452,0.239256543541948,-0.91996401008894,-0.621136187723704
YDR021W,0.154815331101418,-0.811461389064789,0.0118863983529505,0.0332684872813828,0.133253462115924,0.17977529913187,-0.875321499464848,-0.745269980325163
YDR026C,0.100834906101227,-0.997294127941132,0.00650617587406701,0.0280343511341439,0.0884849643334746,0.11394951120019,-1.05313052243979,-0.943287539391668
YDR027C,0.124587148427963,-0.905061721801758,0.00618182814561872,0.0215598482163379,0.112888075721761,0.137034492070476,-0.947351940756679,-0.863170106860056
YDR028C,0.47334623336792,-0.325173497200012,0.019023250035737,0.0174760745362062,0.436991075923045,0.510563513636589,-0.359527431947086,-0.291950225270653
YDR034C,0.12637235224247,-0.898894608020782,0.00634342950387671,0.0218132215041282,0.114255316182971,0.139020910362403,-0.94212358355672,-0.856919872692435
YDR035W,1.39205479621887,0.142833083868027,0.0858251558004135,0.0267481142849611,1.23114642997583,1.56498483916124,0.09030970850304,0.194510134596671
YDR036C,0.423399120569229,-0.373987406492233,0.0247065912083125,0.0253068615158226,0.37745810324947,0.473532845824957,-0.423131247106397,-0.32464989157435
YDR044W,0.890739560127258,-0.0516006946563721,0.0704911664085332,0.0342421879854318,0.762445730964343,1.03924665649732,-0.117791064360298,0.0167186354293844
YDR046C,0.574674189090729,-0.241088643670082,0.0278379597122051,0.0210527595188441,0.521883767346541,0.629664107660452,-0.282426211477426,-0.200891062165623
YDR049W,0.205745846033096,-0.687318503856659,0.0112375633490601,0.0237144324293393,0.184722602243225,0.228628575801849,-0.733479966891108,-0.640869488999978
YDR050C,41.990909576416,1.62072670459747,4.48182398313681,0.0458428269184794,34.0674317995707,51.4453439394633,1.53233939419331,1.71134605024724
YDR052C,0.159539446234703,-0.797697603702545,0.00815400887597479,0.022183378730497,0.144104493533572,0.176028828447064,-0.841322477237015,-0.754416204585721
YDR055W,1.49362730979919,0.173462495207787,0.0895227003425884,0.0260016929277049,1.3271869212389,1.67681652406851,0.122932092618294,0.224485545013173
YDR057W,0.241364032030106,-0.618047893047333,0.0139149076664876,0.0250091622557988,0.214962598308921,0.270112216472626,-0.667637100313385,-0.568455773359125
YDR058C,0.0652010589838028,-1.18833792209625,0.0071353313277319,0.0474895019482614,0.0522208793399235,0.0801499610145887,-1.282155819779,-1.09609668457005
YDR060W,0.795835793018341,-0.09950190782547,0.0308093003853631,0.0168402436642401,0.735270681977272,0.854670921464761,-0.133552751024973,-0.0682010723177313
YDR061W,0.217008367180824,-0.664223849773407,0.0123140613957205,0.0246922027244888,0.193203275526563,0.241013438006242,-0.713985520653219,-0.61795874220233
YDR062W,0.968132317066193,-0.0146319912746549,0.0494414834885929,0.0221948843092772,0.874334341784318,1.0666735380888,-0.0583224633136564,0.0280315210000801
YDR072C,0.313354462385178,-0.504747986793518,0.018863817991657,0.026096804307665,0.278479593495528,0.353045728802681,-0.555206624467273,-0.4521690391538
YDR074W,0.883985161781311,-0.0539160221815109,0.0360115132006849,0.0176875529686519,0.81732382029295,0.955261140068372,-0.0876058437482189,-0.0198778891361883
YDR075W,0.27328622341156,-0.565120577812195,0.024500375997583,0.0388742979532891,0.229121682917078,0.323694049566984,-0.639933811473541,-0.489865284263502
YDR077W,11.0459337234497,1.04204857349396,0.806339198360688,0.0316474642249644,9.55423641204834,12.7216309547424,0.980195983354888,1.10454279285629
YDR080W,0.132409036159515,-0.878567099571228,0.00627468681160093,0.020611403444529,0.120286186846594,0.144944841663043,-0.919784242935982,-0.838797236837466
YDR081C,0.152109026908875,-0.818389236927032,0.00761304940288853,0.021712701244846,0.137662490829825,0.16772492552797,-0.86118437669931,-0.775402392284477
YDR087C,1.30619144439697,0.114224977791309,0.118808941267597,0.0393114472050769,1.08665998776754,1.56043448249499,0.0360936747804627,0.193245523270195
YDR088C,0.16537706553936,-0.78294849395752,0.0134470313303891,0.0351617944504443,0.141176563253005,0.193809488167365,-0.850237395122733,-0.712624967992834
YDR089W,0.28519195318222,-0.545340061187744,0.0133759448113461,0.0203690460498065,0.259826742609342,0.311770825584729,-0.585316152509678,-0.50616452831967
YDR091C,1.6167459487915,0.208121627569199,0.0791893989411325,0.0212691305081611,1.46530676086744,1.77906631131967,0.165928553280922,0.250192135869205
YDR093W,0.264759957790375,-0.5774827003479,0.0103868819877046,0.017048599508046,0.244892582421501,0.285517918070157,-0.611024369083919,-0.544366636143331
YDR097C,0.305502504110336,-0.515350580215454,0.0125013682475256,0.0178007377958196,0.281144342074792,0.330411566793919,-0.551070652592467,-0.480944758160329
YDR098C,2.70008563995361,0.428501844406128,0.313059151610816,0.0498756342811096,2.15475726127625,3.38923611442248,0.333398352906976,0.530101821475006
YDR101C,1.02659070491791,0.0108454087749124,0.0516962819261469,0.0218803792697962,0.928803683817387,1.12978024085363,-0.0320760711878934,0.0529939748692439
YDR103W,0.163074284791946,-0.788180589675903,0.00832560584029363,0.0221398732722191,0.147635206704338,0.180228490754962,-0.830810065028982,-0.744176554198959
YDR105C,0.234437793493271,-0.630931317806244,0.0155810673563304,0.0288591870060154,0.205529093742371,0.265978551159302,-0.687126692729841,-0.575153387346839
YDR106W,0.0145030776038766,-1.8513435125351,0.00352457965036299,0.106146809487195,0.00864109488514562,0.0222650160702566,-2.06343123300879,-1.65237698820604
YDR107C,0.142991691827774,-0.845361053943634,0.00796697811556842,0.0241658973233114,0.128134070585171,0.159134471292297,-0.892335377766204,-0.798235738205128
YDR108W,0.0999832078814507,-1.00077164173126,0.00567709175943247,0.0246525665960544,0.0892984952777624,0.111245663339893,-1.0491558617428,-0.953716910004071
YDR109C,0.0769241228699684,-1.11478924751282,0.00480914781954923,0.0271824556277041,0.067808303112785,0.0865845387801528,-1.16871712372399,-1.06255965236571
YDR110W,0.183185428380966,-0.737946569919586,0.0113834874478141,0.0269671264679961,0.161535620689392,0.207004475593567,-0.791731695233396,-0.68402026517338
YDR111C,0.110416039824486,-0.958051860332489,0.0078150397694948,0.0307056838148065,0.095640422962606,0.126617017885049,-1.01935851191753,-0.897507919418707
YDR113C,0.286512613296509,-0.544231712818146,0.0228682876579013,0.0345667954450026,0.244223693261544,0.335421441247066,-0.612212223171516,-0.474409179335759
YDR116C,0.376839697360992,-0.426287651062012,0.0401738097523574,0.0460126146585061,0.305346071720123,0.463619403789441,-0.515207662834475,-0.333838396432146
YDR117C,0.398218870162964,-0.400561600923538,0.0223431700330271,0.0243821865844509,0.355844357113043,0.443424664189418,-0.448739917167246,-0.353180154200854
YDR118W,0.0774252712726593,-1.11196351051331,0.00483361715278997,0.0270809988177612,0.0684225633740425,0.0875305440897743,-1.16480065949401,-1.05784037207283
YDR122W,0.21963669359684,-0.658725082874298,0.00978152537808036,0.0193601685235125,0.200855373839537,0.238909638052185,-0.697116544337773,-0.62176632971184
YDR123C,0.0983163937926292,-1.01037490367889,0.0115808510671562,0.051092375359869,0.0773360716799895,0.122047320008278,-1.11161792587535,-0.913471752653145
YDR124W,0.00564346183091402,-2.27268171310425,0.00187497851969788,0.147514453549537,0.00258333426706182,0.00994241142179817,-2.58781939568887,-2.00250826990671
YDR125C,0.0187011938542128,-1.73257231712341,0.00267729555010316,0.0622135822882958,0.0138550219203656,0.0244157075261076,-1.85839280564553,-1.61233068649753
YDR127W,1.26918315887451,0.103214293718338,0.047805613235273,0.0163864262910554,1.17572951316833,1.36033546626568,0.0703074192738951,0.133646020998697
YDR128W,0.087218701839447,-1.05990123748779,0.00422284639725884,0.0210519010163181,0.0791815521816413,0.0957138252134124,-1.1013759891391,-1.01902532736189
YDR129C,2.87137079238892,0.457646280527115,0.129475463891989,0.0196046129403487,2.62409257888794,3.12626030047735,0.418979153032477,0.495025135578848
YDR130C,0.177328795194626,-0.75349748134613,0.0181865011012898,0.0444681693315292,0.144355207930009,0.215747441723943,-0.840567544079567,-0.66605438688343
YDR132C,0.052286259829998,-1.28300726413727,0.00419476268851621,0.034880048195367,0.0443217866122723,0.0608751332697769,-1.35338274150588,-1.21556007505852
YDR135C,0.570372343063354,-0.244157373905182,0.021729169926811,0.0165729749900898,0.527192534009616,0.612267662088076,-0.278030748880074,-0.2130586779294
YDR137W,0.113109812140465,-0.947206854820251,0.00645107998780356,0.0247885133639333,0.100798121280968,0.125996321439743,-0.996547562386286,-0.899642134261342
YDR138W,0.160574048757553,-0.794882833957672,0.00814492002738215,0.0220529414065782,0.144814715037743,0.176950879767537,-0.839187306012216,-0.752147276536791
YDR141C,0.253144472837448,-0.596946895122528,0.00961565859941855,0.0165327421567413,0.234171003103256,0.271697436769803,-0.630466883695381,-0.565914458840253
YDR142C,0.0676137208938599,-1.17213749885559,0.00676419000814191,0.0434213596376383,0.0552817358014484,0.0815943543488781,-1.25741835108157,-1.08833989534159
YDR143C,0.251035034656525,-0.600902199745178,0.0135844154832841,0.0235267358472889,0.225358011201024,0.278625422716141,-0.647126998686062,-0.554979259704387
YDR144C,0.600887060165405,-0.221723049879074,0.0292657696980165,0.0211625624732717,0.545733418564002,0.660133283833663,-0.263019451471478,-0.180368369878451
YDR145W,0.532467186450958,-0.274334341287613,0.0287024311842047,0.023369296247153,0.479573785016934,0.590292300283909,-0.319144564805521,-0.22893288229486
YDR146C,0.391219645738602,-0.408072173595428,0.0186519723251071,0.020686289036009,0.355808883905411,0.42908955241243,-0.448783212567634,-0.367452059899929
YDR147W,0.174890220165253,-0.757983565330505,0.0102873894832995,0.0255221481698173,0.155934810638428,0.195489975189169,-0.807056923422701,-0.708875508737138
YDR148C,1.0758216381073,0.0310717839747667,0.0596794102620251,0.0240974423250141,0.962511843939622,1.19629587034384,-0.0165939176891056,0.0778386033923684
YDR150W,0.345149338245392,-0.462272107601166,0.0123812092484374,0.0156199528134585,0.320528636624416,0.368279750148455,-0.494133163741401,-0.433822161792017
YDR151C,0.35866504907608,-0.446546971797943,0.0271252626707669,0.0327200120430421,0.308941293259462,0.415989372630914,-0.510124039855301,-0.380917764245316
YDR152W,0.977449834346771,-0.0120255099609494,0.0969322450764206,0.042879519959661,0.806484043598175,1.18068119784196,-0.0934042233652079,0.0721326471769268
YDR153C,0.671941816806793,-0.17344905436039,0.0402977974781638,0.0260341426043205,0.596150527397792,0.753562930723031,-0.224644068049625,-0.122880473539171
YDR158W,6.85960865020752,0.835257351398468,0.475512269755282,0.0300083853242497,5.99409427245458,7.83746543327967,0.777723569027315,0.894175638396031
YDR161W,0.731020331382751,-0.136900842189789,0.045302653476045,0.0268487195724064,0.649406564235687,0.826087771852811,-0.187483330199692,-0.082973809651558
YDR162C,0.418751269578934,-0.382130712270737,0.0581094095352318,0.0594180772767967,0.318788979450862,0.545642256736755,-0.496496710169581,-0.263092003533109
YDR164C,0.202460020780563,-0.694226801395416,0.0103477799644946,0.0221876894307277,0.183008762821555,0.223176002999147,-0.737528117185692,-0.651352505323237
YDR165W,0.844751954078674,-0.0739705339074135,0.0480127005653219,0.0246766948764063,0.756200988590717,0.94078005105257,-0.121362759238293,-0.0265119009607967
YDR166C,0.155870273709297,-0.807720065116882,0.00735135515139258,0.0204683638253711,0.142111400514841,0.170816212892532,-0.84737108054108,-0.767470910956157
YDR170C,0.939140319824219,-0.0275288298726082,0.0323813488903305,0.0150177572489978,0.874658777316411,1.00002741714319,-0.0581613434337897,1.19069496019382e-05
YDR171W,0.361051082611084,-0.443374305963516,0.0238036754803516,0.0286126341762871,0.317474650591612,0.40881832887729,-0.498290949855678,-0.388469641367926
YDR173C,0.118880197405815,-0.926489531993866,0.0102116268024441,0.0372671003494477,0.100063087791204,0.139893501996994,-0.999726099703354,-0.854202457862636
YDR174W,1.78425800800323,0.248402833938599,0.212712931187884,0.0514642288344996,1.39917796850204,2.25010736783345,0.14587295654711,0.352203228884031
YDR175C,0.418411284685135,-0.379829227924347,0.0340953279724696,0.0352491568433248,0.356871618827184,0.491223033269246,-0.447487992454434,-0.308721277623587
YDR176W,0.156248182058334,-0.806786596775055,0.00821965337395872,0.022904169222324,0.140068600823482,0.172544465710719,-0.85365920960061,-0.763098968632677
YDR180W,0.0881716087460518,-1.05509424209595,0.00389502610640564,0.0192027063503075,0.080785945057869,0.0959052797406912,-1.09266419015064,-1.01815748671012
YDR186C,0.213577568531036,-0.670927107334137,0.0100923484696398,0.0205074499018721,0.19448634373645,0.234012109537919,-0.711110888593432,-0.630761669268557
YDR188W,2.22406053543091,0.34655687212944,0.11596503808545,0.0226526423985686,2.00257181326548,2.45915684302648,0.30158809905725,0.390786228500178
YDR189W,0.597022354602814,-0.224541574716568,0.0295625688805216,0.0215341252066828,0.540453302363555,0.655793732404709,-0.267241827162727,-0.183232738335779
YDR190C,1.72571468353271,0.236272931098938,0.0978260566682872,0.0245660118351751,1.54330288072427,1.92812310655912,0.188451164098936,0.285134759120262
YDR191W,0.070797860622406,-1.15229260921478,0.00731153084569999,0.0448027799486274,0.0574440319711963,0.0859953071301182,-1.24075509456559,-1.06552528071034
YDR192C,0.268983483314514,-0.571292638778687,0.0184217596286557,0.0297357195837332,0.234127008542418,0.307012901703517,-0.630548484374942,-0.512843375158246
YDR194C,0.595258176326752,-0.225855886936188,0.0302808544855989,0.0221276209639792,0.537545607487361,0.655670523146788,-0.269584682696031,-0.183314340388532
YDR195W,0.226516485214233,-0.645691871643066,0.013696776111973,0.0262096486950861,0.201576764136553,0.254367610812187,-0.695559530786128,-0.594538189354101
YDR198C,0.096404917538166,-1.01709973812103,0.00717210615896225,0.0322622585560932,0.0833470684165756,0.110967619592945,-1.07910967817484,-0.954803730184785
YDR200C,0.094256192445755,-1.02661263942719,0.00614914763780505,0.0283402278362776,0.0827889402707418,0.106764830152194,-1.0820276776404,-0.971571786709904
YDR202C,0.16927844285965,-0.773049533367157,0.0147978926813952,0.0378765408158058,0.142127931118011,0.199269241839647,-0.847320565714926,-0.70055973321742
YDR204W,0.299702227115631,-0.524847388267517,0.0252406523709103,0.0365313798000242,0.253574054439863,0.351692589869102,-0.595895204128488,-0.453836782770192
YDR206W,0.136288598179817,-0.866076648235321,0.006788417774523,0.0216098657422239,0.123515047319233,0.150051291411122,-0.908280137059803,-0.82376026272923
YDR208W,0.268833994865417,-0.571035981178284,0.0131816939910174,0.0212600570292077,0.244643811012308,0.29611285875241,-0.611465766528724,-0.52854273333054
YDR212W,2.40919661521912,0.381320536136627,0.121547594517251,0.021887272932014,2.1825995862484,2.65657392541567,0.338974067977768,0.424321904766453
YDR214W,1.95603978633881,0.290236830711365,0.1424473855487,0.031422476221291,1.69886803627014,2.25746344526609,0.230159645293106,0.353620725507942
YDR217C,0.147141188383102,-0.832692265510559,0.00654380461839081,0.0193115190067117,0.13492785555621,0.160131703813871,-0.869898382041908,-0.795522675451555
YDR218C,0.0067742308601737,-2.18026900291443,0.0015281657873828,0.0991444771531563,0.00411665500917782,0.010139807088611,-2.38545554133706,-1.99397030974814
YDR221W,0.300591379404068,-0.522568941116333,0.0150627551841191,0.0217215193243186,0.272625218331814,0.331741576393445,-0.564433975855237,-0.479200095961168
YDR222W,0.209088161587715,-0.680734097957611,0.0146524046453219,0.0303761533604186,0.181815937409798,0.239564715450009,-0.740368050578689,-0.620577147169881
YDR223W,0.00692933052778244,-2.16736507415771,0.00133330921561159,0.0840814162884242,0.00457995007745922,0.00978720649921646,-2.33913948331011,-2.00934125612472
YDR228C,0.208955436944962,-0.680608332157135,0.0115236183077561,0.0239627440705615,0.187020175655683,0.232126179461678,-0.728111539501996,-0.63427587670409
YDR233C,3.85499954223633,0.584419965744019,0.33192907893137,0.0373524559718404,3.23246097167333,4.54489571253459,0.509533288683528,0.657523918035608
YDR234W,0.508567333221436,-0.294181108474731,0.0251188983341993,0.0214735201485236,0.460129069288572,0.558992888530095,-0.337120328768472,-0.252593717286913
YDR235W,0.100213468074799,-1.00019955635071,0.00721140520207635,0.0313027893422235,0.0864349972456694,0.114976844377816,-1.06331038318035,-0.939389615064845
YDR237W,0.281990438699722,-0.552164852619171,0.0298103232058237,0.0455772162293877,0.228739067912102,0.346859187632799,-0.640659652928846,-0.459846797571874
YDR238C,1.73313128948212,0.238470897078514,0.0706805128483859,0.0176821287623548,1.6026112506787,1.87724134425322,0.204828185868364,0.273520110386613
YDR242W,0.00611444329842925,-2.22114109992981,0.00113526836268773,0.0810644218620311,0.00412862826682006,0.00856269896030426,-2.38419421834624,-2.06738932424598
YDR243C,0.11627321690321,-0.935335159301758,0.00713055162801104,0.0265840217498843,0.103234062778453,0.131120004256566,-0.986176992017197,-0.88233104549419
YDR244W,0.225947260856628,-0.646647930145264,0.012384579027461,0.0238225043519342,0.202265147243937,0.250404206166665,-0.694078948148237,-0.601358380476016
YDR245W,0.7047980427742,-0.152877062559128,0.0465261446992318,0.0286065050879871,0.618904759486516,0.799679251015186,-0.208376178624228,-0.0970841725971639
YDR247W,0.0950971320271492,-1.02320635318756,0.00758094855741241,0.0345465690358992,0.0811209157109261,0.110938357561827,-1.09086715557043,-0.954918268124464
YDR251W,0.276454329490662,-0.55888170003891,0.013338848715886,0.0210065219731198,0.250519335269928,0.302387778957685,-0.601158749329764,-0.519435766069832
YDR254W,0.0684178024530411,-1.1664776802063,0.00595481879840882,0.0378217090080153,0.0571493244109054,0.0806636810302734,-1.24298890235425,-1.09332196315337
YDR256C,0.00149772933218628,-2.85708904266357,0.000580613173894639,0.171384094087767,0.000592477162717842,0.00286072376572216,-3.22732938071013,-2.54352408402299
YDR257C,0.237496539950371,-0.62519645690918,0.0149084196494151,0.0272568306823307,0.209394116575519,0.268178275972605,-0.679035525192015,-0.57157641344474
YDR258C,0.697868824005127,-0.156662151217461,0.0312439644468701,0.019471305260573,0.637109497189522,0.759453511238098,-0.195785921439988,-0.119498805655237
YDR259C,0.0278671626001596,-1.55825078487396,0.00345524706987291,0.0539548451000032,0.0216272841518124,0.0349020537609855,-1.66499801479309,-1.45714902296851
YDR261C,0.474413365125656,-0.324416637420654,0.0243785265746438,0.0222959927779167,0.428664654493332,0.522547489901384,-0.367882324726701,-0.281874234147825
YDR262W,0.515522181987762,-0.290027976036072,0.052950267028563,0.0444437947982216,0.420219501107931,0.626863680283228,-0.376523797291386,-0.202826892689293
YDR264C,0.637047410011292,-0.196279808878899,0.029023321874781,0.0198064320558179,0.580988808472951,0.694247305393219,-0.235832237237099,-0.158485797217067
YDR267C,0.294003009796143,-0.533116936683655,0.0242162258520981,0.0357102285096519,0.248608990013599,0.345500973115365,-0.604483170863968,-0.461550725934584
YDR268W,0.15130127966404,-0.821540713310242,0.012100281059812,0.0346700943040023,0.129035865888,0.176484408477942,-0.889289560185761,-0.753293656765996
YDR270W,0.177020162343979,-0.752448618412018,0.00824007369202595,0.0202425737736123,0.161196280022462,0.193397433310747,-0.792644984842861,-0.713549293991926
YDR273W,0.019797446206212,-1.70817363262177,0.00293930005341531,0.0645868258467652,0.014532734756358,0.0259997042361647,-1.83765265363543,-1.58503160541749
YDR275W,0.0258680749684572,-1.60471796989441,0.00736929290893376,0.124199007072814,0.0136882486132284,0.0430248826742172,-1.86365212443641,-1.36628030528883
YDR277C,0.0711789056658745,-1.14919292926788,0.00601856509390298,0.0366782679882344,0.0602713237516582,0.0835945565253496,-1.21988927164347,-1.07782200195862
YDR279W,0.140969052910805,-0.852653324604034,0.0127679171184201,0.0393138828476908,0.117316935521861,0.168026352425416,-0.930639290016028,-0.77462260254527
YDR280W,0.668485403060913,-0.176517054438591,0.0576709964807239,0.0373629327509531,0.564000551402569,0.7888524706165,-0.248720484037137,-0.103004209973381
YDR284C,0.459542334079742,-0.339482605457306,0.0420333444373077,0.0396274879501639,0.381460247685512,0.54810962130626,-0.4185507381066,-0.261132574848182
YDR288W,0.12759530544281,-0.896494626998901,0.0132771337052179,0.0449746045295539,0.103977356354396,0.155999236057202,-0.983061229139879,-0.806877528638012
YDR289C,0.308420598506927,-0.511881589889526,0.0212050117104,0.0298782948276671,0.268286817272504,0.351318919161956,-0.571400666600894,-0.454298463474251
YDR291W,0.0752456858754158,-1.12402749061584,0.00363196280431548,0.0209864584582361,0.0681876221050819,0.0826099700604876,-1.16629445436739,-1.08296753523867
YDR292C,0.511326193809509,-0.291841208934784,0.0254580240503832,0.021605173709326,0.463518481701612,0.562881662944953,-0.333932944794412,-0.249582901470285
YDR293C,0.573463499546051,-0.241832345724106,0.0226303815117141,0.0171597388315199,0.53031114389499,0.617675500611464,-0.275469246606713,-0.209239624111984
YDR294C,0.507299244403839,-0.295294910669327,0.0257389268488758,0.0220529275494555,0.458650251477957,0.557210107147694,-0.338518364033985,-0.253981014598972
YDR296W,0.417760789394379,-0.385322988033295,0.0719372240269618,0.0734345421550502,0.297163209319115,0.588209986190001,-0.527004960516683,-0.230467615156962
YDR297W,0.846174418926239,-0.0737086683511734,0.0622109793663243,0.0318360436911655,0.731036957601706,0.97617381811142,-0.136060671093028,-0.0104728447047184
YDR300C,0.889870524406433,-0.0514566525816917,0.0533684889290293,0.0260631071928045,0.78758640140295,0.998027335107326,-0.103701797898605,-0.000857563683824194
YDR301W,0.189376428723335,-0.723018050193787,0.00754043958085546,0.0173156559110057,0.174860276157657,0.204082494601607,-0.75730884139729,-0.690194246275595
YDR303C,0.281959146261215,-0.550236940383911,0.0124404413368969,0.0191760388473297,0.258594177414974,0.306439398229122,-0.587381258233513,-0.513655399990329
YDR307W,0.231878325343132,-0.63535463809967,0.0123415037134067,0.0231092937234632,0.208608420441548,0.257140440493822,-0.68066816533886,-0.589829616526877
YDR309C,0.692851305007935,-0.160389989614487,0.047822593172154,0.0298906075760586,0.603847536941369,0.791421711444855,-0.219072700985545,-0.101592039701333
YDR310C,0.190655097365379,-0.720181107521057,0.00848170250624564,0.0193473555527361,0.174588266760111,0.207141898820798,-0.757984946936887,-0.683732047906825
YDR311W,0.247916623950005,-0.606359720230103,0.0137315203705194,0.0240234454472847,0.222119767218828,0.27621166780591,-0.653412790610013,-0.558757984262351
YDR313C,0.080999381840229,-1.09547758102417,0.0109500109243378,0.058776237508312,0.0612242045501868,0.104201165462534,-1.21307684871987,-0.982127428458774
YDR315C,0.0304006170481443,-1.52457058429718,0.00563951998931789,0.0807213132124921,0.0205915834133824,0.0423146560788155,-1.68631025796918,-1.37350919514835
YDR316W,0.108620069921017,-0.965261995792389,0.00799885894742254,0.0319005723273207,0.0937641471624374,0.125622565920154,-1.02796319221052,-0.900932351303912
YDR317W,0.0326542779803276,-1.48897337913513,0.00378238054544905,0.050370085489093,0.0257110886586209,0.0404907136845092,-1.58987953517847,-1.39264456873583
YDR320C,0.251883089542389,-0.599436938762665,0.0136407285583758,0.0235031160620722,0.226924499000112,0.279487625012795,-0.644118618216589,-0.553637422257771
YDR321W,2.84641051292419,0.45340371131897,0.182616014527822,0.0278733390312716,2.49888787468274,3.22344386378924,0.397746768340951,0.508320111146611
YDR322W,0.311104774475098,-0.508404135704041,0.0242104659890868,0.0337413231471121,0.265939514835676,0.362177485227585,-0.575217128450634,-0.441078551939964
YDR323C,0.0416685156524181,-1.3819454908371,0.00374730823131759,0.0390533973101481,0.0348460270712773,0.049326479062438,-1.4578467306925,-1.30691988407774
YDR325W,0.128289878368378,-0.892327427864075,0.00625741206417047,0.0211797571246186,0.116535336896777,0.14093630152444,-0.933542364050929,-0.850977130901132
YDR330W,0.264879375696182,-0.577788591384888,0.0164553615718279,0.026980794736059,0.234204827621579,0.297894502679507,-0.630404160414753,-0.525937520185135
YDR331W,0.410720229148865,-0.38749024271965,0.028423589629011,0.0299554290410798,0.359113124758005,0.47074025173982,-0.444768723676675,-0.327218665344296
YDR332W,0.0307024903595448,-1.51429641246796,0.00253003972659077,0.0358223106935576,0.0259258557887127,0.0358670764913162,-1.58626689980409,-1.4453040210748
YDR337W,0.498728573322296,-0.304201126098633,0.0488077001768443,0.0423530250900884,0.41179385309418,0.599639475345612,-0.385320140601573,-0.222109784495456
YDR341C,3.33632159233093,0.522764503955841,0.160723930378869,0.0209257582033179,3.02775248686473,3.65233542521795,0.481120369354084,0.562570655652727
YDR346C,1.35634791851044,0.131700053811073,0.0754985793665704,0.0241284508334851,1.21521886487802,1.50601232051849,0.0846545024639376,0.177828524793838
YDR349C,0.240557715296745,-0.619461417198181,0.0134543231497442,0.0243251121880539,0.214791676153739,0.26710501909256,-0.667982553374537,-0.573317951327366
YDR351W,0.153077900409698,-0.815670967102051,0.00793815495140711,0.0225558813949812,0.137688634420435,0.168827098235488,-0.8611019073284,-0.772557846496374
YDR353W,5.15588092803955,0.710939586162567,0.409214610063922,0.0343575414300196,4.4214243888855,6.01849603652954,0.645562202511713,0.779487978859329
YDR354W,0.423379987478256,-0.374391078948975,0.0304495730862729,0.0312306178231346,0.365882303565741,0.485811746617158,-0.436658595846903,-0.313531989310026
YDR356W,0.222490087151527,-0.653125762939453,0.00996900646841047,0.0194716632387993,0.203516143932939,0.242245915532112,-0.691401137425505,-0.615743537037722
YDR358W,0.264337331056595,-0.578503489494324,0.0145998561441177,0.0239699185282701,0.236943072577318,0.293600291758776,-0.625355984878553,-0.532243517299754
YDR361C,1.2414608001709,0.0921310782432556,0.113468237816115,0.0395450882287614,1.03439145882924,1.48194205760956,0.0146849230913689,0.170831223513502
YDR362C,0.105202905833721,-0.97871994972229,0.00617460691184162,0.0254792400197182,0.0935114826386174,0.117811624022822,-1.02913505714534,-0.928811858290137
YDR363W,0.0805897042155266,-1.09537553787231,0.00705906868748203,0.0379834921669334,0.0677240430687865,0.0952979722991586,-1.16925712277772,-1.02091634005013
YDR364C,0.101759769022465,-0.993725299835205,0.00788259031724732,0.033645628152791,0.0869877581795057,0.117953441354136,-1.06054186355987,-0.928289384146777
YDR368W,1.96029925346375,0.290781170129776,0.165815412181612,0.0365594965743489,1.65255447924137,2.30820157329241,0.218155764100603,0.363273732200133
YDR370C,0.0916880890727043,-1.03918445110321,0.00762791976980261,0.0360966030609529,0.0774424732973178,0.107241305336356,-1.11102079218839,-0.969637922634871
YDR372C,0.766718626022339,-0.116640456020832,0.058916946974743,0.0332759468824525,0.657393955687682,0.88920056472222,-0.182174296639387,-0.0510002701750354
YDR375C,0.14302770793438,-0.845752418041229,0.0105309176234038,0.0319746331930232,0.123318216390908,0.165113493800163,-0.908972765663494,-0.782217432833631
YDR376W,0.211448565125465,-0.675586402416229,0.0127662421825684,0.0262120204540501,0.18758387863636,0.236956686402361,-0.72680448855887,-0.625331032240501
YDR379W,0.0981816127896309,-1.00852644443512,0.00497578146584714,0.0220086247045366,0.0887669953207175,0.108143320990105,-1.05174848033347,-0.966000297759378
YDR380W,0.2473304271698,-0.607304155826569,0.0127946606820329,0.0224569552975669,0.223046652103464,0.273106895387173,-0.651604291692796,-0.563667334768229
YDR381W,7.91955614089966,0.892700850963593,1.34151014793217,0.0717854106029018,5.70321788787842,11.0445499420166,0.756119963470837,1.04314802335992
YDR383C,0.094421774148941,-1.03375267982483,0.0191847758805215,0.0876889272162089,0.0613610772726436,0.136978411922852,-1.21210703786553,-0.863347885624813
YDR384C,1.52106392383575,0.179886475205421,0.155858401484305,0.0442962199705965,1.2404789874951,1.8607414205869,0.0935894119634566,0.269686024094436
YDR386W,0.0550124645233154,-1.2607569694519,0.00412380243048396,0.0325371145561778,0.0472332344390452,0.0635074875007073,-1.32575231377557,-1.19717506920625
YDR387C,0.0360231585800648,-1.44523322582245,0.00329587511985972,0.0397181677599294,0.0299662216411283,0.042767412122339,-1.52336801373682,-1.36888702956316
YDR389W,0.209918946027756,-0.67857438325882,0.0112794186381171,0.0233279626425308,0.188701465725899,0.232752665877342,-0.724224726468892,-0.633105336042909
YDR390C,0.29351943731308,-0.532949328422546,0.0152109354183069,0.0225406752572153,0.264223076899846,0.32369797800978,-0.578029254383293,-0.489860016453491
YDR393W,0.100669749081135,-0.998200118541718,0.00717829384618293,0.0309061489658035,0.0873264941076438,0.115428033843637,-1.058853975095,-0.937688703372156
YDR394W,1.66969275474548,0.221932500600815,0.0951221503934988,0.0247455492219425,1.49013085166613,1.86059842209021,0.173224404076194,0.269652648308726
YDR395W,1.0356673002243,0.0148652037605643,0.0418863946064697,0.0175737774625121,0.954068377117316,1.11909769376119,-0.0204204994281651,0.0488680005866697
YDR400W,0.424203842878342,-0.373480319976807,0.0296056882845355,0.0302753515176832,0.369975115607182,0.485245227813721,-0.43182748546282,-0.314038727025347
YDR405W,0.299396514892578,-0.526751816272736,0.0353738422157998,0.0509990300071383,0.237151671200991,0.374750767896573,-0.624973812310979,-0.426257481309091
YDR407C,0.118460863828659,-0.926822364330292,0.00505878786209163,0.0185819655916527,0.108633419685066,0.128324022392432,-0.964036549421687,-0.891692035966618
YDR410C,0.353143155574799,-0.456022322177887,0.0480215037628183,0.0587166054528417,0.27020468339324,0.45585764721036,-0.568307127750231,-0.341170756252947
YDR411C,0.364864528179169,-0.439085602760315,0.0273557321657525,0.0325044370680565,0.314746183156967,0.421669820696115,-0.5020395309254,-0.375027481712516
YDR412W,1.24840843677521,0.0925563424825668,0.166525428253594,0.0573589043738226,0.963658867279689,1.61674523353577,-0.0160766782531542,0.208641589240514
YDR414C,0.148914203047752,-0.828450798988342,0.0119130723621936,0.0346967349453387,0.127112116416295,0.173908228675524,-0.895813051401264,-0.759679868831598
YDR415C,0.33846640586853,-0.471616566181183,0.0244371745861228,0.031378606197077,0.292404576390982,0.387855998675028,-0.534015834583024,-0.411329487595375
YDR416W,0.109381809830666,-0.961633861064911,0.0056443170708764,0.0223914359097108,0.0988201877723138,0.120951187362274,-1.00515432523299,-0.917389873723941
YDR421W,0.0592274218797684,-1.22829353809357,0.0036337169071334,0.0266397460075137,0.0522191180226703,0.0667735777795315,-1.28217046765524,-1.17539535650619
YDR422C,0.194326385855675,-0.711943209171295,0.00909043639034469,0.0203344741184208,0.176935302466154,0.212157418454687,-0.752185507274298,-0.673341778047296
YDR427W,1.50011157989502,0.175219938158989,0.0968120420363832,0.0280412093449646,1.31689934531848,1.69569802284241,0.119552581502607,0.229348513787369
YDR429C,4.59613227844238,0.660646855831146,0.414044361796857,0.0388668600025469,3.8418280005455,5.48215698003769,0.584537917257789,0.738951462324601
YDR430C,0.316945225000381,-0.499397605657578,0.013262015458427,0.0182034515652915,0.291510709375143,0.34288120145599,-0.535345485718234,-0.464856324934341
YDR438W,0.00201813108287752,-2.74587941169739,0.000963808926962204,0.21789991871192,0.000611195827271634,0.00436454600809763,-3.21381963712677,-2.36006092426873
YDR448W,0.254906088113785,-0.594520330429077,0.0164437037853956,0.0279851848915345,0.223962736874819,0.288515081256628,-0.64982423545518,-0.539831481279371
YDR449C,0.41253188252449,-0.385336518287659,0.0249815888429615,0.026247976945721,0.366198239723841,0.463605969150861,-0.436283747721691,-0.333850981038957
YDR451C,0.534106969833374,-0.273467570543289,0.0380001661199386,0.0308374379372016,0.463972211629152,0.613087427119414,-0.333508032733853,-0.212477590624145
YDR452W,0.448493808507919,-0.348756104707718,0.0218107243518128,0.0211208271541477,0.406863189737002,0.492582082003355,-0.390551600457275,-0.307521389956519
YDR456W,0.227470904588699,-0.6437007188797,0.0122022494248573,0.0233337258157528,0.204227713122964,0.251790076494217,-0.689885329751786,-0.598961390227873
YDR457W,0.405886739492416,-0.391863375902176,0.0142500185117071,0.0152885985067697,0.377680226167043,0.432365849117438,-0.422875752622648,-0.364148616586441
YDR458C,0.189980000257492,-0.721920847892761,0.0102303427915013,0.0233833748487427,0.170690175518394,0.210953909282883,-0.767791477565789,-0.675812422937492
YDR463W,0.562164783477783,-0.250810235738754,0.031358923922109,0.0241984406231462,0.502053141593933,0.627305914958318,-0.299250310983433,-0.202520617468771
YDR464W,0.128716766834259,-0.890759170055389,0.00548241394550617,0.018530564092284,0.118127389003833,0.139353962490956,-0.927649395437733,-0.855880677733329
YDR465C,0.565617918968201,-0.248403683304787,0.0370107346783866,0.0283626843687664,0.497686648617188,0.642575313647588,-0.303044009934781,-0.192075968504346
YDR470C,0.129724577069283,-0.888075888156891,0.00923786578998327,0.0308647257128642,0.112300508407255,0.14901383407414,-0.949618279342009,-0.826773411887158
YDR472W,0.290003657341003,-0.540391147136688,0.033028229628807,0.0492465307912726,0.230953428521752,0.361669257779916,-0.63647559793674,-0.441688406149055
YDR477W,0.592107594013214,-0.228181540966034,0.0306881865895121,0.0225101662267094,0.534471265971661,0.653098283708096,-0.272075638264438,-0.185021457583744
YDR479C,0.0798319056630135,-1.09892702102661,0.00569331266439654,0.0309476822881917,0.0693179315576951,0.0916027391950289,-1.15915440681815,-1.03809153944403
YDR480W,0.203748539090157,-0.692715466022491,0.0186392182459253,0.0396551767738346,0.169821843504906,0.242607456694047,-0.77000644893592,-0.615095855432751
YDR481C,1.71206676959991,0.232993900775909,0.0843823258654613,0.0214112898637064,1.55047583083312,1.88155122200648,0.190465000669215,0.274516045101496
YDR484W,0.114367306232452,-0.94247841835022,0.00687939484255301,0.0260683293245599,0.101579668931663,0.12855677989622,-0.993193207851614,-0.890905014376255
YDR485C,0.124063916504383,-0.906964242458344,0.00657366924598104,0.0230062276317828,0.111691346640388,0.137463786204656,-0.95198047283195,-0.861811698582008
YDR486C,0.653254508972168,-0.191191390156746,0.112532223450969,0.0736240604369828,0.466331026206414,0.9051321392258,-0.331305704598037,-0.0432880748760696
YDR488C,0.0739120319485664,-1.13261449337006,0.00579371644454859,0.0340102748587365,0.0632032557701071,0.0856541944667697,-1.19926054955314,-1.06725136487604
YDR489W,0.174154981970787,-0.761722385883331,0.0193060535938373,0.0480611648088876,0.138935909544428,0.215862557540337,-0.857185498461735,-0.665822689547319
YDR492W,0.331830233335495,-0.481081873178482,0.031943364719191,0.0416453154379773,0.272871778160334,0.399170590688785,-0.564041379207035,-0.39884146808001
YDR494W,0.28802901506424,-0.542098224163055,0.0242732433349541,0.0364820191952214,0.244158526758353,0.339271429429452,-0.612328105872473,-0.469452711458984
YDR496C,1.17605042457581,0.0698969438672066,0.0580756226990403,0.0214508591750429,1.06350891391436,1.29168178339799,0.0267411289416753,0.111155531254903
YDR497C,0.998112678527832,-0.00137821037787944,0.0506505338345904,0.0220410078587009,0.902559739351273,1.10082900524139,-0.044524043079838,0.0417198640694233
YDR498C,0.171805664896965,-0.76629912853241,0.0134873081943294,0.0340689910163535,0.146537990495563,0.199595466256142,-0.834049768443048,-0.699849327789641
YDR501W,0.0775620490312576,-1.11150193214417,0.00565879385075574,0.0316894081597384,0.0669479832053184,0.0892375594004989,-1.17426250578271,-1.04945231597874
YDR503C,0.162474423646927,-0.79212611913681,0.018876593770634,0.0502774552612337,0.128927759826183,0.20218413459758,-0.889653569916296,-0.694252940621962
YDR505C,0.258192002773285,-0.588517427444458,0.0118675881815952,0.0199511781453026,0.235944673418999,0.281938562790553,-0.627189822647576,-0.549845518460405
YDR506C,0.0992143601179123,-1.00437223911285,0.00656777215888373,0.0287285810951956,0.0871530796711644,0.112711558987697,-1.05971726565313,-0.948031543165688
YDR507C,0.461626023054123,-0.336074352264404,0.0189534722163315,0.0178721575472494,0.424999222656091,0.498272867004077,-0.371611864329392,-0.302532762169829
YDR514C,0.194623067975044,-0.711781620979309,0.0130460956629467,0.029105246193933,0.170118616397182,0.221715596939127,-0.769248158378911,-0.654203754955499
YDR515W,0.203628391027451,-0.692140460014343,0.01366453953208,0.029157753274971,0.177957216401895,0.232542335614562,-0.749684396677062,-0.633497977688016
YDR516C,1.08034193515778,0.0329574793577194,0.0570028924497007,0.0229005398775943,0.972694253424803,1.19300963481267,-0.0120236499110332,0.0766439507103859
YDR517W,0.565608084201813,-0.248549416661263,0.0396754073273455,0.0304080581033108,0.492403132716815,0.648700571556886,-0.30767919271607,-0.187955722310945
YDR518W,0.644480168819427,-0.191440746188164,0.0352361255145355,0.0237450696527789,0.577698475122452,0.716293726364772,-0.238298784307582,-0.144908852616047
YDR522C,0.00139690621290356,-2.88377118110657,0.000502608475660198,0.162532999741095,0.000580079415036986,0.00254348467763824,-3.23651257870089,-2.59457089422218
YDR523C,0.00440385285764933,-2.36704921722412,0.000984008385217103,0.0979940057214947,0.00268574351017984,0.00651561590299631,-2.57093547356759,-2.18604452536907
YDR524C,0.0994792804121971,-1.00336837768555,0.00708884331725706,0.0309620654964669,0.0861679300665855,0.113771350247165,-1.06465435715373,-0.94396708764691
YDR528W,0.130435928702354,-0.885907828807831,0.0101372768115493,0.033648882165924,0.111956462015708,0.151664433504144,-0.950950839714495,-0.819116252727713
YDR530C,0.150958269834518,-0.823214173316956,0.0147520602310249,0.042476575771717,0.123805743890504,0.181568576022983,-0.907259245813246,-0.740959317016343
YDR531W,0.45132315158844,-0.346617579460144,0.032227893642908,0.0309948009760407,0.391791155437628,0.517192273835341,-0.406945382472158,-0.286347975981868
YDR532C,0.108940795063972,-0.964363396167755,0.00922494721866703,0.0367922265235814,0.0916886427129308,0.127637201175094,-1.03768445621162,-0.89402272929894
YDR533C,0.266318559646606,-0.579656660556793,0.0409911940110554,0.0662249832952798,0.19580534050862,0.357950826734304,-0.708175472939915,-0.446176630608976
YDR534C,0.18193706870079,-0.740883529186249,0.0110681329352377,0.0264233459131466,0.160990658029914,0.204361409942309,-0.793199325381627,-0.689601109924849
YDR536W,0.00155724002979696,-2.82998037338257,0.000496341158531245,0.141524293798498,0.000733570810795451,0.00268928760002988,-3.13455795812168,-2.57036283438756
YDR538W,0.138031870126724,-0.866702914237976,0.0243406575081755,0.0762006295778972,0.097514059767127,0.189913584540288,-1.01093276291006,-0.721443976091975
YDR539W,0.450390964746475,-0.347151637077332,0.0263093705211315,0.0253436796227653,0.40194366996487,0.502817543347677,-0.395834806947475,-0.298589578521411
YDR541C,0.0721728950738907,-1.14429640769958,0.0080178992852369,0.0481630594337814,0.0577674902044237,0.0891742079208295,-1.23831650285025,-1.04976073962281
YEL065W,0.947475612163544,-0.0239313170313835,0.0455441088678935,0.0208392145813563,0.862636799613635,1.04271845718225,-0.0641720199534574,0.0181670533643031
YEL064C,0.0644758641719818,-1.19190835952759,0.0049986760829801,0.0336854538980677,0.05510639656956,0.0744739859675368,-1.25879798683712,-1.12799540139539
YEL063C,0.486786127090454,-0.313293814659119,0.0262484969690851,0.0234139269259095,0.437436430901289,0.540408419072628,-0.359085050573705,-0.267277894130142
YEL062W,0.0769318789243698,-1.11474776268005,0.00483504771177804,0.027311481654141,0.067920400078098,0.0867417007684708,-1.16799976458992,-1.06177206677199
YEL060C,0.868832886219025,-0.0615726634860039,0.0421293715295225,0.0210269386753241,0.790334135790666,0.955175654093424,-0.10218926334724,-0.019916756882157
YEL058W,0.897601246833801,-0.0474671423435211,0.045166752783456,0.0218523533601785,0.811689789096514,0.988584578037262,-0.0906099173659935,-0.00498616883534618
YEL057C,0.0144662037491798,-1.87626206874847,0.00595913864648801,0.182560804914227,0.00527409364003688,0.0289004685667654,-2.27785247632738,-1.53909511844608
YEL056W,0.274285465478897,-0.562995553016663,0.0204249849477935,0.0322349566306868,0.235943839078148,0.316900403797626,-0.627191358817394,-0.499077209902887
YEL055C,0.671119034290314,-0.173587009310722,0.02837221860192,0.0183635136322431,0.617689888179302,0.72802072763443,-0.20922950817456,-0.137856255619508
YEL053C,0.116253830492496,-0.935185074806213,0.00606716267426851,0.0226827609198514,0.104622530937195,0.128413148472706,-0.980374781403687,-0.891390506051878
YEL052W,0.252762705087662,-0.598020195960999,0.0147353603365666,0.0252183943836997,0.22554495545725,0.283690800021092,-0.646766884551227,-0.547154748251929
YEL051W,3.24905776977539,0.509469866752625,0.335505051942928,0.0445035080494725,2.65596649249395,3.96208774248759,0.424222590708709,0.59792408894745
YEL050C,0.283703118562698,-0.548229098320007,0.0201612023146585,0.03081216063558,0.246636290475726,0.325206105907758,-0.60794302023628,-0.487841308963917
YEL047C,1.37523019313812,0.137702897191048,0.0765137032786915,0.0241892717914461,1.2289663374424,1.52836677829425,0.0895399871545248,0.184227586733579
YEL043W,0.146406814455986,-0.834949493408203,0.00711291376689106,0.021098157054752,0.132888494556149,0.160571407154202,-0.876512618509092,-0.79433178670844
YEL042W,1.40720701217651,0.147771164774895,0.0731981367520518,0.0226056050318243,1.26904357075691,1.55498340725899,0.103476533058934,0.191725757211601
YEL041W,0.0354893393814564,-1.45187973976135,0.00338780448548797,0.0414757647195114,0.0291842994901041,0.0424964473272363,-1.53485072659605,-1.37164737528339
YEL040W,2.60591435432434,0.41530454158783,0.143247093177016,0.023882672584384,2.33489084243774,2.89227651158969,0.368266581846426,0.461239810653922
YEL038W,0.328678905963898,-0.490617662668228,0.0612889905306732,0.0800342759590345,0.226274020721515,0.46558982382218,-0.645365344117794,-0.331996714689964
YEL037C,2.06524014472961,0.31408679485321,0.131656149732641,0.027688596908988,1.81986019611359,2.33209926486015,0.260038023900881,0.367747032045169
YEL036C,0.447315186262131,-0.350116372108459,0.0259915343677808,0.0251817213316955,0.400007772197326,0.501244640847047,-0.397931573315435,-0.299950258054501
YEL032W,0.344894021749496,-0.462755650281906,0.0155211697118179,0.0195555126467688,0.315511822203795,0.375524874279896,-0.500984363250946,-0.42536129061914
YEL031W,1.78309106826782,0.250844657421112,0.0693454030788835,0.0168946314061785,1.65196435749531,1.9214953015248,0.218000672255451,0.283639326855144
YEL029C,0.173433125019073,-0.763013184070587,0.0172710004792331,0.0432132556598138,0.141771625975768,0.210143339509765,-0.848410681099449,-0.677484370470944
YEL023C,0.000852243916597217,-3.10507488250732,0.000342815895500418,0.180036723741838,0.000323587850531718,0.00165514956170227,-3.49000795761119,-2.78116278033904
YEL022W,0.39656189084053,-0.402014017105103,0.0153247684692056,0.0168096884726816,0.366781673332055,0.427100809911887,-0.435592373729286,-0.369469605020303
YEL021W,0.00253647845238447,-2.68269038200378,0.00158332721093199,0.2925105644625,0.000471035949885845,0.00644483603537083,-3.3269459458621,-2.19078812716077
YEL020C,0.0844583585858345,-1.0744401216507,0.00598455276589784,0.0306717241185627,0.0735700891042749,0.0969438793758551,-1.13329871848852,-1.01347961044209
YEL019C,0.0871699079871178,-1.06472718715668,0.0134688355228515,0.066464160463922,0.0640186546991269,0.116073101510604,-1.19369345675882,-0.935268411033282
YEL016C,0.0656276941299438,-1.18443596363068,0.00550525695165443,0.036372290062775,0.0554837885933618,0.0769011663893859,-1.2558338918096,-1.11406707306039
YEL015W,0.468619346618652,-0.329835504293442,0.025719010343442,0.0238620641913647,0.419048458337784,0.520489283899466,-0.377735752757254,-0.283588207892719
YEL011W,0.109786599874496,-0.960220694541931,0.00654090696070089,0.0258565898707094,0.0975710094595949,0.123092539608479,-1.01067920187236,-0.909768267987073
YEL007W,0.372185945510864,-0.429838567972183,0.0195409623971755,0.0228161530354103,0.335523775716623,0.411448831856251,-0.474276703808645,-0.385684166406391
YEL006W,0.0899094492197037,-1.04865980148315,0.00961125410286818,0.0462368602387698,0.0728548034404715,0.110262104993065,-1.13754181004718,-0.95757372179756
YEL005C,0.0449428111314774,-1.35341000556946,0.00753757296789389,0.0727953504761779,0.0317919949690501,0.0612295520181457,-1.49768222042844,-1.21303892080859
YEL004W,0.105614207684994,-0.978386998176575,0.0104161292020652,0.042841048291729,0.0864721671988567,0.127217699587345,-1.06312365665139,-0.895452462385821
YEL002C,2.0399181842804,0.308881133794785,0.118638453828329,0.0252567623098858,1.81323298315207,2.28033466339111,0.258453607817602,0.35799858880933
YER001W,0.462902545928955,-0.334972530603409,0.0213604558417119,0.0200454395982427,0.422289825975895,0.505926830073198,-0.374389381933935,-0.295912290076516
YER002W,1.74485003948212,0.237288787961006,0.253108414353837,0.0621432763671397,1.31215603748957,2.30644301374753,0.117985476354177,0.362942720342137
YER004W,1.43364489078522,0.151722565293312,0.214088221208965,0.0638156709345538,1.0692976574103,1.91421883404255,0.0290985867704617,0.281991581872799
YER005W,0.129080191254616,-0.889935255050659,0.00782427003610246,0.0263213094073555,0.114268876612186,0.145061802739898,-0.942072042187315,-0.83844693148565
YER006W,1.53531646728516,0.185559183359146,0.0831588408997626,0.023533032843852,1.37793761094411,1.70646467407544,0.139229553869906,0.232097301149433
YER007W,0.0506210327148438,-1.29730415344238,0.00440641438166946,0.0376434016913761,0.0426758464115361,0.0601281858980656,-1.36981785988514,-1.22092189887103
YER008C,0.195329800248146,-0.709634304046631,0.00843227376042509,0.0187751749712921,0.178818693136175,0.21190245449543,-0.74758708962748,-0.673864012767037
YER010C,0.389748066663742,-0.414456993341446,0.061213475094421,0.0673149119219965,0.287899423390627,0.52651309967041,-0.540759204952586,-0.278590819077164
YER014W,0.183686897158623,-0.736723780632019,0.0111877683076322,0.0264144789042508,0.16279648852845,0.206605541457732,-0.788354967080314,-0.684858035792746
YER016W,0.339432001113892,-0.470531046390533,0.0261004519564587,0.0334115864847773,0.290190666913986,0.393846641729275,-0.537316559413566,-0.404672854692185
YER017C,0.244935154914856,-0.611457049846649,0.0118493259742097,0.0210236622052976,0.222658329705397,0.268710422019164,-0.652361053165341,-0.57071548907284
YER020W,0.249209597706795,-0.604385793209076,0.0165011819518079,0.0287323332313833,0.218137809385856,0.283167331169049,-0.661269052668632,-0.547956852368257
YER021W,1.40912342071533,0.148298785090446,0.077156000128813,0.0237907692378425,1.2611640026172,1.56039436956247,0.100771566086657,0.193234374504845
YER023W,4.80800294876099,0.680177390575409,0.437950005022997,0.0393898879086843,4.0086109717687,5.74927186965942,0.602993910557307,0.759612845904833
YER025W,3.97003388404846,0.598171174526215,0.213075802262177,0.0233103686726618,3.56342923243841,4.40374415715536,0.551868138389277,0.643822079921839
YER026C,1.52487397193909,0.181141436100006,0.150522001277348,0.0425794834173997,1.25427981615067,1.85316291153431,0.098394431895148,0.267913591404012
YER027C,0.797675549983978,-0.0990869775414467,0.0518902465342165,0.0281577552437114,0.702685550848643,0.905365438262622,-0.153238979096727,-0.0431760885756635
YER036C,3.2923538684845,0.5169877409935,0.161011262767028,0.0212695369072408,2.98330627282461,3.61239671707153,0.474697841134159,0.557795438921107
YER037W,0.218738406896591,-0.661903917789459,0.0201284842693063,0.0398602797309484,0.182242918759584,0.260872266441584,-0.739349338246442,-0.583572089157145
YER038C,0.0321306921541691,-1.49546492099762,0.00336674359539065,0.0455390475075632,0.0258928771285961,0.0391130068028967,-1.58681969325714,-1.40767879748134
YER039C,0.00368054420687258,-2.50131320953369,0.00203758883984982,0.251430294292991,0.000864491681568325,0.00887684063830723,-3.06323918129851,-2.05174162099826
YER040W,0.111428797245026,-0.953734695911407,0.0064644094426443,0.0251968271055296,0.0994215066234271,0.124356517071525,-1.00251966078924,-0.905331458350896
YER043C,12.2340183258057,1.08696341514587,0.645360124691804,0.0229088981987082,11.0100595871607,13.5449719111125,1.04178966907815,1.13177810866929
YER044C-A,0.00213954434730113,-2.7015495300293,0.00081970377508126,0.16916985006011,0.000888948547071777,0.00404336783491696,-3.05112339772406,-2.39325674805459
YER045C,0.0482959114015102,-1.31759595870972,0.00403343110379734,0.036175071645091,0.0409856492653489,0.056866511857758,-1.38736818115511,-1.24514341874854
YER047C,0.0996261164546013,-1.0021470785141,0.0048649317083099,0.0212290435666229,0.0902054838215311,0.109314015073081,-1.04476706165891,-0.961324157360983
YER049W,0.99316269159317,-0.0034511280246079,0.0462644622315859,0.0202437663549761,0.905716097354889,1.08473871250947,-0.0430079166798349,0.0353251396746465
YER051W,0.0529702641069889,-1.27747678756714,0.00442129748926852,0.0362478740737762,0.0446358300124605,0.0623845611698925,-1.35031638503405,-1.20492287682751
YER052C,1.07356488704681,0.0302294157445431,0.0564360892373246,0.0228555090055827,0.964478334287802,1.1884179721276,-0.0157075289556928,0.0749692105381062
YER053C,0.140453070402145,-0.855133295059204,0.0156184458397405,0.0480640883547576,0.112194058671594,0.174542736758788,-0.950030143998377,-0.758098219363108
YER055C,3.39067506790161,0.528798222541809,0.281539648633865,0.0358788596902087,2.86632093191147,3.98457217216492,0.457324813200069,0.600381696347038
YER059W,0.227252155542374,-0.644702315330505,0.0169743569726979,0.0324307281689704,0.195685693497459,0.261854447176059,-0.708440924350684,-0.581940051643889
YER061C,0.148057445883751,-0.830544829368591,0.00993066116572205,0.0290933463400123,0.129594574868679,0.168316634496053,-0.887413179369177,-0.773872961226215
YER062C,1.73616409301758,0.237101688981056,0.186995781998824,0.0464044035277696,1.4124226162831,2.13888030648231,0.149964662640843,0.330186479312421
YER064C,0.98049920797348,-0.00918040610849857,0.0527863511268068,0.0233364434937687,0.883220791816711,1.09051018059254,-0.0539307158094175,0.0376297204309496
YER065C,0.00787152349948883,-2.10899567604065,0.00120213347612357,0.0664524030182037,0.00570993791334331,0.0104681925382465,-2.24336872533884,-1.98012829815905
YER068W,0.563726127147675,-0.249480694532394,0.0283386935402238,0.0218261096833984,0.509433637062708,0.620281572143237,-0.292912382684101,-0.207411121496288
YER073W,1.07521784305573,0.0309071559458971,0.0561074056347477,0.0226783608066779,0.966928660869598,1.18843505680561,-0.0146055665928703,0.0749754539021676
YER076C,0.0558608658611774,-1.25694131851196,0.00762458029489279,0.0594567208637567,0.0420198457005123,0.0718512382358313,-1.37654555743762,-1.14356574461971
YER078C,0.117615893483162,-0.930521845817566,0.00795777302867411,0.0292863757473121,0.103296112641692,0.134313990920782,-0.985916025238088,-0.871878746737082
YER080W,0.832834780216217,-0.0799625143408775,0.0408516441342758,0.0212543039475304,0.757228329777718,0.918430353204409,-0.120773146606629,-0.0369537722844835
YER082C,0.510936558246613,-0.292195618152618,0.0259780368440316,0.0221009403785412,0.460866479575634,0.563495650390784,-0.336424880457695,-0.249109432881645
YER087W,0.157165721058846,-0.804375827312469,0.00914191145153142,0.0252693240652113,0.139880359172821,0.175307060778141,-0.854243261288974,-0.756200592283391
YER088C,0.41613182425499,-0.381326615810394,0.021064593885444,0.0219908129326453,0.376556068658829,0.458375726143519,-0.424170348822686,-0.338778389036826
YER089C,0.827216386795044,-0.0831599086523056,0.0496223562257626,0.0260168192957342,0.735021575788657,0.930312514305115,-0.133699920398794,-0.0313711377343022
YER090W,1.8803037405014,0.2735975086689,0.101416652752744,0.0234303513194698,1.68707592686017,2.08152359127998,0.227134628151565,0.318381337381544
YER091C,6.7227954864502,0.827116906642914,0.30012794240012,0.0193876718617434,6.15589598019918,7.3309112071991,0.789291272685319,0.865157959173851
YER095W,0.454346388578415,-0.343575328588486,0.0303140990152587,0.0289434734589099,0.397681943575541,0.516803129017353,-0.400464127370161,-0.286674866529262
YER096W,0.00956908892840147,-2.02516269683838,0.00159491223595038,0.0726869550294611,0.00669890786909188,0.0129661535766597,-2.17399599887409,-1.8871888460629
YER099C,0.653052270412445,-0.186643853783607,0.0559642003245326,0.0371741056562678,0.54839414358139,0.769580412904421,-0.260907191781625,-0.113746008302124
YER101C,0.149235799908638,-0.827369928359985,0.0113102441645356,0.032853483961478,0.128406278664867,0.172586938614647,-0.891413741287267,-0.762992084022285
YER103W,0.185498043894768,-0.732312619686127,0.0101697271390719,0.0238457967937716,0.166251533230146,0.205734533444047,-0.779234340984312,-0.686692804413084
YER106W,0.00380462571047246,-2.46045923233032,0.00163843232055121,0.193047918072194,0.00133794077846687,0.00763701212126762,-2.87356310940716,-2.11707652107503
YER107C,0.50926810503006,-0.294232219457626,0.0375653350917742,0.0319543453184056,0.440898624310891,0.5859452282389,-0.35566125659154,-0.232142978154835
YER110C,4.06122493743896,0.60832804441452,0.158036391381483,0.0169106773235931,3.75919542312622,4.36880764563878,0.575094903222817,0.640362923507432
YER111C,0.150639429688454,-0.822523534297943,0.00694947990656287,0.0200742679794095,0.137008944402138,0.164325819164515,-0.863251079874385,-0.784294194288152
YER114C,0.380078494548798,-0.420531153678894,0.0164006084793034,0.0187417431559946,0.348698705186447,0.412682086229324,-0.457549665311392,-0.384384382638471
YER116C,0.126065582036972,-0.903323650360107,0.0170396664230166,0.0582943219451703,0.0962669630224506,0.16344942599535,-1.01652273327382,-0.786616621081729
YER118C,0.534521639347076,-0.273290932178497,0.0408035412129274,0.0330149793039315,0.458902719120185,0.620508208374182,-0.338279371383103,-0.207252471695646
YER119C,0.264041781425476,-0.579362988471985,0.0182625953316036,0.0299863605270504,0.230347169190645,0.301524659991264,-0.637617120604642,-0.520677166707053
YER120W,5.23004198074341,0.715437829494476,0.626463250078655,0.051521300704642,4.13002063433329,6.63337370157242,0.615952221205916,0.821734460676229
YER122C,1.59854805469513,0.203065946698189,0.0882106702472969,0.0239374426721684,1.43416249752045,1.78245724439621,0.156598361776859,0.251019121199844
YER124C,1.33712005615234,0.125627398490906,0.0668491850253339,0.0217185339074311,1.21059703826904,1.47307243049145,0.0829996070744806,0.168224101418417
YER126C,1.61475622653961,0.205636203289032,0.172971355285942,0.0462911273399187,1.30504714846611,1.97671333750089,0.115626197138361,0.295943689460608
YER127W,0.522585153579712,-0.283028423786163,0.0387025957353377,0.0321191692526143,0.451519617686669,0.602997668584188,-0.345323382903216,-0.21968436700439
YER130C,0.225902825593948,-0.647124171257019,0.0156967658880843,0.0301309315544654,0.196839192509651,0.258035139242808,-0.705888428530565,-0.588321147917622
YER132C,0.0561727359890938,-1.25091874599457,0.00254310332719763,0.0196957020157883,0.0512330427765846,0.0612151073291898,-1.29044985593081,-1.21314138501762
YER133W,2.63602566719055,0.419441074132919,0.220247033720577,0.0361880849460942,2.23349778652191,3.09181887110074,0.34898552640241,0.490214043594364
YER136W,1.79101324081421,0.252307027578354,0.108311915018832,0.0262195373787484,1.58666805128256,2.01723623474439,0.200486073734056,0.30475676016603
YER139C,0.273685455322266,-0.570668756961823,0.053016431486554,0.0827441065795065,0.185950578625003,0.396406744917234,-0.730602475776589,-0.401858966158263
YER141W,0.568019866943359,-0.246374189853668,0.0331416507642685,0.0253131686835357,0.50589809268713,0.636191672086716,-0.295936958662584,-0.196412020223372
YER142C,0.164155215024948,-0.787211060523987,0.0176013339657896,0.04618877036415,0.132922668382525,0.201999240492781,-0.876400955076756,-0.694650263576097
YER143W,0.469895303249359,-0.328897446393967,0.0302664754537712,0.0279218297938929,0.413352010647456,0.532150742908319,-0.383679945764053,-0.273965327242045
YER148W,1.45645213127136,0.159703597426414,0.188853011442489,0.0557650540885923,1.12685092786948,1.87616823017597,0.0518664637815147,0.273271776100795
YER149C,0.172249227762222,-0.764996707439423,0.0125709799009028,0.0316933350323465,0.148096891244253,0.198563402766983,-0.829454057818202,-0.702100796859039
YER151C,0.51868063211441,-0.285508096218109,0.0224781501682141,0.0188274258913144,0.476094011465708,0.563610738019149,-0.322307281448852,-0.249020741894516
YER154W,0.341203808784485,-0.468120992183685,0.0247042587010025,0.0313872771756452,0.295524227619171,0.392295588056246,-0.529406909066178,-0.406386578280026
YER155C,0.358624428510666,-0.445645034313202,0.0129942190474178,0.0157577151537008,0.33385567838947,0.383671233803034,-0.476441232713428,-0.416040763496967
YER156C,1.35487043857574,0.13080145418644,0.0965636645712887,0.030843636076955,1.17759323120117,1.55997323989868,0.0709953006785215,0.193117148441629
YER157W,0.166136115789413,-0.780087828636169,0.00839489810959854,0.0219284812273486,0.150459073111415,0.183065586040417,-0.822581618075942,-0.73739328983209
YER158C,0.0431204773485661,-1.36664962768555,0.00337751834255285,0.034012503123349,0.036898371608307,0.050147857517004,-1.43299280013991,-1.29974761674962
YER162C,0.070872075855732,-1.15025579929352,0.00411186853513254,0.0252017841326084,0.063108326929311,0.0792812110235294,-1.1999133333186,-1.10082972647004
YER163C,0.337409824132919,-0.476997077465057,0.0522093287018456,0.0669697874227389,0.245668124655883,0.448300379017989,-0.609651189420876,-0.348430912911435
YER164W,0.432205468416214,-0.364648401737213,0.0170446359920339,0.0171543182372697,0.399204969406128,0.465413829435905,-0.398804061141613,-0.332160716202388
YER165W,9.90395545959473,0.995306372642517,0.475966659524277,0.0208820437756069,8.99367532730103,10.8614211638769,0.953937205358872,1.0358866542812
YER166W,0.306608915328979,-0.513730406761169,0.0116700280904924,0.0165531824411384,0.284191466867924,0.329348131517569,-0.546388966337991,-0.48234479611484
YER167W,0.128377079963684,-0.892071008682251,0.00650030178617608,0.0219919504119838,0.116268915620943,0.14123098552227,-0.934536379958282,-0.850070010330647
YER168C,0.376723915338516,-0.424535691738129,0.0190901439407312,0.0219851306102625,0.340493858853976,0.41592897772789,-0.467890716769472,-0.380980821528125
YER169W,0.099139578640461,-1.00440287590027,0.00541119362022315,0.023705868273394,0.0888270327821374,0.110002883896232,-1.05145484546444,-0.958595929302081
YER171W,0.214777246117592,-0.668537616729736,0.0105588567026164,0.0213376672905467,0.195084601640701,0.235671610509356,-0.709777008854542,-0.627692730426713
YER172C,0.18856355547905,-0.724829494953156,0.00686990068663215,0.0158306268856352,0.175627310574055,0.202029193813602,-0.755407949091296,-0.694585869705357
YER173W,0.0269317962229252,-1.57160210609436,0.00249931948281522,0.0403224623715273,0.0222244262695312,0.0321533988540371,-1.65316944166001,-1.49277311922786
YER176W,0.224145799875259,-0.649911999702454,0.0101612952543378,0.0196870342882644,0.204849543422461,0.244491662085056,-0.688565000327663,-0.611735948137259
YER178W,5.93768453598022,0.772835612297058,0.357257784505698,0.0260849690778093,5.26618796189626,6.6732325553894,0.721496354800924,0.82433625983691
YER179W,0.0191011987626553,-1.72536742687225,0.00328493308633325,0.0750384335340108,0.0132944174110889,0.026197083077083,-1.87633068959928,-1.58174706466299
YER180C,0.00259056920185685,-2.66059541702271,0.00151164907574827,0.263780020682131,0.000592810816791219,0.00636539004044607,-3.2270841320144,-2.1961749812226
YER182W,0.359302699565887,-0.448621183633804,0.0496030000848434,0.0594775423382354,0.272650345414877,0.469710852702459,-0.564393949539094,-0.328169406063882
YER185W,0.00568501325324178,-2.27218961715698,0.00199319506369767,0.155395555758413,0.00257666283287108,0.0102567486464977,-2.58894241168122,-1.9889902872425
YER186C,0.00515258545055985,-2.3157365322113,0.00182301387474906,0.158441699243233,0.00221302871359512,0.00928139745568235,-2.65501330069126,-2.03238664357559
YFL055W,0.00716871023178101,-2.15134215354919,0.00126275536912444,0.0770949045186831,0.00493109875436251,0.00979201309382915,-2.30705632211525,-2.0091280144618
YFL054C,0.0263982582837343,-1.5804169178009,0.00253193050568566,0.041623789486524,0.0217366599788268,0.0316351792464654,-1.66280718877414,-1.49982970066759
YFL053W,0.00260165333747864,-2.59968185424805,0.000678814792188763,0.115106438884776,0.00144419883921122,0.00409419903686891,-2.84037300841653,-2.3878310512201
YFL049W,0.165530949831009,-0.781890571117401,0.00985531006825917,0.0258210306511385,0.147443292165796,0.185931532954176,-0.831374982328156,-0.730646951469047
YFL047W,0.223263308405876,-0.651788711547852,0.0117934554092573,0.0229282955908028,0.201017290353775,0.247331719597181,-0.696766585453738,-0.606720183590805
YFL044C,0.48280531167984,-0.318087488412857,0.0448277331825743,0.0401404930692987,0.402382928629716,0.57514207760493,-0.395360452801302,-0.240224858142642
YFL042C,0.172131404280663,-0.764849603176117,0.00982311692834923,0.0247744203335403,0.153820522626241,0.191892923911413,-0.812985725427143,-0.716941040965925
YFL040W,0.00104411249049008,-3.02327299118042,0.00045430341187445,0.196709576242107,0.000363781608757563,0.00209643631630267,-3.43915934148075,-2.67851832760597
YFL039C,18.4089374542236,1.26400339603424,1.26952134348599,0.0298792221368327,16.0314324537913,21.0392848332723,1.20497232936849,1.32303097316358
YFL036W,0.209255754947662,-0.679712295532227,0.0088516727229795,0.0183892956752994,0.19220086808006,0.227036360899607,-0.716244655162521,-0.643904583699687
YFL034C-B,0.317856252193451,-0.500091195106506,0.0330250307888439,0.0448486856617043,0.259601563215256,0.387161554644505,-0.585692696718681,-0.412107777033983
YFL034W,0.121007092297077,-0.9176926612854,0.00583073887742832,0.0209344253499875,0.109707395546138,0.132789240280787,-0.959764094990366,-0.876837113954497
YFL031W,0.119835935533047,-0.92896032333374,0.0225692359068245,0.0809388597017025,0.0813000004117688,0.171681709960103,-1.08990945752517,-0.765276004078271
YFL030W,0.0124772032722831,-1.91175258159637,0.00237802338519593,0.0830932149807095,0.0083110590154926,0.0175962185952812,-2.08034364484846,-1.75458066063569
YFL029C,0.172951743006706,-0.763675510883331,0.0149082205263289,0.03729837686278,0.146070525050163,0.204674280559023,-0.83543740966113,-0.688936727542286
YFL028C,0.395585924386978,-0.404933661222458,0.0398078484983424,0.0433819945398417,0.324052869776885,0.482856869697571,-0.489384134341542,-0.316181585423614
YFL027C,0.0697429925203323,-1.15793895721436,0.00567814420435034,0.0353568450526881,0.0592042391498884,0.0815324537456036,-1.22764719575635,-1.08866948741117
YFL026W,2.47008228302002,0.391916573047638,0.149471620929701,0.0262633637275244,2.18540325959524,2.78349919120471,0.33953158609825,0.444591099417639
YFL024C,0.112311951816082,-0.950245320796967,0.00622840395661278,0.0241274098571012,0.100336208939552,0.124610503079991,-0.998542312195418,-0.904445351000387
YFL023W,0.293129235506058,-0.533417224884033,0.0137632342492014,0.0203897927594436,0.267028272151947,0.320784504959981,-0.573442754404874,-0.493786619784836
YFL022C,3.35529685020447,0.525175392627716,0.169892478460879,0.02196972151867,3.03797480861346,3.69727244973183,0.482584167251907,0.567881452762174
YFL018C,2.68916082382202,0.429022550582886,0.140964944878183,0.0227398298788328,2.42712275385857,2.97732337315877,0.38509174156278,0.473826006792637
YFL016C,0.393156975507736,-0.406196773052216,0.0232903248006707,0.0257353749743199,0.348997979114453,0.44030749425292,-0.457177089192844,-0.356243924292306
YFL013C,0.242956072092056,-0.6150923371315,0.0129782622144327,0.0232156621211686,0.218007364620765,0.269001261144876,-0.661528835749759,-0.570245685255724
YFL011W,0.00185055460315198,-2.76036810874939,0.000655129138220437,0.158395773539502,0.000774412881582975,0.00334392458122844,-3.11102743158567,-2.47574353913408
YFL008W,0.280577689409256,-0.552314817905426,0.0115631648183442,0.0178956966923612,0.258729988336563,0.303306552271048,-0.587153231788494,-0.5181182076131
YFL004W,1.73314332962036,0.238446190953255,0.0731353712012267,0.0183304686255769,1.59492209454377,1.87670743465424,0.202739474359301,0.273396574476123
YFL002C,0.293241322040558,-0.533372044563293,0.0154032029296061,0.0228376249761814,0.26408835798502,0.324197690188885,-0.57825074596674,-0.489190083696663
YFL001W,0.162947028875351,-0.789072394371033,0.0117073630850183,0.0311251928958914,0.141143422201276,0.187422192345063,-0.850339357010658,-0.727178986365633
YFR002W,0.458814561367035,-0.33880490064621,0.0207021859806263,0.0195947479173785,0.419576934725046,0.500245135525862,-0.377188395835205,-0.300817125898958
YFR005C,0.174041762948036,-0.760404944419861,0.0121665551757911,0.030310405378935,0.151514577244719,0.198725163936615,-0.819545581603001,-0.70174713607659
YFR007W,0.139246687293053,-0.857882440090179,0.0122267831504049,0.0380466760105358,0.11732869092375,0.164692436655362,-0.930595778615102,-0.783326345959922
YFR009W,1.40135157108307,0.146146416664124,0.0601437360578804,0.018668836116646,1.28619480133057,1.51995970408122,0.109306749875881,0.18183207435116
YFR010W,1.20658552646637,0.0809324383735657,0.0648183445396686,0.0233309641610343,1.08298349380493,1.33893492619197,0.0346218374156578,0.126759466697046
YFR013W,0.180880784988403,-0.743138015270233,0.00894200719765936,0.0214886275060103,0.163817197084427,0.198667522147298,-0.785640509127242,-0.701873125019204
YFR014C,0.23488675057888,-0.630016922950745,0.0149477202617548,0.0275977304937494,0.207057121520241,0.266022803882758,-0.683909827786408,-0.575081134034477
YFR015C,0.13183405995369,-0.880619943141937,0.00719903746390963,0.0237302723236746,0.117864152292411,0.146376306191087,-0.928618263413226,-0.83452921797544
YFR016C,0.347772210836411,-0.459070414304733,0.0142685598617256,0.0178239548875459,0.320716977119446,0.375715071459611,-0.493878050130355,-0.425141386150668
YFR018C,0.220179587602615,-0.658423602581024,0.0164267038883966,0.0322345756191911,0.190791034325957,0.254716891547044,-0.71944203756966,-0.593942253982005
YFR020W,0.0232604295015335,-1.65442287921906,0.00727323454753047,0.136445992733199,0.0117959736225506,0.0401724382614096,-1.92826626682119,-1.39607193677844
YFR022W,0.0188244786113501,-1.72707271575928,0.00171169735951112,0.0395389954349309,0.0156413912773132,0.0223234657819072,-1.80572462073987,-1.65123838066752
YFR024C-A,1.62323808670044,0.209734469652176,0.0888044429234372,0.0236957842090969,1.46160006622473,1.80467430551847,0.164828553996601,0.256398829060352
YFR025C,0.280422925949097,-0.553594350814819,0.0226433309150056,0.0349648750474654,0.238832692429423,0.327327579259872,-0.621906226262707,-0.485017401677507
YFR027W,0.124580837786198,-0.907241523265839,0.0139256154586519,0.0483439496733753,0.0993934188038111,0.154553267608086,-1.00264237150487,-0.810921823045161
YFR028C,0.367371290922165,-0.435545712709427,0.0201528864371722,0.0238161653557642,0.329015612602234,0.408594400187333,-0.482783493216832,-0.388707595779235
YFR029W,0.0621098801493645,-1.20785009860992,0.00423466320144129,0.0296398108811826,0.0540085716483494,0.0708770180121064,-1.26753731085129,-1.14949456326531
YFR030W,0.213875934481621,-0.670257806777954,0.00939009215027608,0.0191001781618251,0.195702549815178,0.232361807053288,-0.708403524420297,-0.633835256493367
YFR031C,0.0844553932547569,-1.07388341426849,0.00408232074042147,0.0210024316780735,0.0767457395171126,0.0925666622196635,-1.11494572544311,-1.03354539584041
YFR034C,0.41557765007019,-0.383062064647675,0.0370629955633734,0.03853701807649,0.347324009488026,0.494489409774542,-0.459265196261514,-0.305843007600277
YFR037C,1.11726474761963,0.0476040430366993,0.0562857970105223,0.0219045258300455,1.00967252552509,1.22991852958997,0.00418053823086748,0.0898763442801587
YFR038W,0.131022393703461,-0.883262395858765,0.00693434793860175,0.023036702535723,0.117609635554254,0.144829322646062,-0.929557095852529,-0.839143500472159
YFR039C,0.215345308184624,-0.667628347873688,0.0127722900645194,0.0257468565822204,0.191455732534329,0.241647586226463,-0.717931626010919,-0.616817538591573
YFR041C,0.385695189237595,-0.415605425834656,0.0357415792017385,0.0400491954611745,0.321571421871583,0.461453519016504,-0.492722554197956,-0.335872039943612
YFR043C,0.142356708645821,-0.852888166904449,0.0243657587946719,0.0737770798487025,0.100516055896878,0.195611975342035,-0.997764562987166,-0.708604569019178
YFR044C,3.25248527526855,0.511583387851715,0.17536325028682,0.0234486248018822,2.91315442522367,3.60665924946467,0.464363504829308,0.557105112603908
YFR045W,0.165249019861221,-0.784055352210999,0.0166621251790338,0.0436330429393793,0.134248639022311,0.201357773070534,-0.872090109832793,-0.696031600582266
YFR046C,0.0581283494830132,-1.23787307739258,0.00595681834280122,0.0443092587315256,0.0472973475543161,0.0708542654911677,-1.32516321414802,-1.14963399999962
YFR047C,1.00279998779297,-0.000260635250015184,0.0829013927667418,0.0357752145154862,0.849916998048623,1.17640997270743,-0.0706234902995111,0.0705586952416995
YFR051C,1.09794878959656,0.0400199517607689,0.0558586275610902,0.0221077817209674,0.992637693881989,1.20917091568311,-0.00320923717409837,0.08248769249813
YFR053C,3.85027265548706,0.584854662418365,0.20827240748426,0.0235453609744422,3.44157585899035,4.2675201177597,0.536757346408903,0.630175576466907
YFR055W,0.745381474494934,-0.128870844841003,0.0566898144686647,0.0329277667801121,0.64169483234485,0.865208930273851,-0.192671458436344,-0.0628790066303808
YGL263W,0.0058745532296598,-2.24394798278809,0.00142736788892176,0.106944697600467,0.00344612263143063,0.00896624529268593,-2.46266927209809,-2.04738938869008
YGL257C,0.122625820338726,-0.912334382534027,0.00797746963864193,0.0281860399473375,0.1080356122305,0.138986774409811,-0.966433063095702,-0.857026526036293
YGL256W,0.103276245296001,-0.987779498100281,0.00938371292870509,0.0393872722378572,0.0859494088838498,0.122747656951348,-1.06575710613707,-0.910986789179665
YGL255W,0.0632013827562332,-1.20163917541504,0.00662068734857597,0.0452626509072918,0.0513568350424369,0.0771585325400034,-1.28940174959839,-1.11261604538148
YGL254W,0.156543493270874,-0.807573974132538,0.0158024026459673,0.0438656681274081,0.127424730484684,0.189076766992609,-0.89474627636038,-0.723361832442592
YGL252C,0.407004505395889,-0.391022592782974,0.0217784297569689,0.0232649463833363,0.365231562157472,0.449527914822102,-0.437431708761333,-0.347243334396293
YGL250W,0.129614293575287,-0.893969118595123,0.0227983198344527,0.0758495756482948,0.0913448983803391,0.179449751103918,-1.03931570967353,-0.74605718476495
YGL248W,0.173181965947151,-0.763038992881775,0.0146216136988082,0.0366255217100439,0.145629770557086,0.204023641968767,-0.836749835811418,-0.690319506130684
YGL246C,0.299151599407196,-0.525448381900787,0.0235656794597675,0.0340810134812243,0.255398052185774,0.349164349089066,-0.592782419364916,-0.456970105842112
YGL245W,7.2182297706604,0.857988476753235,0.325803685959449,0.0195770412335001,6.60283588171005,7.87609244585037,0.819730502657536,0.896310804875385
YGL241W,0.20456650853157,-0.689630448818207,0.00944119462889554,0.0200616767992383,0.186306341737509,0.22332888841629,-0.729772362056239,-0.651055095700125
YGL240W,0.0614615716040134,-1.21841204166412,0.0111191593961442,0.0781137428518045,0.0421436034453412,0.0860690765082836,-1.37526835285044,-1.06515285876321
YGL238W,0.660004794597626,-0.180828228592873,0.0274188402831957,0.0180422082792564,0.608243584136168,0.715110063552856,-0.215922463437811,-0.14562711020592
YGL237C,0.213668391108513,-0.673625648021698,0.0267516731263707,0.0540252656241173,0.166706725334128,0.272082563738028,-0.778046879971844,-0.565299289134583
YGL233W,0.191302582621574,-0.718770444393158,0.00911264508931749,0.0206911191114703,0.173943426460028,0.209489069879055,-0.759591979255214,-0.67883863158837
YGL232W,0.831521213054657,-0.0820092633366585,0.0777189101597923,0.0404174014326617,0.69272205332915,0.996406698226929,-0.15944099249599,-0.00156336177747604
YGL229C,0.0343213453888893,-1.46573483943939,0.00265735782398671,0.033612068028031,0.0293894644981871,0.039710771292448,-1.53180832741978,-1.40109167766034
YGL228W,0.946777939796448,-0.0243332330137491,0.0490731647276238,0.0224856611162182,0.854844473302364,1.04718290567398,-0.0681128957805944,0.0200225441307895
YGL225W,2.47655439376831,0.392710417509079,0.179620802981615,0.0314014886899106,2.14546853303909,2.85263388355573,0.331522141297752,0.455246036272526
YGL224C,0.235411375761032,-0.630842685699463,0.0262680175586221,0.0481015458406683,0.188521808758378,0.292005692919095,-0.724638403744536,-0.534608682114987
YGL223C,0.206234231591225,-0.686785817146301,0.0150228149604768,0.0315698795998102,0.178713283315301,0.236776785179973,-0.747843169940029,-0.625660880340307
YGL215W,0.217955768108368,-0.662547826766968,0.0141880848276377,0.0282275318187974,0.191639930009842,0.24785846012334,-0.717513996425586,-0.605796252817652
YGL213C,0.510585427284241,-0.292947381734848,0.034935175005297,0.0297161498925429,0.444394774486621,0.582319796085358,-0.352231057830793,-0.234838445707708
YGL209W,0.319148331880569,-0.497198492288589,0.0236533330069448,0.0321501363888248,0.275190591812134,0.368761527041594,-0.56036641779815,-0.433254403032986
YGL208W,0.138724341988564,-0.859227061271667,0.0110676977418166,0.0346409363190647,0.117978899739683,0.161234919230143,-0.928195658404856,-0.792540896641945
YGL207W,1.60780572891235,0.205864727497101,0.0663348543417653,0.0179326163511978,1.47934823234876,1.73998227119446,0.170070417124652,0.240544820875878
YGL206C,3.15655493736267,0.498940229415894,0.111940697967219,0.0154206097206631,2.94040699402491,3.3753775993983,0.468407447059119,0.528322363880602
YGL205W,0.00194963708054274,-2.72686958312988,0.000540404018697347,0.122346531207894,0.0010435752987784,0.00315769113367423,-2.98147620997131,-2.50063035316373
YGL203C,0.579009115695953,-0.237808808684349,0.0276359239116851,0.0207409107056396,0.526355269551277,0.63465745896101,-0.278721026855694,-0.197460611638349
YGL202W,3.54691648483276,0.54923003911972,0.189817805146058,0.0232183021140252,3.18715683817863,3.92954320112864,0.503403435331333,0.594342067659163
YGL196W,0.317574828863144,-0.49907049536705,0.0206531373841586,0.0282145758383351,0.278564219921827,0.360668212175369,-0.555074675983186,-0.442892132938585
YGL195W,1.75812816619873,0.244800433516502,0.059519376631384,0.0147364564770594,1.64049225846926,1.86910701592763,0.214974185192432,0.271634165695003
YGL194C,0.217887848615646,-0.662693679332733,0.0142476966568442,0.0283646534458569,0.191289659713705,0.247030336533984,-0.718308505478822,-0.6072497104381
YGL192W,0.000556423736270517,-3.31105470657349,0.000279685076738794,0.230910508226395,0.000150845001917332,0.00123958517700278,-3.82146921193186,-2.9067237253871
YGL190C,0.359289228916168,-0.44518169760704,0.0193033579998508,0.0233234833493762,0.32319424400727,0.398061259835958,-0.490536382524231,-0.40005008682635
YGL186C,0.519199907779694,-0.285221695899963,0.0262911614455857,0.0220143188101941,0.46839077497522,0.571665241320928,-0.329391667017385,-0.242858213719487
YGL185C,0.158136427402496,-0.802528977394104,0.0134439473457604,0.0368308355250811,0.13315454274416,0.186455941200256,-0.875644013524197,-0.729423774211026
YGL184C,0.0797423422336578,-1.09984230995178,0.00670540910836816,0.0364970506498549,0.0673340932155649,0.0936043250064055,-1.17176498543419,-1.02870408428723
YGL180W,0.0747103244066238,-1.1273410320282,0.00430189027620195,0.0249974081811889,0.0665528923273087,0.0834200230116646,-1.1768330657416,-1.0787296947051
YGL179C,0.0604640506207943,-1.21980130672455,0.00467601601211276,0.0336212588944739,0.0516433071345091,0.0700420949608087,-1.28698596022361,-1.15464087766976
YGL178W,0.147267580032349,-0.832424819469452,0.00727645653998558,0.0214645798478638,0.13322332041959,0.161900780598323,-0.875419748127931,-0.790751057312085
YGL176C,0.0236030835658312,-1.62929320335388,0.00241047847780191,0.0443913526232031,0.0191792080799739,0.0285275764763355,-1.71716933059872,-1.54473512170643
YGL175C,0.0385648943483829,-1.41761553287506,0.00511425953880364,0.0576185917279093,0.0292112294118851,0.0494461658100287,-1.53445019447361,-1.30586737983735
YGL174W,0.157806277275085,-0.804425001144409,0.0171456940032406,0.0470920989162265,0.12591480538249,0.1946387236317,-0.899923201864524,-0.710770752026501
YGL172W,0.617430627346039,-0.210260882973671,0.0386699322010194,0.0271568327811446,0.546712885300318,0.695967733860016,-0.262240690525195,-0.157410894486241
YGL171W,0.534900605678558,-0.272336810827255,0.0283620809973043,0.0230261762762291,0.482038954397043,0.592439398169518,-0.316917865332443,-0.227356067922468
YGL170C,0.00312661752104759,-2.52906847000122,0.00103714783951211,0.147010278797358,0.00144335395113255,0.00552402466225127,-2.84062731859267,-2.25774439201126
YGL169W,0.210754498839378,-0.677262127399445,0.0145846946948705,0.0300535931418347,0.183286491905649,0.240209418535233,-0.736869542515729,-0.619409968310103
YGL167C,0.66142350435257,-0.179880797863007,0.0268927499618238,0.0176721021079421,0.610045992831389,0.714682293434938,-0.21463742180261,-0.145886977658979
YGL164C,0.210410475730896,-0.677924156188965,0.0142050588156717,0.0293493089745572,0.183373448376854,0.23982919404904,-0.736663547982347,-0.620097964398506
YGL162W,0.102989308536053,-0.989838480949402,0.0113447679306853,0.0477832627895411,0.0829004581396778,0.126683250442147,-1.08144306962881,-0.897280802171774
YGL161C,0.568827152252197,-0.246434986591339,0.0460136469171352,0.0350602946493101,0.484628153343995,0.664270880818367,-0.314591362089994,-0.177654785028546
YGL160W,0.177246138453484,-0.752147257328033,0.0102702047465034,0.0251265152556885,0.158616004760067,0.198059943442543,-0.799652994700373,-0.703203354421409
YGL159W,0.225071892142296,-0.648917853832245,0.017030962770177,0.0328029098432231,0.193752769753337,0.260549765080213,-0.712752081650243,-0.584109317262754
YGL158W,0.0018645121017471,-2.75254726409912,0.000602969424656977,0.144933765108695,0.000868367613293231,0.00320168254353727,-3.06129651776175,-2.49462181957186
YGL157W,0.855773627758026,-0.0687435492873192,0.06111953053292,0.0309378693268386,0.741018214821816,0.984468206763268,-0.130171116849222,-0.00679830479456841
YGL155W,0.168825194239616,-0.77410614490509,0.0142592995991595,0.0366469705074998,0.141769695530335,0.198226124048233,-0.848416593614407,-0.702839110787419
YGL154C,0.034253042191267,-1.47372770309448,0.00679801288716292,0.0856813628882585,0.0226695067404459,0.0493861790436009,-1.64455792985719,-1.30639467572229
YGL153W,0.247968286275864,-0.607022643089294,0.0201051830728556,0.03512056678949,0.210841065769394,0.289992343386014,-0.676044799862814,-0.537613469017692
YGL151W,0.189918622374535,-0.721827447414398,0.00810665443664442,0.0185676838194789,0.174279347062111,0.205703425904115,-0.758754075818298,-0.68675847545689
YGL150C,0.245219022035599,-0.610802233219147,0.00991551802777475,0.0176006816473973,0.225552159796158,0.264714321990808,-0.646753010160489,-0.577222562003986
YGL148W,3.30039381980896,0.517751574516296,0.202477863965078,0.0265947112865472,2.91841639081637,3.72222510973612,0.465147249646606,0.570802630830285
YGL146C,0.01874815300107,-1.73415386676788,0.00338251179600859,0.0790368333343626,0.0126881765434518,0.025927337553973,-1.89660079481869,-1.58624207959804
YGL142C,0.106672286987305,-0.972754955291748,0.00652204080562339,0.0265643225247976,0.0942745268344879,0.120010803143183,-1.02560563879631,-0.92077965847062
YGL141W,0.12868133187294,-0.891030550003052,0.00643449510217971,0.0217522387175416,0.116174754314125,0.141328880439202,-0.934888237458233,-0.849769082630646
YGL139W,0.262164503335953,-0.581936955451965,0.012721609884088,0.0210640971775338,0.238340122501055,0.288134465366602,-0.622802842139864,-0.540404790286841
YGL138C,0.00136366556398571,-2.93622064590454,0.000771753133169238,0.259633611534422,0.00031235813657986,0.00325942145039638,-3.50534720562535,-2.48685948148976
YGL137W,2.33914518356323,0.368668466806412,0.0992284343904235,0.0184132919942352,2.15334221720695,2.53364982406298,0.333113054884035,0.403746590615931
YGL134W,0.0480015426874161,-1.32100546360016,0.00490343963552268,0.0443583679595507,0.0390104524170359,0.0582311032960812,-1.40881901424535,-1.23484498130178
YGL131C,0.0399107150733471,-1.39966285228729,0.00235120951709113,0.0255821767165195,0.0355161202140152,0.044816394833227,-1.44957448269944,-1.34856308309488
YGL130W,0.373810082674026,-0.428175866603851,0.0230613439812625,0.0267728520941732,0.330844536423683,0.421397456278404,-0.48037603292574,-0.37530809098678
YGL129C,0.2628233730793,-0.581246137619019,0.017001550659815,0.0280810901231696,0.230930740262071,0.297831041117509,-0.636518254012015,-0.526030040913085
YGL128C,0.0909263044595718,-1.04511868953705,0.012097088912644,0.0575037137871748,0.0691246979559461,0.117328050422172,-1.16036675391101,-0.930598159730559
YGL126W,0.185530975461006,-0.732921838760376,0.0145845335569556,0.0340841217547573,0.158250884711742,0.215620740751425,-0.800653853514805,-0.666309466816026
YGL122C,1.07632613182068,0.0313141457736492,0.0580080361474347,0.0233649170542382,0.969584748645623,1.19617504775524,-0.0134142244805555,0.0777947387614225
YGL120C,1.18879377841949,0.0746591836214066,0.0539205621986783,0.0197080478084667,1.08547886312008,1.29360918800036,0.0356213710556825,0.111803091523392
YGL119W,0.153481900691986,-0.814932525157928,0.0103774767380216,0.0293275721978156,0.134189344321688,0.174739769722025,-0.872281969284448,-0.757608241029293
YGL117W,0.0456269010901451,-1.348588347435,0.0087022120329554,0.0825112186285436,0.0307844730249296,0.064707504833738,-1.51166827789114,-1.18904534848051
YGL116W,0.213668450713158,-0.670967578887939,0.0122006435370729,0.0248097106304229,0.190800535306335,0.238078565895557,-0.719420411543037,-0.623279702210741
YGL115W,0.76405942440033,-0.118323557078838,0.0626153700666535,0.0354587452149474,0.649066930015882,0.896645085513592,-0.187710517799158,-0.0473794299188659
YGL114W,0.138437241315842,-0.859439849853516,0.00782373252296171,0.0245579058324942,0.123648334853351,0.154424704859654,-0.907811728796106,-0.811283221099727
YGL112C,0.405300378799438,-0.392946302890778,0.0234152134096803,0.0250684908234464,0.361255080749591,0.453161478290955,-0.442186039619301,-0.343747016832465
YGL111W,0.560702562332153,-0.252021253108978,0.0329972856992077,0.0255889323898712,0.498085021972656,0.62728249480327,-0.302696517838845,-0.20253683197915
YGL110C,0.184606343507767,-0.734446406364441,0.0104339404076669,0.0245346512513253,0.165115341792504,0.205603211993972,-0.782212574576688,-0.68697010505279
YGL107C,0.213006809353828,-0.672234833240509,0.0114398350746312,0.0233344517249363,0.191418496643503,0.235737832138936,-0.718016103357875,-0.627570714664123
YGL105W,7.304603099823,0.862755000591278,0.455182125012154,0.027024263163942,6.44401731491089,8.24639251232147,0.809156698631382,0.91626400145197
YGL104C,0.0709165707230568,-1.150714635849,0.00583456762087549,0.0357210419203006,0.0601635091006756,0.0828964456294974,-1.22066684098997,-1.08146410077824
YGL100W,0.733033299446106,-0.136074095964432,0.0545772714587715,0.0322323237673463,0.633407903711001,0.846064817408721,-0.198316521823181,-0.0725963665751927
YGL099W,0.838007628917694,-0.0772787481546402,0.0413412299993865,0.0214378682619625,0.759953022003174,0.921004509429137,-0.119213253660502,-0.0357382450625785
YGL098W,0.191931694746017,-0.722352564334869,0.0308242995752728,0.0690612691827852,0.138807504996657,0.259799517691135,-0.857587052613878,-0.585361659723828
YGL097W,1.20764219760895,0.0812026113271713,0.0703811178233087,0.0252575873563427,1.0762669891119,1.35319215655327,0.0319200199197074,0.131359471733608
YGL095C,0.223233833909035,-0.652002155780792,0.0132381938868198,0.0257518874291604,0.198307169352969,0.250233425696691,-0.702661585604598,-0.601654681736159
YGL094C,0.101464584469795,-0.994194447994232,0.00492599713677844,0.0211133827463758,0.092000924050808,0.111242048628628,-1.03620781060932,-0.953731022040483
YGL093W,0.145035281777382,-0.839044451713562,0.0070730309930841,0.0211709986429233,0.131636404742797,0.159415568783879,-0.880623987896703,-0.797469267133795
YGL092W,0.469818502664566,-0.328422576189041,0.0189260283560806,0.0175285301997167,0.432362401485443,0.506412462890148,-0.36415207961707,-0.295495614832851
YGL091C,0.326967686414719,-0.487203896045685,0.0290918697706489,0.0385025511512181,0.2741836125652,0.38891276717186,-0.561958505790131,-0.41014779966232
YGL085W,0.056366041302681,-1.25463831424713,0.00914485497545319,0.0701293580110752,0.0402252934562663,0.0761948004364967,-1.39550079438027,-1.11807466407752
YGL084C,0.435952544212341,-0.361188769340515,0.0234548273706862,0.0233522157418965,0.390787526468436,0.482880741357803,-0.408059311365381,-0.316160115139768
YGL083W,0.125668436288834,-0.901386201381683,0.00668557937649971,0.0230704224136097,0.113027732943495,0.13945103995502,-0.946814983566132,-0.855578243461526
YGL082W,0.481281846761703,-0.318539083003998,0.0316233498014132,0.028567165262302,0.421690451602141,0.544591044386228,-0.375006233346902,-0.263929504771684
YGL081W,0.0438127145171165,-1.36208188533783,0.00572098849381058,0.0566022759544631,0.03355337989827,0.0559994893769423,-1.47426372639527,-1.25181593309944
YGL078C,1.33556592464447,0.125076949596405,0.0695531491822148,0.0226054672730984,1.20371357401212,1.48056054115295,0.080523157991015,0.170426170692617
YGL077C,0.653153896331787,-0.18552502989769,0.0326615012546311,0.0216732877014414,0.592277205983798,0.720156286160151,-0.227474982284536,-0.142573244089654
YGL075C,0.104707479476929,-0.98159646987915,0.00894933263140309,0.0369404221833553,0.0882699870193998,0.123677757879098,-1.05418693748604,-0.907708396569659
YGL073W,0.163842648267746,-0.786060154438019,0.00775321195467335,0.0205499671344892,0.149192265917857,0.179456760858496,-0.826253689998148,-0.746040175916673
YGL071W,0.168939203023911,-0.772916555404663,0.00923971415676828,0.0237514803136469,0.151456138367454,0.187663895512621,-0.819713120456346,-0.72661927438185
YGL067W,0.451773434877396,-0.345988810062408,0.0293004351677981,0.0281068644481931,0.397347390651703,0.513344612220923,-0.400829634614592,-0.289590991764864
YGL065C,0.355285972356796,-0.450067728757858,0.0193522882085803,0.0236469781996869,0.31895187497139,0.394561504075925,-0.496274840488486,-0.403885289551548
YGL064C,0.111481204628944,-0.953719913959503,0.00726154728697489,0.028293468438473,0.0979114253073931,0.126117422183355,-1.00916662731395,-0.899224916083626
YGL063W,0.0200352240353823,-1.70268201828003,0.00287790025256546,0.0624779852450761,0.014825591747649,0.0261101115494967,-1.82898796622632,-1.58319127275026
YGL061C,0.300153374671936,-0.526455581188202,0.0398839717742276,0.0574157130088115,0.230336323504647,0.386641615629196,-0.637637595044094,-0.412691403155659
YGL060W,0.175803869962692,-0.755589067935944,0.00935878775236253,0.0231364442784724,0.15797280172507,0.194577611982822,-0.801417679382298,-0.710907131014822
YGL057C,0.117184780538082,-0.933943331241608,0.0134024457785181,0.0494050937549864,0.0934245808050036,0.145731113726894,-1.02953884236581,-0.836447716064106
YGL056C,0.39102640748024,-0.408472746610641,0.0219294786074671,0.0243038982179205,0.350646585226059,0.435546621928612,-0.455130386535637,-0.360965350304285
YGL050W,0.304535806179047,-0.518745362758636,0.0321062036790564,0.0454237543275982,0.248094359785318,0.374463866899411,-0.605383108965772,-0.426590115463822
YGL049C,0.653053402900696,-0.185464605689049,0.0284257172806211,0.0189302582816595,0.597759386897087,0.70836795369784,-0.223473597582557,-0.149741094613792
YGL044C,0.470510631799698,-0.329113811254501,0.041563146051068,0.0382215320551461,0.396971321602662,0.558452586332957,-0.401240869919735,-0.253013706647292
YGL043W,1.23414242267609,0.08999402821064,0.0982830720923623,0.0344953757272792,1.05229738354683,1.43799758454164,0.0221384805831282,0.157758156494409
YGL039W,0.789941549301147,-0.103476278483868,0.0555519912438536,0.0305034871948842,0.686239641408126,0.904899650315444,-0.163524198053637,-0.0433995853725076
YGL038C,0.322820633649826,-0.491736024618149,0.0182944322247474,0.024601726488204,0.288296800355117,0.360372634977102,-0.540160184667372,-0.443248194786449
YGL036W,0.111828967928886,-0.951983094215393,0.00556651913168707,0.0216420124709599,0.101304642918209,0.123130783066154,-0.99437064994636,-0.909633358567531
YGL035C,0.337995588779449,-0.471761852502823,0.0188183505076084,0.0241869399336418,0.302308112382889,0.375398247192303,-0.519550198452843,-0.425507759779048
YGL028C,1.49909830093384,0.175247296690941,0.0778258886031282,0.0224952177008637,1.35519824226697,1.65933175285657,0.132002829302289,0.219933223895365
YGL027C,0.830548524856567,-0.081034354865551,0.0356035323356678,0.0186146235532389,0.763367459674676,0.901008273164431,-0.11726635909789,-0.0452712213065956
YGL026C,3.50027394294739,0.543653249740601,0.159194705699328,0.0197168170053588,3.19933089017868,3.82449136177699,0.505059159118041,0.582573683727937
YGL025C,0.171409875154495,-0.767378330230713,0.0138548139948653,0.0350415756978594,0.145975725352764,0.200609593590101,-0.835719358966842,-0.69764830263767
YGL023C,0.216150909662247,-0.665885269641876,0.0117537366120948,0.0236487861217092,0.193496895084778,0.239911766350269,-0.713325999722337,-0.619948451927722
YGL022W,1.11144948005676,0.0453722029924393,0.0543433969493342,0.0212213107194125,1.01018395225207,1.22392917573452,0.0044004600782463,0.0877562865685178
YGL020C,0.927231848239899,-0.0371553301811218,0.132315301066784,0.0613177794185891,0.701686985294024,1.21336662769318,-0.153856578615825,0.0839920459829984
YGL019W,0.817553758621216,-0.0895861238241196,0.0806987975152159,0.042720351688225,0.670802391072114,0.9865882396698,-0.173405398070513,-0.0058640657205754
YGL017W,0.128799632191658,-0.891134560108185,0.00893559796222299,0.0301889106665104,0.111821650589506,0.147068669895331,-0.951474101452173,-0.832479866793351
YGL016W,0.286991536617279,-0.542525172233582,0.0122157256634835,0.0184799866182563,0.264173219601313,0.311944514761368,-0.578111210831732,-0.50592264662705
YGL014W,0.375968843698502,-0.425312101840973,0.0173811539383771,0.020075419093805,0.342828285197417,0.411232430984577,-0.464923355895712,-0.38591264353229
YGL011C,2.07305645942688,0.313538700342178,0.248807888615432,0.0515823403753271,1.63833186527093,2.60695542295774,0.214401878281863,0.416133605085797
YGL009C,6.26001024246216,0.796140134334564,0.281090611752543,0.0194492645914365,5.74592187404633,6.83879358371099,0.759359716664244,0.834979495482859
YGL006W,0.147453799843788,-0.831796765327454,0.00673367061386477,0.0198450590566858,0.134451521063844,0.160796000063419,-0.871434280820274,-0.793724758896032
YGL005C,0.19262658059597,-0.718127369880676,0.0221458733510781,0.0496208547466137,0.153586554899812,0.239749808361133,-0.813646815919645,-0.620241732430034
YGL003C,0.0987804159522057,-1.00633144378662,0.00671955512517566,0.0295265315937444,0.08627302441746,0.112507630325854,-1.06412497908218,-0.948818023313948
YGL001C,1.36437702178955,0.133817419409752,0.098044596033853,0.0311256940824249,1.18414408564568,1.56935801804066,0.0734045468754137,0.195722024808104
YGR002C,0.211801826953888,-0.674986183643341,0.0137983996448958,0.0282108157062701,0.186290308833122,0.240492930387457,-0.729809737319386,-0.618897687501427
YGR003W,0.118677034974098,-0.926278233528137,0.00646509767430554,0.0236631190733595,0.106285552556316,0.131954595446587,-0.973525765638327,-0.879575480454605
YGR004W,0.152795448899269,-0.81700587272644,0.0109878442963159,0.0311402062909147,0.132224723696709,0.176026043544213,-0.878687331831157,-0.754423077045967
YGR006W,0.104455567896366,-0.987178206443787,0.0176350653162182,0.0728788295423823,0.07382289506495,0.143722311531504,-1.13180892735974,-0.84247583429273
YGR009C,0.486990183591843,-0.313060998916626,0.0252067147835392,0.0224601159774808,0.439990739276012,0.537745849291484,-0.356556464249385,-0.269422933133989
YGR010W,0.154899701476097,-0.811261534690857,0.01204466966772,0.0337735536020927,0.132335757960876,0.179833516478539,-0.87832279123505,-0.745129363408361
YGR012W,0.37336391210556,-0.428883969783783,0.025578761231873,0.0296999306127471,0.325873571137587,0.424925567209721,-0.486950860081482,-0.371687139902257
YGR013W,0.127746775746346,-0.894424498081207,0.00763903390384459,0.025998104187532,0.11309287045151,0.143105840310454,-0.946564774165909,-0.844342641851938
YGR015C,0.061861589550972,-1.21166598796844,0.00740396551813283,0.0517561210499891,0.0486578904092312,0.0774641638000806,-1.31284672408359,-1.11089916576916
YGR017W,0.357886850833893,-0.448112934827805,0.0331907722691617,0.0402191650126348,0.296506592382987,0.426497176289558,-0.527965652258799,-0.370083841264314
YGR019W,0.651138544082642,-0.187045052647591,0.0374572628345068,0.0249911249694502,0.580442655086517,0.726769412557284,-0.236240680239802,-0.138603359367057
YGR021W,0.121560253202915,-0.918214559555054,0.0143446936805653,0.0511230374020164,0.0955749310553074,0.151789761955539,-1.01965600996973,-0.818757522783545
YGR023W,0.0293605830520391,-1.53446578979492,0.00297418469051166,0.0440615718846106,0.0237704189804693,0.0354848057031631,-1.62396316440486,-1.44995756840537
YGR026W,1.29340946674347,0.109732933342457,0.124986614315251,0.0416399451279919,1.07144933442275,1.56909801959991,0.0299716344715321,0.195650074238159
YGR028W,0.231434911489487,-0.636978328227997,0.0186682741057771,0.03498380808011,0.196390150735776,0.270444239675999,-0.706880305697737,-0.567922264600307
YGR031W,0.249360382556915,-0.604662477970123,0.0207048055859637,0.0360055693450992,0.211141204461455,0.291846201320489,-0.675427005518486,-0.534845955112821
YGR033C,0.292390376329422,-0.539354920387268,0.0463618186575678,0.0677623357667219,0.213089689612389,0.396192341049512,-0.671437563203548,-0.402093985803648
YGR036C,0.199941009283066,-0.705216467380524,0.0338852461569118,0.0728388361003727,0.141618893792232,0.27481606900692,-0.848878819784867,-0.560957880830874
YGR040W,0.160861521959305,-0.795107543468475,0.0136296747092267,0.0368317758544448,0.135714662075043,0.18836377846698,-0.867373235991994,-0.725002606492653
YGR042W,0.0904315337538719,-1.04813015460968,0.0130435940870205,0.0621315856422988,0.06772393292437,0.118985891280075,-1.16925785188255,-0.92450454516698
YGR043C,0.0391498059034348,-1.41130530834198,0.00535159642940141,0.059307370130329,0.0293186258679877,0.050531490209202,-1.53285639963648,-1.29643789436208
YGR044C,0.565139889717102,-0.249607011675835,0.0511710856646163,0.0390870300400852,0.473272807647785,0.673773380617301,-0.324888454030319,-0.171486164191235
YGR046W,0.109114475548267,-0.963807344436646,0.00965057755626326,0.038338412757574,0.0913151643549403,0.129291385412216,-1.03945709601087,-0.888430410870376
YGR048W,0.421170175075531,-0.376663029193878,0.0303077954627685,0.031199840620233,0.36437039077282,0.482557356357574,-0.438456921760247,-0.316451059378895
YGR053C,0.0138937868177891,-1.87086498737335,0.00347996921072156,0.11005425279615,0.00790942179349561,0.0214671131999542,-2.10185526527269,-1.66822635366218
YGR054W,1.42259120941162,0.15258900821209,0.0677026125740822,0.0206879653061698,1.29238092899323,1.55728284517924,0.111390540730537,0.192367498647842
YGR055W,1.3351788520813,0.12506178021431,0.0627222059924696,0.0203896543038363,1.21597511172295,1.46294321318467,0.0849246855017729,0.165227467705488
YGR056W,0.186241671442986,-0.730433106422424,0.00902456679414626,0.0210919734584217,0.168791761249304,0.203890628864368,-0.772648757440518,-0.690602734624246
YGR058W,0.159544914960861,-0.798677682876587,0.0135497187706225,0.036784207748863,0.135006530707081,0.188043038919568,-0.869645223652249,-0.725742738918392
YGR060W,5.34050989151001,0.726324141025543,0.407649417584538,0.0330743219766643,4.59192610581716,6.17240657806396,0.661994889473451,0.790454525265077
YGR061C,2.71776533126831,0.433915287256241,0.100367948739298,0.0160393681378609,2.52677407066027,2.91594841678937,0.402566410793001,0.464779836934421
YGR062C,0.0319188237190247,-1.50065207481384,0.00471135266448216,0.0639385722714599,0.023488637059927,0.0420609546204408,-1.62914218264878,-1.37612087530505
YGR065C,0.163167059421539,-0.788083255290985,0.00937211962872045,0.0249114312158513,0.145877098788818,0.182541704177856,-0.836012882783013,-0.738637899290282
YGR066C,0.00272707012481987,-2.61679005622864,0.00132521114844973,0.222587290341166,0.000759066198952496,0.00589628595625982,-3.1197203471795,-2.22942146367503
YGR071C,0.0661002323031425,-1.18063080310822,0.00409507618208048,0.0269070963519456,0.0582787740975618,0.0745515090102951,-1.23448959764096,-1.1275435641641
YGR072W,0.224887982010841,-0.649262726306915,0.0169431289593972,0.0326827482524707,0.193604856729507,0.260178745289644,-0.713083752273654,-0.584728185040457
YGR077C,0.0750913545489311,-1.12541365623474,0.00509927329419633,0.0295040731132402,0.065512584708631,0.0854690702011188,-1.18367527110077,-1.06819102073681
YGR080W,0.66771399974823,-0.176571056246758,0.048880729948569,0.0317798489015152,0.57729440232118,0.766025500992934,-0.238602655311015,-0.115756774922606
YGR083C,0.75350022315979,-0.123391725122929,0.0352084348721093,0.0203096653434448,0.684791296720505,0.824676441152891,-0.164441767978944,-0.0837164119715318
YGR086C,4.56768083572388,0.658630013465881,0.32109830579287,0.0303817539809895,3.99704026381175,5.25287976662318,0.601738522996927,0.720397457435539
YGR088W,0.0196200255304575,-1.71001386642456,0.00219468279123403,0.0485116693593364,0.0156185536800573,0.0242663396988064,-1.8063591864287,-1.61499574575471
YGR090W,0.538246273994446,-0.269353061914444,0.0210357765077086,0.0170174675437888,0.49683501770099,0.578701593975226,-0.303787802056348,-0.237545321417988
YGR091W,0.148179426789284,-0.830175757408142,0.00987293324702272,0.0289370302447081,0.129902949184179,0.168093328798811,-0.886380989680955,-0.774449522323003
YGR092W,0.303270012140274,-0.518832206726074,0.0167298366358525,0.0239645330285352,0.271531248589357,0.336607466141383,-0.566180187263475,-0.472876258109562
YGR093W,0.201047897338867,-0.697548806667328,0.0125730708953152,0.0271584949285694,0.177304693187277,0.226868884141246,-0.751279771549648,-0.644225069471317
YGR097W,0.117133900523186,-0.931812703609467,0.00559961567275628,0.0207270901061862,0.10691621179382,0.128616843372583,-0.970956437665453,-0.890702153671684
YGR099W,0.0879063904285431,-1.05684995651245,0.00556113980584433,0.027500174547923,0.0770738813405236,0.0993308005233606,-1.11309276998139,-1.00291606465512
YGR100W,0.158059075474739,-0.801687777042389,0.00763989060339446,0.0209887604049498,0.143509955580036,0.173624808341265,-0.843117973575519,-0.760388221580838
YGR103W,1.5383665561676,0.186521798372269,0.0766026013560176,0.0216034439933437,1.39464068412781,1.69427556792895,0.144462330189485,0.228984048201177
YGR106C,2.15955781936646,0.331917613744736,0.231108553259465,0.0459861500635951,1.75575425028801,2.66575745741526,0.244463728415032,0.425820594822417
YGR108W,0.249108836054802,-0.604490160942078,0.0158542700932005,0.0276312234557537,0.219577827056249,0.281959658612808,-0.658411517330077,-0.549813024140608
YGR109C,0.125582829117775,-0.902717292308807,0.010965212756274,0.037809841445789,0.105522310423354,0.148357669636607,-0.976655712039917,-0.828689997357618
YGR111W,0.431411027908325,-0.366140991449356,0.0297852559166163,0.0299630131369313,0.375815346588691,0.492258983105421,-0.425025489263013,-0.307806349821371
YGR112W,0.103046290576458,-0.988687694072723,0.00916176526061881,0.0386726912137796,0.0860408021137118,0.12225669324398,-1.06529554956882,-0.912727355174754
YGR113W,0.214776262640953,-0.669697284698486,0.0189767359704157,0.0382369087529012,0.180707961445053,0.25367647682627,-0.743022718016547,-0.595719803446539
YGR116W,0.979534447193146,-0.00928396265953779,0.0365803460080743,0.0162562006974472,0.907712637881438,1.04877757529418,-0.0420516180613437,0.0206833867966343
YGR117C,0.209710836410522,-0.679352462291718,0.0140403009823266,0.0290699204734592,0.182753397896886,0.238537316272656,-0.73813454000636,-0.622443671739229
YGR119C,0.669948995113373,-0.174645870923996,0.0377283348828204,0.0244577565202162,0.597926676273346,0.748174276947975,-0.223352070262958,-0.125997227494052
YGR120C,0.155755206942558,-0.811686813831329,0.021642074330932,0.0598285249778656,0.118405069597065,0.202607381592194,-0.926629734720895,-0.693344737290805
YGR122W,0.0993244871497154,-1.00468516349792,0.00891567589620763,0.0389268471758032,0.0828165259212255,0.11812123786658,-1.08188299375857,-0.927672011327808
YGR123C,0.851819753646851,-0.0703298151493073,0.0475875739758918,0.0242707336799611,0.762412141263485,0.948873002330462,-0.117810196424318,-0.0227919099139555
YGR125W,0.182971611618996,-0.738065302371979,0.00830974077799013,0.0197149061120198,0.167198240756989,0.199614196270704,-0.776768296475661,-0.699808576447508
YGR127W,0.0749993622303009,-1.12795996665955,0.00884077304392172,0.0512702465007481,0.0588556041320165,0.0932421380033095,-1.23021218197185,-1.03038778781367
YGR130C,0.849536299705505,-0.0712360963225365,0.0373390362918936,0.0190572906398236,0.779835240542889,0.924809200068315,-0.107997143216589,-0.0339478591631017
YGR132C,1.44360780715942,0.157632902264595,0.132680722384271,0.0396528222802345,1.21138632297516,1.7330956051747,0.0832826660005956,0.238822520954712
YGR135W,2.6033411026001,0.412968993186951,0.284720479790595,0.0471133613995331,2.10435330470403,3.2121287604173,0.323118654041707,0.506792945552331
YGR136W,1.28696668148041,0.105679482221603,0.173865635714337,0.0579669868935008,0.986606089274089,1.66971947352091,-0.0058562084375832,0.222643512219214
YGR140W,0.100922591984272,-0.996606171131134,0.0052876095568772,0.0227459557502219,0.0909177056824168,0.111739784727494,-1.04135153230528,-0.951792171563507
YGR141W,0.237825825810432,-0.624683320522308,0.0156770970153326,0.0286446732770228,0.208350414782763,0.269836591680845,-0.681205639129186,-0.56889915740578
YGR144W,0.0143287368118763,-1.85449862480164,0.00317138382317431,0.0971725309441511,0.0087688306812197,0.0211722264997661,-2.05705841564128,-1.67423346897687
YGR145W,0.533052563667297,-0.273739695549011,0.0258612493792982,0.0210576713879132,0.484552181512117,0.584997628132502,-0.314659447069807,-0.232845896141083
YGR147C,0.378377497196198,-0.424052298069,0.0362342830536915,0.0414313383165567,0.31320533255736,0.454861223946015,-0.504170852542962,-0.342121084371736
YGR149W,0.103626161813736,-0.985887587070465,0.00821540690426199,0.0343868855497576,0.0884783945356806,0.120814668759704,-1.05316276639627,-0.917880332516766
YGR152C,0.692670941352844,-0.16166940331459,0.0700367314535318,0.0436150965844528,0.568381065130234,0.843455390632152,-0.245360398572325,-0.073937896968487
YGR154C,0.00512501085177064,-2.30911922454834,0.00151176782319381,0.12918041435524,0.00263824498979375,0.00855922606618454,-2.57868488900934,-2.06756550644466
YGR155W,5.86088752746582,0.767360329627991,0.308546509325882,0.0228508441253785,5.28241348266602,6.49012877941132,0.722832392745944,0.812253314196511
YGR156W,0.181213214993477,-0.742890655994415,0.0128084083200803,0.030625547150546,0.157422720392545,0.207261028016607,-0.802932588195977,-0.683482359829312
YGR157W,0.866720139980316,-0.0625219270586967,0.0373179010387147,0.0186840227121897,0.796569955348968,0.942499552170435,-0.0987760781519069,-0.0257188544450262
YGR158C,0.512432396411896,-0.294094622135162,0.067925613104544,0.0567438914829547,0.396763224154711,0.670330792168776,-0.401468596131966,-0.173710835444125
YGR161C,0.499204248189926,-0.304774552583694,0.0594965838074702,0.051469304653299,0.391661077737808,0.627616297701995,-0.407089585367093,-0.202305787583558
YGR165W,0.28679022192955,-0.543944120407104,0.0239880818719938,0.0361446767093127,0.242626188074549,0.338205771893263,-0.615062324976342,-0.470818996682999
YGR166W,0.0914023220539093,-1.04008340835571,0.006339289465116,0.0300414411675125,0.0796663501610359,0.104674997056524,-1.09872507994157,-0.980157042794353
YGR167W,4.64032602310181,0.662421703338623,0.64923051807374,0.0596084902323984,3.53842929005623,6.06986994743347,0.548810521125074,0.783179384592719
YGR169C,0.0778777301311493,-1.11034107208252,0.00701576939207697,0.0390262047709587,0.0650229534755151,0.0924020931124687,-1.18693330802853,-1.03431819093924
YGR171C,0.069143071770668,-1.16137623786926,0.00497123024890142,0.0312649739421419,0.0596735845319927,0.0792089539890488,-1.22421787587092,-1.1012257218434
YGR172C,0.579018175601959,-0.24056550860405,0.0715149182329932,0.0530794408505691,0.45576861128211,0.734929203987122,-0.341255589111366,-0.133754494655381
YGR173W,1.19679522514343,0.0770893171429634,0.0786663048381325,0.0283803878129654,1.05487580299377,1.36248080134392,0.0232013254848025,0.134330390756951
YGR175C,4.54681634902954,0.657193064689636,0.221806250586012,0.021151406248879,4.13226355711619,5.00192751089732,0.616188011563295,0.699137393542003
YGR177C,0.318829655647278,-0.497183680534363,0.0186565412858746,0.025398299084547,0.28390784189105,0.357056883722544,-0.546822611773511,-0.44726258971738
YGR178C,0.999570190906525,-0.000648808723781258,0.0460685206322426,0.020040967995459,0.910078363120556,1.09084527889887,-0.0409212114535967,0.0377631551190444
YGR184C,0.344246596097946,-0.463436096906662,0.0129440148877477,0.0163551051363854,0.318644757320484,0.369569182395935,-0.496693222634766,-0.432304250872293
YGR185C,3.38700866699219,0.528995096683502,0.208753395781051,0.0267388651758304,2.99846662481626,3.8087345957756,0.476899219070797,0.580780710749054
YGR187C,0.990912318229675,-0.00486256601288915,0.0637626582906516,0.0279138965166022,0.871325978636742,1.12137794494629,-0.059819337261004,0.0497520102230454
YGR189C,2.40317845344543,0.380142986774445,0.130998196201791,0.0236478187960088,2.15869755744934,2.67235541343689,0.334191800056827,0.426894217212833
YGR191W,0.877034783363342,-0.0574954114854336,0.0425910469666487,0.0210978652992832,0.794693642357985,0.962205244600773,-0.0998002623335417,-0.0167322815390422
YGR193C,0.87253201007843,-0.0600051954388618,0.052556503956761,0.0261420955905549,0.774469158550103,0.980436369776726,-0.110995872339561,-0.00858058675062895
YGR195W,0.522507548332214,-0.284899890422821,0.0615555739863645,0.0509747066379214,0.413877219706774,0.654861535131931,-0.383128478344919,-0.183850530257401
YGR198W,0.243599712848663,-0.613773345947266,0.011098995263659,0.0198200224031281,0.222341946636637,0.265339463949203,-0.652978596713867,-0.576198152577905
YGR199W,0.272634595632553,-0.564905166625977,0.0129289680186058,0.0205953947408641,0.247585787127415,0.298600044598182,-0.606274290059705,-0.52491013363988
YGR200C,0.699966430664062,-0.155369892716408,0.0317566140119983,0.0196951966447328,0.639414091904958,0.764246439437071,-0.194217796835615,-0.116766576634935
YGR204W,3.24553680419922,0.510929346084595,0.131571384184331,0.0176101821080958,2.99292874336243,3.50773013631503,0.476096377136588,0.54502617146084
YGR205W,0.485614657402039,-0.315554291009903,0.0448657597549284,0.0400561595676565,0.40304147824645,0.578835248947144,-0.394650257819958,-0.237445029804012
YGR207C,0.759130537509918,-0.122406087815762,0.0855062621312857,0.0485633250262165,0.609768177072207,0.943577548861504,-0.214835245411713,-0.0252224011149385
YGR208W,1.00759184360504,0.00176126428414136,0.0845952797743638,0.0363393964124847,0.854211266835531,1.18484540084998,-0.0684347049285762,0.0736616836429568
YGR210C,0.682788550853729,-0.166627615690231,0.0443098525055404,0.0281621032594198,0.599323655664921,0.77654327104489,-0.222338580102223,-0.109834339738388
YGR216C,0.092322826385498,-1.03559601306915,0.00596839529747179,0.0280657946026201,0.0811549215267102,0.10442526973784,-1.09068513839457,-0.981194394256705
YGR217W,0.0692907124757767,-1.15975308418274,0.00309007741304594,0.0193576330691196,0.0635349005460739,0.0755196265255411,-1.19698764556136,-1.12194016813785
YGR218W,1.34910690784454,0.129702031612396,0.0537153610662034,0.017324019979801,1.24415847857793,1.45330779155095,0.0948757033695493,0.162357601916551
YGR220C,0.460998207330704,-0.33891087770462,0.0507948059548323,0.0475836229749425,0.370226825277011,0.571787965297699,-0.431532120935612,-0.242764990425261
YGR222W,0.106683067977428,-0.975068092346191,0.0129240879338196,0.0524517850000161,0.08325114355733,0.134524188563228,-1.07960979266644,-0.871199621252203
YGR223C,0.10301573574543,-0.988517284393311,0.00834422584544261,0.0352012442380797,0.0874044750506679,0.120024788876375,-1.0584663327551,-0.920729049375478
YGR227W,0.241251587867737,-0.618320345878601,0.0145753317735504,0.0262148616187044,0.214123067383965,0.271540146569411,-0.669336549049813,-0.56616595215102
YGR229C,0.851941823959351,-0.0702581331133842,0.0472825803177189,0.0241019987576136,0.762293741106987,0.946286060412725,-0.117877646365117,-0.0239775573866744
YGR231C,1.21532762050629,0.0832697600126266,0.0985131954752678,0.0351554867211242,1.03161883354187,1.41732810338338,0.0135192621481862,0.151470396500792
YGR232W,0.759488224983215,-0.125459283590317,0.127729339092038,0.0718571031617335,0.545546621084213,1.04602144062519,-0.263168131759099,0.0195405863988032
YGR233C,0.396047472953796,-0.402635604143143,0.0166369256126864,0.0182650413907391,0.363921081026395,0.428585946559906,-0.438992786326077,-0.36796207368511
YGR234W,6.5619330406189,0.816123843193054,0.424925390173934,0.02801850658087,5.77679035663605,7.44558316469192,0.761686606996771,0.871898711302213
YGR237C,0.170352041721344,-0.769228994846344,0.00879792629093869,0.0224506261210835,0.15361395974954,0.18806370558838,-0.81356931917135,-0.725695011676088
YGR240C,9.12207794189453,0.959741294384003,0.367474768252513,0.0175103413811108,8.41786076227824,9.8484525680542,0.925201737913713,0.993367997609344
YGR241C,0.269208997488022,-0.570604860782623,0.0152163984841209,0.0245362668484495,0.241096534083287,0.30036474292477,-0.617809032885336,-0.522351052361177
YGR244C,0.938677132129669,-0.0282855499535799,0.0570895719831682,0.0264362803062551,0.832095891733964,1.05277359584967,-0.0798266225549741,0.0223349838623805
YGR246C,0.269595593214035,-0.569964528083801,0.0150379982097972,0.0242530496232209,0.241224798435966,0.299604893475771,-0.617578047817859,-0.523451099546188
YGR247W,0.119675368070602,-0.92897629737854,0.0217463976967458,0.0776880622327075,0.0835324269408981,0.169156377886732,-1.07814490581151,-0.771711653849576
YGR248W,0.165562957525253,-0.785608053207397,0.0241870169438874,0.062982204055374,0.12287412652125,0.218717441459497,-0.910539557439715,-0.660116583134463
YGR250C,0.231353789567947,-0.636255204677582,0.0114414580811375,0.0215090040170188,0.209584548696876,0.254239034404357,-0.678640747089217,-0.594757769918011
YGR252W,0.19376277923584,-0.713816404342651,0.0137444940031063,0.0307173730978454,0.168344760437806,0.22299323156476,-0.773800396067978,-0.651708318747214
YGR253C,2.14300155639648,0.328570276498795,0.228627381344173,0.0460852261517636,1.73015467524528,2.63184836109479,0.238084929639743,0.420260859486059
YGR255C,0.220790505409241,-0.656954407691956,0.0145095484403522,0.0284851023541387,0.193539631615082,0.250543542951345,-0.713230089934,-0.601116785490039
YGR257C,0.105568259954453,-0.978295385837555,0.00971486826367942,0.0398359160692547,0.0878165277342002,0.126263058930635,-1.05642373932282,-0.898723697126149
YGR260W,1.37075448036194,0.136374786496162,0.0713613157043939,0.0225633019740027,1.23886552751064,1.51549100180467,0.0930241678115978,0.18055336197061
YGR261C,0.414817959070206,-0.382594168186188,0.0189639608968813,0.0198571133942317,0.378462344408035,0.452777838210265,-0.421977324695845,-0.344114839938219
YGR263C,0.0990758910775185,-1.00551342964172,0.00819842032996724,0.0358455278608175,0.0838398152341445,0.116168655144672,-1.07654968748225,-0.934911038340271
YGR264C,2.71312117576599,0.433046817779541,0.119791788035483,0.0191830896304723,2.48250430226326,2.95469307899475,0.394890009811572,0.47051237488843
YGR266W,0.407842516899109,-0.390044391155243,0.0202604910353272,0.0215751338904426,0.369094414263964,0.448649443437656,-0.432862527338901,-0.348092866696939
YGR267C,1.45075190067291,0.158277928829193,0.181451719764281,0.0534538336066819,1.14518488248189,1.86404498120149,0.0588756060410349,0.270456338945853
YGR270W,0.199266880750656,-0.700944066047668,0.00835195842612129,0.01821718254859,0.183410732696454,0.215651697044571,-0.736575255795561,-0.666247119894568
YGR271W,0.169035658240318,-0.77232962846756,0.00638049313935809,0.016423214077911,0.156636999299129,0.181128561496735,-0.805105645381093,-0.742013061986346
YGR274C,0.171411946415901,-0.766399443149567,0.00772872234595043,0.0195893919819933,0.156800601755579,0.186857657755415,-0.804652275420033,-0.728489099319519
YGR276C,0.323355436325073,-0.490942001342773,0.0173313380625716,0.0232685989391149,0.29085695669055,0.35849686190486,-0.536320544390357,-0.445514641568518
YGR277C,0.283423840999603,-0.549275875091553,0.0251818033899698,0.0385614325663134,0.237485840916634,0.335673446208239,-0.624362278228931,-0.47408301339537
YGR278W,0.120349325239658,-0.920380830764771,0.00741307308608044,0.0267770478363019,0.106413014233112,0.135586437086264,-0.973005254898165,-0.867783752985334
YGR280C,0.576583504676819,-0.241354078054428,0.0584685577642236,0.0438593593412391,0.472585394978523,0.699968729913235,-0.325519704189979,-0.154921361038198
YGR281W,0.367076098918915,-0.435562878847122,0.0139962043250459,0.0166044469389209,0.339816292375326,0.394002155214548,-0.468755802883335,-0.404501403282722
YGR282C,9.66670608520508,0.983900368213654,0.772669786849591,0.0345140586754933,8.28195762634277,11.283514436086,0.918133004155663,1.05244438824015
YGR289C,0.00151385983917862,-2.84469366073608,0.000507974352711653,0.149362692385764,0.00070217936639286,0.00267113095615059,-3.15355194141385,-2.57330491536616
YHL047C,0.147425904870033,-0.832117080688477,0.00831927883878306,0.0244955740626247,0.131821100786328,0.164251678809524,-0.880015066106346,-0.784490182873845
YHL044W,0.0504431799054146,-1.31004536151886,0.0123928970165497,0.106028914788747,0.0300584828946739,0.0783537576595942,-1.52203294760655,-1.10594017359645
YHL039W,0.293286949396133,-0.533365547657013,0.0161722307839855,0.0239117298904664,0.263439693798621,0.325717438509067,-0.579318787306564,-0.487158989225723
YHL038C,0.0839730501174927,-1.0766943693161,0.00520138920619522,0.0269081444420887,0.07411558094124,0.094554616138339,-1.1300904829153,-1.02431726420642
YHL036W,0.021488344296813,-1.67044174671173,0.00237324933849701,0.0479798713296879,0.0171934757381678,0.0264883934209744,-1.76463631986204,-1.57694439507034
YHL035C,0.032924797385931,-1.48301100730896,0.00162852818770289,0.0215018577860305,0.0298376784815143,0.0361521495195727,-1.52523497171429,-1.44186587633768
YHL034C,7.8057975769043,0.891046762466431,0.622114793753148,0.0344715480923508,6.69119444688161,9.08983516693115,0.82550365015389,0.958556007892892
YHL032C,0.0275654457509518,-1.56110453605652,0.00226253156711075,0.035672903200341,0.0233915630883227,0.0321648796088994,-1.63094076330628,-1.49261806993889
YHL030W,0.54800021648407,-0.261521488428116,0.0204478462850794,0.0162241581642484,0.508852142095566,0.587178111076355,-0.293408393180792,-0.231230142492427
YHL028W,0.0426175184547901,-1.37174296379089,0.00334144889816952,0.0340620229462368,0.0364106464199722,0.0493758283245067,-1.43877161511814,-1.30648560633142
YHL027W,0.360763221979141,-0.443404346704483,0.0193868019249988,0.0233699363675837,0.322707583755255,0.400042547285557,-0.491190828427804,-0.397893816222879
YHL026C,0.0342764146625996,-1.4695987701416,0.00499755661896358,0.0632918641819728,0.0254913177186002,0.0447315628640354,-1.59360771425568,-1.34938592919641
YHL025W,0.195132732391357,-0.711262404918671,0.0167439852035092,0.0371236789265424,0.164683192968369,0.230252408360442,-0.783350721252519,-0.637795818781886
YHL024W,0.0218111965805292,-1.66318511962891,0.00202206989809799,0.0402458986311682,0.0181351673634102,0.0260282221560677,-1.74147843225695,-1.58455549583498
YHL023C,0.0939351990818977,-1.02766931056976,0.00450027319760312,0.0208029002410989,0.0853375293935339,0.103119799308479,-1.06885993586413,-0.98665794217798
YHL021C,0.658522665500641,-0.18217708170414,0.0387131942862019,0.0254830697183336,0.587355530261993,0.737531006832918,-0.231098937783342,-0.132219717894613
YHL020C,0.186498880386353,-0.730536818504333,0.0139323131804917,0.0324278060532271,0.160758187746008,0.214981967831651,-0.79382689859748,-0.667597968189466
YHL017W,0.328498214483261,-0.484203606843948,0.0191319059260458,0.0252798050791991,0.29283293907841,0.366799184928338,-0.533380073694135,-0.435571639454303
YHL014C,0.082097239792347,-1.08763074874878,0.00780406464846334,0.0412909499944175,0.0676379893595974,0.0985994946211576,-1.16980931228854,-1.00612531119831
YHL013C,0.523387432098389,-0.282784670591354,0.0452048830385381,0.0373283407359558,0.441014043986797,0.619788359602292,-0.355547580500913,-0.207756584742434
YHL012W,0.00363319390453398,-2.4551055431366,0.000962508294594039,0.11698743909265,0.00198212284206723,0.00580499735660851,-2.70286945001991,-2.23619797958637
YHL011C,1.81241774559021,0.256950318813324,0.141044883915548,0.0336809245680747,1.55649185180664,2.10753099322319,0.192146851504447,0.323773969691996
YHL009C,0.355080872774124,-0.451225966215134,0.0301631969920784,0.0367146742745092,0.300592422485352,0.41938653588295,-0.522021973807662,-0.3773855163733
YHL008C,0.0751773864030838,-1.12491118907928,0.00510645605110499,0.0294778459775301,0.0656586885452271,0.0858704545224706,-1.1827077960395,-1.06615623833291
YHL003C,0.796625435352325,-0.0996474549174309,0.0513977604344669,0.0279810652561423,0.701218903064728,0.903415986398856,-0.154146384954101,-0.0441122286481265
YHL002W,0.375572592020035,-0.426134079694748,0.0232196470661875,0.026817293560507,0.332231680552165,0.424099358916283,-0.478558957226537,-0.372532384087651
YHR001W,0.536855161190033,-0.27097076177597,0.0331777798463758,0.0268108376359878,0.474843925982714,0.605271415909131,-0.323449113363349,-0.218049835544383
YHR003C,0.340889275074005,-0.468323737382889,0.0224397717657549,0.0285037988232934,0.299662947158019,0.387591760357221,-0.523366954975465,-0.411625464101114
YHR006W,0.297181457281113,-0.527723073959351,0.0174091064566922,0.0254058436946152,0.264992998292049,0.332112498581409,-0.576765600956555,-0.478714780821036
YHR007C,3.76620674133301,0.575315177440643,0.196411151779297,0.0226480758037089,3.39699289004008,4.15416022539139,0.531094637863515,0.618483242912829
YHR008C,2.4232542514801,0.380120486021042,0.343550938709966,0.0608024203468299,1.84612611134847,3.18809910019239,0.266261364756683,0.503531812630535
YHR009C,0.441340178251266,-0.355896949768066,0.0245757317195525,0.0241530785971696,0.394832177956899,0.491382599622011,-0.403587460923366,-0.308580226413425
YHR011W,0.0884571149945259,-1.05473792552948,0.00728062106259764,0.0357880869574035,0.0750301577150822,0.103269727155566,-1.12476414170132,-0.986026970410688
YHR012W,0.377749711275101,-0.425003558397293,0.0382713578784952,0.0437268056757955,0.30929995055,0.460668009022872,-0.509620151428376,-0.336611947635878
YHR013C,1.67398083209991,0.219846487045288,0.225984411342354,0.0581500179148267,1.2888331413269,2.16181235114733,0.110196695094543,0.334817992070075
YHR014W,0.00347292050719261,-2.51247549057007,0.00168766749803319,0.22337923290552,0.00100368325559733,0.00757373742914448,-2.99840332250956,-2.12068975988855
YHR015W,0.0332781933248043,-1.47937226295471,0.002795722405983,0.0365309320629543,0.0281177010852844,0.0388701805224021,-1.55102019268434,-1.41038344256042
YHR016C,0.493694394826889,-0.30735918879509,0.030328911284946,0.0266391462201588,0.437334068616231,0.555178140600522,-0.359186689535022,-0.255567644349134
YHR017W,0.183351114392281,-0.73806768655777,0.0144855794162172,0.0342447173156463,0.156709976370136,0.213054439797997,-0.804903355814246,-0.671509411196276
YHR018C,0.704453885555267,-0.152900069952011,0.0415382691788838,0.0255586925895595,0.628568424284458,0.792237973709901,-0.201647439264435,-0.101144345000888
YHR019C,5.54945993423462,0.743703186511993,0.278607016679175,0.0218056197446384,5.01950781742732,6.11594929297765,0.700661134771814,0.786463875314701
YHR020W,3.5386164188385,0.548355162143707,0.166082284671603,0.0203748519727897,3.22129709521929,3.88151839375496,0.508030780910887,0.589001648538716
YHR022C,0.0145678585395217,-1.8598415851593,0.00476375489857352,0.143969526803414,0.0069513567063647,0.0255640611362954,-2.157930434867,-1.59237015990991
YHR024C,0.417249500751495,-0.380425125360489,0.025672265281282,0.0266975986160776,0.369099369645119,0.469189596672853,-0.432856697025009,-0.328651626598147
YHR025W,2.19078898429871,0.339491009712219,0.157173669104192,0.0310233866344862,1.90578000942866,2.51710884571075,0.280072766809494,0.400901993756663
YHR027C,1.96478569507599,0.292979717254639,0.0772041228480224,0.0170847996011548,1.81611563960711,2.11379225850105,0.259143498120042,0.325062302954718
YHR028C,0.465749263763428,-0.332286775112152,0.0209397902855185,0.0195377182680669,0.42585116798679,0.506982005139192,-0.37074215746067,-0.295007455287897
YHR029C,0.502007722854614,-0.301457732915878,0.050397165469123,0.0433780858547536,0.411384886999925,0.608789586027463,-0.385751673450187,-0.215532785263255
YHR030C,0.347558051347733,-0.459845662117004,0.022029655752684,0.0275581894137935,0.305152452240388,0.392042580991983,-0.515483136263455,-0.406666760408941
YHR031C,0.0834988430142403,-1.07910299301147,0.00501221753187608,0.0260650333734429,0.0739077627658844,0.0938595943152905,-1.13130994388757,-1.02752132725912
YHR032W,0.285074472427368,-0.545719504356384,0.0159231422506573,0.0242555287110766,0.254692517717679,0.317708056420088,-0.593983815163028,-0.497971773932793
YHR033W,0.00277365115471184,-2.58167338371277,0.00092559754828809,0.149333876242096,0.00125593459233642,0.00489085679873824,-2.90103297757895,-2.31061505286636
YHR034C,0.201216965913773,-0.697880983352661,0.0170033086223245,0.036656886728786,0.169885065406561,0.236781663944324,-0.769844798277049,-0.625651938570147
YHR036W,0.141682431101799,-0.849666893482208,0.00954061849057023,0.0292274984832138,0.123944632957379,0.161343882605433,-0.906772274354266,-0.792247496504372
YHR037W,0.610208570957184,-0.215117409825325,0.0319276278432113,0.0227311597247235,0.550350367526213,0.675204582512379,-0.259360739783104,-0.170564621503635
YHR039C,0.60384202003479,-0.219595089554787,0.0294816547810802,0.0212135023402573,0.546996957063675,0.663071843485037,-0.262015091294165,-0.178439413549133
YHR040W,0.132961615920067,-0.878002226352692,0.0118670903381061,0.0387565853018421,0.110869782045484,0.15779730429252,-0.955186808767606,-0.801900420274702
YHR042W,1.36456954479218,0.13448478281498,0.0662457932798827,0.0210450013108314,1.24143202801545,1.5022985180219,0.0939229455949154,0.17675623739572
YHR045W,0.184406578540802,-0.734994173049927,0.0110111803191786,0.0258973107930747,0.164211613312364,0.206907668709755,-0.784596135405671,-0.684223414107131
YHR049W,0.995921492576599,-0.00529123190790415,0.127705938924566,0.0551568163290208,0.774127815167109,1.27304803927739,-0.111187327753028,0.104844791398131
YHR050W,0.219891354441643,-0.658520340919495,0.0127475898969285,0.0251432261624607,0.19616421709458,0.246021866798401,-0.707380211791411,-0.609026290425757
YHR052W,1.28315913677216,0.107345677912235,0.0844237014831334,0.0285049025579852,1.12636091808478,1.45812794764837,0.0516775731215599,0.1637956330802
YHR058C,0.320325821638107,-0.496231973171234,0.0294699908641387,0.0397696722117317,0.268630043665568,0.382863380759954,-0.57084541735454,-0.416956170072446
YHR061C,0.196681395173073,-0.708102881908417,0.0182799879019496,0.0402256684813297,0.163469946508606,0.235159516334534,-0.786562081765659,-0.628637441820971
YHR062C,0.369367271661758,-0.434207677841187,0.0324559572624993,0.0380379606942532,0.308952590326468,0.438237494726976,-0.51010815931927,-0.358290470206893
YHR063C,1.03924977779388,0.0159052237868309,0.0636614235099201,0.0266084363223576,0.918362187842528,1.17031589547793,-0.0369860082222758,0.0683031036107736
YHR064C,7.79464054107666,0.891240358352661,0.393948625239532,0.0219697420518916,7.04432187080383,8.57532068093618,0.84783919133051,0.933250369470706
YHR065C,0.722983658313751,-0.141396299004555,0.0355581042479086,0.0213459394984893,0.657005033393701,0.795485183099906,-0.182431303505005,-0.0993679054440768
YHR069C,0.460582137107849,-0.337765574455261,0.0323897586167006,0.0305537610131181,0.399318430324396,0.526712742447853,-0.39868065188845,-0.278426175400969
YHR070W,0.351890742778778,-0.454292386770248,0.0199914923434223,0.024637104677063,0.314710301160812,0.393408729384343,-0.502089041440888,-0.405156007749054
YHR071W,0.104341819882393,-0.99102646112442,0.022096784638083,0.0906690907511833,0.0682671809569001,0.155190511420369,-1.16578803397551,-0.809134838038832
YHR072W,0.281342595815659,-0.551317930221558,0.0141828305093393,0.0219096970576783,0.254644287377596,0.309594064950943,-0.594066062338749,-0.509207373518091
YHR074W,0.687198996543884,-0.163350433111191,0.0307167240731252,0.0194042037487435,0.63014245480299,0.749136924743652,-0.200561259588093,-0.12543879615126
YHR075C,0.0620367266237736,-1.20927500724792,0.00583910602814646,0.0409350113894889,0.0512205170777937,0.0739976301168402,-1.29055604172871,-1.13078219116131
YHR076W,0.442763417959213,-0.355079114437103,0.0336879714652389,0.032968660982744,0.380946862200896,0.513923897345861,-0.419135602645847,-0.289101187922252
YHR077C,0.163352936506271,-0.787333250045776,0.00750272016538074,0.0199675102176426,0.149021538719535,0.178250287100673,-0.82675095765689,-0.748969763887105
YHR078W,0.0663440153002739,-1.17953681945801,0.00520697984875528,0.0341148527892466,0.0565235392811398,0.0771101862192154,-1.24777065220617,-1.11288824806329
YHR082C,0.247995793819427,-0.605941534042358,0.0104580751715317,0.0183345399064081,0.227638059854507,0.268319127211968,-0.642755124521402,-0.57134836769581
YHR083W,0.356584787368774,-0.44919228553772,0.0282557950850694,0.0342565948499376,0.304779259612163,0.416831158101559,-0.516014594041279,-0.380039826634892
YHR084W,0.261891603469849,-0.582441329956055,0.0133279976077046,0.0221157066572221,0.236742953335245,0.288611211876074,-0.625722938971678,-0.539686801582746
YHR086W,0.187295198440552,-0.728405117988586,0.0122782661255433,0.0284232036039265,0.164299787208438,0.21308017000556,-0.784363004623897,-0.671456969327654
YHR088W,0.907918751239777,-0.0435395166277885,0.0778557100019066,0.0370960494008058,0.766857179502646,1.07258880237738,-0.115285512143598,0.0304332586953539
YHR090C,0.17968775331974,-0.748112916946411,0.0198590802161712,0.0477871753593791,0.14430432120959,0.222349956259131,-0.84072067496381,-0.652962957229086
YHR091C,0.0485589802265167,-1.31480228900909,0.00340683715108937,0.0304855827454508,0.0421781769332786,0.0555007457733154,-1.37491219684708,-1.25570118114652
YHR098C,0.742735624313354,-0.129564091563225,0.0318504003717917,0.0186321654947178,0.682272786398729,0.806264334420363,-0.16604195162118,-0.0935225510569752
YHR099W,0.316407471895218,-0.50001335144043,0.0109525807940969,0.0150710153688028,0.294461091359456,0.337090134620667,-0.530972082703055,-0.472253957483481
YHR103W,0.263234376907349,-0.580135464668274,0.0123428678612335,0.0203868642943611,0.239997995023926,0.28727996100982,-0.619792386432271,-0.541694673375761
YHR106W,0.101725406944752,-0.994722068309784,0.0101502832981553,0.0432330060466577,0.0833215042948723,0.12292904475083,-1.07924289785698,-0.910345494548866
YHR111W,0.350990653038025,-0.45564541220665,0.0231449626125908,0.0285897855831044,0.308368906378746,0.399249350031217,-0.510929419471869,-0.398755784499277
YHR112C,0.292531728744507,-0.535110354423523,0.0225123925238119,0.0333995966682273,0.250659336646398,0.33835918456316,-0.600916114280109,-0.470622030868248
YHR113W,0.552196800708771,-0.258627355098724,0.0318851392791258,0.0250358706510165,0.492629979799191,0.61795218338569,-0.307479162612894,-0.209045129075832
YHR115C,0.324936747550964,-0.48922523856163,0.0222558448669266,0.0298321784654451,0.28204945102334,0.369241425395012,-0.549674744113856,-0.432689585784775
YHR117W,0.432829946279526,-0.364235818386078,0.0218260770140684,0.0219246319631945,0.39104026556015,0.475740295648575,-0.407778520838849,-0.322630061959363
YHR118C,0.197582647204399,-0.705440640449524,0.0146372081511182,0.0321805455654191,0.169806972270211,0.228094617774089,-0.770044481707042,-0.641884962714734
YHR119W,0.122768811881542,-0.911437690258026,0.00603773160445346,0.0213520488643491,0.111371173523366,0.135010882094502,-0.953227209138015,-0.869631225269518
YHR122W,0.48912724852562,-0.315879970788956,0.0771733014565194,0.0677142801638185,0.35860065917174,0.656499225397905,-0.445388917254411,-0.182765782008069
YHR123W,0.403794527053833,-0.394877046346664,0.0279424353580956,0.0299912265649484,0.3521908223629,0.462718566507101,-0.453221965373516,-0.334683074271872
YHR127W,0.391311436891556,-0.411624759435654,0.0545973225863326,0.0598934799834266,0.297755734125773,0.511110186576843,-0.52613986653273,-0.291485463341326
YHR129C,0.0771873518824577,-1.11446154117584,0.0074435604286517,0.0417517763557802,0.0636520947019259,0.0927134746064742,-1.1961872997549,-1.03285714345882
YHR132C,1.1121506690979,0.0454104319214821,0.0656321794124947,0.0256010310410639,0.990253802140554,1.24869782626629,-0.00425348423988629,0.096457336003798
YHR133C,1.02943599224091,0.0107501018792391,0.0954308431760723,0.0400441736355047,0.856724083423615,1.23452919522921,-0.0671590244485537,0.0915013647154775
YHR135C,0.79920893907547,-0.097992055118084,0.0438391595479623,0.0238263181779161,0.71760285794735,0.888254212836424,-0.144115841924307,-0.0514627251388138
YHR137W,0.418602406978607,-0.378914207220078,0.0240686854046557,0.0249540502750495,0.37402666186293,0.467728491127491,-0.427097439269204,-0.330006174755129
YHR139C,0.00367524824105203,-2.47385025024414,0.00154235239892468,0.189782927231999,0.00129350489684536,0.00729831158726786,-2.88823194319209,-2.13677760541705
YHR142W,0.352830290794373,-0.454238831996918,0.0322028401512373,0.0395903521840589,0.293095727761586,0.421117815872033,-0.532990511915982,-0.375596384927707
YHR143W,3.77442312240601,0.575619637966156,0.285051705517975,0.0326716365454322,3.25233477155368,4.37034280697505,0.512195241535772,0.640515503841879
YHR144C,0.266888052225113,-0.575657367706299,0.0256391328542955,0.0415005037371601,0.221199679747224,0.322062824418147,-0.655215506138361,-0.492059404303054
YHR149C,0.272081047296524,-0.565856277942657,0.0137663418418989,0.0219493444280545,0.245928559452295,0.300322726120551,-0.609191034126955,-0.522411802486896
YHR154W,0.206321805715561,-0.685878574848175,0.00910756395745753,0.0191957249353548,0.189196536069115,0.223972831542293,-0.723086819724201,-0.6498046595152
YHR156C,0.0652315840125084,-1.18821680545807,0.00724944274466724,0.0482238838090543,0.0522427504571776,0.080419243623813,-1.28197397073914,-1.09464001593297
YHR158C,0.297753423452377,-0.526519060134888,0.0123699757077095,0.0180858534778534,0.273825943470001,0.321656171232462,-0.562525407290054,-0.492608112038091
YHR160C,0.00638858741149306,-2.22656106948853,0.00244854585334003,0.170316375242119,0.00253699324093759,0.0121946801586697,-2.59568068982495,-1.91382967968221
YHR161C,0.181774064898491,-0.741145133972168,0.0101518261426376,0.0242474329398668,0.162857196355859,0.202556330834826,-0.788193046613329,-0.693454179025356
YHR163W,1.36716842651367,0.132602915167809,0.167941124440767,0.0527685880056421,1.07389920055866,1.74014108876387,0.0309635188220732,0.240584445566428
YHR167W,0.203635692596436,-0.694958865642548,0.0271563108608696,0.0575308496352764,0.156831279397011,0.26169380992651,-0.804567314644286,-0.582206550299552
YHR168W,0.0554291307926178,-1.25777149200439,0.00463059547315717,0.0362140412631065,0.04698192095384,0.0651722798123956,-1.32806923018452,-1.18593709890963
YHR169W,0.39961764216423,-0.399316906929016,0.0266408810872413,0.028905158126997,0.35034962495168,0.454617387553056,-0.455498345185288,-0.342353958712366
YHR171W,0.0667090266942978,-1.17684066295624,0.00457980303367769,0.0298030518099212,0.0582021898590028,0.0761098631968101,-1.23506067475596,-1.11855905887552
YHR172W,0.123407289385796,-0.909229755401611,0.00632328273693913,0.0222480797341671,0.111359535033504,0.136107742786407,-0.953272591097473,-0.866117168303178
YHR177W,0.00781413540244102,-2.11435008049011,0.00142438793845121,0.0796585722383115,0.00527273763048773,0.0108883501961827,-2.27796394828136,-1.963037919599
YHR178W,0.0671545565128326,-1.17379546165466,0.00424429516125839,0.0275108074936151,0.0589638762176037,0.07571655412515,-1.22941397418934,-1.12080915921926
YHR179W,9.03865814208984,0.955282628536224,0.556123111482425,0.0266759191364401,8.0096253712972,10.1661539077759,0.903612180376042,1.00715668030194
YHR181W,0.466390907764435,-0.33748197555542,0.0799578426248539,0.0734016494545585,0.332460692773263,0.645728079974651,-0.478259695762229,-0.189950328102736
YHR182W,0.0533705689013004,-1.27362501621246,0.00348524946801809,0.028336184468822,0.0467241317654649,0.0604778272099793,-1.3304587932765,-1.21840382099955
YHR183W,9.40459537506104,0.972747564315796,0.491613037678672,0.0226972204886108,8.46528837680817,10.4068884213765,0.927641754320475,1.01732089774604
YHR186C,0.142855420708656,-0.845447659492493,0.00571003798336917,0.0173642614378136,0.132007598876953,0.154120419795314,-0.879401068374887,-0.812139816780985
YHR187W,0.29755625128746,-0.528015494346619,0.0255158048313611,0.0370942872520907,0.251722621917725,0.351470478872458,-0.599077756386663,-0.454111149657435
YHR188C,0.518354177474976,-0.28594046831131,0.0265654126228839,0.0222287329374973,0.469158348937829,0.572742779552937,-0.328680553408295,-0.242040377184088
YHR190W,2.09606862068176,0.320711821317673,0.118593209055595,0.0245383377887394,1.87038171291351,2.33450952370961,0.271930247656742,0.368195648103385
YHR194W,0.0250495038926601,-1.60312747955322,0.00236155767734159,0.0409436474208438,0.0207299410675963,0.0299251397140324,-1.68340193254455,-1.52396381831642
YHR195W,0.119565285742283,-0.924517273902893,0.0118467154034966,0.0429337627305003,0.0982136476784945,0.144495072588325,-1.00782815931542,-0.840146962511498
YHR197W,0.297784507274628,-0.526577174663544,0.0139553685863811,0.0203816808149806,0.27166842892766,0.325032242635886,-0.565960828813732,-0.48807355741017
YHR198C,0.195954874157906,-0.710094273090363,0.02000078917321,0.0442186280356703,0.159198810781042,0.238429785271486,-0.798060181523212,-0.622639492378128
YHR199C,0.307016670703888,-0.514789044857025,0.0291662203557347,0.0411666038430617,0.253239392737548,0.369552712887526,-0.596468736630141,-0.432323608220451
YHR200W,1.91018033027649,0.279014885425568,0.187001240489028,0.0422441786708076,1.5759823123614,2.31176713109016,0.197551338391007,0.363944071483715
YHR201C,0.916605353355408,-0.0386263988912106,0.0559508481695625,0.0265001953414839,0.810602366924286,1.03045500715574,-0.0911921324711384,0.013029031712807
YHR205W,0.467138856649399,-0.33098766207695,0.0208318532539666,0.0193745736442462,0.427817344665527,0.50816281636556,-0.368741612144503,-0.293997116630794
YHR206W,0.223312258720398,-0.651636838912964,0.0112389553180836,0.0218490581404555,0.20229523802797,0.246028281127413,-0.694014340427396,-0.609014967591396
YHR207C,0.301783412694931,-0.520988881587982,0.0169753959741471,0.0243719691751996,0.270130084455013,0.337252348661423,-0.568427045811246,-0.47204501717231
YHR208W,5.45914602279663,0.736321449279785,0.332328214797915,0.026384950323727,4.8376300017039,6.14618062973022,0.684632616677084,0.788605319562137
YHR209W,0.0865831971168518,-1.06566905975342,0.0103711923621046,0.0519982770954752,0.0675137151032686,0.108136925163368,-1.1706079937389,-0.966025984594992
YHR210C,0.0172913130372763,-1.76881444454193,0.00303532572343363,0.0761116627371078,0.0119237190112472,0.0240463452258458,-1.92358828123163,-1.61895093946391
YIL160C,0.00125007191672921,-2.9562840461731,0.000608666592912216,0.223607557444902,0.000353126786649227,0.00269913264395048,-3.45206933751277,-2.56877582179916
YIL156W,0.0826295241713524,-1.08340764045715,0.00412898424876419,0.0216994928899336,0.0747344046831131,0.0910176266605655,-1.12647942131724,-1.04087449327226
YIL155C,0.167146161198616,-0.777549088001251,0.00910964802755903,0.0236389953529214,0.150258611887693,0.185780242085457,-0.823160630829415,-0.731000475538985
YIL154C,0.305564910173416,-0.516330420970917,0.024873540386266,0.0353248381897318,0.2592954116563,0.357000489532947,-0.586205168875915,-0.447331190395828
YIL152W,0.0540915839374065,-1.27984380722046,0.0133029312643382,0.106553486445628,0.0324018626473844,0.0840789358442028,-1.48943002482206,-1.07531280669058
YIL150C,0.0847289487719536,-1.07298731803894,0.00581230220456934,0.0297612911514835,0.0739500031496088,0.0966479331254959,-1.13106180472151,-1.01480742918628
YIL149C,0.116279602050781,-0.934896409511566,0.00500457387645261,0.0187200678325568,0.106641258982321,0.126135142395894,-0.972074738731642,-0.899163898845131
YIL144W,0.126203462481499,-0.899641394615173,0.00724601594985661,0.0249040196359727,0.112501972106596,0.141206740463773,-0.9488398645099,-0.850144571955384
YIL143C,0.256690204143524,-0.59108704328537,0.0122619359750486,0.0207533078592941,0.233160417402784,0.281274717797836,-0.632345179280709,-0.550869302398294
YIL142W,1.97580742835999,0.295165538787842,0.102206198515617,0.0224502955498396,1.78512768745422,2.18303245306015,0.251669285640324,0.339060191998208
YIL140W,0.348109006881714,-0.458743304014206,0.0160123861413533,0.0199797514211513,0.317490415275097,0.379875007271767,-0.498269382075528,-0.420359278749201
YIL139C,0.0965612381696701,-1.02230727672577,0.0176105539550578,0.0785890061945188,0.0666583628083269,0.135510639225443,-1.17614538816008,-0.868026606344815
YIL137C,0.607696712017059,-0.216702446341515,0.0256884523608049,0.0183989520567923,0.556867377460003,0.658098648985227,-0.254248223736359,-0.181709001180134
YIL136W,0.223184883594513,-0.652552962303162,0.0167586819021963,0.0324723289914472,0.192958373576403,0.257565049827099,-0.714536371249557,-0.589113073286123
YIL135C,0.238687738776207,-0.623198211193085,0.0164631603693838,0.0298938069111261,0.208109485109647,0.273309449851513,-0.681708125432177,-0.563345352037852
YIL131C,0.335797399282455,-0.47474879026413,0.0207346774166701,0.0267940349592652,0.296630328148603,0.377955833325783,-0.527784453433248,-0.4225589475465
YIL128W,0.22187514603138,-0.654340982437134,0.0100995246585435,0.0197577795447553,0.202957586695751,0.242434074108799,-0.692594711393804,-0.615406340411998
YIL126W,0.445543348789215,-0.351448655128479,0.0175597853489629,0.0171463602364954,0.411328691989183,0.479471322894096,-0.385810995489706,-0.319237362939556
YIL125W,0.856354892253876,-0.0677056238055229,0.0347856652706114,0.0176648971863608,0.78780534863472,0.924193320671717,-0.103581074993194,-0.034237174543724
YIL122W,0.0321186818182468,-1.49726855754852,0.00438167924571065,0.0592589213041851,0.0242486292341103,0.0416112788642446,-1.6153128292015,-1.38078894336543
YIL121W,0.261504083871841,-0.583295583724976,0.0156233342407832,0.025957585112516,0.231817708164454,0.292586776117484,-0.634853392575851,-0.533745306352676
YIL119C,0.215765327215195,-0.667326092720032,0.0167921942396174,0.0337141416381771,0.184909492731094,0.251291240006685,-0.733040792816445,-0.599822660857934
YIL118W,0.763859689235687,-0.122161999344826,0.119533380009491,0.066812757645013,0.564936857422193,1.02231431007385,-0.248000092008936,0.00958443997150893
YIL117C,0.381006896495819,-0.420679241418839,0.032989449020188,0.0373893609435043,0.321484990417957,0.451752516130606,-0.492839298839057,-0.345099465124438
YIL116W,0.821295142173767,-0.086523212492466,0.0564186415969925,0.029804345695478,0.71588447590669,0.939132605493069,-0.145157056618695,-0.0272730874101752
YIL115C,0.596111476421356,-0.224989265203476,0.0227661912625284,0.016601007641608,0.552695989608765,0.640185933808486,-0.257513686670446,-0.193693872439602
YIL114C,0.283729583024979,-0.549699187278748,0.03118014257514,0.0475054529198789,0.227522643655539,0.34971570794781,-0.642975375944796,-0.456284861252363
YIL108W,0.247068122029305,-0.607780516147614,0.012975337096385,0.0228177372508783,0.22279491238296,0.273564421633879,-0.652094735103429,-0.56294038536782
YIL107C,0.107116870582104,-0.970810770988464,0.00593679504450535,0.0241150063582482,0.0956088492025932,0.119006907753646,-1.0195019120955,-0.924427834412179
YIL106W,0.292273879051208,-0.536080300807953,0.0272069782279156,0.0403049020413048,0.242502329995235,0.350427972525358,-0.615284085592201,-0.455401234103209
YIL103W,0.351047039031982,-0.455607801675797,0.0235248331820998,0.0290414624025553,0.307641267031431,0.399946048607429,-0.511955409602695,-0.397998590351249
YIL101C,0.0299353674054146,-1.52552175521851,0.00265603698935786,0.0385248299595367,0.0251212174538523,0.0355652198195457,-1.59995931799847,-1.4489745026945
YIL097W,0.0407869704067707,-1.39121210575104,0.00363728396218903,0.0388560636814623,0.0338921240220467,0.0482263676201304,-1.46990121339248,-1.31671546208952
YIL094C,1.71274042129517,0.232783660292625,0.111019967045926,0.0280506505241344,1.50604300896327,1.94730847279231,0.177837373611692,0.289434751934084
YIL093C,0.337207555770874,-0.474653869867325,0.0367431640625,0.0470145799790735,0.27186655625701,0.416633839656909,-0.565644220091995,-0.380245461593659
YIL091C,0.396710395812988,-0.401991665363312,0.0183715432188822,0.0201391312500359,0.361185547461112,0.432854844133059,-0.442269637419109,-0.363657717891899
YIL090W,0.153330758213997,-0.815310776233673,0.0100754813674735,0.0286143185554454,0.133668222775062,0.17363478243351,-0.873971826333149,-0.760363272789456
YIL088C,0.299973547458649,-0.523658990859985,0.0175311235044628,0.0254119086925747,0.266971242179473,0.334982188045979,-0.573535517804087,-0.474978285687394
YIL085C,0.204407334327698,-0.690332412719727,0.0126220250958974,0.0268079858105393,0.180493840326866,0.229920890554786,-0.743537616673831,-0.638421567164099
YIL084C,0.167751252651215,-0.777281939983368,0.0159492670591484,0.0411025004285323,0.138679440071185,0.201550753290455,-0.857987923445674,-0.695615575486994
YIL083C,0.433986276388168,-0.363646894693375,0.0312339678260012,0.0312108590082678,0.374532286574443,0.498314760128657,-0.426510738318776,-0.302496248857477
YIL079C,0.279670149087906,-0.554624915122986,0.0214239681456069,0.0332422621857267,0.239748452231288,0.324323181062937,-0.620244187917405,-0.489022012609443
YIL078W,6.21104049682617,0.792746424674988,0.272920678681933,0.0190866066629068,5.6914621035258,6.75209840933482,0.755223848454533,0.829438763313812
YIL077C,0.0865200161933899,-1.06530058383942,0.00914859369103494,0.0458508940243541,0.0698755933592717,0.105869101608793,-1.15567449213028,-0.975230773863167
YIL076W,1.86664593219757,0.269742965698242,0.146002880946568,0.0338031601575112,1.60014423628648,2.18086939851443,0.204159130060555,0.338629657573962
YIL075C,1.72732543945312,0.237023562192917,0.0694120016742022,0.0174639665573293,1.59352066218853,1.86384289960066,0.202357698921847,0.270409303129975
YIL071C,0.0367755480110645,-1.43672287464142,0.00377396871010796,0.0445595909373927,0.0298643080983311,0.0446943252036969,-1.52484754423199,-1.34974761562307
YIL070C,1.22746169567108,0.0872677639126778,0.110130231571203,0.0388798736111574,1.02512748936812,1.45348101953665,0.0107778779192384,0.162409364848419
YIL067C,0.0800205320119858,-1.09767782688141,0.00510290425621597,0.0276704571740754,0.0704688638448715,0.0905264026795824,-1.15200273220979,-1.0432247375191
YIL063C,0.957512676715851,-0.0200920030474663,0.0723250151499456,0.0327853681015938,0.821854167679946,1.10502207974593,-0.0852052383254601,0.043370955807989
YIL061C,0.157915145158768,-0.803833544254303,0.016119671226478,0.0442819023435928,0.128171244636178,0.191902590791384,-0.892209398648489,-0.716919171971204
YIL056W,0.100743345916271,-0.997555673122406,0.00602050449194511,0.0259359940162044,0.0894736097504695,0.11305383592844,-1.04830504546719,-0.946714697411574
YIL055C,0.0406377129256725,-1.39248609542847,0.00327855753807346,0.0350544335970558,0.0345877621633311,0.0473249772253136,-1.46107754115192,-1.32490958649556
YIL053W,20.0458545684814,1.29918122291565,2.31235101580759,0.0495967920370311,16.0117835998535,24.9963452974955,1.20443971195864,1.39787650478344
YIL050W,0.250932574272156,-0.602403998374939,0.0239316436825483,0.0412270455721568,0.20817480434974,0.300786348432302,-0.681571837264985,-0.521741883641776
YIL049W,0.0739429891109467,-1.13734233379364,0.0126051209294356,0.0736904098621326,0.0517522105947137,0.101738731438915,-1.28607110653766,-0.992513681955944
YIL048W,0.195879191160202,-0.708419620990753,0.00849059109306449,0.0188354570372708,0.179665266846617,0.212907493735353,-0.745535874508055,-0.671809052386076
YIL047C,0.227133736014366,-0.644190788269043,0.0106429780255585,0.0203216581950405,0.207078618556261,0.248903378471732,-0.683864745850887,-0.603969208793551
YIL044C,0.515980899333954,-0.28920316696167,0.0476379174593497,0.0399104282103486,0.428845525036256,0.619990930954615,-0.3676991175224,-0.207614663189597
YIL042C,0.064526192843914,-1.19212698936462,0.00597966298971929,0.0402889782204929,0.0532113201916218,0.0769663321475188,-1.27399596594234,-1.11369923188214
YIL039W,0.692107558250427,-0.160476624965668,0.0379478675392639,0.0237791105454995,0.621275505920251,0.770248196025689,-0.206715768317181,-0.11336931032502
YIL038C,0.553487658500671,-0.257314652204514,0.0244049675213154,0.0191685831231138,0.506389880180359,0.600708496073882,-0.295514981970588,-0.221336225608014
YIL036W,0.322099268436432,-0.492655336856842,0.0175654196519399,0.0236960482766891,0.288643431166808,0.357718043774366,-0.539638321577258,-0.446459154038315
YIL035C,0.577894806861877,-0.239149555563927,0.0392487140569386,0.0294477837830015,0.505534979204337,0.660418092707793,-0.296248789134034,-0.180181037394839
YIL034C,0.895675659179688,-0.0496666952967644,0.082364868499753,0.0396618798563414,0.747075941661994,1.07545483112335,-0.126635254004337,0.0315921748296435
YIL033C,0.930240154266357,-0.0323233790695667,0.0605527198185377,0.0282599673588593,0.817324011027813,1.05522608757019,-0.0876057423670696,0.0233455194106848
YIL026C,0.188373550772667,-0.725392520427704,0.00821561237199812,0.0189788983055592,0.172711688652635,0.204243302345276,-0.762678269588281,-0.689852176177092
YIL023C,0.136814251542091,-0.865632832050323,0.0123577734664082,0.0391355769748258,0.114277765154839,0.162743805348873,-0.942038261380053,-0.788495540617897
YIL022W,0.687883913516998,-0.163330391049385,0.0429765778152163,0.027122330162079,0.606356504062811,0.775632480283578,-0.217271960403009,-0.110344012754016
YIL020C,0.435615569353104,-0.363623321056366,0.0490060948475733,0.0486233111181087,0.348123239477475,0.539452036221822,-0.458266985141121,-0.268047163366011
YIL019W,0.372397482395172,-0.430364549160004,0.0296896317306415,0.0345161920211009,0.318457487970591,0.434807612250249,-0.496948534983549,-0.361702865584668
YIL015W,2.08175110816956,0.317884385585785,0.104228582954939,0.0217410035626589,1.88490074177583,2.29025853474935,0.275288485058592,0.359884510159131
YIL014W,0.173024922609329,-0.762632966041565,0.0101079810777946,0.0253800269163203,0.1533977030466,0.193519947553674,-0.814181144237734,-0.713274262896115
YIL011W,0.101223826408386,-0.999335169792175,0.0148520646563787,0.0632952300865332,0.0750028789043427,0.134166672825813,-1.12492206636465,-0.872355350078757
YIL006W,0.0255970768630505,-1.59647870063782,0.00376127663294114,0.0637995170382061,0.0188947627165665,0.0336984699591994,-1.72365860156081,-1.47238983030392
YIL005W,0.445800542831421,-0.351386845111847,0.0219515553457139,0.0214083774189953,0.403901656965415,0.489655346423387,-0.393724365181431,-0.310109499764245
YIL002C,0.0784464702010155,-1.1060848236084,0.00432078712519741,0.0239125088449039,0.070308479356269,0.0871751626953483,-1.15299229506551,-1.05960723354043
YIR003W,0.41703799366951,-0.380377769470215,0.0210476377077911,0.0219276497107788,0.377442270517349,0.459416714558999,-0.423149463936781,-0.337793209450404
YIR004W,0.489101111888885,-0.311491757631302,0.0313259018819126,0.0278070080098451,0.430091845740875,0.552571487426758,-0.366438792558669,-0.257611528372361
YIR006C,0.920991897583008,-0.036132425069809,0.0390421844344486,0.0183945248008497,0.847933804492156,0.999825210869312,-0.0716380504330632,-7.59173531940263e-05
YIR008C,0.333538085222244,-0.477822303771973,0.0223345947870256,0.028993796222539,0.292674890657266,0.380367284764846,-0.533614535867195,-0.419796844365452
YIR010W,0.124349936842918,-0.906288862228394,0.00816480901618427,0.028518376723865,0.108821776074668,0.141087534278631,-0.963284190290218,-0.850511357192297
YIR011C,0.300505489110947,-0.523956954479218,0.0275219026833853,0.039606267367012,0.249634944275022,0.358810382336378,-0.602694621646073,-0.445134998953956
YIR012W,1.25070786476135,0.096295103430748,0.0788749079021741,0.0273399211978783,1.10365998744965,1.41468861897786,0.0428352977425784,0.150660859078225
YIR016W,0.00526121351867914,-2.32106232643127,0.00231694571640884,0.196538017640466,0.00180840388541886,0.0108054536705216,-2.74270614878682,-1.96635699576149
YIR018W,0.186329752206802,-0.734804391860962,0.0288077239131538,0.0663573982962931,0.136793586487571,0.250037593642871,-0.86393426386731,-0.601994689391645
YIR021W,0.114093661308289,-0.944596588611603,0.0105649285585474,0.0401655965718734,0.0944856420780222,0.136240777373314,-1.02463418173056,-0.865692933339653
YIR025W,0.0762627050280571,-1.11958277225494,0.00711141860890794,0.0405855020062797,0.0631294325614969,0.0908161669348677,-1.19976811470228,-1.04183683935986
YIR026C,0.471194088459015,-0.327959805727005,0.0344732298681715,0.0317437809067266,0.406979628900687,0.541787555317084,-0.390427329864276,-0.266170978365226
YIR029W,0.0151644451543689,-1.82652163505554,0.00278662737715031,0.0803311554647462,0.0102052990036706,0.0212593838106841,-1.99117435079822,-1.67244933167291
YIR030C,0.10055436193943,-1.00389468669891,0.0171915789797903,0.0740961674982056,0.0707153904562195,0.138215917845567,-1.15048605642635,-0.859441938140907
YIR031C,0.00595828518271446,-2.23246765136719,0.0011131709074785,0.0815974327757105,0.00401744385793184,0.00831646287503342,-2.39605018889141,-2.08006134840857
YIR033W,0.3490289747715,-0.45749619603157,0.0141847721256206,0.01766373480043,0.321567666530609,0.377238184461991,-0.492727625824068,-0.423384354141467
YIR035C,0.316382944583893,-0.503397285938263,0.0410622093776103,0.0559141892972326,0.245593532919884,0.404640579471985,-0.609783073419254,-0.39293056690322
YIR038C,0.516450941562653,-0.291976779699326,0.0795325705047656,0.0656971765869093,0.382551055401564,0.696200201908747,-0.41731059609668,-0.157265855862798
YIR042C,0.00318003748543561,-2.61483001708984,0.00233337884528146,0.343742630619471,0.000407817629456986,0.00929996056171755,-3.38953401240273,-2.03151890484675
YJL216C,0.0016795767005533,-2.80115103721619,0.000581641535523971,0.154217065620307,0.000738574657589197,0.00304423621855676,-3.1316055981987,-2.5165216513642
YJL213W,0.00149174872785807,-2.90716767311096,0.000894890662587692,0.281191303168101,0.000292732503294246,0.00365748961727755,-3.53352906152851,-2.43681701329432
YJL207C,0.174852848052979,-0.757662296295166,0.00686867519091343,0.0170551023560056,0.16178336540858,0.188559533655643,-0.791066136932601,-0.724551504643835
YJL204C,0.172006323933601,-0.764990448951721,0.00856380377472334,0.0215982910706929,0.155840069055557,0.189462423324585,-0.807320868021666,-0.722476912139219
YJL203W,0.203599080443382,-0.693818867206573,0.0223421579032159,0.0474543556115672,0.163915866240859,0.251071660965681,-0.785379007275719,-0.600202304694961
YJL201W,0.199415177106857,-0.700959503650665,0.0114815981106391,0.0249548398455317,0.178206235046188,0.223247044533491,-0.749077105237795,-0.651214281891355
YJL200C,0.700111389160156,-0.155276447534561,0.0316374313544124,0.019638526128506,0.639878928661346,0.76482369552056,-0.19390219099793,-0.116438666585595
YJL197W,0.191821351647377,-0.71749347448349,0.00814456001455044,0.0184533889522094,0.175846036275228,0.20782384549578,-0.754867416747077,-0.682304623811961
YJL196C,1.61662626266479,0.207207128405571,0.130404228828741,0.0348556902980037,1.3778410255909,1.89899015426636,0.139199111394379,0.278522713047246
YJL194W,0.141767352819443,-0.849240839481354,0.00870393549147493,0.0266399251763445,0.125289216140906,0.15983520783484,-0.902086308997803,-0.796327549948979
YJL193W,0.108763597905636,-0.965097486972809,0.00928020472394735,0.0370616056394056,0.0916708909596006,0.127717732017239,-1.03776856917955,-0.893748803079586
YJL192C,1.83701467514038,0.260519564151764,0.237890587729966,0.0558129711408903,1.42596012751261,2.33957203626633,0.154107377622721,0.369136419792739
YJL187C,0.0753208771348,-1.12380194664001,0.00432468642931342,0.0249428723150087,0.0671514560778936,0.0840717032551765,-1.17294456796236,-1.07535015388138
YJL186W,0.999133408069611,-0.00091913336655125,0.0499249880040997,0.0217278231285414,0.90307080745697,1.09736997882525,-0.0442781964392698,0.0403530747816302
YJL185C,0.0576897040009499,-1.2431184053421,0.00806973848460656,0.0605432986156885,0.0435850240290165,0.0750226476540168,-1.3606627179804,-1.12480761339754
YJL183W,0.795333981513977,-0.100316651165485,0.0503209068881843,0.027427331659685,0.702711164951324,0.89847131172816,-0.153223146166452,-0.0464957854000034
YJL180C,0.180329695343971,-0.745636522769928,0.015984457351616,0.0385087263064078,0.150996664663156,0.212728345145782,-0.821032646985882,-0.672174639743965
YJL178C,1.01672565937042,0.00532308965921402,0.0947908989207997,0.0404403871047483,0.847421916325887,1.21188720862071,-0.071900309422707,0.0834621988479213
YJL176C,0.333557218313217,-0.477267444133759,0.0149583560857047,0.0195210892354411,0.304614400366942,0.36276757568121,-0.516249569845466,-0.440371537345256
YJL171C,1.19217133522034,0.0755577087402344,0.0717238434424831,0.0260521392080084,1.05829761723677,1.33975623548031,0.024607818268246,0.127025779334026
YJL168C,0.325850307941437,-0.487478315830231,0.0156039327850581,0.0207763647500831,0.296529293060303,0.358155403286219,-0.527932397793628,-0.445928492670971
YJL167W,5.6186900138855,0.748653292655945,0.378907783741157,0.0292020724171551,4.9206080198288,6.40869470834732,0.692018770010134,0.80676957527892
YJL164C,0.35160955786705,-0.454936802387238,0.0239182857041211,0.0294221128444255,0.308283886810144,0.40062439913551,-0.51104917411428,-0.397262604579282
YJL163C,0.0385767444968224,-1.4152672290802,0.00329769284908257,0.0372735036088009,0.0322358155933519,0.0451804636977613,-1.49166134007281,-1.34504931618886
YJL162C,0.0840194225311279,-1.07642424106598,0.00510209128078257,0.0263807396587706,0.0743995541706681,0.0942749394103885,-1.1284296679346,-1.02560373838134
YJL160C,0.00980053283274174,-2.02548718452454,0.00272989793635376,0.121576688258417,0.00524019724689424,0.0160024464130402,-2.28065236581775,-1.79581361843993
YJL157C,0.388385653495789,-0.411163955926895,0.0171910575549849,0.0192411106589869,0.355436966568232,0.422612743328015,-0.449237406194113,-0.37405741151092
YJL156C,0.160871461033821,-0.794109642505646,0.00838609593643046,0.022597952356929,0.145664125680923,0.177826055511832,-0.836647393577927,-0.750004604951176
YJL155C,0.156277447938919,-0.807049214839935,0.0103211109344248,0.028693325169744,0.136652555068334,0.177535727620125,-0.8643822437898,-0.750714235584089
YJL154C,0.3608178794384,-0.443093359470367,0.0151032546088486,0.0181940585410056,0.331557809809844,0.390730327864488,-0.479440740215464,-0.408122878641106
YJL149W,0.138893231749535,-0.858022093772888,0.00787542749183131,0.0246905525386123,0.123576798227926,0.15431836831073,-0.90806306142799,-0.811582377595388
YJL148W,1.36445891857147,0.130503967404366,0.197510256018106,0.0620625467826056,1.02917603154977,1.79355340003967,0.0124896618002251,0.253714311572146
YJL147C,0.0612502917647362,-1.21519935131073,0.00630788251669744,0.0447994824639564,0.0497028054048618,0.0741198082144062,-1.30361909748462,-1.1300657130933
YJL146W,0.152080476284027,-0.81904399394989,0.0109210875345006,0.0311268628629491,0.13193690776825,0.174863159656525,-0.879633698783103,-0.757301678475387
YJL145W,1.02678871154785,0.00969584845006466,0.0934453374946994,0.0393516522703383,0.862096055348714,1.22188109457493,-0.0644443420827414,0.0870289412720299
YJL139C,0.116017684340477,-0.936835169792175,0.00918906492524082,0.034375156326372,0.0987730745226145,0.134821725760897,-1.00536143396999,-0.870240118344252
YJL137C,0.121314242482185,-0.917545914649963,0.00997776894004956,0.0355599277892074,0.103002503762643,0.142071668058634,-0.987152218825413,-0.847492520495861
YJL134W,0.346395373344421,-0.461526125669479,0.0246640189082546,0.0309083477200686,0.300247736026843,0.397083976368109,-0.522520258670545,-0.401117637894341
YJL133W,0.209253072738647,-0.681234419345856,0.0196242057571617,0.0406768036403109,0.172626219938199,0.250848662356536,-0.762893241406593,-0.600588212244968
YJL131C,0.104731604456902,-0.981967091560364,0.0101963643267044,0.0421171657277035,0.0863528241713842,0.126415407533447,-1.06372345483272,-0.898199991716611
YJL130C,3.22774577140808,0.508637130260468,0.111806973221859,0.0150569319418818,3.0104941089948,3.44584731062253,0.478637781642152,0.537296026117522
YJL128C,0.317505806684494,-0.498852491378784,0.0167374675496197,0.0229183049682017,0.285974978407224,0.350775763392448,-0.543671964571461,-0.454970421698314
YJL127C,0.0955408290028572,-1.02068436145782,0.00606526758601599,0.0275840492865637,0.0839674143120646,0.108027063310146,-1.07588922159192,-0.96646743203122
YJL126W,0.122124679386616,-0.91604483127594,0.0140439301226039,0.0496969413259505,0.097113368101418,0.151524888103207,-1.01272098347663,-0.819516071093962
YJL125C,0.468927443027496,-0.330048859119415,0.0342779620025175,0.0316715033145459,0.406095920999845,0.53902476678292,-0.391371375024998,-0.268391281197865
YJL121C,2.36169815063477,0.3693687915802,0.317990633612173,0.0577577516967482,1.81658885379632,3.05557431976,0.259256625517249,0.485092842817736
YJL117W,1.59950995445251,0.202606722712517,0.128189064210232,0.0345967612546483,1.3710061510404,1.86759504675865,0.137039403244951,0.271282713422951
YJL116C,0.0281037501990795,-1.55602157115936,0.00418370064008992,0.064569563160337,0.0207056423649192,0.0371246295670668,-1.68391131951094,-1.43033788050174
YJL115W,0.625070095062256,-0.206142157316208,0.0613051204299078,0.0423505360784705,0.515702689687411,0.756057773530483,-0.287600603531574,-0.121445017886163
YJL111W,1.66405177116394,0.220566868782043,0.0876490531481199,0.022835076072369,1.49833557009697,1.84329984088739,0.175609089476023,0.26559598458818
YJL110C,0.177254289388657,-0.752298831939697,0.0113804759303774,0.0278822587859566,0.155444753045837,0.200206053256989,-0.808423933753536,-0.698522795968018
YJL109C,0.564394891262054,-0.248707592487335,0.0206447229110317,0.0159057771985673,0.524713456630707,0.603742148975531,-0.280077797883762,-0.219148503746956
YJL107C,0.0722490549087524,-1.14315497875214,0.00690968468677331,0.0415251228855337,0.0595579425493876,0.086618563781182,-1.22506031374983,-1.06238902303991
YJL106W,0.000676706724334508,-3.22086143493652,0.000323947411429393,0.21916653791002,0.000196413966477849,0.001486248105842,-3.70682767174995,-2.82790868747238
YJL102W,0.0472973734140396,-1.32623028755188,0.00331054134618106,0.0304339894897692,0.0409818394420048,0.0540383795586725,-1.38740855286526,-1.26729768374009
YJL101C,0.278373539447784,-0.555961549282074,0.014523084053109,0.0226732910848261,0.250287821143866,0.307600219051043,-0.601560283990183,-0.512013359596799
YJL100W,0.0451401770114899,-1.34678423404694,0.00355009360126465,0.0341813972590468,0.0385453946578006,0.0523018945318957,-1.41402750576108,-1.28148258970869
YJL095W,0.0699057728052139,-1.15596163272858,0.00325695864055413,0.0202643849638056,0.0636404380202293,0.0763317417353392,-1.19626684104802,-1.11729482779458
YJL094C,0.12154632806778,-0.915852546691895,0.00635476241871603,0.0227248659353031,0.109314631422361,0.13422791150709,-0.961321705679325,-0.872157167158205
YJL092W,0.084541492164135,-1.0734783411026,0.00424449765706941,0.0218421937234369,0.076347272656858,0.0930542551601926,-1.11720647285345,-1.03126376353391
YJL091C,0.28746634721756,-0.542204976081848,0.0173964809339239,0.0262619308463541,0.254615346342325,0.322865211715301,-0.59411542381405,-0.490978747112297
YJL088W,0.0564528740942478,-1.25127696990967,0.00662067883152859,0.050707876400876,0.0446884585854908,0.0705772003779808,-1.34980463064299,-1.15133561386476
YJL087C,0.286300390958786,-0.543642461299896,0.01321759849682,0.0200735894578882,0.260743773728609,0.312373423328002,-0.583786053292431,-0.505325926771804
YJL085W,0.152635782957077,-0.816999316215515,0.00839135727834245,0.0238733251814937,0.136925584698717,0.169336506848534,-0.863515396091188,-0.771249404883459
YJL084C,0.120346389710903,-0.920064628124237,0.00576073662926063,0.0207740301617569,0.109418789856136,0.13184979557991,-0.960908093702476,-0.879920539200739
YJL082W,0.237620756030083,-0.624652981758118,0.0118366878219761,0.0216480006377277,0.214727007970214,0.261741732060909,-0.668113332144691,-0.582127028130164
YJL079C,0.646652221679688,-0.1908940076828,0.0551273673678057,0.0368262283544277,0.54758510440588,0.762412526706854,-0.261548374376306,-0.117809979112516
YJL078C,0.741602659225464,-0.130211219191551,0.0311582240247062,0.0182341563649194,0.682745099067688,0.804172180593014,-0.165741408662412,-0.0946509550110728
YJL076W,0.536019027233124,-0.271175116300583,0.0216925140618688,0.0176379531724596,0.492883117000262,0.577724754810333,-0.307256057825343,-0.238279023064102
YJL074C,0.294446289539337,-0.531373500823975,0.0122863801273014,0.0181574973680819,0.270107044279575,0.318084321171045,-0.568464089546984,-0.497457737368292
YJL073W,0.17342709004879,-0.761462032794952,0.00895304165837975,0.0224284515036157,0.15631743495663,0.19176950789988,-0.805992579994209,-0.71722044641201
YJL070C,0.0588868595659733,-1.23068678379059,0.00336320167258302,0.0247644834526099,0.0526832565665245,0.0657230826094747,-1.27832738737087,-1.18228208032986
YJL068C,0.991293668746948,-0.0051786582916975,0.079152773539439,0.0346414101644585,0.845694243907928,1.15317463874817,-0.072786625359464,0.0618950825777387
YJL062W,0.309813112020493,-0.509364247322083,0.014329882733062,0.020084683596225,0.282745451728503,0.338518451650937,-0.548604372599603,-0.470417654649677
YJL061W,0.329943895339966,-0.482047647237778,0.0156435958279641,0.0206007095180855,0.30035099213322,0.361064772307873,-0.522370929279795,-0.442414884617939
YJL060W,0.502226173877716,-0.299918174743652,0.0308451589980073,0.0266629798323151,0.444578816990058,0.565220621724923,-0.35205123919333,-0.247782001580185
YJL059W,0.0924418792128563,-1.03596711158752,0.00853424426930772,0.0399071100817415,0.0766489082326492,0.110443802364171,-1.11549402706862,-0.956858651117256
YJL057C,0.0636957809329033,-1.19685220718384,0.00423019913760235,0.0288838528922832,0.0556617519507806,0.0724269226193428,-1.25444312840902,-1.14009996734424
YJL055W,1.13528728485107,0.0521128475666046,0.134217717196717,0.0508991326638131,0.902533784508705,1.42690627674262,-0.0445365332128564,0.154395448021445
YJL054W,0.312359571456909,-0.50609815120697,0.0184071899130161,0.0256145090723264,0.277527176837126,0.349613785743713,-0.55669448240233,-0.456411450882077
YJL053W,0.363965749740601,-0.439953029155731,0.0248962715169304,0.029656810842435,0.317342125127713,0.415394799162944,-0.498472274298587,-0.38153894545204
YJL051W,0.0899806246161461,-1.04647529125214,0.00483370784518861,0.0233075730333003,0.0809061991671721,0.0996286943554878,-1.0920182007512,-1.0016155611195
YJL050W,0.940940499305725,-0.0267749391496181,0.0370298902145246,0.0171133951984636,0.870245685180028,1.01316857337952,-0.0603581213566634,0.0056817103136023
YJL049W,0.131474196910858,-0.882315933704376,0.00961282139490695,0.0316473134059435,0.113918738315503,0.151584446802735,-0.943404833686123,-0.819345357521843
YJL047C,0.0736116096377373,-1.13380062580109,0.00431621427461062,0.0254722118877114,0.0655392686525981,0.082291901173691,-1.18349840918367,-1.08464290415532
YJL044C,0.184765741229057,-0.734428882598877,0.0128554963923623,0.030210178948481,0.160900692641735,0.210713226472338,-0.793442086399663,-0.676308204190237
YJL043W,0.00463468302041292,-2.3828239440918,0.00218986736798932,0.212094638727051,0.00148174800948861,0.00988728721470882,-2.82922569610151,-2.00492286418315
YJL041W,1.32792389392853,0.122764088213444,0.057647244646971,0.0188704564303862,1.21611679792404,1.43964223762353,0.08497528714415,0.15825457991723
YJL039C,0.428365528583527,-0.36850968003273,0.0165319490886601,0.0167962459166402,0.396369344741106,0.459776223947604,-0.401899941353087,-0.337453491024016
YJL036W,0.267317026853561,-0.573984444141388,0.0182938141662588,0.0296077555635679,0.234053932627042,0.306129852930705,-0.630684058172254,-0.514094318716424
YJL035C,0.0826607942581177,-1.08945071697235,0.0146376644693523,0.0766799895027498,0.0572249076329172,0.114094056934118,-1.24241493261621,-0.942737033260508
YJL033W,0.619684934616089,-0.208293333649635,0.0286222305558881,0.0200602550454724,0.565705239772797,0.676353324453036,-0.247409798643587,-0.16982637097439
YJL031C,0.257064133882523,-0.591693103313446,0.023028252844948,0.0388381700527277,0.214785309508443,0.305656395604213,-0.667995426122843,-0.514766512575554
YJL020C,0.855229675769806,-0.0682712495326996,0.0344999449167339,0.0175222786253065,0.789534118274848,0.922746453185876,-0.102629102947923,-0.0349176154556205
YJL019W,0.179401576519012,-0.746902465820312,0.0104039243562416,0.0251628454463142,0.159722974399726,0.200880818689863,-0.796632611168701,-0.69706153041304
YJL016W,0.0663680285215378,-1.17930507659912,0.00507578119419897,0.0331479975315829,0.056945096856604,0.0770849214245876,-1.24454366405283,-1.11303056607323
YJL014W,2.19915127754211,0.341663479804993,0.114774091835434,0.0226811133833973,1.98206980625788,2.43369946479797,0.297118945655817,0.386266946580764
YJL010C,0.615235388278961,-0.211447313427925,0.0292423784513835,0.0206523179341716,0.558269641796748,0.672784435252349,-0.25315599159927,-0.172124065032617
YJL006C,0.140460357069969,-0.85469001531601,0.0143106348195568,0.0441719726636311,0.114154890179634,0.170314410453041,-0.942505479420871,-0.768748608988622
YJL002C,1.52404797077179,0.182308927178383,0.0860687250990067,0.0244667676415569,1.36333445509275,1.70078237255414,0.134602408029176,0.230648742561263
YJR001W,0.459475338459015,-0.338358372449875,0.0245530914419961,0.0232101856231568,0.413064257800579,0.50864951411883,-0.383982383410552,-0.293581366143339
YJR002W,0.610992610454559,-0.214575588703156,0.0325092538568168,0.0230640874451373,0.551755460600058,0.677764475345612,-0.2582533603463,-0.168921198209904
YJR003C,0.204475358128548,-0.690221071243286,0.0128884214492025,0.027351315550151,0.180200468127926,0.230036723862092,-0.744244085157741,-0.63820282646917
YJR004C,0.00753542268648744,-2.12808465957642,0.0011610957386525,0.0674585145218098,0.00541521268508707,0.00995935624620567,-2.26638448417844,-2.00176873588753
YJR005W,0.204466834664345,-0.689962089061737,0.0106296226149173,0.0226102432772651,0.184133455902338,0.225299298514922,-0.734867295952442,-0.647240161554229
YJR006W,0.171952068805695,-0.765555858612061,0.0114633512561203,0.0289238789001757,0.150551330546538,0.19516278381149,-0.822315403775654,-0.709602995719426
YJR007W,4.13541078567505,0.614935517311096,0.35479315809891,0.0370707923061203,3.49381590684255,4.89375941356023,0.543300017643877,0.689642611862362
YJR008W,0.0421776622533798,-1.37912154197693,0.00586859590946971,0.0605716962081836,0.031467315989236,0.0545067417124907,-1.50214031694837,-1.26354977849397
YJR010W,0.225873827934265,-0.646999359130859,0.0142868627457181,0.0274478641730584,0.19944133485357,0.255426048487425,-0.700184828350694,-0.592734815236569
YJR011C,0.101036660373211,-1.00067937374115,0.0156639663771822,0.066929616567833,0.0737459172184269,0.135120405380925,-1.13226201878047,-0.869279060514749
YJR013W,0.247333645820618,-0.607880055904388,0.0181643274503273,0.0318268621855015,0.214073088516792,0.285190068682035,-0.66943792603936,-0.544865603842987
YJR015W,1.02157211303711,0.00862022582441568,0.0558435491004323,0.0237528526638335,0.913989900052547,1.13372146189213,-0.0390586042261749,0.0545063681177114
YJR019C,0.114983327686787,-0.941390991210938,0.0111242956075124,0.0419754934949553,0.0945288287475705,0.138254881526033,-1.02443572349155,-0.859319525654658
YJR024C,0.634957492351532,-0.200906008481979,0.0829842421782545,0.0562088661163442,0.491684010873238,0.814779237906138,-0.308313923357343,-0.0889600461681532
YJR030C,0.105499938130379,-0.977434873580933,0.00594155814975088,0.0244446146056352,0.094378650188446,0.117422796785831,-1.0251262382656,-0.930247579773476
YJR031C,0.167643561959267,-0.775997877120972,0.00704125745201952,0.0182739185506517,0.154166758060455,0.181502138574918,-0.812009260184246,-0.741118253461374
YJR032W,0.639319896697998,-0.195258244872093,0.0429435379665508,0.0291281460707849,0.559423619508743,0.729233220219612,-0.252259201544908,-0.1371335565995
YJR033C,0.138369455933571,-0.859363496303558,0.00597600634866579,0.0187432315401655,0.127273368835449,0.150434938569864,-0.895262460318847,-0.822651287211115
YJR040W,0.223731130361557,-0.650803029537201,0.0110266934047285,0.0214017728237934,0.20306156873703,0.246059746171037,-0.692372263792925,-0.608959428340062
YJR041C,0.255177170038223,-0.593514919281006,0.0103426246502023,0.0176127972651619,0.235352684805791,0.275809925794601,-0.628280843102938,-0.559390108628096
YJR043C,0.252669543027878,-0.598899006843567,0.0206940530410482,0.0355084594844925,0.214636538550258,0.295144631713629,-0.668296353422356,-0.529965112732145
YJR046W,0.184705197811127,-0.734234929084778,0.010598351520054,0.0249155666269447,0.164420275638501,0.205920972923438,-0.784044629296051,-0.686299418932477
YJR049C,0.300272434949875,-0.52327024936676,0.0180833654771066,0.0261549376190679,0.266144741078218,0.33647978802522,-0.574882110950978,-0.473041021214929
YJR050W,0.185551583766937,-0.737369656562805,0.030612227529501,0.0712090395843485,0.132827319825689,0.250862080355485,-0.876712590566912,-0.600565018339083
YJR051W,0.414940387010574,-0.382706224918365,0.0234086497383179,0.0245372477795269,0.369970261553923,0.461841292430957,-0.431833187873741,-0.335507240356376
YJR053W,0.107202745974064,-0.970674335956573,0.00682573509754592,0.0276929408162257,0.0942373332257072,0.120953878636161,-1.02577701226145,-0.91738020065489
YJR054W,0.0722761228680611,-1.14225649833679,0.00548686189207017,0.0329957633203477,0.0620710896638532,0.0832928368200858,-1.20711063385888,-1.07939234629742
YJR056C,0.211639776825905,-0.679843723773956,0.0338212582692116,0.0686598475222991,0.154687299703558,0.284128863612811,-0.810545342422321,-0.54648464567885
YJR059W,0.333606064319611,-0.477243512868881,0.0156286671179707,0.0203768359505125,0.303350413839022,0.364023015399774,-0.518055408274856,-0.438871157320522
YJR060W,1.24713945388794,0.0949345976114273,0.0838493409332992,0.0291812771835888,1.09285668631395,1.41722944676876,0.038563213636222,0.151440160683325
YJR062C,0.171239241957664,-0.767343580722809,0.0113311156536564,0.028730106725882,0.150397645061215,0.194332530970375,-0.822758965157539,-0.711454493770909
YJR064W,2.49375224113464,0.396352648735046,0.119737225753099,0.0208589718465832,2.26675855318705,2.73552942276001,0.35540526300067,0.43704139031568
YJR066W,0.1258864402771,-0.900330543518066,0.00473675181365508,0.0163625292846556,0.116879816663762,0.135289564728737,-0.932260482673159,-0.868735700486668
YJR068W,0.396951258182526,-0.40239480137825,0.0287351804353841,0.0314050679019968,0.343556374311447,0.455744387706121,-0.464001989190878,-0.341278676161077
YJR070C,5.5799765586853,0.745540916919708,0.396662967842285,0.0307690927583334,4.85879802703857,6.41564882198969,0.686528846466644,0.807240583541898
YJR072C,1.01486527919769,0.00551468506455421,0.0652414824845441,0.0278585625394708,0.895189497371515,1.14975770413876,-0.0480850224128547,0.0606063273469785
YJR076C,1.05761086940765,0.0233118310570717,0.0724337625829184,0.0296921999247733,0.922636330127716,1.20456556479136,-0.0349694484234494,0.0808304434537739
YJR080C,0.313609212636948,-0.504539310932159,0.0205241823427455,0.0283799437719164,0.27476778998971,0.35601097519199,-0.561034183412361,-0.448536614814219
YJR088C,0.93014794588089,-0.0330755040049553,0.0808000874737376,0.0375858557748193,0.781862699488799,1.09826159477234,-0.106869505366881,0.0407057969763423
YJR089W,0.0764691010117531,-1.11718726158142,0.00427162383598189,0.02429114752408,0.0681798209125797,0.0850717625270287,-1.16634414393883,-1.07021456942207
YJR090C,0.130235016345978,-0.885726869106293,0.00596130121080071,0.0199072453950442,0.118738917075098,0.141964048147202,-0.925406916415713,-0.847821625111109
YJR091C,0.233396038413048,-0.632314622402191,0.0100947557550218,0.0187893818988736,0.214463067551454,0.253331126769384,-0.668647486473426,-0.596311445389972
YJR092W,0.48628643155098,-0.31341278553009,0.0181643178368126,0.0162427202511099,0.450972586870193,0.521551421781381,-0.345849856642756,-0.282702866558258
YJR093C,0.231642261147499,-0.636989653110504,0.0212257393343735,0.0395893259372168,0.193683948616187,0.276929581910372,-0.712906373162277,-0.557630651618053
YJR094C,0.0598949417471886,-1.22544836997986,0.00687193916453016,0.0496698967772827,0.0473519979976118,0.0746637629965941,-1.32466169335315,-1.12689012592558
YJR096W,0.267102271318436,-0.576025426387787,0.0299077170195554,0.0484592499469123,0.21273656077683,0.330490928639968,-0.672157866125154,-0.480840459342489
YJR098C,0.0649724528193474,-1.18822753429413,0.00430586963782452,0.0288235213511611,0.0568154715001583,0.0736125838632385,-1.24553338484872,-1.13304793801146
YJR099W,0.272600948810577,-0.570327997207642,0.0452796434620308,0.0711959825622562,0.195000689973434,0.374383947998285,-0.709963852568008,-0.426682783324094
YJR101W,0.381153047084808,-0.421684771776199,0.0434299623107896,0.0491128037626017,0.303166330605745,0.477113445599874,-0.518319034482171,-0.32137834677122
YJR107W,0.00107180292252451,-3.05726194381714,0.000680058206551617,0.291709839940704,0.000191084517670485,0.00279922236222774,-3.71877449965419,-2.55296261827951
YJR109C,0.879048943519592,-0.0563360042870045,0.0352335484073638,0.0174100392732249,0.812954317033291,0.947401098906994,-0.0899338586165238,-0.023466115909426
YJR111C,0.165106952190399,-0.784880638122559,0.018259231664491,0.0479274483766281,0.132248371591171,0.203522825365265,-0.878609668936292,-0.691386877837765
YJR116W,0.242316618561745,-0.618247985839844,0.0267553968365916,0.0478130837869222,0.194392792756359,0.297528662780921,-0.711319840981475,-0.52647119202467
YJR117W,1.02589666843414,0.0103490259498358,0.060526355988923,0.0255949540030439,0.914635992546876,1.14959516723951,-0.0387517131207833,0.0605449293740991
YJR122W,0.0803744122385979,-1.09619843959808,0.00626065391108783,0.0338855141307419,0.0684686564529935,0.0931173690284292,-1.16450819440865,-1.03096930339289
YJR124C,0.29615244269371,-0.529404282569885,0.0192723610176877,0.0282185324622743,0.260121769954761,0.336072079837322,-0.584823300011054,-0.473567567005484
YJR125C,1.07345426082611,0.0299053583294153,0.0685248653777173,0.0276225597991649,0.946053726474444,1.21569119294484,-0.0240841993296225,0.0848232704549423
YJR131W,0.331459313631058,-0.480239748954773,0.0184575024991199,0.0241556052953758,0.297232956935962,0.368951350450516,-0.526903038138267,-0.433030895694057
YJR132W,0.374751508235931,-0.426663041114807,0.0162228333462735,0.0188136034962966,0.343840317676465,0.407354212800662,-0.463643200623657,-0.390027788251943
YJR134C,0.152342170476913,-0.817836940288544,0.00839785437652634,0.023901159160905,0.136464480807384,0.169259918232759,-0.864980376339246,-0.771445873688252
YJR135C,0.0783698484301567,-1.11434769630432,0.0156033438496906,0.0860779357143958,0.051728667318821,0.113856934010983,-1.28626877214982,-0.943640515237627
YJR136C,0.0815940648317337,-1.0899178981781,0.00696223610472461,0.0369925259219181,0.0687699094414711,0.0961792341123025,-1.16260154755118,-1.01691868567274
YJR137C,0.325648009777069,-0.487596541643143,0.0129882985935956,0.0173262827513519,0.301061630000671,0.351617113252481,-0.521344591400215,-0.453929996083628
YJR139C,6.31570863723755,0.799398899078369,0.434391216277262,0.0298141402960046,5.51394605636597,7.21985198656718,0.741462513032506,0.858528294226824
YJR142W,0.478246837854385,-0.321580290794373,0.0361114548375534,0.0326912620586607,0.412077089399099,0.553172648946444,-0.385021537661211,-0.257139307370401
YJR144W,0.681267559528351,-0.169057965278625,0.0717029153208141,0.0453463485506877,0.555358535051346,0.836818345387777,-0.255426549680236,-0.077368810976706
YJR148W,4.49144887924194,0.651437640190125,0.29725939559926,0.0287083633965437,3.93184812664986,5.09299556016922,0.594596729595795,0.706973296809159
YJR149W,0.0044961255043745,-2.36374664306641,0.00123895420710737,0.121327973541932,0.00242132608351919,0.00727862355609734,-2.61594673391704,-2.13795078095635
YJR150C,0.0580424666404724,-1.24095034599304,0.00856135100253803,0.0639795876028972,0.0426775962114334,0.0767698585987091,-1.36980004992024,-1.11480925931313
YJR151C,0.000972079462371767,-3.03140187263489,0.000287349485915096,0.130617344919426,0.000494210285251029,0.00162364420345208,-3.30608823054696,-2.78950914343411
YJR152W,0.00102861586492509,-3.034334897995,0.000474551684208336,0.207173029018807,0.000335937453928636,0.00214623944290603,-3.47374170540869,-2.66832182861348
YKL221W,0.00322503666393459,-2.51111531257629,0.000966189254732708,0.132671014370776,0.00161828759592026,0.00537237083384146,-2.79094515576198,-2.2698340810519
YKL218C,0.138591587543488,-0.860341787338257,0.0136077838939618,0.04248110452812,0.113792330026627,0.168355328092972,-0.943887009815912,-0.773773134617212
YKL216W,4.51124811172485,0.653015732765198,0.347005492228761,0.0333385039224005,3.86982145706813,5.23427367607752,0.587690928326497,0.71885642084764
YKL215C,0.405079901218414,-0.392821609973907,0.0165405387807997,0.0177435442772327,0.373544269303481,0.437595550219218,-0.42765792197016,-0.358927102886296
YKL213C,0.383681237697601,-0.416541457176208,0.0186139535845047,0.0210555760184183,0.348431438207626,0.421739412595828,-0.457882666453942,-0.374955811193139
YKL212W,1.84948301315308,0.266519963741302,0.0914896175257127,0.021474051433582,1.67664944529533,2.03452391624451,0.224442269558832,0.308462799439332
YKL211C,0.907129287719727,-0.0430246107280254,0.0514027431670226,0.0245377708476618,0.813252375026544,1.01273468136787,-0.0897746598685494,0.00549567231039108
YKL210W,3.95339417457581,0.596601963043213,0.163054486057321,0.0179004757596107,3.64990320205688,4.28271500269572,0.562281346800571,0.631719170854362
YKL209C,0.674270033836365,-0.171484440565109,0.0258262679240981,0.0166512780987779,0.624439472456773,0.725166320800781,-0.204509651849047,-0.139562374226318
YKL208W,0.111757934093475,-0.955230832099915,0.0142843222506995,0.0552143978759391,0.0858948595821857,0.141913284609715,-1.06603284557031,-0.847976962356228
YKL207W,1.67231583595276,0.220737472176552,0.183645910604558,0.0472552650699662,1.34971634745598,2.06649647752444,0.130242496709962,0.315234667528838
YKL205W,0.241094723343849,-0.618203163146973,0.010232181113159,0.0184408652565218,0.221517931297421,0.261407028138638,-0.654591114382031,-0.582682740266222
YKL204W,0.569223463535309,-0.245254009962082,0.0282943026542777,0.0216128984879243,0.514292228718599,0.625443159540494,-0.288790041203209,-0.203812153074956
YKL195W,0.908115744590759,-0.0427155308425426,0.0570452946359368,0.0272698937656867,0.800714460512002,1.02430561383565,-0.0965223292477011,0.0104295517623223
YKL194C,0.111531615257263,-0.953758180141449,0.00814112479897701,0.0316910685992982,0.0964253132541974,0.128393997997046,-1.01580894165113,-0.89145527835989
YKL193C,0.365424931049347,-0.438544094562531,0.0288099817976103,0.0341244148478887,0.312670691311359,0.426332252472639,-0.504912826328687,-0.370251811735216
YKL191W,0.465398788452148,-0.332811534404755,0.0251779509856793,0.0234994145018289,0.418098050107559,0.515658222635587,-0.378721859643357,-0.287638061260559
YKL189W,0.146630451083183,-0.835102558135986,0.0114741610632225,0.0340235584280972,0.124873384895424,0.170573830604553,-0.903530116709701,-0.768087597411272
YKL187C,0.00151825684588403,-2.83585357666016,0.000424384200170245,0.124118359353284,0.000789247540039166,0.0024638781324029,-3.10278679415266,-2.60838077691907
YKL185W,0.387633353471756,-0.41217827796936,0.0203765502924788,0.022814710308719,0.349417612701654,0.429722378899654,-0.456655207839181,-0.366812028753741
YKL183W,0.296765297651291,-0.529528498649597,0.0281939544555472,0.0410398258609896,0.245915736630559,0.357378840446472,-0.609213693050928,-0.446871164615419
YKL181W,1.68162322044373,0.225039839744568,0.0947024619521881,0.0244610596350378,1.50510442256927,1.87562430004279,0.177566631871665,0.273145850694995
YKL179C,0.300469756126404,-0.522747576236725,0.0150987389947037,0.0218508796299212,0.271647022167842,0.330415841937065,-0.565995055086073,-0.480939138555832
YKL175W,0.501715362071991,-0.300187021493912,0.0273659841365201,0.0236780948049017,0.4507528193295,0.55633814483881,-0.346061548639656,-0.254661162200691
YKL173W,0.171516880393028,-0.766125500202179,0.00766806861621845,0.0194474710763663,0.156503070766727,0.186626898000638,-0.805477136692327,-0.729025762838646
YKL172W,2.17649936676025,0.336981475353241,0.130309036572489,0.0259901615269942,1.92447942197323,2.4472729742527,0.284313271636089,0.388682414222721
YKL171W,0.0338171757757664,-1.47177827358246,0.00219169359714598,0.0281459097736423,0.0297247674316168,0.0382706881500781,-1.52688153464234,-1.41713372872891
YKL166C,0.32705557346344,-0.486344873905182,0.0218393747242334,0.0289398432305831,0.287309510757526,0.371880977849166,-0.541649997467364,-0.429596037498245
YKL165C,0.435791999101639,-0.361110329627991,0.0184602963811569,0.0184082808480279,0.400702580064535,0.472240650653839,-0.397177861278396,-0.325836631415008
YKL155C,0.125604256987572,-0.901800870895386,0.00769233088796962,0.0265291820651563,0.111497080574433,0.141742166255911,-0.952736505256405,-0.848500938612984
YKL151C,0.349525362253189,-0.457661926746368,0.0253714778120765,0.0314579652422355,0.303378985573848,0.402369177838167,-0.51801450742568,-0.395375295141254
YKL150W,1.12783741950989,0.0509692393243313,0.0866190989672125,0.0333124824700793,0.971183955172698,1.30725955963135,-0.012698507675113,0.11636182638998
YKL149C,0.128539383411407,-0.892074704170227,0.00919743367205852,0.0310625277449903,0.1115324402228,0.147221059973041,-0.952598803824098,-0.832030063292411
YKL148C,0.345062345266342,-0.462664842605591,0.0175737584174187,0.0221039426139934,0.311979851126671,0.380742149800062,-0.505873453522764,-0.419369042718074
YKL146W,0.237508147954941,-0.624834299087524,0.0115564426257199,0.0211317647014915,0.215866780777772,0.260958880186081,-0.665814185064275,-0.583427919922934
YKL143W,0.66958087682724,-0.174879193305969,0.03756701161838,0.024342691288383,0.598391984403133,0.747292210658391,-0.223014233864027,-0.126509548537298
YKL140W,0.281408339738846,-0.551365911960602,0.0159876287976342,0.0247260896583292,0.250495552519957,0.313072380423546,-0.601199980561494,-0.504355244639675
YKL139W,0.147148296236992,-0.83304899930954,0.00896332549957588,0.0264439734112144,0.130435079087814,0.165475491310159,-0.884605594145761,-0.781266322259209
YKL135C,0.309197545051575,-0.510250926017761,0.0146429111069625,0.0205745561754757,0.280855908244848,0.338603395968676,-0.551516436336628,-0.470308690900277
YKL134C,0.117844521999359,-0.929341912269592,0.00645497756324569,0.0238519753923454,0.105411805212498,0.130729849264026,-0.977110749165709,-0.883625239625752
YKL132C,0.00927144382148981,-2.04063177108765,0.00175034645458612,0.0827409099685177,0.00617389473676061,0.0130482977411399,-2.20944086660741,-1.8844461435823
YKL130C,0.536713778972626,-0.274067878723145,0.0715766163088042,0.0574637305082054,0.412654966115952,0.6914559101065,-0.384412923985445,-0.160235506962987
YKL127W,1.4536098241806,0.16187047958374,0.0750523763052397,0.0223798532177404,1.31270742416382,1.61007574697336,0.118167941451139,0.20684630776649
YKL126W,0.620607793331146,-0.207687810063362,0.029970827400718,0.0209532351590947,0.564992972711722,0.681102608640989,-0.247956954010213,-0.166787456902534
YKL125W,0.23850454390049,-0.623156666755676,0.0130900762768776,0.0238694188843335,0.212954877937833,0.264577259868383,-0.671712409459655,-0.577447485704921
YKL124W,0.0834861695766449,-1.07942879199982,0.00579918428596363,0.030169136201481,0.0724369927619894,0.0951967915520072,-1.14003958782839,-1.02137769007814
YKL121W,0.0390362143516541,-1.40948510169983,0.00258716093456532,0.028817734036113,0.0341875939940413,0.0443057828272382,-1.46613146231311,-1.35353958594809
YKL116C,0.117686972022057,-0.930279016494751,0.00803233267256035,0.0295872651367758,0.103028743714094,0.134329378604889,-0.987041595735417,-0.87182899425118
YKL114C,0.601669490337372,-0.221717670559883,0.0424657746913806,0.0305472039426961,0.523000467320283,0.690660613278548,-0.281497923086259,-0.160735310110826
YKL113C,0.479559183120728,-0.320198029279709,0.0332384412539513,0.0300546341513321,0.419151505082846,0.547928177813689,-0.377628970529098,-0.261276366533829
YKL112W,0.696689307689667,-0.157417133450508,0.0319015120127771,0.0198870131204451,0.635123252868652,0.761311209201813,-0.197141986760722,-0.118437780330192
YKL110C,0.381548196077347,-0.420125484466553,0.0335510169243138,0.0381524242320403,0.319458081324895,0.451746876289447,-0.495586121284045,-0.345104871487757
YKL109W,0.153539434075356,-0.814646005630493,0.00970186751647223,0.0274156376902383,0.13541342318058,0.173659959311287,-0.868338283034118,-0.760300305239708
YKL108W,0.126642540097237,-0.898655474185944,0.00956709114788326,0.0327297521896996,0.109066855286558,0.146042931700746,-0.962307209408784,-0.835519458957555
YKL106W,0.307128012180328,-0.513745903968811,0.0215587270878672,0.0304329270289946,0.266996402790149,0.351225629448891,-0.573494594153154,-0.454413800506083
YKL104C,1.62502610683441,0.210423290729523,0.0729112843105095,0.0194927320053116,1.48513072927793,1.77137731115023,0.171764684296265,0.248311074850714
YKL103C,0.875388562679291,-0.0585151351988316,0.0503538050792121,0.0249456421907682,0.78218847711881,0.97998663187027,-0.106688586303327,-0.00877984859171741
YKL101W,0.248244553804398,-0.60548597574234,0.0101892820481107,0.0178488939075415,0.228312224149704,0.268171334763368,-0.641470835164879,-0.5715876463951
YKL100C,0.490777790546417,-0.309667885303497,0.0247810732425848,0.0219564371382803,0.442556710541248,0.540816689034303,-0.354031071939296,-0.266949915323242
YKL099C,1.03204655647278,0.0106754954904318,0.122570443815333,0.0511751077446202,0.814207888642947,1.2979098478953,-0.0892646983481418,0.113244524853268
YKL098W,0.0988343730568886,-1.00707423686981,0.00944814112089252,0.0415289298522458,0.0813171774148941,0.118864520825446,-1.08981770453197,-0.924947763264162
YKL094W,0.828609943389893,-0.083139955997467,0.0687023889342997,0.035984147483253,0.701400559147199,0.969425901273886,-0.154033892245842,-0.0134853814010795
YKL093W,0.0101103223860264,-2.00739932060242,0.00238684115360221,0.103669254992853,0.00599477673337484,0.0153151797130704,-2.2222269869693,-1.81487790268131
YKL092C,0.105940207839012,-0.97548371553421,0.00530390718842321,0.0217347544650091,0.0959646380196015,0.116664354627331,-1.01788877572259,-0.933061817140704
YKL091C,0.166347771883011,-0.781486630439758,0.0179441121145809,0.0466346938868444,0.134232379620274,0.203955203294754,-0.872142715664148,-0.690465210506859
YKL088W,0.264045387506485,-0.579052329063416,0.0153284642184013,0.0251948149118155,0.234949164837599,0.295824656138817,-0.629026094610633,-0.528965631763499
YKL085W,1.82150995731354,0.259272992610931,0.133262901373587,0.0317485224266659,1.57200491428375,2.09317755699158,0.196453899364318,0.320806069595734
YKL082C,0.796190857887268,-0.0997946709394455,0.0487880566228343,0.0265394912319573,0.706520751615365,0.897451691329479,-0.150875079452639,-0.0469889197503725
YKL080W,2.47753930091858,0.39318436384201,0.153821762974399,0.026952927569689,2.18687044382095,2.79145458141963,0.33982305500655,0.445830565823263
YKL079W,0.181320533156395,-0.742174446582794,0.0097184348612767,0.0232768813617205,0.162651208539804,0.200636534144481,-0.788742710473317,-0.697589983765293
YKL078W,0.146931007504463,-0.833494424819946,0.00777389723440262,0.022991023135118,0.132288698355357,0.162497618918618,-0.878477259601164,-0.789152999225609
YKL077W,1.77613043785095,0.248513624072075,0.118393053481756,0.0288659662016099,1.55892357726892,2.02185726165771,0.192824822297292,0.305750492017119
YKL075C,0.165790230035782,-0.781569361686707,0.0119777023329184,0.0313098267736622,0.143520319585999,0.190935490528742,-0.843086607255816,-0.719113338728117
YKL073W,0.606956720352173,-0.217259988188744,0.0265559212430156,0.0190282116466666,0.556314067542553,0.658661939700445,-0.254679957935115,-0.181337431316882
YKL072W,0.0977023541927338,-1.01086044311523,0.00581841350775059,0.025845660366296,0.0868698284029961,0.109584423651298,-1.06113103636321,-0.960251176132139
YKL071W,0.0100452275946736,-2.0243661403656,0.00347588450514206,0.154020605349061,0.00441206077424188,0.0180290090075384,-2.35535858924669,-1.74402814831824
YKL068W,0.399609863758087,-0.398819267749786,0.0183298732172488,0.0199190443963827,0.364720663925012,0.436528859784206,-0.438039631071692,-0.359987038981899
YKL064W,0.17825673520565,-0.749395132064819,0.00804560213979311,0.0196410193953751,0.162550893674294,0.193873433272044,-0.789010638528219,-0.712481700047834
YKL060C,57.2495880126953,1.756840467453,3.76005997731685,0.0284690179661734,50.27347240448,65.1482973098755,1.70133888311456,1.81390306736788
YKL059C,0.235158294439316,-0.6296306848526,0.0158641623978169,0.0293387163908966,0.20500882640481,0.267154484490554,-0.688227440677445,-0.573237532934063
YKL055C,0.0603608451783657,-1.22437953948975,0.00931853557815658,0.0668671858368918,0.0438529604735474,0.0802846586331725,-1.35800108261452,-1.09536744584435
YKL054C,3.99318075180054,0.600881338119507,0.17865966102943,0.019414439928053,3.65339234073957,4.36109440724055,0.562696313557723,0.639595488015328
YKL052C,0.195252537727356,-0.711416244506836,0.0188497883697579,0.0418053882944171,0.160893317560355,0.234905607750018,-0.793461993483974,-0.629106615820644
YKL050C,0.0014245550846681,-2.85846781730652,0.000335615457902524,0.103574857319578,0.00084213767889499,0.00216228396166116,-3.07461690680674,-2.66508727941054
YKL049C,0.366908818483353,-0.441260874271393,0.0608775583753783,0.070873834476357,0.264077821870645,0.504238522052765,-0.578268807905587,-0.297363987313932
YKL047W,0.224569365382195,-0.649436354637146,0.0135146008069693,0.0261314391978469,0.198842338596781,0.252406678597132,-0.701491142520209,-0.597899158024347
YKL046C,0.877516388893127,-0.057476069778204,0.0508981651787781,0.0252024585455579,0.780953109264374,0.981313107907772,-0.107375041665711,-0.00819240039535502
YKL045W,0.273963868618011,-0.563067972660065,0.0162466617497204,0.0257352471836422,0.24345185259978,0.307512468099594,-0.61358691729422,-0.512137271358
YKL043W,0.21715173125267,-0.664570927619934,0.0170455349706135,0.0340330469382381,0.186291880533099,0.251623212049405,-0.729806074208253,-0.599249303132219
YKL040C,0.837403237819672,-0.0794007629156113,0.0872777738413312,0.0449649510965996,0.683719798425833,1.02828657627106,-0.165121847012078,0.0121141663603248
YKL039W,1.05103778839111,0.0210492108017206,0.0538301337376684,0.0222411663942697,0.948216557502747,1.16106562018394,-0.0230924654173001,0.0648567648521174
YKL038W,0.0817554295063019,-1.08803224563599,0.00410287715712921,0.0218058339619778,0.0739357317487399,0.0899453279872735,-1.13114562479636,-1.04602139099322
YKL035W,3.20048117637634,0.504593014717102,0.171122104873159,0.0232006425464792,2.87785696983337,3.55850331584612,0.459069205599299,0.551267373497438
YKL034W,0.15532448887825,-0.809314787387848,0.00786026355468665,0.0219642636377543,0.140570735186338,0.171159415692091,-0.852105084643377,-0.766599204839553
YKL033W-A,1.14707732200623,0.0562226623296738,0.144309989289887,0.0539568516711635,0.895771579444408,1.46320655345917,-0.047802735247466,0.165305636287907
YKL033W,0.079376183450222,-1.10082602500916,0.00387565803268711,0.0212235954214392,0.0719932124018669,0.0870710408315063,-1.14270844855156,-1.06012626403432
YKL027W,0.290686368942261,-0.53740394115448,0.0179777232147774,0.0268681171282197,0.257083248843749,0.327722078561783,-0.58992622040786,-0.484494299330542
YKL025C,0.252240598201752,-0.598743617534637,0.0127494424857366,0.0220078458071857,0.227948634078105,0.277082118888696,-0.642163006051945,-0.557391499991376
YKL023W,0.200882107019424,-0.699645459651947,0.0219574146920164,0.0474172559905038,0.160903234283129,0.246494869763652,-0.793435226153591,-0.608192115706641
YKL020C,0.191822484135628,-0.717513918876648,0.00835223632404019,0.018927538383482,0.175725719705224,0.208340436220169,-0.75516466936321,-0.681226430854111
YKL018W,0.203354164958,-0.693510293960571,0.0183682105940814,0.0391629194892428,0.169761783505479,0.241858346760273,-0.770160070751237,-0.616438920106843
YKL017C,0.0677793547511101,-1.16982483863831,0.00442337012512192,0.0283587632510643,0.0595197379589081,0.0765050726632277,-1.22533898947916,-1.11630976817114
YKL014C,0.344704270362854,-0.462848424911499,0.0126760099920109,0.0159813590314024,0.320654183874528,0.369562458743652,-0.493963089237529,-0.432312152359973
YKL011C,0.075473964214325,-1.12445032596588,0.0076882777060388,0.0442194915598098,0.0612626294294993,0.0915398055066665,-1.21280436864028,-1.03839001551103
YKL010C,0.341483771800995,-0.466967731714249,0.0134546497826789,0.0171454521159718,0.315203335881233,0.367856673896313,-0.50140919490856,-0.434321360344299
YKL009W,2.47479581832886,0.389458388090134,0.342670175153741,0.0593979836513948,1.89260900219282,3.23068920373917,0.277060901032415,0.509295173495099
YKL007W,1.18572497367859,0.0717634856700897,0.120387355009967,0.0438869777904381,0.970514258742332,1.44168669879436,-0.01299807959833,0.158870891270749
YKL005C,0.133563339710236,-0.875150084495544,0.00831707458010617,0.0270235739059623,0.117746400771042,0.150412558764219,-0.929052360484208,-0.822715904285216
YKL002W,0.624806880950928,-0.210183084011078,0.104488711432991,0.0715617848604193,0.451372789343198,0.859431841472785,-0.345464628193658,-0.0657885600589623
YKR002W,0.36316329240799,-0.440599769353867,0.0206543717822617,0.0246982556050767,0.324403923501571,0.405551659315824,-0.488913902868933,-0.391953825885583
YKR003W,0.46235516667366,-0.335872083902359,0.0289573315150467,0.027176826457088,0.408649284144243,0.522087547679742,-0.388649258088921,-0.282256665072645
YKR004C,0.0579805858433247,-1.23927736282349,0.00630657722955775,0.0472162954783125,0.0465476265177131,0.0708985532944401,-1.33210246559423,-1.14936262828534
YKR008W,0.459975302219391,-0.337813019752502,0.0230995665941966,0.0218225144302373,0.415634523580472,0.506365895271301,-0.381288386258054,-0.295535552584424
YKR011C,0.396838635206223,-0.402700841426849,0.0309672641087329,0.0337888459242787,0.340086299180984,0.461122738321622,-0.468410865321371,-0.336183463245158
YKR013W,2.69001340866089,0.428556501865387,0.20009119070842,0.032281283678857,2.31929922103882,3.10607698162397,0.365356782127857,0.49221221515588
YKR015C,0.000607736874371767,-3.28012490272522,0.000326426283282358,0.246439327833037,0.000151598785547928,0.00141527521094152,-3.81930432231687,-2.84915911098248
YKR016W,0.352738529443741,-0.453208148479462,0.0194621555246491,0.0239672362513693,0.316146739820639,0.39150005877018,-0.500111293533089,-0.40726816944216
YKR018C,0.803731560707092,-0.0953685715794563,0.0377886260171879,0.0204242917157623,0.731419801712036,0.88049042870601,-0.135833286193958,-0.0552753682315854
YKR019C,0.07400743663311,-1.13178694248199,0.00519119104230784,0.0304038216431277,0.0643599780276418,0.0847726627563437,-1.19138411828032,-1.07174417522287
YKR022C,0.0820406153798103,-1.08860516548157,0.0090476147446466,0.0478627863196578,0.0655788245921334,0.100906559762855,-1.183236371897,-0.996080601983881
YKR024C,0.304551035165787,-0.516824007034302,0.0143802966186231,0.0205068765438031,0.276698089390993,0.333427600562572,-0.55799383998192,-0.476998452899127
YKR025W,0.686321556568146,-0.165560752153397,0.0675732506113125,0.0425691678858001,0.565180310606957,0.83129313091437,-0.247812976235715,-0.0802458082037165
YKR026C,0.774767994880676,-0.112392894923687,0.0659214230797922,0.0368485365560968,0.655290886263053,0.912133164207141,-0.183565872307446,-0.0399417574328919
YKR029C,0.20523664355278,-0.68829470872879,0.0103214017258188,0.0218710437298612,0.185429982468486,0.225880312050382,-0.731820042803814,-0.64612162260958
YKR031C,0.120593897998333,-0.919065892696381,0.00514903733370944,0.0185487943312883,0.110750121623278,0.130681135008732,-0.955655788195463,-0.883787102498904
YKR034W,0.00276365363970399,-2.63129687309265,0.0015952926169484,0.263228955721019,0.000620685233055459,0.00684226404797906,-3.20712890675457,-2.16480023719252
YKR037C,0.18768136203289,-0.728938400745392,0.0196103921446934,0.0452535142581115,0.151679694652557,0.229473933577538,-0.819072554286355,-0.639266639740549
YKR038C,0.398965686559677,-0.400097817182541,0.0275637512598803,0.0299862382351133,0.348236843198538,0.45355861261487,-0.458125283433574,-0.34336658183923
YKR039W,0.076476663351059,-1.11756181716919,0.00541248446216267,0.0307775940878242,0.0662955465416113,0.0874810618037979,-1.17851564474218,-1.05808595524477
YKR043C,2.47686648368835,0.391998410224915,0.233142616818246,0.0406615322252927,2.05662608146667,2.96184304356575,0.313155339085549,0.471562040194569
YKR046C,0.298132717609406,-0.527868807315826,0.0306932305680114,0.04446041429554,0.242362472663323,0.364164817581574,-0.615534626851301,-0.438702014247446
YKR052C,0.206280440092087,-0.687533915042877,0.0198077588913924,0.0416308830815068,0.169852679719528,0.247700124233961,-0.769927597009944,-0.606073776721676
YKR053C,0.0150950634852052,-1.82670664787292,0.00241473086433365,0.0695534738910164,0.0108887211652473,0.0202576858767619,-1.96302312397936,-1.69341016750763
YKR055W,0.188001677393913,-0.728308916091919,0.0201202532309517,0.0462940369319341,0.151666447520256,0.230813158800205,-0.819110485584389,-0.63673943548194
YKR058W,0.0129730179905891,-1.89008188247681,0.00155622796064896,0.0522106754716517,0.0101184863597155,0.016252023447305,-1.99488444943188,-1.78909257067691
YKR060W,0.411906629800797,-0.387616097927094,0.043683494690134,0.0457489007564695,0.332986575116714,0.506121898690859,-0.477573276102318,-0.295744893795451
YKR061W,0.0183505117893219,-1.74040293693542,0.00250522283406582,0.0594148836010156,0.0138450156897306,0.0236614444293082,-1.85870656095593,-1.62595875432882
YKR062W,0.636795580387115,-0.197340533137321,0.05008120303804,0.0341239184715378,0.544973984360695,0.740562479197979,-0.263624229317036,-0.130438298536388
YKR070W,0.508285343647003,-0.29503670334816,0.0369969644931399,0.0315161506126018,0.441601752489805,0.586247999469439,-0.354969213945628,-0.231918626865178
YKR071C,1.46003496646881,0.163278847932816,0.103394599557977,0.0306727707169601,1.2669947574536,1.67546883324782,0.10277481740149,0.224136353541816
YKR072C,0.367681622505188,-0.435177773237228,0.0201221921630591,0.0237584245713308,0.3296138048172,0.408508318414291,-0.48199460756235,-0.38879909908403
YKR075C,0.132601857185364,-0.879711329936981,0.0135606655633906,0.0443282765647091,0.107918105460703,0.160899063448111,-0.966905703847193,-0.793446489227203
YKR076W,0.109121285378933,-0.963758289813995,0.00957999112551963,0.0380496699096785,0.09130027461797,0.129547948017716,-1.03952791616984,-0.887569463579466
YKR077W,0.19223465025425,-0.717328011989594,0.0140415519084495,0.0317831712325396,0.165680159255862,0.220648897935947,-0.780729496720839,-0.65629823743377
YKR078W,0.0673503205180168,-1.17268478870392,0.00463459127942843,0.0298619589472313,0.0588225909819206,0.0767716177428762,-1.23045584989886,-1.11479930778128
YKR079C,0.169917687773705,-0.770251631736755,0.00806752466733474,0.0206079352177247,0.154828131198883,0.186418042580287,-0.81015012818488,-0.729512063429676
YKR081C,1.59188544750214,0.200933992862701,0.10698220702602,0.029112542924293,1.39607568581899,1.81258258521557,0.144908962534893,0.258297801161709
YKR082W,0.40265080332756,-0.39542493224144,0.0161721435022985,0.0174812180542317,0.371421646823486,0.432981146126986,-0.430132788786055,-0.363531014304516
YKR084C,0.588541388511658,-0.230732470750809,0.0285648963355868,0.0210797747868333,0.535037468870481,0.645867878198624,-0.271615804479154,-0.189856314417403
YKR087C,0.236766651272774,-0.627079367637634,0.0190486975757987,0.0348680959043009,0.20175466388464,0.275958203772704,-0.695176420830615,-0.559156691072989
YKR091W,0.09775011241436,-1.01559352874756,0.015978581595614,0.0704285405848968,0.0704452311620116,0.132624139885108,-1.15214840148585,-0.877377424736634
YKR093W,1.67500174045563,0.223512575030327,0.0805885053439097,0.0208745539469536,1.52313168346882,1.83908801674843,0.182737452206072,0.264602514469332
YKR095W,0.318393647670746,-0.497365862131119,0.0123795425287853,0.0169089235002177,0.294764391581217,0.342341098437707,-0.530524981714749,-0.465540960188114
YKR101W,0.0583305098116398,-1.23504877090454,0.00385128629458753,0.0286310694770279,0.0512540866931279,0.0662089589362343,-1.2902715680234,-1.1790832409692
YKR102W,0.00049754383508116,-3.33536410331726,0.000189879490577854,0.171064432454161,0.000200837458154031,0.000940581361646764,-3.69715539991889,-3.02660363209983
YKR103W,0.00158359645865858,-2.81011748313904,0.000334433912397516,0.0928473780262454,0.00100329260749277,0.00230473198656303,-2.99857238780888,-2.63737957814253
YLL063C,0.0352117642760277,-1.4554957151413,0.00353557193317505,0.0436005873300221,0.0286470402497798,0.0426000603164236,-1.54292026457262,-1.37058978616528
YLL062C,0.146175920963287,-0.837319731712341,0.0147332147264876,0.0436584260935967,0.119671385549009,0.176643719151616,-0.922009682335743,-0.752901800789765
YLL061W,0.233858793973923,-0.631768584251404,0.0134850897235949,0.0250144775946236,0.208718463778496,0.260840703547001,-0.68043913041501,-0.583624637122214
YLL058W,0.231210649013519,-0.636713862419128,0.0133272436773719,0.0250513373897188,0.206105367839336,0.258128896852334,-0.685910702862567,-0.588163376147635
YLL048C,0.549718379974365,-0.260166198015213,0.0206975419910782,0.016349701696474,0.509979203343391,0.590107684830825,-0.292447534193754,-0.229068729987627
YLL046C,0.00565786380320787,-2.29755163192749,0.00270048581737547,0.215138727041075,0.00172868153604213,0.01213844853919,-2.76228514770862,-1.91583689414447
YLL040C,0.431495994329453,-0.365280747413635,0.0149071189566926,0.0150392653285939,0.402349205811818,0.459672421216965,-0.395396851874749,-0.337551551661006
YLL038C,0.249997854232788,-0.606728792190552,0.036912423682796,0.0635952756438616,0.185161125535766,0.331764584531387,-0.732450188196152,-0.47916997625607
YLL036C,0.172778770327568,-0.763500034809113,0.011667116104195,0.0293104994406106,0.1514006100595,0.196822076663375,-0.819872374975665,-0.705926207325856
YLL035W,0.10437697917223,-0.982287883758545,0.00669570628627508,0.0278510449111938,0.091744722550114,0.118143599604567,-1.03741890836868,-0.927589802163055
YLL033W,0.046323511749506,-1.35055339336395,0.0128498268495349,0.119558040882716,0.0260193449600289,0.0759536662449439,-1.58470364126865,-1.11945139815112
YLL032C,0.14513187110424,-0.838817596435547,0.00749970913417068,0.0224542867101829,0.13090117610991,0.160142108798027,-0.883056451667892,-0.795494456874705
YLL031C,0.334673523902893,-0.475770354270935,0.014235247574492,0.0184793700409858,0.307186798503002,0.363560663412015,-0.512597452317047,-0.439423113456744
YLL029W,0.48820698261261,-0.31190750002861,0.023667697636263,0.0210783602615338,0.442653794835011,0.536005931099256,-0.353935809531248,-0.270830404754873
YLL028W,0.396255224943161,-0.402717173099518,0.0224090786050259,0.024543528604626,0.354585086802642,0.442106541246176,-0.450279534080446,-0.354473059468724
YLL027W,0.417852729558945,-0.382748484611511,0.0555881099182588,0.0571170044589381,0.32274680385987,0.541056755681833,-0.49113805328855,-0.266757176221811
YLL026W,3.68748641014099,0.566345572471619,0.155560360328256,0.0183425686896964,3.38853898843129,3.99083638191223,0.530012486638632,0.601063922750378
YLL023C,0.632318198680878,-0.201110273599625,0.0615479613427617,0.042164151035235,0.521944884955883,0.759295242031415,-0.282375354130473,-0.119589323159706
YLL018C,5.24958419799805,0.719610512256622,0.255296028731158,0.0211335715829181,4.75978946685791,5.75442214012146,0.677587743602014,0.760001718161441
YLL015W,0.183549463748932,-0.736586570739746,0.00727169030571543,0.0172142397547052,0.169589014475544,0.198066701243321,-0.770602283768243,-0.70318853183632
YLL012W,0.235404253005981,-0.628930151462555,0.0137871893440883,0.0254198946423262,0.209928760429223,0.263723491380612,-0.677928058609738,-0.578851187588689
YLL011W,0.454669296741486,-0.343069225549698,0.026979635122697,0.0257668148163513,0.40348891466856,0.509831768771013,-0.394168394917898,-0.292573106302436
YLL010C,0.378236681222916,-0.423210054636002,0.0253623440395433,0.0291027492082819,0.330146866788467,0.430262297391891,-0.481292819990039,-0.366266708186647
YLL007C,0.0855647400021553,-1.06856882572174,0.0054209777543485,0.0274367019160749,0.0755859985947609,0.0965312702581286,-1.1215586449246,-1.01533197895186
YLL006W,0.191015154123306,-0.719966530799866,0.0131983062322377,0.0299744104421155,0.166241700574756,0.218202915539344,-0.779260027137554,-0.661139450852851
YLL005C,0.000576033082325011,-3.27631163597107,0.000234733519436304,0.183716104196728,0.000215391988482831,0.00111668844571492,-3.66677045555462,-2.95206811466774
YLL004W,0.144734367728233,-0.84013044834137,0.00823902550831359,0.0246984523930767,0.12909825257957,0.161602638661861,-0.889079637273182,-0.791551553742447
YLL003W,0.0307939909398556,-1.51253342628479,0.00208881139167306,0.0295222258119797,0.0267805579894533,0.0350020676851273,-1.57218037933553,-1.45590629971495
YLL002W,0.106650784611702,-0.973333179950714,0.0082696645245176,0.0336217246043508,0.091161236166954,0.123955316965779,-1.04018979432046,-0.906734840297414
YLL001W,0.44273042678833,-0.354341417551041,0.020766001041716,0.0203827674488452,0.403413553784291,0.484710335731506,-0.394249514947606,-0.314517719490566
YLR002C,0.518428325653076,-0.28580841422081,0.024798224669775,0.0208001376777808,0.470613644023736,0.567795614401499,-0.327335485967704,-0.245807966350056
YLR004C,0.0139883756637573,-1.85805153846741,0.00185238642614322,0.0577462738484334,0.0105523167100425,0.0178746924735606,-1.97665221810707,-1.74776144083203
YLR005W,0.216578900814056,-0.665318727493286,0.0142348657607441,0.0285096937618224,0.190286002929012,0.245222448185086,-0.720593156938699,-0.610439776092176
YLR015W,0.135984390974045,-0.867454886436462,0.0089711765305949,0.0286266727243133,0.119580766682823,0.154169410467148,-0.922338666467518,-0.812001788303176
YLR018C,0.257991760969162,-0.590430736541748,0.0250872590463269,0.0420549168127825,0.212958812713623,0.311449688673019,-0.671704383137992,-0.5066121011411
YLR019W,0.263986229896545,-0.579553067684174,0.0191169152793865,0.0314259622846028,0.228138965492447,0.303366107741992,-0.64180053214396,-0.518032941356487
YLR020C,0.224751129746437,-0.649144768714905,0.0140301085693952,0.0271152277349997,0.198244192947944,0.2531714985768,-0.702799525609222,-0.596585192351262
YLR022C,0.704945921897888,-0.155357360839844,0.090607008093495,0.0550867412976743,0.549185780684153,0.908954414228598,-0.260280716909283,-0.041457900577141
YLR026C,0.475299030542374,-0.32443904876709,0.0383523675778128,0.0349483835067874,0.404588509599368,0.55611931681633,-0.392986465358892,-0.254832021795673
YLR027C,3.67200088500977,0.564072847366333,0.227459562108479,0.0268604068117556,3.24931868116061,4.13882321119308,0.51179230743066,0.616876876012221
YLR028C,1.34691977500916,0.12881600856781,0.0663443655680859,0.0213779051901104,1.2195053935051,1.48080606063207,0.086183725259241,0.170498183223043
YLR030W,0.0151844546198845,-1.83563470840454,0.00424800904814826,0.122893317090647,0.0081919149418051,0.0245496289338916,-2.08661456587887,-1.60995516179886
YLR032W,0.138765752315521,-0.858150601387024,0.00620522072403139,0.0194135771873996,0.127050008376439,0.151064577326179,-0.896025303389154,-0.820837360649906
YLR033W,0.354585707187653,-0.450998336076736,0.0204329507965342,0.0250045942112202,0.31658635661006,0.395080221444368,-0.499507805677293,-0.403314711773501
YLR034C,0.657838761806488,-0.182570070028305,0.0371272285705468,0.0244948350370531,0.588257166743279,0.731952657798926,-0.23043277351705,-0.135517007915909
YLR045C,0.266114622354507,-0.575356185436249,0.0117815861288798,0.019218070014064,0.243582651019096,0.28955778653423,-0.613353647217276,-0.538264752594845
YLR046C,0.00281033059582114,-2.61767554283142,0.00154727243546198,0.248854037242636,0.000694259716450081,0.00657956624248375,-3.15847805146461,-2.18180273998274
YLR049C,0.335064470767975,-0.4757259786129,0.0210313846944638,0.0272540554254689,0.295588858425617,0.37736675242583,-0.529311939876804,-0.423236366567954
YLR052W,0.536857068538666,-0.272833645343781,0.0600850020088925,0.0483256425130534,0.429664421081543,0.666738334794839,-0.366870607291259,-0.176044574475065
YLR058C,9.71994209289551,0.986915111541748,0.571478657358162,0.0255249030734864,8.63716031710307,10.8780246814092,0.936370978903088,1.0365500398108
YLR060W,3.4895715713501,0.542224884033203,0.174969664567021,0.0217600049126913,3.16080737113953,3.83756950298945,0.49979802946809,0.584056254146749
YLR064W,0.480110436677933,-0.321098983287811,0.0511242101258245,0.0459763317418364,0.389970476428668,0.589657669266065,-0.408968271157448,-0.229400048524501
YLR069C,0.36800143122673,-0.434572756290436,0.016243985218056,0.0191578889678221,0.337463898211718,0.400939541806777,-0.471772681054658,-0.396921112280576
YLR072W,0.164066195487976,-0.785614669322968,0.00886203068251832,0.0234714475786491,0.147186717639367,0.181973055005074,-0.832131379715146,-0.739992913822281
YLR077W,0.183746412396431,-0.736464500427246,0.0103152644654195,0.024366060990204,0.164818139746785,0.204647043223182,-0.782994992018319,-0.688994526167446
YLR078C,0.419883847236633,-0.38073992729187,0.0563639427197533,0.0579149303752052,0.322447935740153,0.541543686389923,-0.491540399354339,-0.26636651101971
YLR083C,0.889697968959808,-0.0512225106358528,0.0411258448389709,0.0200979815276972,0.808003442486127,0.970713138580322,-0.0925867890373121,-0.0129090921701312
YLR084C,0.25279513001442,-0.597611427307129,0.0105737483696708,0.0181718092275649,0.232826099793116,0.273816803842783,-0.632968336945554,-0.562539903380985
YLR085C,0.160037338733673,-0.79685366153717,0.0112520760275958,0.0305711314476494,0.138916592175762,0.182395122821132,-0.857245879968516,-0.738986782633155
YLR086W,0.166658371686935,-0.778539419174194,0.0068382420018842,0.0178148249222036,0.153679373736183,0.180185821031531,-0.813384418048773,-0.744279387001557
YLR088W,0.4270900785923,-0.370010793209076,0.0211136605030637,0.0214879184748448,0.387251689781745,0.469440705577532,-0.412006678940408,-0.328419256640814
YLR090W,0.214564889669418,-0.669331073760986,0.0137496724084619,0.0278367333455653,0.188429422304034,0.242812106137474,-0.72485128383771,-0.614729671439899
YLR091W,0.0297852382063866,-1.53235971927643,0.00512539962097882,0.0744245493000099,0.0209838083324333,0.0409407028307517,-1.67811569301692,-1.38784471044093
YLR093C,0.848824977874756,-0.0741974487900734,0.100653676491614,0.0511208490046812,0.67269346366326,1.06553850372632,-0.172182803475042,0.0275690863475104
YLR094C,0.309021055698395,-0.510793924331665,0.0185516882028291,0.0260570999448435,0.274232022960981,0.347153404355049,-0.561881832662026,-0.459478571598231
YLR095C,0.202895954251289,-0.693247079849243,0.00994855860111182,0.0213002939738649,0.183926268046101,0.223141436527173,-0.735356241194125,-0.651419776390357
YLR096W,0.188199907541275,-0.725812673568726,0.00838603303363166,0.01937058573354,0.172217960655689,0.205088660120964,-0.763921557874874,-0.688058352225695
YLR097C,0.110868319869041,-0.957240223884583,0.01078132859686,0.0421738686438388,0.0912249758839607,0.132909149428209,-1.03988624277246,-0.876445128070472
YLR099C,0.21330501139164,-0.672228813171387,0.0161017092781258,0.0327036521756813,0.183809749161204,0.246950284764171,-0.735631457895234,-0.607390468716472
YLR100W,1.5927312374115,0.200946167111397,0.118226003569528,0.0322468018555137,1.36810736556848,1.83332108259201,0.136120178443998,0.263238532517397
YLR102C,0.155512809753418,-0.81213390827179,0.0209741172439737,0.0581492271263378,0.119359401365121,0.200935513526201,-0.923143368040453,-0.696943298898079
YLR103C,0.110470816493034,-0.957538545131683,0.00666065696438016,0.0261834751405609,0.0980726810793082,0.123958181279401,-1.00845195352127,-0.906724804474179
YLR105C,0.0819877535104752,-1.08814465999603,0.00766261260238971,0.0405719609146969,0.0680803484593829,0.0978312116737167,-1.16697823288338,-1.00952256755431
YLR106C,0.519068777561188,-0.285020411014557,0.0174370984541064,0.0145947695128778,0.485812991857529,0.552993553876877,-0.313530875252195,-0.257279931252047
YLR107W,0.168155133724213,-0.77555650472641,0.012868108170673,0.0331459359313627,0.144386567175388,0.195043507839243,-0.840473209085437,-0.709868500927786
YLR108C,0.17931392788887,-0.747362434864044,0.0120466098200368,0.029138724310484,0.157264307513833,0.203961415961385,-0.803369834888445,-0.690451983690411
YLR113W,0.812307119369507,-0.0910473540425301,0.0483453005783699,0.0258250260415158,0.721898845334848,0.910912563403447,-0.141523652833054,-0.0405233102160738
YLR114C,0.25794991850853,-0.588972270488739,0.0124537106571679,0.0209602712946742,0.234728774304191,0.283477126558622,-0.629433669032289,-0.547481978391777
YLR115W,0.141552567481995,-0.849694311618805,0.00750988363235591,0.0230304088404956,0.127305387953917,0.156899750232697,-0.895153226184327,-0.804377747761999
YLR116W,0.209635809063911,-0.679581940174103,0.0145650187145699,0.0301516249101257,0.182599083085855,0.239816476032138,-0.738501408305291,-0.62012098302992
YLR118C,0.767471551895142,-0.121288768947124,0.133282244444935,0.0740008606614988,0.547556581099828,1.0725295394659,-0.261570996887359,0.030409261024878
YLR120C,0.453876256942749,-0.343733817338943,0.0252877061479845,0.0241739204740459,0.406291765719652,0.506206710636616,-0.391161979662001,-0.295672101827141
YLR121C,0.0773118957877159,-1.11302280426025,0.00591454664133126,0.0331977601485527,0.066330648958683,0.0896896284073591,-1.17828575367711,-1.04725777547072
YLR126C,0.413159191608429,-0.38716995716095,0.0512152816223333,0.0533524034157063,0.324180932839711,0.523266256352265,-0.489212532514005,-0.281277303006314
YLR127C,0.0526010021567345,-1.2798718214035,0.00332669967242501,0.0274026791330452,0.046356523130089,0.0595619723200798,-1.33388914587804,-1.22503093034073
YLR128W,0.10163776576519,-0.996785283088684,0.0135967519579162,0.0577043564945482,0.0775862238059441,0.131198934589823,-1.11021538607259,-0.882069692136365
YLR129W,0.53035295009613,-0.275827527046204,0.0226160439286991,0.0185130712955233,0.486885048449039,0.575222537914912,-0.312573561891039,-0.240164108439136
YLR130C,0.166028812527657,-0.780990183353424,0.0122417023143207,0.0319075143988085,0.14377327611049,0.191892036795616,-0.842321831037062,-0.716943047773108
YLR131C,0.159132793545723,-0.798804223537445,0.00809238283065832,0.0220969044944979,0.143853557854891,0.175211040427287,-0.842079395143723,-0.756438531472542
YLR132C,0.0693294033408165,-1.16326761245728,0.00966832105820714,0.0603629614580181,0.0522281554838022,0.0902561963846286,-1.28209531171695,-1.04452297535072
YLR136C,0.711912870407104,-0.149510830640793,0.067522801923337,0.0409812911267188,0.591706871986389,0.855436390141646,-0.227893386868944,-0.0678122788969974
YLR137W,0.0961074680089951,-1.01912331581116,0.00895606919205206,0.0404625642059656,0.0794742083176971,0.11433272951593,-1.09977378961881,-0.941829431176484
YLR138W,0.203185647726059,-0.692544102668762,0.0091439868975495,0.0195426870178889,0.185974314808846,0.221767956887682,-0.730547032701772,-0.654101204602651
YLR139C,0.0723635628819466,-1.14139437675476,0.00469053793665004,0.0280793758305705,0.0639171310390035,0.0821416612714529,-1.19438272685993,-1.08543651803822
YLR141W,0.0586144514381886,-1.23451197147369,0.00634150998410455,0.0466986782157563,0.0472840727927784,0.0719982952500383,-1.32528512331006,-1.14267778954737
YLR142W,0.0332986190915108,-1.48016011714935,0.00363651510909502,0.0475026787964027,0.0265581607197722,0.0407767768017948,-1.57580200525124,-1.38958710630095
YLR143W,0.21618664264679,-0.665796756744385,0.0115967556047464,0.0233312523164347,0.193901606028279,0.239122915267944,-0.712418596339936,-0.621378804653518
YLR144C,0.184526339173317,-0.734496593475342,0.00933283558730321,0.021963061781098,0.166553035378456,0.203058520704508,-0.778447448015725,-0.692378783018501
YLR146C,0.266333252191544,-0.576467454433441,0.0248788484360665,0.0405535613134929,0.220698971301317,0.317874744037787,-0.656199691967735,-0.497743976689051
YLR150W,25.8512096405029,1.41065776348114,2.38103511371379,0.0398352249225416,21.5370285511017,30.967708381017,1.33318578226189,1.49090906647567
YLR151C,0.0907132029533386,-1.04427123069763,0.00860234575390565,0.0410750205972523,0.0748982802033424,0.108890191279352,-1.12552815435358,-0.963011239415001
YLR163C,0.456161916255951,-0.341618776321411,0.026605526702979,0.0253273710175253,0.4048467737933,0.511443745096525,-0.39270931724841,-0.291202128800546
YLR165C,0.0337357111275196,-1.48125112056732,0.00703146110696246,0.0904169971797692,0.0218674329575151,0.0490919546224177,-1.66020219667059,-1.30898968760198
YLR166C,0.202659294009209,-0.693706274032593,0.00947973723140035,0.020302628074898,0.184689085930586,0.221938923001289,-0.733558768125788,-0.653766525788265
YLR168C,0.137433841824532,-0.870106518268585,0.0270060834864309,0.0843815174058142,0.0919265188897649,0.196986408655842,-1.03655922457311,-0.70556377664317
YLR172C,2.1894896030426,0.338894128799438,0.179359395631067,0.035438287116111,1.86408114433289,2.56373506784439,0.270464813473424,0.408873143804128
YLR174W,0.00189676776062697,-2.75689578056335,0.000759102478670919,0.177951114675006,0.000734311786072794,0.00364830119069666,-3.13411970420055,-2.43790931560223
YLR175W,3.55722117424011,0.550506949424744,0.187659146400098,0.0228798749466088,3.20735559264819,3.93880783319473,0.506147110333609,0.595364789305592
YLR176C,0.0793085619807243,-1.10141205787659,0.00460275948440514,0.0252378595200625,0.0705981999635696,0.0885405038793882,-1.1512063719773,-1.05285801093075
YLR177W,0.0549673289060593,-1.2609384059906,0.00380516494425658,0.030123910487524,0.0476951101173957,0.0625880029052496,-1.3215261442027,-1.20350890606761
YLR181C,0.349758684635162,-0.457628160715103,0.028149426303937,0.0347890636240421,0.298859022557735,0.409470453610023,-0.524533634057037,-0.387777430406991
YLR182W,0.253136366605759,-0.597151398658752,0.0121934982625215,0.0209719829959274,0.228944976379474,0.277234519769748,-0.640268881865468,-0.557152694815361
YLR183C,0.370133996009827,-0.432360261678696,0.0213185946282929,0.0249984117651637,0.330058743804693,0.412871859471003,-0.481408757593447,-0.384184716945303
YLR188W,0.173222005367279,-0.761991560459137,0.00907828745087759,0.0227771060063877,0.156124056130648,0.191387923434377,-0.806530174223536,-0.718085469663401
YLR189C,0.0946299284696579,-1.02443861961365,0.00438616787948508,0.0201575144128136,0.0863645812496543,0.103137761354446,-1.06366432845121,-0.986582299359032
YLR190W,0.390542656183243,-0.409069210290909,0.0228041798503093,0.0253574333204114,0.347097193201383,0.436464230467876,-0.459548898250596,-0.360051342424327
YLR192C,4.95335674285889,0.692368984222412,0.53852134299774,0.0467676333819207,4.01093290249507,6.13514249722163,0.6032453968285,0.787824654273433
YLR194C,0.681380450725555,-0.169920712709427,0.0844878116970109,0.0536026165817849,0.531476085881392,0.861396864553292,-0.274516291407314,-0.0647967936949104
YLR195C,0.857539236545563,-0.0674808621406555,0.0498401805218416,0.0252912219283866,0.762402466436227,0.956971922516823,-0.117815707610546,-0.0191008042812874
YLR196W,1.0315009355545,0.0129553191363811,0.0502013070241562,0.0211271159542334,0.93800017585357,1.1317283252875,-0.0277970802108124,0.053742185606633
YLR197W,4.70092248916626,0.671644747257233,0.234080877130152,0.0216400832924368,4.25447416305542,5.17474456230799,0.628845890579115,0.713888915877961
YLR199C,0.342532813549042,-0.467467784881592,0.0343612734931273,0.043393739944806,0.281005493054787,0.414152354001999,-0.551285190486158,-0.382839865810131
YLR206W,0.641240119934082,-0.193506181240082,0.0315857283734851,0.0213904467908612,0.580846353868643,0.706320452690125,-0.23593873288994,-0.150998217850826
YLR208W,2.63814115524292,0.419987291097641,0.205315171344861,0.0337102291490255,2.25940882166227,3.07445296049118,0.353994820026222,0.487767852355974
YLR209C,0.426020324230194,-0.372072666883469,0.0355289296031669,0.0360902990434683,0.36059818242987,0.501677333315213,-0.442976467847462,-0.299575521055963
YLR211C,0.142099693417549,-0.855800211429596,0.0282576902450557,0.0853480612213445,0.095325293764472,0.203572558859984,-1.02079187207566,-0.691280782901527
YLR212C,0.195006921887398,-0.710852742195129,0.0126039733591523,0.0280095325424629,0.171072400982181,0.221225427339474,-0.76682004935461,-0.65516495763457
YLR213C,0.0378402471542358,-1.424281001091,0.0038458614524739,0.0440642376884265,0.0307669741256783,0.0459950029850006,-1.51191521492594,-1.33728934867443
YLR214W,1.66728460788727,0.221518948674202,0.0791926360069872,0.0206416656488905,1.51681255400181,1.82358753681183,0.180931914460454,0.260926615383212
YLR215C,0.176372468471527,-0.755049824714661,0.014549178856907,0.03587830971319,0.149435217181842,0.205191768333316,-0.825547041968799,-0.68784006611471
YLR216C,4.54911708831787,0.65704733133316,0.290277915758854,0.0276455656119283,4.01858155727386,5.16149886449178,0.604072786722571,0.712775835682761
YLR219W,0.234224483370781,-0.630950808525085,0.0121079194295821,0.0224929120693054,0.210687230403225,0.258384115497271,-0.676361787948091,-0.587734191523685
YLR220W,0.464521378278732,-0.334383904933929,0.037223655636226,0.0347258678689704,0.396230110526085,0.541854962706566,-0.402052529652366,-0.266116945136849
YLR222C,0.65868616104126,-0.181751519441605,0.0292861302858624,0.0192945426789166,0.603523026406765,0.718280526498953,-0.219306155736046,-0.143705908744031
YLR223C,0.191536858677864,-0.71818882226944,0.00863646281480826,0.0196020504569841,0.174818604191144,0.208211171130339,-0.757412352173765,-0.681495973288081
YLR225C,0.389495491981506,-0.410501509904861,0.0265197391751199,0.0295239026574186,0.340534254908562,0.444408468405406,-0.467839195633822,-0.352217681547896
YLR226W,0.165864735841751,-0.781817018985748,0.0141555006702116,0.0369378647057082,0.139830717692773,0.196391397590438,-0.854397423232091,-0.706877547734744
YLR231C,0.765102028846741,-0.117135606706142,0.048037440451427,0.027268223466198,0.672438066701094,0.862683621048927,-0.172347709850483,-0.0641484475223589
YLR234W,0.037565890699625,-1.42661333084106,0.00302524554023721,0.0350221088096974,0.0318897366523743,0.0436989367008209,-1.49634906717576,-1.35952913031983
YLR238W,0.0863538086414337,-1.06503999233246,0.00673770006885187,0.0338779825717799,0.0738813111558557,0.100105071254075,-1.13146540599164,-0.999543920905904
YLR239C,0.135045409202576,-0.871621310710907,0.0133231626508735,0.042767051324554,0.111295324067275,0.162762198473016,-0.953523086626484,-0.788446456067972
YLR240W,0.105687864124775,-0.976612985134125,0.0057251587983427,0.0235903272332884,0.0947073249146342,0.117179084010422,-1.02361643032323,-0.931149901234053
YLR241W,0.236876457929611,-0.626009047031403,0.0117350659681682,0.0215159334783163,0.214664354920387,0.260261208067338,-0.668240064304223,-0.584590558684344
YLR242C,0.067323349416256,-1.17500519752502,0.00817093461703322,0.0524840439983048,0.0526863670907915,0.0850856337696314,-1.27830175034094,-1.07014376229873
YLR244C,3.05260252952576,0.483735978603363,0.200681588935584,0.0284494424007413,2.68155224323273,3.48031330108643,0.428386262403321,0.541618341305339
YLR246W,0.0235479790717363,-1.63316202163696,0.00362262312083916,0.0667848174606488,0.0169789985132714,0.0313317119143903,-1.77008793420783,-1.504015890153
YLR248W,0.589559257030487,-0.230061426758766,0.0307055624920677,0.0225997540527248,0.531913042068481,0.652053767442703,-0.274159361006861,-0.185716591531761
YLR250W,1.19138133525848,0.0716503411531448,0.17110296816793,0.0617197911108307,0.897564560671647,1.5596371024847,-0.0469343042588612,0.193023554756942
YLR253W,0.121110826730728,-0.917698323726654,0.0077253927750339,0.0276856042299568,0.106827653944492,0.136673299968243,-0.971316309182477,-0.864316319989736
YLR256W,0.411581099033356,-0.385884076356888,0.0162715740827552,0.0171871616048446,0.380434679488341,0.443373454113801,-0.419719901327739,-0.35323031300106
YLR258W,0.483134120702744,-0.316415220499039,0.0227856552175499,0.0204961145904632,0.439506853620211,0.528954029083252,-0.357034349647179,-0.276582070465784
YLR259C,9.08645534515381,0.957895815372467,0.43446429384552,0.0207642806126477,8.26638584931692,9.96885033448537,0.917315672159306,0.998645075718451
YLR263W,0.0011496979277581,-2.96195769309998,0.000367865999458567,0.142274022763137,0.000545316432544496,0.00197723569775311,-3.26335142490444,-2.7039415573821
YLR265C,0.0978539660573006,-1.01177322864532,0.0102014544746347,0.045259085981527,0.0790311686694622,0.11899720877409,-1.10220161146849,-0.924463225399296
YLR270W,0.724591910839081,-0.14115247130394,0.0550672045155518,0.0328812353250318,0.62330352216959,0.839682752390702,-0.20530041988492,-0.0758847703342408
YLR273C,0.0192063357681036,-1.71924805641174,0.00214064867091432,0.0484269470016986,0.015219631488435,0.0237489534231524,-1.81759587853365,-1.62435552749675
YLR274W,0.31694820523262,-0.499523103237152,0.0153932715280526,0.0210967692834733,0.28741385837396,0.348126138498386,-0.541492296096934,-0.458263367181085
YLR276C,0.804093956947327,-0.0952356606721878,0.0401999378856366,0.0217144899426956,0.727145623167356,0.88631884654363,-0.138378605641777,-0.052410017358668
YLR277C,0.151105612516403,-0.821288764476776,0.0077058223202856,0.0221625940176257,0.136489474028349,0.166266642262538,-0.86490084007317,-0.779194873665529
YLR278C,0.088320679962635,-1.05441653728485,0.00416136790593787,0.0204647888732873,0.0802085969597101,0.0966370907922586,-1.0957790804597,-1.01485615278157
YLR284C,0.0741966590285301,-1.13421428203583,0.0108678452189154,0.0631676787979013,0.0548932913069924,0.0982497982680798,-1.26048075175229,-1.00766833505752
YLR286C,6.96301174163818,0.842233300209045,0.35568113584561,0.0221792443415263,6.29054260253906,7.68930181662242,0.798688107945285,0.885886905829768
YLR287C,0.498726218938828,-0.303411871194839,0.0383230995701654,0.0332534125227669,0.428815026084582,0.577255049844583,-0.367730005936674,-0.238632267343935
YLR288C,0.0526734665036201,-1.28009855747223,0.00465091310448476,0.0383603756821665,0.0440937469402949,0.0623114535274605,-1.35562299579138,-1.20543211822028
YLR290C,0.218562871217728,-0.662890315055847,0.0234894425276211,0.0461895365669309,0.177382426708937,0.269277423620224,-0.75108940809352,-0.569800056570542
YLR291C,0.68359637260437,-0.166114896535873,0.0443838779331318,0.028151688397019,0.600536351899306,0.774936473866304,-0.221460698813145,-0.110733897765008
YLR298C,0.164215475320816,-0.791211485862732,0.0290016920034422,0.0757397535600945,0.116079250971476,0.229605349525809,-0.935245405498102,-0.639018004684709
YLR299W,0.193682610988617,-0.713488578796387,0.0100286229089625,0.0224579518863177,0.174797162413597,0.214219538246592,-0.757465621805273,-0.669140933327232
YLR300W,3.78285479545593,0.577166080474854,0.207696816505495,0.0238484036424571,3.38361037174861,4.20048809051514,0.529380338380897,0.623299757626165
YLR305C,0.239973291754723,-0.62014502286911,0.00903523066358005,0.0163785527516635,0.222649537151059,0.257112801074982,-0.652378203872616,-0.589876300261734
YLR307W,0.013982261531055,-1.8645224571228,0.00301550129856155,0.094204219532725,0.00869832877069712,0.0207433020385603,-2.06056418979711,-1.68312211344611
YLR308W,0.00174039625562727,-2.81478834152222,0.000873148797339365,0.228025505826352,0.000464714121335419,0.00391167316508169,-3.33281433529632,-2.4076374770126
YLR309C,0.223843067884445,-0.650452196598053,0.00953681297276696,0.0185120863679264,0.205664985875289,0.242672377328078,-0.686839640032614,-0.614979655336185
YLR312W-A,0.384492665529251,-0.418134033679962,0.0457102208660779,0.0511465527765681,0.30492066865166,0.486992482841015,-0.515813138850708,-0.312477742614753
YLR314C,1.59244155883789,0.201525092124939,0.0793217666907473,0.0216580370351309,1.44028520584106,1.74754030605157,0.158448499774721,0.242427194743269
YLR316C,0.109461158514023,-0.962720811367035,0.0104762974125003,0.0415068569256444,0.0899429839104414,0.131304750343164,-1.04603270860079,-0.881719562305429
YLR318W,0.00900852773338556,-2.04819178581238,0.00103265364792295,0.0497353599517024,0.00716310993690665,0.0111342946533114,-2.14489838341354,-1.9533372952977
YLR319C,0.190509259700775,-0.720580697059631,0.00911162342002387,0.0208092823252997,0.172910034656525,0.20848881577452,-0.762179802159865,-0.680917237762154
YLR321C,0.534981906414032,-0.272404074668884,0.0313527886624776,0.0254092663870098,0.47787785132726,0.598548326392969,-0.320683097987895,-0.222900779312638
YLR323C,0.117518857121468,-0.934740900993347,0.0176963407331421,0.0648524241218455,0.0866155000403523,0.156533161302408,-1.06240439745534,-0.805393664507488
YLR324W,0.270929783582687,-0.567873597145081,0.0157456674616285,0.025210874486637,0.241458116968473,0.303138137360414,-0.617158192712933,-0.518359423642547
YLR326W,0.110889554023743,-0.962035655975342,0.0199459339703221,0.0775951928218907,0.0763920885200302,0.15481064034005,-1.11695161665663,-0.810199202137264
YLR328W,0.439975202083588,-0.357485681772232,0.0285292310457377,0.0282023125555254,0.385075271129608,0.496669769038757,-0.414454370125093,-0.303932273544855
YLR329W,0.00444392347708344,-2.39552402496338,0.00197560327284413,0.199551332772994,0.00151189941000969,0.00911002365561823,-2.82047726703006,-2.04048049537371
YLR330W,0.809217989444733,-0.0923911482095718,0.0370791133039774,0.0199139094088683,0.737717724343141,0.884031606217225,-0.132109782315322,-0.0535322076755302
YLR335W,0.984598159790039,-0.00717080989852548,0.0438264643725116,0.0193481377622671,0.901353162527084,1.07165694236755,-0.0451050148713019,0.0300557817362805
YLR336C,0.295693248510361,-0.529595375061035,0.0132533255824276,0.0194588937701293,0.270504344006379,0.322395134220521,-0.567825756540108,-0.491611521504815
YLR340W,29.2128849029541,1.464390873909,2.16235228899511,0.032074056275007,25.1827793121338,33.7362611452738,1.40110365958093,1.52809694979455
YLR341W,0.00152476318180561,-2.85421228408813,0.000629468757383355,0.184760686796301,0.000569546669915629,0.00298885334244308,-3.24447075306003,-2.52449552719142
YLR343W,0.00119149452075362,-2.95709300041199,0.000461459052066894,0.17385018669458,0.000469544283987489,0.00226416660977217,-3.32832345873824,-2.64509164881393
YLR345W,0.164223179221153,-0.785400807857513,0.0101857796001912,0.0269511609553958,0.14484597928822,0.184875613451004,-0.83909357082596,-0.733120372539215
YLR347C,1.04315805435181,0.0179556161165237,0.0445736130395877,0.0185483369500146,0.957188248634338,1.13168889284134,-0.0190026418435873,0.0537270522298841
YLR348C,0.754031479358673,-0.124366797506809,0.0680821109206357,0.0390154197215408,0.630963229139646,0.897859974702199,-0.199995968335608,-0.0467913882305898
YLR357W,0.293205678462982,-0.533276557922363,0.0133184810904325,0.0197185631445516,0.267722785224517,0.320408466458321,-0.572314665699338,-0.494296016664046
YLR359W,2.63045930862427,0.419380068778992,0.144004570967096,0.0237974219695323,2.35262781381607,2.92144993543625,0.371553226053486,0.465598448250269
YLR360W,0.0863368734717369,-1.06539881229401,0.00741320975919107,0.0371976214121706,0.072730727493763,0.101835809648037,-1.13828206834845,-0.99209947938755
YLR361C,0.151143059134483,-0.821387410163879,0.00905439430026244,0.0259951273737099,0.134060993790627,0.170038984219233,-0.87269756551677,-0.76945149814799
YLR369W,0.246303215622902,-0.609226524829865,0.0139481942087123,0.0245849943681658,0.220169278110067,0.274982310831547,-0.65724328164965,-0.560695242921006
YLR372W,2.40574288368225,0.380150765180588,0.171596757043026,0.030852082905953,2.08940876921018,2.76887241403262,0.320023401951338,0.442302944184545
YLR373C,0.125449284911156,-0.902088105678558,0.0063402388751847,0.0219793481702998,0.113124190084636,0.138153949628274,-0.946444517127026,-0.859636694758307
YLR375W,0.216332122683525,-0.666504323482513,0.0187544050108637,0.0375727704286858,0.182152420158188,0.254977263510227,-0.739565058019358,-0.593498544601038
YLR376C,0.0305562112480402,-1.53003346920013,0.0081080993296015,0.115448143253341,0.0170599010152121,0.0489761730345587,-1.76802349325434,-1.31001515351229
YLR378C,2.12779092788696,0.327255040407181,0.118647634153735,0.024213639371923,1.90709500610828,2.3703989982605,0.280372328800843,0.374821454937557
YLR382C,0.0906575098633766,-1.04325199127197,0.00496926020124464,0.0238279048526475,0.0812003665293256,0.100685557164252,-1.09044201054845,-0.997032823916644
YLR383W,0.0777169391512871,-1.11006474494934,0.00402067259543658,0.0224711573715252,0.0700739921381076,0.085878453652064,-1.15444314025898,-1.06611578548598
YLR386W,0.232131272554398,-0.634739279747009,0.010854069682357,0.0203039941550545,0.211889304717382,0.25390899181366,-0.673890964588128,-0.595321918953346
YLR390W-A,8.18083190917969,0.908590018749237,1.1463751407815,0.060409748243748,6.15996455351512,10.7167041778564,0.789578213096295,1.03006124156122
YLR392C,0.0855519250035286,-1.06906068325043,0.00659480815338393,0.033435883987116,0.073277630781134,0.09950443636626,-1.13502858076543,-1.00215755781764
YLR393W,0.126645267009735,-0.901062965393066,0.0164812519758656,0.0563463508415077,0.0974931097899874,0.162082014232874,-1.01102607651114,-0.790265175744011
YLR394W,0.00270803552120924,-2.58983564376831,0.000865940972821712,0.14191341261396,0.00128693326648014,0.00466625835591306,-2.89044397299087,-2.3310313054096
YLR396C,0.134751364588737,-0.871147274971008,0.00754484004282561,0.0243269582435248,0.120624366837243,0.150153065969547,-0.918564953282158,-0.823465797302181
YLR397C,0.35820934176445,-0.446350395679474,0.0169447126384052,0.0205853152927527,0.32592560723424,0.391360253095627,-0.486881516679453,-0.407423283782201
YLR398C,0.371684730052948,-0.430150628089905,0.0144100127355839,0.0168561099912307,0.344018881519635,0.39998758037885,-0.463417720590293,-0.397953493519894
YLR399C,0.893782496452332,-0.0493069216609001,0.0445528813368436,0.0216335285834736,0.809759093324343,0.983585005005201,-0.0916441709451589,-0.00718810099910771
YLR401C,0.381992846727371,-0.418488323688507,0.0191345108372904,0.0217758925290098,0.345946266253789,0.420102201898893,-0.460991353210753,-0.376645042323205
YLR403W,0.298298507928848,-0.52591472864151,0.0152612011910272,0.0221907350140338,0.270273298025131,0.329241663465897,-0.568196858826501,-0.482485214968709
YLR404W,0.131761506199837,-0.883125483989716,0.0152829051179137,0.0503527115164699,0.103884349763393,0.163303660477201,-0.983449877144526,-0.787004080599706
YLR405W,0.149242863059044,-0.827581763267517,0.012294539077502,0.0358381548361457,0.126035036891699,0.174240082502365,-0.899508707253693,-0.758851931950597
YLR409C,0.566692650318146,-0.247016400098801,0.0232218291574104,0.0178255476607731,0.52221291710933,0.613209391136964,-0.282152389976601,-0.212391203362816
YLR410W,0.93863320350647,-0.0278614107519388,0.038040272834574,0.0176229319780619,0.86520129442215,1.01306425233682,-0.06288283948725,0.00563699041559176
YLR412W,0.0994547829031944,-1.00651884078979,0.0138033443474104,0.0600255161780955,0.0747620295733213,0.129227186987797,-1.1263189173897,-0.888646109399097
YLR414C,0.587612688541412,-0.233629956841469,0.0660239427450373,0.0486115444550518,0.469593584537506,0.726293246944745,-0.328277844935468,-0.138887995244703
YLR418C,0.629203677177429,-0.202218011021614,0.043002360647592,0.0295897959875596,0.550065677364667,0.720678710440794,-0.259585453059045,-0.142258314164408
YLR420W,1.7471330165863,0.241326168179512,0.118722023931086,0.029444620001077,1.5245994001627,1.99025999009609,0.183155742145252,0.298909811957492
YLR424W,0.0752816796302795,-1.12412810325623,0.00463090088044931,0.0266998812489333,0.0665951910118262,0.0846790447831154,-1.17655713205938,-1.07222404965784
YLR426W,0.138602271676064,-0.860169410705566,0.0131444808906211,0.0410144414049761,0.114605523273349,0.166430890932679,-0.940794451574325,-0.77876606606349
YLR427W,0.147609874606133,-0.831536054611206,0.00808368779340802,0.0238125295687352,0.131967837984363,0.163864185785254,-0.879531898609951,-0.785515956495814
YLR430W,0.187044054269791,-0.728358030319214,0.00697304435225558,0.0162326364111169,0.173413435618083,0.200255528092384,-0.76091725770679,-0.698415486295509
YLR431C,0.0355277359485626,-1.45159339904785,0.00354981831557985,0.0433244423793861,0.0289249300335844,0.0429712302672366,-1.5387276945492,-1.36682222578231
YLR433C,0.318878948688507,-0.497012168169022,0.0172655448612343,0.0235225022693689,0.285685330629349,0.353364452471336,-0.544112059198246,-0.451777141678062
YLR438W,2.60035753250122,0.414300739765167,0.151007834843874,0.0251979856034138,2.32031867702802,2.91260701417923,0.365547635814927,0.464281890507022
YLR439W,0.279879122972488,-0.554411709308624,0.0223219760759509,0.0347012071708619,0.23688506471614,0.325983188052972,-0.625462322477832,-0.486804797370538
YLR440C,0.262810707092285,-0.580830872058868,0.012257494332963,0.0203381671382087,0.238026116912564,0.286377949515979,-0.623375388286111,-0.543060424815035
YLR442C,0.115287393331528,-0.938696086406708,0.00539913059910705,0.0203523905552683,0.104897178709507,0.126132494335373,-0.979236192334279,-0.899173015785987
YLR447C,2.98240923881531,0.473587840795517,0.200613645443215,0.0291517976999545,2.61668705940247,3.39985703627268,0.417751786643979,0.531460654929698
YLR452C,0.459196716547012,-0.33852607011795,0.0225910121032465,0.0213773538169409,0.415814161300659,0.504652171333631,-0.381100724071399,-0.297007854060094
YLR453C,0.0288785882294178,-1.54259479045868,0.00349362481533424,0.0525295509535061,0.0226734593355407,0.0361294661338131,-1.64448221436755,-1.44213845628173
YLR455W,0.254184514284134,-0.596649527549744,0.023168854567548,0.0394648454272132,0.212121212482452,0.303189850846926,-0.67341590281251,-0.518285343459773
YML130C,0.789043605327606,-0.103458151221275,0.0401038163781866,0.0220640777383491,0.713213244080544,0.870979040364424,-0.146780602844129,-0.0599922960806166
YML128C,0.130782350897789,-0.884393334388733,0.00863407618982376,0.0286421757678578,0.114385332415501,0.148355692625046,-0.941629662923611,-0.828695784512546
YML127W,0.391877800226212,-0.407484799623489,0.0212350700666322,0.0235147445060795,0.352023053417603,0.435833841562271,-0.45342889442913,-0.360679050746176
YML125C,1.4513281583786,0.160211145877838,0.123225861509353,0.0367206507682884,1.2249783774217,1.71446161170801,0.0881284227533132,0.234127763378092
YML123C,9.16505527496338,0.961648046970367,0.435106867756799,0.0206194793551486,8.32974371115367,10.0445617755254,0.920631639045402,1.00193099405117
YML121W,0.263089329004288,-0.581681668758392,0.0239096180660197,0.0393759208738976,0.219924431790908,0.312142968177795,-0.657726526619412,-0.505646444221332
YML120C,0.359381675720215,-0.445064216852188,0.019240068459156,0.0232240624238677,0.323473572731018,0.398315783838431,-0.49016119470444,-0.399772486527993
YML118W,0.0108865732327104,-1.9675087928772,0.00155092156178336,0.0619750477653695,0.00810633262929817,0.0141701209824532,-2.09117560084269,-1.84862645909076
YML117W,0.273140251636505,-0.56399804353714,0.0114931428657743,0.0183050878652356,0.251041311025619,0.295531077931325,-0.600254805716947,-0.529396842339223
YML115C,0.851189076900482,-0.0705404281616211,0.0434955937490001,0.0221971146938833,0.768488356967767,0.937714363137881,-0.11436270969744,-0.0279294326873606
YML114C,0.119159378111362,-0.924808323383331,0.0078304376349851,0.0285651683717825,0.104367785155773,0.13486253755788,-0.981433532828929,-0.870108673589101
YML113W,0.532796263694763,-0.276617467403412,0.0647723499989436,0.0525012093536699,0.41810670470198,0.668815195560455,-0.378712869941332,-0.174693868234881
YML112W,0.229178741574287,-0.641811192035675,0.0219747469490189,0.0415424910873442,0.189456819246213,0.275023758411407,-0.72248975894435,-0.560629787255975
YML111W,0.178751155734062,-0.748209059238434,0.00823437595211911,0.0199793267984144,0.163478891551495,0.195265161991119,-0.786538315977211,-0.709375234267611
YML109W,0.131651550531387,-0.88108366727829,0.00639182579269753,0.02110134058273,0.119676940143108,0.144119016205271,-0.921989523222524,-0.841278711786553
YML107C,0.113459572196007,-0.947346985340118,0.0114206952304873,0.043613918137929,0.0925255588566263,0.137716532250245,-1.03373828311561,-0.86101392244552
YML106W,3.52688312530518,0.541608333587646,0.584282687234649,0.0705797329240857,2.55922175049782,4.86190435091654,0.408107917491441,0.686806386092191
YML105C,0.967831254005432,-0.0165374390780926,0.101009555532526,0.0449728055083562,0.788591872652372,1.18337152401606,-0.103147715085452,0.0731211143447427
YML103C,0.413846731185913,-0.383468210697174,0.0155226191006847,0.0163209217911587,0.384034663438797,0.44339834600687,-0.415629573911713,-0.353205932321766
YML102W,0.209720194339752,-0.679269015789032,0.0135555942298086,0.0280828996558676,0.184314702823758,0.237104079624017,-0.734440023322292,-0.625060973495155
YML100W,0.84044474363327,-0.0758503302931786,0.0342060566410797,0.0177042939932465,0.775541631380717,0.905133605003357,-0.110394885980894,-0.0432873107029697
YML097C,0.22522509098053,-0.648383259773254,0.0152981341456441,0.0294954119350156,0.196374821042021,0.256043927371502,-0.706914197898563,-0.591685519985676
YML096W,0.133525937795639,-0.875361800193787,0.00874176478173566,0.0284144915586901,0.117237073617677,0.151449406892061,-0.930935032127141,-0.819732423193337
YML093W,0.657692611217499,-0.182408809661865,0.0293911747425984,0.0194049911657988,0.601179652412732,0.718139610687892,-0.220995727011627,-0.143791118245856
YML092C,1.63228404521942,0.209611400961876,0.198875514904941,0.0525398640766471,1.28826956947645,2.06021055579185,0.110006748239049,0.313911607139996
YML087C,0.0139248417690396,-1.86746406555176,0.00316633976771588,0.0996620188706364,0.00845670962395767,0.0208372960488001,-2.0727986115972,-1.68115863911596
YML086C,1.17396652698517,0.0690375193953514,0.0626889071059403,0.0232112928124648,1.0528138200442,1.29916119972865,0.0223515720976152,0.113663041608879
YML083C,0.00256672292016447,-2.62021040916443,0.000935756992452113,0.163908602422192,0.00107469918439165,0.00471763279444228,-2.96871308226564,-2.32627586623944
YML082W,0.156824111938477,-0.805296361446381,0.00896370011324704,0.0248046365309364,0.140222440908353,0.175188452626268,-0.85318247807615,-0.756494523316583
YML080W,0.251779228448868,-0.600131928920746,0.0183574790305335,0.031639931591701,0.218141259253025,0.289576389392217,-0.661262189706916,-0.538236851297339
YML075C,0.340879023075104,-0.46780189871788,0.0146644703227093,0.0187060260822274,0.312459186961253,0.370223034421603,-0.505206701805692,-0.431536563948367
YML074C,3.90557074546814,0.590908765792847,0.233471735214615,0.0259496121050859,3.47114153901736,4.37811239163081,0.540472320282198,0.641286906239552
YML072C,1.28073418140411,0.107167884707451,0.0467353095374415,0.0158694212228469,1.18984182973703,1.37157779832681,0.0754892327499158,0.137220446344256
YML071C,0.19538052380085,-0.709884881973267,0.0116096518141073,0.025791631716166,0.173615369200706,0.218981220697363,-0.76041183181358,-0.659593127636774
YML069W,1.45672285556793,0.162787914276123,0.0759916710969861,0.0226227050558813,1.31423341532548,1.61213333904743,0.118672505060991,0.20740095910708
YML067C,0.670441806316376,-0.174825221300125,0.0496702952183228,0.0321035493777541,0.579718454182148,0.774143067499002,-0.23678287591005,-0.111178778072886
YML066C,0.00152105989400297,-2.87105679512024,0.000743778579726329,0.223107633315544,0.00043501035203614,0.00329156708903611,-3.36150071073089,-2.48259728864991
YML062C,0.221144065260887,-0.65642112493515,0.0157547191037851,0.0308808873815025,0.192393730332454,0.254163221269846,-0.715809084874973,-0.594887315687649
YML061C,0.12213409692049,-0.913717269897461,0.00616258558023607,0.0219570998913269,0.109960722674926,0.134441938002904,-0.958762414909339,-0.871465235737751
YML060W,0.210143893957138,-0.678836762905121,0.0166383818840587,0.0342564725097258,0.179611099511385,0.245117067048947,-0.74566684363808,-0.610626448577179
YML057W,0.327206820249557,-0.485800474882126,0.0175330981101853,0.0232556059914764,0.294754239668449,0.362714190036058,-0.530539940093563,-0.440435453709465
YML052W,1.27646923065186,0.104364953935146,0.11139539727294,0.0377743519906055,1.07239969074726,1.51132459839185,0.0303566797964143,0.179357750990992
YML051W,0.0552206113934517,-1.25998747348785,0.00542831504671649,0.0426211357516806,0.0452941908190648,0.0666308835148811,-1.34395749700401,-1.17632442810822
YML050W,0.0692601203918457,-1.16327178478241,0.00914177336354108,0.0571188428769607,0.0528090322079758,0.0888488410661618,-1.27729179225211,-1.05134823398731
YML048W,1.49062085151672,0.17248809337616,0.0950672178978714,0.0276290778104611,1.31419208745162,1.6909852395455,0.11865884796745,0.228139816556415
YML047C,0.00167674163822085,-2.83248233795166,0.000849574958508232,0.231199818398724,0.000465253106085584,0.00372575388367598,-3.33231071878542,-2.42878585286594
YML046W,0.138727217912674,-0.858655154705048,0.00849683976871751,0.0265808499639243,0.122865482978523,0.156029385328293,-0.910570107839738,-0.806793605550099
YML041C,0.107670605182648,-0.971336543560028,0.0136172403587874,0.054579587887446,0.0837009889384111,0.136977028722564,-1.07726941102045,-0.863352266415044
YML038C,0.175677910447121,-0.756396055221558,0.0125782028615656,0.0310571220481307,0.152588375533621,0.201293276871244,-0.816478552957395,-0.696170730166395
YML037C,0.0524921752512455,-1.28313064575195,0.00641156909684559,0.0530081854858432,0.0409524922880034,0.0661122937997182,-1.38771966371787,-1.17971777985693
YML035C,0.559090733528137,-0.252948850393295,0.0249087650304041,0.0193471035842781,0.511240961651007,0.60862535238266,-0.29137435691564,-0.21564996099762
YML034W,0.288817286491394,-0.539837181568146,0.013301309476704,0.0200274832563301,0.263548079133034,0.314946960657835,-0.579140144827195,-0.501762578381499
YML031W,0.366860896348953,-0.436038196086884,0.0182964755667948,0.0216630246053595,0.332221268365781,0.403676608701547,-0.478572569192865,-0.393966415715874
YML029W,0.216273680329323,-0.665471911430359,0.0101307956753262,0.0203439453936623,0.197074128190676,0.236607044935226,-0.705370386713333,-0.625972328469946
YML025C,0.414395302534103,-0.384470045566559,0.0386855640049263,0.0404785836705831,0.343759895861149,0.496253965298335,-0.463744791322548,-0.304296010479942
YML021C,0.284371256828308,-0.547373414039612,0.0217158121038316,0.0330522612512101,0.243748384838303,0.330358810474475,-0.613058253555899,-0.481014106323779
YML019W,0.361982494592667,-0.442688763141632,0.028855338400617,0.0345290162989814,0.309134285897017,0.422917904704809,-0.509852825001058,-0.373743929954544
YML017W,0.97428297996521,-0.0119320377707481,0.0519883133457276,0.0231671737620688,0.876940965652466,1.07825606564681,-0.0570296417016027,0.0327219098266714
YML016C,0.23254682123661,-0.633959889411926,0.0107922906170936,0.0201754560033537,0.211939027781288,0.253704328338305,-0.673789062389459,-0.595672123653215
YML015C,0.174677968025208,-0.759328246116638,0.0148861853761872,0.0368632748695676,0.147381686543425,0.206470966339111,-0.831556478241164,-0.685141009601832
YML014W,0.406716018915176,-0.392701894044876,0.0391297908191523,0.0415576824846137,0.338713939736287,0.490018994857868,-0.470166930326194,-0.309787084869567
YML013W,0.25966876745224,-0.586275219917297,0.0146922633103467,0.0245698429189394,0.231777367119988,0.288718000054359,-0.634928974969343,-0.53952613951677
YML010W,1.32964134216309,0.123370826244354,0.0544053958883844,0.0178045697738727,1.22537207603455,1.43511322836081,0.088267979339915,0.156886167536954
YML007W,0.400098770856857,-0.398392051458359,0.0203340390120558,0.0220299477183861,0.361948339641094,0.441657565285762,-0.44135341423017,-0.354914326069597
YML006C,0.0929547771811485,-1.03241229057312,0.00522751894265901,0.0244058392504045,0.0831849254046877,0.10341321931531,-1.07995536853303,-0.9854239421797
YML004C,1.86296033859253,0.268948972225189,0.141938184309855,0.0330064608223796,1.60283597012361,2.15528920690219,0.204889077997825,0.33350555155128
YML003W,0.0347739942371845,-1.46612358093262,0.00642494909715921,0.0802482159292214,0.0237269301277896,0.0487584336350362,-1.62475845189509,-1.31195025464359
YMR001C,0.327613860368729,-0.485145956277847,0.0158509379307218,0.0210049071499583,0.297239458064238,0.359815079718828,-0.526893539399526,-0.443920640348822
YMR010W,0.278023600578308,-0.556832313537598,0.0180553647400838,0.028166394806755,0.244351673250397,0.314943199108044,-0.611984683804835,-0.501767765734692
YMR012W,2.16452884674072,0.33507040143013,0.0795425731021712,0.0159972630761583,2.00929520726204,2.31677130858103,0.303043747981662,0.364883165523527
YMR013C,0.0779142677783966,-1.10952484607697,0.00564589725771349,0.0315412881864104,0.0672078883896271,0.0892492265750964,-1.17257974968882,-1.04939553879386
YMR014W,0.440159142017365,-0.357016175985336,0.0236449990496451,0.0233099966060156,0.395842468241851,0.488479942083359,-0.402477614045609,-0.311153264537551
YMR015C,1.68895316123962,0.227070853114128,0.0848509526049506,0.0217751433988629,1.53278005123138,1.86250311235587,0.185479839531633,0.270097007103581
YMR016C,0.215599194169044,-0.666879057884216,0.010598880812108,0.0213684434244867,0.195473089814186,0.236330471808712,-0.70891302215365,-0.626480278072708
YMR018W,0.000511908670887351,-3.37844061851501,0.000321578520790635,0.290505147134121,9.82894331173156e-05,0.00132364942304169,-4.00749317001142,-2.87822703857915
YMR020W,0.072529561817646,-1.14085340499878,0.00575718232612003,0.0344975203520515,0.0617627318327626,0.0844673585146666,-1.20927350293093,-1.07331108702656
YMR021C,0.116421021521091,-0.935361623764038,0.00934422884758382,0.0348508871577866,0.0988029747580488,0.135685010999441,-1.0052299796525,-0.867468126120001
YMR025W,0.05464918166399,-1.26724720001221,0.00818460122484274,0.0648948028963819,0.0398598052871724,0.0724736759439111,-1.39946482730889,-1.13981971347251
YMR026C,0.0840531811118126,-1.07735419273376,0.00790424374309085,0.0407734587756663,0.0695017405475179,0.101177213216821,-1.15800432306718,-0.994917286793408
YMR028W,0.21409484744072,-0.670760095119476,0.0170126183430187,0.0344860127350302,0.182268790528178,0.248950110375881,-0.739287696719135,-0.603887676897807
YMR029C,0.192478239536285,-0.716533243656158,0.01250340978209,0.0282033930033343,0.168663795168201,0.218166366219521,-0.772978131777941,-0.661212201919798
YMR030W,0.0716730579733849,-1.14714765548706,0.00772458464807527,0.0466300579821043,0.0577368028461933,0.0881070523833235,-1.23854726868355,-1.05498932879054
YMR032W,0.155337601900101,-0.809374511241913,0.00851436114214827,0.0237552871650085,0.139637451370557,0.172895601888498,-0.854998086458986,-0.762216054159416
YMR033W,0.490362852811813,-0.310271143913269,0.0295387200180808,0.0261638291823531,0.435018444061279,0.550515845914682,-0.361492329441158,-0.259230176337728
YMR034C,0.0247605703771114,-1.60974144935608,0.00314837286523558,0.0552250275229249,0.0191959254443645,0.0312680937349796,-1.71679094604221,-1.50489859479208
YMR036C,0.0723680853843689,-1.14168310165405,0.0054574215864851,0.0327037340487711,0.0625142231583595,0.0836876995240648,-1.20402116127286,-1.07733838074081
YMR037C,0.279549390077591,-0.554103493690491,0.0142041680564583,0.0220777073272366,0.252943840871255,0.30813814351956,-0.596975891938848,-0.511254543953849
YMR038C,2.52690958976746,0.399449288845062,0.306265875346485,0.0521237487249707,1.99341795941194,3.20632578134537,0.299598366378373,0.506007647009707
YMR041C,0.0931583419442177,-1.03329110145569,0.0100399860813504,0.0467670932162356,0.0748953194047014,0.1145843413348,-1.12554532292748,-0.940874727386363
YMR043W,0.494355618953705,-0.308041542768478,0.0485137210923868,0.0424913565067331,0.408203971882661,0.594355895618598,-0.389122776210996,-0.225953425030017
YMR044W,0.39012885093689,-0.409523040056229,0.0226400968295542,0.0251953636028452,0.347214338680108,0.435697257518768,-0.45940234977917,-0.360815173707152
YMR048W,0.187765032052994,-0.728408336639404,0.0181351983848645,0.041933655143572,0.154039546847343,0.225512941305836,-0.812367767652446,-0.646828534448354
YMR049C,1.04152166843414,0.0172362588346004,0.046453936712979,0.019372891145002,0.952878850698471,1.13456416130066,-0.0209623121865854,0.0548290609181009
YMR053C,0.0105900149792433,-1.97764241695404,0.00114320841021224,0.0470279146513581,0.00849835521851977,0.0129478412602718,-2.0706651200132,-1.8878026339319
YMR054W,0.336746901273727,-0.473182260990143,0.0159165188649773,0.0205554671020528,0.305216643959284,0.368018144865831,-0.515391787402089,-0.434130768486985
YMR055C,0.0651194304227829,-1.18991684913635,0.00842958203869897,0.0561772995930541,0.0498908997513354,0.0826876973112424,-1.30197866397561,-1.08255910225786
YMR062C,0.389586120843887,-0.410244196653366,0.024342664985432,0.0271074062592399,0.344297587871552,0.439118720591068,-0.46306601992601,-0.357418048381373
YMR063W,0.090313583612442,-1.05158174037933,0.0167207724150715,0.0798382801685003,0.0620127499724428,0.127217492461205,-1.20751904375079,-0.895453171888592
YMR064W,0.0634512901306152,-1.19892716407776,0.00504447325537052,0.0344795509905323,0.0543238633933167,0.0738618075847626,-1.26500935973574,-1.13158006827342
YMR065W,0.00312611809931695,-2.52191019058228,0.000871772570813045,0.122685875473548,0.0016923838101017,0.00504023674875498,-2.7715011522298,-2.29754906350228
YMR066W,0.0533569529652596,-1.27356266975403,0.00314972899838955,0.0256139932212499,0.0474495412160953,0.0598172144964337,-1.32376798260569,-1.22317381462949
YMR067C,0.349065124988556,-0.458142101764679,0.024299588046208,0.0301962048045889,0.304531648010015,0.398952280233304,-0.516367568148269,-0.399079048430011
YMR070W,0.204807862639427,-0.689674496650696,0.0140422876952905,0.0297589372317553,0.178402751560013,0.23394772435228,-0.748598454882325,-0.630881208388374
YMR075W,0.115627527236938,-0.937771260738373,0.00717214775251798,0.0269222534509262,0.102143049364289,0.130354056507349,-0.990791181271199,-0.884875449513676
YMR076C,0.242157131433487,-0.616289675235748,0.0102180684181387,0.0183412390016701,0.222546049083273,0.262509421507517,-0.652580111453778,-0.580855105087576
YMR078C,0.0972527787089348,-1.01277148723602,0.00541925327504086,0.024195265246885,0.0869764300684134,0.108225506233672,-1.06059842485613,-0.965670374338582
YMR079W,2.71792268753052,0.432787150144577,0.222820146370614,0.0354468911696776,2.31398630142212,3.18623438080152,0.36436078364149,0.503277718960531
YMR080C,0.453760504722595,-0.343592673540115,0.019926235391461,0.0190952101019833,0.415160662929217,0.493158280849457,-0.38178380335021,-0.307013670039039
YMR081C,0.00516456831246614,-2.30965399742126,0.00166203087800103,0.142455917397558,0.00245072680215041,0.00883820344849179,-2.61070515822747,-2.05363600797201
YMR083W,4.68561315536499,0.669749140739441,0.32140889585349,0.0296909648667732,4.09003492196401,5.35983990828196,0.611727016038997,0.729151815188777
YMR085W,0.000906362081877887,-3.11923217773438,0.000530747068478721,0.271177859821399,0.000187728052696912,0.00219212614077454,-3.72647108571549,-2.65913448532117
YMR086W,0.308313757181168,-0.511465668678284,0.0141544263649762,0.019961072597961,0.280721615006526,0.336934626102448,-0.551724146909255,-0.47245435514388
YMR087W,0.110497303307056,-0.959785640239716,0.0133374042299756,0.0521936554547941,0.0869965627789497,0.138805248215795,-1.06049790595178,-0.857594113819091
YMR088C,0.224012151360512,-0.650388956069946,0.0123365552013289,0.0239064919799981,0.200890553121765,0.248626959820588,-0.697040485487282,-0.604451780497065
YMR089C,0.361111342906952,-0.442806601524353,0.0164045865558132,0.0197574282236334,0.329247677574555,0.393698609123627,-0.482477279809882,-0.404836120127939
YMR090W,0.129149615764618,-0.896604597568512,0.02450039144019,0.081829233850939,0.0862498446678122,0.18545147391657,-1.06424169362171,-0.731769712787364
YMR091C,0.753227055072784,-0.123831897974014,0.0444676954805515,0.0256699910421629,0.668552236258984,0.841312000652154,-0.174864655014349,-0.0750429161728584
YMR092C,1.45554172992706,0.162516131997108,0.0704642519234244,0.021035544763544,1.3210974663496,1.59573899209499,0.120934859611542,0.202961856811056
YMR093W,0.502407848834991,-0.299644619226456,0.0285263826706404,0.0246481107604743,0.447636235008637,0.559508612751961,-0.349074765843142,-0.252193224017826
YMR098C,0.116554580628872,-0.934248149394989,0.00698649541448877,0.0260052095468821,0.103465861454606,0.130852535367012,-0.985202922142098,-0.883217858157951
YMR099C,2.49228191375732,0.395245522260666,0.197071433087765,0.0342531198780438,2.13778729836146,2.90896273851395,0.329964492384633,0.463738157525373
YMR100W,0.101640857756138,-0.993836998939514,0.00656219908455103,0.0280729198645644,0.0891886087755362,0.114923767745495,-1.04969062410733,-0.939590144216339
YMR102C,0.150986209511757,-0.821598947048187,0.00751553620340941,0.0216070474120478,0.136857364823421,0.16636938713491,-0.863731826824471,-0.778926583723709
YMR105C,0.60725724697113,-0.217179030179977,0.0305779175288984,0.0219144002538635,0.547893404960632,0.666929988066355,-0.261303927173327,-0.175919754924723
YMR106C,0.0819102004170418,-1.08752906322479,0.00517562205816568,0.0274970311745344,0.0719805842265487,0.092266570776701,-1.14278463356777,-1.03495562078999
YMR108W,3.77618479728699,0.576575577259064,0.177356779989428,0.0204077397802816,3.43534919023514,4.13244039614995,0.535970885586493,0.61620659821681
YMR110C,0.381269305944443,-0.419467836618423,0.0216552921723002,0.0246526551378846,0.340456107755502,0.424499752372503,-0.4679388704701,-0.372122558845191
YMR113W,0.198632091283798,-0.70286101102829,0.0128499417937133,0.0281343613797124,0.174671595171094,0.224597365160783,-0.757777713727951,-0.648595342930748
YMR115W,0.235430985689163,-0.62889689207077,0.0139540457994381,0.0257218527849432,0.209040479113658,0.263869151721398,-0.679769607912302,-0.578611379242638
YMR116C,25.4914226531982,1.40524935722351,1.85419132630598,0.0315488369918732,21.9389405250549,29.3504085540771,1.34121565065678,1.46761415095148
YMR119W,0.137739792466164,-0.861693561077118,0.00810505443327015,0.0255434202598258,0.122707854832212,0.154152659202615,-0.911127636124762,-0.812048979099548
YMR120C,2.69212579727173,0.429606050252914,0.12785762475289,0.0206281884191687,2.44718766212463,2.94999410907427,0.388667274419293,0.469821148675957
YMR124W,0.173218816518784,-0.761904776096344,0.00830592888160985,0.0208572451324755,0.156973212212324,0.189754346882304,-0.804174456296835,-0.721808266524052
YMR125W,0.775656580924988,-0.110720656812191,0.0328595586784977,0.01841353856433,0.712960958480835,0.840227022270362,-0.146934251327054,-0.0756033557290824
YMR127C,0.0659830346703529,-1.18336760997772,0.0075043761175225,0.0493406953578841,0.0525447390973568,0.0816686471303304,-1.27947076004226,-1.08794463992059
YMR128W,0.491168200969696,-0.309108197689056,0.0193612681444879,0.0171393681653729,0.453410271803538,0.529619623223941,-0.343508645372532,-0.276035932796647
YMR129W,0.355326533317566,-0.449729144573212,0.0144305575749504,0.0176321563543692,0.327976898352305,0.383862770348787,-0.484156749121336,-0.415824007293371
YMR130W,0.357733339071274,-0.448134571313858,0.0316471313186069,0.0383611829252978,0.299459130316973,0.421917860209942,-0.523662441361252,-0.374772092826097
YMR131C,1.24225723743439,0.0935747250914574,0.0673972266439859,0.023563263657986,1.11174387832483,1.37839268445969,0.0460047463146242,0.139372958152325
YMR133W,0.0011998200789094,-2.97455644607544,0.000590130438237891,0.223728192907686,0.00034693130874075,0.002646204646832,-3.45975650557799,-2.57737683095665
YMR134W,0.377258807420731,-0.428201764822006,0.0567158721260714,0.0647754736304129,0.27928965613246,0.500485801200072,-0.55394514868541,-0.300608242539087
YMR137C,0.0457037277519703,-1.34126961231232,0.00342632699595695,0.0325798819974932,0.0392697378993034,0.0526629292716583,-1.40594199736126,-1.27849498815196
YMR139W,0.217661529779434,-0.663667142391205,0.0178124363131075,0.0355015214507755,0.184774366766214,0.254656316588322,-0.733358277417997,-0.594045557836816
YMR140W,0.174155041575432,-0.760020852088928,0.0115877449601378,0.0288350662543204,0.152614668632547,0.197997689247131,-0.816403722349595,-0.703339878188347
YMR145C,1.13282561302185,0.0535833798348904,0.0586055187486256,0.0224630261569607,1.02205326656501,1.25034655034542,0.00947352885081676,0.0970304002374364
YMR146C,4.04962015151978,0.606310486793518,0.289003817297959,0.0309437651895038,3.51492585341136,4.64751668771108,0.545916167539104,0.667220957448779
YMR149W,1.08519923686981,0.0336396954953671,0.101030833382106,0.0403124096503465,0.900909951825937,1.30053481260935,-0.0453186179336492,0.114121981755184
YMR152W,0.606840550899506,-0.218142136931419,0.045620385493482,0.032470471876081,0.523880732059479,0.70235887269179,-0.280767574755707,-0.153440926897396
YMR153W,0.49381822347641,-0.307230740785599,0.0299252728102962,0.026350550347678,0.436389982700348,0.55449253320694,-0.360125227166863,-0.256104297682282
YMR156C,0.0782088786363602,-1.11642348766327,0.0166418650480192,0.0918838565719417,0.050728974553446,0.114390951767564,-1.29474391690286,-0.94160834627782
YMR157C,0.322796911001205,-0.494976997375488,0.0435825194292763,0.0582267973110849,0.247398732602596,0.418229743341605,-0.606602531826697,-0.378585085219418
YMR165C,0.167423322796822,-0.776769399642944,0.00871393843912075,0.0225981056161281,0.150950812424223,0.18501287077864,-0.821164545241993,-0.732798058385823
YMR167W,0.0965165868401527,-1.01615345478058,0.00571060467339637,0.0256508697152627,0.0858419667929411,0.108519653044641,-1.06630034048126,-0.964491603421572
YMR168C,0.0556166060268879,-1.25600600242615,0.00415631180417925,0.0324616688515116,0.0477673249319196,0.0641581403712431,-1.32086907981494,-1.19274823596576
YMR171C,0.145235523581505,-0.83880740404129,0.00924946492379686,0.0276448139392101,0.127774462103844,0.164070234944423,-0.893555938976324,-0.784970211027787
YMR173W,6.23638391494751,0.794198215007782,0.363329627804861,0.0252623273943689,5.55748994747798,6.98459384044011,0.744878685777246,0.844141143860694
YMR177W,0.120142757892609,-0.921298265457153,0.00814327840051037,0.0293881138025235,0.104710703529418,0.136686146756013,-0.980008922466575,-0.864275521563237
YMR178W,0.658759474754333,-0.183422222733498,0.0658272967326068,0.0431800814718126,0.540671288967133,0.800326203803221,-0.267066691963505,-0.0967329651407581
YMR179W,0.137451693415642,-0.862485766410828,0.00745388722095953,0.0235650360112004,0.123300114336113,0.152602943281333,-0.909036522775084,-0.81643709004921
YMR180C,0.0403882376849651,-1.39820981025696,0.00579723140511859,0.0623813057151986,0.02989531471394,0.0528746023774147,-1.52439687259152,-1.27675288554492
YMR183C,2.01399040222168,0.302348226308823,0.179525167280825,0.038491577036364,1.69369951486588,2.39460741877556,0.228836362686092,0.379234298956974
YMR185W,0.0788724198937416,-1.10375356674194,0.00440310182212294,0.0242480162713683,0.0705219035968185,0.0877612533668677,-1.15167597341527,-1.05669718309883
YMR187C,0.0598974041640759,-1.22455990314484,0.00570799915426869,0.0414019538566989,0.0491981438671549,0.0714793593933185,-1.30805128723278,-1.14581934834884
YMR188C,0.605319976806641,-0.222857400774956,0.0914357315105614,0.064658797721854,0.449434941510359,0.813753079871336,-0.347333171525646,-0.089507359113094
YMR189W,0.825630366802216,-0.0835821554064751,0.0339701239669691,0.0178977505955559,0.759239048759143,0.891782939930757,-0.119621463780599,-0.0497408400891433
YMR192W,0.205878362059593,-0.686954855918884,0.0105069231749148,0.0221538490331531,0.185830010349552,0.227164797484875,-0.730884150012112,-0.643658968261441
YMR193W,0.391799867153168,-0.410006105899811,0.0467436061556496,0.0516459227281371,0.306720968335867,0.492481415222088,-0.513256551932924,-0.307610154020411
YMR199W,0.209247723221779,-0.680114090442657,0.0125243453717347,0.0259808531870953,0.185368124892314,0.234950309619307,-0.731964944296242,-0.629023979772336
YMR200W,1.17758071422577,0.0680464878678322,0.138278389486263,0.0504660752158965,0.931954755882422,1.4784070601066,-0.0306051718886244,0.16979402728901
YMR205C,8.302809715271,0.918856859207153,0.34283710768714,0.0179267281150042,7.66369164387385,8.98997211456299,0.88443801249042,0.953758344624196
YMR206W,0.00176269689109176,-2.82829356193542,0.00101160297912794,0.267795961352294,0.000385079038096592,0.00417005565250292,-3.41445012169603,-2.37985815064397
YMR208W,0.596928715705872,-0.224925711750984,0.0373699878076618,0.0271497340201487,0.527746011316776,0.674627810219924,-0.277575040459807,-0.170935759850723
YMR209C,0.169053435325623,-0.773060917854309,0.0119695559734038,0.0306772043683034,0.146842946484685,0.194142997513215,-0.833146909802459,-0.711878271528378
YMR210W,0.132564514875412,-0.878696024417877,0.00953314331777316,0.0312094854194914,0.114765592105687,0.15229592261215,-0.940188298838717,-0.817311723976136
YMR211W,0.0757595226168633,-1.12181103229523,0.00574921199195515,0.0329992860300051,0.0648508577918013,0.0874599263692896,-1.18808427534173,-1.05819089466828
YMR212C,0.337201178073883,-0.472588419914246,0.0158207954742153,0.0203804406107975,0.307077169418335,0.368955753246943,-0.512752471294522,-0.433025713460086
YMR213W,0.115623667836189,-0.937637865543365,0.00649221326032682,0.0243630030284939,0.103161685168743,0.128842614963651,-0.986481572180585,-0.889940469412066
YMR214W,0.8643798828125,-0.0643709078431129,0.060856093001719,0.0305853577369488,0.753477636973063,0.986112536986669,-0.122929632970512,-0.00607352264786209
YMR217W,6.05080032348633,0.781339824199677,0.281968549907368,0.020254118517294,5.51378202438354,6.60458166599274,0.741449593202727,0.819845314615381
YMR220W,0.595577657222748,-0.225791350007057,0.0345473356588259,0.0251597281644483,0.531201971073945,0.666159885128339,-0.274740322204493,-0.176421523402057
YMR221C,0.384621232748032,-0.415691703557968,0.0222524589901116,0.0251307345575702,0.341824998954932,0.429044745862484,-0.466196182201614,-0.367497412086387
YMR227C,0.203681915998459,-0.691730856895447,0.0114415324846153,0.0243599363197205,0.182798763116201,0.226886079957088,-0.73802674793861,-0.644192148398295
YMR228W,0.187079295516014,-0.72945511341095,0.0154635565807561,0.0358505533156979,0.15861345132192,0.219142433131735,-0.799659985690979,-0.659273520803551
YMR229C,2.01115441322327,0.303178697824478,0.070402299969123,0.0152380673850475,1.87022055983543,2.14705095092456,0.271892826926474,0.331842350643196
YMR231W,0.193399026989937,-0.71400374174118,0.00887429489293261,0.0199511971090757,0.176048696041107,0.210969322174788,-0.754367187317733,-0.675780692664114
YMR232W,0.00502429530024529,-2.30487298965454,0.000828316310380132,0.072262325727051,0.00353077565669082,0.00677448311665406,-2.45212988773409,-2.16912383877117
YMR233W,0.202528730034828,-0.701122999191284,0.0384027451328437,0.0811462631885486,0.138644413401683,0.289105621973673,-0.858097627848767,-0.538943473003955
YMR234W,0.137503802776337,-0.863280951976776,0.0118208488179905,0.0372601929665251,0.115496629662812,0.16274847711126,-0.937430702871537,-0.7884830669405
YMR237W,0.604555070400238,-0.219025313854218,0.0278584465775686,0.019985028226312,0.551890792946021,0.661286652088165,-0.258146851468063,-0.179610243337088
YMR238W,0.531885027885437,-0.274996548891068,0.0326462906356161,0.0266133283598318,0.469761525839567,0.599983277916908,-0.328122556500031,-0.221860857288647
YMR240C,0.123872011899948,-0.908165216445923,0.00897955185158361,0.0314171426480203,0.107168996023635,0.142626524964968,-0.96993084284517,-0.845799706571638
YMR241W,2.0879020690918,0.318463444709778,0.1585100340574,0.0328867332292174,1.80278168519338,2.41355835398038,0.255943135489052,0.382657800380455
YMR243C,1.44988930225372,0.160651445388794,0.0813400633658353,0.0243571428535783,1.2979474067688,1.61549553175767,0.113257095073864,0.208305758024527
YMR244W,0.00431117322295904,-2.38777446746826,0.00137795027957602,0.141463811234137,0.00210545453786229,0.0074056489393115,-2.67665417110214,-2.13043687928813
YMR247C,0.256697058677673,-0.59089732170105,0.0098330853615013,0.0166297149726457,0.238240873068571,0.276478588581085,-0.622983728058264,-0.558338496262149
YMR250W,0.24754486978054,-0.607006728649139,0.0136837035338626,0.0239534813748809,0.222269042208791,0.276014856000741,-0.653121024765767,-0.559067546021983
YMR251W,0.00183846720028669,-2.7813127040863,0.000830635582270701,0.206366172497759,0.000598408976899615,0.00377723974524997,-3.22300195002871,-2.42282546007231
YMR253C,0.132454082369804,-0.879354953765869,0.0107471728135853,0.0351413920582988,0.11241117666165,0.154532047857841,-0.9491905062075,-0.81098144013389
YMR258C,0.135443687438965,-0.869204521179199,0.00903030297402516,0.0289384453204048,0.118424368835986,0.153998859599233,-0.926558921335786,-0.812482495935436
YMR259C,0.239393040537834,-0.621257245540619,0.00985740876886643,0.017916379449825,0.220056220889091,0.258393968145053,-0.657466349620388,-0.58771762860273
YMR261C,0.839434862136841,-0.0763637274503708,0.0336920264781309,0.0174741351252044,0.77409508874019,0.904300526281198,-0.111205688118693,-0.0436872168074663
YMR262W,0.116976954042912,-0.934411823749542,0.0126200235051996,0.0467047704757431,0.0946022570133209,0.143447250127792,-1.02409850211049,-0.843307772728352
YMR265C,0.0683170855045319,-1.16708564758301,0.00589695905587281,0.0374931440319806,0.0572462007403374,0.0807469974582394,-1.24225333086158,-1.09287361783295
YMR266W,0.489413619041443,-0.310737431049347,0.0213511574134826,0.0189550967489089,0.448472122102976,0.531399745245775,-0.348264549528149,-0.274578658295522
YMR267W,0.299278765916824,-0.525705397129059,0.0271837618312554,0.0393307594084592,0.249858021736145,0.356977816919486,-0.602306702896125,-0.447358773017358
YMR271C,0.0234104916453362,-1.66138672828674,0.00883857659515072,0.166345711338721,0.00988968398887664,0.0439958449763556,-2.00481759716507,-1.35658833835152
YMR276W,2.73605751991272,0.436071276664734,0.190889439317091,0.0302266559308527,2.38102550109227,3.14239168167114,0.376764046748484,0.497260316473103
YMR277W,0.253372371196747,-0.596829235553741,0.0132042377709436,0.0226454605830966,0.228380798672636,0.280086541175842,-0.641340414369267,-0.552707759863465
YMR278W,0.365986436605453,-0.43714901804924,0.0194663010971656,0.0231194447718707,0.328842915594578,0.404585876812537,-0.483011509927398,-0.392989282014279
YMR279C,0.00423398148268461,-2.38439393043518,0.000958335897797262,0.0990755888116932,0.0025768421687341,0.00631567090749741,-2.58891218136131,-2.19958050798317
YMR281W,0.233984470367432,-0.632885813713074,0.022950054467994,0.0424592441942378,0.192909039060275,0.282414561261733,-0.714647422360888,-0.549112914880484
YMR284W,0.0837977156043053,-1.07771956920624,0.00555165200983988,0.0287327515682577,0.0734801556294163,0.0951724266633391,-1.13382993254928,-1.02148885712324
YMR285C,0.245018377900124,-0.61160796880722,0.0149253558766157,0.0264807129187609,0.216381572559476,0.274874834964673,-0.664779733895205,-0.560865018651649
YMR288W,0.166717872023582,-0.778489649295807,0.00780322340907143,0.020350634444817,0.151800524319212,0.182146176695824,-0.818726728515939,-0.739579940300917
YMR289W,0.196844696998596,-0.707330107688904,0.0161362460880849,0.0355288100058008,0.166465135539571,0.230793857822816,-0.778676711280142,-0.636775753577699
YMR290C,1.71421933174133,0.233384490013123,0.0961591114496169,0.0243258109060188,1.53102815151215,1.91284164388974,0.184983176285445,0.281679015196607
YMR291W,0.46747413277626,-0.330884873867035,0.0254789338931063,0.0236392305069069,0.418593293428421,0.520037619769573,-0.378207734169132,-0.28396523844077
YMR296C,0.799923658370972,-0.0975550562143326,0.042204351393052,0.0228636444788994,0.720919707914193,0.887742793063323,-0.142113101945373,-0.0517128457304367
YMR300C,1.30023145675659,0.113393850624561,0.0699427572160905,0.0233426958200993,1.169867943724,1.44230948189894,0.0681368398386352,0.159058458618753
YMR301C,0.192788571119308,-0.715526401996613,0.010204583280375,0.0230050511131959,0.173536895836393,0.213363733763496,-0.760608175348575,-0.670879397500671
YMR302C,0.19272792339325,-0.715568006038666,0.00937577354013975,0.0211431067964474,0.174839393422008,0.211698202913006,-0.757360709523326,-0.674282829750694
YMR304W,0.309349715709686,-0.509924530982971,0.012874989821671,0.0180940014568663,0.284327978640795,0.334594938904047,-0.546180402930268,-0.475480632918542
YMR307W,9.69275760650635,0.985904276371002,0.486640844952859,0.021771356589282,8.78628871440887,10.6655520280202,0.943805468640772,1.02798333816255
YMR308C,0.970642566680908,-0.0132755534723401,0.0380969215106313,0.0170725053299731,0.897702554364999,1.04354790846507,-0.0468675390651857,0.0185123919614909
YMR309C,2.38039755821228,0.376274794340134,0.0986574916368759,0.0180445261506308,2.18654387593269,2.5709304869175,0.339758196464623,0.410090334249272
YMR310C,0.283918052911758,-0.548506021499634,0.0251434287279461,0.0384545355767308,0.237193733453751,0.336196772257487,-0.624896789011009,-0.473406463867107
YMR312W,0.343601137399673,-0.466490536928177,0.0373238620361737,0.0470175190815372,0.275639701634645,0.42128038307031,-0.559658232024321,-0.375428781769363
YMR313C,0.139179423451424,-0.857157826423645,0.00809469187012067,0.0252744752978165,0.123841887526214,0.155525294567148,-0.907132437901881,-0.808198969632388
YMR314W,1.91562592983246,0.278391748666763,0.259595313206525,0.0582418484169436,1.46585201720397,2.48835789759954,0.166090128990617,0.395912843769968
YMR315W,2.0893383026123,0.318991333246231,0.143201913552745,0.0297351254766521,1.82281807760398,2.38093614578247,0.260743323391295,0.376747743095521
YMR316W,0.0614116527140141,-1.21460378170013,0.00706097861995674,0.0498327919258382,0.0486618011568983,0.0762139337758223,-1.31281183017319,-1.11796562186573
YMR318C,2.82258749008179,0.449657678604126,0.190809721638169,0.0293252628597109,2.46599819461505,3.21826311349869,0.39199275415911,0.507621545301949
YMR319C,0.268691331148148,-0.571428418159485,0.0150823361278721,0.0243115789436186,0.240857859700918,0.300200605640809,-0.618239177982008,-0.522588436466822
YNL329C,0.0679295212030411,-1.16853940486908,0.0035674994475174,0.0228062077211105,0.0611646935964624,0.0752329225962361,-1.21349919757319,-1.12359206706011
YNL327W,2.01415085792542,0.30376610159874,0.0778485473282442,0.0168098157280703,1.86396839817365,2.16492988665899,0.27043854492743,0.33544383560583
YNL326C,0.133190542459488,-0.877598822116852,0.0130686239301437,0.0424195159252658,0.109248822058241,0.160999796539545,-0.961583237188951,-0.793174673603028
YNL323W,0.598171949386597,-0.224068865180016,0.0385281523136513,0.0278630334951942,0.526831847925981,0.679972922305266,-0.278327979775698,-0.167508381426373
YNL320W,0.382493913173676,-0.41890960931778,0.0323290117605645,0.0364747668522061,0.323294441898664,0.453728152066469,-0.490401764390298,-0.343204273653926
YNL318C,0.0014031893806532,-2.8800163269043,0.000493282336058716,0.156603205342286,0.000597657251637429,0.00256854222776989,-3.22354847821924,-2.59031329428172
YNL317W,0.127606153488159,-0.895286738872528,0.00932430979291614,0.0317202113136736,0.11044533085078,0.146763858323296,-0.956852639834705,-0.833380881056425
YNL316C,0.206510722637177,-0.686585962772369,0.0173547554820966,0.036427112854148,0.174231573939323,0.242897895226876,-0.758873140114362,-0.614576248803736
YNL315C,0.478668689727783,-0.32131963968277,0.0379371840609753,0.0342745316539255,0.41069843173027,0.559300944209099,-0.386476955931573,-0.252354448696057
YNL314W,0.084410548210144,-1.07873666286469,0.0130001698262428,0.0668919555836471,0.0617083330949148,0.112166746767859,-1.20965619230543,-0.950135881430273
YNL313C,0.416024893522263,-0.381257981061935,0.0173163576229754,0.0180988656493028,0.382092244674762,0.449968110521634,-0.417831777161397,-0.346818264120544
YNL311C,0.0771554782986641,-1.11340093612671,0.0045754266410567,0.0257895925779968,0.0684156571204464,0.0863665416836739,-1.1648444974566,-1.06365447021084
YNL309W,0.154741808772087,-0.811448097229004,0.0107917691254667,0.0302614315129381,0.135046131536365,0.176452052469055,-0.869517853212508,-0.753373286170862
YNL308C,0.97329717874527,-0.012286233715713,0.0481474689802179,0.0215061190146215,0.88124568015337,1.06890761852264,-0.0549029989117011,0.028940172468333
YNL307C,1.01754975318909,0.00660959538072348,0.0671859540040663,0.0286954105084332,0.888241246342659,1.15669395824273,-0.051469065671536,0.0632184624159838
YNL305C,0.442834317684174,-0.355653345584869,0.0415826205327863,0.0405157256421223,0.36983254874746,0.531166995565097,-0.431994872683181,-0.274768918070169
YNL304W,0.105640329420567,-0.977735280990601,0.00897576380056323,0.0368839415396816,0.0886775989706318,0.124661033786833,-1.05218608013378,-0.904269275965344
YNL299W,0.110811434686184,-0.956131517887115,0.0063605750192707,0.0248740587227133,0.0990349028880397,0.123805264569819,-1.00421172004434,-0.907260888733778
YNL298W,0.178784310817719,-0.748169362545013,0.00858643359882692,0.0208559222681143,0.162499234080315,0.196513189251224,-0.789148681672657,-0.70660829773269
YNL297C,0.210309132933617,-0.677481055259705,0.0083122152754717,0.0171923526231695,0.194392549494902,0.22626268863678,-0.711320384377378,-0.6453870565408
YNL295W,0.0866030305624008,-1.06365025043488,0.00639816253748353,0.032043820333692,0.0747416786228617,0.0997581028689941,-1.12643715456984,-1.0010518194973
YNL294C,0.0463030934333801,-1.33589780330658,0.00385489196936978,0.0361907677843747,0.0391106978058815,0.0541785063532492,-1.40770443537642,-1.26617297226907
YNL293W,0.0996299386024475,-1.00236749649048,0.005888569391681,0.0257014610417177,0.0884065551062425,0.111261174082756,-1.05351553283256,-0.953656361481548
YNL292W,0.516584813594818,-0.287776917219162,0.0335582506777039,0.0282555386107196,0.452506399651368,0.583330598970254,-0.344375274331608,-0.234085241860237
YNL291C,0.171465471386909,-0.76673299074173,0.0111073995235397,0.0280990072348785,0.150579802691936,0.194666895270348,-0.822233277915395,-0.710707897603434
YNL290W,0.553637444972992,-0.258063763380051,0.0428238941261398,0.0334441642994082,0.476169675588608,0.644022839268048,-0.322238265680144,-0.191098733052543
YNL289W,0.556050777435303,-0.257046312093735,0.0557132950783976,0.0432522938926573,0.458131641149521,0.673974633713563,-0.339009712366916,-0.17135644870972
YNL288W,0.388857662677765,-0.411371469497681,0.0284827758001544,0.0317702664083048,0.336315336823463,0.446702527006467,-0.473253334512378,-0.349981590709182
YNL287W,1.5299015045166,0.184297174215317,0.0627692725171321,0.0178277296351864,1.40959611733754,1.65481531620026,0.149094687589315,0.218749531869639
YNL286W,0.159641325473785,-0.799825131893158,0.018743695034732,0.0507909737960681,0.125993686417739,0.199235509956876,-0.899651219433072,-0.700633268692045
YNL283C,0.189413025975227,-0.723440587520599,0.0118767093675934,0.0271953885596668,0.166983291506767,0.213743008921544,-0.777326982561644,-0.670108081294065
YNL280C,0.778141915798187,-0.109759777784348,0.0478054939112543,0.0266518557643064,0.688701868057251,0.87376283655564,-0.161968739018665,-0.0586064310644997
YNL278W,0.127720534801483,-0.894215524196625,0.00597253508009071,0.020338288056989,0.116085501698156,0.139431983605027,-0.935222017372646,-0.855637594180084
YNL275W,0.0668172910809517,-1.17622303962708,0.00479261074032425,0.0311369807978055,0.0578972125736376,0.076472644507885,-1.23734234797929,-1.11649389117315
YNL274C,0.265473991632462,-0.577552318572998,0.0226214211047805,0.0369651731368378,0.224190577864647,0.312028683225314,-0.649382643602678,-0.505805481768222
YNL273W,0.0970642492175102,-1.0134528875351,0.00471362693689843,0.0211031804097873,0.0880796813095609,0.106599904720982,-1.05512426807218,-0.972243183500216
YNL272C,0.172870442271233,-0.762880802154541,0.00907893821963378,0.0228012902376366,0.155928122997284,0.191083386540413,-0.807075550848298,-0.718777070388574
YNL271C,0.163956955075264,-0.785609781742096,0.00647148578495641,0.0171683941523692,0.151550419752796,0.176475310201446,-0.819442857372417,-0.753316046060846
YNL267W,0.193078741431236,-0.714696884155273,0.0085819985464128,0.0193181196032435,0.176797449588776,0.209869714577993,-0.752524004285958,-0.678050229088271
YNL265C,0.57079952955246,-0.245380535721779,0.0530523278196551,0.0402261575737556,0.47411515613397,0.684929369886716,-0.324116161362659,-0.164354212834022
YNL264C,0.346060991287231,-0.46236190199852,0.0289294387461326,0.0362874953657355,0.291840594510237,0.405828454345465,-0.534854303497231,-0.391657509597222
YNL262W,0.209886834025383,-0.67833936214447,0.00809913998228071,0.0167950078153757,0.194259266306957,0.22556959092617,-0.711618255890102,-0.646719448056608
YNL261W,0.138915359973907,-0.858298659324646,0.00966691518049708,0.0302043345304634,0.120816687494516,0.158475323145588,-0.917873076167102,-0.800038354129959
YNL258C,0.208018183708191,-0.682448089122772,0.0104652682467606,0.0218439191898577,0.188428994268179,0.229446932673454,-0.724852269960439,-0.639317743730477
YNL256W,0.239479199051857,-0.621240198612213,0.0115749054324291,0.0209852803462647,0.217461630702019,0.262715564419826,-0.662617359603026,-0.580514197153726
YNL254C,0.0633133947849274,-1.20042908191681,0.00597613784028937,0.0408510342918728,0.0525714312680066,0.0762922475114465,-1.27925020111964,-1.11751959109126
YNL253W,0.209595754742622,-0.679726243019104,0.0149899542305518,0.0310775067953329,0.181168502072493,0.239966860413551,-0.741917306640275,-0.619848730760332
YNL252C,0.346394956111908,-0.462610691785812,0.034816031199532,0.0435325242753399,0.283382516354322,0.420079059153795,-0.547626950240202,-0.376668967981976
YNL251C,0.761486649513245,-0.118911497294903,0.0391501605387982,0.0223471021846918,0.686097374061743,0.840435089667638,-0.16361424325386,-0.0754958237952089
YNL250W,0.0714316666126251,-1.14660799503326,0.00343336595150306,0.020891758567872,0.0650083125258485,0.0783215533321102,-1.18703110752425,-1.10611870793704
YNL249C,0.0488719008862972,-1.31249737739563,0.00415060274199188,0.0368332471451634,0.0412737453045944,0.0574327285401523,-1.38432612100643,-1.24084055058521
YNL248C,1.4166214466095,0.150355622172356,0.0913751583936208,0.027921027186338,1.24717707832654,1.60704687933127,0.0959281201697381,0.206028545527146
YNL247W,1.66483414173126,0.220936059951782,0.0744937613860575,0.0194416958366925,1.52476561069489,1.81227147181829,0.183203088383385,0.258223253654923
YNL242W,0.0741502121090889,-1.13034856319427,0.00341331762052261,0.02001739118349,0.0676194280385971,0.0807174123823643,-1.16992850705046,-1.09303276915739
YNL241C,2.06146478652954,0.31355294585228,0.110519087908292,0.0232693856646044,1.85108587344488,2.28558341463407,0.267426564768562,0.358997075853271
YNL240C,0.155991688370705,-0.807817399501801,0.0101660873381241,0.0282526327688311,0.136942012483875,0.177354011187951,-0.863463294690608,-0.75115898532414
YNL239W,0.961925268173218,-0.0175824612379074,0.0555340247675223,0.0250536445537989,0.856851577758789,1.07629043459892,-0.0670943992468813,0.0319294805349288
YNL237W,0.054371502250433,-1.26632392406464,0.00480516070153588,0.0384570769527197,0.0455047034348051,0.0640774147585034,-1.3419437129706,-1.19329502303234
YNL234W,0.0406803600490093,-1.39283931255341,0.0041214436610201,0.0439973060006866,0.0330066219593088,0.0492197712883353,-1.48139892158894,-1.30786040868395
YNL233W,0.211477339267731,-0.675215423107147,0.00990861648526922,0.0203788718621697,0.192203000436227,0.231199517846107,-0.716239837194218,-0.636013075947846
YNL232W,0.674031436443329,-0.172986552119255,0.0592927956591469,0.0380414678698809,0.565599010388056,0.797897783915202,-0.247491360943181,-0.0980527581667083
YNL231C,1.43009448051453,0.154340460896492,0.098463318859912,0.0298019717386598,1.25123250484467,1.63796609938145,0.097338018077752,0.214304908687055
YNL229C,0.62365710735321,-0.206188961863518,0.0452241626388769,0.0314194992394121,0.53898204267025,0.715543816486994,-0.268425705083216,-0.145363767948861
YNL227C,0.159407079219818,-0.798274636268616,0.00957842112021902,0.0260458768977746,0.141530948504806,0.178843294208248,-0.849148586621959,-0.747527339288015
YNL225C,0.0996972471475601,-1.00230932235718,0.00673841167708994,0.0293637892374149,0.0869158431887627,0.113669303866724,-1.06090105229343,-0.944356804288985
YNL224C,0.248358428478241,-0.60538649559021,0.0114913619034282,0.0201254975356163,0.225605072453618,0.271608937283357,-0.646651144228408,-0.566055944682985
YNL221C,0.194148302078247,-0.712325155735016,0.00892823681140473,0.0199883024074595,0.17735203007857,0.211871499195695,-0.751163836087195,-0.673927461279798
YNL219C,0.385942250490189,-0.414101749658585,0.0207012834157241,0.0232731913393985,0.346542328596115,0.428039127588272,-0.460243710682857,-0.368516530003515
YNL217W,0.530410826206207,-0.276822656393051,0.0432387856305765,0.0352864899465084,0.451202503840129,0.621133358279864,-0.345628500240457,-0.206815146748371
YNL216W,0.809236168861389,-0.0923468396067619,0.0356580450621033,0.0191555705948125,0.740844687322776,0.878855942686399,-0.130272829185416,-0.0560823111368794
YNL215W,0.530083775520325,-0.277041018009186,0.0424132774880797,0.0346854192844297,0.452389850219091,0.617588872214158,-0.344487147512448,-0.209300551487483
YNL212W,0.487615197896957,-0.312352448701859,0.0216779562649815,0.0193217139116632,0.445527911186218,0.530819440384706,-0.35112508333428,-0.275053180958878
YNL207W,0.629354596138,-0.201890990138054,0.0379385373043053,0.0261066365169184,0.559586354593436,0.709276854991913,-0.252132884302163,-0.149184211747828
YNL206C,0.220914959907532,-0.656868875026703,0.0157320705211199,0.0308203016382036,0.191579354554415,0.254023524125417,-0.717651295314909,-0.5951260848353
YNL204C,0.00136462750378996,-2.95643711090088,0.000880592171425598,0.297257478178777,0.000239899432078043,0.00352523347440486,-3.61997161759962,-2.4528121153266
YNL202W,0.0487562902271748,-1.31656837463379,0.00712882415025284,0.0632453154155004,0.0360086008906364,0.0643990214914083,-1.44359377248606,-1.19112076275563
YNL197C,0.396123737096786,-0.402741372585297,0.0203500495177103,0.0223115378631186,0.35813506146272,0.437252839654684,-0.44595315945249,-0.359267361746258
YNL196C,0.00138289167080075,-2.93732190132141,0.000820159704186169,0.272254345959882,0.000298579264199361,0.00342751065424333,-3.52494037285166,-2.46502125976005
YNL194C,0.00253257877193391,-2.64350390434265,0.00117310827973067,0.207537347365389,0.000832405302692981,0.00530042832639689,-3.07966516867693,-2.27568909079965
YNL193W,0.150696098804474,-0.822592496871948,0.00852598621163137,0.0245624443860735,0.134874302893877,0.167971209809184,-0.870070787715497,-0.774765152945583
YNL192W,0.435555845499039,-0.361299574375153,0.0173163593036885,0.0172572839960594,0.402454227209091,0.470284917205572,-0.395283506602755,-0.3276389495622
YNL191W,0.192056924104691,-0.718117833137512,0.0162626642644814,0.0366461382105799,0.161668837070465,0.226979185268283,-0.791373685675754,-0.644013967203186
YNL189W,2.5577917098999,0.407318353652954,0.128405914901292,0.0217937938181353,2.31513289213181,2.81727071603139,0.364575920879909,0.449828581036109
YNL186W,0.311150431632996,-0.507469654083252,0.0140165651222334,0.0195823054283526,0.284274578094482,0.339024848242601,-0.546261976352246,-0.469768471356398
YNL183C,0.185383707284927,-0.732458114624023,0.00912627076807018,0.0213866374534647,0.168567791581154,0.203637142976125,-0.773225402871629,-0.691143005617836
YNL182C,0.444341838359833,-0.352942913770676,0.0244874494972397,0.0239289996843501,0.398519974946976,0.493763500700394,-0.399549905701453,-0.306481020012159
YNL181W,0.512313544750214,-0.291457176208496,0.0347374166747601,0.0293937204968368,0.448230325678984,0.585435370604197,-0.348498763978187,-0.232521042757466
YNL180C,0.369869589805603,-0.433596581220627,0.0322955487706349,0.0377998950683292,0.310736558338006,0.436996984978517,-0.507607654711059,-0.359521560666764
YNL178W,36.5763511657715,1.55999946594238,4.47612127822601,0.0526184246637115,28.8272225856781,46.2642480214437,1.45980280116462,1.66524550700264
YNL176C,0.104187227785587,-0.982977271080017,0.00629969881244408,0.0262643322355601,0.0923714516063531,0.116897370542089,-1.03446223151193,-0.932195258127771
YNL175C,1.59772133827209,0.202620550990105,0.101946732075811,0.027636092409713,1.40921686391036,1.80456315875053,0.148977831684289,0.256372086733969
YNL173C,0.480189263820648,-0.319948792457581,0.0381097688453205,0.0343625981679378,0.410289188226064,0.559821903705597,-0.386909927491681,-0.25195011324325
YNL169C,0.237363114953041,-0.625604033470154,0.0162697272171569,0.0297032014364466,0.206559909383456,0.271033406257629,-0.684953966857098,-0.566977176803784
YNL166C,0.56396096944809,-0.249551042914391,0.0343377409928971,0.0263739815541897,0.501399446030458,0.635374471048514,-0.29981615030448,-0.196970239822174
YNL165W,0.0870698988437653,-1.06174039840698,0.00750475932710277,0.0373729564839096,0.0733279616261522,0.102408438920975,-1.13473038753664,-0.989664254045705
YNL164C,0.199196681380272,-0.702205836772919,0.0164910302566508,0.0359926825028336,0.168252793575327,0.232914949208498,-0.774037716296038,-0.632802636634314
YNL163C,0.358050644397736,-0.446429789066315,0.0148848983826365,0.0180704589112977,0.329398621122042,0.387891591091951,-0.482278223281391,-0.411289635173319
YNL161W,0.340870082378387,-0.467904835939407,0.0162774889024401,0.0207403108251607,0.309739193320274,0.373083017021418,-0.509003837545607,-0.428194519955032
YNL160W,1.83282089233398,0.262110143899918,0.125097259294534,0.0296025364629485,1.59897866845131,2.09342286388079,0.20384266997172,0.320856963067248
YNL156C,0.254834115505219,-0.595926344394684,0.0256396300378086,0.0435081540197243,0.208157515401642,0.310228558629751,-0.681607905728947,-0.508318225105352
YNL155W,0.698588788509369,-0.158217534422874,0.0742571662310833,0.0460482571871421,0.563397133350372,0.859349612394969,-0.249185479293547,-0.0658301185541963
YNL154C,1.10628223419189,0.0432555377483368,0.0586932648540603,0.0230182752616973,0.994008030494054,1.2258470972379,-0.0026101109647573,0.0884363015874052
YNL152W,0.175444453954697,-0.757175981998444,0.0136962161980185,0.0338086321007981,0.150417713572582,0.203877980882923,-0.822701017575799,-0.690629681445852
YNL151C,0.557585299015045,-0.257116734981537,0.0706251036645331,0.0544977621932278,0.435348618527253,0.708863160014153,-0.361162829678525,-0.14943759360574
YNL148C,0.0830460116267204,-1.08644080162048,0.0136045138664763,0.0708161403176096,0.0594922443851829,0.11327747857819,-1.22553965381507,-0.945856428156868
YNL141W,0.929320633411407,-0.0329508222639561,0.0666491469941424,0.0311356132972356,0.80393680781126,1.06554352442424,-0.0947780876468649,0.0275711940419002
YNL138W,2.19448113441467,0.340764075517654,0.112243809992901,0.0221965482682307,1.98127418955167,2.42390002608299,0.296944580319152,0.384514703158716
YNL137C,0.357962042093277,-0.447027593851089,0.0226225455308514,0.0274156461828589,0.316208093365033,0.403822582463423,-0.50002702166867,-0.393809398228045
YNL136W,0.0983174964785576,-1.00894320011139,0.00839057036855785,0.0369898304218537,0.0828236733873685,0.116216104663908,-1.08184551197879,-0.934733685388194
YNL134C,1.248406291008,0.0953923314809799,0.0832801502613222,0.0289144239032658,1.09304477771123,1.42409834961096,0.0386379535701634,0.153539982829644
YNL132W,0.961589872837067,-0.0173781327903271,0.0395182973600822,0.0178753709951015,0.885991096496582,1.03804910182953,-0.0525706424039569,0.0162178970088341
YNL130C,0.761798620223999,-0.119071535766125,0.0494377089075842,0.0281159150745767,0.671419782439868,0.862852692604065,-0.173005867129707,-0.0640633413065972
YNL129W,0.327357888221741,-0.489207029342651,0.0459772964506465,0.0605812628828468,0.247463751708468,0.428878514965375,-0.606488407521172,-0.367665709587119
YNL127W,0.0922323018312454,-1.03565156459808,0.00457170300556697,0.0215278180843129,0.0835436581323544,0.101557758077979,-1.07808651223139,-0.993286895161062
YNL124W,0.209780439734459,-0.67917263507843,0.0137887159917266,0.0285235840079386,0.184118854130308,0.237705193211635,-0.734901736630587,-0.623961331255847
YNL123W,0.684647500514984,-0.164926245808601,0.0290789315776351,0.0184560746495039,0.629033829768499,0.74196429948012,-0.201326004541939,-0.129616990833196
YNL121C,1.9751650094986,0.295089483261108,0.096118560549902,0.021135976616426,1.78978582123915,2.17041080792745,0.252801062461706,0.336541943195138
YNL119W,0.159952998161316,-0.796973526477814,0.0106645001304829,0.0289459117915525,0.139694675803185,0.181534462297956,-0.85482014587838,-0.741040920486135
YNL118C,0.552345633506775,-0.258169025182724,0.0230950039380718,0.0181849583480989,0.50785394012928,0.597035857538382,-0.294261173787791,-0.223999584912475
YNL117W,0.00277804210782051,-2.57168459892273,0.000737361638204708,0.116934363829519,0.00153287310483089,0.00438411674307038,-2.81449379885901,-2.35811788971166
YNL115C,0.238648176193237,-0.622918546199799,0.0133423621785348,0.0242685931336958,0.213908559456468,0.265580855061611,-0.66977183854568,-0.57580323518354
YNL108C,0.895325303077698,-0.0501227825880051,0.0884081333791765,0.0427213040844446,0.734798292815685,1.08024390737216,-0.133831862121133,0.0335218214087353
YNL107W,0.298914819955826,-0.53181791305542,0.0557619392971882,0.0798485797990842,0.205917894219359,0.425408990184466,-0.686305913018567,-0.371193337113586
YNL106C,0.0828135162591934,-1.08245313167572,0.00418194854455134,0.0219397901729288,0.0749266140162945,0.0911159538974365,-1.12536389304112,-1.04040557382222
YNL103W,0.221527218818665,-0.65516585111618,0.011556494882555,0.0226701703962184,0.199626877903938,0.244076672444741,-0.699780985395818,-0.612473727226044
YNL102W,0.34793558716774,-0.458822757005692,0.0134212207167732,0.0168002151963422,0.322429091235002,0.373190188656251,-0.491565780828153,-0.428069782582813
YNL100W,0.364625036716461,-0.442653119564056,0.05287806264891,0.062450046245819,0.27197948868076,0.483408648520708,-0.565463851726844,-0.315685584133782
YNL099C,0.439368784427643,-0.361768007278442,0.064449147621891,0.0630863151302786,0.330194788922866,0.579340814054012,-0.481229784980034,-0.237065874787021
YNL098C,1.99241602420807,0.298166424036026,0.149249129173799,0.0324592462562736,1.71223989625772,2.30374635855357,0.233564611677255,0.362434659376511
YNL097C,0.135774552822113,-0.869035720825195,0.0125864362468381,0.0401137211271502,0.112772194109857,0.163202241063118,-0.947797969818751,-0.787273881889368
YNL095C,0.0921104177832603,-1.03656911849976,0.0058546988260479,0.027604412515988,0.0811956419299046,0.103650255563358,-1.09046728839297,-0.984429622771098
YNL094W,0.0723447278141975,-1.14160335063934,0.00494244932485318,0.0296533444974698,0.0630780256042878,0.0826609103629986,-1.20012191073544,-1.08269981702433
YNL092W,0.0327573157846928,-1.4871985912323,0.00352360927340072,0.0466871670592359,0.0262388869343946,0.0401562545138101,-1.58105459219584,-1.39624680254673
YNL091W,0.235031276941299,-0.629251003265381,0.00977590623207002,0.0180672495554948,0.216684879238407,0.254309160510699,-0.664171394609408,-0.594637995752483
YNL088W,0.49734702706337,-0.303633183240891,0.0182159100131378,0.0159390276946287,0.462355347722769,0.531861494481564,-0.335024115694653,-0.274201450567277
YNL087W,0.534017264842987,-0.272757291793823,0.0202619375210544,0.0164881074426176,0.494887143373489,0.573850585023562,-0.305493828537755,-0.241201171401092
YNL085W,0.970458984375,-0.013418635353446,0.0414243918162943,0.018535312933556,0.890833642582099,1.05324422220389,-0.0502033901059283,0.0225290853217398
YNL082W,0.13414640724659,-0.872959494590759,0.00668269474270096,0.0216232822841017,0.12145916869243,0.147726462284724,-0.915569696755568,-0.830541704314611
YNL077W,0.117953389883041,-0.929189264774323,0.00757951188738532,0.0278964614471457,0.103863796157142,0.133220462997754,-0.983535808328049,-0.875429061323282
YNL075W,0.777688086032867,-0.110943906009197,0.0701181885852384,0.0389517256517539,0.653217124442259,0.927866339683533,-0.184942439160546,-0.0325145799434545
YNL074C,0.462508052587509,-0.335663169622421,0.0278000250207375,0.0260655793778861,0.410998984674613,0.520444159209728,-0.386159251121941,-0.28362586128221
YNL072W,0.253421008586884,-0.598235785961151,0.024846675068197,0.0424646685254269,0.208632803335786,0.305619064470132,-0.680617406426421,-0.514819565408434
YNL068C,0.185297504067421,-0.732632458209991,0.0088956118818235,0.0208434500072172,0.168400878086686,0.203112655381362,-0.773655650014891,-0.69226301630625
YNL066W,3.56108427047729,0.550729155540466,0.223184243973499,0.0272110995443362,3.14322438637416,4.01366019248962,0.497375384895918,0.603540600941569
YNL065W,0.0856882333755493,-1.06814289093018,0.00601479692273112,0.0305235980772062,0.0742921630541484,0.0976311445236206,-1.12905699742329,-1.01041161983041
YNL064C,8.65750885009766,0.936594903469086,0.525617047271258,0.0263321542239009,7.6923553109169,9.74012890656789,0.886059335429492,0.988564704268826
YNL062C,0.669493615627289,-0.174999713897705,0.0392708793406086,0.0254769097096595,0.595499992370605,0.750030904511611,-0.225118239745274,-0.124920844875204
YNL055C,10.8514709472656,1.03371107578278,0.985790808838873,0.039290199632359,9.09579172929128,12.9176761309306,0.958840507505482,1.11118439068034
YNL053W,0.100901924073696,-0.99727326631546,0.00743170192745856,0.0319923083480071,0.0867837545772394,0.116568848180274,-1.06156156740981,-0.933417496264545
YNL051W,0.143055155873299,-0.845937311649323,0.0116682360889946,0.0354156296913654,0.121063598866264,0.166798389578859,-0.916986421945371,-0.777808149687895
YNL049C,0.231492072343826,-0.635942161083221,0.0108548713838569,0.0203714884820788,0.210755959774057,0.252838380634785,-0.676220135593073,-0.597156999954441
YNL048W,0.260590076446533,-0.584818005561829,0.0155894878959342,0.0259499182868819,0.23129333468775,0.29266600087285,-0.635836883166643,-0.533627726818814
YNL042W,0.0431502610445023,-1.3678492307663,0.00494524430485995,0.0496337566009731,0.0341387584805489,0.0534426291162769,-1.4667522770872,-1.27211218549247
YNL041C,0.211295753717422,-0.675622165203094,0.0102791748037135,0.0211433862274032,0.191549412285288,0.231997951865196,-0.717719177248966,-0.634515849150349
YNL040W,0.262849628925323,-0.581249117851257,0.0174897018015538,0.0288524990191257,0.230728634695212,0.298114841679732,-0.636898504165477,-0.525616402958176
YNL035C,0.418110609054565,-0.3797487616539,0.0289529059015034,0.0300632232824489,0.363705864797036,0.477154855678479,-0.439249695962617,-0.321340652330458
YNL032W,0.232279375195503,-0.636432230472565,0.0247287884854517,0.0460562327014913,0.187828682611386,0.285009712229172,-0.726238089908568,-0.545140340808615
YNL029C,0.0516773127019405,-1.28818392753601,0.00427822932755245,0.0359164798463239,0.0437656998013457,0.0604524047424396,-1.35886612293656,-1.2185864189281
YNL027W,0.266303658485413,-0.575224459171295,0.0140021616031519,0.0228591582316683,0.239720956111948,0.294564412534237,-0.620293998938185,-0.530819723163161
YNL026W,0.260835558176041,-0.584463596343994,0.0161564971725185,0.0268707102093703,0.230908938497305,0.294639116028945,-0.636559255814975,-0.53070959733016
YNL025C,0.0614555850625038,-1.21480882167816,0.00768256021330977,0.054138351319751,0.047544427216053,0.0779885633538167,-1.32290038032807,-1.10796907998177
YNL024C,0.0368425697088242,-1.44631564617157,0.00893431987962893,0.105454077406457,0.0218536264418314,0.0573351020924747,-1.66047654522118,-1.24157942043104
YNL023C,0.135557293891907,-0.868659257888794,0.00814958089094327,0.0260677163895856,0.12051799527059,0.152202439929048,-0.918948102907206,-0.817578385497649
YNL022C,0.333526581525803,-0.477709770202637,0.0207560941827906,0.0270328569503066,0.294195431967576,0.375871964295705,-0.531364075067478,-0.424960068580207
YNL021W,0.291195690631866,-0.536357820034027,0.0145575450251649,0.0217268727517275,0.263131323705117,0.319844537973404,-0.579827450314372,-0.495061062617546
YNL020C,0.0809639692306519,-1.09261560440063,0.00524282349191389,0.0281624050221427,0.070938766002655,0.0915074246625106,-1.14911637046584,-1.03854366720556
YNL016W,4.94141578674316,0.693186223506927,0.273702738048264,0.024015031483662,4.43158554236094,5.5023326476415,0.646559136666309,0.740546841494687
YNL010W,6.73949432373047,0.825234472751617,0.849350567565233,0.0541596547484265,5.26834518909454,8.63504792849223,0.721674202284883,0.936264752102214
YNL008C,0.130620658397675,-0.884698271751404,0.00747056647133663,0.0248319786415365,0.11638945111384,0.145920652523637,-0.934086383122167,-0.835883238547353
YNL006W,0.325555503368378,-0.489331066608429,0.0309964779680977,0.0411721659601198,0.269754959394534,0.391612496972084,-0.569030562148838,-0.407143457694734
YNL004W,0.513369858264923,-0.290411323308945,0.0319995524850814,0.0270350735983752,0.452933073043823,0.579545073707898,-0.34396596609997,-0.236912782656674
YNL003C,0.13971783220768,-0.858210444450378,0.0176996716060114,0.0548574943281233,0.10808241845419,0.178794275472561,-0.966244946687892,-0.747646400914215
YNL002C,1.71426665782928,0.232703655958176,0.136803403259614,0.0345431046990637,1.46025058527788,2.0033162176609,0.164427388564899,0.301749506372972
YNL001W,0.4624402821064,-0.336049735546112,0.0330184382625898,0.031002480029878,0.399757877488931,0.530677062273025,-0.398202969510635,-0.275169684050352
YNR001C,1.20042896270752,0.0786182582378387,0.0691293641257536,0.0249721224985286,1.06908679008484,1.34155472119649,0.0290129633237666,0.127608391973056
YNR003C,0.523009657859802,-0.282867103815079,0.0418036979494193,0.0345610427012451,0.447003744045893,0.612428792317708,-0.349688839414205,-0.212944403873539
YNR006W,0.306369215250015,-0.514319062232971,0.0156213217742138,0.0221193463587509,0.276937067508698,0.337942512830098,-0.557618910859412,-0.471157171035311
YNR007C,0.201897248625755,-0.696816504001617,0.0191410994896659,0.0411232631508261,0.16678145416081,0.242461884021759,-0.777852246837233,-0.615356528443517
YNR008W,0.37774670124054,-0.423297375440598,0.0181094177951073,0.0208154149752285,0.343884411205848,0.414208257198334,-0.463587510965843,-0.382781247746389
YNR009W,0.458269029855728,-0.341874927282333,0.0541191175018088,0.0509522954868302,0.362728116164605,0.574803524216016,-0.440418810187957,-0.240480577802583
YNR011C,0.129599884152412,-0.887905061244965,0.00627228139607073,0.0210234953920445,0.117895006264249,0.14197565689683,-0.928504590140717,-0.847786113724027
YNR012W,0.23307429254055,-0.633342266082764,0.0144615223652381,0.0270005630614785,0.2048905984809,0.262092024087906,-0.688477969065686,-0.581546195182038
YNR013C,0.429311126470566,-0.367642760276794,0.0187759639673184,0.0189920318825457,0.393053793658813,0.466722723344962,-0.405548007688654,-0.330941055101845
YNR015W,0.375214904546738,-0.426782816648483,0.0262820449789945,0.0303952234323825,0.325199276208878,0.429011645416419,-0.487850429679569,-0.367530919149267
YNR021W,1.88323402404785,0.274076282978058,0.116594942342663,0.0267926793404001,1.66570632358392,2.136494688193,0.221598430997236,0.329701806598477
YNR023W,0.135495081543922,-0.86888176202774,0.00825612462500148,0.0264897741979376,0.119629254750907,0.152352614824971,-0.922162602782769,-0.817150087640772
YNR026C,0.427833825349808,-0.369423419237137,0.0243202122233744,0.0246624164003291,0.382524554183086,0.478269330412149,-0.417340682428773,-0.320327468028222
YNR027W,0.155601546168327,-0.809821307659149,0.0143428766929407,0.039931108154456,0.129223697135846,0.185795259724061,-0.888657838425094,-0.730965370684289
YNR028W,0.427639245986938,-0.370553940534592,0.037169652220166,0.0376050666219161,0.362095296382904,0.504645096759001,-0.441177118536434,-0.297013945108817
YNR029C,0.244191452860832,-0.613232553005219,0.0162944417500053,0.0289207765527386,0.214317055915793,0.278376590460539,-0.668943265814621,-0.555367288733659
YNR030W,0.456023842096329,-0.341640263795853,0.0245568060253838,0.0233915830385247,0.408861022690932,0.507049669822057,-0.388424290312679,-0.294949495756146
YNR031C,0.106065198779106,-0.974818170070648,0.00450438562285051,0.0184370581853795,0.0977308401837945,0.115102957313259,-1.00996836824154,-0.938913518011525
YNR032W,0.160789996385574,-0.795142829418182,0.012936616532682,0.0349005933588446,0.137083958461881,0.187171176075935,-0.863013364078828,-0.727761030784855
YNR033W,0.277433753013611,-0.557336986064911,0.0132648131832763,0.0207626707786407,0.252276500811179,0.304100949068864,-0.598123201683677,-0.516982224483708
YNR034W,0.307977199554443,-0.513146162033081,0.0270186301186313,0.0379952625954574,0.258329009016355,0.365009130289157,-0.587826822786535,-0.43769627203188
YNR035C,1.73526275157928,0.238330587744713,0.119909160635853,0.0299482958880201,1.51035072803497,1.98690445323785,0.179077808603525,0.298176983065971
YNR038W,0.340340346097946,-0.4686638712883,0.0175879321953019,0.0224186003288276,0.307319562633832,0.376390652855237,-0.512409793723388,-0.424361170364309
YNR039C,0.119451977312565,-0.923554301261902,0.0070171594684151,0.0254942779593574,0.106164080587526,0.133917711302638,-0.974022397080306,-0.873161991902726
YNR040W,0.152469605207443,-0.820761322975159,0.0206904741819158,0.0584956281353692,0.11637058686465,0.197514069452882,-0.934156777722715,-0.704401963398219
YNR043W,2.16940188407898,0.335536390542984,0.132362374297974,0.0264311870295586,1.92752748628457,2.44242003560066,0.28500057973594,0.387820350392027
YNR044W,0.385179102420807,-0.414799302816391,0.01779788616423,0.0200523849763672,0.351715385913849,0.421224791059891,-0.453808632901915,-0.375486076892241
YNR048W,0.0978472977876663,-1.01120316982269,0.00879409268598326,0.0390530664258626,0.081240950524807,0.116450189054012,-1.09022501032538,-0.933859821995233
YNR051C,0.43357127904892,-0.363558530807495,0.0231714998933188,0.0231927984571391,0.389616505801678,0.481844370563825,-0.409362655977419,-0.317093210782594
YNR052C,0.46622958779335,-0.332210659980774,0.028464778179155,0.0265126619357397,0.412269935260216,0.523200808962186,-0.384818334933796,-0.281331594895381
YNR055C,0.216095462441444,-0.666018187999725,0.0119676623024094,0.0240443198035937,0.193497122948368,0.240528541430831,-0.71332548800225,-0.618833382492236
YNR057C,0.0301205292344093,-1.53709399700165,0.0082057565309823,0.118413519985735,0.016652577665324,0.0488920286297798,-1.77851853225043,-1.31076194260032
YNR060W,0.0326739773154259,-1.48721373081207,0.00263940544718761,0.0350600622183046,0.0278006088764717,0.0380845815253754,-1.55594569225733,-1.41925081238467
YNR063W,0.0428736172616482,-1.36931371688843,0.00356158774046793,0.036126165165186,0.0361991208667556,0.0500403046607971,-1.4413019771301,-1.30068005485191
YNR064C,0.01158107817173,-1.95212888717651,0.0031228439371338,0.11872815822205,0.00642308009943614,0.0185176296159625,-2.19225666266192,-1.73241463265847
YNR067C,1.35478723049164,0.131526961922646,0.0540181305072222,0.0173142641681681,1.24953079124292,1.46302935878436,0.0967469586928361,0.165253041030588
YNR069C,0.00250550638884306,-2.62065291404724,0.000748709656638034,0.132152220367133,0.00128243826911785,0.00414768724003807,-2.89196356405906,-2.38219400561568
YNR071C,0.00658380798995495,-2.19923758506775,0.0018739838636048,0.125540399675193,0.00341789067800467,0.010794849647209,-2.4662418488577,-1.96678340331982
YNR074C,0.23426815867424,-0.631532907485962,0.0177788008468044,0.0329137084951181,0.201378602782885,0.27056685090065,-0.69598667681056,-0.567725413033294
YNR075W,0.0693588182330132,-1.16127455234528,0.00725794275520644,0.0453968438765027,0.0560711186689635,0.0847334623336792,-1.2512607793887,-1.07194505525633
YOL158C,0.77888810634613,-0.109086915850639,0.0395828090900184,0.0221311482411578,0.700691075623035,0.856978070239226,-0.154473413879816,-0.0670302913787279
YOL154W,0.0271831508725882,-1.58060717582703,0.00712948319757378,0.114719882974561,0.0154405686538666,0.0429722143647571,-1.81133670926687,-1.36681228861426
YOL152W,0.176730364561081,-0.75335705280304,0.00980358012267731,0.024086284907623,0.158272620042165,0.196943867454926,-0.800594209511235,-0.705657538439268
YOL151W,0.970997333526611,-0.0139813860878348,0.072266146941491,0.0322606455583657,0.839614168306192,1.11942192316055,-0.075920241664671,0.0489938079460798
YOL148C,0.150006830692291,-0.824690401554108,0.0091190695188454,0.0263923540369792,0.132737719764312,0.168452546000481,-0.877005657355498,-0.773522420684026
YOL147C,0.375670850276947,-0.430804401636124,0.0612636979451125,0.0695998247468971,0.272005442529917,0.512465059757233,-0.565422412335452,-0.290335739778389
YOL145C,0.497741490602493,-0.303385436534882,0.021082475859163,0.0184112711014337,0.456649890045325,0.539489805698395,-0.34041664260006,-0.268016757414367
YOL144W,0.295944422483444,-0.529642403125763,0.0185232861416444,0.0271804822847763,0.261178041994572,0.334091094881296,-0.58306333849082,-0.476135100223786
YOL141W,0.148601442575455,-0.828641772270203,0.00821807360001758,0.0240140158895057,0.133355915546417,0.165210159495473,-0.874987714640889,-0.781963249531174
YOL140W,0.0644437596201897,-1.19269800186157,0.00599613866494097,0.0404750863360872,0.0533913197306295,0.0765364766120911,-1.27252934440098,-1.1161315345749
YOL136C,0.249284446239471,-0.604569613933563,0.0190585948032149,0.0331182376463796,0.214947719375292,0.288505815217892,-0.667667159927549,-0.539845428644116
YOL128C,0.0622784234583378,-1.2079119682312,0.00633690196995618,0.0442404373856123,0.0505681504185001,0.0756730249772469,-1.29612293083919,-1.12105890591427
YOL126C,0.691869020462036,-0.160969823598862,0.0468645183447326,0.0293830092159691,0.603348656495412,0.788070977727572,-0.219431649993773,-0.103434666066763
YOL125W,0.134720668196678,-0.871703684329987,0.0097704730070191,0.0314470352861917,0.116633145821591,0.154733470330636,-0.933178015398527,-0.81041573721903
YOL124C,0.510916352272034,-0.292549461126328,0.0329382919770734,0.027953020849535,0.449875408162673,0.579475675523281,-0.346907752690291,-0.236964792671625
YOL123W,1.90450370311737,0.279147982597351,0.103147373517862,0.0234928582505312,1.71134899059931,2.11894990205765,0.233338582800566,0.326120685689949
YOL122C,0.254011511802673,-0.595843434333801,0.0143961656176693,0.024614329302971,0.227018138269583,0.283012719204028,-0.643939442359019,-0.548194045944251
YOL119C,0.244817867875099,-0.612034201622009,0.0155772816029519,0.0275909476991692,0.215861856937408,0.277273329844077,-0.665824091283052,-0.557091902000633
YOL116W,0.170426875352859,-0.769820332527161,0.01351514348064,0.0343473477657213,0.145797537267208,0.198953209072351,-0.836249811946037,-0.701249051646849
YOL115W,0.216548174619675,-0.665152072906494,0.0123241368533238,0.0247265392871344,0.193287123988072,0.241704621786873,-0.713797076065855,-0.616715045253831
YOL110W,0.0609765015542507,-1.2248340845108,0.0132588697817556,0.0931225782277926,0.0393116919013361,0.0913627959166964,-1.40547827712629,-1.03923061855332
YOL107W,0.267823129892349,-0.573683083057404,0.0225164282572426,0.0364561003969068,0.226600090414286,0.315344878782829,-0.644739922888563,-0.501214218816923
YOL105C,0.0208879709243774,-1.68268549442291,0.00228051477456097,0.0474154882670793,0.0167260083369911,0.0256714848180612,-1.77660769143108,-1.59054901137101
YOL104C,0.00174517591949552,-2.81340670585632,0.000865778621162319,0.228027629647903,0.000497513450682163,0.00379967659634228,-3.30319517325378,-2.42025336615484
YOL103W,0.161119192838669,-0.793639183044434,0.0096980476220154,0.0261815476691571,0.142583069453637,0.180741864318649,-0.845932040581157,-0.742941245632808
YOL102C,0.357946157455444,-0.45291343331337,0.0638728535906471,0.0762976836242339,0.249657093236844,0.498591133207083,-0.602656091572249,-0.30225546470033
YOL101C,0.167527288198471,-0.778210282325745,0.0172546571246367,0.0446448622087238,0.136394216616948,0.202983773872256,-0.865204056520974,-0.692538687031633
YOL100W,0.0721921175718307,-1.14212131500244,0.00381927632637775,0.0230079024856343,0.0649686830118299,0.0796838799491525,-1.18729593678231,-1.09862952751975
YOL098C,0.63260406255722,-0.199259027838707,0.0267536606926356,0.0184026737028691,0.579837560653687,0.683794632554054,-0.236693656288905,-0.165074313530965
YOL097C,1.8601016998291,0.268814563751221,0.107537441511647,0.0250689250234309,1.66020270188649,2.08163690567017,0.220161116314604,0.318404978961373
YOL096C,0.182204529643059,-0.741513431072235,0.0178465441047643,0.0424374919298463,0.149043740828832,0.219206931317846,-0.826686258446315,-0.659145720359306
YOL094C,0.462838977575302,-0.335955023765564,0.037002340099801,0.0346703058449008,0.394506126642227,0.539291083812714,-0.403946247850629,-0.268176759913855
YOL093W,0.383199572563171,-0.418453872203827,0.0356963316884004,0.0404214164087081,0.316513306647539,0.459349449227254,-0.499608027000205,-0.337856800958503
YOL092W,0.878683388233185,-0.0576684884727001,0.0732529250857171,0.0361197325513017,0.743782864014308,1.03141081233819,-0.128553831689516,0.013431679776788
YOL091W,0.00339798536151648,-2.47849774360657,0.000716565998316522,0.0925401565499967,0.00213999232510105,0.0049755423484991,-2.66958778420795,-2.30315957384672
YOL090W,0.427693605422974,-0.369274318218231,0.0184830211700769,0.0187827589664382,0.392034513503313,0.464952037483454,-0.406675697436101,-0.33259184559461
YOL088C,0.711351156234741,-0.149894952774048,0.0681488849553483,0.0414553624852181,0.588434504469236,0.853115253647168,-0.230301869750889,-0.0689922929311936
YOL087C,0.129618525505066,-0.887714862823486,0.00545965760926719,0.0182983540629713,0.119176762985686,0.140598987912138,-0.92380841485863,-0.852017805531423
YOL084W,0.00122187216766179,-2.92910170555115,0.000330421970429209,0.119758897338598,0.000661099088999132,0.00194063863406579,-3.17973359245945,-2.71205533203742
YOL083W,0.0405808836221695,-1.39453518390656,0.00467296055364708,0.0498203739071965,0.0322456304915249,0.0505166422265271,-1.49152912700361,-1.29656553202807
YOL082W,0.154015883803368,-0.813567936420441,0.0111395535221305,0.0314539312611335,0.132855158175031,0.177254516631365,-0.876621579566141,-0.751402695726877
YOL078W,0.0603654980659485,-1.21986901760101,0.0033259277958829,0.0239622327416705,0.0540075926420589,0.0670642086615165,-1.26754518105943,-1.17350919657522
YOL076W,0.403508216142654,-0.394558846950531,0.0176028344543581,0.018946926611048,0.370367164164782,0.438262850046158,-0.431367523862248,-0.358265341355506
YOL073C,0.120768629014492,-0.92036759853363,0.0125234100151266,0.0449505279216433,0.0982910755400856,0.147383424142996,-1.00748591269227,-0.831551358053162
YOL072W,0.071978822350502,-1.1441810131073,0.00576503720481938,0.0346841019043171,0.061110008507967,0.0841300453369816,-1.21388765758286,-1.07504887712595
YOL069W,0.153894647955894,-0.813744127750397,0.0102885192844101,0.0289976083856974,0.135063519328833,0.175186872233947,-0.869461938873957,-0.756498441161624
YOL066C,0.157052665948868,-0.804710805416107,0.00927926031192585,0.0257047254870646,0.139365151524544,0.175336892281969,-0.855845808681614,-0.756126695346777
YOL065C,0.170275524258614,-0.770006239414215,0.0124563686661381,0.0317092487622592,0.147314784179131,0.196432071800033,-0.831753675216412,-0.706787603095856
YOL064C,0.841951847076416,-0.0759019628167152,0.0623805144459402,0.0321037252501344,0.729502022266388,0.969923646748066,-0.136973499852893,-0.0132624524680364
YOL062C,0.203957632184029,-0.691361546516418,0.0131419360342987,0.0279549958781483,0.179822498063246,0.230625009040038,-0.745155973672134,-0.637093603063652
YOL060C,0.265682876110077,-0.576257348060608,0.0142130506119433,0.0232505019126381,0.238460903987288,0.293949374059836,-0.622582814005956,-0.531727461762774
YOL057W,0.615762591362,-0.211066722869873,0.0289774106603,0.020408812192303,0.561698593695958,0.676088755826155,-0.250496666298475,-0.169996286873872
YOL056W,0.282404780387878,-0.551396071910858,0.0289828959702025,0.0443293139051529,0.230187055220207,0.345401612172524,-0.637919102967369,-0.461675639697323
YOL055C,0.0984803065657616,-1.00772666931152,0.00693648312324472,0.0305908106463661,0.0856230272601048,0.112595428091784,-1.06740942146704,-0.948479243565696
YOL052C,0.652378261089325,-0.186426773667336,0.0426756387441949,0.0283875366354004,0.573224731286367,0.7414911399285,-0.241675080656102,-0.129894033986225
YOL051W,0.381246656179428,-0.419236183166504,0.0172007174293245,0.0195993658741098,0.348290388286114,0.415822466214498,-0.458058510531546,-0.381092050168758
YOL049W,0.648872792720795,-0.18854121863842,0.0369002510653299,0.024654428268653,0.579634121060371,0.72582820802927,-0.236846059142509,-0.139166163996938
YOL048C,0.0641205012798309,-1.19584143161774,0.00736246133653291,0.0496300881240197,0.0509650727113088,0.0798823480804761,-1.29272735229211,-1.09754917788598
YOL044W,0.109818361699581,-0.960923314094543,0.00941496613662403,0.037221330300525,0.0922933213412762,0.129145570720235,-1.03482972540785,-0.888920489446697
YOL043C,0.0294946413487196,-1.53441905975342,0.00408119394274047,0.0602837428407595,0.0220111663763722,0.0381872650546332,-1.6573570029046,-1.4180814475507
YOL042W,0.126001000404358,-0.901408493518829,0.0114428786588448,0.039294279417581,0.105514365434647,0.149740907674034,-0.976688408951465,-0.824659539054828
YOL041C,1.2474627494812,0.0953195542097092,0.07120651861784,0.0248034690478823,1.11065977215767,1.39134816229343,0.0455810416561635,0.143435818431953
YOL032W,0.421542972326279,-0.379137754440308,0.057556779358443,0.0586936516260863,0.321295201778412,0.548039887348811,-0.493095760152555,-0.261187833430051
YOL031C,0.339891850948334,-0.469594717025757,0.022360478562886,0.0285354430264548,0.298462629318237,0.386049981911977,-0.525110039398627,-0.413356463558921
YOL030W,1.85348224639893,0.267293900251389,0.104682886498838,0.0245367958681465,1.65236878395081,2.06634411414464,0.218106981822602,0.315202647326215
YOL028C,0.317394971847534,-0.503013670444489,0.0467776265663405,0.0631375097576773,0.237542712315917,0.421290780603886,-0.624258292272566,-0.375418050987815
YOL027C,0.671535193920135,-0.173545256257057,0.0357405759885862,0.023081521131815,0.605562259753545,0.745204689602057,-0.217841199307917,-0.127724422240708
YOL022C,0.605170428752899,-0.219134226441383,0.0413810777735392,0.0296402635414051,0.5287366827329,0.690976748367151,-0.276760558065919,-0.160536570809687
YOL021C,0.637860953807831,-0.195665568113327,0.0271190346010723,0.0184891509567443,0.58544804106156,0.691000726322333,-0.232511642837721,-0.160521496175182
YOL020W,0.270489245653152,-0.56852912902832,0.0151465729008971,0.02427022524237,0.242081750805179,0.302187756697337,-0.616037952006164,-0.519723135328414
YOL019W,0.309347569942474,-0.510237395763397,0.0173769195819898,0.0243813474330964,0.276564304033915,0.345183652391036,-0.558203875043675,-0.461949784684867
YOL018C,0.239521875977516,-0.621849596500397,0.0178151018298322,0.0322339092896843,0.20609032313029,0.27769742384553,-0.685942400068976,-0.556428149288369
YOL016C,0.31548747420311,-0.501950740814209,0.0207000300224041,0.028469088504673,0.276839302728573,0.358492669214805,-0.557772253349727,-0.445519720765307
YOL015W,0.00106373277958483,-3.01266193389893,0.00044901791046346,0.190909236698513,0.000370149907151548,0.00215685507282615,-3.43162239415315,-2.66617903579057
YOL013C,0.149944856762886,-0.824921786785126,0.00941028291686101,0.0272746628948638,0.131826848040024,0.168938079848886,-0.879996131717294,-0.772272446702534
YOL011W,0.0707996115088463,-1.15091013908386,0.00465124748614263,0.028546808776194,0.061973195305715,0.0802602861697475,-1.20779611156145,-1.09549930002637
YOL007C,0.273891687393188,-0.563865482807159,0.0223651442209895,0.0354304712023798,0.231616030509273,0.320341960092386,-0.635231387156351,-0.494386182056762
YOL006C,0.486069619655609,-0.31375777721405,0.0222769292883669,0.0199027427438212,0.444337589790424,0.530090868473053,-0.352286945065616,-0.275649677014702
YOL001W,0.0307732932269573,-1.51833534240723,0.00534953319924287,0.0753251261880747,0.021319681731984,0.0426113218069077,-1.67121931227813,-1.37047499470329
YOR001W,0.388477116823196,-0.411130130290985,0.0185513085501009,0.0207320622877004,0.353599148740371,0.425836646308502,-0.451488791037375,-0.370756967194372
YOR002W,0.269711434841156,-0.569867610931396,0.0160037166529759,0.025819431194668,0.23870017255346,0.301619448761145,-0.62214727081597,-0.520540658477262
YOR003W,0.0402542687952518,-1.39717030525208,0.00384689594221954,0.0415336922743009,0.0330798742361367,0.048106708843261,-1.48043615133152,-1.31779438545362
YOR004W,0.885139942169189,-0.0558094531297684,0.101390050320019,0.0494671985410947,0.705247027178605,1.10451645056407,-0.151658735867268,0.0431721849374296
YOR005C,0.0412361361086369,-1.3856166601181,0.00264708219224088,0.0278911986445624,0.0361417784976463,0.0466435663402081,-1.44199050390516,-1.33120825107366
YOR006C,0.351879596710205,-0.455084264278412,0.0291075889856747,0.0358308826386364,0.298838291317225,0.412541743119558,-0.524563755474855,-0.384532102737228
YOR007C,4.31707191467285,0.634236097335815,0.286784202006804,0.0288010411545696,3.78772602677345,4.91289833386739,0.578378558089876,0.691337774471363
YOR008C,0.568616151809692,-0.246126681566238,0.0375822239948069,0.0286828657618559,0.498916709174712,0.644201804200808,-0.30197195563919,-0.190978063197913
YOR009W,0.043818436563015,-1.36032032966614,0.00418334084416104,0.0414994784405513,0.0360942932156225,0.0523932184713582,-1.4425614580971,-1.28072492306902
YOR017W,0.071984127163887,-1.14354526996613,0.00431512199622142,0.0260525793565982,0.0636689439415932,0.0807120949029922,-1.19607235359371,-1.0930613803208
YOR018W,0.139949128031731,-0.854576468467712,0.00702383328840319,0.0217763549586624,0.126650632172823,0.154424151281516,-0.897392638100197,-0.81128477690093
YOR022C,0.0861980468034744,-1.06525492668152,0.00506812878275479,0.0255193952496658,0.0766061779732505,0.0966450645898779,-1.11573620576945,-1.01482031942877
YOR023C,0.230581879615784,-0.637811958789825,0.0125278183612168,0.023539563069163,0.207248651360472,0.256196737289429,-0.683508286905128,-0.591426405372831
YOR025W,0.220514431595802,-0.657464563846588,0.0142455710645193,0.0279781579532363,0.19393987270693,0.250173241148392,-0.712332893796625,-0.601759146716838
YOR032C,0.000873689248692244,-3.12770652770996,0.000487921597928365,0.257276121563108,0.000202638323510958,0.00205306469773253,-3.69327867256215,-2.6875973693543
YOR033C,0.0729479342699051,-1.13791704177856,0.00477440719092927,0.028425359952763,0.0638546851774057,0.0827753107373913,-1.19480723281498,-1.08209918192146
YOR034C,0.120772287249565,-0.918617844581604,0.00627010453505743,0.0225801246967764,0.10871011496832,0.133465651298563,-0.96373004518912,-0.874630489886796
YOR035C,0.176419124007225,-0.753986299037933,0.00871851501094227,0.0214719560340541,0.159732131908337,0.193797683591644,-0.796607712223425,-0.712651418316728
YOR037W,0.1201346591115,-0.921825110912323,0.00997038872334737,0.0360073120293875,0.102028563121955,0.140235885977745,-0.991278229837477,-0.853140837383252
YOR038C,0.140563637018204,-0.852617979049683,0.00669233543278889,0.0206879076272877,0.127670139074326,0.15378360512356,-0.893910668529289,-0.813089962340865
YOR039W,0.838114440441132,-0.0788917019963264,0.0844842180707789,0.0436436751738439,0.687660126388073,1.01275804837545,-0.162626159934814,0.00550570271546924
YOR040W,0.130466684699059,-0.887138187885284,0.0144040180437935,0.047902940882495,0.104450924508274,0.160586938261986,-0.981087711682838,-0.794289782042622
YOR043W,0.271868616342545,-0.566379129886627,0.0158758286907867,0.0253692511773379,0.242105464637279,0.304091197003921,-0.615995407872064,-0.516996152996429
YOR046C,2.1671154499054,0.335233509540558,0.118568932684527,0.0237293954006039,1.9468569278717,2.41359545985858,0.289334036728745,0.38266447964331
YOR047C,0.161881670355797,-0.791788697242737,0.0109206404849306,0.029275365721931,0.141713076333205,0.184017293527722,-0.84859007478151,-0.735141361255879
YOR048C,0.397052198648453,-0.401539027690887,0.0167525096082929,0.0183589676548023,0.364441965768735,0.429756891479095,-0.438371619904297,-0.366777150371527
YOR049C,0.0762829184532166,-1.11988806724548,0.00788969914612692,0.0448446439195383,0.0619124424954255,0.092676750694712,-1.2082220645354,-1.03302920130645
YOR051C,1.0451408624649,0.0182631704956293,0.067715194779359,0.0281305936294136,0.915931777159373,1.18462851742903,-0.0381368745752385,0.0735821829446398
YOR054C,0.122515760362148,-0.912440121173859,0.00661819468298076,0.0234668431279603,0.109873322459559,0.135809851437807,-0.959107742980287,-0.867068727323142
YOR056C,0.562786996364594,-0.250413805246353,0.0333018273387837,0.025643577650561,0.500354199608167,0.632659205297629,-0.300722451674589,-0.198830170365841
YOR057W,0.380540668964386,-0.420598685741425,0.0258321023951886,0.0294634820251613,0.331035113583008,0.434282995263735,-0.480125937333454,-0.362227175491509
YOR058C,0.13808211684227,-0.860329389572144,0.00638331002270343,0.0200945905220691,0.125952328989903,0.150805174186826,-0.899793797722924,-0.821583759634026
YOR059C,0.0656197071075439,-1.1848156452179,0.00606660770260161,0.0401330156659959,0.0546391655070086,0.0780748982603351,-1.26249594277661,-1.10748857618721
YOR060C,0.0334354341030121,-1.48499286174774,0.00692273178183957,0.089646044140285,0.0213780347257853,0.0493236945010722,-1.67003222181092,-1.30694442024855
YOR061W,0.809372186660767,-0.0929096639156342,0.0566518028509372,0.0303039099394279,0.705631806453069,0.928886376818021,-0.151421853098658,-0.0320374066146356
YOR063W,33.7285079956055,1.52719712257385,2.046196512072,0.0263091669767131,29.9567138036092,37.8551876703898,1.47649417030485,1.57812540354927
YOR065W,0.514380693435669,-0.290189385414124,0.042481712893102,0.0357920552840422,0.435396641492844,0.601837707062562,-0.361114958896963,-0.220520607670118
YOR066W,0.159381523728371,-0.798275351524353,0.00914119790813212,0.0248981325010711,0.142288818582892,0.177702242136002,-0.84682922654669,-0.750307092531851
YOR067C,0.373097389936447,-0.428787052631378,0.0198154940573803,0.0230361681249035,0.336842488249143,0.413604455937942,-0.472573138830067,-0.38341479449969
YOR069W,0.369780987501144,-0.432616204023361,0.0187931114025645,0.022083537155794,0.333968689044317,0.407327115535736,-0.476294248206474,-0.390056678213609
YOR070C,0.119727365672588,-0.92269504070282,0.00766619176988753,0.0277895530071435,0.105427096908291,0.135743790989121,-0.977047757091243,-0.867280026752355
YOR073W,0.0497262440621853,-1.30489099025726,0.00410304695468816,0.0358073536193196,0.0419317200159033,0.0581264552039405,-1.37745732323634,-1.23562616363348
YOR075W,0.184928774833679,-0.734732031822205,0.0165821085926382,0.0388338010292769,0.154534937938054,0.219888264437516,-0.810973317972479,-0.657797956018544
YOR076C,0.133593559265137,-0.874944746494293,0.00773801961028152,0.025180402583876,0.118603219899038,0.1491293327262,-0.925903520440261,-0.826436925673972
YOR077W,0.185152098536491,-0.739284157752991,0.0331493373273792,0.0768503332785284,0.129231220980485,0.258524432530006,-0.888632563730012,-0.587498406497207
YOR079C,0.241454005241394,-0.618854939937592,0.0213643522643664,0.0383100670009706,0.203059081360698,0.285537691662709,-0.692377609791866,-0.544336582039298
YOR083W,0.141513749957085,-0.851622462272644,0.0149618466735337,0.0459021505923602,0.114212885499001,0.172376151258747,-0.942284897941735,-0.763522820490143
YOR084W,0.00415412709116936,-2.39994621276855,0.00120882851513783,0.127946160981174,0.00217070986400358,0.00686372004371757,-2.66339834638815,-2.16344056970742
YOR085W,1.0750378370285,0.0302597228437662,0.0789323132263317,0.0317899027415934,0.931483718752861,1.23894721666972,-0.0308247316684693,0.0930528034017873
YOR086C,0.679663062095642,-0.168048992753029,0.0269233312187374,0.0172241029124228,0.626596137881279,0.733879395822684,-0.203012286304347,-0.134375305272822
YOR087W,0.259957581758499,-0.585688948631287,0.0136128908373991,0.0227116016532609,0.234325533732772,0.287582375854254,-0.630180385599212,-0.541237733272297
YOR090C,0.264185696840286,-0.578758656978607,0.0146894358059294,0.0241095397957339,0.236448344464103,0.294574955602487,-0.626263722435302,-0.530804188967597
YOR091W,1.44875919818878,0.159771680831909,0.108972477178006,0.0325823081284556,1.24838393827279,1.67273827195168,0.096348163535198,0.223427993592319
YOR092W,0.136812806129456,-0.864657044410706,0.00823008978128049,0.0261262196548167,0.121219076216221,0.153554678956668,-0.916429029975625,-0.813736945665259
YOR093C,0.0644661039113998,-1.19112884998322,0.00296649252847164,0.0200190064314925,0.0587826383300126,0.0703704357147217,-1.23075092571468,-1.15260975993021
YOR098C,0.432190239429474,-0.364704310894012,0.0180617395701578,0.0181739960703195,0.397708624601364,0.467523545026779,-0.400434990919558,-0.330196512668001
YOR099W,1.86983418464661,0.271025627851486,0.11201693947556,0.0259699815825032,1.66213010748227,2.09995630979538,0.220665016081204,0.322210256315477
YOR100C,0.00398451695218682,-2.42934417724609,0.00147045872010265,0.163823595261791,0.00165430989000015,0.00732730455929413,-2.78138313416078,-2.13505597042991
YOR101W,0.422203421592712,-0.376267164945602,0.0384333867517134,0.0394062946952336,0.351935068517923,0.505992802480856,-0.453537456000853,-0.295855674699656
YOR106W,0.211709052324295,-0.676601827144623,0.0220641964533811,0.0450762475240907,0.171395916615923,0.258666158715884,-0.765999532257145,-0.587260386301966
YOR107W,0.0104713849723339,-1.99335336685181,0.00259134107842596,0.108714172261697,0.00606004083141064,0.016263720812276,-2.21752447704676,-1.78878009457143
YOR109W,0.442570447921753,-0.354380965232849,0.0180845419289165,0.0177669737073984,0.407678397993247,0.477915970732768,-0.389682300764207,-0.320648456238479
YOR110W,0.2721306681633,-0.566274464130402,0.0189623754942443,0.0302292507086813,0.237135046472152,0.311091292401155,-0.625004256401055,-0.507112144857133
YOR112W,0.284370362758636,-0.546653926372528,0.0141673609269861,0.0216372762961348,0.257294762382905,0.3127489661177,-0.589569054417356,-0.504804120527894
YOR113W,0.133957654237747,-0.873614966869354,0.00692264060490256,0.0224845285503189,0.120728857442737,0.147532059376438,-0.9181889094603,-0.831113595624514
YOR114W,0.0822822451591492,-1.08768975734711,0.00969094766061701,0.0510087145700616,0.064634345471859,0.10242941857626,-1.18953664477348,-0.989575294196028
YOR115C,0.210045367479324,-0.680358469486237,0.0233961413467645,0.0481294716732998,0.168219981094201,0.259050598492225,-0.774122422642177,-0.586615400555976
YOR116C,0.578777432441711,-0.237809181213379,0.022183233101834,0.016679670334691,0.535398125648499,0.620953304072221,-0.271323153548674,-0.206941057809447
YOR117W,1.85914468765259,0.268447697162628,0.117794791858843,0.0273796424989875,1.64487779140472,2.11443807880084,0.21613363694244,0.325194970910916
YOR118W,0.157622382044792,-0.803207814693451,0.00971295375698463,0.0267869476166756,0.13908265295128,0.177405718093117,-0.85672703414463,-0.751032386217476
YOR119C,0.218358471989632,-0.661806702613831,0.0146539513820057,0.0291482393470957,0.190178232764204,0.248559967925151,-0.720839192611926,-0.604568816973201
YOR120W,0.119769126176834,-0.924140334129333,0.0128526741048201,0.0464726755902578,0.0966109360878666,0.14671444222331,-1.01497372208093,-0.833527133272644
YOR123C,0.751536250114441,-0.124726891517639,0.0419801109713484,0.024256175440145,0.672406899929047,0.836634159088135,-0.172367838807645,-0.0774644075050574
YOR124C,0.437777638435364,-0.359079211950302,0.0170795852661999,0.0169636083197424,0.405186027288437,0.470973632733027,-0.392345539560916,-0.327003406268073
YOR125C,0.281548887491226,-0.555427014827728,0.0428819280437795,0.0657924198228975,0.207940964400768,0.373051573584477,-0.682059948585648,-0.428231132058447
YOR126C,0.270703554153442,-0.571864485740662,0.0386317705027396,0.0614522927539716,0.204128322005272,0.355862855911255,-0.690096734456916,-0.448717340219334
YOR127W,0.106842458248138,-0.971775412559509,0.00523277004261391,0.0212624826598472,0.0970526849851012,0.117284130491316,-1.01299244535008,-0.930760747563296
YOR128C,0.984649002552032,-0.00721942959353328,0.0472548290210519,0.0208589306861726,0.894069254398346,1.07965075969696,-0.048628839550673,0.0332832946859527
YOR130C,0.0991714894771576,-1.0074371099472,0.0132202922470067,0.0576534197727769,0.0757383679350217,0.127228742092848,-1.12068406014903,-0.895414777582948
YOR132W,0.353755444288254,-0.451928019523621,0.0190816571853973,0.0233887224455667,0.318502985437711,0.392508333424727,-0.496886497496548,-0.406151123331444
YOR134W,0.00153166137170047,-2.85642313957214,0.000664484064497727,0.196097123546382,0.000503188163565937,0.00310193534047964,-3.29826961926683,-2.50836728366847
YOR136W,3.17785215377808,0.501244306564331,0.203766790104845,0.0277995403020739,2.7922652721405,3.60490832726161,0.445956674906965,0.556894222867832
YOR138C,0.202669024467468,-0.693805754184723,0.0105943205503837,0.0226855617138062,0.182799130678177,0.224304354811708,-0.738025873933525,-0.649162294726585
YOR140W,0.110787950456142,-0.9561847448349,0.00620376805247904,0.0242609575804314,0.0992586965983113,0.123229491834839,-1.00323143219598,-0.909285342681267
YOR141C,0.307723701000214,-0.512272655963898,0.0137588118956333,0.019430474229817,0.281552874793609,0.334740094343821,-0.550440033941296,-0.475292265851511
YOR142W,2.29441618919373,0.359485477209091,0.169898415184712,0.0321087326759404,1.98102549314499,2.64207386573156,0.296890064261772,0.421944954972408
YOR144C,0.0627983808517456,-1.20282900333405,0.00376520475589038,0.0260162577251439,0.0557701364159584,0.0705361567437649,-1.25359829320567,-1.15158820755406
YOR145C,1.31866896152496,0.118356838822365,0.119777003890509,0.0392720087678218,1.10790426532427,1.56748010019461,0.0445022330070921,0.195202035989186
YOR147W,0.080205574631691,-1.09669721126556,0.00517740432238788,0.0280128126904956,0.0706643344213565,0.0908217249438167,-1.15079973581001,-1.04181025655785
YOR149C,0.0660775601863861,-1.18103468418121,0.00468544957086052,0.0307792526561662,0.0574929229915142,0.0756974954158068,-1.24038561087368,-1.12091849121962
YOR151C,1.09251463413239,0.0381071716547012,0.0419632359992736,0.0167168826381686,1.01022304793199,1.17572163939476,0.00441727257965071,0.0703045115412015
YOR152C,0.0489298403263092,-1.31787896156311,0.00910123173745551,0.080665579359003,0.0330066178614895,0.0687841400504112,-1.48139904142334,-1.16251168796534
YOR153W,7.26666641235352,0.861054658889771,0.260516308159608,0.0155789452807213,6.77123832702637,7.77352652947108,0.830668099913346,0.890618085037193
YOR155C,0.215188726782799,-0.668228983879089,0.0149760540134089,0.0301868793300831,0.187090792506933,0.245863099892934,-0.72794758576541,-0.609306647005394
YOR156C,0.085742399096489,-1.06762588024139,0.00528597732255051,0.0267980264674879,0.0757028667877118,0.0965044636279345,-1.12088767475649,-1.01545260011865
YOR157C,2.85413002967834,0.453127592802048,0.299149844948328,0.0450432345740011,2.32323263883591,3.50053858757019,0.366092699824208,0.544134869383033
YOR160W,0.202998101711273,-0.69295197725296,0.0091859474517327,0.019635550835684,0.18574212603271,0.22208350126942,-0.731089587801446,-0.653483704674209
YOR161C,0.12183690071106,-0.915228486061096,0.00829628908745826,0.0296288929004425,0.106220227479935,0.138241485754649,-0.973792778539793,-0.859361608910084
YOR165W,0.690725266933441,-0.161148622632027,0.0316248278124319,0.0198744336377801,0.630140428245068,0.754659933845202,-0.200562656397603,-0.122248706953487
YOR168W,2.75436353683472,0.439630419015884,0.116981137889067,0.0184655203736159,2.52771806716919,2.98523545265198,0.40272863262427,0.474978590659632
YOR171C,0.403978675603867,-0.394256383180618,0.0215186886786489,0.02311054175456,0.363492888708909,0.446822661658128,-0.439504081396189,-0.34986480873732
YOR172W,0.0388233661651611,-1.41208434104919,0.00285917317674112,0.0320585832770112,0.0334781707885365,0.0446204395654301,-1.47523827953652,-1.35046615814016
YOR173W,0.0706080719828606,-1.15364766120911,0.00760225308153878,0.0466385954785916,0.0566932785324752,0.0869584752246737,-1.24646845421016,-1.06068808402247
YOR174W,0.178604066371918,-0.751016139984131,0.020742216350424,0.050242417123371,0.142037658393383,0.22291246689856,-0.847596496279527,-0.651865653066774
YOR175C,0.648286104202271,-0.188804969191551,0.0333295703992333,0.0223279910892758,0.585377275943756,0.715172683695952,-0.23256414067193,-0.145589082237989
YOR176W,0.943885922431946,-0.0260462891310453,0.063028418889671,0.0289581003750749,0.827263596157233,1.07371079623699,-0.0823560864878407,0.0308873174798695
YOR180C,0.00485703628510237,-2.35171103477478,0.00203076800433598,0.186172754859526,0.00181618204903013,0.00963256577961147,-2.74084062938545,-2.01625802721364
YOR181W,0.264871925115585,-0.577564179897308,0.0139410714613036,0.0228591289485021,0.238779634237289,0.292849494765202,-0.62200271739,-0.533355520931828
YOR184W,2.5137677192688,0.399468213319778,0.158221785304327,0.0272891049934202,2.21880962451299,2.83747427264849,0.346120040951829,0.452931931681606
YOR187W,2.00615310668945,0.301639765501022,0.115971888380211,0.0250820032244949,1.78600323200226,2.24519643783569,0.251882240464888,0.351254337081973
YOR194C,0.650720655918121,-0.188661053776741,0.0633849656862961,0.0422792671212496,0.533595479031404,0.781998268763224,-0.272787859011583,-0.106794212453577
YOR195W,0.279550135135651,-0.554069459438324,0.0137771133462599,0.0214223352017365,0.253121554851532,0.306879580020905,-0.596670870430495,-0.513032008861387
YOR196C,0.263595670461655,-0.580223917961121,0.0192828460399686,0.0317389451470997,0.22767155940334,0.303700227042039,-0.642691219184224,-0.517554883630481
YOR198C,5.50053977966309,0.739732980728149,0.306400435828759,0.0241647447474484,4.93466913700104,6.13564390341441,0.693258038424753,0.787860146108963
YOR201C,0.150749951601028,-0.823020219802856,0.0115716790199489,0.0332936672263641,0.129239419102669,0.174788117408752,-0.888605009305159,-0.757488095266946
YOR204W,6.20139408111572,0.792001068592072,0.294955687447748,0.0206295526918261,5.64134610493978,6.80443665981293,0.751382745133751,0.832792175699444
YOR206W,1.01931166648865,0.00786635838449001,0.0459602376157367,0.0195951222062063,0.932269847889741,1.11044125755628,-0.0304583619032462,0.0454955863737497
YOR207C,0.54170024394989,-0.266609519720078,0.0222566268540839,0.0178642529543021,0.498869600643714,0.584993388752143,-0.302012959921051,-0.232849042089452
YOR209C,1.41511762142181,0.149935260415077,0.0891400068982131,0.0272830594017579,1.25005972385406,1.6015779564778,0.0969307627045663,0.204548082693244
YOR211C,0.267042934894562,-0.573901295661926,0.0125792706490563,0.0204663183295759,0.242936922609806,0.292311230053504,-0.614506474970474,-0.534154499566704
YOR213C,0.150130212306976,-0.828749775886536,0.0234534561956949,0.0672439581947142,0.109766650696596,0.202127601454655,-0.959529588781117,-0.694374381107375
YOR214C,0.00326860952191055,-2.60099172592163,0.00237373943602149,0.337992118189828,0.000442335941382529,0.0093770273728296,-3.35424786324622,-2.02793552070896
YOR216C,0.338141441345215,-0.471656948328018,0.0199557945627928,0.0256499631428256,0.299898741642634,0.378208936502536,-0.523025356546271,-0.422268213698302
YOR217W,0.437323480844498,-0.359599620103836,0.0188408751407597,0.0187191264464142,0.401510257273912,0.475036223232746,-0.396303355610025,-0.323273272827065
YOR219C,0.125195696949959,-0.902957201004028,0.00630291486928065,0.0218234879808517,0.11359460974733,0.138396668309967,-0.944642276268212,-0.858874364815325
YOR220W,0.5438511967659,-0.267136096954346,0.0599940406644987,0.0476140017730741,0.435919097314278,0.672376716633638,-0.360594104901213,-0.172387345241253
YOR221C,0.250797510147095,-0.602046847343445,0.0199610667658426,0.0344607395426094,0.214838158835967,0.29254617318511,-0.667888578357712,-0.533805578562352
YOR222W,0.211954370141029,-0.675806999206543,0.0206351365222175,0.0421754461636225,0.174295252561569,0.254700927933057,-0.758714446446246,-0.593969492622034
YOR223W,0.215790674090385,-0.668235123157501,0.0221135957243546,0.0443530111795265,0.175329252704978,0.262987189739943,-0.756145618301004,-0.580065405734089
YOR228C,0.0486206710338593,-1.31743443012238,0.00684223193923992,0.0608213035169553,0.0365050323307514,0.0630890278145671,-1.43764726258929,-1.20004616553867
YOR229W,0.166957631707191,-0.778340876102448,0.0110406446839128,0.0286769313196447,0.146259114642938,0.189827546849847,-0.834877061345484,-0.721640765155732
YOR230W,2.97049713134766,0.472134679555893,0.168388773039777,0.0245764872599622,2.6558920721213,3.31251595815023,0.424210422532635,0.520157979057514
YOR231W,0.121487148106098,-0.916382253170013,0.00787988164824074,0.0281833128194759,0.106584020207326,0.137669880936543,-0.972307904345554,-0.861161063184029
YOR232W,2.94131231307983,0.464082777500153,0.426858449282743,0.0620100122502328,2.22319186528524,3.88818491101265,0.346976910648118,0.589746856861456
YOR233W,0.151643827557564,-0.819713592529297,0.0075392972645254,0.0216230824097838,0.136980016157031,0.1666169911623,-0.863342792217041,-0.778280712462477
YOR237W,0.0210375618189573,-1.68062245845795,0.00272577145420439,0.0561529781471573,0.0160924273853501,0.0268668503345301,-1.79337844232286,-1.57078326609303
YOR238W,0.192745819687843,-0.717231273651123,0.0195350635798967,0.0438801268735765,0.157150761658947,0.233002560958266,-0.8036835098995,-0.63263931012927
YOR242C,0.00385831901803613,-2.43756723403931,0.00127783114896088,0.146580302300063,0.0018214057762331,0.00671369667397812,-2.73959329224723,-2.17303828482737
YOR243C,0.727043747901917,-0.138878405094147,0.0326836494211895,0.01954621397417,0.663162337740262,0.793092203140259,-0.178380146645373,-0.100676319647014
YOR244W,0.170143783092499,-0.770209729671478,0.0116982236792853,0.0298463581525205,0.148393654823303,0.194140863915284,-0.828584669490903,-0.711883042156276
YOR245C,0.164348050951958,-0.785381197929382,0.0119411821361484,0.0315850723131832,0.141805948192875,0.188512343664964,-0.848305552448519,-0.724660207234522
YOR250C,0.213239252567291,-0.672021210193634,0.0136134039383823,0.0277176533327403,0.187406403447191,0.241419889653722,-0.727215574375391,-0.617226952937993
YOR251C,0.806415498256683,-0.0948124974966049,0.0642416258254717,0.0344963949046933,0.689114770293236,0.942326470216115,-0.161708441448692,-0.0257986095337608
YOR255W,0.00173455965705216,-2.85133171081543,0.00110681875386421,0.295382764823192,0.000317308795880914,0.00452811575184266,-3.49851788931523,-2.34408254717995
YOR256C,0.139216393232346,-0.856804609298706,0.00664790407360535,0.0207825050129656,0.126536766563853,0.152124673128128,-0.897783267445338,-0.817800341933959
YOR259C,1.74596977233887,0.241424530744553,0.0925912624405425,0.0230380062945006,1.57053463359674,1.93083992898464,0.196047509352771,0.285746270767776
YOR261C,1.98883140087128,0.297562927007675,0.137497726334934,0.0299736637677338,1.73462165196737,2.27265332738558,0.239204763055203,0.356533193085249
YOR262W,0.286961734294891,-0.543445110321045,0.0219999779273052,0.0332366672256915,0.246200157081087,0.332736061016719,-0.608711676082643,-0.4779001289494
YOR264W,0.525172889232635,-0.280503123998642,0.0320400254364854,0.0264684083075886,0.465006411075592,0.590601973235607,-0.332541059420672,-0.228705106487242
YOR267C,0.295247673988342,-0.530347883701324,0.0146230547254558,0.0215193054056582,0.267207455635071,0.324873017519712,-0.573151428372646,-0.488286357689388
YOR270C,2.18599462509155,0.339214831590652,0.0979661173900267,0.0194634445222149,1.99689634442329,2.3830769876639,0.300355521548555,0.377138072542608
YOR272W,0.926338255405426,-0.0339396260678768,0.0529861972003897,0.0248391141086196,0.825150966644287,1.03290341198444,-0.0834665872288327,0.0140597119850795
YOR273C,0.199418619275093,-0.700775146484375,0.00995153624515159,0.0216837861937853,0.180525443951289,0.219563668966293,-0.743461578329277,-0.658439520842607
YOR274W,0.170479997992516,-0.769378364086151,0.0118748413300031,0.0302263728507051,0.148303151379029,0.19454489685595,-0.828849620617297,-0.710980156873798
YOR278W,0.119258090853691,-0.926596403121948,0.0142640738178579,0.0517861540589545,0.0934944895406564,0.150594532986482,-1.02921398533991,-0.822190799630861
YOR280C,0.450269341468811,-0.348616719245911,0.0443781884569104,0.0425497783128408,0.371954236676296,0.545573780437311,-0.429510490211649,-0.263146510587011
YOR283W,1.48454010486603,0.167212933301926,0.213606723706722,0.0614396520063824,1.11552333633105,1.97270980377992,0.0474786599791221,0.295063199911922
YOR284W,0.124218702316284,-0.911788403987885,0.0207536514372667,0.0720311756402581,0.0888250569502513,0.169856724515557,-1.05146450840105,-0.769917255029331
YOR287C,0.498471438884735,-0.304052889347076,0.0441446577820881,0.0383259139259086,0.419241143018007,0.590844277540843,-0.377536103731753,-0.228526978544702
YOR289W,0.0973766073584557,-1.01750528812408,0.0162468650692785,0.0719560552263403,0.0693353550508618,0.132512538135052,-1.15904527038604,-0.877743027947237
YOR291W,0.141065448522568,-0.850983798503876,0.00608050359410769,0.0187501392942957,0.129253163933754,0.153154880926013,-0.888558817192221,-0.814869158958952
YOR295W,0.263438165187836,-0.586229562759399,0.0474431725797854,0.0773952255036902,0.184201292569439,0.366053546965122,-0.73470736916667,-0.436455381521331
YOR296W,0.0574136301875114,-1.24159264564514,0.00303703242318297,0.0229283336710075,0.0517541613740226,0.0636796906590462,-1.28605472434246,-1.19599905761894
YOR298W,0.00393096450716257,-2.4209144115448,0.00104578596680996,0.116875555176105,0.00216834992170334,0.00627798726782203,-2.6638706313578,-2.20217956941333
YOR299W,0.119576193392277,-0.923061311244965,0.00680162127070906,0.0247009610080896,0.10672059673816,0.133481584861875,-0.97175175771495,-0.874578645600163
YOR301W,0.267619013786316,-0.573422253131866,0.0176197360842758,0.0285250287765987,0.234864285836617,0.304067762444417,-0.629183018362435,-0.517029621778362
YOR307C,0.171278551220894,-0.767506718635559,0.0127826088396726,0.0324111083262008,0.146979288260142,0.197393377373616,-0.832743860833423,-0.704667422191002
YOR310C,5.06626605987549,0.70402193069458,0.280918362913006,0.0240819007401283,4.52128074169159,5.63351178566615,0.655261474624268,0.75077920721907
YOR313C,0.00893040653318167,-2.06216216087341,0.00218209613687337,0.107279357871525,0.00526296385020639,0.0136748153561105,-2.27876961311152,-1.8640785292999
YOR315W,0.52847295999527,-0.278156012296677,0.0389796690116732,0.0319938639200414,0.457481855154037,0.60897264033556,-0.339626126782285,-0.215402219466419
YOR316C,0.563732087612152,-0.249733820557594,0.0343992368640762,0.0264808678854379,0.499789166698853,0.633701029419899,-0.301213164815994,-0.198115594982884
YOR317W,1.27300894260406,0.104347303509712,0.0600660521055306,0.0205069091859057,1.15767659246922,1.39344892203808,0.063587252077328,0.144091053883068
YOR320C,0.316307872533798,-0.500658333301544,0.0188149554878958,0.0258210250154545,0.281441665192445,0.353682011365891,-0.55061160837518,-0.451387028291553
YOR321W,0.256063461303711,-0.592156589031219,0.0122910789043029,0.0208775554981474,0.232364898671707,0.280329133321842,-0.633829476395823,-0.552331766105652
YOR322C,0.141694843769073,-0.84920334815979,0.00718351733506148,0.0220234852556379,0.128026118005315,0.156059849758943,-0.892701424096577,-0.806708815711118
YOR323C,3.26860594749451,0.513682544231415,0.182849807274471,0.0243215010277074,2.91542445818583,3.63532918890317,0.464701791921588,0.560543743470999
YOR326W,0.781287789344788,-0.107499875128269,0.0295458486244842,0.0164647849116965,0.723101501663526,0.838036095102628,-0.140800736594564,-0.0767372755750199
YOR329C,0.141074359416962,-0.851125180721283,0.00726398545735462,0.0223591847603247,0.127318660542369,0.155757209161917,-0.895107939752788,-0.807551843826442
YOR332W,6.1804141998291,0.786927282810211,0.858113837339698,0.0594262213526744,4.7005103468895,8.08312806288401,0.672145012456025,0.90757945221564
YOR335C,4.28342056274414,0.631433606147766,0.173641088136172,0.0176189919441575,3.94148390094439,4.62404537200928,0.595659756970711,0.665022086813119
YOR336W,0.200119107961655,-0.699060142040253,0.00802960972784242,0.0174388367093978,0.184863343338172,0.215647406627734,-0.733149196815752,-0.666255760888807
YOR341W,1.51166665554047,0.179150298237801,0.0567042141802139,0.0163166521986863,1.40051360428333,1.62156931261222,0.14628733181985,0.209935516949964
YOR342C,0.343259692192078,-0.465873330831528,0.0286200381948991,0.0359771879304373,0.292625714341799,0.404184943189224,-0.53368751547303,-0.393419872929777
YOR346W,0.105701342225075,-0.976444125175476,0.00519839603230278,0.0213740956599832,0.0957684746632973,0.116036655257146,-1.01877743112298,-0.93540479927112
YOR347C,0.388503640890121,-0.411330759525299,0.0224776193099672,0.0251266693079932,0.345697689801455,0.434161217262348,-0.46130352278209,-0.362348974018743
YOR348C,0.00205330899916589,-2.70709419250488,0.000613182318891208,0.132317095913215,0.00103720785894742,0.00344054753465267,-2.98413420834347,-2.46337244961956
YOR350C,0.0468521304428577,-1.33053267002106,0.00357762387725726,0.0331248138249312,0.0401247560667495,0.0541958324611187,-1.39658759615442,-1.26603410845659
YOR351C,0.000744875753298402,-3.19451665878296,0.000410000920303185,0.251096600277194,0.000174692446792809,0.00175394255493302,-3.75772634057535,-2.7559846572175
YOR352W,0.172494366765022,-0.764740288257599,0.0144654356473922,0.0362747664465934,0.146195083856583,0.202476291358471,-0.835067231275942,-0.693625822562703
YOR353C,0.122721962630749,-0.911664724349976,0.00637886965300813,0.0225847011652994,0.110543035343289,0.135661691427231,-0.956468615685353,-0.867542772462405
YOR354C,0.261098325252533,-0.583684265613556,0.0123524403622424,0.020575199787694,0.237235478063424,0.285317490498225,-0.624820364332707,-0.54467160450095
YOR355W,0.538661777973175,-0.269293934106827,0.0285545927129652,0.0230200996887061,0.484408629188935,0.596375208596388,-0.314788129429894,-0.224480419323826
YOR356W,0.39948907494545,-0.399076014757156,0.0206783215543529,0.0224633630189279,0.360527545213699,0.441891413430373,-0.443061548483223,-0.354684437306572
YOR358W,0.145759120583534,-0.842063963413239,0.0237593481957722,0.0703925531368815,0.104310253883402,0.198309929296374,-0.981672997821735,-0.70265554571957
YOR359W,0.167609080672264,-0.776616334915161,0.0108911738065856,0.0282419060690432,0.147018313407898,0.189912572130561,-0.832628563785484,-0.721446284243104
YOR360C,0.195873782038689,-0.708839356899261,0.0120241424134389,0.0266445394510945,0.173307570070028,0.220671504735947,-0.761182467546818,-0.656253743571089
YOR362C,1.81304860115051,0.256797552108765,0.156766651236134,0.0373912259403084,1.53468953371048,2.13985275030136,0.186020530985985,0.330383889268881
YOR368W,0.109303452074528,-0.962804853916168,0.00890885039715848,0.035393908334683,0.0925605196505785,0.127813942730427,-1.03357421726561,-0.893421768084523
YOR370C,0.426573932170868,-0.370575994253159,0.0218521682336842,0.0222550288510326,0.384824676563342,0.469919541229804,-0.414737090067418,-0.327976494811452
YOR371C,0.117177322506905,-0.931644141674042,0.0055435230014652,0.0205680106980376,0.106426551938057,0.128354250763853,-0.972950008336712,-0.891589745333635
YOR372C,0.203082799911499,-0.692994713783264,0.0112791419018589,0.0240809822356792,0.182164988045891,0.22663637722532,-0.739535090815225,-0.644670381169977
YOR377W,0.148393094539642,-0.82940536737442,0.00910707941672814,0.0266071795370831,0.131491555770238,0.167132897675037,-0.881102137100722,-0.776938069036223
YOR380W,0.0152806658297777,-1.8195595741272,0.00199158949622384,0.0568747880068433,0.0116417833681529,0.0194119520951062,-1.93398048638521,-1.71193078915204
YOR385W,0.154457867145538,-0.814022660255432,0.0177273853876172,0.0495771018692722,0.122474827431142,0.192429047698776,-0.911953164012958,-0.715729370055755
YOR386W,0.0849948301911354,-1.07150971889496,0.00549776460800035,0.0281195067713532,0.0745247697457671,0.0958521298443278,-1.12769938524505,-1.01839823297295
YPL274W,0.507291793823242,-0.295326799154282,0.026323211166089,0.0225253361100391,0.457834067940712,0.560865026712418,-0.339291895212241,-0.25114164000431
YPL268W,0.0425391159951687,-1.37205541133881,0.00265211460562639,0.0270783742839121,0.0375039312367638,0.0479548080824316,-1.42592320654185,-1.31916784274401
YPL266W,0.889793932437897,-0.0521649457514286,0.0729755762529965,0.035523313007426,0.757760915656885,1.0440981388092,-0.120467798905618,0.0187413215974429
YPL265W,1.24864888191223,0.0959358736872673,0.0602313963361387,0.0209500742743293,1.13648470044136,1.37013411521912,0.0555635934478921,0.136763080038769
YPL264C,0.0388617105782032,-1.41340386867523,0.00451510213597301,0.0504374650487696,0.0307586307947834,0.0481775850057602,-1.5120330037964,-1.31715497363943
YPL263C,0.649624049663544,-0.187807947397232,0.0302036581004715,0.0201896340399068,0.592325625320276,0.710269518693288,-0.227439478788775,-0.148576823926101
YPL262W,1.65927386283875,0.219303518533707,0.0883382102887822,0.0231259898468439,1.49253903925419,1.83998610575994,0.173925699469887,0.264814542865974
YPL260W,0.831704020500183,-0.0805978029966354,0.04249473995246,0.0221802652175603,0.751558948059877,0.917104193071524,-0.124036951275451,-0.0375813210753005
YPL259C,0.226080909371376,-0.646556735038757,0.0139002758030828,0.0266996686910767,0.199712112545967,0.25410051693519,-0.699595594356388,-0.594994451438287
YPL255W,0.0548870041966438,-1.26287078857422,0.00570188850130324,0.0450352761214659,0.0446741123062869,0.0669370828196406,-1.34994407219916,-1.17433321859303
YPL253C,0.0940196812152863,-1.02754819393158,0.00559010272022637,0.025800897777043,0.0835272297263145,0.105342887776593,-1.07817192221591,-0.977394781542105
YPL249C,0.282929062843323,-0.548737227916718,0.0123372074900959,0.0189536219309711,0.259143705417713,0.307404816150665,-0.586459335793097,-0.512289332635646
YPL247C,0.084956094622612,-1.0720466375351,0.00643267967164962,0.0328579537443229,0.072758826551338,0.0981531318898002,-1.13811431845024,-1.00809583856728
YPL246C,0.899397969245911,-0.0486753433942795,0.0995172046126331,0.0477073256979301,0.724457638462385,1.11276991764704,-0.139987004248593,0.0464053764972719
YPL245W,0.234499663114548,-0.630912661552429,0.0163559165660502,0.0302647522419295,0.20343340759476,0.268530020862818,-0.691577726424508,-0.571007154434774
YPL244C,0.154973864555359,-0.811682105064392,0.0146669970597215,0.041109321498691,0.127868720764915,0.185394131888946,-0.893235679871194,-0.731904016417791
YPL243W,0.872592866420746,-0.059797178953886,0.0461628707789055,0.0229968821378442,0.783602611720562,0.964304035902023,-0.105904129691803,-0.0157860157496226
YPL241C,0.155899047851562,-0.810787260532379,0.0202040254052232,0.0562106203278374,0.119709870715936,0.198831347500284,-0.921870047559464,-0.701515144351899
YPL237W,3.19897937774658,0.503357887268066,0.28018406363445,0.0378704408709362,2.6946828186512,3.77736560901006,0.430507653281107,0.577189009397817
YPL236C,0.0714924335479736,-1.1479754447937,0.00728034573385735,0.0440454031954472,0.0583973273634911,0.0867517800380786,-1.23360702864571,-1.06172160685768
YPL235W,1.49205899238586,0.173088908195496,0.0845570776364635,0.024597861325168,1.33273702661196,1.66638660430908,0.124744455996823,0.221775765762283
YPL232W,0.89013010263443,-0.0523355044424534,0.0810619890991764,0.0393840031440075,0.747168838977814,1.05923796991507,-0.12658124885262,0.0249935397787569
YPL230W,0.0168886482715607,-1.77800118923187,0.00271617780004224,0.0698188699660988,0.0121641730035966,0.0225852075964212,-1.91491741233781,-1.64617591318026
YPL228W,0.346204280853271,-0.46130844950676,0.018835227579332,0.0236042678379342,0.310528334230185,0.38502237200737,-0.507898767144377,-0.414514034758861
YPL226W,1.74022340774536,0.240293264389038,0.0659428549519782,0.0164488189067089,1.61565113067627,1.87253356178602,0.208347588877241,0.272429610305799
YPL224C,0.132924273610115,-0.877419650554657,0.0091342227046552,0.0298005166078898,0.116294969121615,0.151933446526527,-0.934439072387071,-0.81834661031786
YPL222W,0.0486806444823742,-1.3138085603714,0.00356733488060442,0.0317424056234383,0.0420783911521236,0.0560020692646503,-1.37594087435148,-1.2517959256078
YPL221W,0.256123572587967,-0.592119157314301,0.0131248488756332,0.0222512452325093,0.231057674686114,0.282982753713926,-0.636279601839391,-0.548240034644374
YPL215W,0.516449451446533,-0.288367927074432,0.0415299081695035,0.0348088364263583,0.441002032905817,0.602839664618174,-0.35555941413354,-0.219798180561894
YPL214C,0.0694268643856049,-1.15977215766907,0.00537426151391962,0.0336587945004813,0.0591007176165779,0.080354466723899,-1.22840724682152,-1.09498997962684
YPL213W,0.284971237182617,-0.550185799598694,0.0436028234313668,0.0656692155827771,0.210895577073097,0.381338326881329,-0.675932528263813,-0.418689562923733
YPL212C,0.758058905601501,-0.120935410261154,0.041144090376125,0.0235439839467013,0.679408220946789,0.840175585945447,-0.167869202704835,-0.0756299426568202
YPL208W,0.204051464796066,-0.69097113609314,0.0116595989472307,0.0248191064129411,0.181644232943654,0.227581948041916,-0.74077838689357,-0.642862189450548
YPL207W,0.316759198904037,-0.499760210514069,0.0150724172914802,0.0207047732558546,0.287318925062815,0.345681558052699,-0.541635767051238,-0.461323789244952
YPL204W,0.535046696662903,-0.272374868392944,0.0318055375616211,0.0257996321118321,0.476171570519606,0.600175143778324,-0.322236538488973,-0.221721996820584
YPL203W,0.27418327331543,-0.563230693340302,0.0210478402811488,0.0332095599249983,0.235848974560698,0.317902611196041,-0.627366008078073,-0.497705904889319
YPL199C,1.3925473690033,0.1401197463274,0.183340323831481,0.0564756972458647,1.07385501960913,1.79132906397184,0.0309456514970396,0.253175368262797
YPL196W,0.235265716910362,-0.631269037723541,0.0269504622685222,0.0495428420139428,0.187018363922834,0.293787717819214,-0.728115746663975,-0.531966364416555
YPL195W,0.399979084730148,-0.398372292518616,0.0173957699061723,0.0189053063598024,0.366969770441453,0.434100329875946,-0.435369709813822,-0.362409884137691
YPL193W,0.123966075479984,-0.908171653747559,0.0102253790953253,0.0358228810288025,0.105092714789013,0.144663987060388,-0.978427389194025,-0.839639574157451
YPL191C,0.0907179489731789,-1.04442524909973,0.00898515562496435,0.0429112268803955,0.0742649543409546,0.109640830010176,-1.12921610311826,-0.960027701266747
YPL190C,0.882436215877533,-0.0547510571777821,0.0394100198052379,0.0194190138368882,0.80769681930542,0.960092743734519,-0.0927516273586426,-0.0176868143341838
YPL189W,0.00469169486314058,-2.33706426620483,0.000919999991720827,0.0859194216352804,0.00307573112659156,0.0066700147309651,-2.51205163652865,-2.17587320732496
YPL188W,0.314229160547256,-0.503848135471344,0.0223390013789748,0.030833560635446,0.272734317928553,0.360655508438746,-0.564260211933234,-0.442907430284374
YPL186C,0.0191198326647282,-1.72763168811798,0.00389974884795553,0.089669431667405,0.0122328639961779,0.0274221129870663,-1.91247185324199,-1.56189908824641
YPL184C,0.570362269878387,-0.244435623288155,0.0296496961537552,0.022539914745601,0.515383691092332,0.631160974502563,-0.287869328478372,-0.199859861956676
YPL183C,0.419690132141113,-0.377473920583725,0.0180838756578096,0.0187142967252859,0.385039150714874,0.455962527543306,-0.414495109257798,-0.341070847965312
YPL181W,0.337768614292145,-0.472106397151947,0.0195647027704375,0.0251152228503635,0.300504893561204,0.377803043524424,-0.522148452842086,-0.422734561094028
YPL180W,0.16607791185379,-0.780233561992645,0.00833773364474215,0.0218219982974323,0.150104194879532,0.182757228240371,-0.823607170597662,-0.738125437903551
YPL177C,0.611840128898621,-0.215049490332603,0.0540386433140478,0.0382933927030208,0.513175490995248,0.727030938367049,-0.28973409350741,-0.138447109010997
YPL176C,0.233043044805527,-0.63310831785202,0.0116775472569456,0.0217987209545919,0.210255387549599,0.256241653114557,-0.677252867169699,-0.591350273281997
YPL175W,0.115296900272369,-0.939311623573303,0.00833047130862583,0.0313274292291876,0.0997968553255002,0.132679898291826,-1.00088314988005,-0.877194870193467
YPL172C,0.0874945223331451,-1.0593353509903,0.00682268123970901,0.033864158904143,0.0746448862676819,0.101642311736941,-1.12699993975248,-0.992925469817042
YPL169C,0.473719537258148,-0.325014650821686,0.0235027259953829,0.0215433622256856,0.429166383296251,0.521203036606312,-0.367374305920769,-0.282993064510246
YPL168W,0.0475567504763603,-1.32469892501831,0.00446758115952683,0.0407228794023177,0.0392978155364593,0.0570554877010485,-1.40563159138558,-1.24370257828855
YPL165C,0.0030703532975167,-2.53663039207458,0.00100983139780475,0.146342055802738,0.00140418207350497,0.00537274312227964,-2.852576675671,-2.26980392310958
YPL163C,1.86396408081055,0.268369168043137,0.182633037185319,0.0423274394303168,1.54112381438414,2.24883055686951,0.187837531415054,0.351956733786529
YPL162C,0.171331718564034,-0.769356906414032,0.0208582979218423,0.0526646621292513,0.133953928947449,0.216485299666723,-0.87304454375661,-0.664571593224603
YPL161C,0.136842548847198,-0.864556729793549,0.00818287819767499,0.0259901548081824,0.121629724092782,0.153077639266849,-0.914960279607596,-0.815088244001547
YPL160W,4.72633409500122,0.674203932285309,0.181820882548924,0.0167119070350228,4.37934303283691,5.08122475147247,0.641408964701912,0.705968404871401
YPL159C,0.252017974853516,-0.60225909948349,0.0331308827147413,0.0565120289538859,0.193477384001017,0.327433166652918,-0.713369795614081,-0.484877331847942
YPL158C,0.307109236717224,-0.513200640678406,0.0146343864165302,0.0207115951959869,0.278921849032243,0.335936267177264,-0.554517465560983,-0.473743107934239
YPL157W,0.12159388512373,-0.917443454265594,0.0126994497636947,0.0452575349196698,0.0986587510754665,0.148191494246324,-1.00586438678916,-0.829176724643591
YPL156C,0.125041827559471,-0.906161904335022,0.0152913875458165,0.0528260114769407,0.0977178961038589,0.158075192943215,-1.01002589209075,-0.801136323927221
YPL153C,0.0899366214871407,-1.04665195941925,0.00469844064897209,0.0226951995504559,0.0812114344909787,0.0993952358141541,-1.09038281837463,-1.00263443159101
YPL152W,0.205124616622925,-0.689459264278412,0.0169307722105383,0.0358349355642185,0.173388049006462,0.240439468498031,-0.760980840132098,-0.618994242961029
YPL151C,0.102327644824982,-0.99132364988327,0.00797637280707163,0.0338583160036963,0.0872894013300538,0.11882315458109,-1.05903848509022,-0.925098921928674
YPL150W,0.0701466500759125,-1.15459513664246,0.00369185706163774,0.0228830700566308,0.0630920727426807,0.0774266336113214,-1.20002520498097,-1.11110962276954
YPL141C,0.122140750288963,-0.913651347160339,0.00592728159513054,0.0211095496066067,0.11068296978871,0.13386664117376,-0.955919196621441,-0.87332763329847
YPL139C,0.321240782737732,-0.494008600711823,0.0199726285099581,0.0269961336186904,0.282893757522106,0.362983179589113,-0.548376636344978,-0.440113499433116
YPL138C,0.154692217707634,-0.812019824981689,0.0128328389119731,0.0359356841504514,0.131660921623309,0.181399518748124,-0.880543109790527,-0.741363872196614
YPL137C,0.187935665249825,-0.72638988494873,0.00802624860092417,0.0185934801580479,0.172342169533173,0.203600153575341,-0.763608444234546,-0.691221900302515
YPL134C,0.0999349132180214,-1.00308477878571,0.0113826897385607,0.0493111961747481,0.0797321227068702,0.124127618099252,-1.09836667358304,-0.906131588898378
YPL133C,0.07908895611763,-1.10340785980225,0.00664052130463925,0.0363489289473462,0.0669372284784913,0.0931458155935009,-1.17433227880197,-1.03083665072476
YPL132W,0.133441150188446,-0.877192258834839,0.0143008452083923,0.046435503653778,0.107532618443171,0.16321938422819,-0.968459779884056,-0.787228265082953
YPL131W,34.3040618896484,1.53381776809692,2.8897847371961,0.0364337995412321,29.0445393403371,40.4449692408244,1.46306449223681,1.60686450942956
YPL128C,0.296452969312668,-0.528802454471588,0.0175345654326998,0.025629665230663,0.264069939156373,0.332946110268434,-0.578281037679071,-0.477626056271579
YPL127C,2.33274054527283,0.365027546882629,0.268295343192177,0.0496080551384894,1.85814389387767,2.91825184822083,0.269079340574104,0.465122769246216
YPL126W,0.71899539232254,-0.143730267882347,0.0329371786392548,0.0199060224181064,0.655889796713988,0.784018455445766,-0.183169125347673,-0.105673717289192
YPL125W,0.274628818035126,-0.561677098274231,0.0121617604273846,0.0192402386335218,0.251141726970673,0.298982885479927,-0.600081123666689,-0.52435367117217
YPL124W,0.164225801825523,-0.788601219654083,0.0225322668848705,0.0592100985920979,0.124596623517573,0.213165361434221,-0.904493728530954,-0.671283370285756
YPL123C,0.172377198934555,-0.764564096927643,0.0119686496019744,0.0301267150532545,0.149919989332557,0.197530599931876,-0.824140457367784,-0.70436561957947
YPL122C,0.197708874940872,-0.704853177070618,0.0125778777641675,0.0275959903929016,0.174449659511447,0.22318142640094,-0.75832987423389,-0.651341954354793
YPL119C,0.0483520664274693,-1.31681203842163,0.00363742986212992,0.0326949208360318,0.0414781803575655,0.0557086278063556,-1.38218031412149,-1.25407753937999
YPL117C,1.95319819450378,0.28894966840744,0.178256065686107,0.0394850835745083,1.63667713304361,2.32592601974805,0.213963014090951,0.366595896225229
YPL116W,0.229201003909111,-0.6403489112854,0.0117039338467087,0.0221818567981584,0.20727576315403,0.252540248135726,-0.68345147718178,-0.597669397241239
YPL115C,0.160944610834122,-0.793760657310486,0.00723031741249684,0.0195150546638829,0.147314548492432,0.175406587620576,-0.831754360978279,-0.75595410057049
YPL113C,0.0545670166611671,-1.26542890071869,0.00568943042544755,0.0452953574417211,0.0442327030934393,0.0662906812503934,-1.35425652652481,-1.17854752833871
YPL112C,0.492808848619461,-0.308272868394852,0.0325819347518738,0.0287462535894014,0.431943983087937,0.558174258967241,-0.364572571959894,-0.253230203008917
YPL111W,1.83906269073486,0.263382136821747,0.137831451535881,0.0324458496804551,1.59148287971814,2.12023784915606,0.201801970908983,0.326384582995147
YPL110C,0.195296913385391,-0.709702670574188,0.00834799236400565,0.0185835129730185,0.179134219884872,0.211921808868647,-0.746821443254322,-0.673824347846095
YPL107W,0.109507113695145,-0.967058897018433,0.0191777568278058,0.0750437639869546,0.0772099084531268,0.152814900875092,-1.11232699201745,-0.81583431970069
YPL106C,13.7290449142456,1.13718116283417,0.630736182499576,0.0199559382161549,12.5202608426412,14.9840680281321,1.09761337668329,1.17562973597192
YPL105C,0.338242888450623,-0.47124657034874,0.0158348602720479,0.0203302922751092,0.307866119096676,0.369949495047331,-0.51163810810979,-0.431857563100094
YPL104W,0.0864688009023666,-1.0639910697937,0.0054254797560842,0.02723863526944,0.0762493740767241,0.0976689979434013,-1.11776371744865,-1.01024326799827
YPL103C,0.113576523959637,-0.945809781551361,0.00807501222698401,0.0309076367909402,0.0983330187077324,0.130090860401591,-1.00730062868395,-0.885753213972699
YPL101W,0.285494208335876,-0.545355439186096,0.018893676063671,0.028746720320027,0.250061253209909,0.32407247920831,-0.601953596726128,-0.489357848436197
YPL097W,0.127582147717476,-0.895418047904968,0.00952847656550679,0.0324107222017426,0.109727710857987,0.147530559822917,-0.959683680967188,-0.831118011155072
YPL093W,1.41796088218689,0.151181846857071,0.0668256258576399,0.0204630082743657,1.29058527946472,1.55473174949487,0.110786707196256,0.191655467044374
YPL092W,0.242732867598534,-0.615851163864136,0.0163215040028304,0.02919754634329,0.21181222833693,0.275990091512601,-0.674048972225167,-0.559106511868851
YPL091W,1.75719904899597,0.244140356779099,0.098434002375151,0.0243166589819555,1.57121362388134,1.95825062592824,0.19623523604132,0.291868273953112
YPL086C,0.613436102867126,-0.212821528315544,0.0320214677474993,0.0226452767994801,0.553386105100314,0.67773729066054,-0.256971749824835,-0.168938617834749
YPL085W,0.689114570617676,-0.161989510059357,0.0247637042664341,0.0156471293175649,0.640589191019535,0.735464280347029,-0.193420393686603,-0.133438415016781
YPL084W,0.347586512565613,-0.459369003772736,0.0154500980035063,0.0193313938278778,0.317765567700068,0.378254014005264,-0.497893168000706,-0.422216454839196
YPL078C,1.85324788093567,0.264622896909714,0.230289777672644,0.0535460107397989,1.45274422268073,2.35431644717852,0.162189113231494,0.37186481824384
YPL077C,0.0671672075986862,-1.18183207511902,0.0137432451565633,0.088540608970084,0.0435849092900753,0.0985319991906484,-1.36066385354113,-1.00642270620848
YPL076W,0.057749193161726,-1.2432256937027,0.00858823070016538,0.0644972534546745,0.0424130413060387,0.0763949420303106,-1.37250058599215,-1.1169353961279
YPL075W,0.0759211331605911,-1.12036406993866,0.00439606000879651,0.0251327321956473,0.0676532462239265,0.0848760015020768,-1.16971135969734,-1.07121508904227
YPL072W,0.047146987169981,-1.32813191413879,0.00402972416366192,0.0371014012378209,0.0396723406699796,0.0553635540418327,-1.40151217579106,-1.25677605098169
YPL070W,0.146412223577499,-0.835172951221466,0.00861675729495313,0.0255431297145934,0.130179454510411,0.163961455225945,-0.885457554082587,-0.78525823579471
YPL069C,0.0962943881750107,-1.01886820793152,0.0102875846878508,0.0463048991342802,0.0773175656795502,0.118142301651339,-1.11172182806021,-0.927594589201444
YPL068C,0.146076068282127,-0.838068544864655,0.0162297396892036,0.04785879722711,0.116870451594392,0.181120873863498,-0.932295279577299,-0.742031496885789
YPL066W,0.0676182359457016,-1.17143869400024,0.00563518527668981,0.0361677658000377,0.0570838812738657,0.0793340527142088,-1.24348650597821,-1.10054036000753
YPL065W,0.150817036628723,-0.827742278575897,0.0257015357787147,0.073315288303479,0.105547959854205,0.207811851923664,-0.976550158815624,-0.682329688612374
YPL064C,0.164517015218735,-0.786257803440094,0.0176084343221901,0.046291336072142,0.132558597500126,0.202414938310782,-0.877592101649311,-0.693757442258251
YPL061W,17.835563659668,1.25064980983734,0.967267224503305,0.0235251622626376,16.0017587502797,19.8316285133362,1.20416771847282,1.29735837828601
YPL060W,0.0537420362234116,-1.27141511440277,0.00479703925915517,0.0387788772728419,0.0447851059337457,0.063804107097288,-1.34886639969283,-1.19515136470002
YPL058C,0.172923520207405,-0.762496113777161,0.00695033837609424,0.0174847546975989,0.159364772463838,0.186406210064888,-0.79760767300031,-0.729539623355493
YPL057C,0.284181505441666,-0.547621548175812,0.0212847753733716,0.0325223791175644,0.243846774846315,0.328700009236733,-0.612883008304904,-0.48320029102548
YPL055C,0.320281207561493,-0.495849907398224,0.0255966050081174,0.0346163782220151,0.27405121922493,0.373343319942554,-0.562168261457202,-0.427891620164845
YPL053C,0.699713528156281,-0.155775114893913,0.0395952022371969,0.0245600377536281,0.626336652537187,0.780060941974322,-0.203192176099158,-0.107871466935298
YPL050C,0.942910432815552,-0.0263953246176243,0.059586821676071,0.0274391542898753,0.828731826444467,1.06806742946307,-0.0815859824693673,0.0285986674111397
YPL049C,0.447875529527664,-0.349598228931427,0.0264198320737942,0.0256063008082291,0.398925405740738,0.501536448299885,-0.399108304596038,-0.299697499962269
YPL045W,0.12837091088295,-0.892133176326752,0.00674878409544933,0.0228026138380079,0.115939452747504,0.142202388619383,-0.935768754976993,-0.847093112613773
YPL043W,0.961426377296448,-0.0175834111869335,0.046160487579657,0.0208332384158247,0.8757802516222,1.05381786823273,-0.0576048532514824,0.0227655580715441
YPL042C,0.0597384572029114,-1.22487914562225,0.00431517616355933,0.0313764264833982,0.0517106428742409,0.0686962493384878,-1.28642006298214,-1.16306697383873
YPL040C,0.0663388818502426,-1.17883741855621,0.00349452452948789,0.0229396267385397,0.0593838874871532,0.0731909932568669,-1.22633137588779,-1.13554235985342
YPL039W,0.0859181210398674,-1.06850683689117,0.00941650428455482,0.0474657052396492,0.068798340857029,0.106501146095494,-1.16242203509771,-0.972645718687262
YPL033C,0.00230695586651564,-2.70433878898621,0.00127328307691985,0.252475197631459,0.000536505238172443,0.00547331116783122,-3.27042686017232,-2.26174988669568
YPL032C,0.540894269943237,-0.267296582460403,0.0234532353111407,0.0188380998512819,0.495494539787372,0.58814468284448,-0.304961127650672,-0.230515825512927
YPL031C,0.439929306507111,-0.358373194932938,0.039668244314434,0.0390402566641457,0.367683628449837,0.524253202478091,-0.434525708457811,-0.280458908363026
YPL030W,0.34215635061264,-0.466379702091217,0.0180623148138645,0.0229052823094546,0.308363547921181,0.379003744820754,-0.510936966429431,-0.421356498886176
YPL028W,5.16817998886108,0.712522625923157,0.317118502380031,0.0266292472319213,4.56580504179001,5.82055282592773,0.659517361567656,0.764964235120333
YPL027W,0.00342138903215528,-2.55090594291687,0.00213462895153026,0.285846645220871,0.000659663457675682,0.00887131472894299,-3.18067759576894,-2.05201314529407
YPL026C,0.151169121265411,-0.821543455123901,0.0102944116880543,0.0295769368638742,0.131687281777461,0.172262563432256,-0.880456168072329,-0.763809098019016
YPL024W,0.0809658393263817,-1.10030233860016,0.0162232432710443,0.086576855081168,0.053214855492115,0.117532254010439,-1.27396711286203,-0.929842935581218
YPL023C,0.365468680858612,-0.437736332416534,0.0189949087892255,0.0225719979228152,0.329564216732979,0.403584897518158,-0.482059949090432,-0.394065093791038
YPL020C,0.106951877474785,-0.971727609634399,0.00695448318730229,0.0282534918825909,0.0935482803732157,0.121023236090938,-1.0289641914547,-0.917131238468576
YPL019C,3.57504487037659,0.552891969680786,0.151778517480341,0.0184428513454523,3.28412599364916,3.88047950267792,0.516419809345119,0.588885393622905
YPL014W,0.0866050869226456,-1.06444275379181,0.00829121006304052,0.0415700987698524,0.0714023187756538,0.103759779470662,-1.14628768437061,-0.983970962021103
YPL011C,0.141150936484337,-0.852037668228149,0.012593438307334,0.0386557306320892,0.118186246976256,0.168044523025552,-0.927433058900775,-0.774575638499247
YPL009C,0.567265927791595,-0.246575564146042,0.0231744940477606,0.0177645639195051,0.522639380395412,0.612496167918046,-0.281797869757456,-0.212896624127065
YPL007C,0.103989027440548,-0.983886122703552,0.00660215084525073,0.0275778319580324,0.0915836714829008,0.117503767584761,-1.03818195030386,-0.929948208165255
YPL006W,0.254997998476028,-0.593864858150482,0.0109838595530947,0.0187079513514802,0.234312129889925,0.276877469321092,-0.630205228884509,-0.557712383390241
YPL005W,0.0236400663852692,-1.62859296798706,0.00240390471843497,0.0441454594631582,0.0191746680997312,0.0286745178668449,-1.71727214478902,-1.54250387924817
YPL004C,3.1899721622467,0.502619385719299,0.234351133085022,0.0318345078340386,2.75984033147494,3.66396892865499,0.440883956248465,0.563951781214653
YPL001W,0.358517527580261,-0.446634620428085,0.0260394744894104,0.0315016083402543,0.310138788074255,0.410573519517978,-0.508443919223389,-0.386609064596556
YPR001W,0.00949181895703077,-2.02877354621887,0.00159066072039466,0.0731990687285655,0.00666727566470702,0.0128728995720545,-2.17605158820997,-1.890323618933
YPR002W,0.0371695086359978,-1.43163561820984,0.00340734634229191,0.0398266291531996,0.0309330725887169,0.044148812474062,-1.5095769394001,-1.35508097763499
YPR005C,0.0158692710101604,-1.81024360656738,0.00353735609370081,0.0974585152518059,0.00979702706293513,0.0237872415532668,-2.00890570882757,-1.6236559173048
YPR007C,0.00131788558792323,-2.90488839149475,0.000440596195653435,0.149517621821423,0.000604450634273235,0.00233753165036129,-3.21863916740963,-2.63124251915418
YPR008W,0.180757343769073,-0.743562042713165,0.00995109462731452,0.0238896505844464,0.16222936163346,0.201221946130196,-0.789870541441633,-0.696324655027655
YPR010C,1.67061030864716,0.222537502646446,0.0658069664982706,0.0171373490423511,1.54240324596564,1.79999062319597,0.188197929233507,0.255270242690998
YPR011C,0.102322481572628,-0.992454409599304,0.0108324772138846,0.0459993551600392,0.0820434542372823,0.124783312529325,-1.0859561089821,-0.903843494148485
YPR018W,0.188022807240486,-0.726451337337494,0.0103846762453822,0.02397359478779,0.168559341256817,0.209600716332595,-0.773247178438608,-0.678607237478787
YPR019W,0.344741702079773,-0.462930023670197,0.0152332516593827,0.0192053115086752,0.31572771097223,0.374775729328394,-0.500687299363587,-0.42622854201788
YPR024W,0.617413222789764,-0.209887698292732,0.0285306469659283,0.0200734270732682,0.564344611267249,0.673467088242372,-0.248455617660706,-0.171683623065405
YPR025C,0.151030316948891,-0.822413384914398,0.0124800227435135,0.0358270550864219,0.128122572973371,0.17752141058445,-0.892374348381797,-0.750749259931606
YPR027C,0.00572463404387236,-2.27873039245605,0.00231950347147868,0.182751743702978,0.00213158758124337,0.0111090599481637,-2.67129681917971,-1.95432286635388
YPR029C,0.319668978452682,-0.495758354663849,0.0146755171852137,0.0199210109476566,0.292022899538279,0.349259234468142,-0.53458309122442,-0.456852102612977
YPR031W,0.0554478093981743,-1.25706958770752,0.00367830848641973,0.0288492628930522,0.0483676567673683,0.0629372005661329,-1.31544495205029,-1.20109257980653
YPR032W,0.174273103475571,-0.75919896364212,0.00773801608420526,0.0192985342387224,0.159405201673508,0.189551792790492,-0.797497510912039,-0.722272103805022
YPR034W,0.470499813556671,-0.328193455934525,0.0277107780604942,0.0255481163796543,0.418640484660864,0.527679574489593,-0.37815877748234,-0.2776297172887
YPR035W,5.96995449066162,0.775048673152924,0.388814449518195,0.0282452746358782,5.25029335419337,6.76271921396255,0.720183569782289,0.830121355904656
YPR036W,3.50909566879272,0.544593811035156,0.185104354394257,0.0228588106507976,3.16505751808484,3.88632450302442,0.500381606410615,0.589539059713901
YPR041W,3.42570900917053,0.533954560756683,0.207904055511714,0.0262825576842303,3.04043656587601,3.85011226932208,0.482935946396403,0.585473390221938
YPR045C,0.343864530324936,-0.464410156011581,0.020859758762203,0.0263589607756267,0.30366325378418,0.386562364300092,-0.517607758770903,-0.412780431631296
YPR048W,0.217205911874771,-0.663791239261627,0.0120171803951552,0.0240179095750639,0.194673761725426,0.24147393827637,-0.710692579069338,-0.617129735166763
YPR054W,0.00109684956260026,-3.0196385383606,0.000571734115781523,0.236830626385239,0.000293846286513144,0.00252386834472418,-3.53187979520198,-2.5979333034101
YPR055W,0.17560850083828,-0.755865514278412,0.00763626766557084,0.0188790365861253,0.161206696803371,0.190858647227287,-0.792616921030005,-0.719288158701419
YPR056W,0.275102943181992,-0.562057137489319,0.0232949966251315,0.0366885644532472,0.231922236333291,0.324765568474929,-0.634657610166137,-0.488430020979059
YPR058W,0.473788678646088,-0.32621106505394,0.0432999294689336,0.0394194329273085,0.395524071653684,0.567712103823821,-0.402827080135581,-0.245871856830347
YPR060C,0.962736129760742,-0.0193577911704779,0.111189517519918,0.0498211473492523,0.763445109128952,1.20293382207553,-0.117222197454909,0.0802417266761108
YPR061C,0.0459019057452679,-1.34299087524414,0.00685454819719285,0.0648528082679345,0.0335675945195059,0.0604795392292241,-1.47407977952495,-1.21839153843071
YPR066W,0.0690079927444458,-1.16513383388519,0.00945138689499829,0.0592260988407531,0.0520894707491001,0.0892793719967206,-1.28325005515932,-1.0492488806824
YPR070W,0.119234912097454,-0.924545288085938,0.0078853363487757,0.0287181507427235,0.104455307126045,0.135499993835886,-0.981069489652049,-0.868060724580641
YPR074C,7.62401628494263,0.881747543811798,0.342354912934973,0.0195146691453888,6.97264339923859,8.29343459606171,0.843397453121951,0.918734424039829
YPR075C,0.391920745372772,-0.407797634601593,0.0265706817126146,0.0293762591829569,0.342760451634725,0.447805267820756,-0.465009295709925,-0.348910802997645
YPR078C,0.00227850489318371,-2.67466616630554,0.000868487872211192,0.170993576815571,0.000931833796979239,0.00428139432721461,-3.03066156735986,-2.36841477564349
YPR079W,0.305081129074097,-0.516863226890564,0.0234156285497447,0.0332994746066508,0.262193681796392,0.351873566955328,-0.581377780166087,-0.453613356608471
YPR081C,0.0824670866131783,-1.08450710773468,0.00497902720464983,0.0261662228907735,0.0733442977070808,0.0924066503842672,-1.13463364556461,-1.03429677220316
YPR083W,0.0470885820686817,-1.32829642295837,0.00352175242454737,0.0324755589719209,0.0404968795987467,0.0544254630804062,-1.39257843916129,-1.26419786706575
YPR084W,0.0629239827394485,-1.20274233818054,0.00533834376679473,0.036795191192269,0.0532437082380056,0.0740959995736678,-1.27373170518084,-1.13020524081266
YPR086W,0.599289774894714,-0.223599016666412,0.0453084966518895,0.03277931337459,0.513733991980553,0.692504355311394,-0.289261698554164,-0.159577490924238
YPR088C,1.48943912982941,0.172470390796661,0.0751161623203904,0.02190856261412,1.34967328210672,1.63882124423981,0.130228649391177,0.21453158512997
YPR089W,0.198900893330574,-0.701814115047455,0.00906888135742952,0.0198285087044995,0.181565643846989,0.216665089130402,-0.740966332485017,-0.66421106015891
YPR091C,0.262183040380478,-0.581911563873291,0.0128077203796991,0.0211795695544578,0.238045838599404,0.288260034968456,-0.623339407722137,-0.540215565039066
YPR093C,0.0689968019723892,-1.16489624977112,0.00907107818811996,0.0569222678636402,0.0531516951198379,0.0880774706602097,-1.27448288044419,-1.05513516558588
YPR097W,0.307996988296509,-0.511812031269073,0.0124882835700132,0.0176306005849066,0.283751374731461,0.332580015063286,-0.547062026145507,-0.478103852100666
YPR103W,2.30168485641479,0.360361963510513,0.203359834932092,0.0382024285627436,1.93197269539038,2.7342161655426,0.286000981829479,0.436832844687207
YPR105C,0.158358365297318,-0.800841748714447,0.00746851505114558,0.0205014842067342,0.144188830132286,0.17302010183533,-0.84106838177939,-0.761903437143549
YPR106W,0.178003385663033,-0.750554978847504,0.0119927202274929,0.029230566285817,0.155729682495197,0.202659192929665,-0.80762860284169,-0.693233691221018
YPR108W,1.6612560749054,0.219725847244263,0.0950563040105448,0.0248539878204546,1.48312434057395,1.85342579980691,0.171177561692815,0.267975203576955
YPR109W,0.106530629098415,-0.975516498088837,0.012551476912426,0.050970951955442,0.084049964385728,0.133272946874301,-1.07546246675539,-0.875257999841177
YPR110C,2.21658778190613,0.344502598047256,0.164038531505345,0.0320199116986392,1.914292866985,2.55744888186455,0.282008380990718,0.407806961525652
YPR111W,0.110420472919941,-0.957732796669006,0.00662985934433019,0.0260837975330723,0.0979823386917512,0.123647119725744,-1.00885219940374,-0.907815996094258
YPR112C,0.699817895889282,-0.155417442321777,0.0301102819717534,0.0187266927327369,0.640928181509177,0.758374402920405,-0.193190632137763,-0.120116333994746
YPR114W,0.411979258060455,-0.386916041374207,0.0375043761536115,0.039435555835315,0.342938723166784,0.489369727422794,-0.464783474181033,-0.31036289976857
YPR115W,0.082741767168045,-1.08285593986511,0.00428618245719138,0.0224743613784453,0.0747015389303366,0.0914613799502452,-1.1266704537391,-1.03876225123942
YPR118W,1.11056792736053,0.0446771122515202,0.0702791035336257,0.0274921185371193,0.978515863418579,1.2533438295126,-0.00943212929130627,0.0980702258227743
YPR119W,0.370336174964905,-0.432149708271027,0.0217018600170997,0.0254514589004427,0.329659867038329,0.414784580469131,-0.48193392103123,-0.382177396790328
YPR120C,0.162427842617035,-0.790511250495911,0.0119470173518181,0.031941389377646,0.140542394295335,0.186747014522552,-0.852192652609509,-0.728746332413475
YPR121W,0.000449372251750901,-3.43342804908752,0.000280048146714524,0.287637652739304,8.54967000122997e-05,0.0011728987301467,-4.06805117547999,-2.9307394840575
YPR122W,0.0938567072153091,-1.02800941467285,0.00438149803543745,0.0202993665989621,0.0853481770803531,0.102300298772752,-1.06880575047222,-0.990123100116456
YPR125W,0.384476214647293,-0.415942221879959,0.0234837944067812,0.0265412655095136,0.339670306444168,0.431667948514223,-0.468942417162339,-0.364850196743154
YPR127W,0.238280639052391,-0.624427855014801,0.0199616558011963,0.0362430064981905,0.202107674752673,0.280141836156448,-0.694417194685881,-0.552622030736478
YPR128C,0.360305547714233,-0.444831997156143,0.0300876140334142,0.0361509970064299,0.305532760421435,0.424057777971029,-0.514942216778696,-0.372574967007562
YPR129W,1.3315681219101,0.1232590675354,0.0950852122991819,0.0309792107481917,1.15563695629438,1.52492868900299,0.0628214210042515,0.183249535029283
YPR133C,0.790165364742279,-0.103215269744396,0.0518483705745173,0.0284552657539282,0.695589416722457,0.897265242536863,-0.157647039811635,-0.0470791552624629
YPR134W,0.0665213391184807,-1.18290674686432,0.0109624400973748,0.0715401486615007,0.0473124948640664,0.0904922154421608,-1.325024150387,-1.04338878174894
YPR135W,0.281222254037857,-0.551416575908661,0.0130318523015937,0.0201483014552093,0.255793243398269,0.307258221010367,-0.59211093142221,-0.512496489177447
YPR139C,0.319794565439224,-0.497142821550369,0.0308459732675713,0.0417968481500486,0.264523821820815,0.384735924005508,-0.577535211281978,-0.414837260599409
YPR141C,0.124875023961067,-0.904176652431488,0.00683610593426485,0.0237785291743655,0.111925836652517,0.13853250220418,-0.951069650779577,-0.858448321424747
YPR143W,0.864210069179535,-0.0665238350629807,0.104701260829487,0.0521771542100818,0.679721016685168,1.09425757328669,-0.167669306860667,0.0391195377161461
YPR144C,0.375126540660858,-0.426508694887161,0.021039337437321,0.0243726880439715,0.334836495916049,0.41705447435379,-0.475167212168656,-0.379807215131452
YPR147C,0.410093009471893,-0.388918161392212,0.0374801769612987,0.0395032441007249,0.342557812482119,0.490107452869415,-0.465266124391409,-0.309708693788707
YPR148C,0.76884526014328,-0.114999584853649,0.0478867357761058,0.0270217225150784,0.678415744006634,0.867523729801178,-0.16850408244177,-0.0617186369050907
YPR157W,0.0154259884729981,-1.81633377075195,0.00224187514063617,0.0632953514764683,0.0113567538248996,0.0201686698477715,-1.9447457882982,-1.69532274603412
YPR158W,0.294999301433563,-0.534210979938507,0.0404897495344897,0.0591324146075677,0.224351183697581,0.382063603152831,-0.649071641917581,-0.417864337891235
YPR160W,0.273024797439575,-0.564282059669495,0.0128989609493549,0.0205131414562889,0.248536736518145,0.299213339636723,-0.604609409087948,-0.524019048531317
YPR162C,0.142368257045746,-0.847528040409088,0.00938083892466504,0.0286277879877047,0.124675489962101,0.161690355092287,-0.904218916372734,-0.791315885248402
YPR163C,6.70736932754517,0.825799822807312,0.395186456179684,0.0255417908850372,5.97148917516073,7.51710869073868,0.776082649143349,0.876050818757935
YPR167C,0.105835594236851,-0.979667663574219,0.0149646105518483,0.0611495148294695,0.079337706292669,0.138148368895054,-1.1005203600531,-0.859654243465669
YPR169W,0.384862631559372,-0.415403753519058,0.021980107553986,0.0248345768966973,0.342478345831235,0.428800356636445,-0.465366887612661,-0.367744862109413
YPR171W,0.191689059138298,-0.718219220638275,0.0117610964741519,0.0266506206835207,0.169461106757323,0.215487999965747,-0.770929962072548,-0.66657690977401
YPR173C,0.500872492790222,-0.301200062036514,0.032843222242624,0.0283427581136455,0.440354379514853,0.571720242500305,-0.356197686407798,-0.242816430751359
YPR178W,0.132705867290497,-0.878211498260498,0.00948474325806175,0.0309219426235792,0.115202501105766,0.152315318584442,-0.938538092307054,-0.817256416807473
YPR179C,0.125037431716919,-0.903760135173798,0.00760320866497306,0.0263694556903121,0.110771381855011,0.140702750657996,-0.955572426516586,-0.851697413588964
YPR180W,0.376288861036301,-0.425943940877914,0.0309882912087602,0.0356574394420939,0.319520963480075,0.440532486389081,-0.495500642912007,-0.356022059916151
YPR181C,2.2343316078186,0.348724693059921,0.09892950662902,0.0192158565921231,2.04594451387723,2.43382097482681,0.310893851245302,0.386288629323012
YPR183W,2.92704820632935,0.464231550693512,0.295394291727614,0.0436868297761866,2.3895659605662,3.5559707403183,0.378319019159466,0.55095817869416
YPR185W,0.101325839757919,-0.995027840137482,0.0059495826570443,0.0255178122431238,0.0899242866784334,0.113356178936859,-1.04612299853321,-0.945554810304371
YPR186C,0.109720848500729,-0.961101651191711,0.00878447215755379,0.0347993787977894,0.0932839214801788,0.1278692578276,-1.03019320528012,-0.893233855536556
YPR189W,0.436195313930511,-0.360636919736862,0.0167093982121349,0.0166380888907521,0.403904961794615,0.469348251819611,-0.393720811846289,-0.328504795410803
YPR190C,0.329563021659851,-0.482624351978302,0.0167996668990408,0.0221254677596795,0.297494888305664,0.363460867851973,-0.526520492119349,-0.439542340934789
YPR192W,0.00766170211136341,-2.13423919677734,0.00224355151348245,0.128482809486116,0.00396763952837015,0.0127883534956103,-2.40146788341927,-1.8931853727587
YPR198W,0.219314411282539,-0.659630119800568,0.0124521523912352,0.0246130451898042,0.19608887967964,0.245031963288784,-0.707547035457246,-0.610777260454256
YPR201W,0.024087768048048,-1.62165474891663,0.00304645196296356,0.0548296872371913,0.018575976897652,0.0305536744960894,-1.73104833775137,-1.51493655322266
