GeneID,Mean,Mean.log10,Std.Dev,log10.Std.Dev,0.025,0.975,log10.0.025,log10.0.975
YAL067C,0.0044621778652072,-2.36112451553345,0.000988643339336534,0.0968016904659927,0.0027830305043608,0.0066064833663404,-2.55548203340618,-2.18002965413013
YAL061W,0.202689066529274,-0.697282254695892,0.0276041067620593,0.0601322935290627,0.153980932260553,0.251339183499416,-0.812533057716031,-0.599739869549518
YAL060W,1.36631810665131,0.131569474935532,0.182811083339843,0.0592364173863835,1.04475826323032,1.68310248951117,0.0190158147416188,0.226110562158625
YAL058W,0.146147400140762,-0.839050889015198,0.0192044295225502,0.0581767762631247,0.112625641065339,0.178160272290309,-0.94836272488957,-0.749189148880285
YAL053W,0.386227965354919,-0.416466653347015,0.0470091544134593,0.0540256190152597,0.305677769581477,0.459014085431894,-0.514736144548588,-0.33817399749768
YAL049C,0.568905353546143,-0.250353515148163,0.089464048693136,0.0686889944013766,0.412581602980693,0.747119911015033,-0.384490141128007,-0.126609700919814
YAL048C,0.0793845802545547,-1.10402715206146,0.0103322453918332,0.0575340123236057,0.0616297735832632,0.0967106978719433,-1.2102094277913,-1.01452548314892
YAL047C,0.066939651966095,-1.17830312252045,0.00895837978072437,0.0592341395992028,0.051074030653884,0.0824928727000952,-1.29179988607734,-1.08358357632228
YAL043C,0.22535628080368,-0.65053778886795,0.0278520700193125,0.0548276574042051,0.177347541227937,0.269913645337025,-0.751174828591829,-0.568775159864357
YAL039C,0.247763693332672,-0.611180901527405,0.0382781907605992,0.0675647084197661,0.182184883952141,0.323751906802257,-0.739487664087467,-0.489787682414042
YAL038W,49.6746025085449,1.69263124465942,6.22351259899297,0.0555523684524165,38.918666712443,59.6861294428507,1.59015794250277,1.7758734163247
YAL037W,0.0118225933983922,-1.94743549823761,0.00361552498538391,0.133545891236966,0.00593696774061148,0.0202048197388649,-2.22643531087338,-1.69454501984472
YAL036C,1.34843456745148,0.126007780432701,0.17704359945806,0.0579806136416227,1.0410760641098,1.66174244880676,0.0174824615147046,0.220563713954976
YAL035W,2.93322110176086,0.464077353477478,0.35421149119784,0.0537154239167976,2.33320078055064,3.43818044662476,0.367952113039343,0.536328665764096
YAL034C,0.0226411111652851,-1.65124022960663,0.00379954511711111,0.0732746878677021,0.0159408807133635,0.0305346231907606,-1.79748769905112,-1.51520743499948
YAL032C,0.128885924816132,-0.894099712371826,0.0179882404495713,0.0615017489396857,0.0973106782883406,0.161883520831664,-1.01183950032428,-0.790797460129226
YAL031C,0.0839691832661629,-1.07943439483643,0.0106129858721438,0.0559367685762994,0.0655591086174051,0.101557197235525,-1.1833669602223,-0.993289293470676
YAL028W,0.023575296625495,-1.63264524936676,0.00357964128719717,0.0670290416018066,0.0171516834913443,0.0305617973208427,-1.76569356560257,-1.51482110874911
YAL027W,0.0994686186313629,-1.00909173488617,0.0176042091698999,0.0769074000383424,0.0696501058836778,0.136081476757924,-1.15707882559219,-0.866200986434949
YAL026C,0.248395562171936,-0.608125567436218,0.0299879231023477,0.0537285125761819,0.196969329069058,0.290931957463423,-0.705601396845024,-0.536208571023802
YAL025C,0.940309882164001,-0.0310306008905172,0.131097321035422,0.0614980955761874,0.709308624267578,1.18122791250547,-0.149164759665004,0.0723336847182802
YAL023C,1.64374554157257,0.21251767873764,0.20051621559738,0.0540533465494641,1.30240917205811,1.9527053385973,0.114747445809813,0.290636709328934
YAL022C,0.235522612929344,-0.631684601306915,0.0304312170682409,0.0572446583756956,0.182188863307238,0.286718272914489,-0.739478173959858,-0.542544629647392
YAL021C,0.487035632133484,-0.315876066684723,0.0603204461777926,0.0550946233774016,0.381600259492795,0.57805181145668,-0.418391354234666,-0.238033233870993
YAL020C,0.0941826775670052,-1.03148877620697,0.0148806758908857,0.0691856851675721,0.0683362497637669,0.124632346443832,-1.16534885920765,-0.904369230985798
YAL019W,0.281827360391617,-0.55327957868576,0.0340589690538316,0.0536605989210624,0.223445239538948,0.331983501215776,-0.650828893988846,-0.478883499167416
YAL018C,0.0014612638624385,-2.9154372215271,0.000883351228114885,0.275742286004447,0.000312655965050605,0.00366188502909305,-3.5049336452475,-2.43629534619462
YAL015C,0.0926195830106735,-1.03801143169403,0.0135822953708869,0.0642253144243532,0.0690764840692282,0.119211255324384,-1.16066977576473,-0.923682738967477
YAL014C,0.206385225057602,-0.692475616931915,0.0374352816202492,0.0791658975800166,0.141321524977684,0.283614537368218,-0.849791684810502,-0.547271512350765
YAL013W,0.281270921230316,-0.554872930049896,0.0377289874859023,0.0593127325714665,0.214419290423393,0.348728952308496,-0.668736145529794,-0.4575119967069
YAL012W,7.66193580627441,0.880650699138641,0.988065884611558,0.0569256443277779,5.92682177225749,9.41014790534973,0.77282185690544,0.973596449562664
YAL010C,0.0755823403596878,-1.12582230567932,0.0104423089136942,0.0611107415433222,0.0567383095622063,0.093955512282749,-1.24612360753809,-1.02707774221809
YAL009W,0.131758093833923,-0.887523651123047,0.0242576032224863,0.0797455586675425,0.090627136019369,0.184635932495197,-1.04274174598607,-0.733683783563379
YAL001C,0.15809391438961,-0.804519057273865,0.019601870060975,0.0550415338552956,0.12426657260706,0.187669440979759,-0.905645680954357,-0.726606443737856
YAR002W,0.557160615921021,-0.257588416337967,0.0704571077991756,0.0560966132211604,0.434567812333504,0.669599166512489,-0.361942444252532,-0.17418509570106
YAR007C,0.783141434192657,-0.109629772603512,0.0975486162217546,0.0553224037518843,0.613828559716543,0.937336745361487,-0.211952909431391,-0.0281043588936747
YAR008W,0.154549911618233,-0.816479027271271,0.02463618324524,0.0696828184030678,0.111908566579223,0.203729359184702,-0.951136667894059,-0.690946381914973
YAR015W,1.7758731842041,0.245075419545174,0.248499937128965,0.0617719769325077,1.3373038927714,2.22694867054621,0.126230108766451,0.347710206527974
YAR018C,0.087889663875103,-1.06057572364807,0.0125204140798959,0.0630930207176345,0.0652942259485523,0.110593863700827,-1.18512522993705,-0.956268978570876
YAR042W,0.231820002198219,-0.638164639472961,0.0282496926302957,0.0540567665353615,0.184440463781357,0.27395145346721,-0.7341437944041,-0.562326391567298
YBL106C,0.0619496330618858,-1.21162259578705,0.00793173812791252,0.0568210179125027,0.0479993149638176,0.0748330888027946,-1.31876496074018,-1.12590632872466
YBL105C,0.205243557691574,-0.69110494852066,0.0252015439263773,0.05456342416103,0.161922577892741,0.242783781265219,-0.790692603517171,-0.614780329017648
YBL103C,0.169059678912163,-0.775960266590118,0.0226897885515406,0.0593168659525251,0.12937076985836,0.207818507403135,-0.888163838660576,-0.68231582995958
YBL101C,0.130221337080002,-0.888758182525635,0.0161639603263687,0.0550680860711175,0.102528735995293,0.155624984577298,-0.989154396704428,-0.807920678627276
YBL098W,0.278266847133636,-0.559481084346771,0.0369932890605157,0.0589757013733061,0.212949018925428,0.341911316663027,-0.671724386681792,-0.466086558766328
YBL097W,0.141967609524727,-0.851436913013458,0.0180587816903189,0.0566129637457735,0.110169279016554,0.170148447155952,-0.957939501195438,-0.76917201009846
YBL095W,0.0442176833748817,-1.36311495304108,0.00884909994157779,0.0874180406721591,0.0289805805776268,0.0630452412491043,-1.53789291858502,-1.20034774329044
YBL091C,1.02629542350769,0.00749926455318928,0.13356524910773,0.0576632041148874,0.787975668907166,1.25245410104593,-0.103487192437471,0.0977618187560608
YBL086C,0.137883603572845,-0.86448723077774,0.0185058690312645,0.0593460073395791,0.10491743683815,0.170662718638778,-0.979152327885773,-0.767861342938041
YBL085W,0.226333156228065,-0.648584187030792,0.027621252219102,0.0542216018475031,0.178748977308472,0.26780825133125,-0.747756435405851,-0.572176048737227
YBL084C,0.0635097771883011,-1.20103549957275,0.00838223239527626,0.0584473609126819,0.048650122868518,0.0778333454703291,-1.3129160736947,-1.10883431488326
YBL081W,0.14049169421196,-0.857081651687622,0.0205107371765205,0.0645906974198525,0.103777502415081,0.178450580313802,-0.983896788255966,-0.748482050384315
YBL080C,0.054970771074295,-1.26417672634125,0.00767365634073123,0.0615107243133451,0.0415635030406217,0.0689574996009469,-1.38128785867796,-1.16141851932554
YBL079W,0.272728651762009,-0.567493617534637,0.0327250532332474,0.0533557592370515,0.216626370077332,0.319421654939651,-0.66428874742326,-0.495635644752909
YBL076C,3.5717453956604,0.54969322681427,0.42590660909584,0.0530565320257307,2.84297405083974,4.18489919900894,0.453772895660831,0.621685001576282
YBL069W,0.377199023962021,-0.427327781915665,0.0499282640822193,0.0586129335947986,0.289701202263435,0.464108776052793,-0.538049703203353,-0.333380230360604
YBL068W,0.707357823848724,-0.154701724648476,0.0990652810422379,0.0617747623050189,0.536818001667658,0.891802660624186,-0.270172928996615,-0.0497312363012034
YBL064C,0.661354422569275,-0.184918165206909,0.10317331522477,0.068557397946413,0.480181957284609,0.864571984608968,-0.318594162580573,-0.0631988466304419
YBL063W,0.0741987302899361,-1.13314163684845,0.00934334425033768,0.055803027192936,0.058270984950165,0.0891956251114607,-1.23454765103407,-1.04965645351315
YBL061C,0.279001414775848,-0.557857990264893,0.0347367631661384,0.0552686188757516,0.219559109335144,0.333178598433733,-0.658448539672912,-0.477322903097244
YBL060W,0.0721474662423134,-1.14556002616882,0.00941551365490574,0.0576595457809795,0.0556146129965782,0.0882291936626037,-1.25481108054134,-1.05438768988409
YBL058W,1.35424864292145,0.128003314137459,0.174230859104712,0.0571070368388597,1.04087286988894,1.64078998565674,0.0173976413264616,0.21505299670984
YBL056W,0.906048655509949,-0.0465527772903442,0.116763942917467,0.0571501113792479,0.701660071313381,1.095721372962,-0.15387324148567,0.039700131824919
YBL054W,0.211231097579002,-0.67894846200943,0.02725658723132,0.0571397420600079,0.163338587681452,0.256518051028252,-0.786911205337912,-0.590882068444377
YBL052C,0.0375950746238232,-1.42887115478516,0.00503575999247471,0.059453180722876,0.0284568462210397,0.0463328693372508,-1.54581323317955,-1.33411080913787
YBL051C,0.596889495849609,-0.227520063519478,0.0738239201352413,0.054863794602097,0.471908658742905,0.712056059638659,-0.326142053998936,-0.147485814173867
YBL050W,1.01284897327423,0.00109340879134834,0.143805349878885,0.0625407413969738,0.758127913375696,1.2851183583339,-0.120257804546802,0.108943098691957
YBL047C,1.10894322395325,0.0417101383209229,0.132575398463737,0.0531323458522491,0.887666257222493,1.29654972851276,-0.05175028891169,0.112789178569285
YBL046W,0.192198678851128,-0.720167756080627,0.0255106817938476,0.0587377209969954,0.147034811104337,0.236451224982738,-0.832579832054335,-0.62625843239973
YBL043W,0.0070680296048522,-2.18658018112183,0.00288796628583334,0.179767072722347,0.00277095493123246,0.0138669532025233,-2.55737054264793,-1.85801896763071
YBL042C,0.367853134870529,-0.437646836042404,0.0449180756911071,0.0540819531926136,0.290998699764411,0.440279236187537,-0.53610895156028,-0.356271797582562
YBL039C,2.52629113197327,0.39908429980278,0.311788607540074,0.0547428489632574,1.98932946125666,3.0109957476457,0.298706711779256,0.478710142002665
YBL038W,0.312408924102783,-0.51233446598053,0.0566113351035858,0.0783728274847767,0.216874167323112,0.431711910416682,-0.663792175312529,-0.364805984287636
YBL037W,0.150477215647697,-0.82591837644577,0.0185293829745418,0.0546691727582321,0.11913677683721,0.179132505382101,-0.923954158202048,-0.746825603066959
YBL036C,1.23518168926239,0.0868192836642265,0.184601604493469,0.0656536631487621,0.909225775301456,1.60446166992188,-0.0413282670320495,0.205329346398641
YBL035C,0.215783223509789,-0.66951447725296,0.0271426537754168,0.0557979971792331,0.168807249764601,0.25874766856432,-0.772608936845674,-0.587123564842027
YBL034C,0.108990222215652,-0.965879201889038,0.0131743606271712,0.0536720395120379,0.0866895123074452,0.128199037661155,-1.06203344485659,-0.892115238636738
YBL033C,0.394733399152756,-0.407913476228714,0.0545674351402605,0.0608365106970812,0.297982404381037,0.494501257439454,-0.525809380390633,-0.305832599723051
YBL031W,0.0593793168663979,-1.23201858997345,0.00955321948606837,0.0703460130033069,0.0429792422490815,0.0785541624451677,-1.36674124802582,-1.10483080162418
YBL030C,4.47052383422852,0.646219789981842,0.609973271440976,0.0603786118545803,3.38325316508611,5.56553841431935,0.529334495434824,0.745507156154835
YBL029W,0.0269988123327494,-1.57523906230927,0.00469407721300598,0.0758872552890929,0.0188337464351207,0.036982245153437,-1.72506329227798,-1.43200679606056
YBL024W,1.38242411613464,0.137207806110382,0.171299181153219,0.055042616747691,1.0871677060922,1.64938698013624,0.0362965398484761,0.217322560477978
YBL023C,0.28672593832016,-0.545941293239594,0.0353884972949564,0.0548309866305735,0.225599786515037,0.340971678495407,-0.646661315814019,-0.467281692514748
YBL022C,0.643012225627899,-0.195086687803268,0.0781553835199257,0.0540090696408425,0.51214273472627,0.754999694724878,-0.290608996590941,-0.122053224573512
YBL016W,0.326381236314774,-0.490491539239883,0.0451138323820317,0.0608490012427307,0.2468343368421,0.410617867608865,-0.607594506156103,-0.386562160020579
YBL015W,0.258338570594788,-0.591294586658478,0.0322776068678215,0.0554224656483323,0.201452736184001,0.311485928545395,-0.695826833794341,-0.506561573435459
YBL014C,0.0424990281462669,-1.37537002563477,0.00551201166528312,0.0574723905446891,0.0328735262155533,0.0515817888081074,-1.48315370833641,-1.2875036010112
YBL013W,0.0524855777621269,-1.28507399559021,0.00797319684571263,0.0671019089357078,0.0384528115391731,0.0676794946193695,-1.41507190056194,-1.16954289294833
YBL011W,0.256646454334259,-0.59403395652771,0.0315166455820166,0.05449526925072,0.202644099419316,0.304650335758924,-0.693266042891255,-0.51619834278311
YBL010C,0.123268894851208,-0.914688408374786,0.0195738372821707,0.0697421411800647,0.0892366432274381,0.161939537525177,-1.04945677473434,-0.790647117721831
YBL009W,0.178941950201988,-0.750743508338928,0.0222910619670226,0.0551530424035019,0.140564449504018,0.214992568021019,-0.852124508274022,-0.667576553065854
YBL008W,0.111643247306347,-0.955733299255371,0.0141216929280251,0.0560431289053703,0.0872463651001453,0.134621503700813,-1.05925267871738,-0.870885567108179
YBL007C,1.0598281621933,0.0219889860600233,0.127520941984904,0.0535371330818958,0.843341625730197,1.23786445260048,-0.0739964632043812,0.0926730902628519
YBL004W,0.384945631027222,-0.417791783809662,0.0458756730258631,0.0531096286308885,0.306844610969226,0.445574783782164,-0.513081500662316,-0.351079403122847
YBR002C,0.255736410617828,-0.597317695617676,0.0390395693231754,0.0669144440688496,0.187562867999077,0.331153218448162,-0.726853135142773,-0.479971022702236
YBR003W,0.204496666789055,-0.692995607852936,0.0263148269158181,0.0569112576858499,0.157574292644858,0.249441393464804,-0.802514641362906,-0.603031476210398
YBR004C,0.128460869193077,-0.895337104797363,0.0174798736257849,0.0601322567453037,0.0969521174828211,0.160750090827545,-1.01344270586905,-0.793848773472882
YBR006W,0.152811586856842,-0.819611251354218,0.0199067570904898,0.0575984564738859,0.118008746517201,0.187292439738909,-0.92808580297479,-0.72747975304513
YBR008C,0.00145352096296847,-2.86865186691284,0.000553496446685126,0.166913192312881,0.000606781159876846,0.00273000169545412,-3.21696817344209,-2.56383708324271
YBR011C,11.3070764541626,1.04893529415131,1.5991758101326,0.0622590120302674,8.49767398834229,14.2736302852631,0.929300065447319,1.15453444347082
YBR015C,0.897551953792572,-0.0504617653787136,0.1125913527247,0.0557500505515316,0.698602803051472,1.07306158542633,-0.15576967747685,0.0306246478217699
YBR017C,0.585995256900787,-0.235366091132164,0.0707552763617175,0.0536134333339125,0.465345862756173,0.689636175831159,-0.332224142943887,-0.161379965288414
YBR018C,0.00145908212289214,-2.89532136917114,0.000767626336019999,0.234314672335376,0.000412398914098352,0.00339427274302579,-3.38468283093375,-2.469253296846
YBR020W,0.000606729183346033,-3.28674340248108,0.000342431750047271,0.256287006287945,0.000139518479287896,0.00146019945871861,-3.85536843944524,-2.83558781758145
YBR021W,0.0750143006443977,-1.12860298156738,0.00972143247147303,0.0574816953377179,0.0576164200901985,0.0913032030065854,-1.23945372945325,-1.03951398761947
YBR023C,0.293460816144943,-0.535782933235168,0.0358190298708802,0.0542446646163894,0.231833323836327,0.346676511565844,-0.634824138182385,-0.460075585753861
YBR024W,0.120024256408215,-0.926009833812714,0.0186150581991712,0.0680117145209902,0.0872120421379805,0.156698023155332,-1.05942355747562,-0.804936488778241
YBR025C,6.48507452011108,0.80801260471344,0.85894636388398,0.0585962096333828,4.97215603590012,7.96241026322047,0.696544741720449,0.901044541444761
YBR026C,0.625826299190521,-0.207507863640785,0.0835566356970398,0.0590665576313027,0.477706491947174,0.774053244789441,-0.320838856690947,-0.111229175839034
YBR028C,0.178827300667763,-0.751436710357666,0.0236197626717602,0.0583478795677019,0.138346088429292,0.220196702579657,-0.859033117385003,-0.657189195870754
YBR029C,0.51921808719635,-0.288339555263519,0.0668780034941616,0.0569845989403065,0.400861352682114,0.633894961575667,-0.39700581236002,-0.197982729447211
YBR030W,0.0951624661684036,-1.02545142173767,0.0126437840193067,0.0586946711052649,0.0730225800226132,0.117219712709387,-1.13654283732607,-0.930999347485692
YBR035C,1.2665878534317,0.0959006175398827,0.222597842335655,0.0767986722718397,0.877477885286013,1.73246361116568,-0.0567639343477609,0.238663956404792
YBR036C,0.779082834720612,-0.11220894753933,0.101858208309502,0.0577644390013343,0.59954872528712,0.954749130705992,-0.22217553351494,-0.0201107336706261
YBR038W,0.45126011967659,-0.348854720592499,0.0546345070827458,0.0538261153983767,0.357256404310465,0.531309545040131,-0.447020000257496,-0.274652381867372
YBR039W,1.68594431877136,0.222539618611336,0.235174967569009,0.0615058525627893,1.27130591869354,2.12365611791611,0.104250068897124,0.327084192722403
YBR040W,0.00636991811916232,-2.22303199768066,0.0022616816196303,0.155546559937492,0.00288913763555077,0.0116761969402432,-2.53923222701503,-1.93269858845795
YBR041W,0.354342877864838,-0.454059422016144,0.0442474864073049,0.0554178947548531,0.277399420489868,0.424610063682,-0.55689445630741,-0.372009726262648
YBR042C,0.236133247613907,-0.630985915660858,0.0322795399957719,0.0603893850533586,0.178784513473511,0.294170083850622,-0.747670178848365,-0.531401496573509
YBR043C,0.0403481274843216,-1.39827120304108,0.00548822309883838,0.0599891874075132,0.0307117389359822,0.0502594493950407,-1.51269563427155,-1.29878227352791
YBR049C,0.704050600528717,-0.155713483691216,0.0858404060796691,0.0540688015284782,0.557213978966077,0.834956320623557,-0.253978012165998,-0.0783362433402849
YBR053C,0.728788673877716,-0.141718715429306,0.101623008199706,0.0616947600512764,0.549628455440203,0.910734543204307,-0.259930792200395,-0.0406082140318964
YBR055C,0.113725706934929,-0.947650969028473,0.0142476042241773,0.0556454606512507,0.0888926088809967,0.136294958616296,-1.05113434764218,-0.86552020965521
YBR056W,0.42340874671936,-0.376940339803696,0.0545443274295908,0.0571158324875183,0.326952397823334,0.513450393080711,-0.485515473234314,-0.289501509769514
YBR057C,0.19635833799839,-0.711281180381775,0.0274630947879999,0.0616924164069228,0.148683741688728,0.246914909531673,-0.827736518235979,-0.607452875562174
YBR058C,0.371420562267303,-0.433492481708527,0.0455311782757149,0.0544223851913263,0.292227774858475,0.441041912386815,-0.534278508817489,-0.355520138302528
YBR059C,0.382812470197678,-0.420378029346466,0.0469023853018106,0.0544975848926004,0.302452429880699,0.451776110132535,-0.519342922084326,-0.345076738344341
YBR061C,0.378449022769928,-0.426553308963776,0.054424002332424,0.0632953992966818,0.283625638484955,0.481801628073057,-0.547254655338729,-0.317131736795592
YBR063C,0.00222942628897727,-2.68582677841187,0.000877385651271937,0.175425205984657,0.000893243747608115,0.00424197595566511,-3.04903007872984,-2.37243179747706
YBR065C,0.112841099500656,-0.952393531799316,0.0167487158238577,0.0653634625822596,0.0830489480867982,0.14498702387015,-1.08066598819305,-0.838670864867589
YBR068C,1.21665346622467,0.0817054286599159,0.151656944059116,0.0552181423087163,0.955358130733172,1.45735330979029,-0.0198337960195603,0.163564850261347
YBR069C,1.04115962982178,0.0140347061678767,0.130059043813609,0.0554101574063763,0.816893811523914,1.25009948015213,-0.0878343948114228,0.0969445730410482
YBR070C,0.19323194026947,-0.721426784992218,0.0359169627936063,0.0810763347398308,0.130484490096569,0.269793862352769,-0.884441289246377,-0.56896793455871
YBR074W,0.357489973306656,-0.450099855661392,0.0438384478655346,0.0544862236327976,0.283211261034012,0.422421585271756,-0.547889482240388,-0.37425389911721
YBR076W,0.00315310317091644,-2.53387832641602,0.00122951030353019,0.170864227140556,0.00128962359449361,0.00608055436362823,-2.88953740026702,-2.21605684647689
YBR078W,10.5544939041138,1.01981735229492,1.34467000295225,0.0564739904348332,8.19501695632935,12.8155288696289,0.913549854038345,1.10773653329998
YBR079C,1.99831640720367,0.297411143779755,0.240824764795287,0.0535914001213816,1.58768398960431,2.34437030951182,0.200764064276324,0.370026211244048
YBR080C,0.880517065525055,-0.058591715991497,0.107439490521218,0.0541927230654074,0.695737332602342,1.04189006884893,-0.157554704003158,0.0178218947446743
YBR081C,0.142207354307175,-0.850425183773041,0.0173792365901905,0.0543856036463633,0.1120350882411,0.167658635601401,-0.950645939446344,-0.775574073433676
YBR083W,0.328006058931351,-0.487873136997223,0.0425885910001957,0.0575257197614695,0.253734187781811,0.39995825390021,-0.595621056884016,-0.39798533665175
YBR084W,1.19841814041138,0.0752892717719078,0.145879833153627,0.054126977029449,0.950860167046388,1.40929149587949,-0.0218833463355192,0.149000830816885
YBR085W,0.157040253281593,-0.809051215648651,0.0238410766473558,0.06663956746406,0.114896981666485,0.203925538559755,-0.939691380069028,-0.690528500333967
YBR086C,0.613331913948059,-0.215592533349991,0.0743698539476267,0.0538589821431258,0.485251903533936,0.724971115589142,-0.314032752296812,-0.139679298827092
YBR088C,1.53825926780701,0.18184220790863,0.236870883299452,0.0673799099504356,1.12731389800707,2.0090592622757,0.0520448500151596,0.302992739948768
YBR094W,0.250134825706482,-0.605251967906952,0.0310029137331046,0.0549588115039651,0.196514277160168,0.298660457134247,-0.706605899920948,-0.524822274500728
YBR095C,0.143472716212273,-0.847391426563263,0.0196556910275586,0.0604872987265233,0.108259853782753,0.178915983065963,-0.965532594467274,-0.747350872972789
YBR096W,0.928723514080048,-0.0388722456991673,0.163583789374646,0.0769412572539431,0.642940687139829,1.26655414203803,-0.19182918156152,0.102623181556012
YBR097W,0.0695965588092804,-1.16086423397064,0.00864002446322399,0.0552308031887227,0.0545946117800971,0.082673979178071,-1.26285021947367,-1.08263115987647
YBR098W,0.0458602756261826,-1.34252023696899,0.00611370458114075,0.0590477087091226,0.034897399165978,0.056475421693176,-1.4572069402128,-1.24814053408716
YBR102C,0.218347951769829,-0.66431450843811,0.027194232745887,0.0552630725652161,0.171959459781647,0.261243562151988,-0.764573927908476,-0.582954403334097
YBR103W,0.166117921471596,-0.783374786376953,0.0217267997471381,0.0577322469733368,0.128864147762458,0.203284789994359,-0.889867894087832,-0.691895115618093
YBR104W,0.302692264318466,-0.523261547088623,0.0419918922480472,0.0612466029610649,0.22780038168033,0.380342291047176,-0.642445554500429,-0.419825383167436
YBR105C,0.141463458538055,-0.853801667690277,0.0200808504774413,0.0624861347942028,0.105752101851006,0.17908105875055,-0.975711026021107,-0.746950362452911
YBR107C,0.047551766037941,-1.3349107503891,0.0112851099004748,0.102779895792687,0.0287399254428844,0.072364685498178,-1.54151436284739,-1.14047332410572
YBR108W,0.144391804933548,-0.843952059745789,0.0180611884791719,0.055531777501083,0.112703516893089,0.172341844687859,-0.948062532261099,-0.763609262953839
YBR110W,0.272600382566452,-0.568301796913147,0.0358090490574613,0.0580337927819186,0.210218876600266,0.334812895705302,-0.677328289091546,-0.475197828635891
YBR114W,0.0527979806065559,-1.28115856647491,0.0068737177057679,0.0577053591556262,0.0406431805963318,0.0643135456368327,-1.39101231421558,-1.19169770653949
YBR115C,0.824044406414032,-0.0872505381703377,0.0985018880994158,0.0531535750211654,0.6570391908288,0.961902022361755,-0.182408736974489,-0.0168691621770085
YBR117C,0.00482747703790665,-2.32585453987122,0.00101888848559522,0.0914402588723386,0.0031058906208879,0.00712925016026323,-2.50781391724139,-2.14695615717536
YBR119W,0.174719288945198,-0.762888789176941,0.0268930573101102,0.067823218194082,0.126616260906061,0.226299790168802,-0.897510515876482,-0.645315850143123
YBR121C,4.16043424606323,0.61576384305954,0.511204993078684,0.054547027283901,3.28276445468267,4.94832538763682,0.516239689926559,0.694458237670798
YBR125C,0.241833597421646,-0.620668947696686,0.0332462962768198,0.0606708276867272,0.182713568210602,0.302475358297427,-0.738229200976977,-0.519310000908099
YBR126C,1.99475586414337,0.296433717012405,0.248318178384638,0.0552005416879496,1.56050739387671,2.39870801766713,0.193265830728279,0.379977386733015
YBR127C,5.74918222427368,0.756198465824127,0.709833230728509,0.0548036737817283,4.49847356478373,6.89046691258748,0.653065172697108,0.838248650149207
YBR128C,0.0199517160654068,-1.70862913131714,0.00395486197867047,0.0870887308505177,0.0129361130219574,0.0284785881017645,-1.88819622275055,-1.54548154588967
YBR129C,0.160651788115501,-0.798763632774353,0.0233294834102679,0.0638977565286014,0.11918402488033,0.204489784191052,-0.923781969286339,-0.68932838415857
YBR130C,0.331411272287369,-0.483459234237671,0.0434365599345294,0.0580740771726511,0.253115262339512,0.404830106347799,-0.596681669221576,-0.392727201752575
YBR131W,0.0593287833034992,-1.23057329654694,0.00779995502454742,0.0581486585527785,0.0456399358808994,0.072876833875974,-1.34065497438947,-1.13741050442245
YBR133C,0.128210082650185,-0.895589828491211,0.0160854534599846,0.0556451049947834,0.100358726580938,0.153669815510511,-0.99844487428559,-0.813411445521248
YBR139W,0.709360837936401,-0.152802422642708,0.090898685069745,0.0569109794891783,0.549485165874163,0.855810081462065,-0.260044033498562,-0.0676226092775964
YBR141C,0.13003209233284,-0.890749096870422,0.0191737818669797,0.0649383623083814,0.0963925183440248,0.167710870504379,-1.01595667323957,-0.775438786844936
YBR142W,0.338335484266281,-0.473977833986282,0.0412705085808373,0.0541341773682898,0.267713637153308,0.400497568895419,-0.57232951840845,-0.397400132742145
YBR143C,3.56171298027039,0.548036932945251,0.453967954607482,0.0565131557678998,2.76007240811984,4.30747839609782,0.440920473777598,0.634223055855634
YBR145W,0.136183112859726,-0.870263695716858,0.0192129408165898,0.0620413750599507,0.102915129500131,0.172212445487579,-0.987520775235636,-0.763935467419543
YBR146W,0.446967244148254,-0.354594826698303,0.066499241764767,0.0653641108797231,0.331458121538162,0.57559714615345,-0.479571335234484,-0.239881374051372
YBR147W,0.0102449283003807,-2.00610733032227,0.0028332448950634,0.121244886127021,0.00560700600035489,0.0165235057938844,-2.25126898464866,-1.78189810692172
YBR148W,0.0211252924054861,-1.68013203144073,0.0031645295040309,0.0658032938635163,0.0156377404462546,0.0271156098227948,-1.80582600849043,-1.56678062458658
YBR151W,0.509599149227142,-0.29705885052681,0.0708872858582805,0.0613919453758055,0.386101240416368,0.640182455877463,-0.413298803137519,-0.193696232425095
YBR152W,0.118594124913216,-0.931660771369934,0.0191378552515357,0.0708924883456116,0.0848037561401725,0.156644346068303,-1.0715849222211,-0.805085330090661
YBR153W,0.0923500657081604,-1.04286980628967,0.0181152458460789,0.0851858084457179,0.0615944340825081,0.13190296292305,-1.21045853063535,-0.879745448830599
YBR155W,0.51332688331604,-0.29337352514267,0.0667820597554008,0.0576187270977121,0.396060334146023,0.626171171665192,-0.402238651424338,-0.203306930770412
YBR156C,0.0654995962977409,-1.18748104572296,0.00847504175295961,0.0572146440730254,0.0509019388817251,0.0798363910367091,-1.29326567498572,-1.09779910366519
YBR157C,0.197824507951736,-0.710444331169128,0.034829004117251,0.0766502331428208,0.138111029813687,0.26940472026666,-0.859771641149031,-0.56959480067714
YBR159W,1.49530351161957,0.170856222510338,0.197487102476732,0.0583873790139099,1.14043452640374,1.84357887506485,0.0570703555302249,0.265661721690734
YBR160W,0.590608537197113,-0.233156934380531,0.0839759661656609,0.0625472337339407,0.443100539346536,0.749974548816681,-0.353497736304343,-0.124953474602999
YBR161W,0.177000895142555,-0.756346583366394,0.0247991072204957,0.0615692970625116,0.133636951446533,0.223354055111607,-0.874073440135445,-0.651006159260641
YBR165W,0.225819453597069,-0.651885867118835,0.0363314971845612,0.0702966235038259,0.163007564221819,0.300094587107499,-0.78779224221213,-0.522741849052694
YBR166C,0.426009267568588,-0.374266803264618,0.0547793566342056,0.0569948453361894,0.330541838208834,0.51684957742691,-0.480773562726044,-0.286635834466844
YBR169C,0.3082495033741,-0.514524877071381,0.0382101512344282,0.0549591059369404,0.242551639676094,0.367093193034331,-0.615195785148935,-0.435223679661842
YBR170C,0.47247651219368,-0.329001694917679,0.0581208136676321,0.0546172384643262,0.370571288963159,0.563315737744172,-0.43112823223232,-0.249248115593555
YBR172C,0.360111087560654,-0.446994721889496,0.044629722604443,0.0550105227894534,0.283703953027725,0.428582442303499,-0.54713461286059,-0.367965624844005
YBR176W,0.249885499477386,-0.606924772262573,0.036332932661707,0.0640395470822271,0.185900636638204,0.320283505568902,-0.730719122940532,-0.494465427375233
YBR177C,0.555152356624603,-0.259236514568329,0.0710322116349524,0.0567014219938107,0.430715419352055,0.674141898254553,-0.365809585150829,-0.171248691584618
YBR179C,0.161083832383156,-0.796357929706573,0.0199127869586613,0.0548310099854016,0.12696735560894,0.192292756338914,-0.89630792551094,-0.716037076166279
YBR180W,0.00178421079181135,-2.76911926269531,0.000545655882954626,0.135665137563763,0.000899083908007015,0.00302841071388684,-3.04619989197628,-2.51878522787941
YBR182C,0.0105506498366594,-1.98460602760315,0.00200682026529661,0.0831769678253983,0.0070571428630501,0.0148744669665272,-2.15137123474268,-1.82755871959923
YBR185C,0.276199698448181,-0.56392365694046,0.0424149202100048,0.0670832040713429,0.202391737451156,0.363195557395617,-0.693807233690804,-0.439859474119831
YBR186W,0.00207764143124223,-2.70238518714905,0.000625294803497986,0.133653669694954,0.00102648756001145,0.00350961352038818,-2.98864630947032,-2.45474079717699
YBR187W,0.916271686553955,-0.0425804145634174,0.132737110282641,0.0635111897727672,0.67877936710914,1.17147524952888,-0.168271367456148,0.0687331174125981
YBR192W,0.182754680514336,-0.742353677749634,0.0252122689822901,0.0609618337811731,0.13845050620536,0.227960847566525,-0.858705496475091,-0.642139737262516
YBR195C,0.156264886260033,-0.810275435447693,0.0213454029795316,0.0603341761949028,0.118439729263385,0.194596126675606,-0.926502597433674,-0.710865808368565
YBR196C,13.6681823730469,1.13225591182709,1.69993895252794,0.0551990337662975,10.7139162302017,16.2891420046488,1.0299482462313,1.21189820860946
YBR198C,0.435530185699463,-0.364434629678726,0.0540725736211404,0.0552204128799202,0.341862241427104,0.51663613319397,-0.466148864253105,-0.286815222827854
YBR199W,0.723472774028778,-0.144269227981567,0.0931053548451666,0.0570402557957243,0.560442810753981,0.876107709109783,-0.251468719644884,-0.0574425046862806
YBR200W,0.249114215373993,-0.607268631458282,0.0319359000565986,0.0568608409685273,0.193584442138672,0.301130908479293,-0.713129548705447,-0.521244665636561
YBR203W,0.00860979501157999,-2.07082891464233,0.00139974701079165,0.0714972799669914,0.00613350461159522,0.0114445710321888,-2.21229130479266,-1.94140051188673
YBR207W,0.397924810647964,-0.403890252113342,0.0513019028146508,0.0569840269181405,0.308431806912025,0.485121077795823,-0.510840845565837,-0.314149855508892
YBR211C,0.157765433192253,-0.807073593139648,0.0240069564444199,0.0667499036886471,0.11631369361033,0.204183252155781,-0.934369152858138,-0.689979885322436
YBR212W,0.390468001365662,-0.411913365125656,0.0488600531141546,0.0555729433950886,0.304948203265667,0.467364947746197,-0.515773921284226,-0.330343862852326
YBR213W,0.12621121108532,-0.90566086769104,0.0221757693367114,0.0770497112900934,0.0868733940025171,0.1718906181554,-1.06111357196753,-0.764747896781599
YBR214W,0.242942437529564,-0.618146479129791,0.0311496742817818,0.0566713048617289,0.188115373253822,0.296363503982623,-0.725575711379522,-0.528175297796891
YBR215W,0.178282260894775,-0.752403736114502,0.0223762142690039,0.0556455338743589,0.139170926685135,0.215492495025198,-0.856451480970862,-0.666567853047136
YBR216C,0.183050557971001,-0.741021990776062,0.0232430377772619,0.056248803837959,0.142948657274246,0.220459747314453,-0.844819919642294,-0.656670716732548
YBR228W,0.0482474751770496,-1.32415497303009,0.00905253301065266,0.0816781984227239,0.0327680638370415,0.0674555748701096,-1.48454922115101,-1.17098215221482
YBR229C,0.403955608606339,-0.396994262933731,0.049314992242314,0.0541711769075528,0.318953304737806,0.477697379142046,-0.496272895449171,-0.320847141461758
YBR231C,0.143790423870087,-0.847488284111023,0.0221501006888716,0.0676638093077491,0.105042458387713,0.187169657150904,-0.978635122825837,-0.727764954668029
YBR233W,0.191611394286156,-0.721729218959808,0.0262434537493493,0.0603868480879385,0.146109903231263,0.239416119580467,-0.835320353299241,-0.620846638018981
YBR234C,1.42161643505096,0.148986980319023,0.185730712568261,0.0578172954780635,1.09166189730167,1.74336385925611,0.0380881518424951,0.241388037258834
YBR236C,0.275110065937042,-0.564331233501434,0.036135185331325,0.0581484743657854,0.2115578353405,0.33728738501668,-0.674570885330902,-0.471999902391462
YBR237W,0.0508100911974907,-1.29786789417267,0.00664979833807905,0.0580199016310611,0.0390328913927078,0.0620966961607337,-1.4085692768154,-1.20693151678288
YBR238C,0.14043353497982,-0.856084287166595,0.0177239283583254,0.0559966333334678,0.109451049814622,0.16874779202044,-0.960780076488113,-0.772761913293976
YBR239C,0.043453648686409,-1.36646676063538,0.00619936134253858,0.062831376433703,0.032499272779872,0.0552167496023079,-1.48812637949207,-1.25792916267524
YBR241C,0.115524291992188,-0.941283285617828,0.0154324246194006,0.0590031447924941,0.0883144810795784,0.143622257312139,-1.05396807855934,-0.842778251819779
YBR242W,0.260303050279617,-0.591599881649017,0.04707283501969,0.0786508890789017,0.179306879639626,0.359788781156142,-0.746403047123771,-0.443952395464455
YBR243C,0.337833046913147,-0.475171625614166,0.0445840457767607,0.0584107521558386,0.258608344693979,0.414273736377557,-0.587357465579385,-0.382712601053827
YBR246W,0.167244255542755,-0.78091025352478,0.0231407510008173,0.061295034279924,0.125479683279991,0.209682929640015,-0.901426586164329,-0.678436927675277
YBR248C,0.734172701835632,-0.137745678424835,0.0925155317389481,0.0558963059172882,0.568672239780426,0.883807876209418,-0.245137971685299,-0.0536421328304652
YBR249C,3.2239830493927,0.504594802856445,0.421234191660167,0.0578383065954175,2.47288336753845,3.96494540572166,0.393203633532841,0.59823720181567
YBR250W,0.0032101646065712,-2.51142716407776,0.000919589175399845,0.126455070972258,0.00168183636075507,0.00524246340695147,-2.7742162669795,-2.28046467886294
YBR251W,0.314056485891342,-0.507724463939667,0.045944844789205,0.0645101107478658,0.23317354892691,0.400851612786452,-0.632320735303179,-0.39701636810226
YBR256C,0.395446121692657,-0.409837543964386,0.0706091095023958,0.0778118682983142,0.274272471666336,0.539823710918427,-0.561817779720879,-0.267748043649678
YBR257W,0.199137151241302,-0.706380128860474,0.0316528435797915,0.0696327645783038,0.143969141071041,0.263947276771069,-0.841730600196126,-0.578482815130145
YBR260C,0.184779241681099,-0.736891210079193,0.0232955750715,0.0559092546555694,0.143673168495297,0.222604735816518,-0.842624333797717,-0.652465602846327
YBR261C,0.587956547737122,-0.237701117992401,0.106354004956788,0.0783249620593838,0.411140235761801,0.816709339618683,-0.38601038454362,-0.0879324779346217
YBR265W,0.363546401262283,-0.443804740905762,0.0511549486674624,0.061920282580932,0.273491551478704,0.461072231580814,-0.563056085155892,-0.336231033237126
YBR267W,0.660617291927338,-0.18396732211113,0.0876595559108758,0.0587555300964547,0.507175087928772,0.811262416342894,-0.294842086831327,-0.0908386437846257
YBR271W,0.138330429792404,-0.863157987594604,0.0187761267226879,0.0598571041398847,0.105469956994057,0.17217143215239,-0.976871231075383,-0.764038909837337
YBR272C,0.230356737971306,-0.641432523727417,0.0302221272933074,0.0581214866678742,0.177623495459557,0.28099463035663,-0.750499587692931,-0.551301979425688
YBR273C,0.408363372087479,-0.392829209566116,0.053969760985533,0.0584015415636135,0.314655248324076,0.501775210102399,-0.502165054979066,-0.299490798548255
YBR274W,0.0795196294784546,-1.10367524623871,0.0108669219474147,0.0604697705584415,0.0601568650454283,0.0986422002315521,-1.22071480513716,-1.00593724928981
YBR279W,0.446093171834946,-0.3542540371418,0.0574253635092892,0.056906706135596,0.346198539435863,0.543940404554208,-0.460674769048986,-0.26444869291719
YBR280C,0.0629482939839363,-1.20501339435577,0.00843224010842075,0.0593879832955072,0.0479196562121312,0.0775974063202739,-1.31948630812193,-1.1101527947544
YBR281C,0.249726802110672,-0.605966508388519,0.0309257702599766,0.0550101503304225,0.196383838231365,0.297333270311356,-0.706894294990811,-0.526756492395445
YBR283C,1.90212965011597,0.27565124630928,0.241472735400589,0.0562271635568827,1.4776316344738,2.30057379007339,0.169566153479544,0.361836167377152
YBR284W,0.00964969955384731,-2.02127861976624,0.0015651154647986,0.0714069854314482,0.00692659550113603,0.0127391185844317,-2.15948017630327,-1.89486063733808
YBR286W,4.70319986343384,0.668885231018066,0.588964172777829,0.0556487953430789,3.64813043673833,5.62516620159149,0.562070357869367,0.750135358219654
YBR287W,0.424756944179535,-0.375569224357605,0.0548832065255896,0.0571500339728331,0.327913045883179,0.520510475834211,-0.484241304762871,-0.283570525650098
YBR288C,0.333734512329102,-0.480313181877136,0.0430657932774178,0.0572382500011307,0.258248289674521,0.4050880856812,-0.587962546068417,-0.392450530539381
YBR289W,0.199788361787796,-0.702920436859131,0.0249571396041986,0.0555232005765752,0.15581689166526,0.238652706518769,-0.807385463494159,-0.62223363815776
YBR291C,0.130917832255363,-0.888687014579773,0.0210760494589112,0.0706297584688191,0.0945156026010712,0.173606489102046,-1.02449650051975,-0.760434065026088
YBR293W,0.0146436141803861,-1.8416690826416,0.00268157184238189,0.0800663980177947,0.00990362419591596,0.0202094388660043,-2.00420586582904,-1.69444577346366
YBR294W,0.000514327664859593,-3.33489799499512,0.000238313666745401,0.205574216716925,0.000169432635811972,0.00110105029307306,-3.77100293859477,-2.95819284314881
YBR296C,0.0802769139409065,-1.09938859939575,0.0107511380143906,0.0591768162569042,0.0615790222771466,0.0993929661810398,-1.21056721090451,-1.00264435029537
YBR298C,0.000935084070079029,-3.06850361824036,0.00039417872460121,0.18987235650438,0.000336748642196956,0.00186383069861525,-3.47269420787787,-2.72959379905737
YCL064C,3.35539603233337,0.52181339263916,0.446284755293681,0.0588444749622387,2.55345120827357,4.14512724479039,0.407127563706633,0.617537866799907
YCL063W,0.132433906197548,-0.881886601448059,0.0175244734484883,0.0584455005439779,0.101394963140289,0.163770198697845,-0.993983620680907,-0.785765182697257
YCL059C,1.18166792392731,0.0684862211346626,0.159278540545375,0.0593120279445344,0.90477466583252,1.47411532104015,-0.043459568386731,0.168531450925009
YCL057W,0.772492051124573,-0.115457028150558,0.0945880654132605,0.0543577286301552,0.607234701514244,0.91886568069458,-0.216643421689851,-0.0367479689148417
YCL055W,0.315076500177383,-0.505790889263153,0.0434001083679003,0.0608412389610578,0.23721632361412,0.392926215628783,-0.624855429086803,-0.405688995302616
YCL052C,0.179669037461281,-0.749559462070465,0.0241892260709047,0.0595927352603841,0.137067801629504,0.222693664083878,-0.86306455588388,-0.652292139245362
YCL051W,0.103481456637383,-0.988910377025604,0.013466071540851,0.0576626085410233,0.0796506671234965,0.12574591015776,-1.09881061658301,-0.900506131381068
YCL050C,2.55008983612061,0.40237420797348,0.349785701677371,0.0606867554924149,1.93350579241912,3.18103800614675,0.286345360178717,0.502568855247422
YCL049C,0.155771613121033,-0.812198042869568,0.0227193966703652,0.0641279579611118,0.115369110864898,0.198912210638324,-0.937910454680218,-0.701338638820606
YCL048W,0.00212579662911594,-2.69827127456665,0.000732498705082719,0.151906253381512,0.000976047420408577,0.00378914575558156,-3.01052908201392,-2.42145868923981
YCL047C,0.29004579782486,-0.543512880802155,0.0479560169365319,0.0723782833986042,0.205515533685684,0.386705040931702,-0.687155346834055,-0.412620166601482
YCL045C,1.09501802921295,0.0361001081764698,0.133472918359379,0.0541231162382687,0.862895361582438,1.29791077673435,-0.0640418655239572,0.113244834958733
YCL044C,0.188996896147728,-0.727546811103821,0.0253648478074731,0.0593382426725109,0.143686100840569,0.233296380688747,-0.842585240357008,-0.632092000585853
YCL039W,0.114661209285259,-0.94412487745285,0.0144449741627632,0.0558803563961488,0.0892967992151777,0.137719978143771,-1.049164111359,-0.861003056152811
YCL038C,0.124146975576878,-0.909813165664673,0.0161172291225371,0.0574720826546545,0.0954526458556453,0.152264937758446,-1.02021204620432,-0.817400090696163
YCL036W,0.0927862524986267,-1.03630638122559,0.0121115394645975,0.0577583845851434,0.0718188838412364,0.112999849021435,-1.14376136764242,-0.946922137080773
YCL032W,0.121076293289661,-0.921683490276337,0.0177323000881972,0.0645976721544506,0.0888002842664719,0.154329325755437,-1.05158564948361,-0.811551541831852
YCL031C,0.691099643707275,-0.164902284741402,0.097992532610124,0.0624996926627947,0.516080451011658,0.878804364303748,-0.28728260070824,-0.0561077974412641
YCL030C,2.11096382141113,0.321150630712509,0.257718719418587,0.0541791921852865,1.67145730257034,2.49846539100011,0.223095286910955,0.397673337675521
YCL029C,0.209420695900917,-0.682875216007233,0.0277421004489499,0.0585204420857226,0.16047269317011,0.259415491173665,-0.794598858764466,-0.586004125832485
YCL028W,1.86709022521973,0.267335057258606,0.245113448764207,0.0580511440244972,1.44203519721826,2.28524416486422,0.158975857857075,0.358932607660836
YCL027W,0.0997654125094414,-1.00493216514587,0.0132542478553637,0.0586645790997624,0.076787320834895,0.123171383018295,-1.1147104874891,-0.909490184829435
YCL024W,0.0691238343715668,-1.1638001203537,0.00857147535831382,0.0549417889015875,0.0543701610217492,0.0825085137660305,-1.26463938331841,-1.08350123699425
YCL017C,0.926226377487183,-0.0368301533162594,0.116764026666639,0.0559318858797776,0.721884339551131,1.114158436656,-0.141532379650614,0.0469469530953113
YCL016C,0.120991885662079,-0.921671211719513,0.0170936333337526,0.0624046734925693,0.0907546774794658,0.152985826755563,-1.04213099241039,-0.81534890694997
YCL014W,0.196240141987801,-0.710372090339661,0.0233170773388339,0.0527914299319015,0.156518862644831,0.229472047338883,-0.805433317325255,-0.639270238609573
YCL010C,0.234034821391106,-0.637094855308533,0.0399482077121598,0.0748041774194523,0.16271448135376,0.315239971627792,-0.788573793761627,-0.501358722557011
YCL008C,0.16436393558979,-0.788344264030457,0.0225442269844502,0.0603716587662212,0.12494341644148,0.205600172653794,-0.903286623804103,-0.686976525033977
YCL005W,0.109250597655773,-0.969418525695801,0.0208485542762961,0.0826889026682181,0.0739851113408804,0.154695152118802,-1.13085567023702,-0.810523296132878
YCL004W,0.0314963757991791,-1.50674378871918,0.00474216565223291,0.0663043039026959,0.0232365388888866,0.0405458788697918,-1.63382856212283,-1.3920532825995
YCL002C,0.0657320618629456,-1.18969476222992,0.012200793222141,0.0808134308960161,0.0448960736083488,0.0916219294692079,-1.34779164784257,-1.03800057711839
YCR002C,0.989343583583832,-0.00887226965278387,0.136844951420955,0.0608586486637174,0.747192497054736,1.24958196083705,-0.126567500220114,0.0967647455098782
YCR004C,2.15433216094971,0.327794879674911,0.342119511508368,0.0695115705833131,1.56365468800068,2.83634154597918,0.194140831659855,0.452758521146053
YCR005C,0.558218061923981,-0.256906360387802,0.0720949767845041,0.0571355489797692,0.43158495426178,0.680779576301575,-0.364933703921892,-0.166993481760976
YCR008W,0.248521581292152,-0.60821270942688,0.0314637765963903,0.0561675445050616,0.193815620988607,0.299145532647769,-0.71261122449736,-0.524117480983216
YCR010C,0.00659643718972802,-2.214515209198,0.00262009162170905,0.174050654799293,0.00267272833540725,0.0127601139092197,-2.57304625445723,-1.89414545011318
YCR012W,44.2255363464355,1.64195430278778,5.71048694090924,0.057245514533901,34.0621882120768,53.7717057863871,1.53227254419193,1.73055381346761
YCR014C,0.000989597756415606,-3.04606246948242,0.000431524044028549,0.194707601345321,0.000342134112967566,0.00202281420351937,-3.46580411029657,-2.69404418347351
YCR015C,0.0939105004072189,-1.03300142288208,0.015200662526083,0.0707081517650824,0.0676864947502812,0.124283291647832,-1.16949797741791,-0.905587283901617
YCR016W,0.431512296199799,-0.369478285312653,0.0615394170384535,0.0626153105718032,0.325731292615334,0.55124819278717,-0.487140517740199,-0.258652821313395
YCR017C,0.440215528011322,-0.359661072492599,0.0536497200712161,0.0541852447606669,0.346781551837921,0.521452844142914,-0.459944014275697,-0.282784959441656
YCR019W,0.0871770232915878,-1.06471288204193,0.0133055120424458,0.0669569886438172,0.0642421469092369,0.112852326842646,-1.19217995379328,-0.947489494080602
YCR021C,0.0452499017119408,-1.35096859931946,0.00787543580675568,0.0758921947896127,0.0315935170588394,0.0619332527120908,-1.50040202609134,-1.20807618287076
YCR023C,0.0899341180920601,-1.0498708486557,0.0117539427484682,0.05777313456414,0.0694839435939987,0.110509652520219,-1.15811554407813,-0.956599844231977
YCR024C,0.0618499554693699,-1.21305477619171,0.0086989510329166,0.0622388124501333,0.0464266561903059,0.0778738409280777,-1.33323259735654,-1.10860840431077
YCR026C,0.159226715564728,-0.801490962505341,0.0199959109687909,0.0555431533524421,0.125060338899493,0.191604592030247,-0.902880402474038,-0.71759408710959
YCR028C,0.178763642907143,-0.751397550106049,0.0230209366262429,0.0568483608635736,0.139244380717476,0.218243893484275,-0.856222325727544,-0.661057899480754
YCR030C,0.310875862836838,-0.51070237159729,0.0377293176401356,0.0538631147417619,0.246587220827738,0.367839359243711,-0.608029434100205,-0.434341804016425
YCR034W,1.24685156345367,0.0918546840548515,0.166536132289238,0.0590493470417943,0.945358114937941,1.54090571403503,-0.0244036556324429,0.187776065631428
YCR035C,0.418182611465454,-0.382612854242325,0.0560599022277251,0.0591370350190297,0.321181071798007,0.516437383989493,-0.493250098442687,-0.286982336341447
YCR036W,0.430503457784653,-0.370156198740005,0.0588124287386451,0.060281157011615,0.324314561734597,0.540083445608616,-0.489033556849123,-0.267539149695318
YCR042C,0.226672902703285,-0.647921562194824,0.0276064588714791,0.0541423980895947,0.179957195247213,0.266707003116608,-0.744830784224363,-0.573965580579459
YCR044C,0.29909348487854,-0.528534114360809,0.0418491533475066,0.0618157820647487,0.224613539005319,0.37584705427289,-0.64856406962217,-0.424988853351695
YCR045C,0.000847362971398979,-3.13171911239624,0.000442246493816628,0.236802735868119,0.000230650378095258,0.00194472334890937,-3.63705079290108,-2.71114219875165
YCR052W,0.476067632436752,-0.32604855298996,0.0615522585830323,0.0572166116056814,0.369039834290743,0.579474817713101,-0.432926790577841,-0.236965449957176
YCR054C,0.17775847017765,-0.75391697883606,0.0230932333192208,0.0574293651528952,0.137488785013556,0.216036538158854,-0.861732750116768,-0.665472790613918
YCR057C,0.542862117290497,-0.26862046122551,0.0660429299897583,0.054035084297145,0.429474395513535,0.640351866185665,-0.367062725839525,-0.193581321130837
YCR059C,0.268205344676971,-0.578297674655914,0.0473629371394605,0.0768820654812728,0.187176747371753,0.366190783431132,-0.727748104642413,-0.436292620813835
YCR061W,0.5826016664505,-0.238180249929428,0.0735169248790322,0.0559524689889986,0.455319144576788,0.699386417865753,-0.341684091883262,-0.155282805974775
YCR065W,0.249612063169479,-0.606350898742676,0.031791125833398,0.0564710920360909,0.192882376040022,0.301929924388727,-0.71470745778526,-0.520093844838614
YCR066W,0.050381813198328,-1.30221927165985,0.00718060601458828,0.0628617109151045,0.0377348941750824,0.063660467416048,-1.42325686549173,-1.19613018727319
YCR067C,0.364845424890518,-0.441156893968582,0.0440992361744189,0.0536603819731351,0.290303345024586,0.430979930609465,-0.537147961198827,-0.365542955786671
YCR068W,0.0990186184644699,-1.00823509693146,0.0132211375773061,0.0589837249505305,0.0758817798768481,0.122180847016474,-1.11986249730241,-0.912996868941794
YCR069W,0.610371887683868,-0.218635082244873,0.0844513529998327,0.0609621030402014,0.460470023502906,0.765381588041782,-0.33679864292373,-0.116121990035304
YCR072C,0.48797407746315,-0.315162390470505,0.0617009074489314,0.0559927933441796,0.380021420121193,0.590521504481633,-0.420191924826335,-0.228764285276302
YCR075C,0.134604215621948,-0.878480970859528,0.0251385192385585,0.0811393680366799,0.0919379177192847,0.188797131180763,-1.03650544447487,-0.724004609200185
YCR076C,0.259681731462479,-0.591562330722809,0.0429904135366298,0.0725595804047278,0.182538032531738,0.347696099678675,-0.738646634781082,-0.458800182129604
YCR077C,0.733939945697784,-0.137840896844864,0.0917814728822168,0.0555984042912081,0.576016708711783,0.871949315071106,-0.239564918813279,-0.0595087591324412
YCR079W,0.0255765542387962,-1.59838449954987,0.00429763212394896,0.0740317542554896,0.0178924524380515,0.0341447535902262,-1.74733013091843,-1.46667602646983
YCR081W,0.0727659463882446,-1.14142084121704,0.00890862702385367,0.0543230142212288,0.0575582841411233,0.0863204667344689,-1.2398921698815,-1.06388622128084
YCR084C,0.880223512649536,-0.0589135996997356,0.110142640869389,0.0556556461061575,0.687199611465136,1.04842269420624,-0.162917094911344,0.0205364131347957
YCR088W,3.2096962928772,0.503068923950195,0.395665379914749,0.0547156623295147,2.52179145812988,3.81848280628522,0.401709169339299,0.581890839416324
YCR092C,0.116742312908173,-0.936190247535706,0.0144404335859746,0.0548904752133403,0.0919644660005967,0.138837136576573,-1.03637994842675,-0.857494353489294
YCR094W,0.287926703691483,-0.544740498065948,0.0387904408662341,0.0594780727638431,0.220958414922158,0.356887102127075,-0.655689458348455,-0.447469147130517
YCR095C,0.150886997580528,-0.8259197473526,0.0216979571367568,0.0633944126550904,0.111914069205523,0.191274274388949,-0.951115340002091,-0.718343473863902
YDL240W,0.0927796810865402,-1.03602182865143,0.0115711175121691,0.0553241208397542,0.0728000647698839,0.111268993405004,-1.13786823888563,-0.953625843223772
YDL238C,0.0391884669661522,-1.41155755519867,0.0057448476427726,0.0643234501783096,0.0290688313543797,0.0505922314710915,-1.53657243102923,-1.29591618752123
YDL237W,0.498631745576859,-0.306163489818573,0.0662948396095184,0.0589902752489435,0.380982719361782,0.612416678667068,-0.419094744174214,-0.212952991482508
YDL236W,0.991803526878357,-0.00804872252047062,0.141118627004774,0.0627001485712266,0.738625816504161,1.25494456291199,-0.131575520921526,0.0986245413125253
YDL233W,0.115404017269611,-0.941981732845306,0.0159024512533997,0.0607824798321048,0.0874266438186169,0.144408770526449,-1.05835621254102,-0.840406429535779
YDL231C,0.00944364629685879,-2.02991724014282,0.00142667956520346,0.0666980782407152,0.00687479344584669,0.0121370880864561,-2.16274034605412,-1.91588552388324
YDL230W,0.131794899702072,-0.884810328483582,0.0192475290025576,0.0643251695058237,0.0972358856971065,0.169098405043284,-1.01217348207473,-0.771860506117983
YDL227C,0.663710415363312,-0.181650534272194,0.0846140427988153,0.0565744107539522,0.515023441116015,0.797538391749064,-0.288173016076204,-0.0982484102665756
YDL226C,1.74513864517212,0.237882062792778,0.232977403573414,0.0588997065042725,1.33656173944473,2.16416515509287,0.125989020575609,0.335290388705949
YDL225W,0.669409215450287,-0.177849367260933,0.0843675819862512,0.0558559827674869,0.524573790033658,0.8038929844896,-0.280193444155927,-0.0948017653570401
YDL224C,0.265161871910095,-0.57999861240387,0.0332055669475606,0.0556542927550733,0.206509307026863,0.316223485022783,-0.68506037064523,-0.500005879743138
YDL222C,0.0103002414107323,-2.00165629386902,0.0026792814172151,0.112764094731764,0.0059056731290184,0.016422796016559,-2.22873066988329,-1.78455290352716
YDL218W,0.00681300600990653,-2.18762230873108,0.00212332614995251,0.136338242589866,0.00339774448657408,0.0116176120936871,-2.46880950068101,-1.93488312849533
YDL216C,0.0595846064388752,-1.22936034202576,0.00847675088566535,0.0628999563959369,0.0443861605909963,0.0755785589416821,-1.35275242241098,-1.12160148483316
YDL215C,0.249049752950668,-0.607023417949677,0.0303129939479623,0.054031391461597,0.197520830233892,0.294198960065842,-0.704387097647091,-0.531358866749429
YDL214C,0.00149419694207609,-2.84594941139221,0.000457641077886149,0.134540750332023,0.000759713360457681,0.00252298962635299,-3.11935025684515,-2.59808453583517
YDL211C,0.0350902676582336,-1.46072733402252,0.00576215199128739,0.0720282696905904,0.0249739295182129,0.0465857866530617,-1.60251317649302,-1.33174656662991
YDL209C,0.0995799526572227,-1.0068359375,0.0150649065037635,0.066199299259264,0.0734475661069155,0.12952787404259,-1.13402259883323,-0.887636764692047
YDL205C,0.417782604694366,-0.383232533931732,0.05732366993786,0.0607062998086277,0.315953669200341,0.519821639855703,-0.50037659841781,-0.284145664389777
YDL204W,0.0167162232100964,-1.78419804573059,0.00306908960885129,0.0801613508938243,0.0113479473395273,0.0232098788954318,-1.94508268867085,-1.63432713524967
YDL199C,0.0252763107419014,-1.60178685188293,0.00360874885204098,0.0628933560921621,0.0189185232544939,0.0319702566601336,-1.72311284367509,-1.49525387866881
YDL198C,0.323779702186584,-0.49439862370491,0.0469465529187018,0.0639257821357836,0.240398805215955,0.410604596138,-0.619067702340565,-0.386576193625437
YDL197C,0.0286114495247602,-1.54839193820953,0.00427465935753973,0.0658421115264023,0.0211163945651303,0.0367201379189889,-1.6753802450158,-1.43509569738665
YDL193W,0.455832719802856,-0.345270186662674,0.0616593203791554,0.0599514365823423,0.347059514373541,0.562309205532074,-0.459596134051412,-0.250024806622097
YDL190C,0.38377770781517,-0.419227838516235,0.0466555659765537,0.0540299414052353,0.303629433115323,0.452696507672469,-0.517656132377381,-0.344192855918186
YDL189W,0.301312536001205,-0.524719595909119,0.039043922775238,0.057384246382382,0.232771686712901,0.367678246150414,-0.633069855818843,-0.43453206874786
YDL186W,0.00138757901731879,-2.96800303459167,0.000977006581689655,0.331312467425031,0.000199423331650905,0.00389542515234401,-3.700224136924,-2.40944514493223
YDL183C,0.0381449945271015,-1.42577731609344,0.00694617380831671,0.0795009707769842,0.0259766626482209,0.0528644880279899,-1.58541667984661,-1.27683597081404
YDL178W,0.409710168838501,-0.391082167625427,0.0517185642672716,0.0560255048629982,0.318344827244679,0.492585272093614,-0.497102207805619,-0.307518577584569
YDL175C,0.213263422250748,-0.675412118434906,0.0298329950190448,0.0617204984284471,0.158030022059878,0.270677271982034,-0.801260403366535,-0.567548221652905
YDL174C,0.302441567182541,-0.522882580757141,0.0380029477194516,0.0557312309173983,0.236378328750531,0.362164208541314,-0.626392355079383,-0.441094474575907
YDL173W,0.924338161945343,-0.038820780813694,0.134135479981137,0.0639374251968845,0.689084736506144,1.18154756724834,-0.161727401073152,0.0724512078500334
YDL171C,1.19181275367737,0.0730872750282288,0.140415996632218,0.052532897289688,0.950626373291016,1.38171206911405,-0.0219901412132834,0.140417550910099
YDL170W,0.0523769594728947,-1.2851539850235,0.0072914069050865,0.0614576707247936,0.0395620165392756,0.0657129842787981,-1.40272158103969,-1.18234881185916
YDL168W,1.43154871463776,0.151869609951973,0.190626824870521,0.0588577304330083,1.09926779866219,1.76506835917632,0.0411035022987213,0.246761529640013
YDL160C,2.21799230575562,0.342475384473801,0.277269984899204,0.0554232302279005,1.73876721660296,2.6744191467762,0.24024143137068,0.427229472348467
YDL156W,0.111578844487667,-0.956297159194946,0.0147398544881821,0.0584462634218189,0.0856158602982759,0.137597733860215,-1.06744577789847,-0.861388719107877
YDL155W,0.168756499886513,-0.776770949363708,0.0227672906422879,0.0595408703009365,0.128702576706807,0.209789271404346,-0.890412759604714,-0.678216729680058
YDL148C,0.557461500167847,-0.257146090269089,0.0683434740374051,0.0544562474207996,0.441091075291236,0.658172151446342,-0.355471729356273,-0.181660501298892
YDL147W,1.62018811702728,0.205887228250504,0.208098861754144,0.0569322330711393,1.25101196169853,1.96660254995028,0.0972614475890773,0.29371659794291
YDL146W,0.0693337917327881,-1.16328740119934,0.00960836561925618,0.0609605657652223,0.0521748275496066,0.0871696434915066,-1.28253898024987,-1.0596347319573
YDL145C,1.63460910320282,0.210143387317657,0.197504588131184,0.0537452977987467,1.29933130741119,1.9145053178072,0.113719902908919,0.28205657692047
YDL144C,0.356196582317352,-0.452686816453934,0.0500980019325094,0.0620409228424623,0.267452553411325,0.450057564675808,-0.572753284157995,-0.34673194804217
YDL143W,1.62501013278961,0.207268044352531,0.206050556376478,0.0562426918302323,1.26833998163541,1.95884148577849,0.103235679955281,0.291999289623976
YDL142C,0.106754757463932,-0.978476464748383,0.0188816178106765,0.0776324031038211,0.0734912731995185,0.144887049247821,-1.13376430888091,-0.838970465065902
YDL141W,0.283207625150681,-0.551392614841461,0.035453252129413,0.0555357520821511,0.221274132405718,0.340502316256364,-0.655069353482013,-0.467879930936402
YDL133W,0.0795867592096329,-1.10366082191467,0.0113391848949946,0.0629484102195446,0.0592165161545078,0.100728521992763,-1.22755715019597,-0.996847538863599
YDL132W,0.451654046773911,-0.348512977361679,0.0549970661066263,0.0541247444718069,0.3556956085066,0.534697532653809,-0.448921497113023,-0.271891819934274
YDL129W,0.0612659864127636,-1.21985077857971,0.0110486626519528,0.078658623976303,0.0422972766682506,0.084528652454416,-1.37368760305564,-1.07299605509862
YDL128W,0.716602444648743,-0.148627489805222,0.0949145300499866,0.0586701510940585,0.549254296223323,0.882676931718985,-0.260226537486689,-0.0541982238389626
YDL127W,0.163414821028709,-0.79204261302948,0.0254621998487013,0.0684126646232959,0.117747981225451,0.213119551539421,-0.929046532458535,-0.671376709272522
YDL126C,5.89862966537476,0.767521023750305,0.708664456743842,0.0533923366566428,4.69757382074992,6.94274423122406,0.671873613593823,0.841531166262729
YDL124W,1.76346659660339,0.242077738046646,0.245602753701949,0.0614018847858917,1.33036262392998,2.21174961328506,0.123970026199311,0.344735959983947
YDL119C,0.114069677889347,-0.948443055152893,0.0182551228626802,0.0701500751755808,0.0818362394347787,0.15193932938079,-1.08705433935717,-0.818329817188455
YDL117W,0.171067088842392,-0.770276486873627,0.0212342682768478,0.055135687042432,0.134043709933758,0.204019641503692,-0.872753561252875,-0.690328021818102
YDL116W,0.310497969388962,-0.511318922042847,0.0381719156734267,0.0545737625006341,0.243694406996171,0.369783933957418,-0.613154444847883,-0.432051961607292
YDL115C,0.241363823413849,-0.621901035308838,0.0346850819727589,0.0634471458350553,0.179548814271887,0.305862240990003,-0.745817467657954,-0.514474136365841
YDL114W,0.00194021151401103,-2.77919983863831,0.00105735648133318,0.253403032924804,0.00048382549600016,0.00448491326921309,-3.31531129921434,-2.34824624775736
YDL113C,0.116118259727955,-0.938837289810181,0.0150363433921876,0.0573918027859513,0.0896107492347558,0.141595743099848,-1.04763991802938,-0.848949804695854
YDL112W,0.36668661236763,-0.438964009284973,0.0442136940407693,0.0536301829408186,0.291375904033581,0.429796682546536,-0.5355463662173,-0.366736941224411
YDL111C,0.418221056461334,-0.384717345237732,0.0698778473373311,0.0733066180075707,0.298474193861087,0.559455399711927,-0.525093212760713,-0.252234530835909
YDL108W,0.225784540176392,-0.651436448097229,0.0344949066255686,0.0670932338585476,0.165402522434791,0.294357987244924,-0.781457871662619,-0.531124176430716
YDL107W,0.0904447361826897,-1.04856157302856,0.0135752770342397,0.0658536243756308,0.0665840789054831,0.117405967600644,-1.1766296046772,-0.930309946686578
YDL106C,0.183123871684074,-0.740965843200684,0.0236572171635407,0.0571646843244654,0.141554013888041,0.223193866883715,-0.84907781377475,-0.651317745271234
YDL105W,0.0527460649609566,-1.2831574678421,0.00821736129663925,0.0685347928961327,0.0380921193398535,0.0689412131905556,-1.41916486995309,-1.16152107837907
YDL104C,0.0431881695985794,-1.36997246742249,0.00673963413962207,0.0683978925908734,0.031255979090929,0.0564808751456439,-1.5050668923098,-1.24809861181352
YDL103C,0.887791216373444,-0.0553505420684814,0.113877523519116,0.056788438681397,0.686159918705622,1.0797252625227,-0.163574654565035,0.0333132627471503
YDL102W,0.260748445987701,-0.587070167064667,0.03163549394859,0.0538718630467679,0.207195238644878,0.307448077450196,-0.68362024190682,-0.5122282190316
YDL101C,0.167627409100533,-0.779375731945038,0.0216792121880209,0.0572552547198436,0.128815830374757,0.204826540251573,-0.890030799585303,-0.688613773025393
YDL100C,3.48000621795654,0.537659347057343,0.461619745086708,0.0587796560157037,2.65967965126038,4.29996044635773,0.424829330590406,0.633464453741982
YDL093W,0.248695075511932,-0.607842743396759,0.0311662307417947,0.0556278068860294,0.19515442289412,0.297508089989424,-0.709621602745153,-0.526501220796035
YDL091C,0.104798853397369,-0.983798623085022,0.0143507745019129,0.0604305996668793,0.0791771404445171,0.130342760682106,-1.101400218548,-0.88491309074217
YDL090C,0.141467690467834,-0.853568375110626,0.0195181549399879,0.0610131605568879,0.106375718613466,0.177734842896461,-0.973157502357441,-0.750227431268773
YDL089W,0.136855274438858,-0.867798030376434,0.0185046053388547,0.0597841127479657,0.10422128799061,0.168861897413929,-0.982043566420748,-0.772468341634148
YDL088C,0.239615872502327,-0.624304175376892,0.0313923172981146,0.0579917680823345,0.184576992442211,0.293998586138089,-0.733822435557223,-0.531654759714532
YDL086W,1.07928729057312,0.0281611885875463,0.162262281439416,0.066100665625721,0.792823041975498,1.39325144489606,-0.100823736633666,0.144029409477028
YDL084W,5.64409875869751,0.747919499874115,0.724248215159283,0.0569219263203777,4.3633394241333,6.83472940127055,0.639818998064624,0.834721322596479
YDL080C,0.0429427623748779,-1.37150287628174,0.00604259997789127,0.0621609281914974,0.0321789818505446,0.0538222304855784,-1.49242770588565,-1.2690383162774
YDL078C,1.51647007465363,0.176761627197266,0.20587451343502,0.0598028599928901,1.15841830869516,1.89544909596443,0.0638654127865759,0.277712074412316
YDL077C,0.0899039581418037,-1.04962396621704,0.0111056228722855,0.0547567040378442,0.0708932211622596,0.107235006988049,-1.14939529552257,-0.969663415577078
YDL076C,0.191132366657257,-0.723964035511017,0.0297604657849564,0.0680901778701341,0.140862837433815,0.248971301193038,-0.851203567757989,-0.603850768510866
YDL074C,0.316777229309082,-0.50275331735611,0.0397070913014143,0.0556053450066838,0.247582229226828,0.378668546676636,-0.606280532611144,-0.421740767158231
YDL069C,0.0555471181869507,-1.2710827589035,0.0151414906955327,0.117261231592362,0.0315302451451619,0.0902402397245168,-1.50127276305453,-1.04459981057498
YDL066W,2.0827534198761,0.314955830574036,0.267840500439479,0.0569514060251607,1.60713768005371,2.5359935760498,0.206053083438094,0.404148149095478
YDL065C,0.51945972442627,-0.288595259189606,0.0710236199550448,0.0604185756208435,0.393209145218134,0.644772565861543,-0.405376401956326,-0.190593452889916
YDL063C,0.297996908426285,-0.529428780078888,0.0380661696093442,0.056654480357604,0.231741514801979,0.359054330984751,-0.634996158728853,-0.444839830389899
YDL060W,0.53997129201889,-0.270983457565308,0.0661490311312708,0.0544034935948935,0.426121522734563,0.638798870146274,-0.370466530381043,-0.194635864619513
YDL059C,0.102477625012398,-1.00036215782166,0.0232854470607757,0.0978559454966101,0.0648248445863525,0.154869571328163,-1.18825851616817,-0.810033903754177
YDL058W,0.376788318157196,-0.427170217037201,0.0454815539130902,0.0537013045255747,0.300286115457614,0.439758751044671,-0.522464748530818,-0.356785509615817
YDL057W,0.127672076225281,-0.898882329463959,0.0192027609122213,0.0661070407981888,0.0940349906682968,0.164748937636614,-1.02671051895313,-0.78317740301436
YDL055C,10.9187183380127,1.03429019451141,1.44308630150032,0.0584199593031738,8.35955105622609,13.4339012304942,0.922182800085673,1.12820213944563
YDL052C,0.818797707557678,-0.0913173258304596,0.117031832459277,0.0627774880994882,0.612865269184113,1.03768203556538,-0.212634989235374,0.0160642979042547
YDL051W,2.41627836227417,0.378117799758911,0.366148330423116,0.0663551877553057,1.78315811653932,3.12214010556539,0.251189762719313,0.494452387021653
YDL045C,0.172345906496048,-0.768814861774445,0.0265961557847597,0.0675864046460099,0.126281578093767,0.22615840335687,-0.898660075779903,-0.645587270813875
YDL044C,0.11521127820015,-0.942538499832153,0.0155301315351148,0.059572917459158,0.0874957218766212,0.142376757413149,-1.05801318138681,-0.846560902446924
YDL043C,0.202289938926697,-0.699975669384003,0.03335716823743,0.0722036160091404,0.144481578965982,0.271334012349447,-0.840187520886101,-0.566495765959503
YDL042C,0.126760914921761,-0.900611221790314,0.0160856959078522,0.056331985714331,0.0984562560915947,0.153520733118057,-1.00675668277894,-0.813832964351489
YDL040C,0.88932341337204,-0.0542020387947559,0.107319045701457,0.0536445771266247,0.704044710099697,1.04607465565205,-0.152399760295052,0.0195626798105103
YDL037C,0.00106129643972963,-3.07282042503357,0.000717216664707184,0.307859041113228,0.000186378843015215,0.00289275563748864,-3.72960409555938,-2.53868836632548
YDL036C,0.124721497297287,-0.908044457435608,0.0167214703728064,0.0592008924106079,0.0952991101890802,0.154863037044803,-1.02091115799231,-0.810052229814712
YDL033C,0.0455547086894512,-1.34664618968964,0.00697863312822044,0.067497984273271,0.0331599265647431,0.0589288113328318,-1.47938645227643,-1.22967235496684
YDL031W,0.568116843700409,-0.248832881450653,0.0686684976079227,0.0537150273066437,0.452755205829938,0.667980469763279,-0.34413655343495,-0.175236235288092
YDL030W,0.113779835402966,-0.947820723056793,0.01503890199235,0.0584826130689502,0.0873215393473705,0.139741212129593,-1.05887861720868,-0.8546754939505
YDL029W,1.44859540462494,0.157087624073029,0.190913607652421,0.0582900521455508,1.11616312563419,1.77615225017071,0.0477276707466842,0.249480189099413
YDL028C,0.100246392190456,-1.00254333019257,0.012760552940606,0.0564072999037568,0.077921992726624,0.120933045136432,-1.10833995697775,-0.917455012607357
YDL025C,0.0999045446515083,-1.00416171550751,0.0129481311254315,0.0574359731332454,0.0771025043601791,0.121264442801476,-1.11293151788032,-0.916266524433404
YDL022W,3.00807452201843,0.474672108888626,0.383579478415965,0.0564288731662415,2.32866924405098,3.66670283277829,0.367107807020182,0.564275705623262
YDL021W,0.135670840740204,-0.872841775417328,0.0211986210842313,0.0682711747514014,0.0995299264788628,0.178691834211349,-1.00204635200164,-0.747895293258094
YDL020C,0.479948192834854,-0.322374254465103,0.0607825315445779,0.0560452248066095,0.374351189782222,0.579168140888214,-0.426720783407704,-0.23719533599771
YDL019C,0.28304985165596,-0.551383674144745,0.0341217162474527,0.0534927313974619,0.225117027759552,0.331871558229129,-0.647591653900742,-0.479029965534857
YDL017W,0.084752693772316,-1.0758843421936,0.0114264988775756,0.0595808410720734,0.0644580998147527,0.104782333349188,-1.1907225051442,-0.979711936832978
YDL014W,7.60660696029663,0.877070605754852,1.03716075360464,0.0602193402477689,5.77567496697108,9.47055118878682,0.761602744040823,0.976375255454036
YDL013W,0.105108961462975,-0.982159376144409,0.0137389217570216,0.057846355110495,0.0814271631340186,0.128187068055073,-1.08923069568656,-0.892155787789958
YDL007W,1.78015375137329,0.246882304549217,0.225288095409134,0.0561345403892448,1.37759420673052,2.1478860894839,0.139121307404992,0.332011245321857
YDL006W,0.28157714009285,-0.555482447147369,0.0428256610929149,0.0667347426644399,0.206904670968652,0.365048077950875,-0.684229705583856,-0.437649934510221
YDL005C,0.220348224043846,-0.660866737365723,0.0295041214484825,0.0591321212671707,0.168596290051937,0.272105830907822,-0.773152028279164,-0.565262156320814
YDL003W,0.380026280879974,-0.423756301403046,0.0480557508140128,0.0560954116300237,0.297780280808608,0.455984445661306,-0.526104065980179,-0.34104997563988
YDL001W,0.160029008984566,-0.79974502325058,0.0213389207375266,0.0589006354523613,0.12274787252148,0.198261287932595,-0.910986026375714,-0.702762077098729
YDR005C,0.201485633850098,-0.699955999851227,0.0277020027059181,0.0608067932489677,0.152249391625325,0.250863164663315,-0.817444438782224,-0.600563103364094
YDR006C,0.145237728953362,-0.841303884983063,0.0178824764686663,0.0546064457360141,0.114432234689593,0.173259153962135,-0.941451622117855,-0.76130381062542
YDR014W,0.0393533706665039,-1.40917301177979,0.00538705289032055,0.060477551643996,0.0297671630357703,0.0489766700503727,-1.52626255517482,-1.31001074669547
YDR017C,0.21120610833168,-0.67865914106369,0.025909320485119,0.0545050651961839,0.167057204991579,0.250554079314073,-0.777134790461236,-0.601098526648002
YDR018C,0.00704880896955729,-2.1668553352356,0.0018454497460814,0.115136132954668,0.00398280431594079,0.0111114276961113,-2.39981103099887,-1.95423015941717
YDR019C,1.08839046955109,0.0329974666237831,0.141664661949596,0.057837420968974,0.838201394677162,1.32563471794128,-0.0766516542364963,0.122423869591183
YDR020C,0.154454156756401,-0.822085738182068,0.0348328059831051,0.0974277445547649,0.0967898592352867,0.232416905214389,-1.01417014175007,-0.633732296854606
YDR021W,0.142648696899414,-0.850093364715576,0.020019842354753,0.0619383231173529,0.107238080911338,0.178864087661107,-0.969650975605308,-0.747476881924989
YDR026C,0.0953890234231949,-1.02436077594757,0.0125681307735935,0.0582831714782547,0.073365283322831,0.117208038518826,-1.13450941788276,-0.931042605620447
YDR028C,0.432543516159058,-0.367310553789139,0.052919213993669,0.0542618436977372,0.343577859054009,0.511465991040071,-0.463974830928098,-0.291183238952867
YDR034C,0.113686740398407,-0.94788670539856,0.0144202393667418,0.0563237890077263,0.0881390227004886,0.137150822207332,-1.05483177834953,-0.862801584805223
YDR035W,1.16526508331299,0.0625266060233116,0.154530342541027,0.0585520277888898,0.893644853432973,1.44474233984947,-0.0488350415063745,0.159790395919442
YDR036C,0.371202617883682,-0.434067338705063,0.047689213550255,0.0569440630844929,0.287464562555154,0.451714711387952,-0.541415705974277,-0.345135805492372
YDR044W,0.727710068225861,-0.142211005091667,0.0999324784830414,0.0605256597205254,0.553286683559418,0.907830474774043,-0.257049782210281,-0.0419952429323811
YDR046C,0.526435136795044,-0.282235562801361,0.0666182513876222,0.0562138096630313,0.410149306058884,0.631614441176256,-0.387058018905287,-0.199547949166016
YDR047W,0.4897101521492,-0.314144015312195,0.0665147470049343,0.0599116003579153,0.371255695819855,0.609568717579047,-0.430326881553257,-0.21497732881772
YDR049W,0.18370820581913,-0.73947674036026,0.0233453426407453,0.0563702129918787,0.143065676093102,0.220895574862758,-0.844464548430334,-0.655812985202385
YDR050C,28.0186214447021,1.44221436977386,4.32752342037076,0.0677229581987768,20.4032804489136,36.7288686752319,1.3096999984815,1.56500753706203
YDR052C,0.147005796432495,-0.836251676082611,0.0186304745304464,0.0562400692379106,0.114499734528363,0.176538434624672,-0.941195520694932,-0.753160728667242
YDR054C,0.836273610591888,-0.0821545794606209,0.119591520267481,0.0628517208251476,0.627935937047005,1.06431451837222,-0.202084694077616,0.0270699802837055
YDR055W,1.27751839160919,0.10272654145956,0.163467571735967,0.0566135333482071,0.993326394756635,1.54875370760759,-0.00290802461724824,0.189982359002093
YDR057W,0.22674272954464,-0.648275375366211,0.029645502506832,0.0579294254672606,0.175372999285658,0.274991097549597,-0.756037275742482,-0.560681367887713
YDR058C,0.0544496104121208,-1.26992034912109,0.00894281311417305,0.0720383705128265,0.0388140002576013,0.0726697811856866,-1.41101159576817,-1.13864619257541
YDR060W,0.721447885036469,-0.145135074853897,0.0880596125781155,0.0542992257734542,0.569265843431155,0.849603116512299,-0.244684884495691,-0.0707839031816132
YDR061W,0.195609331130981,-0.712414801120758,0.0255841971216807,0.0578943653191822,0.151646218448877,0.23835788667202,-0.819168415451714,-0.622770473770614
YDR072C,0.281469941139221,-0.5542893409729,0.0364149650285103,0.0572172586181833,0.217812120914459,0.343275158355633,-0.661917956077974,-0.464357630597478
YDR074W,0.796333134174347,-0.102202914655209,0.0966015268596455,0.0539606164877414,0.628309832513332,0.941031147539616,-0.201826271075472,-0.0263960020273964
YDR075W,0.222756907343864,-0.657031416893005,0.0330803825338285,0.0653586785181095,0.163475945591927,0.286489334950844,-0.786546141873636,-0.542891550473891
YDR077W,9.02481842041016,0.951367855072021,1.22316334114155,0.0598257190448969,6.90961042642593,11.1989235798518,0.839453561697335,1.0491762609362
YDR080W,0.121166922152042,-0.920013189315796,0.0149325304884237,0.0547332955097966,0.0951951518654823,0.144499133403103,-1.02138516896514,-0.84013475816594
YDR081C,0.140907630324364,-0.85453474521637,0.0175466188898699,0.0553369636404148,0.110789886489511,0.168100559463104,-0.9554998939811,-0.774430842420351
YDR087C,1.02974438667297,0.00803914666175842,0.150358190382979,0.0641422977008697,0.760783032079538,1.32111085951328,-0.118739191106167,0.120939242617482
YDR088C,0.150251477956772,-0.827567458152771,0.0211522882312,0.062108323175293,0.113085335617264,0.188860063254833,-0.946593708727717,-0.723859983712909
YDR089W,0.260017663240433,-0.588482677936554,0.0324551430326392,0.0554607509836128,0.204210354636113,0.310611238330603,-0.689922244445617,-0.507782835150786
YDR090C,0.217973440885544,-0.666624128818512,0.0329610488386324,0.0664122522670807,0.160536129151781,0.281832290440798,-0.794427212946571,-0.550009253855086
YDR091C,1.40641605854034,0.144633054733276,0.175400740665231,0.0554297098263245,1.10142195224762,1.67637615501881,0.0419537280786197,0.22437147120134
YDR093W,0.24876557290554,-0.607407927513123,0.0297274010041237,0.0531513081477256,0.198383788143595,0.290765821933746,-0.70249382161011,-0.536456643954411
YDR097C,0.280533224344254,-0.555296182632446,0.0339520040579182,0.0538032215780577,0.222948137546579,0.329331547021866,-0.651796155567322,-0.48236666576154
YDR098C,2.36313843727112,0.367768913507462,0.383293919592992,0.0707104501301785,1.69713334043821,3.16492953101794,0.229715962408976,0.500364044587933
YDR101C,0.934278249740601,-0.0329668149352074,0.116047110603929,0.055088267085847,0.732418119907379,1.12264060974121,-0.135240919861271,0.0502407455113616
YDR103W,0.148740157485008,-0.830939471721649,0.0182610327099643,0.0545244276218125,0.117221532327433,0.176964223509034,-0.930992605808287,-0.752114527309477
YDR105C,0.215237990021706,-0.670927703380585,0.0283035565826058,0.0582042503568165,0.165356665849686,0.264316223810116,-0.781578293139849,-0.57787617980078
YDR106W,0.0142965298146009,-1.86068999767303,0.00389763822981327,0.118310195632646,0.00794016231472294,0.0231038341453919,-2.1001709057559,-1.63631634567422
YDR107C,0.133079573512077,-0.879500269889832,0.0169266323761597,0.056459548501337,0.103136530953149,0.160653107613325,-0.986587486920951,-0.794110869238323
YDR108W,0.0932723060250282,-1.03392767906189,0.0119712031931095,0.0569700780147187,0.0723704784487685,0.112478598890205,-1.14043856080457,-0.948930103838946
YDR109C,0.0735717266798019,-1.13714873790741,0.00968705961681476,0.0583085989383152,0.056662097076575,0.0901346769804756,-1.24670737046218,-1.04510809490406
YDR110W,0.168429538607597,-0.777412712574005,0.0220436175540475,0.0581277295754802,0.129347510511676,0.205215997497241,-0.888242008255344,-0.687788787147225
YDR111C,0.101489268243313,-0.997535943984985,0.0135660326711234,0.0589791063456686,0.0774604976798097,0.125671376908819,-1.11091971875837,-0.900763627378324
YDR113C,0.263564079999924,-0.583359181880951,0.0365227523270255,0.061076891934846,0.199586223935088,0.329438858479261,-0.699869442413947,-0.482225177701205
YDR116C,0.298630893230438,-0.529829502105713,0.0448607204721121,0.0660051405216088,0.220050655926267,0.384970307350159,-0.657477407256086,-0.414572766209094
YDR117C,0.35343199968338,-0.45516836643219,0.044078455667158,0.0553534966718428,0.276452800879876,0.422916173934937,-0.558379033182834,-0.373745705450464
YDR118W,0.0738727450370789,-1.13534390926361,0.00967836585568498,0.0581080872883326,0.0567464624221126,0.0901804245387514,-1.2460612116542,-1.04488773205903
YDR122W,0.202309533953667,-0.697358012199402,0.0248261365554879,0.0545771818711574,0.159421289588014,0.239446638524532,-0.797453686039879,-0.620791256641353
YDR123C,0.0979481637477875,-1.01439237594604,0.0153399715887262,0.0687582571858106,0.0710185830170909,0.128127334515254,-1.14862800326654,-0.892358209245203
YDR124W,0.00531615084037185,-2.29771590232849,0.00174096877228181,0.144294577210063,0.0025307353779984,0.00925294385912517,-2.59675330474519,-2.03372034815265
YDR125C,0.0177765190601349,-1.75717008113861,0.00318298843311157,0.0785144516396979,0.0121771067924177,0.0243156696980198,-1.91445593698569,-1.61411376475274
YDR127W,1.18688523769379,0.0712327212095261,0.141132986943369,0.0529719845310276,0.943786430358887,1.38191617031892,-0.0251263068665822,0.140481698701886
YDR128W,0.0815936103463173,-1.0917432308197,0.0100827373942905,0.0547376577231146,0.0641629209121068,0.0973840410510699,-1.19271587925047,-1.01151220850572
YDR129C,2.53443694114685,0.400517612695694,0.310959056605415,0.0544697778692889,2.00557994842529,3.01010445356369,0.302239978941893,0.478581560626487
YDR130C,0.166051015257835,-0.785424709320068,0.026734772302868,0.0704503727578579,0.119795940816402,0.219905763864517,-0.921557897396657,-0.657763387366137
YDR132C,0.0489473454654217,-1.31488513946533,0.0070707091153884,0.063678855601102,0.0361896402202547,0.062182096298784,-1.44141574668258,-1.20633470614492
YDR135C,0.537488400936127,-0.272894650697708,0.064849817612582,0.0536797996775766,0.426697094738483,0.627765417098999,-0.369880318480942,-0.202202612778633
YDR137W,0.102463722229004,-0.993003904819489,0.0129715929699772,0.0561359796314133,0.079709613447388,0.123470927154024,-1.09848930362482,-0.908435292290262
YDR138W,0.146490141749382,-0.83770614862442,0.0183732968223965,0.0556596411237372,0.114752686458329,0.176220223059257,-0.940237139798685,-0.753944260506125
YDR141C,0.234887406229973,-0.632370233535767,0.028201418858724,0.0534102933868375,0.187414035201073,0.273835867643356,-0.727197888463535,-0.56250966759947
YDR142C,0.0694450289011002,-1.16335916519165,0.0104567806926953,0.0662835790280267,0.0511415063713988,0.0892363603537281,-1.29122649694443,-1.04945815314662
YDR143C,0.230728313326836,-0.640422463417053,0.0289960406215042,0.0557128876160363,0.179589228580395,0.278611382097006,-0.745719749843521,-0.555001145770465
YDR144C,0.549965083599091,-0.263163655996323,0.0688132612738912,0.0555566642581476,0.430045749247074,0.657428439458211,-0.366485342489368,-0.182151526592552
YDR146C,0.362107008695602,-0.444529116153717,0.0444632944465328,0.0544673349421833,0.285677675157785,0.431752939770619,-0.544123697590575,-0.364764725048569
YDR147W,0.161330983042717,-0.795941054821014,0.0207025767987025,0.0567575103688715,0.125083208084106,0.196279920265079,-0.902800988675043,-0.707124129358354
YDR148C,0.920455753803253,-0.0396375842392445,0.117825341846511,0.056603246720387,0.716809034347534,1.11785233418147,-0.144596529653749,0.0483844234596504
YDR150W,0.324141561985016,-0.4924456179142,0.0386764027011299,0.0529457663469759,0.260316820194324,0.378041106710831,-0.584497769346127,-0.422460974184378
YDR151C,0.330392628908157,-0.485477834939957,0.0472974885578453,0.0628672738587232,0.248632614687085,0.421131402254105,-0.604441979600859,-0.37558237359469
YDR152W,0.767619609832764,-0.119934104382992,0.116893148294552,0.0667017190612598,0.567016124725342,0.996270054082076,-0.246404590525676,-0.00162292724402959
YDR153C,0.580231845378876,-0.240178033709526,0.0757685983803662,0.057635284265075,0.449397087097168,0.713213443756104,-0.347369746918506,-0.146780479161764
YDR158W,5.72262907028198,0.753856420516968,0.741634443918958,0.0574163922462552,4.41312122344971,7.01167288223902,0.644745857189365,0.845821646080683
YDR161W,0.614821553230286,-0.215146660804749,0.0814362472868191,0.058550834834396,0.471458790451288,0.758844075103601,-0.326556263945208,-0.119847459594869
YDR162C,0.392280519008636,-0.413853168487549,0.0730735331100588,0.0805217474649701,0.268061858912309,0.549321413040161,-0.571765163053064,-0.260173471461205
YDR164C,0.186246603727341,-0.733385860919952,0.0232156182441074,0.0553753017831452,0.146333542466164,0.222818569590648,-0.834656113972436,-0.652048618281146
YDR165W,0.727784216403961,-0.141729444265366,0.0941894483788758,0.0573603859587363,0.564598006010055,0.885727712512016,-0.248260660006226,-0.052699768225929
YDR166C,0.145197615027428,-0.841465532779694,0.017990756164884,0.054953587704181,0.114414154614011,0.173339525113503,-0.941520264140724,-0.761102398418117
YDR170C,0.871039628982544,-0.0630940422415733,0.102962378498683,0.0525819465160998,0.699344495435556,1.01101959347725,-0.155308839299996,0.00475957225536589
YDR171W,0.310563266277313,-0.512011170387268,0.0426005715514288,0.0604648669207265,0.236247899010777,0.388333486020565,-0.626632045607999,-0.410795161720649
YDR173C,0.110175058245659,-0.962720990180969,0.0162616754747654,0.0649646201268363,0.0810311362147331,0.141289736578862,-1.09134807139365,-0.849889384913304
YDR174W,1.36132669448853,0.128254920244217,0.220209633370144,0.0706792544803572,0.970923995474974,1.81678672134876,-0.0128148838600755,0.259303944041937
YDR175C,0.35178542137146,-0.458324134349823,0.050754046948365,0.0635931375073361,0.264189962546031,0.446316480636597,-0.57808368974959,-0.350357076149874
YDR176W,0.139300122857094,-0.85967618227005,0.0177734175881075,0.0565564273800304,0.108516469597816,0.168330227583647,-0.964504343726582,-0.7738378917577
YDR180W,0.0810533687472343,-1.09457802772522,0.00992372946276286,0.054356561417448,0.0641113370656967,0.0960484892129898,-1.19306516564943,-1.0175094619488
YDR184C,0.219036892056465,-0.664765357971191,0.0338761303489181,0.0681703747665784,0.158014721920093,0.286149770021439,-0.801302451014458,-0.543406598797914
YDR186C,0.196362391114235,-0.71042788028717,0.0245176834281046,0.0554644976752267,0.153360510369142,0.23470934604605,-0.814286544110158,-0.62946963216005
YDR189W,0.525738418102264,-0.282560408115387,0.0641740696770695,0.0542001187189663,0.412606209516525,0.625889710088571,-0.384464240399538,-0.203502190643348
YDR191W,0.0654559805989265,-1.18932044506073,0.0101429041476864,0.0679709742445228,0.0475763733809193,0.0855469673871993,-1.32260888593464,-1.06779555707574
YDR194C,0.518624007701874,-0.288590788841248,0.064483462043217,0.0550828526713402,0.407345473766327,0.621028649310271,-0.390037105005061,-0.206888364518473
YDR195W,0.208377316594124,-0.684840023517609,0.026837034834647,0.0570051817888837,0.161522060881058,0.253851800163587,-0.791768177850618,-0.595419753977004
YDR196C,0.160854548215866,-0.801090657711029,0.0302218576528283,0.0807892318919691,0.110955601744354,0.229199862231811,-0.954850767037071,-0.639785752057654
YDR197W,0.0516705736517906,-1.29199910163879,0.0079481897476014,0.0679439592642286,0.0375469031122824,0.0668958052992821,-1.42542587814653,-1.174601113809
YDR198C,0.089865043759346,-1.0506854057312,0.0124786730061678,0.0613501602573903,0.0678971953690052,0.112029698118567,-1.1681481813797,-0.950666834577927
YDR200C,0.0859538391232491,-1.06965136528015,0.01140159217686,0.0587446177837663,0.065478999974827,0.105605277543267,-1.18389800522616,-0.97631437806839
YDR202C,0.145393162965775,-0.841895520687103,0.020644316195096,0.0624118962535702,0.109920208528638,0.184266958882411,-0.95892251153332,-0.734552546783755
YDR204W,0.267475485801697,-0.577254593372345,0.0383400357426691,0.063149102744917,0.19950102455914,0.339454348633687,-0.70005500114582,-0.469218623481063
YDR206W,0.126879870891571,-0.900061428546906,0.0157959626298216,0.0551573503144067,0.0996511612087488,0.151942732930183,-1.00151763633152,-0.818320077650719
YDR211W,0.773222625255585,-0.115111693739891,0.0955653122839887,0.0548950645746882,0.60767275094986,0.920873445272446,-0.216330237704933,-0.0358000505667885
YDR212W,2.11113214492798,0.321090638637543,0.261485294583188,0.0549449226428482,1.66179747680823,2.52254502177238,0.220578092970452,0.401838926149781
YDR214W,1.65045917034149,0.213538989424706,0.223353290361571,0.0598365820608301,1.25007901191711,2.05096952716509,0.0969374635448161,0.311959207563705
YDR217C,0.138835042715073,-0.860913157463074,0.0171131205418988,0.0549167146537513,0.10909117013216,0.164325149233143,-0.962210399898074,-0.784295964648473
YDR218C,0.0060744327493012,-2.23100447654724,0.00157415285022734,0.113005100109568,0.00348586093168706,0.00964206266216933,-2.45768994304674,-2.01583008939893
YDR219C,0.204366400837898,-0.693473279476166,0.0270044367460275,0.0584754365259651,0.156890311340491,0.250950843095779,-0.804403875168935,-0.600411340921436
YDR221W,0.284926384687424,-0.548788547515869,0.03576478855889,0.0557380109784846,0.222632172703743,0.342491705218951,-0.652412075320066,-0.465349945799359
YDR222W,0.202697768807411,-0.697296798229218,0.0276950489369268,0.0604132843595191,0.153479540720582,0.251193621506294,-0.813949513774612,-0.599991398929426
YDR223W,0.00650322576984763,-2.19800305366516,0.00146971407641251,0.0989941973280107,0.00396768502347792,0.00960182209964842,-2.4014628211533,-2.0176463461022
YDR228C,0.19477267563343,-0.714129686355591,0.0249244262453002,0.0568022210931818,0.151231046766043,0.235440328717232,-0.820359104392994,-0.628119144554469
YDR233C,2.84592533111572,0.449879974126816,0.398589946529795,0.061812090760748,2.14105156262716,3.59721217155456,0.330627124383715,0.555966028297907
YDR234W,0.462938576936722,-0.337923020124435,0.0574563193167224,0.05515083449513,0.362335984160503,0.549935564895471,-0.440888542903309,-0.259688193952721
YDR235W,0.0909698233008385,-1.04499471187592,0.0120400185531861,0.0585489658234857,0.0697016566991806,0.111766835612555,-1.15675689927987,-0.951687046861233
YDR237W,0.234142452478409,-0.635402381420135,0.0348086524828464,0.0655322303314356,0.17146246197323,0.300711669524511,-0.765830948183228,-0.521849726681162
YDR239C,0.131553947925568,-0.884507119655609,0.0167405250260046,0.0563828670691202,0.102839113213122,0.15837373783191,-0.987841677053293,-0.800316833385873
YDR243C,0.104767128825188,-0.983538866043091,0.0136125808295162,0.0576378696304772,0.0803448293978969,0.127576541155577,-1.09504207050344,-0.89422917943669
YDR244W,0.201752871274948,-0.698779404163361,0.0256673968484643,0.0562772936301459,0.157685831189156,0.24456542879343,-0.802207328312277,-0.611604933832405
YDR245W,0.608508169651031,-0.219580546021461,0.0799463193368339,0.0582508464365967,0.464723683645328,0.745029963552952,-0.332805194140464,-0.127826260506598
YDR247W,0.0829845145344734,-1.08520090579987,0.0114193247776749,0.0607736880721078,0.0628428990021348,0.103246022574604,-1.2017438269055,-0.986126670209315
YDR251W,0.248647660017014,-0.60788905620575,0.0310010277370211,0.055343556410641,0.195568081736565,0.295319939901431,-0.70870203460843,-0.529707229933749
YDR254W,0.0605922490358353,-1.22218084335327,0.00873950473707457,0.0635754841504242,0.0451463578268886,0.0766045898199081,-1.34537728196356,-1.11574520851698
YDR256C,0.00135174102615565,-2.90653467178345,0.000561490433292485,0.184567557420301,0.000510037891217507,0.00269533195338833,-3.29239761605866,-2.56938774677535
YDR257C,0.22348952293396,-0.65444016456604,0.0287912880514123,0.0571089183858264,0.171630701422691,0.272683481872082,-0.765405023887741,-0.564341169540578
YDR258C,0.640033841133118,-0.19718986749649,0.0787757710643986,0.0547539613686329,0.505078856647015,0.758846320211887,-0.296640837878964,-0.119846167555458
YDR259C,0.0260535348206758,-1.59072160720825,0.0045119463765895,0.0761123969095456,0.0180399717918287,0.0353819902365406,-1.74376414609941,-1.45121782928264
YDR261C,0.44201397895813,-0.358160585165024,0.0561023012333605,0.056304917167517,0.343893826007843,0.530810536444187,-0.463575621080557,-0.275060468288434
YDR262W,0.390232861042023,-0.413862347602844,0.0601854767335517,0.0673169560577938,0.286461859941483,0.512794851760069,-0.542933192613123,-0.290056451090561
YDR264C,0.590443849563599,-0.232234567403793,0.0728586741854892,0.0549130938267202,0.463840868820747,0.699345190326373,-0.333631011278874,-0.155308407839601
YDR266C,0.413731843233109,-0.386784583330154,0.051804874275002,0.0555919946136887,0.321494876096646,0.497095617403587,-0.492825945963411,-0.303560067125912
YDR267C,0.257704347372055,-0.593244791030884,0.0362199107309956,0.0619462016321244,0.194168517241875,0.325187114626169,-0.711821186369034,-0.487866671921257
YDR268W,0.132444977760315,-0.882326245307922,0.0186020941954722,0.0619202393389889,0.0991589864095052,0.167050768435001,-1.00366792320036,-0.777151525959405
YDR270W,0.167470499873161,-0.779502213001251,0.0207657326501495,0.0551017923435495,0.131370847672224,0.199688668797413,-0.881500997959209,-0.699646579267195
YDR272W,1.16914224624634,0.0630683600902557,0.172287154203947,0.0649604303417033,0.866904638210932,1.49684073726336,-0.0620287060350196,0.175175537736715
YDR273W,0.0189622584730387,-1.72994470596313,0.0036020432952398,0.0827909244690829,0.0127263411103437,0.0267761947897573,-1.89529644033698,-1.57225116001034
YDR275W,0.0274801086634398,-1.58172309398651,0.00858824298457106,0.135228199357759,0.0139243751221026,0.0470956875632206,-1.85622431847541,-1.32701888936473
YDR277C,0.0638705790042877,-1.19915449619293,0.00906727220332236,0.0626205087210494,0.0475264276998738,0.0806466675673922,-1.32306486946412,-1.09341357392617
YDR279W,0.13046045601368,-0.889251053333282,0.0190958471831219,0.0644710328048814,0.0960673423483968,0.166302855685353,-1.01742422731923,-0.779100347736613
YDR280W,0.620691478252411,-0.211860984563828,0.0911020503016757,0.0644548589299793,0.460034837573767,0.792927500108878,-0.337209333091491,-0.100766523230675
YDR284C,0.373039722442627,-0.432963520288467,0.0546597043993813,0.0643341744117057,0.278000232080619,0.480883363634348,-0.555954868913905,-0.317960255404948
YDR288W,0.10850128531456,-0.969796478748322,0.0167461933981585,0.0677348869627774,0.0794817950576544,0.141753386209408,-1.09973233334077,-0.848466559531265
YDR289C,0.276271343231201,-0.562528610229492,0.0364899592164369,0.0582834690914117,0.213330118979017,0.343134367962678,-0.670947830949571,-0.464535783124601
YDR291W,0.0703423544764519,-1.15625846385956,0.00878338415112224,0.0553431882964395,0.0552063994109631,0.0841691395888726,-1.25801057683998,-1.07484711499945
YDR292C,0.46510922908783,-0.335946083068848,0.0581905419393737,0.0555651396421004,0.362581074237823,0.556995975971222,-0.440594868659124,-0.254147944008379
YDR293C,0.526269316673279,-0.282088220119476,0.0637868705765366,0.0539631729612876,0.416494003683329,0.618053543567658,-0.380391251929383,-0.208973899265364
YDR294C,0.4537014067173,-0.346826195716858,0.0575945312600437,0.0563228733660822,0.353788417329391,0.546099662780762,-0.451256407550164,-0.262728091643361
YDR295C,0.16319839656353,-0.790744781494141,0.0202959762589738,0.0552665798866731,0.127594625453154,0.195690668125947,-0.894167619221334,-0.708429910246434
YDR296W,0.242707014083862,-0.623062014579773,0.0472412084732252,0.0842502068494414,0.162690828492244,0.344311516235272,-0.788637060201637,-0.463048507395498
YDR297W,0.72243058681488,-0.145263761281967,0.0977549626219965,0.0597628312299398,0.54905332326889,0.900905422369639,-0.260385475670459,-0.0453208005605922
YDR300C,0.760915160179138,-0.122418954968452,0.0987664865435981,0.0575252016896103,0.586632788181305,0.92411148995161,-0.231633667014757,-0.0342756422516266
YDR301W,0.175054788589478,-0.760081231594086,0.0210981363630077,0.0536036655613656,0.138939321041107,0.20517622915407,-0.857174827736178,-0.687872956251793
YDR303C,0.257773667573929,-0.592107236385345,0.0315434454359287,0.0543299185938436,0.203474518905083,0.305308282375336,-0.69148997499032,-0.515261414040298
YDR307W,0.212374418973923,-0.676450729370117,0.0267781379694612,0.0559976083619177,0.165572980915507,0.254472464323044,-0.781010535823262,-0.594359204445239
YDR309C,0.606293618679047,-0.221132084727287,0.0794770781758006,0.0579540640261753,0.467186096807321,0.743836942811807,-0.330510094145902,-0.128522256214269
YDR310C,0.1773791462183,-0.75447154045105,0.0217955097630606,0.0545541657805676,0.14035869166255,0.210030033191045,-0.85276068951315,-0.677718599113207
YDR311W,0.221634179353714,-0.657781183719635,0.0274590589890096,0.0548674653611283,0.174402264381448,0.266747708121935,-0.758447882584603,-0.573899305803803
YDR313C,0.0752784088253975,-1.13013744354248,0.0132807412909105,0.0773195499794216,0.0518677834731837,0.102793079180022,-1.2851023141873,-0.988036159740883
YDR315C,0.0273429471999407,-1.57403266429901,0.00613425174959593,0.0976547193407264,0.0170297572078804,0.0407406017184258,-1.76879159180175,-1.38997256097498
YDR316W,0.100715637207031,-1.00108325481415,0.0138187149131853,0.0606618662182979,0.0767840495953957,0.124859667010605,-1.11472898982237,-0.903577827638982
YDR317W,0.0293355528265238,-1.53875195980072,0.00490556589923281,0.0734743634492623,0.0207733200397342,0.0392169891856611,-1.68249418688551,-1.40652576365163
YDR318W,0.0523319318890572,-1.28655171394348,0.00815122838948718,0.0683251124757521,0.0378767141761879,0.0685666086152196,-1.42162770519649,-1.16388739886398
YDR320C,0.223787799477577,-0.653603672981262,0.0277780282894857,0.0550576565971606,0.175328194598357,0.267187356948853,-0.756148239284791,-0.573184096111371
YDR321W,2.40977144241333,0.37814936041832,0.31603792911089,0.0580588061231224,1.85013163089752,2.95377095937729,0.267202628153708,0.47037679716433
YDR322W,0.271493166685104,-0.570283472537994,0.0366343061136956,0.0596571469209547,0.207548976441224,0.335820253690084,-0.682879417278531,-0.473893115235471
YDR323C,0.0372379869222641,-1.43357729911804,0.00534780336872995,0.0633116818181708,0.0277415653690696,0.0473438951186836,-1.55686908197302,-1.32473603938537
YDR325W,0.118625037372112,-0.929258227348328,0.0147099000227644,0.0550468508216573,0.0932548109441996,0.140982074911396,-1.0303287559736,-0.85083610299698
YDR330W,0.235195845365524,-0.632333278656006,0.0306057638140114,0.0575419536888447,0.18217462139825,0.286247420559327,-0.739512124892983,-0.543258418169409
YDR331W,0.36954802274704,-0.43625870347023,0.0491880502779085,0.0587837258796783,0.283738762388627,0.454790238539378,-0.547081340720551,-0.34218886545043
YDR332W,0.0277825631201267,-1.56045866012573,0.00383714010676783,0.0610132578666589,0.0209525647883614,0.0348779746331274,-1.67876299635421,-1.45744874409087
YDR335W,0.364849925041199,-0.441127449274063,0.0438784143088683,0.0534914996071029,0.289561742047469,0.428337426980336,-0.538258819449144,-0.368213976471067
YDR336W,0.041023887693882,-1.3940554857254,0.00740027550189401,0.0787902079079567,0.0282395732278625,0.0563977137207985,-1.54914187478458,-1.24873850131039
YDR341C,2.93456768989563,0.464104235172272,0.364106461322472,0.0550917517261251,2.30650493502617,3.48968177636464,0.362954381901679,0.542785824822518
YDR346C,1.18388783931732,0.0696931481361389,0.150835666818465,0.056457818520244,0.921784361203512,1.43082707921664,-0.035370664696637,0.15558715031861
YDR349C,0.215943992137909,-0.669360220432281,0.0278068635736284,0.05713025727264,0.16713376455009,0.26164530813694,-0.776935811861358,-0.582287048703951
YDR351W,0.142343297600746,-0.850094318389893,0.0176336715501236,0.0550251969381547,0.111482366919518,0.169611332068841,-0.952793819209063,-0.770545135048418
YDR353W,4.19264602661133,0.61820125579834,0.584268430692544,0.0613541013531642,3.16668677528699,5.29239095052083,0.500605108294596,0.723651917190374
YDR354W,0.370511382818222,-0.43527352809906,0.0503377737996312,0.0598130206500984,0.284326732407014,0.461614937583605,-0.546182313600996,-0.335720146135286
YDR356W,0.202392190694809,-0.697311162948608,0.0253652493971101,0.0555719253031682,0.158417129392425,0.241552609205246,-0.800197886327164,-0.616988266994578
YDR358W,0.234862551093102,-0.632830798625946,0.0300381984543021,0.0566555488590909,0.182182388007641,0.285213037580252,-0.739493609974388,-0.544830626111438
YDR359C,0.0825869962573051,-1.08658814430237,0.0103280591365899,0.0555923380453994,0.0647048763930798,0.0988162708779176,-1.18906298815617,-1.00517154066567
YDR361C,0.9753378033638,-0.0156297236680984,0.14353497038915,0.0648585594167781,0.717790201306343,1.26035937666893,-0.144002475728623,0.100494391723187
YDR362C,0.096955344080925,-1.01721787452698,0.0126404580142007,0.0577873610276596,0.0747290308276812,0.117846258295079,-1.12651065604582,-0.92868420466807
YDR363W,0.0728776231408119,-1.14167702198029,0.0101063566665907,0.0613348868311286,0.0545982739888132,0.0913451361780365,-1.26282119791295,-1.03931457295446
YDR364C,0.0909834131598473,-1.04533803462982,0.0126717255484094,0.0615393754206081,0.0686248871187369,0.114063417787353,-1.16351835693931,-0.942853621558861
YDR365C,0.648099899291992,-0.191802337765694,0.0804195771154948,0.055129806387275,0.508171222110589,0.775497009356817,-0.293989933922711,-0.110419872993843
YDR368W,1.56590855121613,0.19035330414772,0.221679359805499,0.0622135972580569,1.1848207851251,1.9797616203626,0.0736525552793939,0.296612896857623
YDR370C,0.079209066927433,-1.10590887069702,0.0115256221819816,0.0641731735274126,0.0590271944490572,0.0999170107766986,-1.22894786077307,-1.00036057199732
YDR372C,0.655110478401184,-0.187810525298119,0.0894287830032779,0.0602115335275351,0.500296426316102,0.814330477019151,-0.300772599755951,-0.0891993121935471
YDR375C,0.130232557654381,-0.889520287513733,0.0179958075648009,0.0610997601971129,0.0983875939622521,0.162503446141879,-1.00705966354389,-0.789137430999344
YDR376W,0.18729168176651,-0.731346905231476,0.0246604986821888,0.0583917314130096,0.143278170749545,0.229131856064002,-0.843819971816565,-0.639914543543035
YDR379W,0.0896484032273293,-1.05097556114197,0.0112438607963366,0.0557144213306531,0.0701697994644443,0.106968945264816,-1.15384976565179,-0.970742287414607
YDR380W,0.22308674454689,-0.655158519744873,0.0284863263497337,0.0565770055022228,0.174258783087134,0.269354550292095,-0.758805323866174,-0.569675684498623
YDR381W,4.45056104660034,0.641590654850006,0.789473247318816,0.0772155307006461,3.11838738719622,6.16611672639847,0.49393006503917,0.790011733655746
YDR383C,0.0914035439491272,-1.05033648014069,0.020944441702814,0.0994712067668296,0.0557946057990193,0.13744049804906,-1.25340778975745,-0.861885325809354
YDR384C,1.20458734035492,0.0759465023875237,0.179634480325086,0.0655120395406664,0.886879146099091,1.55622133314609,-0.0521355568968327,0.19207129967295
YDR386W,0.049740307033062,-1.30738079547882,0.00674909835832009,0.0600294569716794,0.0377907687487702,0.0616630142554641,-1.42261429799772,-1.2099752502266
YDR387C,0.0330206640064716,-1.48593688011169,0.00483070788399949,0.0644300376116585,0.0244945287859688,0.0423091623621682,-1.61093092378605,-1.37356557453133
YDR389W,0.192241460084915,-0.719740927219391,0.0243907340173771,0.056221233486015,0.149548769121369,0.231907728438576,-0.825217157738835,-0.634684778570614
YDR390C,0.261357665061951,-0.586303293704987,0.0329202088332478,0.0558381974983983,0.203512266278267,0.314918347696463,-0.6914094094539,-0.501802045147471
YDR393W,0.0978456512093544,-1.01376569271088,0.0136522797673763,0.0615559579034512,0.0737265325461825,0.123008809611201,-1.13237619197229,-0.910063785300971
YDR394W,1.40978169441223,0.145441219210625,0.182032777100407,0.0571687286510211,1.09404792884986,1.72146821022034,0.0390363480472467,0.235899007143298
YDR395W,0.944425284862518,-0.0281559880822897,0.115008970220458,0.0541749354253896,0.745463195443153,1.1113771935304,-0.127573796006161,0.0458614772775577
YDR400W,0.393633633852005,-0.409240365028381,0.0550521122939275,0.061738144793868,0.295809745788574,0.495859811455011,-0.52898752177768,-0.304641089774901
YDR405W,0.237492576241493,-0.629908323287964,0.0378899652261414,0.0697560544513921,0.172049735859036,0.314260880400737,-0.76434599266744,-0.502709694254907
YDR406W,0.0788699612021446,-1.10642540454865,0.00963352117501931,0.054270967470694,0.0622334274152915,0.0935831472277641,-1.20597628087735,-1.02880235499411
YDR407C,0.109096176922321,-0.965570330619812,0.0134151828147168,0.0545925589246203,0.0861626292268435,0.129043546691537,-1.06468105715635,-0.889263709465581
YDR410C,0.330725759267807,-0.488515049219131,0.0637581265928733,0.0833722110177086,0.225087140873075,0.46980572938919,-0.647649338306365,-0.328081753717768
YDR411C,0.339310973882675,-0.473901122808456,0.0483974585461076,0.0628768356381866,0.254979842404524,0.429936394840479,-0.593494162175345,-0.36659578975579
YDR412W,0.848332226276398,-0.0777303501963615,0.144751110903606,0.0741119337641507,0.600545453031858,1.15425613125165,-0.221454159167764,0.0623020187556076
YDR414C,0.142020657658577,-0.85214227437973,0.0203035705796957,0.0627657522839354,0.106834218651056,0.180814971402287,-0.971289624077495,-0.742765638207755
YDR415C,0.291712641716003,-0.539099156856537,0.0394204074867698,0.0597433173241278,0.220643435046077,0.361825969070196,-0.656308994340011,-0.441500275775099
YDR416W,0.0995230451226234,-1.00564587116241,0.0125748022278279,0.056127268956142,0.0774271182095011,0.119315944177409,-1.11110690462936,-0.923301517724977
YDR421W,0.0552068613469601,-1.26175487041473,0.00715721131550339,0.0574724371331691,0.0428729266238709,0.0670834922542175,-1.36781686976639,-1.17338433917264
YDR422C,0.177794769406319,-0.75355076789856,0.0221609774143542,0.0553006009393107,0.139765188594659,0.212569039563338,-0.854600995699643,-0.67249999145976
YDR429C,3.65935707092285,0.55868798494339,0.537301268544165,0.0642489573571754,2.71006236672401,4.69075225194295,0.432979269295286,0.671242495676723
YDR430C,0.290251940488815,-0.540531516075134,0.0352896239970973,0.0540420146846895,0.230249390006065,0.343692898750305,-0.637801511695069,-0.463829440994626
YDR434W,0.495688587427139,-0.308328777551651,0.0624012483581253,0.0558372530447958,0.385949701070786,0.596840532620748,-0.413469291107488,-0.224141690745832
YDR438W,0.00177109218202531,-2.80085301399231,0.000843517587542427,0.21278011883701,0.000540731055662036,0.00382531222033625,-3.26701879624474,-2.41733318726549
YDR440W,0.0979129374027252,-1.01296901702881,0.0128124023025265,0.057928177488483,0.0754669771219293,0.119524747692049,-1.12224306242725,-0.922542166092835
YDR444W,0.0644728168845177,-1.19453847408295,0.00855193063558174,0.0587119698005425,0.0493513500628372,0.078864611685276,-1.30670096264884,-1.1031178307258
YDR446W,0.00481352116912603,-2.34792470932007,0.00179672285503131,0.165456627337757,0.00202233995660208,0.00895156981423496,-2.69414583900563,-2.04810102246988
YDR448W,0.234247878193855,-0.634199440479279,0.0309175996071569,0.0584248930992447,0.179422033950686,0.287641307463249,-0.746124224432735,-0.541148746699296
YDR449C,0.352639138698578,-0.456420511007309,0.0458243182489097,0.0574728564277896,0.271841649959485,0.430017976462841,-0.565684004789187,-0.366513391461283
YDR451C,0.446907579898834,-0.353883475065231,0.0608768584745634,0.0600133741145882,0.341218156864246,0.556418578326702,-0.466967869017196,-0.254598377728168
YDR456W,0.199521631002426,-0.703546822071075,0.0251141207956379,0.0558451688648402,0.155427920818329,0.239404609426856,-0.808470963385069,-0.620867492575072
YDR457W,0.381616413593292,-0.42150029540062,0.045033908645888,0.0525650865775107,0.305530522763729,0.442153009275595,-0.514945396890326,-0.354427416073501
YDR458C,0.171930626034737,-0.768144726753235,0.0215100106997614,0.0555438596809747,0.134510103116433,0.206052726134658,-0.871245107424786,-0.686021637495653
YDR460W,0.202770292758942,-0.697997570037842,0.0305653693781968,0.0662607920995152,0.148872420191765,0.262755662202835,-0.827185751327393,-0.580447916453094
YDR463W,0.493239194154739,-0.310585021972656,0.063079475951782,0.0566491765932998,0.384037387619416,0.595726950963338,-0.415626495042143,-0.224952761378331
YDR464W,0.118896938860416,-0.928037226200104,0.0142351780616405,0.0532099266752947,0.094485243037343,0.139647691324353,-1.02463604756702,-0.854966242949792
YDR465C,0.480963528156281,-0.321598768234253,0.0621042106238736,0.0571675170122081,0.373884585251411,0.585053624212742,-0.427262457329067,-0.232804333937776
YDR470C,0.119266174733639,-0.927375197410583,0.0157982978074516,0.0585055024472503,0.0915054901813467,0.14691382398208,-1.03855284963955,-0.832937337313677
YDR472W,0.238920822739601,-0.627090275287628,0.037357856772488,0.0683821469933407,0.173994024718801,0.314434186617533,-0.759465669437791,-0.502470247853445
YDR473C,0.108389623463154,-0.969176292419434,0.0149006972889214,0.0604333543990325,0.0832436932250857,0.13532142577072,-1.07964866739375,-0.868633447055476
YDR477W,0.523214280605316,-0.284710168838501,0.0644471678726292,0.0546745131603722,0.411011219024658,0.622233873109023,-0.386146323393998,-0.206046352204184
YDR479C,0.0705141872167587,-1.1556042432785,0.0093204405472342,0.0584475820018138,0.05398085086296,0.086758058766524,-1.26776028629182,-1.06169017727465
YDR481C,1.57851409912109,0.194643035531044,0.2003579851156,0.0564170568686063,1.22724210421244,1.89419043064117,0.0889302405533105,0.277423638246597
YDR484W,0.104214236140251,-0.985806167125702,0.0134854361139335,0.057347360907847,0.08050287514925,0.126562969014049,-1.09418860858672,-0.897693345854268
YDR485C,0.115682311356068,-0.940375804901123,0.0147706752956763,0.0566856599864509,0.0902596378078063,0.13935633401076,-1.04450641403815,-0.855873287975741
YDR486C,0.38702255487442,-0.41902631521225,0.0683496843008674,0.0768633718438208,0.271432772030433,0.526667058467865,-0.566337775234391,-0.278463844682262
YDR488C,0.0716082900762558,-1.14916718006134,0.00976277175587013,0.0603115967172717,0.054455037911733,0.0889089130486051,-1.26396193789431,-1.05105470761637
YDR489W,0.155480399727821,-0.813698947429657,0.024358160868931,0.0686212360669198,0.113427626589934,0.203646117697159,-0.945281168277763,-0.691123885900279
YDR490C,0.145042538642883,-0.841966390609741,0.0180699201659089,0.0552192449283062,0.113511608478924,0.173550027608871,-0.944959723449543,-0.760575313625654
YDR492W,0.301494151353836,-0.525368332862854,0.0437661598793229,0.0638775557521801,0.223484862719973,0.38512322033445,-0.650751890886028,-0.41440037093177
YDR494W,0.240097090601921,-0.623697340488434,0.032628054578835,0.0598942244182329,0.182423681393266,0.298487474024296,-0.738918798988037,-0.525073889258515
YDR495C,0.0792353749275208,-1.10468745231628,0.010060072733421,0.056447200347587,0.0613897468273838,0.0953356567149361,-1.21190415772083,-1.02074463799833
YDR496C,1.03140580654144,0.0100125800818205,0.12746955297675,0.0548999377001314,0.812385860582193,1.22346619764964,-0.0902376459106517,0.0875919730080591
YDR497C,0.880115449428558,-0.0588370375335217,0.108187526136238,0.0545877671230638,0.689826787511508,1.04809325138728,-0.161259964352788,0.0203999132991344
YDR498C,0.150207877159119,-0.827403783798218,0.0204040286856785,0.0600458457257025,0.114617453391353,0.186603233466546,-0.940749257825709,-0.729080835139805
YDR499W,0.0466655157506466,-1.33484137058258,0.00612674643293611,0.0581653931102384,0.0358940615939597,0.0571085289120674,-1.44497739764907,-1.2432990269058
YDR501W,0.0731860473752022,-1.13967680931091,0.0099589907067904,0.0600824386278308,0.0555186457931995,0.0911832964668671,-1.25556113570366,-1.04008471126366
YDR503C,0.127225279808044,-0.901445209980011,0.0210628411934576,0.0727066616298376,0.0898976848150293,0.170008182773987,-1.04625157733999,-0.769530205465949
YDR505C,0.234515130519867,-0.63323038816452,0.0289552208139464,0.0547405394432225,0.185281095902125,0.279094785451889,-0.732168891094525,-0.554248277702076
YDR506C,0.0931950286030769,-1.03450345993042,0.0123269331790957,0.0585621768603829,0.0719123855233192,0.114083750918508,-1.14319630431538,-0.942776208275571
YDR507C,0.425197452306747,-0.374710321426392,0.0516201112865147,0.053964726202523,0.337230909864108,0.50009001493454,-0.472072626067945,-0.30095181695253
YDR514C,0.173178642988205,-0.765379250049591,0.0228300092811796,0.0584330221936559,0.132820061221719,0.212614579995473,-0.876736327607589,-0.672406959094304
YDR515W,0.178488507866859,-0.752371311187744,0.0238905252798568,0.0591848951824441,0.136749684810638,0.221139657124877,-0.864073665982892,-0.655333368261518
YDR517W,0.478058874607086,-0.324587732553482,0.0646906723405582,0.0598547916242108,0.362237401306629,0.591008192300796,-0.441006710772007,-0.228406511042369
YDR518W,0.559020936489105,-0.256196677684784,0.0712756542765095,0.0565250940844642,0.434747695922852,0.677017798523108,-0.361762710994354,-0.169399914731494
YDR522C,0.00142811448313296,-2.88289833068848,0.000597862077101899,0.184404955063142,0.000539821397978812,0.00287782046555852,-3.26775164017186,-2.54093631763793
YDR524C,0.0904150903224945,-1.04788672924042,0.012346107255567,0.0602696575152594,0.0685768953834971,0.113251901976764,-1.16382218020235,-0.945954496306302
YDR527W,0.299813389778137,-0.527056396007538,0.0397614999853731,0.0586498905485645,0.229902902742227,0.368611792474985,-0.638455545319071,-0.433430783112205
YDR528W,0.113019190728664,-0.951148152351379,0.0157476506385031,0.061524900161674,0.0851517918830117,0.142356500029564,-1.06980621505999,-0.846622698081318
YDR530C,0.138216152787209,-0.864625513553619,0.0212110635618026,0.0674718772674489,0.100184589996934,0.180817886566122,-0.999199075009185,-0.742758611214575
YDR531W,0.387848228216171,-0.415375888347626,0.0524198414952489,0.0595653094082445,0.294528026878834,0.483343554039796,-0.530873375120111,-0.315744109932457
YDR532C,0.102073058485985,-0.995700895786285,0.0147462929110625,0.0636507285873879,0.0758768245577812,0.129966475069523,-1.1198908526106,-0.886168660049711
YDR533C,0.205825120210648,-0.693716764450073,0.0375517884291706,0.0794146604932946,0.141842524831494,0.285176814844211,-0.848193701147159,-0.544885785966675
YDR534C,0.165915161371231,-0.783929228782654,0.0217417652473438,0.0579440716340204,0.127360343933105,0.204190887759129,-0.89496577680452,-0.68996365746317
YDR536W,0.00140482431743294,-2.88405227661133,0.000537436992679926,0.169118048722767,0.000575536653923336,0.00265229735717488,-3.23992704230666,-2.57637778782366
YDR538W,0.133591428399086,-0.883534491062164,0.0277494231471658,0.0902741685042915,0.0867812881246209,0.192833642661571,-1.0615739119352,-0.714817194793234
YDR539W,0.416834026575089,-0.38371753692627,0.0535350411931235,0.0569691032822714,0.322603353857994,0.505060218771299,-0.49133112231267,-0.296656843260283
YDR541C,0.0672765448689461,-1.17766678333282,0.0106947454741905,0.0696122279262209,0.0488489382589857,0.0884227626646558,-1.31114488687802,-1.0534359328657
YEL072W,0.0181372463703156,-1.77523791790009,0.00718095077450735,0.174432790462006,0.00721192850808923,0.0353425666689873,-2.14195062977912,-1.45170191409068
YEL065W,0.846573054790497,-0.0757861062884331,0.105098511622021,0.0551980256502457,0.662790755430857,1.01172687808673,-0.178623558333451,0.00506328486586204
YEL064C,0.0570059157907963,-1.24848735332489,0.00804342148119989,0.0622384215223872,0.0427739911091824,0.0720411300659179,-1.36882022692969,-1.14241952812677
YEL063C,0.449344336986542,-0.351017594337463,0.0570039830116796,0.0563371602270766,0.348869987080495,0.538279113173485,-0.45733642843838,-0.268992475964983
YEL062W,0.0713963657617569,-1.15025722980499,0.00948646835912588,0.0588973405851995,0.0545939095318317,0.087502583861351,-1.2628558042596,-1.05797912251873
YEL060C,0.789948761463165,-0.105992138385773,0.100184458800971,0.0562775853022713,0.616336852312088,0.947881405552228,-0.210181892163038,-0.0232460016672008
YEL058W,0.793261408805847,-0.104087464511395,0.0994496514147527,0.0555611734490703,0.621000962952773,0.957599667708079,-0.206907726615847,-0.0188160143795247
YEL057C,0.00935842283070087,-2.06843590736389,0.00399633509872775,0.189804047094546,0.00339596753474325,0.0186305322063466,-2.46903677662119,-1.72977474404088
YEL056W,0.253015220165253,-0.601075410842896,0.0348991906999829,0.0609408030776269,0.191545756906271,0.31515327518185,-0.717727494859731,-0.501478191023076
YEL055C,0.617834210395813,-0.212424412369728,0.0749576050175151,0.0539538590479049,0.489021981010834,0.726281737287839,-0.31067162469161,-0.138894876329038
YEL053C,0.107869289815426,-0.970713198184967,0.0137422159243041,0.0563646490896179,0.0837531479696433,0.130568787455559,-1.0769988609778,-0.884160629002027
YEL052W,0.226837128400803,-0.648011326789856,0.0292875116008373,0.057324051734902,0.174633860215545,0.275341600179672,-0.757871549981204,-0.560128167961567
YEL051W,2.45421552658081,0.384806215763092,0.374378702944623,0.0669015999003891,1.80111769239108,3.20177960395813,0.255542069210948,0.505391433742214
YEL050C,0.248930349946022,-0.60800689458847,0.0337748978808887,0.0599548191496551,0.189020333811641,0.309048980474472,-0.723491474204781,-0.509972684769264
YEL047C,1.26075291633606,0.0969554334878922,0.162028602791831,0.0568851933442764,0.980228362480799,1.52916771372159,-0.0086727360767425,0.18445511931475
YEL043W,0.134460031986237,-0.874778926372528,0.0165148003585691,0.0545435163800596,0.106100298650563,0.160559285059571,-0.974283395485742,-0.794364577220851
YEL042W,1.22379994392395,0.0842055082321167,0.153505183488465,0.0555719253031682,0.954527204235395,1.47132182121277,-0.0202116957712582,0.167707674015825
YEL041W,0.0334097407758236,-1.48118758201599,0.00505972930907889,0.0666678444223133,0.0244928340427578,0.043249853545179,-1.61096097391534,-1.36401536042605
YEL040W,2.25447487831116,0.349498629570007,0.283900080767604,0.0559627296215914,1.75175203184287,2.71651512781779,0.243472606679008,0.434012127619153
YEL038W,0.18182498216629,-0.74902617931366,0.0364620107189765,0.0871028457213132,0.120453121202687,0.26073760141929,-0.919181943036876,-0.583796351122663
YEL037C,1.89856815338135,0.274556279182434,0.25049302540947,0.0583728959290963,1.46025766730309,2.3351555565993,0.164429474738222,0.368315814773191
YEL036C,0.391814470291138,-0.410484433174133,0.0495861814002167,0.0560344349597661,0.304542392492294,0.475615941733122,-0.516352244758466,-0.322743614427571
YEL032W,0.320069134235382,-0.498079925775528,0.0390244537083734,0.0541419637536553,0.253847662856181,0.378613024950027,-0.595426831668782,-0.421804449625726
YEL031W,1.62861299514771,0.208534941077232,0.196943861029656,0.0538669639116644,1.29182759424051,1.90141344070435,0.111204548016885,0.279076559524033
YEL029C,0.161465585231781,-0.797079384326935,0.0247530505789599,0.0672733620437307,0.117931929665307,0.210455776875218,-0.928368682168517,-0.676839227539108
YEL023C,0.000905252294614911,-3.07888007164001,0.000367415639597822,0.179619610442111,0.000347489612128508,0.00175787763534269,-3.45905826424907,-2.75501135950836
YEL022W,0.361632317304611,-0.444999665021896,0.0436959636504328,0.0537033877702055,0.28782744606336,0.424849227319161,-0.540867796139832,-0.371765167963083
YEL021W,0.00196037394925952,-2.78623056411743,0.00116596947941828,0.275418882070125,0.000389908176051298,0.00490843402221799,-3.40903767230247,-2.30905704416658
YEL020C,0.0790901556611061,-1.10592019557953,0.0106632655102677,0.0596727132081611,0.0599880485484997,0.0979644949858387,-1.22193529275343,-1.00893129628421
YEL019C,0.0808408185839653,-1.09986841678619,0.0149940988788953,0.0810754875703214,0.0546356860237817,0.112415391020477,-1.26252362951175,-0.949174242224603
YEL016C,0.0580336041748524,-1.24066281318665,0.00812377288411129,0.0617969559929386,0.0438141574462255,0.0725797755022844,-1.35838555670766,-1.13918438437797
YEL015W,0.417418360710144,-0.383037596940994,0.053041229836036,0.0564378178217642,0.324538434545199,0.502366308371226,-0.488733868092289,-0.298979494678237
YEL013W,0.85577517747879,-0.0711356028914452,0.10721778990083,0.0554840099640421,0.672134006023407,1.02692517141501,-0.172544131897784,0.0115387961144924
YEL011W,0.0980687290430069,-1.01213133335114,0.012571122861223,0.0568015980462085,0.0761649236083031,0.119131444580853,-1.11824498916663,-0.923973597324104
YEL007W,0.34334921836853,-0.467812985181808,0.0432862894988088,0.0559429348171476,0.26742582966884,0.410671148945888,-0.572796648157257,-0.386505807212738
YEL006W,0.0809461623430252,-1.09710347652435,0.0126008874469748,0.0681304504462746,0.0590119739994407,0.105728647919993,-1.22905985802141,-0.975807514174196
YEL005C,0.0353792198002338,-1.45971059799194,0.00696425565240741,0.0861973383496103,0.0233570746767024,0.0499212667346001,-1.63158155153605,-1.30171440311596
YEL004W,0.101234123110771,-0.9996417760849,0.0151898744755106,0.0660919753810368,0.0739372590556741,0.131142454842726,-1.13113665885933,-0.882256693166583
YEL002C,1.77752828598022,0.246085003018379,0.229868624759033,0.057356125791533,1.3694314400355,2.16024340192477,0.136540294333995,0.334502681635472
YER001W,0.429846912622452,-0.370077133178711,0.0529445614097978,0.0546875170298959,0.33997318148613,0.510654985904694,-0.468555340581163,-0.291872423395312
YER002W,1.09579360485077,0.0333448089659214,0.187722104370441,0.0747172560582369,0.767310202121735,1.49706992308299,-0.115029027401095,0.17524206758096
YER003C,3.00364685058594,0.474037647247314,0.382816178440404,0.0563723937926133,2.34113696416219,3.64619508981705,0.369426811293745,0.561839894853984
YER004W,0.988921105861664,-0.0109256198629737,0.165171976008433,0.0729889656720777,0.703284941116969,1.33499511082967,-0.152868693345328,0.125479618335508
YER005W,0.121201612055302,-0.920301079750061,0.0158534045326558,0.057933991112207,0.0934470935414235,0.147506785144409,-1.02943420192187,-0.831188002199406
YER006W,1.33297610282898,0.121310472488403,0.167171961516841,0.0556618706790327,1.04072031676769,1.6024620393912,0.0173339840044753,0.204787750252686
YER008C,0.179034158587456,-0.75030791759491,0.0215786253714364,0.0534720004610903,0.142626264194647,0.210675082355738,-0.845800504922097,-0.676386836627198
YER010C,0.352158010005951,-0.461125493049622,0.0672835641902378,0.0828125564557009,0.236449600259463,0.499434590339661,-0.626261520674085,-0.301521382142036
YER014W,0.175901800394058,-0.758492946624756,0.0228625841032016,0.0575723574692279,0.135901489853859,0.213341286530097,-0.866775782805592,-0.670925090974482
YER016W,0.312804311513901,-0.508991599082947,0.0434437929841903,0.0612271930877009,0.236087116723259,0.393079549074173,-0.62692771888655,-0.40551955082575
YER017C,0.227139919996262,-0.64724200963974,0.0285878432112473,0.0558222730838198,0.177962554246187,0.272638887663682,-0.749671370051866,-0.564412203352242
YER020W,0.231095731258392,-0.640190780162811,0.0309342633421302,0.0592104053090871,0.176817823449771,0.285794995725155,-0.752473968491846,-0.543945382815903
YER021W,1.29199707508087,0.107768468558788,0.161741419368907,0.0554846876713551,1.01307538549105,1.55602701803048,0.00564176278593093,0.192017133524169
YER022W,0.176883026957512,-0.755934774875641,0.0225282029835892,0.0565027437278393,0.138087984919548,0.213321432222923,-0.859844126592338,-0.670965509170908
YER023W,3.74669933319092,0.569355130195618,0.522916506074473,0.0613934396134724,2.81495060722033,4.75158523718516,0.44947073593095,0.676838516541797
YER025W,3.40639185905457,0.528779149055481,0.427214424049453,0.0556835654876487,2.65662762522697,4.08531108299891,0.424330683137092,0.611225130987392
YER027C,0.692108273506165,-0.16364386677742,0.0907508882135609,0.0579675492158459,0.533373834689458,0.851197256644567,-0.272968312678201,-0.0699697852838298
YER028C,0.085239440202713,-1.07406544685364,0.0124638104107218,0.0642638497864466,0.0633981376886368,0.108831057821711,-1.19792349927012,-0.963247149559448
YER037W,0.178232297301292,-0.753783464431763,0.0262083583503021,0.0647248659101488,0.132362781340877,0.227561691279213,-0.87823411934785,-0.642900847147111
YER038C,0.0299248788505793,-1.52959644794464,0.00479817043920356,0.0702447531747806,0.0215743005741388,0.0393078514064351,-1.66606339354103,-1.40552078432015
YER039C,0.00320318900048733,-2.57821822166443,0.00199317772422617,0.282172425565537,0.000666170603653882,0.00833104609822233,-3.17641602410476,-2.07930046417046
YER040W,0.100301072001457,-1.00225710868835,0.012676314205345,0.056032554729619,0.0782429426908493,0.120901529304683,-1.1065548242434,-0.917568216047064
YER043C,10.3039693832397,1.00943624973297,1.30189187231682,0.0561035192770164,8.00166797637939,12.3724062681198,0.903180526670833,1.09245417231982
YER044C-A,0.00195146887563169,-2.74332118034363,0.000766054996828208,0.174660815271942,0.0007668596226722,0.00374137192654113,-3.11528412846104,-2.42696924191263
YER045C,0.0417807847261429,-1.38353955745697,0.00596640237676296,0.0630300811939119,0.0312202278369417,0.0529081275686622,-1.50556393320416,-1.27647761104755
YER047C,0.0923817530274391,-1.03790438175201,0.011542119751971,0.055479032862904,0.0723889427880446,0.110744375487169,-1.14032776602921,-0.955678353995308
YER049W,0.905474305152893,-0.0465460158884525,0.112052098539607,0.0549400513885709,0.713583927353223,1.0792766024669,-0.146554940519065,0.0331327614408368
YER051W,0.048642810434103,-1.31761014461517,0.00704528655293665,0.063797714203821,0.0361977382873495,0.0621325830308099,-1.44131856497704,-1.20668060708171
YER052C,0.948230564594269,-0.0265900548547506,0.118766509966319,0.0556010508683262,0.737246518830458,1.14113284846147,-0.132387269798583,0.0573362048097023
YER053C,0.141880497336388,-0.853010237216949,0.0212486746340523,0.0657965283195622,0.104037364510198,0.18429716390868,-0.982810687394828,-0.73448136104366
YER055C,3.07955765724182,0.483952105045319,0.441729267050484,0.0631165676634231,2.30514606237411,3.92722364266713,0.362698439662059,0.594085633211875
YER059W,0.194566935300827,-0.714887022972107,0.0259823060498025,0.0589926946690456,0.14928430741032,0.2406568210572,-0.825985853394905,-0.618601851422701
YER061C,0.139049783349037,-0.860915422439575,0.0188998228027048,0.059919747298661,0.106069183970491,0.172673960278432,-0.974410782523519,-0.762773150352235
YER062C,1.23071122169495,0.0846429020166397,0.195319566598846,0.0694980874433068,0.887182939052582,1.6213037888209,-0.0519868245568023,0.209864396663194
YER064C,0.854109883308411,-0.0720410346984863,0.107788764199772,0.0559873707559603,0.665067597230275,1.02749855518341,-0.177134212564672,0.0117812198640487
YER065C,0.00703078601509333,-2.16258192062378,0.0014748711281645,0.0917587200978987,0.00447021890431643,0.0101458305104946,-2.34967120917032,-1.99371307100976
YER068W,0.520912110805511,-0.286758214235306,0.0654824172528069,0.0557170874697415,0.408660557617744,0.626523557802041,-0.388637277237798,-0.203062598080612
YER073W,0.98324716091156,-0.0109203569591045,0.124614643117105,0.0561961003525002,0.765352725982666,1.18517756462097,-0.116138366620173,0.0737834217031084
YER076C,0.0576413944363594,-1.2462306022644,0.0103167854585009,0.0780679941815171,0.0397666792074839,0.0795634037504593,-1.40048069298594,-1.09928664985328
YER080W,0.732823312282562,-0.138437211513519,0.0909043712670986,0.0550407851242676,0.576416717966398,0.872946327924728,-0.239263431717858,-0.0590124577136484
YER082C,0.46314525604248,-0.337837517261505,0.0584789044689059,0.0559858507568193,0.360605984926224,0.558787113924821,-0.442967069630078,-0.252753618687615
YER087W,0.141639888286591,-0.852535963058472,0.0183271015353844,0.0572405502650866,0.109949119699498,0.172246618196368,-0.95880824557437,-0.763849297600236
YER088C,0.382947862148285,-0.420344293117523,0.0479017281807309,0.055403194339734,0.299910642206669,0.460472673674424,-0.52300813233023,-0.336796138111273
YER089C,0.736547827720642,-0.13651005923748,0.0951779269519267,0.0571542809856619,0.569934845964114,0.899009797970454,-0.244174792317521,-0.046235575030197
YER090W,1.64983594417572,0.213858783245087,0.209187880924586,0.056176404359212,1.28591264684995,1.99159275492032,0.109211467506692,0.299200537117042
YER091C,5.91214513778687,0.768427431583405,0.720530543559479,0.0541019963856454,4.68147159020106,7.0044561624527,0.670382391479423,0.845374420880568
YER095W,0.396384119987488,-0.405752301216125,0.052309755061313,0.0583602245203869,0.302875000983477,0.487892689059178,-0.518736577830647,-0.311675690348971
YER096W,0.00877232383936644,-2.06562185287476,0.00175056883285031,0.0877231406129557,0.00569805986015126,0.0125039582451185,-2.24427299349442,-1.90295249203666
YER098W,0.0298627503216267,-1.52896809577942,0.00406470358929018,0.0600031950001854,0.0226867067161948,0.0371587028106053,-1.64422854906865,-1.42993949238277
YER099C,0.57163667678833,-0.247203513979912,0.0800013959611975,0.0616084827994115,0.432449186841647,0.720297667384148,-0.364064924983336,-0.142487992274053
YER101C,0.134225115180016,-0.876261115074158,0.0182545648551322,0.0599836156715799,0.102083836433788,0.167441467816631,-0.991043023077102,-0.776136979498957
YER103W,0.165791675448418,-0.784108757972717,0.0212933647277363,0.0568600711512582,0.129024147987366,0.201165725414952,-0.889329000117784,-0.696446014629441
YER106W,0.00333495065569878,-2.52296853065491,0.00153602186816914,0.205979120942896,0.00109585426495566,0.00688310619443655,-2.96024735285134,-2.16221552998106
YER107C,0.472428858280182,-0.329926073551178,0.0655547022380228,0.0612171663621784,0.355457067489624,0.594027818739414,-0.449212846349992,-0.226193216254974
YER110C,3.60433435440063,0.553548276424408,0.435397580137612,0.0538178701591372,2.85738086700439,4.21486684878667,0.455968132372249,0.624783859439821
YER111C,0.138797357678413,-0.861056745052338,0.0172165338592973,0.0550814239548822,0.109301667163769,0.165326676641901,-0.961373215173217,-0.781657064253241
YER116C,0.122543312609196,-0.918410837650299,0.0215647478288211,0.0764682974833158,0.0858764462172985,0.16823070148627,-1.06612593717176,-0.774094747090589
YER118C,0.463180661201477,-0.338372319936752,0.0631846317282648,0.0602324419725719,0.352521301805973,0.577044725418091,-0.452814640940451,-0.238790524366793
YER119C,0.255709141492844,-0.596178352832794,0.0340122395727812,0.058770994486394,0.196297409882148,0.31566396355629,-0.707085456442093,-0.500774994673983
YER122C,1.40725612640381,0.144807487726212,0.177884206392191,0.0560751986276812,1.09488618373871,1.69695210357507,0.0393689754836098,0.229669583614305
YER124C,1.16374516487122,0.0623817630112171,0.145120643276793,0.0553898057318819,0.910922288894653,1.39499736527602,-0.0405186712638677,0.14457338009564
YER126C,1.14134633541107,0.0522269047796726,0.176078116553098,0.0673664321892463,0.838258683681488,1.50534097452958,-0.0766219389365189,0.177634875987431
YER127W,0.442049950361252,-0.358558267354965,0.0596291025260346,0.0595156641736181,0.337368173400561,0.550008833408356,-0.471895890314592,-0.25963033546994
YER129W,0.0688786879181862,-1.16555368900299,0.00878177405191793,0.0566791781396674,0.0536317766644061,0.0827643263464173,-1.27057782451625,-1.08215681557136
YER130C,0.205461457371712,-0.691171407699585,0.0272433724804781,0.0586053737396027,0.157266937072078,0.253775654236476,-0.80336266410574,-0.595550043940413
YER132C,0.0530619919300079,-1.27864575386047,0.00656965713357616,0.0550191711715978,0.0418277122080326,0.0628971796482801,-1.37853588876861,-1.20136882905535
YER133W,2.14762449264526,0.327672868967056,0.299315049633542,0.061335809265715,1.6238371471564,2.71046177347501,0.210542469487297,0.433043270194237
YER136W,1.55791854858398,0.188878878951073,0.200131950585933,0.0567905378249747,1.21388399600983,1.88513998289903,0.0841771856684033,0.275343601253552
YER139C,0.315933704376221,-0.510525166988373,0.0690515454858508,0.093730288658597,0.202265103409688,0.469972106566032,-0.69407915202149,-0.327927919169295
YER141W,0.531035900115967,-0.278498262166977,0.0677101573637266,0.0565076739257966,0.410073131322861,0.643392608563105,-0.387138685480847,-0.191523933022273
YER142C,0.153463080525398,-0.819449126720428,0.0242297859293245,0.0691213106667768,0.110688199289143,0.202331085130572,-0.955898682248224,-0.69393739062032
YER143W,0.413410395383835,-0.387481480836868,0.0545571169398991,0.0582834471200226,0.320655449231466,0.508684137960275,-0.493961376657688,-0.293551818494257
YER148W,1.01120483875275,-0.000834363105241209,0.163261028342642,0.0704332811049184,0.720923471450806,1.34831553995609,-0.142110836597545,0.129791538313617
YER149C,0.156083270907402,-0.810720205307007,0.0211393575219655,0.0599264225732438,0.118667802090446,0.193678218871355,-0.925667317262809,-0.712919219255611
YER151C,0.473871052265167,-0.327795743942261,0.0589095447040083,0.0552287122145078,0.37317721247673,0.56198395738999,-0.428084894183358,-0.250276083839958
YER154W,0.291467487812042,-0.539480030536652,0.0395030024475188,0.0598260615236555,0.223808422684669,0.361912120133638,-0.650123573497375,-0.441396874669147
YER155C,0.333791941404343,-0.479762315750122,0.0401063287152712,0.0534709989734133,0.266124371190866,0.387788951893647,-0.574915352015513,-0.411404569104436
YER156C,1.14440023899078,0.0544189624488354,0.156963946499653,0.0604423439695466,0.873127601047357,1.41978847682476,-0.0589223329134079,0.152223636561501
YER157W,0.152817502617836,-0.819287180900574,0.0190184707664235,0.0552553978115578,0.119739659130573,0.182658702135086,-0.921761982518393,-0.738359632517371
YER158C,0.0387028567492962,-1.41679489612579,0.00555229612905273,0.0631476979828847,0.0288250468826542,0.0491074281744659,-1.54022998041143,-1.30885281009515
YER162C,0.0654553845524788,-1.18774044513702,0.00841496623697119,0.0570414762604069,0.0505001712280015,0.0797455534338951,-1.29670718696684,-1.09829352360571
YER163C,0.301540642976761,-0.529535055160522,0.0615752754867327,0.0878352494103009,0.198889788488547,0.437792590508858,-0.70138755797315,-0.358731626881085
YER164W,0.405081480741501,-0.395797461271286,0.0494555949962274,0.0542911081373339,0.321917655318975,0.474981237699588,-0.492255204150091,-0.323323548306754
YER165W,8.43761444091797,0.922740995883942,1.05320216951708,0.0554051400523666,6.62038456996282,10.0887651443481,0.820883217240738,1.00383801224137
YER166W,0.287146627902985,-0.545145869255066,0.0345797036368026,0.0535554499262344,0.228553101420403,0.33573113506039,-0.641012881343371,-0.474008400407463
YER167W,0.117350816726685,-0.933950960636139,0.0145597824875298,0.0550459837301314,0.0920955017209053,0.14027904830873,-1.03576158180639,-0.853007189168705
YER168C,0.334246695041656,-0.479499071836472,0.0422926951112648,0.0560454055198943,0.261027436703444,0.403244255979856,-0.583313841562654,-0.394431810232111
YER169W,0.0927072539925575,-1.0362913608551,0.0114523412852991,0.0547710721038809,0.0727342342957854,0.111102821429571,-1.13826112882813,-0.954274912832651
YER173W,0.0252326354384422,-1.60281491279602,0.00370744260545728,0.0648327290981866,0.0187753889554491,0.0321485069890817,-1.72641107247965,-1.49283919395161
YER174C,0.337992787361145,-0.477773100137711,0.0593797124228626,0.0763607099229836,0.234650595113635,0.462755946815014,-0.629578404555039,-0.334647994665279
YER176W,0.214850783348083,-0.67133629322052,0.0267390785105391,0.055424169133985,0.16868758139511,0.253611713151137,-0.772916892631284,-0.595830724597492
YER178W,4.95522546768188,0.691505968570709,0.62599441574275,0.0559945917476926,3.86825919151306,5.99728084802627,0.587515566153619,0.777954385124805
YER179W,0.0170349460095167,-1.77805113792419,0.00354265812885794,0.0907187406600359,0.0109333528128142,0.024624565973257,-1.96124663728533,-1.6086315099408
YER180C,0.00221222382970154,-2.73470711708069,0.00134066224753225,0.272422418640312,0.000509875113008699,0.0057324414102671,-3.29254346679231,-2.24166057077863
YER182W,0.254032164812088,-0.601420283317566,0.0432550284118593,0.0742761584409778,0.179293134063482,0.345421999692917,-0.746436348797379,-0.461650005966661
YER184C,0.0110878059640527,-1.96083462238312,0.00177997147805712,0.0706282222854564,0.00796364806592464,0.0145794510453319,-2.09888794080989,-1.83625885093384
YER185W,0.00497063435614109,-2.33242273330688,0.00181414525154056,0.160740467168935,0.00214574132696725,0.00911944173276424,-2.66842266688683,-2.04003174717607
YER186C,0.00460697896778584,-2.36606621742249,0.00170213534170132,0.162379350255965,0.00199043610676502,0.00867307092994452,-2.70105187163617,-2.06182710185624
YFL055W,0.006598936393857,-2.18981981277466,0.00136638979405648,0.0901795001602639,0.00429272407200187,0.00942445899515102,-2.3672670467142,-2.02574357245383
YFL054C,0.0245866011828184,-1.61388540267944,0.00354090694875279,0.0634475935342848,0.0183222200566282,0.0314898133898775,-1.73702190668801,-1.50182992241505
YFL053W,0.00239409529604018,-2.6382269859314,0.000677357358530455,0.12404407494721,0.00129438956986026,0.00389445517406178,-2.88793509952814,-2.40955347267306
YFL052W,0.00750291673466563,-2.13523387908936,0.00164997053579613,0.0958227169420995,0.00470610475167632,0.0111534317567324,-2.32733841023083,-1.952591487327
YFL049W,0.150253564119339,-0.826767563819885,0.0191024705009406,0.056245471603187,0.117214674130082,0.182436580831806,-0.931018017763232,-0.738888094770818
YFL047W,0.205783516168594,-0.690066158771515,0.0257006332583228,0.0553772001246508,0.161541223526001,0.246046334505081,-0.791716632061485,-0.608983100518437
YFL044C,0.388416051864624,-0.415084779262543,0.0547463173135309,0.0620365637471898,0.291444680839777,0.491049468268951,-0.535443866687838,-0.308874755674365
YFL042C,0.154430747032166,-0.814728975296021,0.0192417194651335,0.0552273821282231,0.120994693475465,0.185158356154958,-0.917233678027709,-0.732456685454269
YFL040W,0.000923660350963473,-3.07847380638123,0.000413931149255847,0.200765838847973,0.000311108045085954,0.00187360627169255,-3.50708927316774,-2.72732168844995
YFL039C,15.0301675796509,1.17322015762329,1.95004597389606,0.0573813980193078,11.584340985616,18.3474808692932,1.06387132815309,1.26357644305764
YFL036W,0.192823871970177,-0.71805065870285,0.0231103188518306,0.0532167742042383,0.1537278406322,0.226520349954565,-0.813247474251102,-0.644892776097452
YFL034C-B,0.252609550952911,-0.602419674396515,0.0375766277337134,0.0653720252896997,0.186936143413186,0.325433655579885,-0.728306752965487,-0.487537539014731
YFL034W,0.113248385488987,-0.949460864067078,0.014141397650202,0.0555338046568232,0.0888799098630746,0.134676141291857,-1.05119639580599,-0.870709335417264
YFL031W,0.0814612060785294,-1.09786248207092,0.0164280981877454,0.0878230470893847,0.0537475966848433,0.117228001294037,-1.26964097999905,-0.930968673527924
YFL030W,0.0108763501048088,-1.97379994392395,0.00236545087329119,0.0950528062070071,0.00688788248226047,0.0161826934820662,-2.16191427121485,-1.79094919185384
YFL029C,0.165009692311287,-0.786881864070892,0.0232552267911869,0.0621283197150415,0.12405373994261,0.208207681775093,-0.906390147055854,-0.681503251333695
YFL028C,0.317613273859024,-0.503240585327148,0.0484939344496156,0.0671858223162267,0.232524146387974,0.410739255696535,-0.633531941689686,-0.386433788263381
YFL027C,0.0651256293058395,-1.19051015377045,0.00905295496865255,0.0611584352994391,0.0495394976809621,0.0815266445279121,-1.30504840137504,-1.08870043199218
YFL026W,2.24927520751953,0.348265767097473,0.293206715895967,0.0576623541584472,1.74431953628858,2.75099458495776,0.241626044854537,0.439489732549807
YFL025C,0.0948959141969681,-1.02620041370392,0.0117888452840585,0.0551673979846849,0.0742718006794651,0.112977038510144,-1.12917606170322,-0.947009816374868
YFL024C,0.10357066988945,-0.98833155632019,0.013108236237227,0.0560357853623792,0.0810730760917067,0.125056773920854,-1.0911233486031,-0.902892779183682
YFL023W,0.268745720386505,-0.574132442474365,0.0334974855156077,0.0553678822805509,0.211164682234327,0.320713231464227,-0.675378745537996,-0.493883122293731
YFL022C,2.93444919586182,0.464041590690613,0.366669858120265,0.0554397060354249,2.28089588483175,3.51773099104563,0.358105461374776,0.546262622850073
YFL018C,2.33852005004883,0.365445494651794,0.29262278156181,0.055521315614077,1.81962670783202,2.81772655844688,0.25998229398742,0.449898843169153
YFL016C,0.357325941324234,-0.450735658407211,0.0467041199081393,0.0578388178372363,0.276258885860443,0.436824472248554,-0.558683744010568,-0.359693048290623
YFL013C,0.226382672786713,-0.648625731468201,0.028230072197175,0.0553047079084111,0.176990074167649,0.271549881498019,-0.752051088752872,-0.566150382452353
YFL011W,0.00174263387452811,-2.78814101219177,0.000636861390533468,0.162954717372101,0.000726384928566404,0.00321138664536799,-3.13883322148193,-2.49330740301237
YFL008W,0.256636768579483,-0.594066202640533,0.0315554100485394,0.0546417790263219,0.203235164284706,0.302208930999041,-0.692001147108784,-0.519692714216367
YFL007W,0.312389463186264,-0.508501052856445,0.0373049027002329,0.0531190752308909,0.249329563851158,0.364585497726997,-0.603226223726228,-0.4382006104596
YFL004W,1.5454934835434,0.18578764796257,0.187267208625804,0.0537705675649492,1.22265402575334,1.82449376583099,0.0873035821687645,0.261142383748996
YFL002C,0.266738206148148,-0.57744312286377,0.033562121916618,0.0557380381304907,0.208981027826667,0.320924173047145,-0.67989313981182,-0.493597574663011
YFR002W,0.414942294359207,-0.385446846485138,0.0514364499913982,0.0550401717494516,0.326308652261893,0.492596139013767,-0.486371414104097,-0.307508999362826
YFR005C,0.162019670009613,-0.794520914554596,0.0219705726377363,0.0600275215158209,0.122775841193895,0.200978901733955,-0.910887091845753,-0.696849535030843
YFR007W,0.118623718619347,-0.930567264556885,0.0173784637302123,0.0645407997932352,0.0871213950837652,0.151968936001261,-1.05987518129385,-0.818245178526907
YFR009W,1.27427446842194,0.101881019771099,0.156775746368866,0.0546106987050555,1.00427101552486,1.51284305651983,0.00185092429155423,0.179793870027175
YFR013W,0.164950862526894,-0.786087572574615,0.0204884836809196,0.0550579039844069,0.12952898517251,0.197702145079772,-0.88763303705047,-0.703988618603248
YFR014C,0.209903508424759,-0.681978046894073,0.0282120835818342,0.0592738242416415,0.160882421458761,0.260096415628989,-0.793491504898253,-0.584865661545032
YFR015C,0.119151122868061,-0.92749148607254,0.0151316327541148,0.0562402824445368,0.0927319526672363,0.143888848647475,-1.03277059513263,-0.841972862486367
YFR016C,0.317703038454056,-0.501220047473907,0.0382021283997781,0.0535143353487815,0.252339690675338,0.372252352535725,-0.598014433650106,-0.42916254928681
YFR018C,0.207479447126389,-0.687335133552551,0.0289493492403025,0.0615574935478542,0.157450205211838,0.25951930185159,-0.802856783956537,-0.585830340940671
YFR020W,0.0213929619640112,-1.6961544752121,0.00752906032008514,0.153134129699706,0.00983600504696369,0.0390074604811767,-2.00718125709193,-1.40885252363367
YFR021W,0.211814358830452,-0.677827537059784,0.0276295476125339,0.0577104064926789,0.163373040532072,0.25889535099268,-0.786819609005573,-0.586875774890842
YFR022W,0.0175646170973778,-1.76030099391937,0.00263238686298932,0.0658448025169401,0.0129998374575128,0.0226678998830418,-1.88606208667772,-1.64458872632038
YFR024C-A,1.39988768100739,0.142435938119888,0.179250850047672,0.0567822022913235,1.08751833438873,1.6948413848877,0.036436587425972,0.229129060125342
YFR025C,0.236797973513603,-0.629942119121552,0.0331557756692483,0.0615827051670888,0.178351993486285,0.298272136598825,-0.74872206482252,-0.525387317314525
YFR027W,0.115654066205025,-0.943238794803619,0.0198021702993657,0.074867145519211,0.0815011008953055,0.156648960212866,-1.0888365353809,-0.805072483759002
YFR028C,0.343119144439697,-0.468161135911942,0.0436689748381121,0.056348925101871,0.267787605524063,0.414433574924866,-0.572209528059915,-0.382545069009612
YFR029W,0.0592633783817291,-1.23108577728271,0.00783523171258417,0.0583709314724813,0.0454278661559025,0.0729607171689471,-1.3426776625491,-1.1369109085814
YFR030W,0.19256204366684,-0.718778669834137,0.0235774523315671,0.054355706873354,0.152315720915794,0.227945702647169,-0.817255269647377,-0.64216859094073
YFR034C,0.410497754812241,-0.391321152448654,0.0596425408094865,0.063708274915479,0.30499122440815,0.526875901222229,-0.515712677825258,-0.278291665169372
YFR037C,0.980161607265472,-0.0121475365012884,0.121770773544438,0.0551169406627154,0.769140813748042,1.17469465235869,-0.113994143130345,0.0699249916679146
YFR038W,0.119077749550343,-0.927773237228394,0.0151298227483497,0.0563692237561549,0.0923227742314339,0.143026475856702,-1.03469115376264,-0.84458356552843
YFR039C,0.199004277586937,-0.70489364862442,0.0258308078377955,0.057533117966162,0.153843802834551,0.241070494055748,-0.812919993676944,-0.617855942061138
YFR041C,0.386010676622391,-0.418169289827347,0.0566605417816395,0.0647731444005163,0.284208554029465,0.495410859833161,-0.546362857333648,-0.305034477570435
YFR043C,0.131065100431442,-0.89223712682724,0.027826544990563,0.0922693259169609,0.08397443095843,0.193260282278061,-1.07585294299382,-0.713857390460979
YFR044C,2.95526814460754,0.467048674821854,0.372877272153627,0.0559094233150677,2.31056040922801,3.55403789877892,0.363717326404475,0.550722054393862
YFR046C,0.0546970777213573,-1.26760363578796,0.00869713247049706,0.0699435128664638,0.0390543733723462,0.0722485093399882,-1.40833034371316,-1.14117113705803
YFR047C,0.898883283138275,-0.0509360730648041,0.130441996406881,0.063811818016006,0.665597361326218,1.15040379265944,-0.176788410184634,0.0608501477067865
YFR048W,0.106202989816666,-0.977572083473206,0.0136865612535434,0.0572125157247059,0.0820418341085315,0.12912018597126,-1.08596466975431,-0.889005857109041
YFR051C,0.972474634647369,-0.0156856328248978,0.122943467633645,0.0560393772749262,0.761614537239075,1.16894859075546,-0.118264775242068,0.0677954117227413
YFR053C,3.27104425430298,0.511192798614502,0.409029584861582,0.055523540240432,2.5472565929095,3.93774762352307,0.406072690078272,0.595247853780462
YFR055W,0.655148863792419,-0.18789342045784,0.0905557131218409,0.061018500916625,0.496800184249878,0.819513417780399,-0.303818251763259,-0.0864439321603387
YGL257C,0.11775778979063,-0.932908892631531,0.0155817981539307,0.0586100774109938,0.0908766326184074,0.143871459489067,-1.04154777389765,-0.842025350867678
YGL256W,0.0841996818780899,-1.07927370071411,0.012140722783404,0.0634737821116768,0.0623851612210274,0.10704380782942,-1.20491875110138,-0.970438450309264
YGL255W,0.0586369000375271,-1.23672807216644,0.00873732904810487,0.0655994064514636,0.0429686655600866,0.0752733210722605,-1.36684816885979,-1.12335892289532
YGL254W,0.149699717760086,-0.829893469810486,0.02282997741101,0.0670000309425877,0.108900864173969,0.194899488613009,-0.96296931437624,-0.710189330622771
YGL252C,0.367585927248001,-0.438138484954834,0.0459553639473847,0.0555483887730395,0.287447009483973,0.440424207846324,-0.541442218902605,-0.356128818254783
YGL250W,0.119854062795639,-0.930479109287262,0.0247236954238122,0.089217720794086,0.0789391847948233,0.174586575975021,-1.10270736417082,-0.757989261483294
YGL248W,0.157500073313713,-0.807133376598358,0.0222448405184087,0.0623126500222592,0.117892384156585,0.198941806082924,-0.928514265183822,-0.701273948787254
YGL246C,0.272597014904022,-0.568587422370911,0.0371574745783521,0.0600876234034054,0.207975625991821,0.340907917420069,-0.681987559833013,-0.467362923326901
YGL245W,6.34642791748047,0.799224317073822,0.771127623149326,0.0540309670063339,5.03045427004496,7.48922580083211,0.701607205266918,0.874436920798972
YGL241W,0.18765252828598,-0.730042636394501,0.0231146782879486,0.0547930197588723,0.147005517159899,0.222583383321762,-0.832666366061486,-0.652507260491113
YGL240W,0.0557528883218765,-1.26434803009033,0.0124121878446654,0.0962573662793895,0.0351948812603951,0.0825786490614215,-1.45352049567006,-1.08313223322544
YGL238W,0.58510148525238,-0.235998123884201,0.0702355115658513,0.0534082597420804,0.466040238241355,0.684646427631378,-0.331576584576404,-0.164533653576116
YGL237C,0.199665054678917,-0.705811619758606,0.0333762895056169,0.0732216424737015,0.140200860301654,0.269293379535278,-0.853249354113456,-0.569774345762287
YGL234W,3.22200870513916,0.504847049713135,0.390010502991711,0.0538130310084453,2.54640588561694,3.79035105705261,0.405927621839849,0.578679435501739
YGL233W,0.173581853508949,-0.763821661472321,0.0211553294810129,0.0541746324327575,0.136428505182266,0.205445896709959,-0.86509487931311,-0.687302531548468
YGL232W,0.665779054164886,-0.181290566921234,0.096286117090825,0.0637161647890514,0.497233904898167,0.84602752973636,-0.303439312669325,-0.0726155559611939
YGL229C,0.0311542227864265,-1.51056909561157,0.00422528631961941,0.0599695180910348,0.0237836706607292,0.0387456647741298,-1.62372112422043,-1.41177688368284
YGL228W,0.845965802669525,-0.0761407911777496,0.10579112023773,0.0555190468646709,0.661951276659966,1.01089656352997,-0.17917397831049,0.00470672019404574
YGL225W,2.01587724685669,0.300464063882828,0.270734753763266,0.0593279065165039,1.53989700178305,2.49356966614723,0.187491672495732,0.396821394493891
YGL224C,0.213151857256889,-0.676812350749969,0.0338496572367496,0.0693717112062364,0.154545307159424,0.282409032434225,-0.810944177955642,-0.549121425318026
YGL223C,0.193603873252869,-0.717099189758301,0.0260336686061314,0.0594431034820248,0.147655429442724,0.239149636154373,-0.830750578949962,-0.621330278374918
YGL216W,0.11929228156805,-0.926918089389801,0.0150004145950214,0.0557787596089216,0.0933163687586784,0.143129418914517,-1.03004216935055,-0.844271094929692
YGL215W,0.197525233030319,-0.708259761333466,0.0261293653173235,0.0584365165597099,0.15189565718174,0.242497699459394,-0.818454642786115,-0.61529239435758
YGL213C,0.44236695766449,-0.358061194419861,0.0582136521483989,0.0581615962292779,0.339125716934601,0.544821815192699,-0.469639292219888,-0.263745511678165
YGL209W,0.29669713973999,-0.531831085681915,0.0405281480456594,0.0603915633656733,0.225684732447068,0.368786136806011,-0.64649783566703,-0.433225416568975
YGL208W,0.127852082252502,-0.897391796112061,0.0173992361011023,0.0600371845977946,0.0965994286040465,0.159682227795323,-1.01502544889318,-0.79674341698917
YGL207W,1.43007814884186,0.152176484465599,0.170671961447242,0.0529890818980071,1.14126548667749,1.67450283368429,0.0573866831596541,0.223885886614391
YGL206C,2.89734649658203,0.458803564310074,0.346090552270036,0.0531375405642669,2.31948375701904,3.36519014040629,0.365391335569286,0.527009605267515
YGL205W,0.0022476923186332,-2.66335010528564,0.000591510512634251,0.115543355340078,0.00126400568212072,0.00361085521290079,-2.89825099277308,-2.44238995584705
YGL203C,0.523330807685852,-0.284654766321182,0.0648476490319242,0.0550001289660123,0.410735156635443,0.623686051368713,-0.386438126458573,-0.205033975095772
YGL202W,3.06143832206726,0.482395023107529,0.385036895705608,0.0558123745956913,2.37669062614441,3.67778216203054,0.375972653287823,0.565585996530331
YGL196W,0.284865587949753,-0.549289345741272,0.0378005803129385,0.0588758749648801,0.21657655586799,0.349625283231338,-0.664388558179968,-0.456397170371042
YGL195W,1.63463532924652,0.210278928279877,0.193571975659601,0.0526689083317155,1.30819401244322,1.89443615575631,0.116672156898917,0.277479973707735
YGL194C,0.198219671845436,-0.706932008266449,0.0268501200551435,0.0599257989833292,0.151084972918034,0.245045905932784,-0.820778729901252,-0.610752549634745
YGL192W,0.000488788762595505,-3.38651847839355,0.000285260905410123,0.269228876203521,0.000105132554381271,0.00121071146956334,-3.97826299102626,-2.91696042866343
YGL190C,0.328936755657196,-0.486585348844528,0.0423829601105084,0.0570844595559746,0.254139065742493,0.398701500147581,-0.594928570949879,-0.399352131105963
YGL186C,0.467493414878845,-0.33373099565506,0.0586382776187468,0.0555817325654256,0.364154836783807,0.562818456192811,-0.438713941722896,-0.249631669612416
YGL185C,0.147391006350517,-0.835980832576752,0.0208880672839941,0.0626116403739177,0.109989876796802,0.186047680427631,-0.958647305089102,-0.7303757411363
YGL184C,0.0728727653622627,-1.14185202121735,0.0102855323793991,0.0623670202670172,0.0547913648188114,0.0917569668342669,-1.26128788142519,-1.03736099633224
YGL181W,0.771331906318665,-0.116625085473061,0.10184851592519,0.0583135261854214,0.59329010695219,0.947402611374855,-0.226732893694795,-0.0234654230643988
YGL180W,0.0685734078288078,-1.16744232177734,0.00870343265974679,0.0563297454823105,0.0533095274120569,0.0828014187514782,-1.2731951745178,-1.08196222498086
YGL179C,0.0560234636068344,-1.25581884384155,0.00770629559381938,0.0606684982160523,0.0423734993052979,0.070110068594416,-1.37290580499901,-1.15421960799384
YGL178W,0.13175505399704,-0.883629977703094,0.0162556018237747,0.0547105387285444,0.103434042943021,0.157904854168495,-0.985336501397693,-0.801604525625917
YGL175C,0.0360323414206505,-1.45010364055634,0.00636890041815696,0.0771030763471103,0.0250064009645333,0.0495934033766389,-1.601948815648,-1.30457612838944
YGL174W,0.144249603152275,-0.847704470157623,0.0256303953805209,0.077092026355117,0.100536366614203,0.199814794088403,-0.997676824295955,-0.699372374503589
YGL173C,1.6841447353363,0.223180636763573,0.201183605777965,0.0531414488613868,1.34438941876094,1.95811223983765,0.128525085476788,0.291837582127521
YGL172W,0.554380357265472,-0.260074973106384,0.0731802933159712,0.0585081309382335,0.425547616680463,0.675389451781909,-0.371051837582866,-0.17044572668945
YGL171W,0.474431246519089,-0.327419131994247,0.0600920521959507,0.0563279577793755,0.366388448576132,0.570183992385864,-0.436058262047036,-0.243984979443384
YGL170C,0.0027909439522773,-2.58323740959167,0.00101986784830655,0.161378072714565,0.00120038436046646,0.00518942234339192,-2.92068036033016,-2.28488098453385
YGL169W,0.180904805660248,-0.746607661247253,0.0244822194494667,0.0597321177188818,0.137541182960073,0.225042146692673,-0.861567259416717,-0.647736139763338
YGL167C,0.604238450527191,-0.222084864974022,0.0733489783905807,0.0538869920138115,0.47920249402523,0.714571118354797,-0.319480943076128,-0.145954541159918
YGL164C,0.192841038107872,-0.718703627586365,0.0255478589243208,0.05863578202748,0.147793927788734,0.237450778111815,-0.830343411065272,-0.624426432327485
YGL162W,0.0948646515607834,-1.02892005443573,0.0157719496903409,0.0725618586312682,0.0675034775709113,0.126736756289999,-1.17067393048385,-0.897097414797699
YGL161C,0.466950058937073,-0.335304230451584,0.0671727180853974,0.0634283873338692,0.346466182420651,0.591517529388269,-0.460339149510239,-0.228032384920116
YGL160W,0.157485380768776,-0.806345880031586,0.0199827541130838,0.0561912464057365,0.122157749782006,0.190937577933073,-0.913079029305084,-0.719108593503888
YGL159W,0.206541135907173,-0.689388453960419,0.0291037522282617,0.0621823325448323,0.154497101902962,0.260181409368912,-0.811079662772198,-0.584723739510648
YGL158W,0.00171594624407589,-2.79373788833618,0.000613447506038806,0.159736396988702,0.00074600323617536,0.00309482069375614,-3.1272592893082,-2.50936450896716
YGL157W,0.720099687576294,-0.146746724843979,0.0985510506111984,0.0603052092442019,0.547537863254547,0.901535420616468,-0.261585843183837,-0.0450172091109447
YGL156W,0.0645928829908371,-1.19332134723663,0.00810104967423071,0.0556182568292318,0.0503364205360413,0.0775579085573554,-1.29811767072481,-1.1103739107298
YGL155W,0.148246705532074,-0.833374977111816,0.0207870250142576,0.0619251330072297,0.111821219325066,0.185666340589523,-0.951475776401613,-0.731266822552063
YGL153W,0.235722258687019,-0.632058382034302,0.0335039264484979,0.0625838373079677,0.176499121884505,0.299759454280138,-0.753257454157343,-0.523227111521858
YGL151W,0.172347605228424,-0.766997098922729,0.0212575133788312,0.0547918384475124,0.135990277056893,0.203782968595624,-0.866492142007746,-0.690832115492476
YGL150C,0.22554923593998,-0.649990975856781,0.0270959318947812,0.0534035273493255,0.17929975092411,0.264641736696164,-0.746420313953157,-0.57734166210595
YGL148W,2.81764316558838,0.446016639471054,0.372083708754746,0.0583299759430104,2.16230829755465,3.46400594711304,0.33491761363004,0.539578628956209
YGL146C,0.0171748641878366,-1.77698767185211,0.0040280281488356,0.102154273163674,0.0103639613448953,0.026091609429568,-1.98447468984912,-1.58349914764392
YGL142C,0.0975292921066284,-1.01462662220001,0.0126852135195993,0.0575465217534694,0.075243620077769,0.119373745284975,-1.1235303194572,-0.923091193646755
YGL141W,0.120247952640057,-0.923445403575897,0.0151287531851443,0.0557097469215188,0.0943354081983368,0.144265504802267,-1.02532526803081,-0.84083750065248
YGL140C,0.181046187877655,-0.745620608329773,0.0223491585065219,0.0548699817049175,0.143120947604378,0.213678905616204,-0.844296797812866,-0.670238350120543
YGL139W,0.243390426039696,-0.617031693458557,0.0297397126149353,0.0542168309403912,0.191794675961137,0.289884306490421,-0.717163467795336,-0.537775318581557
YGL138C,0.00118858343921602,-3.00149726867676,0.00069796993221395,0.271166484980316,0.000240352510202987,0.00287741851837684,-3.61915338207701,-2.54099714310957
YGL137W,2.14167547225952,0.327388763427734,0.262341839395442,0.0544990588200412,1.69514404535294,2.52378235856692,0.229206549725708,0.402051899661233
YGL134W,0.0427028648555279,-1.37470853328705,0.00653509971897177,0.0673919063457798,0.0309622742856542,0.055288231279701,-1.50916714694748,-1.257367330592
YGL133W,0.128834173083305,-0.893321573734283,0.0157684967736648,0.0543630717885359,0.101708920734624,0.152216375991702,-0.992640954124085,-0.817538622128695
YGL130W,0.328380942344666,-0.487269520759583,0.0420705582386622,0.0566724059128957,0.253789981951316,0.399948143213987,-0.595525525424162,-0.397996318006776
YGL129C,0.246177971363068,-0.612594246864319,0.0323524850674872,0.058194036862315,0.188456169391672,0.301930987586578,-0.724789657669102,-0.520092329278792
YGL128C,0.0858636721968651,-1.07274067401886,0.014846755691253,0.0758603984152828,0.0597966420464218,0.116298280345897,-1.22332320549228,-0.934426707350937
YGL126W,0.188029363751411,-0.730028450489044,0.0260714451336193,0.0611691986670214,0.141310283914208,0.235945656895638,-0.849826291077325,-0.627188012402908
YGL125W,0.170938566327095,-0.770775377750397,0.0217790718686609,0.0564252854164022,0.133531386281053,0.206653478617469,-0.874416642280039,-0.68475728249493
YGL122C,1.00756359100342,-0.000382702681235969,0.128807398434082,0.0567962711254901,0.781248211860657,1.21367554962635,-0.107210963670189,0.0841026016012058
YGL120C,1.06469106674194,0.0238311924040318,0.131150704243653,0.054698687498998,0.841456303993861,1.25823875069618,-0.0749684317567655,0.0997630492473194
YGL119W,0.135513409972191,-0.871929407119751,0.0179269131916966,0.0587742350341778,0.102905964292586,0.165958483641346,-0.987559465662732,-0.780000546523448
YGL117W,0.0428849495947361,-1.37635695934296,0.00857342665865237,0.0870801164473624,0.0281835241243243,0.0614640856472154,-1.55000471839474,-1.21137857916773
YGL116W,0.191052451729774,-0.722422957420349,0.024190565165699,0.0561491675100538,0.147598097845912,0.230226415395737,-0.830919243763262,-0.637844856282504
YGL115W,0.653542697429657,-0.188893243670464,0.0897411195623882,0.0605041926435871,0.495918909460306,0.819705437123775,-0.304589332947207,-0.0863421859906753
YGL114W,0.129600375890732,-0.891030788421631,0.0165480670425285,0.0565914462607765,0.101008966565132,0.15637012484173,-0.995640099832118,-0.805846218718723
YGL112C,0.366300672292709,-0.439809709787369,0.0468542579615289,0.0566926503491459,0.283137283225854,0.444149581839641,-0.548002940105354,-0.352470743394614
YGL111W,0.490680813789368,-0.312880516052246,0.0631267150088839,0.0569086638582304,0.380024727682273,0.596782505512238,-0.420188148013074,-0.224183916552246
YGL110C,0.171749919652939,-0.768817901611328,0.022152244929798,0.0572538497138787,0.132676594083508,0.207494938497742,-0.877205691627533,-0.682992492735764
YGL107C,0.194116726517677,-0.715564727783203,0.024744836480629,0.0565579711532813,0.151271174103022,0.234279344851772,-0.820243826425588,-0.63026599933351
YGL105W,6.00392484664917,0.774677932262421,0.780691901181356,0.0575046207486465,4.63895943164825,7.36888327995936,0.666420568298317,0.867401676312965
YGL104C,0.0631389766931534,-1.20403957366943,0.00885042773650663,0.061716754268418,0.0473850404843688,0.0793171570946773,-1.32435874714789,-1.10063286064845
YGL100W,0.607732772827148,-0.220331251621246,0.082145373114489,0.0596316658722148,0.46316260099411,0.753183115025361,-0.334266515855799,-0.123099430290737
YGL099W,0.738725900650024,-0.134950816631317,0.0917391443323635,0.0549894346749105,0.58264479637146,0.885496346155802,-0.234596137756588,-0.0528132299522534
YGL098W,0.180349871516228,-0.752227663993835,0.0354545163039849,0.0853778841079925,0.120488174259663,0.258377581834793,-0.919055576373785,-0.58774525336557
YGL097W,1.06703352928162,0.0246245879679918,0.134817258646068,0.0559479975773185,0.832369909683863,1.29191036820412,-0.0796836281965199,0.111232382259843
YGL095C,0.198792681097984,-0.705110132694244,0.0249281625510653,0.0555899905216975,0.1560378074646,0.239676018431783,-0.806770163038639,-0.620375420942024
YGL094C,0.0959692075848579,-1.02132415771484,0.0119459655301295,0.0551567234614694,0.0749970376491547,0.11487296714137,-1.12495589071542,-0.939782161067794
YGL093W,0.132772281765938,-0.88022792339325,0.0162199016785871,0.0542326343043273,0.104599885828793,0.158235691239436,-0.980468790536999,-0.800695551541173
YGL092W,0.435326904058456,-0.364473670721054,0.052713359071248,0.0538930925261695,0.345456302165985,0.507751427094142,-0.461606880065207,-0.294348847439047
YGL091C,0.314131617546082,-0.507362484931946,0.0446764132820298,0.0627170682457348,0.235523071760933,0.398705727358659,-0.627966558300149,-0.399347678451949
YGL085W,0.0522666946053505,-1.29025459289551,0.010317367276917,0.0862357642339551,0.0346400242609282,0.0739157128458222,-1.46042181269334,-1.13126323046653
YGL084C,0.390592873096466,-0.41169086098671,0.0483430923950124,0.0548596631130551,0.305573180566231,0.469098065048456,-0.514884765649308,-0.32873635934877
YGL083W,0.111555740237236,-0.955951273441315,0.0138634543405727,0.0550845856800282,0.0871703177690506,0.133796138440569,-1.05963137084244,-0.873556428025444
YGL082W,0.419492423534393,-0.38124617934227,0.0561189303291466,0.0591026163889681,0.319405945887168,0.518312045931816,-0.495657010103054,-0.285408698056204
YGL081W,0.0403744429349899,-1.40068316459656,0.00712038229282471,0.0771821799307805,0.0280287601053715,0.0548275504261255,-1.55239611348857,-1.26100116232779
YGL078C,1.15354442596436,0.0584179013967514,0.14672896627906,0.0564908666329688,0.897861540317535,1.38793922265371,-0.0467906309410882,0.142370448666158
YGL077C,0.609925508499146,-0.21827457845211,0.076915152858292,0.0559640983958723,0.476181630790234,0.734182670215766,-0.322227362453118,-0.134195873141264
YGL075C,0.0965587794780731,-1.01976954936981,0.0138531958905336,0.0633402277299344,0.0718234318618973,0.122259061721464,-1.14373386977158,-0.912718956557534
YGL073W,0.149781316518784,-0.827998518943787,0.018625306179693,0.0552280524451248,0.11759869530797,0.178377383947372,-0.929597517220615,-0.748660209711076
YGL071W,0.159410446882248,-0.800857543945312,0.019611882868915,0.0545316544698127,0.125727272654573,0.191030414402485,-0.900570512034001,-0.718897482911517
YGL067W,0.39145416021347,-0.411227881908417,0.0519659786529133,0.0586389010036454,0.299729293584824,0.483552461117506,-0.523270809943246,-0.315556401966516
YGL065C,0.313285022974014,-0.50779128074646,0.0405059752374117,0.0573705388596394,0.241662308573723,0.379698716849089,-0.616791080063634,-0.420560888945355
YGL064C,0.104171097278595,-0.986038088798523,0.0135859783052648,0.0577564496179208,0.0803723449508349,0.127779955541094,-1.09489336075702,-0.893537283396447
YGL063W,0.0189887266606092,-1.7293621301651,0.00360080699818207,0.0831101207798306,0.0126999427098781,0.026561025576666,-1.89619834957199,-1.57575516372461
YGL061C,0.224973857402802,-0.654303669929504,0.0387794461532021,0.0749627238016555,0.157470723986626,0.305162443717321,-0.802800233103862,-0.515468915989389
YGL060W,0.157258257269859,-0.806905210018158,0.0197355950208521,0.0557140702934312,0.122227527635793,0.189254835868875,-0.91283097287118,-0.722953015082202
YGL057C,0.110168538987637,-0.96412068605423,0.0185156225881494,0.0735873576595319,0.0781218558549881,0.148345417156816,-1.10722750592827,-0.828725866945618
YGL056C,0.36386039853096,-0.442661851644516,0.0461593249372751,0.0563366270923743,0.283528370161851,0.439418256282806,-0.547403501338025,-0.357121903632673
YGL050W,0.289211124181747,-0.544320702552795,0.045891875447254,0.0697326226098658,0.20699873107175,0.379052053640286,-0.684032331444136,-0.421301146090999
YGL049C,0.59174245595932,-0.231122419238091,0.0713828984711254,0.0535992219170933,0.468509375800689,0.695786639551322,-0.329281713919649,-0.157523916222979
YGL045W,0.0425316877663136,-1.37573003768921,0.00602055011376295,0.0625259114733708,0.0318307808910807,0.0536404173200329,-1.49715270758427,-1.2705078633437
YGL044C,0.440582871437073,-0.360971331596375,0.0663705056423579,0.0662660064513137,0.321677424261967,0.56980405151844,-0.492579428327861,-0.24427446826437
YGL043W,1.02703404426575,0.00729977572336793,0.143032864228754,0.06136305848247,0.773098528385162,1.29395222167174,-0.111765153420432,0.111918237514281
YGL039W,0.6487637758255,-0.191966757178307,0.0878970779593185,0.0596626789008265,0.497177195797364,0.809027542173862,-0.303488803305406,-0.0920366933534218
YGL038C,0.280248433351517,-0.5561882853508,0.0363184855859732,0.0573258794514747,0.21666042159001,0.342003783335288,-0.664220416628421,-0.465969091117314
YGL036W,0.103169851005077,-0.989991128444672,0.0129961053417815,0.0559097856189365,0.0807517038658261,0.123678586880366,-1.09284833151581,-0.907705486165979
YGL035C,0.311412245035172,-0.510367691516876,0.0401935620385534,0.0570922391547507,0.241223987564445,0.379342918843031,-0.617579508738589,-0.420968022581742
YGL028C,1.30686938762665,0.112670615315437,0.165124741158799,0.0560380165716981,1.02073361674945,1.57374566197395,0.00891241748001022,0.196934544742857
YGL026C,3.16176319122314,0.496539831161499,0.388962047891531,0.0546816648197158,2.47984877427419,3.76877592007319,0.394425189611631,0.576200315436576
YGL025C,0.161208271980286,-0.796929717063904,0.0225090284288879,0.0616259081058592,0.121614479708175,0.203012488534053,-0.915014718847475,-0.69247725098585
YGL023C,0.204455703496933,-0.693134129047394,0.026458357441915,0.057376161450196,0.158457586045067,0.248428610960642,-0.800086982742895,-0.604798393466712
YGL022W,1.0126496553421,0.00206582061946392,0.124783559512235,0.0547084683001752,0.79580431530873,1.20381593704224,-0.0991937111438165,0.0805600885515603
YGL020C,0.60117369890213,-0.227694794535637,0.105680103811895,0.07642943596528,0.418927907943726,0.815640449523926,-0.377860707048088,-0.0885012446773271
YGL019W,0.676333427429199,-0.174617767333984,0.0997219291265121,0.0647338116188772,0.500442902247111,0.872313632071018,-0.300645467009369,-0.0593273440669232
YGL017W,0.115720070898533,-0.940594017505646,0.0154960111889781,0.0594264623078492,0.0877647982910275,0.142424443239967,-1.05667964097064,-0.846415479431071
YGL016W,0.265447795391083,-0.579358398914337,0.032433868970304,0.0542617964981211,0.210689592858156,0.31359036291639,-0.676356935663957,-0.503637307630333
YGL014W,0.339887291193008,-0.471960306167603,0.0412727397631911,0.0539026199549096,0.269603600353003,0.403341973572969,-0.569274328814128,-0.394326582573981
YGL011C,1.48998725414276,0.167926579713821,0.230636252940253,0.0678979696947459,1.08481454849243,1.94186481336753,0.0353555009031644,0.288218990311475
YGL009C,5.53043127059937,0.739409029483795,0.676741716818255,0.0543513397076794,4.37044017712275,6.53583045403163,0.640525179465559,0.815300776176382
YGL006W,0.138353571295738,-0.862440347671509,0.0171474448258332,0.0550125670367302,0.109308339655399,0.164382086818417,-0.961346702385589,-0.784145511742264
YGL005C,0.20006300508976,-0.704773783683777,0.0329347185593896,0.0721983370810442,0.142126062388221,0.263167815407117,-0.847326292495209,-0.579767295744765
YGL003C,0.0907386168837547,-1.0463490486145,0.0123786767568619,0.0604022494518089,0.0686836230879029,0.112421203342577,-1.16314681662081,-0.949151804997116
YGL001C,1.2584342956543,0.0955962315201759,0.173971004914474,0.0610388678375874,0.951903847356637,1.57535998423894,-0.0214069298023593,0.197379809070498
YGR002C,0.194573655724525,-0.714776039123535,0.0256513383064771,0.058273243510763,0.15008989572525,0.238813772673408,-0.82364854518826,-0.62194063244291
YGR003W,0.109759740531445,-0.963187217712402,0.014017155323154,0.0565450659710494,0.0854573038096229,0.132790787518024,-1.06825081971659,-0.876832053498719
YGR004W,0.14109306037426,-0.854615926742554,0.0192235483296568,0.0602503406081722,0.106931475177407,0.175132806971669,-0.970894441853869,-0.756632497521899
YGR006W,0.0953583419322968,-1.0296493768692,0.0195306390428354,0.0886156851493087,0.0633700453365842,0.137939564387004,-1.19811598431057,-0.860311178293433
YGR009C,0.439727991819382,-0.360363364219666,0.055415331864699,0.0559373866877927,0.343070358037949,0.526442584892114,-0.464616807038432,-0.278648987957414
YGR010W,0.142554715275764,-0.850369334220886,0.0199586951394611,0.0619116223092062,0.106718331078688,0.179563556114833,-0.971761006880653,-0.745781802325007
YGR012W,0.321468859910965,-0.496790826320648,0.0428047858396529,0.0587870845430253,0.246638323863347,0.397366618116697,-0.607939440368899,-0.400808622115252
YGR013W,0.119014479219913,-0.928010940551758,0.0151420255172336,0.0564227476522613,0.0924426109840473,0.144349393993616,-1.03412779692612,-0.840585035528643
YGR014W,0.627352654933929,-0.205749556422234,0.0757405466705646,0.0536367293884231,0.500411155323187,0.736847758293152,-0.300673017766389,-0.132622233393449
YGR017W,0.327796638011932,-0.489121526479721,0.0480561263009021,0.0643857075931722,0.244705359265208,0.420869685957829,-0.611356596851388,-0.375852379248214
YGR019W,0.593356549739838,-0.230347320437431,0.0760496209939909,0.0568193440122031,0.458656997233629,0.722256268560886,-0.33851199462071,-0.14130868148226
YGR021W,0.105990804731846,-0.980566203594208,0.0172774373077198,0.0715740725059787,0.0750846315175295,0.14071645103395,-1.12444894623913,-0.851655127722047
YGR023W,0.0264783147722483,-1.58205008506775,0.00396406726364229,0.0658900343020645,0.0192227313605448,0.0343921120278537,-1.71618495213287,-1.46354115456696
YGR024C,0.278706133365631,-0.563181936740875,0.055038024883764,0.0851000682523128,0.186243568981687,0.398093550900618,-0.729918716034298,-0.400014858361812
YGR026W,1.02325844764709,0.00533161545172334,0.148952487989812,0.0638862811720536,0.765177634358406,1.31198155581951,-0.116237732907495,0.117927666806319
YGR028W,0.200042843818665,-0.703194558620453,0.0279440726484939,0.0616212419396264,0.150865589703123,0.252939823021491,-0.821409805328486,-0.596982843477281
YGR031W,0.21499502658844,-0.672056436538696,0.03067781628141,0.0627551458778316,0.161077639833093,0.273548632860184,-0.792964784338763,-0.562965451395603
YGR033C,0.208801165223122,-0.68720144033432,0.0372905730713384,0.0779029701200843,0.145965546866258,0.286463816215595,-0.835749643012188,-0.542930227237085
YGR036C,0.18417601287365,-0.743538916110992,0.0373129562131589,0.087359934912661,0.121534389940401,0.265355579803387,-0.915300819416609,-0.576171789879054
YGR040W,0.157018825411797,-0.808578968048096,0.0224438828009832,0.0631471006730244,0.11723855988433,0.198349246134361,-0.930929562350132,-0.702569445826215
YGR042W,0.0726834163069725,-1.14546918869019,0.0129897225268636,0.0776356571052947,0.0503040332968036,0.10031732271115,-1.29839719359871,-0.998624091441687
YGR043C,0.0387591570615768,-1.41841316223145,0.00683392980588662,0.0771463430096204,0.0268311141990125,0.0528623179222147,-1.57136133846905,-1.27685380105556
YGR044C,0.552868783473969,-0.262257784605026,0.0823858521372364,0.0654200682045507,0.41048906520009,0.712120455006758,-0.386698841760636,-0.147446540705142
YGR046W,0.0964085683226585,-1.02051675319672,0.0139538247144201,0.0638195637514142,0.0715443365896742,0.122426835944255,-1.14542474296594,-0.9121233748179
YGR047C,0.136326253414154,-0.868841111660004,0.0168651092399854,0.0549318970568288,0.10756794779251,0.162109196186066,-0.968317120091524,-0.790192347646375
YGR048W,0.369124233722687,-0.437011867761612,0.0507623747445285,0.0606359031086419,0.279359754920006,0.462357298036416,-0.553836161836466,-0.335022318791727
YGR052W,0.0236432235687971,-1.63351607322693,0.00430482544051641,0.0796020299557262,0.0161479935050011,0.032618795055896,-1.79188143394235,-1.48653208594727
YGR053C,0.012197962962091,-1.93038475513458,0.00338759950901561,0.121370054161415,0.00669641850981861,0.0197029399375121,-2.17415752599537,-1.70546896681256
YGR054W,1.29502153396606,0.108836852014065,0.160687356823413,0.0550728318532016,1.02056404352188,1.5460446258386,0.00884026264818996,0.189222023618625
YGR055W,1.19825410842896,0.0750387385487556,0.150179138354443,0.0556499082572317,0.938612990578016,1.4350955337286,-0.0275134580719017,0.156880812792761
YGR056W,0.169721275568008,-0.773654520511627,0.0209018225190057,0.0546898458182075,0.133460984875758,0.202172592282295,-0.874645686222518,-0.694277720294703
YGR058W,0.148442074656487,-0.833382785320282,0.0222084716247554,0.0658809416586845,0.108950243083139,0.190395192677776,-0.962771918616956,-0.720344021684686
YGR060W,4.52747106552124,0.651584804058075,0.628381474642371,0.0613067288189533,3.40471033056577,5.70107547044754,0.532080091414015,0.755956752804203
YGR061C,2.52400302886963,0.398880004882812,0.301917888564304,0.0532544679675756,2.00541883905729,2.93982791900635,0.302205088003406,0.468321909999508
YGR062C,0.0330445468425751,-1.4883998632431,0.00615867899278221,0.0808893349793162,0.0226581924594939,0.0462136567259828,-1.64477489161407,-1.33522993661949
YGR065C,0.155560716986656,-0.811758995056152,0.0199499111785516,0.056786833522189,0.120383035577834,0.189383082836866,-0.919434735854491,-0.722658819966572
YGR066C,0.00236286944709718,-2.68491339683533,0.00122307290334563,0.232821913663269,0.000627398835786153,0.00535086085243771,-3.20245714177045,-2.27157651233495
YGR071C,0.0609111711382866,-1.21908593177795,0.00793702518561144,0.0577248279049176,0.0470997393131256,0.0740635495012005,-1.32698149659052,-1.13039548049607
YGR072W,0.212082862854004,-0.67764014005661,0.0289670427780846,0.0604182422812038,0.160300053656101,0.262081660330296,-0.795066333385139,-0.581563371449771
YGR075C,0.110439158976078,-0.965710282325745,0.0222630752391837,0.0879862318318912,0.0728926207870245,0.155970811843872,-1.13731643542131,-0.806956667294112
YGR077C,0.0664129033684731,-1.18173015117645,0.00888958171888905,0.0592390036200888,0.0508383262592057,0.0819917175297936,-1.2938087560939,-1.08623002289476
YGR083C,0.682128429412842,-0.169507592916489,0.0838627572304233,0.0545122091878809,0.539658453067144,0.811592647929986,-0.267881018288193,-0.0906618958164828
YGR086C,3.75400853157043,0.570568919181824,0.499624886469557,0.0587510223502628,2.88825331926346,4.63325550158819,0.460635276961965,0.665886244949708
YGR088W,0.0171064492315054,-1.7723548412323,0.00270607267698671,0.0696398160715005,0.0123549243745704,0.0224128446231286,-1.90815991228839,-1.64950302437339
YGR090W,0.489437699317932,-0.313501298427582,0.0584707817534306,0.0531384848036386,0.390140097836653,0.57188504387935,-0.408779413217668,-0.242691274437296
YGR092W,0.274457722902298,-0.565169274806976,0.0351094656496614,0.0566582118058717,0.213083226357897,0.3325882345438,-0.671450743518663,-0.478093118632002
YGR093W,0.181026592850685,-0.745945453643799,0.0233084595832045,0.0569885722929561,0.139788079758485,0.220085322856903,-0.854529862363375,-0.657408918895062
YGR097W,0.108192004263401,-0.969237089157104,0.0134005873617649,0.0550235826559994,0.0849876962602139,0.128577076519529,-1.07064394496534,-0.890836455758932
YGR099W,0.0843129381537437,-1.07787227630615,0.0109868350839208,0.0575809384937084,0.0652566491315762,0.103157632052898,-1.18537523203089,-0.986498635496515
YGR100W,0.143657773733139,-0.846028983592987,0.0175988932284888,0.0544537119580656,0.113198644667864,0.170588061213493,-0.946158773241351,-0.768051366665174
YGR103W,1.34445345401764,0.125080615282059,0.167341959095124,0.0553009988087064,1.05613489747047,1.59914576411247,0.0237193924188351,0.203888051965099
YGR106C,1.55443036556244,0.186536073684692,0.234970005079231,0.0665042868783956,1.14296676615874,2.00868832468987,0.0580336024447648,0.302912553964578
YGR108W,0.218683883547783,-0.663933098316193,0.0283688107354817,0.0574947790472045,0.168081168457866,0.266919014851252,-0.774480956018083,-0.573620487729125
YGR109C,0.113431945443153,-0.949883103370667,0.0163955874862316,0.0637133875480436,0.0844674230863651,0.144521445408463,-1.07331075503514,-0.840067722986276
YGR110W,0.00992080755531788,-2.01266980171204,0.00203583903349521,0.0900431265917113,0.00641334924148396,0.0141660191661989,-2.19291514156672,-1.84875218532181
YGR111W,0.36688956618309,-0.439453661441803,0.0491220781292123,0.0592663113667203,0.280400511125724,0.45140540227294,-0.552221220714931,-0.345433247987415
YGR112W,0.0901557952165604,-1.04949271678925,0.0128607097117165,0.0627777402990018,0.0676556825637817,0.1144953030472,-1.16969572009448,-0.941212368388101
YGR113W,0.17634990811348,-0.758109450340271,0.0250821645122274,0.0628118335394352,0.131914355730017,0.222436443343759,-0.879707941021937,-0.652794058324749
YGR116W,0.883223116397858,-0.0571357011795044,0.105553831115483,0.0532195851551097,0.703850412368774,1.0283347706,-0.152519650247403,0.0121345140681102
YGR117C,0.191879555583,-0.720859408378601,0.0253884608006634,0.0584582570225005,0.147869229316711,0.236537139862776,-0.830122190629852,-0.626100658858231
YGR119C,0.630872964859009,-0.203881293535233,0.0826381248745787,0.0580395216121993,0.48843100219965,0.766087150077025,-0.31119677829441,-0.115721822274748
YGR120C,0.150523126125336,-0.829330265522003,0.0269552641603662,0.0777601364713672,0.104885194885234,0.205704755336046,-0.979285890222237,-0.686755668637014
YGR122W,0.0924002230167389,-1.03887557983398,0.0132922714315962,0.0631675461048511,0.0692872454722722,0.117579978394012,-1.15934673241016,-0.929666636294476
YGR123C,0.728070735931396,-0.141385063529015,0.0919928639785936,0.0560062997097275,0.566263318061829,0.877099048594634,-0.246981570598989,-0.0569513610329352
YGR125W,0.171654462814331,-0.768746972084045,0.0211808412888226,0.0547877886508618,0.13521684097747,0.203887328505516,-0.868969217394876,-0.69060976456584
YGR126W,0.104142405092716,-0.995049834251404,0.0255060540914169,0.104921990008941,0.0640134912605087,0.16189405793945,-1.1937286691769,-0.790769414741755
YGR127W,0.0692060366272926,-1.1659609079361,0.0115486423743855,0.0732038429341077,0.0487809658360978,0.0923903079082568,-1.31174963349698,-1.0343735858208
YGR130C,0.76449191570282,-0.120014637708664,0.0940595473573801,0.054676844631695,0.602685570220153,0.905057227611541,-0.219909206492235,-0.0433239997139912
YGR132C,1.34235095977783,0.123076111078262,0.198268343698575,0.0647890088244319,0.996165211002032,1.73503881295522,-0.00166870677956283,0.239309137562046
YGR135W,1.93424022197723,0.281274914741516,0.298358435917745,0.067804210970378,1.40919729471207,2.53284789721171,0.148971797708371,0.403609110253974
YGR136W,1.09724354743958,0.0333791263401508,0.196317718084309,0.0777330939987678,0.7606834679842,1.50643112758795,-0.1187960283973,0.177949280933636
YGR140W,0.0941292867064476,-1.02974593639374,0.011736170789069,0.0553153391421924,0.0734200154741605,0.112824183516204,-1.13418554384637,-0.947597801847452
YGR141W,0.218161478638649,-0.665312528610229,0.0295591298832698,0.0600705076821736,0.165839573492606,0.269473498314619,-0.780311830764585,-0.569483965436041
YGR144W,0.0128970323130488,-1.90256559848785,0.00316471990267099,0.107211861358267,0.00752457993027444,0.0199089131007592,-2.12351774437034,-1.70095253968469
YGR145W,0.478724956512451,-0.323345541954041,0.0593301532335626,0.0550110412651557,0.376588076601426,0.570681125422319,-0.424133434817478,-0.24360649273341
YGR147C,0.307106077671051,-0.517633855342865,0.0458557254827292,0.0657858088866261,0.226304903626442,0.393824756145477,-0.645306035551094,-0.404696987234355
YGR149W,0.0893416106700897,-1.05323207378387,0.0124295060204769,0.0614095060593017,0.0670646503567696,0.112270222852627,-1.17350633527552,-0.949735415329879
YGR150C,0.0589624829590321,-1.23308718204498,0.00755882696343644,0.0568219152830567,0.0458578580059111,0.0712991572295626,-1.33858623792052,-1.14691560361207
YGR152C,0.586078703403473,-0.237875163555145,0.0959682150530524,0.0713794866360951,0.420050906389952,0.78127021441857,-0.376698074032565,-0.107198733733176
YGR154C,0.00499507365748286,-2.32448196411133,0.00162967342971853,0.143309825524979,0.00234725881794778,0.00871142838150263,-2.62943909730573,-2.05991062945335
YGR155W,4.99298286437988,0.69479638338089,0.630938640138107,0.0560498566988243,3.87944905161858,6.02929355303446,0.588770045606452,0.780266414097085
YGR156W,0.164520412683487,-0.787950694561005,0.0225849563170429,0.0605364105964572,0.125203430652618,0.205548359702031,-0.902383771021044,-0.687085984914153
YGR157W,0.78553307056427,-0.108249939978123,0.096981886379295,0.0549057560440114,0.618861528734366,0.930772771934668,-0.208406514201449,-0.0311563314252074
YGR158C,0.502354383468628,-0.305775254964828,0.0888293259001842,0.0769864506376839,0.352246433496475,0.684605487684409,-0.453153395438313,-0.164559664490908
YGR161C,0.383948534727097,-0.421327233314514,0.0613695577962575,0.0700771279779741,0.276392039904992,0.506507890919844,-0.558474474873557,-0.295413786005286
YGR162W,2.42574620246887,0.381499201059341,0.29650519578122,0.0543536636232364,1.91624963879585,2.86421989997228,0.282452085604721,0.457006357509567
YGR163W,0.391276061534882,-0.411823183298111,0.0546142905537452,0.0614999904306674,0.295098765442769,0.492416203022003,-0.530032610485086,-0.30766766498672
YGR165W,0.241681784391403,-0.621242344379425,0.034466291169582,0.0627634449217667,0.181068396319946,0.307393644501765,-0.742157351975263,-0.512305136849628
YGR166W,0.0846064239740372,-1.07653450965881,0.0112665202853401,0.0588816325836378,0.0644463229303559,0.104555620936056,-1.19080185836421,-0.980652638717651
YGR167W,2.98045063018799,0.468057900667191,0.50400568845922,0.0738001172360889,2.08540966709455,4.027650197347,0.319191382399598,0.605051735024056
YGR168C,0.0215780325233936,-1.67375016212463,0.00408114224117708,0.082434969241569,0.0144843775002907,0.0301414820055167,-1.83910017173442,-1.52083539840928
YGR169C,0.0710795447230339,-1.15320777893066,0.0106583477855288,0.0659689741248295,0.0525053174855808,0.0919810008257627,-1.27979673521364,-1.03630187782342
YGR171C,0.0628532618284225,-1.20567941665649,0.00846051996458206,0.059373899186119,0.0478744393214583,0.0780177609995007,-1.31989630411483,-1.10780656646959
YGR172C,0.491407483816147,-0.31429859995842,0.0796854725981842,0.0708755920057869,0.352215021103621,0.650449483593305,-0.453192126427775,-0.186786473755859
YGR173W,0.99437141418457,-0.00634355563670397,0.131842662498472,0.0585064635216152,0.761576116581758,1.2287260144949,-0.118286690775693,0.08945504760518
YGR175C,3.89048862457275,0.586504518985748,0.486801667597735,0.0555741248610965,3.02116560935974,4.68381755749385,0.480174532376811,0.670599967228728
YGR177C,0.291872501373291,-0.538524925708771,0.0376957567218439,0.0572742219758546,0.224762883285681,0.353951626767715,-0.648275407857961,-0.451056098576906
YGR178C,0.893041610717773,-0.0524768494069576,0.109439430673476,0.0543346260071585,0.707048237323761,1.06334516306718,-0.150550956091501,0.0266742597841948
YGR179C,0.118632435798645,-0.93018251657486,0.0167014625921276,0.0620952591659863,0.089210596618553,0.149393893778324,-1.04958355616644,-0.825667155602184
YGR184C,0.322582066059113,-0.494519472122192,0.0382908967086086,0.0528310379915069,0.256823252638181,0.376741051673889,-0.59036565990098,-0.423957054221836
YGR185C,2.85548114776611,0.451862305402756,0.373802717535296,0.0580027457635017,2.19439568916957,3.50045443574587,0.341314919604989,0.5441244288284
YGR186W,0.590362548828125,-0.232321873307228,0.073273995168467,0.0550802889865497,0.466055999447902,0.701286913454533,-0.331561897169097,-0.15410426845922
YGR189C,2.0743305683136,0.313367933034897,0.259726844129956,0.0556689582311426,1.61328029632568,2.48883588512739,0.207709829615841,0.395996259921315
YGR191W,0.787018477916718,-0.107489682734013,0.0981302108565555,0.0553675290462272,0.617474410434564,0.942080008983612,-0.209381072613062,-0.0259122118868565
YGR193C,0.747807323932648,-0.129989579319954,0.0972971369165657,0.0577515312844335,0.573472014566263,0.912314572433631,-0.241487787025609,-0.0398553881202654
YGR194C,0.111151576042175,-0.957867085933685,0.0145132457350457,0.0576899037314972,0.085966095328331,0.136565922449032,-1.06567279893199,-0.864657658195617
YGR195W,0.355536609888077,-0.455143988132477,0.0590176093186034,0.0727097774290931,0.251192441085974,0.47379783987999,-0.5999934339399,-0.324406937894365
YGR198W,0.225199565291405,-0.650786936283112,0.0276105131804271,0.0543729986036221,0.177817262833317,0.268488553414742,-0.750026079364944,-0.571074227462653
YGR199W,0.251515567302704,-0.602895975112915,0.0312509704230552,0.0552858567017948,0.196880574648579,0.298735192169746,-0.705797172014965,-0.524713612802678
YGR200C,0.656531035900116,-0.186145111918449,0.0809453922505497,0.0547816900186934,0.517016224563122,0.779839870333671,-0.286495828109679,-0.107994595135893
YGR204W,2.90661215782166,0.460149109363556,0.349794477338255,0.0534458729112762,2.31064094901085,3.41888928413391,0.363732464019123,0.5338850370153
YGR205W,0.399693042039871,-0.402937233448029,0.058191102101423,0.0639703071241194,0.297239534308513,0.509522618353367,-0.526893432348714,-0.292836532385922
YGR207C,0.573318183422089,-0.246860980987549,0.0887789602696041,0.0678701778048178,0.418171827743451,0.748222414155801,-0.378645372519526,-0.125969289635479
YGR208W,0.792064309120178,-0.105623580515385,0.111371997922036,0.0621234345567469,0.591954389711221,0.995642394324144,-0.227711756350353,-0.00189662020909845
YGR210C,0.596650242805481,-0.228090643882751,0.0780362071659549,0.0579504461515251,0.45962931488951,0.727252121269703,-0.337592280051952,-0.138315004694042
YGR213C,0.00717707816511393,-2.16391634941101,0.00216409527552828,0.132945884314201,0.00367546612202811,0.0120987811358645,-2.43468757790577,-1.91725857522961
YGR216C,0.08550064265728,-1.07182669639587,0.0111611849130023,0.0578155598120685,0.0655663758516312,0.104257203328113,-1.1833188210786,-0.981893933667661
YGR217W,0.065730944275856,-1.18567752838135,0.0081569088354551,0.055167501385346,0.051771233137697,0.0778523581723372,-1.28591149121922,-1.10872822963663
YGR218W,1.2377655506134,0.0894509553909302,0.147646761644871,0.0530466309838167,0.98430037299792,1.44980084896088,-0.00687235617096715,0.161308349726408
YGR220C,0.369499117136002,-0.437694519758224,0.0573636615462616,0.0682909589091071,0.268744685252508,0.480877905835708,-0.570660126238232,-0.317965211659574
YGR222W,0.0871037393808365,-1.06528627872467,0.0135279502839388,0.0684183853761804,0.06310024112463,0.113701588163773,-1.1999689811854,-0.944233884684927
YGR227W,0.220620378851891,-0.660150766372681,0.0288509284134949,0.0577913053749554,0.169972757498423,0.270353551705678,-0.769620684232682,-0.568067929619925
YGR229C,0.779975116252899,-0.111507900059223,0.0990682658463974,0.0562089158232087,0.608203381796678,0.947484152019024,-0.215951169533475,-0.0234280532125374
YGR231C,1.00358617305756,-0.0026039918884635,0.137543770748246,0.0604720287549174,0.761213541030884,1.25175256331762,-0.118493494764043,0.0975184890279215
YGR232W,0.492849469184875,-0.313832253217697,0.085518936598607,0.0756705211301288,0.344153239826361,0.671788082023461,-0.463248208411799,-0.172767808918532
YGR233C,0.36361700296402,-0.442620068788528,0.0438905692862364,0.0536832998434672,0.289991021156311,0.42569304505984,-0.537615448730823,-0.370903445847532
YGR234W,5.59377336502075,0.743999898433685,0.721414685149408,0.0571474183891935,4.31841167211533,6.79466962814331,0.635324012535702,0.832168345224156
YGR237C,0.155907437205315,-0.810615360736847,0.0194675748703481,0.055415231027253,0.122368878126144,0.185922145843506,-0.912329025073349,-0.730668876797209
YGR240C,8.15893077850342,0.908325612545013,0.991096978613057,0.0540444208314712,6.45331459840139,9.57378763357798,0.809782836005209,0.981083787077906
YGR241C,0.242232888936996,-0.619330167770386,0.0305796078655351,0.0560904514218192,0.187808007001877,0.291060413171848,-0.72628589597511,-0.536016860040189
YGR244C,0.799005031585693,-0.10113599896431,0.102808892489685,0.0569721643356675,0.618731392423312,0.967766460279624,-0.20849784875125,-0.0142294335259316
YGR246C,0.254098474979401,-0.598506033420563,0.0319089537089372,0.0555726312660091,0.199001709247629,0.30643386070927,-0.701143195161566,-0.51366324801017
YGR247W,0.149557322263718,-0.834038853645325,0.0303899374993799,0.0877902093099353,0.0974226551130414,0.217398741220435,-1.01134023113831,-0.66274297516325
YGR248W,0.119824267923832,-0.92816686630249,0.0210771348151486,0.0765885942376346,0.083028671083351,0.164576308553418,-1.080771946927,-0.783632683200769
YGR249W,0.00339611922390759,-2.48760724067688,0.000993671147867277,0.128540814316776,0.00178670792277747,0.0056553483242169,-2.74794644392964,-2.24754064484555
YGR250C,0.209146529436111,-0.682982802391052,0.0259135763033165,0.0550100508665047,0.164305540298422,0.249232977628708,-0.78434779276795,-0.60339449389644
YGR252W,0.173311486840248,-0.765212595462799,0.0233271454540287,0.0596894690615725,0.131486966957649,0.213697150349617,-0.881117292744282,-0.670201269111964
YGR253C,1.61312747001648,0.202771052718163,0.240966224862978,0.0655210234696632,1.19604019920031,2.08784628311793,0.0777457762242026,0.31969825142586
YGR255C,0.204225495457649,-0.693720936775208,0.0267540403477743,0.0581418933020134,0.156887375687559,0.249972209334373,-0.804412002288827,-0.60210828064323
YGR257C,0.101736731827259,-0.997184872627258,0.0148000839759869,0.0639500382447613,0.075836578818659,0.129423411811391,-1.12012135500666,-0.887987173865102
YGR260W,1.2338662147522,0.0878252238035202,0.153097872131365,0.0551060113079056,0.966035334765911,1.47753635744254,-0.0150069880694204,0.16953817627405
YGR261C,0.373557358980179,-0.430962145328522,0.0454884387595438,0.0541183710669606,0.295316611727079,0.441487949838241,-0.529712123041606,-0.355081150118894
YGR263C,0.0850566402077675,-1.07455801963806,0.0118197950024066,0.061190776797362,0.0644298206393917,0.107023805938661,-1.19091307767759,-0.970519609283764
YGR264C,2.4635694026947,0.388248056173325,0.299755415455511,0.0541206641164664,1.9419403831164,2.918625664711,0.288235892770742,0.465178396548816
YGR266W,0.378240972757339,-0.425745904445648,0.0474320899945234,0.0556895841683195,0.295710917313894,0.451907433321079,-0.529132647330674,-0.344950515200625
YGR267C,1.03689253330231,0.00996913202106953,0.168173853271298,0.0710992965525791,0.741333581010501,1.37447830835978,-0.129986326720716,0.138137886478908
YGR270W,0.18532520532608,-0.735368013381958,0.0225395609504682,0.0539644824328979,0.147832959890366,0.218608393147588,-0.830228727628073,-0.660333167999521
YGR271W,0.157844334840775,-0.804985225200653,0.0188976860711602,0.0533046506404679,0.125868107875188,0.183723530173302,-0.900084296691668,-0.735835219236966
YGR274C,0.155769973993301,-0.810898244380951,0.0191549765235416,0.0546163645522583,0.122819646882514,0.184465820714831,-0.910732155861733,-0.734084104132041
YGR276C,0.29714447259903,-0.530643045902252,0.0378533653296446,0.0563843639775313,0.230472253387173,0.360659205913544,-0.637381362337144,-0.442902978109611
YGR277C,0.241094440221786,-0.622624695301056,0.0355810750199824,0.0650549161908594,0.177599701782068,0.308425605793794,-0.750557777639112,-0.510849613860197
YGR278W,0.108479283750057,-0.968567371368408,0.0143791404372197,0.0587423704714994,0.0831333686908086,0.133240413665771,-1.08022462925465,-0.875364057445797
YGR280C,0.57530552148819,-0.245503887534142,0.0904427906125338,0.0687874402164135,0.417552912980318,0.763491280376911,-0.379288482413435,-0.117195931921038
YGR281W,0.335042029619217,-0.478143215179443,0.0402857895223127,0.0534952079501845,0.266445487737656,0.391942613571882,-0.5743916301509,-0.406777516230469
YGR282C,7.64909601211548,0.879440546035767,1.04913586980106,0.0605670064867496,5.77760502497355,9.56044468879699,0.761747841416924,0.980478087713058
YGR283C,0.228789895772934,-0.645037949085236,0.0325702078350478,0.0626879043005079,0.172613330557942,0.288335997362932,-0.76292566827328,-0.540101138875742
YGR286C,0.261145323514938,-0.58722984790802,0.0355577883106925,0.0601540346016364,0.197952274978161,0.324993186692397,-0.703439502940609,-0.488125754052521
YGR288W,0.0280746091157198,-1.55728530883789,0.00448280939946773,0.0700966781118561,0.0201088354922831,0.0369512736797333,-1.69661308010838,-1.43237058724084
YGR289C,0.00152516143862158,-2.84481072425842,0.000545546488782931,0.159492676430765,0.000673402713437099,0.00277207157535788,-3.17172561861047,-2.55719611728594
YHL047C,0.138007745146751,-0.863778531551361,0.0177506311979252,0.056970073927825,0.106893035893639,0.16752215983967,-0.971050688241048,-0.775927736732688
YHL044W,0.0504328198730946,-1.31241226196289,0.0134368053055022,0.115110334620198,0.0285823311346273,0.0811469037085771,-1.54390235367386,-1.09072804687562
YHL039W,0.267543226480484,-0.57623690366745,0.0342095244830828,0.0565314453287952,0.20964808439215,0.323757244398196,-0.678509140012209,-0.489780513132323
YHL038C,0.0758454501628876,-1.12390685081482,0.00996616472677558,0.0581427062148301,0.0579954348504543,0.0930983649566769,-1.23660619087303,-1.03105798437764
YHL036W,0.0190581399947405,-1.7255847454071,0.00305175513028981,0.0706747116512256,0.0136309843044728,0.025079580117017,-1.8654729019509,-1.60067997354014
YHL034C,6.11433458328247,0.781796634197235,0.876141722896302,0.0633129836505989,4.57118827104568,7.71246273914973,0.660029103283414,0.887193077783972
YHL032C,0.0252262558788061,-1.60279810428619,0.00365391114114247,0.0639407061395717,0.0188346892440071,0.0319045381930967,-1.72504156280604,-1.4961475405047
YHL030W,0.516537129878998,-0.29018646478653,0.0625247794441888,0.0539059523214884,0.41050850947698,0.60306555579106,-0.386677841415971,-0.219635475708458
YHL027W,0.326612144708633,-0.489559859037399,0.0415250962523576,0.056221958213978,0.256056278944016,0.394469295193752,-0.591664570045154,-0.403986795939273
YHL025W,0.171005442738533,-0.77174836397171,0.0251211205127771,0.064624432287591,0.127458439519008,0.218043595552444,-0.894631497901732,-0.66145666504229
YHL024W,0.0205142442137003,-1.69265329837799,0.00300033184868605,0.0642878226087521,0.0152617004389564,0.0261521618813276,-1.81639707515626,-1.58249240414573
YHL023C,0.0874070376157761,-1.06190931797028,0.0108745320767079,0.055192858239162,0.0686336256563664,0.104293045587838,-1.16346305982498,-0.981744650460962
YHL022C,0.013844613917172,-1.86764860153198,0.00280110673998045,0.0885781366139995,0.00902064659943183,0.0197452996236583,-2.0447623537042,-1.70453627784519
YHL021C,0.595982074737549,-0.228434085845947,0.0766030086427514,0.0567906382703296,0.463825023670991,0.727160707116127,-0.333645824767955,-0.138369603801835
YHL020C,0.17365874350071,-0.764377951622009,0.0235546692508893,0.0598576856583635,0.131932336837053,0.215345070511103,-0.879648747469581,-0.666865083197058
YHL019C,0.0609466657042503,-1.21895945072174,0.00808524612998959,0.0586717444125067,0.0465949181467295,0.074846105153362,-1.33166146001165,-1.12583079462127
YHL017W,0.309729099273682,-0.512630105018616,0.0394723786217365,0.0563836599193529,0.241455886512995,0.375909691552321,-0.617162209125035,-0.424916499301451
YHL014C,0.0759667083621025,-1.12393927574158,0.0109295906506081,0.063283148784172,0.0568177147147556,0.0967019588376084,-1.24551623909763,-1.01456483343414
YHL013C,0.42179811000824,-0.379287093877792,0.0596364213391733,0.0620484693767149,0.31792828887701,0.535711453855037,-0.497670832261976,-0.271069097555403
YHL012W,0.00329461181536317,-2.49907994270325,0.000915678888434592,0.122436979831138,0.001768390648067,0.00527721658969919,-2.75242179047711,-2.27759508118356
YHL011C,1.44941234588623,0.157032817602158,0.198645890067029,0.0604716090794287,1.09653880894184,1.80841483970483,0.0400239757764553,0.257297993249072
YHL009C,0.315308451652527,-0.505651533603668,0.0443552237839445,0.0621346659120694,0.234996222083767,0.397943943490584,-0.628939228038388,-0.40017819587773
YHL008C,0.0674618110060692,-1.17482829093933,0.0089261462512084,0.0584823423471137,0.0516303736716509,0.0831622703621785,-1.28709473188929,-1.0800736645366
YHL007C,0.355408489704132,-0.452660799026489,0.0437367922779946,0.0546931919473633,0.281129635125399,0.421585829804341,-0.551093371738805,-0.375113996701216
YHL003C,0.696514427661896,-0.160879999399185,0.0912391531144357,0.0579114990175194,0.537298867603143,0.856877199808757,-0.269784222070906,-0.067081412968052
YHL002W,0.339575082063675,-0.472924500703812,0.0448024759353746,0.058269635464127,0.261065483093262,0.417117839803298,-0.583250544849111,-0.379741238371419
YHR001W,0.469409376382828,-0.332201808691025,0.0610228220874785,0.0574819667217856,0.362175485988458,0.575053762892882,-0.441080961512286,-0.240291554424751
YHR003C,0.306473642587662,-0.517589032649994,0.0410235927994207,0.0592039127936746,0.236088108768066,0.377308002362649,-0.626925886819163,-0.423303984443666
YHR006W,0.263210535049438,-0.583284974098206,0.0333642050079593,0.0562566120844448,0.203788984691103,0.315877048919598,-0.690819294456408,-0.500481928080867
YHR007C,3.23979997634888,0.507124900817871,0.399290126235227,0.0546922724208189,2.5407942533493,3.87002193729083,0.404969498355572,0.587713426244158
YHR008C,1.58154904842377,0.192776814103127,0.268982743793719,0.0742913067172115,1.1129612237215,2.13731666008631,0.0464800269825203,0.329868870980896
YHR009C,0.393015027046204,-0.409187465906143,0.0498758023368982,0.0563255603083403,0.305498696366946,0.473608089983463,-0.514990728020932,-0.324580887812699
YHR011W,0.079528346657753,-1.1036833524704,0.0109751442436527,0.0608013998300987,0.0599924609065056,0.0995873260001341,-1.22190338596232,-1.00179596270825
YHR012W,0.307936400175095,-0.516380906105042,0.0457099076071747,0.0651753306866265,0.226802233109872,0.398891147971153,-0.644352679248589,-0.39914562168039
YHR013C,1.08153545856476,0.0282833892852068,0.175901949028055,0.0709448302678653,0.777607390781244,1.4447465389967,-0.109239799862398,0.159791659608765
YHR014W,0.00303345592692494,-2.56838703155518,0.00146583240333274,0.214791378227013,0.000957143158302642,0.00652283436308304,-3.01902310126998,-2.18556377431421
YHR015W,0.0303991604596376,-1.52161526679993,0.00432133668702224,0.0627612005411689,0.0227062137331814,0.0384190223179758,-1.64385528262413,-1.41545369154547
YHR016C,0.440493166446686,-0.35976180434227,0.0567672932721191,0.0571143955158284,0.341043412685394,0.534808576107025,-0.467190334527533,-0.271801637075547
YHR017W,0.161701455712318,-0.795499682426453,0.0222926926365148,0.060890824372423,0.122647237343093,0.202379216874639,-0.911342230697962,-0.693834089275425
YHR018C,0.601652503013611,-0.22436797618866,0.0776160920530903,0.0572242837263396,0.464666783809662,0.729527175426483,-0.332858371471553,-0.136958525678764
YHR019C,4.80226993560791,0.677975118160248,0.598286713809083,0.0553577322035145,3.76380340059598,5.72387513319651,0.575626928094967,0.757690149353845
YHR020W,3.17123770713806,0.497862458229065,0.38906916723705,0.0544847643147478,2.50838789542516,3.76141632596652,0.399394692786045,0.57535140501024
YHR022C,0.0123577583581209,-1.93244433403015,0.00415056636732742,0.147315256523089,0.00574560467309008,0.0220423443708569,-2.2406642609175,-1.65674221684585
YHR024C,0.370678037405014,-0.434750735759735,0.0481267577088753,0.0574463092465088,0.287433335681756,0.451925400396188,-0.541462865824285,-0.344933264044454
YHR025W,1.81272923946381,0.254333585500717,0.243100767055676,0.0593409716038348,1.38190883298715,2.23140215873718,0.140479391745466,0.348577848894625
YHR027C,1.78996598720551,0.249592706561089,0.215527210313335,0.0535931444307653,1.42215167482694,2.09666919708252,0.152945915560418,0.321529914864706
YHR028C,0.424040526151657,-0.375963121652603,0.0521031724378198,0.0545021368501072,0.336027618249257,0.502647791306178,-0.473625029629364,-0.298736224929501
YHR029C,0.405565291643143,-0.396607547998428,0.0590648251692683,0.0640033904256514,0.301566953460375,0.519472853342692,-0.52061625141587,-0.284437147022195
YHR030C,0.307212918996811,-0.516281962394714,0.039687962221942,0.0572669997089298,0.23842731565237,0.373774570475022,-0.622643991282502,-0.427390249821442
YHR031C,0.0768289193511009,-1.11808907985687,0.00978766688184172,0.056396125197815,0.0598600134253502,0.0930564315368732,-1.22286319009264,-1.03125360553386
YHR032W,0.27253782749176,-0.568223357200623,0.0348713376650009,0.0567125570709996,0.212261244654655,0.328572183847427,-0.673129293488661,-0.483369205699816
YHR033W,0.00244983448646963,-2.63541984558105,0.000819818812510574,0.148333500518687,0.00112527993042022,0.00431572762706006,-2.94873942678453,-2.36494600282301
YHR034C,0.186990052461624,-0.732500851154327,0.0261438311578291,0.061603308860345,0.140796198820074,0.234942391514778,-0.851409071399245,-0.629038614810645
YHR035W,0.0213113762438297,-1.6763744354248,0.00320270289020884,0.0661837552968172,0.015584861044772,0.0275789455976337,-1.80729708010979,-1.55942239635753
YHR036W,0.135788917541504,-0.871105372905731,0.0181454976381918,0.0591091397257082,0.103700378599266,0.167129385098815,-0.984219661656054,-0.776947185106418
YHR037W,0.530278027057648,-0.279014676809311,0.0665855441589267,0.0557025914113141,0.415265211214622,0.635741243759791,-0.381674450685341,-0.196719614191431
YHR040W,0.120884910225868,-0.922114729881287,0.0172439608275597,0.0627509421435998,0.0899170629059275,0.152651650582751,-1.04615790088478,-0.816298497797165
YHR042W,1.2249128818512,0.0848171934485435,0.14867099792775,0.0538434409932753,0.970365107059479,1.44991300702095,-0.0130648284687476,0.16134194355454
YHR045W,0.171812638640404,-0.768698811531067,0.0222994046731867,0.0575228278084913,0.132781643047929,0.208960726608833,-0.876861963462487,-0.679935334309797
YHR046C,0.329141467809677,-0.487562537193298,0.0492035073943556,0.0659654128679836,0.240861371159554,0.423112522313992,-0.61823284565317,-0.373544138477816
YHR049W,0.766908586025238,-0.121105208992958,0.125399465338409,0.0715835706433399,0.55004462103049,1.02263811031977,-0.259602099543354,0.00972197334583309
YHR050W,0.204036474227905,-0.6939657330513,0.0261940636982801,0.0568857827320771,0.158082192018628,0.247468204672138,-0.801117108619361,-0.606480599606247
YHR052W,1.07661771774292,0.0282334201037884,0.141272069432776,0.0580594938778585,0.828160955011845,1.32068400283655,-0.0818852658232212,0.120798917080153
YHR058C,0.256672620773315,-0.595145285129547,0.0368538153565075,0.0629788325120333,0.190595093245308,0.328331998487314,-0.71988833894692,-0.483686791657395
YHR061C,0.158274695277214,-0.805417954921722,0.0234495097424589,0.0651026745466269,0.117098027902345,0.203398228064179,-0.931450422216811,-0.691652835061927
YHR062C,0.33804988861084,-0.47567343711853,0.0491400364588865,0.0639080130023786,0.253705107669036,0.432294006397327,-0.595670839804965,-0.364220786131124
YHR063C,0.93487137556076,-0.0331516861915588,0.123874988472666,0.0586400723140335,0.717065324385961,1.1490158389012,-0.14444133017535,0.0603260153354208
YHR064C,6.61697912216187,0.817177176475525,0.826908441560786,0.0553976215751124,5.21659762859345,7.93102855682373,0.717387339456916,0.899329507615494
YHR065C,0.63059139251709,-0.203721821308136,0.0786674857596176,0.0553028891755082,0.492039173841476,0.760717098414898,-0.308000319375072,-0.118776835153368
YHR069C,0.410392045974731,-0.39095801115036,0.0563707065706436,0.06037330359293,0.312475141882896,0.513439422349135,-0.505184526831984,-0.289510810013428
YHR070W,0.32631853222847,-0.490110099315643,0.0423604775064201,0.0574867501619702,0.253192587196827,0.396678565939267,-0.59654909492463,-0.401561265491895
YHR071W,0.0989594459533691,-1.0173305273056,0.0243354808246356,0.105479579828695,0.0591362167149782,0.153751843422651,-1.22814706449476,-0.813179900744873
YHR072W,0.258691012859344,-0.590702474117279,0.0323109299089886,0.0554317596161148,0.202721466993292,0.309840705494086,-0.69310027657887,-0.508861527154808
YHR074W,0.637309789657593,-0.199070915579796,0.0788963387184956,0.05491958485871,0.501562645037969,0.757299542427063,-0.299674833651802,-0.120732305583233
YHR075C,0.0586906000971794,-1.23659837245941,0.00901730126865185,0.0672820554220855,0.0429744520224631,0.0765289217233658,-1.36678965256585,-1.11617440575328
YHR076W,0.367897868156433,-0.438462853431702,0.050594812888608,0.0607097592067053,0.278957032412291,0.459014701346556,-0.554462895701003,-0.338173410660552
YHR077C,0.14935477077961,-0.829209089279175,0.018493646048869,0.0549936707265863,0.117417998611927,0.176861733198166,-0.930265326438375,-0.752366123329078
YHR078W,0.0607680715620518,-1.22035825252533,0.00818730417072107,0.059597909897825,0.0460718004653851,0.0756551126018166,-1.33656481633923,-1.12116171815695
YHR082C,0.229509636759758,-0.642655491828918,0.0284957895955567,0.0552737349748189,0.179596052815517,0.271972715854645,-0.745703214184366,-0.565474661951505
YHR083W,0.299603015184402,-0.527978003025055,0.0428300673186322,0.0631154720509094,0.223027765750885,0.379977664103111,-0.651641066271327,-0.420241943838983
YHR084W,0.242867365479469,-0.618152976036072,0.0304917254616348,0.0557335975573767,0.189265236258507,0.291819368302822,-0.722929148780889,-0.534885887850737
YHR086W,0.171833693981171,-0.768789350986481,0.022745179070319,0.058572268521926,0.13224727610747,0.210624930510918,-0.87861326436041,-0.676490225617924
YHR088W,0.720362603664398,-0.147267282009125,0.106702376047842,0.0649960152041918,0.532818131148815,0.926741889119148,-0.273421005107618,-0.0330412068264128
YHR090C,0.163174331188202,-0.79334020614624,0.026906528484197,0.0726136673714855,0.114199715604385,0.216167914743225,-0.942334983171459,-0.665208769114717
YHR091C,0.0460556894540787,-1.34104955196381,0.00642882092231289,0.0618236950257839,0.0345334485173225,0.0576672635041177,-1.46176005074807,-1.23907067148558
YHR098C,0.684466123580933,-0.167980402708054,0.0833698232550645,0.0542780993780666,0.539078671733538,0.805382929245631,-0.268347850693372,-0.0939975801046923
YHR099W,0.294756472110748,-0.533642947673798,0.0346738531598953,0.0524065104053285,0.236409762998422,0.34044986863931,-0.626334594575236,-0.467946829528584
YHR101C,0.155969426035881,-0.811986207962036,0.0235458430387307,0.0664295653477003,0.114812930735449,0.200779898216327,-0.94000919706296,-0.697279772645332
YHR102W,0.125490501523018,-0.904916286468506,0.0157717753094155,0.0557762195618933,0.0984022540350755,0.149930596351624,-1.00699495366,-0.824109731589611
YHR103W,0.24280720949173,-0.61819189786911,0.0301934144048389,0.0551751524965364,0.191630287220081,0.289094788084427,-0.717535859769717,-0.538959740959761
YHR106W,0.0944070816040039,-1.0301570892334,0.0144731796079286,0.0672919379306105,0.0692415242393812,0.123332373052835,-1.15963340054523,-0.908922926586315
YHR109W,0.0496466755867004,-1.30837345123291,0.00690519820321568,0.0611907368448939,0.0377332985711594,0.0623961202800274,-1.42327524478908,-1.20484241341627
YHR111W,0.3260478079319,-0.490600138902664,0.0430976049144926,0.0584579284362055,0.249445688848694,0.401084720343351,-0.603024019310296,-0.396763893024792
YHR112C,0.249717772006989,-0.606659889221191,0.0340408502686672,0.0601024448215218,0.190680206567049,0.310743687550227,-0.719694445101388,-0.507597688816102
YHR113W,0.485185593366623,-0.317918181419373,0.0635582361772171,0.0580834178596134,0.374388237049182,0.591153997182846,-0.426677805258341,-0.228299372883978
YHR114W,0.268138647079468,-0.575193166732788,0.033815122213152,0.0559715075017242,0.208787749707699,0.322316856433948,-0.680294991291838,-0.491716985765309
YHR117W,0.402979284524918,-0.398203045129776,0.0503768452943535,0.0554313353830549,0.316225737333298,0.484312124798695,-0.500002786121232,-0.314874658561597
YHR118C,0.170088067650795,-0.773308098316193,0.0227737861262279,0.0592047602823324,0.130227641264598,0.209502629687389,-0.885296825789381,-0.678810554988986
YHR119W,0.114576414227486,-0.944342792034149,0.0142029688495948,0.0550924427110786,0.0900775045156479,0.136200487613678,-1.04538365391031,-0.865821337595403
YHR122W,0.335005164146423,-0.482222229242325,0.0614336982834585,0.0797095218083328,0.229452848434448,0.468198411663373,-0.639306546591312,-0.329570071243709
YHR123W,0.384395152330399,-0.419184654951096,0.0513902786338317,0.0590351781995868,0.294475860148668,0.477044746528069,-0.530950340673189,-0.321440890824191
YHR127W,0.279863178730011,-0.55949866771698,0.0482079049164083,0.0750621477318517,0.195846825838089,0.380060814569394,-0.708083462830303,-0.420146911067746
YHR129C,0.0675181970000267,-1.17547023296356,0.0100652408424149,0.0655122563351039,0.0497310834005475,0.0865200594688455,-1.30337208519532,-1.06288319278105
YHR132C,0.979561746120453,-0.0126974768936634,0.126824350335897,0.0573093669634563,0.755568166573842,1.19606886009375,-0.121726473918627,0.0777561832517322
YHR133C,0.932915031909943,-0.0350452400743961,0.139185270753659,0.0654586791814342,0.690121775865555,1.20852728883425,-0.1610742903529,0.0822564509263644
YHR137W,0.375527411699295,-0.428920060396194,0.0474880629601388,0.0560029301796117,0.292986208200455,0.454271828879913,-0.533152847106194,-0.342684197170201
YHR139C,0.0032062535174191,-2.53036713600159,0.00130548130229729,0.182168020594211,0.00118703560923071,0.00628334142578145,-2.92553737714905,-2.20180934260412
YHR142W,0.29097306728363,-0.540787696838379,0.042202639788215,0.0638653695142321,0.215863377228379,0.369537830352783,-0.665821032865825,-0.432341095368014
YHR143W,3.12168312072754,0.490259975194931,0.426483572480299,0.0602548984804484,2.3712973733743,3.90275797446569,0.374986006234793,0.591371611766454
YHR144C,0.214910820126534,-0.67247748374939,0.0315224904351803,0.0644529227051306,0.160971279069781,0.274137646953265,-0.793251606177245,-0.562031324333879
YHR149C,0.245830342173576,-0.612851679325104,0.0307267042731926,0.0554483462638243,0.192479328562816,0.293982609113057,-0.715615917921144,-0.531678360277527
YHR150W,0.0337547846138477,-1.47629809379578,0.00489068886167525,0.0638080013540727,0.0251726472439865,0.0428010068833828,-1.59907111344927,-1.36854601615778
YHR154W,0.193597808480263,-0.716529965400696,0.0239850715798546,0.0550241115872171,0.152844017744064,0.229546899472674,-0.815751556747757,-0.639128568992206
YHR156C,0.0543393976986408,-1.27055239677429,0.00870366965886886,0.0706584519256616,0.0386226114196082,0.0713257743666569,-1.41315836566726,-1.14675351471964
YHR158C,0.276457130908966,-0.56172513961792,0.0337948954652164,0.0544469879207076,0.217689643676082,0.325520532329877,-0.662162240540602,-0.487421613214157
YHR160C,0.00555342808365822,-2.29088425636292,0.0022439033571996,0.179018017368225,0.00216251071930553,0.0107719418825582,-2.66504185539183,-1.96770612551605
YHR161C,0.169292956590652,-0.774928092956543,0.0214270394274455,0.0560662625653218,0.131689531107744,0.204698691268762,-0.880448756334358,-0.688884940872215
YHR163W,0.942299246788025,-0.0313466228544712,0.150138457789299,0.0695797501941114,0.679401282469432,1.2558708190918,-0.167873822336032,0.0989449694641543
YHR167W,0.191222861409187,-0.725233614444733,0.033747010371793,0.0769695731559255,0.133840377380451,0.261944602678219,-0.873412851344479,-0.581790545684987
YHR168W,0.0533523634076118,-1.27719330787659,0.00747724137696667,0.06182105309074,0.0402198575126628,0.0673440769314766,-1.39555950666766,-1.17170059547321
YHR169W,0.346016734838486,-0.464691638946533,0.0452003554660399,0.0577583160561615,0.267578239738941,0.424913796534141,-0.572549240962523,-0.371699167861273
YHR171W,0.0602503605186939,-1.22393035888672,0.00797027751333815,0.0585201874534423,0.0461302091988424,0.0741354823733369,-1.33601458847443,-1.12997388260992
YHR172W,0.112292125821114,-0.953185737133026,0.01414720944354,0.0557822992021797,0.0882417112588882,0.134698767960072,-1.05432607827541,-0.870636377100576
YHR176W,0.0221553891897202,-1.66080641746521,0.00374673746437059,0.0743333502713633,0.01569402871343,0.0300459966529161,-1.80426557449381,-1.52221338595414
YHR177W,0.0074283666908741,-2.13970828056335,0.00163695383700556,0.0966365457859602,0.00465487820329145,0.0109657601608584,-2.33209169840802,-1.95996128055429
YHR178W,0.0628296062350273,-1.20567417144775,0.00824585838020926,0.0581762219663788,0.0483836341959735,0.0770323053002357,-1.31530151552566,-1.11332710507025
YHR179W,7.5638952255249,0.875038385391235,0.977491714900972,0.0571048759392104,5.86890076001485,9.22995762825012,0.76855676587496,0.965199707259657
YHR181W,0.28311088681221,-0.555659055709839,0.0529127063819628,0.081736890833433,0.193009182810783,0.391590144981941,-0.714422080619466,-0.407168246555548
YHR182W,0.0497675985097885,-1.30684769153595,0.00650937430908541,0.0577712323326985,0.038597454658399,0.0610200165150066,-1.41344134327152,-1.21452768416062
YHR183W,7.92957210540771,0.895806431770325,0.984169681268824,0.0551011078141184,6.2319281578064,9.45925812721252,0.794622400483254,0.975857061033094
YHR186C,0.133489966392517,-0.877840995788574,0.0161580615866848,0.0539015487161934,0.105416372418404,0.156586671123902,-0.9770919327784,-0.805245209058893
YHR187W,0.248104348778725,-0.609973430633545,0.0357559891407344,0.0636960562909728,0.184464540084203,0.312622518340746,-0.734087106652974,-0.504979766265433
YHR188C,0.468852341175079,-0.332335084676743,0.0575713706907388,0.054534865146098,0.36908807978034,0.556845723589261,-0.432869991683219,-0.254265114056832
YHR190W,1.79015529155731,0.249223366379738,0.229537245202761,0.0568477342265998,1.38642132282257,2.16555256644885,0.141895229100674,0.335568729601121
YHR194W,0.0229966808110476,-1.64331364631653,0.00345295812876153,0.0661362777056731,0.0169081625218193,0.0296270926638196,-1.7719035940343,-1.52831096437665
YHR195W,0.0989431664347649,-1.00965547561646,0.0149879664311466,0.0665064924636306,0.0728090541437268,0.12807996571064,-1.13781461313468,-0.892518797357353
YHR196W,0.580277979373932,-0.239843994379044,0.0724383172358573,0.0554010552377037,0.452442126472791,0.695998072624207,-0.344436965220326,-0.157391963047241
YHR197W,0.26699498295784,-0.576850235462189,0.0326995974214488,0.0543947109411206,0.210083904862404,0.31828960776329,-0.677607226108823,-0.497177540972892
YHR198C,0.159181162714958,-0.802655041217804,0.0228926425405201,0.0631581020668798,0.118696659306685,0.202819773058097,-0.925561504649066,-0.692889710087143
YHR199C,0.284557908773422,-0.550477921962738,0.0413190948382103,0.0639003071376776,0.211011650164922,0.363767180095116,-0.67569358617932,-0.439176487174698
YHR200W,1.51009511947632,0.174168944358826,0.223530008599242,0.0651908186591708,1.10655249158541,1.93319262663523,0.0439720189314916,0.286275123203013
YHR205W,0.432687938213348,-0.367263525724411,0.0536388325038925,0.0550791624492308,0.341456204652786,0.513639346261819,-0.46666499124259,-0.289341715726592
YHR206W,0.205548465251923,-0.690736413002014,0.0263086216026561,0.0567111180920477,0.160171009972692,0.248119220137596,-0.795416087398112,-0.605339592533957
YHR207C,0.289977878332138,-0.541316330432892,0.0372638373875867,0.0569480801501287,0.225619442140063,0.352357159803311,-0.646623478943524,-0.453016900359384
YHR208W,4.58314085006714,0.657406091690063,0.595489989126891,0.0575248333700602,3.53852396011353,5.5872349023819,0.548822124468564,0.747196927148718
YHR209W,0.0870654806494713,-1.06617152690887,0.0143984877866337,0.0727304286326664,0.0613804382892946,0.116495862603188,-1.21197014429209,-0.933689498505023
YHR210C,0.0151594392955303,-1.82826733589172,0.00307316794850687,0.0886566896921844,0.00994160544748108,0.0218739472019176,-2.00254348162094,-1.66007284335614
YIL160C,0.0011253961129114,-3.00147938728333,0.000549051329279886,0.221676099638956,0.000326720796147129,0.0024156596919056,-3.48582361322474,-2.61696426475888
YIL156W,0.0772499293088913,-1.11555469036102,0.00959994620627708,0.0552111128547478,0.0606403083230058,0.0922843079393109,-1.21723859941004,-1.03487214047969
YIL155C,0.157662481069565,-0.805921196937561,0.0201728491715968,0.0567139262224958,0.122807393843929,0.19054775039355,-0.910775486249379,-0.719996174310457
YIL154C,0.291707456111908,-0.539549589157104,0.0415984549391543,0.0628821528693166,0.219397605955601,0.3676305214564,-0.658768116357756,-0.434588518287171
YIL152W,0.0465709157288074,-1.34762239456177,0.0126426911786952,0.117526442394451,0.0259371765268346,0.0755959233889977,-1.58607783467245,-1.12150174210615
YIL150C,0.0790653899312019,-1.10596585273743,0.0105316209502916,0.0590405929679271,0.0601508169745405,0.0974044517924388,-1.22075846968174,-1.0114211947921
YIL149C,0.108676321804523,-0.967202544212341,0.0132702286698497,0.0542997060181796,0.0860743672897418,0.127565954377254,-1.06512616130828,-0.894265228803296
YIL144W,0.116060227155685,-0.938966333866119,0.0148542998807227,0.0567335505162978,0.0899516493082047,0.140900452931722,-1.04599086924021,-0.851087610974263
YIL143C,0.237042337656021,-0.628551065921783,0.0291618084790771,0.05455952597476,0.187375202526649,0.282324632257223,-0.727287891606647,-0.549251230967365
YIL142W,1.73043167591095,0.234606012701988,0.218127540119979,0.055938493860329,1.35706127285957,2.08045528729757,0.132599451417549,0.318158386335908
YIL140W,0.317443132400513,-0.501706957817078,0.0390406055484246,0.0545060968079824,0.251344531774521,0.377097345391909,-0.599730558798684,-0.423546531667263
YIL139C,0.0682296603918076,-1.17561388015747,0.0143796661697415,0.0916290270498055,0.043636263286074,0.0996765703583757,-1.36015251736335,-1.00140691505224
YIL137C,0.552098512649536,-0.261338263750076,0.0676008511515436,0.0544239424391661,0.435739419112603,0.652560472488403,-0.3607731646765,-0.185379236248534
YIL136W,0.196324691176414,-0.71124255657196,0.0270343415540335,0.0609741401863259,0.147425850853324,0.244419489676754,-0.831426371848914,-0.611864167023248
YIL135C,0.215160772204399,-0.671158671379089,0.0286625325546998,0.0586900714081401,0.164677595098813,0.26636437724034,-0.783365484855856,-0.574523857442249
YIL131C,0.298317223787308,-0.528965353965759,0.0382142534117775,0.0566263304134627,0.231464212015271,0.362623849262794,-0.635516148423399,-0.440543636749633
YIL130W,0.178907066583633,-0.750796854496002,0.0221503910669815,0.0549368008203194,0.140568464870254,0.212995430578788,-0.852112098477801,-0.671629714355279
YIL129C,0.160279393196106,-0.798412978649139,0.0194280805267387,0.0538856828195257,0.128023162484169,0.187610815217098,-0.892711448875428,-0.726742130171219
YIL128W,0.203517526388168,-0.694747030735016,0.0248995538626009,0.0543503565651058,0.160637885332108,0.241209130982558,-0.794152021633193,-0.617606259190884
YIL126W,0.405629456043243,-0.395147830247879,0.0490121259405628,0.0538041519713334,0.322359502315521,0.474821080764135,-0.491659523398053,-0.323470007856347
YIL125W,0.78564453125,-0.108011044561863,0.0944247747601259,0.0534550466646448,0.62324626147747,0.92256558885177,-0.205340322316447,-0.0350027487405841
YIL122W,0.0315121784806252,-1.50841128826141,0.00558016414287296,0.0778499858972182,0.0218207632967581,0.0428541155532002,-1.66113006204093,-1.36800746368219
YIL121W,0.233384966850281,-0.635532319545746,0.0296932614454775,0.0563613092453056,0.180783934270342,0.28252637386322,-0.74284016930732,-0.548941004521961
YIL119C,0.195258036255836,-0.713503241539001,0.0265947988341268,0.0601454142156161,0.148487598076463,0.242460689693689,-0.828309871438386,-0.615358664917676
YIL118W,0.785352468490601,-0.113017685711384,0.152501428140144,0.0839046582323181,0.524163901805878,1.11135726372401,-0.280532891413709,0.0458536719311753
YIL117C,0.351772636175156,-0.458308339118958,0.0506459804942496,0.0633430397104903,0.262898474931717,0.447976975888014,-0.580211933219088,-0.348744307968571
YIL116W,0.739872872829437,-0.134853646159172,0.0994989774444167,0.0594021287384778,0.564860296746095,0.91517485032479,-0.248058953787074,-0.0384959335714911
YIL115C,0.555685997009277,-0.258421778678894,0.066897695007133,0.0535882371939295,0.441132334619761,0.648817667861779,-0.355431107845416,-0.187877334683638
YIL114C,0.219012573361397,-0.664784133434296,0.0338338160710761,0.0679439866786565,0.158806616812944,0.283787611375252,-0.799131436318223,-0.547006645858336
YIL108W,0.228892505168915,-0.643961071968079,0.0290364291813908,0.0563105531279488,0.17798360598584,0.276370051503181,-0.749620000950867,-0.558509020653783
YIL107C,0.0989357605576515,-1.00817143917084,0.0124334742489105,0.0557434327628699,0.077378439096113,0.118687892208497,-1.111380035784,-0.925593585690147
YIL106W,0.243128374218941,-0.618870913982391,0.0355393543252391,0.0642779889649586,0.181736459086339,0.312077705313762,-0.740557938130933,-0.505737260093251
YIL104C,0.212784767150879,-0.675770342350006,0.0274939022615499,0.0571430302954183,0.165118905281027,0.260882049550613,-0.782203199434643,-0.583555831410506
YIL103W,0.304309278726578,-0.520636200904846,0.0405463151305102,0.0589993169787188,0.233543112998207,0.373922420541445,-0.631632946315503,-0.427218496664995
YIL101C,0.0278370324522257,-1.55997407436371,0.00401474868279365,0.0635590201110306,0.0206483930815011,0.0352780358555416,-1.68511375429344,-1.45249560829055
YIL097W,0.0362157374620438,-1.44577956199646,0.00526414971253946,0.0641407041514346,0.0266505522808681,0.0461449887913962,-1.57429378796102,-1.3358754754766
YIL094C,1.56198227405548,0.189700022339821,0.209165298722139,0.0591404740087227,1.1933283140262,1.93040276666482,0.0767599449623502,0.285647930864322
YIL093C,0.260266274213791,-0.590013861656189,0.0409720620919545,0.0690149850802715,0.187894067168236,0.340504196782907,-0.726086937942676,-0.467877550620572
YIL091C,0.358883053064346,-0.448485106229782,0.0445195953485493,0.0550498770755473,0.283361109097799,0.429136120527983,-0.547659761439375,-0.36740492925516
YIL090W,0.171585634350777,-0.769418060779572,0.0226901079376275,0.0586299406977401,0.131612587968508,0.210936537384987,-0.880702571246841,-0.675848187602575
YIL088C,0.268809974193573,-0.574272394180298,0.0347753259432715,0.0572019623424907,0.208005711436272,0.328054978946845,-0.681924739983382,-0.484053396744111
YIL085C,0.182800516486168,-0.741780638694763,0.0237505882435028,0.0575253150182282,0.141108418628573,0.223142468308409,-0.850447080735721,-0.651417900533128
YIL084C,0.149318426847458,-0.83093249797821,0.0226113785562499,0.0665369990576305,0.109293190638224,0.193522489070892,-0.96140689588527,-0.713268560351135
YIL083C,0.36230593919754,-0.445032179355621,0.0493497287422543,0.0600819910421448,0.275234460830688,0.451271066317956,-0.56029719103373,-0.345562511431527
YIL079C,0.24731570482254,-0.611152470111847,0.0348994992564121,0.0622159549504684,0.186279655744632,0.311250153680642,-0.729834580690627,-0.506890426135121
YIL078W,5.52208709716797,0.738797426223755,0.67082251684184,0.0540371589825872,4.35885467926661,6.50244785149892,0.639372389669975,0.813076875195562
YIL077C,0.0808925628662109,-1.09757816791534,0.0128267373281248,0.0692726571815762,0.058753315359354,0.107436753809452,-1.23096762179413,-0.968847122304535
YIL076W,1.47032189369202,0.162995547056198,0.207870697892792,0.0623197265340174,1.09852040410042,1.86559940079848,0.0408078258302531,0.270818392249377
YIL075C,1.60976672172546,0.203429475426674,0.196340905170878,0.0542531883179336,1.27426155308882,1.89618707398574,0.105258578424891,0.277881180965111
YIL071C,0.0338292084634304,-1.47608804702759,0.0052886270399122,0.0687461673145084,0.0244826756572972,0.0441651343057553,-1.61114112354995,-1.35492045115827
YIL070C,0.933291673660278,-0.0347757525742054,0.137375866874636,0.0649463716200563,0.687649711966515,1.20082664489746,-0.162632734601026,0.0794803158137914
YIL068C,0.171344935894012,-0.769606709480286,0.0213644087981359,0.0553945218499083,0.134427394345403,0.205347454175353,-0.871512223834886,-0.687510684054442
YIL067C,0.0745129361748695,-1.13155424594879,0.00970371747744376,0.0577833902202219,0.0570753832968573,0.0907328426837921,-1.24355121251032,-1.04223548234938
YIL061C,0.145595461130142,-0.842343330383301,0.0230911083973825,0.0693069753468109,0.105814297497272,0.190971702337265,-0.975455647010578,-0.719030980549368
YIL056W,0.0898308381438255,-1.0503363609314,0.0116662916368842,0.0575792502923473,0.069305956363678,0.109379555284977,-1.15922943920183,-0.961063846732875
YIL055C,0.0372097492218018,-1.43353462219238,0.00512115453595406,0.0607005388213437,0.0282087191008031,0.0465850181256731,-1.54961665048247,-1.33175373127122
YIL053W,13.8508186340332,1.13637888431549,2.10768591046099,0.0669149799139284,10.1088601668676,17.9741593837738,1.00470212207835,1.25464858779676
YIL050W,0.192689672112465,-0.720509171485901,0.0301117308320562,0.0686500805336594,0.139657806232572,0.253102054943641,-0.854934818792168,-0.596704370802744
YIL049W,0.058643102645874,-1.24066388607025,0.0118760685455647,0.0881588604397567,0.0383981679566205,0.0842210732400417,-1.41568951663769,-1.07457922914916
YIL048W,0.179877653717995,-0.748375058174133,0.0220153440290608,0.0543861858739367,0.141882061958313,0.212841575592756,-0.848072508594441,-0.671943544000761
YIL047C,0.214320138096809,-0.67241370677948,0.0267508887205017,0.0553610695068972,0.168615891411901,0.255866948018471,-0.773101501147151,-0.591985811107865
YIL044C,0.406686425209045,-0.395385891199112,0.0590849907189021,0.0638464713256519,0.301951133956512,0.519439160823822,-0.520063367194677,-0.284465311756042
YIL043C,1.72949743270874,0.233375146985054,0.248412403602507,0.0631633624449126,1.28721537490686,2.20750812689463,0.109651216758034,0.343902310879517
YIL042C,0.0576881542801857,-1.24395620822906,0.00872667717327365,0.0665234485207334,0.0423460565507412,0.0744280284270644,-1.37318702684434,-1.12826350217864
YIL039W,0.610425412654877,-0.217995092272758,0.0778275310215688,0.0565591670339951,0.472367948542039,0.740359630187352,-0.32571958585604,-0.13055727356077
YIL038C,0.500960886478424,-0.30352509021759,0.0612277920151573,0.0541504842724691,0.396792896091938,0.596202745536963,-0.401436113723181,-0.22460602870925
YIL036W,0.278966695070267,-0.557927370071411,0.0348342982064952,0.0553805593779458,0.219097562258442,0.335354434450467,-0.659362497394511,-0.474495959744776
YIL035C,0.51934140920639,-0.288613438606262,0.0702540598505211,0.0598539883493312,0.395065645376841,0.645132202406724,-0.403330734739569,-0.190351279973999
YIL034C,0.690812468528748,-0.165332198143005,0.100922207618729,0.0641407694913698,0.51290637254715,0.882231969137986,-0.289961905058111,-0.0544172143837594
YIL033C,0.784196138381958,-0.109338514506817,0.101997968706364,0.0575784577304434,0.602354288101196,0.960060878098011,-0.220147993611267,-0.0177012797837102
YIL030C,0.506670713424683,-0.298474937677383,0.0605485708245317,0.0531597728386061,0.404401267816623,0.591733508308729,-0.39318751630033,-0.227873839331898
YIL026C,0.172321394085884,-0.766952037811279,0.0209121432716502,0.0538756575713,0.136811031276981,0.203204939762751,-0.863878883651674,-0.692065739693702
YIL022W,0.618755996227264,-0.212200686335564,0.0799486258746613,0.057250437703474,0.477146100501219,0.753898453215758,-0.321348621152282,-0.122687150297498
YIL020C,0.328624993562698,-0.488872557878494,0.0524532298570539,0.0698753183290229,0.236044764518738,0.434483261406422,-0.627005627792938,-0.362026953592026
YIL019W,0.314865171909332,-0.506085693836212,0.0434461309392421,0.0608167919219232,0.238040607298414,0.39575541789333,-0.623348951564833,-0.40257313989684
YIL017C,0.0437435880303383,-1.36282300949097,0.005662085130435,0.0573611876222889,0.0337522812187672,0.0532966791962584,-1.4716968691369,-1.27329985023986
YIL015W,1.90643846988678,0.276829659938812,0.235178111888272,0.0546784797961029,1.50253407756488,2.27237461805344,0.176824330004153,0.356479929456832
YIL014W,0.156057476997375,-0.810254573822021,0.0196786274778292,0.055863652115579,0.122234480641782,0.188146161288023,-0.912806268575379,-0.725504639337856
YIL011W,0.0870459005236626,-1.06745803356171,0.0158767205255444,0.0793462225090047,0.0603599920868874,0.121192427227894,-1.21925082583186,-0.916524519235835
YIL006W,0.0238686632364988,-1.62911796569824,0.0042518486780491,0.0780786406536453,0.0166085744587084,0.0326430295904477,-1.77966764369683,-1.48620954223885
YIL005W,0.405493021011353,-0.395495474338531,0.0505814496004766,0.0553965939566199,0.317542225122452,0.484767623245716,-0.498198516298402,-0.314466410953062
YIL002C,0.0726906508207321,-1.1420441865921,0.00912398076672657,0.0557774989919868,0.0565810185857117,0.0869892419005434,-1.24732924118796,-1.06053445532144
YIL001W,0.0724233686923981,-1.14434146881104,0.00998391689659405,0.0609841228755271,0.0545847074749569,0.0907622277736664,-1.26292901307667,-1.04209485282747
YIR003W,0.365956991910934,-0.439944565296173,0.0450146716964302,0.0545212355479405,0.2891318457822,0.436679823199908,-0.538904087240104,-0.359836875819876
YIR004W,0.445814609527588,-0.354746013879776,0.0589589164278062,0.0586490846656388,0.340642982721329,0.547422181566556,-0.467700553183331,-0.26167760904245
YIR006C,0.851022660732269,-0.0734506770968437,0.10464281740579,0.0547397121605021,0.670271194974581,1.00569035013517,-0.173749451410437,0.00246428280222381
YIR007W,0.0981380715966225,-1.01184737682343,0.012608534737402,0.0569918140983507,0.075942023160557,0.119090512394905,-1.1195178554683,-0.924122836155054
YIR008C,0.305409699678421,-0.519081890583038,0.0407970142953833,0.0590841868298967,0.234002745027343,0.376931442320347,-0.630779114759712,-0.423737677274427
YIR010W,0.110196985304356,-0.961466312408447,0.0141033330422363,0.0565841944527575,0.0855635659148296,0.134676783159375,-1.06771114040982,-0.870707270550925
YIR011C,0.246186763048172,-0.613458573818207,0.0360927246642727,0.0643518909970673,0.182786566515764,0.316197516520818,-0.73805572522932,-0.500041568883385
YIR012W,1.10073363780975,0.0379566065967083,0.142522683534163,0.0572621816475508,0.851029515266418,1.34032367567221,-0.0700553775240449,0.127209688914472
YIR014W,0.0586034804582596,-1.24412429332733,0.013917470111461,0.102551618443093,0.0354500446158151,0.0891375795006752,-1.45038323001616,-1.04993916386342
YIR016W,0.00492306286469102,-2.34775114059448,0.00212298591769667,0.189774771116996,0.00180569776566699,0.0099153995513916,-2.74335493961727,-2.00368981013189
YIR018W,0.174361288547516,-0.766397178173065,0.033217183460703,0.0828337864688703,0.117494269336263,0.246738916511337,-0.929983319497627,-0.607762365636376
YIR021W,0.107555247843266,-0.973177850246429,0.0158673129496435,0.0650335497137886,0.0799953407918414,0.136670333643754,-1.0969353528026,-0.864325745879687
YIR025W,0.0716691315174103,-1.14981532096863,0.0109370247889852,0.0672679281117368,0.0522344969833891,0.0924608446657658,-1.28204258385063,-1.03404214368776
YIR026C,0.430220752954483,-0.370405226945877,0.0585708275303325,0.0600058141482908,0.326981940617164,0.536994626621405,-0.485476250633055,-0.270030061819286
YIR030C,0.0918176099658012,-1.04675471782684,0.019485743975575,0.0919542080338189,0.0590552466921508,0.132642347365618,-1.22874167727,-0.877317801569161
YIR031C,0.00556517578661442,-2.26576161384583,0.00127538501839155,0.0991251197711394,0.00343334429392902,0.00839559743956973,-2.46428267774257,-2.07594840219326
YIR033W,0.322134703397751,-0.495237290859222,0.0389495931504458,0.0537615602524626,0.254308730363846,0.380223095417023,-0.594638730332506,-0.419961506861586
YIR035C,0.242598980665207,-0.621213376522064,0.0406860338400478,0.073007123759181,0.171948388715585,0.329642347743114,-0.764602053723778,-0.481957019204202
YIR038C,0.475223392248154,-0.331394642591476,0.0930179335619926,0.0851477509378253,0.317656607429186,0.67279364913702,-0.498042123007482,-0.172118287066936
YIR042C,0.00260647782124579,-2.71179485321045,0.0020106266103813,0.356940148080746,0.00031805355635394,0.00785948873963207,-3.49750017720133,-2.10460575126855
YJL216C,0.00152075872756541,-2.84712862968445,0.000555729645601327,0.161914691302617,0.00065987034176942,0.00281570377022338,-3.18054145839615,-2.55041305275716
YJL213W,0.00129134929738939,-2.96935701370239,0.000782585988066365,0.277717016780214,0.000262946805742104,0.00334752339598102,-3.58013919366755,-2.47527657861323
YJL208C,0.229824781417847,-0.643149375915527,0.0329289776583013,0.063256012628896,0.170436652377248,0.293116273234288,-0.768437004584846,-0.532960186311235
YJL207C,0.163515582680702,-0.7896768450737,0.0196277573590899,0.0534962198653585,0.129648298025131,0.191208958625793,-0.887233180114418,-0.718491769630939
YJL206C,0.0261276252567768,-1.58746206760406,0.00374943312784774,0.0633348496991714,0.0194868170811484,0.0328633455870052,-1.71025909146338,-1.48328824832681
YJL204C,0.156914100050926,-0.807818055152893,0.0196134454477275,0.0553478074263889,0.122968360284964,0.188302338123322,-0.91020663186052,-0.72514428737711
YJL203W,0.189574420452118,-0.728074371814728,0.0309329452135958,0.07171187042139,0.134926198422909,0.249849781518181,-0.869903766534126,-0.602321056079873
YJL201W,0.182857945561409,-0.741515874862671,0.0233611823841177,0.0565472626743957,0.141834134484331,0.222544416909416,-0.848219237321123,-0.652583338085971
YJL197W,0.180524691939354,-0.746807754039764,0.0220762051357905,0.0543150951840418,0.142750413467487,0.213232938572764,-0.845422630124579,-0.671145709636866
YJL196C,1.36859321594238,0.131988137960434,0.190728046753195,0.061355421952606,1.03060863316059,1.73508623639743,0.0130937580495327,0.239321063089273
YJL194W,0.131655767560005,-0.88448703289032,0.0174933140925074,0.0588189268615242,0.100612201044957,0.162223052730163,-0.997349350541874,-0.789887452260611
YJL193W,0.104410693049431,-0.98572850227356,0.0148534965515014,0.0627124164400253,0.0781927182649573,0.132629655549924,-1.10683370664747,-0.877359392203518
YJL192C,1.24631893634796,0.0893441885709763,0.211889054541179,0.0741311390670105,0.886260569095612,1.68936693271001,-0.0524385726015054,0.227723602039984
YJL187C,0.0695215240120888,-1.16161859035492,0.00900391554107931,0.0573808725579659,0.0535425168462098,0.0845762347181638,-1.27130121827778,-1.07275165828181
YJL186W,0.882736146450043,-0.0577216930687428,0.111342533751865,0.0559721793064507,0.691735362013181,1.0594258159399,-0.160060057340898,0.0250704999385689
YJL185C,0.0525004453957081,-1.2875417470932,0.00988799075580063,0.0821173562264163,0.0354188462719321,0.0741039451832573,-1.45076559303768,-1.13015867030374
YJL183W,0.69705593585968,-0.160636499524117,0.0923248488225352,0.0586399730513487,0.53575401455164,0.851891588171323,-0.271034577158182,-0.0696156701074831
YJL180C,0.153621777892113,-0.818432986736298,0.0228292227123913,0.0655677072738551,0.11226544448485,0.197042502090335,-0.949753936329515,-0.705440094339209
YJL178C,0.802129685878754,-0.100727677345276,0.120698128754254,0.0660241084883429,0.589919665455818,1.03650253911813,-0.229207129710252,0.0155703701033863
YJL176C,0.307506293058395,-0.515542507171631,0.037887657740019,0.0547468234063585,0.242087102184693,0.365618814279636,-0.616028355054775,-0.436971466527312
YJL172W,1.76928949356079,0.244381546974182,0.219050541549985,0.0548632110773156,1.39225564996401,2.12099705735842,0.143718980652682,0.326540063738383
YJL168C,0.310109436511993,-0.511958360671997,0.0386496587840441,0.0553562075335674,0.242423802614212,0.371512726942698,-0.615424740790819,-0.430026309573133
YJL167W,4.64413499832153,0.662973999977112,0.618687942552509,0.0587988106354246,3.54944618344307,5.72565833330154,0.550160593605957,0.757825426857302
YJL165C,0.197716742753983,-0.707303106784821,0.0241977863372746,0.0543174313664877,0.156434640288353,0.234877273440361,-0.805667072118192,-0.629159003217867
YJL164C,0.299088805913925,-0.528219044208527,0.0402027598489368,0.059499542222546,0.228447622433305,0.369140283763409,-0.641213357559491,-0.432808558869158
YJL163C,0.0366244129836559,-1.44054234027863,0.00510515659643932,0.0616919993723084,0.0273104856566836,0.0461177841760218,-1.56367059672948,-1.33613156750808
YJL162C,0.0778269991278648,-1.11277770996094,0.0103123043571865,0.0587012675406248,0.0594924216158688,0.0959489462897181,-1.22553842291486,-1.01795979208891
YJL160C,0.00879841577261686,-2.07617688179016,0.0027263578074846,0.135077309570146,0.00442832196131349,0.015143878532884,-2.35376107729501,-1.81976289545246
YJL157C,0.363894909620285,-0.44246044754982,0.045079044426875,0.0550700309399602,0.285652760664622,0.432109481841326,-0.544161579349215,-0.364406209090435
YJL156C,0.150542706251144,-0.825978994369507,0.0192137254687927,0.0566413669702011,0.117588800999026,0.181709556033214,-0.92963403832852,-0.740622232720378
YJL155C,0.146696582436562,-0.837590157985687,0.0197166885849604,0.0594081802422048,0.111634056642652,0.181946709752083,-0.952203297188146,-0.740055793605828
YJL154C,0.331779509782791,-0.482422739267349,0.0401394620361633,0.0537269286712765,0.262326982120673,0.391850373645623,-0.581157037433116,-0.406879736040678
YJL153C,0.00582938967272639,-2.2449414730072,0.00128196226693263,0.0964849755812884,0.00361443500927029,0.00847342765579621,-2.4419595864268,-2.07194087459939
YJL149W,0.125885859131813,-0.903677225112915,0.016142297938189,0.0567342871673417,0.0976768188178539,0.152823613584042,-1.01020850094327,-0.815809553454437
YJL148W,0.888763546943665,-0.0576614551246166,0.153691631835198,0.0749666247762306,0.626785718401273,1.20604009330273,-0.202881013035776,0.0813617448771197
YJL147C,0.0554403513669968,-1.26157629489899,0.00871585241880835,0.0687647685801789,0.04043705019479,0.0725894809390108,-1.39322053585402,-1.13912631350037
YJL146W,0.140396282076836,-0.856730103492737,0.0190626594332082,0.0599392833967726,0.107188259189328,0.175135221953193,-0.969852783523748,-0.756626503473655
YJL145W,0.963481724262238,-0.0209260620176792,0.141657535408293,0.0647341748885262,0.713303476075331,1.23513721227646,-0.146725735253163,0.0917151722958802
YJL139C,0.105597130954266,-0.980728447437286,0.0148597834015591,0.0620619709172655,0.078968481781582,0.13254577058057,-1.10254621495919,-0.877634126270103
YJL137C,0.112663768231869,-0.952697336673737,0.0160098785901572,0.0628269295048622,0.0841684117913246,0.142060226450364,-1.07485086762951,-0.847527501442894
YJL134W,0.328384637832642,-0.487689733505249,0.04444809561706,0.0598974061410451,0.250229134658972,0.405583793918292,-0.601662146897598,-0.39191944371621
YJL133W,0.200832366943359,-0.702055990695953,0.0299634317751785,0.0654769769270171,0.14879259839654,0.259985365718603,-0.827418671996658,-0.585051098781638
YJL131C,0.0960774943232536,-1.0222395658493,0.0142742592237911,0.0653262994016638,0.0711836495747169,0.123627663900455,-1.14761976612544,-0.907884346774757
YJL130C,3.00166964530945,0.474262356758118,0.352772125809408,0.0523351262767575,2.4101490298907,3.4749717215697,0.382043892542099,0.540951259206978
YJL129C,0.0514915212988853,-1.29189312458038,0.00656271491867828,0.0565671485300032,0.0400486229918897,0.0620415932188431,-1.39741241188136,-1.20731705810764
YJL128C,0.300150841474533,-0.526244342327118,0.0380199254607431,0.0562281532214966,0.233282694841425,0.359682597716649,-0.632117486194001,-0.444080581605883
YJL127C,0.0881366208195686,-1.05873346328735,0.0116497300798917,0.0585319371813208,0.0673913563912114,0.107492414861917,-1.17139580400612,-0.968622180532137
YJL126W,0.112844385206699,-0.952551960945129,0.0170122625094884,0.0665606848711024,0.0823874646797776,0.144485582783818,-1.08413888533437,-0.840175497762712
YJL125C,0.41006675362587,-0.391197055578232,0.0553986491745431,0.0597067954015394,0.313285202284654,0.508173945049445,-0.504060124900675,-0.293987606009436
YJL121C,1.71502578258514,0.22867439687252,0.274454188552477,0.0700033597480486,1.23298035661379,2.27969790299733,0.0909561556833373,0.357877296774457
YJL117W,1.31954252719879,0.116140440106392,0.18385480015207,0.0613249460538412,0.991603382428487,1.67090095480283,-0.0036620760622168,0.22295069420726
YJL116C,0.026315039023757,-1.58811616897583,0.00514799862142957,0.0853490678523052,0.0175784304117163,0.0374239274611075,-1.75501993892215,-1.42685074046777
YJL115W,0.489872813224792,-0.314801692962646,0.0729305344263233,0.0654892259126331,0.360034793615341,0.633355461557706,-0.443655527163324,-0.198352600971198
YJL111W,1.47153162956238,0.164316862821579,0.182985698947607,0.05518174772158,1.15128248532613,1.76200185219447,0.0611818943421651,0.246006353837763
YJL110C,0.168609842658043,-0.776812493801117,0.0216832748121447,0.0570922493501216,0.129771994923552,0.203691761568189,-0.886819020557486,-0.691026555602589
YJL109C,0.518996119499207,-0.28801554441452,0.0618040745986505,0.052972797665345,0.414919891456763,0.60424509147803,-0.382035746586859,-0.218786869091489
YJL107C,0.0657061487436295,-1.18732929229736,0.00980897275669749,0.0659342427827748,0.0482445620000362,0.0841822564601898,-1.31655163209167,-1.07477944846025
YJL106W,0.000588749768212438,-3.28344655036926,0.000290169515713576,0.222779056077552,0.000173462976817973,0.00129504958361698,-3.7607932049045,-2.88771361550216
YJL105W,0.00473615899682045,-2.3360710144043,0.00108719943902939,0.100654930230448,0.00287455963164878,0.00707488791085779,-2.54142868429237,-2.15028067349921
YJL102W,0.0439615398645401,-1.3608306646347,0.005814008498074,0.0586822179657037,0.033492332448562,0.0536460049139957,-1.47505460688721,-1.27046262431845
YJL101C,0.245512261986732,-0.613406956195831,0.0306601939904623,0.0553836767004387,0.192899565522869,0.294977913051844,-0.714668750644408,-0.530210514382138
YJL100W,0.0428672283887863,-1.37210607528687,0.00592011151101292,0.0610259239843743,0.0323162327520549,0.0534121036839982,-1.49057928257678,-1.2723603167934
YJL095W,0.0645550414919853,-1.19340991973877,0.00789545854949445,0.0542622620561766,0.0510845340788364,0.0767155039434632,-1.29171056384413,-1.11511685898098
YJL094C,0.115961387753487,-0.939127445220947,0.0144004038625444,0.0550413371557577,0.0913559943437576,0.139145508408546,-1.0392629510481,-0.856530808049784
YJL092W,0.079349972307682,-1.10393357276917,0.00990572950738038,0.055394475615406,0.0624317844708761,0.0947510965168476,-1.2045942585676,-1.02341575569841
YJL091C,0.253692835569382,-0.599427998065948,0.0328769953281066,0.0573603534860525,0.195783603315552,0.310212481518586,-0.708223696234827,-0.508340733768797
YJL088W,0.0497457273304462,-1.3094277381897,0.00835204510687195,0.0736919485608571,0.0353440014645457,0.0664367535461982,-1.45168428399582,-1.17759159918999
YJL087C,0.266614228487015,-0.5775226354599,0.032914007369067,0.0548026541443491,0.2093346118927,0.31851021250089,-0.679158958420768,-0.496876657533362
YJL085W,0.137391120195389,-0.865685224533081,0.0175758300713679,0.0566649610756367,0.106716576591134,0.166624636948109,-0.9717681164282,-0.77826078607196
YJL084C,0.11173976957798,-0.955178797245026,0.0137478582831878,0.0546604626099787,0.0881281451011697,0.132675489534934,-1.05488537576632,-0.877209301318388
YJL082W,0.212434932589531,-0.676334261894226,0.0268346521588231,0.0560520084252613,0.166554795453946,0.2538399964571,-0.77844286099614,-0.595439947011942
YJL081C,0.311215490102768,-0.510762751102448,0.0407685104587536,0.0580544387906768,0.238913174470266,0.37911384627223,-0.621759901144899,-0.421230354118702
YJL079C,0.516684651374817,-0.291311383247375,0.0741616518835794,0.0631056401986261,0.386628717184067,0.657604178786278,-0.412705891509248,-0.182035437718081
YJL078C,0.689020991325378,-0.165044099092484,0.0833768969776487,0.0537641976458604,0.543074705203374,0.813963963588079,-0.265140428963225,-0.0893948222016024
YJL076W,0.493617862462997,-0.309926152229309,0.0601457916494874,0.054084101417241,0.391206387927135,0.581355810165405,-0.407594065041586,-0.235557982766292
YJL074C,0.267237186431885,-0.576384603977203,0.0323405021670032,0.0538479033987844,0.211662731940548,0.314011264840762,-0.674355603624691,-0.503054772079588
YJL073W,0.157649293541908,-0.805890679359436,0.0199967136549186,0.0561742594700946,0.122916578998168,0.19069316064318,-0.910389538239539,-0.719664883207996
YJL071W,0.0561482794582844,-1.25490343570709,0.00775292431615789,0.0611208714379767,0.0423421177702645,0.0702057475224137,-1.37322742471171,-1.15362733239201
YJL070C,0.0548699647188187,-1.26440918445587,0.00711853173874162,0.0574448501432643,0.0423397154547274,0.0668217550963163,-1.37325210891885,-1.17508212476166
YJL068C,0.931137681007385,-0.0358201637864113,0.138061658351573,0.0651041587193802,0.68943442205588,1.18570871154467,-0.161507038274395,0.0739780102276954
YJL062W,0.289185762405396,-0.542229294776917,0.0357600635763256,0.0547877865260211,0.227391766756773,0.344420284032822,-0.643225282440823,-0.462911279448007
YJL061W,0.306229293346405,-0.51734733581543,0.0377470399056408,0.0546970039862689,0.240131297707558,0.365939267228047,-0.619551234502998,-0.436590985961244
YJL060W,0.437447607517242,-0.362906485795975,0.0574654302066006,0.058081158994282,0.338943502555291,0.536593875288963,-0.469872703440755,-0.270354305233078
YJL059W,0.0848422572016716,-1.07591092586517,0.0121282994921732,0.0630847834844711,0.062865301904579,0.106997365690768,-1.20158899447507,-0.970626914653229
YJL058C,0.0525446124374866,-1.28389167785645,0.00744495736588395,0.0622548215442993,0.0396974415828784,0.0662181310355663,-1.40123748187179,-1.17902313653778
YJL057C,0.0594370663166046,-1.22996008396149,0.0079862452456306,0.0594931419212092,0.0453944801352918,0.0733284318819642,-1.34299708994889,-1.13472760444797
YJL055W,0.82165652513504,-0.0912471115589142,0.135542441303836,0.072087832779122,0.584002369145552,1.10250391960144,-0.233585391082185,0.0423800713059451
YJL054W,0.288846284151077,-0.543141722679138,0.0377942047483811,0.0579050257212928,0.222875958060225,0.352852654953798,-0.651936776944847,-0.452406616947558
YJL053W,0.340348541736603,-0.472235798835754,0.0466622326948936,0.0604617785992832,0.258506280432145,0.425899368276199,-0.587528926243314,-0.370693005090296
YJL051W,0.0815629735589027,-1.09216141700745,0.0104461408308873,0.0567542223605502,0.0631487593054771,0.0988823251177867,-1.19963517768313,-1.00488134717772
YJL050W,0.873180270195007,-0.0621403753757477,0.105160080491369,0.0534960631829711,0.694881589214007,1.02535033226013,-0.158089195929802,0.0108722764866916
YJL049W,0.121979124844074,-0.917914867401123,0.0168242905849715,0.0607571948239436,0.0925747081637383,0.152964282656709,-1.03350764836389,-0.81540996596237
YJL048C,0.06879673153162,-1.16720247268677,0.0101264420767102,0.0646913093848108,0.0510277601579825,0.0884074043482542,-1.29219352007728,-1.05351139980047
YJL047C,0.0672831684350967,-1.17568016052246,0.00853726265146126,0.0562014385883223,0.0522763551833729,0.0814017359167337,-1.28169470000852,-1.08936633369473
YJL046W,0.0898146703839302,-1.05120062828064,0.0128948239374802,0.0631756877817104,0.0674555022269487,0.114079050719738,-1.17098262064257,-0.942794101349984
YJL044C,0.158004477620125,-0.80517566204071,0.0207925525583678,0.0581613800578016,0.121489985845983,0.194523742298285,-0.915459531821634,-0.711027385767848
YJL043W,0.00415088841691613,-2.43494892120361,0.00207382504894728,0.220707175968768,0.00123766088509001,0.00931102303632845,-2.90739833546898,-2.0310026232054
YJL041W,1.17551708221436,0.0668650045990944,0.144158798457389,0.0544878559715372,0.927594243983428,1.39481177330017,-0.0326419555024785,0.144515570121323
YJL039C,0.400971114635468,-0.400164484977722,0.048483356181144,0.0538112721927535,0.318762898445129,0.468475341796875,-0.496532232878901,-0.329313263267938
YJL036W,0.25056666135788,-0.605133354663849,0.0338901071475921,0.0597375959854568,0.190812094137073,0.310760331153869,-0.719394136754708,-0.507574465423158
YJL035C,0.0806793197989464,-1.1035099029541,0.0177247740012791,0.0945016659007626,0.0519201643764973,0.120650154538453,-1.28466394125213,-0.91847212083208
YJL033W,0.553460955619812,-0.260238081216812,0.0674921786061778,0.0541400371522352,0.4387932104369,0.655126382410526,-0.357740101040667,-0.183674915820748
YJL031C,0.242344409227371,-0.6202272772789,0.0352427871240205,0.0639596347289427,0.179808551693956,0.309910260140896,-0.745189659922005,-0.508764045485394
YJL025W,0.0259637329727411,-1.59101951122284,0.00406424620987061,0.0687604378774532,0.0187005845364183,0.0337101629003882,-1.72814481938092,-1.47223915707887
YJL020C,0.792409956455231,-0.104168154299259,0.0935761906832686,0.0524294834329098,0.634105996290843,0.927313657601674,-0.197838141018072,-0.032773343931043
YJL019W,0.168222770094872,-0.777770578861237,0.0215204407592718,0.0567870282757246,0.131126518920064,0.202443166698019,-0.882309483128472,-0.69369687848506
YJL016W,0.0617634952068329,-1.2133948802948,0.00843412139450311,0.060274032372279,0.0468453347993394,0.0770909332359831,-1.32933365464431,-1.11299669727481
YJL014W,1.92693531513214,0.281378537416458,0.240809821389927,0.0554640631979122,1.51236743927002,2.31042866508166,0.179657318263114,0.363692496325614
YJL012C,3.21429324150085,0.503755688667297,0.392070422992043,0.0542036217971626,2.53826964894931,3.79906533559163,0.404537754488227,0.57967676215017
YJL010C,0.554088950157166,-0.259870231151581,0.0688806887443437,0.0551507289523632,0.434831162790457,0.66199189722538,-0.361679389945113,-0.179147331750414
YJL008C,1.85017251968384,0.263707041740417,0.231647194162918,0.0556088600491237,1.44483397901058,2.21302138169606,0.15981793473947,0.344985554783114
YJL006C,0.120573282241821,-0.92367959022522,0.018020836605272,0.0658442049214454,0.0890559552237391,0.155286940435568,-1.05033705849908,-0.808865069092824
YJL002C,1.31833827495575,0.116492405533791,0.165975672458445,0.0558303515854778,1.02868749598662,1.58939030766487,0.0122834600325621,0.201230550893498
YJR001W,0.423892617225647,-0.37621220946312,0.0528820407555829,0.0552715698000775,0.331657972931862,0.508106027543545,-0.479309562385947,-0.294045654388197
YJR002W,0.541659891605377,-0.269752115011215,0.0675887471599345,0.0553880276259327,0.423214644193649,0.647910177707672,-0.373439313131521,-0.188485197879085
YJR003C,0.189570218324661,-0.725882887840271,0.0243020767576516,0.0567027092909481,0.147290702288349,0.23092175424099,-0.831824669180767,-0.636535152748037
YJR004C,0.00688915699720383,-2.16973400115967,0.00130960879658073,0.0833120800150454,0.00463190898299217,0.0096517402989169,-2.33423998508925,-2.0153943724378
YJR005W,0.186689838767052,-0.732298314571381,0.0231219396708734,0.0548933255827281,0.146483360975981,0.223648711542288,-0.834211704069941,-0.650433604831812
YJR006W,0.149616986513138,-0.828904986381531,0.0197838247233363,0.0585046448292595,0.114068855593602,0.184224243586262,-0.942832915676273,-0.734653242486485
YJR007W,3.3005096912384,0.514433622360229,0.451671554833996,0.0603909445787489,2.50119018554688,4.13103593190511,0.398146715878134,0.616058968729003
YJR010W,0.205638602375984,-0.690717697143555,0.0269484362981447,0.058034878013423,0.158043258885543,0.251043648521105,-0.801224180143489,-0.600250762849947
YJR011C,0.0811442211270332,-1.0983692407608,0.0152143938820749,0.0816817017165042,0.0549361705780029,0.113238908350468,-1.26014161711796,-0.946004328547797
YJR013W,0.214091628789902,-0.673432111740112,0.0288524879233036,0.0595721299253791,0.163682582229376,0.264625408003728,-0.785997541615623,-0.577368463458558
YJR015W,0.984355449676514,-0.0104704182595015,0.125446564980235,0.0565099338852934,0.766754448413849,1.19068125883738,-0.115343695728935,0.0757955000806974
YJR016C,3.43395709991455,0.532421171665192,0.421826872023045,0.0545616148568813,2.70032378832499,4.09838390350342,0.431415836523522,0.61261263701778
YJR019C,0.11155067384243,-0.957194328308105,0.016246732508798,0.0640017170221722,0.0829114538927873,0.142380734160542,-1.08138549918092,-0.846548773269874
YJR030C,0.0973781421780586,-1.01524901390076,0.0125764592693731,0.0571594543782818,0.0759561253711581,0.118222545894484,-1.11943719898422,-0.927299729510104
YJR031C,0.155866906046867,-0.810596168041229,0.0190566896867252,0.0543905566627952,0.123206794261932,0.183856904009978,-0.909365342260022,-0.735520080177581
YJR032W,0.577077448368073,-0.242770925164223,0.0775697707377147,0.059348106254017,0.440956473350525,0.715618491172791,-0.355604277463284,-0.145318446038493
YJR033C,0.130597129464149,-0.887371778488159,0.0158618451735154,0.054001483983631,0.102782242124279,0.154650490855177,-0.988081914962203,-0.810648702680643
YJR035W,0.0573541931807995,-1.2450510263443,0.0072939879668285,0.0564886223975494,0.0443666141480207,0.0689934916173418,-1.35294372263378,-1.16119187959716
YJR036C,0.0116006610915065,-1.94050824642181,0.00174675877890201,0.0661516040471193,0.00854941273573786,0.0149772121881445,-2.06806372763472,-1.82456903049313
YJR040W,0.205823287367821,-0.690050482749939,0.0259240707765333,0.0559327205055911,0.160445579886436,0.247570067644119,-0.794672242779896,-0.606301864671325
YJR041C,0.233294144272804,-0.635305523872375,0.0279401542401604,0.0532344971180381,0.185006504133344,0.27407568693161,-0.732813012957765,-0.562129488720875
YJR042W,0.322040140628815,-0.495486319065094,0.0397054289064342,0.0547301517782602,0.253733307123184,0.383643690993388,-0.595622519966439,-0.416071939720155
YJR043C,0.229663982987404,-0.643340289592743,0.0324626496732204,0.0624734852099634,0.172848608717322,0.289567866176367,-0.762334116438586,-0.538249644224996
YJR046W,0.171290874481201,-0.769872426986694,0.021780557806889,0.0563761170670699,0.133335334807634,0.206604220593969,-0.875054752047784,-0.684860811584255
YJR049C,0.284493178129196,-0.549646079540253,0.0367444440549021,0.057244448909862,0.220625491440296,0.347841820369164,-0.656344312788674,-0.458618213874139
YJR050W,0.123630978167057,-0.915731847286224,0.0236188656267216,0.0827817306396598,0.083257417815427,0.174469217658043,-1.079577128081,-0.758281186358223
YJR051W,0.388133585453033,-0.414689898490906,0.0498986106566146,0.0568382560119441,0.301130341241757,0.472329595436652,-0.521245486435777,-0.325754841696428
YJR053W,0.0967137664556503,-1.01841688156128,0.0127959287564177,0.0586813093662673,0.074026003976663,0.117986194665233,-1.13061569779876,-0.928168808487939
YJR054W,0.0716585069894791,-1.14903700351715,0.00999570650078811,0.0614727981246016,0.0542406473308802,0.0900546708454688,-1.2656751396465,-1.04549385808022
YJR056C,0.143461883068085,-0.850903153419495,0.0268427634529059,0.0818702389155436,0.0971342012907068,0.198809495816628,-1.01262783575962,-0.701562878718151
YJR059W,0.30234894156456,-0.522854447364807,0.037098542627621,0.0544445482474901,0.238396858051419,0.358468739191691,-0.622699474298987,-0.445548712211777
YJR060W,1.07476031780243,0.0273492429405451,0.143648395963839,0.0590440533481912,0.822433471679688,1.33369603157043,-0.0848992229232435,0.12505685574213
YJR062C,0.15550833940506,-0.812049746513367,0.020338600725295,0.0578916546663099,0.119497933425009,0.190253651266297,-0.922639605262195,-0.720667000561571
YJR064W,2.20829248428345,0.3406662940979,0.272011663355123,0.054684123718399,1.72895596226056,2.62061762015025,0.237783930923745,0.418403656733655
YJR070C,4.433753490448,0.64284211397171,0.590262763137841,0.058816098494813,3.39475647012393,5.47070276737213,0.530808598280476,0.738043119382128
YJR072C,0.870460629463196,-0.0639282912015915,0.112083910499059,0.0568604847245973,0.67546366105477,1.06095539629459,-0.170398010714404,0.025697125176883
YJR076C,0.928131341934204,-0.0360983349382877,0.119808039548365,0.057148459340637,0.717538356781006,1.12833631038666,-0.144154878296984,0.0524385641651274
YJR077C,1.6657543182373,0.217395573854446,0.230217659482293,0.060837459823659,1.26560054123402,2.09427738189697,0.102296644740734,0.321034202390201
YJR080C,0.293960332870483,-0.535721659660339,0.0395202621990189,0.0593828727026525,0.224046685174108,0.364461364845435,-0.649661479728626,-0.43834850425615
YJR088C,0.865605473518372,-0.0674961805343628,0.127755599927034,0.0650936614938813,0.636228268345197,1.10567803780238,-0.196387038942005,0.04362868283743
YJR089W,0.0711311846971512,-1.15155982971191,0.00906228526144639,0.0564751880938664,0.0554113968896369,0.0855781495571137,-1.2564009013867,-1.06763710848652
YJR090C,0.121626242995262,-0.918426275253296,0.0151191208239868,0.0552045696403155,0.0959679633378983,0.144602239131927,-1.01787372183162,-0.839824982040718
YJR092W,0.447015881538391,-0.352888107299805,0.0535210068982818,0.053242773663631,0.357081979513168,0.522906522949537,-0.447232066344511,-0.281575940896977
YJR093C,0.204946264624596,-0.69303286075592,0.0298132187721813,0.0640901873524655,0.152281880378723,0.261552093178034,-0.817351769150411,-0.58244180999327
YJR094C,0.0575730763375759,-1.24551343917847,0.00930189426076738,0.070958868654477,0.0412433936571081,0.0763349197184046,-1.38464561341758,-1.117276762157
YJR096W,0.219736009836197,-0.663409471511841,0.0342890861971363,0.0681357745849998,0.159580351536473,0.290281981229782,-0.797020600075605,-0.537179921437866
YJR098C,0.0596800856292248,-1.22807192802429,0.00791161959263835,0.0585987863760348,0.0458396841151019,0.0736179610093435,-1.33875840212985,-1.13301622093632
YJR099W,0.17984376847744,-0.75276780128479,0.0338456193896608,0.0818133667886466,0.123466417193413,0.252136605481307,-0.90845116572996,-0.598364098375704
YJR101W,0.350565940141678,-0.461428076028824,0.0590814736237496,0.0736497949246697,0.246567271774014,0.469886377702157,-0.608064846162184,-0.328007147834683
YJR103W,0.410976618528366,-0.389735192060471,0.0518780898738037,0.0559373908501365,0.320616543292999,0.495156934857368,-0.494014072513688,-0.305257134968661
YJR106W,0.0396124571561813,-1.40638947486877,0.00546689923535118,0.0609536026653817,0.0299709085375071,0.0491831267563005,-1.52330009166078,-1.30818387413302
YJR107W,0.000922729086596519,-3.14630341529846,0.000655104387540636,0.331775084018675,0.000137375283641935,0.00263650655591239,-3.86209152300516,-2.57897184496958
YJR109C,0.797649502754211,-0.101428396999836,0.0959467560266837,0.0534928336826649,0.633182661732038,0.936451833943526,-0.198470986175664,-0.0285145555530114
YJR111C,0.151159599423409,-0.826682984828949,0.0252798948779431,0.073227779242792,0.106740131912132,0.20438777556022,-0.971672278705272,-0.68954508318167
YJR116W,0.230741754174232,-0.642484664916992,0.0369110217809956,0.0701460158767785,0.165515694518884,0.303511142730713,-0.781160825337021,-0.517825360148427
YJR117W,0.887446582317352,-0.0554800480604172,0.1133560476334,0.0564383087465937,0.692623138427734,1.07879781723022,-0.159503004089429,0.0329400590583585
YJR119C,0.0361779481172562,-1.44571244716644,0.00494507638944277,0.060511370985822,0.0272586271166801,0.0449053809978068,-1.56449602123299,-1.34770161903131
YJR122W,0.0747786089777946,-1.13058578968048,0.0104672571625104,0.0620133294624741,0.0559348106694718,0.0936538204550743,-1.25231782881481,-1.02847450287781
YJR124C,0.269851952791214,-0.572678804397583,0.03527875589808,0.0578936052230955,0.207459253569444,0.330402766168117,-0.683067199658175,-0.480956326320428
YJR125C,0.901147842407227,-0.0490415096282959,0.118338892993171,0.0581437293475655,0.69173223276933,1.10811277627945,-0.160062022418064,0.0445839616578501
YJR126C,0.181518614292145,-0.744620800018311,0.0228494532642824,0.055913404364375,0.142136788368225,0.216556529824932,-0.847293521455901,-0.664428716674354
YJR130C,0.0733478963375092,-1.13845014572144,0.0096346914025407,0.0581708408111882,0.0561213560402393,0.0901250332593918,-1.2508718722522,-1.04515456211289
YJR131W,0.300849318504333,-0.525342106819153,0.0387366773021915,0.0570306789356538,0.233374789357185,0.365242290496826,-0.631946061034524,-0.437418949991548
YJR132W,0.348538011312485,-0.461105018854141,0.0426552959591334,0.0544295507290785,0.274958337346713,0.412493528922399,-0.560733110370666,-0.384582861653215
YJR134C,0.139696165919304,-0.858396291732788,0.0176927797634399,0.0561995328735463,0.108371645212173,0.168015450239182,-0.9650843334686,-0.774650779910466
YJR136C,0.0773282125592232,-1.11632406711578,0.0112330165595587,0.0639934221154889,0.0576440028535823,0.0988853871822357,-1.23924587544444,-1.00486788165871
YJR137C,0.297527402639389,-0.52967768907547,0.0355875592014027,0.0531895604605806,0.236641826853156,0.348015450437864,-0.625908490764322,-0.458401478966913
YJR139C,5.58671283721924,0.743212819099426,0.745294232414508,0.0588860196219169,4.27727008660634,6.93631312052409,0.631166670182634,0.841128688879363
YJR140C,0.100383475422859,-1.00169885158539,0.0122949077658765,0.0544783496890404,0.0789711598306894,0.118275170090298,-1.10253150294575,-0.927106418863598
YJR141W,0.0474092178046703,-1.33040714263916,0.00804648427483387,0.0740766985377134,0.0335902571678162,0.0639392524336775,-1.47378668366711,-1.19423245084299
YJR142W,0.427151024341583,-0.373859792947769,0.0604780636743887,0.0625080200354448,0.319861969848474,0.539899086952209,-0.495037397087833,-0.267687407149161
YJR144W,0.554636180400848,-0.261089205741882,0.084685105324246,0.0667975132894972,0.405379306276639,0.723676112294197,-0.392138651135373,-0.140455783827069
YJR148W,3.75097346305847,0.570271909236908,0.495785384571185,0.0583487893689367,2.87979283134143,4.62589632670085,0.459361245675492,0.66519589238108
YJR149W,0.00466039590537548,-2.35021948814392,0.00135890843354664,0.128947200917327,0.00240186875065168,0.00772475405829027,-2.61945076741378,-2.11211541353982
YJR150C,0.0524022579193115,-1.28793740272522,0.00961175788966227,0.0798282183743489,0.0355599634349346,0.0731506414090593,-1.4490386942714,-1.13578188993708
YJR151C,0.000861276988871396,-3.0859706401825,0.000268242503991687,0.137190352814281,0.000421294695843244,0.00145712753001135,-3.37541420927544,-2.83650287046117
YJR152W,0.000913684081751853,-3.08453416824341,0.000418640995043438,0.203916566229706,0.000306131760347246,0.00192483051699431,-3.51409163395393,-2.71560751898882
YKL222C,0.00726579828187823,-2.14631652832031,0.0013513703873863,0.0817714306051264,0.00494680635165423,0.00999807827174663,-2.30567526976775,-2.00008347900851
YKL221W,0.00298049300909042,-2.54768490791321,0.00094994968012245,0.139717731756665,0.00144786927752042,0.00515456848079337,-2.83927065406284,-2.28780882136536
YKL218C,0.114795617759228,-0.945156812667847,0.0174116933115567,0.0668602702539321,0.0838064625859261,0.148812277863423,-1.07672249023383,-0.827361263013846
YKL216W,3.77146911621094,0.572313964366913,0.519985258737105,0.0607167790311917,2.86392874320348,4.71922571261724,0.45696220817635,0.673870749315425
YKL215C,0.384356081485748,-0.418699413537979,0.047595890800566,0.0550403684531544,0.30370882153511,0.453982892135779,-0.517542593368597,-0.342960513595452
YKL213C,0.349244654178619,-0.460285246372223,0.0431868668768926,0.0548764905648376,0.274200916290283,0.417687450846036,-0.561931098273169,-0.379148574399993
YKL212W,1.70245742797852,0.227621972560883,0.211576227661194,0.0552242812797048,1.33029966652393,2.02874699831009,0.123949477966338,0.307227889584811
YKL211C,0.839321792125702,-0.0798039138317108,0.10866895205518,0.0573311632554215,0.651073346535365,1.0215508321921,-0.186370088565412,0.00925998142996282
YKL210W,3.60063505172729,0.553128004074097,0.433504748446011,0.0535879699875232,2.84936065276464,4.23334264755249,0.454747409397618,0.626683417454701
YKL209C,0.636570274829865,-0.199472680687904,0.0774857895362972,0.0541296331799082,0.505996523797512,0.746752751370271,-0.295852467379209,-0.126823168587212
YKL208W,0.0878791362047195,-1.06268179416656,0.0152663860482745,0.0757928367487377,0.0616774843695263,0.119461633265018,-1.20987336188861,-0.922771551926665
YKL207W,1.3045266866684,0.110257357358932,0.200378836272004,0.0675599596106606,0.948863268395265,1.69767534732819,-0.0227963721185332,0.229854642124349
YKL205W,0.225302532315254,-0.650574147701263,0.0275189320649299,0.0542859551886395,0.178258329629898,0.266389655321836,-0.748950167351102,-0.574482645037585
YKL204W,0.50202202796936,-0.30279329419136,0.0629745623707851,0.0556694768480927,0.393018982559443,0.601222932338714,-0.405586472990998,-0.220964470081167
YKL197C,0.108115993440151,-0.969595909118652,0.0135003300360247,0.0554616367789297,0.0846777475128571,0.128994862859448,-1.07223083929195,-0.889427584947378
YKL195W,0.781780660152435,-0.110699623823166,0.102010440610255,0.0577190960771484,0.60165402640899,0.95543286750714,-0.22065317261076,-0.0197998252067316
YKL194C,0.0959813371300697,-1.02193248271942,0.0130837343001708,0.0602254004880367,0.073112711434563,0.119443883001804,-1.13600711252078,-0.92283608672186
YKL193C,0.338801562786102,-0.474539458751678,0.0483096514924037,0.0627538955467635,0.254094650348028,0.429055252671242,-0.595004520957316,-0.367486778753821
YKL191W,0.423258602619171,-0.376936256885529,0.0533769802467662,0.0558593736661898,0.331666260957718,0.509522982935111,-0.479298705221974,-0.292836221693228
YKL189W,0.124044090509415,-0.91070830821991,0.0172651529409424,0.061356294746981,0.0934667333339651,0.155993888402979,-1.02934293948004,-0.806892416433319
YKL187C,0.00137994659598917,-2.88156247138977,0.000434165175020679,0.13805207912478,0.000683543420260927,0.00234961020760238,-3.16523410750861,-2.62900417974038
YKL185W,0.344688057899475,-0.466062933206558,0.043109588480193,0.0554648964678338,0.269991454482079,0.412705957889557,-0.568649981579789,-0.384359261532369
YKL183W,0.27865281701088,-0.559989154338837,0.0423400671591673,0.0665032225698319,0.205774188041687,0.362901297708352,-0.686609103305918,-0.440211478792362
YKL181W,1.45978760719299,0.160487189888954,0.190550467506942,0.0579179052600962,1.12619258364042,1.77897466719151,0.0516126309828212,0.250169758701456
YKL179C,0.275815099477768,-0.562909305095673,0.0346655643327802,0.0557734268376556,0.214596578354637,0.331192134817441,-0.668377206961208,-0.479919986302683
YKL175W,0.438572406768799,-0.361432403326035,0.0547882539889935,0.0553058277466045,0.344507968674103,0.527879665295283,-0.462800729590804,-0.277465068268877
YKL174C,0.181939497590065,-0.743666708469391,0.0230882093155699,0.0563055932644477,0.141117112214367,0.219391500453154,-0.8504203195936,-0.658780201649865
YKL173W,0.15974760055542,-0.79993736743927,0.0196159693505622,0.0545591483031635,0.126060456037521,0.189366261288524,-0.899421126099656,-0.722697397509244
YKL172W,1.96615958213806,0.289979159832001,0.251595946274291,0.056593159814703,1.53049000700315,2.39444351196289,0.184830488733274,0.379204595927725
YKL171W,0.03155867010355,-1.50476408004761,0.00417071229552096,0.0584659036001357,0.024250527502348,0.0387310399052997,-1.61527881346432,-1.41194084232094
YKL168C,0.0727620422840118,-1.1419358253479,0.00953610112890107,0.0582145840450203,0.0557981775763134,0.0887954980134964,-1.25337998539379,-1.05160905266126
YKL166C,0.300476878881454,-0.526114940643311,0.0399648673841697,0.0587564474547552,0.230183919146657,0.371588164071242,-0.637925023734322,-0.429938132041153
YKL165C,0.397481620311737,-0.403999030590057,0.0483683588714549,0.0540818735473747,0.313530296087265,0.469106503824393,-0.503720487408039,-0.328728555507373
YKL155C,0.117702662944794,-0.932902216911316,0.0151399726215967,0.0570285151426842,0.0911020487546921,0.14253583761553,-1.04047185625584,-0.846075933892516
YKL154W,0.552481234073639,-0.264258742332458,0.0968080256430459,0.0755970614032467,0.386600315570831,0.760874812304973,-0.4127377958051,-0.118686825745407
YKL151C,0.339198231697083,-0.473808139562607,0.0471132452641799,0.0612035298140526,0.255360666414102,0.427323136727015,-0.592846003318638,-0.369243608436619
YKL150W,1.02433717250824,0.00602390803396702,0.145080072115649,0.0622867096401901,0.767306952675184,1.29934961299101,-0.1150308726477,0.113726016729452
YKL149C,0.1225196570158,-0.916137278079987,0.017146406914288,0.061826323667348,0.091761366960903,0.153657949219147,-1.03734031240581,-0.813444967694693
YKL148C,0.300818741321564,-0.52521413564682,0.0377225365564249,0.055718531226923,0.234890872736772,0.360207826147477,-0.629133861741525,-0.44344685693992
YKL146W,0.223830446600914,-0.653660476207733,0.0283161254780221,0.0561807456957288,0.174419961373011,0.268415994942188,-0.758403817267207,-0.571191630405117
YKL143W,0.583562970161438,-0.237549975514412,0.0744886978954354,0.0566324010173096,0.451962642371655,0.706797725955645,-0.344897464225912,-0.1507048626619
YKL140W,0.259658575057983,-0.589169800281525,0.0328430467856064,0.0561390902593187,0.202244223778447,0.313977951308091,-0.694123873419091,-0.503100849459757
YKL139W,0.130614593625069,-0.887823462486267,0.0170970611999263,0.0579590977392076,0.10078414020439,0.159916588788231,-0.996607805479257,-0.796106483852328
YKL135C,0.278828054666519,-0.558079600334167,0.0344599963302662,0.0548763017593699,0.218121901154518,0.33219732567668,-0.661300725649996,-0.478603868228266
YKL134C,0.109113462269306,-0.96573543548584,0.0138760864933829,0.0564839790819731,0.0851265083998442,0.131258564194043,-1.0699351808292,-0.881872354899691
YKL132C,0.00803753174841404,-2.10566759109497,0.00178398565419,0.0975563110145595,0.00499151047163953,0.0117865038647627,-2.30176801751696,-1.92861510057247
YKL130C,0.382547706365585,-0.423302054405212,0.0631260363569263,0.0725340369090572,0.268664494156837,0.508772632976373,-0.570789726568531,-0.293476279162203
YKL127W,1.29665410518646,0.10934828966856,0.161828924510985,0.0553549562213394,1.01502287387848,1.55482882857323,0.00647582933028525,0.191682576619128
YKL126W,0.562954902648926,-0.252928495407104,0.0694390054731838,0.05479565424643,0.444388301422199,0.669726796448231,-0.352237385044387,-0.17410232449908
YKL125W,0.213631883263588,-0.673866629600525,0.0268777061641327,0.0558030876922077,0.166949236517151,0.256309102723996,-0.777415562744628,-0.591235969782923
YKL124W,0.0768303796648979,-1.11842751502991,0.0102443437606156,0.0590706688224763,0.0585047273586194,0.0944575022906065,-1.23280904494902,-1.02476356254633
YKL121W,0.0368997789919376,-1.43684017658234,0.00486125751845107,0.0583666792445213,0.0281801944598556,0.0452903749110798,-1.55005601741758,-1.34399409470203
YKL120W,1.31944966316223,0.11628669500351,0.179916298366162,0.0600507137897718,1.0053203701973,1.64949448108673,0.00230448246768015,0.217350858557938
YKL116C,0.110311962664127,-0.961318373680115,0.0146793689590128,0.0589377635927667,0.0842880869905154,0.135899181291461,-1.07423382319231,-0.866783172693812
YKL113C,0.410465389490128,-0.390694081783295,0.0548792440808743,0.0591267109430807,0.313229143619537,0.507550687591235,-0.504137836894062,-0.294520580893495
YKL112W,0.632826507091522,-0.20217590034008,0.0787402957280632,0.0552379081154526,0.498198911299308,0.753901748359203,-0.302597226977237,-0.12268524957715
YKL110C,0.310372650623322,-0.512862265110016,0.045614988060533,0.0645252532227767,0.230363041162491,0.397030215213696,-0.637587196718923,-0.401176449339949
YKL109W,0.131221830844879,-0.885888755321503,0.0173734095676553,0.0585533598926839,0.101006333467861,0.160679299011827,-0.995651394178112,-0.79404007169896
YKL108W,0.111527465283871,-0.95669561624527,0.0151102768572828,0.0598915828962377,0.0849835656583309,0.138175538678964,-1.07066505781572,-0.859568834864923
YKL107W,0.0118132214993238,-1.94275796413422,0.00313485455465775,0.115256719524192,0.00670321587628374,0.0188877966254949,-2.17371680110248,-1.72381899090029
YKL106W,0.280130088329315,-0.55655562877655,0.0372287311502687,0.0586719110834186,0.214949141442776,0.345819514493148,-0.667664298504236,-0.461150503261577
YKL104C,1.48732602596283,0.168998256325722,0.183642309949862,0.0548246316245324,1.1734846919775,1.7671601096789,0.0694774282683096,0.247275876336638
YKL101W,0.229488208889961,-0.64251834154129,0.0277899352668025,0.0537612007947397,0.182339792450269,0.269530892372131,-0.739118545692022,-0.569391450819141
YKL100C,0.449923545122147,-0.350332707166672,0.0561325266325752,0.0553134197357996,0.352896246065696,0.541283409297466,-0.452352961537183,-0.266575284170602
YKL099C,0.758987426757812,-0.125334888696671,0.121160484967811,0.0698296338095686,0.546663848062356,0.998799324035645,-0.262279687788108,-0.000521760241083204
YKL098W,0.0856055021286011,-1.07241332530975,0.0128231909625731,0.0656005067189529,0.0632695257663727,0.110721021766464,-1.19880542076164,-0.955769934790496
YKL095W,0.198689177632332,-0.707626402378082,0.0323564501979326,0.0713129819952751,0.141799466808637,0.264672803382079,-0.848325437522177,-0.577290699159225
YKL094W,0.688814163208008,-0.166268914937973,0.0970299185785915,0.0619171070379208,0.520349820454915,0.872096624970436,-0.283704611049257,-0.0594353942350776
YKL093W,0.00921186897903681,-2.0514600276947,0.00248735383752048,0.118184875988187,0.00511356960826864,0.0147594874724746,-2.29127582799179,-1.83092872325422
YKL092C,0.100526258349419,-1.00126719474792,0.0126538815644368,0.0559849898908482,0.0785006705050667,0.120077490868668,-1.10512663430807,-0.920538423647208
YKL091C,0.158349320292473,-0.805868446826935,0.0250394868814744,0.0693285528468114,0.113393707883855,0.209107784057657,-0.945411047892088,-0.679629804233468
YKL089W,0.110737353563309,-0.959680259227753,0.0147894627347675,0.0591888762098052,0.0850516250357032,0.136154279112816,-1.07031738550098,-0.865968704923504
YKL088W,0.237326323986053,-0.628356873989105,0.0305673032010501,0.0571486202688156,0.183551806335648,0.286977062126001,-0.736241345629876,-0.542152814761015
YKL085W,1.47598695755005,0.164994329214096,0.200381290300171,0.0599712263592914,1.12268888950348,1.83174610137939,0.0502594247467968,0.262865275875726
YKL082C,0.694208085536957,-0.162125647068024,0.0885761021053195,0.0563932166040448,0.541243610779444,0.846824823319912,-0.266607217385226,-0.0722064231697094
YKL080W,2.07107925415039,0.312388956546783,0.27077476467284,0.0579208277347048,1.59272627830505,2.53140592376391,0.202141144915379,0.403361711891577
YKL079W,0.16875983774662,-0.776301741600037,0.0213640123774664,0.0561037620525742,0.131539115682244,0.203828212991357,-0.880945084967348,-0.690735707202793
YKL077W,1.48550832271576,0.167993620038033,0.196627027020977,0.0584068954843119,1.14600223898888,1.83007797499498,0.0591854651148863,0.26246956872518
YKL075C,0.155057564377785,-0.813575088977814,0.0209728239544412,0.0598552953673641,0.117648327785234,0.192312119777004,-0.929414241364483,-0.715993345107363
YKL072W,0.0909442529082298,-1.04499745368958,0.0118166508481822,0.0577107635417706,0.0699160061776638,0.110627795942128,-1.15542341912746,-0.956135741676897
YKL071W,0.0087179122492671,-2.0931384563446,0.00343415856982909,0.173948615886813,0.00346290599554777,0.0167137973941862,-2.46055929769946,-1.77692494120304
YKL068W,0.375755399465561,-0.428675383329391,0.047495590812335,0.056230335391126,0.293237980206807,0.449793973068396,-0.532779781060584,-0.346986368278748
YKL064W,0.164045184850693,-0.788424730300903,0.0202055508335659,0.0546666429119693,0.129519864916801,0.195078808069229,-0.887663617203403,-0.709789909341772
YKL060C,45.734001159668,1.65639531612396,6.00818996955032,0.0582126042468254,35.1394261995951,56.0681190490723,1.5457946654668,1.74871598680456
YKL059C,0.205660983920097,-0.690864384174347,0.0276419070684669,0.0594453380118165,0.156558605656028,0.252989172935486,-0.805323055676926,-0.596898064733233
YKL057C,0.342236191034317,-0.469019055366516,0.041823120266384,0.0543512433219389,0.269952299942573,0.404441257814566,-0.568712969062204,-0.393144548369736
YKL055C,0.0588475577533245,-1.2382550239563,0.0112396460591705,0.0837543242142399,0.0392389270476997,0.0827619923899571,-1.40628293648463,-1.08216908136813
YKL054C,3.61902976036072,0.555194795131683,0.445826016868142,0.0547331317339247,2.84136010408402,4.28592014312744,0.453526277203669,0.632044074843423
YKL052C,0.173728257417679,-0.765179395675659,0.0263537862948,0.0665469817140328,0.126860371728738,0.225423276424408,-0.896674020579004,-0.647001242235077
YKL050C,0.00139923742972314,-2.87114357948303,0.000391953545419694,0.122871694295031,0.000761551817413419,0.00228334670731177,-3.11830073558586,-2.64142814075846
YKL049C,0.350452333688736,-0.464686632156372,0.0732431888511871,0.0900261830450259,0.227676156411568,0.511627202729384,-0.642682448984491,-0.291046517598205
YKL048C,0.0441283956170082,-1.35944247245789,0.00605279951692925,0.0604737286033688,0.0335310013964772,0.0549755420846244,-1.47455349205177,-1.25983050996492
YKL047W,0.204310193657875,-0.693389594554901,0.0262619718502274,0.0569386656646559,0.157941690335671,0.249032837276657,-0.801503219429979,-0.603743386816356
YKL046C,0.800421118736267,-0.100388303399086,0.103387033015891,0.0571306811162961,0.620963525275389,0.977279283106327,-0.206933914838382,-0.00998130842433342
YKL045W,0.240060210227966,-0.623252034187317,0.0304710166497633,0.056068691886798,0.188233450924357,0.291291803121567,-0.725303200589545,-0.535671736138411
YKL043W,0.186583772301674,-0.733423411846161,0.0260225830836136,0.0614295273019118,0.141246425236265,0.233963386590282,-0.850022536515722,-0.63085210219316
YKL040C,0.646744072437286,-0.19453552365303,0.100439910071654,0.0679025165626106,0.469339502354463,0.853075853486856,-0.328512934442389,-0.0690123606199565
YKL039W,0.938348948955536,-0.0311415977776051,0.117727394972905,0.0555660635798503,0.734265006581942,1.12956244548162,-0.134147168979789,0.0529102447156118
YKL038W,0.0761699751019478,-1.12172484397888,0.00954397004008273,0.0556735607877508,0.0594977956265211,0.0910379237805804,-1.22549912465746,-1.04077765570136
YKL035W,2.7257559299469,0.432029724121094,0.339544197130591,0.055183589433454,2.14160943428675,3.26943500041962,0.330740265601527,0.514472703335545
YKL034W,0.140170112252235,-0.856932401657104,0.0177383619739054,0.0562922559079831,0.108566254625718,0.168182916690906,-0.964305152175671,-0.774218121204519
YKL033W-A,0.769174456596375,-0.12005328387022,0.128736955562896,0.0728648255473472,0.546081825594107,1.04720975557963,-0.262742426261517,0.0200336665140079
YKL033W,0.0743449628353119,-1.13220131397247,0.00923741289552908,0.0552409407619693,0.0581135377287865,0.0889066653326154,-1.23572268557785,-1.0510656789531
YKL032C,0.544111967086792,-0.267984628677368,0.0698163488261153,0.056906632489543,0.422123028337955,0.657633631924788,-0.374560964879325,-0.182016003393234
YKL027W,0.266902208328247,-0.577445447444916,0.0349233282510109,0.0577991449227966,0.206413506592313,0.327218683312337,-0.685261890809473,-0.48516190757622
YKL025C,0.223174482584,-0.654767215251923,0.0276176157463572,0.0548183884355727,0.175584346055984,0.266820430755615,-0.7555142055401,-0.573780919040686
YKL023W,0.192211821675301,-0.722043454647064,0.0314987423218551,0.0712848884196625,0.137774810443322,0.257172508289417,-0.860830232706357,-0.589775460415562
YKL020C,0.176158368587494,-0.75749945640564,0.0217103607701941,0.0548207244058426,0.138754873722792,0.208993815382322,-0.857751754278671,-0.679866572144869
YKL018W,0.203131049871445,-0.696955144405365,0.0297695298712329,0.0644378499512739,0.150777045016487,0.259210728605588,-0.82166477302743,-0.586347041749615
YKL017C,0.0627657696604729,-1.20588910579681,0.00799475503359071,0.0564185033477206,0.0486416702779631,0.0762866483380397,-1.31299152058181,-1.11755146756533
YKL014C,0.319029331207275,-0.499361336231232,0.0380982568574794,0.0530828753346786,0.254963849981626,0.371711810181538,-0.593521392180953,-0.429793642494521
YKL012W,0.143123403191566,-0.847974240779877,0.0183871035735165,0.0570023267379837,0.110729919063548,0.172872564941645,-0.955735025968025,-0.762273930854735
YKL011C,0.0667840763926506,-1.1803640127182,0.0101244537622298,0.0664199576535236,0.0490817169037958,0.0867893590281407,-1.30908026371767,-1.06153352617622
YKL010C,0.319400012493134,-0.499009519815445,0.039013602527657,0.0543469272074663,0.253673315048218,0.374815235038598,-0.595725215619585,-0.426182764786509
YKL009W,1.56974935531616,0.189833343029022,0.260870798231576,0.0723589925486112,1.12251033186913,2.11488223075867,0.0501902737353534,0.325286188280473
YKL007W,0.88282185792923,-0.0589562319219112,0.130886146312137,0.065077166521632,0.654625018437703,1.13563400904338,-0.184007401947487,0.0552383628418591
YKL005C,0.125316515564919,-0.905732929706573,0.0162395350006872,0.0574314489784669,0.0963223908096552,0.152518160020312,-1.01627274645037,-0.816678442879242
YKL002W,0.39045387506485,-0.41521942615509,0.0691619422615193,0.0769936693195054,0.27155549004674,0.532845079898834,-0.566141491052637,-0.273399039988064
YKR002W,0.320744812488556,-0.497458875179291,0.0408732420733057,0.0564685666385306,0.250324366986752,0.387137829015652,-0.601496876972672,-0.412134389756048
YKR003W,0.401555985212326,-0.400028556585312,0.0523235491125609,0.0576456250309728,0.309422183036804,0.490921690563361,-0.509448555369187,-0.30898777949002
YKR004C,0.0530919507145882,-1.28032970428467,0.00829871762092819,0.0685628519331733,0.0384426811399559,0.0695562147224943,-1.41518633142971,-1.15766406498775
YKR008W,0.403307169675827,-0.397780239582062,0.0499207229511177,0.0548703975482604,0.316469792276621,0.482950540880362,-0.499667747077387,-0.316097354037318
YKR010C,0.105824403464794,-0.978927135467529,0.013276732010264,0.0556309647623575,0.0825609173004826,0.127005675683419,-1.08322549643782,-0.896176876589875
YKR011C,0.361648768186569,-0.445817083120346,0.0491190255793355,0.0601428359885921,0.272915560503801,0.448447734614213,-0.563971708211915,-0.348288166003764
YKR013W,2.41798233985901,0.379423260688782,0.326566411866481,0.059497037753729,1.8529361118873,3.01460053324699,0.267860435790128,0.479229770898628
YKR015C,0.000540535897016525,-3.33246445655823,0.000297437437851392,0.24659857363969,0.00014014946827956,0.00126575437510231,-3.85341152286311,-2.89765068118455
YKR016W,0.312768965959549,-0.508349657058716,0.0395893685755092,0.0561150551424951,0.24368462699155,0.376757204532623,-0.613171867710412,-0.423938434145788
YKR018C,0.729358971118927,-0.14045837521553,0.0900003685215187,0.0547414496524388,0.574202085038026,0.869204885760943,-0.240935235079837,-0.0608778412540215
YKR019C,0.0657892003655434,-1.18572890758514,0.00870582325459806,0.0584581435110801,0.0503672254892687,0.0810691525538762,-1.2978520261702,-1.09114437141491
YKR022C,0.0754302144050598,-1.12802577018738,0.0120023125312618,0.0699658125281637,0.0539589371221761,0.0989961069698135,-1.267936654575,-1.00438188388212
YKR023W,0.167906418442726,-0.778677046298981,0.0217536910348759,0.0574493246091133,0.129655180374781,0.20330738350749,-0.887210191114748,-0.691846852554656
YKR024C,0.279211938381195,-0.557544887065887,0.0348371788690454,0.05539663598638,0.219266199320555,0.333613911271095,-0.659028311743138,-0.476755848903647
YKR025W,0.539561152458191,-0.27269321680069,0.0791769227983495,0.0644212448865101,0.402151603251696,0.690550947189331,-0.395610197718574,-0.160804311329245
YKR026C,0.702911198139191,-0.157772094011307,0.102274307686703,0.0640637492139484,0.524265944957733,0.897386112809181,-0.280448352084647,-0.0470206555848686
YKR029C,0.188913360238075,-0.727319419384003,0.0239202592763951,0.0562094211738354,0.147304132580757,0.226605832576752,-0.831785068962916,-0.644728916082069
YKR031C,0.112684316933155,-0.951500177383423,0.0138191624558015,0.0544653471778651,0.0895674973726273,0.132901570697625,-1.04784956034446,-0.876469886659809
YKR034W,0.0023436420597136,-2.71923041343689,0.00151233255434127,0.292433312997767,0.000440328713254227,0.0061496966984123,-3.35622321069551,-2.21114632443214
YKR036C,0.0795486345887184,-1.10313403606415,0.0103399126832737,0.0576619120146326,0.0610743351280689,0.0974106769387921,-1.21414125217741,-1.01139343861647
YKR037C,0.172696173191071,-0.768293082714081,0.0275972116387952,0.0698379356409096,0.124974086942772,0.22774240548412,-0.903180027725419,-0.642556099834709
YKR038C,0.348523199558258,-0.461952984333038,0.047930027895234,0.0606417431858502,0.265512546400229,0.435791753480832,-0.575914954724033,-0.360721004806373
YKR041W,0.0193651299923658,-1.73331010341644,0.00591620776629749,0.134400689086964,0.00994389559297512,0.0326390590208272,-2.00244409245372,-1.48626240749946
YKR043C,1.97774565219879,0.291220843791962,0.296071319938323,0.0659738515700083,1.43899730543296,2.55982098579407,0.158059980705504,0.408209580143457
YKR046C,0.2806556224823,-0.557354390621185,0.0445884975534243,0.0695970882570943,0.202897927165031,0.368786973257859,-0.692722406483801,-0.433224495198457
YKR052C,0.167863801121712,-0.780027270317078,0.0253042876018255,0.0660919401527501,0.124240097093085,0.217761210352182,-0.905738265270041,-0.662019492842581
YKR055W,0.167453020811081,-0.78184700012207,0.0271259911885236,0.070934619682292,0.119618093656997,0.222280069440603,-0.922203134042162,-0.653099538224194
YKR058W,0.0127307400107384,-1.9011789560318,0.0021086722549011,0.072841834372457,0.00902832153563698,0.0169998626845578,-2.04439298255625,-1.7695545866672
YKR060W,0.323721170425415,-0.495273143053055,0.0510678251761352,0.0690627289677617,0.23590142801404,0.424222623060147,-0.627269601071142,-0.372406185723284
YKR061W,0.0166333671659231,-1.78646993637085,0.00307824649325572,0.080807412078076,0.011330605026645,0.0230002403880159,-1.94574689925578,-1.63826762771013
YKR062W,0.576615750789642,-0.243394389748573,0.0803245961509179,0.0613101334513696,0.434439861774445,0.728990197181702,-0.362070333308808,-0.137278311652558
YKR070W,0.476192384958267,-0.326504588127136,0.0662811763356999,0.0613936974985268,0.357844570775827,0.598659412562847,-0.446305607016475,-0.222820185340662
YKR071C,1.21305930614471,0.0799118205904961,0.162057741973593,0.0591445288856233,0.923113442460696,1.50729131698608,-0.0347449251249773,0.178197197326331
YKR072C,0.337180823087692,-0.47571861743927,0.0427605695616242,0.0561690927487608,0.262642995019754,0.407598677029212,-0.580634191024187,-0.389767234846
YKR075C,0.124298825860023,-0.910843372344971,0.0193085935602973,0.0683020112633501,0.089759669577082,0.163720140233636,-1.04691876318683,-0.785897897769807
YKR076W,0.0935458987951279,-1.03374254703522,0.0137819606274829,0.0646485739242636,0.0695857033754388,0.119285278022289,-1.15747997885936,-0.923413152877975
YKR077W,0.176446378231049,-0.757839858531952,0.0250311540040427,0.0625925198856441,0.13198268301785,0.223246157169342,-0.879483047440977,-0.651216008069935
YKR078W,0.0617445483803749,-1.21348881721497,0.00838465773037424,0.0599534890584105,0.0470155104994774,0.0765894833331306,-1.32775884391359,-1.11583092268453
YKR079C,0.15432445704937,-0.814966142177582,0.0190585016516465,0.0547350629818546,0.121606340259314,0.184417247772217,-0.915043786226683,-0.734198463640279
YKR081C,1.31185793876648,0.113745108246803,0.179429677843918,0.0603387142288551,0.995752027134101,1.63270153800646,-0.00184883617575197,0.212906800125744
YKR082W,0.369252920150757,-0.435892879962921,0.0442792785644157,0.0532691013596888,0.293522860854864,0.434773366898298,-0.532358069187049,-0.361737067608063
YKR084C,0.529851615428925,-0.279373228549957,0.0665800261146615,0.0557707926153379,0.413587027291457,0.637382877866427,-0.383433097802862,-0.195599607749416
YKR086W,0.0634251460433006,-1.20133781433105,0.00804687851406919,0.056396344007177,0.0492387788991133,0.0759657512729367,-1.30769272630801,-1.11938216331596
YKR087C,0.197787880897522,-0.708342015743256,0.0282932020191192,0.0632510065876924,0.147208698714773,0.251030906289816,-0.832066534275504,-0.600272822271881
YKR091W,0.0838385224342346,-1.08608090877533,0.017658758165963,0.0912065292534755,0.0537192233838141,0.121690242613355,-1.26987027722649,-0.914744245542608
YKR093W,1.52062451839447,0.178535416722298,0.190016302723786,0.0554502148117193,1.18756198883057,1.82421844402949,0.0746562883637802,0.261076828832974
YKR095W,0.290892690420151,-0.539460957050323,0.0347098329456544,0.0531116276803668,0.231379066159328,0.339837162196636,-0.635675936123831,-0.468729133883698
YKR101W,0.0532065667212009,-1.27805268764496,0.0071595874570114,0.0594022286873608,0.0410132752421002,0.0656728470077117,-1.38707554836376,-1.18261415619076
YKR102W,0.000459601782495156,-3.37670207023621,0.000195303457230542,0.188476730504727,0.000166885684545074,0.000923433024824286,-3.77758092266251,-3.03459469952245
YKR103W,0.00152232323307544,-2.83105492591858,0.000379106308110315,0.109555793249016,0.000878042191228208,0.00235703243136716,-3.05648461740557,-2.62763444557717
YLL062C,0.123133860528469,-0.914542973041534,0.0183994827497508,0.0657494226906727,0.0906892361740271,0.158362574875355,-1.0424442572155,-0.800347446481746
YLL061W,0.228905662894249,-0.644055068492889,0.0295245503023831,0.0571983070728123,0.177491039037704,0.278309364120165,-0.750823568212919,-0.555472181476066
YLL058W,0.206226631999016,-0.689446628093719,0.0268789156515418,0.0578291236007357,0.15850026657184,0.250798625747363,-0.799970003952652,-0.600674860594176
YLL048C,0.510415375232697,-0.295265197753906,0.0608754988081772,0.053061418228698,0.407338608553012,0.593905360996723,-0.39004443219437,-0.226282759813785
YLL046C,0.00496143661439419,-2.36042928695679,0.00251451276093722,0.227656150129266,0.00143514371399457,0.0110785885325943,-2.84310460892978,-1.95551556845508
YLL043W,0.329261660575867,-0.48597851395607,0.0413797625582095,0.0556867411074214,0.25801305398345,0.394595264891783,-0.588358327243269,-0.40384813820435
YLL040C,0.414660066366196,-0.385507225990295,0.0495338461974698,0.0531545540177732,0.332033315797647,0.479948674390713,-0.478818342317127,-0.318805204999681
YLL038C,0.220706418156624,-0.663458943367004,0.0405018119933723,0.0796757713970948,0.151577779153983,0.30794552663962,-0.819364461878425,-0.511526141864819
YLL036C,0.161768704652786,-0.79496431350708,0.0213064130131352,0.0583187244988597,0.124049472374221,0.19873317219317,-0.906405095655634,-0.701729639107396
YLL035W,0.0976783633232117,-1.01396942138672,0.012715096143409,0.0576004998238285,0.0756320953369141,0.119610601042708,-1.12129386759736,-0.92223032742686
YLL033W,0.0435703508555889,-1.37818193435669,0.0124970885561191,0.123278845762396,0.0235835884852956,0.0728384376193086,-1.62739015928181,-1.13763937837946
YLL032C,0.132378995418549,-0.881606161594391,0.0163964235376794,0.0549742427505648,0.103625653808316,0.158344930782914,-0.984532716529979,-0.800395843353725
YLL031C,0.312477678060532,-0.508491814136505,0.0380210124394257,0.0540358275736721,0.247808486223221,0.36767950852712,-0.60588382525289,-0.434530573508082
YLL029W,0.442667096853256,-0.357323437929153,0.0545607101823074,0.0547932173498329,0.346781448523204,0.525338467955589,-0.459944143705367,-0.279560796929331
YLL028W,0.370088011026382,-0.43521124124527,0.0464799320878593,0.0556662291389558,0.288683921347062,0.446982196966807,-0.539577407183028,-0.349709778250139
YLL027W,0.295539796352386,-0.535429179668427,0.0492051588321354,0.0727415458369026,0.211131320521235,0.395221408456564,-0.675447335997357,-0.403159539385143
YLL026W,3.29705476760864,0.514780879020691,0.403099442936042,0.054360876766989,2.6041841506958,3.89592792987823,0.415671691418153,0.590610911131143
YLL023C,0.497923791408539,-0.307668089866638,0.0737633600196324,0.0651332809993737,0.367370218038559,0.64577751904726,-0.434896053979509,-0.189917140258868
YLL021W,0.468930214643478,-0.332108020782471,0.0561875046650743,0.0532790025743275,0.374269608408213,0.548287768661976,-0.426815441811696,-0.260991442360066
YLL019C,0.0800767913460732,-1.10032546520233,0.0105172473095914,0.0580713167722131,0.0621320866048336,0.0978161493937174,-1.20668406106983,-1.00958946319347
YLL018C,4.53629636764526,0.653300702571869,0.560067320591883,0.0547516353073914,3.56711942354838,5.43021064996719,0.552317629248729,0.734816677084557
YLL015W,0.172807589173317,-0.76573520898819,0.0209813010424083,0.0539324549027525,0.137690795585513,0.203161501760284,-0.861095090748191,-0.692158585600125
YLL013C,0.415244370698929,-0.385167688131332,0.0517349440058885,0.0553451298083152,0.327324885129929,0.495427281906207,-0.485020975874732,-0.305020081658412
YLL012W,0.208406254649162,-0.684699833393097,0.0265573393580469,0.0563762265106852,0.161937568709254,0.25314464867115,-0.790652410000884,-0.596631253671259
YLL011W,0.391521364450455,-0.41084423661232,0.0498330068483038,0.0562822435770282,0.305551311125358,0.475889723251263,-0.514915849093783,-0.322493674635717
YLL010C,0.344997972249985,-0.466062009334564,0.0455616786701901,0.0584435644228729,0.263975890725851,0.42481777270635,-0.578435736058368,-0.371797327709396
YLL007C,0.0760558173060417,-1.12265825271606,0.00990777934094158,0.0578310943838114,0.0585238429407279,0.0925501258422931,-1.23266716387036,-1.03362298816366
YLL006W,0.1671072691679,-0.781065404415131,0.0226511674145661,0.059739916935147,0.127985234682759,0.208550291756789,-0.892840141912779,-0.680789201965836
YLL005C,0.000516019354108721,-3.32928586006165,0.00022497339494929,0.196048057217544,0.000179863746719396,0.00103853852488101,-3.74505661367927,-2.98357738855314
YLL004W,0.12785117328167,-0.896972358226776,0.0164249860977052,0.0569128306987992,0.0994218215346336,0.155028570940097,-1.00251828429506,-0.809588292252465
YLL002W,0.0949981287121773,-1.0263923406601,0.0129220030637286,0.0601145030513557,0.0723346024751663,0.117781758308411,-1.14065390092008,-0.928921966590129
YLL001W,0.395393818616867,-0.406470209360123,0.0494700766462037,0.0555766909019889,0.309732327113549,0.470950248837471,-0.509013478635134,-0.327024970199431
YLR001C,0.119720302522182,-0.92528623342514,0.0148728833554309,0.0552276582660454,0.093922510308524,0.142743587493896,-1.02723030973264,-0.845443392564207
YLR002C,0.469379395246506,-0.331923633813858,0.0583061251755062,0.0551393523686884,0.369474619626999,0.560373381773631,-0.43241538929763,-0.251522503239116
YLR004C,0.0127522284165025,-1.90139937400818,0.0022759442056671,0.0783441598835461,0.00875668845449885,0.0173993079302212,-2.05766011815657,-1.75946804136284
YLR005W,0.197173610329628,-0.709078729152679,0.0261617845683851,0.0588643006849048,0.150872752070427,0.240438016752402,-0.821389187619911,-0.618996862984047
YLR006C,0.0944337472319603,-1.02853870391846,0.012114956625933,0.056820765908634,0.073134986932079,0.115216681671639,-1.13587481401113,-0.938484636954757
YLR015W,0.123635269701481,-0.911795496940613,0.0164340903789371,0.0589411924829676,0.0945197417711218,0.151459218313297,-1.02447747394257,-0.819704293727015
YLR019W,0.226981341838837,-0.647968590259552,0.0302883907273876,0.0590481049887019,0.172664325560133,0.281311288972696,-0.762797391962711,-0.550812841056738
YLR020C,0.203217387199402,-0.695644199848175,0.0258476309006555,0.0563590887692752,0.157744873066743,0.24552079377075,-0.802044754115176,-0.609911722543324
YLR023C,0.133677214384079,-0.877799808979034,0.0176005981422835,0.0583208923221594,0.102340914184848,0.163477039337158,-0.989950710688093,-0.78654325117497
YLR026C,0.408768266439438,-0.392700999975204,0.0560756304459234,0.0606427529515042,0.309053855637709,0.507450666030248,-0.509965973150684,-0.294606178381694
YLR027C,3.13789844512939,0.493012309074402,0.400408600194356,0.0565059783817998,2.44340077638626,3.80636358857155,0.387994677794351,0.580510230552764
YLR028C,1.19190430641174,0.07283054292202,0.147267600129742,0.0548443842984332,0.938017645974954,1.42115014294783,-0.0277889924222195,0.152639963061066
YLR030W,0.0135833146050572,-1.88766288757324,0.00421057287335376,0.135256460833611,0.00680779060348868,0.0233161304922153,-2.16699381090642,-1.63234381269768
YLR032W,0.130316123366356,-0.888358175754547,0.0159655439617276,0.0544136997225869,0.103084315235416,0.154701769848665,-0.986807414382239,-0.810504717980815
YLR033W,0.316057652235031,-0.503835797309875,0.0401958964428687,0.0563393340419323,0.245399094248811,0.383360563466946,-0.610127049602256,-0.416392572340767
YLR034C,0.571790277957916,-0.246536910533905,0.0743301709695233,0.0576998231192577,0.441370272139708,0.694795061647892,-0.355196922108948,-0.158143278214156
YLR045C,0.247413113713264,-0.609926283359528,0.0302541800360977,0.0543654937045869,0.195180462176601,0.292791863034169,-0.709563659099113,-0.53344100012113
YLR046C,0.00237398804165423,-2.70519089698792,0.00145326127810284,0.276274392552787,0.000500801633946442,0.00604508105122172,-3.30033426343096,-2.21859887059058
YLR049C,0.289978861808777,-0.541514039039612,0.0382817367478975,0.0584757570505573,0.221199758226673,0.355771437287331,-0.655215353226345,-0.448828925166278
YLR052W,0.398802429437637,-0.40507835149765,0.0651983220015479,0.0714730149503147,0.286240460971991,0.530501162509123,-0.543268995988914,-0.275313783202724
YLR058C,8.076247215271,0.903712093830109,1.01172688013293,0.0555414765721796,6.27686301072439,9.74793910980225,0.797742641351721,0.988912807714218
YLR060W,3.03798389434814,0.479092866182327,0.379824655979533,0.0555139890230294,2.37880688110987,3.63469058275223,0.376359185410758,0.560467445710165
YLR064W,0.404549181461334,-0.398081690073013,0.0613745978001354,0.066560384040655,0.294951314727465,0.527829084297021,-0.530249668197062,-0.277506683667938
YLR069C,0.331993728876114,-0.482265323400497,0.040917319893529,0.0547300666950594,0.261962173879147,0.395981103181839,-0.581761429521832,-0.402325538770624
YLR070C,0.0376556441187859,-1.43049800395966,0.00641774605106654,0.0743720798510207,0.0265580201831957,0.0507989181826512,-1.57580438454332,-1.29414559321914
YLR072W,0.150764554738998,-0.825318574905396,0.0192144214799802,0.0564594062283728,0.117151306507488,0.182462438941002,-0.931252864054083,-0.738826524301011
YLR077W,0.165703415870667,-0.784404814243317,0.0214627689666122,0.0573657924042707,0.128251671791077,0.201391826942563,-0.891936965047278,-0.695958158345606
YLR078C,0.297430783510208,-0.533010423183441,0.0509201131880514,0.0748691140710879,0.206194929778576,0.403338411947091,-0.685722017995097,-0.394330416162406
YLR083C,0.835717558860779,-0.0814217776060104,0.104301296097565,0.0554267064113511,0.651828573644161,0.998716788987318,-0.18586660820101,-0.000557658063044504
YLR084C,0.236798271536827,-0.62900298833847,0.029096870396132,0.0546361967826735,0.186853590110938,0.279768317937851,-0.728498553627215,-0.55320146827099
YLR085C,0.144530609250069,-0.844061136245728,0.0194514484609453,0.0595030365630369,0.109953646920621,0.178861841807763,-0.958790361473054,-0.747482302332532
YLR086W,0.155116394162178,-0.812684059143066,0.0189461431984816,0.0543175921092916,0.122789300791919,0.182784122352799,-0.910839479622477,-0.738061535090675
YLR088W,0.387529224157333,-0.415197670459747,0.0485473907140664,0.0555725726106844,0.302672760933638,0.465254591902097,-0.519026662575142,-0.332309344323203
YLR089C,0.683910012245178,-0.168464958667755,0.0852187809678313,0.055249041052869,0.536982764303684,0.819480956097444,-0.270039660956151,-0.0864611347557602
YLR090W,0.205978274345398,-0.69017618894577,0.0276348570847027,0.0593279516479023,0.15700543038547,0.254915635039409,-0.804085327720547,-0.593603532626111
YLR091W,0.0323937684297562,-1.49890160560608,0.0066986083984375,0.0908396607985425,0.0205176640301943,0.0464957994408905,-1.687872085887,-1.33258660003838
YLR093C,0.61700826883316,-0.215259745717049,0.0984152623065812,0.0696951399985861,0.444534923384587,0.81865462064743,-0.352094114530128,-0.0868992867998098
YLR094C,0.277080893516541,-0.561120390892029,0.0358849056369685,0.057275370380759,0.21547720109423,0.337446616590023,-0.66659867465841,-0.471794923440863
YLR095C,0.186134174466133,-0.733692109584808,0.0233372528741023,0.0557350513305192,0.145437637468179,0.222485943014423,-0.837323188900848,-0.652697423454741
YLR096W,0.17674845457077,-0.756105244159698,0.0219980655883209,0.0552319561416532,0.139967163652182,0.210000449667374,-0.853973855140555,-0.67777978091046
YLR097C,0.123445302248001,-0.913517773151398,0.0185494007559645,0.0662570567691229,0.0902942029138406,0.158645088970661,-1.04434015011503,-0.799573367835702
YLR100W,1.33678162097931,0.12187634408474,0.183720200191769,0.060665213011488,1.00991866985957,1.66612551311652,0.00428639362662526,0.221707714495891
YLR102C,0.154835879802704,-0.816981911659241,0.0274727282843858,0.0774666074129135,0.107223824908336,0.211889189730088,-0.969708707622743,-0.673891454454237
YLR103C,0.102784179151058,-0.991870224475861,0.0134022487106042,0.0578685164513373,0.0788470910862088,0.125175630922119,-1.10321433071167,-0.902480210988766
YLR105C,0.0713871344923973,-1.15133190155029,0.0106898980439286,0.066001330752395,0.0523272498200337,0.0918027237057686,-1.28127209023294,-1.03714443981638
YLR106C,0.506106376647949,-0.298946619033813,0.0603196587538869,0.0530769756049231,0.404309108108282,0.585614789525668,-0.393286475064301,-0.232387964246111
YLR107W,0.147301152348518,-0.8360316157341,0.0203833942717312,0.0610349349971576,0.111662232254942,0.185034915804863,-0.952093702433394,-0.732746313161279
YLR108C,0.165480986237526,-0.785121381282806,0.0218504367588854,0.0583545630838179,0.12707034436365,0.204136653741201,-0.895955802902723,-0.690079008855737
YLR113W,0.727307140827179,-0.141980677843094,0.0937083966609192,0.0570836152578937,0.564014582335949,0.882394793629646,-0.248709667483556,-0.0543370633341255
YLR114C,0.230419486761093,-0.640980243682861,0.0288440044228217,0.055563392289252,0.180778227746487,0.274426292131344,-0.742853881536006,-0.561574282692046
YLR115W,0.128496959805489,-0.894598066806793,0.0160638881210058,0.0554967171722665,0.10082011235257,0.153556670745214,-0.996452822925727,-0.813731312376086
YLR116W,0.190941095352173,-0.723016858100891,0.0253131077466814,0.0587632330837737,0.145612967262665,0.234354369093974,-0.836799948190251,-0.630126946745104
YLR117C,0.135552123188972,-0.871480345726013,0.0172175506398666,0.0561879294045412,0.106036049996813,0.16357093192637,-0.974546468658552,-0.78629387275252
YLR118C,0.439972668886185,-0.363709926605225,0.0800281898138015,0.0788919827810376,0.304681569337845,0.608099342882633,-0.516153816131656,-0.216025615914556
YLR120C,0.406112492084503,-0.394973576068878,0.0517333913265726,0.0564945099768273,0.316400942454735,0.489580237865448,-0.499762264111942,-0.310176122663072
YLR121C,0.0707714781165123,-1.15443623065948,0.00985043216643257,0.0614543140472384,0.0532074511982501,0.0886635549366474,-1.27402754500284,-1.05225486945028
YLR126C,0.378302127122879,-0.428726404905319,0.0659109500397931,0.0756885465416506,0.264664868513743,0.510615008076032,-0.577303717658618,-0.291906448824906
YLR128W,0.0941921323537827,-1.03311598300934,0.0170674765195706,0.079001298396918,0.0643494427204132,0.130198547740777,-1.19145520982405,-0.885393861065144
YLR129W,0.500996530056,-0.303536415100098,0.0614362223382945,0.0545463507321672,0.394063940395912,0.593228779236476,-0.404433313702608,-0.22677779200201
YLR130C,0.144551083445549,-0.844166874885559,0.0198606035632315,0.060714972860541,0.109250434488058,0.180083202819029,-0.961576827729956,-0.744526794414556
YLR131C,0.144625544548035,-0.843313872814178,0.0182718854286222,0.0559953713844469,0.113025701542695,0.173937962949276,-0.946822791884185,-0.759605624723765
YLR132C,0.0634507685899734,-1.20477485656738,0.0115968522259777,0.079319083810422,0.0437423227044443,0.0881717138613264,-1.35909818067463,-1.05467071914
YLR136C,0.651641070842743,-0.190901756286621,0.0973074836359838,0.0656491768670612,0.479554731647174,0.840549111366272,-0.319161822015125,-0.0754369066477558
YLR137W,0.0852252468466759,-1.07441544532776,0.0128179794127263,0.0661219584125155,0.0629486153523127,0.110062874791523,-1.20101381947845,-0.958359182231577
YLR138W,0.189404919743538,-0.725945651531219,0.0231447978849383,0.0542611378446481,0.149582952260971,0.224216550588608,-0.825117899525498,-0.649332333025557
YLR139C,0.0639983490109444,-1.19770753383636,0.00844779674425901,0.058437417012426,0.0490048071369529,0.0783756297702591,-1.30976132493896,-1.10581895695075
YLR141W,0.0573224537074566,-1.24703276157379,0.0089603044777944,0.0685101073423733,0.0419527039242287,0.0755381293594837,-1.37724004914255,-1.12183379726808
YLR142W,0.0299035347998142,-1.52964353561401,0.00467258548807413,0.0686250021739952,0.0215973584757497,0.0389198812345664,-1.6655994255586,-1.40982849480125
YLR143W,0.191351905465126,-0.721670746803284,0.0239633100418372,0.0555710957329979,0.149468288943171,0.229574741174777,-0.825450942999825,-0.639075897894781
YLR144C,0.174014642834663,-0.762961089611053,0.0219362759086037,0.0559043279079395,0.136419579386711,0.208602092415094,-0.865123293833693,-0.680681339631706
YLR146C,0.219124242663383,-0.664209127426147,0.0326018499387543,0.0656571845764758,0.15996954155465,0.280115455389023,-0.79596270076631,-0.552662928288206
YLR150W,18.3054637908936,1.25812423229218,2.59912251557177,0.0626189322177982,13.7221297899882,23.181884765625,1.13742152101939,1.36514874267307
YLR151C,0.0808257162570953,-1.09768354892731,0.0124553324021935,0.0678192256084137,0.0588809357645611,0.104840747453272,-1.23002542730758,-0.979469902223995
YLR163C,0.403119802474976,-0.398277282714844,0.0520904352392678,0.057148683417724,0.312556087970734,0.489952921867371,-0.505072037543906,-0.309845648043884
YLR165C,0.0341658033430576,-1.47908079624176,0.00832223530205742,0.105269243372668,0.0204065594046066,0.0531640818032125,-1.69023024132772,-1.27438171821078
YLR166C,0.182951614260674,-0.741076648235321,0.02260333898723,0.0548972488401937,0.143370686471462,0.216969772676627,-0.843539640811787,-0.663600766127846
YLR168C,0.12428018450737,-0.917270600795746,0.0289141330086818,0.101201640540929,0.0749663293982546,0.188309698179364,-1.12513376251852,-0.725127348450699
YLR172C,1.78142476081848,0.246618449687958,0.244209432442489,0.0603477217553958,1.35803579390049,2.2334303855896,0.132911216796941,0.348972420373801
YLR174W,0.00169022101908922,-2.80923748016357,0.000690591051219957,0.185137266481605,0.000615494136097065,0.00326590932090766,-3.21077615835458,-2.48599605604317
YLR175W,3.06390380859375,0.48280057311058,0.38178243042669,0.0553905602536812,2.38454816937447,3.67300933599472,0.377406098880633,0.565022031784552
YLR176C,0.0727010890841484,-1.14200079441071,0.00916890877366899,0.0558497923354253,0.056460994699349,0.0880439241106311,-1.24825147774666,-1.05530060947883
YLR177W,0.0492780655622482,-1.31145679950714,0.00669421603761835,0.0601485923283739,0.0373462467454374,0.0611120574176311,-1.42775303841687,-1.21387309494024
YLR181C,0.291763961315155,-0.539362490177155,0.0410235105041489,0.0622022716042775,0.218919251983364,0.366836667060852,-0.65971604957133,-0.435527261043689
YLR182W,0.228508904576302,-0.644480586051941,0.0281344131025919,0.054609828951863,0.180584118763606,0.271658781419198,-0.743320457652741,-0.565976252017276
YLR183C,0.320738732814789,-0.497477293014526,0.0409295194387217,0.0565433839015182,0.248674486204982,0.388268147657315,-0.604368801961733,-0.41086827166476
YLR187W,0.202000811696053,-0.698005318641663,0.0247514573628304,0.0544406693482518,0.159942388534546,0.238284654915333,-0.796036422638954,-0.622903934906919
YLR188W,0.158572614192963,-0.803275525569916,0.0198695983811958,0.0555724573946878,0.124218452970187,0.189872004712621,-0.905813883815232,-0.721539064615154
YLR189C,0.0883572325110435,-1.05720520019531,0.010973667094543,0.0551194561775956,0.0695255304376284,0.104907478454212,-1.15785568908217,-0.979193551808996
YLR190W,0.346081227064133,-0.464585930109024,0.0450386364710725,0.0575681594993998,0.268180799484253,0.421984634796778,-0.571572397894943,-0.374703366706823
YLR191W,0.120605908334255,-0.923115909099579,0.0171262345125204,0.0628648035577068,0.0900711119174957,0.151954084634781,-1.04541447590782,-0.818287621279969
YLR192C,3.70166492462158,0.563675820827484,0.542648083520758,0.0643240980987057,2.76111245155334,4.76574243704478,0.441084094467801,0.678130567343685
YLR194C,0.614045917987823,-0.217610865831375,0.100202189501356,0.0713405716984295,0.44160282984376,0.820748507976532,-0.354968262006442,-0.0857898980937767
YLR195C,0.775207698345184,-0.114200733602047,0.0988066058044668,0.0564772391032708,0.60048093944788,0.941133737564087,-0.221500774384573,-0.0263486578063827
YLR196W,0.912015795707703,-0.0434241183102131,0.112934721185004,0.0549771650077218,0.715325658520063,1.08962857723236,-0.145496200604502,0.0372784847775689
YLR197W,3.98014378547668,0.596409857273102,0.497622425001775,0.0554508719377547,3.13267905513446,4.76380321582158,0.495915903328029,0.677953813228862
YLR199C,0.314322650432587,-0.507963955402374,0.0492027313414132,0.0683155634676106,0.229335376992822,0.414062485098839,-0.639529282661914,-0.382934135362758
YLR201C,0.293328672647476,-0.538683891296387,0.0488077073323943,0.0727069978735945,0.207418615743518,0.394012578576803,-0.683152279280105,-0.404489916278744
YLR206W,0.583042323589325,-0.237883672118187,0.0738261435762565,0.0562235443002958,0.45559439510107,0.699912918110688,-0.341421632031792,-0.154955992683693
YLR208W,2.14291214942932,0.326672732830048,0.30002773325603,0.061707723966592,1.61288760801156,2.69756953318914,0.207604105192462,0.430972634248576
YLR209C,0.351396709680557,-0.45877406001091,0.0507005637393361,0.0633041644994549,0.263165616740783,0.450330546746651,-0.579771124291211,-0.346468602016232
YLR211C,0.0951797738671303,-1.03119647502899,0.0202976646889625,0.0921534097404574,0.0607310506515205,0.140898498892784,-1.21658923824987,-0.85109370152479
YLR212C,0.169060289859772,-0.775899887084961,0.0225067332639449,0.0589135739784641,0.129605297371745,0.207912310709556,-0.887377354095967,-0.682119795544409
YLR213C,0.0368101634085178,-1.43950271606445,0.00580691312368404,0.0693129078134574,0.0266036677329491,0.0482456055780252,-1.57505848818139,-1.31654225044264
YLR214W,1.4952152967453,0.171341121196747,0.183355694503481,0.0544678393525563,1.18040891687075,1.77726972103119,0.0720324812638926,0.249753341967657
YLR215C,0.151867315173149,-0.822800695896149,0.0210478644792012,0.0612811605010529,0.113943514227867,0.190274843201041,-0.943310395947177,-0.720618627298945
YLR216C,4.13240909576416,0.612263202667236,0.5509204012359,0.0588842541699222,3.15739938020706,5.11066848436991,0.499329518611035,0.708477576106277
YLR219W,0.212209835648537,-0.676650762557983,0.0262563249033406,0.0548889757408649,0.166440638403098,0.253539048135281,-0.778740627433065,-0.595955146455117
YLR220W,0.435397893190384,-0.36569619178772,0.062819091026425,0.0633968366114076,0.325391922394435,0.554989302655061,-0.487593235012336,-0.255715392940998
YLR222C,0.588557422161102,-0.233571916818619,0.072144774605753,0.054463889437924,0.462938184539477,0.697986123959223,-0.334476995823342,-0.156153211113691
YLR223C,0.178526356816292,-0.751768171787262,0.0222461684445943,0.0553292654714976,0.140984530001879,0.211892088130116,-0.850828539145191,-0.673885287775723
YLR225C,0.35921311378479,-0.448738783597946,0.0488939366287338,0.0599180375627321,0.274734186629454,0.447201146682103,-0.561087298937854,-0.349497097543674
YLR226W,0.139279633760452,-0.860456526279449,0.0195334016091632,0.0617735731660833,0.1044602394104,0.17553185261786,-0.981048983146769,-0.755644063772572
YLR227C,0.0137076145038009,-1.87008595466614,0.0024650387333809,0.0785781592344163,0.00926571805030107,0.0188812750857323,-2.03312091922691,-1.72396868811669
YLR231C,0.666423678398132,-0.180031433701515,0.0868053774699398,0.0577323034344584,0.514732334017754,0.810922635098298,-0.288418550042223,-0.0910205777380163
YLR234W,0.0370028242468834,-1.4362370967865,0.00525929691769962,0.0627046713275959,0.0276965393063923,0.0467078866747518,-1.5575745836247,-1.33060979156112
YLR238W,0.076689824461937,-1.11969995498657,0.0108578413864087,0.0624507956236242,0.0579686642934879,0.0964888332411646,-1.2368067113938,-1.01552312320271
YLR239C,0.126159325242043,-0.904157221317291,0.0191643154408585,0.0667291113470823,0.0921714151278138,0.163589317972461,-1.03540375090671,-0.786245061885995
YLR240W,0.0966993793845177,-1.01811325550079,0.0121839221129331,0.0558236140208462,0.0757039645686746,0.116202200576663,-1.12088138411005,-0.934785649182428
YLR241W,0.226423725485802,-0.648584246635437,0.0283715467039997,0.0556117824524765,0.177335876350602,0.270834478487571,-0.751203399178157,-0.567296096986122
YLR242C,0.0557123720645905,-1.26002991199493,0.00920885065356848,0.0724286386578308,0.0392009449501832,0.0749973102162282,-1.40670350662043,-1.1249543127845
YLR243W,0.340734034776688,-0.47289702296257,0.0531220162654697,0.0681849399882857,0.248546808088819,0.447295516729355,-0.604591810366073,-0.349405454844055
YLR244C,2.63734436035156,0.417308300733566,0.347712019401213,0.0582674117892314,2.02741249799728,3.24835181236267,0.306942118985704,0.511663059329456
YLR246W,0.0231398846954107,-1.64333772659302,0.00435907327666823,0.0820858892622367,0.0156980600208044,0.032341039335976,-1.80415403551322,-1.4902460275965
YLR248W,0.542481899261475,-0.269036561250687,0.067225898953299,0.0549067101596347,0.426134645938873,0.650357364614804,-0.370453155007729,-0.186847943393162
YLR250W,0.834068536758423,-0.0850883349776268,0.142086409170058,0.0741107462268142,0.59295281569163,1.129607741038,-0.22697989353553,0.0529276132623502
YLR253W,0.110838122665882,-0.959167778491974,0.0146135346518597,0.0582245320117466,0.0854117524499694,0.136399582276742,-1.06848236757167,-0.865186961672248
YLR256W,0.380479067564011,-0.422864317893982,0.0454503261134541,0.0531148036470113,0.303558148443699,0.44611425747474,-0.517758104943995,-0.350553896815039
YLR257W,1.37889099121094,0.135310560464859,0.190122650284327,0.0609467189949508,1.04316961765289,1.7193883428971,0.0183549297319356,0.235373973636497
YLR258W,0.439202696084976,-0.360770523548126,0.0544945813750432,0.0550236884426497,0.345261603593826,0.523864644269148,-0.461851716682463,-0.28078091382991
YLR259C,7.83544826507568,0.890534281730652,0.985284475986037,0.0557943730351518,6.17601251602173,9.35703688462575,0.790708167449711,0.971138341390629
YLR263W,0.00103518459945917,-3.01038765907288,0.000349807081948612,0.151548381767251,0.000471011693783415,0.00182479667031051,-3.32696832126642,-2.73878553728694
YLR265C,0.0885345265269279,-1.05806994438171,0.0135694095613693,0.0675123014046948,0.0645861029624939,0.115461060218513,-1.18986091940396,-0.937564459056472
YLR270W,0.614068388938904,-0.216054007411003,0.0852418672553707,0.0613019908814123,0.463580958296855,0.767818468312422,-0.333874428064363,-0.11474144827244
YLR272C,0.110636070370674,-0.959491312503815,0.013622675975242,0.0546596532836817,0.0870550576597452,0.131468791762988,-1.06020599275317,-0.881177338223458
YLR273C,0.0177459046244621,-1.75602948665619,0.00271116164803702,0.0670446153189726,0.0130361807843049,0.0229828979820013,-1.8848496297813,-1.63859521248607
YLR274W,0.283001840114594,-0.551669120788574,0.0352032003550055,0.0552248019645969,0.222603545710444,0.337885464231173,-0.65246792792438,-0.471230491170195
YLR276C,0.706707417964935,-0.154241040349007,0.0881728594552798,0.055428844523455,0.549208787083626,0.847189385195573,-0.26026252333097,-0.0720194956357258
YLR277C,0.136075556278229,-0.869717061519623,0.0170376807518473,0.0555233704087633,0.106310573716958,0.163159802556038,-0.97342353955258,-0.787386828905783
YLR278C,0.0832844153046608,-1.08295404911041,0.0104294465069306,0.0557285529211301,0.0651426104207834,0.0989165240898728,-1.18613484658556,-1.00473115355006
YLR284C,0.0692227929830551,-1.16705787181854,0.0126719959882524,0.0800615968161925,0.0470345830544829,0.0959488062188029,-1.32758276369775,-1.01796043020131
YLR286C,6.09643030166626,0.781601071357727,0.76083812182181,0.0553425025457408,4.7840984304746,7.3134219566981,0.679800102010402,0.864120627998402
YLR287C,0.454365134239197,-0.34674945473671,0.0622702320188189,0.0604192210998885,0.346385155618191,0.566904937227567,-0.460440728141639,-0.246489760715468
YLR288C,0.0501198768615723,-1.30470871925354,0.00732482768547401,0.064385378519477,0.0371724693415066,0.0637527812893192,-1.42977887073348,-1.19550091537293
YLR290C,0.176228165626526,-0.759639620780945,0.0284778165508426,0.0707586623565459,0.125735550001264,0.233093464002013,-0.900542073228251,-0.632469958329354
YLR291C,0.585939943790436,-0.23603767156601,0.0774980722560623,0.058546058796461,0.448687001814445,0.719393253326416,-0.348056517578055,-0.143033639435006
YLR298C,0.108691968023777,-0.972451388835907,0.0218411197349736,0.0868380648283327,0.0713538789500793,0.1580520046254,-1.14658241324051,-0.801200305863014
YLR299W,0.183003544807434,-0.741169631481171,0.0233290792126013,0.0565569687346479,0.142154059559107,0.221051693583528,-0.84724073376994,-0.655506153813604
YLR300W,3.21552181243896,0.503641724586487,0.408493486287119,0.0564671317500915,2.49084323445956,3.88035432696342,0.396346388128275,0.588871383872754
YLR303W,0.0079906890168786,-2.10847353935242,0.00180588525005798,0.0984886031107923,0.00496602801140398,0.0118996817696219,-2.30399088401089,-1.92446465418678
YLR305C,0.225284442305565,-0.650539755821228,0.027200692900851,0.0537680560622209,0.179071907823284,0.263695353269577,-0.746972542613987,-0.578897523339754
YLR307W,0.0124184675514698,-1.92109489440918,0.00329184047799187,0.115646985418884,0.00712888781757404,0.0197638385773947,-2.14697849061265,-1.70412871833753
YLR308W,0.00151072023436427,-2.89659070968628,0.000882178834453467,0.269595221515786,0.000319458663580008,0.00369251686691617,-3.49558535273444,-2.43267781044192
YLR309C,0.207044407725334,-0.68736469745636,0.025620023711979,0.0549906900705741,0.162710830569267,0.246410711978873,-0.788583538028601,-0.608340417752049
YLR310C,0.13527350127697,-0.872069835662842,0.0163935743976474,0.0538053917494628,0.107285479456186,0.15891409839193,-0.969459062531286,-0.798837571771133
YLR314C,1.39954876899719,0.142490729689598,0.175239421986092,0.055527098199286,1.0920752286911,1.6865405490001,0.0382525562076369,0.226996787263481
YLR316C,0.0946583077311516,-1.02890932559967,0.014378696661507,0.0666799025819837,0.0693158735210697,0.123004727065563,-1.15916730132184,-0.910078198324488
YLR318W,0.00837713200598955,-2.08276844024658,0.00136936577965798,0.0717672775631844,0.00595070933923125,0.0110768992453814,-2.22543126221224,-1.9555817945792
YLR319C,0.175442904233932,-0.759405493736267,0.022083634679967,0.0558762313178526,0.137154183536768,0.210227806866169,-0.862790940981977,-0.677309840332446
YLR321C,0.476232677698135,-0.325999647378922,0.0623647261528942,0.0580035907320089,0.365911185741425,0.582872123022874,-0.436624314122237,-0.234426715346065
YLR323C,0.110818259418011,-0.96332186460495,0.0212783156948233,0.083167531118988,0.0747811822220683,0.15762666699787,-1.12620767381883,-0.802370307700827
YLR324W,0.244133964180946,-0.615958571434021,0.0309851316193366,0.0562043094670602,0.191441642617186,0.295338124781847,-0.717963592249016,-0.529680487816834
YLR328W,0.396359026432037,-0.405641585588455,0.0513094224597875,0.0573265394459163,0.30624121427536,0.483140426625808,-0.513936361881167,-0.31592662619979
YLR329W,0.00609657913446426,-2.24411225318909,0.00223526602238473,0.161786487463251,0.00260467291421567,0.0113682045135647,-2.58425038140443,-1.94430812248186
YLR330W,0.718266487121582,-0.147057056427002,0.0878353554408545,0.0542877565246866,0.564583281179269,0.85346287637949,-0.248271987002856,-0.0688153652645531
YLR335W,0.869040012359619,-0.0642993152141571,0.10618745561793,0.0542721279441238,0.684899255633354,1.03012419342995,-0.164373306951477,0.0128895847067444
YLR336C,0.268612921237946,-0.574261009693146,0.0330591199443778,0.0546886771790646,0.212239623566469,0.317473460485538,-0.673173534119307,-0.498292574224765
YLR340W,22.7168884277344,1.35232865810394,3.06244410249729,0.0594486984611406,17.4044672648112,28.2560033321381,1.24066073434422,1.45111072493051
YLR341W,0.0013387706130743,-2.90990138053894,0.000545801134936705,0.182565130882151,0.000503564190876205,0.0026265096035786,-3.29794522378685,-2.58062103036496
YLR343W,0.00107979204040021,-3.00409913063049,0.000451281042613822,0.183272374695169,0.000411915370204952,0.00216823280982984,-3.38519213234514,-2.66389413956915
YLR345W,0.144859075546265,-0.842820525169373,0.0188301695236941,0.0576001279435769,0.111603049002588,0.176518975819151,-0.952323945468585,-0.753208604019936
YLR347C,0.964215934276581,-0.0190492942929268,0.11568815787472,0.0533461145006575,0.763416600724061,1.13447976112366,-0.117238408547679,0.0547967525693746
YLR348C,0.627599716186523,-0.20687460899353,0.0902153137435943,0.0632583682759121,0.470595583816369,0.796034130454063,-0.327352152904003,-0.0990683151200797
YLR357W,0.264956593513489,-0.58014851808548,0.0322986738824446,0.0541713316372759,0.208551769331098,0.313376665363709,-0.680786122030996,-0.503933345940302
YLR359W,2.23574376106262,0.345824122428894,0.284127102735419,0.0563076401139192,1.74308264255524,2.69941210746765,0.241317978248756,0.431269191461561
YLR360W,0.0760012790560722,-1.12352776527405,0.0106309292416858,0.0618994872419336,0.0570260943534474,0.0953482042998075,-1.2439263852839,-1.02068749744209
YLR361C,0.140219375491142,-0.856916904449463,0.0181086286867957,0.0573444437191602,0.108493415514628,0.169599026441574,-0.964596621838301,-0.770576645076155
YLR362W,0.12503919005394,-0.906577467918396,0.0159322118006136,0.0565141363044087,0.0971291810274124,0.150772195433577,-1.01265027312743,-0.821678743702016
YLR368W,0.0478595718741417,-1.32405650615692,0.00643402553128102,0.0595613828595072,0.0362850147299469,0.0590435523229341,-1.44027270509052,-1.22882752206662
YLR369W,0.226831197738647,-0.647813022136688,0.0284633845448265,0.0556736318828695,0.177559935674071,0.271324718743563,-0.750655046354683,-0.566510639982311
YLR372W,2.01459860801697,0.300298810005188,0.266984182934043,0.058481211671779,1.55102145671844,2.48858295679092,0.190617805853556,0.395952109692652
YLR373C,0.113857582211494,-0.947120487689972,0.0142166167174563,0.0553936139653472,0.0894732734809319,0.13614296913147,-1.04830667784238,-0.866004782133417
YLR375W,0.185738578438759,-0.735617995262146,0.0265392587467514,0.0630582598152953,0.139017200469971,0.234648792321483,-0.856931461896734,-0.629581700370919
YLR376C,0.0238431710749865,-1.6371648311615,0.00617189135541741,0.113214004222875,0.013629852134424,0.0373861831612885,-1.86550902029654,-1.42728887776939
YLR378C,1.82132911682129,0.256790310144424,0.231449851462365,0.0562975250582997,1.41829337974389,2.20061716834704,0.151766038236888,0.342544496702478
YLR383W,0.0715139284729958,-1.14911985397339,0.00896565531815774,0.0556277231758018,0.0559956002359589,0.0854934799795349,-1.25184609755933,-1.06806704968622
YLR386W,0.212378829717636,-0.676314413547516,0.0262851232748722,0.0549880119996505,0.166770422334472,0.252213115990162,-0.777880972131588,-0.598232332670309
YLR387C,0.692890167236328,-0.163172855973244,0.0910011511251064,0.0581397328208362,0.533779335518678,0.849292086064815,-0.272638244269273,-0.0709429535328858
YLR390W-A,5.29719352722168,0.718284249305725,0.86248677146829,0.0709437111464945,3.80348189870516,7.09228259325027,0.580181336479227,0.850786016948366
YLR392C,0.0787370800971985,-1.10799789428711,0.0107982713053333,0.0606372182309802,0.0596186555922031,0.0980152103429039,-1.22461782158535,-1.00870652374306
YLR393W,0.122613914310932,-0.918210625648499,0.0215813375055138,0.0769046571511201,0.0849750947828094,0.166743785267075,-1.07070834291962,-0.77795034939538
YLR394W,0.00242972350679338,-2.63961505889893,0.000822135886195587,0.150342103636312,0.00111203395257083,0.00427500201622024,-2.95388195293215,-2.36906379052928
YLR396C,0.120776131749153,-0.92160564661026,0.0153186672275333,0.0562355689405351,0.0937709808349609,0.14583643861115,-1.02793154129193,-0.836133967713763
YLR397C,0.329323500394821,-0.485864400863647,0.0410963524240954,0.0554772555183474,0.258174843837818,0.392748983949423,-0.588086077077883,-0.405884932538304
YLR398C,0.344085723161697,-0.466615319252014,0.041647026187743,0.0538202690224563,0.272996187210083,0.403587373594443,-0.563843418472742,-0.394062429479537
YLR399C,0.799589455127716,-0.100556172430515,0.0990208179646555,0.0549298116591408,0.631254086395105,0.954460442066193,-0.199795799396769,-0.0202420677057013
YLR401C,0.348881393671036,-0.460830748081207,0.0437407114927413,0.0556075683648898,0.272554085403681,0.418978123366833,-0.564547311133317,-0.377808652840327
YLR403W,0.269327402114868,-0.573225021362305,0.0336961811938989,0.0556386797738211,0.20966920889914,0.321355249981085,-0.678465361052839,-0.493014600673041
YLR404W,0.126764088869095,-0.903370320796967,0.021542831298981,0.0748813191813704,0.0889942742884159,0.170157378166914,-1.05063793955084,-0.769149217553518
YLR405W,0.129519090056419,-0.892252922058105,0.018677128682163,0.0634728063792535,0.0959041248386105,0.165123453984658,-1.01816283233945,-0.782191242547836
YLR409C,0.521763503551483,-0.285833805799484,0.0634229580414807,0.0540300728383964,0.413634406775236,0.616069850325584,-0.383383343211515,-0.210370044513025
YLR410W,0.860897839069366,-0.0682193264365196,0.102452418641818,0.0528903834606499,0.684940375884374,1.01109862327576,-0.164347233127784,0.00479351904844014
YLR412W,0.0961429923772812,-1.02417397499084,0.017395673706068,0.0787045174481763,0.0660266768808166,0.132687435671687,-1.18028058717602,-0.877170230899853
YLR414C,0.44859653711319,-0.353617638349533,0.0709382761007446,0.0692602738719227,0.321212358027697,0.592780825992425,-0.493207754436092,-0.227105891072813
YLR418C,0.593212425708771,-0.23085255920887,0.080350899737661,0.0597575968449098,0.453198508918285,0.737011157969633,-0.343711528335189,-0.13252597514881
YLR424W,0.0688646957278252,-1.16577839851379,0.0089653306976329,0.0576700335951233,0.0527956585089366,0.0840344056487083,-1.27740179170018,-1.07554286722236
YLR426W,0.121167123317719,-0.92173308134079,0.0184360928763776,0.0671067526108447,0.088601820419232,0.156049254288276,-1.05255736155341,-0.806738303200099
YLR427W,0.139723464846611,-0.858340442180634,0.0177723237097392,0.0563971903372832,0.108646838366985,0.169069720059633,-0.96398292328179,-0.771934166890116
YLR430W,0.17393334209919,-0.762736260890961,0.0205255889766382,0.0524606044443427,0.139380715539058,0.202631697058678,-0.855797311394422,-0.693292618299803
YLR431C,0.0329972803592682,-1.48695600032806,0.00518893398052234,0.0690240595335638,0.0238710026877622,0.043147741847982,-1.62212936733251,-1.36504192831052
YLR433C,0.294050961732864,-0.535368919372559,0.0383447661473109,0.0577968870325635,0.227046236395836,0.357840153078238,-0.643885692732702,-0.44631092995134
YLR438W,2.20552253723145,0.339752942323685,0.286918343031018,0.057512224086217,1.70297038555145,2.70664500991503,0.231207095699878,0.432431283485637
YLR439W,0.235536471009254,-0.632593631744385,0.0341545523457624,0.0639643923910975,0.174692810326815,0.300047308206558,-0.757725042246351,-0.522810265036135
YLR440C,0.244711622595787,-0.614841043949127,0.03062296789468,0.0555152933695696,0.192541790381074,0.29222851023078,-0.715474997644393,-0.534277416237524
YLR442C,0.107867553830147,-0.970558702945709,0.0133960637571803,0.055177534548154,0.0845403944452604,0.128753700604041,-1.07293573034348,-0.890240279732907
YLR443W,0.056273341178894,-1.25444686412811,0.00823673749674244,0.0646815370838253,0.0415359357992808,0.0717176124453545,-1.38157600336235,-1.14437417698865
YLR446W,0.0439479202032089,-1.36235666275024,0.00682082192059399,0.068186182925243,0.0319496774114668,0.0575425701215863,-1.4955335350013,-1.24001075759474
YLR447C,2.50722098350525,0.395153999328613,0.3380530523728,0.059612985866568,1.9100360651811,3.08973172108332,0.28104156542368,0.489920771578492
YLR450W,0.244272798299789,-0.615430772304535,0.0297016797349363,0.053992189615995,0.193248239656289,0.288014315068722,-0.713884453641325,-0.540585926420874
YLR452C,0.427100837230682,-0.372972011566162,0.0534709859104066,0.0555782556051018,0.334633932511012,0.511262126266956,-0.475430024642986,-0.291356378280479
YLR453C,0.0272559579461813,-1.57112836837769,0.00474227305279689,0.0759390886899985,0.0190821386718502,0.0369413937442005,-1.71937295479646,-1.43248672895576
YLR455W,0.237299636006355,-0.629687666893005,0.0357657731907451,0.0661055403985551,0.174869647870461,0.307484108954668,-0.757285565359403,-0.512177329344079
YLR459W,0.246943160891533,-0.611395001411438,0.0331472863466752,0.0592426056860323,0.188222438097,0.307125406215588,-0.725328605346325,-0.512684256270124
YML130C,0.69879549741745,-0.159171923995018,0.0878566331829063,0.0556981981748319,0.547357083360354,0.841604292392731,-0.261729258670263,-0.07489205817403
YML128C,0.116168923676014,-0.938838183879852,0.0154462419956433,0.0588061793334357,0.0894378493229548,0.143056420981884,-1.0484786531564,-0.844492654938558
YML127W,0.356608837842941,-0.45135360956192,0.0450160138955178,0.0558659735530266,0.279296457519134,0.43105896015962,-0.553934580701354,-0.365463329800779
YML121W,0.223237112164497,-0.656082630157471,0.0332069166907549,0.0651765881500731,0.165806192159653,0.287689805030823,-0.780399259951195,-0.541075528089888
YML120C,0.312420666217804,-0.508896291255951,0.0399316854003222,0.0565918905966693,0.242865815758705,0.380019308875004,-0.614633609411129,-0.42019434482105
YML117W,0.253880083560944,-0.598626732826233,0.0306352017508105,0.0535741668559069,0.202056169509888,0.299301051348448,-0.694527884428489,-0.523891762416451
YML116W,0.0604577697813511,-1.22282516956329,0.00839144225151334,0.0613240044722072,0.0455965921282768,0.0755178734660149,-1.34106761512484,-1.12195024813158
YML115C,0.756104826927185,-0.124976217746735,0.0955989767253127,0.0559702699455934,0.590894275903702,0.911058902740479,-0.228490219379571,-0.0404535436546727
YML114C,0.106719613075256,-0.975525379180908,0.013912900672262,0.057574516999207,0.0822157278656959,0.130686385557055,-1.08504509858708,-0.883769654079228
YML113W,0.40157151222229,-0.402001917362213,0.0652056852229309,0.0710905197478651,0.284571284552415,0.538795448839664,-0.545809009908459,-0.268576081851097
YML112W,0.193205669522285,-0.719040215015411,0.0292602439199215,0.0666866588076939,0.140701394403974,0.24967634404699,-0.851701601807028,-0.602622603796802
YML111W,0.162956967949867,-0.791304171085358,0.0200188915801781,0.0545892812669195,0.128382173428933,0.193640648573637,-0.891495285649943,-0.71300347362998
YML109W,0.121243752539158,-0.91975212097168,0.0149759247795617,0.0548536955647287,0.0954772237067421,0.144882488747438,-1.02010021885294,-0.838984105260964
YML107C,0.102436855435371,-0.994699895381927,0.0157125523485148,0.0672110947220562,0.0752572840079665,0.133389186859131,-1.12345148624607,-0.874879416940238
YML106W,2.01626896858215,0.297988295555115,0.349910659542169,0.0757865113712872,1.40124896168709,2.74142902890841,0.146515038723282,0.437976997084983
YML105C,0.77385812997818,-0.116250149905682,0.115472019166055,0.0656936360377892,0.569482430815697,0.993582427501678,-0.244519670750039,-0.00279609803156556
YML103C,0.380924463272095,-0.422347664833069,0.0453887807106989,0.0530668677779238,0.302845323085785,0.443370378017426,-0.518779131022504,-0.353233325876201
YML102W,0.190928384661674,-0.723027050495148,0.0252777971880793,0.0586137538777725,0.14637356090049,0.234456027920047,-0.834537446836881,-0.629938597179697
YML100W,0.757308125495911,-0.123932242393494,0.0906548274216911,0.0531676515647256,0.601859471201897,0.887031351029873,-0.220504900909404,-0.0520610303002466
YML099C,0.0495367534458637,-1.30878353118896,0.00639668543514177,0.0571631162054709,0.0384632335975766,0.0604455078020692,-1.41495424231541,-1.21863596971589
YML097C,0.193829834461212,-0.716522097587585,0.0257818193535359,0.0589762836868623,0.147808231289188,0.238390234733621,-0.830301382475966,-0.622711541286271
YML096W,0.119398318231106,-0.926928997039795,0.0158657941590923,0.0588058408132741,0.0911900274455547,0.147288730368018,-1.04005265407953,-0.831830488641784
YML093W,0.602602303028107,-0.223279908299446,0.0733289490847935,0.0540505315750475,0.479045043389003,0.710967603325844,-0.319623650110978,-0.148150191401643
YML092C,1.17687904834747,0.0656242743134499,0.179561819822123,0.066916545670415,0.856918841103713,1.52476739883423,-0.0670603115201572,0.183203597710726
YML087C,0.0111601650714874,-1.96670842170715,0.00287437502247804,0.11250270717728,0.00641987238777801,0.0175336260038118,-2.1924736207206,-1.75612826580984
YML086C,1.03758311271667,0.0125815887004137,0.128841470567301,0.0550719038682925,0.815192414323489,1.23949524760246,-0.0887399800245812,0.0932448637945483
YML083C,0.00228085089474916,-2.6746129989624,0.000885362730724054,0.171066245389612,0.000944490330584813,0.00436981939322625,-3.02480249495115,-2.359536575033
YML082W,0.142884597182274,-0.848695516586304,0.0183561258471903,0.0569598659959519,0.110725970131656,0.172754549483458,-0.955750506454053,-0.762570525371916
YML080W,0.221705347299576,-0.658133268356323,0.0294055898512599,0.0586426391887109,0.170197665691376,0.272687046974897,-0.769046400680965,-0.564335494547068
YML075C,0.308737069368362,-0.513681471347809,0.0373242909043002,0.0536916828321852,0.24552912650009,0.363205813616514,-0.609896991868021,-0.439847209433597
YML074C,3.25445437431335,0.508841991424561,0.416141992279902,0.0565870706001583,2.53519868850708,3.94442741274834,0.404012001515833,0.595983967093059
YML072C,1.17609369754791,0.0672578290104866,0.140237333484353,0.0530141916878108,0.938235668341319,1.37128486434619,-0.0276880609072466,0.13712768177841
YML071C,0.174044415354729,-0.762930393218994,0.0220596558079343,0.0562924895973929,0.135230768223604,0.208978179097176,-0.868924485757096,-0.679899060709297
YML069W,1.26078987121582,0.0971658453345299,0.157520227259253,0.05534844683841,0.990096326172352,1.51641638775667,-0.00432255310060665,0.180818468455605
YML067C,0.621916472911835,-0.210487961769104,0.0858787151331941,0.0609011839130507,0.472437948485216,0.775577798982461,-0.32565522734121,-0.110374631602685
YML066C,0.00136703439056873,-2.92372965812683,0.000708393196478769,0.236721176978533,0.000369399315241026,0.00312963354129655,-3.43250411911632,-2.50450655946948
YML065W,0.164858087897301,-0.786293089389801,0.0203398670900986,0.0547916323528134,0.130107321714362,0.196360041325291,-0.885698277032616,-0.706946895040699
YML062C,0.194082587957382,-0.716050386428833,0.0261578383898466,0.0596301684853547,0.14805217285951,0.240118108938138,-0.829585216319513,-0.619575085871071
YML061C,0.112508289515972,-0.95231682062149,0.0140773012949835,0.0555890711700588,0.0883267944678664,0.133925957605243,-1.05390753591767,-0.873135241618087
YML060W,0.191109001636505,-0.722964346408844,0.026464065754987,0.0610910903218798,0.144084572792053,0.239106619978944,-0.841382516826214,-0.621408399914403
YML057W,0.29035696387291,-0.540503323078156,0.0359817646916803,0.05506767383466,0.226118952035904,0.348131038745244,-0.645663035975402,-0.458257260770047
YML054C,0.00837261974811554,-2.08496761322021,0.00158273623794441,0.0829494046433038,0.00557301366158451,0.0117149659587691,-2.2539099005915,-1.93125898033368
YML052W,1.05528855323792,0.01902518235147,0.148310682432706,0.0617410768794932,0.793806048234304,1.33123865226905,-0.100285623629193,0.124255918476258
YML051W,0.0481946058571339,-1.3218001127243,0.00711093541590384,0.0649330162422418,0.0353415235877037,0.061843469645828,-1.45171473181088,-1.2087061580645
YML050W,0.0629231929779053,-1.20751988887787,0.0106881112181767,0.0745759324823063,0.0440374619017045,0.0846849556391438,-1.35617774771469,-1.0721937365531
YML047C,0.00148560863453895,-2.88542938232422,0.000757172064300403,0.231344973869441,0.000413599928773086,0.00334175402143349,-3.3834199638036,-2.47602552126632
YML046W,0.124713368713856,-0.907812297344208,0.0161234325164109,0.0573080323516627,0.0962043824295203,0.151482194662094,-1.01680519588715,-0.819638411481416
YML043C,0.0300956480205059,-1.52659797668457,0.00456447836040698,0.0670407604315472,0.021830952912569,0.0385898009253045,-1.66092735387755,-1.41352746205949
YML041C,0.0907485410571098,-1.04848086833954,0.0153839897194618,0.074578701699395,0.0632134695847829,0.121697485943635,-1.19919051720117,-0.914718473519464
YML038C,0.156720727682114,-0.809096097946167,0.0216421657757843,0.0609128470406597,0.11969492478917,0.19430029168725,-0.921924269384225,-0.711526548791473
YML037C,0.048208374530077,-1.32315897941589,0.00817066836269706,0.0742110355031986,0.0339463102941712,0.0651162674029668,-1.46920742334858,-1.18631050498888
YML035C,0.514534294605255,-0.291934907436371,0.0629523677612326,0.0543590864203738,0.405421009659767,0.609454271694024,-0.392093750314476,-0.215058874765662
YML034W,0.262378722429276,-0.58447253704071,0.0323650282570722,0.054776536464013,0.206855243816972,0.311940342187881,-0.684333466862404,-0.505928457631732
YML032C,0.142560496926308,-0.8500035405159,0.0191082332731349,0.0593974956292022,0.108119994401932,0.175914080316822,-0.966093985459533,-0.754699401586579
YML031W,0.334650307893753,-0.478933066129684,0.0420528503202169,0.0557368893802123,0.261998410274585,0.401948220531146,-0.581701349758083,-0.395829900707326
YML027W,0.263613849878311,-0.583158910274506,0.0359460265343222,0.0602983345712377,0.199263529231151,0.328912999480963,-0.700572266293981,-0.482918962232931
YML025C,0.324774354696274,-0.493451088666916,0.0490716227209385,0.0665057992875814,0.236827265347044,0.419918202112118,-0.625568300232054,-0.376835299957285
YML023C,0.0392526127398014,-1.41075432300568,0.00568136632423711,0.0637361683110427,0.0290722818113863,0.0498597843572497,-1.5365209002967,-1.30224960556962
YML021C,0.242769628763199,-0.618942856788635,0.0331924154737179,0.0603166517807691,0.184043660759926,0.30361607670784,-0.735079136893746,-0.517675235936482
YML019W,0.308076113462448,-0.515748143196106,0.0435875489091236,0.0621673590725777,0.232699266076088,0.390223775307337,-0.633204987142023,-0.408686274360354
YML018C,0.238301053643227,-0.62685227394104,0.0319256168866731,0.0591424896716016,0.18256930510203,0.295093644658724,-0.738572250781433,-0.530040144884945
YML017W,0.888749539852142,-0.0547786690294743,0.11230746141408,0.0559878552340178,0.696183648705482,1.0683912952741,-0.157276181510775,0.0287303265346436
YML015C,0.160648822784424,-0.798797905445099,0.0233903997734683,0.0640635202489418,0.118966087698936,0.205033921822906,-0.924576820323281,-0.688174286954236
YML014W,0.314677894115448,-0.507088422775269,0.0471718448918067,0.0659891415411611,0.229899510120352,0.406811766078075,-0.638461960750799,-0.390606507137492
YML013W,0.24111096560955,-0.621337831020355,0.0304489594537805,0.0559806791237305,0.187685117125511,0.289761558175087,-0.726570164280778,-0.537959234460954
YML010W,1.22072732448578,0.0833434909582138,0.147692397653086,0.0537607807025479,0.970245671768983,1.43606664041678,-0.0131182863731844,0.157174592704774
YML007W,0.360865026712418,-0.446247309446335,0.0457405229741242,0.0563056284129958,0.281263679265976,0.432738661766052,-0.550886346444097,-0.363774302301665
YML006C,0.0845092460513115,-1.07678818702698,0.0108729730030414,0.0570429252731972,0.0653612505023678,0.102430678717792,-1.18467964817647,-0.98956995210732
YML005W,0.127851560711861,-0.897394359111786,0.0173891392188377,0.0600389995245768,0.0972397514929374,0.158706356957555,-1.01215615975726,-0.799405685193163
YML004C,1.55843222141266,0.188479542732239,0.214930412846732,0.0608418971766821,1.17796519200007,1.94832619130611,0.07113244944484,0.289661668727901
YML003W,0.0298256371170282,-1.53574419021606,0.00649021919201287,0.0954185751536017,0.0186255720754464,0.0437122706944743,-1.72989046206453,-1.3593968059434
YMR001C,0.298699706792831,-0.528265595436096,0.0373977277935233,0.055558703077995,0.234311879177888,0.358589368810256,-0.630205697106736,-0.445402590512532
YMR004W,0.297315210103989,-0.530478835105896,0.0382776189926152,0.05707347658748,0.230342141414682,0.360548651963472,-0.637626604489695,-0.443036126577424
YMR010W,0.2412930727005,-0.62141478061676,0.0322193585638038,0.0590455596839915,0.18448794434468,0.2983739318947,-0.734032008234711,-0.525239123810035
YMR013C,0.0706462860107422,-1.1551194190979,0.00973453228546074,0.06083843572466,0.0536468273339172,0.0884201300020019,-1.27045595717299,-1.05344885445944
YMR014W,0.394953936338425,-0.407086282968521,0.0503710330720191,0.0566175903145699,0.306053167581558,0.477648419390122,-0.514203157019729,-0.320891664038789
YMR016C,0.197107672691345,-0.708751678466797,0.0245226258255677,0.0551918816495707,0.154726389298836,0.236250660692652,-0.810435620500112,-0.626626972581715
YMR018W,0.000443866738351062,-3.4552366733551,0.000306353181364215,0.31504795135237,6.98504605679773e-05,0.0012126040586736,-4.15583503536607,-2.91628122519462
YMR020W,0.0648860931396484,-1.1921797990799,0.00907443157054551,0.0617541913087423,0.0487935945702096,0.0808628686393301,-1.31163723289327,-1.09225086254169
YMR021C,0.107099130749702,-0.9745774269104,0.0150366763058017,0.0619283212975673,0.0804290111487111,0.134785412500302,-1.09458727136955,-0.870357108254332
YMR025W,0.0497581101953983,-1.31107103824615,0.00949955939192955,0.0834007332103932,0.0331327663734555,0.0699651954074701,-1.47974238076248,-1.15511794950306
YMR026C,0.0753902196884155,-1.12738871574402,0.0109820155447928,0.0643658950822685,0.0557259731305142,0.0958411253367861,-1.25394234081016,-1.01844809569042
YMR027W,1.00665295124054,-0.000831026467494667,0.129922760291189,0.0571868065104101,0.779906771083673,1.22539752225081,-0.107957312061548,0.0882769917804161
YMR028W,0.183151513338089,-0.741548299789429,0.025750944855965,0.0618563455219,0.13752130617698,0.230651784191529,-0.861630013478755,-0.637043251329666
YMR029C,0.171051010489464,-0.770680129528046,0.0224094214728696,0.0578542334798361,0.132226839289069,0.209079953903953,-0.878680384261482,-0.679687604622139
YMR030W,0.0635606721043587,-1.20206964015961,0.00984175075712582,0.0678846359464613,0.0461974256671965,0.0831562178209424,-1.33538222469527,-1.08010527889409
YMR031C,0.617400646209717,-0.212823927402496,0.0760060700481406,0.0546989492795082,0.488414696107308,0.73099023103714,-0.311211276892483,-0.136088426920406
YMR032W,0.142280399799347,-0.850445091724396,0.0180803427232842,0.0562011838062847,0.111281085200608,0.172033269703388,-0.953578647805062,-0.764387557935451
YMR033W,0.426905423402786,-0.373380750417709,0.0550893384935593,0.0572097727651672,0.330302037298679,0.520776677628358,-0.481088750944591,-0.283348481046121
YMR034C,0.0234228521585464,-1.636594414711,0.0039612967888799,0.0738667403509686,0.0164310190516214,0.0316173956729472,-1.78433588978576,-1.50007391009288
YMR036C,0.0668825134634972,-1.17887032032013,0.00919925931650276,0.0606327985388257,0.0507366305527588,0.0837471253549059,-1.29467837862119,-1.07703009871639
YMR037C,0.258690685033798,-0.590663135051727,0.0321389981047244,0.055117371539911,0.203263657167554,0.308712916076183,-0.691940267338271,-0.510445200389021
YMR041C,0.0845532566308975,-1.07837271690369,0.0133891070244412,0.0694565563351935,0.0606524676084518,0.111508740360538,-1.21715152963598,-0.952691203341179
YMR043W,0.404517292976379,-0.397994935512543,0.0604296422235705,0.0658564739900661,0.297391887505849,0.521398816009363,-0.526670893171954,-0.282829959825426
YMR044W,0.348357200622559,-0.46182319521904,0.0457556690469871,0.0582491596636099,0.269161509722471,0.423436947663625,-0.569987136886784,-0.373211249665808
YMR048W,0.158339574933052,-0.805366098880768,0.0237616179054293,0.06595085524612,0.116349928329388,0.204704173530142,-0.934233880494317,-0.688873304915523
YMR049C,0.930477738380432,-0.0346449352800846,0.113976437780589,0.0543533037976515,0.734518028299014,1.1019343127807,-0.133997540272694,0.0421557063016582
YMR054W,0.311672955751419,-0.509657442569733,0.0382251426860727,0.0543980559640149,0.246715843677521,0.369915459056695,-0.607802959951779,-0.431897518799097
YMR055C,0.0572220534086227,-1.24866092205048,0.00968123082368052,0.0737942552329695,0.0405227682553232,0.0775560988113284,-1.39230089491215,-1.11038404479627
YMR062C,0.338190287351608,-0.474670469760895,0.0444461626574026,0.0580475482445973,0.26072284579277,0.41501647233963,-0.583820912187927,-0.381934665446383
YMR063W,0.082059882581234,-1.09665167331696,0.018418270963928,0.0970407784508886,0.0509738512337208,0.123093130501608,-1.2926525528667,-0.909766200686154
YMR064W,0.058156706392765,-1.23973774909973,0.00814063010506186,0.0617755123365056,0.0437559958236913,0.073093082383275,-1.35896243452958,-1.13612377067218
YMR065W,0.00282359262928367,-2.56891536712646,0.000852119775796417,0.132444931937441,0.00143411444538894,0.00478857238776982,-2.84341619521348,-2.31979396475089
YMR066W,0.0498602464795113,-1.30599522590637,0.00646646969844854,0.0575015374261887,0.0384111732244492,0.0609291927578549,-1.41554242926569,-1.21517457709667
YMR067C,0.315714061260223,-0.504661679267883,0.0421773796835045,0.0589758632373122,0.242530237634977,0.390290833512942,-0.615234107714876,-0.408611720512885
YMR070W,0.185925602912903,-0.734514713287354,0.0244835817467799,0.0582669702408115,0.142681121826172,0.227703782046835,-0.845633484692523,-0.642629755939784
YMR075W,0.106145456433296,-0.977748513221741,0.0135745545258262,0.0567443797597835,0.0823569508890311,0.128466207161546,-1.08429974140923,-0.891211098378319
YMR076C,0.223652467131615,-0.653611302375793,0.0266862261468695,0.0530164073323664,0.179221883416176,0.261529797067245,-0.746608963051987,-0.582478824859115
YMR078C,0.0894654393196106,-1.051966547966,0.0113947599807431,0.0565111678633152,0.0694365998109182,0.108094895072281,-1.15841155585736,-0.96619481828498
YMR079W,2.15594053268433,0.329501122236252,0.294660515586344,0.060296401953936,1.63670861025651,2.68204555511475,0.213971367071353,0.428466147803788
YMR080C,0.419487535953522,-0.380602896213531,0.0510823397443685,0.0541509980837543,0.332093798369169,0.493411190311114,-0.478739234530137,-0.306791008028238
YMR081C,0.00413420284166932,-2.40820980072021,0.00139696076215083,0.147854595329594,0.00193042861646973,0.0072983817779459,-2.71434626017906,-2.13677356678341
YMR083W,3.91791319847107,0.589257478713989,0.511770871834883,0.0578296711590533,3.00079516371091,4.79971329371134,0.477236349845822,0.681215295786897
YMR085W,0.00081178912660107,-3.15760493278503,0.000448133580653221,0.251189827759439,0.000200927176653446,0.00189518218394369,-3.69696147642483,-2.72234903494217
YMR086W,0.280382931232452,-0.555670738220215,0.0346535313457262,0.0549678365346589,0.220579982052247,0.331415794044733,-0.656433907037508,-0.479626798563376
YMR087W,0.0917666926980019,-1.0432186126709,0.0150740942136506,0.0719225284487476,0.0651118993138274,0.121894680460294,-1.18633963666882,-0.914015297754057
YMR088C,0.198598444461823,-0.705677509307861,0.0254314580277559,0.0567622153969442,0.154176458716393,0.240476377805074,-0.811981933873067,-0.618927585644251
YMR089C,0.327985435724258,-0.487456411123276,0.0399227969297384,0.0540353988444014,0.259189456701279,0.387777226914962,-0.586382668656323,-0.411417702394299
YMR090W,0.0795029252767563,-1.10992360115051,0.0174721247055754,0.0947292612615546,0.0506220611743629,0.117522124759853,-1.29566034371371,-0.929880371344163
YMR091C,0.658168017864227,-0.185431718826294,0.085715530114085,0.0575910141058846,0.509924461444219,0.799120545387268,-0.292494154126344,-0.0973877036207299
YMR092C,1.28641796112061,0.10599634796381,0.158470446003373,0.0546268058212123,1.01493194301923,1.53312821586927,0.00643692053560652,0.185578471969801
YMR093W,0.466700255870819,-0.334411203861237,0.0580345711015805,0.0551462347539403,0.36215992346406,0.561666786670685,-0.44109961082066,-0.250521256722256
YMR096W,0.00715337973088026,-2.1668119430542,0.00225663768255707,0.13739362769011,0.00361498755131227,0.0123887636233121,-2.44189319504294,-1.90697216841116
YMR098C,0.109674818813801,-0.963643431663513,0.0142420832211124,0.0574714790233524,0.0848493600885073,0.133248626689116,-1.07135143036093,-0.875337258759313
YMR099C,1.95748651027679,0.287395596504211,0.273175836432381,0.0614908071301704,1.47511596679687,2.46272907058398,0.168826049827739,0.391416624764702
YMR100W,0.0968188717961311,-1.01773607730865,0.012485957523533,0.0570568318833079,0.0749789995451768,0.117937278188765,-1.12506050596619,-0.928348925422179
YMR102C,0.141854554414749,-0.8516446352005,0.0177462340816867,0.0554767728765829,0.111257188394666,0.169575279951096,-0.953671919668001,-0.770637457357855
YMR104C,0.0615158081054688,-1.2149406671524,0.00816614293824575,0.0588336365297574,0.0471648834645748,0.0753899476180474,-1.32638123428271,-1.12268658674435
YMR105C,0.529822587966919,-0.279336780309677,0.0660941630208523,0.0552581450871528,0.415629018346469,0.637032844126224,-0.381294157776969,-0.195838211665328
YMR106C,0.0772527754306793,-1.11600410938263,0.010247309299697,0.0587418948388321,0.0589131936430931,0.0951942025373379,-1.22978743382523,-1.02138950992552
YMR108W,3.32470011711121,0.518463969230652,0.403184198128576,0.053876364153128,2.62229133844376,3.93175699909528,0.418680938568063,0.59458666815882
YMR110C,0.33232057094574,-0.482049077749252,0.0422837991144295,0.0563706900492486,0.259772383670012,0.402747685710589,-0.585407021003657,-0.394966947558127
YMR113W,0.183297678828239,-0.740831553936005,0.0245682698065546,0.0592650660034135,0.139695212244987,0.227617894982298,-0.854818478146476,-0.642793715926491
YMR115W,0.209666937589645,-0.682217359542847,0.0272093004894671,0.0574547328166374,0.162270441030463,0.255956384291251,-0.789760584690763,-0.591834035354387
YMR116C,20.0237827301025,1.29731929302216,2.76341020942697,0.0609851918752236,15.111442565918,24.9540292104085,1.17930592486276,1.39714067484207
YMR119W,0.124893747270107,-0.90722393989563,0.0162473191702933,0.0576044003796334,0.0964236754924059,0.152431116749843,-1.01581631842507,-0.816926373003991
YMR120C,2.33998131752014,0.365789800882339,0.289845527273318,0.054912773706989,1.83601663410664,2.80034030278524,0.263876611532907,0.447210810333507
YMR124W,0.16006426513195,-0.799166917800903,0.0199152802322878,0.0552631884262367,0.125589485342304,0.190986763189236,-0.901046719380627,-0.718996732608428
YMR125W,0.690090715885162,-0.164404660463333,0.0840057606415906,0.0540279655600035,0.546841781338056,0.816680241624514,-0.262138311189598,-0.0879479515136962
YMR127C,0.0620060041546822,-1.21331596374512,0.0100417016572398,0.07101598130505,0.044690415263176,0.0820444010198116,-1.34978560985815,-1.08595105137393
YMR128W,0.453406989574432,-0.346753090620041,0.0545169691935272,0.053506727418718,0.360427691042423,0.529363719125589,-0.443181856698064,-0.276245827243374
YMR129W,0.328602194786072,-0.486566603183746,0.039488233746632,0.0534650702175925,0.260957781970501,0.384259606897831,-0.583429747848696,-0.415375274881235
YMR130W,0.29302716255188,-0.537820279598236,0.04300662289827,0.0643780010412736,0.217745766043663,0.376757621020079,-0.662050280874838,-0.423937972096314
YMR131C,1.09272444248199,0.0350261591374874,0.136599004621723,0.0554196235883979,0.85389562000831,1.31579507788022,-0.0685952154331019,0.11918823214069
YMR133W,0.0010655039222911,-3.03269910812378,0.000552967500539109,0.239200281505415,0.000280867277130407,0.00248391863812382,-3.55150122499348,-2.60486270324926
YMR134W,0.267674148082733,-0.579296171665192,0.0478607626264533,0.0775900016435066,0.185858892525236,0.370208702236414,-0.730816655278393,-0.431553414787384
YMR136W,0.122933022677898,-0.914116978645325,0.016071143467407,0.0576961206994241,0.0947237489745021,0.150662266090512,-1.02354113074155,-0.821995504773562
YMR137C,0.0423947647213936,-1.37702345848083,0.00592510293027898,0.0617992222059267,0.0318439107077817,0.0532403849065304,-1.49697360511441,-1.2737588134119
YMR139W,0.185624614357948,-0.735751152038574,0.0261048962470225,0.062155744049982,0.1393598181506,0.233774555350343,-0.85586243345222,-0.631202762538091
YMR140W,0.157715931534767,-0.806140005588531,0.0212080989193144,0.0594378546504643,0.120736946165562,0.194798934708039,-0.91815981316334,-0.710413423406551
YMR144W,0.133771672844887,-0.878682315349579,0.0201899367575571,0.0666624484490997,0.0976192057132721,0.171976381043593,-1.01046473033803,-0.764531198366062
YMR145C,0.983586251735687,-0.010652270168066,0.122457808586924,0.0552824622122949,0.769006993373235,1.17765459915002,-0.114069710695727,0.0710179320793358
YMR146C,3.39552927017212,0.526952564716339,0.452964524101028,0.0590117761931465,2.60166179935137,4.18969961802165,0.415250839570811,0.622182884932486
YMR149W,1.03768110275269,0.0111615164205432,0.155178418866278,0.0655268367798888,0.764946814378103,1.34314332008362,-0.116368764961229,0.128122326017623
YMR152W,0.525839865207672,-0.283126771450043,0.0704509577207363,0.0591708296262167,0.401501268148422,0.65264933258295,-0.396313078656802,-0.185320120287128
YMR153W,0.429293751716614,-0.371007859706879,0.0558457504676237,0.0575552158542468,0.331282706061999,0.524335769812266,-0.479801340799529,-0.280390529196683
YMR156C,0.0840954706072807,-1.08662450313568,0.019387525498931,0.0998382556698983,0.0519123029584686,0.128967359662056,-1.28473002445662,-0.889520191346841
YMR157C,0.301600962877274,-0.52741140127182,0.0533857689628762,0.0774756746609558,0.208977612480521,0.413605743398269,-0.67990024620529,-0.383413441759288
YMR165C,0.155644610524178,-0.811398506164551,0.0195630061252941,0.0558180644595068,0.121748407930136,0.186135232572754,-0.914536709259676,-0.730171413836012
YMR167W,0.0896721407771111,-1.05107867717743,0.0116078097488694,0.0573554133648973,0.069747231900692,0.108828537166119,-1.15647302381222,-0.963257208418098
YMR171C,0.138179048895836,-0.863402128219604,0.0181873004328251,0.0581354336449492,0.106174927018583,0.170402763659755,-0.973978032510375,-0.768523431569886
YMR173W,5.22742557525635,0.714509069919586,0.681634438385529,0.0576856073566802,4.04854639371236,6.40497011343638,0.607299119007251,0.80651706641054
YMR177W,0.110587596893311,-0.960450768470764,0.0151132836741172,0.0605385259286257,0.0839429466674725,0.137292638421059,-1.07601583061642,-0.862352748843538
YMR178W,0.533821225166321,-0.277681261301041,0.0812288790999233,0.0667177042052789,0.391098489860694,0.692259278396765,-0.407713869622984,-0.159731270957942
YMR179W,0.126038685441017,-0.903114676475525,0.0160377939603919,0.0564953589575908,0.097802703641355,0.151782095928987,-1.00964917453371,-0.818779465030928
YMR180C,0.0387617237865925,-1.41846239566803,0.00684918483483984,0.0777207465661196,0.0265987513742099,0.0528524229923884,-1.57513878964569,-1.27693509824514
YMR183C,1.7947336435318,0.249284759163857,0.262484355869062,0.0643598032636348,1.32634204626083,2.30614625612895,0.122655488774271,0.362886846385709
YMR185W,0.0718978941440582,-1.14681124687195,0.00903928759609588,0.0557475801972327,0.0563075850096842,0.0862938358758886,-1.24943309967337,-1.06402024897227
YMR188C,0.52925568819046,-0.284144520759583,0.100464923987502,0.0826806943719122,0.359341998646657,0.745971981684367,-0.444492059301907,-0.127277495896619
YMR189W,0.738237679004669,-0.135017141699791,0.0884590786380893,0.0532479138768822,0.587752940754096,0.865866455435753,-0.230805191786745,-0.0625490850692496
YMR192W,0.188338190317154,-0.72856593132019,0.0236196480786191,0.0555715859350499,0.147848114868005,0.226459446921945,-0.830184209058624,-0.645009566827785
YMR193W,0.293828219175339,-0.537905037403107,0.0487686104471759,0.0724103065672726,0.210179060076674,0.392976825435956,-0.677410556550592,-0.405633121390593
YMR196W,0.149151653051376,-0.829657912254333,0.0180838120871821,0.0538107075423155,0.117631802707911,0.176568900669614,-0.929475250307823,-0.753085786929551
YMR199W,0.1921346783638,-0.720089673995972,0.0247874519680509,0.0570357063753659,0.148646638045708,0.234065956125657,-0.827844909789814,-0.630661749321226
YMR200W,0.866437494754791,-0.0674848109483719,0.13403282790835,0.0675875828028673,0.632848120232423,1.13151583770911,-0.198700519896806,0.0536606363491133
YMR201C,0.110550448298454,-0.961161136627197,0.0162023400508685,0.0643297372643285,0.0825652630999684,0.141583501671751,-1.08320263672578,-0.848987351069391
YMR203W,2.27436852455139,0.353100806474686,0.295530928207501,0.0575568845344322,1.75604560772578,2.77266407012939,0.244535790707306,0.44289725460247
YMR204C,0.05591931194067,-1.25730037689209,0.00831521143853657,0.0653086653295527,0.0411097968618075,0.0722340590630968,-1.38605467220322,-1.14125798222953
YMR205C,7.36165523529053,0.863722145557404,0.886947199091775,0.0535842050596837,5.850830133756,8.64450800418854,0.767217489422534,0.936740280746286
YMR206W,0.0014971608761698,-2.90094614028931,0.000876781496358494,0.270237467390521,0.000318553734056574,0.0036066052756117,-3.49682776677052,-2.44290139799684
YMR208W,0.507895290851593,-0.298018991947174,0.0662769960054938,0.0578213505317371,0.39118418097496,0.618775900204976,-0.407618715883903,-0.208466611169546
YMR209C,0.152837947010994,-0.819739282131195,0.0204216610673204,0.0591314440193537,0.117264620028436,0.188358673204978,-0.930833004321782,-0.725014379726451
YMR210W,0.117022156715393,-0.935938894748688,0.0161148083208862,0.0608493245699295,0.0885579458748301,0.145742007965843,-1.05277254964672,-0.836415255406529
YMR211W,0.0693053379654884,-1.16340601444244,0.00951515003863992,0.0605782592865176,0.0524747801323732,0.0863000986476739,-1.28004939336268,-1.06398870922258
YMR212C,0.309189110994339,-0.513213813304901,0.0383705636049696,0.0550782662755088,0.243055120110512,0.368944201866786,-0.614295225803919,-0.433039310410583
YMR214W,0.752623319625854,-0.127415925264359,0.100990892238342,0.0592642233058262,0.576964378356934,0.93022562811772,-0.238850999254279,-0.0314117000112442
YMR217W,5.2182412147522,0.713953375816345,0.65936925352223,0.0561282603821174,4.07780698140462,6.24295983711878,0.610426665038834,0.795390540730387
YMR220W,0.525776088237762,-0.282833248376846,0.0670740926707045,0.0566449204822097,0.406126655638218,0.635402867694696,-0.391338509361589,-0.196950852113505
YMR221C,0.334963291883469,-0.478751748800278,0.0434212162006281,0.0574942525972772,0.2585821253558,0.40596341068546,-0.587401538759277,-0.391513108810843
YMR223W,0.156011059880257,-0.810799300670624,0.020801240928254,0.059043339599747,0.119296290477117,0.192414535954595,-0.923373061202921,-0.715762123515567
YMR224C,0.0719867944717407,-1.14653146266937,0.00938134383909493,0.0577312588947701,0.0553717762231827,0.0878211482738455,-1.25671154490862,-1.05640090480478
YMR226C,2.90649342536926,0.458503991365433,0.43300036474283,0.065285213585014,2.15133929252625,3.75451469421387,0.332708909342187,0.574553808385175
YMR227C,0.186604559421539,-0.732884407043457,0.0243642489553184,0.0579261296196397,0.14398401863873,0.226386100053787,-0.841685709781907,-0.645150242038796
YMR228W,0.154104322195053,-0.816610336303711,0.0217849535593638,0.0623947147099685,0.115214541554451,0.195249195893606,-0.938492703913653,-0.709410746823147
YMR229C,1.84548616409302,0.262867361307144,0.222126271453529,0.0534941655487322,1.47337889671326,2.15234602689743,0.16831444513973,0.332912091164219
YMR231W,0.17631833255291,-0.757051587104797,0.0215707743100308,0.0543639176512303,0.139288292825222,0.208514118442933,-0.856085405490257,-0.680864533717149
YMR233W,0.132526353001595,-0.886612713336945,0.0268059284431755,0.0885180331926951,0.0849833554277817,0.190726131945848,-1.07066613424866,-0.719589799753988
YMR234W,0.117677859961987,-0.933874130249023,0.0169568223742112,0.0633368495124041,0.0880754292011261,0.149548457811276,-1.05514523177742,-0.825218064039218
YMR237W,0.543262839317322,-0.268302649259567,0.0661608565658818,0.0540474062863452,0.428520519038041,0.644909547269344,-0.36802837941676,-0.190501194457456
YMR238W,0.471437901258469,-0.330329477787018,0.0612174991548762,0.0575012884047498,0.364747703075409,0.573195675512155,-0.438007434307208,-0.241697098490952
YMR239C,0.131640419363976,-0.884564578533173,0.0175483396626158,0.059018567971242,0.100474014878273,0.161788925528526,-0.997946243260112,-0.791051209216055
YMR240C,0.108555004000664,-0.968439817428589,0.0147558609599864,0.0599664062000482,0.0825482830405235,0.134836461146673,-1.08329195539672,-0.870192654589345
YMR241W,1.66391313076019,0.216973870992661,0.228256094510668,0.0604294534301417,1.26183199882507,2.08478511571884,0.101001536492812,0.319061261861759
YMR243C,1.24066269397736,0.0900202691555023,0.1585506108059,0.0565670559198239,0.960705263912678,1.50822472572327,-0.0174098324228317,0.178466056301793
YMR244W,0.00390698341652751,-2.43408036231995,0.00135782685963875,0.151985486906653,0.00179377274374322,0.00716866692528129,-2.74623258623088,-2.14456159758478
YMR247C,0.239132940769196,-0.624639332294464,0.0289153126737778,0.0538349735134677,0.189790841192007,0.27993010605375,-0.72172475001998,-0.552950391821185
YMR250W,0.22227056324482,-0.656703412532806,0.0281622210712785,0.056228099390815,0.173382654910286,0.267009011407693,-0.760994352451209,-0.573474082369981
YMR251W,0.00167975900694728,-2.82189011573792,0.000784062216955759,0.207412198302563,0.000544314360498295,0.00355368764721788,-3.26415052870123,-2.44932115373641
YMR253C,0.122877061367035,-0.914885461330414,0.0172224655004534,0.0619106012724662,0.0923909331982335,0.154406788075964,-1.03437066606591,-0.811333611554165
YMR258C,0.121478073298931,-0.919296085834503,0.0158722736860444,0.0577846836334306,0.0935606091593703,0.149346022928754,-1.02890697868679,-0.825806388007222
YMR259C,0.220703899860382,-0.659485638141632,0.02677843576482,0.0539484192549563,0.175294026732445,0.258975893259048,-0.756232882544748,-0.586740660288746
YMR261C,0.755216181278229,-0.125180691480637,0.091001094837074,0.0535857562506848,0.599506735801697,0.884868413706621,-0.222205932990363,-0.0531213072436105
YMR262W,0.11798757314682,-0.933537900447845,0.0184869541653154,0.0686199602936923,0.0850654791419705,0.154817738135656,-1.07024669310056,-0.810179297542826
YMR265C,0.0628061443567276,-1.2066330909729,0.00910627125888197,0.0637955390564668,0.0469878694042563,0.0798115583757559,-1.3280142477388,-1.09793420947898
YMR266W,0.448162704706192,-0.351864010095596,0.0544458675234439,0.0539498261877478,0.355534374713898,0.527982307970524,-0.449118403297508,-0.277380632120216
YMR267W,0.265364795923233,-0.580789923667908,0.0385162485296603,0.0637488759633619,0.196668833618363,0.33942944953839,-0.706264471616027,-0.469250480176796
YMR271C,0.0208593402057886,-1.71244764328003,0.00804253358211399,0.168157925643328,0.00883142122377952,0.0399603655872245,-2.05396940107497,-1.39837068240088
YMR275C,0.145447626709938,-0.840691924095154,0.017934203531008,0.0547463555896226,0.114775309711695,0.172626690690716,-0.940151526707367,-0.762892055016654
YMR276W,2.32484340667725,0.362490773200989,0.308417994511465,0.0585837415253619,1.78719639778137,2.87081629832586,0.252172280421685,0.45800540282227
YMR277W,0.232577264308929,-0.636867702007294,0.0288823978582232,0.0550114920176118,0.183209340895216,0.278440540780624,-0.73705239727052,-0.555267531737908
YMR278W,0.328409433364868,-0.487131834030151,0.0414773266896681,0.0558883348501796,0.2559990140299,0.396132881691058,-0.591761712770895,-0.4021591070978
YMR279C,0.0039303433150053,-2.42032718658447,0.00102471096001506,0.1141925038242,0.00220757427547748,0.00623840124656756,-2.65608467612365,-2.20492683789117
YMR281W,0.187465965747833,-0.732080399990082,0.0282455806619633,0.0662859851457792,0.137229086582859,0.241984628389279,-0.862553827395724,-0.616212231732539
YMR282C,0.0746751800179482,-1.13082849979401,0.0100185106038333,0.0593881165923891,0.0565262086068591,0.0927407194549839,-1.24775020286868,-1.03272954046277
YMR284W,0.0752143487334251,-1.12753999233246,0.00989457173890761,0.0581542779776721,0.0579748199942211,0.0925276375686129,-1.23676059779194,-1.0337285305662
YMR285C,0.216283977031708,-0.668612718582153,0.0276612839437937,0.0565997255578776,0.167800480872393,0.263674105952183,-0.77520679996428,-0.57893251789636
YMR289W,0.187896907329559,-0.730500519275665,0.0265391030243897,0.0623625532932727,0.141093128422896,0.236550750459234,-0.850494215719369,-0.626075669814318
YMR290C,1.51379668712616,0.176390454173088,0.194116669986428,0.056985804253931,1.17478322684765,1.82517882486184,0.0699577326702032,0.26130541876762
YMR291W,0.41928032040596,-0.38108104467392,0.0530889081720252,0.0562524214693581,0.325135936091344,0.504100218911966,-0.487935032910491,-0.29748311890175
YMR293C,0.0419687256217003,-1.38204085826874,0.00630317344505212,0.0660501673295001,0.0305324816921105,0.0542456931745013,-1.51523790066053,-1.26563473733104
YMR296C,0.70609587430954,-0.154644295573235,0.0886550036525285,0.0555773821417276,0.553191310664018,0.851790620883306,-0.257124650416342,-0.0696671653612977
YMR300C,1.13228595256805,0.0502824261784554,0.145218952892992,0.056930184139537,0.877886354923248,1.3687801361084,-0.0565617012057387,0.136333694048307
YMR301C,0.176028028130531,-0.758049011230469,0.0224636312092668,0.0565718837951017,0.136747362961372,0.211502128963669,-0.86408103987566,-0.674685257288434
YMR302C,0.175629764795303,-0.758811593055725,0.0216985768161849,0.0548211045224972,0.13840774508814,0.209072474886974,-0.858839610065786,-0.679703139932214
YMR304W,0.283706307411194,-0.55033415555954,0.0339278788788329,0.0531695586628166,0.225686777134736,0.33356104567647,-0.646493889353408,-0.476824681296474
YMR307W,8.4693431854248,0.924325585365295,1.06354936502917,0.0557701517833279,6.6228110353152,10.1315336227417,0.821042345516565,1.00567519002776
YMR309C,2.09700441360474,0.318278849124908,0.25566805901256,0.054105673644105,1.66563286582629,2.47636795043945,0.221579278496012,0.393815174666758
YMR310C,0.253980666399002,-0.600068867206573,0.0377433018017492,0.0654139926932352,0.1859522977223,0.32821122482419,-0.730598451254795,-0.483846589516851
YMR312W,0.278162807226181,-0.56115335226059,0.0440218616392253,0.0690237525734136,0.20171937122941,0.369352325548728,-0.695252403767787,-0.432559163068468
YMR313C,0.128894597291946,-0.893494248390198,0.0166684802294587,0.0573273395520653,0.0993275493383408,0.156777439514796,-1.00293027953849,-0.804716433413771
YMR314W,1.31207394599915,0.111973658204079,0.217650819479295,0.0723208686666706,0.940997012456258,1.76224979261557,-0.0264117604881373,0.246067460097955
YMR315W,1.73520648479462,0.235381200909615,0.232308528413606,0.059082054894813,1.33561176856359,2.15289750496546,0.125680218775347,0.33302335393246
YMR316W,0.0511544086039066,-1.29689574241638,0.00831384148539527,0.0711821741101667,0.0365764476669331,0.068067440452675,-1.43679850735717,-1.16706058278201
YMR318C,2.39085793495178,0.374597787857056,0.31931985003811,0.0589858643867965,1.83445485432943,2.94213100075722,0.263506945157338,0.468662006112478
YMR319C,0.246312811970711,-0.612158000469208,0.0315121998131329,0.0566604205595135,0.191985627512137,0.298839119573434,-0.716731284616176,-0.524562552380452
YNL330C,0.313180893659592,-0.508124172687531,0.041563875686046,0.0587569051378822,0.240395642692844,0.38405147443215,-0.619073416067251,-0.415610626885307
YNL329C,0.0630243122577667,-1.20389580726624,0.00778859596092165,0.0547797965421625,0.0492784031356374,0.0755173375209172,-1.30734337441983,-1.12195333586067
YNL327W,1.81925296783447,0.25665357708931,0.218748663148882,0.0534836359375573,1.44301843643188,2.13574751814206,0.159271879804156,0.32954990903296
YNL326C,0.114877872169018,-0.944522440433502,0.0168938053669747,0.0646024657214104,0.0854512200380365,0.146868710964918,-1.06828178777154,-0.833070734671471
YNL323W,0.561376690864563,-0.254668563604355,0.0745267437926172,0.0587946645944401,0.429058966785669,0.689175140857696,-0.367483021775399,-0.161670400682317
YNL322C,1.4608815908432,0.160385191440582,0.202319252711072,0.0609298446015916,1.10905784368515,1.83523569007715,0.0449541975068428,0.263691843280242
YNL321W,0.165901944041252,-0.78355085849762,0.0204700728698307,0.0547714886981783,0.130687553932269,0.197346088911096,-0.883765772068632,-0.70477148215807
YNL320W,0.319858580827713,-0.500068485736847,0.0484390108580453,0.0663604999471136,0.235353250429034,0.413238048553467,-0.628279799835768,-0.383799698004154
YNL318C,0.00129044661298394,-2.92490434646606,0.000520799450764468,0.180147111880958,0.000496162858325988,0.00250392732753729,-3.30437574918876,-2.60137828533608
YNL316C,0.172264263033867,-0.768422186374664,0.0249072401992351,0.0637079752345081,0.128359610959888,0.219481681411465,-0.891571612733859,-0.658601727787365
YNL315C,0.385508924722672,-0.418397843837738,0.0546177244386456,0.0623954125108496,0.288952156404654,0.486780852079391,-0.539174065493985,-0.31266651343255
YNL314W,0.0751152560114861,-1.13327348232269,0.0154091450991944,0.0885229675331666,0.0494926344913741,0.108224495251973,-1.30545964850553,-0.965674438213339
YNL313C,0.388977199792862,-0.413431286811829,0.0476209596801465,0.054422137054313,0.307284726699193,0.460392896085978,-0.512459030279793,-0.336871386691664
YNL311C,0.0700968280434608,-1.15805006027222,0.00907164084736154,0.0575281663737277,0.0540890563589831,0.0850001997624834,-1.26689073379948,-1.07058005364566
YNL309W,0.135644763708115,-0.871656656265259,0.0183505099026366,0.0597550077295063,0.103174063439171,0.168435830498735,-0.986429465079808,-0.773565518026149
YNL308C,0.892886817455292,-0.0526289045810699,0.110522799852651,0.0549831360937276,0.702192970613639,1.0630052258571,-0.15354353257946,0.0265353925400599
YNL307C,0.870753347873688,-0.0641054138541222,0.116861852541317,0.0593391431748659,0.663718851904074,1.08063880602519,-0.17801586593823,0.0336805496019393
YNL304W,0.102397032082081,-0.994296848773956,0.014730002887714,0.0635015695170959,0.0767125507816672,0.129708290100098,-1.11513364696104,-0.887032265784315
YNL299W,0.100047528743744,-1.00352203845978,0.0129361632051388,0.0572999894895365,0.077472088051339,0.121331999823451,-1.11085474081862,-0.916024644214225
YNL298W,0.163424834609032,-0.790066182613373,0.0201347411638726,0.0546276646487641,0.128739372019966,0.194563272719582,-0.890288613923391,-0.710939137594931
YNL297C,0.193828046321869,-0.71577125787735,0.0231327582748876,0.0530466748754915,0.154818838213881,0.226648599157731,-0.810176196028014,-0.644646960865287
YNL295W,0.0796047225594521,-1.10314643383026,0.0107868233095333,0.0599683766301247,0.0606738653654854,0.0980963295325637,-1.21699833669822,-1.0083472425946
YNL293W,0.092212401330471,-1.03897571563721,0.0119946226810631,0.0575844542416227,0.0712117925286293,0.112793691456318,-1.14744808212103,-0.947715189734999
YNL292W,0.479641854763031,-0.322979062795639,0.0635128504392269,0.0585616023565848,0.365604836245378,0.590765001873175,-0.436988144913093,-0.228585242004157
YNL291C,0.174261838197708,-0.762402534484863,0.0221863461982736,0.0563461752255605,0.135659910862645,0.212114661931992,-0.867548474029891,-0.673429310851282
YNL290W,0.47388756275177,-0.32855886220932,0.0655476268695634,0.0610133017514068,0.35716376081109,0.592739397287369,-0.447132615109398,-0.227136214057077
YNL289W,0.432044684886932,-0.369468003511429,0.0650815884858025,0.0662349391577115,0.315997849901517,0.55770169198513,-0.500315873008459,-0.253598037921186
YNL288W,0.337772846221924,-0.475542575120926,0.0463084489127492,0.0605541828575215,0.256424717853467,0.421355810513099,-0.591040115556234,-0.375351013602575
YNL287W,1.35450541973114,0.128528043627739,0.163328766639359,0.0535616490578577,1.07697033882141,1.59727048873901,0.0322037424218669,0.203378467684894
YNL286W,0.140969187021255,-0.857063293457031,0.02378457229226,0.0735389831327348,0.10043010947605,0.190143421292305,-0.998136108025326,-0.720918695999836
YNL283C,0.173485592007637,-0.764384865760803,0.0222011657893371,0.0567126781816849,0.13454739327232,0.210033588235577,-0.871124712331211,-0.677711248049591
YNL280C,0.713153660297394,-0.150589227676392,0.0928055005131464,0.0576603654940739,0.548360887666543,0.869767637550831,-0.260933529317942,-0.0605967579818276
YNL278W,0.119341172277927,-0.926658570766449,0.0148140574627484,0.0551696326619296,0.0936781672139963,0.141862488662203,-1.02836161575705,-0.848132437018821
YNL275W,0.0616029649972916,-1.21437406539917,0.00823863428173601,0.0591718428514462,0.0470403110298018,0.0762896068394184,-1.32752981539189,-1.11753462426232
YNL274C,0.223909810185432,-0.654038846492767,0.0304397525258618,0.0602011500652692,0.169201754406095,0.279190360754728,-0.771595138426785,-0.554099581474804
YNL273W,0.0896715968847275,-1.05066287517548,0.0109195637598805,0.0541147527555898,0.0708760842680931,0.106076836585999,-1.14950028417596,-0.974379440237662
YNL272C,0.157486394047737,-0.806297242641449,0.0197995767921286,0.0559388393269731,0.12266261515518,0.18817348840336,-0.911287780567054,-0.725441566567662
YNL271C,0.152082294225693,-0.821109056472778,0.0181354086157983,0.0530519284466362,0.121457506343722,0.177854059512417,-0.915575640677134,-0.7499362213275
YNL267W,0.176214545965195,-0.757280886173248,0.0214698489076999,0.054141660576504,0.139303305869301,0.208344988773266,-0.856038587998151,-0.681216940996183
YNL265C,0.518756210803986,-0.289744943380356,0.0758248027039906,0.0643006891901493,0.385614241411289,0.664551258087158,-0.413846938166841,-0.17747151547992
YNL264C,0.287897795438766,-0.544862031936646,0.0392094634063646,0.0600033793143472,0.219561706483364,0.359726877262195,-0.658443403967566,-0.444027112333182
YNL261W,0.126750871539116,-0.900903224945068,0.0167012761337725,0.0582494814333171,0.097527782805264,0.155741988991698,-1.01087164954805,-0.807594284788437
YNL258C,0.18992355465889,-0.7248255610466,0.0234275165792616,0.0548205375318841,0.148916449273626,0.226348107556502,-0.827057329924945,-0.64522313658221
YNL256W,0.219538331031799,-0.661882758140564,0.0270571085436358,0.0547021926999562,0.1729999743402,0.261824381599824,-0.761953963533492,-0.581989923628988
YNL254C,0.0605110712349415,-1.22293341159821,0.00888215539954366,0.0647401379741552,0.0445883892787,0.0773974783718586,-1.35077822916568,-1.11127322645438
YNL253W,0.192584604024887,-0.719338297843933,0.025668282395979,0.059095850029935,0.146785099804401,0.237476100151738,-0.833318027546345,-0.624380096211063
YNL252C,0.275975525379181,-0.564042866230011,0.0412429572183704,0.0656692333103082,0.201984864349167,0.356889834503333,-0.694681173031538,-0.447465905013609
YNL251C,0.696086823940277,-0.160821869969368,0.0869941262293363,0.0554409554348344,0.542491495609283,0.833777046700319,-0.265607065661755,-0.0789500650479531
YNL250W,0.0653963163495064,-1.18789565563202,0.00812899859305266,0.055153084618862,0.0513639019181331,0.078145371687909,-1.28934199528208,-1.10709674068884
YNL249C,0.0448417030274868,-1.35293507575989,0.00647952102000369,0.0637330485402526,0.0332055288987855,0.0568102253911396,-1.47878959834149,-1.24557349038763
YNL248C,1.21387529373169,0.0805300697684288,0.155633341343561,0.056598814380267,0.942620830237865,1.48297252158324,-0.0256629676343618,0.17113310298112
YNL247W,1.53655242919922,0.183189943432808,0.1883724696047,0.0544157236034655,1.21585244933764,1.82145309348901,0.0848808455219855,0.260417984027366
YNL246W,0.331113815307617,-0.485461086034775,0.0523663167027436,0.0689393035496253,0.23992190870146,0.439668326079845,-0.619930190535,-0.356874827814721
YNL242W,0.0692661255598068,-1.16285955905914,0.00851825358772001,0.0546195169644253,0.0546411936171353,0.0822106364493569,-1.26247982421531,-1.08507199608841
YNL241C,1.89857363700867,0.274783939123154,0.242713395701701,0.0566795745476479,1.47572104930878,2.29402112960815,0.169004271988195,0.360597413752679
YNL240C,0.150265634059906,-0.827219069004059,0.0203824040540855,0.0599014952910155,0.114543274044991,0.186455750713746,-0.941030407399123,-0.729424219226139
YNL239W,0.829887807369232,-0.0845792517066002,0.105615910542476,0.0562883761084148,0.644539251923561,1.0080939044555,-0.190750630375493,0.00350098688649163
YNL237W,0.0498560145497322,-1.30698275566101,0.00728192386094632,0.0642612846213298,0.037004373781383,0.0640309400856495,-1.43174697777727,-1.1936101315004
YNL236W,0.15144456923008,-0.823117852210999,0.0186128778316355,0.0545383509921613,0.119105280252794,0.180047547568878,-0.924068997555565,-0.744612790636009
YNL234W,0.0371944829821587,-1.43498265743256,0.00585957088490721,0.0692417889071052,0.0268588521517813,0.0487511090313395,-1.57091257847507,-1.31201550503983
YNL233W,0.193209752440453,-0.717427492141724,0.0240187105319959,0.0552138412493877,0.15183988759915,0.230030073970556,-0.818614126407088,-0.638215385415404
YNL232W,0.550728499889374,-0.263832718133926,0.0812105610385993,0.0646610266479931,0.407523261507352,0.709894226491451,-0.389847612607332,-0.148806442604734
YNL231C,1.32138288021088,0.116989053785801,0.1786490265382,0.0595825624377865,1.00163575311502,1.65011089046796,0.000709808370519224,0.217513129965156
YNL229C,0.586115896701813,-0.236222699284554,0.0808315134652667,0.060804984008422,0.442968225975831,0.731783078114192,-0.353627432759951,-0.13561764937096
YNL227C,0.147912785410881,-0.833733975887299,0.0191822020709068,0.0573871189472457,0.11431993568937,0.180018070712686,-0.941878029536931,-0.744683909945041
YNL225C,0.0918439775705338,-1.04089057445526,0.0122297415479454,0.0589022007955707,0.0702163606261214,0.11332572158426,-1.15356168417442,-0.945671506960395
YNL224C,0.225694045424461,-0.650066435337067,0.0285987647927749,0.0562417810780142,0.176231759910782,0.270450441290935,-0.753915823862694,-0.567912305604472
YNL223W,0.0512688793241978,-1.29468846321106,0.0073565160904953,0.0631704947735755,0.0385770845537384,0.0650060698390007,-1.4136706058603,-1.18704608990315
YNL221C,0.181708708405495,-0.744112253189087,0.0226863186257896,0.0554726765478605,0.142267101258039,0.216581677645445,-0.846895517319788,-0.664378287271325
YNL220W,2.31891512870789,0.361709654331207,0.293656229209757,0.0561364877124152,1.79883355696996,2.80692171653112,0.254990943820109,0.448230284838611
YNL219C,0.363789230585098,-0.442782521247864,0.0464316451702871,0.0566068910574459,0.281844927618901,0.440549671153227,-0.549989777062673,-0.356005118608126
YNL217W,0.437396973371506,-0.363555371761322,0.0618993856832161,0.062411967133963,0.328101662298044,0.551694154242675,-0.48399157036446,-0.25830161813716
YNL216W,0.735281825065613,-0.136891752481461,0.0899443426077425,0.0543224077431005,0.581835746765137,0.869024460017681,-0.235199600129292,-0.0609679996579863
YNL215W,0.448479920625687,-0.352741539478302,0.06387474907725,0.0627786192805641,0.334054786960284,0.568904015421867,-0.476182396473408,-0.244961000898223
YNL212W,0.445345014333725,-0.354649275541306,0.0544373504675488,0.0543533894706259,0.349792900433143,0.527846047778924,-0.456189010386361,-0.277492725875728
YNL207W,0.548369944095612,-0.264657974243164,0.0710258392714239,0.0573333542057701,0.424142838517825,0.670892596244812,-0.372487879671894,-0.173347000832084
YNL206C,0.193039312958717,-0.71826833486557,0.0256550197967767,0.0586553031747671,0.148562729358673,0.238250258068244,-0.828090130441389,-0.622966620612763
YNL204C,0.0011600605212152,-3.04610586166382,0.000830556914072856,0.328795689917917,0.000172733097254725,0.00329998806895067,-3.76263466474962,-2.48148766952705
YNL202W,0.0478152222931385,-1.32810461521149,0.00904241258358435,0.0816929346176109,0.0326192244576911,0.0678400543207923,-1.48652636879391,-1.16851386827583
YNL201C,0.23267063498497,-0.6367067694664,0.0288783104728797,0.0551861040198278,0.182310727487008,0.276947578291098,-0.739187775963464,-0.557602428168452
YNL197C,0.360050231218338,-0.447029829025269,0.0444565886428623,0.0546603688991262,0.284552365541458,0.43043127655983,-0.545837799662644,-0.36609617892198
YNL196C,0.00116020359564573,-3.04451322555542,0.000832473319379964,0.32552821214578,0.000180219367757672,0.00332521412832041,-3.74419911458025,-2.47818056182639
YNL194C,0.00226012617349625,-2.70858645439148,0.00120969997077575,0.242399184713787,0.000594681245759906,0.00531158149630452,-3.22571612101525,-2.27477633430418
YNL193W,0.135350778698921,-0.872297942638397,0.0176029038953604,0.0575301333016787,0.104618096165359,0.165276829029123,-0.980393191670961,-0.781788065640972
YNL192W,0.402142345905304,-0.39892366528511,0.0488229772715263,0.0540128674582593,0.318328807254632,0.471862064301968,-0.497124060221185,-0.326184945939136
YNL191W,0.164685621857643,-0.787842690944672,0.023515446262615,0.062831646945052,0.123682660423219,0.208797185992201,-0.907691189529327,-0.680275359717244
YNL189W,2.2329044342041,0.345412284135818,0.2779446124039,0.0552223840057695,1.75565587778886,2.6688443561395,0.244439394449382,0.426323246836703
YNL186W,0.280566990375519,-0.555426120758057,0.034937945722823,0.0552692613102382,0.220712162430088,0.333744105696678,-0.656173745054147,-0.476586398955404
YNL183C,0.16775518655777,-0.778759360313416,0.0208061478300507,0.0550473203142958,0.131503175199032,0.200442037234704,-0.88106376102565,-0.698011192728971
YNL182C,0.401040405035019,-0.400443494319916,0.0512193343249651,0.0565549803116416,0.312354956567287,0.484203305343787,-0.505351603553416,-0.314972255113138
YNL181W,0.437845945358276,-0.362526565790176,0.0576030503725901,0.058210786372823,0.337388064712286,0.538138866921266,-0.47187028626348,-0.269105642424128
YNL180C,0.350268512964249,-0.460112899541855,0.0501515102746553,0.0629542502801893,0.261430122206608,0.446014875173569,-0.582644406536276,-0.350650661345742
YNL178W,24.3557548522949,1.38096988201141,3.91215581385474,0.070225419984207,17.6081218242645,32.1409533818563,1.24571303421003,1.50705874788764
YNL176C,0.0957605615258217,-1.02250444889069,0.0123372434652359,0.0570233604937848,0.0740574003507694,0.116562873125076,-1.13043153766712,-0.933439756305086
YNL175C,1.45328545570374,0.158612281084061,0.188056972883907,0.0574288644559127,1.1140898168087,1.76792391041915,0.0469202045233993,0.247463562435604
YNL173C,0.413597017526627,-0.387381345033646,0.0553147877405954,0.0589788556674503,0.317006675402323,0.513981938362122,-0.498931593418315,-0.289052142108782
YNL169C,0.219420894980431,-0.662497103214264,0.0285766995090375,0.0576615465872771,0.169078636417786,0.26889855141441,-0.771911263507973,-0.570411550174586
YNL167C,0.120316945016384,-0.92326408624649,0.0152742769793875,0.0562597408734959,0.0933186876898011,0.145551971594493,-1.03003138328362,-0.836981908106631
YNL166C,0.495490223169327,-0.308701664209366,0.0641489219410297,0.0574101328197285,0.382664327571789,0.602636981010437,-0.417182044379668,-0.219944221258899
YNL165W,0.0766039788722992,-1.12035465240479,0.0110439896701359,0.0636561347953829,0.056820298700283,0.0967099235082666,-1.2454964892154,-1.0145290323702
YNL164C,0.172039434313774,-0.768766105175018,0.0242347726291997,0.0621610068492744,0.129187732934952,0.216631127273043,-0.888778722963146,-0.664279143521137
YNL163C,0.326829433441162,-0.488903701305389,0.0391934316484953,0.0533500337033938,0.25949718405803,0.38374724984169,-0.585867351950018,-0.415954723913085
YNL161W,0.309337317943573,-0.513111054897308,0.0389244949838415,0.0559307431923187,0.2412409397463,0.369081667810678,-0.617548988429289,-0.43287753126799
YNL156C,0.209548518061638,-0.683591306209564,0.0311481157934584,0.065446008240935,0.154262762640913,0.269615513334672,-0.811738908024308,-0.569255135243945
YNL155W,0.533552527427673,-0.277673780918121,0.0791887521001224,0.0652692129285012,0.39127342303594,0.690313213070234,-0.407519650389352,-0.160953815686813
YNL154C,0.977252721786499,-0.0135220400989056,0.122870466388052,0.0557816626763239,0.764438070356846,1.17076812883218,-0.116657703846479,0.068470891351046
YNL152W,0.166046306490898,-0.783814609050751,0.0224430671381064,0.0596170007944964,0.126372244954109,0.207077681645751,-0.898348300124751,-0.683866709812906
YNL151C,0.3924320936203,-0.412013977766037,0.0637637792975417,0.0711825273678106,0.278742199391127,0.521419370174408,-0.554797280473951,-0.282812850939628
YNL148C,0.0910344570875168,-1.04884099960327,0.0174742300605942,0.0840666999529929,0.0607904472077886,0.128642653425535,-1.21616468658679,-0.890615010707764
YNL141W,0.777968943119049,-0.11315605789423,0.10569443222188,0.060278700467746,0.588563576340675,0.965905939539273,-0.230206624186778,-0.0150651711996807
YNL138W,1.89571988582611,0.274276733398438,0.237427958115238,0.0555382653966785,1.48479974269867,2.27963410615921,0.171667883615791,0.357865143565882
YNL137C,0.319742739200592,-0.498858362436295,0.0410188279150196,0.0567611571072769,0.248501628388961,0.388848067571719,-0.604670824435135,-0.410220055420926
YNL136W,0.0839464664459229,-1.08044350147247,0.0119159535515589,0.0624919472662477,0.0630911439657211,0.106118519107501,-1.20003159791505,-0.974208819491323
YNL134C,1.0258264541626,0.00720841437578201,0.135493627252756,0.0583051428289574,0.788148393233617,1.26694631576538,-0.103392016855748,0.102758212916299
YNL132W,0.861317276954651,-0.0680685937404633,0.103489238146971,0.053409179578132,0.685772260030111,1.00764768918355,-0.163820087105979,0.00330871249751804
YNL130C,0.660290598869324,-0.18414831161499,0.0871220815696896,0.0585214446895564,0.503806115686893,0.807524085044861,-0.297736620319008,-0.0928445156270899
YNL129W,0.226650774478912,-0.650921523571014,0.0385701759851531,0.0740333707732323,0.159204877540469,0.307216240217288,-0.798043922232002,-0.512555950616853
YNL127W,0.0854438841342926,-1.07184171676636,0.0107319007734879,0.0557482484357388,0.0668855126947165,0.102465581210951,-1.17466793987149,-0.989421996770283
YNL126W,0.0812278836965561,-1.0938675403595,0.0102785833907268,0.0561085696222351,0.0635068488617738,0.0973387733101845,-1.19717945521137,-1.01171413115574
YNL124W,0.186978489160538,-0.731956660747528,0.0243050477872708,0.0574305651861934,0.145252716665467,0.227321267127991,-0.837875736435981,-0.643359931788136
YNL123W,0.618596196174622,-0.211958765983582,0.0758407929091159,0.0545088241844666,0.489358892540137,0.727060964206855,-0.310372515482095,-0.138429172361092
YNL119W,0.140207260847092,-0.857040524482727,0.0183387253423322,0.0579384780350378,0.107257368850211,0.171248891701301,-0.96957286661741,-0.766372238243389
YNL118C,0.494368761777878,-0.309187680482864,0.0594277140836455,0.0534664484996855,0.392661956946055,0.579279593626658,-0.405981174520467,-0.237111770236798
YNL117W,0.00248885527253151,-2.62373542785645,0.000756992580261762,0.131761289585172,0.00128814921093484,0.00420653226707751,-2.8900338801563,-2.37607583975831
YNL115C,0.224850073456764,-0.651747047901154,0.0287454486890663,0.0566287994371917,0.175314152613282,0.272419184446335,-0.75618302342721,-0.564762311569072
YNL108C,0.69132274389267,-0.165145620703697,0.102637665886687,0.0650213903469013,0.511724770069122,0.890794858336449,-0.290963560467841,-0.0502222988489373
YNL107W,0.208064571022987,-0.689443647861481,0.0391963929021154,0.0815970675388633,0.141546359409889,0.292636662721634,-0.849101444045835,-0.533671264607692
YNL106C,0.0770376101136208,-1.1167653799057,0.00958851494597672,0.0553170711809247,0.0604657138387362,0.091671490482986,-1.21849081631515,-1.03776572295317
YNL103W,0.201810747385025,-0.698623478412628,0.0255283873271037,0.0560795125086819,0.157707841446002,0.24203784763813,-0.802146713396501,-0.616116717758447
YNL102W,0.323214471340179,-0.493747800588608,0.0388265142332153,0.0534954690914167,0.256823509434859,0.377445292969545,-0.590365228503129,-0.423145989908624
YNL100W,0.282849222421646,-0.555464208126068,0.0507796979630319,0.0784066725370197,0.195937969038884,0.389694944769144,-0.707881420251143,-0.409275229075741
YNL099C,0.432550251483917,-0.371208071708679,0.0791107425543239,0.0795632036944747,0.2963696261247,0.598245239257812,-0.528166311860223,-0.223120770179676
YNL098C,1.84477853775024,0.261838793754578,0.250819799247137,0.0601182095122885,1.39139787952105,2.29478572010994,0.143451329817228,0.360742138710469
YNL097C,0.113218702375889,-0.950972080230713,0.0168387149745728,0.0655831806871247,0.0835732839380701,0.144834268838167,-1.07793256042259,-0.839128739912288
YNL095C,0.0840432122349739,-1.07923460006714,0.0109015595259927,0.0573306718537645,0.0650451757013798,0.102679172717035,-1.18678490926246,-0.988517639304899
YNL094W,0.0653072595596313,-1.18892467021942,0.00864328959669665,0.0584301831164089,0.0500361201353371,0.0805824806292852,-1.30071637988745,-1.09375936886695
YNL091W,0.21838852763176,-0.664167702198029,0.0269122077039094,0.0547513440112241,0.173090065891544,0.257894607633352,-0.761727861240461,-0.588557739437023
YNL088W,0.463058441877365,-0.337606847286224,0.0556849954797298,0.0535072387090031,0.367551673700412,0.541885975996653,-0.434681595294221,-0.266092088712974
YNL087W,0.495442688465118,-0.308269560337067,0.05984069482136,0.0536526428668416,0.393346983442704,0.582197775443395,-0.40522417766912,-0.234929458322637
YNL085W,0.886633813381195,-0.0556631647050381,0.109489916989877,0.0548260988831089,0.697120547294617,1.05404050151507,-0.156692116452763,0.0228572956897962
YNL084C,1.01391220092773,0.00193147454410791,0.137464248279139,0.0597983182826873,0.773385643959045,1.25992876887321,-0.111603893818726,0.100345992047517
YNL083W,0.0552747435867786,-1.26200354099274,0.00790969774085896,0.0631330991438023,0.0413763922018309,0.0699956529463331,-1.38324740139606,-1.15492893166585
YNL082W,0.12149154394865,-0.918980658054352,0.0152634303663566,0.0557529279690788,0.0948719944184025,0.145534418523312,-1.02286197063579,-0.837034285203156
YNL078W,0.241695880889893,-0.620847880840302,0.0329926124962486,0.0601363860657259,0.185243712986509,0.300586134195328,-0.732256546146652,-0.522031056953853
YNL077W,0.108557678759098,-0.968385756015778,0.0146674673330305,0.0596706179079131,0.0831386455645164,0.134636555115382,-1.08019705577222,-0.870837010457525
YNL075W,0.694185078144073,-0.163449138402939,0.103814265579779,0.0657696078683437,0.50836991717418,0.900317577521006,-0.293820248164174,-0.0456042899189163
YNL074C,0.419232338666916,-0.381302148103714,0.0545322692947984,0.0574955261928646,0.324493618309498,0.512953520814578,-0.488793843033145,-0.289921985100707
YNL073W,0.091060996055603,-1.04463672637939,0.0121665103235039,0.0591395153636969,0.0695663832128048,0.112158951349556,-1.15760062168523,-0.950166060042219
YNL068C,0.172670185565948,-0.766254723072052,0.021531053655306,0.0553126557430133,0.135469824075699,0.205636367946863,-0.868157433179972,-0.686900075830858
YNL065W,0.0813179090619087,-1.09381580352783,0.0109065310315962,0.0593972839556791,0.0619008429348469,0.100785719230771,-1.20830343702538,-0.996601000742291
YNL064C,7.2030873298645,0.853850126266479,0.925646100058114,0.0568104573778064,5.57337308724721,8.80683281421661,0.74611809005932,0.944819751682185
YNL062C,0.622712135314941,-0.209424823522568,0.0803952363927982,0.0571868960812475,0.479999658962091,0.757579849660396,-0.31875908547148,-0.120571585998773
YNL058C,0.342223644256592,-0.470470368862152,0.0503704714579488,0.0648067232206562,0.253942587226629,0.439301092674335,-0.595264460080075,-0.357237716656901
YNL055C,8.56247711181641,0.927906930446625,1.24884661868723,0.0641956279192582,6.34849488735199,10.8960100889206,0.802670762281422,1.03726747079567
YNL053W,0.0880134850740433,-1.05949223041534,0.011895059821837,0.0595973961656882,0.067188173532486,0.109488026735683,-1.17270716476745,-0.960633371298232
YNL051W,0.132057219743729,-0.88347977399826,0.0182640470713641,0.0611117245100058,0.0994160401945313,0.165487767507632,-1.00254353911287,-0.781234138018142
YNL050C,0.424983531236649,-0.377223193645477,0.0679713373404263,0.0700134367797729,0.307667881250381,0.562771538396676,-0.511917839221495,-0.249667874814357
YNL049C,0.217087358236313,-0.666800379753113,0.0269009952025075,0.0550825441055386,0.170651976391673,0.258188105126222,-0.767888721305732,-0.588063769804197
YNL048W,0.232403665781021,-0.637380540370941,0.0296395830755923,0.0565205979441339,0.179687073454261,0.281675104796886,-0.745483172452569,-0.550251537168453
YNL042W,0.0390434004366398,-1.41402590274811,0.00621975042057732,0.0699284149553188,0.0278353039175272,0.0513828066177666,-1.55540403252178,-1.28918218598038
YNL041C,0.191467553377151,-0.721352219581604,0.0237730929723929,0.0551457217714148,0.150668071086208,0.227888005351027,-0.821978809128291,-0.642278533328529
YNL040W,0.24176974594593,-0.620515942573547,0.032120582769139,0.0587076252791711,0.185840681195259,0.297249877949556,-0.730859211307262,-0.526878317723144
YNL037C,1.53772151470184,0.182820349931717,0.207967602062425,0.0597550291598158,1.17452119489511,1.90593136052291,0.0698608158139982,0.280107252177999
YNL035C,0.369612485170364,-0.43620640039444,0.0493695095939022,0.0589566022496774,0.283574987202883,0.45645647769173,-0.547332091040661,-0.340600625483647
YNL032W,0.21949365735054,-0.664114773273468,0.0349245966073736,0.069638599079561,0.157912118981282,0.290034364660581,-0.801584539099616,-0.537550564202418
YNL029C,0.04665482416749,-1.33551585674286,0.00660575524630715,0.0622036453146016,0.0350768931830923,0.0590755400558313,-1.45497888451918,-1.22859230540401
YNL027W,0.244972243905067,-0.614438593387604,0.0309186623565386,0.055988200396085,0.191753286495805,0.293523478507996,-0.717257188834839,-0.532357154752031
YNL026W,0.232319355010986,-0.637747585773468,0.0304816053090116,0.0581228686975101,0.178118538111448,0.283110606173674,-0.749290893802337,-0.548043860745419
YNL025C,0.0606714300811291,-1.22316980361938,0.0101652438403744,0.0735101249412992,0.0426845618834098,0.081891653376321,-1.3697291767158,-1.08676036356023
YNL024C,0.032885167747736,-1.49861574172974,0.00887678988152403,0.117107534941252,0.0184820980144044,0.0533168277392784,-1.73324907801256,-1.27313580754895
YNL023C,0.132957994937897,-0.879957735538483,0.0170661267832652,0.0568736990613495,0.102595490341385,0.16167799718678,-0.988871730057161,-0.791349079521179
YNL022C,0.29544922709465,-0.533202409744263,0.0379971392142488,0.0570017998245476,0.228831612939636,0.359933736920357,-0.640483978348761,-0.443777447607616
YNL021W,0.26801210641861,-0.575308799743652,0.0333931600154396,0.0552532761640009,0.210564345866442,0.320279734333356,-0.676615167905947,-0.494470540491076
YNL020C,0.0742276906967163,-1.13316833972931,0.00961809063338839,0.0573303246211284,0.0574756923131645,0.090639579296112,-1.24051579124015,-1.04268212022877
YNL016W,4.14502143859863,0.613973021507263,0.523986699099297,0.055918659248579,3.23654447595278,5.01512150764465,0.51008157161834,0.700281459658571
YNL010W,4.61586570739746,0.658592522144318,0.740722414845256,0.0705049781018265,3.30553902784983,6.07203412055969,0.519242279924676,0.783334203140454
YNL008C,0.120039038360119,-0.924359202384949,0.0154242249556794,0.0569588461240711,0.0928169606253505,0.145841736843189,-1.03237265730665,-0.836118208647603
YNL006W,0.271301478147507,-0.571269035339355,0.0396409214346631,0.0644429697359379,0.200673149898648,0.345354126642148,-0.697510739850653,-0.461735354373318
YNL005C,0.41158589720726,-0.389581978321075,0.0557239340151975,0.0595638553058902,0.314747488995393,0.510573882361253,-0.502037734056227,-0.291941404662055
YNL004W,0.443235337734222,-0.357159703969955,0.0579361673031308,0.057782231764811,0.342637904485067,0.541638944049676,-0.465164761186027,-0.266290117481236
YNL003C,0.113873288035393,-0.949449300765991,0.0186155952386717,0.0718084157783707,0.0808348545183738,0.150790517156323,-1.09240133946813,-0.821625970053182
YNL002C,1.37781238555908,0.134941652417183,0.191028270419881,0.0610941334929467,1.04408900241057,1.73155489166578,0.0187375212751324,0.238436178095383
YNL001W,0.392586916685104,-0.410156100988388,0.0532589141462604,0.0600283476799632,0.298744348436594,0.487831560025613,-0.524700304608333,-0.311730106946859
YNR001C,1.06899964809418,0.0253275502473116,0.1368084000526,0.0567138153778772,0.82843941450119,1.29871678352356,-0.0817392469427938,0.113514453025751
YNR002C,0.00499400356784463,-2.34140992164612,0.00211664174228316,0.191477120183056,0.00179486904429117,0.0100479442626238,-2.74596747846634,-1.99792278269347
YNR003C,0.433528900146484,-0.367297977209091,0.0605219089656771,0.0616147219390847,0.325818240642548,0.544858634471893,-0.487024605759084,-0.263716162370295
YNR006W,0.279793351888657,-0.556634426116943,0.0348674214733683,0.0553467788830017,0.218857302640875,0.33538618410627,-0.659838957928552,-0.474454832450061
YNR007C,0.179460793733597,-0.750972509384155,0.0269106893249214,0.0658626430182588,0.131500349069635,0.232891261577606,-0.881073094868138,-0.632846806526819
YNR008W,0.356703370809555,-0.451236039400101,0.0448947907774469,0.0559188216341233,0.278716295957565,0.427048355340958,-0.554837638256383,-0.369522946359645
YNR009W,0.325697630643845,-0.493293642997742,0.0545467092842889,0.073105016050127,0.231581065927943,0.436140016466379,-0.635296964329615,-0.360374131982308
YNR011C,0.119906954467297,-0.924676954746246,0.0150509000262579,0.0557536775766977,0.0935623555754622,0.143288932492336,-1.0288988540565,-0.843787352831237
YNR012W,0.20342743396759,-0.69538676738739,0.0265606969421269,0.0578257092966228,0.156855609640479,0.248669247205059,-0.804499948565831,-0.604377928482755
YNR013C,0.390398740768433,-0.411814838647842,0.047581041803353,0.0541436666746158,0.307607169697682,0.462851547449827,-0.512003546298547,-0.334558287910995
YNR019W,0.452100187540054,-0.348256558179855,0.0565725340656567,0.0554650412918077,0.35392527927955,0.541826797028383,-0.451088416770187,-0.26613951995106
YNR021W,1.60243511199951,0.201033666729927,0.208065571175893,0.057429908414319,1.24095191558202,1.95247578620911,0.093754953682187,0.290585656643587
YNR023W,0.124770008027554,-0.907669842243195,0.0162685921628101,0.0576841724697637,0.0965353800604741,0.151984095573425,-1.01531349057225,-0.818201856568977
YNR026C,0.395783632993698,-0.406280428171158,0.0513306185691469,0.057358240692553,0.306266294171413,0.482817515234152,-0.513900796473971,-0.316216985030769
YNR027W,0.148296654224396,-0.834042847156525,0.0227453799604148,0.0674125944195002,0.107818731851876,0.192572494099538,-0.967305857372692,-0.715405749675059
YNR028W,0.354230165481567,-0.454967319965363,0.0491712293479455,0.0610989275614018,0.269148762524128,0.444029072920481,-0.570007623088899,-0.352588600508095
YNR029C,0.229622513055801,-0.642908930778503,0.030468532251228,0.0588084459825558,0.175972681616743,0.281979225824277,-0.754554753298902,-0.549782886531544
YNR030W,0.408073008060455,-0.392852783203125,0.0517752928275474,0.0562579219756394,0.318239693343639,0.491239536305269,-0.497245653616944,-0.308706694719359
YNR031C,0.0995384678244591,-1.00538468360901,0.0122225769714126,0.0545919661032574,0.0787586989502112,0.117488423424462,-1.10370146981439,-0.930004926075137
YNR032W,0.138162583112717,-0.863840341567993,0.0191087229448628,0.0609617306603792,0.104202917404473,0.174154615898927,-0.982120202469283,-0.759065010689436
YNR033W,0.257505059242249,-0.592597782611847,0.0317046243767554,0.0546209492376293,0.20338486135006,0.305729961891969,-0.691681376274695,-0.514661999351011
YNR034W,0.252348005771637,-0.602495193481445,0.0359706008374457,0.0628594959709697,0.188572881494959,0.317978769044081,-0.724520837048646,-0.497601877557762
YNR035C,1.44994926452637,0.157345160841942,0.194795859813607,0.0593896318432666,1.10633099079132,1.79310191969077,0.043885078116046,0.253604974063414
YNR038W,0.298188805580139,-0.528852045536041,0.0364673422783407,0.0543052714016941,0.234051063656807,0.356249034404755,-0.630689380858982,-0.448246304115378
YNR039C,0.10979300737381,-0.963143944740295,0.01418863251063,0.0572501875898253,0.0846434216946363,0.134009149422248,-1.07240680501339,-0.872865551013348
YNR040W,0.12140991538763,-0.922276675701141,0.020995926024632,0.0756425807946675,0.0848296162982782,0.165379256010056,-1.0714525704272,-0.781518966158044
YNR043W,1.86687541007996,0.26750186085701,0.238037422375595,0.0564008541808742,1.45334061781565,2.27856132388115,0.162367409961402,0.35766071916775
YNR044W,0.357178658246994,-0.450524985790253,0.0441578151136297,0.0548257464048926,0.280935679624478,0.427216653774182,-0.551393100908957,-0.369351827858802
YNR048W,0.0877161845564842,-1.06157279014587,0.0127188871732726,0.0639843037538516,0.0650432799011469,0.111316546611488,-1.18679756693711,-0.953440291202837
YNR051C,0.401561468839645,-0.399788588285446,0.050629333528432,0.0558427006336587,0.313632809619109,0.485029500474532,-0.503578511551822,-0.314231848150559
YNR052C,0.405238687992096,-0.396076172590256,0.0528512009448297,0.0577675344896034,0.311705987155437,0.495963937044144,-0.506254886761289,-0.304549901638874
YNR055C,0.206739813089371,-0.688239514827728,0.026509705575279,0.0568204585853303,0.160423466811577,0.249146070455511,-0.794732102738435,-0.603545958960453
YNR057C,0.0275996252894402,-1.57631957530975,0.00790727303051848,0.122511375875826,0.0152159918875744,0.046205828525126,-1.8176999372848,-1.33530332420877
YNR058W,0.00367309525609016,-2.4511399269104,0.00100050407281821,0.119635348243871,0.00200051907449961,0.00595635533488045,-2.698857303365,-2.22501958238966
YNR060W,0.0305546149611473,-1.51908659934998,0.00418684400564568,0.0605211876400186,0.0231938555991898,0.0380290035468837,-1.63462708672093,-1.41988505407073
YNR062C,0.00674798805266619,-2.18894910812378,0.00195002058837515,0.126801201810598,0.00355380588249924,0.0112395908683538,-2.44930650320821,-1.94924950285428
YNR063W,0.0408354550600052,-1.39328932762146,0.00570432206836117,0.0616986772483884,0.0306537318198631,0.0511105857168635,-1.51351670275426,-1.29148915612479
YNR064C,0.0114216860383749,-1.9607355594635,0.00331479578022111,0.128197469801602,0.00595857019846638,0.0188078805804253,-2.22485793982778,-1.72566014140263
YNR067C,1.21278560161591,0.0805540084838867,0.14570317178884,0.0533889068164335,0.966312348842621,1.42059387664,-0.014882473892423,0.152469938346027
YNR069C,0.00231080828234553,-2.65967273712158,0.000754326807435731,0.144960449205592,0.0010801553085912,0.00403139553964138,-2.96651394105322,-2.3945445890322
YNR071C,0.00587687361985445,-2.25223088264465,0.00183968843041253,0.138126037796575,0.00284740909507188,0.0101226355880499,-2.54555013542064,-1.99470639762097
YNR074C,0.220807760953903,-0.660348117351532,0.0309779105037472,0.0619560577617215,0.165664685890079,0.27836451853315,-0.780770069074524,-0.555386122900631
YNR075W,0.0653611049056053,-1.18985390663147,0.0100169435938322,0.0674194084525213,0.0476206392670671,0.0847965909168124,-1.32220478035593,-1.07162160739019
YOL158C,0.70451956987381,-0.155585765838623,0.0879347743304664,0.0553751272922327,0.551967864235242,0.845465830465158,-0.258086207382466,-0.0729039415587636
YOL152W,0.165984392166138,-0.783555924892426,0.0211532265869892,0.0565097896790917,0.128411708027124,0.201126857101917,-0.89139538579748,-0.696529932839628
YOL151W,0.882422745227814,-0.0584635436534882,0.120722779275621,0.0603161866322584,0.669663272301356,1.10571707983812,-0.17414351950504,0.0436440180837853
YOL148C,0.135427325963974,-0.871988296508789,0.0174466037508334,0.0570526163856687,0.104880806058645,0.164020179832975,-0.979303984512749,-0.785102733452056
YOL145C,0.453064173460007,-0.347130358219147,0.0549227410630738,0.0538923840035227,0.360074192285538,0.532874953746796,-0.44360800484264,-0.273374692168363
YOL144W,0.262516766786575,-0.584705591201782,0.0345920231233282,0.0583230001835692,0.202154701451461,0.320797344793876,-0.694316155646501,-0.493769237325041
YOL142W,0.464048981666565,-0.339614003896713,0.0777883159204715,0.0737124477872588,0.323268591612577,0.622431667149067,-0.49043649890349,-0.205908320777754
YOL141W,0.136583551764488,-0.868202447891235,0.0173550774620644,0.0563451731711546,0.106674904500445,0.16446271724999,-0.971937737607869,-0.783932539295012
YOL140W,0.0588968507945538,-1.23481869697571,0.00877195629075347,0.0657685883131526,0.0431739360714952,0.0756793952857454,-1.36477835606039,-1.12102235818336
YOL136C,0.210484549403191,-0.681005537509918,0.0290670680101606,0.0609598649077388,0.159473969911536,0.263641327619553,-0.797310228288762,-0.578986510048122
YOL128C,0.0574009232223034,-1.24662733078003,0.00914183783139269,0.0697060799366773,0.0414582645520568,0.0754121826340755,-1.38238893396977,-1.1225584966236
YOL126C,0.613527953624725,-0.216125637292862,0.0819158110798059,0.0590550700060612,0.471035099277894,0.757025073468685,-0.326946730128835,-0.120889751060196
YOL125W,0.125735148787498,-0.904666125774384,0.0171587864712039,0.0602259069302659,0.0950963229561845,0.156868129968643,-1.02183628833015,-0.804465280662004
YOL124C,0.449632316827774,-0.350981503725052,0.0590017991666784,0.0581722276719454,0.34363083516558,0.551691190401713,-0.463907874966085,-0.258303956968383
YOL123W,1.63904237747192,0.210980206727982,0.208356001733308,0.0564336241595744,1.27834069728851,1.97126019001007,0.106646615350908,0.294743951335669
YOL122C,0.228718817234039,-0.644279658794403,0.0290276074141477,0.0561471439110119,0.178949058055878,0.276218563318253,-0.74727058328801,-0.558747137937784
YOL119C,0.23997937142849,-0.623593866825104,0.0312193658925377,0.0575967344253625,0.184781943137447,0.293287647515535,-0.733340472436538,-0.532706245084092
YOL116W,0.166293635964394,-0.783465802669525,0.0233116046903622,0.0617555203184341,0.125527917593718,0.209790294617414,-0.901259695731267,-0.678214607218224
YOL115W,0.197880372405052,-0.707245230674744,0.0253426954536404,0.0566790795507236,0.153616013377905,0.240058992554744,-0.813563513377335,-0.619682030700523
YOL110W,0.0588011592626572,-1.24391734600067,0.0146674331047858,0.107869412424445,0.0349872894585133,0.0913054557517171,-1.45608970195289,-1.03950328138881
YOL107W,0.244711250066757,-0.615769505500793,0.0346973472683368,0.0622730885768567,0.184685187662641,0.310703512032827,-0.733567948212243,-0.507653839430341
YOL105C,0.0187895242124796,-1.73190021514893,0.00306215779145117,0.0714033725793167,0.0134225847820441,0.0250482372163484,-1.87216385864188,-1.60122283610531
YOL104C,0.00154335575643927,-2.87500953674316,0.000826285360906849,0.244729932988636,0.000398468074369399,0.00351041882531717,-3.39960687020545,-2.4546411963898
YOL103W,0.147225975990295,-0.835831463336945,0.0192587075982983,0.0580211917783656,0.113131080629925,0.179932544132074,-0.94641806447844,-0.744890286702003
YOL102C,0.229094967246056,-0.648110568523407,0.0445572421695859,0.0841849034501208,0.153440397356947,0.327567073702812,-0.814060320932214,-0.484699824318749
YOL101C,0.153264716267586,-0.819937884807587,0.0240076219924031,0.0687001691201456,0.111037639218072,0.202668613692125,-0.954529784244931,-0.693213516981387
YOL100W,0.0659504309296608,-1.18441581726074,0.00840762738949388,0.0565947231559771,0.0513527493613462,0.0795815564071139,-1.289436299873,-1.09918757518589
YOL098C,0.581228196620941,-0.238992795348167,0.0709353220968714,0.0543013761219008,0.45975399017334,0.684263798594475,-0.337474492861514,-0.164776436239952
YOL097C,1.5968154668808,0.199587658047676,0.205181159521366,0.0567966851633984,1.23782299359639,1.94196091691653,0.0926585457331712,0.288240484297902
YOL096C,0.164223477244377,-0.789548933506012,0.0247746059438563,0.0660766105433203,0.121667341950039,0.214068055152893,-0.914825987952133,-0.669448136563218
YOL095C,0.0427870713174343,-1.37268829345703,0.00575151547769057,0.0593241408671534,0.0326901227235794,0.053194971041133,-1.48558344901054,-1.27412946296448
YOL094C,0.378112882375717,-0.426709532737732,0.0530136339192897,0.0616425541840564,0.285805658002694,0.480869276573261,-0.54392919949964,-0.31797297321657
YOL093W,0.30625057220459,-0.518813669681549,0.0455571814460994,0.0655719825332426,0.224078193306923,0.392095579952002,-0.649600405791044,-0.406608053424645
YOL092W,0.71552586555481,-0.149865448474884,0.101998763082463,0.06283639737921,0.530495663483938,0.907031874855359,-0.275318161990766,-0.042377455105414
YOL091W,0.00307210418395698,-2.5276825428009,0.000806717580044871,0.115873262932482,0.00169633177574724,0.00491023804449166,-2.77048920261903,-2.30889745558017
YOL090W,0.386959791183472,-0.415716260671616,0.0475912164347517,0.054627986439233,0.304433228820562,0.457663983106613,-0.516507946503613,-0.33945326400601
YOL088C,0.547039210796356,-0.267067432403564,0.0831276001245725,0.0668250230966108,0.400552544246117,0.707668764392535,-0.397340505510735,-0.150169974912205
YOL087C,0.120173916220665,-0.923515439033508,0.01466832053303,0.0541711253308802,0.0949287900080284,0.142506577943762,-1.0226020595147,-0.846165089968172
YOL084W,0.00113435811363161,-2.9661545753479,0.000348834817552479,0.137016007294428,0.00056372624579429,0.00191307881808219,-3.24893176641295,-2.71826714400153
YOL083W,0.0362170338630676,-1.44682371616364,0.00586355390639852,0.0709044388261919,0.0260995637470235,0.0478939302265644,-1.58336677000038,-1.31971952283057
YOL082W,0.129965543746948,-0.89033055305481,0.0177833846639137,0.0604904300091253,0.0985371032729745,0.161759436130524,-1.00640023046743,-0.791130375636784
YOL080C,0.23842266201973,-0.627566874027252,0.0356674724721259,0.0656401324422799,0.1759307872504,0.307670139024655,-0.754658156434386,-0.51191465539638
YOL078W,0.0558956414461136,-1.25626540184021,0.00713640703905531,0.0566892497398283,0.0435941591548423,0.0671247780323029,-1.36057169701088,-1.1731171376113
YOL076W,0.359907239675522,-0.447180807590485,0.0441544444153881,0.0545630550507861,0.28296255171299,0.426439401259025,-0.548271043656014,-0.370142675091858
YOL073C,0.106510058045387,-0.977527558803558,0.0159208847955583,0.0657379730537449,0.0782944630210598,0.136638581752777,-1.10626895131087,-0.864426654413702
YOL072W,0.0643850192427635,-1.19558846950531,0.00905050412269503,0.0620322512628716,0.0483406843307118,0.081463261321187,-1.31568720772907,-1.08903821259326
YOL070C,0.532921135425568,-0.276912719011307,0.0675675065457747,0.0561103435674166,0.41645346780618,0.647089802225431,-0.380433540960853,-0.189035445756757
YOL069W,0.148925334215164,-0.831046760082245,0.0200364648913513,0.0594369517263713,0.113581922960778,0.184891522303224,-0.944690831952595,-0.733083002429107
YOL066C,0.146489575505257,-0.837828397750854,0.0187258713537594,0.0565756145179479,0.113117158288757,0.177832683796684,-0.946471524786883,-0.749988417266375
YOL065C,0.16188970208168,-0.795211911201477,0.0229237191590203,0.0624012558204962,0.121769778430462,0.204090629642208,-0.914460484194762,-0.690176934578753
YOL064C,0.767537832260132,-0.118982471525669,0.104222488843833,0.0599178937872598,0.583171124259631,0.954351691404978,-0.234203988267979,-0.0202915531458074
YOL062C,0.184271857142448,-0.738435864448547,0.0244163130676544,0.0585540517794128,0.14191874290506,0.227092606325944,-0.847960244451122,-0.643797006154532
YOL060C,0.24646320939064,-0.611745834350586,0.030856024848492,0.0555508575071436,0.192868226518234,0.295758166909218,-0.714739362764177,-0.529063254697437
YOL058W,0.269571602344513,-0.573168933391571,0.0354217990728035,0.058192570500629,0.206744328886271,0.33038846651713,-0.684566397854157,-0.480975156932476
YOL057W,0.55020672082901,-0.262910932302475,0.0682359876147316,0.0550534085521302,0.432371773570776,0.655350383619467,-0.364142666739461,-0.183526443773554
YOL056W,0.22936125099659,-0.644407153129578,0.034325584607371,0.065756366581048,0.169682711362839,0.294454682370027,-0.770362404837373,-0.530981692482136
YOL055C,0.0918862968683243,-1.04054808616638,0.012011107278007,0.0578124950866439,0.0711885609353582,0.112593808832268,-1.14758978682128,-0.948485489277236
YOL052C,0.611403107643127,-0.21754452586174,0.0806779089859361,0.0583849185586457,0.4686259329319,0.749562360843023,-0.329173681984054,-0.125192230143807
YOL051W,0.35257288813591,-0.456112802028656,0.0432278585642985,0.0544827387250626,0.277779221534729,0.418419028321902,-0.556300243516716,-0.378388575266707
YOL049W,0.5700803399086,-0.247573241591454,0.0715260225409096,0.0556042270133182,0.446606180071831,0.685570309559504,-0.350075275969808,-0.163947999501481
YOL048C,0.0610433518886566,-1.2199444770813,0.00973543215900622,0.0699827422108907,0.0439530424773693,0.0809609578922391,-1.35701105721365,-1.09172438663969
YOL047C,0.0052839214913547,-2.29742431640625,0.00162456411389028,0.134208064847443,0.00268739908739614,0.00896866697973261,-2.57066889726055,-2.04727214963543
YOL044W,0.100139148533344,-1.00378811359406,0.0141184115451158,0.0620856688950737,0.0753249685590466,0.126979514956474,-1.12306104587601,-0.896266336201098
YOL043C,0.0276112053543329,-1.56530570983887,0.00470023221945702,0.0750382690844473,0.0191033392523726,0.036931259650737,-1.71889079680484,-1.43260591373674
YOL042W,0.108217664062977,-0.970220685005188,0.0155060719887384,0.0629536844208801,0.0808570384979248,0.137694492936134,-1.0922821693536,-0.861083428917188
YOL041C,1.11818277835846,0.0448345243930817,0.143787849926881,0.0569129677472833,0.869195844233036,1.35707427958647,-0.0608823599020053,0.132603618316615
YOL033W,0.0657875761389732,-1.18607115745544,0.00905021711569303,0.0609751539935202,0.0496795541917284,0.0820476327712337,-1.30382231577789,-1.08593394477815
YOL032W,0.384074956178665,-0.422246694564819,0.0671869936358422,0.0763710913672531,0.269798926015695,0.527418348193168,-0.568959918318929,-0.277844787712819
YOL031C,0.305999457836151,-0.518153607845306,0.0404767013023557,0.058360276384427,0.236175913363695,0.377202232430379,-0.626764413126581,-0.423425745760957
YOL030W,1.58812832832336,0.197397992014885,0.198688212033148,0.0554479305558423,1.24203295210997,1.91496419807275,0.0941331170904291,0.282160655835976
YOL028C,0.296795785427094,-0.534599483013153,0.0537051154362417,0.0784181281310252,0.20731857419014,0.408823996782303,-0.683361786633027,-0.388463620299296
YOL027C,0.59832501411438,-0.226509645581245,0.0744160082455063,0.0551060598970007,0.469400985042254,0.71878981590271,-0.328456003694182,-0.14339808477479
YOL023W,0.0448668897151947,-1.35200583934784,0.00597389478132046,0.058771456017864,0.034394629423817,0.0554135512871047,-1.46350949295915,-1.25638403706104
YOL022C,0.554300010204315,-0.260160148143768,0.0735407909448335,0.0586105124020738,0.423903419822454,0.682050350308418,-0.372733104569807,-0.166183563812438
YOL021C,0.578989624977112,-0.240553617477417,0.0695480674593428,0.0533402176965759,0.461102346579234,0.681373930474122,-0.336202672723237,-0.166614502976189
YOL020W,0.248830050230026,-0.607653439044952,0.0314339720967646,0.0559614752291362,0.193956515565515,0.299401580790679,-0.712295632728558,-0.523745914893123
YOL019W,0.274118512868881,-0.565637111663818,0.0346574162823575,0.0561691569989157,0.21302296432356,0.330316817015409,-0.671573576510122,-0.481069317293198
YOL018C,0.207624197006226,-0.686767935752869,0.0279808676315249,0.0597094217020923,0.156828582286835,0.256843961775303,-0.804574783499627,-0.590330642133012
YOL016C,0.285777688026428,-0.54777067899704,0.0373375163377074,0.0578644305013143,0.220860593020916,0.349758113672336,-0.65588178946852,-0.456232224556373
YOL015W,0.000954138638917357,-3.05843830108643,0.000398341297071592,0.186128157550449,0.000355096823477652,0.0018821543965411,-3.44965322352874,-2.72534490660739
YOL013C,0.140369340777397,-0.856603682041168,0.0185219002893415,0.0584453909915121,0.10843128785491,0.171267531315486,-0.96484544020858,-0.76632503748327
YOL011W,0.0658898651599884,-1.18505668640137,0.00870661050262646,0.0583952003398311,0.0503367632627487,0.0811622853701313,-1.29811471374437,-1.09064573341326
YOL009C,0.0711331740021706,-1.1553258895874,0.013160614897927,0.0803506911049244,0.0487678867764771,0.099072091281414,-1.31186606311308,-1.00404866952595
YOL006C,0.447577685117722,-0.352503448724747,0.0549427932438068,0.0545436273664971,0.352974336097638,0.530153418083986,-0.452256872770126,-0.275598434360937
YOL003C,0.152955114841461,-0.819820582866669,0.0215118811914501,0.062119967678965,0.114849284291267,0.193458924690882,-0.939871706862701,-0.713411230984081
YOL001W,0.0429323390126228,-1.37513589859009,0.00820960917884288,0.0832024424260756,0.0292649529874325,0.0605165121145546,-1.53365216921989,-1.21812611207558
YOR001W,0.346756458282471,-0.463359862565994,0.042674771259848,0.0546353039969151,0.273492127656937,0.412096798419952,-0.563055170114307,-0.385000759496157
YOR002W,0.24731633067131,-0.610410869121552,0.0317176201400686,0.0568276618064682,0.19192975734671,0.300771196931601,-0.716857696499519,-0.521763759645437
YOR004W,0.659241855144501,-0.186479717493057,0.104837506558896,0.0695336973638262,0.47741028914849,0.874451821049054,-0.321108228946569,-0.0582641311868294
YOR005C,0.0391116924583912,-1.41155064105988,0.00515755640613293,0.0582201011273647,0.0301895723522951,0.0480284435674548,-1.5201430411306,-1.31850148758432
YOR007C,3.66454696655273,0.559929072856903,0.497289732822877,0.0600222287532362,2.7818032125632,4.53730058670044,0.444326398001535,0.656797551252779
YOR008C,0.495110929012299,-0.309339553117752,0.0666739907593915,0.0597120810305271,0.377229850739241,0.611145316561063,-0.423393948407948,-0.213855515806551
YOR009W,0.0388923957943916,-1.41516697406769,0.00587767577987525,0.0664655792045427,0.0285599495905141,0.0502839320339262,-1.54424264737076,-1.2985707693492
YOR017W,0.0650519356131554,-1.19042551517487,0.0083689554743723,0.056993415527108,0.0503992244290809,0.078892083466053,-1.29757614935477,-1.10296657462211
YOR018W,0.126996368169785,-0.899722576141357,0.0159210621133311,0.0557022068602077,0.0991549116869768,0.151908415059249,-1.00368576798899,-0.818418169020104
YOR022C,0.0784889385104179,-1.10892581939697,0.0101835449462767,0.0573094664994679,0.0608372847549617,0.0957267011826237,-1.21583017827881,-1.01896692440764
YOR023C,0.211950019001961,-0.677507221698761,0.0274602990428942,0.0574212906282234,0.163664318993688,0.257968297352393,-0.786045994485679,-0.588433663175277
YOR025W,0.195192366838455,-0.713587820529938,0.0263328030024959,0.0597486367421769,0.14875742358466,0.241075781360269,-0.827521352159021,-0.617846417027157
YOR026W,0.0672758519649506,-1.17789030075073,0.0108596491950567,0.0711345664168958,0.0483097717165947,0.0884352430701256,-1.31596501519738,-1.05337464330143
YOR032C,0.000757575151510537,-3.19317960739136,0.000439915342432228,0.261158457304968,0.000171702453978166,0.00182643652466747,-3.76522371100257,-2.73839550046
YOR033C,0.0689972341060638,-1.16506338119507,0.00912416936271724,0.0585909743446319,0.0531312008698781,0.0845926284790039,-1.27465036852253,-1.07266748687833
YOR034C,0.112269885838032,-0.953393459320068,0.0143835172448163,0.0567507372329841,0.0873298048973083,0.13582413084805,-1.05883751009364,-0.867023069429494
YOR035C,0.163903117179871,-0.788911879062653,0.0205466599314914,0.0555162831426347,0.128807872533798,0.19685698437194,-0.89005759277199,-0.705849172139808
YOR037W,0.102284371852875,-0.994933307170868,0.0150280994935359,0.0644954990042785,0.0764679299667478,0.131297022104263,-1.11652069607917,-0.88174512385989
YOR038C,0.133216708898544,-0.878909170627594,0.0166147027534881,0.0552623268357431,0.105077657972773,0.159718319773674,-0.978489637178415,-0.796645267203345
YOR040W,0.122238621115685,-0.919061064720154,0.0207163933811956,0.0741055183229506,0.0857203140854836,0.164665169393023,-1.06691625607314,-0.783398255235654
YOR042W,0.595847189426422,-0.228669941425323,0.0779606043166944,0.0578843807219632,0.458135675638914,0.732162638008594,-0.339005888198964,-0.135392442911683
YOR043W,0.253341197967529,-0.600111424922943,0.0332207247426574,0.0579582963113669,0.196440886209408,0.311297601213058,-0.706768205577069,-0.506824234770465
YOR046C,1.84285056591034,0.261848032474518,0.235533647814279,0.0566518603888653,1.43310737609863,2.23190224170685,0.156278731290638,0.348675167814214
YOR047C,0.141832202672958,-0.852177858352661,0.0189337041035894,0.0589884221349557,0.107950210633377,0.175888453175624,-0.966776522037537,-0.754762672312556
YOR048C,0.370735853910446,-0.43428760766983,0.0453864286841748,0.054379969416369,0.293899744749069,0.438609809925159,-0.531800791110507,-0.357921659141399
YOR049C,0.0737927332520485,-1.13738751411438,0.0115655210664597,0.0688399351132701,0.05341832395643,0.0964015611136953,-1.27230976024937,-1.01591594989549
YOR051C,0.894629418849945,-0.0521695986390114,0.117078941448516,0.0579568521064025,0.687098964055379,1.0929742962122,-0.162980725982869,0.0386099462032413
YOR054C,0.109008133411407,-0.966179609298706,0.0139245176695047,0.0566179193006196,0.084800063384076,0.131964950760206,-1.07160382479266,-0.879541401642121
YOR056C,0.496447116136551,-0.307938575744629,0.0648472181794496,0.0579980068877866,0.3815287279586,0.603489796817303,-0.418472764533956,-0.21933006971888
YOR057W,0.323997408151627,-0.493415385484695,0.0432944323182978,0.0589929452884579,0.246551285187403,0.39969305768609,-0.608092737450939,-0.398273400773312
YOR058C,0.126903057098389,-0.900011599063873,0.0158574519759117,0.0554130503725946,0.0994107751796643,0.151526429504156,-1.00256653985085,-0.819511610154912
YOR059C,0.057254821062088,-1.2468718290329,0.00836112200505886,0.0641091734966446,0.0426369278381268,0.0735682201261322,-1.37021410779932,-1.13330975391598
YOR061W,0.674812912940979,-0.175028264522552,0.093082335350785,0.0608471798645187,0.51184237052997,0.843055155376593,-0.290863766057877,-0.0741440117835628
YOR063W,27.8848991394043,1.44165575504303,3.60170906083133,0.0571878528518943,21.5901357809703,33.991325378418,1.33425537314368,1.53136809877874
YOR065W,0.479777932167053,-0.323781996965408,0.0709209179245319,0.0650920018116104,0.355596929788589,0.615342009067535,-0.44904199736895,-0.210883495935972
YOR066W,0.142747417092323,-0.849043369293213,0.0182006726242534,0.0563848285272337,0.111240550192694,0.17297358425955,-0.953736871827189,-0.76202021844568
YOR067C,0.334079086780548,-0.479692369699478,0.0420865396145339,0.0558686637157935,0.26036606306831,0.402776904900869,-0.584415626608014,-0.394935440705469
YOR069W,0.329549670219421,-0.485465586185455,0.0406351178893589,0.0546246043479817,0.259937161952257,0.393631472438574,-0.585131627304939,-0.404910195130308
YOR070C,0.107865296304226,-0.970801472663879,0.0138557177612141,0.0570006622467606,0.0831539240976175,0.130759157488743,-1.08011725918185,-0.883527888626787
YOR075W,0.15574423968792,-0.812066674232483,0.0221748768759965,0.0627320905164963,0.116676636040211,0.196597598368923,-0.933016100721322,-0.706421792049886
YOR076C,0.122467003762722,-0.915517091751099,0.0154368666616861,0.0557792250281715,0.0959860696767767,0.147643466790517,-1.01779180415507,-0.830785765843204
YOR077W,0.17977611720562,-0.755090653896332,0.0385882361209727,0.0924547494010965,0.114817953420182,0.265574312955141,-0.939990234669386,-0.575813956213171
YOR079C,0.199463129043579,-0.704965889453888,0.0296064157315633,0.0650443107904562,0.148346109812458,0.257602244615555,-0.828723841849943,-0.589050357073474
YOR083W,0.137438386678696,-0.867409944534302,0.0218298669968507,0.069511024608828,0.0990230965117613,0.180604754015803,-1.00426363243861,-0.743270824178914
YOR084W,0.00384974176995456,-2.43823981285095,0.00127606207397477,0.145272961487776,0.00179530424065888,0.00682665488372246,-2.7458619432734,-2.16579220184921
YOR085W,0.912584006786346,-0.0436959527432919,0.122145198740046,0.0590698154683588,0.695655248065789,1.12618017196655,-0.157605934291175,0.051607876688777
YOR086C,0.624368906021118,-0.2078016102314,0.0750936154889392,0.0535135413202762,0.494783357530832,0.732047015925248,-0.305584917454083,-0.135461025641424
YOR087W,0.244033232331276,-0.615999937057495,0.0303094826196891,0.0551733210529994,0.190451315542062,0.291757307946682,-0.720216023165539,-0.534978256960982
YOR090C,0.242333620786667,-0.619182705879211,0.0308257224286984,0.0562680462194711,0.189023749281963,0.292703235149384,-0.723483627250671,-0.533572485959423
YOR091W,1.20352077484131,0.0764951258897781,0.160689362180937,0.0590326579741619,0.916015900671482,1.49430084228516,-0.0380969948945199,0.174438041248735
YOR092W,0.122586704790592,-0.91516387462616,0.0156022046186676,0.0563734944867048,0.0953857585166891,0.148604280004899,-1.02051646691632,-0.827968697036902
YOR098C,0.396007537841797,-0.405584245920181,0.0480042740710509,0.0538644115169785,0.31429872935017,0.465163318564494,-0.50265737753953,-0.33239454451206
YOR099W,1.61840260028839,0.205294340848923,0.211388344566806,0.0577935896695408,1.24382515947024,1.98128716945648,0.0947593338345034,0.296947427097132
YOR100C,0.00372696411795914,-2.45667433738708,0.001334678108795,0.159122930834293,0.00158302399407451,0.00677283410914242,-2.80051258154584,-2.16922956587414
YOR101W,0.34015879034996,-0.472598493099213,0.0473070474464371,0.0613615255609161,0.256388574838638,0.427862789233525,-0.591101331708166,-0.368695510550651
YOR106W,0.19261334836483,-0.720508277416229,0.029530092655379,0.067589343110081,0.139940246939659,0.249925610050559,-0.854057364063747,-0.602189283522277
YOR107W,0.00901867728680372,-2.05882859230042,0.00229024743130329,0.110909398139574,0.00520125078037381,0.0140812415629625,-2.28389220603927,-1.85135905114762
YOR109W,0.412528961896896,-0.387854039669037,0.0501105881149522,0.0540616958446727,0.327421367168427,0.483486625303825,-0.484892982405613,-0.315615535448294
YOR110W,0.247870877385139,-0.609629809856415,0.0326696981113488,0.0582187454013239,0.19027637951076,0.305127259840568,-0.720615297841751,-0.515518992680966
YOR112W,0.257525116205215,-0.592588841915131,0.0317833525405013,0.0548500451084669,0.202390816435218,0.307019918660323,-0.693809198200744,-0.512833447999143
YOR113W,0.125200405716896,-0.906055450439453,0.0160018506944866,0.0568449286103547,0.0975539573778709,0.150095056618253,-1.0107551563091,-0.823633611102439
YOR114W,0.0798202678561211,-1.10408639907837,0.0134302093652452,0.0737271876584019,0.0559018276631832,0.107753015123308,-1.25257400768617,-0.967570568744239
YOR115C,0.194464892148972,-0.716476023197174,0.0303213150455912,0.0682356941701856,0.140389240408937,0.257089773813883,-0.852666182467181,-0.589915198476854
YOR116C,0.540645658969879,-0.270285874605179,0.0645633030344791,0.0531586362611772,0.431710267812014,0.63094370563825,-0.364807622785218,-0.200009388071372
YOR117W,1.59176361560822,0.19834691286087,0.200543459115326,0.055766365088177,1.24544141391913,1.92427432537079,0.0953233021605029,0.284266985322477
YOR118W,0.140125274658203,-0.857324719429016,0.0183881616711552,0.0581914622027501,0.107611998915672,0.170877472559611,-0.96813930141746,-0.767315197788518
YOR119C,0.200650662183762,-0.701446890830994,0.0265482814070644,0.0584821213893919,0.154826502005259,0.246606018021703,-0.810154698463957,-0.60799640470826
YOR120W,0.101586870849133,-0.998456180095673,0.0157549167645814,0.0681969279219076,0.073673360918959,0.131851666420698,-1.13268971277088,-0.879914419059344
YOR123C,0.691764652729034,-0.16356685757637,0.0870346106654282,0.0557351139923022,0.539755284786224,0.836486833790938,-0.267803096761663,-0.0775409016111979
YOR124C,0.407677054405212,-0.39294707775116,0.0492045791790559,0.0536767091926987,0.324741721153259,0.477187396585941,-0.488461911858587,-0.321311037374576
YOR125C,0.292145311832428,-0.542705595493317,0.057297681453003,0.085182717129912,0.193619236846765,0.415087105085452,-0.71305152289002,-0.381860762530497
YOR126C,0.187802106142044,-0.733228921890259,0.0335732527095117,0.0778276566696398,0.130525610099236,0.257828139762084,-0.88430427114254,-0.588669706373471
YOR127W,0.100322291254997,-1.00215375423431,0.0126306976784994,0.0559905790454833,0.0784033734351397,0.119948629227777,-1.10566525552891,-0.92100471207717
YOR128C,0.859872460365295,-0.0689583495259285,0.105941476866815,0.0546976616478511,0.67303825567166,1.02490275601546,-0.171960249851051,0.0106826484966529
YOR130C,0.0800207108259201,-1.10312569141388,0.0135920912933694,0.0745531192120118,0.0563337951898575,0.107483895309269,-1.24923098949798,-0.968656656220339
YOR132W,0.314688056707382,-0.505678713321686,0.0397634206022201,0.0559961052725933,0.244923382004102,0.379646919419368,-0.610969758091738,-0.420620122193157
YOR134W,0.00137084489688277,-2.91049957275391,0.000642015194862443,0.208674995087692,0.000435083502331205,0.00291569295222871,-3.36142744727002,-2.53525839442164
YOR136W,2.60938286781311,0.412640184164047,0.345560960579595,0.0585729363349736,1.99757440884908,3.20417261123657,0.300502848394996,0.505715903819296
YOR138C,0.186652928590775,-0.732454657554626,0.0233832852346548,0.0554197622288492,0.146506783738732,0.225855375950535,-0.834142265660845,-0.646169567825316
YOR140W,0.102889589965343,-0.991243481636047,0.0131099901335994,0.0564353136261442,0.0802755555137992,0.124124810099602,-1.09541669248662,-0.906141402929659
YOR142W,1.81951975822449,0.25597020983696,0.244425134821068,0.0591752975239373,1.39048070212205,2.25917194883029,0.143164962572567,0.353949249230643
YOR143C,0.164103776216507,-0.789833426475525,0.0246248763608219,0.0659005636619552,0.120412427435319,0.211571947609385,-0.919328931903471,-0.674541920995695
YOR144C,0.0572549812495708,-1.24591648578644,0.00741758908065207,0.0573216553071019,0.0444823131275674,0.0696196795751651,-1.35181264509159,-1.15726798719596
YOR145C,1.01711785793304,0.00241146795451641,0.152797573214784,0.0659703364576786,0.747411432365576,1.30544483860334,-0.126440263503299,0.115758524115566
YOR147W,0.071219876408577,-1.151442527771,0.00961914587444317,0.0596151105313739,0.0545996471308172,0.0885117717087269,-1.26281016463344,-1.05299897573916
YOR149C,0.0586694814264774,-1.23598098754883,0.00826136437517294,0.0621852698956594,0.0440672487020493,0.073911552876234,-1.35588406341833,-1.13128768417032
YOR151C,0.996293246746063,-0.00481783878058195,0.119075131785023,0.0532113662609199,0.788448523481687,1.16527895927429,-0.103226696392238,0.0664299047337004
YOR152C,0.0552389286458492,-1.26770710945129,0.0118588845604859,0.0933039105429389,0.0352880818769336,0.0813538296769063,-1.45237197516554,-1.08962200877282
YOR153W,6.65766191482544,0.820170879364014,0.788995116727582,0.052747157543303,5.32921370267868,7.73200401862462,0.726663133605515,0.888292067081916
YOR154W,0.0750697925686836,-1.12853527069092,0.0100794198981824,0.0593573621697047,0.0573971718549728,0.0929787216087182,-1.24110950617413,-1.03161643330036
YOR155C,0.185865059494972,-0.734682500362396,0.0245866161270354,0.0584060423980246,0.143134146928787,0.228958373640974,-0.844256746018977,-0.640243469105389
YOR156C,0.0778174921870232,-1.11259973049164,0.0100018525247034,0.056909604850369,0.0602230623364449,0.0947558405498664,-1.22023716457212,-1.0233940115583
YOR157C,2.63521265983582,0.415231287479401,0.421872033002805,0.0698903510887634,1.90812432765961,3.50305195649465,0.280606668616193,0.54444652955816
YOR158W,0.20992785692215,-0.682693183422089,0.0308981012269999,0.0646364321899148,0.156114052981138,0.270324922601382,-0.806558010248795,-0.568113931117039
YOR160W,0.183815270662308,-0.738978564739227,0.0225328403707228,0.0544720069713886,0.144900605082512,0.218139842152596,-0.838929800978464,-0.661265005458672
YOR161C,0.113166734576225,-0.950190424919128,0.0150079154797488,0.0586667202527701,0.0864137851322691,0.139231094097098,-1.0634169725166,-0.856263764238072
YOR164C,0.981546878814697,-0.0127094797790051,0.142064587160698,0.0637166654104082,0.73226337681214,1.25594913065434,-0.135332690323338,0.0989720496531219
YOR165W,0.622877836227417,-0.208969414234161,0.0764723895845228,0.0545655107604242,0.489640086889267,0.73883238385121,-0.310123033762411,-0.131454080499056
YOR168W,2.4694561958313,0.389250010251999,0.301892864535876,0.0544043966041463,1.94851655960083,2.9108033200105,0.289704100969953,0.464012801695342
YOR171C,0.370671540498734,-0.434483021497726,0.0462260122693562,0.0553407481632524,0.290679304301739,0.44470950961113,-0.5365858880788,-0.351923583554256
YOR172W,0.0375228635966778,-1.42984569072723,0.00512124155707682,0.060408597757097,0.0285164096547912,0.0466216249701877,-1.54490518822054,-1.33141259554231
YOR173W,0.0666354522109032,-1.18170356750488,0.0104589350538489,0.0688754154273276,0.0481087983275453,0.086983102435867,-1.31777549488999,-1.06056510639236
YOR175C,0.60821932554245,-0.21943935751915,0.0761241029442234,0.0555691935405003,0.476328875124454,0.727611767748992,-0.322093090761635,-0.13810028592549
YOR176W,0.818559408187866,-0.090861864387989,0.108486947018291,0.0587356934254838,0.62392646074295,1.00687843163808,-0.204866595534945,0.00297701980743184
YOR178C,0.00182893371675164,-2.75408697128296,0.000496522761791205,0.120527535714859,0.000997882833083471,0.00294735433029321,-3.00092053669793,-2.53056812622624
YOR180C,0.00434404239058495,-2.40977644920349,0.0020397237690607,0.209456489846145,0.00141671928577125,0.00919405939057469,-2.84871619401356,-2.03649274359668
YOR181W,0.241829887032509,-0.620022892951965,0.0304460306697758,0.0557832049346472,0.188435077667236,0.291976955533028,-0.724838248999068,-0.534651463331107
YOR184W,2.14389491081238,0.327453285455704,0.278723855845328,0.0574357542307348,1.65684938430786,2.62561984459559,0.219283030726513,0.419231846108984
YOR187W,1.70550942420959,0.228235796093941,0.217444920471625,0.0564556410193446,1.33128921290239,2.07387744188309,0.124272368373122,0.316783087011566
YOR188W,0.165547847747803,-0.784404158592224,0.0201754415779842,0.0542076465137166,0.130655095974604,0.195195539916555,-0.883873647759886,-0.70953011760348
YOR193W,0.0405388623476028,-1.39816248416901,0.0067330498186726,0.0727288599873572,0.0289660616622617,0.0541380532085896,-1.53811071189623,-1.26649736541015
YOR194C,0.589754998683929,-0.234089285135269,0.0869178315749142,0.0645817607289528,0.437174218893051,0.762287035087744,-0.359345457271929,-0.117881578238343
YOR195W,0.250358432531357,-0.604858458042145,0.0309885269440452,0.0548932640807843,0.197219883774718,0.298939264069001,-0.705049301560713,-0.524417041094107
YOR196C,0.231201857328415,-0.640079975128174,0.0312631251666918,0.05991368528748,0.175075193867087,0.28635695228974,-0.756775384728982,-0.543092268907342
YOR197W,1.31770193576813,0.116079367697239,0.170467705832692,0.0574229834735043,1.0141522894303,1.60011209448179,0.00610317436546523,0.204150407646152
YOR198C,4.69925689697266,0.668519794940948,0.589298375105159,0.0556417449750344,3.6616489648819,5.64743455648422,0.563676705150762,0.751851205600445
YOR201C,0.142034471035004,-0.852003931999207,0.0200316934451404,0.0621805202668251,0.106518649930755,0.179147258400917,-0.972574346762706,-0.746789833718713
YOR206W,0.926386833190918,-0.0366548933088779,0.115033208507041,0.0551296712409682,0.729677538573742,1.10059207876523,-0.136869023440399,0.0416263780802146
YOR207C,0.501774609088898,-0.302775859832764,0.0607898034124273,0.053832620718812,0.399013374497493,0.59052500774463,-0.399012546999988,-0.2287617062804
YOR209C,1.19218456745148,0.0727551355957985,0.151448320364336,0.0561939334267945,0.924299500882626,1.45133827229341,-0.0341872815362897,0.161768621573934
YOR211C,0.245165407657623,-0.613984704017639,0.030417961613118,0.0551232999836306,0.192511873195569,0.291037958363692,-0.715542491898324,-0.536050364891653
YOR213C,0.14604264497757,-0.843380272388458,0.0278179923839985,0.0829082733677376,0.0983488099649548,0.207426797474424,-1.00723096739628,-0.683135145684878
YOR214C,0.00408124178647995,-2.48237586021423,0.00262820746356106,0.302670305917269,0.00070083269723303,0.0108045092861478,-3.15438634959683,-1.9663950118112
YOR216C,0.297046422958374,-0.530839920043945,0.0380822831014557,0.0568303043975715,0.231106534600258,0.359974904358387,-0.63618777455243,-0.4437277859075
YOR217W,0.396805852651596,-0.404811024665833,0.0487720978687484,0.0547179175831806,0.312679610649745,0.469532629102468,-0.504900439585768,-0.328334225780745
YOR219C,0.115346156060696,-0.941417992115021,0.0142853506249821,0.054881428976031,0.0907251870259643,0.137674008061488,-1.04227212787665,-0.861148044012898
YOR220W,0.409178912639618,-0.393481194972992,0.0640121532524839,0.0688527896671754,0.295277198155721,0.53647280583779,-0.529770125203978,-0.270452303272654
YOR221C,0.217352643609047,-0.667069673538208,0.0300650383917033,0.0610121550135002,0.163948225478331,0.271810434758663,-0.785293286280207,-0.56573387792193
YOR222W,0.177975371479988,-0.754479706287384,0.0263630314041617,0.0652124085247275,0.13175255395472,0.23001057356596,-0.880241188321309,-0.638252207877454
YOR223W,0.2029759734869,-0.698072850704193,0.0322092363714213,0.0695442709892733,0.146412785847982,0.268184347450733,-0.834421076214114,-0.571566573788431
YOR228C,0.0452523939311504,-1.35170590877533,0.00829222708198552,0.0803167897824691,0.0305652961755792,0.0620521017971138,-1.51477159011947,-1.20724350495235
YOR229W,0.15824419260025,-0.804670572280884,0.0212289846159479,0.059345283491124,0.120696379430592,0.196065162494779,-0.918305758904442,-0.707599654976537
YOR230W,2.52024483680725,0.397794663906097,0.322188292963956,0.0567336777380528,1.95321774482727,3.04739658633868,0.290750661160703,0.483928976627688
YOR231W,0.109434962272644,-0.964733719825745,0.0144830084692856,0.0585125002198585,0.0837035362919172,0.134651403625806,-1.07725619714407,-0.870789115494133
YOR232W,1.85896372795105,0.262662678956985,0.324828264363675,0.0759290989449592,1.31215061247349,2.53303274313609,0.117983687431131,0.403640801703819
YOR233W,0.140364348888397,-0.856215119361877,0.0174992117879888,0.0553202825697565,0.109969933579365,0.168021534383297,-0.958726048101832,-0.774635058484482
YOR237W,0.0198675487190485,-1.70857381820679,0.0034828513761234,0.0767488270516185,0.0137549020893251,0.0269099953429153,-1.86154252395721,-1.57008637911584
YOR238W,0.181855216622353,-0.74544483423233,0.0279761876807129,0.0672809722717921,0.133131187409163,0.238740554824471,-0.875720194588335,-0.622073825179924
YOR242C,0.00347607908770442,-2.4817156791687,0.00113410267449324,0.142238846876719,0.00163902136167356,0.00610572862206027,-2.78541538618203,-2.21426250580712
YOR243C,0.645183861255646,-0.193667590618134,0.07895758559398,0.0543727716518227,0.50819993019104,0.763020514945189,-0.293965398942572,-0.117463789449136
YOR244W,0.148884162306786,-0.831179857254028,0.0200285956459012,0.0595993221500432,0.112891899732252,0.184667172407111,-0.947337271973276,-0.733610300936572
YOR245C,0.15182164311409,-0.82281219959259,0.0207193735976036,0.0604476943155077,0.114491920173168,0.18892243715624,-0.941225161027076,-0.723716462141496
YOR250C,0.187656253576279,-0.730560719966888,0.0249202233995962,0.0587929340209362,0.143146312733491,0.231014263257384,-0.844219851758075,-0.636361205169862
YOR251C,0.760184049606323,-0.123548544943333,0.108265602066945,0.0626006917172882,0.572866293291251,0.968955685695012,-0.241946779296043,-0.0136961032644505
YOR254C,1.35127127170563,0.127394646406174,0.165302512141184,0.0543535179798343,1.06571996510029,1.60191968679428,0.0276430587429339,0.204640738312816
YOR255W,0.00147119793109596,-2.93509292602539,0.00102061048391119,0.314552765217931,0.000236663111112042,0.00416181599721311,-3.62586948693571,-2.38071900831117
YOR256C,0.128583773970604,-0.894285559654236,0.0160238046663336,0.0553507772644384,0.100387203817566,0.153819799174865,-0.998321682791966,-0.812987763692392
YOR259C,1.58323276042938,0.195882514119148,0.203134839113064,0.0567877232328973,1.22917763690154,1.92689418792725,0.0896146217566199,0.284857866777392
YOR261C,1.78450667858124,0.247493609786034,0.24038945596663,0.059513792209041,1.35456492602825,2.2182283103466,0.131799826011811,0.34600622642751
YOR262W,0.244407415390015,-0.616037368774414,0.0334182738909454,0.0604827699161269,0.184107234701514,0.304271709670623,-0.734929167241145,-0.516738427418624
YOR264W,0.450949817895889,-0.349580377340317,0.0582071804547508,0.057164439945114,0.348236539959908,0.547352685034275,-0.458125662473267,-0.261732747336464
YOR267C,0.272140383720398,-0.568585336208344,0.0334505250136241,0.0546211282691391,0.214316684752703,0.32329375470678,-0.668944021881445,-0.490402685403331
YOR270C,1.96663415431976,0.290434777736664,0.238574590069813,0.0538492891771786,1.56369142134984,2.31730442047119,0.19415105208492,0.364983090065574
YOR271C,1.19082415103912,0.07169009745121,0.163189261364864,0.0604682149912703,0.900203726192315,1.48524751265844,-0.0456592275190721,0.171798832072526
YOR272W,0.799035906791687,-0.101023010909557,0.101427327582643,0.056228832311824,0.621388435860475,0.96800790031751,-0.206636840490023,-0.0141210985427873
YOR273C,0.184821143746376,-0.736800372600555,0.0233121290417092,0.0559666007948239,0.144186447312435,0.22237779473265,-0.841075561863657,-0.652908582203448
YOR274W,0.14999620616436,-0.827955663204193,0.0202168799091267,0.0596238817833863,0.11393682838728,0.185164851695299,-0.943335878541048,-0.732441453654909
YOR278W,0.0965618789196014,-1.02112007141113,0.0158860629893495,0.0720804102731972,0.0687167146553596,0.12939541041851,-1.16293767199199,-0.888081127571987
YOR280C,0.337760329246521,-0.476497888565063,0.0516382627120004,0.0668268383315659,0.248479172587395,0.439107541739941,-0.604710007773465,-0.357429113152496
YOR283W,0.924575865268707,-0.0402443520724773,0.156097695507937,0.0735049841889387,0.655108481645584,1.25477156043053,-0.18368679767301,0.0985646663611842
YOR284W,0.117902755737305,-0.936843931674957,0.0232149625855713,0.085525383383443,0.0786417643229167,0.16845197652777,-1.1043467526478,-0.773523943788444
YOR287C,0.420555382966995,-0.380672544240952,0.0599869382040603,0.062865251700481,0.314349561929703,0.531585107247035,-0.502587140536143,-0.274427194683972
YOR288C,0.343938618898392,-0.467883259057999,0.0483824970412784,0.0619055390884013,0.258534401655197,0.435679761568705,-0.587481659707534,-0.360832614712191
YOR289W,0.0718908905982971,-1.15113520622253,0.0136785618573816,0.082534060807338,0.0485225061265131,0.101413801002006,-1.3140567769092,-0.993902946491964
YOR290C,0.239865556359291,-0.623247563838959,0.0287286236437632,0.053295523082549,0.190854325890541,0.279659950733185,-0.719297991915565,-0.553369723332958
YOR291W,0.13291808962822,-0.879820823669434,0.016375733381592,0.0548388927331606,0.104873932339251,0.156676990911365,-0.979332447946059,-0.804994782647527
YOR295W,0.201022624969482,-0.704917073249817,0.0391527444765116,0.0843562387871578,0.134909487267335,0.287633082767328,-0.869957508934365,-0.541161185767021
YOR296W,0.0529639907181263,-1.27951240539551,0.00661894002543909,0.0554957438321164,0.0415224138336877,0.0635897787287831,-1.3817174092527,-1.19661268639849
YOR298W,0.00357738649472594,-2.46443819999695,0.00102849088340096,0.126385417136286,0.00189533085213043,0.00581442856540281,-2.72231565226763,-2.23549374234471
YOR299W,0.112588040530682,-0.952060043811798,0.0142287047230585,0.0559028618772357,0.0876340039074421,0.136245328312119,-1.05732734651425,-0.865678380231448
YOR301W,0.245320379734039,-0.614211678504944,0.0326640995244854,0.0589723080487523,0.186700984835625,0.302356770883004,-0.728853391169565,-0.519480304495951
YOR303W,0.343895763158798,-0.467690825462341,0.0468559375388072,0.0601798341860241,0.261014550924301,0.427924574911594,-0.583335281129221,-0.368632814078468
YOR307C,0.161869660019875,-0.794970870018005,0.0221141182121643,0.0603206391722795,0.122985803273817,0.201429186513027,-0.910145043128395,-0.695877604609129
YOR308C,0.14546112716198,-0.841008424758911,0.0188858553714715,0.057530337680253,0.112048447132111,0.17769128891329,-0.950594157929712,-0.750333862875018
YOR310C,4.55917549133301,0.655244946479797,0.582437232855694,0.0566718019807628,3.54762448271116,5.49866947730382,0.549937630806637,0.740257614609858
YOR313C,0.00782862491905689,-2.12347841262817,0.00219595444900685,0.123440072630378,0.00414308936257536,0.0127307602514823,-2.38267570726492,-1.89514592284862
YOR315W,0.482387840747833,-0.320931822061539,0.0674756626675564,0.061691061505886,0.363209218283494,0.605663928389549,-0.439843140948408,-0.217768302049706
YOR316C,0.515240550041199,-0.291785001754761,0.0673921170928535,0.057763963377758,0.397478637099266,0.633458939194679,-0.400686212010088,-0.198281532540082
YOR317W,1.13172209262848,0.0503212697803974,0.139934600057621,0.0549244727650372,0.88618271946907,1.34821588397026,-0.052476737187575,0.129759438861526
YOR320C,0.285455793142319,-0.54815936088562,0.0368172399466954,0.05706559446965,0.220792997504274,0.347511112689972,-0.656014706614304,-0.459031303008349
YOR321W,0.235239505767822,-0.631859302520752,0.0288973880486644,0.0544957135881561,0.184611156582832,0.280826493849357,-0.733742056853162,-0.551561923964471
YOR322C,0.130231961607933,-0.888755679130554,0.0162384569812068,0.0553699616916927,0.101717926561832,0.155923115710417,-0.99260250115001,-0.807089495609136
YOR323C,2.81617903709412,0.445989102125168,0.362092894474361,0.0568235993511847,2.18609300851822,3.43498406410217,0.339668628435827,0.535924687343225
YOR326W,0.727709054946899,-0.14117144048214,0.0860726123423603,0.052539117362834,0.582401917378108,0.847102105617523,-0.234777206415497,-0.0720642387440823
YOR328W,0.00262719113379717,-2.58872389793396,0.000510690119859334,0.0849517017036191,0.00174219140899368,0.00370739899226464,-2.75890419044874,-2.43093080140987
YOR329C,0.132381096482277,-0.881694316864014,0.016613864548052,0.0557256261961357,0.103475988780459,0.158615594108899,-0.985160415364775,-0.79965412550945
YOR332W,4.83080291748047,0.677985072135925,0.804652759579839,0.0726468591620142,3.45009698470434,6.55623282988866,0.537831300153376,0.816654368156913
YOR335C,3.89615774154663,0.587352991104126,0.471773205444657,0.0538261262123941,3.08570304910342,4.56878114938736,0.489354129206755,0.659800353673027
YOR336W,0.185527414083481,-0.734934151172638,0.0226637479485121,0.0543380732805592,0.14686156436801,0.21832219089071,-0.833091850332713,-0.660902121351349
YOR341W,1.39419841766357,0.14106360077858,0.168125511916704,0.0536624407736322,1.11021163662275,1.62845882475376,0.0454057715173365,0.211776780443699
YOR342C,0.294024437665939,-0.535959720611572,0.0411786984380251,0.0617970313463271,0.22102066402634,0.371119066079458,-0.655567133338994,-0.430486735179518
YOR346W,0.0992960631847382,-1.00666511058807,0.0126056992929688,0.0563475098930323,0.0773499275247256,0.119362850487232,-1.11154016621082,-0.923130818572962
YOR347C,0.346587777137756,-0.463809430599213,0.0441863904597708,0.0564753550632462,0.269224008421103,0.420641958713531,-0.569886214467462,-0.376087408946685
YOR348C,0.00210394663736224,-2.69641923904419,0.000632680054402291,0.131227864090418,0.00108465604813925,0.00353781535911063,-2.96470803687311,-2.45126484520599
YOR350C,0.0432184748351574,-1.36857414245605,0.0059771479769033,0.0611581040888587,0.0325814560055733,0.0539647025987506,-1.48702954597715,-1.26789021575837
YOR351C,0.00065607437863946,-3.25578594207764,0.000380747174131576,0.262094910587804,0.000148746811464662,0.00162175098860947,-3.82755233995742,-2.79001631557443
YOR352W,0.143928587436676,-0.846535742282867,0.0209958581024076,0.0640898022682054,0.107158423028886,0.184107677390178,-0.969973689926258,-0.734928100833259
YOR353C,0.112395264208317,-0.952680349349976,0.0139258939416132,0.0550009015331832,0.0880142233024041,0.134264767169952,-1.05544715303004,-0.872037936930262
YOR354C,0.232719659805298,-0.636686503887177,0.0292120420563885,0.0557299253580703,0.181571021055182,0.278237697978814,-0.740953549591697,-0.555584028653004
YOR355W,0.49112343788147,-0.312407970428467,0.0624474326737499,0.0563084753725288,0.381880763669809,0.592864732444286,-0.418072218976241,-0.227044384117036
YOR356W,0.371561765670776,-0.433528989553452,0.0468842825043316,0.0560673235896143,0.289320778350035,0.446208555748065,-0.538620393649347,-0.350462106809105
YOR358W,0.107752554118633,-0.975216686725616,0.0202214255939886,0.0817993524981398,0.0727711737155914,0.150408146778742,-1.13804066473775,-0.822728698811747
YOR359W,0.153273016214371,-0.818357884883881,0.0200922027891571,0.0580430918156386,0.117559626698494,0.187897897139192,-0.929741801665787,-0.726078081808705
YOR360C,0.176036015152931,-0.758117020130157,0.0227142118212736,0.0572748215883676,0.135493082056443,0.213250890374184,-0.868082903480055,-0.671109146871869
YOR362C,1.38040196895599,0.135629877448082,0.194656519789975,0.061954109209933,1.0389449596405,1.75114219387372,0.0165925404757759,0.243321412504133
YOR363C,0.0331521071493626,-1.48346519470215,0.00442885284685397,0.0591465444103156,0.0253461124685903,0.0406133039544026,-1.59608864406698,-1.39133169682635
YOR368W,0.0934481173753738,-1.03383612632751,0.0131901635251297,0.0622519304868328,0.0700070967897773,0.117731295401851,-1.15485793350527,-0.929108080785381
YOR370C,0.398748278617859,-0.402844399213791,0.0503122005912804,0.0558570415336219,0.312318823486567,0.480377678076426,-0.505401842254747,-0.318417200702441
YOR371C,0.10865194350481,-0.967452466487885,0.0135735194708786,0.0554773373571867,0.0848160056397319,0.129976134374738,-1.07152218539269,-0.886136390937209
YOR372C,0.187773391604424,-0.730047404766083,0.0241390534482747,0.0569546274620167,0.145142110561331,0.227986112361153,-0.838206566206757,-0.642091610189479
YOR380W,0.0141406888142228,-1.85572719573975,0.00237740659125137,0.0737771240308258,0.00992279906446735,0.0189480129629374,-2.0033658085567,-1.72243632682933
YOR384W,0.0254639107733965,-1.59858250617981,0.00363330064566765,0.0629341314121285,0.0190341174602509,0.0322180599284669,-1.7204672549688,-1.49190067230392
YOR385W,0.139668598771095,-0.860629320144653,0.0226262619145944,0.0708028793024101,0.100925512611866,0.185050231963396,-0.995999036082232,-0.732710366179549
YOR386W,0.0805521979928017,-1.09789371490479,0.0107802420070217,0.0591293630087761,0.06198933472236,0.0996607636411985,-1.20768302467784,-1.00147578944869
YPL274W,0.45969545841217,-0.340989947319031,0.0572088794435751,0.0552558802801196,0.360762247691552,0.550303879876931,-0.44277891645489,-0.259397480181879
YPL268W,0.0397132150828838,-1.40485572814941,0.0051854390304427,0.057800657518923,0.0305418322794139,0.0486876654438674,-1.51510491250606,-1.31258104922027
YPL266W,0.729157388210297,-0.141443386673927,0.101360900404631,0.0611954967125154,0.552330466608206,0.919106168548266,-0.257801026258977,-0.0366343191732498
YPL265W,1.09383511543274,0.0354997850954533,0.136092741882585,0.0551522867430903,0.858773153026899,1.3082460274299,-0.0661215519546844,0.116689424622262
YPL264C,0.0367185398936272,-1.44131827354431,0.00620745081452055,0.0736661497836451,0.0259404406417161,0.0495964172296226,-1.58602265865312,-1.30454984474708
YPL263C,0.59397941827774,-0.229658663272858,0.0735769188721914,0.0550164817910188,0.467487196127574,0.708427233497302,-0.33023027941562,-0.149704754044598
YPL262W,1.44521987438202,0.156382277607918,0.18251475352917,0.0559328766062934,1.12457902431488,1.7478613247474,0.050989977312171,0.242506936099525
YPL260W,0.737982630729675,-0.135504752397537,0.0930369749896089,0.0559639174200384,0.573812484741211,0.888956113159656,-0.241230006812868,-0.0511196859398235
YPL259C,0.20810230076313,-0.685411810874939,0.0267828631781807,0.057018044082624,0.160771708811323,0.252955987304449,-0.793790373807012,-0.596955037217383
YPL258C,0.00375324976630509,-2.4388267993927,0.000929901505620943,0.107720315955045,0.00225568860381221,0.00583767772574599,-2.64672086094372,-2.23375988533921
YPL256C,0.416870713233948,-0.383601725101471,0.0529792517509826,0.0563575891238771,0.323872546603282,0.50427355915308,-0.48962586788598,-0.297333807848348
YPL255W,0.0504075400531292,-1.30244576931,0.00752969617339909,0.0659691505944012,0.0368870198726654,0.0645301234597961,-1.43312643030145,-1.19023750536943
YPL253C,0.0845967009663582,-1.07636106014252,0.0109229098549943,0.0572053365433585,0.0656072119250894,0.102651626057923,-1.18304842219303,-0.988634174953512
YPL249C,0.255527675151825,-0.595954716205597,0.0314747340270582,0.054691889280196,0.202023807292183,0.30267341012756,-0.694597453650712,-0.519025734876961
YPL247C,0.0807525143027306,-1.09691846370697,0.0109473673421667,0.0598689026083496,0.0615867264568806,0.100299605975548,-1.21051287951903,-0.998700776453464
YPL246C,0.808132112026215,-0.0980051755905151,0.127916837731236,0.069341689529381,0.587558637559414,1.06993482112884,-0.230948785016076,0.0293572684988566
YPL245W,0.218264892697334,-0.665004909038544,0.0292084023616304,0.0592919572825228,0.166455971697966,0.267904035747051,-0.778700620467761,-0.572020754275572
YPL244C,0.136388376355171,-0.869812965393066,0.0197017743206311,0.0634652934708554,0.101202674210072,0.173979836205641,-0.994808011415855,-0.759501116358359
YPL243W,0.76615035533905,-0.119147293269634,0.0954041970147997,0.0552332797946828,0.602538048724333,0.917020101348559,-0.220015607567012,-0.0376211458041133
YPL241C,0.138752862811089,-0.864276587963104,0.0240190534448769,0.075486298247591,0.098069150870045,0.188935733959079,-1.00846812631168,-0.723685896139137
YPL237W,2.51061582565308,0.395431995391846,0.352737941280346,0.0617715038966894,1.88468962212404,3.17069400747617,0.275239834632164,0.501154331749681
YPL236C,0.0664786323904991,-1.18234360218048,0.0100504720580912,0.0664331122371001,0.0485563219214479,0.0859748614331086,-1.31375421914007,-1.06562851553884
YPL235W,1.30729806423187,0.112716101109982,0.167433345604662,0.0567882193328151,1.01826401948929,1.58146550556024,0.00786039774581544,0.199059719267455
YPL232W,0.700404584407806,-0.159078538417816,0.0990935649133263,0.0623998547447158,0.525176433722178,0.887229506174723,-0.27969477087044,-0.051964043945483
YPL230W,0.015261740423739,-1.82466387748718,0.00297752715367733,0.0851580126387482,0.0101253722949574,0.0214906435770293,-1.99458918240864,-1.6677505981722
YPL228W,0.301723718643188,-0.523928284645081,0.0380610253091629,0.0558110083580128,0.235086265951395,0.365305122236411,-0.628772742192749,-0.437344238803759
YPL224C,0.117607824504375,-0.933550000190735,0.015750181460033,0.0592412085113316,0.0896466114247839,0.14495939599971,-1.04746612556553,-0.838753630891554
YPL222W,0.0448167063295841,-1.35254848003387,0.00601308922213457,0.0592595558406702,0.034033990247796,0.0556185196774701,-1.46808722166876,-1.25478057463721
YPL221W,0.232598513364792,-0.636768519878387,0.0285774826834182,0.0545665881654792,0.183532447864612,0.276634913434585,-0.736287144199392,-0.55809300956445
YPL219W,0.093183770775795,-1.03469586372375,0.0125581021726236,0.0596273434562569,0.0708462194229166,0.114827084665497,-1.14968332235019,-0.939955721794366
YPL217C,0.55781888961792,-0.25678476691246,0.0675400578495546,0.0537732283308136,0.445163999001185,0.654197934269905,-0.351479964903059,-0.184290831582364
YPL215W,0.427696138620377,-0.373062908649445,0.0589239452766403,0.0607400282019097,0.324668961515029,0.537478909889857,-0.488559228181813,-0.269638580421481
YPL214C,0.0612539984285831,-1.21708822250366,0.00845125495555957,0.060959790429222,0.0461710564481715,0.0763012510413925,-1.33563018817298,-1.11746834618833
YPL213W,0.257402867078781,-0.597531795501709,0.0499741555453218,0.0843695165256339,0.171292722225189,0.365397928655148,-0.766261088666625,-0.437233918897477
YPL212C,0.673708915710449,-0.175125613808632,0.0855162085475419,0.0563273150191356,0.525007719794909,0.808949552476406,-0.27983431523689,-0.0920785611366242
YPL209C,0.0713329315185547,-1.15183794498444,0.0109114115852558,0.0670235739661092,0.0519411526930829,0.0935434028506279,-1.28448841667922,-1.02898683570643
YPL208W,0.179650977253914,-0.74910980463028,0.0226409452432489,0.0558342235968526,0.139369735494256,0.217477243642012,-0.855831532749535,-0.662586210148542
YPL207W,0.292782753705978,-0.536897361278534,0.0363202244745641,0.0551249873720585,0.230138120055199,0.348296148329973,-0.638011442871342,-0.458051328429581
YPL204W,0.470769226551056,-0.330947160720825,0.061142369519621,0.0575250499098616,0.364362075179815,0.570872008800507,-0.43846683509112,-0.243461250952865
YPL203W,0.230861395597458,-0.640762686729431,0.0314634158463413,0.0601652156508551,0.175805002450943,0.286928952733676,-0.754968771435563,-0.542225632187023
YPL202C,0.181748390197754,-0.744540750980377,0.0244692048567817,0.0593685344262631,0.138930602868398,0.225979088867704,-0.85720209936317,-0.645931746824419
YPL201C,0.00234102946706116,-2.65849423408508,0.000838107402197288,0.158021481162067,0.00102903287818966,0.00431430382110799,-2.98757086556307,-2.3650893226372
YPL199C,0.944392502307892,-0.0308027155697346,0.156302008317927,0.0721406435822911,0.670086527367433,1.27136319975058,-0.173869185795403,0.104269632171932
YPL196W,0.24122229218483,-0.623293936252594,0.0390337614797818,0.0706950318725813,0.173986837267876,0.319941659023364,-0.759483606605193,-0.494929238908375
YPL195W,0.369187921285629,-0.436087548732758,0.045097675686944,0.0542260996855537,0.292179025461276,0.435261443754037,-0.534350968346562,-0.361249812374875
YPL193W,0.114729396998882,-0.944822490215302,0.0164166506230879,0.0627992514141418,0.0856244667743643,0.146340811997652,-1.06740212070748,-0.834634607252046
YPL191C,0.0824315249919891,-1.08904182910919,0.0126103137066023,0.0670899821506278,0.0608163401484489,0.107384001836181,-1.21597971870616,-0.969060420610786
YPL190C,0.781448364257812,-0.110524490475655,0.0967289433091947,0.0549611690417403,0.617341469724973,0.928432106475035,-0.209474554965706,-0.0322498589810057
YPL189W,0.00432810839265585,-2.37575936317444,0.00101863745709434,0.103042497469604,0.00263261983442741,0.00654550795443355,-2.57961186935843,-2.18405715859438
YPL188W,0.294364899396896,-0.535137236118317,0.0396553250259228,0.0595012424620013,0.224546523888906,0.363693138211965,-0.648693669804909,-0.439264901969233
YPL186C,0.0165066923946142,-1.79360270500183,0.0037566794115744,0.0995430304668516,0.0101599188754335,0.0244200755065928,-1.99310975982488,-1.61225299755637
YPL184C,0.521951913833618,-0.286006212234497,0.0666578309653641,0.0566042256962798,0.407170530905326,0.629415035247803,-0.390223662645082,-0.20106288702311
YPL183C,0.383605986833572,-0.419509619474411,0.0471823100881719,0.0547757841107318,0.301717079182466,0.453265249729156,-0.520400107901581,-0.343647575513068
YPL181W,0.297039031982422,-0.530989766120911,0.038771662725571,0.0579292908235011,0.227688014755646,0.361957655847073,-0.64265983221681,-0.441342236167485
YPL180W,0.153748273849487,-0.81674599647522,0.019408344454758,0.0559922756427504,0.120388731360435,0.185120161126057,-0.919414162056719,-0.732546281113617
YPL177C,0.554859280586243,-0.260580360889435,0.0817363780949757,0.0646208329632744,0.410294292370478,0.710289120674133,-0.386904525353593,-0.148564837260051
YPL176C,0.215857818722725,-0.669342756271362,0.0270591392842768,0.0556363467600645,0.168761074542999,0.258074313402176,-0.772727718022265,-0.588255219411347
YPL175W,0.108022265136242,-0.970801293849945,0.0150981317989014,0.0615564023364972,0.0818770843247573,0.135414866358042,-1.08683765931266,-0.868333654536976
YPL172C,0.0826664119958878,-1.08719038963318,0.0117883144886948,0.063108112140524,0.0614404641091824,0.103952703190347,-1.21154551238905,-0.983164216635856
YPL169C,0.432112991809845,-0.367934852838516,0.0543083561278361,0.0558280098995588,0.336864113807678,0.518450558185577,-0.472545252021011,-0.285292653606657
YPL168W,0.0402262136340141,-1.40071272850037,0.00619252010373968,0.0677527899167688,0.0291078761219978,0.0523928527720273,-1.5359894820276,-1.28072795607372
YPL165C,0.00273834355175495,-2.59691023826599,0.00109144968420824,0.175961084563691,0.001102636649739,0.0053693618470182,-2.95756797555504,-2.270077388706
YPL163C,1.72517967224121,0.231235444545746,0.276583704701257,0.0699795748616013,1.23590629001458,2.30460813442866,0.0919855423714259,0.362597087064444
YPL162C,0.168175145983696,-0.780580937862396,0.0287374490832873,0.0744631001203748,0.117897208966315,0.23017599893113,-0.928496483780725,-0.637939965074009
YPL161C,0.126150861382484,-0.902850687503815,0.0163421497291489,0.0574260912858874,0.097642719745636,0.153329758594433,-1.01036013222421,-0.814373550101965
YPL160W,4.30593538284302,0.630817770957947,0.518975297422667,0.0535622750172402,3.4243695239226,5.06535689036051,0.534580622748547,0.704610049569165
YPL159C,0.236693382263184,-0.632763564586639,0.0422987476689298,0.0780042519852818,0.161996550858021,0.326682055493196,-0.790494238024064,-0.485874720811889
YPL158C,0.276636242866516,-0.561555743217468,0.0344484998340556,0.0552844290200685,0.217327397440871,0.330265907943249,-0.662885521625583,-0.481136309586064
YPL157W,0.109446153044701,-0.965922832489014,0.016741116983488,0.0670188076580322,0.079577476841708,0.142613441248735,-1.09920983520988,-0.845839545167305
YPL156C,0.100420378148556,-1.00409483909607,0.0165174515077006,0.0720200619314643,0.0710665956139565,0.13386422606806,-1.14833448857454,-0.873335468534592
YPL154C,3.00628113746643,0.474263042211533,0.391267991155064,0.0575830188558098,2.32223382194837,3.67931969563166,0.365905945828501,0.565767525074474
YPL153C,0.0846239924430847,-1.07623863220215,0.0109489706465871,0.0573396260743174,0.0656872090573112,0.102567724386851,-1.18251927939025,-0.988989280866587
YPL152W,0.191945746541023,-0.721336185932159,0.027474625553561,0.0629666054563974,0.144248653079073,0.243526500339309,-0.840888241016467,-0.613453781671459
YPL151C,0.0954419001936913,-1.02462792396545,0.0134081746823106,0.0619418058000597,0.0718492374445001,0.120948822734257,-1.14357791352772,-0.917398364178722
YPL150W,0.0649319812655449,-1.19123351573944,0.00835567226009926,0.0570467068191166,0.0503531374347707,0.0788908121486505,-1.29797347551033,-1.10297357351466
YPL146C,0.601972877979279,-0.224193572998047,0.078339339320999,0.0576296404942599,0.465475865205129,0.735518980026245,-0.332102862100066,-0.133406115869331
YPL145C,1.88854312896729,0.272503286600113,0.241113596746424,0.0564778162583173,1.46465218067169,2.2899343530337,0.165734502540209,0.359823031776434
YPL141C,0.114680737257004,-0.944093525409698,0.0145487302656387,0.0562031433197174,0.090124033888181,0.137936501950026,-1.04515937884192,-0.860320793712666
YPL139C,0.301045358181,-0.525061428546906,0.0387294939700454,0.0570724913822828,0.231783355648319,0.36532039369146,-0.634917754002153,-0.437326083837031
YPL138C,0.146535247564316,-0.838646590709686,0.0210990654023275,0.0635136789232566,0.109003841876984,0.185438124462962,-0.962558194934878,-0.73180097408033
YPL137C,0.174138307571411,-0.762435674667358,0.0212616004576994,0.0541851072584727,0.138350947697957,0.206225976347923,-0.859017863050564,-0.685656631612986
YPL134C,0.0886217504739761,-1.05782997608185,0.0138649862348903,0.0686144633398999,0.0643849707519015,0.11633338034153,-1.19121549804602,-0.934295652269971
YPL132W,0.112655811011791,-0.95372998714447,0.0178084090987429,0.0693812893581219,0.081192284822464,0.147478514413039,-1.09048523699308,-0.83127126893972
YPL131W,26.1075973510742,1.41242969036102,3.65928510886137,0.0616972639915961,19.6456643263499,32.9471039772034,1.29326671700314,1.51781724133499
YPL128C,0.273168742656708,-0.567243754863739,0.0350830620995555,0.0569152913847807,0.21244004368782,0.330770684033632,-0.672763617941201,-0.480472988621415
YPL126W,0.659269571304321,-0.184284687042236,0.0806125162129645,0.0543581762335172,0.520564079284668,0.778693449993928,-0.283525803008717,-0.108633491508086
YPL125W,0.250705897808075,-0.604154288768768,0.0305560508453493,0.0541007655563599,0.198927354688446,0.296373605728149,-0.701305494341813,-0.528160476121289
YPL124W,0.138529479503632,-0.866284847259521,0.0262239892328286,0.0829130810243074,0.0927165222043792,0.193649189795057,-1.03284290664128,-0.712984321784993
YPL123C,0.149385407567024,-0.829814672470093,0.020312995371601,0.0603118978325772,0.112963870291909,0.185518558820089,-0.94706043797132,-0.731612638163501
YPL122C,0.172479167580605,-0.767074584960938,0.0225374716382409,0.0579896803012904,0.132604032754898,0.209986904511849,-0.877443267963169,-0.677807791204093
YPL119C,0.0455649197101593,-1.34558665752411,0.00629371149471864,0.0608720909032817,0.0347545164637268,0.056771315416942,-1.4589887494276,-1.24587104302477
YPL117C,1.75670075416565,0.240057542920113,0.255713020573791,0.0637308309990761,1.30889890591304,2.25693614681562,0.116906075968361,0.353519245467283
YPL116W,0.210893213748932,-0.679373383522034,0.0261717491627273,0.0550285290221942,0.165916502351562,0.251299724231164,-0.780110417341684,-0.599807988495889
YPL115C,0.147011652588844,-0.835951387882233,0.0178665026906502,0.0539913443981278,0.116364101879299,0.173362804825107,-0.934180978880944,-0.761044075271866
YPL113C,0.0507106184959412,-1.30007660388947,0.00780613670819113,0.0672648925331545,0.0375186838209629,0.0656741549571355,-1.42575240534945,-1.1826055454666
YPL112C,0.458966344594955,-0.342174589633942,0.0611625219858338,0.0590357973934381,0.350976395110289,0.56625149945418,-0.454722112360948,-0.246990638936786
YPL111W,1.50709939002991,0.17423839867115,0.200099819947995,0.0585925042496814,1.14768739044666,1.86689293384552,0.0598235464184469,0.271119411910836
YPL110C,0.181308716535568,-0.744819283485413,0.0218213547814234,0.053438653898608,0.143755301833153,0.213069048027198,-0.842376129146704,-0.671479634820755
YPL107W,0.1119429692626,-0.959597289562225,0.0222307072572879,0.0868345845546508,0.0738092983141541,0.159308776383599,-1.13188894531144,-0.7977602982183
YPL106C,11.9307432174683,1.07329976558685,1.46283423362189,0.0545195187968173,9.3930809656779,14.1232755263646,0.972808065735066,1.14993542843996
YPL105C,0.304104626178741,-0.520271420478821,0.0368994071292101,0.0539223368800966,0.24010594598949,0.360450148582458,-0.619597097189857,-0.443154791118284
YPL104W,0.0774674043059349,-1.11464047431946,0.0100591896051932,0.0575997883986417,0.0597644878551364,0.0945512895161907,-1.22355683239091,-1.02433254432076
YPL103C,0.10458941757679,-0.984547436237335,0.0141138896341498,0.0595831075591254,0.0796919079497456,0.129907377809286,-1.09858579662725,-0.886366185617409
YPL101W,0.249796822667122,-0.606209516525269,0.0325822956230891,0.0578777495151035,0.191242762034138,0.305410704265038,-0.718414993968171,-0.515115787293481
YPL097W,0.113429382443428,-0.94933944940567,0.0153468841010549,0.0598231620676571,0.0865619284411271,0.140077853699525,-1.06267307759908,-0.853630591614016
YPL096W,0.168421298265457,-0.777812361717224,0.0232168931523423,0.0608463437724389,0.126894066358606,0.210756884515285,-0.896558704335321,-0.676218230228864
YPL092W,0.216520950198174,-0.668282687664032,0.028216969889025,0.0577399312276463,0.165847275033593,0.264456567168236,-0.780291660178869,-0.577645648998631
YPL091W,1.52686607837677,0.180223301053047,0.193138632339507,0.0561772146293439,1.18814428249995,1.83580732345581,0.0748691816192469,0.263827098024811
YPL089C,0.0740937292575836,-1.13410592079163,0.00978383326283639,0.0585421712673038,0.0570623236087461,0.0907259434461594,-1.24365057830263,-1.04226850693748
YPL088W,0.0284058433026075,-1.55383205413818,0.00517531470313683,0.0796740151196639,0.019406023916478,0.0392407217373451,-1.71206343774774,-1.40626301518497
YPL087W,0.232340216636658,-0.638446390628815,0.033464604777087,0.0633353202491422,0.173326278105378,0.294921980798244,-0.761135595994961,-0.53029285938657
YPL086C,0.546407103538513,-0.266049653291702,0.0690375576839503,0.0560788025472306,0.427673311531544,0.655195742845535,-0.368887864128417,-0.183628936574345
YPL085W,0.644200325012207,-0.194153904914856,0.0765921236162805,0.0529625029030795,0.514259245991707,0.747152569890022,-0.288817891464325,-0.126590706290441
YPL084W,0.315312385559082,-0.504580199718475,0.0384484334695156,0.0541182785685536,0.249969271446268,0.37369641661644,-0.602113378905298,-0.427481066590202
YPL078C,1.3163731098175,0.113711476325989,0.21189089178166,0.0704710087657354,0.943181209762891,1.74272966384888,-0.025404903957228,0.241230023596325
YPL077C,0.0651120096445084,-1.19806003570557,0.015285062581585,0.101066630534724,0.0399633270377914,0.100072261877358,-1.39833849601009,-0.999686505622309
YPL075W,0.0713130459189415,-1.15051066875458,0.00917576007705583,0.056920302427969,0.0554537559549014,0.0868987503151099,-1.25606903516256,-1.06098647089916
YPL074W,0.108637265861034,-0.967629611492157,0.0138158924281519,0.0563928140544095,0.0847838491201401,0.131198006123304,-1.07168687611524,-0.882072778083639
YPL072W,0.0417955629527569,-1.38372468948364,0.00620433479609165,0.0652919251315475,0.030839429066206,0.0537514405014614,-1.51089367343928,-1.269609903019
YPL070W,0.133659988641739,-0.877833962440491,0.0175410548705497,0.0581187545589712,0.103049042262137,0.162747099995613,-0.986956049509957,-0.788486741421054
YPL069C,0.0794282779097557,-1.10551977157593,0.0125918199036546,0.0693741948063836,0.0576165153334538,0.10495573785156,-1.23945301372068,-0.978993839085044
YPL068C,0.134244427084923,-0.877907156944275,0.0218589369836152,0.0713023408516375,0.0962115559106072,0.177443207924565,-1.01677289127433,-0.75094061975105
YPL066W,0.0633199959993362,-1.20288300514221,0.00897713081159754,0.0623121997734909,0.0475522793208559,0.0803111419081688,-1.32282866296029,-1.09522419901071
YPL065W,0.13837642967701,-0.868446171283722,0.0290316868122082,0.0912130488328993,0.0890588557347655,0.202479721481601,-1.05032289080911,-0.693618465496377
YPL064C,0.139734491705894,-0.859989166259766,0.0216899594037886,0.0681489122873403,0.101780194540819,0.183261216556032,-0.992336812872734,-0.736929494785839
YPL061W,15.1465826034546,1.17679870128632,1.90140712482534,0.0556447116779256,11.84543800354,18.2352657318115,1.07355112407133,1.26091209641418
YPL060W,0.0494518727064133,-1.31092703342438,0.00752827122682868,0.067004541448014,0.0362329633285602,0.0639867999901374,-1.44089614961032,-1.19390960874448
YPL058C,0.160289123654366,-0.798407733440399,0.0194827774679865,0.0540950198813686,0.126929670572281,0.188073381781578,-0.896436847096496,-0.725672666243347
YPL057C,0.248643070459366,-0.608527541160583,0.0338141737359953,0.060084519566843,0.189086444675922,0.309421482930581,-0.723339604275714,-0.509449542509938
YPL055C,0.278175741434097,-0.560159206390381,0.039648951153646,0.0626871540429904,0.209305088346203,0.35275998065869,-0.679220221432793,-0.452520774590674
YPL053C,0.613276958465576,-0.216016873717308,0.0788500342436887,0.056862028432175,0.474563798805078,0.747600193321705,-0.323705396112683,-0.126330594989139
YPL050C,0.861794114112854,-0.0685319751501083,0.114779524295826,0.0588368202048789,0.662486654023329,1.06747674942017,-0.1788228960895,0.02835839697391
YPL049C,0.423078417778015,-0.37734717130661,0.0551121268595252,0.057590231813087,0.327221159388622,0.519533734520276,-0.485158621741455,-0.284386249261912
YPL045W,0.119473434984684,-0.926325500011444,0.0151705776579099,0.0563227410825373,0.0929893116777142,0.144312090302507,-1.0315669677368,-0.840697294029164
YPL043W,0.85866641998291,-0.069611132144928,0.106544780628382,0.0550125162488982,0.67679238319397,1.0258659273386,-0.169544537610054,0.011090602205113
YPL042C,0.0577500984072685,-1.24285531044006,0.00814450149979521,0.0622857115736638,0.0432655914997061,0.0726219565918048,-1.36385735453322,-1.13893205749337
YPL039W,0.0812946557998657,-1.09610593318939,0.0136585692389089,0.073518049167713,0.0572777639143169,0.108660230475167,-1.2420139652691,-0.96392938721879
YPL033C,0.00198714667931199,-2.78573703765869,0.00123023159741423,0.283024725135513,0.000402542966185138,0.00506859315404047,-3.39518775757879,-2.29511281551968
YPL032C,0.48967769742012,-0.313517421483994,0.0606077161557261,0.0549947799635699,0.385914399971565,0.581231674055258,-0.41350901591075,-0.235650727712935
YPL031C,0.366839677095413,-0.440312206745148,0.0539402552995775,0.0649137796709614,0.272228112071753,0.466605625301599,-0.56506703051727,-0.331050036158624
YPL030W,0.304998517036438,-0.519209206104279,0.0382947318388091,0.0555616700243992,0.238361373543739,0.367751820137103,-0.622764120643005,-0.434445169566212
YPL028W,4.37736701965332,0.637303948402405,0.579378007389234,0.0587186753179655,3.34810513854027,5.35720819234848,0.524799087261142,0.728938523831445
YPL027W,0.00301975500769913,-2.60802316665649,0.00191933732475879,0.291985616960883,0.000550682016182691,0.00781030723980317,-3.25909910619558,-2.10733215997885
YPL026C,0.133319213986397,-0.879141092300415,0.0179627609378903,0.0596076465308595,0.101675438508391,0.164547531927625,-0.992783946892727,-0.78370863925246
YPL024W,0.084073044359684,-1.08699297904968,0.0195418001529309,0.101063483584943,0.0512288883328438,0.128153759861986,-1.29048506821403,-0.89226865746074
YPL023C,0.338539659976959,-0.473944097757339,0.0426936337035378,0.0559724226516842,0.264264613389969,0.405941462765137,-0.577960987599926,-0.391536595864177
YPL020C,0.100645765662193,-1.00113201141357,0.0133678509812593,0.0588136262840307,0.0771966526905696,0.123441724044581,-1.11240154092435,-0.908538022430119
YPL019C,3.13696360588074,0.493287444114685,0.37669458565726,0.0533123551009815,2.4899982949098,3.70236899256706,0.396199048021482,0.568479693360207
YPL017C,0.020213657990098,-1.70030665397644,0.00332275501403783,0.0723104177014849,0.0142975117467965,0.0269348261257013,-1.84473955952886,-1.56968582395534
YPL015C,0.183068171143532,-0.741712331771851,0.0255859159331194,0.0617019187485008,0.137637602165341,0.230798888579011,-0.861262909467938,-0.636766287906675
YPL014W,0.072774663567543,-1.14274311065674,0.0106415525422407,0.0644470089120218,0.0534571010929843,0.0931224152445793,-1.27199459698484,-1.03094576858561
YPL012W,0.673511266708374,-0.174828946590424,0.0801833612666577,0.0529298075009495,0.537515398859978,0.786108314990997,-0.269609090326012,-0.104517609988617
YPL011C,0.123372949659824,-0.913434863090515,0.0178880343503207,0.063984474780572,0.0912580902998646,0.157217768083016,-1.03972863901483,-0.803498378914058
YPL009C,0.530402421951294,-0.278734892606735,0.0647788163603003,0.0542984517986857,0.42003316928943,0.625263891617457,-0.37671642730653,-0.203936672906407
YPL007C,0.0993798971176147,-1.00646364688873,0.0129219833563574,0.0576026401096902,0.0765431885917982,0.121232865626613,-1.11609345196833,-0.916379651080126
YPL006W,0.238736152648926,-0.625378012657166,0.0289484514611025,0.0539470187593421,0.189271643012762,0.282373131314913,-0.722914449437791,-0.549176638474315
YPL005W,0.022030359134078,-1.66211068630219,0.00336493789547664,0.0671145135590866,0.016036283193777,0.0285357579123229,-1.79489628574767,-1.54461059165389
YPL004C,2.61687207221985,0.413741558790207,0.352832756390158,0.0596663470914149,1.99424288868904,3.2307687262694,0.29977805205797,0.509305867656221
YPL002C,0.145546689629555,-0.847188651561737,0.0317023642589947,0.0942818239647853,0.0936305676276485,0.21444105990231,-1.02858235504023,-0.668692065949844
YPL001W,0.309619128704071,-0.513333976268768,0.0424245460777566,0.0605123963937708,0.234388623759151,0.38645534987251,-0.630063470975505,-0.412900679451717
YPR001W,0.00879872217774391,-2.06484246253967,0.00181824142298563,0.0901185683866809,0.00569753743087252,0.0127762519211198,-2.2443128502911,-1.89359655515682
YPR002W,0.0352195873856544,-1.45794010162354,0.00515347193848793,0.0644748535521413,0.0260865857359022,0.0449889975289503,-1.58358278207063,-1.34689376083617
YPR005C,0.0145331313833594,-1.85174918174744,0.00369396842971364,0.111676574295379,0.00823125067011764,0.0226456292904913,-2.08453417477153,-1.64501569101232
YPR007C,0.00117957848124206,-2.95620036125183,0.000421679267796145,0.158467101984664,0.000514971652107003,0.00214881338955213,-3.28821684151026,-2.66780138688571
YPR008W,0.166887104511261,-0.781201243400574,0.0212570882665635,0.0565480779240285,0.129964890827735,0.200866188108921,-0.886173968862902,-0.697093167753165
YPR010C,1.54588043689728,0.185926616191864,0.186177467121335,0.053562231548075,1.228684425354,1.80757781962554,0.0894403532476412,0.25709700312968
YPR011C,0.0847623497247696,-1.07715463638306,0.0132545234268478,0.0685246479211086,0.0616055763637026,0.11126970499754,-1.21038000081753,-0.953623067922132
YPR013C,0.0373152196407318,-1.43500161170959,0.00661696105572252,0.077805916534501,0.0255083475261927,0.0509897473889093,-1.59331777295801,-1.29251714024748
YPR016C,1.59875655174255,0.198245704174042,0.254279419963543,0.0696537865517165,1.15862549841404,2.10886905193329,0.0639430743069705,0.324049605891844
YPR018W,0.168446272611618,-0.777137219905853,0.0214063306542864,0.0563051508043774,0.130829131479065,0.203546698018908,-0.883295542448906,-0.691335938493531
YPR019W,0.318911045789719,-0.499612212181091,0.0386199137288551,0.0538284987552938,0.252210932721694,0.376713832716147,-0.598236095034258,-0.423988441367434
YPR024W,0.544261157512665,-0.267511904239655,0.066394513860212,0.054079789814044,0.430810230970383,0.64605484555165,-0.365714053410711,-0.18973061205712
YPR025C,0.14161328971386,-0.853262186050415,0.0199144698795267,0.0619213429391312,0.106292142532766,0.178654179349542,-0.973498866686165,-0.747986822250378
YPR027C,0.00505276210606098,-2.33450365066528,0.00211015436749646,0.186150792745505,0.00188540300296154,0.0100163677552094,-2.72459584005712,-1.99928974043547
YPR029C,0.288072884082794,-0.543965935707092,0.0358666008274172,0.0553221133567553,0.225610917558273,0.342901286482811,-0.646639888205759,-0.464830894057857
YPR031W,0.0520088002085686,-1.28779673576355,0.00687036217686154,0.0583996019917105,0.0399055034543077,0.0639634322995941,-1.39896720588927,-1.19406824914631
YPR032W,0.161759480834007,-0.794467210769653,0.0197700085498011,0.0542347100187629,0.128710289051135,0.190813855826855,-0.890386734920489,-0.719390092978751
YPR034W,0.423951506614685,-0.376347273588181,0.0543655301074534,0.0568059653795679,0.329089678327243,0.512416059275468,-0.482685740621421,-0.29037726779811
YPR035W,4.90241575241089,0.686643242835999,0.637533403905216,0.0576296970559074,3.77216356595357,5.98171826998393,0.576590491192974,0.776825953648618
YPR036W,3.08990073204041,0.486416399478912,0.389014203547769,0.0557373405285994,2.4222506860892,3.71777773896853,0.384219087215599,0.570283421462479
YPR041W,2.93488001823425,0.463898718357086,0.377623066483983,0.0570479944874699,2.26831640203794,3.56704679528872,0.355703632662478,0.552308805169858
YPR045C,0.317655175924301,-0.501757800579071,0.0409826205501078,0.0572042335393985,0.245377745851874,0.384993924200535,-0.610164832676608,-0.414546127474995
YPR047W,0.0800589397549629,-1.10082876682281,0.0110479797275594,0.0611253282121562,0.0599419958889484,0.0997027578453223,-1.222268800444,-1.00129283038247
YPR048W,0.190499037504196,-0.723696529865265,0.0241576173075846,0.0562388914119823,0.148824777702491,0.229197561740875,-0.827324757489864,-0.639790006809865
YPR054W,0.000968396256212145,-3.08555483818054,0.000555271701043429,0.259501272510797,0.000226719669687251,0.00233957172798303,-3.64451083730244,-2.6308636366989
YPR055W,0.159168586134911,-0.801515340805054,0.0195424874581666,0.0545650627243367,0.125565091893077,0.188703909516335,-0.901131081928401,-0.724219102146766
YPR056W,0.240795612335205,-0.622788548469543,0.0341063683767687,0.06246372749868,0.180225287129482,0.304065506656965,-0.74418427400148,-0.517032844962787
YPR058W,0.391015321016312,-0.412202686071396,0.0551446789033387,0.0621715123865138,0.294095348318418,0.490680916110674,-0.531511845104277,-0.309200847248329
YPR060C,0.81729120016098,-0.0927319154143333,0.124631042898563,0.0669573502837601,0.594924747943878,1.06365822056929,-0.225537965296375,0.0268020889528223
YPR061C,0.0456983298063278,-1.34731662273407,0.00833338320162748,0.0794307458403149,0.0312970425933599,0.0634981660793225,-1.50449675952683,-1.19723881763402
YPR066W,0.0638452842831612,-1.20148050785065,0.0111235852755926,0.0760324008186631,0.0447389220508436,0.086031067247192,-1.34931448705041,-1.06534471938456
YPR070W,0.109601333737373,-0.963889479637146,0.014155960180665,0.0570886115261896,0.0855699953933557,0.133589919780691,-1.06767849165463,-0.874226311979527
YPR072W,0.639429926872253,-0.197680577635765,0.0797197533764532,0.0553621587659018,0.49981102347374,0.765266844133536,-0.301194169616087,-0.116187102900728
YPR074C,6.52475023269653,0.811207592487335,0.798887031453832,0.05442958067263,5.13187463680903,7.71430444717407,0.710276038700449,0.887296774420955
YPR075C,0.360238939523697,-0.447611272335052,0.0495742769437122,0.0608035614672053,0.273992478350798,0.45067785680294,-0.562261364613262,-0.346133781193102
YPR078C,0.00203257077373564,-2.73051500320435,0.000850490135946269,0.187680505253838,0.000738421560284526,0.00407688945221404,-3.13169608741503,-2.38967133377317
YPR079W,0.280444860458374,-0.556233942508698,0.0380885156957032,0.0599057571164999,0.21501961350441,0.347634001076221,-0.667521923115892,-0.458877753634098
YPR081C,0.0761018693447113,-1.12250161170959,0.0100732027426117,0.0585930705031096,0.0584428963872294,0.0933403991162777,-1.23326827116111,-1.02993034987618
YPR083W,0.0425076894462109,-1.37573826313019,0.00586587451030756,0.0607804994028076,0.0322958927912017,0.0533624321222305,-1.4908527161141,-1.27276439395742
YPR084W,0.0582563355565071,-1.23925590515137,0.00840286331288974,0.0635683240076703,0.0433630075926582,0.073693937001129,-1.36288066550968,-1.13256824710602
YPR085C,0.0349620133638382,-1.46157348155975,0.00535454557934179,0.0674060076721144,0.0253685260967662,0.0454177398545047,-1.59570476441611,-1.34277448279518
YPR086W,0.497262269258499,-0.307502627372742,0.0674832293805574,0.059997546951743,0.377090213199457,0.620448981722196,-0.423554739390135,-0.207293934292993
YPR088C,1.36606323719025,0.131950423121452,0.171445640803536,0.05573244453792,1.06229203939438,1.63701569437981,0.0262438996951902,0.21405284201115
YPR089W,0.178114160895348,-0.752714097499847,0.0219996366157581,0.0548965341920166,0.139732366924485,0.211807528138161,-0.854702986893337,-0.674058608112789
YPR091C,0.236589670181274,-0.629416286945343,0.0292008196190964,0.0548797574329911,0.185235020890832,0.2809179743131,-0.732276902950634,-0.551420472006943
YPR093C,0.0618738830089569,-1.21566009521484,0.0112298448275282,0.0791972752766567,0.0424926444888115,0.0856370702385902,-1.3716864862307,-1.06733819893223
YPR095C,0.0480303838849068,-1.32207059860229,0.00609481907217961,0.0562232544184096,0.0374536094566186,0.058042185784628,-1.42650632283503,-1.23625625013114
YPR097W,0.282966494560242,-0.551578223705292,0.0344604642180877,0.0540372300763154,0.224925649041931,0.333558589220047,-0.647961017672264,-0.476827871672041
YPR103W,1.93009316921234,0.281065762042999,0.276447392340374,0.0629191610801559,1.43738639851411,2.46594705780347,0.157573528468518,0.391983748113031
YPR105C,0.145958557724953,-0.839159250259399,0.0179876450390921,0.0546709678559108,0.115017034237583,0.174226664751768,-0.93923783508034,-0.758885378816019
YPR106W,0.154510647058487,-0.815009593963623,0.0206936733132924,0.0590388814342358,0.11869734848539,0.191935130457083,-0.9255589861478,-0.71684552784
YPR108W,1.41403472423553,0.146749436855316,0.182583280465266,0.0571614767623443,1.09175632695357,1.72296488384406,0.0381257097838153,0.236276409267629
YPR109W,0.0940017029643059,-1.0330730676651,0.0158846953160174,0.0736618828242162,0.0664721944679817,0.127629175285498,-1.17736016305283,-0.894050037355182
YPR110C,1.78854537010193,0.248429074883461,0.242074578632203,0.0598825592469884,1.35597076217333,2.22541616757711,0.132250320188959,0.347411236320424
YPR111W,0.0978958159685135,-1.01312446594238,0.0129308390734811,0.0585183134849228,0.0750108761712909,0.119881429026524,-1.12487576457253,-0.921248103894966
YPR112C,0.638539910316467,-0.198163598775864,0.0781710548552289,0.0543755442527686,0.505311608314514,0.754708074529966,-0.296440724779719,-0.122221003567159
YPR115W,0.0766631737351418,-1.11889755725861,0.00957979973080843,0.0554203104854184,0.060173983220011,0.0917809680104256,-1.22059124477832,-1.0372473661296
YPR118W,0.946197390556335,-0.027786809951067,0.123235746780621,0.057603460632568,0.731493331491947,1.15405395130316,-0.135789636767186,0.0622261091495255
YPR119W,0.339313149452209,-0.473115831613541,0.0438679252156553,0.0571829222582319,0.262926931927601,0.414338505516449,-0.580164926391598,-0.382644758442347
YPR120C,0.148726969957352,-0.831765234470367,0.0203813666656176,0.0604334121892713,0.112872813890378,0.184928071374694,-0.947410648118777,-0.732997163057932
YPR121W,0.000392565096262842,-3.50505590438843,0.000264580352062735,0.310892668324363,6.52723798945469e-05,0.0010595482744975,-4.18527056984529,-2.97487943907229
YPR122W,0.0874035730957985,-1.061842918396,0.0107371771707505,0.0545175756426383,0.0687283040334781,0.104077235733469,-1.16286437502494,-0.982644252524261
YPR125W,0.339517176151276,-0.472879827022552,0.0440336624112249,0.0574124282247972,0.262404156227907,0.413788361102343,-0.58102929044822,-0.383221729209497
YPR127W,0.207279682159424,-0.68793249130249,0.0296015906543955,0.0627413203574122,0.156458213925362,0.263340929647287,-0.80560163182224,-0.579481661908062
YPR128C,0.332883685827255,-0.482297897338867,0.0481009165847655,0.0634471935408613,0.249230957776308,0.424234449118376,-0.603398013691827,-0.372394069255487
YPR129W,1.08195638656616,0.0302400179207325,0.144784222698508,0.0591068156725922,0.827945252756278,1.34054399132729,-0.0819983852009838,0.127281066626403
YPR133C,0.67272162437439,-0.175914332270622,0.0873628026078005,0.0574606834855939,0.519627812008063,0.822058405975501,-0.284307612809405,-0.0850973256442934
YPR134W,0.0528269708156586,-1.28489077091217,0.0100239349597746,0.0821945432765294,0.0359294246261318,0.0741248498981197,-1.44454975705493,-1.13003624187631
YPR135W,0.259235620498657,-0.589718103408813,0.0320455259835929,0.0548712419551473,0.20410355143249,0.308461039264997,-0.690149438437041,-0.510799696641079
YPR139C,0.266413122415543,-0.579384744167328,0.0398630921547651,0.0658663582974158,0.19653249271214,0.34290791079402,-0.706565646511282,-0.464822497399706
YPR141C,0.116405703127384,-0.937544643878937,0.0146221003597386,0.0556964675374471,0.0908322241157293,0.140596241007249,-1.04176005157132,-0.852026298243237
YPR143W,0.629296123981476,-0.206831738352776,0.101779714632503,0.0704727631259334,0.456512411435445,0.833831250667572,-0.3405474109689,-0.078921832239044
YPR144C,0.329809248447418,-0.485328704118729,0.0418498418334816,0.0562507679012653,0.256384153664112,0.397997993479172,-0.591108822534266,-0.400119118864121
YPR147C,0.400615096092224,-0.402161031961441,0.0596856423533296,0.0655104295529703,0.295020295431217,0.516242673496405,-0.53014810878,-0.287146100026861
YPR148C,0.674533784389496,-0.174709498882294,0.0871606580671681,0.0571735199727863,0.522964715957642,0.820974004765351,-0.281527611671582,-0.0856706011201162
YPR152C,0.0990845635533333,-1.0080885887146,0.0134593531748414,0.0600383674088686,0.0749102686842283,0.123132329744597,-1.1254586452424,-0.90962791314691
YPR155C,0.120641395449638,-0.922217667102814,0.0155921941821505,0.0571706040950844,0.0937527418136597,0.146945970753829,-1.02801602240418,-0.832842343069034
YPR157W,0.0144969569519162,-1.84607911109924,0.00266343668308119,0.0802753392572044,0.00979259908975413,0.020136947169279,-2.00910203002628,-1.69600687627253
YPR158W,0.241814136505127,-0.622612953186035,0.040350131586947,0.0731102040342273,0.171107267588377,0.323621144890785,-0.766731622427762,-0.489963133176398
YPR160W,0.247144386172295,-0.610414564609528,0.0303207544896235,0.0544907594479992,0.195373028020064,0.292787941545248,-0.709135392490964,-0.533446814856319
YPR161C,0.256170660257339,-0.595031082630157,0.0323375142980982,0.056043808160442,0.200358599424362,0.307158287117879,-0.698192012839965,-0.512637765039134
YPR162C,0.126646608114243,-0.901345789432526,0.0168810711559052,0.0588703896765997,0.097672812640667,0.156018789609273,-1.01022630591557,-0.806823098481286
YPR163C,5.737464427948,0.755009591579437,0.740590958275691,0.0571675577399803,4.45836108922958,6.95956803560257,0.649175239084593,0.842582283597596
YPR164W,0.0913317427039146,-1.04280292987823,0.0112946808701641,0.0550013036871419,0.0719334342206518,0.108286999166012,-1.14306920527172,-0.965423681226811
YPR167C,0.0827255919575691,-1.08929061889648,0.0148083948685459,0.0777905727087397,0.0573610867684086,0.114917264382044,-1.24138263137455,-0.939614732546593
YPR169W,0.351425528526306,-0.457940816879272,0.045732706229128,0.0576564323802327,0.271789251764615,0.425377172728379,-0.565767722921764,-0.371225822704591
YPR171W,0.169998466968536,-0.773216843605042,0.0218209373194389,0.0567896174092667,0.132297675187389,0.206475190569957,-0.878447802684432,-0.685132125456631
YPR173C,0.43778383731842,-0.362530678510666,0.0572220682553652,0.057738455349465,0.337838903566202,0.535954108834267,-0.471290345098986,-0.270872397526398
YPR178W,0.119109146296978,-0.928186058998108,0.0162373914369301,0.0603262994259566,0.0903706699609756,0.147319633016984,-1.04397249807479,-0.83173937488117
YPR179C,0.113427065312862,-0.948953926563263,0.0145739424429009,0.0568315396131299,0.0886768570169807,0.137597232187788,-1.05218973691048,-0.86139030243536
YPR180W,0.315912663936615,-0.504576683044434,0.0432339767691729,0.0603674953996387,0.238921866938472,0.395822305977344,-0.621744102049284,-0.402499736913341
YPR181C,2.01505827903748,0.301090598106384,0.240959855340074,0.0531188736040762,1.59977055390676,2.37203394770622,0.204057697613816,0.375120898492155
YPR183W,2.22273445129395,0.341972917318344,0.332822697890664,0.0656150711018932,1.65022302071253,2.86236371397972,0.217542616960448,0.456724817731128
YPR185W,0.0943613573908806,-1.02890229225159,0.0121453395263492,0.0571075057025162,0.0728670942907532,0.114738617961605,-1.13746854856967,-0.940290392874593
YPR186C,0.104356430470943,-0.98580926656723,0.0145834998373371,0.0617640234184436,0.0778873957072695,0.131396070122719,-1.10853285439185,-0.881417623737733
YPR189W,0.408466905355453,-0.392057508230209,0.0488953342420569,0.0532837897230991,0.323318898677826,0.477462966243426,-0.490368909209617,-0.321060310083754
YPR190C,0.292230129241943,-0.537670493125916,0.0360998393083806,0.0546764528662941,0.229769587392608,0.350477651009957,-0.63870745743608,-0.455339675197622
YPR192W,0.00685213645920157,-2.18757796287537,0.00224061503372559,0.144706992964006,0.00328503965283744,0.0119109202021112,-2.48345938403882,-1.92405469305812
YPR198W,0.198628142476082,-0.705777764320374,0.0259978679804579,0.0580177285809341,0.152987548957268,0.241668097302318,-0.815343921535451,-0.616780677302533
YPR201W,0.0217920020222664,-1.66834843158722,0.00380534085584986,0.0763017696183214,0.0152145577594638,0.0296586798038334,-1.81774066673111,-1.52784818963514
