GeneID,Mean,Mean.log10,Std.Dev,log10.Std.Dev,0.025,0.975,log10.0.025,log10.0.975
YAL067C,0.00749598164111376,-2.13996982574463,0.00195732145508322,0.114263591457191,0.00421704343752935,0.0118757035971309,-2.37499208136041,-1.92534066333374
YAL061W,0.362502843141556,-0.442458063364029,0.0327454430969298,0.0392174196848803,0.302704384922981,0.430742926150561,-0.518981291396475,-0.365781878188858
YAL060W,0.971848249435425,-0.0139113999903202,0.08112867264891,0.0362279660396442,0.823735781510671,1.13657898406188,-0.0842120728071881,0.0555996214171123
YAL058W,0.134217113256454,-0.874004125595093,0.0122793979171517,0.0396496426112618,0.112091222281257,0.159657905374964,-0.950428408450056,-0.796809573349108
YAL056W,0.0984562188386917,-1.00814652442932,0.007881243946307,0.0347511626417231,0.0844021290540695,0.11461278591305,-1.07364659810454,-0.940766969014219
YAL048C,0.0864054262638092,-1.06526041030884,0.0078809799069307,0.0395672890274394,0.0724824531003833,0.102729784262677,-1.13976711789621,-0.988303655304514
YAL040C,0.134167864918709,-0.874021708965302,0.0117602043524995,0.038152105367585,0.112664928846061,0.157764112949371,-0.94821125328809,-0.801991780106983
YAL038W,49.7925567626953,1.69615626335144,3.39381827888159,0.0295999083776044,43.6013736724854,56.6108474731445,1.6395001604036,1.75289965638884
YAL037W,0.013620869256556,-1.90842771530151,0.00601716802586574,0.197615370085111,0.00468622331197063,0.0279012100615849,-2.32917702128275,-1.55437708943612
YAL034W-A,0.121027894318104,-0.922535359859467,0.0192136467020648,0.0686694435919532,0.0871679410338402,0.162887737403313,-1.05964321222475,-0.788111611911586
YAL034C,0.0185713861137629,-1.74152028560638,0.00403252701671805,0.0957212868798611,0.011581308208406,0.0271788487986972,-1.93624238053932,-1.56576896684546
YAL032C,0.116239160299301,-0.937626957893372,0.0136373314474319,0.050934450432698,0.0917312265684207,0.144667453691363,-1.0374828003324,-0.83962925207691
YAL031C,0.101773455739021,-0.993777334690094,0.00820281884638231,0.0350293893895285,0.0866541548321644,0.118568327774604,-1.0622106092293,-0.926031305214434
YAL027W,0.211057156324387,-0.681097626686096,0.0336836982285477,0.0692429792480929,0.151637088134885,0.281553508341312,-0.819194618526699,-0.550439058959407
YAL024C,0.105732448399067,-0.97681200504303,0.0072580322261814,0.0297756473027242,0.0924603103349606,0.120527391942839,-1.03404465330137,-0.918914241175436
YAL018C,0.00345453992486,-2.542156457901,0.00206959730646754,0.280444581416997,0.00066559824141829,0.00850157688061397,-3.17678800144934,-2.07050066206896
YAL013W,0.149477824568748,-0.827857434749603,0.0158382151115672,0.0460178288456631,0.120728775858879,0.182476028675834,-0.918189202916376,-0.738794179666257
YAL012W,4.34312438964844,0.636577308177948,0.326047679532865,0.0326310533044128,3.74330828388532,4.99133703708649,0.573255595192674,0.698216883014981
YAL010C,0.135358661413193,-0.870464563369751,0.0128317582033884,0.0411892788253085,0.11188449387749,0.161903481930494,-0.951230172543088,-0.790743813101729
YAL001C,0.139990270137787,-0.854953408241272,0.00975557234547583,0.0302516431959453,0.12246873776118,0.159336847315232,-0.911974769950175,-0.797683780348396
YAR002W,0.495647013187408,-0.30608069896698,0.0376811493816019,0.0330210824820022,0.427207930386066,0.572005818784237,-0.369360694895074,-0.24259955339383
YAR003W,0.146846026182175,-0.835511744022369,0.0154076330906297,0.045404064631265,0.118830792605877,0.179774090771874,-0.925071018889534,-0.745272910505565
YAR007C,0.702060043811798,-0.154634714126587,0.0478772075208871,0.0296269557835187,0.613249651094278,0.800014424324036,-0.212362705640657,-0.0969021825921281
YAR008W,0.169902339577675,-0.774986267089844,0.0263984305221456,0.0671406832307026,0.123926007933915,0.226757025097807,-0.906837552319807,-0.644439251734124
YAR014C,0.204997584223747,-0.689527273178101,0.0157390932829683,0.0332875161025524,0.176662484680613,0.237014576420188,-0.752855665699058,-0.625224950972097
YBL105C,0.229595795273781,-0.639999628067017,0.0152965750140351,0.02891555021144,0.201376406600078,0.260674204428991,-0.695991445789661,-0.583901953538297
YBL097W,0.158027619123459,-0.802573680877686,0.012247960496492,0.033708984170882,0.135198680808147,0.182792440180977,-0.869027553264992,-0.738041769620337
YBL095W,0.0661928132176399,-1.1910754442215,0.0155889810275573,0.102053665047378,0.0401395778171718,0.100048259086907,-1.3964273018318,-0.999790477572398
YBL081W,0.110786356031895,-0.95925772190094,0.0145692093376593,0.0571110465180857,0.0850081206609805,0.141513415053487,-1.07053958704484,-0.849202394242223
YBL075C,0.0132487034425139,-1.88560724258423,0.00251687543899488,0.0824381494726072,0.00889145778492093,0.0186997124614815,-2.0510270294132,-1.72816512917697
YBL074C,0.0929470062255859,-1.03602504730225,0.0130106355797605,0.0609926209055074,0.0693472733721137,0.120107505408426,-1.15897075680568,-0.920429856959093
YBL067C,0.229412004351616,-0.640582978725433,0.0170714338802303,0.0322918681762033,0.198713338747621,0.264082265396913,-0.701772979721248,-0.578260763549032
YBL064C,0.764409363269806,-0.120339222252369,0.0997866754272485,0.0564198858251947,0.585343973835309,0.979248539110025,-0.232588874300503,-0.00910713558564476
YBL058W,1.51887845993042,0.180252715945244,0.116213493960174,0.0332544715140538,1.30635968248049,1.75506871938705,0.116062768267642,0.244294104823395
YBL056W,1.37960731983185,0.138577312231064,0.101836376284352,0.0319907799930485,1.18632164200147,1.59857602020105,0.0742024524436145,0.20373328045302
YBL047C,0.978123545646667,-0.0103995446115732,0.0590835405582554,0.026254055807587,0.869310154020786,1.09458477497101,-0.0608252481250574,0.0392494030669246
YBL043W,0.00984434131532907,-2.07928133010864,0.00567777450924691,0.261659430428592,0.00230067492617915,0.0238541701498131,-2.63814573241074,-1.62243573510128
YBL039C,1.62525177001953,0.209948629140854,0.108696806157442,0.0290743583058005,1.4236527711153,1.84659886360168,0.153404077754943,0.266372563959538
YBL038W,0.769430875778198,-0.119887731969357,0.130275698560684,0.0723091071997109,0.553030593693256,1.0734103769064,-0.257250852678727,0.030765604093837
YBL037W,0.251672834157944,-0.600154459476471,0.0169726508835234,0.0293709612920884,0.219712083290021,0.285312831401825,-0.658146058070707,-0.544678696335573
YBL036C,0.990960955619812,-0.00733066024258733,0.124312083700326,0.0542350963891018,0.758437367280324,1.25648314456145,-0.120080279531749,0.0991566665887163
YBL031W,0.0990263745188713,-1.00827956199646,0.0134998579105059,0.0592823396459679,0.074947908334434,0.127265058582028,-1.1252404834911,-0.895290838794304
YBL024W,1.30209791660309,0.113712295889854,0.0854093158740771,0.028426380731322,1.14690599143505,1.47718903919061,0.0595278190976409,0.169436076245697
YBL023C,0.252455353736877,-0.598858177661896,0.0175023864551543,0.0301039734457659,0.220756024122238,0.28746530637145,-0.656087436301473,-0.541414564133371
YBL022C,0.718185603618622,-0.14459590613842,0.0444583640380196,0.0268919004069135,0.633656194806099,0.805404690901438,-0.198146315472886,-0.0939858452719858
YBL016W,0.203897759318352,-0.69327849149704,0.0227428795840416,0.048354117858048,0.161254419138034,0.251233279705048,-0.792488381028432,-0.599922832152414
YBL014C,0.0761804580688477,-1.11966896057129,0.00637083909501105,0.036265877299292,0.0642374629775683,0.0896263925358653,-1.19221162364766,-1.04756411725808
YBL007C,0.883685231208801,-0.0544949285686016,0.0533610238292459,0.0262634523796305,0.782457172870636,0.985713997483254,-0.106539423870927,-0.00624908253202591
YBL005W,0.274935364723206,-0.561741232872009,0.0183968378328812,0.0290527804558653,0.240730789552132,0.312153309583664,-0.618468360488604,-0.505632056131369
YBR002C,0.223907127976418,-0.65414023399353,0.031399775862022,0.0603773855776872,0.169432118783395,0.291740356137355,-0.771004714411076,-0.535003500417004
YBR003W,0.28780922293663,-0.542503297328949,0.0247964465632951,0.0374065767163793,0.242717540760835,0.339677508175373,-0.61489884368321,-0.468933258115014
YBR004C,0.317945718765259,-0.499279379844666,0.0276037809722499,0.03764441295224,0.268040065964063,0.375528731445471,-0.571800284060326,-0.42535683894049
YBR011C,11.9036426544189,1.07365143299103,1.15552590869099,0.0418977548897331,9.85897135734558,14.3135670741399,0.993831604883453,1.15574787412443
YBR017C,0.662674784660339,-0.179575189948082,0.0421168865544431,0.0276086315744154,0.584690642356873,0.746146321296692,-0.23307385675524,-0.127175997861771
YBR018C,0.00582199124619365,-2.27821183204651,0.00256507935541991,0.199787347587451,0.00197985445653709,0.0119548902769263,-2.70336674315124,-1.92245460409939
YBR019C,0.00311028910800815,-2.53312802314758,0.00106312157078929,0.153255090386651,0.00137295419117436,0.00550593364750967,-2.86234397599632,-2.25916904630235
YBR021W,0.0591196045279503,-1.23065805435181,0.00620599690636644,0.0456127012958656,0.0479438943167527,0.0721859578043223,-1.3192667161745,-1.14154736050031
YBR024W,0.242231205105782,-0.619164109230042,0.0303892297657377,0.0543203953873062,0.189082126319408,0.306331896285216,-0.723349522523278,-0.513807780768648
YBR025C,8.3984956741333,0.922918856143951,0.646101847070883,0.0333877228398101,7.21737451553345,9.67413113911947,0.858379235730643,0.98561196926223
YBR026C,0.902461528778076,-0.0461585037410259,0.0776643943641387,0.0370461559123299,0.769274807969729,1.07257216274738,-0.113918489949316,0.0304265211522427
YBR028C,0.250503271818161,-0.602682411670685,0.0207951299899774,0.0360578083932824,0.211489593610168,0.292794406414032,-0.674711007260631,-0.533437224357923
YBR030W,0.116392612457275,-0.936015605926514,0.0110247598763086,0.0410436253679853,0.0962528289606174,0.13963882997632,-1.0165865214465,-0.854993809582837
YBR035C,1.94614505767822,0.283564805984497,0.316473011932499,0.0696383449796591,1.42613371312618,2.65853658715884,0.154160246505169,0.424642637779824
YBR036C,1.31236338615417,0.116688013076782,0.104235051973329,0.0344553542686413,1.12070440252622,1.52710139552752,0.049491062184395,0.183867873443302
YBR037C,0.309400379657745,-0.512786149978638,0.0383851982254009,0.053578864621753,0.242428094521165,0.390985951075951,-0.615417055304626,-0.40783885190503
YBR039W,1.96150600910187,0.290766537189484,0.179705857292879,0.0398223934251049,1.62374830245972,2.33466441432635,0.210518710050129,0.368224462971764
YBR040W,0.00422590645030141,-2.45999503135681,0.00262388345564638,0.287987579106833,0.00082662183898113,0.0107483939112475,-3.08269368094143,-1.96865818349612
YBR042C,0.485636234283447,-0.315336972475052,0.0424123813063555,0.037844002567121,0.409665507574876,0.574483513832092,-0.387570601824695,-0.240722429907782
YBR044C,0.113327175378799,-0.947579324245453,0.0106497606421555,0.0407660703433689,0.0943759532645345,0.135581780225039,-1.02513864867412,-0.867798669159416
YBR045C,0.0122088855132461,-1.92187464237213,0.00242118526673109,0.0866498735907486,0.00799145609295617,0.0174889671771477,-2.09737408796696,-1.75723585799931
YBR046C,0.896123707294464,-0.0494840368628502,0.0832254306014751,0.0400403490673935,0.747215856611729,1.07705724239349,-0.126553928007974,0.0322387853731854
YBR050C,0.0132468780502677,-1.90196228027344,0.0044068558543839,0.146648124722535,0.00617338092221568,0.0231143196579069,-2.20947693487884,-1.63611888785488
YBR053C,0.706912994384766,-0.152425795793533,0.0644606419717064,0.0394208445540965,0.589401704569658,0.840105436742306,-0.229588615097855,-0.0756662788181057
YBR055C,0.130455926060677,-0.885856151580811,0.010191637881138,0.0339073228446587,0.111512988122801,0.151027755190929,-0.952674557610929,-0.820943242388333
YBR056W,0.559182822704315,-0.253787636756897,0.0441201757645402,0.0340947628834509,0.481514755884806,0.65198859423399,-0.317390399519175,-0.185760012298791
YBR057C,0.283233493566513,-0.550183713436127,0.0293997003202087,0.0449907329698131,0.229948984707395,0.34577629044652,-0.638368506427188,-0.461204791084692
YBR058C,0.366190612316132,-0.437385886907578,0.0260008511965599,0.0308383543362726,0.31694691653053,0.419405996799469,-0.499013471741997,-0.377365364146547
YBR060C,0.16002981364727,-0.797390937805176,0.0137042843971881,0.0372202872143824,0.134668216109276,0.188063661009073,-0.870734892748879,-0.725695113878616
YBR063C,0.00696294801309705,-2.1868622303009,0.00256554193612689,0.163623255880661,0.00288972061049814,0.012859516342481,-2.53914416273015,-1.89077568245691
YBR065C,0.115417420864105,-0.941297292709351,0.0148096845800392,0.055776248782484,0.0883637454360724,0.147211242467165,-1.05372591547733,-0.832059022997447
YBR070C,0.173967614769936,-0.769389688968658,0.037061282101602,0.0930142890168438,0.110065906619032,0.25354923059543,-0.95834732626718,-0.595937703337041
YBR076W,0.0083430390805006,-2.10968589782715,0.00313524155540251,0.167603722642469,0.00342864349950105,0.0156802093765388,-2.46487766993073,-1.80464857780234
YBR078W,13.679859161377,1.13493835926056,0.992208195267757,0.0315055752481801,11.8599271933238,15.6952634096146,1.07408201971663,1.1957686081292
YBR080C,0.885078132152557,-0.0539329908788204,0.0575279640110697,0.0281809448264951,0.778339843451977,1.00227463245392,-0.10883073750009,0.000986738514332428
YBR081C,0.195500537753105,-0.709774732589722,0.012737867096487,0.0283061107016573,0.171470642089844,0.22099738381803,-0.765810225882414,-0.655612867677811
YBR083W,0.128399804234505,-0.893620491027832,0.0129110535221105,0.0435183713669545,0.105073113615314,0.156251166015863,-0.978508407701555,-0.806176747054809
YBR084W,0.753164112567902,-0.123956993222237,0.046992024237491,0.0271431116241922,0.665851581593355,0.843709100286166,-0.176622565040209,-0.0738072666958293
YBR094W,0.325700670480728,-0.488262802362442,0.0230061479340364,0.0306461334964513,0.283452106515567,0.372539103031158,-0.547520330392603,-0.42882813542745
YBR096W,2.21141147613525,0.339999794960022,0.326845911693783,0.0636305189099871,1.62737809518973,2.90839989185334,0.211488465867824,0.463653834346993
YBR103W,0.179477900266647,-0.747559130191803,0.0152823790352427,0.0369563209006579,0.151034919793407,0.210226012269656,-0.820922645556789,-0.677313547671668
YBR110W,0.588230907917023,-0.231817558407784,0.0467091073615393,0.0344499343602446,0.503183762729168,0.685640559097131,-0.298273382195979,-0.163903499869651
YBR115C,0.707567751407623,-0.151021137833595,0.042664087207859,0.026194674787885,0.629710899790128,0.78936904668808,-0.200858791646811,-0.102719907477019
YBR117C,0.00507241347804666,-2.31153702735901,0.00141064034940751,0.121698714187744,0.00274559510095666,0.00834475737065077,-2.5613640097583,-2.07858628620096
YBR119W,0.160794362425804,-0.797964453697205,0.0225608085085949,0.0606668825009921,0.121398598576585,0.209593297044436,-0.915786327935229,-0.678622615476933
YBR121C,4.84501886367798,0.68440169095993,0.310468759848715,0.0278592206924741,4.26902186870575,5.47235770622889,0.630328376783817,0.73817447712246
YBR125C,0.258495509624481,-0.589572846889496,0.02502537353351,0.0419404534542288,0.21304377540946,0.311412668228149,-0.671531191682031,-0.506663725774694
YBR126C,1.20436704158783,0.0795945897698402,0.0883920512250392,0.0317780135951048,1.04432305892309,1.38246762752533,0.018834866792456,0.140654970463736
YBR127C,6.07323932647705,0.78239244222641,0.418209986723947,0.0298859277126808,5.30634356339773,6.93352851470312,0.72479536511183,0.840954291409578
YBR128C,0.0352695696055889,-1.46178364753723,0.00721977741365315,0.0899989663584613,0.0224331851738195,0.0507420155840616,-1.64910905879307,-1.29463234996443
YBR132C,0.285178422927856,-0.546241581439972,0.0225695918158107,0.0343292726687117,0.243677571415901,0.331145455439885,-0.613184442331772,-0.479981200805184
YBR138C,0.116690501570702,-0.934991598129272,0.0113045076291341,0.0419697660091868,0.0962781439845761,0.140435700739423,-1.01647232120886,-0.85252248834155
YBR140C,0.166394993662834,-0.779656171798706,0.0100798187194532,0.0263273823917065,0.147842556238174,0.186478486036261,-0.830200536988849,-0.729371265430922
YBR145W,0.219247460365295,-0.661654770374298,0.0239773481673161,0.0474449147347985,0.175917386387785,0.268588806937138,-0.754691237619636,-0.570912089910953
YBR146W,0.715587913990021,-0.148378223180771,0.0852518800230324,0.051316491827117,0.568198064963023,0.898577866951625,-0.245500251449447,-0.0464442888961536
YBR151W,0.587342739105225,-0.2333874553442,0.0602970545329386,0.0445125920334333,0.477814882993698,0.713313037157059,-0.320740326956647,-0.146719845475657
YBR157C,0.165792644023895,-0.788218915462494,0.0315600673639818,0.0823938467857908,0.110943280160427,0.237058668956161,-0.954898997872058,-0.62514421448608
YBR158W,0.456613093614578,-0.341745495796204,0.0352650967402267,0.033560987648242,0.390541629989942,0.527304893732071,-0.408332672100322,-0.277938198147267
YBR159W,2.50812697410583,0.397758096456528,0.215038081625105,0.0372106744329255,2.10836920142174,2.9512188454469,0.32394666334199,0.470001412688407
YBR160W,0.449575871229172,-0.349981069564819,0.0510339729720827,0.0491828289725404,0.358752976854642,0.556571184595426,-0.445204488139655,-0.254479288820063
YBR161W,0.186802849173546,-0.731188833713531,0.0203487258614166,0.0473325250989754,0.1502079701672,0.229464863861601,-0.823307039911691,-0.639283846413475
YBR162C,6.20518732070923,0.791622340679169,0.449187484980061,0.0313456401741127,5.40227460861206,7.12621689240138,0.732576656484847,0.852859032329391
YBR163W,0.0756366550922394,-1.12363719940186,0.0078972115791276,0.0454565728774091,0.0608281563346585,0.09198115101705,-1.21589561690962,-1.03630117101468
YBR168W,0.0991402864456177,-1.00678491592407,0.0117424195632557,0.051402523483993,0.0781242553144693,0.123943512576322,-1.10721413090513,-0.906776202334899
YBR169C,0.301166266202927,-0.522356271743774,0.0220301148372843,0.0318060646291926,0.260305594901244,0.344792343427738,-0.584516520953971,-0.462442388187171
YBR175W,0.162593171000481,-0.792931973934174,0.022222269348388,0.0592807882681346,0.123232102642457,0.209455204258363,-0.909276173091514,-0.678909118705045
YBR176W,0.358513742685318,-0.448260009288788,0.0405572255402641,0.0490462746753575,0.285565322885911,0.445219865441322,-0.544294531903185,-0.351425466592153
YBR177C,0.699114918708801,-0.156767845153809,0.0544671404437153,0.0338325653179365,0.599345832069715,0.813545405864716,-0.222322517957262,-0.0896182038037061
YBR180W,0.00592109793797135,-2.24662375450134,0.00174672369803016,0.130363128361626,0.00299289378842028,0.00992091093212366,-2.52390896229686,-2.00344844935473
YBR182C,0.0125737292692065,-1.91488862037659,0.00322994905361553,0.112590566909882,0.00709580468634764,0.0197143325271706,-2.14899835074921,-1.70521792416409
YBR183W,0.0962177887558937,-1.02233052253723,0.0154950786595386,0.0697209822134084,0.0690808966755867,0.130423391237855,-1.16064203389074,-0.884644511612187
YBR186W,0.00452754413709044,-2.36649346351624,0.00144773077647278,0.141433892788572,0.00215961322537623,0.00776225206597398,-2.66562402636985,-2.11001226102832
YBR192W,0.294408798217773,-0.533105909824371,0.0287498535973382,0.0422557086249832,0.242306050285697,0.356465741495291,-0.61563574347349,-0.447982202145443
YBR195C,0.171527311205864,-0.767852067947388,0.0172189383681451,0.043634739788832,0.140225484967232,0.206984997044007,-0.85317304931646,-0.68406113654673
YBR196C,18.9593887329102,1.27690267562866,1.23707473653391,0.0283468364781286,16.7244416395823,21.3693254470825,1.223351626385,1.32979081311643
YBR205W,1.65883123874664,0.218510344624519,0.128176102391002,0.0334860792287063,1.42789717813333,1.91791080435117,0.154696933850329,0.282828391852813
YBR207W,0.819341480731964,-0.0877779796719551,0.0620879395700822,0.0328395906229656,0.707687823971113,0.946238445242246,-0.150158278688451,-0.0239994158721331
YBR212W,0.303255617618561,-0.519359290599823,0.0222697687580516,0.0318718648255726,0.261798087507486,0.348695780833562,-0.582033535264018,-0.457553308165612
YBR223C,0.050640944391489,-1.29866743087769,0.00611959128504084,0.0525576336204866,0.0394865446413557,0.063374310793976,-1.40355087060593,-1.19808675068338
YBR225W,0.0777794644236565,-1.1106424331665,0.00647990841443176,0.0362503244764711,0.0654497629652421,0.0910548096522689,-1.18409193061876,-1.04069711269043
YBR227C,0.245738506317139,-0.61106264591217,0.0207283278226455,0.0364725629393295,0.20914014937977,0.289147821068764,-0.679562587620919,-0.538880076823203
YBR228W,0.0587227530777454,-1.23945009708405,0.0115118961758641,0.0848778010985509,0.0388495798222721,0.0850473072379828,-1.4106137062483,-1.07033943431346
YBR229C,0.502426326274872,-0.299797207117081,0.0318254758607151,0.027498436740786,0.444092273712158,0.565116619567076,-0.352526782587108,-0.247861923673953
YBR236C,0.350224435329437,-0.457216411828995,0.0297620167510162,0.0368547408851309,0.294560034821431,0.413523014634848,-0.53082617871507,-0.383500322540129
YBR241C,0.141825214028358,-0.850311815738678,0.0138619852633893,0.0423733893589651,0.116581842489541,0.170754208539923,-0.933369149042073,-0.767628595750373
YBR246W,0.231308132410049,-0.638014078140259,0.0233871121971596,0.0437521064945147,0.189000347753366,0.281906801462173,-0.723537471711028,-0.549894446090238
YBR247C,0.605345785617828,-0.21930156648159,0.0470144116003267,0.0336590902171414,0.521007640659809,0.70045285075903,-0.283155910883646,-0.15462109813604
YBR248C,0.629982888698578,-0.201783075928688,0.0450596252277045,0.0310822516370968,0.546400655309359,0.721214763323466,-0.262488788936742,-0.141935392083948
YBR250W,0.00567237986251712,-2.26617765426636,0.00170350146510521,0.133635843906626,0.00287681787740439,0.00943742648232728,-2.5410876503859,-2.0251464186463
YBR251W,0.574345350265503,-0.243170842528343,0.059833410723218,0.0451009642757757,0.46902058844765,0.698647704720497,-0.328808095023219,-0.155741764342676
YBR263W,2.19332098960876,0.340042650699615,0.153167800614482,0.030360376783922,1.9091020822525,2.4995813369751,0.280829151323812,0.397867273364954
YBR265W,0.658178687095642,-0.183752924203873,0.0648004967850389,0.0426967666366133,0.539247393608093,0.7922778810064,-0.268211945334102,-0.101122473566393
YBR270C,0.018208971247077,-1.74701309204102,0.00333973368786135,0.0799531193551126,0.0123171069116021,0.0254713934225341,-1.90949131063975,-1.59394730189251
YBR271W,0.185829609632492,-0.733045876026154,0.0185999631618736,0.0433111716508153,0.152649975692232,0.225145869702101,-0.816303270606091,-0.647536016231856
YBR272C,0.301994740962982,-0.52158123254776,0.0258169422027648,0.0370500664725002,0.254645174990098,0.356774722536405,-0.594064573015262,-0.447605923665449
YBR274W,0.148864075541496,-0.829060137271881,0.0137386018826067,0.0401055507929375,0.123332731177409,0.176431221266588,-0.908921652234695,-0.753424563006095
YBR276C,0.10625996440649,-0.975108802318573,0.00877868972401115,0.0358674398533638,0.0903472010667125,0.123904752545059,-1.04408529725449,-0.906912035786858
YBR281C,0.266007751226425,-0.576134324073792,0.0183583517689855,0.0298795562338179,0.233068527653813,0.304159520069758,-0.632516367854493,-0.51689858575061
YBR283C,3.27856206893921,0.514597654342651,0.231875378179113,0.0307192575605237,2.84084463119507,3.74451026121775,0.453447482346741,0.573395022476459
YBR286W,6.00633811950684,0.777647078037262,0.400261053193611,0.0289186078313629,5.27206954161326,6.84257527192434,0.721981130179959,0.835219581622172
YBR288C,0.534112751483917,-0.273731350898743,0.0423782244519433,0.0344607564336127,0.456571662177642,0.620356500148773,-0.340491050722261,-0.207358662837297
YBR289W,0.168888673186302,-0.773645997047424,0.0128223256389742,0.0329199789737601,0.145448066294193,0.195027038455009,-0.837292050255079,-0.709905174084793
YBR293W,0.0491403639316559,-1.31281280517578,0.00688530929512175,0.0609217066197491,0.0369046909734607,0.0637594687441985,-1.43291858291509,-1.19545531703265
YBR294W,0.00345182162709534,-2.48066163063049,0.00100417252511584,0.12948331845666,0.00175714773261764,0.00570554340956733,-2.75519295053474,-2.24370299766513
YBR298C,0.00282524013891816,-2.5858907699585,0.00115896534260529,0.18378342306665,0.00106121957166276,0.00560809172069033,-2.97419995407521,-2.25118490624692
YCL064C,4.73545789718628,0.673863112926483,0.393135680734341,0.036119241034446,4.00395332972209,5.50006924470266,0.602489005667989,0.740368157197281
YCL063W,0.220281779766083,-0.658994734287262,0.0210227734422495,0.0414190926406079,0.181932985782623,0.263878366847833,-0.740088553027593,-0.578596322255222
YCL061C,0.124604150652885,-0.905626773834229,0.00910069129485079,0.0317241160253356,0.107939950190485,0.143522806589802,-0.966817787151005,-0.843079086772523
YCL059C,0.868238985538483,-0.0634337365627289,0.085076760126976,0.042415529524267,0.714685440063477,1.04727604985237,-0.145885065477536,0.0200611710726293
YCL054W,0.373906821012497,-0.428251624107361,0.0255850991992628,0.0297050454029608,0.326767325898012,0.425963956862688,-0.485761377962704,-0.370627147612674
YCL048W,0.00446934718638659,-2.38440108299255,0.00177003712994771,0.177783948670972,0.00174595245916862,0.00863987818205109,-2.75796773920049,-2.0634927521802
YCL047C,0.388451963663101,-0.414761900901794,0.053544510577673,0.059703123846406,0.294965977718433,0.500841082135836,-0.530228074511935,-0.30030006167097
YCL045C,1.35397124290466,0.130748197436333,0.0853007116006954,0.0273458520472997,1.19824772278468,1.52768489917119,0.0785465866063026,0.184033780625235
YCL038C,0.230094090104103,-0.639577448368073,0.0190515605788815,0.035906680123838,0.195232315237323,0.269224314391613,-0.709448339373832,-0.56988572034236
YCL034W,0.4544917345047,-0.344354331493378,0.0423661878937607,0.0404317256395329,0.376871675252914,0.540999297300975,-0.423806501827699,-0.266803309613673
YCL030C,1.51424741744995,0.1793422549963,0.095059204052576,0.027237453509251,1.34192601243655,1.7058366437753,0.12772857149929,0.231937438984142
YCL029C,0.132307916879654,-0.880614161491394,0.0133109290091922,0.04374424846556,0.107556377413372,0.159870619202654,-0.968363834348689,-0.79623135163069
YCL028W,1.3819739818573,0.139250203967094,0.104933506419625,0.0329628182759785,1.18396144608657,1.59885014295578,0.0733375567706253,0.203807758547213
YCL018W,0.00280982628464699,-2.6340446472168,0.00171134205487022,0.281723987342361,0.000562080974244357,0.00702808446173247,-3.25020129115911,-2.15316447503914
YCL017C,0.974150896072388,-0.0125183593481779,0.0707973347844483,0.031521223680645,0.843961551785469,1.12289321323236,-0.0736774384673798,0.0503384453112128
YCL016C,0.0948541462421417,-1.02653479576111,0.012198462459045,0.0559595301371394,0.0720939633746942,0.120535013079643,-1.14210109898631,-0.918886781135577
YCL014W,0.157279402017593,-0.804248929023743,0.010245889839595,0.0282799169584526,0.13833986222744,0.177613648896416,-0.859052661170656,-0.750523663840465
YCL004W,0.0411496832966805,-1.38954329490662,0.00553085062149679,0.0583668667320196,0.031085854737709,0.0529197012384733,-1.50743721027614,-1.27638261858704
YCR004C,2.08071303367615,0.314618080854416,0.269076170490969,0.0558782001432081,1.60912556648254,2.66142101883888,0.206589934087388,0.425113573778234
YCR005C,1.41677403450012,0.150106281042099,0.10518881505398,0.0322039517641712,1.22611701687177,1.62801268299421,0.0885319195098061,0.211657774454507
YCR007C,0.0619418993592262,-1.2273885011673,0.0185910593092518,0.130919677447778,0.0321580514932672,0.104190046774844,-1.49271028797828,-0.982173776467459
YCR008W,0.19780795276165,-0.705204010009766,0.0161487034664804,0.0355146701042858,0.168412640690804,0.231167191018661,-0.773625314402684,-0.636073815838877
YCR009C,2.29003643989563,0.357399821281433,0.243160538858522,0.0461045365724521,1.83822084665298,2.81955931186676,0.264397680699554,0.450181224550146
YCR010C,0.0200130622833967,-1.7242716550827,0.0068514742614327,0.15152312829187,0.00894688499780993,0.0355604200003048,-2.0483282262665,-1.44903316905578
YCR011C,0.624537944793701,-0.205270528793335,0.0385701216562003,0.0268586893751438,0.550788900752862,0.701258838176727,-0.259014828303531,-0.154121652156895
YCR012W,47.0393257141113,1.67129099369049,3.46785030209977,0.0319471328364345,40.7446646690369,53.7999937057495,1.61007074602476,1.73078222178975
YCR014C,0.00486531807109714,-2.33466744422913,0.00153069637196084,0.139984240634793,0.00236825973843224,0.00830505162787934,-2.62557067655953,-2.08065766869627
YCR015C,0.159283339977264,-0.80167555809021,0.0213336902800868,0.0577528979781388,0.122346187134584,0.20451150747637,-0.912409565068995,-0.689282308761595
YCR016W,0.473905652761459,-0.327282518148422,0.0558579668954622,0.0507643744965424,0.37673362493515,0.596198711792629,-0.42396568304419,-0.224609279132299
YCR021C,0.024767080321908,-1.62060546875,0.00639561442927632,0.113060390637249,0.0141202452592552,0.0392033278631667,-1.85015781143129,-1.40667711031801
YCR028C,0.236892014741898,-0.627009987831116,0.0200902928330997,0.0368336374777346,0.199512319018443,0.278330673774083,-0.700030284059115,-0.555438941128761
YCR030C,0.346265017986298,-0.461602240800858,0.0236257626327475,0.0296436302917376,0.302636538197597,0.393442839384079,-0.519078640800182,-0.405118354393311
YCR034W,2.7439751625061,0.436858654022217,0.230182032931158,0.0363546181283434,2.32361701726913,3.22317975958188,0.366164542128462,0.50828452643014
YCR036W,0.49096816778183,-0.311103671789169,0.049150726829575,0.0432516358058794,0.403630263606707,0.595046960314115,-0.394016489331778,-0.225448759255095
YCR042C,0.191558554768562,-0.718639731407166,0.0126244701570348,0.0286119760615974,0.168124865740538,0.216811463236809,-0.774368049799739,-0.66391775954657
YCR044C,0.553169250488281,-0.259039491415024,0.0518024337707193,0.040618043828967,0.459492743511995,0.662867846588294,-0.337721345205126,-0.178573047589761
YCR045C,0.00398795492947102,-2.43256235122681,0.00155028662987693,0.1741333810062,0.00156113707635086,0.00767086776516711,-2.80656056378836,-2.11515550387889
YCR047C,0.205793112516403,-0.691733241081238,0.031891159348331,0.0670311743451294,0.149489060044289,0.274304986000061,-0.825390588852889,-0.561766298218901
YCR053W,5.43735933303833,0.73434054851532,0.378025190721243,0.0301847601158318,4.74044088919957,6.2025203704834,0.675818734844962,0.792568199268149
YCR054C,0.174254536628723,-0.760446131229401,0.0151767806220578,0.0375901282812182,0.147445252413551,0.206601389745871,-0.831369229297134,-0.68486676446514
YCR061W,0.479001551866531,-0.320767670869827,0.0341676537583275,0.0309902709537708,0.415390767157078,0.547197461128235,-0.38154316070749,-0.261855926310886
YCR066W,0.0741814374923706,-1.13270115852356,0.00873081914560742,0.0510665029784397,0.0585441297230621,0.0930239509791136,-1.23251664724762,-1.03140523648144
YCR067C,0.419530630111694,-0.378148287534714,0.0271830937481002,0.0281393553023367,0.369864159077406,0.473365068435669,-0.431957754836491,-0.324803793608815
YCR068W,0.116094760596752,-0.937338590621948,0.0115789579202565,0.0432405854503871,0.0954756277302901,0.140270665784677,-1.02010747757905,-0.853033151736888
YCR069W,1.17052757740021,0.0665550455451012,0.107489161658893,0.0398522312473325,0.973070786396662,1.39477021793524,-0.0118555657465902,0.144502659841955
YCR072C,0.308706611394882,-0.511876583099365,0.0250322690126348,0.0351568990223634,0.262884113937616,0.360191445052624,-0.580235661509265,-0.443466606372935
YCR075C,0.287145972251892,-0.546539187431335,0.0420765293131654,0.0635815046386697,0.214264944071571,0.37723398655653,-0.669048878611634,-0.423389264298104
YCR076C,0.157905861735344,-0.809050023555756,0.029441979796636,0.0805267120603016,0.10694799417009,0.222424986213446,-0.970827568618472,-0.652816456684907
YCR084C,0.899411618709564,-0.0469594746828079,0.0584906903543162,0.0282568827576461,0.793061959246794,1.01386157870293,-0.10069289072731,0.00597866513315436
YCR095C,0.198655247688293,-0.704285502433777,0.0208730481293579,0.0455809273945319,0.161126312240958,0.24248387714227,-0.792833538350559,-0.615317134076449
YCR098C,0.0184023883193731,-1.74232971668243,0.00336379168875597,0.0793047696679578,0.0125858412357047,0.0258130783370386,-1.9001177512229,-1.58816021282506
YDL239C,0.00265330215916038,-2.59996747970581,0.000864901573040474,0.146621696955704,0.00123250262016275,0.00458929230226204,-2.90921215288697,-2.3382542917263
YDL238C,0.0504046641290188,-1.30106151103973,0.00644144814777223,0.0554376166407241,0.0390678718686104,0.0638211667537689,-1.40818024531199,-1.19503526046699
YDL237W,0.851604580879211,-0.0711937770247459,0.0692848164862523,0.0352780959178295,0.722336295743783,0.994954887529214,-0.141260562428022,-0.00219661039665894
YDL236W,1.42546772956848,0.152168691158295,0.129662937113225,0.0394206378336676,1.18864638010661,1.70164996087551,0.0750526552128845,0.230870227695893
YDL234C,0.190296798944473,-0.721805512905121,0.0143621315504734,0.0328246930577371,0.163777576511105,0.218661679575841,-0.785745560673474,-0.66022732033863
YDL230W,0.154595732688904,-0.814171969890594,0.0193200848056856,0.054089206875283,0.120501810498536,0.196058721095324,-0.919006427914007,-0.707613845587932
YDL225W,0.598894238471985,-0.223790630698204,0.0434064289219611,0.0314795937321278,0.518699303766092,0.685969847937425,-0.285084335481223,-0.163694973510844
YDL222C,0.0152684189379215,-1.84210920333862,0.00529542346958608,0.151962849470096,0.00693951632905131,0.0274131075013429,-2.15867085191052,-1.56204196760338
YDL220C,0.0564726553857327,-1.25000083446503,0.00520953968321676,0.0400078043807315,0.047070970137914,0.0676182210445404,-1.32724686749418,-1.16993625919436
YDL218W,0.00954867526888847,-2.05475449562073,0.00377515757533259,0.178391238393712,0.00360841381674012,0.0181633598636836,-2.442683690848,-1.74080382072638
YDL216C,0.0788758099079132,-1.10612261295319,0.009378007875657,0.0517242858371584,0.0615463712873558,0.0983705935378869,-1.21079754878396,-1.00713470994389
YDL215C,0.286352783441544,-0.54403018951416,0.0187685105848119,0.0284494556997615,0.251644670218229,0.324318561454614,-0.599212266987863,-0.489028195062138
YDL214C,0.0010226801969111,-3.06491160392761,0.000585591947280309,0.268590529390902,0.000223374734317379,0.00245126406662166,-3.65096843107883,-2.61060990111054
YDL207W,0.16397750377655,-0.786937415599823,0.0146119527643099,0.038683692193467,0.138028044129411,0.194152650733789,-0.860032669215047,-0.711856694235349
YDL205C,0.448622792959213,-0.350462883710861,0.0467975418548006,0.0451078246256193,0.364413044601679,0.549826299150785,-0.438406112299753,-0.259774495337775
YDL204W,0.0295016746968031,-1.53877675533295,0.00587735206087741,0.0869980176206185,0.0191694256383926,0.0424733912572265,-1.71739105895418,-1.37188306169981
YDL201W,0.395577132701874,-0.405968517065048,0.0481321975779869,0.0527649940679489,0.309439878414075,0.496962922314803,-0.509423718244302,-0.303676017749124
YDL195W,1.40246295928955,0.146129250526428,0.083221667757679,0.0257517077326158,1.24936290582021,1.56902146339417,0.0966886073202344,0.195628884549264
YDL189W,0.239270970225334,-0.622846186161041,0.0214683279070336,0.0388236357143964,0.200737074017525,0.285212082912525,-0.69737241050058,-0.544832092535373
YDL186W,0.00334460637532175,-2.60967922210693,0.00262296639457982,0.366235594873021,0.000373918372982492,0.0104021405723567,-3.42722319964172,-1.98287728805215
YDL183C,0.0790364593267441,-1.10801005363464,0.0129684795195599,0.0714391832606014,0.0559785179793835,0.107637193985283,-1.25197860358146,-0.968037784518174
YDL180W,0.192174956202507,-0.717897355556488,0.0165129868648987,0.0371881013809592,0.162573103482525,0.226024460668365,-0.788951320178753,-0.645844558659909
YDL179W,0.180875688791275,-0.746474981307983,0.0243109336884162,0.0577516240109879,0.139452452336748,0.234308945015073,-0.855573864126054,-0.630211140594823
YDL178W,0.488244712352753,-0.312584072351456,0.0366759160091441,0.032582810125633,0.420955361922582,0.564729747672876,-0.375764005654808,-0.248159351160003
YDL170W,0.100196167826653,-1.00135111808777,0.0101029360187546,0.0437777556778415,0.0814438137536248,0.121089480568965,-1.08914192457032,-0.916893596584858
YDL168W,1.01574540138245,0.0053373659029603,0.0830869437749964,0.0354317476894342,0.866086833675702,1.18330641885598,-0.0624385637552775,0.0730972192155278
YDL167C,0.264923602342606,-0.578067123889923,0.0196355856673734,0.0321277418186471,0.229183430100481,0.305487437297901,-0.639816793710928,-0.515006648256358
YDL161W,0.540847539901733,-0.268403381109238,0.0447181794793612,0.0358330707880616,0.461184381693602,0.631688416004181,-0.336125410772477,-0.199497087189201
YDL160C,2.00780653953552,0.301671952009201,0.139546316995083,0.0302102242272265,1.75248076717059,2.28089295625687,0.243653252138807,0.358104893774096
YDL159W,0.14652644097805,-0.836096584796906,0.0141598094083796,0.0418527806371625,0.120747119374573,0.175868321706851,-0.918123225784213,-0.754812381724904
YDL156W,0.0895032584667206,-1.05064535140991,0.00959256770632185,0.0464396877026998,0.0720649410660068,0.109414448837439,-1.14227596456076,-0.960925349983361
YDL147W,2.29617261886597,0.359806090593338,0.170966015125016,0.0322518646730152,1.98798586626848,2.64802657365799,0.298413291108133,0.422922338153268
YDL146W,0.113849766552448,-0.94610607624054,0.0120812323627106,0.0460754390488651,0.0913972379018863,0.138923910756906,-1.03906692950193,-0.857223015196268
YDL145C,1.8009968996048,0.254724502563477,0.108560646966988,0.0262071612266454,1.59781429966291,2.0132839679718,0.203526302954845,0.303905035209276
YDL132W,0.662052631378174,-0.180010393261909,0.0427017586772482,0.0280032828856646,0.582871725658576,0.746810129284859,-0.234427039045541,-0.126789800173132
YDL127W,0.242104396224022,-0.619000434875488,0.0286614958162939,0.0509923686628775,0.191155449673533,0.305148477603992,-0.718613325187655,-0.515488792413368
YDL126C,4.87695121765137,0.687327861785889,0.299948381413765,0.0267191722764002,4.31604601939519,5.4716060201327,0.635086062794462,0.738114818160413
YDL124W,2.30063319206238,0.360071808099747,0.208160970832771,0.039289352216428,1.91771268844604,2.72951886455218,0.282783541745435,0.436086099493805
YDL119C,0.135884001851082,-0.871145784854889,0.0191250333426826,0.061402133155732,0.10143295135349,0.176247630640864,-0.993820943995108,-0.753876713761542
YDL114W,0.00367244426161051,-2.51495361328125,0.00218961722751174,0.276199721425722,0.000762424372563449,0.00910166571848095,-3.1178032985765,-2.04087918535988
YDL111C,0.526178658008575,-0.282253444194794,0.0658380270927704,0.0543019142316705,0.40706724151969,0.665940215190252,-0.390333846888873,-0.176564763241426
YDL109C,0.0152127668261528,-1.82429623603821,0.00263201075728671,0.0754041774457424,0.0106313992136468,0.0207977844091753,-1.9734096753392,-1.68198293316369
YDL106C,0.304176062345505,-0.518167674541473,0.0234875888842956,0.0335209758250772,0.261103123178085,0.352090728779634,-0.583187942526911,-0.453345424164919
YDL104C,0.0663003250956535,-1.18220257759094,0.00867882151325073,0.0569277793113753,0.0507037749513984,0.0849646461506685,-1.2949597248743,-1.07076174710786
YDL102W,0.256431579589844,-0.591966032981873,0.016864417226949,0.0285630215587696,0.224988778556387,0.28987262621522,-0.647839142283755,-0.53779279490405
YDL093W,0.453579604625702,-0.34431266784668,0.0302906083817458,0.0289929500109245,0.396844821671645,0.514281038443248,-0.401379286112195,-0.288799494858456
YDL086W,0.666797339916229,-0.179047182202339,0.0792934216137278,0.0513801154124378,0.52878024528424,0.833513060212135,-0.276724820649863,-0.0790875939750343
YDL085W,0.00918058305978775,-2.04975605010986,0.00220369300862752,0.105779551924877,0.00535411235177889,0.014013228767241,-2.2713126454119,-1.85346178869224
YDL079C,0.00324392132461071,-2.5290834903717,0.00137711570199846,0.19221170435821,0.00114411587710492,0.00647735916233312,-2.94153187578544,-2.18860211165689
YDL069C,0.105743177235126,-0.992539763450623,0.029517215410007,0.121788125987119,0.0573683043941855,0.173695777729154,-1.24132858881533,-0.760210740871596
YDL058W,0.328767120838165,-0.48387622833252,0.0195111379785183,0.0257968591629941,0.292535972595215,0.367339718838533,-0.533820724137015,-0.434932111027024
YDL057W,0.0871948674321175,-1.06447303295135,0.0132059772644053,0.0657941255348293,0.0643543853114049,0.115503460851808,-1.19142186303383,-0.937405004594764
YDL054C,0.266388416290283,-0.575997889041901,0.0222384287248664,0.0362743717049066,0.225365168228745,0.3113063963751,-0.647113207780316,-0.506811962168414
YDL051W,0.871411919593811,-0.0626787394285202,0.101118073647374,0.0502005788623148,0.692417244613171,1.08185252249241,-0.159632126599349,0.03416805016717
YDL049C,0.0393826104700565,-1.42116117477417,0.0108479950033843,0.120825767091796,0.0214012888260186,0.0642720721041163,-1.6695601860607,-1.19197780430856
YDL048C,0.00900552328675985,-2.06172919273376,0.00245064629714528,0.120149266991262,0.00487413599621505,0.0144079322538649,-2.31210241829404,-1.84139837729263
YDL047W,0.51663213968277,-0.28915011882782,0.0536598504470061,0.0450096464993536,0.419057561457157,0.62628629753987,-0.377726322526273,-0.203227121163726
YDL044C,0.172564715147018,-0.765113770961761,0.0167762726682219,0.0424809688779834,0.140619974583387,0.2061703885595,-0.851952985988371,-0.685773751687421
YDL040C,1.11199033260345,0.0452414229512215,0.0701080535475504,0.0272916218173575,0.987642526626587,1.25629651546478,-0.00540021817142625,0.0990921551909811
YDL039C,0.00175676459912211,-2.80286645889282,0.000813248988569888,0.209897763706415,0.000567443413213671,0.00370747397537344,-3.2460774437815,-2.43092230564867
YDL037C,0.00226806476712227,-2.76668691635132,0.0016940834444905,0.34854785300718,0.000298706812221402,0.00677053291583434,-3.52475507864492,-2.16937715426855
YDL033C,0.0568675361573696,-1.24951577186584,0.00806848060592554,0.0618684401279961,0.0422143754859765,0.0737112191195289,-1.37453963140344,-1.1324664138604
YDL030W,0.138950824737549,-0.858947455883026,0.0127081782915053,0.0396795296550389,0.115641311866542,0.166180888563395,-0.936886993555432,-0.779418934327911
YDL029W,2.25457978248596,0.351729393005371,0.177090915816787,0.0340793738381215,1.92546190917492,2.62182546854019,0.284534930202944,0.418603775817335
YDL025C,0.140664860606194,-0.853423058986664,0.0121088219860532,0.0374341620843268,0.118175242841244,0.164762241393328,-0.927473499928336,-0.783142313506921
YDL022W,1.56085228919983,0.191945001482964,0.126254270948742,0.0350933804239921,1.33291007876396,1.82206008931001,0.124800825754547,0.260562694975636
YDL021W,0.225736126303673,-0.64962512254715,0.0275330695097423,0.05301544554759,0.175019063428044,0.283921242753665,-0.756914697049187,-0.546802121998925
YDL020C,0.530812561511993,-0.276288032531738,0.0400102121804484,0.0326727909993218,0.459854900836945,0.611460730433464,-0.337379180723989,-0.213631432248683
YDL019C,0.241045922040939,-0.61879563331604,0.0155048294104906,0.0279290272144483,0.212037318448226,0.271782606840134,-0.673587698182754,-0.565778340079812
YDL017W,0.0970581322908401,-1.01549232006073,0.0104992395932184,0.0468082623446541,0.0785840812449654,0.119279420189559,-1.10466542189918,-0.923434497424775
YDL015C,3.10334491729736,0.489981144666672,0.287460527612845,0.0400277403779909,2.59669574101766,3.70405792395274,0.414421057221453,0.568677769429669
YDL010W,0.727329909801483,-0.144973531365395,0.128850578077216,0.0763048393101147,0.509809704621633,1.01098346710205,-0.292592147252191,0.00474405350884639
YDL007W,1.86407279968262,0.269184619188309,0.142941703739575,0.0333792140359455,1.60034729838371,2.14249261617661,0.204214234425733,0.330919330143856
YDL003W,0.362833380699158,-0.441618025302887,0.0283120262421355,0.0339772085328828,0.309165924787521,0.41969397465388,-0.509808378570818,-0.377067274125846
YDL001W,0.176996320486069,-0.754224002361298,0.0177878683122971,0.0436442633325037,0.144299481809139,0.212319739659627,-0.840735228787245,-0.673009627227921
YDR005C,0.179492101073265,-0.74828714132309,0.0186053020202824,0.0450574601323887,0.145052294557293,0.217654938871662,-0.838475396898532,-0.662231473735812
YDR018C,0.00858261715620756,-2.09077072143555,0.0028498989650578,0.148040422334183,0.00388472272121968,0.015117946988903,-2.41064054082098,-1.820507496088
YDR019C,0.816575407981873,-0.0895393267273903,0.0685857702362493,0.0365817112559892,0.687068880101045,0.956356439491113,-0.16299972188127,-0.0193802158409648
YDR023W,6.39648008346558,0.804866909980774,0.449810914871499,0.030568304817968,5.56764800151189,7.28950119018555,0.745671768430144,0.862697811203899
YDR027C,0.195159301161766,-0.710710346698761,0.0139165039562409,0.0308962738298935,0.16963762914141,0.224092870950699,-0.770477817318318,-0.649571959422191
YDR030C,0.0410623662173748,-1.39057910442352,0.00557739397868395,0.0593244646556719,0.0309570330971231,0.0527550876140594,-1.50924078104041,-1.27773565136359
YDR043C,0.155602544546127,-0.820194244384766,0.0370486980590597,0.103460040553715,0.0939741973454754,0.237938550238808,-1.02699148616466,-0.623535889776928
YDR044W,1.56696999073029,0.193444654345512,0.135293218084595,0.0374835888024656,1.32107637027899,1.84184028903643,0.120927923214516,0.265251967016987
YDR046C,0.667145192623138,-0.176857084035873,0.0470006470743489,0.0306216591766273,0.581092442572117,0.763056292633216,-0.235754774097564,-0.1174434234021
YDR047W,0.467460215091705,-0.3320552110672,0.0427096926671019,0.0395134761681574,0.389699539293845,0.558435342709223,-0.409270109019985,-0.253027104329375
YDR054C,0.703689754009247,-0.155049666762352,0.0747761500134318,0.0459236344712327,0.56981330315272,0.864629952112834,-0.244267425433239,-0.0631697468677704
YDR058C,0.117706812918186,-0.93365204334259,0.0168733999712909,0.062333981733458,0.0879058320696155,0.154012201478084,-1.05598267466061,-0.81244493678286
YDR061W,0.236315429210663,-0.628034889698029,0.0198511787719563,0.0364180483165069,0.19950118723015,0.277550369501114,-0.700054515514944,-0.556658190158141
YDR065W,0.0775078535079956,-1.11497163772583,0.0109734917196067,0.0612591201119427,0.0583860555974146,0.101416700209181,-1.23369087241957,-0.993890526663803
YDR068W,0.440081000328064,-0.358998984098434,0.047606348367961,0.0469458982623461,0.35199000959595,0.540907574693362,-0.453469662830868,-0.266876936807639
YDR072C,0.770723223686218,-0.114291347563267,0.0571444726586816,0.0321386213890474,0.666750764350096,0.889892353117467,-0.176036478154393,-0.0506626317247009
YDR074W,0.585090458393097,-0.23365592956543,0.0371668035577138,0.0276536484868017,0.515649795532227,0.657638674974442,-0.287645150122661,-0.182012654815426
YDR075W,0.2691790163517,-0.572914719581604,0.0314486233822264,0.0507280616795754,0.211254238709807,0.334499130894741,-0.67519458753828,-0.475605081426201
YDR076W,0.034532256424427,-1.46853303909302,0.00609521301142378,0.0769052232958988,0.0236221558259179,0.047569260528932,-1.62668048132652,-1.322673600694
YDR077W,8.86293792724609,0.946080565452576,0.738199703819445,0.0360925037201897,7.52872654596965,10.3895436366399,0.876721523042538,1.01659646965292
YDR081C,0.186861023306847,-0.729584932327271,0.0133537650128291,0.0309659304673569,0.162481293082237,0.214694026857615,-0.789196633324042,-0.668180038736181
YDR083W,0.482820361852646,-0.317829847335815,0.0416937204103997,0.0374788755035497,0.405134832113981,0.568875740468502,-0.3924004163041,-0.244982586372099
YDR089W,0.250589936971664,-0.602041661739349,0.0170685465126155,0.029544042006652,0.218564291795095,0.284823382645846,-0.66042079022148,-0.545424379447619
YDR090C,0.293598502874374,-0.535163044929504,0.0341382149723009,0.050333862900481,0.233628900224964,0.365054338177045,-0.631473449317514,-0.437642491409252
YDR096W,0.1198366060853,-0.922739744186401,0.00939372977621942,0.0339919040824176,0.102298949162165,0.138912212227782,-0.990128829742455,-0.857259572456584
YDR101C,1.04101383686066,0.0164376217871904,0.0713760844240549,0.029773454829979,0.907597917318344,1.18533217906952,-0.0421065129381376,0.0738400746673922
YDR104C,0.0521817989647388,-1.2840131521225,0.00438120160659994,0.0365339800719664,0.0438503844663501,0.0609172227792442,-1.35802659493072,-1.21525991165995
YDR109C,0.0751043856143951,-1.12622320652008,0.00701438681994404,0.0405652862480539,0.0625444331516822,0.0891662570958336,-1.20381134562383,-1.04979946602278
YDR111C,0.14664500951767,-0.835681140422821,0.0139140490556153,0.0411316700266807,0.121479209947089,0.175751244649291,-0.915498041234225,-0.755101591246468
YDR116C,0.694923937320709,-0.160919606685638,0.0801862736526053,0.0497545733486862,0.555785311758518,0.870549452801545,-0.255092935322604,-0.0602065533127199
YDR117C,0.409209638834,-0.389276087284088,0.0306842477459842,0.0326144185861106,0.35139268959562,0.470102051645517,-0.454207287838528,-0.327807861886264
YDR118W,0.107484683394432,-0.970354795455933,0.00953947562173314,0.0384605565036738,0.090074098482728,0.127203685293595,-1.04540007884285,-0.895500306362826
YDR122W,0.244897708296776,-0.612023711204529,0.0167228749026894,0.0296514001441644,0.214403432483474,0.277678409467141,-0.668768266630165,-0.556457888865244
YDR123C,0.133886381983757,-0.878066897392273,0.0200482088925667,0.0645802140764449,0.0991197675466537,0.178060576692224,-1.003839725128,-0.749432224983249
YDR124W,0.00859287939965725,-2.10349416732788,0.00353007504635676,0.18602750667354,0.00313656232707823,0.0170957503219446,-2.50354757232294,-1.7671118581232
YDR125C,0.0356456190347672,-1.45384967327118,0.00587099104809781,0.0714818978792421,0.0253300983458757,0.0484018150406579,-1.59636312402752,-1.3151383525225
YDR127W,1.06987798213959,0.0285871829837561,0.0627421738728226,0.0254668732329016,0.950445140401522,1.19257017175357,-0.0220729466248482,0.0764839404151552
YDR129C,1.85860466957092,0.268255442380905,0.12180944798107,0.0284445080351992,1.63804667294025,2.10486798087756,0.214326268295229,0.323224861363649
YDR131C,0.0851245373487473,-1.07239532470703,0.00905976546329108,0.0461819546326456,0.069028040766716,0.10402268730104,-1.16097454305144,-0.982871943184668
YDR135C,0.85308438539505,-0.0697512477636337,0.0499040696653746,0.0254293945858899,0.761624246339003,0.948888281484445,-0.118259247798007,-0.0227849167963541
YDR138W,0.237617522478104,-0.625264108181,0.0172402659043495,0.0314929318750541,0.206126437087854,0.27222144578894,-0.685866339049332,-0.565077663773956
YDR141C,0.301876276731491,-0.520968914031982,0.0183234908129211,0.0263680627907183,0.267275302608808,0.338082458078861,-0.57304119713483,-0.470977366415141
YDR142C,0.108545035123825,-0.967686414718628,0.0134092246706259,0.0535648917960023,0.0849010943124692,0.137121915817261,-1.07108671208543,-0.862893127574813
YDR144C,0.6827432513237,-0.166810691356659,0.0478874602252237,0.0304630545877533,0.59556257724762,0.777192439138889,-0.225072599377663,-0.10947144977679
YDR146C,0.266581237316132,-0.575306415557861,0.0192934611279485,0.031435534929627,0.230826291069388,0.305998236934344,-0.636714742767406,-0.514281086795812
YDR148C,0.833299517631531,-0.0804384425282478,0.0630721229154935,0.0328043808428755,0.71553647518158,0.963733096420765,-0.145368222747916,-0.0160432404757551
YDR151C,0.497721493244171,-0.305287927389145,0.0510878249401789,0.0444453140144127,0.405539005001386,0.603230603039265,-0.391967381337749,-0.219516634228841
YDR153C,0.384907960891724,-0.416291415691376,0.0335426345750576,0.0378731244144312,0.323651500294606,0.451629549264908,-0.489922384339402,-0.345217650753132
YDR158W,5.51793336868286,0.740406572818756,0.438708118901451,0.0345061076394934,4.72910243670146,6.40766472021739,0.674778716134965,0.806699774310599
YDR164C,0.269993484020233,-0.569773852825165,0.0194202352622438,0.031306247828544,0.233304902911186,0.308094558616479,-0.632076134395705,-0.511315979216632
YDR165W,0.929892301559448,-0.0328210555016994,0.070648954646909,0.0330284622596282,0.796329097946485,1.07475341359774,-0.0989074148294284,0.0313088261134628
YDR166C,0.257727235555649,-0.589827060699463,0.017372763768388,0.0292953699440601,0.225069254636765,0.291894575953484,-0.6476838273165,-0.534773975100971
YDR168W,1.5910929441452,0.200606480240822,0.112796267341502,0.030771548161551,1.38740134239197,1.81487422486146,0.142202110369036,0.258846531310986
YDR171W,0.451392710208893,-0.347160637378693,0.0402489733484529,0.0385692644559278,0.379939427475135,0.538376309971015,-0.420285637017323,-0.268914067722154
YDR175C,0.487509727478027,-0.314321994781494,0.0504010830051677,0.0447310379862575,0.397383893281221,0.596667441725731,-0.400789749463742,-0.224267662254911
YDR176W,0.207994282245636,-0.683125078678131,0.0153046414952465,0.0319634810992512,0.179604842265447,0.238144010305405,-0.745681958644479,-0.623160337200991
YDR179W-A,0.0694185942411423,-1.16187798976898,0.00865513198275982,0.0539895180786241,0.0539753695639471,0.0881984811276198,-1.26780443081595,-1.05453899257535
YDR183W,0.315272569656372,-0.510389864444733,0.0650401905752417,0.0888713164994699,0.207098016018669,0.457248556862275,-0.683824140530676,-0.339847736003762
YDR184C,0.222451001405716,-0.656598389148712,0.0296162453273023,0.0577527891276131,0.169674375404914,0.285338895519574,-0.770383746709461,-0.544639024732966
YDR192C,0.174420893192291,-0.760495722293854,0.0171338910175637,0.0427015582980017,0.141887972503901,0.210666563113531,-0.848054424832484,-0.676404400924952
YDR194C,0.729024529457092,-0.138253018260002,0.0494136371141903,0.0293978401710606,0.638659455875556,0.827739540239175,-0.194730660151819,-0.08210630193622
YDR195W,0.164174795150757,-0.786394715309143,0.0145441385362116,0.0384464653296164,0.137497606997689,0.194302142287294,-0.861704860380417,-0.711522411259782
YDR197W,0.107559680938721,-0.971640527248383,0.0133084329296435,0.0534385427957424,0.0836519055689375,0.136648043990135,-1.07752418654574,-0.864396580512635
YDR198C,0.161843791604042,-0.792937040328979,0.0157114520638366,0.0420159117638167,0.133478235453367,0.194530221695701,-0.874589543635764,-0.711012919341199
YDR204W,0.254000574350357,-0.597864151000977,0.0283879251959295,0.0484301825925908,0.203245564053456,0.312581232686838,-0.69197892722338,-0.505037106877335
YDR205W,0.213941037654877,-0.670933961868286,0.0161073260067399,0.0326753723389143,0.18428960715731,0.246160626411438,-0.734499156144194,-0.60878141159857
YDR214W,1.52933824062347,0.182926461100578,0.130521194973034,0.03702411771046,1.29290131131808,1.79984332621098,0.111565375128649,0.255234701843375
YDR218C,0.00586695224046707,-2.26398730278015,0.00224193264572119,0.171511753911901,0.00239259024965577,0.0109567642988016,-2.62113168099901,-1.96031768271395
YDR221W,0.32566624879837,-0.488313734531403,0.0230442057191219,0.0307470231679065,0.282136348386606,0.371572371572256,-0.549540959075725,-0.42995664355148
YDR222W,0.132659539580345,-0.879921793937683,0.0147236601286623,0.0480663141996083,0.106053088915845,0.163863997658094,-0.974476687883928,-0.785516550930284
YDR223W,0.01015898399055,-2.00982236862183,0.00282941364045392,0.121242259082027,0.00555372531913842,0.0164832528680563,-2.25541573451242,-1.78295707884983
YDR228C,0.200585588812828,-0.699117600917816,0.0162057705696558,0.0351031435427459,0.171335010106365,0.232817518959443,-0.766153888948144,-0.632984344120959
YDR234W,0.376741677522659,-0.425061911344528,0.0269059065200539,0.0310081036198527,0.327278614044189,0.431504291792711,-0.485082372651198,-0.36501488041156
YDR235W,0.194175645709038,-0.713487446308136,0.0171129861881656,0.0382211437130745,0.162842852498094,0.228919106970231,-0.788231298780369,-0.640317963312659
YDR237W,0.518105626106262,-0.288517832756042,0.0603945627538743,0.0505233322013865,0.40989177847902,0.647995632390182,-0.387330830609542,-0.188427984053678
YDR238C,1.66093647480011,0.21952024102211,0.102885120993377,0.0268981843138581,1.47023181021214,1.86429908573627,0.167385814499449,0.270515582489893
YDR239C,0.121510073542595,-0.91680771112442,0.00982211138010044,0.0351340485380408,0.102825530866782,0.141551547000806,-0.98789904090035,-0.849085388831887
YDR249C,0.057393915951252,-1.24653148651123,0.00907475429278349,0.0686042520884017,0.0413386142191788,0.0768036405866345,-1.38364408664847,-1.11461822239428
YDR254W,0.0733984410762787,-1.13762581348419,0.00903037992061198,0.0538282435551516,0.0567443972143034,0.0920940385510524,-1.24607702151346,-1.03576848235887
YDR255C,0.097264438867569,-1.01518177986145,0.0117215262541787,0.0522178502259276,0.0761946727832158,0.122204909784098,-1.11807539424105,-0.912911347755988
YDR256C,0.00365025363862514,-2.4710488319397,0.00141707018314538,0.174098217542396,0.00141916390081557,0.00699696281226352,-2.84796886114903,-2.15509052838705
YDR257C,0.276494652032852,-0.559895038604736,0.023643942942848,0.0370395546289863,0.233550646280249,0.325611229240894,-0.631618926823252,-0.487300626463471
YDR258C,0.63947981595993,-0.195081114768982,0.0413634053825629,0.028091308411141,0.562823517620563,0.722599291801453,-0.249627764008553,-0.141102468419428
YDR259C,0.0291249230504036,-1.54384398460388,0.00562783762743008,0.0843078543687118,0.0193013947457075,0.0411156157962978,-1.71441147141544,-1.38599321582173
YDR262W,0.496730238199234,-0.307227909564972,0.0619732613598616,0.053914199204984,0.388312873989344,0.626987727483114,-0.410818249680493,-0.202740977815903
YDR265W,0.0840627178549767,-1.08021008968353,0.0125368631315407,0.0647640459422662,0.0620871167319516,0.110667041440805,-1.20699850798557,-0.955981701743188
YDR270W,0.323161453008652,-0.49154144525528,0.0214793845633819,0.0288968582860741,0.283039044092099,0.366259095072746,-0.548153651524007,-0.436211596092617
YDR272W,0.692283093929291,-0.162541180849075,0.0790518763579846,0.0495827230627473,0.548722207546234,0.864126175642014,-0.260647462950234,-0.0634228393200582
YDR275W,0.14416341483593,-0.85325038433075,0.0344219714536541,0.102668888919421,0.0885053926457961,0.223025768995285,-1.05303026959842,-0.651644954503887
YDR282C,0.0759057402610779,-1.12323701381683,0.00967927809217291,0.0552920576348624,0.058663038102289,0.0960178439194957,-1.23163545125857,-1.01764805037254
YDR283C,0.171767204999924,-0.76596587896347,0.0110949924028931,0.028040227479122,0.151146469265223,0.193835020065308,-0.820601993773709,-0.712567756453811
YDR292C,0.618914127349854,-0.209414064884186,0.0429195778347978,0.0301353213050522,0.540973540147146,0.706160260240237,-0.266823977472821,-0.151096729048639
YDR296W,0.59829443693161,-0.231326311826706,0.117946838876662,0.0844958251535131,0.404421746730804,0.858828153212866,-0.393165499454568,-0.0660940859633497
YDR301W,0.180296808481216,-0.744933068752289,0.0117277412641315,0.0283018465101602,0.158215633779764,0.203825879469514,-0.800750604728241,-0.690740736490345
YDR307W,0.430174797773361,-0.367416203022003,0.030090367818196,0.0303347537682017,0.375598192214966,0.49161969323953,-0.425276506696007,-0.308370742211056
YDR313C,0.132644310593605,-0.882848262786865,0.0212566617766313,0.0694638938622204,0.0955934392909209,0.177914142608643,-1.01957191456383,-0.749789527954484
YDR314C,0.0289073269814253,-1.5425671339035,0.00371460932944408,0.0558236056791913,0.0222442311855654,0.0368381679368516,-1.65278262013207,-1.43370199334691
YDR315C,0.0732659101486206,-1.1440726518631,0.0148842717089582,0.088820660117257,0.0471087274762491,0.105770472250879,-1.32689895078843,-0.975635556892792
YDR317W,0.0311251096427441,-1.51360321044922,0.00548747267862027,0.0765929869365152,0.0214063302303354,0.0431738870218396,-1.66945778200814,-1.36477885180192
YDR319C,0.312951058149338,-0.50871205329895,0.0436416905800076,0.0603514544013824,0.235518861934543,0.406091353545586,-0.627974305923694,-0.3913762593607
YDR322W,0.528534650802612,-0.278785020112991,0.0490648396884767,0.0401571816816863,0.43926777690649,0.631606494883696,-0.357270655819903,-0.199553430165549
YDR325W,0.15047650039196,-0.823645293712616,0.0107879655533159,0.0311224530582018,0.130933970212936,0.172056353092194,-0.882947663135622,-0.764329288673713
YDR329C,0.31992980837822,-0.496549904346466,0.0275635073520566,0.0373463779685949,0.270625502616167,0.376974275211493,-0.567631297779187,-0.423688314662677
YDR331W,0.651081919670105,-0.187853097915649,0.0539723299676061,0.0359821642610884,0.551499847571055,0.762387281656265,-0.258454604204784,-0.11782437275019
YDR332W,0.031108383089304,-1.51066195964813,0.00396990277059387,0.0555749774282339,0.0239444947025428,0.0392172565994163,-1.6207943467122,-1.40652279028249
YDR337W,0.632310092449188,-0.201651647686958,0.0692103181497584,0.0473288061576872,0.508885926008224,0.777851108213266,-0.293379560027529,-0.109103534966615
YDR341C,3.24284291267395,0.509994745254517,0.212118164779605,0.0284491068541759,2.84576704700788,3.6541562517484,0.454199330360523,0.562787111904357
YDR346C,1.79307556152344,0.252445131540298,0.130916995557525,0.0316361305641608,1.55377693970998,2.06098467111588,0.191388671557658,0.314074761655264
YDR347W,0.556841969490051,-0.256599009037018,0.0578245557155324,0.0450005748955442,0.452402692536513,0.678711231052876,-0.344474823317516,-0.168314964210754
YDR348C,0.279741644859314,-0.554775536060333,0.0235632611877142,0.0364531017634297,0.237324058264494,0.328715334832668,-0.62465823890786,-0.4831800356
YDR349C,0.2895647585392,-0.539544820785522,0.0223491585065219,0.0334911841222642,0.248517721891403,0.334433918943008,-0.604642637968262,-0.475689682213016
YDR350C,0.0631792545318604,-1.20166659355164,0.00641211662267016,0.0441792236522167,0.0512012541294098,0.0764132540052136,-1.29071940123488,-1.11683130772546
YDR352W,0.472503185272217,-0.328025341033936,0.0500759818686737,0.0459660985053593,0.380556386957566,0.577989426255226,-0.419580995911014,-0.238080108798597
YDR353W,4.2454252243042,0.626135468482971,0.386678269704795,0.0393713749766608,3.56766825517019,5.04513692855835,0.552384441616324,0.702872957790037
YDR354W,0.465106189250946,-0.334260940551758,0.0425871968994637,0.0396764562876511,0.388746112585068,0.554827818274498,-0.410333940836605,-0.255841776386179
YDR363W,0.0716631412506104,-1.14823389053345,0.00914932494830612,0.0554536221251638,0.0551300319532553,0.0912964268897971,-1.25861175580725,-1.03954629292655
YDR364C,0.10864881426096,-0.966555058956146,0.0118489943880844,0.0474061550679762,0.0871431695918242,0.133068304633101,-1.0597666526555,-0.875925380480594
YDR368W,2.06379175186157,0.312789380550385,0.192520537674185,0.0403546480031307,1.71746351222197,2.46453243692716,0.234887490193026,0.391734534570535
YDR370C,0.164798513054848,-0.785282492637634,0.0167439921561729,0.0440961817634188,0.134258366500338,0.199730653315783,-0.872058643851551,-0.699555290479045
YDR372C,1.39055812358856,0.141438469290733,0.124914754917526,0.0390268983132077,1.16391590237617,1.64789349238078,0.0659215947129166,0.216929137734304
YDR374C,0.00856904871761799,-2.10917997360229,0.00376404488358642,0.196248339703698,0.00295655504063082,0.0180022961460054,-2.52921404754321,-1.74467236406467
YDR379W,0.0923594534397125,-1.03575992584229,0.00698830492804662,0.0328294628580848,0.0796803344041109,0.106802310235798,-1.09864885475355,-0.971419374679119
YDR380W,0.0676955282688141,-1.17167067527771,0.00686319406214991,0.0440715156476994,0.0553829958972832,0.0818952412034075,-1.25662355643933,-1.08674133440253
YDR383C,0.0697042569518089,-1.17530584335327,0.0204816201100752,0.127981735881765,0.0368237375592192,0.116918228939176,-1.43387224775121,-0.93211777990475
YDR386W,0.0747769474983215,-1.12831199169159,0.00732571790174246,0.0425332374696111,0.0613096069234113,0.0899548534303904,-1.21247152133051,-1.04597542136183
YDR387C,0.0744126439094543,-1.13071012496948,0.00776511285225346,0.0452749022344801,0.0602029534988105,0.0904813893760244,-1.22038220842698,-1.04344073929726
YDR393W,0.135112658143044,-0.871588110923767,0.0138748626011828,0.0445794212025502,0.109711075015366,0.163908016681671,-0.959749529446713,-0.785399805216406
YDR402C,0.00271091004833579,-2.61314129829407,0.00124240834337658,0.206548704243559,0.00086929000778279,0.00566760561972236,-3.06084460714056,-2.24660042710184
YDR405W,0.221038088202477,-0.661147952079773,0.035666867012193,0.0699580084551256,0.159574322278301,0.296142971515656,-0.797037040111853,-0.528498577856184
YDR409W,0.0995868220925331,-1.00323081016541,0.00810373245307977,0.0353046734595223,0.0848979969198505,0.116436748268704,-1.07110257758178,-0.933909961497593
YDR412W,0.54184764623642,-0.27231502532959,0.0920247739025583,0.0734095473304071,0.381706473976374,0.738323672612509,-0.418270474509467,-0.131753264167652
YDR415C,0.349581688642502,-0.458353459835052,0.032778928035931,0.0406375185999524,0.290682670970758,0.41794840618968,-0.536580871937915,-0.378877326731402
YDR422C,0.178850993514061,-0.748659670352936,0.0130232272952475,0.0316612960556132,0.154589388892055,0.205457271759709,-0.810820323801635,-0.687278483282451
YDR427W,2.11182832717896,0.323365360498428,0.163143479024041,0.0335234553908898,1.81607782840729,2.43652636011442,0.259134456355514,0.386771088856896
YDR430C,0.446243643760681,-0.351297110319138,0.0282644355713058,0.0275037440107068,0.394010663032532,0.504149618248145,-0.404492024789843,-0.297440639288222
YDR434W,0.65700101852417,-0.183592513203621,0.0479971922471419,0.0317562070988587,0.566910795867443,0.753188919524352,-0.246485281439657,-0.123096078576149
YDR438W,0.00660231150686741,-2.21382260322571,0.00256638808610065,0.174716602274372,0.00262227757678678,0.0123715281796952,-2.58132146302898,-1.90757669477858
YDR439W,0.104535706341267,-0.984590113162994,0.0139508042588145,0.0579573361902403,0.0790326744318008,0.134213694309195,-1.10219332147314,-0.872203270626698
YDR446W,0.00720544811338186,-2.19254541397095,0.0034559522994353,0.215093900529464,0.00228090520443705,0.0155921261757612,-2.64189333633231,-1.80709465944616
YDR449C,0.50337553024292,-0.299458831548691,0.0397760838111736,0.0342775527561913,0.430877708892028,0.582410855591297,-0.365645981993528,-0.234770553880363
YDR451C,0.428158700466156,-0.370462447404861,0.0418046405966989,0.0424049791916596,0.351872294147809,0.516941251357396,-0.453614939391969,-0.286558810280473
YDR456W,0.540058493614197,-0.26863020658493,0.0379594082682313,0.0304991886045522,0.47021127641201,0.617357555528482,-0.327706961297677,-0.209463234645165
YDR457W,0.386921525001526,-0.413098037242889,0.0222806484584609,0.0250573395235301,0.345645323644082,0.430216459929943,-0.461369322762341,-0.366312982563922
YDR459C,0.0723116546869278,-1.1454895734787,0.010643229260021,0.0640203911799611,0.0529152827026943,0.0949150611956914,-1.27641892595196,-1.02266487433171
YDR466W,0.108665622770786,-0.965201377868652,0.00838326657904981,0.0335429174332422,0.0927262789880236,0.125879160687327,-1.0327972062257,-0.900046192949543
YDR470C,0.274359971284866,-0.563187301158905,0.0229344942153763,0.0361666794525588,0.2319582434992,0.32291899745663,-0.63459021755424,-0.490906515009416
YDR472W,0.296171128749847,-0.532260775566101,0.039269809170943,0.0575442903659657,0.224752388273676,0.377706706523895,-0.648295700583978,-0.42284530381303
YDR473C,0.107801780104637,-0.969809770584106,0.0114250590685084,0.0460253417008543,0.0865938282261292,0.131646262605985,-1.06251306065187,-0.880591469298605
YDR475C,0.0746719688177109,-1.128582239151,0.00670724645283189,0.0388927257205352,0.0623474407941103,0.0885511707514525,-1.20518137399339,-1.0528056979872
YDR479C,0.147850126028061,-0.832016706466675,0.0136194485224118,0.0399915614041844,0.122981391785045,0.176723852256934,-0.910160600603699,-0.752704830351633
YDR483W,3.01342725753784,0.477883160114288,0.221898538052835,0.0320121248648894,2.59759990771612,3.46680321494738,0.414572231146498,0.539929176257271
YDR484W,0.19155952334404,-0.719067692756653,0.015219505286727,0.0345501492719067,0.16310948766768,0.222769379615784,-0.787520782967653,-0.65214450460155
YDR485C,0.0930501744151115,-1.03289103507996,0.00801656747071992,0.0374099050254309,0.0782231713334719,0.10950632430613,-1.10666458353162,-0.960560798601196
YDR486C,0.839310169219971,-0.08258406072855,0.146661219342177,0.0751036140598587,0.591763090093931,1.16730731725693,-0.227852134983233,0.0671850731792173
YDR488C,0.0377556458115578,-1.42732727527618,0.00529579735848858,0.0614610158542295,0.0281127026149382,0.0488279723872741,-1.55109743110453,-1.31133131057376
YDR498C,0.204765155911446,-0.691180348396301,0.0217300351554519,0.0460431779225771,0.164739854509632,0.251335159689188,-0.783201600679036,-0.599746753185642
YDR499W,0.0685035735368729,-1.16627085208893,0.00654779229050179,0.0415780681098476,0.0561367446246247,0.0817055925726891,-1.25075278777504,-1.08774821592373
YDR506C,0.0968445762991905,-1.01596629619598,0.00940562946864467,0.0421405378527477,0.0794117836902539,0.116557961640259,-1.10011504940957,-0.933458058116192
YDR516C,0.825262188911438,-0.0846067667007446,0.0614672491289639,0.0322795021277726,0.71243426501751,0.953057205677033,-0.14725520448382,-0.0208810372186345
YDR517W,0.486829340457916,-0.314531207084656,0.0458319898272068,0.0406632585977395,0.406987506151199,0.585209100941817,-0.390418950977655,-0.232688964113992
YDR518W,0.875931918621063,-0.0586079284548759,0.0618501420493372,0.0306079660804459,0.764545619487762,1.00091737409433,-0.116596595666045,0.000398227259453557
YDR522C,0.00618470273911953,-2.23190855979919,0.00201102531200694,0.144208425119199,0.00291539362127272,0.0107869328930974,-2.53530307562218,-1.96710202306098
YDR523C,0.00272790202870965,-2.61034774780273,0.00123134783081681,0.207468345163637,0.000857065037901824,0.00557801097941896,-3.06698628380879,-2.25352084936782
YDR524C,0.207988664507866,-0.683644950389862,0.0183436848867855,0.0382504242987645,0.175110334654649,0.245191474134723,-0.756688222005703,-0.610494651529613
YDR533C,0.0753799825906754,-1.14055454730988,0.0215336839304333,0.125836138862425,0.0394559316337109,0.123514615682264,-1.40388769759673,-0.908281655062559
YDR536W,0.00414270954206586,-2.40783381462097,0.00140371448652334,0.150299391383108,0.00193225168040954,0.00736973620951176,-2.71393681736832,-2.13254805689043
YDR538W,0.1683409512043,-0.782311141490936,0.0335179507842408,0.0860512235665524,0.112199805676937,0.242865860462189,-0.950007895250152,-0.61463352947203
YDR539W,0.338275998830795,-0.472157776355743,0.0274748956733583,0.0352452099659818,0.287760947644711,0.395244677613179,-0.540968161752321,-0.403133970886903
YDR541C,0.0500890426337719,-1.30692672729492,0.00878802556636488,0.0763861320490631,0.0347373361078401,0.0688205663735668,-1.45920349214611,-1.16228175768841
YEL071W,4.65560531616211,0.666956663131714,0.319423266960835,0.0297528183209067,4.07545741001765,5.31080055236816,0.610176356185445,0.725159991753837
YEL062W,0.0817596688866615,-1.08946657180786,0.00786680850926874,0.0417979664192129,0.0670603434865673,0.0981921025862297,-1.17353424369652,-1.00792344407724
YEL058W,0.756712794303894,-0.122164241969585,0.0538938053596763,0.0308191892243339,0.659645467996597,0.870408623417219,-0.180689417149884,-0.0602768150185611
YEL057C,0.0300051365047693,-1.56400299072266,0.0130532747809596,0.194058080659754,0.0108116001977275,0.0612226704135537,-1.96611029121274,-1.21308773665014
YEL055C,0.688391089439392,-0.163034170866013,0.0435510873910393,0.0274775967252824,0.609610959390799,0.772190852463245,-0.214947234719421,-0.112275348676744
YEL053C,0.191143184900284,-0.719839751720428,0.0142250127528925,0.0322964679525578,0.164961557959517,0.220328077673912,-0.782617265378618,-0.656930154679295
YEL052W,0.230382904410362,-0.639118194580078,0.0196110072954987,0.0369532021910847,0.194567864884933,0.271529605736335,-0.710928919324814,-0.566182837221157
YEL051W,3.05271506309509,0.481832474470139,0.352387467017312,0.0497049848363851,2.43273279070854,3.8272674481074,0.386094397729863,0.582888811558182
YEL050C,0.355453431606293,-0.451095700263977,0.0331548680212745,0.0403890159261521,0.295768003414075,0.424775656312704,-0.52904881313615,-0.371840397447318
YEL038W,0.706040740013123,-0.158768743276596,0.133963012382469,0.0810355054609231,0.48269706889987,1.00353349844615,-0.316325395474663,0.00153186650631794
YEL037C,1.10378539562225,0.0415271408855915,0.0873889459965006,0.0343407497543593,0.94300378014644,1.28277980089188,-0.0254865663918619,0.108152108293325
YEL036C,0.469054400920868,-0.330064177513123,0.0361414122657567,0.0334492860309147,0.402450190484524,0.540961108108362,-0.395287883577075,-0.266833968223376
YEL030W,0.00465883826836944,-2.35103917121887,0.00137716688472004,0.131657628169657,0.00234464003005996,0.00765099553391338,-2.6299238523156,-2.1162821192636
YEL023C,0.00275538489222527,-2.58927512168884,0.00101091822336102,0.163160027446539,0.00114516922233937,0.00510643205683058,-2.94113043446174,-2.29188249168996
YEL020C,0.056068480014801,-1.2541743516922,0.00648347584602729,0.05011176130113,0.0446660485429068,0.0696004599953692,-1.35002247189154,-1.15738811783087
YEL019C,0.0623865909874439,-1.21698784828186,0.0146927758579794,0.103243627917041,0.0373917818069458,0.095036692917347,-1.42722383919222,-1.02210868466019
YEL018W,0.164664059877396,-0.788230121135712,0.024679614911738,0.064785192229129,0.121872469782829,0.217376611878475,-0.91409438766889,-0.662787194687524
YEL015W,0.41267466545105,-0.38565382361412,0.031505067171889,0.033081772574768,0.355214923371871,0.478838504602512,-0.449508796864488,-0.319810934159817
YEL011W,0.139968439936638,-0.855352342128754,0.0111666947013685,0.0346933711701072,0.118859278472761,0.162762209773064,-0.924966910426326,-0.788446422494514
YEL009C,0.430638134479523,-0.369098395109177,0.0526536084610535,0.0527722258185172,0.337694478780031,0.547982743879159,-0.471476041771896,-0.26123311799349
YEL007W,0.491429388523102,-0.309578001499176,0.0340056997841768,0.0300573609410997,0.427362341930469,0.560915543138981,-0.369203750098061,-0.251102527627569
YEL005C,0.0700258538126945,-1.16368246078491,0.0142216656773606,0.088563357762966,0.0453599194685618,0.100637590015928,-1.34332772515603,-0.997239786704408
YEL004W,0.146673023700714,-0.837120413780212,0.0185381123581733,0.0550184961938643,0.112209580900768,0.18492555556198,-0.949970061856264,-0.733003130114764
YEL002C,2.34122753143311,0.368201106786728,0.177245305587656,0.0328484802013465,2.0184807519118,2.70649612744649,0.305024608611453,0.432407405702954
YER001W,0.395851224660873,-0.403464943170547,0.0268288024810971,0.0294329938150281,0.345747729887565,0.449184180547794,-0.461240672525652,-0.347575593517927
YER002W,1.08188474178314,0.0284476112574339,0.177882122629032,0.0704026538327933,0.781007046004136,1.47506095170975,-0.107345061455685,0.168809963968995
YER007W,0.0531900450587273,-1.27764701843262,0.00674399530140681,0.0550307693385991,0.0411854597429434,0.0673411935567856,-1.38525614197928,-1.17171919043483
YER013W,0.115097336471081,-0.940094351768494,0.00841368343849017,0.0317668456137654,0.099579564978679,0.132204604893923,-1.00182977583956,-0.878753420056583
YER014W,0.302404910326004,-0.520796895027161,0.0241575317703566,0.0346941915922421,0.258162498474121,0.350616345802943,-0.588106844519733,-0.455167861910721
YER028C,0.0496719367802143,-1.30926883220673,0.00784040520722317,0.06848124131769,0.0359507979825139,0.0668013237416744,-1.44429147857456,-1.17521493315607
YER037W,0.180132627487183,-0.748268187046051,0.0241991201476489,0.0578299348709521,0.137613415718079,0.232777187352379,-0.86133922534236,-0.633059583724523
YER039C,0.00480306008830667,-2.44906497001648,0.00375932826983342,0.359758172801948,0.00055064439754157,0.0144524920421342,-3.25913445904031,-1.8400577244175
YER041W,0.0225455686450005,-1.65089273452759,0.00304016459325445,0.0587502138915125,0.0169252001680434,0.0289429769696047,-1.77146618637684,-1.53845680106588
YER044C-A,0.00212736334651709,-2.75344848632812,0.0012841117102721,0.278914423162986,0.000438483635662124,0.0053703522348466,-3.35804660999293,-2.26999722895532
YER048C,1.12247836589813,0.0487785488367081,0.0903168639775344,0.0348529514535363,0.957265084485213,1.3122586786747,-0.0189677881092162,0.118019452121751
YER049W,0.904879510402679,-0.0443746484816074,0.0603713251675305,0.0289720086941737,0.792143152654171,1.02418073018392,-0.101196376369335,0.010376594587695
YER052C,1.16898810863495,0.0667711272835732,0.0808923716184297,0.0300643462429676,1.0154236694177,1.32678151130676,0.00664728209870762,0.122799410998337
YER053C,0.108392760157585,-0.969857394695282,0.0162838680603544,0.0649995364404159,0.0792562378570437,0.143377113838991,-1.1009665497023,-0.84352033813964
YER054C,0.00734824361279607,-2.14869332313538,0.00192447696342421,0.114562024949281,0.00418006985758742,0.011643103370443,-2.3788164717293,-1.93393125078287
YER061C,0.100510567426682,-1.00046372413635,0.0111870873711621,0.0482171336264352,0.0797363537053267,0.124327431246638,-1.09834363834535,-0.905433040179826
YER068W,0.391309380531311,-0.408692747354507,0.0293239875348982,0.0324366613359576,0.339206452916066,0.451887167493502,-0.469535894602746,-0.344969992236483
YER069W,0.117972165346146,-0.929512977600098,0.00911754942355814,0.0334945070124451,0.10141942302386,0.136762515703837,-0.993878871139717,-0.864032919179477
YER073W,1.30653262138367,0.115103587508202,0.0894183422329293,0.0297287373414533,1.14287771582603,1.48468812902768,0.0579997640050022,0.171635217164947
YER076C,0.0646870881319046,-1.19662320613861,0.0119847479947005,0.0807175028614533,0.0437081582533817,0.0899254456162453,-1.35943749356913,-1.04611740140273
YER087W,0.181576818227768,-0.742422044277191,0.0149997190165714,0.0358977809037567,0.153452108552059,0.21202200986445,-0.814027143470359,-0.673619083463999
YER090W,1.45488858222961,0.161748796701431,0.10266240285843,0.0306559097786883,1.26615488727887,1.66351335545381,0.102486815648993,0.221026291650029
YER091C,3.20037865638733,0.504323780536652,0.203424801027272,0.0276321882571611,2.81596366365751,3.60365569591522,0.449627042828693,0.55674328661031
YER098W,0.0492852739989758,-1.30949902534485,0.00498950244306308,0.0439190719992337,0.0403500647284091,0.0597823595007261,-1.39415576426498,-1.22342694955864
YER100W,1.01911556720734,0.00455296412110329,0.133346598649512,0.0564002741741684,0.782515350480874,1.3097551047802,-0.10650713425817,0.11718989628248
YER103W,0.166351348161697,-0.780441045761108,0.0136898302847643,0.0357202010851817,0.140983450288574,0.193917250509063,-0.850831893295485,-0.712383558208001
YER106W,0.00721862632781267,-2.19384813308716,0.00353851791803455,0.219724104125787,0.00215262307901867,0.015594736354736,-2.66703275628304,-1.80702196340715
YER110C,3.19420790672302,0.503572225570679,0.192782340573661,0.0262095731861259,2.84163599212964,3.57451486587524,0.453568444123619,0.553217107571997
YER120W,3.49115967750549,0.539206981658936,0.462786344861943,0.0570922595454907,2.67294869621595,4.5079784433047,0.426990531831141,0.653981830374952
YER122C,1.19563853740692,0.0764725357294083,0.0862300050880694,0.0312997823798861,1.0363436371088,1.3697936207056,0.0155037851724324,0.136655138073767
YER124C,1.48938143253326,0.171996906399727,0.101525153115877,0.0296333845204906,1.30015950401624,1.68696451187134,0.113996633246533,0.227105946572195
YER130C,0.248546436429024,-0.606310427188873,0.0221258373838671,0.0387003336937674,0.207449683671196,0.295141483346621,-0.683087228290427,-0.529969764358923
YER132C,0.0647314637899399,-1.19003307819366,0.00471526634159788,0.0316133847685674,0.0559051849879324,0.0743926485379537,-1.25254792120939,-1.12846997920074
YER133W,2.36236190795898,0.371540248394012,0.216427514171109,0.039567868638805,1.981436013182,2.8183553258578,0.296980052151138,0.449995746138505
YER139C,0.139682084321976,-0.871714353561401,0.0394293176822806,0.121419460886243,0.0773899472008149,0.231690853834152,-1.11131553615075,-0.635091109963838
YER145C,2.60491967201233,0.414441496133804,0.205714509940865,0.0343306375748664,2.22073197364807,3.01090353131294,0.346496145495872,0.478696836152627
YER148W,1.16092050075531,0.060358751565218,0.167986552825328,0.0619535417320263,0.875730805595716,1.52973305086295,-0.0576293773527405,0.184615513465314
YER149C,0.286403477191925,-0.544856786727905,0.0263549712367923,0.0399729630851693,0.238400587563713,0.340345250070095,-0.622692682315058,-0.468080337647211
YER152C,0.255048602819443,-0.595159888267517,0.0231219421882945,0.0393684860264397,0.212568887323141,0.302647024393082,-0.672500302342856,-0.519063602061484
YER153C,0.0349045880138874,-1.48310554027557,0.0121395840564877,0.152338064527792,0.0157288967942198,0.0627646299079061,-1.8033018221776,-1.20228503050816
YER158C,0.0519367009401321,-1.28778338432312,0.0063760017387986,0.0532365614548687,0.04054965035369,0.0658531432350477,-1.39201290702851,-1.18142357229566
YER161C,0.171590760350227,-0.768780469894409,0.0211175590494623,0.0533697344650079,0.133163438116511,0.215613925581177,-0.875615009098319,-0.666323207576804
YER164W,0.172801792621613,-0.763387084007263,0.0113591103352406,0.0284828248467315,0.152036294341087,0.196479130536318,-0.818052724223039,-0.706683573962033
YER165W,6.80535793304443,0.831843554973602,0.464281992910479,0.0296234800503631,5.94944973389308,7.74923992156982,0.774476788847091,0.889259107144218
YER166W,0.341317296028137,-0.467672020196915,0.0211020888076137,0.0268657870410883,0.302194161216418,0.38268752793471,-0.519713931996317,-0.41715569203765
YER168C,0.464143753051758,-0.334628731012344,0.0357450853408135,0.0333586496943213,0.399375730007887,0.538927733898163,-0.398618340364392,-0.268469466489313
YER171W,0.207286104559898,-0.684614062309265,0.0153254284050047,0.0320627644817977,0.179619312286377,0.239028654495875,-0.745646970739414,-0.621550033445606
YER176W,0.168894410133362,-0.773424446582794,0.0116758916361636,0.0300738045527912,0.147269725799561,0.191266015172005,-0.831886521789476,-0.71836219011093
YER179W,0.0175567660480738,-1.77193105220795,0.00480819930102906,0.120511501014683,0.009620700054802,0.0283518941296886,-2.01679343148366,-1.5474182797171
YER180C,0.00382108986377716,-2.54472398757935,0.00292379608335621,0.354082527637949,0.000473836504049056,0.0114947029467051,-3.32437149818375,-1.93950224758469
YER182W,0.236105561256409,-0.633574485778809,0.0416254661618261,0.0762963317497861,0.163845664635301,0.327647611995538,-0.785565047153254,-0.484593106769921
YER185W,0.0172089133411646,-1.78623247146606,0.00547026141416162,0.140215303404592,0.00844494383006046,0.0299096541789671,-2.0734032405187,-1.52418865733575
YER186C,0.0117695787921548,-1.95874238014221,0.00432755149010143,0.162697220295394,0.00508749642952656,0.021490205777809,-2.29350141508066,-1.66775942968115
YFL055W,0.0127046471461654,-1.90557456016541,0.0026680939038264,0.091421373860458,0.00809924677014351,0.0185852179769427,-2.09155536862518,-1.7308325405664
YFL053W,0.00447478238493204,-2.37165904045105,0.00143482788865593,0.141274040547861,0.00218702428780186,0.00773796034433569,-2.66014639407565,-2.11137350156405
YFL052W,0.0082234526053071,-2.10296678543091,0.00236507077334456,0.126361104768697,0.00434338951017708,0.0135606245370582,-2.36217122649847,-1.86772056551501
YFL045C,8.08873271942139,0.905056536197662,0.929111077622997,0.0494543568102175,6.43789958953857,10.1044119675954,0.80874419880977,1.00451093899094
YFL040W,0.00143045710865408,-2.92008972167969,0.000847017630070033,0.265917798958793,0.000326499689739042,0.00353189827486252,-3.48611743211812,-2.45199182266555
YFL039C,20.5704212188721,1.31192433834076,1.60867976013833,0.03384464940915,17.6731190999349,23.9068625132243,1.24731320412484,1.37852251889546
YFL037W,3.83620476722717,0.58278501033783,0.274857268356101,0.0311491510569868,3.33351932366689,4.39605612357458,0.522902963693174,0.643063227994771
YFL034C-B,0.412230759859085,-0.387896209955215,0.0489887623099818,0.0513056400844388,0.325481725484133,0.518378064036369,-0.487473397733891,-0.285353388785693
YFL031W,0.186706766486168,-0.73869526386261,0.0403416253309959,0.0924123261227566,0.12061865615348,0.279901920258999,-0.918585514621225,-0.552994122067722
YFL030W,0.0168073009699583,-1.78960609436035,0.00442404077820893,0.115657220520209,0.00939285240601748,0.0267331883466492,-2.02720250916001,-1.57294925194016
YFL029C,0.107374839484692,-0.972444355487823,0.0133468194866863,0.0539995221881512,0.0830888566871484,0.135066685949763,-1.08045723745047,-0.869451794244941
YFL026W,2.69598507881165,0.429567575454712,0.196005564310197,0.0316088678971748,2.34842586517334,3.08548341592153,0.370776854979427,0.489323215743978
YFL023W,0.161845281720161,-0.79207718372345,0.0119072339547446,0.0320146067487883,0.139585640653968,0.185396861409148,-0.855159258646281,-0.731897631894762
YFL022C,2.10149598121643,0.321475744247437,0.146352683316607,0.0302629673833667,1.82837250232697,2.40058150688807,0.262064681073923,0.380316456142399
YFL016C,0.566046059131622,-0.24835641682148,0.0421948256578419,0.0324293550945506,0.486724606901407,0.647070120275021,-0.312716712484124,-0.189048664057178
YFL008W,0.251191437244415,-0.600896894931793,0.0161818118092099,0.0280039417945327,0.221206705893079,0.283246932178736,-0.655201731126338,-0.547834792285745
YFL007W,0.426816314458847,-0.370503723621368,0.0250255351862167,0.025466276678417,0.381711662560701,0.47595851495862,-0.418264572426673,-0.322430899270327
YFL004W,1.33995866775513,0.126229658722878,0.0845323583174162,0.0273681706131613,1.18704950610797,1.50965587099393,0.0744688313768525,0.178877954921141
YFL002C,0.241745188832283,-0.618077099323273,0.0196470989722671,0.0353441778657954,0.205072239538034,0.281667335828145,-0.688093129396398,-0.550263518494004
YFR015C,0.0755222141742706,-1.12380838394165,0.00706005656813992,0.0404755594717923,0.0624464653121928,0.0908327400063475,-1.20449214280234,-1.04175767037392
YFR016C,0.181863516569138,-0.741222858428955,0.0121640796802898,0.0290072429548673,0.159867307667931,0.206917169565956,-0.79624033979195,-0.684203472919627
YFR019W,0.106703586876392,-0.97274386882782,0.00695672567166056,0.0282985998646428,0.0937747288495302,0.12057702280581,-1.02791418871151,-0.918735444371852
YFR021W,0.137417271733284,-0.864122569561005,0.0137267830213697,0.0433623858428897,0.111471930705011,0.166539634267489,-0.952834477831939,-0.778482424814942
YFR023W,0.00241577415727079,-2.65609169006348,0.00101823916626775,0.189246723964309,0.000876279278600123,0.00480065261945128,-3.05735745851392,-2.31869971892433
YFR024C-A,1.37401938438416,0.136776641011238,0.102929041279568,0.0325245625667621,1.18347638646762,1.58032649159431,0.0731595969062944,0.198746819307367
YFR027W,0.0987257063388824,-1.01338040828705,0.0188444925219958,0.0824863801762311,0.0663099735975266,0.141639918088913,-1.17842114500989,-0.848814333068568
YFR028C,0.382345974445343,-0.418772399425507,0.0288211574879747,0.0326607135352861,0.329821442564328,0.441407024860382,-0.481721113493084,-0.35516075945297
YFR029W,0.0839456021785736,-1.07791674137115,0.00787445088909036,0.0408327176783477,0.0690512569000324,0.0999557416886091,-1.16082841459982,-1.00019225430045
YFR030W,0.178712159395218,-0.748948693275452,0.0127515042158494,0.0309968291296376,0.155102191617091,0.204948165391882,-0.809382071038413,-0.688355974660844
YFR031C,0.12349334359169,-0.909462988376617,0.00883480880745368,0.0310003217497907,0.107655440767606,0.141979530453682,-0.967964016696755,-0.847774264432545
YFR032C,0.00641165906563401,-2.26872372627258,0.00372394458878863,0.268959433988943,0.00137257657479495,0.0153669365914539,-2.86246341730904,-1.8134128275137
YFR039C,0.354760020971298,-0.451486676931381,0.0287126270189582,0.035159249972456,0.30204412167271,0.413142465054989,-0.51992962221756,-0.383900165531976
YFR043C,0.312656342983246,-0.513113081455231,0.0612736258599332,0.0843279155292493,0.209882474690676,0.45169890994827,-0.678024042491365,-0.345150958205767
YFR044C,3.92130661010742,0.592297375202179,0.283677644116763,0.0313886031141223,3.40068192879359,4.50133228302002,0.531566013472512,0.653341073226314
YFR050C,2.59238529205322,0.411212742328644,0.278231315437873,0.0464747271623459,2.0931683798631,3.15318604111671,0.32080416529826,0.498749594502813
YFR051C,1.32283020019531,0.120480701327324,0.0909807265177585,0.0298005703220336,1.15924006501834,1.50931251049042,0.0641733825108157,0.178779171869459
YGL263W,0.0585414543747902,-1.23756241798401,0.00891868021840051,0.0662285516878235,0.0427699238061905,0.0772192478179932,-1.3688615234299,-1.11227443309381
YGL257C,0.205720633268356,-0.688184559345245,0.0169265842325955,0.0356659171864143,0.174780964851379,0.240681732942661,-0.757505867526317,-0.618556870875928
YGL256W,0.11668498814106,-0.936075091362,0.0139222993592368,0.0519052017362712,0.0911180870607495,0.145852631206314,-1.04039542607801,-0.836085731731649
YGL254W,0.131694138050079,-0.885221779346466,0.0195554955316871,0.0646680838072043,0.0967189483965437,0.172160963714123,-1.01448843888788,-0.764065322664576
YGL253W,16.8387680053711,1.22528970241547,1.15515461146949,0.0297829507964915,14.7105503082275,19.1791254838308,1.16762891959063,1.28282880052332
YGL252C,0.528132677078247,-0.278349995613098,0.0375066373832084,0.0308235272225542,0.46042049229145,0.603422766427199,-0.336845355562644,-0.219378308623389
YGL249W,0.00165175460278988,-2.82420539855957,0.000722848762651645,0.196398026317723,0.000573910431800565,0.00338708999333903,-3.24115588183467,-2.47017326959285
YGL246C,0.349877029657364,-0.457772552967072,0.0309234071010344,0.0383034297614863,0.29232991039753,0.412990504254897,-0.534126747614846,-0.384059934583262
YGL241W,0.23428051173687,-0.631278991699219,0.0160295449218299,0.0297253361714062,0.204632802555958,0.266944082578023,-0.68902474871831,-0.573579701868139
YGL240W,0.0643972605466843,-1.20656704902649,0.0171183935180276,0.11703825029489,0.0355750175813834,0.102009333856404,-1.44885555975005,-0.991360088767068
YGL237C,0.0795757696032524,-1.10888409614563,0.0168593392950675,0.0919492805750091,0.0509942093243202,0.117062056499223,-1.2924791840297,-0.931583894043569
YGL236C,0.11470589786768,-0.941985666751862,0.0097651760922013,0.0369554908455808,0.0966646331051985,0.134507392843564,-1.01473239316082,-0.871253902271424
YGL234W,2.05309128761292,0.311544567346573,0.12955395935476,0.0273912838342786,1.81592987378438,2.31347151994705,0.259099070425237,0.36426415734635
YGL227W,0.197251349687576,-0.706026017665863,0.0136930847201976,0.0301431681415759,0.172335579991341,0.225654538472494,-0.76362504989565,-0.646555931966032
YGL225W,6.01308155059814,0.777669191360474,0.488606245602692,0.0352315923232687,5.14953785737356,7.026029809316,0.711768249353589,0.84670998758364
YGL224C,0.205387860536575,-0.691896975040436,0.0294916443822127,0.0624610474020711,0.152264450366298,0.267604113618533,-0.817401482789559,-0.572507410263021
YGL223C,0.349885642528534,-0.457693696022034,0.0302354753417865,0.0375376662442229,0.294221568107605,0.411899286756913,-0.531325503861694,-0.385208967213281
YGL221C,1.23512518405914,0.0893742889165878,0.128752718151436,0.0450258502952461,1.00436289807161,1.5083764821291,0.0018906582009465,0.178509751493316
YGL216W,0.130305781960487,-0.886369049549103,0.0102092884101965,0.0340660915291325,0.111357241123915,0.151137820507089,-0.95328156212751,-0.820626847285483
YGL215W,0.505164086818695,-0.297994762659073,0.041056333219879,0.0351944689167974,0.431722432374954,0.590765178203583,-0.364795384738336,-0.228585111463887
YGL213C,0.696541368961334,-0.158621311187744,0.0593134725188718,0.0368996847626622,0.588198104500771,0.819707216819128,-0.230476379593983,-0.0863412427395983
YGL212W,0.121105074882507,-0.9213045835495,0.017401399613574,0.062407469800089,0.0902919589231412,0.158436226348082,-1.04435092740694,-0.800145511298139
YGL211W,0.166805475950241,-0.780718505382538,0.0194508551969125,0.0504421502986587,0.131800570711493,0.208330961689353,-0.880082709308231,-0.681246181417464
YGL207W,1.41821324825287,0.150927945971489,0.086782025651587,0.0265941487864735,1.25780370434125,1.58399093548457,0.0996128617423725,0.199752691678586
YGL206C,2.42324161529541,0.383666336536407,0.140433180636916,0.0252238329362867,2.15772401889165,2.68501000205676,0.333995895783801,0.428945907842114
YGL203C,0.547095000743866,-0.262957692146301,0.0375742979068678,0.0297401334178772,0.478662882993619,0.624259449044863,-0.319970248496728,-0.204634876852906
YGL202W,2.77585768699646,0.442294418811798,0.197854795740188,0.030941241619381,2.40318429470062,3.18000197410583,0.380787069362085,0.502427389589151
YGL196W,0.343592047691345,-0.465611279010773,0.0300331278039846,0.0379442182516242,0.288393437862396,0.405043087651332,-0.540014625826998,-0.392498775138765
YGL195W,1.24382388591766,0.0940513759851456,0.0710095451866313,0.0247749994801164,1.11389281352361,1.38280347088973,0.0468433872493645,0.140760456748795
YGL194C,0.252488523721695,-0.599526762962341,0.0227646520416694,0.0391937643180311,0.209826016674439,0.298379633575678,-0.678140687926509,-0.525230839802118
YGL190C,0.572457849979401,-0.243457809090614,0.0426280674783268,0.032299308239617,0.495483625680208,0.657672836383184,-0.304970698431197,-0.181990119261793
YGL181W,0.52880734205246,-0.278324007987976,0.0457642729995163,0.037519755102162,0.444868613034487,0.622154170274735,-0.351768241255109,-0.206101986624467
YGL176C,0.038811169564724,-1.41498851776123,0.00524272669240701,0.0586067503176432,0.0294233935729911,0.0498573295772076,-1.53130723900566,-1.30227098658117
YGL175C,0.0270828492939472,-1.57935929298401,0.00634367725253601,0.103359270773364,0.0159313467486451,0.0408693500173589,-1.79774754553315,-1.38860274105117
YGL174W,0.111611902713776,-0.96048367023468,0.021726107865777,0.0846688549914941,0.0736787353952726,0.158643633003036,-1.13265787224677,-0.799577355996906
YGL170C,0.00374751538038254,-2.48114919662476,0.00185033481220646,0.226798805783128,0.00106898859182062,0.0082941046372677,-2.97102780125159,-2.08123111925864
YGL169W,0.196129724383354,-0.709450364112854,0.0188599242360633,0.0415811255115827,0.161628365765015,0.236415481070678,-0.791482421579286,-0.626324103060648
YGL164C,0.195135772228241,-0.711780786514282,0.019305203346439,0.0429162482272411,0.159846544638276,0.236072501043479,-0.79629674737909,-0.62695459948979
YGL160W,0.274710863828659,-0.562422454357147,0.0212931029833921,0.0335906897165616,0.235570568839709,0.319142738978068,-0.627879020583847,-0.496015032822961
YGL159W,0.263087928295135,-0.582253396511078,0.0273660319941531,0.045322870124315,0.21156459103028,0.317494091391563,-0.674557017424246,-0.498264354182902
YGL158W,0.00261276331730187,-2.62919425964355,0.00118878444286379,0.206822208817045,0.000862957305798773,0.00535870969373112,-3.06401073749134,-2.27093980926391
YGL157W,1.79082250595093,0.251514881849289,0.150963676119825,0.0365588294636191,1.50713139375051,2.10721111297607,0.178151108533837,0.323708047999001
YGL155W,0.236350849270821,-0.628584563732147,0.023503372388086,0.0431606372816285,0.192781669398149,0.284637957811356,-0.714934264972521,-0.545707185176539
YGL150C,0.237975507974625,-0.624320387840271,0.0149043048746895,0.0272432816756516,0.210412626589338,0.266822094966968,-0.676928202375135,-0.57377821090201
YGL148W,3.06793880462646,0.485552340745926,0.237277166709497,0.0335136367634933,2.63181949655215,3.54304569959641,0.420256099730545,0.54937675115577
YGL144C,0.0680195689201355,-1.16941380500793,0.00660337594531767,0.0422090900109681,0.0558298627845943,0.0816923665503661,-1.25313348664876,-1.08781852334559
YGL142C,0.252065807580948,-0.599775433540344,0.0194345606690345,0.0334817680553621,0.215469555308421,0.292327252278725,-0.666614096125511,-0.534130696393337
YGL141W,0.220018357038498,-0.658581614494324,0.0152187991639918,0.0300751922697966,0.192292304337025,0.250477247436841,-0.716038097000783,-0.601231718072738
YGL139W,0.474234044551849,-0.324988454580307,0.0319270900204617,0.029190409449408,0.415850170701742,0.539067093531291,-0.381063116154992,-0.2683571935217
YGL138C,0.00292449211701751,-2.61274433135986,0.00174827062221924,0.275455615984969,0.000588586033457735,0.00736916939495132,-3.23019004748962,-2.13258147699468
YGL136C,0.055526427924633,-1.26324021816254,0.0105303403489984,0.0821556329047416,0.0374495834422608,0.0780124366283417,-1.42655316175813,-1.10783615720033
YGL134W,0.0643332004547119,-1.19531214237213,0.00847244863840549,0.0571002725426003,0.0492734671880802,0.0822836362446348,-1.30738688511322,-1.08468652475522
YGL130W,0.300241827964783,-0.524079084396362,0.0253677769710825,0.0367004409122641,0.252348333597183,0.352035245299339,-0.597999558819883,-0.453413855437998
YGL126W,0.167581081390381,-0.778374969959259,0.0183208682851833,0.0476271686193188,0.133873801554243,0.205806956191858,-0.873304404587233,-0.686540037399726
YGL124C,0.104733020067215,-0.981654465198517,0.00937598539615128,0.0389186624897616,0.0871538067857424,0.123355227895081,-1.05971363966402,-0.908842445359995
YGL123W,26.1234302520752,1.41422533988953,2.98373150503741,0.0493545927317944,20.7650800704956,32.4059668858846,1.31733361009537,1.51062498250386
YGL119W,0.237920626997948,-0.625145316123962,0.0203024961924102,0.0370373167453499,0.200608409444491,0.27936384777228,-0.697650870229087,-0.553829796265737
YGL117W,0.108610391616821,-0.972070872783661,0.0208578430452162,0.0832460183184489,0.0732260122895241,0.154071420431137,-1.13533461584007,-0.812277913521438
YGL115W,0.758614778518677,-0.122075393795967,0.0748766705904966,0.0426460988896695,0.624109000960986,0.91199117898941,-0.204739558334217,-0.0400093622579332
YGL114W,0.205671906471252,-0.688064098358154,0.015558341356746,0.0327931967506412,0.177983545636137,0.237323059514165,-0.749620145853354,-0.624660066861089
YGL113W,0.0495306588709354,-1.30768692493439,0.00537723696582527,0.0472512887461698,0.0395928549580276,0.0609689210851987,-1.40238318561536,-1.21489151129996
YGL111W,0.427471101284027,-0.370509088039398,0.0345709174313393,0.0350810743952593,0.364549495031436,0.497960729151964,-0.438243514227853,-0.302804906977443
YGL110C,0.188333049416542,-0.726490616798401,0.0152029790666688,0.0351222440046292,0.159314717476567,0.219185009598732,-0.79774410710588,-0.659189151242277
YGL107C,0.34120187163353,-0.468136042356491,0.0248711931112967,0.0315396364713539,0.296760830531518,0.392491844544808,-0.527593422232484,-0.406169364466168
YGL105W,5.2091383934021,0.715429663658142,0.408931247062283,0.0340768236947482,4.45170244375865,6.02653158903122,0.648526127955478,0.780067417425733
YGL097W,1.03008687496185,0.0116618825122714,0.077103770882392,0.0324643548338373,0.888589423398177,1.188556432724,-0.051298865237625,0.0750198068793373
YGL095C,0.349377751350403,-0.457961827516556,0.0266099052311271,0.0330706154092767,0.300510391096274,0.403424293299516,-0.522140536258004,-0.394237953594849
YGL094C,0.187178820371628,-0.728724777698517,0.0125917430517521,0.0291914383703535,0.164014547814925,0.212664817894499,-0.785117629284318,-0.672304351629878
YGL085W,0.069729320704937,-1.16610085964203,0.0146760789032172,0.0911928197686212,0.0451686325172583,0.102769938608011,-1.34516308173237,-0.988134026297383
YGL083W,0.178927898406982,-0.748543977737427,0.0134327537735249,0.0326146987862154,0.153850185498595,0.20569368476669,-0.812901979639142,-0.686779044137621
YGL082W,0.489004105329514,-0.312370032072067,0.0431810237282805,0.0382143996379695,0.410229721665382,0.578764669100444,-0.3869728777085,-0.237498000625235
YGL081W,0.0212019607424736,-1.69291484355927,0.0062775697175637,0.131289387651181,0.0108878258615732,0.0351491385449966,-1.96305883379688,-1.45408536582723
YGL067W,0.458247691392899,-0.340663850307465,0.0415001629094975,0.0391006774902225,0.384397915502389,0.543959689637025,-0.415218985166506,-0.264433282937346
YGL066W,0.157743811607361,-0.803512752056122,0.0129548270509094,0.0357151149143663,0.133515820031365,0.183918029069901,-0.87446727366397,-0.735375701422008
YGL065C,0.598890542984009,-0.223933711647987,0.0460414459397094,0.0333563917113647,0.51577994475762,0.691886901855469,-0.287535548731734,-0.159964890968607
YGL063W,0.0163628291338682,-1.80218100547791,0.00445172862297812,0.119161365611066,0.00908384378999472,0.026206822010378,-2.04173057423004,-1.5815856425034
YGL060W,0.24532251060009,-0.611510038375854,0.0185570503600066,0.0329302362173436,0.211221228043238,0.281043513367573,-0.675262437763991,-0.551226434012475
YGL049C,0.462321817874908,-0.335980772972107,0.0301465791305966,0.0283627479888188,0.406829775373141,0.520621545116107,-0.39058726925767,-0.283477865113908
YGL043W,0.98630702495575,-0.00788724329322577,0.0924557315406763,0.0406272372331263,0.818335985143979,1.18266880512238,-0.0870683519986729,0.0728631417151175
YGL040C,1.2479031085968,0.0945750251412392,0.10758883765743,0.0373404875955305,1.05698916812738,1.47029533485572,0.0240705366359893,0.167404568833831
YGL039W,1.14695084095001,0.0578470230102539,0.10173986609827,0.038378352544639,0.966074033081532,1.35822662512461,-0.0149895954917544,0.132972236777845
YGL038C,0.609651982784271,-0.216201201081276,0.0470063757663391,0.033376333105148,0.526110992829005,0.70472071270148,-0.278922624919675,-0.151982964898615
YGL028C,1.33220028877258,0.123566135764122,0.0907305509747793,0.0295229592587403,1.1663388778766,1.5185005714496,0.0668247523171226,0.18141495968978
YGL027C,0.760165929794312,-0.119969919323921,0.048322325238994,0.0276477878749028,0.671034130950769,0.85487312078476,-0.17325539185286,-0.0680983379408336
YGL026C,2.68686199188232,0.4283607006073,0.171416635972368,0.0277221669609039,2.36655987501144,3.02772330840429,0.374117496378564,0.481116183866504
YGL022W,1.65888726711273,0.218926057219505,0.106322278654548,0.0278149027151547,1.46537828842799,1.86432160635789,0.165949746088717,0.270520818643626
YGL016W,0.50186026096344,-0.300282925367355,0.0316691250396478,0.0274291333909512,0.443399945894877,0.564800478021304,-0.353204375908671,-0.248104946324073
YGL014W,0.400527209043503,-0.398301601409912,0.0262533773686247,0.0285029605281481,0.351776278267304,0.452356717238824,-0.453733450729364,-0.344518957371733
YGL011C,2.59629583358765,0.41125750541687,0.311788715073211,0.0518215097882566,2.05217703580856,3.24352647463481,0.312214807246157,0.511017437897587
YGL009C,2.76528072357178,0.440882563591003,0.173594966707335,0.0272945414688953,2.43444871902466,3.10807890494665,0.386400630687548,0.492492035708772
YGL006W,0.232224494218826,-0.634983718395233,0.0148674227736452,0.027856291269851,0.20449684523046,0.260928098112345,-0.689313397546351,-0.583479155262129
YGL004C,0.173666089773178,-0.76252943277359,0.0176922336298774,0.0441670057808836,0.142050332576036,0.211191693941752,-0.847557774366692,-0.675323195802902
YGR007W,0.432675689458847,-0.366219609975815,0.0454553486920025,0.045484809628359,0.351693782458703,0.527238211532434,-0.453835340512886,-0.277993162559492
YGR009C,0.313020437955856,-0.505590200424194,0.0229416464426531,0.0317709314691352,0.271396616101265,0.358756177127361,-0.566395574165525,-0.445200612441894
YGR012W,0.317921251058578,-0.499668896198273,0.0305220076207385,0.0415590522952186,0.263165503740311,0.381080671896537,-0.579771039515116,-0.418983183583817
YGR015C,0.0801093429327011,-1.10194230079651,0.0129849482056469,0.0698999847478775,0.0579515054201086,0.108454630896449,-1.2369352777859,-0.964751925553015
YGR021W,0.151315107941628,-0.825302958488464,0.0234474493803603,0.0672370259588813,0.108990448713303,0.202107484266162,-0.962611587482174,-0.694417604266944
YGR026W,1.74490582942963,0.239281058311462,0.187591580039836,0.0464981697754841,1.41324357887109,2.14441407124202,0.150216994921405,0.331308587228357
YGR028W,0.320558041334152,-0.496289163827896,0.0323428328730757,0.0436623310125293,0.26263765245676,0.389892427871625,-0.580643012606813,-0.409055212880701
YGR033C,0.419328033924103,-0.383656650781631,0.0718798035851252,0.0732635053764091,0.296456890801589,0.5818668410182,-0.528038551006734,-0.235176396457655
YGR040W,0.149620771408081,-0.827889382839203,0.017280155033537,0.0500709508058202,0.118093127943575,0.186439752578735,-0.927775382307744,-0.729461482084449
YGR046W,0.212564989924431,-0.674800157546997,0.0219006025880633,0.0446224678579023,0.172733077903589,0.259005732089281,-0.762624497067808,-0.586690625676337
YGR047C,0.175400495529175,-0.75701904296875,0.0122053019967717,0.0302405264991907,0.152654663597544,0.199995953092972,-0.816289924674962,-0.698978792189375
YGR048W,0.369682043790817,-0.434275448322296,0.0365410263247665,0.0427098466708751,0.304163426160812,0.448929241547982,-0.516893008466683,-0.347822113118574
YGR052W,0.0244771763682365,-1.62226963043213,0.00551467795287692,0.0984635033019296,0.0151333171408623,0.0365346825992068,-1.8200658728306,-1.43729468381839
YGR053C,0.0324363224208355,-1.50516712665558,0.00884202103557647,0.119844697447442,0.0178772040177137,0.052287135925144,-1.7477006341803,-1.28160519852132
YGR056W,0.164395242929459,-0.78525984287262,0.0119734979819023,0.0316092693411475,0.142499849200249,0.189006356025736,-0.846185595245187,-0.723523600711798
YGR059W,0.00313049228861928,-2.54643416404724,0.00135160604883832,0.197800063409713,0.00104825479793362,0.0063667999735723,-2.97953338337267,-2.19607885666055
YGR060W,7.02477407455444,0.844902813434601,0.629612614838335,0.0387112696798914,5.91236561934153,8.35947638352712,0.771761235565418,0.922179058755998
YGR062C,0.084875650703907,-1.07705414295197,0.0139233137117449,0.0714189019826836,0.0600279056777557,0.114684353768826,-1.22164682931063,-0.940495846607444
YGR065C,0.376235038042068,-0.425759464502335,0.0282071995235549,0.0325558324482738,0.324394315481186,0.433852985252937,-0.488926764746898,-0.362657411352763
YGR066C,0.0178576856851578,-1.7755389213562,0.00634263027644826,0.156857561019834,0.00776522882903616,0.0327430407827099,-2.10984574424652,-1.48488102011854
YGR068C,0.0729322880506516,-1.13942289352417,0.0075728370510793,0.0451863810015201,0.0586414185663064,0.0886873997127017,-1.23179553989078,-1.05213811765956
YGR070W,0.0193388015031815,-1.71660041809082,0.00228428988700049,0.05139347036774,0.0151373979014655,0.0240905059346309,-1.8199487732155,-1.61815428912469
YGR086C,4.23187065124512,0.624925434589386,0.364595374408065,0.0373414150908673,3.57668299277623,4.9727635105451,0.553480446979872,0.696597772106132
YGR089W,0.191493064165115,-0.718950986862183,0.0136545339520662,0.0309859384535685,0.165859002371629,0.219197573512793,-0.780260970002761,-0.659164257768072
YGR091W,0.086667113006115,-1.06475841999054,0.00952174342243224,0.0476922282440938,0.0696234479546547,0.106233878123264,-1.15724447299943,-0.97373696475495
YGR096W,0.0402748622000217,-1.40574526786804,0.00900048980768237,0.0971959184100789,0.0251004265310864,0.0602920773439109,-1.60031893001645,-1.21973977306848
YGR100W,0.178424090147018,-0.749604105949402,0.0124700773221396,0.0303153979698787,0.155901652822892,0.2031539529562,-0.807149280603962,-0.692174722782008
YGR101W,0.219905912876129,-0.660292208194733,0.0237555052410101,0.0468940075444312,0.177184790372849,0.269316802918911,-0.751573560914935,-0.569736552713511
YGR103W,1.55256950855255,0.190064370632172,0.104652598064456,0.0292777833721092,1.35619319180648,1.75922201375167,0.13232155963295,0.245320634668908
YGR104C,0.215732648968697,-0.669280827045441,0.0262318655314614,0.0527242566927288,0.168088502436876,0.271564909815788,-0.774461992580567,-0.56612634880385
YGR106C,4.81247282028198,0.679901361465454,0.514874461159606,0.0462675068558558,3.91238150000572,5.86008847554525,0.592441195664006,0.767904164798859
YGR110W,0.0200243033468723,-1.70717573165894,0.00402580823201559,0.0874650400008,0.0130567027100672,0.0288741521537304,-1.88416657259985,-1.53949076206091
YGR111W,0.429809421300888,-0.368257373571396,0.0361700059869273,0.0365209035453386,0.362052809695403,0.503747919201851,-0.441228085746554,-0.297786735040414
YGR112W,0.124883241951466,-0.906209468841553,0.0139980819052554,0.048584700823538,0.0999840831384063,0.153598234057426,-1.00006913646825,-0.813613777426407
YGR117C,0.385257840156555,-0.41560161113739,0.0303939441677035,0.0343226033468036,0.328200697898865,0.446696780622006,-0.483860499781086,-0.349987195714922
YGR122W,0.223723262548447,-0.652369320392609,0.0219614238639356,0.0425240619100387,0.184328028062979,0.269988128791253,-0.734408624841626,-0.568655332386204
YGR125W,0.261512756347656,-0.58344292640686,0.0171732620714076,0.0284932116220354,0.22994085252285,0.296052090326945,-0.638383874293008,-0.528631877883068
YGR126W,0.0655407160520554,-1.20844507217407,0.0225193156507482,0.148605427368405,0.0306158166223516,0.118708195475241,-1.51405421381571,-0.925519299851344
YGR128C,0.721590340137482,-0.142667055130005,0.0479145972934076,0.0288668796528699,0.630935247739156,0.815431504448255,-0.200015235603816,-0.088612513458282
YGR132C,2.10924363136292,0.322039246559143,0.207655209337071,0.0425566519061835,1.73586501479149,2.54972792665164,0.239515950327447,0.406493834311825
YGR140W,0.132530570030212,-0.878913700580597,0.00997364582508482,0.0327366642276681,0.114207981899381,0.152112485468388,-0.942303547797185,-0.817835137479754
YGR141W,0.272047251462936,-0.566959202289581,0.0234646763797987,0.0372679578252886,0.229745343327522,0.323005208869775,-0.63875328249966,-0.490790475076108
YGR142W,0.404459297657013,-0.394782036542892,0.0353712010895413,0.037933662640361,0.340955605606238,0.476459817588329,-0.467302167355668,-0.321973724592214
YGR144W,0.00486643519252539,-2.37338995933533,0.0025490615569867,0.238418398925713,0.00130736378972263,0.0109564239702498,-2.8836036527377,-1.96033118137341
YGR145W,0.480097562074661,-0.319682747125626,0.0328195288344836,0.0296488372505012,0.420321618268887,0.544557287792365,-0.376418286741688,-0.263956426877945
YGR147C,0.579068541526794,-0.2400181889534,0.0656260951552518,0.048745187417161,0.465840756893158,0.719913461307685,-0.331762517262355,-0.142719715767696
YGR154C,0.00695773772895336,-2.19203686714172,0.00276842685492435,0.176625428758764,0.00268295035542299,0.0132769318763167,-2.57138811700132,-1.87690248083258
YGR156W,0.20876257121563,-0.682340800762177,0.0200172348857007,0.0416414366396089,0.171891006082296,0.249754801392555,-0.764746846562882,-0.602486153959844
YGR161C,0.692902445793152,-0.162816971540451,0.0880909887629084,0.0550795281008299,0.532613187034925,0.878517627716064,-0.273588094499141,-0.056249519834015
YGR163W,0.391104161739349,-0.40992933511734,0.0396642294097478,0.0439275997280734,0.319992553939422,0.476246939102809,-0.494860127376443,-0.322167930087011
YGR167W,2.49620985984802,0.392052173614502,0.39040732994776,0.0673303434398646,1.81787424087524,3.35563626289368,0.259563824369768,0.525774430225827
YGR168C,0.0653888583183289,-1.18943107128143,0.00984184132035272,0.0657093242879915,0.0475295353059967,0.086711547523737,-1.32303650795992,-1.06192309069232
YGR171C,0.100629441440105,-0.999269425868988,0.00966552904682573,0.0416670412118787,0.0828606858849525,0.120885096428295,-1.08165147612079,-0.91762724722358
YGR178C,0.695411384105682,-0.158738493919373,0.04681516593576,0.0291902369620177,0.608454076945782,0.791006369888782,-0.215772200032981,-0.101820019373097
YGR179C,0.151797190308571,-0.821217596530914,0.0162647025028133,0.0464541672678854,0.12237563431263,0.185694016640385,-0.912305063643119,-0.731202094680809
YGR184C,0.3651083111763,-0.438378036022186,0.022151452688486,0.0263647789208262,0.324381237477064,0.40885219151775,-0.488944273805039,-0.388433676175904
YGR188C,0.0293835327029228,-1.53442347049713,0.00317450648518064,0.0468915100625865,0.0235923369880766,0.0359014547429979,-1.62722903712692,-1.44488802545155
YGR189C,2.05021810531616,0.310703575611115,0.145971276971287,0.0308384968428473,1.78760921061039,2.35654544830322,0.252272583377111,0.37227581997385
YGR191W,0.780086696147919,-0.108919717371464,0.0546083217732121,0.0303809569662888,0.680326682329178,0.890009112159411,-0.167282497059689,-0.0506055478403978
YGR193C,0.947665989398956,-0.0247547347098589,0.0765933061193493,0.0349970863770799,0.808838653564453,1.10565354923407,-0.0921381028028801,0.0436190628958313
YGR194C,0.179741755127907,-0.746873199939728,0.0150426375022768,0.0363996997863283,0.151971074193716,0.210270961125692,-0.818239067095119,-0.677220701240685
YGR195W,0.511427402496338,-0.2967409491539,0.0821025941183007,0.0692711245141088,0.369418531656265,0.688528653979302,-0.43248132223041,-0.162077981665622
YGR198W,0.341017454862595,-0.468276232481003,0.0237670383638942,0.0302504829319422,0.297907332579295,0.38788774907589,-0.525918808819574,-0.411293958871395
YGR200C,0.440559715032578,-0.357002943754196,0.0300064979239581,0.0295810083930629,0.385345075279474,0.500895648698012,-0.414150195503459,-0.300252741035949
YGR204W,1.9594988822937,0.291337877511978,0.119293782800546,0.0264957876990582,1.7332763671875,2.19139814376831,0.238867815555901,0.340721289442458
YGR205W,0.468661814928055,-0.332052826881409,0.0544261905301864,0.0503111801692565,0.371722586452961,0.58421349922816,-0.429781051027343,-0.233428424616411
YGR207C,1.22776126861572,0.0861121043562889,0.145202020978163,0.0510036043263501,0.966481984158357,1.54687237739563,-0.014806252675261,0.189454484301051
YGR208W,1.13383817672729,0.0526398569345474,0.106695777304082,0.0407284792503553,0.944795668125153,1.36134414474169,-0.0246621066240668,0.133967926800625
YGR210C,0.369528770446777,-0.434062510728836,0.0328603752870992,0.0385649570380002,0.309093877424796,0.438257197787364,-0.509909597448425,-0.358270968814384
YGR212W,0.0794500559568405,-1.10281527042389,0.00921522538343674,0.0503000490519384,0.0627699568867683,0.0985793173313141,-1.20224816964218,-1.00621419369063
YGR213C,0.0529870986938477,-1.2837381362915,0.0100819717208573,0.0833509561287987,0.0352696703126033,0.0739147439599037,-1.45259861335801,-1.13126892315116
YGR218W,1.28958404064178,0.109652332961559,0.0781762104279015,0.0263340342010585,1.14743264317513,1.44360075891018,0.0597272002074316,0.15944709842531
YGR220C,0.549714207649231,-0.263128370046616,0.0675914409505836,0.0532969953045792,0.430000851800044,0.693235712746779,-0.366530686227044,-0.159119126409484
YGR223C,0.13959002494812,-0.857296288013458,0.0138862148561011,0.0432853105362593,0.113938119262457,0.167960330843925,-0.943330953841987,-0.774793278571192
YGR224W,0.00548287946730852,-2.27868223190308,0.00156023223986323,0.125297482974881,0.00294273455316822,0.00898386903572828,-2.5312489238153,-2.04653659047148
YGR229C,0.884314239025116,-0.0545578077435493,0.0647592068104547,0.0318228566759822,0.766119302312533,1.01240503787994,-0.115703599782224,0.00535429760634343
YGR232W,0.98109757900238,-0.0143703036010265,0.166412899171042,0.0724833854699026,0.696402417123318,1.35188764234384,-0.157139740500163,0.130940592958036
YGR233C,0.386928766965866,-0.413229048252106,0.0243365272516337,0.0273169989093365,0.34283395409584,0.434783251583576,-0.464916178682314,-0.361727194011531
YGR235C,0.860861837863922,-0.0702087730169296,0.133840578839243,0.0666880169533818,0.63701024154822,1.16078436374664,-0.195853587965129,0.0647515493398385
YGR237C,0.165227249264717,-0.783110380172729,0.0122462518762041,0.0321799685581007,0.142471060156822,0.190462380647659,-0.846273344010632,-0.72019079159216
YGR240C,6.46465015411377,0.80976390838623,0.387505434367313,0.0260398679102121,5.75239753723145,7.23781917492549,0.759848891675962,0.859607728538872
YGR241C,0.244570896029472,-0.612966477870941,0.0194598793831236,0.0345344912158934,0.209427549441655,0.284489363183578,-0.678966189085379,-0.545933999828483
YGR247W,0.206652447581291,-0.693275988101959,0.0411938219325263,0.0861287427446778,0.137484275301298,0.297146401305994,-0.861747112668029,-0.527029602500713
YGR248W,0.0323681831359863,-1.51474213600159,0.0109801371005284,0.148663267556982,0.0151446977164596,0.0579933819671473,-1.81973998362792,-1.23662187589873
YGR249W,0.00439635338261724,-2.39101624488831,0.00173113614024614,0.175844514906152,0.00173530195024796,0.00845732260495424,-2.76062634444501,-2.07276710291006
YGR253C,2.51999831199646,0.398650020360947,0.285494394867819,0.048796001834948,2.02790850996971,3.12787329355876,0.307048356358973,0.495249089275867
YGR255C,0.307650059461594,-0.513387441635132,0.0251338438558969,0.0354363538317661,0.261554615199566,0.360164171953996,-0.582437615141633,-0.443499531662797
YGR256W,0.0195268820971251,-1.71754086017609,0.0037891463259775,0.0846896499100484,0.0129235559143126,0.0277646016329527,-1.88861817978201,-1.55650855341243
YGR261C,0.510730087757111,-0.292766392230988,0.0339621141438078,0.0288429398997657,0.448335176457961,0.578931073347728,-0.34839718500021,-0.237373139965999
YGR264C,3.2349693775177,0.509035408496857,0.200613868276805,0.0269464339368279,2.86817981799444,3.62550866603851,0.457606375290033,0.559368945731075
YGR266W,0.342024236917496,-0.467058777809143,0.0245308858565772,0.0311216637905842,0.297341261307398,0.391270518302917,-0.526744830043175,-0.407522874360296
YGR270W,0.192396700382233,-0.716748952865601,0.0127200003519447,0.0286975352477719,0.169152781367302,0.218085002650817,-0.771720856743631,-0.661374203112039
YGR280C,0.390065371990204,-0.412640392780304,0.0516188122565932,0.057320532200951,0.296560567617416,0.498956590394179,-0.527886597887735,-0.301937239048371
YGR282C,9.99004364013672,0.997889459133148,0.880510451404815,0.0381930797408657,8.38579082489014,11.8542486270269,0.923544025164025,1.07387401003249
YGR286C,0.229932636022568,-0.640773832798004,0.0241146008443906,0.0453966797550919,0.185877864807844,0.2812320291996,-0.730772350595511,-0.550935219525212
YGR288W,0.0446697473526001,-1.35462772846222,0.00654625225323826,0.0635879968986252,0.0330400586438676,0.0588676370680332,-1.4809592180863,-1.23012339630792
YGR289C,0.00727468868717551,-2.15267586708069,0.0018764122611039,0.113236521243251,0.0041520783988138,0.0114428021324178,-2.38173451160413,-1.94146761761416
YHL044W,0.0794122293591499,-1.12025499343872,0.0242617984966036,0.133545863341756,0.0409736298024654,0.134700832764308,-1.38749556073924,-0.870629740383607
YHL040C,1.31116557121277,0.116673924028873,0.0883343384001604,0.0292274297750874,1.15005553762118,1.48369920253754,0.0607188040059324,0.171345863261525
YHL038C,0.10725661367178,-0.971346795558929,0.00970114753359415,0.0392205987761455,0.0892436894277732,0.127341690286994,-1.04942248437478,-0.895029389774457
YHL032C,0.0229746699333191,-1.64330625534058,0.00333412574588351,0.0630055115664537,0.0169561243771265,0.030315714282915,-1.7706735758102,-1.518332207637
YHL026C,0.0436984449625015,-1.37032330036163,0.00976266369027979,0.0972738168706122,0.0270583381100247,0.0651616250475248,-1.56769896604405,-1.18600819118748
YHL025W,0.14458404481411,-0.843958079814911,0.0198548216983568,0.0596082168119113,0.109840163340171,0.184906091416876,-0.959238882814716,-0.733048908322831
YHL023C,0.104785926640034,-0.980871498584747,0.00769775024225539,0.0319528643328147,0.090330356794099,0.120353331727286,-1.04416627435464,-0.919541892271744
YHL014C,0.124831296503544,-0.906386137008667,0.0139689192793657,0.0485339937895984,0.099715955555439,0.153974771375457,-1.0012353627988,-0.812550432086348
YHL012W,0.00383730768226087,-2.45056200027466,0.00150607708639506,0.178116732957636,0.0014914930574984,0.00727866289671511,-2.82637901493804,-2.13794854696557
YHL011C,2.00928401947021,0.301394611597061,0.175608512988649,0.0377657048383768,1.69230252206326,2.37923222184181,0.228477965749998,0.376436818049003
YHL008C,0.0939067974686623,-1.02915704250336,0.00866290956701879,0.0401536491053637,0.0779434266810616,0.111693634465337,-1.10822051249731,-0.951971586586238
YHL007C,0.288332045078278,-0.541100740432739,0.0195031418304362,0.0294248408824739,0.251649250338475,0.326289940873782,-0.599204359064559,-0.486396315160662
YHL004W,0.534140050411224,-0.273880183696747,0.0449736105468819,0.0365510429512791,0.450309023509423,0.625955580671628,-0.346489350779537,-0.203456486513637
YHR002W,0.0721755623817444,-1.14645218849182,0.0107630981991944,0.0650699748217005,0.0529935954759518,0.0943109382564823,-1.27577661439469,-1.02543794541836
YHR003C,0.28165790438652,-0.551941990852356,0.024693262321419,0.0380314611592265,0.236596825097998,0.332402968158325,-0.625991112389839,-0.478335118100358
YHR004C,0.122401170432568,-0.914451003074646,0.0124319368570233,0.0441281726244679,0.0993240473171075,0.148614827543497,-1.00294560839028,-0.827937920307961
YHR006W,0.202461361885071,-0.695213258266449,0.0171388791145119,0.036771992688154,0.170518951614698,0.23812075778842,-0.768227348397525,-0.623202744048771
YHR007C,4.31655359268188,0.634129166603088,0.294558901715655,0.02960326005491,3.78217536012332,4.9139422416687,0.577741660979104,0.691429986184273
YHR008C,1.68871116638184,0.222409784793854,0.262295400834311,0.0667585501398502,1.24292241136233,2.27105535070101,0.094443820385014,0.356227718477943
YHR009C,0.42558416724205,-0.372224599123001,0.0318391261522423,0.0324383678626818,0.368351379533609,0.491457380106052,-0.433737726586543,-0.308514145333902
YHR011W,0.0941358730196953,-1.02898252010345,0.0105923558366763,0.0488238690428842,0.0747454836964607,0.115846507375439,-1.12641504333746,-0.936117072495037
YHR012W,0.687514841556549,-0.165394529700279,0.0768169906588161,0.0481418156196479,0.552381634712219,0.850922484199206,-0.257760769042954,-0.0701100013664817
YHR013C,1.37927854061127,0.135047152638435,0.201748401462977,0.0632774568233284,1.03057741920153,1.80742928981781,0.0130805759589361,0.257061315640435
YHR014W,0.00287730200216174,-2.6637282371521,0.00214914130795445,0.348982317892604,0.000363597972803594,0.00871010776609182,-3.439381050087,-2.05997647163648
YHR016C,0.315566867589951,-0.502398610115051,0.0261398444137555,0.0360203584665598,0.267157348245382,0.368302770455678,-0.573232907495321,-0.43379501518401
YHR019C,4.21234703063965,0.623584985733032,0.277288028331096,0.0285958816155245,3.69780113101006,4.77128505706787,0.567943548643214,0.678635363952218
YHR022C,0.0194949302822351,-1.74707639217377,0.00809506488652299,0.18271764756156,0.00736174891935661,0.0390638339954118,-2.1330190197502,-1.40822513446157
YHR024C,0.492093324661255,-0.309266954660416,0.0382675751643408,0.033816067221102,0.420417249202728,0.569930397470792,-0.376319473709728,-0.244178180704148
YHR025W,1.84235179424286,0.263913601636887,0.151427539976119,0.035576742849865,1.56622289617856,2.15675377845764,0.194853414293468,0.333800567559282
YHR028C,0.521375179290771,-0.283785313367844,0.0342268227091896,0.0285271019325966,0.456732091059287,0.588509261608124,-0.340338472951346,-0.230246698098964
YHR029C,0.774178802967072,-0.113499231636524,0.0807626184507947,0.0450460800450733,0.633315445482731,0.946914035578569,-0.198379921043221,-0.0236894898978032
YHR030C,0.414378076791763,-0.383903652429581,0.0320917347120438,0.0336096227096729,0.356338017433882,0.48000955581665,-0.448137841429807,-0.318750116797053
YHR031C,0.0766682028770447,-1.11722636222839,0.00708399347861352,0.0400011461692562,0.0638799438873927,0.0916672217970093,-1.19463555195994,-1.03778593560969
YHR033W,0.0109245106577873,-1.98073983192444,0.00323887918182042,0.130337242846603,0.00566889678593725,0.0182711739093065,-2.2465015940511,-1.73823359451403
YHR037W,0.758007526397705,-0.121423281729221,0.0539671659953647,0.030862364480827,0.659779420495033,0.86805125027895,-0.180601235429486,-0.0614546390932859
YHR039C,0.904382824897766,-0.0446336418390274,0.060957577038943,0.0292632068453743,0.792126166323821,1.02443543175856,-0.101205645140754,0.0104845898023968
YHR045W,0.318773806095123,-0.497842043638229,0.0249238832667601,0.0339608852554123,0.272493253896634,0.369835026562214,-0.564644260395069,-0.431991983316824
YHR046C,0.279682338237762,-0.556795239448547,0.0354242343186273,0.0548443078830525,0.216789348920186,0.35573483829697,-0.663962059111794,-0.448873601061501
YHR049W,1.99334359169006,0.295845985412598,0.263069396996439,0.056916768154378,1.5309662481149,2.56666687726975,0.184965612090242,0.409369498287566
YHR050W,0.37868744134903,-0.423008650541306,0.0292042410161079,0.0334806519272916,0.325138521442811,0.4391796015203,-0.487931579124048,-0.357357839874551
YHR063C,1.27904403209686,0.105493471026421,0.102727952183451,0.0347445793288206,1.09156608581543,1.49503120879332,0.0380500339857477,0.174650256101019
YHR065C,0.530825734138489,-0.276328682899475,0.0408607593383011,0.0333560723706809,0.459120637923479,0.614522356788317,-0.338073184986508,-0.211462312767788
YHR067W,0.161141216754913,-0.797976195812225,0.0250368285205419,0.0671107910526432,0.117563495909174,0.217567175626755,-0.929727515417133,-0.662406626067048
YHR070W,0.233360767364502,-0.633651733398438,0.0205448148899428,0.0382269181812485,0.19622156471014,0.2753324555854,-0.707253269955272,-0.560142594435217
YHR071W,0.2438775151968,-0.623738408088684,0.0555832824656011,0.0972704993409266,0.153245673328638,0.375507101416588,-0.814611781550167,-0.425381972731714
YHR073W,0.196684554219246,-0.707287490367889,0.0137048296470972,0.030354680175231,0.170166474704941,0.223737270757556,-0.76912599841965,-0.650261680073052
YHR076W,0.498287171125412,-0.304717898368835,0.0503292855367591,0.0436586367468213,0.409789400547743,0.605951022108396,-0.387439280812173,-0.217562480211997
YHR083W,0.435072034597397,-0.363639086484909,0.0440841666618358,0.0436461557892399,0.358994990587234,0.533699994285902,-0.444911611520568,-0.272702824295795
YHR086W,0.20459845662117,-0.690750122070312,0.0178437161039754,0.0379170530856488,0.171560570473472,0.240812974174817,-0.76558251945394,-0.61832013510231
YHR091C,0.0838995277881622,-1.07805073261261,0.00767165211429777,0.0396907193955379,0.0696369567885995,0.0994609807928404,-1.15716022136744,-1.00234729844616
YHR097C,0.140310525894165,-0.856048226356506,0.0168646476134945,0.0523171365215984,0.109573157380025,0.175756516928474,-0.960295840511758,-0.755088562724455
YHR099W,0.307801455259323,-0.512455403804779,0.0178185411702907,0.0251554350524749,0.273679882287979,0.343640751888355,-0.562757126450669,-0.463895359793867
YHR101C,0.173245087265968,-0.764323174953461,0.0203209929466442,0.0509813680064559,0.136333805943529,0.215702816843987,-0.86539645063234,-0.666144183447237
YHR104W,1.00141704082489,-0.00126885226927698,0.0931881369668771,0.0405160532011832,0.827737355232239,1.19512628813585,-0.0821074610176039,0.0774137259110476
YHR106W,0.101143755018711,-0.999097943305969,0.0138099622781753,0.0593049164359184,0.0760675563787421,0.130797761802872,-1.11880053673496,-0.883399719826158
YHR109W,0.106999985873699,-0.97250896692276,0.0100079835055444,0.0405514297954377,0.0885517918194334,0.128200095271071,-1.05280265604632,-0.892111663000549
YHR113W,0.578245341777802,-0.239220336079597,0.0453320724046644,0.0340289812465836,0.497235282758872,0.670382771392663,-0.303438062955651,-0.173677160164943
YHR114W,0.326557606458664,-0.487255066633224,0.0244435466114513,0.0325114310259991,0.280757164210081,0.376651525994142,-0.551669160047905,-0.424060291093791
YHR119W,0.09606072306633,-1.01866412162781,0.00716390320219956,0.0323950075228142,0.0824860418215394,0.110577837626139,-1.08361953597555,-0.956331907045572
YHR120W,0.0744202062487602,-1.12979030609131,0.00614849711361457,0.0359375257854784,0.0626400773103038,0.0871035708114505,-1.20314771788481,-1.05996404270432
YHR122W,0.383614152669907,-0.423829972743988,0.0731659333325418,0.0818640588910108,0.261029354731242,0.546331613262495,-0.58331066280131,-0.262543699823931
YHR123W,0.68369734287262,-0.16664944589138,0.0571961251969548,0.0362582108867806,0.576887476444244,0.805380805830161,-0.238908916718483,-0.0939987263704136
YHR127W,0.425555229187012,-0.376680970191956,0.0691210984550446,0.0699145859376787,0.310108292102814,0.576561003923416,-0.508486635559563,-0.239154792306764
YHR132C,1.07656788825989,0.0306964255869389,0.0849872745602099,0.0341502267027999,0.924196857213974,1.25296187400818,-0.034235512774963,0.0979378561818752
YHR137W,0.172330439090729,-0.765351593494415,0.0153428029797961,0.0385775655187917,0.144540697336197,0.204464987292886,-0.840009854360425,-0.689381071139566
YHR142W,0.546259701251984,-0.264900058507919,0.0563920006889417,0.0446588836049168,0.444467310110728,0.665353292723497,-0.35216017555896,-0.176947689607068
YHR144C,0.251063644886017,-0.60310286283493,0.0290324196194921,0.0500827046627195,0.199103198945522,0.311893453697364,-0.700921762924474,-0.505993740538869
YHR151C,0.0857851728796959,-1.06906819343567,0.00917744613928214,0.0464467438275943,0.0690944433833162,0.104993782192469,-1.16055687968254,-0.978836419762386
YHR159W,0.0795086175203323,-1.10227930545807,0.0088660741341538,0.0484205256606754,0.0633414210130771,0.0982146122182409,-1.19831220924907,-1.00782390107567
YHR160C,0.00515156285837293,-2.37913036346436,0.00329773532158942,0.299492738941422,0.000921212112492261,0.0134651214505235,-3.03564066586215,-1.87078972556201
YHR165C,0.208105936646461,-0.682522892951965,0.0126872162953818,0.0265011760602809,0.184194912513097,0.233426347374916,-0.734722369304211,-0.631850125695351
YHR166C,0.0958798080682755,-1.02031469345093,0.00931026748136891,0.0421569524875091,0.0787933650116126,0.115000143647194,-1.10351035378687,-0.939301617166869
YHR169W,0.333097100257874,-0.479180365800858,0.0299802045468795,0.0390069671116564,0.27875226388375,0.3940013649563,-0.554781626933978,-0.404502275514021
YHR170W,0.907386839389801,-0.0433986112475395,0.0674073064210191,0.0321444165263329,0.785674298803012,1.04701335231463,-0.10475745418793,0.0199522197119037
YHR171W,0.0977862849831581,-1.01156520843506,0.00904229751821333,0.0400028544786747,0.0814124678572019,0.117551093672713,-1.08930912602969,-0.929773329716684
YHR172W,0.145992144942284,-0.836999595165253,0.0114403381549545,0.0339700502865747,0.125068757434686,0.169554834564527,-0.902851166209017,-0.770689834721135
YHR176W,0.0371646471321583,-1.43574261665344,0.00613685443393993,0.0715306903280592,0.0262347161769867,0.0504322052001953,-1.58112362990038,-1.29729205104658
YHR177W,0.0118446266278625,-1.94127285480499,0.00308436364897768,0.11447824098417,0.00663263986740882,0.0187568353333821,-2.17831358301363,-1.72684043732159
YHR179W,9.92204570770264,0.995346307754517,0.756555911527463,0.0330200389220345,8.54182720184326,11.4920215606689,0.931550781555214,1.06039643211897
YHR181W,0.890496373176575,-0.0573211535811424,0.160282044901283,0.0778096629969919,0.624137511352698,1.23860861063004,-0.204719716061017,0.0929339672811826
YHR182W,0.0619693733751774,-1.20972466468811,0.0058071771836365,0.0406773788898914,0.0514370068286856,0.0742714947710435,-1.28872437634755,-1.12917783738533
YHR183W,6.4864616394043,0.810931801795959,0.456894193786228,0.0306063172482038,5.61897392670314,7.42512321472168,0.74965700533234,0.87070366486194
YHR185C,0.0104262679815292,-2.09582257270813,0.007585585941403,0.334001250705119,0.0014056621856677,0.0300728088244796,-2.85211907347017,-1.52182601080478
YHR186C,0.15893629193306,-0.79970782995224,0.0104110339405994,0.0284700198009415,0.139777182539304,0.179631412277619,-0.854563721043951,-0.745617722371423
YHR187W,0.280936747789383,-0.554460763931274,0.0336000960477275,0.0515779528076177,0.220805481945475,0.354382232079903,-0.655990148790164,-0.450528061639178
YHR188C,0.690588891506195,-0.161854922771454,0.0485975304126605,0.0305867545964483,0.599178188542525,0.785894188284874,-0.222444006996306,-0.104635923569613
YHR194W,0.0421670190989971,-1.37871909141541,0.00552333421036028,0.0566373815923277,0.0322991377674043,0.0540929683794578,-1.49080907262788,-1.26685918963499
YHR195W,0.129723116755486,-0.891358971595764,0.0184567858286087,0.0617118553946219,0.0972803631797433,0.169584766651193,-1.0119749213992,-0.77061316213488
YHR197W,0.41390785574913,-0.384189248085022,0.0294258813872786,0.0307989510132714,0.359269968171914,0.474589382857084,-0.444579085366423,-0.323682003592618
YHR198C,0.265294998884201,-0.578924000263214,0.0293438445516669,0.0480636862869162,0.211483863865336,0.325638932238022,-0.674722828272034,-0.487263678472799
YHR200W,1.30251264572144,0.112097851932049,0.144963449493904,0.0483236237488462,1.03835470279058,1.60835223197937,0.0163457220277859,0.206381165864099
YHR202W,0.0651736706495285,-1.18840527534485,0.00697182054989508,0.046439692716313,0.0527660075575113,0.0796770932773749,-1.27764578727145,-1.09866652599028
YHR208W,4.08023166656494,0.609459400177002,0.307045565943592,0.0326064399041274,3.53036880493164,4.70458602905273,0.547820076940296,0.672521414541647
YHR209W,0.1678486764431,-0.779385149478912,0.0236734260489217,0.0612139220140039,0.125503273680806,0.217082686598102,-0.901344953007654,-0.663374823353953
YIL160C,0.00210841279476881,-2.75387954711914,0.00124416212974833,0.272500079771783,0.000445376202454402,0.00514330767715971,-3.35127304399522,-2.28875767886521
YIL156W,0.115623593330383,-0.938102245330811,0.00841437955495725,0.0316206936254274,0.0998396467417479,0.133220256119967,-1.00069699641422,-0.875429764278603
YIL154C,0.229981303215027,-0.640980243682861,0.0255626401775715,0.0482073591550502,0.183558148021499,0.282992277294397,-0.736226351950753,-0.548225418753771
YIL153W,0.189196988940239,-0.72545051574707,0.0197738666006035,0.0453311735759892,0.152411995331446,0.230766147375107,-0.816980878362974,-0.636827900397173
YIL152W,0.104393392801285,-0.996076583862305,0.0273776929364446,0.113908142982002,0.0598190795009335,0.166148087630669,-1.22316027607382,-0.779504696835146
YIL149C,0.178839206695557,-0.748431384563446,0.0114690476746851,0.0278884176391222,0.157219529151917,0.201498483245571,-0.803493508702911,-0.695728219020241
YIL146C,0.051482331007719,-1.2914252281189,0.00613775573291416,0.0518231070018193,0.0405201057282587,0.0645287336160739,-1.39232943102766,-1.19024686175965
YIL139C,0.062066126614809,-1.22421526908875,0.0174572850840772,0.122853926346299,0.0332735485397279,0.102373598391811,-1.47790088049016,-0.98981203970665
YIL137C,0.493113219738007,-0.307989805936813,0.032366082145661,0.0285156476987461,0.433028664191564,0.557123534878095,-0.363483356404632,-0.254048495946813
YIL134W,0.0840188339352608,-1.08176803588867,0.014160578100728,0.0732542028108366,0.0587024827487767,0.115435355901718,-1.23134353214844,-0.93766116566157
YIL131C,0.276621282100677,-0.559686958789825,0.0235687322047302,0.0369683585412235,0.23336405493319,0.324068293223778,-0.63196603898892,-0.489363461094184
YIL124W,1.34218275547028,0.125714972615242,0.132094623942267,0.0426983371066387,1.09865549405416,1.61692865590254,0.040861525374554,0.208690856878802
YIL123W,4.84818029403687,0.684521973133087,0.338155873875787,0.0303155678955237,4.21068025827408,5.53713442087174,0.624352227744669,0.743285058553662
YIL119C,0.194930925965309,-0.712214648723602,0.0192005730095069,0.0426525107079222,0.160306513309479,0.23488375544548,-0.795048831751286,-0.629147017979066
YIL118W,0.877028048038483,-0.0632212162017822,0.15008706878868,0.0734756341548033,0.623833403984706,1.20710110068321,-0.204931409650623,0.0817436294245028
YIL117C,0.52604216337204,-0.281179785728455,0.0530866955533896,0.0437209068789494,0.429988861083984,0.639175427456697,-0.366542794728363,-0.194379931530673
YIL116W,0.686758518218994,-0.164727628231049,0.0577129420985389,0.0365144336663823,0.579230454067389,0.80732308626175,-0.2371486210725,-0.0929528532233268
YIL114C,0.497621715068817,-0.306188344955444,0.059541071687947,0.0518019888045074,0.390975347161293,0.622853094836076,-0.407850633858738,-0.205614373334235
YIL108W,0.310268402099609,-0.5094034075737,0.0225326040033222,0.0314725554225415,0.269273696591457,0.355818212032318,-0.56980606971627,-0.448771826958329
YIL106W,0.455883592367172,-0.343593835830688,0.0485936830894279,0.0460906367139564,0.370018502076467,0.557573591172695,-0.431776568690506,-0.253697807631293
YIL104C,0.198287546634674,-0.70439475774765,0.0175137416949454,0.0383204900691772,0.16651281490922,0.234445969512065,-0.778552342711998,-0.629957245030402
YIL099W,0.0049954317510128,-2.3248496055603,0.00163300123554158,0.144930173014262,0.00237677496043034,0.00863197172681491,-2.62401211736945,-2.06389000158192
YIL094C,2.70335078239441,0.430469870567322,0.220083717841169,0.0352715878513896,2.3104346036911,3.15831526120504,0.363693649657213,0.49945547648705
YIL092W,0.0520282536745071,-1.28635346889496,0.00568160324331898,0.0474963285806019,0.0416777104449769,0.0639956252028545,-1.38009614810461,-1.19384973385584
YIL084C,0.139003172516823,-0.860908031463623,0.0187849637713996,0.0584419350037624,0.105517110228539,0.180793684720993,-0.976677124177918,-0.742816749796204
YIL079C,0.212299317121506,-0.675572097301483,0.0228617604641321,0.0468636389713382,0.169186756014824,0.260919815301895,-0.771633636656335,-0.583492940818126
YIL076W,2.97207069396973,0.471118807792664,0.28177653140631,0.0410254642628474,2.47232275207837,3.57822058995565,0.393105165088828,0.553667109990244
YIL075C,1.82155239582062,0.259611666202545,0.112720610788838,0.0268735813702796,1.61400383214156,2.0411629875501,0.207904560181112,0.309877678861264
YIL071C,0.0634278059005737,-1.20129930973053,0.00816264505050842,0.0558184315275782,0.0485015250742435,0.0807601968447367,-1.31424460529639,-1.09280264101459
YIL070C,1.27119040489197,0.101237460970879,0.14960971812316,0.0507536501341084,1.01210443973541,1.59824331204097,0.0052253299357033,0.203642850096913
YIL056W,0.197441533207893,-0.705905854701996,0.0155397516658651,0.0341852456069588,0.169422792643309,0.22934352469941,-0.771028174067698,-0.639513534527461
YIL053W,25.4943523406982,1.40338110923767,3.04226790107867,0.0516054682441072,20.1369387944539,32.1276481628418,1.30399344897277,1.50687891148029
YIL049W,0.178968727588654,-0.754624366760254,0.0332364360521533,0.0802985275114842,0.122030036337674,0.252448464185,-0.913533352268206,-0.597827346795711
YIL038C,0.391930043697357,-0.407800137996674,0.0266800613991493,0.0296297278255753,0.342154107491175,0.44395995264252,-0.465778245109071,-0.352656213293677
YIL037C,0.00290908431634307,-2.56589674949646,0.00106645064840236,0.163880985756649,0.00122039980293872,0.00535362687272331,-2.91349796300866,-2.27135203224179
YIL035C,0.77055823802948,-0.114800490438938,0.0663680359335426,0.0373681513468403,0.647450479865074,0.906397896508376,-0.188793443456408,-0.0426811129247724
YIL034C,1.28563761711121,0.106798693537712,0.132935740287964,0.0449266120237463,1.04167533914248,1.55945646762848,0.0177323784727195,0.192973255891744
YIL023C,0.22263491153717,-0.655221521854401,0.025411576558295,0.0494613523893681,0.178191301847498,0.278235442191363,-0.749113501734917,-0.555587737933175
YIL022W,0.536945164203644,-0.271585166454315,0.0449313433661574,0.0362658564339534,0.455759570499261,0.628087030847867,-0.341264203346235,-0.201980175151448
YIL020C,0.482848197221756,-0.320032238960266,0.064650709567524,0.0577259673454332,0.370997739334901,0.625418341159821,-0.430628743321069,-0.203829400443324
YIL019W,0.199393644928932,-0.702824771404266,0.0215810677908836,0.0469656182605762,0.160363518695037,0.243733093266686,-0.794894426032735,-0.613085524320313
YIL017C,0.110596753656864,-0.957568347454071,0.00860352388778294,0.0337704270852419,0.0950577482581139,0.1286706926922,-1.02201247755082,-0.89052036168494
YIL014W,0.182440102100372,-0.74026095867157,0.0145556621317973,0.0346491470420162,0.154895542562008,0.211633309721947,-0.809961081863934,-0.674415976098431
YIL001W,0.106016367673874,-0.976700603961945,0.0103677222433384,0.0424590481541319,0.0872916176915169,0.127854677662253,-1.05902745888452,-0.893283379918979
YIR003W,0.234508767724037,-0.631078779697418,0.0177072445216822,0.0328046203842212,0.201007222260038,0.271609099706014,-0.696788338600078,-0.566055695763105
YIR004W,0.461729824542999,-0.337084800004959,0.0381140253836523,0.0357659636040254,0.392436838150024,0.542923007905483,-0.406230232046251,-0.265261754412701
YIR006C,0.83782958984375,-0.0776533558964729,0.0511351846060212,0.026532255820267,0.740326762199402,0.94191624323527,-0.130576550948142,-0.0259877140906392
YIR008C,0.312613815069199,-0.506842017173767,0.0288859526875677,0.0401039716803055,0.25894496863087,0.371725067993005,-0.586792538686041,-0.429778157967639
YIR011C,0.46950688958168,-0.330534368753433,0.0472042890666872,0.0434614270376585,0.384521216154099,0.570396567384402,-0.41507969278205,-0.2438230973196
YIR019C,0.00267612026073039,-2.58691477775574,0.000687784316017113,0.1131165639224,0.00147002785427806,0.00426564736990258,-2.83267444575911,-2.3700150859559
YIR027C,0.0113338092342019,-1.95984590053558,0.00288994979382809,0.112302995751949,0.00650391120774051,0.0176079301318775,-2.1868253968271,-1.75429170579811
YIR028W,0.0068416609428823,-2.17953252792358,0.00177628171411153,0.114068616415665,0.00387639252779384,0.0107191795560842,-2.41157226346372,-1.96983849369809
YIR035C,0.206368342041969,-0.692004323005676,0.0362209312013186,0.0761621939791569,0.143340502430995,0.283385578294595,-0.843631109324313,-0.547622256260297
YJL216C,0.002214819425717,-2.70325112342834,0.00104733897861563,0.21139947317896,0.00070317266654456,0.00471604374470189,-3.15293803207694,-2.32642217917203
YJL213W,0.0044961622916162,-2.41439962387085,0.00248695588979971,0.25232719036366,0.00110160022062094,0.0105821940970297,-2.95797599742028,-1.97542475763333
YJL210W,0.13949054479599,-0.862050592899323,0.0244331261592372,0.075782391451075,0.096805483289063,0.194074211269617,-1.01410004360921,-0.712032206146752
YJL209W,0.0647338405251503,-1.19119465351105,0.00670363936789771,0.0450066745670819,0.0522701554000378,0.0791136506324013,-1.28174620873564,-1.10174858044758
YJL208C,0.586929023265839,-0.233512863516808,0.0578955919082235,0.0426801327400753,0.48239004611969,0.7073190142711,-0.31660166222755,-0.150384667367172
YJL207C,0.24802254140377,-0.606323957443237,0.0151721046586412,0.0265769134450122,0.220047492161393,0.277401026338339,-0.657483576676389,-0.556891936451622
YJL203W,0.136854603886604,-0.869638562202454,0.0226460504798727,0.0716841962628011,0.0972953125213583,0.18554284585019,-1.01190808721738,-0.731555786864934
YJL200C,0.598910927772522,-0.223607152700424,0.040027414639666,0.0290330802329138,0.524683498342832,0.679083297153314,-0.280102594514249,-0.168076951415906
YJL193W,0.236269950866699,-0.628633677959442,0.022967825610672,0.0421049287386965,0.195276688287656,0.286048878480991,-0.709349605113663,-0.543559768747219
YJL187C,0.0907858833670616,-1.04357290267944,0.00776924114046174,0.0372298146500491,0.076473187468946,0.106563433135549,-1.11649081703717,-0.972391797446119
YJL186W,0.942391097545624,-0.026829382404685,0.0658528217944718,0.0303815422759989,0.818276616434256,1.07704945107301,-0.0870998608313787,0.0322356384670878
YJL185C,0.0683248564600945,-1.17388021945953,0.0134957406641998,0.0861003941232644,0.0451528272901972,0.0971305040021738,-1.34531513679977,-1.01264443630688
YJL180C,0.31952702999115,-0.498306542634964,0.0365250297061636,0.0494377465841772,0.2540788816909,0.396621473133564,-0.595031433524216,-0.401623778618143
YJL178C,1.23727941513062,0.0895425751805305,0.144307194843146,0.050362649811124,0.978249378999074,1.54801858067513,-0.00955042774321522,0.189776169058788
YJL174W,1.84352242946625,0.263051688671112,0.202775838503716,0.0474291054014925,1.48901238044103,2.2782244682312,0.172898285464256,0.357596511890366
YJL171C,1.96614742279053,0.292275935411453,0.154596719450353,0.0341543785125216,1.68075352708499,2.2829100827376,0.225503968901619,0.358488805898182
YJL168C,0.21987421810627,-0.65909332036972,0.0168156199736651,0.0331844108799763,0.189225081602732,0.254263818264008,-0.723021302453599,-0.594715435523275
YJL167W,4.22603273391724,0.624407887458801,0.354570595553198,0.0363973202109159,3.56789938410123,4.95448288122813,0.55241259832055,0.694998302935974
YJL162C,0.0765320956707001,-1.1185964345932,0.00812444816690365,0.0460789458698772,0.0617791531607509,0.093647972556452,-1.20915805744808,-1.02850162052906
YJL160C,0.00866327062249184,-2.11794400215149,0.00432567642271119,0.228155618729167,0.00248371119766186,0.0189415482804179,-2.60489890519693,-1.72258453952543
YJL157C,0.31083956360817,-0.508468866348267,0.0211744330592215,0.0295490813475488,0.273074376831452,0.353189048667749,-0.563719050156657,-0.451992780494689
YJL156C,0.175138548016548,-0.757947027683258,0.0136978225690989,0.0339789027845263,0.149803266550104,0.202649291728934,-0.824478766407076,-0.693254909807258
YJL155C,0.167854219675064,-0.777036249637604,0.0160008603386591,0.0413758996627271,0.138146042823792,0.200566431631645,-0.859661550880697,-0.697741752311678
YJL154C,0.486611813306808,-0.313710778951645,0.0312043877856127,0.0278962444439859,0.42947314803799,0.548080146312714,-0.367063985173655,-0.261155929551591
YJL153C,0.0112564880400896,-1.95937621593475,0.00251080035344231,0.0973377087067037,0.00704216359105582,0.0169055824944129,-2.15229395818317,-1.77196993431573
YJL147C,0.119157910346985,-0.926843464374542,0.0139550354248178,0.0508070957911489,0.0936266684283813,0.148512506609162,-1.02860044184886,-0.828236987465662
YJL145W,1.11274886131287,0.0441209562122822,0.114391257128658,0.044418015211888,0.908989517887433,1.35865071018537,-0.0414411371785974,0.133107817719921
YJL137C,0.124963402748108,-0.906197547912598,0.0146618806228957,0.05095042420903,0.0988219450538357,0.155749860654275,-1.00514660378565,-0.807572333229672
YJL131C,0.121118009090424,-0.92008250951767,0.0149526084834797,0.0535243456236873,0.0944791555404663,0.152835755174359,-1.02466399752662,-0.815775050725823
YJL130C,1.89462602138519,0.276822477579117,0.107610973898789,0.024683468452135,1.69443809787432,2.10255633393923,0.229025706284235,0.322747621659203
YJL126W,0.0980539172887802,-1.01363050937653,0.0150247424590019,0.0667057052351396,0.0714554883539677,0.129880478233099,-1.14596442764063,-0.8864561362267
YJL125C,0.293861567974091,-0.533748686313629,0.027445820838519,0.0405854001780675,0.242761774112781,0.351002469658852,-0.614819716120964,-0.454689832852156
YJL116C,0.0594489872455597,-1.23193717002869,0.00995741652219983,0.0728805035793673,0.0415982550320526,0.080100249623259,-1.38092488790996,-1.09636623786352
YJL112W,0.149206757545471,-0.827580749988556,0.011837570491667,0.0345421677856434,0.126887021586299,0.172989532351494,-0.89658280533025,-0.761980175365558
YJL109C,0.661998271942139,-0.179893478751183,0.0389110026487226,0.025550894681661,0.590787589550018,0.738714489340782,-0.228568636323113,-0.131523392839654
YJL108C,0.00530570326372981,-2.31594848632812,0.00228674725366992,0.192862826785842,0.00184222454360376,0.0107314642518759,-2.73465787317894,-1.96934101679229
YJL106W,0.00345396832562983,-2.48914361000061,0.00121520824793892,0.157894068118403,0.00148378534941003,0.00630301422982788,-2.82862892582881,-2.20045240095095
YJL105W,0.0503910705447197,-1.30071747303009,0.00599756337821094,0.0517355650645672,0.0393927422973017,0.0631798248117169,-1.40458379635308,-1.19942158867557
YJL100W,0.0352827310562134,-1.45603477954865,0.00454842505487816,0.05598225333042,0.0269950514659286,0.0447422484556834,-1.56871584022381,-1.34928221153196
YJL090C,0.0486305803060532,-1.31535863876343,0.00498134103433865,0.0444027484475328,0.0394440783808629,0.0586606941496332,-1.40401818695862,-1.23165280278289
YJL089W,0.003645951859653,-2.4562451839447,0.00104638875016291,0.126770849688938,0.00193502707891942,0.00599441376980394,-2.7133129595972,-2.22225328380151
YJL088W,0.085594080388546,-1.07247066497803,0.0129101180037799,0.0654624885214169,0.0629633827755849,0.113490639378627,-1.20091224687264,-0.945039969138771
YJL087C,0.201220855116844,-0.697434961795807,0.0143868656075859,0.0310383189371174,0.174891633912921,0.230014677718282,-0.757230966681933,-0.638244452932794
YJL085W,0.207043796777725,-0.685328245162964,0.0166047159874353,0.0347631886250029,0.176381927852829,0.241278085360924,-0.753545915876258,-0.617482122373369
YJL081C,0.392497718334198,-0.407579362392426,0.0317598086488724,0.0350720519876004,0.335562348365784,0.457910776138306,-0.474226774942024,-0.339219135982384
YJL078C,0.550845801830292,-0.259919911623001,0.0365121938871039,0.028725842658411,0.484802453716596,0.623663347462813,-0.31443519075521,-0.20504977944645
YJL076W,0.419419974088669,-0.378233402967453,0.0267288964108182,0.0277133584565428,0.369570290545623,0.470707178860903,-0.432302961241086,-0.327249178594874
YJL073W,0.177902922034264,-0.751297414302826,0.0146834174370386,0.0358930604548049,0.150358639781674,0.207377382740378,-0.822871704455046,-0.683238611813306
YJL069C,0.359429687261581,-0.44564101099968,0.0272954819183353,0.0330687637299873,0.309112913658222,0.412931114435196,-0.509882888914925,-0.384122391723498
YJL068C,0.789205551147461,-0.105176173150539,0.0828250527989613,0.0452859420474564,0.638751869897048,0.968223782877127,-0.194667822890119,-0.0140242553197969
YJL066C,0.305941104888916,-0.519891679286957,0.0490918262839016,0.069355367570748,0.219233080744743,0.41231345385313,-0.659093913230913,-0.384772512006617
YJL063C,0.56354957818985,-0.255052834749222,0.0943152898697498,0.0720741693503668,0.405132336666187,0.767946481704712,-0.392403093515383,-0.114669044955726
YJL061W,0.435751467943192,-0.361800760030746,0.030127939976275,0.0300840193218218,0.378717405349016,0.495045210172733,-0.421684735391362,-0.305355137169171
YJL060W,0.785703897476196,-0.106110848486423,0.0624632951125701,0.0344982475706218,0.670188241700331,0.911356170475483,-0.173803198862319,-0.040311861621031
YJL059W,0.186472773551941,-0.731573641300201,0.0187230751313871,0.0436731000597933,0.15121072071294,0.225384653608004,-0.820417416642278,-0.647075702776878
YJL058C,0.0723184421658516,-1.14338827133179,0.00797539260002157,0.0479165166722072,0.0577379348377387,0.0889804363250732,-1.23853876979085,-1.05070546897338
YJL057C,0.0979701429605484,-1.01079380512238,0.00916005565993748,0.0405305249332958,0.0815382454544306,0.117280611954629,-1.08863863834237,-0.93077377706585
YJL053W,0.335289508104324,-0.476696044206619,0.0332058702063296,0.0428602816518511,0.275491849084695,0.405723055948814,-0.55989127015616,-0.39177031631773
YJL047C,0.0934296771883965,-1.03115367889404,0.00812188689992101,0.0377358969806978,0.0787914246320724,0.110339246690273,-1.10352105087782,-0.957269985389827
YJL044C,0.317280650138855,-0.500168979167938,0.0273069587620366,0.0374686222254195,0.265996823956569,0.373373428483804,-0.575123549200329,-0.427856592679144
YJL043W,0.0043423930183053,-2.51132893562317,0.00359468909303736,0.388950343990701,0.000407869293606685,0.0139148207226147,-3.38949117739415,-1.85652242615486
YJL039C,0.462594151496887,-0.335577726364136,0.0276693338271901,0.0260230930720572,0.410230169196924,0.516988034546375,-0.386972404036657,-0.28651950833864
YJL034W,6.97034978866577,0.842402160167694,0.436574109441228,0.0272450560539646,6.1509922504425,7.85489097833633,0.788945168998006,0.895140160640523
YJL033W,0.340706020593643,-0.468655675649643,0.0235080192054638,0.0300107749557577,0.296417456616958,0.388451811671257,-0.528096224502535,-0.410662875303545
YJL029C,0.179195985198021,-0.747841060161591,0.0131762211326755,0.0318781119935849,0.154927864670753,0.206491887072722,-0.809870464846196,-0.685097010647571
YJL025W,0.0411605052649975,-1.38932025432587,0.00545688810473082,0.0575242829100731,0.0313506261756023,0.0526484132744372,-1.50375378124916,-1.2786147574312
YJL023C,0.0623217634856701,-1.21090376377106,0.00997925242152687,0.0695598405552856,0.0447196691917876,0.0837712751080593,-1.34950142459717,-1.07690509688288
YJL014W,1.95236527919769,0.289563775062561,0.132152544544705,0.0294733958265289,1.69936563074589,2.21170019507408,0.230286830077872,0.344726255718681
YJL013C,0.0985479131340981,-1.00858962535858,0.0100032116932274,0.044117907832939,0.0800506350894769,0.119150842043261,-1.0966352184354,-0.923902959349272
YJL008C,2.38810014724731,0.377083390951157,0.159791618555013,0.0290128821233722,2.08877532879512,2.7206914683183,0.319891728444983,0.434679292226338
YJL006C,0.253828823566437,-0.598138570785522,0.0283100884579075,0.04820676025937,0.203601106007894,0.312636794646581,-0.691219869546692,-0.50495991072109
YJL002C,2.5413761138916,0.403964728116989,0.181130688136355,0.0309809130088583,2.20934057235718,2.90448760787646,0.34426266801932,0.463069526904973
YJR001W,0.572211146354675,-0.243475019931793,0.0394925981697403,0.0299333108308413,0.500785040358702,0.653010972837607,-0.300348653726712,-0.185079521026072
YJR003C,0.265435606241226,-0.577425241470337,0.0212135750533975,0.0346773061132346,0.22626882729431,0.309019688765208,-0.645375277588724,-0.51001384969334
YJR004C,0.0133237903937697,-1.88311910629272,0.00250855567896757,0.0825656023022016,0.0088481122860685,0.0185862757731229,-2.05314939201063,-1.73080766218332
YJR005W,0.375215321779251,-0.426763415336609,0.0260131957216561,0.0301464227336554,0.3275810683767,0.427062655985356,-0.484681205296846,-0.36950843698423
YJR006W,0.248719915747643,-0.605822026729584,0.020929776573579,0.0364787051570785,0.210069210082293,0.292161750545104,-0.677637607582771,-0.53437664316462
YJR016C,4.68418979644775,0.669673442840576,0.311956135032877,0.0289070076939796,4.11021879116694,5.31296312014262,0.613864940398752,0.725336798668526
YJR024C,0.497649610042572,-0.308245480060577,0.0773324010450633,0.0669861395972506,0.365572317441305,0.66347171018521,-0.43702670212868,-0.178177754704438
YJR030C,0.157662510871887,-0.803645431995392,0.0125352275560466,0.0345580446976451,0.134951432794332,0.182941851764917,-0.869822504413594,-0.737686946119847
YJR032W,0.493377357721329,-0.3084956407547,0.0433830276727278,0.0381561893772929,0.413647145032883,0.584198951721191,-0.383369968800027,-0.233439226653997
YJR033C,0.147145792841911,-0.833243668079376,0.00995237519194742,0.0293914490332142,0.128794331351916,0.166739397123456,-0.890103253064456,-0.77796177351012
YJR039W,0.043230228126049,-1.36602318286896,0.00395283175329505,0.0397040142033313,0.0358704259929558,0.0512687519813577,-1.44526346634669,-1.29014725983044
YJR040W,0.304985851049423,-0.516820073127747,0.0217146266523935,0.0309093147457595,0.265344709157944,0.349527686834335,-0.576189567565094,-0.456518417162569
YJR041C,0.306207418441772,-0.514869689941406,0.0195504087120618,0.0277272309249316,0.269805000474056,0.344439454128345,-0.56895001556465,-0.46288710780353
YJR049C,0.299850404262543,-0.524497926235199,0.02407648951902,0.0349201846620388,0.253907536466916,0.348582500716051,-0.595324461045461,-0.457694481620832
YJR051W,0.527277112007141,-0.279244244098663,0.0405852280734662,0.0333922012959575,0.453960983951886,0.60860445300738,-0.342981498475906,-0.215664887383707
YJR054W,0.114408351480961,-0.943843364715576,0.0117827965044832,0.0447511122514714,0.0930431634187698,0.138601920132836,-1.03131553224392,-0.858230815062363
YJR056C,0.23048660159111,-0.646793603897095,0.0488158353598321,0.0903780742527334,0.150328746810555,0.343988239765167,-0.822957963845194,-0.463456404790093
YJR062C,0.177565738558769,-0.752765893936157,0.0176351057494695,0.0429485975496403,0.146261612822612,0.214640086392562,-0.834869878398572,-0.668289196109977
YJR070C,2.11250686645508,0.322990149259567,0.193483255179331,0.0395799473375164,1.765236094594,2.52315926551819,0.246802798983396,0.40194466468827
YJR072C,0.718378901481628,-0.145308747887611,0.062996139331914,0.0379915872179711,0.604135406017303,0.85035723199447,-0.218865711483959,-0.0703986086834782
YJR076C,0.874042868614197,-0.0599248297512531,0.0716861352956924,0.0355865385609857,0.740916799008846,1.0236215988795,-0.130230559902168,0.0101394385772205
YJR078W,0.0287047848105431,-1.54904448986053,0.00514588539631071,0.0783185349831108,0.0193552225207289,0.0398125761809448,-1.71320206059232,-1.3999797288098
YJR084W,0.124520473182201,-0.907503724098206,0.0140312084683115,0.0488537721035064,0.0997423702850938,0.154802371437351,-1.0011203220903,-0.81022241988556
YJR088C,1.28288412094116,0.105889588594437,0.132333565132041,0.04468073079218,1.04755619664987,1.55868095556895,0.0201772893692578,0.192757201340548
YJR089W,0.0823086425662041,-1.08597075939178,0.00666200100036276,0.0350958998240091,0.070183600547413,0.0958808689067761,-1.15376435562395,-1.01826804304496
YJR092W,0.308598279953003,-0.511461555957794,0.0193645162841212,0.0272608024706508,0.272648371756077,0.346140086650848,-0.564397091569834,-0.460748101939255
YJR094C,0.112805761396885,-0.951380968093872,0.0148059340330596,0.0567998149463804,0.0869512205322584,0.145352806150913,-1.06072431794649,-0.837576655287879
YJR095W,0.00621135858818889,-2.26297354698181,0.0031287696933277,0.229418089246883,0.00176211142679676,0.0136488812509924,-2.75396734485613,-1.86490348313815
YJR096W,0.250799059867859,-0.60499781370163,0.0355817244728299,0.0612800814665762,0.187480984007319,0.32659202888608,-0.727042777190624,-0.485994496713865
YJR099W,0.365972191095352,-0.444119155406952,0.0691405653279796,0.080936756862447,0.251532329122225,0.518049057324728,-0.599406193773111,-0.285629117475219
YJR100C,0.171113908290863,-0.769945859909058,0.020970833908985,0.0529274078701701,0.133835978309313,0.216175928836068,-0.873427155791386,-0.665192666330834
YJR101W,0.757625222206116,-0.12342880666256,0.0875929214533278,0.0500470114587584,0.600803725918134,0.941427805523078,-0.221267423960399,-0.0262129812292206
YJR103W,0.249369457364082,-0.604514360427856,0.0197093701924024,0.0343235089448015,0.213153576850891,0.289340477188428,-0.671307375288082,-0.538590814732184
YJR105W,4.11351251602173,0.612651228904724,0.349962940127305,0.0368176683922918,3.47833696603775,4.84823033014933,0.54137165222717,0.685583243996038
YJR106W,0.0828947126865387,-1.08311355113983,0.00720653864842765,0.0377536377426088,0.0696196826174855,0.0982982547332843,-1.15726796433726,-1.00745419407126
YJR107W,0.005764523986727,-2.28678321838379,0.00270275928266569,0.208125497542465,0.00187755084771197,0.0122469116002321,-2.72640907164255,-1.91197342215211
YJR109C,0.70606803894043,-0.151973769068718,0.0434237416951604,0.0267131491400539,0.626295672357082,0.791255295276642,-0.203220595652849,-0.101683370558499
YJR111C,0.21389989554882,-0.673929333686829,0.0295350161284735,0.0601195069132695,0.160596855481466,0.27672947148482,-0.794263055425102,-0.557944598404444
YJR113C,0.485617905855179,-0.318419456481934,0.071908062995948,0.0640340278029006,0.360007940729459,0.639371077716351,-0.443687953559591,-0.1942472209244
YJR117W,1.85881114006042,0.268091231584549,0.134885389213354,0.0315448017148777,1.61200527648131,2.13211416006088,0.20736645807472,0.328810454140105
YJR122W,0.125828593969345,-0.902255356311798,0.0121805953830755,0.0421047462558347,0.103013853542507,0.15088387367626,-0.987104367963035,-0.82135718144659
YJR124C,0.332891225814819,-0.479222595691681,0.027932251174015,0.0364177797979142,0.281417545179526,0.390917595227559,-0.550648873093923,-0.40791478186999
YJR125C,0.888403117656708,-0.0527901202440262,0.071359730014039,0.0348924434732935,0.758657532930374,1.02936307489872,-0.119954239836845,0.012568581619144
YJR130C,0.114114940166473,-0.944316327571869,0.00996686155037338,0.0379398107204989,0.0958203674604495,0.134733693301678,-1.01854217126234,-0.870523785264234
YJR132W,0.379690140485764,-0.421467393636703,0.0243673163157119,0.0279238393386255,0.334052724391222,0.42791407952706,-0.476184982085303,-0.36864342387031
YJR137C,0.149908646941185,-0.825117409229279,0.00987230460006562,0.0286446041869397,0.131444684912761,0.169660468399525,-0.881256971785827,-0.770419338345861
YJR139C,6.9629955291748,0.841432154178619,0.55257211197319,0.0344363774766374,5.95190647045771,8.08850828011831,0.774656097886244,0.907868415473235
YJR140C,0.135817423462868,-0.867962002754211,0.00881618464094841,0.0282236641073609,0.119275845587254,0.153303422406316,-0.923447495896041,-0.814448149689848
YJR141W,0.101106129586697,-0.999522864818573,0.0143182089322488,0.0610758683799519,0.0758028640101353,0.132477288569013,-1.12031438577691,-0.877858586456818
YJR144W,0.855858385562897,-0.0706368535757065,0.101810789138102,0.0513297091127852,0.676641856133938,1.07643700242043,-0.169641147010046,0.0319886029983621
YJR149W,0.00797240436077118,-2.12538909912109,0.00282516241910517,0.155113401652555,0.00356648406595923,0.0143599088924627,-2.44775971436556,-1.84284835102144
YJR152W,0.00285691861063242,-2.58393716812134,0.00122849919760961,0.189832720024027,0.00103754802063728,0.00576910120435059,-2.98399202883499,-2.23889189052568
YJR153W,0.00390006485395133,-2.47174859046936,0.00209994666861238,0.242790816614142,0.00101815769060825,0.00899155095685275,-2.99218514890338,-2.04616673970766
YJR154W,0.0124784307554364,-1.92712914943695,0.00405920715373215,0.144610705315454,0.00580842758451278,0.0218444389135887,-2.23594145785091,-1.66065921418553
YKL221W,0.00937483552843332,-2.043865442276,0.00251675212233579,0.118748610105663,0.00509089417755604,0.0148899629013613,-2.29320593037989,-1.82710649119967
YKL218C,0.0973961055278778,-1.01648795604706,0.0148069502583079,0.0663189875640799,0.0708298842112223,0.128878884638349,-1.14978346918486,-0.889818231419957
YKL216W,4.14860725402832,0.616101980209351,0.378903123508414,0.0395375571100954,3.46501591801643,4.94979469776154,0.539705225364953,0.694587182907067
YKL215C,0.270753562450409,-0.568307757377625,0.0172820168542972,0.0276791226621848,0.238852731883526,0.306048444658518,-0.621869798842355,-0.514209823370294
YKL211C,1.03394317626953,0.0133110182359815,0.0765084174177168,0.0320915605877511,0.894194425145785,1.19249033927917,-0.0485680439719736,0.0764548693769394
YKL208W,0.153596997261047,-0.820045113563538,0.0266766468335831,0.0746896168726034,0.107412430768212,0.212317262589932,-0.968946195963759,-0.673014707430961
YKL207W,1.71934902667999,0.231787517666817,0.222785736378597,0.0556025395125964,1.33738813002904,2.19700252811114,0.12625746344212,0.341830538491199
YKL195W,1.4068478345871,0.14684747159481,0.113260226107473,0.0348483533849386,1.20387352108955,1.63798603812854,0.080580860793191,0.21431019106581
YKL191W,0.300591021776199,-0.523446440696716,0.0243586531333942,0.0351867725408704,0.255075343946616,0.350311129788558,-0.593331521118551,-0.455546066203598
YKL187C,0.00523266196250916,-2.29720544815063,0.00141984619539665,0.118642500480861,0.00292205858277157,0.00849501284149786,-2.53431113159003,-2.07083596084496
YKL185W,0.577628910541534,-0.23946438729763,0.0413803252222904,0.0311026629581084,0.501946866512299,0.660613197088242,-0.299342252579683,-0.180052757098515
YKL184W,1.01053905487061,0.00331082264892757,0.0766017442231306,0.0328418238773286,0.871770609915256,1.17002127170563,-0.0595977860069821,0.0681937567988228
YKL183W,0.165881291031837,-0.784618318080902,0.0237873253301585,0.0619425293765932,0.124650075224539,0.21808924091359,-0.904307460752679,-0.66136575921933
YKL179C,0.405177474021912,-0.393472522497177,0.029117238140011,0.0311486053989101,0.352652925501267,0.464127708723148,-0.452652510151066,-0.333362503543115
YKL175W,0.886676728725433,-0.0534152165055275,0.0653908564507639,0.032016424856648,0.765883505344391,1.01869743963083,-0.115837283675005,0.00804521001951976
YKL173W,0.184789299964905,-0.734385371208191,0.0129082213986582,0.0304137016522279,0.160666100059946,0.210090401768684,-0.794075750201827,-0.677593790243154
YKL172W,1.12441968917847,0.0496869124472141,0.0849964133550761,0.032878068214075,0.967359526952108,1.29595000048478,-0.0144120968330338,0.112588245211657
YKL171W,0.0601823665201664,-1.22233843803406,0.00549001504123827,0.0396542153235728,0.0503522101168831,0.0714218311632673,-1.29798146365292,-1.14616902321686
YKL168C,0.0768525525927544,-1.11605775356293,0.00684418829623901,0.0386652475997492,0.0643159747123718,0.0911322724695007,-1.19168114421777,-1.0403278100428
YKL166C,0.25920557975769,-0.588262379169464,0.0243476488871374,0.0407157948771817,0.215319650620222,0.309754766027133,-0.666916388852982,-0.508982003008632
YKL162C,0.0456362292170525,-1.34564530849457,0.00687733741535383,0.0658810017385655,0.0330973874156674,0.0602338034349183,-1.48020634012569,-1.22015971932852
YKL161C,0.0117082269862294,-1.94622051715851,0.00304931438498854,0.113982774358522,0.00670804242836311,0.0184725746512413,-2.17340429075106,-1.73347256969778
YKL155C,0.144810691475868,-0.840743184089661,0.0121906725228557,0.0366868906215223,0.121571956574917,0.168581042687098,-0.915166593979465,-0.773191264396885
YKL154W,0.611059248447418,-0.218548163771629,0.0897417941220564,0.0634389472429905,0.454214106003443,0.810465774933497,-0.342739402224553,-0.0912653662118345
YKL152C,48.6698608398438,1.68427169322968,5.75578382097511,0.0508536386807406,38.6182602882385,61.1894187927246,1.58679269951611,1.78667632807308
YKL150W,0.768245577812195,-0.116718262434006,0.0778903208040823,0.0438949110493868,0.629205739001433,0.931651728351911,-0.201207357768636,-0.0307464685662295
YKL149C,0.125335395336151,-0.904764235019684,0.014373779296875,0.0496689686316419,0.0996550971642137,0.155914650236567,-1.00150051196435,-0.807113090383768
YKL143W,0.394959837198257,-0.404881685972214,0.0321437935991954,0.0353098962307035,0.335731652875741,0.463162501404683,-0.47400771399604,-0.334266609238001
YKL140W,0.490177839994431,-0.310785859823227,0.0355300977042176,0.0314750040303579,0.424863165616989,0.55875560293595,-0.371750919762832,-0.252778108945627
YKL134C,0.12912280857563,-0.89032119512558,0.0100953936128575,0.033930040502809,0.110384002017478,0.149967935060461,-0.957093865209179,-0.824001588382921
YKL133C,0.046066801995039,-1.34078943729401,0.00638822882057202,0.0604063236989244,0.0345888511898617,0.0596716861861448,-1.46106394482484,-1.22423169060426
YKL132C,0.00565910991281271,-2.27542281150818,0.00201461052736132,0.159912598587336,0.0024320755173297,0.00999898943894854,-2.61402294412854,-2.00004392420625
YKL128C,0.973831713199615,-0.0136854676529765,0.0979054228519112,0.0433566885193255,0.801596462726593,1.18730030953884,-0.0960442079210799,0.0745605806670619
YKL127W,1.11845541000366,0.0475907102227211,0.0769558900007197,0.0298887039747267,0.976676125824451,1.27330058117708,-0.0102494292632244,0.104930935937168
YKL124W,0.116831824183464,-0.934200584888458,0.0105256726260269,0.0391654579992446,0.0975177651892106,0.138486963262161,-1.01091626507668,-0.858591151089825
YKL114C,0.441761583089828,-0.356610387563705,0.0402006806791768,0.0395731215313118,0.3671082213521,0.52586538841327,-0.435205890294511,-0.279125419600918
YKL113C,0.509405732154846,-0.294614136219025,0.0448017925476263,0.0382246477863566,0.426579564809799,0.604926753540834,-0.369999953159708,-0.218297228476586
YKL112W,0.508715391159058,-0.294520169496536,0.0344393607193352,0.0294103570329083,0.445536553859711,0.576149642467499,-0.351116658656709,-0.239464703282641
YKL110C,0.476493984460831,-0.324435114860535,0.0512647013432798,0.0464924460705,0.386271466811498,0.586317319671313,-0.413107380613248,-0.231867277401452
YKL107W,0.016782134771347,-1.79868125915527,0.0055252242305348,0.144795125352821,0.00786535212149223,0.0293139919949075,-2.10428183542817,-1.53292506275974
YKL105C,0.102416418492794,-0.990843057632446,0.00765345403771773,0.0324415473975109,0.0883771181727449,0.118184946353237,-1.05366016417339,-0.927437892152451
YKL104C,1.46332228183746,0.164424359798431,0.0950100677419559,0.0282111231377995,1.28536843558153,1.65398818353812,0.109027626895125,0.218532395079298
YKL100C,0.817723751068115,-0.0884222760796547,0.0563495118349668,0.0298823691238597,0.715591929356257,0.932712983091672,-0.145334567131311,-0.0302519922139398
YKL098W,0.0689733102917671,-1.16630780696869,0.0104895945139508,0.0659131542849481,0.0506650076558193,0.090974751363198,-1.29529189011195,-1.04107919550726
YKL096W,3.13407397270203,0.492146909236908,0.42632516189896,0.0586102422710068,2.39848821163177,4.05285367568334,0.379937586109043,0.607760853651691
YKL094W,0.689503073692322,-0.163756668567657,0.0709714476821409,0.0446264958095897,0.561738200982412,0.84127579977115,-0.250466045302315,-0.0750616141080935
YKL093W,0.0105344597250223,-2.00551223754883,0.003776585935174,0.159167640323765,0.00451567722484469,0.0192004942335188,-2.34527710848282,-1.71668760125919
YKL090W,0.0597412772476673,-1.22765529155731,0.00804421883326788,0.0585601571266063,0.04532674793154,0.0766049242268006,-1.34364543949793,-1.11574332428448
YKL085W,1.43922328948975,0.156408742070198,0.12810132110251,0.0386946509342453,1.20021723707517,1.69710566401482,0.0792598498515135,0.229708860771154
YKL082C,0.388045102357864,-0.412662982940674,0.0327471601946665,0.0366836982302498,0.327105525632699,0.457578650861979,-0.485312123996464,-0.339534247624953
YKL078W,0.112837217748165,-0.949107706546783,0.00957257862229749,0.0368015721713609,0.0951653802146514,0.132482651621103,-1.02152101293386,-0.877841046163655
YKL077W,2.10415458679199,0.321721255779266,0.166434337815482,0.0343185923118343,1.79842289487521,2.44704440832138,0.254891815598309,0.388641850572589
YKL075C,0.170228391885757,-0.771063804626465,0.0167703576205899,0.0426662291436103,0.140351653968294,0.204977227002382,-0.852782465773193,-0.688294391570054
YKL060C,59.5403366088867,1.77335155010223,4.91015974604589,0.0356038593110538,50.794056447347,70.0316247304281,1.70581289381733,1.84529420164185
YKL059C,0.157000705599785,-0.806310594081879,0.0158611057187456,0.0438810036914483,0.128216790532072,0.189196591451764,-0.892055098411311,-0.723086694729363
YKL057C,0.483849912881851,-0.316194504499435,0.0312621793259003,0.0280399846021401,0.426721304655075,0.545242830614249,-0.369855673842909,-0.263410179635025
YKL055C,0.0374297425150871,-1.44209766387939,0.00985676178482706,0.116828005447163,0.0205075666308403,0.0587308331082265,-1.68808586871473,-1.23113384438663
YKL051W,0.335526436567307,-0.476210206747055,0.0318328713332999,0.0409864821668579,0.278956938783328,0.402462743222713,-0.554462831663209,-0.39527431694031
YKL050C,0.00298642017878592,-2.54573655128479,0.000922950192469972,0.136326574792219,0.00150494113816724,0.00508146700837339,-2.82248049812353,-2.29401091899384
YKL049C,0.226884230971336,-0.65427577495575,0.0490298894800724,0.0939854754132216,0.142829937736193,0.338313137739897,-0.845180757734991,-0.470681191294331
YKL048C,0.0762404724955559,-1.11977171897888,0.00725207761952527,0.0412583943426924,0.0629265007252495,0.0918889877075951,-1.20116642152702,-1.03673656989332
YKL047W,0.263140976428986,-0.581259846687317,0.0215181923087665,0.0354893389047193,0.222723575557272,0.307010916620493,-0.652233987913925,-0.512846182141463
YKL046C,1.03404211997986,0.0132762240245938,0.0789855382807235,0.0331037819834938,0.889942662417889,1.19849369327227,-0.0506379734402676,0.0786357525936557
YKL043W,0.172429338097572,-0.766022682189941,0.0189874233268041,0.0479194101726482,0.138033466413617,0.211011179288228,-0.860015618702088,-0.675694541279039
YKL039W,1.43895328044891,0.156952559947968,0.102141750437742,0.0308545779244979,1.24754591286182,1.6411057472229,0.096056533514088,0.215136566382914
YKL035W,2.69619083404541,0.429697602987289,0.187726946416684,0.0302789715738544,2.35214095513026,3.06788946390152,0.371463342027116,0.486839694623979
YKL033W-A,1.4949836730957,0.169840112328529,0.22481713016123,0.0643576869090298,1.11222535073757,1.99685107072194,0.046192774374322,0.300345639115154
YKL033W,0.09343121945858,-1.03075766563416,0.00709228809031624,0.0329577233815036,0.080157344105343,0.107493138747911,-1.0960566811562,-0.968619255945272
YKL029C,0.645373702049255,-0.19117371737957,0.0434808866517442,0.0292632665185351,0.564632440606753,0.73324191570282,-0.248234181419175,-0.134752716598362
YKL023W,0.154206529259682,-0.817284643650055,0.0242835202611751,0.0686402918030128,0.110743979426722,0.205746705581745,-0.955679879302202,-0.686667113529271
YKL018W,0.426467299461365,-0.372338533401489,0.0432765499874241,0.0439623945203045,0.349688138316075,0.516419140001138,-0.456319115163995,-0.286997671777379
YKL017C,0.110307931900024,-0.958943724632263,0.00932174647524295,0.0367318893319371,0.0930968768894672,0.129139441872637,-1.0310648946103,-0.888941103382572
YKL014C,0.43428647518158,-0.362984299659729,0.0257194527982516,0.0257258794165619,0.386734158049027,0.484540014714003,-0.412587471044099,-0.314670354400678
YKL004W,0.937556326389313,-0.0293777342885733,0.0746700344852653,0.034578069123819,0.797747122744719,1.09088437259197,-0.098134753629802,0.0377787200691602
YKR001C,2.10973525047302,0.323328137397766,0.135788772328546,0.0279555528588844,1.85303702851137,2.37349786957105,0.2678840918717,0.375388845368108
YKR004C,0.106570042669773,-0.97571074962616,0.0132408757539427,0.0540022406571272,0.0824957091361284,0.13473379611969,-1.08356865896257,-0.870523453814382
YKR011C,0.544781565666199,-0.265733242034912,0.0517912972296548,0.041218091865745,0.451235492527485,0.652359708646933,-0.345596762128818,-0.185512871334878
YKR013W,1.86791896820068,0.269719749689102,0.162507424505891,0.0377379499937555,1.57288039823373,2.19370532035828,0.196695688898436,0.341178288536073
YKR014C,1.49314725399017,0.16892297565937,0.233065851022757,0.066932121212793,1.1010412911574,2.01338175733884,0.041803516802033,0.303926116131421
YKR015C,0.00222783884964883,-2.70546078681946,0.00108779766780572,0.223284829606873,0.000639165521230704,0.00484748526165883,-3.19438702099277,-2.31448367168226
YKR016W,0.377329349517822,-0.424590587615967,0.0293525355806383,0.0337661418736221,0.32385817989707,0.43772717838486,-0.489645129725207,-0.35879648730102
YKR017C,0.0819880589842796,-1.0885306596756,0.00839571017931837,0.0446079548252273,0.0663558530931671,0.0991323294738929,-1.17812076674808,-1.00378475619241
YKR019C,0.0591976456344128,-1.23038244247437,0.00657676433076712,0.048417476968549,0.047014318096141,0.0725999086474379,-1.32776993737212,-1.13906393361783
YKR022C,0.0907662212848663,-1.04746055603027,0.0143518320816514,0.0684704831303142,0.0654429864138365,0.121545991798242,-1.18413695009021,-0.915259358719985
YKR023W,0.100188292562962,-1.00141990184784,0.0101845065933866,0.0441429251518836,0.0819093311205506,0.121067162168523,-1.08666662864991,-0.916973677629635
YKR025W,0.512702524662018,-0.293401658535004,0.0631441214135484,0.05326844354442,0.401519644757112,0.646535029510657,-0.396293251281584,-0.189407957014794
YKR026C,0.695169448852539,-0.160266414284706,0.0725944134129325,0.0452650865212351,0.564450320104758,0.846228463947773,-0.248374279047761,-0.0725123748230365
YKR034W,0.00596836628392339,-2.31937432289124,0.00389552401667408,0.307845088763371,0.000986399930358554,0.0157115496695042,-3.00594701002076,-1.80378097729466
YKR036C,0.100233741104603,-1.00072574615479,0.008998385711827,0.0388413607030542,0.0837638429676493,0.119402952305973,-1.07694340991617,-0.922984952876386
YKR041W,0.0146946469321847,-1.89387559890747,0.00766436477823541,0.239997273804658,0.00385979351315958,0.0334567578819891,-2.41343595484759,-1.47551616162147
YKR044W,0.0941049009561539,-1.0292204618454,0.0107558945963844,0.0496313500731569,0.0748127997542421,0.11710371406128,-1.12602409216045,-0.931429339520667
YKR048C,1.08255577087402,0.0329819805920124,0.0892313162460263,0.0357159884639763,0.919952751199404,1.26470483144124,-0.0362344791151485,0.101989158569347
YKR051W,0.112938843667507,-0.949960827827454,0.012853858341034,0.0493930278080165,0.0896534910425544,0.139794571573536,-1.04743304677099,-0.854509702588174
YKR055W,0.256740808486938,-0.594269514083862,0.0338925030331078,0.0572700997239758,0.19533141280214,0.328423997759819,-0.709227966573431,-0.483565141435087
YKR058W,0.0101268365979195,-2.00537919998169,0.00226852249840929,0.0976824772901745,0.00620497808170815,0.0150333298370242,-2.20725974962756,-1.82294481384578
YKR061W,0.0300668086856604,-1.52964127063751,0.00568153857179319,0.0822767942405077,0.0200841974467039,0.0424476070329547,-1.69714559969165,-1.37214681778004
YKR064W,0.0841592401266098,-1.0763486623764,0.00686800303494817,0.0355214580905578,0.0711758424217502,0.0979396907612681,-1.14766738595624,-1.00904127184992
YKR067W,0.447364747524261,-0.350321620702744,0.0300835375436569,0.0292457133844545,0.390907787283262,0.506283801794052,-0.407925677891715,-0.295605968381746
YKR070W,0.5400750041008,-0.269302159547806,0.048609089714741,0.039107652734375,0.450526319692532,0.639660597840945,-0.346279838227767,-0.194050408869557
YKR071C,0.762490630149841,-0.119534566998482,0.0690985025986671,0.0391660792254614,0.639838933944702,0.908759772777557,-0.193929336801325,-0.0415509057169007
YKR075C,0.0865605697035789,-1.06856667995453,0.014243804262889,0.0717716701367201,0.0610344592481852,0.116967736246685,-1.21442490410907,-0.931933947788517
YKR076W,0.25149330496788,-0.601718425750732,0.0256036831108032,0.0441999976080669,0.204848241681854,0.304192752142747,-0.688567768206991,-0.516851137925793
YKR080W,0.744703471660614,-0.129985883831978,0.0710286616696283,0.0413633659802152,0.619331941008568,0.888956451416016,-0.208076527968089,-0.0511195148945115
YKR082W,0.523418188095093,-0.281976133584976,0.0322723190271483,0.0267737315153147,0.464046776294708,0.585549721121788,-0.333438239999488,-0.232436222098375
YKR084C,0.58791446685791,-0.231762543320656,0.0413914826776062,0.0306319962402867,0.510140623152256,0.670566019912561,-0.292310182774066,-0.173558478838464
YKR087C,0.203651264309883,-0.693831443786621,0.0228373943120944,0.0486356541940897,0.162845152368148,0.251676285018524,-0.788225172566002,-0.59915770583428
YKR095W,0.319793999195099,-0.495923578739166,0.0193316128800257,0.0262611827914808,0.284559428691864,0.357840124020974,-0.545827019751641,-0.446310967757917
YKR104W,0.00245724339038134,-2.73648190498352,0.00187408505152296,0.356107912673281,0.000292613301038121,0.00750676358584315,-3.53370610384592,-2.12454739473678
YLL062C,0.127762541174889,-0.897808194160461,0.0177798002049326,0.0606780573029314,0.0951154543086886,0.165095772097508,-1.02174892901687,-0.782264051280744
YLL061W,0.167068719863892,-0.778573334217072,0.0137391049929837,0.0357116596206914,0.141551414256295,0.19523848593235,-0.849085839514492,-0.709434568941019
YLL057C,0.00624509528279305,-2.23233389854431,0.0022329874277274,0.158215681213554,0.00279053415676268,0.0113820508820936,-2.5543126823565,-1.94377949252291
YLL056C,0.00777021329849958,-2.15988659858704,0.00369579793799159,0.215755038509789,0.00237769921465466,0.0166016448754817,-2.62384365648938,-1.77984897942392
YLL054C,0.0598820075392723,-1.22448825836182,0.0054332311454925,0.0393945838580823,0.0499388874818881,0.0709829475109776,-1.30156117250133,-1.14884598546927
YLL051C,0.303825378417969,-0.518490254878998,0.0217880641205701,0.0311256650961102,0.263979666431745,0.347749194751183,-0.578429524272015,-0.45873386750032
YLL048C,0.738675951957703,-0.132294207811356,0.0433369340581728,0.0255006962717941,0.657293975353241,0.822845414777597,-0.18224034837205,-0.0846817476983333
YLL046C,0.0141142383217812,-1.90503180027008,0.00704065654374045,0.225218535629473,0.00405745252113168,0.0312690262682736,-2.39174669492585,-1.50488591024391
YLL040C,0.323880851268768,-0.490335494279861,0.0186384078462518,0.025058974847029,0.288449019193649,0.359586587796609,-0.539930933424543,-0.444196523471884
YLL038C,0.0937375277280807,-1.04149007797241,0.0234980174416323,0.10829518959876,0.0552349202334881,0.14597700163722,-1.25778626883357,-0.835715561373434
YLL033W,0.0859206095337868,-1.08670449256897,0.0267750793977103,0.135603271042406,0.0428663769426445,0.147848440085848,-1.36788324257112,-0.830183253417908
YLL032C,0.196539714932442,-0.707662522792816,0.0140910605512834,0.0311162459193665,0.17055470533669,0.225373822326462,-0.768136299590223,-0.647096606550116
YLL022C,0.193700313568115,-0.715393781661987,0.0209272351953051,0.0468632415090222,0.15529863635699,0.238039022559921,-0.808832361345807,-0.6233519020495
YLL021W,0.349723994731903,-0.457126557826996,0.0218966394333797,0.0272313846941775,0.307854403555393,0.393503129482269,-0.511654630765899,-0.405051809400275
YLL018C,3.34340500831604,0.523171901702881,0.229029054216625,0.0297639929910366,2.91438591082891,3.80011890729268,0.464547047944627,0.579797184104743
YLL012W,0.231663897633553,-0.636596262454987,0.018995664910491,0.0355467058141057,0.196893090630571,0.270675804217656,-0.705769527310238,-0.567550565315171
YLL011W,0.463611960411072,-0.335212349891663,0.0368474750183746,0.0344681302549453,0.395145109295845,0.541486758987109,-0.403243389126348,-0.266412158741602
YLL006W,0.273414671421051,-0.565120935440063,0.025887183224296,0.0411023276568157,0.226959943150481,0.326674450685581,-0.64405079067577,-0.485884849324373
YLL005C,0.00202740891836584,-2.72505474090576,0.00076982346597172,0.170778112286697,0.000821340058852608,0.00381978152242179,-3.0854769950056,-2.41796152812076
YLR001C,0.184678912162781,-0.734737694263458,0.0134516308298933,0.0316861531518772,0.159749076142907,0.211318835616112,-0.796561645967619,-0.675061790976252
YLR002C,0.465860307216644,-0.332847356796265,0.033203354652396,0.0309494916040708,0.405837648858627,0.532318981488546,-0.391647666706779,-0.27382805001966
YLR006C,0.0983086749911308,-1.00915122032166,0.00882597834739915,0.038915482664587,0.0825273274133603,0.116817583888769,-1.08340221898635,-0.932491788242887
YLR014C,0.0400414876639843,-1.40000665187836,0.00431403576594787,0.0467883217618075,0.0322957561972241,0.0491139988104502,-1.49085460456594,-1.30879470508644
YLR019W,0.387149751186371,-0.414020657539368,0.0362954955820078,0.0406121894005017,0.320890694359938,0.464771467695634,-0.493642878823737,-0.332760590050344
YLR023C,0.187454417347908,-0.728768229484558,0.0164604005780347,0.0379959856791433,0.158234696338574,0.221773087978363,-0.800698282858782,-0.654091156345629
YLR024C,0.128991231322289,-0.890397727489471,0.00857675362423927,0.0288511069644925,0.113471902534366,0.146253166968624,-0.945111663459767,-0.834894721574572
YLR026C,0.487732082605362,-0.31397470831871,0.0486694547386688,0.0432926441486962,0.398083934436242,0.590413351853689,-0.400025377220052,-0.228843830522916
YLR028C,1.36440289020538,0.133931815624237,0.0931337637185933,0.0296624079575785,1.19432270228863,1.54862116575241,0.0771216875601795,0.189945189964996
YLR030W,0.0143021149560809,-1.88655054569244,0.00625110956071612,0.196264711454258,0.00489095061008508,0.0286767720555266,-2.31060673047627,-1.54246973597548
YLR032W,0.100403964519501,-0.999341726303101,0.00713481380692824,0.0308088904070027,0.0875052044788996,0.114954608989259,-1.05796612158961,-0.939473621348802
YLR034C,1.49177968502045,0.172615572810173,0.105693396869911,0.0307592767548472,1.29686617851257,1.70474863052368,0.11289516426296,0.231660350234872
YLR045C,0.232101947069168,-0.635344564914703,0.0159118645759117,0.0298511261166207,0.201289758086205,0.26385161280632,-0.696178322080069,-0.578640246831771
YLR046C,0.00828977767378092,-2.14650011062622,0.00450541566598236,0.246560879546088,0.00205364862728554,0.0193600570162137,-2.68747511291898,-1.71309345695367
YLR052W,0.269842207431793,-0.574627757072449,0.0439935379854984,0.0707095116950017,0.192301747699579,0.363519672801097,-0.716016832787101,-0.439472110858273
YLR058C,4.64827394485474,0.666166186332703,0.334693802169605,0.0313023374794985,4.02911167939504,5.30160507361094,0.605209300041065,0.724407372241875
YLR067C,0.0718293786048889,-1.14517378807068,0.00593365706250854,0.0358142600359332,0.0609668691953023,0.0839585709696015,-1.21490610765968,-1.07593496688931
YLR069C,0.305147290229797,-0.516570627689362,0.021579416389558,0.0306136935133784,0.26676843687892,0.348932766914368,-0.573865564038939,-0.457258253224639
YLR077W,0.18397045135498,-0.736683130264282,0.014917283788912,0.0353188381029722,0.155885547399521,0.213346583147844,-0.807194147643699,-0.670914308947112
YLR083C,1.49696922302246,0.174288183450699,0.0976645609180221,0.0283626638461385,1.31194327871005,1.69094024002552,0.117915056048743,0.228128259217398
YLR084C,0.302778989076614,-0.519755601882935,0.0193181881514233,0.0276999970305777,0.266625538716714,0.341870934267839,-0.574098278582899,-0.466137829027553
YLR085C,0.167465105652809,-0.77819687128067,0.0165769740293539,0.0429351252425951,0.137063669537505,0.202244818210602,-0.86307764538037,-0.694122596792927
YLR089C,0.89398330450058,-0.0496887639164925,0.0612636200354957,0.0297472890922416,0.780815502504508,1.01817953983943,-0.10745157281344,0.00782435346525826
YLR091W,0.0495601110160351,-1.31535160541534,0.0108957971366242,0.0959100772529674,0.0309666297243287,0.0740209029366573,-1.50910609884068,-1.13064566933723
YLR093C,0.948943138122559,-0.026380117982626,0.12365823201169,0.0559381254989666,0.743254615366459,1.21327948172887,-0.128862403944184,0.0839608508363365
YLR094C,0.244631662964821,-0.613083124160767,0.0209885149684394,0.0372657211620362,0.205221786598365,0.287600729117791,-0.687776542613523,-0.541210017829021
YLR095C,0.194591954350471,-0.712084591388702,0.0145471888466321,0.0324257507219528,0.168247103691101,0.22538191365699,-0.774052403251381,-0.647080938406524
YLR100W,1.63233780860901,0.211244970560074,0.138832737744604,0.0368803148182482,1.37740219036738,1.92422820528348,0.139060454848096,0.284256567703367
YLR105C,0.0891379415988922,-1.05409586429596,0.0123487960852527,0.0601807820626547,0.0668827502056956,0.115109925406675,-1.17468587762474,-0.938887227751774
YLR106C,0.354180872440338,-0.451474905014038,0.0201114725414013,0.0246760509125832,0.317005169888337,0.392724781483412,-0.498933655123535,-0.405911693682285
YLR107W,0.206100925803185,-0.688149392604828,0.0209033172137822,0.0440492513451326,0.168907192597787,0.2496135811011,-0.772351857136493,-0.602731828499107
YLR113W,0.872047662734985,-0.0608171075582504,0.0691723101692479,0.0343001643587929,0.748171595235666,1.01698931356271,-0.125998820048857,0.0073163636409544
YLR114C,0.291284471750259,-0.536831259727478,0.0211940371236076,0.0315894156948582,0.252013289431731,0.333585405349732,-0.598576586813275,-0.476792978725362
YLR115W,0.155463427305222,-0.809559881687164,0.0115080223942845,0.0321675830162467,0.134071862821778,0.178786429266135,-0.872662356688461,-0.747665450013394
YLR116W,0.122154086828232,-0.915322780609131,0.0123794937462337,0.0440879837026363,0.0993204905341069,0.148221009597182,-1.00296116351969,-0.829090235305628
YLR118C,0.636926293373108,-0.203706622123718,0.122044869632433,0.0821970473254073,0.434426873922348,0.912493050098419,-0.362083316855716,-0.0397704346143924
YLR121C,0.114578224718571,-0.94312047958374,0.0115984658070423,0.0440119793974672,0.0929998457431793,0.138524957497915,-1.03151777180028,-0.858471974956215
YLR127C,0.0768491476774216,-1.11602258682251,0.00671961224281601,0.0379641079051736,0.0644285947084427,0.0904052893941601,-1.19092134737702,-1.04380617017677
YLR131C,0.129493832588196,-0.889169156551361,0.0104748593181331,0.0351078458529618,0.109841449248294,0.151104271411896,-0.959233799566702,-0.820723258888886
YLR133W,0.236675411462784,-0.627302467823029,0.0193744910249268,0.0355507321937389,0.200539542113741,0.275609612464905,-0.697799981206625,-0.559705639566788
YLR138W,0.289725869894028,-0.539031088352203,0.0198426119621665,0.0297394708952042,0.253391072899103,0.329798727979263,-0.596208689727188,-0.48175102380916
YLR143W,0.235971942543983,-0.628446042537689,0.0183434619701224,0.0337152310457327,0.202835929393768,0.274154331286748,-0.692855118258052,-0.562004888448479
YLR148W,0.248613357543945,-0.60551655292511,0.017223928026,0.030064291063991,0.217063390711943,0.283114523440599,-0.663413418213835,-0.548037852208343
YLR149C,0.0677704438567162,-1.1710844039917,0.00670853072189852,0.0429861374918021,0.0554024176051219,0.0814865698417028,-1.25647129329058,-1.08891396796905
YLR151C,0.0837304294109344,-1.08253860473633,0.0132464306568306,0.0687955869096646,0.0601956254181763,0.112030212891599,-1.2204350690039,-0.950664838835637
YLR163C,0.525140225887299,-0.281190633773804,0.043155713158472,0.035738618338977,0.445487436155478,0.612301774322987,-0.351164546352917,-0.213034482382534
YLR165C,0.0295790955424309,-1.56058037281036,0.0112403419362713,0.168952070773565,0.0120843746854613,0.055600425756226,-1.91777583812522,-1.25492188341863
YLR168C,0.0955779850482941,-1.04235565662384,0.0311580465517048,0.141660447866554,0.0468639974171917,0.165304579834143,-1.3291608075035,-0.781715254454624
YLR174W,0.00718672340735793,-2.17548251152039,0.00273351599606749,0.170446714398365,0.00294266173926493,0.0134755219798535,-2.5312600006533,-1.8704544082081
YLR177W,0.0843870341777802,-1.07560920715332,0.00785779766365389,0.0405200052511281,0.0699256193513672,0.100639226287603,-1.15536368370357,-0.997232711456967
YLR182W,0.240288078784943,-0.620376229286194,0.017199943316145,0.031014274221236,0.208963304758072,0.276757269104322,-0.679929971976395,-0.557900963593242
YLR183C,0.326777845621109,-0.487158745527267,0.0263489134476555,0.0350528926251706,0.278825644900401,0.378234502424796,-0.554667371204573,-0.422238859311317
YLR188W,0.193398088216782,-0.714788436889648,0.0146233184338832,0.0328310815956343,0.166549935936928,0.223540064195792,-0.778455530023204,-0.650644629260194
YLR190W,0.309643268585205,-0.510542154312134,0.0249144826081617,0.0349395200855714,0.264028505732616,0.359652891755104,-0.578349183503378,-0.444116449194076
YLR191W,0.24810466170311,-0.60740852355957,0.0241210037878421,0.0421621023216883,0.204207425316175,0.298861344407002,-0.689928471608812,-0.524530295720524
YLR192C,1.83317756652832,0.260348498821259,0.211137023799089,0.0497968704970531,1.45282328128815,2.2918064057827,0.162212790740584,0.360177926975875
YLR195C,0.764201521873474,-0.118037730455399,0.0577858863608573,0.0329479428622601,0.65496997187535,0.879700117806594,-0.183778611663654,-0.0556653503697324
YLR196W,0.939951479434967,-0.0279530733823776,0.0656916512621248,0.0303291339129138,0.818267700572809,1.07313203811646,-0.0871045913827259,0.0306531608265908
YLR199C,0.476628810167313,-0.324823349714279,0.0563405531599414,0.0510664847409907,0.378080666313569,0.597519083321095,-0.422415584493176,-0.223648226253462
YLR203C,0.718279123306274,-0.145055204629898,0.0567198150445446,0.0342028692514966,0.615288592875004,0.834926843643188,-0.210921136514001,-0.0783515757666316
YLR207W,0.219967767596245,-0.658759236335754,0.0157989315160324,0.0311715381557507,0.190360723560055,0.252674380193154,-0.720422656086863,-0.597438799962962
YLR208W,1.87469005584717,0.271064758300781,0.174217131739743,0.0402346969216625,1.55895466208458,2.24612142046293,0.192833485108829,0.35143322764913
YLR212C,0.299760609865189,-0.524762332439423,0.0252451235175858,0.0365745996333975,0.253573111941417,0.350224447995424,-0.59589680355324,-0.455653559241819
YLR214W,3.07853174209595,0.487438708543777,0.198556678757485,0.0280506723125846,2.70405702988307,3.47422937949499,0.432015839002411,0.540858488399112
YLR215C,0.190391674637794,-0.723029315471649,0.0212170649910749,0.0481977517774797,0.152448675781488,0.234654836729169,-0.816876458020355,-0.629570490503701
YLR216C,5.63185596466064,0.74933922290802,0.438570585981166,0.033726225013361,4.83351987202962,6.5313612818718,0.68426350844368,0.815003706363182
YLR224W,0.106887221336365,-0.97443151473999,0.0133321950352928,0.0540326432620162,0.0830021575093269,0.135261974235376,-1.08091061868155,-0.868824291198064
YLR239C,0.202461466193199,-0.696635603904724,0.0237260358107915,0.0509251906618279,0.158928649872541,0.252032801260551,-0.798797868003409,-0.598542952411728
YLR240W,0.115013487637043,-0.940551578998566,0.00890204868020136,0.0336736151810929,0.0983070893213153,0.132548843200008,-1.00741516281366,-0.877624058190841
YLR243W,0.525834560394287,-0.282380640506744,0.0644716503512065,0.0529255690327204,0.413335535675287,0.667151155074438,-0.383697257167155,-0.175775885150032
YLR248W,0.739065885543823,-0.132392033934593,0.0520951416616933,0.0305645171623746,0.643012555936972,0.842585286994775,-0.19178054753963,-0.0743861295051273
YLR253W,0.140711084008217,-0.853334009647369,0.0123136011026673,0.0380596748916168,0.11771921813488,0.165493384003639,-0.929152631051146,-0.78121936350847
YLR257W,0.695046246051788,-0.160073772072792,0.068340336328232,0.0425690038014847,0.571561301747958,0.840109446148078,-0.242937189353038,-0.0756641321933951
YLR259C,8.77294731140137,0.942219257354736,0.573773503414275,0.0283884757330082,7.72420787811279,9.93363571166992,0.887853953235587,0.997108229414745
YLR260W,0.148440092802048,-0.829909443855286,0.0122028653665793,0.0355728519544064,0.126204209153851,0.174405093615254,-0.898926174779644,-0.758440867378059
YLR263W,0.00247873342595994,-2.63249397277832,0.000865805211367432,0.154893301840719,0.00109645033953711,0.00446370186594625,-2.96001108147869,-2.35030483953667
YLR267W,0.0415928736329079,-1.38452124595642,0.00532900629871343,0.0554801848539327,0.0321079725089173,0.0531700745845835,-1.49338713261897,-1.2743327845369
YLR270W,0.716732442378998,-0.146429046988487,0.0651595317348018,0.0393944641759526,0.598415191471577,0.852195985118548,-0.222997409471475,-0.0694605278492714
YLR274W,0.356112241744995,-0.44944429397583,0.0245381693682807,0.0299760212146618,0.309718719869852,0.403457608322302,-0.509032545047665,-0.394202090514853
YLR277C,0.204941526055336,-0.689555585384369,0.0151260164134303,0.0321083284123953,0.176445730154713,0.235055472329259,-0.753388848934179,-0.628829652216928
YLR284C,0.0585299395024776,-1.24420511722565,0.0135400378192498,0.10092997739945,0.0357555420137942,0.0886799308160941,-1.44665665915539,-1.05217480101899
YLR286C,6.27940225601196,0.796921610832214,0.425474756501745,0.0294163918475235,5.4785529534022,7.15227834383647,0.738665853578903,0.85444439308489
YLR288C,0.0443510636687279,-1.3572838306427,0.00617505290792526,0.0604115789562273,0.033015892871966,0.0577774410756926,-1.48127714043304,-1.2382416974836
YLR289W,0.0569777451455593,-1.24675142765045,0.00607745567699408,0.046218295265344,0.0459457411741217,0.06965172290802,-1.33775475679027,-1.15706813638013
YLR290C,0.331601947546005,-0.483341217041016,0.0449490309608828,0.0586768276623366,0.253447230160236,0.424769312143326,-0.596112452038923,-0.371846866804729
YLR299W,0.191827088594437,-0.718502521514893,0.0155249789899412,0.0350118758817222,0.164048462236921,0.223992607618372,-0.785027838494423,-0.649766317141529
YLR300W,4.11367893218994,0.613055884838104,0.302840331208941,0.0319576312947077,3.54979538917542,4.72396580775579,0.550203320966926,0.674306742354895
YLR301W,5.10742712020874,0.704597592353821,0.664725925929234,0.0558082966421788,3.9646391193072,6.57924051682155,0.598203616618169,0.818175738157209
YLR304C,7.13038301467896,0.852223753929138,0.456054197388739,0.027784159967341,6.29480117559433,8.03538394769033,0.798982013889881,0.905006632633928
YLR307W,0.0120681561529636,-1.94809818267822,0.0044232288679313,0.164378248371184,0.00488715760487442,0.0220007598400116,-2.31094425160982,-1.65756231969481
YLR308W,0.00379604916088283,-2.50193691253662,0.00229957012256052,0.276917923168424,0.000824549021975448,0.0095643360943844,-3.08378403738814,-2.01934520094278
YLR318W,0.0209353361278772,-1.68275034427643,0.00271203086133364,0.056188360356426,0.0160643784329295,0.0266559625199686,-1.79413607799207,-1.57420566374552
YLR321C,0.52346271276474,-0.282535493373871,0.0424142367795391,0.0351495173418349,0.446113762011131,0.611872553825378,-0.35055438510458,-0.213339027093463
YLR326W,0.0946301370859146,-1.03698527812958,0.023083367037198,0.107343267810355,0.0546978334585826,0.146627739071846,-1.2620300297388,-0.833783861985179
YLR329W,0.00611789990216494,-2.29839611053467,0.00377604404100324,0.285716121212138,0.00121033826144412,0.0152848567115143,-2.91709324241525,-1.81574121257568
YLR332W,0.570576012134552,-0.245292603969574,0.0490981787970096,0.0373703896674603,0.478887042651574,0.673179992536704,-0.319766913819147,-0.171868804476364
YLR340W,23.3812694549561,1.36726701259613,2.01220436531081,0.037284979869791,19.7555191357931,27.6685660203298,1.29568844540678,1.44198664639581
YLR341W,0.00351593503728509,-2.49362564086914,0.00149255888034818,0.191193170082435,0.00124420909463273,0.0070988640577222,-2.90510742760794,-2.14881125694446
YLR343W,0.0018630176782608,-2.78512835502625,0.000931017133216758,0.226804127591996,0.000536293465605316,0.00413052469569569,-3.27059837392391,-2.38399480606339
YLR347C,0.877421259880066,-0.0576542131602764,0.0553486803060899,0.0273924292086057,0.772434005141258,0.98794579555591,-0.112138617613238,-0.00526688630711387
YLR352W,0.128310114145279,-0.893111348152161,0.0102082250359723,0.0345100310991873,0.109620277583599,0.149502161021034,-0.960109104828361,-0.825352530125622
YLR354C,7.52159595489502,0.874825417995453,0.622651503866719,0.0358930426161358,6.40295850038528,8.82028007507324,0.806380675564046,0.94548237573586
YLR355C,17.3448925018311,1.23798155784607,1.28343108081536,0.0321751875006932,14.8993936141332,19.9734046936035,1.17316859354325,1.30045210158998
YLR357W,0.235439777374268,-0.629143357276917,0.0161960518741692,0.0298133437262334,0.205802643795808,0.268953852603833,-0.686549058957578,-0.570322260301006
YLR359W,3.05087614059448,0.483360201120377,0.214002052877731,0.0304248411661712,2.6633065978686,3.48336281577746,0.425421162899534,0.54199871036197
YLR369W,0.215736567974091,-0.667325496673584,0.0163821613347671,0.0329560066573439,0.185685440897942,0.249063299223781,-0.731222146801745,-0.603690268850072
YLR377C,0.00523567432537675,-2.33026456832886,0.002481060761886,0.213188147223191,0.00165915849405186,0.0112044175776343,-2.7801121270147,-1.95061076297542
YLR378C,2.63701581954956,0.420031398534775,0.18616686186322,0.0306705958777522,2.28840179840724,3.00777962406476,0.359532279207065,0.478246004912396
YLR380W,0.765094339847565,-0.117634110152721,0.060392770078322,0.0342309975370479,0.655966159204642,0.88766764998436,-0.183118567679855,-0.0517496075795888
YLR381W,0.0539790950715542,-1.27003657817841,0.0055235168197974,0.0443454906489615,0.043961034839352,0.0656109104553858,-1.35693210045959,-1.18302393728898
YLR384C,0.534639954566956,-0.272741615772247,0.0325433055645962,0.026446684012213,0.474380272626877,0.596987736721834,-0.323873384003888,-0.224034591112547
YLR387C,0.606836438179016,-0.21836431324482,0.0494159552999458,0.0352928963086768,0.517826277514299,0.708685104548931,-0.285815920374383,-0.14954670211657
YLR390W-A,7.03585767745972,0.843402922153473,0.951894090377123,0.0582073744560288,5.37605322996775,9.13567590713501,0.730463558335198,0.960740678125954
YLR393W,0.0944885239005089,-1.03247606754303,0.0179517643013855,0.083038086139022,0.0627235615005096,0.133090992396077,-1.20256956855564,-0.875851525539242
YLR394W,0.0135332718491554,-1.87991857528687,0.00309212069468991,0.0998384235794049,0.0081954419069613,0.0204251875635237,-2.08642762385884,-1.68983394815515
YLR396C,0.190101996064186,-0.72237765789032,0.0150837244567164,0.0344448414373643,0.162126421928406,0.220962820574641,-0.790146201915097,-0.655680795023219
YLR397C,0.197206526994705,-0.706255733966827,0.0145150439023017,0.0319760075900097,0.170084521174431,0.22623409156998,-0.769335208282857,-0.645442121107373
YLR398C,0.387103319168091,-0.413021087646484,0.024211522627515,0.0271472769427434,0.342982701708873,0.435655819127957,-0.464727784097014,-0.360856481052965
YLR401C,0.235157445073128,-0.629918575286865,0.018041738055379,0.0333059171312731,0.201615005731583,0.271885303407908,-0.695477147504795,-0.565614268155758
YLR404W,0.213522046804428,-0.674823582172394,0.0300984893868559,0.0608860923110543,0.161099975680312,0.27957606241107,-0.792904591079444,-0.553500016587801
YLR407W,0.189131125807762,-0.736578047275543,0.0473965916053319,0.107912516675999,0.112050984241068,0.296284742156665,-0.950584362996969,-0.528290729601773
YLR409C,0.412059038877487,-0.38596972823143,0.0269520950293356,0.0284304634790535,0.361986382305622,0.465953372915586,-0.441307769231401,-0.331657540338727
YLR414C,0.614887535572052,-0.214840605854988,0.0801613305621471,0.0561321139176023,0.472775122026602,0.790500680108866,-0.325345384883591,-0.102097937016659
YLR417W,0.103246457874775,-0.988224923610687,0.0101758838913119,0.0427127276656503,0.0847703923781713,0.124504512920976,-1.07175580860064,-0.904814907412966
YLR420W,1.79924762248993,0.253569722175598,0.150819180219303,0.0363503381153798,1.52254521846771,2.11276426116625,0.182570199721587,0.324851041675282
YLR422W,0.112168848514557,-0.951066493988037,0.00738358922198429,0.0286111348326809,0.0985682660713792,0.126965858414769,-1.00626288437786,-0.896313046841941
YLR423C,0.0986802652478218,-1.00877201557159,0.0116566275543942,0.0510694801546638,0.0775315314531326,0.123808377794921,-1.11052163747927,-0.907250057572066
YLR426W,0.136868476867676,-0.867685079574585,0.0185421176420353,0.0590181300701168,0.103360882587731,0.175866782665253,-0.985643864427814,-0.754816181392364
YLR429W,0.950397849082947,-0.0231140460819006,0.0651153872675299,0.0297646285673124,0.828054254750411,1.07918034791946,-0.0819412081242474,0.0330940279270527
YLR430W,0.174634978175163,-0.758656919002533,0.0105008077317874,0.026178369365753,0.155006767064333,0.194596448540688,-0.809649342550597,-0.710865091431395
YLR433C,0.266851991415024,-0.575137376785278,0.0214940572184149,0.0350011227658609,0.227393726756175,0.310126895209153,-0.643221521493621,-0.508460568837365
YLR440C,0.237258344888687,-0.625948309898376,0.017445125693185,0.0318915718402742,0.205265386278431,0.273659729709228,-0.68768427919883,-0.562789109191092
YLR449W,1.56434845924377,0.192963391542435,0.12450388715461,0.0344870794478753,1.34010096788406,1.82179901401202,0.127137481876175,0.260500446250648
YLR452C,0.375379145145416,-0.426582038402557,0.0261585738237618,0.0302256583985435,0.328365060687065,0.428203693280617,-0.483643061028443,-0.368349604717189
YLR453C,0.0478910729289055,-1.32481956481934,0.00732908707986744,0.0665845755619407,0.0348404028763374,0.0634984076023102,-1.45791683979316,-1.19723716570332
YLR454W,0.205956473946571,-0.686983823776245,0.012164937996833,0.0256921262673545,0.18316157994171,0.229474776362379,-0.73716561903927,-0.639265054055341
YLR455W,0.273151427507401,-0.56662505865097,0.0321653970502209,0.0514521932526253,0.212896277631323,0.338532319913308,-0.671831935868803,-0.4703998992278
YLR457C,0.0578508414328098,-1.24543344974518,0.0109111251819078,0.0824122465078056,0.0388410402772327,0.0809519530584415,-1.41070914969538,-1.09177267029469
YML131W,0.504434049129486,-0.299040287733078,0.0466107379980672,0.0400256593879764,0.420635399222374,0.599680883189042,-0.376094218042231,-0.222079797068908
YML125C,1.85483479499817,0.266462624073029,0.171644956354385,0.0399632623211572,1.53848564624786,2.23175003727277,0.187093448724896,0.348645548498178
YML123C,0.042100053280592,-1.37933850288391,0.00544516600922481,0.0561340509555461,0.0322417673965295,0.0537565644520025,-1.4915811600807,-1.26956850063742
YML121W,0.434315919876099,-0.364665895700455,0.0464686047425722,0.046309356425749,0.351860204090675,0.534597218036652,-0.45362985555348,-0.271973305576628
YML119W,0.198139861226082,-0.705865323543549,0.0227362959069079,0.0496359190927103,0.157635003328323,0.246656363954147,-0.802347339737221,-0.607907701731911
YML118W,0.0111188255250454,-1.96654629707336,0.00267075619681672,0.105587159903701,0.00660091870231554,0.0170115989012023,-2.18039561653888,-1.76925488730711
YML117W,0.252797156572342,-0.598185956478119,0.0168062461519135,0.0288640988801742,0.222291382898887,0.286306947469711,-0.653077372486951,-0.543168113343576
YML116W,0.123498782515526,-0.910290062427521,0.0117295117683762,0.0411699024642688,0.102415405213833,0.148212566971779,-0.989634712343063,-0.829114970883622
YML115C,0.61198616027832,-0.214463993906975,0.0456986823531036,0.0323490664614995,0.529272320866585,0.708722707629204,-0.276320818109954,-0.149523653572435
YML114C,0.141241177916527,-0.851943075656891,0.0132364091549138,0.0407240829057781,0.11681859989961,0.168770354613662,-0.932488004672595,-0.772703837370985
YML112W,0.204995676875114,-0.692182421684265,0.0276067740874098,0.0585207146206075,0.154518655439218,0.2642777569592,-0.811019083583074,-0.577939432960505
YML110C,1.67535877227783,0.222216948866844,0.156885030860807,0.0404853560209393,1.3974599301815,2.00773260990779,0.145339364059188,0.302705868378612
YML107C,0.109796434640884,-0.963462769985199,0.0150251477833791,0.0594034809738184,0.0827372166638573,0.141314868628979,-1.08229909360862,-0.849812141620496
YML104C,0.0678584650158882,-1.16983127593994,0.00553307932508344,0.0353374348910814,0.0579235882808765,0.0791711173330744,-1.23714454283516,-1.10143322601388
YML103C,0.542683720588684,-0.266202211380005,0.031851557179236,0.0255250547213866,0.483332041154305,0.604740905265013,-0.315754414044319,-0.218430654438841
YML092C,2.26114177703857,0.350963711738586,0.282225915716677,0.0540776177379489,1.75311705867449,2.84664797782898,0.243810914209629,0.454333764744849
YML088W,0.16450260579586,-0.785271823406219,0.0134142602160712,0.0354566226142231,0.138919800519943,0.192723231886824,-0.857235848980265,-0.715065930251506
YML080W,0.293182283639908,-0.53468644618988,0.0268804726375689,0.0398668096234031,0.243107560028632,0.347544857611259,-0.614201535570005,-0.458989133494511
YML074C,2.38420629501343,0.376057714223862,0.183377981213036,0.0334619956055208,2.03740477760633,2.76099488337835,0.309077320203754,0.44106560163856
YML069W,1.06293070316315,0.0254163406789303,0.0752377761733555,0.0307488982414662,0.924484014511108,1.2119743625323,-0.0341005939365413,0.0834934228281435
YML064C,0.162507131695747,-0.798565208911896,0.0340545133318017,0.0907803775807808,0.104140254793068,0.236911540726821,-0.982381364114718,-0.625413903256966
YML060W,0.233129665255547,-0.634785830974579,0.0245482666226988,0.0454771076424316,0.189950429772337,0.286539325118065,-0.721359735541975,-0.542815766783765
YML054C,0.00257089757360518,-2.63159584999084,0.0011173864629592,0.195624017240719,0.000885579508515851,0.0051913454857034,-3.0527724736902,-2.28472006776673
YML048W,2.42429161071777,0.383313179016113,0.185609927255846,0.0332615195109907,2.07732701301575,2.7985809524854,0.31750486859541,0.44693787373234
YML047C,0.00379313668236136,-2.49122452735901,0.00212271182883298,0.258458916585107,0.000861218588640137,0.00920143191081783,-3.06488684485773,-2.03614465300405
YML046W,0.215313866734505,-0.668272733688354,0.0169361672610052,0.0342032198278359,0.18344093374908,0.24981565438211,-0.736503753873315,-0.602380366702466
YML037C,0.058028906583786,-1.24358654022217,0.01057884332379,0.0795990230673027,0.0394325621426106,0.0802541595573227,-1.40414500368577,-1.09553254476447
YML031W,0.49499100446701,-0.306535929441452,0.0357787889410907,0.0313768995405085,0.428359578053157,0.567776295542717,-0.36819151797203,-0.245822752812895
YML029W,0.174528181552887,-0.759323239326477,0.0129169265777561,0.0321407639006023,0.150625877206524,0.201076575989525,-0.822100416189273,-0.696638556384325
YML027W,0.17912021279335,-0.749412596225739,0.0194479836330136,0.0471917467622082,0.143724663431446,0.220099627971649,-0.842468723874752,-0.657380691522056
YML023C,0.0709418058395386,-1.15169775485992,0.00775260546131902,0.0476034700758683,0.0564689440031846,0.0867126969620585,-1.24819033371905,-1.06191731033524
YML021C,0.267907410860062,-0.574129939079285,0.0264379877546111,0.0429183735096227,0.218337893486023,0.323201656589905,-0.66087088406314,-0.490526425236177
YML019W,0.770351588726044,-0.115223154425621,0.0724825181725284,0.0407530120302502,0.638543110589186,0.923044887185097,-0.194809776636098,-0.0347771798527266
YML017W,0.498946279287338,-0.303122043609619,0.0366754906688859,0.0319628874256891,0.430586130172014,0.57219161093235,-0.365939976527609,-0.242458513825182
YML015C,0.212982445955276,-0.674218654632568,0.0231940143894259,0.0471971143392154,0.171174219499032,0.261209118862947,-0.766561643703335,-0.583011679550149
YML010W,0.925234973430634,-0.0345391258597374,0.0558565225739886,0.026214292078135,0.823046808938185,1.03477679689725,-0.0845754786299208,0.0148466815676234
YML008C,4.43825578689575,0.645887613296509,0.346731069276337,0.0339481189822004,3.79595581293106,5.15322399139404,0.579321132052188,0.712079020029915
YML006C,0.134543791413307,-0.872504770755768,0.0106859462061948,0.0345055222871881,0.114514164626598,0.156246066093445,-0.941140790715382,-0.80619090845691
YML004C,1.7978675365448,0.253026843070984,0.160769167845569,0.0387754773257299,1.50000880658627,2.13635375301043,0.1760938078332,0.329673165642932
YML002W,0.00715856719762087,-2.15558934211731,0.00157587524459339,0.0954638623798614,0.0045176645857282,0.0106734167784452,-2.34508601855326,-1.97169653179503
YMR015C,1.27136623859406,0.103238515555859,0.0875177128140425,0.0299592111287848,1.11081838210424,1.44170930782954,0.0456430572011941,0.15887769483856
YMR017W,0.00490411510691047,-2.35060572624207,0.00211291500361445,0.194690830774732,0.00174930493327944,0.00993460667474817,-2.75713448860977,-2.00284944485502
YMR018W,0.00197280943393707,-2.75905394554138,0.000976459117722015,0.224498904054554,0.000563142993390405,0.00425652414560318,-3.24938211433437,-2.37094489868122
YMR020W,0.147193610668182,-0.833838403224945,0.0131526048580261,0.0387543744744414,0.12339985370636,0.174693890909354,-0.908685355169538,-0.757722283580787
YMR023C,0.042715460062027,-1.37335777282715,0.00575765496990609,0.0586760261174487,0.0324600883138676,0.0547228605486453,-1.48865030528127,-1.26183121746192
YMR025W,0.092488706111908,-1.03986549377441,0.015337593195804,0.0720925384716495,0.0651994507138928,0.12556580764552,-1.18575606412826,-0.901128658338909
YMR027W,1.19443893432617,0.0760489404201508,0.0856438871640004,0.031135938586479,1.03951214452585,1.3664874146382,0.0168295671222249,0.135605630910149
YMR031C,0.429301559925079,-0.368205994367599,0.0286714859365681,0.0290125550995984,0.376581162214279,0.486704674114784,-0.424141408565264,-0.312734485897359
YMR032W,0.142548620700836,-0.847464263439178,0.0115708370624702,0.0351870703043161,0.121270117474099,0.166547397524118,-0.91624620792478,-0.778462150916557
YMR033W,0.606383681297302,-0.218551263213158,0.0468959786240594,0.0336006122888024,0.519380610684554,0.701753144462903,-0.284514281664745,-0.153815633476558
YMR034C,0.0535780712962151,-1.27538931369781,0.0076027811315987,0.0618048506447572,0.0398194783677657,0.0696115306889018,-1.39990443390764,-1.15731883644519
YMR036C,0.0787234604358673,-1.10639905929565,0.0084780275743554,0.0465942658645912,0.0635081515957912,0.096500966573755,-1.19717052984416,-1.01546833835854
YMR037C,0.31919726729393,-0.497045695781708,0.0228116408624766,0.0309796269276222,0.277688477188349,0.366047518948714,-0.556442193124579,-0.436462538838091
YMR039C,0.482986241579056,-0.319018125534058,0.0564740770134463,0.0506496650309327,0.382300139715274,0.599351886411508,-0.417595547560942,-0.222318130823838
YMR041C,0.166169121861458,-0.782965481281281,0.021239891131686,0.0552705082437319,0.128537952775757,0.211998359486461,-0.890968622088259,-0.67366750018758
YMR043W,0.3043152987957,-0.520389378070831,0.0399607963410361,0.0568151723643131,0.234487114225825,0.38947010387977,-0.62988105446943,-0.409525879612219
YMR048W,0.106119737029076,-0.979181051254272,0.0161622758349695,0.0657466994656524,0.0776189742609859,0.140769437452157,-1.11003218406047,-0.851491625819747
YMR058W,5.30543613433838,0.723792374134064,0.347255336321563,0.0283771573326582,4.67057694196701,6.00648029645284,0.669370527462119,0.77862005675456
YMR060C,0.311400711536407,-0.509252667427063,0.0340313297259629,0.0472347910656399,0.251316726207733,0.384035404026508,-0.599778606282124,-0.415628743927602
YMR062C,0.540083467960358,-0.268935829401016,0.0433704861911285,0.0348468383780318,0.459288545697927,0.630426902075609,-0.3379143856192,-0.200365264048357
YMR067C,0.356753408908844,-0.449321150779724,0.0315210390182982,0.0383189224604475,0.298398947219054,0.421749650190274,-0.525202714529568,-0.374945272053226
YMR068W,0.0282088350504637,-1.55679082870483,0.00511792802758847,0.079363850205636,0.0192300375861426,0.0388898405556878,-1.71602051902678,-1.41016384513061
YMR069W,0.0080799562856555,-2.14528512954712,0.00397754886669833,0.220531607966641,0.00234441609548715,0.0174995350496223,-2.62996550555521,-1.75697458198085
YMR070W,0.163964673876762,-0.787145972251892,0.015311595142826,0.040658040606239,0.135346415390571,0.195490554968516,-0.868553241920548,-0.708874226473295
YMR076C,0.289362192153931,-0.539444267749786,0.0184730770990199,0.0277596796475005,0.254547920326392,0.325680732727051,-0.594230447089604,-0.48720793353778
YMR081C,0.00949275400489569,-2.05654215812683,0.00370128656577007,0.176435191962321,0.0037178079985703,0.0182772576808929,-2.42971401309441,-1.73808896524323
YMR083W,5.41073846817017,0.731914579868317,0.426339474737201,0.0340964120294149,4.63570243517558,6.3327529668808,0.666115540740745,0.80159253986303
YMR084W,0.00417121406644583,-2.5236394405365,0.00340074524694681,0.38110382842516,0.000416808171818654,0.0125106456922367,-3.38006381210594,-1.90272048955514
YMR085W,0.00194618001114577,-2.79395985603333,0.00119310155157894,0.28243844285754,0.000384464331970472,0.00497334776446223,-3.41514408014243,-2.30335117139188
YMR087W,0.185081958770752,-0.737243711948395,0.0271263355914324,0.0632189217078139,0.138908371329308,0.244072958827019,-0.857271580665756,-0.6124803339902
YMR094W,0.0546306930482388,-1.26639604568481,0.00728617837837887,0.0577100998724867,0.0415743114116291,0.0702656581997871,-1.38117495041031,-1.15325688121631
YMR096W,0.0577166378498077,-1.24717974662781,0.0114045942903982,0.0862707806341942,0.037545669823885,0.0828875934705139,-1.42544023649184,-1.08151062698397
YMR098C,0.123284205794334,-0.910695433616638,0.0105875082589284,0.0373767067094354,0.103423058676223,0.143947734187047,-0.98538262829505,-0.841795171624632
YMR100W,0.239546552300453,-0.62188857793808,0.018416178712144,0.0333407124873783,0.206025630235672,0.277724075565736,-0.686078748671995,-0.556386470816623
YMR101C,0.0173530746251345,-1.7772045135498,0.00477895953555232,0.121345907364784,0.00934164131370683,0.0280601773566256,-2.02957681397551,-1.55190959270087
YMR106C,0.070547416806221,-1.15367996692657,0.00705108352616496,0.0433227414378097,0.0579075281197826,0.0854895068953435,-1.23726504626117,-1.06808720670578
YMR108W,2.61851930618286,0.417141169309616,0.170021734820465,0.0282267018160852,2.29873455762863,2.95067673524221,0.361488799710334,0.469921612815004
YMR110C,0.427834868431091,-0.369991809129715,0.0327332661840378,0.0331814042739224,0.369151478260756,0.494042593240738,-0.432795399197362,-0.306235609248924
YMR115W,0.291810512542725,-0.536352455615997,0.0238948044909404,0.0355055988574374,0.247918012117346,0.34180529837807,-0.605691920585247,-0.466221219241745
YMR116C,23.7046852111816,1.373206615448,2.05615193791183,0.0375990635125492,19.9654175917308,28.0367965698242,1.30027839741722,1.44772839048131
YMR119W,0.297009199857712,-0.528502821922302,0.0227413208684813,0.0332689456822101,0.255507609248161,0.342908870428801,-0.592596161723175,-0.464821304630326
YMR125W,1.06719779968262,0.0273818727582693,0.0672762484252837,0.0273708768805117,0.943607638279597,1.19997624953588,-0.0252085558648173,0.0791726503561219
YMR126C,0.0668995752930641,-1.17957961559296,0.0101600059312217,0.0661036771788379,0.0491593409640094,0.0883495828757683,-1.3083939480698,-1.05379549661211
YMR129W,0.487090736627579,-0.313163042068481,0.0290540085841694,0.0259181660527508,0.432413155337175,0.544010350604852,-0.364101102011982,-0.264392837229628
YMR133W,0.00411320896819234,-2.42658066749573,0.00175833273741637,0.194096681545379,0.00141411757407089,0.00821334682404995,-2.84951589018714,-2.08547983788243
YMR134W,0.560662925243378,-0.256748259067535,0.0894060460767984,0.0687876466879423,0.405543416986863,0.750801680485408,-0.391962651390322,-0.124474764464318
YMR136W,0.0902338027954102,-1.0468008518219,0.00904445454920385,0.0434386155402039,0.0743507033213973,0.109061451877157,-1.12871493762019,-0.962328753098502
YMR137C,0.0684410184621811,-1.16671299934387,0.00662866411050663,0.0419979438052234,0.0565107601073881,0.0822926254322131,-1.24786885221497,-1.08463908194697
YMR144W,0.232898101210594,-0.63548469543457,0.0257305739063137,0.0480529648519036,0.186048203458389,0.286209620535374,-0.730374535505746,-0.543315772714267
YMR145C,0.763711452484131,-0.118157424032688,0.0541398952346874,0.030723905218156,0.664494752883911,0.874574931462606,-0.177508450232702,-0.058202975507627
YMR146C,2.87384223937988,0.456899404525757,0.244492422317999,0.0368430294969634,2.42669697999954,3.39238063097,0.385015549637847,0.530504567764687
YMR152W,0.938459396362305,-0.0292482823133469,0.082434367638772,0.0379914922264281,0.792032659053802,1.11066145400206,-0.101256910134725,0.045581699074454
YMR154C,0.0471373423933983,-1.32912397384644,0.00504879110196372,0.0465924069507182,0.0378464981913567,0.0574252228873471,-1.42197429810648,-1.24089731051615
YMR155W,0.164898663759232,-0.784535706043243,0.0148280408437183,0.0390414538907788,0.1379326308767,0.196182209253311,-0.860332980521544,-0.707340422812514
YMR157C,0.395677417516708,-0.407324135303497,0.058391015672002,0.0636173228150336,0.296200789262851,0.521319201091926,-0.528413790384936,-0.282896349356277
YMR162C,0.139236554503441,-0.857183814048767,0.00915504852654444,0.0285972789699917,0.122410662472248,0.157035872340202,-0.912180751706957,-0.804001128610753
YMR163C,0.124942190945148,-0.904852449893951,0.0105880123235052,0.0368809445487301,0.105191916227341,0.146246179069082,-0.978017633497411,-0.834915473091333
YMR165C,0.125758409500122,-0.90180915594101,0.00992117177402907,0.0342387489525186,0.107718918720881,0.146439373617371,-0.967708025553123,-0.834342137466238
YMR166C,0.0951440334320068,-1.0257180929184,0.0131250251625379,0.0597353119738008,0.0722173348069191,0.122632659971714,-1.14135855128089,-0.911393851542287
YMR168C,0.083098940551281,-1.08251523971558,0.0082003889743569,0.0428728949943954,0.0681963805109262,0.10008442637821,-1.16623867513736,-0.999633525790123
YMR173W,5.93549966812134,0.772296547889709,0.433643561586429,0.03174957294604,5.10622165600459,6.7993137160937,0.708099657163777,0.832465079100217
YMR177W,0.143716186285019,-0.844541192054749,0.013977451089682,0.042185717231558,0.118232812422017,0.172733853012323,-0.927262021083474,-0.762622540547702
YMR179W,0.118338637053967,-0.928429305553436,0.00999058180460792,0.0368214988854276,0.0994779393076897,0.138579591363668,-1.00227321974879,-0.858300723923491
YMR183C,1.60188579559326,0.202443793416023,0.161210226478423,0.0435927941211547,1.30479949216048,1.9469664444526,0.115543709533776,0.289358466481916
YMR187C,0.0808976516127586,-1.09549677371979,0.0102116157584248,0.0546161599269245,0.0627550780152281,0.102154888150593,-1.20235112662486,-0.99074085129035
YMR189W,0.737322211265564,-0.133181110024452,0.0457871487954199,0.027004302027873,0.652430527905623,0.827026844024658,-0.185465726138383,-0.0824803936849682
YMR198W,0.123575061559677,-0.909871220588684,0.0112605766800801,0.0395946480174808,0.102484028538068,0.146945368374387,-0.989343821376398,-0.832844116578966
YMR199W,0.455081254243851,-0.343158066272736,0.0345080407497603,0.0329386984243603,0.39176384806633,0.524973375101884,-0.406975651537725,-0.279862722011032
YMR200W,1.02314651012421,0.00649677496403456,0.128987178540968,0.0547346950290786,0.793855441113313,1.29593012432257,-0.100258623521043,0.112581585251965
YMR201C,0.0971858203411102,-1.01631307601929,0.0130575059122196,0.0584269294638695,0.0735039740800858,0.124543269723654,-1.13368918466772,-0.904679737987456
YMR205C,6.4743480682373,0.810369968414307,0.398918796137305,0.0267717704426485,5.74273821512858,7.24470370610555,0.759119019230934,0.860020626570509
YMR206W,0.00806072819977999,-2.13400673866272,0.00345686352873188,0.191917447185116,0.00279663130640984,0.0163141572537522,-2.55336478502142,-1.78743544064499
YMR207C,0.0404056049883366,-1.39478302001953,0.00303373468551374,0.0326969574670573,0.0347381164009372,0.0464764579199255,-1.45919373429958,-1.33276698031385
YMR209C,0.31168794631958,-0.507806003093719,0.0261322867461063,0.0364416542317731,0.26314640417695,0.364891150097052,-0.579802560871641,-0.437836670193063
YMR210W,0.181257575750351,-0.743581473827362,0.0168982589542389,0.0403990409400634,0.150347858667374,0.216502417375644,-0.82290275296796,-0.66453725640391
YMR214W,0.66847562789917,-0.176482304930687,0.0570014853080046,0.0368712401392727,0.566621822615465,0.788392531871796,-0.246706731325816,-0.103257522859394
YMR219W,0.193091616034508,-0.715103983879089,0.0121963269269158,0.0274338684725514,0.170321055501699,0.217003844554226,-0.768731660217097,-0.663532572726198
YMR224C,0.0935674086213112,-1.03052425384521,0.00816111174573641,0.0379063808849894,0.0783637759586175,0.110206941266855,-1.10588465469679,-0.957791079496383
YMR226C,3.05400705337524,0.482411026954651,0.326652526766372,0.0461741697560891,2.47521066665649,3.74960371851921,0.393612167905096,0.573985364890975
YMR227C,0.0976265147328377,-1.01238656044006,0.00927440540310906,0.0412155088944607,0.0806929357349873,0.116992630499105,-1.0931645257334,-0.931841502301616
YMR228W,0.247481808066368,-0.608990848064423,0.0267480718501832,0.0469834890186921,0.197990862404307,0.304369916021824,-0.703354923320146,-0.516598288199464
YMR229C,1.03964173793793,0.016143374145031,0.0607240146792989,0.0253969560579513,0.927353413403034,1.15777386228244,-0.0327547256745139,0.0636237405462336
YMR232W,0.00357068143785,-2.47053718566895,0.00115807225056988,0.144861443404942,0.00166309261694551,0.0061348532132494,-2.7790838207745,-2.21219582980589
YMR235C,2.4612135887146,0.389878869056702,0.188644018545397,0.033215644874207,2.12374472618103,2.84829783439636,0.327102313410559,0.454585399667048
YMR238W,0.801344215869904,-0.0974461510777473,0.0612036686672998,0.0331719072929554,0.687375847995281,0.924494819839796,-0.162805731556229,-0.0340955204756057
YMR241W,2.13486289978027,0.327530056238174,0.197186945341633,0.0399399189916969,1.78042172888915,2.54867262442907,0.250522884626243,0.406314015862604
YMR243C,1.59092807769775,0.200451105833054,0.118203349715206,0.0322984071603675,1.37148547172546,1.82170145908991,0.13719121144264,0.260477206143795
YMR244W,0.00638234196230769,-2.23872470855713,0.0028295271074945,0.201085979679085,0.00213482990899744,0.0130436064830671,-2.67063676038268,-1.88460233529317
YMR247C,0.318198084831238,-0.498113512992859,0.0194678977855178,0.0265682828179706,0.281410127878189,0.357291479657094,-0.550660283106784,-0.446977340388999
YMR251W,0.00670034950599074,-2.21123790740967,0.00276683864279777,0.184094840901759,0.0024789890119185,0.0131813514123981,-2.6057254086941,-1.88004008484805
YMR253C,0.202015191316605,-0.696812808513641,0.0203359131950295,0.0437186435319151,0.165258646011353,0.24412503875792,-0.781835809804233,-0.612387675266165
YMR258C,0.239735394716263,-0.621702432632446,0.0194973315824032,0.035301334635631,0.203445248678327,0.280398438622554,-0.691552448360581,-0.552224418763905
YMR259C,0.241951391100883,-0.617160081863403,0.0154524378913077,0.0278191180974405,0.212570436298847,0.272290170192719,-0.672497141742245,-0.564968036618598
YMR267W,0.447857677936554,-0.351436585187912,0.0489103911706252,0.047318663670566,0.358894044409196,0.551093080143134,-0.445033764248128,-0.25877504422953
YMR271C,0.0533905625343323,-1.30904281139374,0.0219212261282862,0.181476354663994,0.0209548606692503,0.106539100843171,-1.67871522248488,-0.972491614114477
YMR272C,1.44930613040924,0.15975795686245,0.116664374508508,0.0349030049330253,1.23713728785515,1.68692431350549,0.0924178911410542,0.227095585687446
YMR273C,0.0793005079030991,-1.10237407684326,0.00691780887407376,0.0379104913660378,0.0666336399192611,0.0935195088386536,-1.1763064688319,-1.02909778274038
YMR276W,1.62385439872742,0.209075391292572,0.133874469143842,0.0357526631585652,1.37910345097383,1.90567391018073,0.139596829377816,0.280048554187365
YMR277W,0.191576927900314,-0.718965172767639,0.0148882136437656,0.0337405796143773,0.164550635342797,0.222448543086648,-0.783700436698736,-0.652770463368121
YMR278W,0.322556018829346,-0.4925896525383,0.0239343676438067,0.0322254661171263,0.27836948633194,0.371018767356873,-0.555378371949205,-0.430604121777447
YMR279C,0.00654675578698516,-2.20399045944214,0.00198484153001763,0.133518551135378,0.00335039437826102,0.0109776023076847,-2.4749040719017,-1.95949281642201
YMR280C,0.0149919521063566,-1.82720971107483,0.00178135123858178,0.0517248710131927,0.0117288254822294,0.0185986174891392,-1.93074547646911,-1.73051933751768
YMR281W,0.48197403550148,-0.319701641798019,0.054238689501431,0.0486257100759808,0.385666281729937,0.599288106461366,-0.413788410394623,-0.222364343444305
YMR283C,0.0851561799645424,-1.07245063781738,0.00943542331362663,0.0482017321400828,0.0673678637171785,0.104661954256396,-1.17154722544229,-0.980211233200903
YMR288W,0.13788378238678,-0.861740827560425,0.0104885921624211,0.0329859182015085,0.118554298517605,0.159442160154382,-0.926082720042393,-0.797396846396976
YMR293C,0.0900265201926231,-1.0484447479248,0.0102781175980773,0.0494871959111091,0.0714317543432117,0.111616526916623,-1.14610872523636,-0.952271510281885
YMR294W,0.068076990544796,-1.17201554775238,0.0103605204354146,0.0661652659264979,0.04986275282378,0.0907670014848312,-1.30222383281878,-1.04207202166578
YMR296C,0.890783488750458,-0.0513795949518681,0.0649838846430768,0.0316253615727836,0.770447850227356,1.02835294604301,-0.113256752305693,0.0121421736484803
YMR297W,2.68354153633118,0.427611231803894,0.190969035936034,0.0308857971790012,2.33894070784251,3.07347329656283,0.369019202011177,0.487629436343876
YMR300C,1.06555688381195,0.0263966917991638,0.0785980328289744,0.0320198280770502,0.922135384380817,1.2249276638031,-0.0352053449147466,0.0881104428730205
YMR301C,0.21147221326828,-0.676051020622253,0.0164271379586947,0.0336829931701529,0.181826216727495,0.246153144538403,-0.740343502367653,-0.608794613899078
YMR310C,0.28962567448616,-0.540982902050018,0.0329578646716904,0.0496003221527095,0.228945479666193,0.357875473300616,-0.640267935640747,-0.446268066260406
YMR313C,0.217306539416313,-0.664169013500214,0.0164492868949391,0.0328480921300275,0.187549611181021,0.250618994484345,-0.726883833533428,-0.600986021458776
YMR314W,3.01667881011963,0.475292861461639,0.421987942306407,0.060764092301225,2.26679441531499,3.90892043312391,0.355412133790863,0.592056743617939
YMR316W,0.0914411842823029,-1.04349708557129,0.0133878261135909,0.0635962055643709,0.0680621021737655,0.119818977576991,-1.16709464362684,-0.921474392345922
YMR318C,2.98012089729309,0.472894668579102,0.234742194861514,0.0341136549973181,2.55482339859009,3.46589370965958,0.407360885030971,0.539815230090378
YNL329C,0.0782086104154587,-1.10811626911163,0.00621834853171237,0.034485048951856,0.067133847437799,0.0910403639699022,-1.17305847128583,-1.04076601505103
YNL327W,1.73271775245667,0.237922221422195,0.105446676310882,0.0264591648195336,1.53739631175995,1.94015132784843,0.186785834854607,0.287835605324439
YNL326C,0.210892975330353,-0.678702116012573,0.0238803729434183,0.0489874077615566,0.16895146034658,0.261765280862649,-0.772238051513942,-0.582087960100137
YNL325C,0.108503207564354,-0.965913057327271,0.00858177472001049,0.0343116002877937,0.0927823632955551,0.12607436068356,-1.03253456959321,-0.899373228245766
YNL322C,2.16659832000732,0.333903700113297,0.201904140043371,0.0403354147468612,1.79548798004786,2.58078500032425,0.254182501752963,0.411751796362945
YNL318C,0.00186595076229423,-2.78807139396667,0.000957490765001967,0.236464689536236,0.0004848318642568,0.00420317952521146,-3.31440891603378,-2.37642224851939
YNL317W,0.159876435995102,-0.798143267631531,0.0150663935072108,0.0409940495397098,0.132135733962059,0.190740966672699,-0.878979718616279,-0.719556021192613
YNL314W,0.0626820027828217,-1.21614992618561,0.0155344463431799,0.108228507318345,0.0364241913581888,0.0965316869318486,-1.43861011825103,-1.01533014985406
YNL313C,0.409923106431961,-0.388237804174423,0.0269850034441768,0.0285741227240262,0.360318078597387,0.464445471515258,-0.443313961665889,-0.33306526757779
YNL304W,0.103297434747219,-0.988872826099396,0.0120625516927895,0.0508060234420069,0.0811059521511197,0.128203704953194,-1.0909472926032,-0.892099423978842
YNL299W,0.105858884751797,-0.977037131786346,0.00955374765744874,0.0391579817051621,0.0882449695840478,0.126174233729641,-1.05431004268384,-0.899029324440432
YNL295W,0.118993617594242,-0.92647910118103,0.0114335742940255,0.0417464002206432,0.0976529159893592,0.142549307768544,-1.01031478476717,-0.846034889427325
YNL293W,0.117393307387829,-0.93191260099411,0.00995324806020995,0.0367696957782585,0.0995434165000915,0.138667331139247,-1.00198745921543,-0.858025848619395
YNL292W,0.365565836429596,-0.43876314163208,0.0327510153376685,0.0387307128258929,0.306137502193451,0.434580222268899,-0.514083465574026,-0.361930048357169
YNL289W,0.777873277664185,-0.111765578389168,0.0865748031252937,0.0481880893357366,0.623377513388793,0.96046043386062,-0.205248929305469,-0.0175205295290424
YNL287W,2.01224946975708,0.302859544754028,0.123906467126076,0.0267570708687188,1.77903182307879,2.25525775353114,0.250183716142296,0.353196179788107
YNL279W,0.00925884209573269,-2.04382300376892,0.00201101197046294,0.0958382178526852,0.00575199980521575,0.0136282709504788,-2.24018113738929,-1.86555936702082
YNL277W,0.0511758998036385,-1.29487252235413,0.00690243513131005,0.058570102052182,0.0387672873524328,0.0656317320962747,-1.4115345866907,-1.18288615615768
YNL273W,0.118840903043747,-0.926116526126862,0.00838813459928977,0.0306318157184546,0.10378668513149,0.135581795622905,-0.983858359164007,-0.867798618712368
YNL272C,0.269917249679565,-0.5699103474617,0.0195810814788287,0.0315092941171582,0.234286542609334,0.309029813110828,-0.630252656778208,-0.50999962081823
YNL267W,0.206871002912521,-0.685291588306427,0.0139988293324955,0.0293028040687853,0.18175899249812,0.235813132300973,-0.740504093446193,-0.627432012987435
YNL265C,0.406293600797653,-0.394118458032608,0.0475503628479765,0.0507152660540043,0.322642343242963,0.506562853356203,-0.491278637365642,-0.295366671298515
YNL258C,0.303849369287491,-0.518451154232025,0.0217328515977098,0.0310414346720546,0.26418332879742,0.348774880170822,-0.578094602341197,-0.457454801824485
YNL257C,0.131464019417763,-0.882241606712341,0.00914562949236114,0.0302030654890976,0.114792160689831,0.149421829357743,-0.940087769476347,-0.825585953885979
YNL256W,0.262659192085266,-0.581697046756744,0.0186598130569497,0.0307483975389194,0.228905856609344,0.302111655473709,-0.640343095658429,-0.51983251931371
YNL253W,0.276782125234604,-0.559715688228607,0.0256293472739905,0.0401417270839869,0.23035981208086,0.331228190660477,-0.637593288968759,-0.479872714395116
YNL246W,0.295460194349289,-0.534609138965607,0.0455474112300813,0.0666562626246705,0.215270497153203,0.395229640603066,-0.667015528611866,-0.403150495239781
YNL241C,1.61625266075134,0.207391068339348,0.116132653740224,0.0311826365446544,1.40490257243315,1.8461993932724,0.147646206948073,0.26627860390632
YNL239W,1.45518052577972,0.161672860383987,0.110365870906915,0.032860486882794,1.25295831163724,1.68313389122486,0.097936616137178,0.226118664616859
YNL238W,0.244420632719994,-0.613033890724182,0.0179927806153453,0.0318724528894969,0.212656602263451,0.281426545480887,-0.672321129375663,-0.550634940287631
YNL236W,0.231834515929222,-0.635867834091187,0.0161047555302696,0.030145716041064,0.201982818543911,0.264503658066193,-0.694685574473798,-0.577568320777228
YNL233W,0.161164879798889,-0.793944120407104,0.0120931763612282,0.0324802187550433,0.139202117919922,0.186595577622453,-0.856354157010386,-0.729098653762667
YNL232W,0.408936709165573,-0.391581773757935,0.0501382192283884,0.053038530153347,0.320384968817234,0.513949538270632,-0.4943278705939,-0.289079521877097
YNL229C,0.714502155780792,-0.147788405418396,0.0649650967918571,0.0394726927194139,0.596681988239288,0.846341361105442,-0.224257076768501,-0.0724544432112483
YNL221C,0.155692726373672,-0.808925211429596,0.0115430785248954,0.0321930617265643,0.134431958198547,0.178970501199365,-0.871497475185418,-0.747218547255196
YNL219C,0.909710168838501,-0.0421418137848377,0.0630930982133775,0.0301432762796172,0.790785340964794,1.037561622262,-0.101941389960873,0.016013899517029
YNL218W,0.111492037773132,-0.954721391201019,0.0106171800536492,0.041322009408424,0.0917198610802492,0.133370918656389,-1.0375366127769,-0.874938857459878
YNL217W,0.479275792837143,-0.321534901857376,0.0474203984472172,0.0429333614251625,0.393270283937454,0.578097715973854,-0.405308873207406,-0.237998768906252
YNL215W,0.254788845777512,-0.596529960632324,0.0285676012994186,0.0485406975106228,0.204365263134241,0.316358327865601,-0.689592928015606,-0.499820728619177
YNL210W,0.00354965100996196,-2.57342624664307,0.00264361126585496,0.35021710984857,0.000450610349556276,0.0103529608342797,-3.34619897248295,-1.98493593455498
YNL206C,0.303704649209976,-0.519091665744781,0.0256800830004468,0.0366111296767674,0.256322232385476,0.356840117524068,-0.591213725203437,-0.447526326276399
YNL204C,0.00584813440218568,-2.30043172836304,0.00323629502222935,0.251716887445266,0.00140984267248617,0.0140355888521299,-2.85082945931329,-1.85276981962632
YNL200C,0.373643636703491,-0.432721883058548,0.0582433914901866,0.0669674684557226,0.273302970081568,0.501845012108485,-0.563355675744114,-0.299430388091761
YNL196C,0.00597334001213312,-2.28542256355286,0.00319592541786915,0.238980689417842,0.00158359902658655,0.0139885112720852,-2.80035495343196,-1.85422865251678
YNL194C,0.00578303309157491,-2.30430269241333,0.00314209955808795,0.251017333403923,0.0013629248336656,0.0135382023717587,-2.86552813689227,-1.86843910802165
YNL183C,0.233733296394348,-0.632394433021545,0.0167522785482168,0.0311228748031901,0.202552550658584,0.267833852022886,-0.69346229181581,-0.572134534322918
YNL182C,0.355170488357544,-0.450783491134644,0.0266706359181731,0.0325379768244271,0.305163097629944,0.410699155678352,-0.515467987457201,-0.386476190018582
YNL181W,0.441918402910233,-0.356226444244385,0.0376464926005947,0.0369169932922617,0.373403296868006,0.520665569106738,-0.427821881172915,-0.283441140958391
YNL180C,0.52526843547821,-0.281702697277069,0.0516646351702493,0.042510337304325,0.432377198338509,0.634180335700512,-0.364137216979263,-0.197787231606415
YNL178W,29.5492935180664,1.46711575984955,3.73483337398349,0.0545474776023277,22.9516547838847,37.6688173294067,1.36081395592536,1.57598197959737
YNL177C,0.473409920930862,-0.327124804258347,0.0495583623019413,0.0452970819715263,0.382861716300249,0.576256250341733,-0.416958061330682,-0.239384357383247
YNL175C,0.949015021324158,-0.0241497494280338,0.07696848415905,0.0351448537316303,0.811773101985455,1.10887968540192,-0.0905653431084736,0.0448844273027815
YNL173C,0.228024065494537,-0.64451014995575,0.024460630112556,0.0465463401607482,0.183453385035197,0.278199561188618,-0.736474283343444,-0.555643560610159
YNL172W,0.0687673687934875,-1.16371619701385,0.00489179280855221,0.0308935937659648,0.0595177540555596,0.0785998741785685,-1.22535347285501,-1.1045781541741
YNL169C,0.271920621395111,-0.56713593006134,0.0232464959655142,0.0369979556645959,0.229640895500779,0.321531123419603,-0.638950775828609,-0.492776982078002
YNL168C,0.744089722633362,-0.131920859217644,0.0956361886877531,0.0554580431329487,0.574521274864674,0.955137443542481,-0.240693884512439,-0.0199341415013182
YNL165W,0.136901170015335,-0.86614328622818,0.0148989647123832,0.0470578135519708,0.110833072351913,0.169278000791868,-0.955330628390937,-0.771399479196875
YNL163C,0.268070250749588,-0.572687029838562,0.017593623653474,0.0284984439291859,0.236275639509161,0.303403085966905,-0.626581053033069,-0.517980026116966
YNL161W,0.308010399341583,-0.512532472610474,0.0219190612795425,0.0308544298326213,0.268966902544101,0.352399309227864,-0.570301158402029,-0.45296496569819
YNL159C,0.368945449590683,-0.436210840940475,0.0447040048085662,0.052525721242309,0.288362786670526,0.463391459236542,-0.540060786409735,-0.334051986665964
YNL156C,0.387260526418686,-0.415141493082047,0.0468052976659558,0.0522521296249966,0.303122855474552,0.487341626733542,-0.518381317117271,-0.312166492590195
YNL152W,0.171558052301407,-0.768040359020233,0.0182866656018246,0.0461548153227168,0.138024581844608,0.210403343414267,-0.860043559932089,-0.676947368758429
YNL148C,0.0547851994633675,-1.27794826030731,0.0151951598056167,0.121205505208796,0.0297770195174962,0.0888675268118581,-1.52611877461541,-1.05125709764058
YNL141W,0.921461999416351,-0.0373466461896896,0.0846712143703819,0.0397915970402149,0.771648685137431,1.09474647045135,-0.112580463301687,0.0393135536668841
YNL138W,2.79101085662842,0.444747418165207,0.19092577359766,0.0297066012219085,2.44054818153381,3.16928243637085,0.387487385960052,0.500960943857901
YNL132W,0.736116230487823,-0.133883401751518,0.0455128216749389,0.0268551436317878,0.651029348373413,0.825761011739572,-0.186399433015017,-0.0831456270829642
YNL129W,0.328608632087708,-0.489966541528702,0.0579798948333705,0.0759284120633709,0.232821331545711,0.454005877176921,-0.632977233100863,-0.342938528669396
YNL128W,0.00634498242288828,-2.22419190406799,0.00221953811579958,0.154414409827168,0.00284799774914669,0.0114206549944356,-2.5454606903391,-1.94230987397347
YNL121C,2.47744846343994,0.393056869506836,0.16373802068441,0.0287176805074352,2.17454014619191,2.79869754910469,0.337367429476488,0.446955966890502
YNL118C,0.505538940429688,-0.297132641077042,0.0323502468210311,0.0277921135228642,0.446252740174532,0.569870953261852,-0.35041913500533,-0.24422348048258
YNL117W,0.00531805399805307,-2.29601573944092,0.00168554907494436,0.139197301090028,0.00261467911380654,0.00908882405298452,-2.58258161712401,-2.04149232767708
YNL108C,0.444794088602066,-0.355660706758499,0.0591175114680876,0.0576688324888728,0.339207487801711,0.572130916515986,-0.469534575401602,-0.242504632733515
YNL106C,0.0889633670449257,-1.05202114582062,0.00670465872816852,0.0327578980123822,0.0762660462409258,0.102792331265907,-1.11766876879246,-0.988039308853515
YNL101W,0.171878680586815,-0.766162574291229,0.013724917629118,0.0346918594621542,0.146008297801018,0.199868619069457,-0.835622462114252,-0.699255464820058
YNL098C,1.18291866779327,0.071004144847393,0.112399939901596,0.0411798660039787,0.980470893283685,1.41594109237194,-0.0085653385900365,0.151045183862803
YNL095C,0.114842906594276,-0.941577076911926,0.010091744665995,0.0382416458257123,0.0957627594470978,0.134822293246786,-1.01880334803,-0.870238297980806
YNL094W,0.0997071489691734,-1.00322699546814,0.00947445248380737,0.0412271316967762,0.0822868131722013,0.120136282903453,-1.08466975700475,-0.920325824113816
YNL091W,0.195538952946663,-0.709684252738953,0.0127032133881021,0.0282638558454328,0.171816385909915,0.220516751582424,-0.764935425996829,-0.656558413810948
YNL085W,1.89658844470978,0.277126103639603,0.118541249514429,0.0271590221649141,1.6773925135533,2.12655401229858,0.224634700104123,0.327676417826121
YNL082W,0.127797290682793,-0.894698798656464,0.00958961289576146,0.0326065005994573,0.110120420716703,0.147494441519181,-0.958132170674095,-0.831224351416341
YNL080C,0.218701243400574,-0.662527859210968,0.0229491008085913,0.045448102785712,0.177241909752289,0.267796029647191,-0.751433581767033,-0.572195869176041
YNL077W,0.132533609867096,-0.879649102687836,0.012658005353717,0.0414180934360509,0.110245650572081,0.158995829895139,-0.957638537786153,-0.79861427944776
YNL076W,0.144982933998108,-0.840282440185547,0.0124538187411242,0.0373158093170808,0.121813028740386,0.170215175921718,-0.914306288724348,-0.769001746386808
YNL075W,0.424198836088181,-0.375456720590591,0.0501976568327695,0.0513114871061312,0.334259172032277,0.528094732264678,-0.475916679258182,-0.277288168499053
YNL072W,0.158050835132599,-0.805200219154358,0.021445083316202,0.0590590085342347,0.11917563341558,0.203021405388912,-0.923812533247014,-0.692458177803633
YNL065W,0.147585466504097,-0.832584381103516,0.0127812329909508,0.0376413976446307,0.124098599577943,0.17404581134518,-0.906233124841334,-0.759336426878907
YNL064C,5.22202157974243,0.716642379760742,0.387338796278471,0.0322528572891379,4.49569742282232,5.98889346122742,0.65279707374791,0.777346587318162
YNL063W,0.0527237914502621,-1.28635585308075,0.010336105442201,0.0857045093031633,0.0350210439103345,0.0749161241576076,-1.45567091262388,-1.12542472690629
YNL062C,0.441433727741241,-0.356488525867462,0.0348809760332199,0.0342980515184833,0.376805883646011,0.512069007257621,-0.423882324763807,-0.290671508930284
YNL058C,0.449079692363739,-0.350063443183899,0.0471973486634591,0.0455324771250358,0.366100833068291,0.547869849205017,-0.436399285304956,-0.261322599655673
YNL055C,8.11507511138916,0.907232046127319,0.792286358445312,0.0423091305084174,6.70118081967036,9.80455063184102,0.82615133585061,0.99142769335529
YNL053W,0.112096920609474,-0.952576875686646,0.0112053074878502,0.043497815175159,0.0910054154073199,0.135712704683344,-1.04093277574057,-0.867379553846304
YNL049C,0.32463464140892,-0.489572495222092,0.0216575653600796,0.0290118970283171,0.284386496494214,0.366924368590117,-0.546091032024701,-0.435423445978287
YNL042W,0.0594603717327118,-1.23026216030121,0.00856265458993993,0.0626014355725204,0.0438872791205843,0.0780638266354799,-1.35766134917123,-1.10755016526326
YNL038W,0.193743571639061,-0.725633084774017,0.0477600731407452,0.105760387472155,0.116532073418299,0.304037064313889,-0.933555041436634,-0.517073992169861
YNL032W,0.206442922353745,-0.689810574054718,0.0301227211491554,0.0634367414426786,0.151387654989958,0.271254805227121,-0.819909545902734,-0.566622574908274
YNL029C,0.0682353079319,-1.1689647436142,0.00799284725443977,0.0508698071820416,0.0534799194273849,0.0850339736789465,-1.27180925750405,-1.07040752580571
YNL025C,0.08870530128479,-1.05744600296021,0.0140474847759618,0.0685259492527096,0.0643499721462528,0.1195148229599,-1.19145164330971,-0.92257822751532
YNL022C,0.275807678699493,-0.561041414737701,0.0241163773307922,0.0377913816005401,0.233388617634773,0.327443867921829,-0.631920328320423,-0.484863138240672
YNL020C,0.107036910951138,-0.972157895565033,0.0094620468728724,0.038372497715139,0.0892397136737903,0.125940893342098,-1.04944183195952,-0.899833231698739
YNL011C,0.127913668751717,-0.895454704761505,0.0133825403128131,0.0454313269866289,0.103506743907928,0.156167612721523,-0.985031353138615,-0.806409028557858
YNL009W,0.038886409252882,-1.41608011722565,0.00640244662208096,0.0717022139314106,0.027613896690309,0.0524284727871418,-1.55887231322835,-1.28043279286375
YNL007C,3.94551753997803,0.594657778739929,0.322546980599998,0.0354642735583639,3.34119759599368,4.61948903799057,0.523902159960042,0.664593916238893
YNL006W,0.394752383232117,-0.406469225883484,0.0448680586423932,0.0493163377931327,0.313992696007093,0.487577842424313,-0.503080456328431,-0.311956076676674
YNL005C,0.49147093296051,-0.310283958911896,0.0445997934105845,0.0393537171331361,0.410768144826094,0.582885761062304,-0.386403245751691,-0.234416559841606
YNL001W,0.553183257579803,-0.258756697177887,0.0479661435792191,0.0375712475361861,0.466850165029367,0.652088582515717,-0.330822554674187,-0.185693403831539
YNR001C,1.2891218662262,0.109127163887024,0.094543028523291,0.0318513780869934,1.11577121516069,1.47865486641725,0.0475751531496337,0.169866814449795
YNR002C,0.0159766413271427,-1.82884037494659,0.00608030674949065,0.171737507532382,0.00645743377584343,0.0301047178295752,-2.18994004858788,-1.52136549414834
YNR003C,0.479120254516602,-0.321867853403091,0.0496003737881755,0.0447990017229096,0.390520109981298,0.587216956416766,-0.408356598768793,-0.231201442529327
YNR007C,0.212488234043121,-0.676036179065704,0.0265478681136643,0.0541449158792944,0.165500611066818,0.268154645711184,-0.781200398368883,-0.571614783945438
YNR009W,0.200246557593346,-0.705877065658569,0.0372815358011278,0.0805323933561662,0.136105070138971,0.283085465431213,-0.86612569803349,-0.548082428215487
YNR013C,0.44109770655632,-0.356426745653152,0.0293582868651015,0.02890086651462,0.385946294665337,0.500227756301562,-0.413473130503161,-0.300832214616669
YNR021W,3.22045254707336,0.506623268127441,0.249136655912845,0.0334952334162827,2.77158314387004,3.73310412168503,0.442727897890079,0.572070084627752
YNR027W,0.171399429440498,-0.769867539405823,0.0230705044123518,0.0579716821177043,0.131280907367667,0.222844988231858,-0.881798457552185,-0.651997130632639
YNR028W,0.489440590143204,-0.312855392694473,0.0532068373418436,0.0471403143552939,0.394620294123888,0.604105544090271,-0.403820591418982,-0.218887178600344
YNR029C,0.222263157367706,-0.654924333095551,0.0202331535776636,0.0394848609744584,0.185822535678744,0.263000096132358,-0.730901634945888,-0.580044096558536
YNR030W,0.737771153450012,-0.133204609155655,0.053197603278768,0.031271632723748,0.640806573629379,0.846422071754932,-0.193273041861048,-0.0724130204404796
YNR031C,0.183397263288498,-0.73746794462204,0.0115534088058021,0.0273671624734564,0.161581282069286,0.206204508244991,-0.791608950536487,-0.685701850364494
YNR032W,0.129790246486664,-0.889914631843567,0.0156900627071709,0.0524270653429202,0.101519325313469,0.162474460403125,-0.993451277475503,-0.789214980315097
YNR033W,0.265933930873871,-0.576294124126434,0.01866178910037,0.0304734301716968,0.231434718271097,0.304078957438469,-0.635571556485406,-0.51701363468198
YNR034W,0.258786082267761,-0.589920818805695,0.0297905807558414,0.0498910277090835,0.204992201303442,0.322330686201652,-0.688262662227144,-0.491698347568532
YNR035C,1.82354021072388,0.259287297725677,0.158401065197844,0.0375710755678441,1.53752100467682,2.15621209144592,0.186821057555048,0.333691477115054
YNR041C,0.374308288097382,-0.428655236959457,0.0349926918885147,0.040439812802095,0.311699581891298,0.447698825349411,-0.506263781270854,-0.34901409986003
YNR044W,0.153151288628578,-0.816212236881256,0.0120087590874481,0.0340694437719881,0.130605601643523,0.1772899992764,-0.884038198185415,-0.751315761859936
YNR051C,0.527645647525787,-0.278880774974823,0.0397127992073342,0.0325971504015612,0.454558330277602,0.60973447561264,-0.342410378908253,-0.214859248401022
YNR054C,0.290582239627838,-0.539409399032593,0.0323715596555056,0.0482411026350041,0.232791527981559,0.358772368977467,-0.633032832542953,-0.445181015432981
YNR056C,0.00572673324495554,-2.26204514503479,0.00170935752852157,0.134237685849531,0.00287014530816426,0.0095307889704903,-2.54209705008355,-2.02087115417345
YNR057C,0.0343838296830654,-1.49683654308319,0.0133898726864932,0.173409520504225,0.0136147790898879,0.065169926173985,-1.86598940167526,-1.18595277609262
YNR058W,0.00470485538244247,-2.35659003257751,0.00171678674674071,0.162270006773572,0.00198133537972656,0.00872797458432615,-2.70304204036115,-2.05908655187876
YNR059W,0.0372996442019939,-1.43192386627197,0.00482911614512497,0.0562087646313595,0.0287418307581296,0.0472954955572884,-1.54148557516194,-1.3251803320071
YNR060W,0.067351870238781,-1.17364406585693,0.00645986403574966,0.0416420992058891,0.0552871450781822,0.0805647950619459,-1.25737583561387,-1.09385469421401
YNR062C,0.0154787367209792,-1.83049511909485,0.00469980108179387,0.13450670940033,0.00779645496901746,0.0256282672286034,-2.10810293779268,-1.59128075974754
YNR063W,0.0470293089747429,-1.33068442344666,0.00557199087422022,0.0515631329793803,0.0369007661007345,0.0582535314063231,-1.43296463521384,-1.23467774638667
YNR064C,0.0243634693324566,-1.63235223293304,0.00722168060998156,0.130307700071052,0.0125489281645666,0.040453184923778,-1.90139338199967,-1.39304741481652
YNR067C,1.22379994392395,0.0868903771042824,0.0752193610638409,0.0267102574650021,1.08629642526309,1.37113530536493,0.035948350369142,0.137080295285254
YNR068C,0.0125832073390484,-1.94687032699585,0.00584405987416098,0.206851854513378,0.00406207869527861,0.0272216376382858,-2.39125168990843,-1.56508626969601
YNR069C,0.00577123463153839,-2.26257157325745,0.0018845838774673,0.146959576705952,0.00264439751238873,0.0100542485481128,-2.57767335527164,-1.99765039397836
YNR070W,0.0043107713572681,-2.3751847743988,0.000914148133738194,0.0924467760561932,0.00272710844486331,0.00630563664017246,-2.56429759195207,-2.20027157992525
YNR071C,0.00426375400274992,-2.43465948104858,0.0022703096945206,0.247365594153542,0.00107794798386749,0.00976503035053611,-2.96740222867883,-2.01032657155376
YNR074C,0.247428268194199,-0.608739972114563,0.0248830266902873,0.0436458957313381,0.201822567234437,0.300210466235876,-0.695030275306551,-0.522574199706883
YNR075W,0.113321729004383,-0.949083983898163,0.0141823482701677,0.0543854794940891,0.0872183673704664,0.143771436437965,-1.05939205095449,-0.842327570271732
YOL154W,0.0305552612990141,-1.54754424095154,0.0118747763814623,0.171117625682635,0.0124383054673672,0.0577599855139852,-1.90523879727641,-1.23837305213852
YOL152W,0.147015690803528,-0.834183514118195,0.0124073994696548,0.0367074536260377,0.124260304868221,0.172737544278304,-0.905667650560817,-0.762613329243673
YOL151W,1.56804490089417,0.19370624423027,0.137347946569409,0.0378524473030795,1.32574893832207,1.85262479484081,0.122461285211863,0.267787468452248
YOL149W,0.985510230064392,-0.0121632413938642,0.163206883657003,0.0709722448693268,0.71320971896251,1.34536973039309,-0.146782747365271,0.128841646067592
YOL147C,0.76384037733078,-0.122786976397038,0.126269163350973,0.0707255259481826,0.555422768493493,1.04232081373533,-0.255376324101847,0.0180013795799854
YOL145C,0.550877749919891,-0.259805411100388,0.0346791491143359,0.0273547310152278,0.487474064280589,0.621190484364828,-0.312048486005976,-0.206775220963548
YOL141W,0.103948585689068,-0.984885811805725,0.00920851603808287,0.0385070665945676,0.0871487595140934,0.122369110584259,-1.059738821181,-0.912328196535542
YOL140W,0.08432936668396,-1.07754707336426,0.010752032994386,0.0554524989735008,0.065005591015021,0.106460186404487,-1.1870493015494,-0.972812780442033
YOL137W,0.258903950452805,-0.588463962078094,0.0223248429911987,0.037271047073755,0.218625565742453,0.306486945102612,-0.660299053687248,-0.513588043838243
YOL132W,0.00618773745372891,-2.2342209815979,0.00212317997563518,0.152181863357293,0.00280604801761607,0.0110549118369818,-2.5519049173206,-1.95644473885141
YOL126C,0.681252419948578,-0.168351516127586,0.0596899098389158,0.0379826523770935,0.572234148780505,0.805603463451068,-0.242426229720953,-0.0938786753933518
YOL125W,0.126559257507324,-0.899976968765259,0.0129525274899546,0.0444520791346401,0.102953187562525,0.15331571859618,-0.987360204295115,-0.814413317104557
YOL124C,0.420493125915527,-0.377771764993668,0.0352907043552875,0.0364827323840931,0.353632710625728,0.492547111709913,-0.451447574980037,-0.30755225488208
YOL123W,1.342853307724,0.12694089114666,0.0951456796869914,0.0307447163203392,1.16658767461777,1.53931641578674,0.0669173824697605,0.187327900861816
YOL107W,0.344183176755905,-0.465362846851349,0.0343338690493838,0.0432653849126857,0.281448049594959,0.415338994810979,-0.55060178702351,-0.381597327714689
YOL104C,0.00599666452035308,-2.26063466072083,0.00252016373241442,0.186938816930634,0.00218136887803363,0.0120476840762422,-2.66127103255384,-1.91909648094226
YOL098C,0.630330145359039,-0.201303869485855,0.0399316620774187,0.027535941364751,0.555608210464319,0.710506152609984,-0.255231345170955,-0.148432156958291
YOL096C,0.353419303894043,-0.454257994890213,0.0385122918752704,0.046995237240403,0.285378921528657,0.436391434570154,-0.544578192612125,-0.360123844409383
YOL095C,0.0694042965769768,-1.16042971611023,0.00633376865018867,0.0398115915945452,0.0574065297842026,0.0823945552110672,-1.24103870537281,-1.08410149262351
YOL091W,0.00776821281760931,-2.12233805656433,0.00187384305285968,0.10557067767173,0.00464594250467295,0.0119410753405343,-2.33292622239968,-1.92295660373829
YOL088C,0.788957595825195,-0.10553402453661,0.0864894384661054,0.0473887016468609,0.63518723299106,0.974311985572179,-0.197098258195084,-0.0113019589218476
YOL087C,0.147476211190224,-0.83234715461731,0.0103665624714801,0.0304978278146426,0.128458715851108,0.168966715907057,-0.891236423776039,-0.772198856832179
YOL084W,0.00418739067390561,-2.3909854888916,0.00102419315854255,0.106646195115999,0.00247545895011475,0.00650182101720324,-2.60634428455481,-2.18696557347882
YOL083W,0.0555286556482315,-1.25965678691864,0.00771236909073945,0.0603145769205142,0.0417140187385182,0.071654237061739,-1.37971797360267,-1.14475817505295
YOL082W,0.317866921424866,-0.49948924779892,0.0284785748517696,0.038787927334839,0.266583201289177,0.378297161310912,-0.574167221085596,-0.422167246975873
YOL080C,0.266184121370316,-0.578457236289978,0.0344980282255679,0.056331650925171,0.203066565344731,0.338441313058138,-0.692361576895641,-0.470516641230384
YOL078W,0.0757732689380646,-1.12179183959961,0.00586484551859587,0.0337804140340172,0.0644995421171188,0.0875167983273665,-1.19044336841457,-1.05790857905415
YOL077C,1.20901536941528,0.0802721157670021,0.120973034648063,0.0432986752282256,0.990084933737914,1.47433531284332,-0.00432755022282015,0.168596267753958
YOL073C,0.235598847270012,-0.630758225917816,0.0273699071211683,0.0505604413670566,0.185613174239794,0.291793018579483,-0.731391224332051,-0.534925103219393
YOL072W,0.108169615268707,-0.968402922153473,0.0116575063816625,0.0466754884507144,0.0872362181544304,0.132525790358583,-1.05930317012524,-0.877699597054802
YOL065C,0.217992842197418,-0.663732588291168,0.0218740755230682,0.0434757029143372,0.179353724420071,0.262455970048904,-0.746289600537743,-0.580943543948204
YOL064C,0.843408524990082,-0.0756231844425201,0.0738839074975693,0.0379996330588986,0.707677072783311,0.994702987869581,-0.150164878699609,-0.00230658237251401
YOL060C,0.35699325799942,-0.448451697826385,0.0255346363576957,0.0310890618925257,0.30994731237491,0.407627642154694,-0.508712126210369,-0.389736373173451
YOL058W,0.619468212127686,-0.209460690617561,0.0512464766665085,0.0358442482463651,0.526733972132206,0.726089033484459,-0.278408670569974,-0.139010122840882
YOL057W,0.78310215473175,-0.107149414718151,0.0523694956327867,0.0289843770869658,0.686879894137382,0.888702668746313,-0.16311920067665,-0.0512435174845327
YOL056W,0.578586161136627,-0.24002294242382,0.0610498181852356,0.0455088926359029,0.470927236229181,0.711786449452241,-0.327046208813075,-0.147650285141493
YOL055C,0.0865864604711533,-1.06507694721222,0.00936268544663781,0.0468369567989251,0.0694783302644889,0.106059949596723,-1.1581506277796,-0.974448590596392
YOL049W,0.995596706867218,-0.00311327981762588,0.0741493911153307,0.0322526732062734,0.862098718682925,1.14997357328733,-0.064443001055018,0.060687860150157
YOL047C,0.00711502460762858,-2.18257713317871,0.00281552310815736,0.178052596384865,0.00272300312256751,0.0136898760295783,-2.56495189411413,-1.86360048514254
YOL044W,0.134818136692047,-0.873042166233063,0.0153081700462453,0.0492665704712973,0.107105785608292,0.167933360859752,-0.970187082971297,-0.774863059382981
YOL043C,0.0413628965616226,-1.39009189605713,0.00726843792129522,0.0766088593512494,0.0282559156262626,0.0570925660431385,-1.54889062412522,-1.24342043705408
YOL042W,0.222235277295113,-0.655582547187805,0.0233539928958741,0.0456845902085136,0.179475611324112,0.270817160854737,-0.74599456610813,-0.567323853725009
YOL041C,0.974273324012756,-0.0125348186120391,0.072941723276333,0.0325009807165894,0.838973079125086,1.11990761756897,-0.0762519985435352,0.0491821987105421
YOL030W,1.90646469593048,0.279120296239853,0.13618925284649,0.0310735273868729,1.66056530177593,2.18253109852473,0.220255956196417,0.338960380786983
YOL027C,0.592163741588593,-0.228696927428246,0.0429829376271403,0.0314419983811509,0.513326068222523,0.68369687795639,-0.289606680466661,-0.165136404958
YOL023W,0.0644117221236229,-1.19327163696289,0.00654041332456618,0.0440940776078769,0.0526510242683192,0.0780659584328532,-1.27859317575979,-1.10753830781536
YOL019W,0.397960066795349,-0.401466906070709,0.0308984987186568,0.0336885589281015,0.341377884646257,0.460532235354185,-0.466764617906631,-0.336739980193333
YOL016C,0.421751022338867,-0.376403331756592,0.0345749126622639,0.035657635331093,0.356701609989007,0.492219616224368,-0.447694950295724,-0.307841083013689
YOL015W,0.00209924532100558,-2.72497487068176,0.000975681741055519,0.207898760582288,0.000691311295668129,0.00437946470919997,-3.16032639540392,-2.35857897286033
YOL013C,0.27063974738121,-0.568985641002655,0.0215573109133036,0.034604683051021,0.231194909041127,0.314462155103683,-0.636021739065849,-0.502431615170201
YOL011W,0.154462650418282,-0.812628090381622,0.0126346908262105,0.0355446654329954,0.131268612419566,0.179568555330237,-0.88183910559115,-0.745769711564579
YOL009C,0.106275975704193,-0.981426298618317,0.0203965766463201,0.0826531913440188,0.071578338680168,0.151527334873875,-1.14521842060028,-0.819509029249204
YOL007C,0.594573557376862,-0.227866888046265,0.0582378846100704,0.0424280500923109,0.487789050986369,0.715651358167331,-0.311767952222882,-0.14529852074138
YOL003C,0.246098652482033,-0.611153781414032,0.025196047428413,0.0443610264249704,0.201385628804564,0.297701883812745,-0.695971525831024,-0.526218419406931
YOR001W,0.38532418012619,-0.415183067321777,0.0262584973759957,0.0296290097913775,0.337286204099655,0.438556916515033,-0.472001422243721,-0.357974040107696
YOR007C,4.21703147888184,0.623528838157654,0.347595338092946,0.0358583247403903,3.58024525642395,4.92437705198924,0.553912778002327,0.692351298200907
YOR017W,0.0899259671568871,-1.04767680168152,0.0076417905716327,0.0368784097786177,0.075898437636594,0.105844572558999,-1.11976717185336,-0.975331406646605
YOR018W,0.137150630354881,-0.864080846309662,0.0105274597224171,0.0333360420293132,0.117213244736195,0.159064292907715,-0.931023315578972,-0.798427300765615
YOR022C,0.0859384313225746,-1.06746935844421,0.0075010684551187,0.0379539979820158,0.0723360511784752,0.101264120514194,-1.14064520323672,-0.994544405409711
YOR027W,4.85974550247192,0.685650050640106,0.323793051353733,0.0289385388517548,4.26416618426641,5.50416126648585,0.629834111441971,0.740691147731265
YOR028C,0.124428331851959,-0.910359561443329,0.0194819730274344,0.0677640812266787,0.0912559183314443,0.166525393724442,-1.0397389743217,-0.7785195308454
YOR032C,0.00404374301433563,-2.43223285675049,0.00171584184827867,0.188157231098171,0.00150350070616696,0.00821270383894444,-2.82289637913073,-2.08551411653014
YOR033C,0.0965376198291779,-1.01693832874298,0.00837107132293663,0.0377410979358449,0.0809607993190487,0.113457710792621,-1.09172525396387,-0.945166016248486
YOR038C,0.168913468718529,-0.773406326770782,0.0118647768085462,0.0305145166768859,0.14694778782626,0.19272678035001,-0.832836958725374,-0.715057981946788
YOR040W,0.140693292021751,-0.857104659080505,0.0221718474914523,0.0685296152733542,0.100273502928515,0.188071064899365,-0.998813850100056,-0.725678017089702
YOR049C,0.291317164897919,-0.537858426570892,0.0295348013103036,0.0439956138736742,0.236125813548764,0.35439097409447,-0.62685659868007,-0.450517347873643
YOR056C,0.398064732551575,-0.401493340730667,0.0325696716873484,0.0354538333269571,0.337784594297409,0.46520537485679,-0.471360161671899,-0.332355282905155
YOR058C,0.156274899840355,-0.807245254516602,0.0112906346115361,0.0314023135574562,0.134960448866089,0.178883040944735,-0.869793486018877,-0.747430835182972
YOR059C,0.140458106994629,-0.854511797428131,0.0136669700415562,0.0423495217402313,0.115099418225388,0.168650388717651,-0.93892687617788,-0.773012653480197
YOR060C,0.0352420471608639,-1.47397816181183,0.0109326168904085,0.136959137074652,0.0173957517991463,0.0599210402617852,-1.75955692031631,-1.22242066233464
YOR063W,25.4486274719238,1.40440559387207,1.94086471772469,0.0331166962205597,21.8426856040955,29.4618015289307,1.33930603369118,1.46925929953825
YOR065W,0.17790450155735,-0.75355190038681,0.0233270406522108,0.0571408218607799,0.135462558393677,0.226607597246766,-0.868180726439188,-0.644725534078405
YOR079C,0.522359132766724,-0.284306794404984,0.0535238040465517,0.0445249869936622,0.424066089342038,0.634614509840806,-0.372566459005728,-0.197490003444905
YOR080W,0.0576210133731365,-1.24157929420471,0.0057435322123851,0.0433598755687309,0.0469801586121321,0.0694744899248084,-1.32808552564427,-1.15817463742048
YOR084W,0.0111859645694494,-1.97331893444061,0.00355281111006425,0.140109368556237,0.00541690222841377,0.0194356311112642,-2.26624900373961,-1.71140135245029
YOR091W,0.672311127185822,-0.174345582723618,0.0633446422997716,0.0407772345685333,0.5599005818367,0.804066496094068,-0.251889081195252,-0.0947080337308967
YOR092W,0.16470605134964,-0.784839332103729,0.0139118677783989,0.0367125561111365,0.138075631360213,0.193220226342479,-0.859882966380928,-0.713947472180139
YOR100C,0.00595374638214707,-2.28028178215027,0.0029632428954157,0.227608453214131,0.00164301113982219,0.0128502141451463,-2.78436004594589,-1.89108980991847
YOR107W,0.00862588919699192,-2.11161136627197,0.00402990494251577,0.208695184854618,0.00280703077442013,0.0181946083903313,-2.55175287189637,-1.74005728746705
YOR109W,0.447816073894501,-0.349759727716446,0.0282063926543399,0.0273234843614853,0.395262535661459,0.504625388979912,-0.403114347721601,-0.297030942826865
YOR110W,0.182485356926918,-0.740857124328613,0.0179275049372474,0.0425545783181573,0.150332588329911,0.220453125983477,-0.822946881812524,-0.656683739055077
YOR112W,0.255075097084045,-0.594470679759979,0.0184976570275404,0.0315007971596989,0.220694288611412,0.293268087506294,-0.656208905880679,-0.532735196791683
YOR114W,0.0632296204566956,-1.20786070823669,0.0127508714091562,0.0876627511148298,0.0412373729050159,0.0908827307323615,-1.38470900995488,-1.04151865167571
YOR119C,0.250697910785675,-0.602513492107391,0.0219962410712301,0.0380033199114311,0.211017022281885,0.296584665775299,-0.675682512785908,-0.527851306919666
YOR123C,0.372275561094284,-0.43066143989563,0.03124365239198,0.0364215932156632,0.315096732974052,0.437797803183397,-0.50155610300916,-0.35872650620939
YOR124C,0.398506939411163,-0.400402307510376,0.0247533456948235,0.0269940194327398,0.352033845335245,0.446973979473114,-0.453415585852384,-0.349717758523918
YOR125C,0.477732956409454,-0.328115195035934,0.0884957410644966,0.0795722075973108,0.329365136226018,0.678572858373324,-0.482322379228157,-0.168403516506176
YOR126C,0.402452647686005,-0.401875466108322,0.070965483256852,0.075512039423455,0.284942210962375,0.56014195283254,-0.545243234058589,-0.251701900024267
YOR127W,0.107780650258064,-0.968796610832214,0.00846564953640899,0.0341075049872632,0.0920497613648574,0.12505627386272,-1.03597733410863,-0.902894583589768
YOR129C,0.0494663678109646,-1.3077449798584,0.00481569383227856,0.0422752702490559,0.0405863746379813,0.0595590397715569,-1.39161975454468,-1.22505231268742
YOR130C,0.157078713178635,-0.808675765991211,0.0233813460012361,0.0646480300982682,0.11614729637901,0.206927914793293,-0.93499090028817,-0.684181005169623
YOR134W,0.00700470572337508,-2.18201494216919,0.00249245706361911,0.156760312252233,0.00310570517516074,0.0126598160713911,-2.50783979560761,-1.89757260393637
YOR136W,6.94452428817749,0.840312480926514,0.545058804060657,0.0339805095902366,5.97577253182729,8.07402671972911,0.776394050515279,0.907090172450005
YOR137C,0.0284090302884579,-1.55083179473877,0.00398324954699077,0.0612264762684082,0.0210162548813969,0.0368147764665385,-1.67744477821094,-1.43397783878413
YOR142W,2.02638101577759,0.30510875582695,0.174866159381954,0.0374311407251414,1.71049613058567,2.38777390122414,0.233122088685011,0.377993200358778
YOR143C,0.354488641023636,-0.452797740697861,0.0374079631587998,0.0456487070833309,0.288710438211759,0.434323101490736,-0.53953751423742,-0.362187080824879
YOR144C,0.0778636783361435,-1.11047661304474,0.00711904175582436,0.0396633239456243,0.0650942825401823,0.0922915413975716,-1.18645718858033,-1.03483810062842
YOR149C,0.157972678542137,-0.803130805492401,0.0140523868776955,0.0385710392015792,0.132717041795452,0.187212116395434,-0.87707331690562,-0.727666053936804
YOR151C,1.28336131572723,0.107575915753841,0.0765671135037896,0.0259194899326777,1.14119613567988,1.43745934963226,0.0573602816639198,0.157595571984264
YOR152C,0.0989502444863319,-1.01461482048035,0.021396868536681,0.0936339126525465,0.0632442310452461,0.147493809709946,-1.19897908342458,-0.831226246225086
YOR153W,12.5358610153198,1.09743309020996,0.722975912790327,0.02506839330156,11.1780981461207,13.9587820529938,1.04836791761651,1.14484752634381
YOR157C,3.26261281967163,0.510949373245239,0.359415902007737,0.0476663005306871,2.61749531229337,4.02280616760254,0.417885875793641,0.604529107299413
YOR160W,0.225885540246964,-0.647089540958405,0.0151531722259513,0.0291578081732052,0.197938136135538,0.256296379864216,-0.703470525264961,-0.591257530109657
YOR162C,0.0696069374680519,-1.15902173519135,0.00611040441856916,0.0381700613720735,0.0583587253776689,0.0819254421939453,-1.23389420481785,-1.08658121093034
YOR165W,0.747520804405212,-0.127305015921593,0.0488923222999096,0.0283989400586336,0.655872762203217,0.847304472823938,-0.183180404576647,-0.0719605026060817
YOR166C,0.134959653019905,-0.872079312801361,0.0138924361281618,0.044514380886351,0.110718358991047,0.164548105498155,-0.955780360126398,-0.783707148838921
YOR174W,0.131109640002251,-0.888006806373596,0.0212883759965363,0.070002684568332,0.0943944714342554,0.177170797934135,-1.02505345637313,-0.751607861897942
YOR175C,1.01613247394562,0.00594008434563875,0.0693847927386065,0.0296214227114821,0.891628553469976,1.15618979831537,-0.0498160348171535,0.0630291312822264
YOR176W,0.765275776386261,-0.117785155773163,0.0659427490280699,0.0372841274690049,0.646672670543194,0.905694162845612,-0.18931549843791,-0.0430184352911963
YOR178C,0.00449359090998769,-2.36269116401672,0.00119010602359846,0.116353724617433,0.00250644203042611,0.00719273888195555,-2.60094238737279,-2.1431057456489
YOR180C,0.00576482340693474,-2.34215831756592,0.00393419426530614,0.317204328381842,0.000886337663299249,0.0156941142709305,-3.05240090689105,-1.8042635545782
YOR187W,2.08272433280945,0.317431271076202,0.155080477458878,0.0322941645414353,1.80154874523481,2.40031932989756,0.255646017064567,0.380268985181407
YOR190W,0.00756817543879151,-2.1435375213623,0.00242670745504735,0.142054045319869,0.00364089227708367,0.0130630003598829,-2.43879376306529,-1.88395707715657
YOR194C,0.533995389938354,-0.275341957807541,0.0617835171304775,0.0499678771200395,0.426224221289158,0.663324264188608,-0.370361892668006,-0.178274165407014
YOR201C,0.202700898051262,-0.695337772369385,0.0204332249835486,0.0436480148246999,0.165853997816642,0.245447897538543,-0.780274056825504,-0.610040701248751
YOR204W,3.76549410820007,0.574869990348816,0.249389835157805,0.0287557122639963,3.30156898498535,4.26160711447398,0.518720376116214,0.629573380406713
YOR205C,0.0895549803972244,-1.05014157295227,0.00910336960889459,0.0440331032481767,0.0729258815447489,0.108612685153882,-1.13711831407953,-0.964119451983378
YOR207C,0.446581780910492,-0.350982993841171,0.0285088015338642,0.0277195989341412,0.393868081520001,0.5037072305878,-0.404649213256994,-0.297821818340681
YOR209C,1.53189086914062,0.18396121263504,0.117263304511434,0.0331554122619203,1.31972530881564,1.77506976326307,0.120483544740756,0.249215413680542
YOR212W,0.43810898065567,-0.360105186700821,0.0386706652476159,0.0382870687957301,0.368722659846147,0.519802316029867,-0.433300172683004,-0.28416178986889
YOR213C,0.240541130304337,-0.625522971153259,0.0425677225547041,0.0764223620183367,0.167875185608864,0.332195020715396,-0.77501349415131,-0.47860688900812
YOR214C,0.00651507778093219,-2.34122276306152,0.00555154978262569,0.39701191800675,0.000591826101299375,0.0213830843567849,-3.22780588506873,-1.66993090744885
YOR219C,0.204360812902451,-0.690646231174469,0.014178855650911,0.0301454070992079,0.178244352340698,0.233344043791294,-0.748984221847079,-0.632003280627756
YOR220W,0.582687556743622,-0.238169893622398,0.0754717908763934,0.0559580780350803,0.447415590286255,0.747628376384576,-0.349288886897132,-0.12631422325013
YOR221C,0.518448829650879,-0.287213951349258,0.0489461854352992,0.0408096848346833,0.431126007686059,0.621037233372529,-0.365395777843952,-0.206882362320814
YOR228C,0.0776633471250534,-1.11699140071869,0.0141633801859751,0.0793686994826711,0.0533006772398949,0.108020510834952,-1.27326727901511,-0.966493777297928
YOR229W,0.199524089694023,-0.701975703239441,0.0191156592478257,0.0412848892692345,0.166030865410964,0.241010957459609,-0.779811168397092,-0.617963212720135
YOR230W,2.88981485366821,0.459657311439514,0.216244009808721,0.0324534535301855,2.49060266812642,3.32767795523008,0.396304430174113,0.522141288985253
YOR233W,0.162494495511055,-0.790470600128174,0.0126215425986057,0.0337308172866185,0.139450022454063,0.188202750807007,-0.855581416194039,-0.725374037892797
YOR237W,0.198024272918701,-0.705239951610565,0.0188357552511555,0.0412193176259911,0.164324208597342,0.237278105442723,-0.784298452448689,-0.624742336535313
YOR242C,0.00650927284732461,-2.22269320487976,0.00262755836412661,0.182026289598062,0.00241898053597348,0.0126706509773309,-2.61636815115777,-1.897201146856
YOR251C,0.564731180667877,-0.250642418861389,0.0604279411349617,0.0465161125044156,0.453332947442929,0.687402188777924,-0.343582716044465,-0.162789089346508
YOR255W,0.00736152194440365,-2.20131826400757,0.00414719046256317,0.252530464090891,0.00181493118676978,0.0175565619797756,-2.74114369323968,-1.75556052798044
YOR262W,0.264759659767151,-0.57969719171524,0.0286985828537027,0.0471085650183031,0.212433916454514,0.323227347433567,-0.67277614471774,-0.490491908297338
YOR264W,0.403910338878632,-0.395239233970642,0.0338887932029761,0.0363864598236864,0.342231591045856,0.473660665253798,-0.465679904812654,-0.324532684801075
YOR266W,0.1385238468647,-0.860906064510345,0.0146698626157219,0.0460008078182208,0.111854648031294,0.16912318294247,-0.951345968870081,-0.771796856429447
YOR267C,0.319032818078995,-0.497231155633926,0.0223663335803554,0.0304611714731522,0.277658730745316,0.364158271253109,-0.556488665951907,-0.43870982925518
YOR269W,0.0647208243608475,-1.1917576789856,0.00736350683154797,0.0493776512377304,0.0514551827373604,0.0801068778460225,-1.28857087675445,-1.09633019629656
YOR275C,0.167096674442291,-0.778412401676178,0.0133571302006915,0.0346067468950998,0.142524835964044,0.194805853813887,-0.846109451708544,-0.710398001273275
YOR279C,0.094729520380497,-1.02855837345123,0.0144545111241204,0.0663409508086767,0.0695139578854044,0.125544249763091,-1.15792798517361,-0.901203174390542
YOR281C,0.394245982170105,-0.407239466905594,0.0464946920702321,0.0511418523877179,0.311779354761044,0.492499372611443,-0.506152650251163,-0.307594322119142
YOR283W,0.971128880977631,-0.0185763388872147,0.161396683310636,0.0711305240218988,0.703064261376858,1.33024943669637,-0.153004977970312,0.123933071071218
YOR284W,0.219270631670952,-0.666162669658661,0.0399428409328076,0.0789295994090646,0.150497519721588,0.307816353688638,-0.822470667854831,-0.511708340051781
YOR288C,0.411557376384735,-0.387980401515961,0.0435562541384831,0.0457386140909806,0.333563007662694,0.505012273788452,-0.476822120077316,-0.296698066685654
YOR298W,0.00460048066452146,-2.36720275878906,0.00171136683360066,0.164321099561951,0.00198024070899313,0.00844575477919231,-2.70328203573419,-2.07336153270971
YOR301W,0.225730732083321,-0.648298978805542,0.0211440194070372,0.0404883593610497,0.187466553474466,0.2701541505754,-0.727076205303244,-0.56838841175723
YOR303W,0.346400529146194,-0.462148040533066,0.030994207528225,0.0387091464875532,0.291486707826455,0.410461948812008,-0.535381246203998,-0.386727114596456
YOR304W,0.176900267601013,-0.753291845321655,0.0121486393769546,0.0297964252588385,0.155024825533231,0.201212623218695,-0.809598751409859,-0.696344777112902
YOR305W,0.109307006001472,-0.972829222679138,0.0253347575419895,0.100093771696312,0.0673635525008043,0.166034710034728,-1.17157504167591,-0.779801114753738
YOR307C,0.235494017601013,-0.629672348499298,0.0205861465992704,0.0378804593853092,0.198388667901357,0.277841567248106,-0.702483150018229,-0.556202779956203
YOR313C,0.0131902052089572,-1.90169429779053,0.00420982198134979,0.139739160479023,0.00640345515372852,0.0231591830806186,-2.19358578942244,-1.63527676403371
YOR316C,0.786954283714294,-0.105342067778111,0.0607697361543392,0.0335021890649631,0.674348693589369,0.91120268603166,-0.171115479514869,-0.0403850131534636
YOR322C,0.16798447072506,-0.775905907154083,0.0123477784883578,0.0319642022338996,0.144414898256461,0.193175252278646,-0.840388002544327,-0.714048513575431
YOR329C,0.161215126514435,-0.79379004240036,0.0119879749114615,0.0322632941519452,0.139370026066899,0.185505020370086,-0.855830620334682,-0.731644341048404
YOR338W,0.0120728062465787,-1.93920683860779,0.0037637059865264,0.136530555899705,0.00595438168772186,0.0207232564532509,-2.22516333057813,-1.68354204952753
YOR344C,0.729515850543976,-0.139475673437119,0.0786589170171626,0.0466879699653376,0.585950799783071,0.892739521960418,-0.232138886835055,-0.0492752407764604
YOR346W,0.126127704977989,-0.900346219539642,0.00920772626571613,0.031741151313126,0.108752809154491,0.144989189505577,-0.963559526215893,-0.838664383352073
YOR348C,0.00333383399993181,-2.50707840919495,0.00123244285173928,0.164722047870112,0.00139893062296323,0.00619462417671457,-2.8542038395954,-2.20798512257658
YOR349W,0.0612258799374104,-1.21474540233612,0.00540231643535904,0.0382084511313755,0.0512514749231438,0.072796432611843,-1.29029363540027,-1.13788992715853
YOR350C,0.0668129995465279,-1.17732036113739,0.00670691910929346,0.0435027902229138,0.0547936628262202,0.0807742198308309,-1.26126966950473,-1.09272725104021
YOR351C,0.00210263789631426,-2.73620295524597,0.00107703286084503,0.235795018771773,0.000547004825299761,0.00468397675237308,-3.26201332550342,-2.32938550502267
YOR353C,0.14189387857914,-0.849403738975525,0.0112575794638605,0.034497549036137,0.120608470961452,0.164882796381911,-0.918622194790654,-0.782824666992856
YOR354C,0.385790824890137,-0.414709776639938,0.026993977384527,0.0303834964198752,0.336536032458146,0.439891994247834,-0.472968431236963,-0.356653941833646
YOR355W,0.556464314460754,-0.255797684192657,0.0419358274471684,0.0328101985413787,0.479823257277409,0.638283192614714,-0.318918705786799,-0.194986591339026
YOR358W,0.0836299732327461,-1.09339392185211,0.0225812924223296,0.117952476572702,0.0466965213418007,0.13443704371651,-1.33071547100415,-0.871481091557661
YOR362C,2.2384946346283,0.347641825675964,0.231385694140718,0.044869685436281,1.82541450162729,2.71066768368085,0.261361496336525,0.43307625422574
YOR363C,0.0620111338794231,-1.20917534828186,0.00540755269784862,0.0377827321834404,0.0520741503685713,0.0731949552272757,-1.28337781362441,-1.13551885655314
YOR365C,0.00343122682534158,-2.48905682563782,0.0011470347326935,0.148432900959847,0.0015710788895376,0.00604706227701778,-2.80380270685642,-2.21845559579452
YOR368W,0.134009569883347,-0.875672578811646,0.0152623058081207,0.0494220494423428,0.106111797193686,0.164969987298052,-0.974236332312643,-0.782595062884353
YOR371C,0.149982810020447,-0.825169742107391,0.0112106508602988,0.0324644552400825,0.128929727897048,0.172859354565541,-0.889646950930269,-0.762307113302567
YOR373W,0.135738357901573,-0.868624985218048,0.0106284486356638,0.0340160711232475,0.116122190468013,0.157433506473899,-0.93508479039349,-0.802902834631444
YOR374W,0.739574551582336,-0.132180243730545,0.0540404658191194,0.0317860921793674,0.637368554870288,0.847493202984333,-0.195609366630284,-0.0718637767556747
YOR377W,0.206581100821495,-0.686520755290985,0.0178128039379603,0.0374303694075508,0.174422724420826,0.243773680056135,-0.758396935077404,-0.613013189755861
YOR378W,0.0127670131623745,-1.90478789806366,0.0028553047256597,0.0978660332949779,0.00786534748816242,0.0191719220640759,-2.10428231605465,-1.71733434549233
YOR385W,0.137315422296524,-0.867323458194733,0.0209688110576745,0.0663073132297206,0.101252246461809,0.182120069861412,-0.994595332681698,-0.739642191768087
YOR386W,0.111175999045372,-0.955765128135681,0.0100665542290193,0.0393038994561888,0.0927434537559748,0.132171295831601,-1.03271674764193,-0.878862904842015
YPL272C,0.196079254150391,-0.70920193195343,0.0169993764917687,0.0377190923174524,0.164754840110739,0.23086270565788,-0.783161819201616,-0.636646222918407
YPL270W,0.202924028038979,-0.693804502487183,0.0146895754852418,0.0314778796067411,0.175239095961054,0.233164506902297,-0.756368999669774,-0.632337562288387
YPL265W,2.23772764205933,0.348839461803436,0.149405691124262,0.0289919220765232,1.96172821124395,2.53046584129333,0.292638837219977,0.403200479152042
YPL264C,0.049591064453125,-1.31088483333588,0.00845730729415183,0.0740854767024059,0.0346751330109934,0.0682736991594235,-1.45998187203771,-1.16574658755031
YPL262W,1.46641147136688,0.165146112442017,0.104930186982734,0.0310537360978289,1.27173536717892,1.68276519477367,0.10439674666923,0.226023520764666
YPL259C,0.451322942972183,-0.346862941980362,0.0355791494943854,0.0342649316458822,0.383747816085815,0.523563387989998,-0.41595408308369,-0.281030738267959
YPL256C,0.601855576038361,-0.221640259027481,0.0434891375870523,0.0313718346761322,0.520457337299983,0.68882070928812,-0.283614870646545,-0.161893807970044
YPL248C,0.00053807906806469,-3.36812806129456,0.000360176442837619,0.311524752910073,8.77856948136468e-05,0.00145246759736134,-4.05657714180148,-2.83789373920068
YPL245W,0.187251105904579,-0.729409039020538,0.0172390588482991,0.0399206754752455,0.156456110874812,0.222936567167441,-0.80560746975156,-0.651818690950784
YPL243W,0.82138866186142,-0.0864439904689789,0.0555966223870738,0.0293613469497371,0.720019840200742,0.935062527656555,-0.142655536453385,-0.0291593468726733
YPL236C,0.0817060917615891,-1.09215009212494,0.011674124218452,0.0619258586584921,0.0608823985171815,0.107186400828262,-1.21550827426875,-0.969860338851929
YPL230W,0.015967819839716,-1.81005680561066,0.00395148804765121,0.108345925439109,0.00946445539593697,0.0248542528599501,-2.02390453178797,-1.60459933858025
YPL227C,0.631701827049255,-0.201416790485382,0.0596701008997939,0.0409295706358652,0.522462540368239,0.755657336115837,-0.281944842762947,-0.121675097379888
YPL226W,1.97856879234314,0.295595288276672,0.116622308901396,0.0256368874625398,1.76452172299226,2.20819727778435,0.246627009215129,0.344037858731968
YPL224C,0.202327564358711,-0.695591151714325,0.0176327835753765,0.0378339482443585,0.169756030042966,0.23811372059087,-0.770174790162035,-0.623215601787585
YPL219W,0.105340257287025,-0.979643285274506,0.0106854981709543,0.0441271107692399,0.0851521193981171,0.127596270292997,-1.0698045381717,-0.894162020189875
YPL215W,0.472398549318314,-0.327746659517288,0.0460647880965785,0.0422429633579045,0.389250048746665,0.565979110697905,-0.409771326545206,-0.247199597901812
YPL214C,0.120017446577549,-0.922780692577362,0.0116076229562822,0.0419729363315409,0.0988371074199677,0.144892044862111,-1.00507997320449,-0.838955469727146
YPL212C,0.552969992160797,-0.258503198623657,0.0412943838695465,0.0323453631638013,0.478121754775445,0.638520204524199,-0.320461499666701,-0.194825417150008
YPL209C,0.0686883553862572,-1.16788899898529,0.0101741315846216,0.0646128121260936,0.0504062469117343,0.0901363944634796,-1.29751565085377,-1.04509994884391
YPL206C,0.774412751197815,-0.113168515264988,0.0770507326597343,0.0431298330568648,0.637009832262993,0.936958616475264,-0.195853864394004,-0.0282795908209986
YPL203W,0.367256641387939,-0.436896443367004,0.034092044862202,0.0402997950860943,0.304905734211206,0.438159204274416,-0.515834438811296,-0.35836806567809
YPL201C,0.00572007661685348,-2.27110600471497,0.00205499477938563,0.160386698935388,0.00245554102390694,0.0103488909080625,-2.60985281869508,-1.98510619110735
YPL199C,1.04802942276001,0.0156882759183645,0.155192336009028,0.0637245871284608,0.77563748806715,1.38507242798805,-0.110341214375967,0.141472323795064
YPL196W,0.247698977589607,-0.610457003116608,0.0354442636978122,0.0616231500098142,0.186469504858057,0.324632150183121,-0.729392235056163,-0.488608474644172
YPL195W,0.51132333278656,-0.292189627885818,0.0327037767650844,0.0277169445665075,0.45227165594697,0.577858226497968,-0.344600640376436,-0.238178699789096
YPL194W,0.0698103606700897,-1.15839469432831,0.00722035006274105,0.0448508089230157,0.0563792786560953,0.0853303447365761,-1.24888048512844,-1.06889649980402
YPL193W,0.0971537381410599,-1.01604676246643,0.01236675609759,0.0552513272103935,0.0747268831978242,0.123386573046446,-1.12652313420831,-0.908732099418611
YPL189W,0.009386763907969,-2.038898229599,0.0021468757309181,0.100321607577352,0.00566146636459356,0.0140556490980089,-2.24707107737563,-1.85214909535746
YPL186C,0.0174294468015432,-1.78269195556641,0.00581692552866474,0.145946896279137,0.00823139187414199,0.0307995920535177,-2.08452708479606,-1.51145503602826
YPL183C,0.295961827039719,-0.529746830463409,0.0198991956130187,0.0292289741752895,0.258938360462586,0.334732690205177,-0.58680360640472,-0.475301872104665
YPL180W,0.140506491065025,-0.853639543056488,0.0110505366904688,0.0340879503482485,0.120140542772909,0.163181477164229,-0.920310428666836,-0.78732914835213
YPL179W,0.234504908323288,-0.631331205368042,0.0194521060426829,0.0358855203944586,0.199343831340472,0.275846555332343,-0.700397199137599,-0.559332439390687
YPL175W,0.104447782039642,-0.983763873577118,0.0115691762333416,0.048172250818908,0.0831570829575261,0.129083998004595,-1.08010077348408,-0.889127643191331
YPL173W,0.329187244176865,-0.485671877861023,0.039513510049652,0.0520532247817883,0.25785235563914,0.412737346440554,-0.588628896719251,-0.384326241397913
YPL172C,0.199588879942894,-0.701846659183502,0.0191235419535981,0.0415111619553575,0.165309051672618,0.239401030788819,-0.781703378871344,-0.620874013527922
YPL165C,0.00263670249842107,-2.66677522659302,0.00164714228888038,0.292089337674043,0.000496369872901899,0.00684448563649009,-3.30419502771306,-2.16465951853897
YPL163C,2.41622138023376,0.380163192749023,0.284275694160563,0.0507882782767436,1.91801014443239,3.04508900245031,0.282850868210101,0.483599980153398
YPL160W,3.72350668907166,0.570203483104706,0.218431581627124,0.0255182787156311,3.31760814587275,4.15423965454102,0.520825088419854,0.618491546999876
YPL159C,0.206467255949974,-0.691491067409515,0.0355013001064951,0.0742693182937634,0.145379318296909,0.283978142837684,-0.837500044782302,-0.546715272445745
YPL158C,0.252807676792145,-0.598303556442261,0.0179347455418348,0.0308541402496367,0.219084508344531,0.288827687501907,-0.659388330790361,-0.539361176916346
YPL157W,0.190243318676949,-0.724042057991028,0.0237305127053187,0.0539549292480348,0.148183780163527,0.241925487046441,-0.829199330574013,-0.616318393921477
YPL156C,0.413213044404984,-0.38693568110466,0.0497499567261105,0.0519072000726923,0.325746940821409,0.517876941959063,-0.487119655259308,-0.28577342852243
YPL153C,0.0911351889371872,-1.04172253608704,0.00734754216458839,0.035028478776659,0.0775376585001747,0.105836437207957,-1.11048731945588,-0.975364789877322
YPL149W,0.103664234280586,-0.990136206150055,0.0169921929123749,0.0707896651387704,0.0735115574051936,0.139719164495667,-1.13364438953809,-0.854744086698706
YPL146C,0.556633710861206,-0.255802810192108,0.0442851831633422,0.0345537106068419,0.476260680705309,0.646586945652962,-0.322155282790882,-0.189373072614552
YPL145C,1.97853636741638,0.295133739709854,0.147872237519897,0.0324328280527028,1.69940832455953,2.29130180676778,0.230297740437184,0.360082295273721
YPL139C,0.248322755098343,-0.606655359268188,0.0218192347120546,0.0381160412316193,0.20767341653506,0.293352554738522,-0.682619092468268,-0.532610128986832
YPL138C,0.106132738292217,-0.977939665317535,0.0140813306556156,0.0573617355883974,0.0813074931502342,0.136451184749603,-1.08986942877442,-0.865022689177072
YPL134C,0.0880349203944206,-1.06114232540131,0.0144210496764274,0.0711149545633511,0.0626038965458671,0.119200424787899,-1.20339872496338,-0.923722196969161
YPL131W,27.6482219696045,1.43983745574951,2.54961065798167,0.0398274446764549,23.0904357751211,33.0964968363444,1.36343212814535,1.51978202050932
YPL126W,0.770038723945618,-0.114345155656338,0.0484364680595607,0.0272895006620515,0.68242484331131,0.868754605948925,-0.165945171294487,-0.0611028896320986
YPL124W,0.115396864712238,-0.947124719619751,0.02412211984506,0.0900354155010804,0.0751566651587685,0.169963609427214,-1.12403253393745,-0.769644055551703
YPL123C,0.205154150724411,-0.689889967441559,0.0195945355201418,0.0413677520753951,0.16971471781532,0.248602280020714,-0.770280493648676,-0.604494952860397
YPL116W,0.21889416873455,-0.661009550094604,0.0165715972709982,0.0328760622783469,0.188692837084333,0.252550450215737,-0.724244587894606,-0.597651870853192
YPL113C,0.0693539828062057,-1.1631121635437,0.00964217047776676,0.0603713753038676,0.0521408054046333,0.0900310502077142,-1.28282228645918,-1.04560768513916
YPL111W,1.14000535011292,0.0551694817841053,0.102150489611463,0.038853269749696,0.953029416501522,1.35231111049652,-0.0208936952286991,0.131076604005453
YPL110C,0.15749180316925,-0.803713262081146,0.0105255454337478,0.0290388567020235,0.137751016765833,0.179338231682777,-0.860905221890905,-0.74632711680189
YPL109C,0.0597274824976921,-1.22612512111664,0.00616174931653123,0.0446988899922601,0.0487961398127178,0.0723214309662581,-1.31161455712202,-1.14073299084238
YPL107W,0.0934532284736633,-1.04121840000153,0.022027920392519,0.101435604967677,0.058055454492569,0.143304331973195,-1.23615697832629,-0.84374068441378
YPL106C,11.497241973877,1.05970442295074,0.737683129607689,0.0278235033422085,10.1656748135885,12.9713622808456,1.00713621306231,1.11298558330471
YPL104W,0.149918451905251,-0.825591504573822,0.0122578190238007,0.0354687212138332,0.127469454705715,0.175374966735641,-0.894593895387714,-0.756032403716158
YPL097W,0.171274945139885,-0.768152952194214,0.0158523681843265,0.0400506895326185,0.142495945096016,0.205138861636321,-0.846197493883406,-0.687952062237442
YPL096W,0.263365060091019,-0.581827282905579,0.0276656373994896,0.0455350695993162,0.212955967709422,0.322060882548491,-0.671710195922341,-0.492062028968856
YPL093W,1.20533347129822,0.0801323279738426,0.0807779713229098,0.0291084408631942,1.05698288778464,1.36615942915281,0.0240679557799617,0.135501379309234
YPL089C,0.0938790068030357,-1.02927911281586,0.00865891199156866,0.0401050021744575,0.0778880840167403,0.111564895510674,-1.10852898234209,-0.952472436993561
YPL087W,0.525441408157349,-0.281695693731308,0.0533609561979111,0.0438696209410068,0.429738283157349,0.639873921871185,-0.3667959555472,-0.193905589187413
YPL085W,0.39026415348053,-0.409421473741531,0.023372395811196,0.0260403406779148,0.346741572519143,0.436052173376083,-0.459994085830378,-0.360461544553119
YPL076W,0.149223163723946,-0.831504106521606,0.0235533644354445,0.0680823879279658,0.108480966277421,0.201911211013794,-0.964646523660652,-0.694839566414193
YPL065W,0.445693552494049,-0.357084542512894,0.0756694626690479,0.0727882016399117,0.319495576371749,0.612905007104079,-0.495535202636994,-0.212606834091394
YPL063W,1.51737928390503,0.179923430085182,0.111649834778215,0.031889306719165,1.3116448233525,1.7461665948232,0.117816244479418,0.242085674033426
YPL061W,16.342472076416,1.21227848529816,1.13163849076902,0.0300912789201606,14.1976934035619,18.6587297121684,1.15221779078539,1.27088206917143
YPL060W,0.0782025828957558,-1.11053383350372,0.0102945894434809,0.0572104096807,0.0598081788358589,0.100545555353165,-1.22323942997183,-0.997637122762499
YPL054W,0.016314560547471,-1.81346523761749,0.00560799259999979,0.153017632152536,0.00738302644264574,0.0289247055072338,-2.13176557683585,-1.53873123932091
YPL053C,0.79343718290329,-0.10175346583128,0.060602043766876,0.0331756850063465,0.683199043075244,0.915530643860499,-0.165452751602186,-0.0383271167948462
YPL050C,1.04929101467133,0.0194148272275925,0.086808083782201,0.0358735347796039,0.88916613360246,1.22721868356069,-0.0510171135111941,0.0889219484638961
YPL045W,0.165606871247292,-0.782158255577087,0.0125061218071688,0.0328019249995943,0.142634034156799,0.191006518652042,-0.84577683435153,-0.718951810959577
YPL042C,0.0702675953507423,-1.15594398975372,0.00783639193812831,0.0485193071258064,0.0560981259681284,0.0862822119146586,-1.25105164699307,-1.06407873051835
YPL033C,0.00710117956623435,-2.21328544616699,0.00381717041431382,0.246833891705419,0.00173420192149933,0.0167213054994742,-2.76090042964592,-1.77672983703576
YPL032C,0.688284397125244,-0.163115188479424,0.0438816576455649,0.0277309107463791,0.60684802532196,0.774216363330682,-0.216920059208467,-0.111137655384016
YPL031C,0.463320642709732,-0.336541563272476,0.0491977837161331,0.0458150852494931,0.37769736746947,0.56998727619648,-0.42285604224023,-0.244134844298478
YPL030W,0.258367836475372,-0.589095592498779,0.0202420849315337,0.0340586101564975,0.221710051968694,0.300042589257161,-0.654214627198057,-0.522817096392336
YPL029W,0.0900584012269974,-1.04711878299713,0.00783519642492171,0.0378237635190052,0.0755600286026796,0.1058483639732,-1.12170788967096,-0.975315908260995
YPL028W,4.02379322052002,0.603427112102509,0.300283329506592,0.0323972031497545,3.46271580457687,4.64220507144928,0.539416848912193,0.666724304343081
YPL027W,0.00506420573219657,-2.42372226715088,0.00382520527765474,0.358045711061807,0.000643939449704097,0.0152010897562529,-3.1911549877771,-1.81812558109108
YPL026C,0.243946313858032,-0.614192962646484,0.020176004159754,0.0359654270768883,0.20689104013145,0.284642393390338,-0.684258317340008,-0.545700424380983
YPL024W,0.0741992741823196,-1.14618623256683,0.0205307687271334,0.121140040502143,0.0403150275349617,0.120826705607275,-1.39453306524137,-0.917837065583546
YPL023C,0.348102629184723,-0.459424942731857,0.0251477019005992,0.0313969024019311,0.301130563020706,0.398479847113291,-0.521245163857431,-0.399593639936808
YPL022W,0.0922831147909164,-1.03618049621582,0.00716030438813802,0.0335939663780252,0.0796920662124952,0.106613763918479,-1.09858492072715,-0.972186725479105
YPL019C,2.05577635765076,0.31215164065361,0.126653412850428,0.0267577952712066,1.82155574262142,2.30145202676455,0.260442465133058,0.362001922600576
YPL015C,0.165813118219376,-0.783243417739868,0.0190780008695307,0.0498883955735449,0.131126687551538,0.206809903557102,-0.882309041850603,-0.684428683172101
YPL012W,0.71406352519989,-0.147060066461563,0.0431934827660064,0.0263378611590285,0.630664110183716,0.799336259067059,-0.200201883122211,-0.0972704865350971
YPL011C,0.175365477800369,-0.758741497993469,0.0195677974114128,0.0483019010388567,0.139813538019856,0.21631765725712,-0.854450774604094,-0.664908030796609
YPL009C,0.453918069601059,-0.343861967325211,0.0282372776274112,0.0270241145441767,0.402292883892854,0.509768207371235,-0.395457650916428,-0.292627259932875
YPL007C,0.177164196968079,-0.75309294462204,0.0146047317647207,0.035763520703734,0.15019161850214,0.206784971555074,-0.823354310572706,-0.684481071019683
YPL003W,0.105339601635933,-0.97995525598526,0.0114492385734994,0.0470635006554103,0.0847110285113255,0.129585131754478,-1.07206005492958,-0.887444825578462
YPL001W,0.321621805429459,-0.494680851697922,0.0312044381505033,0.0419392321158021,0.264867757260799,0.386570103714864,-0.576970907101687,-0.412771789000615
YPR002W,0.0850000753998756,-1.07310831546783,0.00920573197666975,0.0468495891160858,0.0685631652673086,0.105109312819938,-1.16390914669362,-0.978358823370556
YPR005C,0.00780508946627378,-2.16635489463806,0.0040659394198947,0.234045003000183,0.00213939810249334,0.0176610816890995,-2.66970840291297,-1.75298290013452
YPR007C,0.00140645715873688,-2.91090869903564,0.000725707618301807,0.235638684715214,0.000380729288008297,0.00319347982682909,-3.4193838723286,-2.4957358262763
YPR008W,0.169770523905754,-0.771487772464752,0.0133885429387941,0.0342478430241288,0.145431846380234,0.196581258873145,-0.837340482109835,-0.70645788813354
YPR010C,1.23477840423584,0.0908137187361717,0.0737577065940931,0.0259838786793182,1.09531543155511,1.37726505200068,0.0395392063492997,0.139017527434982
YPR015C,0.0809319615364075,-1.10524094104767,0.0201442239961499,0.108359931430062,0.0471611911430955,0.125787484149138,-1.32641538932972,-0.900362583408541
YPR016C,2.40667653083801,0.377887189388275,0.308684601266755,0.0553454348066991,1.86182783345381,3.08693092664083,0.269939517663192,0.489526891268378
YPR018W,0.130966693162918,-0.884457886219025,0.0113156460088417,0.0375272770238096,0.110079901789625,0.153846826404333,-0.958291975618598,-0.812911458083326
YPR021C,0.0963149443268776,-1.01778531074524,0.00795442362376868,0.0358487380630323,0.08194450289011,0.112416902929544,-1.08648017503511,-0.949168383641376
YPR024W,0.742238819599152,-0.130426526069641,0.0496421222474478,0.0290220834225579,0.652604991694291,0.844995354115963,-0.185349615957262,-0.0731456842858842
YPR026W,0.0505925714969635,-1.29754531383514,0.00439443087297614,0.0376784073644622,0.0425425167816381,0.059781558221827,-1.37117682122359,-1.22343277786768
YPR027C,0.0118936067447066,-1.97437715530396,0.00560906773906305,0.214707791051125,0.00372489652169558,0.0251722075045109,-2.42888591977097,-1.59907869684778
YPR029C,0.506765842437744,-0.29618301987648,0.0342700343204343,0.0293448571830599,0.443929651131233,0.577434677879016,-0.352685847823095,-0.238497142057698
YPR035W,4.64932441711426,0.666018724441528,0.369757545490922,0.0345200738659168,3.9687705039978,5.39737538496653,0.598655986352612,0.732182624044185
YPR036W,2.64770722389221,0.421734571456909,0.191560585703161,0.0314208886562234,2.29036749005318,3.03458685278893,0.35990517016061,0.482099545358533
YPR041W,2.79208016395569,0.444625586271286,0.216612926835146,0.0336294485612952,2.39152258435885,3.22693482438723,0.378674485580308,0.508790192682214
YPR047W,0.161828488111496,-0.792926847934723,0.0154626220940241,0.041532115605869,0.132700506473581,0.193940666938822,-0.877127560119705,-0.712331119096983
YPR054W,0.00414555333554745,-2.43361115455627,0.00195811993160951,0.220329965075021,0.00119589804671705,0.00876347521164765,-2.92230584345425,-2.05732366878672
YPR056W,0.359997153282166,-0.4460788667202,0.0377564159211394,0.0454579891009836,0.291532703489065,0.440213469664256,-0.535312731321462,-0.356336673270335
YPR057W,0.111416518688202,-0.957192182540894,0.0154789909694439,0.0599717388302798,0.0847221049169699,0.144696012387673,-1.07200329233305,-0.839543474130645
YPR060C,0.774512112140656,-0.114517442882061,0.0995182948611589,0.0554530595025014,0.601691508293152,0.991460849841436,-0.220626130687083,-0.00372455652175503
YPR061C,0.030604712665081,-1.52763640880585,0.00760334694426553,0.108866848009208,0.0177806462937345,0.0471327553813656,-1.75005245828796,-1.32667721545371
YPR066W,0.0537740588188171,-1.27829039096832,0.0108946959174754,0.0880083408416046,0.035327360033989,0.0775829672192534,-1.451888815594,-1.11023361879589
YPR070W,0.193619623780251,-0.714592576026917,0.0163299014112499,0.0365930370301872,0.163909645006061,0.227316030611595,-0.785395490778466,-0.643369936203486
YPR074C,5.7288875579834,0.757197856903076,0.363478924693898,0.0275462879178122,5.06741480032603,6.45730352401733,0.704786455185417,0.810051200794526
YPR078C,0.00346531975083053,-2.52015256881714,0.00179850555377381,0.237018388953733,0.000893770974653307,0.00779838306674113,-3.04877600495958,-2.10799550233706
YPR085C,0.0591785944998264,-1.23163568973541,0.00785037356272199,0.0575055783062836,0.0454184689869483,0.0761263229573766,-1.342767509523,-1.1184651469456
YPR088C,1.25900042057037,0.0990031585097313,0.086488358962383,0.0298230670598541,1.10102915763855,1.42844552298387,0.0417988201832451,0.154863682157167
YPR097W,0.361585825681686,-0.442659139633179,0.0228918428674783,0.0275046254580577,0.319451421499252,0.407268297672272,-0.495595174998087,-0.390119395719461
YPR103W,2.78921270370483,0.443266272544861,0.282923725027953,0.043819452562887,2.27905433773994,3.38823574582736,0.357754679393838,0.529973607575362
YPR104C,0.120672293007374,-0.919627070426941,0.00909036715574436,0.0327676499903661,0.103970977353553,0.139391177644332,-0.983087873540811,-0.855764714842601
YPR110C,1.74419450759888,0.240035593509674,0.148028437490483,0.0367820033870942,1.46988606452942,2.04785776138306,0.167283653581718,0.311299788440654
YPR111W,0.134698405861855,-0.872344255447388,0.011962000171452,0.0384665991862075,0.112999530881643,0.159715340907375,-0.946923384973469,-0.796653384553092
YPR112C,0.343121200799942,-0.465507507324219,0.0227349850873428,0.0288356405521033,0.300369163105885,0.387218546867371,-0.522344656486336,-0.412043849171834
YPR116W,0.0558004342019558,-1.26427173614502,0.0125624913946135,0.0977159127133671,0.0348246593028307,0.0841105579088132,-1.45811312924663,-1.07514948735496
YPR119W,0.423228949308395,-0.374726533889771,0.0328151141272047,0.0336456471830224,0.361837476988633,0.491173009822766,-0.441486455944237,-0.308765516597451
YPR121W,0.00271608610637486,-2.60471057891846,0.00113126196472943,0.188339707492113,0.000984065719724943,0.00529457410254205,-3.0069765917725,-2.27616898168114
YPR124W,2.84610342979431,0.453031361103058,0.21332008022316,0.0325678594427901,2.46050544579824,3.27684627374013,0.39102432332453,0.515456059197176
YPR125W,0.427767395973206,-0.370242714881897,0.0349269415286478,0.0355592632059916,0.360912894209226,0.499498206128677,-0.442597604061703,-0.301466068927903
YPR128C,0.610515296459198,-0.216410845518112,0.0602848107423152,0.0427759747318779,0.50112608919541,0.742538340886434,-0.300052986804144,-0.129281116694119
YPR129W,0.996871888637543,-0.00293763214722276,0.0850101553104415,0.0370470263579811,0.840106323361397,1.17320320010185,-0.0756657481585871,0.0693731629770609
YPR135W,0.203871354460716,-0.691747426986694,0.0145474059155159,0.0309560838036906,0.177420126770933,0.233071926236153,-0.750997114925935,-0.632510034966317
YPR138C,0.193791925907135,-0.714361429214478,0.0171235322990612,0.0384378603471558,0.162115216255188,0.228389084339142,-0.790176220034138,-0.641324656663326
YPR140W,0.222925513982773,-0.654090523719788,0.0227713463830861,0.0442198180096651,0.181644399712483,0.271742689112822,-0.740777987391748,-0.565842135726276
YPR143W,0.73106449842453,-0.140120446681976,0.100698926111583,0.0594756926621147,0.556360580027103,0.941304117441177,-0.254643676519373,-0.0262700418258609
YPR144C,0.426736801862717,-0.371090978384018,0.032403187364262,0.0329833135173165,0.365699255963167,0.492848904182514,-0.436875924528038,-0.307286211766934
YPR148C,0.769362032413483,-0.11525809019804,0.0615987222478755,0.0347411280354243,0.655725375314554,0.899045203129451,-0.183278010425517,-0.0462185025838891
YPR152C,0.0710521712899208,-1.15157282352448,0.00858777828291644,0.0523598315316665,0.0554690276893477,0.0893032454575102,-1.2559494479509,-1.04913277303139
YPR155C,0.172779828310013,-0.76397705078125,0.01423086913555,0.0357518474886766,0.146028146147728,0.201894198978941,-0.835563428198157,-0.694876160310902
YPR157W,0.0170855522155762,-1.77750658988953,0.00368476641366389,0.0944453913549251,0.0107811766210943,0.025219814836358,-1.96733384941,-1.59825814420634
YPR169W,0.349857002496719,-0.457578063011169,0.0288343183379512,0.0357184639483943,0.29748107244571,0.411019539088011,-0.52654067921579,-0.386137532805393
YPR178W,0.114330515265465,-0.944260239601135,0.0121050893406221,0.0459180597201363,0.0927395718793074,0.13922916961213,-1.03273492129644,-0.85626976791201
YPR179C,0.16271123290062,-0.790016174316406,0.0132293893666551,0.0353015407450161,0.138311173021793,0.189705690617363,-0.859142739980503,-0.721919642905315
YPR183W,2.99192786216736,0.473287552595139,0.333842967029522,0.0480053605050199,2.40830304821332,3.69844363331795,0.381711135347937,0.568018997402658
YPR184W,0.0503162555396557,-1.29973018169403,0.00409926829469953,0.0353665963367455,0.0428719601904353,0.0586696931471428,-1.36782666006853,-1.23158621805441
YPR191W,0.691417217254639,-0.161969378590584,0.0615690210048675,0.038507755882487,0.576056906580925,0.824570020039876,-0.239534635811732,-0.0837724594745595
YPR192W,0.00751290284097195,-2.1817364692688,0.0038070580763299,0.233093325646635,0.00201037920002515,0.016990944215407,-2.69672266769598,-1.76978252463668
YPR194C,0.00256543257273734,-2.61541414260864,0.000867387106575212,0.147935388252245,0.00117657405498903,0.00459771472960711,-2.92938416034447,-2.33745807034744
YPR199C,0.0849235057830811,-1.07770884037018,0.0149807702858529,0.0767495490617738,0.0584409303963184,0.117771272547543,-1.2332828851198,-0.928960645811318
