GeneID,Mean,Mean.log10,Std.Dev,log10.Std.Dev,0.025,0.975,log10.0.025,log10.0.975
YAL067C,0.0155438855290413,-1.83606851100922,0.00550306325608001,0.158441193733196,0.00671823347996299,0.0281772686168551,-2.17274583127795,-1.55010111892673
YAL061W,0.0721413120627403,-1.15955746173859,0.020563445386425,0.125334835119214,0.0384450607622663,0.118310419345895,-1.41515944966861,-0.9269770657581
YAL058W,0.182808086276054,-0.743189573287964,0.0282289876155421,0.0673343373511387,0.131397621954481,0.2422114495188,-0.88141254795627,-0.615805366966562
YAL051W,0.147195994853973,-0.834225594997406,0.0145873180490716,0.0429585536866691,0.120829635734359,0.178597456713517,-0.917826533976836,-0.748124743775818
YAL049C,0.609407126903534,-0.225835710763931,0.1359909851263,0.097003092412039,0.382421336323023,0.907527387142181,-0.417457885255783,-0.0421403129350338
YAL048C,0.111860498785973,-0.957242012023926,0.0184301862629476,0.072021888473153,0.0787240672856569,0.150086238980293,-1.10389247931056,-0.823659125271007
YAL043C,0.299177020788193,-0.525740206241608,0.0262180088566334,0.0380950070243982,0.251048713922501,0.352718832095464,-0.600241999096613,-0.452571360335114
YAL042W,2.67302560806274,0.426117956638336,0.171058547086832,0.0277162914355035,2.35596782167753,3.032104520003,0.372169348159942,0.481744162436461
YAL038W,158.734771728516,2.20029306411743,6.67540924303609,0.0181717860044611,146.897859191895,173.201461791992,2.16701546628639,2.23855155307115
YAL037W,0.0334926210343838,-1.5901095867157,0.0242755333335899,0.337883965751869,0.00441649084289869,0.0949502833808461,-2.35492352434834,-1.0225037894493
YAL036C,2.93586134910583,0.466535151004791,0.218516889751922,0.032295907434929,2.53752899765968,3.37920642495155,0.404410991489946,0.528814720067145
YAL035W,3.87877535820007,0.588346004486084,0.156206876049009,0.0173961145491353,3.60129952232043,4.21440848509471,0.556459231697213,0.624736624918608
YAL034W-A,0.143386468291283,-0.859826564788818,0.0390057165965471,0.120610765966308,0.077199014586707,0.227466384073098,-1.1123883625885,-0.643082776882902
YAL034C,0.00781469140201807,-2.21150851249695,0.00542040813445964,0.316787537085544,0.00129401265003253,0.0216518229960153,-2.88806192097633,-1.66450559121407
YAL032C,0.148537442088127,-0.836420595645905,0.0287930519401416,0.0852863612671899,0.0971589816113313,0.209228643774986,-1.01251712521573,-0.679378873936963
YAL029C,0.247792601585388,-0.6070636510849,0.0180830637072977,0.0316044645692117,0.214690263817708,0.285173272589842,-0.668187663094516,-0.544891184353772
YAL028W,0.0252289362251759,-1.6285662651062,0.00932133746546732,0.166949021186784,0.0101685561239719,0.0469000151691337,-1.99274070999853,-1.32882702417291
YAL027W,0.135857805609703,-0.894031822681427,0.0478872584502283,0.156133536804061,0.0591035475954413,0.248315706849098,-1.22838659285821,-0.604995808910405
YAL026C,0.380276650190353,-0.420750498771667,0.0238606054221253,0.0271127106382976,0.336626529693604,0.430517622828484,-0.472851660060993,-0.366009066417508
YAL025C,1.50702893733978,0.17584253847599,0.154682618844441,0.0445051507845291,1.23295349975427,1.82439017295837,0.0909466594696135,0.261117724256554
YAL024C,0.115210130810738,-0.940911829471588,0.0121275285759622,0.0457198569855725,0.0931609484056632,0.140046403929591,-1.03076613383321,-0.853728038412841
YAL023C,2.08320307731628,0.318181246519089,0.105081230422578,0.0218675303957417,1.89151123066743,2.29716811180115,0.276808924120941,0.361192778820516
YAL021C,0.557921886444092,-0.254633903503418,0.0416603687426714,0.0323590136012347,0.48056944111983,0.644551864266396,-0.31824385172464,-0.190742131156906
YAL020C,0.289995819330215,-0.545552670955658,0.055346189933397,0.0835303241990258,0.192767779529095,0.40652163674434,-0.714965617427245,-0.390916383418036
YAL019W,0.412913382053375,-0.385151267051697,0.0282200330699852,0.0296376731710582,0.36101695895195,0.470317467302084,-0.442472397493359,-0.327608891524658
YAL014C,0.138635829091072,-0.892973661422729,0.0550286263371717,0.178048934924607,0.0550172206635276,0.268081068992615,-1.25950140039792,-0.571733853388735
YAL013W,0.296632885932922,-0.532789885997772,0.045081758522119,0.0661249971644414,0.215488600482543,0.391330267488956,-0.666575699485896,-0.407456561174977
YAL012W,11.5108842849731,1.0604647397995,0.629122915915181,0.0236077865296427,10.3824635744095,12.8456504027049,1.0163004159602,1.10875609233115
YAR002W,0.605745732784271,-0.219353958964348,0.0527707411622899,0.0378075706381144,0.509465067088604,0.717836646735668,-0.292885607458217,-0.143974375656931
YAR007C,0.840771496295929,-0.076381541788578,0.0587497323777059,0.0303521517349056,0.729930508633455,0.961019590497017,-0.136718488770283,-0.0172677598563947
YAR014C,0.461250633001328,-0.337543785572052,0.038136711266347,0.0358481096849241,0.39095735475421,0.540927141904831,-0.407870614987035,-0.266861245845137
YAR015W,1.67447912693024,0.221580490469933,0.172283121548262,0.0447682833672814,1.35725964605808,2.03037550648053,0.13266288249288,0.307576353388966
YAR018C,0.133394837379456,-0.883908689022064,0.0270863674648615,0.0893961912654864,0.0853689190000296,0.192529090618094,-1.06870022988888,-0.715503697302901
YAR019C,0.0755570977926254,-1.12721133232117,0.0120077908401102,0.0692908449355547,0.05422382960096,0.100839639206727,-1.26580996728517,-0.996368721846152
YAR035W,0.020000372081995,-1.73189604282379,0.00773761997807655,0.172898534006936,0.00811704521377881,0.038205860586216,-2.09060217554651,-1.41787016202349
YBL105C,0.300021916627884,-0.524155259132385,0.0233307134255175,0.033721293793053,0.256623622526725,0.3491490483284,-0.590703403549594,-0.456989137372894
YBL101C,0.212677240371704,-0.673962533473969,0.0187682950399691,0.0382624092619054,0.178536255781849,0.251026735206445,-0.748273587146204,-0.600280026503091
YBL099W,3.82911396026611,0.58251166343689,0.199253313020878,0.0225252611710918,3.46713303923607,4.2442506869634,0.539970502908286,0.62780102351045
YBL098W,0.489206284284592,-0.313177108764648,0.0543821294162399,0.0481663103344825,0.394773553063472,0.606388221184412,-0.403651954212835,-0.217249333424565
YBL097W,0.158041298389435,-0.804663300514221,0.0198624528184188,0.0547620869240553,0.122283689429363,0.200292679543296,-0.912631471365913,-0.698334926440867
YBL086C,0.189304813742638,-0.728947222232819,0.03172706625937,0.0731336202237603,0.132976351181666,0.256678681323926,-0.876225589476776,-0.590610243509479
YBL085W,0.287057131528854,-0.543541848659515,0.0240116415584962,0.0362107862877801,0.244155353680253,0.337119187911351,-0.612333748363111,-0.47221653120015
YBL076C,6.58187961578369,0.818043529987335,0.248154962073485,0.0162960420350616,6.13130497932434,7.10480803251266,0.787552919052848,0.85155234801401
YBL075C,0.0132881347090006,-1.91681897640228,0.00566933930501954,0.19220430060355,0.00476086647637809,0.0266970140859485,-2.32231468812838,-1.57353731503798
YBL069W,0.505523383617401,-0.298921585083008,0.0560324466923789,0.048150292993842,0.405719423294067,0.623200942079226,-0.391774200637503,-0.205371900370642
YBL068W,1.15660345554352,0.0606550052762032,0.12497485176075,0.0469348520395208,0.920860481758912,1.42281603912512,-0.035806166548896,0.153148752243962
YBL067C,0.20180070400238,-0.697948396205902,0.0232488245062834,0.0499866168730348,0.159415381898483,0.250451952467362,-0.797469787729605,-0.601275579045313
YBL066C,0.066109724342823,-1.18518245220184,0.0104357090493996,0.0691383494794717,0.0471093537906806,0.0882348834226529,-1.32689285922884,-1.05435968427965
YBL064C,1.16542077064514,0.0612181462347507,0.182164278251702,0.0677207647276075,0.836895669003328,1.5655987928311,-0.0773287077326164,0.194680459416638
YBL061C,0.299977451562881,-0.525115609169006,0.0302242766271094,0.0438376246363745,0.242835615451137,0.362734234084686,-0.614687664701598,-0.440411454718541
YBL058W,2.04467344284058,0.309500724077225,0.147717574670715,0.031181179575464,1.78292204737663,2.35314717491468,0.251132355278071,0.371649089887632
YBL056W,1.183669090271,0.0718210265040398,0.0955143838505705,0.0349859027992154,1.00728254516919,1.37949057221413,0.00315128914440806,0.139718731250498
YBL050W,1.13025832176208,0.0495538786053658,0.146467474916221,0.0561462689306445,0.865932047367096,1.44463188747565,-0.0625161872106012,0.159757066321354
YBL045C,1.65124917030334,0.216777369379997,0.114299733875162,0.0299822256182351,1.4420759677887,1.89176643888156,0.15898813938166,0.276867516231644
YBL042C,0.397562950849533,-0.402566492557526,0.0378374220257338,0.0414643351460339,0.327224960674842,0.475783049066861,-0.485153575879807,-0.322591056376629
YBL038W,0.523618280887604,-0.296962141990662,0.140761540935346,0.119468452906008,0.282428452372551,0.821805427471797,-0.549091567131529,-0.0852310020598094
YBL036C,1.677565574646,0.220833107829094,0.224277566379648,0.0578184371232278,1.27386456429958,2.16876082619031,0.105123256458934,0.336211656171428
YBL035C,0.314306110143661,-0.504596412181854,0.0297647859925698,0.0412133056855104,0.258059329042832,0.375604137281577,-0.588280459251316,-0.42526963328082
YBL031W,0.138703718781471,-0.871710062026978,0.0348023526669426,0.110677835985504,0.0789372927198807,0.214400226001938,-1.10271782037742,-0.668775226747343
YBL030C,6.06303882598877,0.781639516353607,0.423053155995076,0.0301712844871472,5.2994019707044,6.93962355852127,0.724226861607218,0.841335912445392
YBL029W,0.0311692655086517,-1.55077505111694,0.0139519688178573,0.203642772121462,0.00986560586219033,0.0644674768671393,-2.00587669203754,-1.19065959765788
YBL024W,1.73296976089478,0.238187357783318,0.0915177952536929,0.0228877843186203,1.5665749202172,1.91635686556498,0.194951167307577,0.282476378678687
YBL023C,0.278031200170517,-0.557527363300323,0.0240080256764524,0.03757736661804,0.231935241197546,0.328031174093485,-0.634633257863068,-0.484084897479501
YBL019W,0.0948267728090286,-1.03184604644775,0.0190066203120476,0.0879331803613123,0.0606489809540411,0.135533022632201,-1.21717649269222,-0.867954889945247
YBL016W,0.435379594564438,-0.365332573652267,0.0606793043629886,0.0604955297843946,0.326370641837517,0.566362441082795,-0.486288917242187,-0.246905562378484
YBL013W,0.0825464129447937,-1.09786808490753,0.0213205870230297,0.113532466052667,0.0456984780107935,0.130679186061025,-1.34009830527365,-0.883793632420837
YBL010C,0.251460909843445,-0.613038301467896,0.0627455655541019,0.108854532830597,0.150139852240682,0.390040431668361,-0.823504171545534,-0.408890428962589
YBL007C,1.11631095409393,0.0473439805209637,0.0504627694581279,0.0195546858967945,1.02720557947954,1.22143781085809,0.0116573692778146,0.0868713595371981
YBR002C,0.336965262889862,-0.480344444513321,0.0644353567543057,0.0833234004965484,0.224954675510526,0.474066187938054,-0.647905024698263,-0.324161033259081
YBR003W,0.325167685747147,-0.491002798080444,0.0389333512261439,0.0520617271351091,0.253600609550873,0.408128126213948,-0.595849743945376,-0.38920347729908
YBR007C,0.137737348675728,-0.864656865596771,0.0180472944634579,0.0568080208407251,0.105463981317977,0.175520835568508,-0.976895839932707,-0.755671324090269
YBR008C,0.0117493839934468,-1.98513650894165,0.00583258916323083,0.227027366825508,0.00326276595393817,0.0256750461800644,-2.48641464141089,-1.59048963526287
YBR011C,18.8721218109131,1.27479374408722,1.30467676398149,0.0298907516800723,16.5046463648478,21.6048546473185,1.21760622338126,1.33455134820007
YBR015C,1.07333862781525,0.0298108402639627,0.0701336639406155,0.0283621918215964,0.9413258989652,1.21574940284093,-0.0262599980588214,0.0848440649207167
YBR017C,0.815528512001038,-0.0892505869269371,0.0460224631827537,0.0244722495479081,0.729314917822679,0.9109038139383,-0.137084905363342,-0.0405274803370287
YBR018C,0.0097948219627142,-2.13588309288025,0.00751559840500482,0.355350160204957,0.00115007813631867,0.0287935029249638,-2.93927267340032,-1.54070668818586
YBR021W,0.0535086989402771,-1.28312432765961,0.0122853022814594,0.101064276091044,0.0317350851682325,0.0803882608190179,-1.49846034610499,-1.09480738832497
YBR024W,0.18261593580246,-0.751996994018555,0.0454854699572745,0.109387831275878,0.106248885579407,0.280887317905823,-0.97367567226329,-0.551467868801286
YBR026C,1.10887062549591,0.0433478206396103,0.0932892913403447,0.0365026960151896,0.935478707651297,1.30515019396941,-0.0289660950727732,0.115660474947559
YBR028C,0.297490149736404,-0.529072284698486,0.0321650948395868,0.0471151305750486,0.237826287746429,0.363723291208347,-0.623740143021643,-0.43922888778768
YBR029C,0.668794751167297,-0.176577761769295,0.0621346883952289,0.0403425703988014,0.55032285352548,0.80102840612332,-0.259382451839191,-0.0963520873631616
YBR033W,0.00631604110822082,-2.24999928474426,0.00302004820735658,0.217200333401365,0.00180911697389092,0.0135422050952911,-2.74253354611254,-1.86831061314392
YBR034C,1.24689030647278,0.093768373131752,0.121518363521768,0.0423433389744921,1.02102201581001,1.50078341464202,0.00903509249944058,0.17631802126301
YBR035C,1.43510472774506,0.148617178201675,0.279097425831918,0.0852568777730998,0.936844124396642,2.04166150093079,-0.028332662689031,0.309983739482577
YBR036C,1.14639472961426,0.0577746592462063,0.0971736522910118,0.0368299046543841,0.960909317433834,1.34589036603769,-0.0173175966835837,0.129009677421763
YBR037C,0.44995254278183,-0.353525668382645,0.0788322739317408,0.0766246616292269,0.309475877632697,0.618591248989105,-0.509373196947312,-0.208596245772908
YBR039W,2.44187450408936,0.386144250631332,0.20809077905143,0.0370599455150119,2.05931753118833,2.87226852575938,0.313723314264698,0.458225037698089
YBR040W,0.0242584217339754,-1.70334982872009,0.0154041093743179,0.290774085147735,0.00474856453947723,0.0638373510912061,-2.32344068343068,-1.19492514351111
YBR041W,0.545225918292999,-0.264685988426208,0.0416586222122512,0.0331328011944263,0.469617104530334,0.633176809549332,-0.328256107830641,-0.19847500001084
YBR042C,0.317118704319,-0.50279974937439,0.0432743441046334,0.0591620049796994,0.240600675344467,0.409185945987701,-0.618703157968893,-0.388079291100655
YBR043C,0.0738386362791061,-1.13914799690247,0.0136270656221218,0.0807682773874473,0.0497697652628024,0.103056882570187,-1.3030344242141,-0.986922998927232
YBR044C,0.0608159303665161,-1.22808408737183,0.0143325456196267,0.103286124379878,0.0366119188567003,0.0916575725500782,-1.43637752524394,-1.03783165244407
YBR045C,0.0112568521872163,-2.00003600120544,0.00541878283673953,0.218424034781461,0.00339292343705893,0.0240106447599828,-2.46942716819526,-1.61959638492567
YBR046C,0.375938415527344,-0.430537462234497,0.0605308430735066,0.0703828578838313,0.267965812981129,0.503151515126228,-0.571920664810478,-0.298301216952402
YBR049C,0.642355442047119,-0.19321608543396,0.0434964957152294,0.0293341300441834,0.562963724136353,0.733295601109664,-0.249519589011857,-0.134720920242263
YBR053C,0.382481187582016,-0.42236664891243,0.0579809710345877,0.0659129953274273,0.27646791189909,0.506817936897278,-0.558355267776404,-0.295148023311758
YBR055C,0.167142823338509,-0.779793441295624,0.0192560658330168,0.050130804892289,0.131311634058754,0.208151217550039,-0.881697245383456,-0.681621064302482
YBR057C,0.293337434530258,-0.538071393966675,0.0463600383122237,0.0690305087542769,0.207516399522622,0.390949124346176,-0.682947848812736,-0.407879986618188
YBR058C,0.522728979587555,-0.283072203397751,0.0412332065582238,0.0342394153665005,0.444476027290026,0.606186926364899,-0.352151662433779,-0.217393434297676
YBR061C,0.491622895002365,-0.313952624797821,0.0790470606633374,0.0697627597372107,0.354665325333675,0.656996899843216,-0.450181316164076,-0.182436684633637
YBR065C,0.133425533771515,-0.887341141700745,0.0321322998759093,0.105312218007749,0.0788000786677003,0.204808086156845,-1.10347334895995,-0.688652900704159
YBR078W,19.9706249237061,1.29987275600433,0.981998086762361,0.0212732091986699,18.1922116756439,22.0910571575165,1.25988549856269,1.34421649908987
YBR079C,2.3562650680542,0.371809333562851,0.103412122083884,0.018970948594792,2.1702799975872,2.57460649808248,0.336515765819424,0.410710849183364
YBR080C,1.16635143756866,0.0661291480064392,0.0663166704160798,0.0246536774778494,1.04095149040222,1.30326893925667,0.0174304913342526,0.115034041543657
YBR083W,0.3182412981987,-0.500558197498322,0.0393499896516364,0.0537425295079547,0.246017557755113,0.399987764904896,-0.609033910049716,-0.397953315167045
YBR085W,0.142349004745483,-0.864293873310089,0.0405078619930918,0.125229780775627,0.0755179970835646,0.231206268072128,-1.12194965933925,-0.636000396236641
YBR086C,0.92889392375946,-0.0327833145856857,0.0546334672414309,0.0255203760257769,0.828670151034991,1.0416783263286,-0.0816183058730226,0.0177336117117111
YBR087W,0.582355976104736,-0.238391503691673,0.0751730371897601,0.0557539030834243,0.447980937858423,0.747193809847037,-0.348740471018788,-0.126566814349472
YBR088C,2.01108193397522,0.29974427819252,0.262419658809388,0.0566694354907943,1.54010877211889,2.57159129182498,0.187551277826823,0.410201940746047
YBR094W,0.393637925386429,-0.40649938583374,0.0337661125682111,0.0372598149135876,0.330405591676633,0.465530708183845,-0.480952612599835,-0.332051666082275
YBR104W,0.436177730560303,-0.365787506103516,0.0693387010856373,0.0689040217071742,0.314547341565291,0.586366868515809,-0.502314041229391,-0.231830669534552
YBR107C,0.0278493836522102,-1.72366094589233,0.0242238478717358,0.41556623301534,0.0022335709266675,0.0934596503153443,-2.6510035695468,-1.02937588451955
YBR108W,0.110394164919853,-0.960942387580872,0.0147505987585238,0.0582625925367501,0.0831539566939076,0.14236794449389,-1.08011712555173,-0.846587785528905
YBR110W,0.380936771631241,-0.422523885965347,0.0475640417186235,0.0542226452932903,0.296261939158042,0.479428967088461,-0.528324216938302,-0.319275733232375
YBR114W,0.0692161172628403,-1.16693592071533,0.0125317217837696,0.0791500996390753,0.0471180200266341,0.09541823156178,-1.32681297261504,-1.02036864569587
YBR115C,2.44508504867554,0.387933313846588,0.099960023183394,0.0176634448098779,2.27039847970009,2.65339732170105,0.356102086874463,0.423802286432549
YBR119W,0.123804800212383,-0.930699527263641,0.0405683783679492,0.144888127965605,0.0575633868575096,0.21851029942433,-1.23985366139535,-0.660528150493891
YBR123C,0.220984101295471,-0.658630311489105,0.0258666000256295,0.0511304467428402,0.171760502581795,0.274628862241904,-0.765076702735174,-0.561253839241337
YBR126C,1.70628654956818,0.231067657470703,0.114810612984114,0.0292459114183536,1.48443806171417,1.93652963638306,0.171562081341335,0.287024147755945
YBR128C,0.0251519866287708,-1.669713139534,0.0139101412362163,0.261568538773808,0.0056010724666218,0.0594263885791103,-2.25172884678191,-1.22602069184999
YBR129C,0.154345855116844,-0.825031459331512,0.0384635378606321,0.109415949240354,0.0897805616259575,0.237062113111218,-1.04681768217906,-0.625137875725683
YBR130C,0.576369047164917,-0.241686105728149,0.0604728623219065,0.0455850749600226,0.46714296117425,0.707068071266015,-0.33055019067755,-0.150538779288076
YBR133C,0.201723545789719,-0.697789251804352,0.0219118269695503,0.0470288553135201,0.161726876844962,0.249574267864227,-0.791217800327308,-0.602800201653269
YBR136W,0.0549699813127518,-1.26313149929047,0.00675494324465259,0.0532535848082503,0.0425776280462742,0.069285119138658,-1.37081853630088,-1.159360056271
YBR138C,0.100985310971737,-1.00383460521698,0.0194024225684685,0.0844931715380206,0.0660863965749741,0.142471331606308,-1.17988792781287,-0.846273482273662
YBR139W,0.642923295497894,-0.193709582090378,0.0596792307993651,0.0403072805407934,0.533217412233353,0.767482494811217,-0.273095677319171,-0.114931521411774
YBR141C,0.256256580352783,-0.600014626979828,0.0512958504469635,0.0873313994154665,0.165415410449107,0.364601312081019,-0.781424043964371,-0.43818177444347
YBR142W,0.610484063625336,-0.215416803956032,0.0433539053650264,0.0307820655879902,0.530384568373362,0.699226419627666,-0.275409122896555,-0.155382222097768
YBR143C,4.35519742965698,0.638262331485748,0.255690875880358,0.0254222679576004,3.88416424194972,4.88888249397278,0.589297585769285,0.689209597400812
YBR145W,0.35096949338913,-0.460382997989655,0.0568114758152387,0.0702203603866701,0.250140306850274,0.476346364120642,-0.601816323577219,-0.322077153661238
YBR146W,0.468834429979324,-0.336149513721466,0.0854878991998507,0.0790981097704073,0.317369416852792,0.665149303774039,-0.498435332930709,-0.177080866004313
YBR147W,0.0153873506933451,-1.96209418773651,0.012745211842156,0.388866701609578,0.00139428896654863,0.0502251809462905,-2.85564748465669,-1.29907849017035
YBR148W,0.0170681141316891,-1.7960330247879,0.0061246238726131,0.159112483154855,0.00755074886449923,0.030834136530757,-2.12201000776732,-1.51096820891039
YBR149W,1.51278233528137,0.178006857633591,0.136579953994349,0.0392521842319176,1.25965249141057,1.78935920496782,0.100250749391197,0.252697531760339
YBR150C,0.0475425459444523,-1.32868564128876,0.0077462847834014,0.070978854944875,0.0341358122726282,0.064043386777242,-1.46678982888096,-1.19352579095975
YBR152W,0.170853555202484,-0.782181322574615,0.0445365394412284,0.114416277457977,0.097759724718829,0.270817136267821,-1.00984003897788,-0.567324218476441
YBR153W,0.172208234667778,-0.798797786235809,0.0689834412298803,0.17729381833039,0.0677494884779056,0.335412123302619,-1.16909429312643,-0.474421254542391
YBR155W,0.760741055011749,-0.120956137776375,0.0765629504394905,0.0436579527867581,0.620526059468587,0.922320673366388,-0.207239979660944,-0.0351180639552623
YBR156C,0.108175978064537,-0.970642685890198,0.0160570400389859,0.0645360124691804,0.0797872902204593,0.141917885839939,-1.09806630262619,-0.847963034573428
YBR157C,0.20249941945076,-0.713716447353363,0.061652171841732,0.133612941456566,0.104119099676609,0.341915188233057,-0.982469595914042,-0.466081801431822
YBR159W,1.57602858543396,0.195980712771416,0.134845620061697,0.0370816531913008,1.33167420327663,1.86327057580153,0.12439797997224,0.270275887554587
YBR160W,0.388989686965942,-0.417122453451157,0.0702211826789686,0.0785670381385096,0.267019562919935,0.54029456526041,-0.57345692090203,-0.267369402471283
YBR161W,0.0795087739825249,-1.11775386333466,0.0229091726069173,0.127182328121372,0.0410779887189468,0.13084953961273,-1.38639086850805,-0.883227801189296
YBR162C,6.12856340408325,0.786793828010559,0.312892583776622,0.0220982604072328,5.56457539002101,6.78506088256836,0.745432030661325,0.831553748951519
YBR163W,0.0658772736787796,-1.19106662273407,0.0139629561559052,0.0929566631955066,0.0414961977861822,0.0965789892400304,-1.38199169768947,-1.01511735338699
YBR165W,0.18726047873497,-0.748622596263885,0.0581756316445426,0.137295399239075,0.0907685592149695,0.317478954792023,-1.04206486240135,-0.498285058153488
YBR166C,0.647103369235992,-0.191110625863075,0.0634562900155906,0.0426016769212641,0.5310549000899,0.778817853828271,-0.27486058222585,-0.10856410302587
YBR168W,0.0853592976927757,-1.0830705165863,0.0218880700815123,0.112612100387723,0.0480516217028101,0.134554046268264,-1.31829196094615,-0.871103271048628
YBR169C,0.14914071559906,-0.8302281498909,0.0197949687858876,0.0577574795929179,0.113426325718562,0.191414729878306,-0.945286149274761,-0.718024645412441
YBR170C,0.568059504032135,-0.247043773531914,0.0462995261827848,0.0353458329426174,0.484449718147516,0.662452758848667,-0.314751296098514,-0.178845086927129
YBR175W,0.422592580318451,-0.379738569259644,0.0683441383547448,0.0703004323352215,0.300475865602493,0.567215523123741,-0.522190405047556,-0.246251912147958
YBR176W,0.313114404678345,-0.512190937995911,0.0598802943736019,0.083052881011105,0.211069922770063,0.443782597780228,-0.675573655370348,-0.352829731928705
YBR179C,0.177045032382011,-0.754371643066406,0.0188193696673334,0.0462544412349215,0.142617073406776,0.215355463822683,-0.845828481790563,-0.666844117375063
YBR180W,0.00788860395550728,-2.18272280693054,0.00470657454527906,0.278335544102468,0.00162299457297195,0.0190136595629155,-2.78968394492923,-1.72093713618785
YBR182C,0.027777312323451,-1.59223008155823,0.0112038983501827,0.181307107051633,0.0106472877707953,0.0542391650068263,-1.97276101295396,-1.26568700496532
YBR183W,0.0877446681261063,-1.08183610439301,0.0295636586825145,0.150103170458656,0.0394426807761192,0.153377767652273,-1.40403365682133,-0.814237721871458
YBR184W,0.022211916744709,-1.68602025508881,0.00855689742282666,0.172181592933424,0.00850927039670448,0.0427211634814739,-2.07010800640223,-1.36935692810723
YBR185C,0.353848904371262,-0.460321724414825,0.0725572090478874,0.0896184002456103,0.228692531088988,0.513407510022322,-0.640748157660827,-0.28953778304958
YBR186W,0.00786512065678835,-2.17958331108093,0.00470541670681271,0.263410184061712,0.00181536442833021,0.0200329000595957,-2.74103617884267,-1.69825621419034
YBR187W,1.92203199863434,0.281272709369659,0.205474615557244,0.0465894485262408,1.55165146092574,2.34146029949188,0.190794167267234,0.369486794426732
YBR198C,0.564079165458679,-0.24966686964035,0.0384832725507355,0.0295651264553128,0.493122559785843,0.644490694006284,-0.307045131241586,-0.190783361401517
YBR199W,1.16771399974823,0.0660490915179253,0.0899598780912101,0.0334535839907006,1.00571024318536,1.35132987002532,0.00247285461871882,0.130761362291671
YBR200W,0.30677005648613,-0.51593816280365,0.0344788149365433,0.0490006141993592,0.242879624664783,0.376875488211711,-0.614609092666358,-0.423802109409779
YBR203W,0.0187118947505951,-1.74854707717896,0.00577771225734353,0.135487585265302,0.00925830673271169,0.0318111745019754,-2.03346848813353,-1.49742029802559
YBR205W,1.43392205238342,0.155121475458145,0.115654043789868,0.0348807607636867,1.22468042572339,1.68111838897069,0.0880227654664088,0.225598284162511
YBR207W,0.400289952754974,-0.400808483362198,0.0485126628409124,0.052649938130082,0.312586024403572,0.503130854169528,-0.505030443375397,-0.29831905487062
YBR208C,0.386711806058884,-0.413378030061722,0.0229533006710545,0.0257963424455223,0.342982007811467,0.433369249850512,-0.464728662790037,-0.363141907841975
YBR211C,0.222250983119011,-0.662658512592316,0.0464499619669664,0.0913416399798505,0.143796363845468,0.321592531601588,-0.842252355864544,-0.492694098809143
YBR212W,0.398355722427368,-0.401500523090363,0.0360250654668655,0.039241620005283,0.333000938097636,0.474945458769798,-0.477554543115806,-0.323356274435237
YBR213W,0.282328188419342,-0.563116669654846,0.0710140370882816,0.110933071370448,0.16068076454103,0.436877914269765,-0.79403625685501,-0.359639910077029
YBR214W,0.208079814910889,-0.686116695404053,0.0293895546923852,0.0616438780465305,0.154445786277453,0.268276279171308,-0.811224136264528,-0.571417734121514
YBR215W,0.245348289608955,-0.612924814224243,0.0274118868795348,0.0485960164338876,0.195023126527667,0.303114209075769,-0.709913885647333,-0.518393713178778
YBR216C,0.202681705355644,-0.69618546962738,0.0238371626236053,0.0511427697372416,0.158719526852171,0.252297759801149,-0.799369644288372,-0.598086609562945
YBR221C,5.06535625457764,0.70371401309967,0.326831025963999,0.027848034156368,4.49675533771515,5.75182313521703,0.652899257192872,0.759805523077183
YBR222C,0.999644160270691,-0.00137788825668395,0.0752523781625986,0.0325687888115705,0.863933691879114,1.15206739107768,-0.0635195900964988,0.0614778838615828
YBR223C,0.0354323238134384,-1.47460973262787,0.0117297282552875,0.146907538502684,0.0165994916732113,0.0619821155133347,-1.77990522721513,-1.20773360960096
YBR225W,0.133614182472229,-0.877684354782104,0.0170322665938633,0.055547401667833,0.103082610418399,0.168591333801548,-0.986814625558574,-0.773164803491041
YBR227C,0.277847588062286,-0.559752106666565,0.0355288296656695,0.0557520175685567,0.210899288455645,0.351850333313147,-0.675924886818529,-0.453642071937198
YBR229C,0.521997451782227,-0.283398985862732,0.0366185855006504,0.0304667354492394,0.452815391371648,0.599137902259827,-0.344078819737902,-0.222473205494564
YBR231C,0.433841496706009,-0.36901119351387,0.0742123751663204,0.0744553671616321,0.303770525256793,0.594174426794052,-0.517454386003291,-0.226086079105071
YBR233W,0.255018204450607,-0.598604321479797,0.0392942186831439,0.0673310177531956,0.185006034498413,0.336690965543191,-0.732814105996565,-0.472768540802823
YBR234C,1.65397572517395,0.217111200094223,0.133757601470718,0.035110586365971,1.40778569976489,1.9322999805212,0.148536548096623,0.286074547257846
YBR236C,0.368620872497559,-0.436703622341156,0.0453884165008267,0.0534904070767234,0.287378370761871,0.465129227936268,-0.541545921700237,-0.33242636930916
YBR238C,0.290132224559784,-0.539398610591888,0.0278468751223236,0.0416417441611343,0.240165014689167,0.347347797453403,-0.619490278612675,-0.459235476728004
YBR240C,0.0352013818919659,-1.48565423488617,0.013341346740005,0.171859708019038,0.013976340709875,0.0665368884801865,-1.85460652266567,-1.17693751226613
YBR241C,0.141019433736801,-0.858313500881195,0.0263480673447556,0.0816257022835487,0.0941689043616255,0.198381912832459,-1.02609248790065,-0.702497944787436
YBR242W,0.429876208305359,-0.385967522859573,0.129646969114828,0.130380344419853,0.223387000461419,0.72078558852275,-0.650942189731227,-0.142196616127634
YBR243C,0.474828332662582,-0.32654470205307,0.0565737769670601,0.0518321771630431,0.372615181654692,0.59157967766126,-0.428739464661126,-0.227986798879298
YBR246W,0.337625563144684,-0.477271288633347,0.054559163239378,0.0707791788753961,0.238163247828682,0.455185105403264,-0.623125345374369,-0.341811963142252
YBR247C,0.962877810001373,-0.0178040061146021,0.0765608825074823,0.0346300428088879,0.820081543425719,1.12088407576084,-0.0861429689537023,0.0495606546398189
YBR248C,1.14955973625183,0.0595103390514851,0.0790379203454824,0.029762789270159,1.00465881824493,1.31376710434755,0.00201860055201909,0.118518377691246
YBR249C,6.32784986495972,0.800498485565186,0.374427079604775,0.0256230361534129,5.64166879653931,7.12245668570201,0.7514075865947,0.852629815504075
YBR250W,0.00858384929597378,-2.1489782333374,0.00526450025411046,0.281462152256577,0.00172704836780516,0.0217117062459389,-2.76269562360278,-1.6633064755708
YBR251W,0.662157893180847,-0.183026880025864,0.0896981448492278,0.0590142361577497,0.499643081178268,0.849240481853485,-0.30134012225585,-0.0709693119312039
YBR256C,0.880270302295685,-0.064059741795063,0.176810040845521,0.0870731376747521,0.577817343175411,1.27130378286044,-0.238209486725318,0.104249337567626
YBR257W,0.1618971824646,-0.809951663017273,0.047814057697216,0.130863417377949,0.0805109738682707,0.271914545198281,-1.09414496120494,-0.565567802640146
YBR259W,0.037673857063055,-1.43978261947632,0.0101273857966219,0.118509658136455,0.0206545506914457,0.0599000856590767,-1.68498425965564,-1.22257262013394
YBR261C,0.965994715690613,-0.0261220131069422,0.217728571696392,0.0989640546909915,0.587116154531638,1.43532168666522,-0.231275982130994,0.156949236200744
YBR263W,2.89827394485474,0.461460798978806,0.162695749151736,0.0242861771931926,2.59763474464417,3.23466744422913,0.414578083734423,0.509829637492161
YBR270C,0.0239170584827662,-1.64713358879089,0.00816102259124884,0.152681868032767,0.0109869942301884,0.0423950370401144,-1.95912124822378,-1.3726849840625
YBR271W,0.436615139245987,-0.36272594332695,0.0498522690141714,0.0495876017608697,0.347136081506809,0.540047198037306,-0.459500245858779,-0.26756828315197
YBR272C,0.180426448583603,-0.748540341854095,0.0268982319218078,0.0650847652454741,0.130504693587621,0.236371206616362,-0.884373892598464,-0.626405431354361
YBR274W,0.131461128592491,-0.887896656990051,0.0230626084885979,0.0765567799299835,0.0912229768310984,0.179583788787325,-1.03989576630952,-0.745732878899556
YBR279W,0.570344209671021,-0.245777785778046,0.0537019895556198,0.0407931604271286,0.46977437560757,0.682743191719055,-0.328110677035249,-0.165742623135646
YBR283C,2.90494704246521,0.462496876716614,0.158503153720702,0.0235742266432931,2.62764859199524,3.23475683530172,0.419567284494346,0.509841637688987
YBR284W,0.00938383955508471,-2.07334613800049,0.00425226876810679,0.205640213281842,0.00301806494632425,0.0193580386228859,-2.52027146573448,-1.71313865012377
YBR287W,0.526655495166779,-0.280848234891891,0.0551946109948526,0.0454345529915983,0.423816244055827,0.642592468857765,-0.372822430440473,-0.192064428401558
YBR289W,0.212031319737434,-0.675709903240204,0.0209178109757433,0.0428415197542165,0.172671838228901,0.257442406813303,-0.762778498756755,-0.589320084712024
YBR290W,0.464906245470047,-0.337650269269943,0.0705988338724519,0.0662111860456275,0.341635349889596,0.613080355028311,-0.466437247183265,-0.212482599997724
YBR291C,0.405144691467285,-0.399322032928467,0.0722163070754954,0.0779952849938781,0.273876672486464,0.555008538564046,-0.562445225567587,-0.255700337108398
YBR293W,0.0440558008849621,-1.37796533107758,0.0139031696005287,0.140360251862947,0.0209186323918402,0.0755842666452129,-1.67946686419274,-1.12156860881684
YBR294W,0.00490398425608873,-2.37851500511169,0.00278338880165324,0.25346506375753,0.00119820130251658,0.0119976297331353,-2.92147022008427,-1.92090455991524
YBR296C,0.283033490180969,-0.550871312618256,0.0315964334997385,0.0485967614514882,0.224205669263999,0.350205187499523,-0.649353421757001,-0.455677425953359
YCL063W,0.27423021197319,-0.566329836845398,0.039334851264635,0.0622427309442743,0.204582038273414,0.360824485619863,-0.689132498783069,-0.442704007557506
YCL059C,1.32716178894043,0.120759107172489,0.13281109051798,0.043361818023539,1.08432299395402,1.61191562910875,0.0351586674276249,0.207342279721798
YCL057W,1.49656200408936,0.174419894814491,0.0835721857118281,0.0241921989293956,1.33865069746971,1.67235174377759,0.126667268603887,0.223327627061685
YCL054W,0.868286430835724,-0.0620433464646339,0.0496320701673006,0.0247928688379519,0.773922801017761,0.970469056566556,-0.111302358133783,-0.0130183102102091
YCL049C,0.478435456752777,-0.325285345315933,0.0732179315456554,0.0668977611346736,0.347273796796799,0.63091105222702,-0.459327984716527,-0.200031874155776
YCL048W,0.0138652101159096,-1.91744101047516,0.0071485129047707,0.23622148645741,0.00368896518484689,0.0313050043769181,-2.43309554546608,-1.50438624397788
YCL047C,0.28482574224472,-0.561487793922424,0.0771369412463837,0.119464691492803,0.154576059555014,0.457510633518298,-0.810857785643491,-0.339598831673971
YCL045C,1.62046468257904,0.209045484662056,0.0849307571168676,0.0227106789889811,1.46533096631368,1.79178406894207,0.165935727481587,0.253285670740597
YCL044C,0.357266932725906,-0.451183050870895,0.0495375312017448,0.060380859964202,0.269090078026056,0.46028858423233,-0.570102315503387,-0.336969796051898
YCL038C,0.228440940380096,-0.645495891571045,0.0321243174154314,0.0609905003265085,0.170543975631396,0.296806211272875,-0.768163627179229,-0.527527015489389
YCL034W,0.86778312921524,-0.0642959028482437,0.0970247065599895,0.0485466713169001,0.69150165617466,1.07220057646433,-0.160206775706246,0.0302760303565909
YCL031C,1.07708775997162,0.0289460998028517,0.133282377209207,0.0536001015533412,0.841133491198222,1.36041521529357,-0.0751350889217578,0.133671476116863
YCL030C,3.64892220497131,0.561712026596069,0.166675088093507,0.0198075891848225,3.3360237022241,3.98747962315877,0.523229126041861,0.60069847292507
YCL029C,0.18536464869976,-0.738179087638855,0.0311839245196637,0.0738790228150999,0.129946911334991,0.252106656134129,-0.886234079656259,-0.59841568818615
YCL028W,1.60499393939972,0.204059258103371,0.12958061944347,0.0350676071380568,1.36588716506958,1.87173231740793,0.13541482408075,0.272243738263291
YCL027W,0.114598385989666,-0.949012041091919,0.0221896726487284,0.0849015998807745,0.0754730036482215,0.16272608153522,-1.12220836601762,-0.788542838443043
YCL024W,0.110174283385277,-0.961358606815338,0.0139095967111822,0.0546875957930952,0.0854572446395954,0.139995699872573,-1.06825112256271,-0.853885342224066
YCL017C,1.68320679664612,0.225216045975685,0.109816732081898,0.028293463295266,1.47628019452095,1.90364527106285,0.169168778564801,0.27958602229668
YCL011C,1.6104861497879,0.205750554800034,0.120389954294642,0.0323593607693663,1.39093235035737,1.85729196270307,0.14330600603157,0.268880179062049
YCL010C,0.253288000822067,-0.614181816577911,0.0724352765466172,0.125659121284894,0.131486353774865,0.418887213617563,-0.88111931840635,-0.377902899213407
YCL008C,0.259348422288895,-0.592436730861664,0.0443997935756404,0.0742336088916636,0.181538730859756,0.35851400171717,-0.741030705039844,-0.445493879863793
YCL005W,0.210983350872993,-0.700159728527069,0.070689380084255,0.147569931877179,0.100945848723253,0.374413290868203,-0.995911851912582,-0.426648750041865
YCL004W,0.0446729324758053,-1.36891806125641,0.0132349523890693,0.1295809572417,0.0232534038523833,0.0749757178127765,-1.6335134746596,-1.1250795292293
YCL002C,0.212487891316414,-0.693730175495148,0.0657225821382691,0.137421843684346,0.103476109790305,0.362222134818633,-0.985160206605593,-0.441025096321948
YCR002C,1.44643127918243,0.158223420381546,0.14172469080383,0.0424400348174037,1.18721930881341,1.75076627035936,0.0745309356117985,0.243228168787215
YCR007C,0.0299533791840076,-1.68948316574097,0.0261472095616329,0.411584601362805,0.00253730865661055,0.0997171936556697,-2.59562670817034,-1.00122997553835
YCR009C,1.40997862815857,0.145448729395866,0.186125185350898,0.0572306875623457,1.08140708804131,1.80882072945436,0.0339892035229708,0.257395504760882
YCR010C,0.0287554264068604,-1.63916385173798,0.0190095424723268,0.309137143589533,0.0048000205347004,0.0773987318078677,-2.31875700470932,-1.11126615730159
YCR011C,0.678734540939331,-0.169121637940407,0.0418642584925232,0.026728708038641,0.598202109833558,0.764774206280708,-0.223152060806614,-0.116466771869419
YCR012W,113.073135375977,2.05287432670593,5.36567553416979,0.0205173094365095,103.19879099528,124.287843386332,2.01367460785231,2.09442865211718
YCR015C,0.119447462260723,-0.942855775356293,0.0360108908957304,0.134300736210357,0.0594182474538684,0.200728584825993,-1.22608016709028,-0.697390783987829
YCR016W,0.627854287624359,-0.207600876688957,0.0996451967939372,0.0690797417843434,0.450761497517427,0.837820927302043,-0.346053198665655,-0.0768487980884382
YCR021C,0.0352331772446632,-1.50937104225159,0.0176815378578399,0.2302048918451,0.010017884367456,0.0785954003532726,-1.99922440816301,-1.10460342090557
YCR023C,0.135211959481239,-0.874538779258728,0.0216635774401385,0.0696133885205915,0.0976086519037684,0.182735072697202,-1.0105116875276,-0.73817809799061
YCR024C,0.0438472665846348,-1.37982201576233,0.0138855300106477,0.139362576149056,0.0210843039210886,0.0752613413458069,-1.67604080416013,-1.12342807317251
YCR026C,0.316104382276535,-0.502191483974457,0.030530718835268,0.0419398302984983,0.258944483846426,0.37928139269352,-0.586793336553141,-0.42103847151153
YCR028C,0.261296272277832,-0.586964964866638,0.0357881129806508,0.0598935033078951,0.194761107489467,0.337435585012039,-0.710497765317109,-0.471809120290325
YCR030C,0.418838083744049,-0.379234105348587,0.0321996623533597,0.0333730664705541,0.360551484674215,0.483724199732145,-0.443032713039999,-0.315402202967972
YCR036W,0.613775312900543,-0.215427681803703,0.077356041066511,0.0547094024497055,0.474547334512075,0.772645438214143,-0.323720464480236,-0.112019807938916
YCR044C,0.506125569343567,-0.299686342477798,0.0684801635350239,0.0585850570111228,0.382668485989173,0.65539824962616,-0.41717730253611,-0.183494722823517
YCR047C,0.586909055709839,-0.237848579883575,0.101083100891527,0.0748980921318246,0.410401689757903,0.799683624009291,-0.386790884246237,-0.0970818870522692
YCR048W,0.575425922870636,-0.241551250219345,0.0484815336816931,0.0366216532346585,0.486660791933537,0.67517977754275,-0.31277364378352,-0.17058057389879
YCR054C,0.176818951964378,-0.757187902927399,0.0261107710043351,0.0641294356470261,0.128219068050385,0.234205597639084,-0.892047479041035,-0.630402771238603
YCR057C,0.90389609336853,-0.0446119755506516,0.0525733555760387,0.0251620300165577,0.807570105294387,1.01329773863157,-0.0928197662137011,0.00573707329919259
YCR066W,0.0840413048863411,-1.08678293228149,0.0190247301645543,0.100065361023447,0.0509268631537755,0.126792058348656,-1.29305310531553,-0.896907947742683
YCR068W,0.105085365474224,-0.987325608730316,0.0209745078516875,0.0888386879799527,0.0668723415583372,0.149159277354678,-1.17475348551537,-0.826349729399355
YCR069W,0.955811321735382,-0.0228346381336451,0.116243870660746,0.052861891767653,0.74617725610733,1.19999434649944,-0.127157992627833,0.0791789877335838
YCR072C,0.806902229785919,-0.0940985456109047,0.0526208118367171,0.0282586449867502,0.710594779749711,0.916854785879453,-0.14837798916771,-0.0376994447631785
YCR073W-A,0.741155087947845,-0.134143635630608,0.101281409822271,0.0594696069195619,0.557624198496342,0.956422900656859,-0.253658388156906,-0.0193500493271241
YCR075C,0.171517491340637,-0.795027673244476,0.0624942199448296,0.162426328464974,0.0734135538339615,0.315631713469823,-1.13422377833515,-0.500819399953283
YCR077C,0.925832211971283,-0.0342983566224575,0.0573997780231977,0.0268411598232671,0.82174200663964,1.04263861179352,-0.0852645127994302,0.0181338005549211
YCR079W,0.062931515276432,-1.21862006187439,0.0177301178600903,0.124862550625632,0.0334616266191006,0.101526556350291,-1.4754529566122,-0.993420358497512
YCR084C,1.37273371219635,0.136954113841057,0.0742577713730973,0.0234291240507365,1.23594045639038,1.52446901798248,0.0919975483547446,0.183118602557764
YCR088W,3.28534030914307,0.516050755977631,0.16246687867917,0.0214094561232434,2.9842983186245,3.62366023858388,0.47484222796487,0.559147470469621
YCR089W,0.0187477190047503,-1.73734819889069,0.00407122794959491,0.0952268054980026,0.0116480943514034,0.0275899573229253,-1.93374513189101,-1.55924897139684
YCR094W,0.495962977409363,-0.30794233083725,0.0619334812427944,0.0544252066007293,0.380499846488237,0.627037639419238,-0.419645518588831,-0.20270639551101
YCR095C,0.241100579500198,-0.624048233032227,0.0408302571649282,0.0740295904566515,0.166564337785045,0.329010616739591,-0.778417978066315,-0.482790105790971
YCR098C,0.0328473336994648,-1.50712335109711,0.0108380080937,0.145189955784198,0.015609824603113,0.0580076313888033,-1.8066020060895,-1.23651487420503
YCR106W,0.0355664007365704,-1.46231031417847,0.00879064063963993,0.108654900184247,0.0208851840967933,0.0545578382288416,-1.68016175058348,-1.26314307575896
YDL239C,0.00506395101547241,-2.36149334907532,0.00277525796845244,0.247820164861395,0.00132522368318556,0.0120437721566607,-2.87771151072003,-1.91923751261712
YDL238C,0.0539993457496166,-1.28380012512207,0.0146520620074017,0.120226422704365,0.0284446472146859,0.0866252307469646,-1.54599947562928,-1.06235570648752
YDL237W,0.80730539560318,-0.0949473828077316,0.0772462538610214,0.0415735389903363,0.66434207657973,0.965605109433333,-0.177608242642527,-0.0152004590862861
YDL236W,1.46157169342041,0.162546783685684,0.149989366899554,0.0444440043483699,1.18964123527209,1.77458221415679,0.0754160039940806,0.249096072364937
YDL234C,0.129566192626953,-0.891694068908691,0.0180021436675923,0.0604343426045097,0.0973806975409389,0.16763311624527,-1.01152712687534,-0.775640181517959
YDL233W,0.172428846359253,-0.769111812114716,0.0279543201987699,0.0707903985927917,0.121503686408202,0.230508192256093,-0.915410601831817,-0.637313648017462
YDL231C,0.018886050209403,-1.73885190486908,0.00495753391715915,0.115160890360212,0.0106603894460325,0.0296426517423242,-1.97222694954199,-1.5280830023533
YDL230W,0.199385389685631,-0.71085524559021,0.0439322094456273,0.0962506707124749,0.124995232125123,0.296775604536136,-0.903107354548475,-0.527572051125585
YDL227C,0.579674184322357,-0.23838783800602,0.0493651682497633,0.0369771055757549,0.488549576948086,0.679310667018096,-0.311091373522346,-0.16793156690069
YDL225W,0.562223315238953,-0.251753896474838,0.0493333546626126,0.0379829205601735,0.472978232055903,0.664006853600343,-0.32515884774094,-0.177827438012268
YDL224C,0.40809178352356,-0.391082793474197,0.0376839776983915,0.0399997448354271,0.339873828738928,0.48678791821003,-0.468682276622957,-0.312660209305248
YDL223C,0.0243773460388184,-1.62628746032715,0.00602718818027506,0.108236681902435,0.0141754272626713,0.0381428250732521,-1.84846442979591,-1.41858722751279
YDL216C,0.0524612106382847,-1.30306732654572,0.0169313025106909,0.143479009389849,0.0247171442645291,0.0898664535954595,-1.60700198188873,-1.04640239791744
YDL215C,0.244997188448906,-0.612442016601562,0.0210859833543179,0.03733163080323,0.205689632147551,0.289095228662093,-0.686787598531447,-0.538959080756933
YDL211C,0.0328583605587482,-1.525843501091,0.0143693883834524,0.197335919989755,0.011651854760324,0.0668536302944024,-1.93360556590185,-1.17487501357453
YDL210W,0.0169139578938484,-1.81401431560516,0.00736566133808689,0.197230430333907,0.00585074299403156,0.033776593580842,-2.23278931121158,-1.47138418873126
YDL207W,0.183484837412834,-0.740858972072601,0.0263553323408616,0.0623210771074287,0.136563539629181,0.240852544580897,-0.864665247454639,-0.618248763640113
YDL206W,0.0140977185219526,-1.88403403759003,0.00542566867627736,0.174150954727819,0.00546359952616816,0.0264981482022752,-2.26252574590433,-1.57678447959799
YDL205C,0.582026600837708,-0.239203229546547,0.0804377945366234,0.0601527921345439,0.438444257279237,0.751377105712891,-0.358085620698225,-0.124142041923733
YDL204W,0.0133037567138672,-1.96304142475128,0.00837249274416216,0.28929433031892,0.00260273881140165,0.0347857001858453,-2.58457092651388,-1.4585992935423
YDL203C,0.144862860441208,-0.843772947788239,0.0214110914086406,0.0642484717551448,0.106800302863121,0.190999961644411,-0.971427515738214,-0.718966720277907
YDL202W,0.386483013629913,-0.4284428358078,0.103577698683829,0.117459914358724,0.214364334692558,0.622159888843695,-0.668847472528246,-0.206097991659192
YDL201W,0.659984588623047,-0.185851618647575,0.103918026672641,0.0686334090079372,0.478380348285039,0.878103739023208,-0.320226669834522,-0.0564541801219849
YDL199C,0.0210222192108631,-1.70604634284973,0.00753769024993896,0.161928943967104,0.00868544318558027,0.0380488135231038,-2.06120816343576,-1.4196589422333
YDL198C,1.80146586894989,0.253095179796219,0.195114836807525,0.0468816230982527,1.44492075939973,2.20898172060648,0.159844029224356,0.344192076642065
YDL194W,0.0293964669108391,-1.54659605026245,0.00768809316161711,0.114861564162856,0.0164162678644061,0.0469517060865957,-1.78472558231755,-1.32834994372786
YDL193W,0.424246817827225,-0.376807808876038,0.0607573251168813,0.0620580672722416,0.315880615264177,0.556177993118763,-0.500477128297331,-0.254786246819949
YDL190C,0.515185832977295,-0.289143621921539,0.0368619532103892,0.0310077178578315,0.447421569625537,0.592076972126961,-0.349283096527286,-0.227621865454864
YDL183C,0.0542924664914608,-1.3033252954483,0.0226937080955355,0.185677933835886,0.0207098857499659,0.108209565716485,-1.68382259322361,-0.965734346183954
YDL179W,0.240463569760323,-0.630045831203461,0.0542988913147971,0.0989318459808614,0.148081792518497,0.35916367371877,-0.829498349609868,-0.444707620891704
YDL178W,0.490947276353836,-0.31097200512886,0.0472142292811811,0.0417852277994056,0.404239062964916,0.585879956185818,-0.393361730707001,-0.232191363933853
YDL176W,0.0614013858139515,-1.22110962867737,0.0127148535156359,0.0902775626022065,0.0397276695507268,0.088773172845443,-1.40090693152506,-1.05171829587626
YDL173W,0.958783328533173,-0.0216818675398827,0.119950686948138,0.0544872940594016,0.739777097602685,1.21330019334952,-0.130899184195087,0.0839682607126756
YDL170W,0.127280324697495,-0.902072966098785,0.0226674883917457,0.0772303466323197,0.0878236814712485,0.178338706493378,-1.05638839382259,-0.748754387659534
YDL168W,1.94676661491394,0.287931382656097,0.155592931580177,0.0346651495875271,1.65550134877364,2.26973201433818,0.218929536019256,0.355974583363659
YDL164C,0.402630835771561,-0.396732419729233,0.0351291492434242,0.0376895348538662,0.339449763298035,0.477557934820652,-0.469224489827691,-0.320973935626878
YDL159W,0.161286175251007,-0.79818856716156,0.0263364223853156,0.0711297613418602,0.113668926432729,0.218505982806285,-0.944358247893048,-0.660536703657341
YDL156W,0.129427641630173,-0.895862102508545,0.0245699969079623,0.083386561287397,0.0840971265609066,0.182154046744108,-1.07521891046876,-0.739561176559413
YDL155W,0.25403904914856,-0.600350081920624,0.0394466465644898,0.0677965049348918,0.18254348213474,0.337509603798389,-0.738633670248883,-0.471713932379375
YDL154W,0.00471827946603298,-2.40346479415894,0.00277025136886488,0.273754576357384,0.000913708296138793,0.011592366391172,-3.03919243183449,-1.93582794910449
YDL153C,0.87686425447464,-0.0580520704388618,0.059005437415648,0.0292634385754675,0.763531808058421,0.996521689494451,-0.117172872009723,-0.00151324901416294
YDL150W,0.510445594787598,-0.294518172740936,0.0544616022892983,0.0463387668112752,0.41076458444198,0.624457058807214,-0.386407009212527,-0.204497485810014
YDL148C,0.919051349163055,-0.0373611524701118,0.0523359248375838,0.0246536739363291,0.822961344321569,1.02750330269337,-0.0846205747297753,0.0117832235742973
YDL147W,1.61751580238342,0.207787469029427,0.113297235248947,0.030362447315875,1.40553492903709,1.85040285686652,0.1478416370626,0.267266288076263
YDL144C,0.519532740116119,-0.288184821605682,0.0686844080716331,0.0575817350649477,0.393175305922826,0.668983096877734,-0.405413766865474,-0.174584857469471
YDL143W,3.23884987831116,0.509772419929504,0.173161347589738,0.0231678357979158,2.92075605193774,3.59908155004183,0.465495285048674,0.556191687173198
YDL142C,0.237050414085388,-0.639888763427734,0.0614657150178923,0.11434300417447,0.132798829178015,0.365421814223131,-0.876805781910575,-0.437205531343777
YDL141W,0.361818701028824,-0.443406969308853,0.0338095721252552,0.040662010349047,0.296798422932625,0.432461893806854,-0.527538411196581,-0.364052396821488
YDL138W,0.0251854956150055,-1.61993598937988,0.00783833872540581,0.137185057648748,0.0124112182219202,0.0427763625979423,-1.90618560754586,-1.36879615222727
YDL132W,0.64745432138443,-0.189823836088181,0.0447611967238281,0.0299318620850925,0.566288550694784,0.739861520131429,-0.246962220826853,-0.130849560022531
YDL129W,0.113922230899334,-0.97113174200058,0.040226746502602,0.158824178465576,0.0471177521782617,0.205627679079771,-1.3268156394509,-0.686918703874593
YDL128W,0.782762348651886,-0.108697958290577,0.0811459303523958,0.0450046983433449,0.632253470520178,0.957218251128991,-0.199108810216242,-0.0189890456562705
YDL127W,0.171800523996353,-0.780723631381989,0.0459210943548001,0.118567165365413,0.0922492919489741,0.27528288885951,-1.03503706643658,-0.560220784929441
YDL124W,1.20916104316711,0.080120176076889,0.126741158988733,0.0452737554204934,0.980735037724177,1.48324952820937,-0.0084483089260735,0.171214218658935
YDL119C,0.0501747652888298,-1.3366219997406,0.0205733877203025,0.184191663561033,0.0183064153262724,0.0999530516564844,-1.73739673489739,-1.0002049336111
YDL116W,0.415177673101425,-0.38320603966713,0.0337514704725017,0.0354276716411659,0.350532107551893,0.482667235781749,-0.455272196638711,-0.316352181414939
YDL115C,0.238808318972588,-0.628840863704681,0.0425297612822937,0.07763045963512,0.163354684660832,0.329968310644229,-0.786868410329765,-0.481527797364503
YDL111C,0.423912465572357,-0.381360650062561,0.0844536164496182,0.0871036396148475,0.275093633929888,0.604103350639343,-0.560519563159536,-0.218888755481338
YDL109C,0.0166371557861567,-1.81235527992249,0.00646799920297661,0.174187102030603,0.00665782736614347,0.0318213025728861,-2.1766675166616,-1.49728204778342
YDL108W,0.21734245121479,-0.672718107700348,0.0463316088117602,0.0930816149618455,0.137144017964602,0.320914317915837,-0.862823168525845,-0.493610921157383
YDL107W,0.108354531228542,-0.978900969028473,0.0271810615609029,0.110227215174141,0.0621171145079037,0.168724849820137,-1.20679004116831,-0.772820949746448
YDL105W,0.100762367248535,-1.010045170784,0.0248780143388201,0.10867077322291,0.0583327803760767,0.152779229482015,-1.23408740523749,-0.815935936880327
YDL104C,0.04942736774683,-1.33138930797577,0.0168620829835234,0.150711738543957,0.0229137528066834,0.0876538767789801,-1.63990378241599,-1.05722887598204
YDL103C,0.878645420074463,-0.0575185865163803,0.068975384235418,0.0339982530604385,0.752814970413844,1.01626638869445,-0.12331175428556,0.00700755743841906
YDL102W,0.321650981903076,-0.49372860789299,0.0230802299189945,0.0310794050062518,0.279562486708164,0.370076877127091,-0.553521116947443,-0.43170805378453
YDL099W,0.637610077857971,-0.198607251048088,0.0769821832225623,0.0525107144168428,0.497422179579735,0.799310579895973,-0.303274895021885,-0.097284446036794
YDL097C,3.47923231124878,0.540679812431335,0.212457803084827,0.0263810165662115,3.08809494972229,3.92335736354192,0.489690645130829,0.59365781338668
YDL095W,2.13706254959106,0.329318732023239,0.102776416182985,0.0208221880864642,1.94638471603394,2.35364710489909,0.289228684933591,0.371741347231621
YDL090C,0.189053893089294,-0.73015159368515,0.0332325338803987,0.0768621692620654,0.130405601114035,0.260988831520081,-0.884703756347386,-0.58337807700264
YDL089W,0.163796573877335,-0.791284739971161,0.0262831999358568,0.0699023296700458,0.117953607191642,0.219717527925968,-0.928288773685049,-0.658135297017313
YDL088C,0.384818762540817,-0.416961044073105,0.0388729248772327,0.0439461178175994,0.314377621561289,0.464639334877332,-0.502548380496541,-0.332884027254012
YDL087C,0.208376660943031,-0.703210234642029,0.0663389397735722,0.140336449274163,0.100556284189224,0.358879217008749,-0.997590783312667,-0.445051835473955
YDL086W,1.48556232452393,0.168548703193665,0.184754002711641,0.0539211084267969,1.14920410911242,1.87124025026957,0.0603971650311688,0.272129475864812
YDL085W,0.0112406173720956,-2.00892543792725,0.00578387992192572,0.237883666051045,0.00294667808339,0.0252998305639873,-2.53066730705602,-1.59688247036735
YDL080C,0.0720171108841896,-1.15211760997772,0.0149941396402384,0.0919344510276929,0.0454747510453065,0.103849435349305,-1.34223010252189,-0.983595887918641
YDL079C,0.0125999134033918,-1.96511566638947,0.00681079905300225,0.249580060404576,0.00308665647171438,0.0295854144574453,-2.51051186667402,-1.52892253076102
YDL078C,1.55686616897583,0.190527364611626,0.138781712243733,0.0387358838949648,1.29498892029126,1.84722385207812,0.112266040026233,0.266519526191917
YDL076C,0.270807057619095,-0.57742702960968,0.0582675656311075,0.0942273504213031,0.170288911089301,0.400766299416622,-0.768813680579093,-0.397108805821933
YDL069C,0.0363913588225842,-1.59995150566101,0.0318326610505691,0.402051708562271,0.00338285270457466,0.123423239216208,-2.47071694379147,-0.908603159558239
YDL066W,4.78770446777344,0.679494202136993,0.259493663943855,0.0235065941800751,4.2944647192955,5.32734940846761,0.632909032742837,0.726511182000556
YDL065C,0.60807853937149,-0.21917687356472,0.0732732643318997,0.0522200394667552,0.476533042391141,0.758927069604397,-0.321906989074061,-0.119799977404603
YDL063C,0.481423228979111,-0.319076061248779,0.0413948744654072,0.0373513448620503,0.405339623490969,0.567409086227417,-0.392180941499337,-0.246103722971667
YDL060W,0.940813481807709,-0.0272637475281954,0.0559421294776712,0.0257930952372635,0.835703744987647,1.05331873893738,-0.0779476516644203,0.0225598105162664
YDL058W,0.432172328233719,-0.365070044994354,0.0250485861731253,0.0251257635132231,0.385526057084401,0.483175560832024,-0.413946264127192,-0.315895040660365
YDL056W,0.104971542954445,-0.983315527439117,0.0149057268701245,0.0619332951538818,0.0780929929887255,0.136367553348343,-1.10738810162665,-0.865288951429316
YDL054C,0.23564250767231,-0.632396161556244,0.0345323000048106,0.0636761864273157,0.173999668409427,0.308374415834745,-0.75945172910204,-0.510921665340107
YDL052C,0.793247640132904,-0.104689046740532,0.109084599566299,0.0597906902366559,0.599364960690339,1.02234366734822,-0.222308650947423,0.00959673667722133
YDL049C,0.0477724969387054,-1.39544785022736,0.0280980056370136,0.264588620228148,0.0106917462234075,0.119143558976551,-1.970951966453,-0.923929691359741
YDL048C,0.0254669953137636,-1.63053524494171,0.0103931344743354,0.182386395273581,0.00958134715911001,0.0491492189466953,-2.01857351978331,-1.30848337935444
YDL045C,0.246836811304092,-0.618691682815552,0.0557407950345674,0.0989164626693001,0.15186331346631,0.367475028336048,-0.818547183984352,-0.434772167944642
YDL044C,0.0991262048482895,-1.015212059021,0.022641854039015,0.100365485112399,0.0596999749541283,0.149005440746744,-1.22402585106973,-0.826797918391112
YDL043C,0.247690618038177,-0.623196005821228,0.0694675070329254,0.123290603939162,0.132867900406321,0.401325569053491,-0.876579932889038,-0.39650335055739
YDL042C,0.17141081392765,-0.770586609840393,0.02500430904446,0.0635711002610458,0.127055212855339,0.222676053643227,-0.896007511897627,-0.652326484042651
YDL040C,1.19732975959778,0.0776095911860466,0.0632070836735986,0.0228875490736429,1.07842497030894,1.32784274816513,0.0327899270645333,0.123146645955055
YDL039C,0.0148303434252739,-1.86426186561584,0.00589340943753644,0.180273158940093,0.0055379215007027,0.0282468024486055,-2.25665422202238,-1.54903084980343
YDL036C,0.206595852971077,-0.690379023551941,0.0328421145437113,0.0693934967324652,0.147893537580967,0.27534392029047,-0.830051939977624,-0.560124509330497
YDL033C,0.0767898410558701,-1.13315761089325,0.0223293622959112,0.128368680074569,0.0399853447141747,0.124978956828515,-1.3980991726597,-0.903163117946729
YDL029W,2.19965219497681,0.34120786190033,0.15997676561457,0.0315758030836199,1.90363926291466,2.52713600595792,0.279584653372197,0.402628610236013
YDL025C,0.128754436969757,-0.895793259143829,0.0206623083554971,0.0696119904535184,0.0916266395399968,0.173726793502768,-1.0379782892498,-0.760133241743188
YDL022W,2.46381592750549,0.390474081039429,0.178137845278914,0.0314200476032529,2.12285464008649,2.82484297156334,0.326920254816376,0.450994310867569
YDL020C,0.5747150182724,-0.242503121495247,0.0547132942131168,0.0412133127472656,0.473985993613799,0.691148346662521,-0.324234491878697,-0.1604287280384
YDL015C,2.76247668266296,0.439552545547485,0.247353402899458,0.0390014364872264,2.29022078315417,3.27316758235296,0.359877330963406,0.514968236987569
YDL013W,0.135233819484711,-0.874506056308746,0.0217539104461066,0.0698569827803886,0.0965966279928883,0.182926890999079,-1.01503818410074,-0.737722446850717
YDL010W,0.372701227664948,-0.453427255153656,0.125858636116307,0.148761784042682,0.175225055093567,0.661543517311414,-0.756403799089894,-0.179441598154666
YDL007W,3.24118995666504,0.509903490543365,0.197387317852917,0.026382693393801,2.88292669653893,3.65317105650902,0.459833573510971,0.562670008140518
YDL006W,0.459907174110413,-0.344855219125748,0.0856294747039594,0.0812138895568894,0.30895187035203,0.648457174003124,-0.510109241406176,-0.188118725755506
YDL003W,0.641680777072906,-0.194230377674103,0.0544678308032669,0.0366305958817966,0.547453617552916,0.757562810182571,-0.261652670523656,-0.120581355928189
YDR004W,0.0677486285567284,-1.18472623825073,0.0181670158302823,0.117553310849152,0.0378524135487775,0.107287362217903,-1.42190750482506,-0.969451432202475
YDR005C,0.273360580205917,-0.568352520465851,0.0418117953902727,0.0666940671738157,0.19915300446252,0.360808920611938,-0.700813137876839,-0.442722734218376
YDR006C,0.194268390536308,-0.713889479637146,0.0199709832794387,0.0446500457889521,0.156690420707067,0.236657881985108,-0.804957554368272,-0.625879028448463
YDR009W,0.0159142017364502,-1.847336769104,0.0074668976750662,0.214160822124985,0.004690695728641,0.034016577154398,-2.32876276805213,-1.46830939978278
YDR014W,0.0853793248534203,-1.07555091381073,0.0151591125699488,0.0779261711350262,0.0584870244997243,0.116833843290806,-1.23294054541366,-0.932431336800155
YDR018C,0.0136446338146925,-1.95466411113739,0.00874596699462656,0.294999219844886,0.00244615566916764,0.0365426101411382,-2.61151612570539,-1.43720078332337
YDR019C,1.78129589557648,0.24943508207798,0.138065698966944,0.0336159469216899,1.52203493416309,2.07047103444735,0.182424616859509,0.316069153622727
YDR020C,0.281823754310608,-0.580624580383301,0.106423747651792,0.165430254299089,0.118786161082486,0.524153373638787,-0.92523417483091,-0.280543739050292
YDR021W,0.3416787981987,-0.470525979995728,0.0473942851811083,0.0600392496544149,0.257196845114231,0.44508755877614,-0.589734459356007,-0.351554545104567
YDR023W,6.46334075927734,0.809865415096283,0.338546557268862,0.0226503823447173,5.83723258972168,7.18371424674988,0.76620699850464,0.856349044585644
YDR026C,0.121776133775711,-0.920192301273346,0.019853401989431,0.0709227629249006,0.0864258865515391,0.165480482454101,-1.06335615804643,-0.78125322824863
YDR027C,0.140370160341263,-0.855401396751404,0.0155695591951363,0.0482831367066941,0.111185097073515,0.173410491148631,-0.953953426753757,-0.760924633642777
YDR028C,0.450526803731918,-0.347143739461899,0.0284388666885637,0.0274156642296688,0.396731905887524,0.509044528504213,-0.40150287350068,-0.293244226362381
YDR035W,2.84308838844299,0.452814221382141,0.190619613618263,0.0291328747359419,2.48664522171021,3.22599503397942,0.395613827391177,0.508663687365636
YDR036C,0.39603590965271,-0.404591828584671,0.0410419703068329,0.0449863520512757,0.321206020812194,0.48104926943779,-0.493216363351995,-0.317810440790467
YDR043C,0.135337546467781,-0.927049875259399,0.0701548577438131,0.233039012588321,0.0375131512060761,0.307764398803314,-1.42581669966252,-0.511781623759683
YDR044W,0.922720432281494,-0.0374118015170097,0.0986041839522556,0.046524115412567,0.743521971007188,1.12589441339175,-0.128706193959148,0.0514976641385808
YDR046C,0.818155884742737,-0.0882292836904526,0.0575088274052183,0.030397103930317,0.712971478203932,0.938544069727262,-0.146927843696072,-0.0275453308195745
YDR047W,0.56845760345459,-0.248538106679916,0.0692781456007474,0.0531621116151308,0.439919008066257,0.70996967703104,-0.356627272607766,-0.148760276408093
YDR051C,0.354109287261963,-0.456375598907471,0.056460117589609,0.0694006496988551,0.253011671702067,0.475802083561818,-0.596859475885238,-0.32257366059631
YDR052C,0.192825242877007,-0.717768788337708,0.0224987727234496,0.0504584229683362,0.152671694755554,0.241629528130094,-0.816241473427805,-0.616849997534499
YDR054C,0.870330154895782,-0.0641994923353195,0.116814863293307,0.0581390319987608,0.659407706558704,1.12145435412725,-0.180846069184124,0.0497815865071735
YDR057W,0.271564662456512,-0.569324433803558,0.032998837994668,0.0527870193605167,0.209625477716327,0.340680299699306,-0.678556035754392,-0.467652996894009
YDR058C,0.116998232901096,-0.949251651763916,0.0332381295361981,0.12410123142418,0.062516001611948,0.190415413926045,-1.20400880766647,-0.720297973031255
YDR060W,1.05430805683136,0.0224007088690996,0.0539635440174249,0.0221696854548434,0.954707741737366,1.16515874862671,-0.0201295557212748,0.0663851004313216
YDR061W,0.222031474113464,-0.656932175159454,0.0276168453975704,0.053970274360325,0.172115742166837,0.280699998140335,-0.764179416920466,-0.551757590242804
YDR062W,1.49174296855927,0.172901079058647,0.0901993731117059,0.0262332567872817,1.3245598167181,1.67305040359497,0.12207157562884,0.223509025046927
YDR065W,0.126560136675835,-0.909115254878998,0.0288580574895114,0.100488986354834,0.0759144129231572,0.18791282363236,-1.11967578124322,-0.726043582545279
YDR068W,0.435584187507629,-0.366087585687637,0.0672330816755341,0.0671302894214489,0.315215120464563,0.577628223101298,-0.501392972814824,-0.238351599782712
YDR075W,0.357799202203751,-0.452819675207138,0.0617169561004685,0.0752328710762228,0.247555881241957,0.492670625448227,-0.606326753967394,-0.307443330938097
YDR076W,0.0830569788813591,-1.09622895717621,0.0222469363814935,0.117536854550487,0.0458306961071988,0.133181794608633,-1.33884356152215,-0.875555149649753
YDR082W,0.00941884890198708,-2.11097002029419,0.00591467273344805,0.284788822542643,0.00189444171070742,0.0247405796622236,-2.72251875324,-1.60659091853127
YDR085C,0.041549988090992,-1.39580929279327,0.0106500079590824,0.112859211085144,0.0236563887447119,0.065289194136858,-1.62605155167538,-1.1851587443489
YDR087C,1.76707983016968,0.244746536016464,0.190314174732425,0.046718888800871,1.41755817333857,2.16475519339244,0.151540889644573,0.33540878804308
YDR091C,1.88621187210083,0.274934589862823,0.103783360210837,0.0238526916303802,1.69455676476161,2.10028608640035,0.229056110326106,0.322278439100223
YDR096W,0.100264206528664,-1.00308954715729,0.0140318478324379,0.0607290469150578,0.0753495572134852,0.129585377996166,-1.12291930059667,-0.887444031577743
YDR104C,0.0476892068982124,-1.3274073600769,0.00780714212663774,0.0713892128713522,0.0338802686271568,0.0640965810666481,-1.47005327068095,-1.1931651538327
YDR105C,0.425307124853134,-0.3742635846138,0.049712006033301,0.0508485426148926,0.334825098514557,0.5276391685009,-0.47518199471155,-0.277662987599969
YDR106W,0.0163806490600109,-1.92989277839661,0.0135027911810276,0.378464431371422,0.00172697505331598,0.0529446689101556,-2.76271423648093,-1.27617794428778
YDR108W,0.137207061052322,-0.866938948631287,0.0193262495289438,0.0614190824976989,0.102015880992015,0.177847344552477,-0.991332215595444,-0.74995261493088
YDR109C,0.110427401959896,-0.962143361568451,0.0170891574313091,0.067610432228425,0.0795349389314652,0.146369204794367,-1.09944226332417,-0.834550287979404
YDR110W,0.274767577648163,-0.564232528209686,0.033294896265811,0.0528783114269431,0.213585249334574,0.344506555298964,-0.670428746331511,-0.462802539406457
YDR111C,0.146729692816734,-0.839676260948181,0.0247897719514803,0.0736000220750304,0.102670526939134,0.200189515327414,-0.988554268935071,-0.698558697906016
YDR113C,0.248437747359276,-0.61078017950058,0.0410637658160339,0.0726415483408253,0.173960046470165,0.336370142052571,-0.759550487513461,-0.473182675281446
YDR116C,0.478717178106308,-0.326885581016541,0.086025209533868,0.0779505749486264,0.326369475573301,0.669816317160924,-0.486290475006178,-0.17404428757596
YDR125C,0.0185855329036713,-1.78188979625702,0.00893805304542633,0.217680633340242,0.00555420371238142,0.0413307678264875,-2.25537839258583,-1.38372847895084
YDR129C,3.57197070121765,0.552428126335144,0.168346689547333,0.0204137606723479,3.26327107548714,3.92547631263733,0.513653146419333,0.59389236105566
YDR130C,0.234648287296295,-0.641710937023163,0.0550387609614335,0.103754716638129,0.13691810593009,0.351388369500637,-0.863539187153181,-0.454212617360157
YDR131C,0.0712924674153328,-1.15792846679688,0.0159459520100866,0.0984631958983749,0.04239471713081,0.105965810331206,-1.37268839575705,-0.974834248682403
YDR132C,0.06687992811203,-1.18771302700043,0.0163958333359336,0.107121889689616,0.0387686431718369,0.103889199656745,-1.4115194306946,-0.983429630060492
YDR135C,0.789825558662415,-0.103050157427788,0.0409618618530894,0.0224628914107593,0.714468419551849,0.872733697295189,-0.146016962838691,-0.0591182624034039
YDR141C,0.284585505723953,-0.546895146369934,0.0203781734909816,0.0310244035458741,0.246526244779428,0.327864093830188,-0.608136839654078,-0.484306176140207
YDR142C,0.105567894876003,-0.990953803062439,0.0270973593404962,0.113411906136009,0.058644711971283,0.164728347584605,-1.2317711423759,-0.78323168365173
YDR143C,0.226242139935493,-0.648715794086456,0.0278265805511977,0.0535594711838361,0.175452992071708,0.283766286820173,-0.755839228631538,-0.54703920623013
YDR145W,0.376063287258148,-0.427197754383087,0.0400538562566011,0.0462610474848376,0.301736016571522,0.461380664259195,-0.520372858169054,-0.335940610321067
YDR148C,1.16085028648376,0.063613586127758,0.0850822990530258,0.0317996367367006,1.00198497275511,1.34007198413213,0.000861179777638621,0.12712812288935
YDR150W,0.381379008293152,-0.419348925352097,0.0217634373149575,0.0247476296975637,0.340555088718732,0.426472544670105,-0.467812635077231,-0.370108922900511
YDR151C,0.434474170207977,-0.367451936006546,0.068536681747744,0.0688504631065516,0.312904105832179,0.579126405219237,-0.504588738202447,-0.237226648449444
YDR153C,0.440296530723572,-0.35938560962677,0.0528508220791319,0.0522622391006006,0.343872463454803,0.55155099829038,-0.463602600129657,-0.258414335919298
YDR160W,0.0174705144017935,-1.78038609027863,0.00564852981274306,0.142315348064352,0.00840801279991865,0.0307065360248089,-2.07530663583212,-1.51276917314214
YDR161W,0.992377519607544,-0.00512449815869331,0.0904852006710207,0.0395989595540983,0.823649329443773,1.17805708944798,-0.0842576508663928,0.0711663365998128
YDR165W,1.18328940868378,0.0717579126358032,0.0931264385489908,0.0340006652927567,1.0145940532287,1.37708942393462,0.00629230096029902,0.138962142633629
YDR168W,1.65839338302612,0.218840822577477,0.103755160958833,0.0270926148606907,1.46852111617724,1.87555915812651,0.166880192258128,0.273130766995284
YDR169C,0.245300725102425,-0.613964736461639,0.0318523703915479,0.0565448374431202,0.186114597817262,0.31199424440662,-0.730219572035297,-0.505853588259738
YDR172W,4.18758916854858,0.621538281440735,0.186196955209308,0.0192234431086165,3.86024761199951,4.57682639757792,0.586615162981613,0.66056443812415
YDR173C,0.209964036941528,-0.687010169029236,0.043213704203905,0.0895732664210948,0.134574232374628,0.306355737398068,-0.871038092281569,-0.513774030967742
YDR179W-A,0.0723152309656143,-1.15666282176971,0.0196294669408097,0.118472995924476,0.0396648890338838,0.1177395099774,-1.40159388959633,-0.929077906830861
YDR181C,0.14419661462307,-0.84758859872818,0.0250385872316707,0.0756493829500463,0.10004261204352,0.199131457755963,-0.999814988521581,-0.700860128022258
YDR183W,0.169557586312294,-0.8249791264534,0.08484099954903,0.224806889474327,0.0486462299091121,0.379768421500921,-1.31295083175845,-0.420481160248797
YDR184C,0.500572443008423,-0.306946277618408,0.086789465114969,0.0746047404232872,0.351832629740238,0.691565087437629,-0.453663889833522,-0.160166966712156
YDR186C,0.247505471110344,-0.608389258384705,0.0236261469725626,0.041447064801312,0.20380156810085,0.29748494848609,-0.690792603775054,-0.52653500482043
YDR189W,0.651772677898407,-0.187203988432884,0.0504942864585721,0.0336080865015565,0.559845404326916,0.753487951060136,-0.251931882501255,-0.122923688103065
YDR191W,0.073210321366787,-1.15710783004761,0.0229795590174751,0.139617429638611,0.034739609528333,0.123556850043436,-1.45917506750833,-0.908133172317744
YDR194C,0.970362961292267,-0.0139658097177744,0.0625853551719201,0.0279646097863619,0.854012310504913,1.10084803203742,-0.0685358689528927,0.0417273700742852
YDR200C,0.149648651480675,-0.829670906066895,0.0221307182117297,0.0643781818719245,0.110078580118716,0.196758594363928,-0.958297241344241,-0.706066292624942
YDR204W,0.405485689640045,-0.397217631340027,0.0625853440112901,0.0674349576174305,0.292774268736442,0.537821344037851,-0.533467097992022,-0.269361978661555
YDR205W,0.160812750458717,-0.797119617462158,0.0202214004069735,0.0547897328455838,0.123365051609774,0.203492035840948,-0.908807855524337,-0.691452583390306
YDR206W,0.226471453905106,-0.647063553333282,0.0221625441161204,0.0425307302638544,0.185382293040554,0.272234397133191,-0.731931801062104,-0.565057024643395
YDR208W,0.354452610015869,-0.451937168836594,0.0293985994904374,0.0360784653532554,0.299526004989942,0.415390048921108,-0.523565475328171,-0.381543916282846
YDR211W,1.5381110906601,0.186328276991844,0.0850411069744264,0.0239273686271672,1.38518526454767,1.7147651185592,0.141507862602181,0.234204639613257
YDR214W,2.44151735305786,0.386466175317764,0.181431886239874,0.0321644361191436,2.10469532012939,2.81610865791639,0.32318923539088,0.449649407303656
YDR218C,0.0257939603179693,-1.6261500120163,0.0106586665799104,0.185245459831062,0.00970884133130312,0.0499048256625732,-2.01283259639959,-1.30185745771351
YDR219C,0.252252817153931,-0.602113783359528,0.0340440579566767,0.0587286350279858,0.190877116223176,0.323841254164775,-0.719246165029795,-0.489667832254617
YDR223W,0.0101865716278553,-2.07231569290161,0.0060913462317571,0.279331952006453,0.00200556315442858,0.0252730358857661,-2.69776369590274,-1.59734259342505
YDR228C,0.225572675466537,-0.649675071239471,0.0263565392980688,0.0508181639531622,0.177583615481853,0.280875714371602,-0.750597117583411,-0.551485858938957
YDR232W,1.20100510120392,0.0785425156354904,0.0816301519347522,0.0295235389053862,1.0493619988362,1.37120139598846,0.0209253236121355,0.137101246724527
YDR234W,1.50672781467438,0.17740797996521,0.0812217702333398,0.0233201301789625,1.35690226058165,1.67606046100458,0.132548561588657,0.224289680293335
YDR237W,0.447519272565842,-0.355826199054718,0.0781122465452864,0.076315823279165,0.307376889139414,0.611905957758427,-0.512328843719976,-0.213315321426485
YDR238C,1.90276741981506,0.278944104909897,0.086122438450481,0.0195532942584962,1.75236472090085,2.08439980149269,0.243624500968981,0.318980984755805
YDR239C,0.130687385797501,-0.887397825717926,0.0169626277901574,0.0562015297295838,0.0997097186123331,0.167251209914684,-1.00126251042797,-0.776630792560861
YDR242W,0.00826032925397158,-2.16243481636047,0.00498828592935916,0.274930217407129,0.00166446302998035,0.0209493432504435,-2.77872647909617,-1.67882961331421
YDR243C,0.200919196009636,-0.700572848320007,0.0257852192283298,0.056085966102783,0.152934521436691,0.25441785082221,-0.815494471571112,-0.594452420573415
YDR245W,0.767059326171875,-0.117202550172806,0.0742807819233752,0.0420414917948802,0.627863444387913,0.924028859535853,-0.202134801844013,-0.0343144890986631
YDR249C,0.0518724992871284,-1.31196475028992,0.018045981724882,0.15650232921488,0.0224827024154365,0.0929531345143913,-1.64815148789121,-1.03173616469543
YDR251W,0.324969470500946,-0.489637553691864,0.0268797851061799,0.0358762086909113,0.276585824787617,0.379937043040991,-0.558170090037441,-0.420288373456778
YDR258C,0.932901978492737,-0.0309335850179195,0.0557049801666018,0.0258236612541213,0.834725282092889,1.04646050035954,-0.0784564375173341,0.0197228392019688
YDR259C,0.0299572609364986,-1.56949293613434,0.0137139799192797,0.205839876775235,0.00976512507380297,0.0632377564907074,-2.01032223551966,-1.19902360859207
YDR262W,0.559268414974213,-0.259841322898865,0.103728071869941,0.0808251243880908,0.375569655001163,0.778998545805613,-0.425309739883879,-0.108463391370776
YDR263C,0.0075518861413002,-2.25199151039124,0.00579325898823027,0.36185163771699,0.000913659521514395,0.0229463013509909,-3.0392164984447,-1.63928731738659
YDR264C,0.692199409008026,-0.16082689166069,0.0484221340809834,0.0303039733256643,0.60383851925532,0.796651752789815,-0.219079196359494,-0.0987314862844544
YDR266C,0.502148687839508,-0.300869882106781,0.0444781425921753,0.0384829821411023,0.418051376193762,0.595282214383284,-0.378770411087449,-0.225277145155202
YDR267C,0.296243667602539,-0.535595536231995,0.0542025822807208,0.0796317768211085,0.201443799212575,0.415092885494232,-0.695846139249939,-0.381854710202834
YDR270W,0.125450164079666,-0.904873132705688,0.0155488679632231,0.0540473115125345,0.0967562361930807,0.157422672460477,-1.01432104435527,-0.802932720493776
YDR272W,1.21532654762268,0.0805534273386002,0.168233728986669,0.0600384120062073,0.915209659437339,1.58600395123164,-0.0384795156994856,0.200304254918524
YDR273W,0.0201929863542318,-1.76066970825195,0.011039778703389,0.249075207284391,0.00497720945859328,0.046614878376325,-2.30301826359326,-1.33147545089535
YDR277C,0.0289105009287596,-1.57764863967896,0.0120586562943219,0.188497057971459,0.0105865850190942,0.0559052711042265,-1.97524432464118,-1.25254741378649
YDR279W,0.144425585865974,-0.852394223213196,0.0339763999219326,0.102969275286526,0.0868166698142886,0.21884516539673,-1.0613976772988,-0.659863071883471
YDR280W,0.833551645278931,-0.0827503353357315,0.108439364740185,0.056708022418698,0.636634143193563,1.05441890160243,-0.196110210113309,0.023013163631638
YDR282C,0.0696214735507965,-1.17558169364929,0.0200894533220842,0.127875753492315,0.0356420339706043,0.114415966967742,-1.44803792046728,-0.941513375979129
YDR285W,0.0267819184809923,-1.58679795265198,0.00695084398596772,0.113623213921569,0.0151683281641454,0.0416196022493144,-1.81906230761858,-1.38070207635208
YDR287W,0.354111552238464,-0.459631830453873,0.0714501005615407,0.0875545779593695,0.232219088077545,0.511271883547306,-0.634102774445605,-0.291348094973895
YDR288W,0.129585638642311,-0.905811607837677,0.0373400542368714,0.128154578807067,0.0663411792367697,0.21090184537073,-1.17821705252312,-0.675919635232392
YDR289C,0.224484503269196,-0.654508948326111,0.0363892112150605,0.0705497335729276,0.159459707885981,0.302766602734725,-0.797349425165396,-0.518892052320121
YDR292C,0.54050225019455,-0.268739849328995,0.0455550987743221,0.0365643968380501,0.456185348331928,0.634294152259827,-0.340858758534867,-0.197709292469785
YDR293C,0.796621084213257,-0.0993395671248436,0.0416497389238182,0.0226378599501279,0.721020519733429,0.881514038642248,-0.142052375391267,-0.0547707669084385
YDR294C,0.898016691207886,-0.0479391291737556,0.0674616587323642,0.0326170509444022,0.77214682896932,1.03501130243142,-0.11230011027156,0.0149450229471924
YDR295C,0.176550507545471,-0.756808161735535,0.0228938680583503,0.0567532787921076,0.134185646598538,0.222807626550396,-0.872293941596033,-0.65206996217574
YDR299W,0.710873365402222,-0.149777367711067,0.0603306952606749,0.0369997570114034,0.592784081896146,0.832990869383017,-0.227103467600645,-0.079359766793376
YDR301W,0.201375618577003,-0.697570145130157,0.0172011615768953,0.0370145640625765,0.169799534355601,0.237330053498348,-0.770063506314266,-0.624647265600641
YDR309C,0.848529100418091,-0.0735786333680153,0.0865108938359983,0.044164524106998,0.694037725031376,1.02831157942613,-0.158616924483519,0.0121247255595049
YDR311W,0.279725015163422,-0.555596947669983,0.0289313913809217,0.045067098916097,0.225276603425543,0.338781315584977,-0.647283939813098,-0.470080739657207
YDR313C,0.0949698761105537,-1.05674123764038,0.0374337904531953,0.176993849996363,0.0359546647717555,0.18213676251471,-1.44424518771856,-0.739602391745288
YDR314C,0.0171325895935297,-1.79633951187134,0.00631898182779644,0.165712691655451,0.00712056504562497,0.031981458235532,-2.14748554197268,-1.49510207066231
YDR316W,0.112465597689152,-0.957720339298248,0.0226291134296523,0.0874566516831352,0.0731507003307343,0.162752408285936,-1.13578153520342,-0.78847263583893
YDR317W,0.0267587136477232,-1.61553227901459,0.0117363046996866,0.199620766883856,0.00884366619090239,0.0534623702677587,-2.05336773479649,-1.27195184796096
YDR318W,0.0530931688845158,-1.30340039730072,0.0191089491187028,0.160262723746403,0.0225287777682145,0.0981472507119179,-1.64726251139612,-1.0081218612944
YDR319C,0.198009416460991,-0.72446072101593,0.0615015899377086,0.137733231051277,0.0960113853837053,0.339300925532977,-1.01767731429393,-0.469414981413653
YDR321W,3.5422637462616,0.548324882984161,0.235114750099255,0.0288367255298792,3.08884836832682,4.01965957085292,0.489796589103613,0.604189273766774
YDR322W,0.332368761301041,-0.48305931687355,0.0487293006282997,0.0639990795039499,0.243546600391467,0.433249953885873,-0.613417947740517,-0.363261475336057
YDR323C,0.0422567278146744,-1.39338755607605,0.0125699218282321,0.131253779731549,0.0212518422243496,0.0711837336421013,-1.67260343815162,-1.14761923665197
YDR324C,0.97433066368103,-0.0120544601231813,0.0578275795388799,0.0257071302450726,0.86701763967673,1.0942312280337,-0.0619720673473683,0.0391091045726648
YDR329C,0.308738559484482,-0.514222860336304,0.0410356274150614,0.057608698769163,0.235337877521912,0.395100219299396,-0.628308168451041,-0.403292730847883
YDR331W,0.59269767999649,-0.22955048084259,0.0621983337160897,0.0455493383493926,0.478147673855225,0.721904036402702,-0.320437953883878,-0.141520530380996
YDR332W,0.021943774074316,-1.68119263648987,0.00702649477673177,0.142186941156232,0.010339487134479,0.0379847297134498,-1.98550267574901,-1.42039159800491
YDR333C,0.324243873357773,-0.4908247590065,0.0286910317307575,0.0384150219869814,0.270243692398071,0.38320524096489,-0.568244447285104,-0.416568560354398
YDR335W,0.474485784769058,-0.324615687131882,0.0295029436243178,0.0269859417391209,0.419481217116117,0.534673661986986,-0.377287489083709,-0.271911332147428
YDR337W,0.327997922897339,-0.492874562740326,0.0657751124853273,0.0877162767045628,0.215345692137877,0.473256961752971,-0.666864091646687,-0.324902992090401
YDR338C,0.0996336340904236,-1.00745844841003,0.0162617569067785,0.0718815008882725,0.0698795793578029,0.133256503691276,-1.15564971981971,-0.875311586016693
YDR341C,3.83186054229736,0.582919895648956,0.182258222554722,0.0206506880973555,3.48472525676092,4.19971508979797,0.542168543071548,0.62321982836394
YDR346C,1.84677243232727,0.265550076961517,0.116490216821878,0.0273766447500162,1.63226366341114,2.08812284469604,0.212790305755485,0.319756044715413
YDR347W,0.523810088634491,-0.285335898399353,0.0755891395107478,0.062722484398805,0.387191414833069,0.684611272811889,-0.412074280836681,-0.16455595978073
YDR348C,0.398067891597748,-0.40245908498764,0.0420473770153628,0.0458596755770137,0.318620365609725,0.486145702997843,-0.496726504900162,-0.313233549617904
YDR350C,0.0665658786892891,-1.18497407436371,0.0129690618757584,0.0848631350710261,0.0442713983356953,0.0952466199174523,-1.353876760382,-1.02115042939855
YDR352W,0.361365288496017,-0.448884576559067,0.0645191584070127,0.0770447039655139,0.251066028575102,0.500702012578646,-0.60021219779669,-0.300420674142713
YDR354W,0.872956275939941,-0.0607118718326092,0.0773131658069387,0.0385163271145536,0.728043223917484,1.02975348134836,-0.137842836984969,0.0127332686363251
YDR359C,0.102170512080193,-0.993989646434784,0.0126320968349574,0.0537698509325971,0.0794809078176816,0.128556843847036,-1.09973718154474,-0.890904824123946
YDR361C,1.76899194717407,0.244971111416817,0.199044076225667,0.0490265177522749,1.40056283076604,2.17233514785767,0.146302586548919,0.336926829036828
YDR362C,0.136252582073212,-0.87011057138443,0.0195517767389319,0.0623450929991834,0.101340626676877,0.178009582931797,-0.994216431651992,-0.749556638450662
YDR363W,0.10680665075779,-0.980119705200195,0.0213340790790236,0.0875369319716085,0.0695696278785666,0.152383006115754,-1.15758033459114,-0.817063478839827
YDR365C,1.05709087848663,0.0232655722647905,0.0661472712132721,0.0271033121277164,0.9334846585989,1.19441981116931,-0.0298928162094932,0.0771569922484912
YDR369C,0.0775866508483887,-1.11497414112091,0.0114894280469679,0.0644868415728661,0.0571502296254039,0.102237761517366,-1.24298205135841,-0.99038867203736
YDR371W,0.109469778835773,-0.968726873397827,0.0208929781712752,0.0841718870341404,0.0718433973689874,0.152969323347012,-1.14361314919108,-0.815395680730798
YDR372C,1.12334108352661,0.0483928434550762,0.111554459501143,0.0428525806504257,0.92183696180582,1.36332195599874,-0.0353459083518541,0.134598423522572
YDR375C,0.167111530900002,-0.783471167087555,0.0287546576301488,0.0754515258610124,0.114704554527998,0.227407730619113,-0.940419512121757,-0.64319478658469
YDR376W,0.242345705628395,-0.619156360626221,0.0311428772809388,0.0559958932152501,0.186784246315559,0.310009389867385,-0.728659822176819,-0.508625151703371
YDR379W,0.0937977954745293,-1.03115439414978,0.0116187794819285,0.05412089857853,0.072595477104187,0.117594668393334,-1.13909043618534,-0.929612392185876
YDR380W,1.00739240646362,0.00235102348960936,0.0630758438361686,0.0271232079092324,0.89029333392779,1.14027805924416,-0.0504668785145307,0.0570107633313263
YDR383C,0.118951551616192,-0.974231064319611,0.0563592891320986,0.214171058735607,0.0375654402809838,0.25530133570234,-1.42521287114365,-0.592946924334677
YDR384C,1.81140470504761,0.255093812942505,0.210264509884239,0.0504539561216502,1.43078351020813,2.253246118625,0.155573926258254,0.352808587970542
YDR387C,0.0385360606014729,-1.43474590778351,0.0117324150898125,0.136276948171213,0.0187561204656959,0.0649829384560386,-1.72685788721596,-1.18720069994865
YDR388W,1.64648902416229,0.215659767389297,0.105868429943916,0.027942824900259,1.44451707800229,1.85492504835129,0.159722680312997,0.268326359983753
YDR389W,0.252041041851044,-0.60080474615097,0.0257694543419859,0.0445464242211919,0.203783276677132,0.305509156237046,-0.690831489512654,-0.514975769240723
YDR390C,0.476591348648071,-0.32329785823822,0.03885775192784,0.0354347013403016,0.405517251541217,0.555861903230349,-0.391990667594867,-0.255033092874177
YDR391C,0.186805695295334,-0.769003748893738,0.0799663333255607,0.192036467032028,0.0676157814761003,0.382354829708735,-1.16995193044941,-0.417533430141844
YDR392W,0.277046829462051,-0.56474381685257,0.050817584372121,0.0798996850408047,0.187662070492903,0.387861874699592,-0.726623561319488,-0.411323084203638
YDR393W,0.121055334806442,-0.925147652626038,0.0235892538735042,0.0840927273396811,0.0819347533086936,0.172640495250622,-1.08653185034156,-0.762857330033998
YDR394W,2.56637954711914,0.408433973789215,0.164308426097674,0.027742237878787,2.26052269935608,2.90868660012881,0.354208857686,0.463696929336001
YDR398W,0.755428612232208,-0.122960597276688,0.0551600771473153,0.0316529686274231,0.653502821922302,0.868398156762123,-0.184752532731274,-0.0612811290773498
YDR400W,0.406368792057037,-0.396669626235962,0.0654535748162821,0.0697681094856048,0.293465584516525,0.546732008457184,-0.532442822290084,-0.262225499568474
YDR403W,0.027481384575367,-1.59029960632324,0.00998896889465022,0.163196503398523,0.0117368436496084,0.0505899620863298,-1.9304488326671,-1.29593568329359
YDR405W,0.395028173923492,-0.415414392948151,0.0930224990544294,0.103040391538724,0.236409634103378,0.602042931318283,-0.626334866327142,-0.220372672951283
YDR409W,0.066886767745018,-1.18078458309174,0.0112374105456793,0.0732222180163888,0.0466474371341368,0.0918486814945936,-1.33117221378431,-1.03692707372636
YDR410C,0.476861178874969,-0.338620513677597,0.134281158393081,0.12249884345764,0.257329215357701,0.786640797058741,-0.589510929732204,-0.104223534043192
YDR411C,0.710791826248169,-0.15186282992363,0.0916390685870466,0.0560690095595166,0.542163214584192,0.905617504318555,-0.265870002337894,-0.0430551917848491
YDR412W,1.10103869438171,0.0327201187610626,0.227593820556437,0.0888570266196657,0.715983232359091,1.62272560596466,-0.145097157348884,0.21024508920999
YDR414C,0.100723586976528,-1.01446521282196,0.0284602064352413,0.125460721860031,0.051861405155311,0.162353552753727,-1.28515575939472,-0.789538213229545
YDR415C,0.435892522335052,-0.364727795124054,0.0597725604745465,0.0599704595858088,0.325262527664502,0.559478732446829,-0.487765975451672,-0.252216419032654
YDR416W,0.116393335163593,-0.937908709049225,0.0154921797592393,0.0577987461225501,0.0888889629393816,0.149306595077117,-1.05115216255858,-0.825921035127706
YDR427W,1.5678026676178,0.193903803825378,0.125604064012946,0.0347165100337973,1.33723948597908,1.82550463080406,0.126209188496682,0.261382938446434
YDR428C,0.292165398597717,-0.550156772136688,0.078787291199079,0.118048836352845,0.163041577488184,0.469086741407712,-0.787701832450854,-0.328746932223134
YDR430C,0.291859716176987,-0.536280453205109,0.0238798976322971,0.0355584905714667,0.247009302179019,0.341642719507217,-0.60728669480589,-0.466427964440762
YDR435C,0.274874538183212,-0.569014072418213,0.0533561759725633,0.0844569467258573,0.182858556509018,0.390291154384613,-0.737884712888382,-0.408611291520403
YDR436W,0.14145427942276,-0.853433966636658,0.0193002149262963,0.0594692486850088,0.106553690259655,0.181854541599751,-0.972431507500286,-0.74027584881372
YDR438W,0.0100619196891785,-2.12995195388794,0.00775533372153642,0.364785045499785,0.00115655733970925,0.0299687515944242,-2.93683296837826,-1.52333134804352
YDR439W,0.126932561397552,-0.910777270793915,0.0325286802962362,0.112705378355587,0.0710624072700739,0.200226065640648,-1.14836012684045,-0.698479395946704
YDR440W,0.10076466947794,-1.00372695922852,0.0181212173720014,0.0785446192929905,0.0691636055707932,0.13894861874481,-1.1601223745843,-0.857145769225461
YDR449C,0.695576250553131,-0.159641668200493,0.0667124379073389,0.0415299572249196,0.573919892311096,0.843772688508034,-0.241148722158039,-0.0737745367285355
YDR451C,0.595154941082001,-0.229021698236465,0.0773999213697052,0.0563724288995109,0.454721319675446,0.757844188809395,-0.342254685039969,-0.120420105464158
YDR456W,0.322348535060883,-0.494206935167313,0.0348343633749289,0.0469690016119862,0.259921520203352,0.393330508222182,-0.585157761927016,-0.405242423492071
YDR459C,0.0479388646781445,-1.35437798500061,0.0191318846289595,0.178638787635757,0.0185806348454207,0.092284738458693,-1.73093979772163,-1.0348701781936
YDR463W,0.711216330528259,-0.149719029664993,0.063474086566468,0.0386486120769474,0.593102205296357,0.845324976742268,-0.22687047259746,-0.0729763002116796
YDR464W,0.182159140706062,-0.741151928901672,0.0156404858084229,0.0373530683927004,0.152269045015176,0.213325214013457,-0.817388377330985,-0.670957810060735
YDR465C,0.880160331726074,-0.0572657957673073,0.0808715071767784,0.0398635915363801,0.73266105055809,1.04509902695815,-0.135096899213244,0.0191574130137869
YDR472W,0.482736021280289,-0.323834419250488,0.0900899064993746,0.081294500676818,0.326199195782344,0.676668521265189,-0.486517116870823,-0.169624026798019
YDR473C,0.0694890841841698,-1.17106115818024,0.0169585823990927,0.107135177713881,0.0405194233171642,0.107439413666725,-1.39233677847832,-0.968836370424976
YDR475C,0.0976360291242599,-1.0145720243454,0.0135448753996274,0.0604525569801335,0.0729347988963127,0.126155419647694,-1.13706521019099,-0.899094087429161
YDR477W,0.66472339630127,-0.17863267660141,0.0510515027559658,0.0332356076671039,0.569361720482508,0.77261138856411,-0.244611735646507,-0.112038894686745
YDR479C,0.106033593416214,-0.982730686664581,0.0205980618382406,0.0846407106162137,0.0692798448105653,0.151287313426534,-1.15939309448922,-0.820197495678633
YDR480W,0.225288227200508,-0.657966375350952,0.0501512526127455,0.0969270518268874,0.139442169045409,0.3338940401872,-0.855605950448097,-0.476391408804909
YDR481C,1.87164986133575,0.271441608667374,0.112473808325865,0.0260828167422993,1.66056862274806,2.10288837353388,0.220256825090065,0.322816214580822
YDR484W,0.141679719090462,-0.853391408920288,0.0208652426281689,0.0640692223243451,0.103909588977695,0.186855869740248,-0.983344383196701,-0.728493367925065
YDR486C,1.01871466636658,-0.00222839787602425,0.221616013242514,0.0950637058006649,0.642558255791664,1.50767592887084,-0.192087493972298,0.178307777747944
YDR489W,0.173854932188988,-0.775525212287903,0.0466143244242448,0.118042295942734,0.0951546380917231,0.278758376836777,-1.02157017120452,-0.554772072968625
YDR490C,0.162297740578651,-0.792863965034485,0.0196584500850642,0.052597776296672,0.126166304821769,0.204093700026472,-0.899056641019528,-0.690170401378122
YDR492W,0.603883862495422,-0.223418414592743,0.0856943701007935,0.0617883406109903,0.449133635312319,0.786713873843352,-0.347624420400244,-0.104183193787845
YDR494W,0.241438716650009,-0.623149156570435,0.039916115789096,0.0722489337718722,0.168867918103933,0.325333828727404,-0.772452851903571,-0.487670775745345
YDR495C,0.112390771508217,-0.95226377248764,0.0132288426708775,0.0510448163303111,0.0879931598901749,0.141345576693614,-1.05555108622949,-0.849717779788166
YDR497C,1.50857841968536,0.17774860560894,0.0927652204789692,0.0266735973552775,1.33903502523899,1.69783475498358,0.126791937013069,0.229895416614991
YDR498C,0.195165947079659,-0.71640807390213,0.0345871126845792,0.0772419676420197,0.132408737639586,0.27041041230162,-0.8780834823472,-0.567976773195571
YDR505C,0.293419152498245,-0.534139752388,0.0254806940708991,0.0375967428170751,0.246934560810526,0.347569544861714,-0.607418122489269,-0.45895828886348
YDR506C,0.0872664526104927,-1.06644105911255,0.0159475434656345,0.0800137901062245,0.0586130009032786,0.120326932209233,-1.23200632032272,-0.919637155769295
YDR514C,0.220138177275658,-0.661310851573944,0.0298934603168052,0.0591299182145987,0.165971226493518,0.282250732183456,-0.779967206239552,-0.549364922803092
YDR515W,0.192761838436127,-0.720174491405487,0.029800720721121,0.0674155646351428,0.138338497405251,0.25776870350043,-0.859057169890567,-0.588769815617258
YDR516C,0.443535834550858,-0.355187147855759,0.0437550997848418,0.0429469630428374,0.361707637955745,0.531740599373976,-0.441642320586832,-0.274300185891916
YDR517W,0.884549975395203,-0.0553114265203476,0.0856127536458229,0.0420980850900331,0.724462227026622,1.05813391009967,-0.13998428308288,0.0245406264053582
YDR518W,0.634334564208984,-0.199337869882584,0.0555423149686384,0.0379247740107796,0.53138385762771,0.752327651778857,-0.27459166151514,-0.123593012632604
YDR520C,0.107664853334427,-0.972631335258484,0.0158176577365697,0.0641459275062283,0.0785674213121335,0.140057771404584,-1.1047575018352,-0.853692790644265
YDR523C,0.00618440844118595,-2.32715225219727,0.00455760067789027,0.341762148591654,0.000856862931201855,0.0182640367963662,-3.06708958593102,-1.73840328613479
YDR528W,0.240793168544769,-0.623138248920441,0.0355551690339548,0.0647694167395014,0.174108800167839,0.314353107412656,-0.759179280922392,-0.502582292745172
YDR530C,0.162440866231918,-0.801204562187195,0.0379896383116678,0.102373061459857,0.0998526917149623,0.245294772709409,-1.00064022356515,-0.610311711367933
YDR532C,0.0645609498023987,-1.20968985557556,0.019219909163928,0.132896116525616,0.0324489255746206,0.107543092593551,-1.48879971144673,-0.968417507003389
YDR533C,0.387040883302689,-0.431567668914795,0.115838700872381,0.130867388465686,0.199149889498949,0.650042159855366,-0.700821212031074,-0.187058499792862
YDR534C,0.160829529166222,-0.79905754327774,0.0253900828211925,0.0689112153448436,0.113330847149094,0.217379337797562,-0.94565188504542,-0.662781752499942
YDR536W,0.0138235045596957,-1.90745103359222,0.00635633053610412,0.212524738344387,0.00422622263431549,0.0288040754540512,-2.3740476283656,-1.54054687580392
YDR538W,0.127227202057838,-0.943210959434509,0.0592901175245876,0.210219565500396,0.0401704114551346,0.271128743886948,-1.39609374049487,-0.566824437971881
YDR539W,0.379375845193863,-0.42359659075737,0.0419927377997425,0.0482225222603106,0.301123521476984,0.4646838106215,-0.521255319794799,-0.33284245868973
YEL072W,0.0360637083649635,-1.61667788028717,0.0321762874057967,0.422817907249458,0.00260999795670311,0.122000146222611,-2.58336082156395,-0.91364020158599
YEL071W,4.15445137023926,0.617912590503693,0.219273307398221,0.022872521445883,3.75664676229159,4.60831022262573,0.574800343362701,0.663541707272708
YEL065W,0.868054389953613,-0.0624663345515728,0.059387479509001,0.0296784810354834,0.755730117360751,0.992833588520686,-0.121633305429199,-0.00312354801982348
YEL063C,0.867534577846527,-0.062806710600853,0.0615919541501647,0.0308431756002704,0.75080275485913,0.990129391849041,-0.124474149853742,-0.0043080492307766
YEL062W,0.0975717976689339,-1.01720678806305,0.0168754377407678,0.075718207288884,0.0674751433854302,0.133113914107283,-1.17085629747766,-0.875776548308985
YEL060C,1.47164106369019,0.167028501629829,0.088100548228164,0.0258685205870586,1.31419212818146,1.66308885216713,0.118658858801954,0.220915449505967
YEL058W,1.72029161453247,0.234735980629921,0.108984364574528,0.0273915016503385,1.52211513022582,1.94834830860297,0.182447499719997,0.289666598831779
YEL057C,0.0598256476223469,-1.34277129173279,0.0443660411219768,0.344115615524854,0.00753779243677855,0.177617624526223,-2.12275582560263,-0.750513948475368
YEL056W,0.401584535837173,-0.400245487689972,0.0547496280965084,0.0592124146592941,0.303174541393916,0.520105183124542,-0.518307270939973,-0.283908818228299
YEL055C,0.831296980381012,-0.0810005813837051,0.0491583458230251,0.0256609737302609,0.739394449194272,0.933941668768724,-0.131123816670887,-0.0296802555844738
YEL052W,0.311297237873077,-0.510224878787994,0.0389886903811102,0.054472601098258,0.240193443869551,0.392203450699647,-0.619438925048155,-0.406488590345017
YEL051W,4.09687948226929,0.610082745552063,0.42956348710354,0.0453420841512755,3.31960149010022,5.0251093506813,0.521085948188602,0.701145516596474
YEL050C,0.445345997810364,-0.354871273040771,0.0569945838880657,0.0558656130488703,0.341095557063818,0.561720550060272,-0.467123937857505,-0.250479687545392
YEL047C,1.663987159729,0.220164254307747,0.112253351502947,0.0292638523036031,1.45723313391209,1.89667701721191,0.163529036736527,0.277993381713592
YEL042W,1.70397913455963,0.230586186051369,0.108364838900392,0.0276303418337452,1.49824357032776,1.92661135395368,0.175582422609359,0.284794114174531
YEL041W,0.0360344052314758,-1.46846234798431,0.012146248287669,0.150776028666247,0.0163940421616038,0.0630107820034027,-1.78531411539173,-1.20058513048398
YEL038W,1.50386333465576,0.168275862932205,0.304539314327653,0.0886030621234796,0.973306420942148,2.15336112181346,-0.0117504777150616,0.333116843376153
YEL037C,2.45548796653748,0.389070719480515,0.172762432933822,0.0304281316274971,2.14177132050196,2.82672448952993,0.330773098545844,0.451283481458198
YEL032W,0.600987493991852,-0.222008123993874,0.0382460063974822,0.0275234539611636,0.532874848941962,0.68250125447909,-0.273374777902148,-0.165896570375195
YEL031W,2.57607984542847,0.410604685544968,0.104739747069427,0.0175701353340135,2.39231954415639,2.8000659942627,0.378819186069279,0.447168267273066
YEL030W,0.0136114452034235,-1.90820467472076,0.00594018859697796,0.19672324901887,0.00467949158822497,0.0273104169561217,-2.32980139777265,-1.56367173364002
YEL029C,0.379741758108139,-0.427616596221924,0.0686895570785403,0.0789150198935129,0.25777524014314,0.529829802612464,-0.588758799993426,-0.275863616640876
YEL023C,0.00628212792798877,-2.28480172157288,0.00384497251484993,0.282978481776257,0.00125502642476931,0.0161058951790134,-2.90134932658596,-1.79301513206834
YEL020C,0.0729547739028931,-1.14848637580872,0.0167426719673867,0.101084598063619,0.0441056378185749,0.110156258754432,-1.35550589313983,-0.957990825819331
YEL019C,0.0801422819495201,-1.14777946472168,0.0393296257484048,0.217603403263266,0.0241663177497685,0.177600959688425,-1.61679147677304,-0.750555811695203
YEL018W,0.351132273674011,-0.465576857328415,0.0788991717194763,0.098795902329157,0.213650138303637,0.525918925305207,-0.670296855289539,-0.279081381065499
YEL017W,0.453210353851318,-0.349147319793701,0.0717243238799248,0.069022966614279,0.32293622965614,0.607523124913375,-0.490883381057357,-0.216437187580321
YEL013W,1.25559556484222,0.0978965610265732,0.0833118955659296,0.0287974495669378,1.0951466580232,1.42611357569694,0.0394722821907485,0.154154103136335
YEL011W,0.0661927089095116,-1.18717515468597,0.0126356634356392,0.0838845097269827,0.0434511713683605,0.0931644287581245,-1.36199851123009,-1.03074987690643
YEL009C,1.24772322177887,0.0927871912717819,0.154882027670951,0.0538439490862026,0.964040398597717,1.58660340309143,-0.0159047663871626,0.200468381465503
YEL007W,0.503398656845093,-0.299555033445358,0.0414047220123611,0.035735135998356,0.427493900060654,0.58806848526001,-0.369070077868905,-0.230572093926318
YEL005C,0.0653992965817451,-1.23160791397095,0.0301275110656786,0.209308310819629,0.0201072628144175,0.135941254720092,-1.69664706692208,-0.866649077202333
YEL002C,2.73570227622986,0.436186969280243,0.174723227929836,0.0276677486524562,2.41398513714472,3.10452735821406,0.38273458598494,0.491995487670316
YER002W,1.71750020980835,0.228726536035538,0.289861515559776,0.0734458666205261,1.2022473136584,2.33614521225293,0.0799937077332366,0.368499824273612
YER003C,4.67009210586548,0.668641328811646,0.262674961932644,0.0243749507898207,4.18099645376205,5.22325801849365,0.62127979806857,0.717941479645208
YER006W,2.20070362091064,0.341811001300812,0.129690537072435,0.0255283360244629,1.96217276056608,2.47673106193542,0.292737242118956,0.393878849612536
YER010C,0.210224688053131,-0.712494194507599,0.0849905839255595,0.178539485714062,0.0788783303151528,0.412042035410801,-1.10304238383862,-0.385058570628739
YER014W,0.144613564014435,-0.845268547534943,0.0229877227542775,0.0692147720789079,0.102026484161615,0.193522258847952,-0.991287121755831,-0.71326908994771
YER015W,0.0329219251871109,-1.49698734283447,0.00853642782310429,0.112948364288882,0.0183975448987136,0.0521326542831957,-1.73524040828767,-1.28289027056941
YER016W,0.513788223266602,-0.293198645114899,0.0695930368502974,0.0589945989552125,0.386910391350587,0.658188700675964,-0.412389633595833,-0.18164957764207
YER017C,0.40710523724556,-0.391877621412277,0.0348527410212167,0.0371314519539248,0.343275179217259,0.480636630704006,-0.464357643277462,-0.318183133774313
YER021W,2.28008961677551,0.357238084077835,0.131055087729922,0.0249002434742414,2.04068064490954,2.55785718957583,0.30977502791155,0.407876292992323
YER022W,0.249070465564728,-0.605965852737427,0.0255641612082809,0.0446194205647915,0.202061909561356,0.301704746981462,-0.694515584974116,-0.520417857615528
YER023W,5.00827026367188,0.698363363742828,0.392874534643069,0.0338770925552521,4.2987894654274,5.83613440990448,0.63334617138051,0.766125264929875
YER024W,0.0192025043070316,-1.73411798477173,0.0054299956121626,0.124770833589281,0.0100598150709023,0.0311073274972538,-1.99741000285951,-1.50713729898783
YER026C,3.23174500465393,0.507758617401123,0.284002858626895,0.0382297289595409,2.69188537995021,3.82714860637983,0.430056552443242,0.582875307214699
YER028C,0.0597488284111023,-1.24506270885468,0.0186946049669245,0.13827409914353,0.0294157170069714,0.103809139194588,-1.5314205623067,-0.983764423178945
YER039C,0.0427426733076572,-1.4701167345047,0.0289668317856577,0.313271975677275,0.00682093726160626,0.116242282092571,-2.1661563453812,-0.934635872467071
YER041W,0.0282919649034739,-1.56517457962036,0.00786303959158688,0.122075435530926,0.0153770194233706,0.0457160545513034,-1.81312793136651,-1.3399312628303
YER043C,13.1396579742432,1.11812210083008,0.608765076797179,0.0200513326910277,12.038593228658,14.4332415819168,1.08057574022743,1.15936387147066
YER047C,0.107246920466423,-0.973188877105713,0.0137296238251959,0.0558501258442013,0.081497320967416,0.1352557019641,-1.08885669672249,-0.868844432491223
YER048C,1.10812258720398,0.0429059788584709,0.0977940159843115,0.0382106585085895,0.92896334528923,1.31205081939697,-0.0320014232714887,0.117950656805073
YER049W,1.37133920192719,0.136450186371803,0.0776039660241053,0.0245605567814559,1.22787658075492,1.53183839917183,0.0891547130563613,0.185212951509351
YER052C,2.59464883804321,0.413437008857727,0.141258040100171,0.0235844638728331,2.32682221531868,2.89598317543666,0.366763201007491,0.461796033145787
YER053C,0.0892178118228912,-1.0756504535675,0.0310685151732295,0.15296092706964,0.0402214767411351,0.16081617983679,-1.39554199457362,-0.793670719640112
YER054C,0.0138990981504321,-1.90159332752228,0.00626732384113342,0.202897586431338,0.00444132704287767,0.0288308642494182,-2.35248951555299,-1.54014246373692
YER059W,0.196903944015503,-0.71200168132782,0.0334270949000253,0.0739753049559671,0.135895619913936,0.268771349390348,-0.86679454271821,-0.570617046863947
YER065C,0.0291207879781723,-1.56023943424225,0.00974968600400346,0.148138523168574,0.0132867655484006,0.0511319786310196,-1.87658109728107,-1.29130740125142
YER069W,0.240773558616638,-0.620266139507294,0.0223630360106802,0.0403945194004957,0.199988942841689,0.287117907901605,-0.698994017107681,-0.541939719239803
YER076C,0.0803927257657051,-1.12821519374847,0.0311909243869526,0.174440804339842,0.0320251541833083,0.153608929365873,-1.49450877956364,-0.813583546034514
YER077C,0.0932390093803406,-1.03612947463989,0.015100606691574,0.0708783941074347,0.0659070666879416,0.125417650987705,-1.18106801701107,-0.901641341419222
YER080W,1.16038906574249,0.063761942088604,0.0724083001079511,0.0270072742930749,1.02399701277415,1.30875305235386,0.0102986863157976,0.116857707534458
YER082C,0.546459913253784,-0.264176875352859,0.0488328597634208,0.0388790456974783,0.455572707206011,0.648664057254791,-0.341442302481887,-0.187980165840964
YER083C,0.744517505168915,-0.133063763380051,0.112321110229514,0.0656882025717866,0.539178237815698,0.9856678545475,-0.268267645885326,-0.00626941123165683
YER086W,2.54778623580933,0.405528217554092,0.137939824466712,0.0234696433566989,2.29165403445562,2.83168246348699,0.360149052917768,0.452044550788895
YER089C,0.962917983531952,-0.0178526863455772,0.0786398937364531,0.0353921190003339,0.822578608989716,1.1250340739886,-0.0848225884306854,0.0511656760390072
YER090W,3.34601640701294,0.523929953575134,0.175938731751611,0.0227708006321095,3.02033159335454,3.71181291143099,0.480054624038814,0.569586077722425
YER091C,6.03912830352783,0.780600905418396,0.251124935599205,0.0179745207789765,5.59136592547099,6.57459314266841,0.7475179151014,0.817868881651278
YER093C,0.0735166072845459,-1.13746380805969,0.00980379497955829,0.057920194611384,0.0563556804011265,0.0935084929689765,-1.24906230550207,-1.02914895458091
YER095W,0.442837506532669,-0.357416391372681,0.0575249588418202,0.0565109845193702,0.336691671609879,0.565391916036606,-0.47276766394086,-0.247650423878082
YER096W,0.0156636890023947,-1.86017990112305,0.00784379727017005,0.226210345157302,0.00446697683461631,0.0342318834426502,-2.34998630011767,-1.46556921231635
YER099C,0.630140066146851,-0.20495268702507,0.0895569463290409,0.0619267290528053,0.465992593765259,0.821842573086421,-0.331621074580804,-0.0852113653017298
YER100W,1.06534254550934,0.0211080871522427,0.183750238077827,0.0745002652785999,0.752957344055176,1.47269195218881,-0.123229626410437,0.168111872947826
YER101C,0.128797680139542,-0.89919114112854,0.0264414122267716,0.0892455514128402,0.0843359348053734,0.186806547393401,-1.07398750087519,-0.728607995836877
YER106W,0.0222167950123549,-1.75219762325287,0.0149201905166689,0.310058605764794,0.00361018506810069,0.0591086656165619,-2.44247116319439,-1.22834892559335
YER107C,0.551682651042938,-0.261833012104034,0.0705720528265858,0.0553187126742618,0.428337638328473,0.704201165338357,-0.368213765985113,-0.152303271060983
YER110C,4.15018558502197,0.617731392383575,0.163850238273594,0.0170680290024428,3.86245944698652,4.49754803578059,0.586863932329981,0.652975810435067
YER111C,0.146272480487823,-0.837355732917786,0.0157715160410891,0.0468164440826467,0.117735403527816,0.178716918701927,-0.929092934189781,-0.747834335222241
YER116C,0.178715080022812,-0.768040001392365,0.0541753544549608,0.134319111656865,0.0887355042000612,0.299562990665436,-1.05190258116371,-0.523511842316366
YER118C,0.693366527557373,-0.161799862980843,0.078090007216982,0.0491215330449325,0.548561348517736,0.857033320267995,-0.260774796180969,-0.067002293002696
YER119C,0.362339705228806,-0.444332957267761,0.0456669784721101,0.054839763099078,0.278511723875999,0.458734486748775,-0.555156534685667,-0.338438609257267
YER120W,7.61651039123535,0.879475176334381,0.782973791017521,0.0445363303264717,6.20571439266205,9.29804515838623,0.792791784028126,0.968391651116839
YER122C,1.74192774295807,0.240131661295891,0.112151447735404,0.027947983217954,1.53372586170832,1.97214389145374,0.185747739713414,0.294938598075391
YER123W,0.265441954135895,-0.579493880271912,0.0335955517446486,0.0549213293782368,0.20433257445693,0.335885692387819,-0.689662442551236,-0.473808583719507
YER125W,1.41489350795746,0.150125756859779,0.0744705727788744,0.0227933853269883,1.27694082955519,1.56725919644038,0.106170773206474,0.195140820819134
YER126C,1.6763151884079,0.220590502023697,0.220976533584633,0.057297911041787,1.27237485051155,2.14452558159828,0.104615065013789,0.331331227814569
YER129W,0.111806556582451,-0.954954028129578,0.0140182889375374,0.0546607820775868,0.0868001755947868,0.140287187943856,-1.06147946923959,-0.85298199346221
YER130C,0.287067651748657,-0.546354949474335,0.0405919969710076,0.0615474903681687,0.213427941128612,0.372117513418198,-0.670748726054017,-0.429319889942545
YER133W,3.23916006088257,0.508909404277802,0.271821176747878,0.0363803932304253,2.74022564888,3.81215203404426,0.437786310129651,0.581170206650622
YER136W,1.85075306892395,0.266314804553986,0.127931274520698,0.0299361750573585,1.61383320490519,2.11455917358398,0.207858512085619,0.325219842900474
YER139C,0.40629968047142,-0.417670398950577,0.141499008662606,0.154475591469839,0.178075783575575,0.734269067645072,-0.749395138633271,-0.134144879999842
YER140W,0.0897693559527397,-1.05498588085175,0.0172442798130373,0.0846509320147231,0.0588104185337822,0.126127599552274,-1.23054573419322,-0.899189869649839
YER141W,0.59302419424057,-0.228870704770088,0.0562215171663589,0.0410988536582688,0.491075118134419,0.710878409445285,-0.308852099303585,-0.148204723676666
YER142C,0.224940448999405,-0.658815503120422,0.0501491169855985,0.0980833489180139,0.138089627027512,0.334403573224942,-0.859838943390291,-0.475729094022888
YER148W,1.25636601448059,0.0926090776920319,0.218167969712229,0.0753437812084021,0.878803760310014,1.73637284139792,-0.0561080935569818,0.239642947475441
YER151C,0.657177269458771,-0.18316176533699,0.0410285231200933,0.0270785655975954,0.581348984440168,0.740745283663273,-0.235563081926319,-0.130331105318243
YER152C,0.659632623195648,-0.182785928249359,0.0648058178557631,0.0425969286834206,0.541304974257946,0.796926884849866,-0.266557982928601,-0.0985815384383084
YER153C,0.142775759100914,-0.880773425102234,0.0570889683857645,0.179850949707552,0.0524513450451195,0.275888144473234,-1.28024338224314,-0.559267494444897
YER156C,1.93968534469604,0.286114484071732,0.167880572971785,0.037461809490266,1.63147447903951,2.29981700181961,0.212580282300249,0.36169327944184
YER157W,0.175472214818001,-0.758566081523895,0.0198589021549914,0.049160557644084,0.138144035885731,0.218328664576014,-0.859667860728516,-0.660889250822783
YER158C,0.0495174489915371,-1.31820034980774,0.0120888659159984,0.107090721349409,0.0280151416547596,0.0764543602863947,-1.55260717730701,-1.1165978150431
YER161C,0.310545563697815,-0.513978004455566,0.0518506450169571,0.0732526008832613,0.215152916063865,0.422068940848112,-0.667252763699134,-0.374616605541766
YER163C,0.472620129585266,-0.343126654624939,0.134934865031327,0.12520412080817,0.248582684248686,0.781935940186182,-0.604529131704254,-0.106828874509016
YER171W,0.281094759702682,-0.553032398223877,0.0262419709825995,0.0404802876488392,0.232880478103956,0.336301020036141,-0.632866947502645,-0.473271854364849
YER173W,0.046945333480835,-1.34020483493805,0.0109276725665663,0.102147066059716,0.0279363592000057,0.0706123227874438,-1.55383026638276,-1.15111954181252
YER174C,0.49716904759407,-0.314800679683685,0.11336029928476,0.0998750164508806,0.297534307589134,0.739820847908655,-0.52646298811244,-0.130873501614113
YER178W,8.31057071685791,0.919083714485168,0.417859820851046,0.0217490514408473,7.54389328956604,9.18649544715881,0.877595536534855,0.963149857152284
YER179W,0.0251592919230461,-1.66015863418579,0.0132240088752132,0.239436771649612,0.00645317409265166,0.0572430863355596,-2.19022671629428,-1.242277102539
YER182W,0.307993471622467,-0.527963697910309,0.08508034788158,0.120916594619349,0.169578303272525,0.497347547610601,-0.77062972265489,-0.303340027078617
YER184C,0.00939862709492445,-2.06706786155701,0.00400039469617792,0.192079372537562,0.00328528041912553,0.0186642800457776,-2.48342759620538,-1.72898882370749
YER185W,0.0144725861027837,-1.95229923725128,0.0104674594393031,0.331734502241358,0.00203266952303238,0.0415387600660324,-2.69193322475296,-1.38154647131842
YER186C,0.0140871135517955,-2.00388121604919,0.0118901372344962,0.392855626806207,0.00133576907004075,0.0458926397686203,-2.87426864664934,-1.33825696140685
YFL055W,0.0175396148115396,-1.7963615655899,0.00750528720806725,0.191080399902337,0.00654929107986391,0.0350467439740896,-2.18380763852248,-1.4553523246006
YFL054C,0.0247888937592506,-1.6301988363266,0.00830212049339327,0.148064917468975,0.0115998183144256,0.0436972294623653,-1.93554886303116,-1.35954612324675
YFL053W,0.0048056673258543,-2.42806339263916,0.00337041807101011,0.329005490551443,0.000716035212099087,0.0134786109362418,-3.14506575480041,-1.87035486294373
YFL052W,0.0152283143252134,-1.8771550655365,0.00793371975448037,0.236299489390818,0.00400043782622864,0.0346848196970919,-2.39789248433986,-1.4598609880156
YFL049W,0.203790083527565,-0.693946838378906,0.0245395771854352,0.0521568088027293,0.159555717309316,0.256877046326796,-0.797087734926268,-0.590274701203487
YFL048C,1.37776672840118,0.138149052858353,0.094933995505224,0.0298847191644892,1.19788264334202,1.57564165393511,0.0784142682854875,0.197457453348029
YFL047W,0.283242225646973,-0.549857497215271,0.0273336781531977,0.0418438537126656,0.233062514166037,0.339868862430255,-0.632527589168799,-0.468688624060984
YFL044C,0.604150533676147,-0.223719045519829,0.0903831337385514,0.0652358471824227,0.440261947115262,0.79667515506347,-0.356288876257666,-0.0987187311242009
YFL041W,0.716239809989929,-0.146063610911369,0.0514920559950747,0.0312379743116868,0.618840836981932,0.822055610517661,-0.208421035585878,-0.0850988159269614
YFL037W,4.14267444610596,0.616613864898682,0.229663857715924,0.023986727833281,3.72305039763451,4.63078682025274,0.570898914300285,0.665654788552576
YFL034C-B,0.349807739257812,-0.466664105653763,0.0766278946167987,0.0962439698414162,0.213414767384529,0.518277240296204,-0.670775761760802,-0.285438078734196
YFL033C,0.117797143757343,-0.930972337722778,0.0116066845601194,0.0428004028508647,0.0962819345295429,0.142105150471131,-1.01645519308371,-0.847390186456573
YFL031W,0.0541399642825127,-1.36785590648651,0.0365450498695817,0.316949495741874,0.00809020343391846,0.148127167796095,-2.09204057949061,-0.829365768653562
YFL030W,0.0140818832442164,-1.92890822887421,0.00826777529847477,0.27434927287519,0.00285585395758972,0.0343669844480852,-2.54426438834079,-1.4638586616508
YFL029C,0.201084956526756,-0.703904449939728,0.0367457461796378,0.0800508039667396,0.133001939704021,0.283298760652542,-0.876142025396033,-0.547755325384044
YFL027C,0.103421449661255,-0.993381917476654,0.0198603478483891,0.0837216481749826,0.0684351005281011,0.147129604468743,-1.16472146153214,-0.832300446123571
YFL026W,3.20593214035034,0.505182564258575,0.191595071960702,0.0258859442641358,2.84942004481951,3.5969923555851,0.454756441551826,0.555939514619168
YFL024C,0.113898083567619,-0.947324395179749,0.0151659635896337,0.0578431028321384,0.0863792859638731,0.146291106939316,-1.06359039052224,-0.834782073905941
YFL022C,3.91552305221558,0.592226982116699,0.199812704915481,0.0220737627853899,3.55102396011353,4.33094130754471,0.550353602662073,0.636582297741754
YFL018C,3.27205061912537,0.514204502105713,0.174859022508119,0.0230963724515194,2.95240991314252,3.63316260576248,0.470176654844931,0.560284831958247
YFL016C,0.827862918376923,-0.0834065079689026,0.0656320800822117,0.0344558576956587,0.703606812655926,0.963118314743042,-0.152669971236252,-0.0163203584790068
YFL013C,0.279038965702057,-0.556392669677734,0.0272145967720075,0.042289631344669,0.229876698056857,0.335802865773439,-0.638505055085198,-0.473915610549093
YFL011W,0.0113602476194501,-2.01042580604553,0.00618913999898397,0.248191873717454,0.00293286144733429,0.0262131612592687,-2.53270845324157,-1.58148063388023
YFL007W,0.514838397502899,-0.288915932178497,0.0268041467114528,0.022542207823209,0.464619459460179,0.570139231781165,-0.332902604838697,-0.244019075141118
YFL004W,2.09102129936218,0.319872826337814,0.0990724961234429,0.0205217091558582,1.90885322491328,2.29934573570887,0.280772533413318,0.361604277323624
YFL003C,0.00826566480100155,-2.13036108016968,0.00380566373762638,0.210235593488175,0.00262759387454328,0.0169731646310538,-2.58044182493817,-1.77023720954834
YFR002W,0.626551151275635,-0.204004973173141,0.0417891796104714,0.0288835354915196,0.549442957341671,0.714677599569162,-0.260077389172204,-0.145889832154773
YFR007W,0.174723163247108,-0.767794907093048,0.0377203453655162,0.0944731113863729,0.109009015746415,0.258480407794316,-0.962537586734854,-0.587572450826553
YFR009W,1.90858674049377,0.280165880918503,0.0959430577178053,0.0217757288051749,1.73321651518345,2.10822422703107,0.238852818141489,0.323916799779838
YFR010W,1.64265668392181,0.214654758572578,0.105617894576984,0.0278464037610463,1.44244449237982,1.85319602489471,0.15909910791614,0.267921359970497
YFR013W,0.215834528207779,-0.668445348739624,0.0234483095414909,0.0473047784927274,0.173523093511661,0.265860926608245,-0.760642721713946,-0.575345488570567
YFR014C,0.268718749284744,-0.575235188007355,0.0389126211981038,0.0628686737763276,0.198161936675509,0.348485634475946,-0.702979781325572,-0.457815163992563
YFR016C,0.248559296131134,-0.605950951576233,0.0198726111265862,0.0346532709906922,0.211674738923709,0.289483475436767,-0.674330967220984,-0.538376222050531
YFR018C,0.384839564561844,-0.41972815990448,0.0585065490823358,0.0661229161802214,0.278366928795973,0.512744714319706,-0.555382366531677,-0.290098808000539
YFR019W,0.125940829515457,-0.901359736919403,0.0105604914319963,0.0364393412915505,0.106126595412691,0.147179924448331,-0.974175769048691,-0.83215143483051
YFR020W,0.0651013553142548,-1.30580425262451,0.0479649349025069,0.344132676395413,0.00860005710273981,0.191022834554315,-2.06549866511428,-0.718914734349978
YFR021W,0.284365147352219,-0.549910545349121,0.0376094870717202,0.0574328780174738,0.215857704853018,0.365723216285308,-0.66583244507585,-0.436847469764571
YFR022W,0.00796822272241116,-2.16102910041809,0.00426267520766253,0.241370383934615,0.00207736241281964,0.0184673338973274,-2.68248780479411,-1.7335958217125
YFR024C-A,1.62771129608154,0.210428759455681,0.11872091392002,0.0315837288213314,1.40438752770424,1.88217158516248,0.147486962491468,0.274659176166161
YFR025C,0.330030530691147,-0.48814058303833,0.0579940444810083,0.0765381832821849,0.227587499717871,0.453887553016345,-0.642851731083727,-0.34305173228749
YFR030W,0.2889603972435,-0.540488541126251,0.0225771058592574,0.0339708127852518,0.246355578675866,0.335151693721612,-0.608437599266793,-0.474758590244652
YFR031C,0.125465780496597,-0.903855979442596,0.0131366532061374,0.0455192312150346,0.101761342957616,0.15250881947577,-0.992417247566185,-0.816705050032557
YFR032C,0.0257006958127022,-1.68280935287476,0.0165280500908291,0.300756044694114,0.00429772909265012,0.067210931951801,-2.36676143488202,-1.17256008483358
YFR038W,0.189256593585014,-0.725479006767273,0.02046805740506,0.0469207143395487,0.15161623172462,0.233304813504219,-0.819254315954264,-0.632076300825812
YFR039C,0.310209155082703,-0.511537134647369,0.0376845445719591,0.0527285842011932,0.241276721780499,0.391632535805305,-0.6174845778195,-0.407121255880663
YFR041C,0.540593445301056,-0.272896289825439,0.0879485045693559,0.0710833435773889,0.382571549713612,0.729531685014566,-0.417287350165247,-0.136955845600914
YFR043C,0.256834596395493,-0.621061086654663,0.0958049436903459,0.166927615168335,0.105871160638829,0.478126056243976,-0.975222342084584,-0.320457589420726
YFR045W,0.0915463343262672,-1.06562471389771,0.0322889785615525,0.156895704033523,0.0392885762577256,0.167112091183662,-1.40573415676206,-0.776992168869301
YFR046C,0.052713755518198,-1.30764102935791,0.0194406217238483,0.163387522267896,0.0222706624617179,0.097214280006786,-1.65226686463587,-1.01227051284417
YFR047C,1.15010786056519,0.0572138912975788,0.146946660781314,0.055371801348274,0.884014308452606,1.46072673797607,-0.0535407055392784,0.16456897891243
YFR050C,2.11857914924622,0.322743356227875,0.262316079080527,0.0535375875458835,1.6547075510025,2.67632038195928,0.218721248740849,0.427538099223686
YFR051C,1.77828550338745,0.249161273241043,0.110816478367105,0.0270317361765894,1.56952895422777,2.00824396014214,0.19576933083823,0.302816466840833
YFR052W,2.70001840591431,0.429023772478104,0.280222592410539,0.0452081303525102,2.17267455061277,3.27907063762347,0.336994672494954,0.515750771769243
YFR053C,0.339822888374329,-0.47197413444519,0.0415545533204606,0.0529679977945914,0.264159447451433,0.42685419023037,-0.578133852578802,-0.369720454269386
YFR055W,1.26433432102203,0.0996543914079666,0.12790920734272,0.0437863002942949,1.03453181584676,1.53460530638695,0.0147438513789508,0.185996669321191
YGL263W,0.0457432642579079,-1.37213158607483,0.0175638795124522,0.171917292420032,0.0182749267822752,0.0863053801159063,-1.73814435435565,-1.06396252880544
YGL254W,0.274019032716751,-0.573749005794525,0.063146212071975,0.100744335673793,0.165176534901063,0.417778906722863,-0.782052111130884,-0.37905349469697
YGL253W,13.2515487670898,1.12177491188049,0.631772045460351,0.0205994337575267,12.1393375794093,14.5685214360555,1.08419497624072,1.16341547722025
YGL252C,0.543423354625702,-0.266579627990723,0.0483427648913999,0.0386589032149611,0.4539390809834,0.643837303916613,-0.343002429436368,-0.191223869269908
YGL251C,0.0123046645894647,-1.93534767627716,0.00418414148379321,0.151471790963576,0.00548210071089367,0.0219043924318006,-2.26105396729579,-1.65946879169282
YGL250W,0.0279244240373373,-1.70160531997681,0.0231077924706253,0.38549153356866,0.00283360822941177,0.0875775987282393,-2.54766038411573,-1.05760816881677
YGL249W,0.00613715080544353,-2.28716611862183,0.00353470325160884,0.269534650034813,0.00118688691873103,0.0144953336799517,-2.92559065670721,-1.83877228796855
YGL248W,0.150607869029045,-0.832297086715698,0.0326969984120096,0.0942873160124401,0.09489951270322,0.225252438833316,-1.02273604488278,-0.64733050159902
YGL246C,0.399284958839417,-0.401896595954895,0.0484600763428901,0.0525774519467743,0.31049743493398,0.50498826354742,-0.507941984466674,-0.296718718692222
YGL245W,10.3774089813232,1.01576697826385,0.402479981996778,0.016746701737039,9.6736922899882,11.2538881381353,0.985592268785806,1.05130259015709
YGL243W,0.108884982764721,-0.97259920835495,0.0228637895925162,0.0915672443335753,0.0703219249844551,0.15734125636518,-1.15290932371009,-0.80315743521518
YGL241W,0.184681296348572,-0.735436379909515,0.0171342179972264,0.0401865319401275,0.152629092335701,0.219964429363608,-0.816362678460746,-0.657647564306183
YGL240W,0.175202623009682,-0.787876665592194,0.0663124572122779,0.168136540596462,0.0722191182896495,0.328134909272194,-1.14135102400949,-0.483947567663547
YGL238W,0.822275280952454,-0.0856663286685944,0.0461196009632701,0.0243714365776848,0.735849857330322,0.914269341528416,-0.133210789989689,-0.0389258442612469
YGL237C,0.262603282928467,-0.595233023166656,0.0679662058617196,0.113202404667555,0.149639488384128,0.416983077426751,-0.824954945558504,-0.379881570837149
YGL236C,0.0846594944596291,-1.07905757427216,0.0148696762405888,0.0768585159638013,0.057852050413688,0.115866348147392,-1.23768124465896,-0.936042680826981
YGL234W,4.9320502281189,0.692649364471436,0.206530496207172,0.0181007566140409,4.56803197860718,5.38117187023163,0.659729135492252,0.730876859356243
YGL232W,0.611513078212738,-0.219080716371536,0.0967329196610959,0.0694376307197837,0.435465819636981,0.812891509632269,-0.361046061537541,-0.089967429399606
YGL229C,0.0457464717328548,-1.34945845603943,0.00967812941942551,0.0931339187159575,0.02864372972399,0.0666474288329482,-1.54297055937162,-1.1762166057039
YGL228W,0.748515903949738,-0.127027556300163,0.0563080887568413,0.0327014806841421,0.640817385911941,0.867720177272955,-0.193265719003021,-0.0616203166548335
YGL227W,0.104348875582218,-0.984438061714172,0.0121287572192359,0.0505051788409031,0.0823451883470019,0.129911733046174,-1.08436177310549,-0.886351630968507
YGL224C,0.283187419176102,-0.558567702770233,0.0626445603465449,0.096797341706611,0.1766444688042,0.423888466507196,-0.752899957742707,-0.372748610855811
YGL221C,1.98070073127747,0.294726014137268,0.195921054724894,0.042543994058988,1.63184446891149,2.40890192985535,0.212678763465302,0.381819119554329
YGL219C,0.148265495896339,-0.835649430751801,0.0259836121006728,0.0766172106534624,0.102078764575223,0.204723241304358,-0.991064596555566,-0.688833285907269
YGL213C,0.636338174343109,-0.198776394128799,0.0678489909785581,0.0463279301396432,0.509470343589783,0.779674420754115,-0.29288109132422,-0.108086715061534
YGL212W,0.254609346389771,-0.60381019115448,0.0537329520279482,0.0922737770532948,0.161568417275945,0.372463812679052,-0.791643531889819,-0.428915969276189
YGL211W,0.377519130706787,-0.427932024002075,0.0564157795616363,0.0652961578297808,0.276257067918777,0.496703097969293,-0.558686601926357,-0.303903147349253
YGL209W,0.350745260715485,-0.459424555301666,0.0500807311559718,0.0620550920083536,0.260490918904543,0.459309479097525,-0.584207417468474,-0.337894652196296
YGL207W,1.9817191362381,0.296633660793304,0.0862742809528013,0.0188191593445048,1.82572966118654,2.16504543622335,0.261436468886905,0.335467014163713
YGL205W,0.00377724296413362,-2.52722716331482,0.00259748059774406,0.319193770467111,0.000589480527560227,0.0105190345551818,-3.22953105229814,-1.97802520937487
YGL203C,0.530381083488464,-0.276696234941483,0.0408516555331125,0.0334079399867931,0.455280281851689,0.613572026292483,-0.341721159096428,-0.212134448796221
YGL202W,5.62513256072998,0.749569714069366,0.287086433999232,0.0220919272720196,5.0910165588061,6.23118406931559,0.706804507403874,0.794570580337069
YGL198W,0.405661940574646,-0.41461968421936,0.130705208850125,0.14290357052418,0.19278120175004,0.707727741698424,-0.714935856319484,-0.150133825638755
YGL194C,0.292535126209259,-0.537743628025055,0.0392755613605496,0.0585277603009581,0.221750283737977,0.374071526279052,-0.654135822804686,-0.427045403100367
YGL190C,0.495338678359985,-0.307128727436066,0.047921159307324,0.0420494091702191,0.406191483388344,0.59481726338466,-0.391269186771374,-0.225616441359007
YGL186C,0.688311338424683,-0.16374383866787,0.0577758689121131,0.0364663797820211,0.578991157809893,0.807896548012892,-0.237328068861104,-0.0926442481145733
YGL180W,0.100930027663708,-1.00052833557129,0.0146292953788013,0.0630461035590263,0.0742999187981089,0.132700071359674,-1.12901166121917,-0.877128870710531
YGL176C,0.0365172438323498,-1.45836508274078,0.0112289675196405,0.136691042953591,0.0183004741556942,0.0610518857526282,-1.7375376579822,-1.21430108159525
YGL173C,1.60123562812805,0.204061225056648,0.0684507372543535,0.0184976460138821,1.47613249023755,1.74353551864624,0.169125339134836,0.241430799085063
YGL172W,0.878132939338684,-0.0579911023378372,0.0743518407761734,0.0367074821689462,0.74033753524224,1.03422963817914,-0.130570233969518,0.0146169556393745
YGL170C,0.0123480893671513,-1.99536776542664,0.00766663474799238,0.291337417777591,0.00226728306928029,0.0318748274818062,-2.64449425715106,-1.49655241610178
YGL169W,0.366925328969955,-0.439193397760391,0.0484827054678598,0.0572759455908436,0.280520112067461,0.465044630567233,-0.552036009632469,-0.332505366718488
YGL163C,0.107109680771828,-0.974435448646545,0.0150092098613133,0.0609929530147126,0.0799754324679573,0.137869349867105,-1.09704340282412,-0.860532274883519
YGL162W,0.12372662127018,-0.930575668811798,0.0400112421798219,0.144261165810271,0.0584308526789149,0.214183781047662,-1.23335802622896,-0.669213474272866
YGL161C,1.16216289997101,0.0623112730681896,0.135563657529681,0.0507747687275175,0.907987981041272,1.43955882787704,-0.0419199235293738,0.15822941702374
YGL158W,0.00901931058615446,-2.13544464111328,0.00578104218497294,0.298515118496427,0.00162505960615817,0.022900787834078,-2.78913075998751,-1.64014982122064
YGL157W,0.801605701446533,-0.0989831387996674,0.093326526114031,0.0506793085576299,0.630645689368248,0.993632460633914,-0.200214569063097,-0.00277423033580981
YGL155W,0.263163685798645,-0.586811304092407,0.0473985589775489,0.0785173606917942,0.178580900157491,0.367071717977524,-0.748164993083382,-0.435249075587171
YGL153W,0.386443585157394,-0.418693512678146,0.0630907548476435,0.0710516988661566,0.274027177939812,0.51930692444245,-0.562206365732861,-0.284575934379298
YGL146C,0.0218213722109795,-1.76537775993347,0.015044539730663,0.320479279805001,0.00322853476003123,0.0611250286611418,-2.49099552743115,-1.21378092423538
YGL145W,0.216357931494713,-0.667803585529327,0.025289000886657,0.0509622584842375,0.170399907355507,0.268962402890126,-0.76853068690114,-0.570308460433209
YGL143C,0.139068737626076,-0.866499483585358,0.0292581341818733,0.092734509382014,0.0867548177639643,0.20205525221924,-1.06170640019587,-0.694529915715211
YGL142C,0.146361529827118,-0.839683473110199,0.0224820522389478,0.0667600498137055,0.106059477788707,0.193828877309958,-0.974450561314392,-0.712581532577306
YGL137W,3.70776057243347,0.568746447563171,0.152914037427421,0.0178418264430552,3.43121362129847,4.03435405890147,0.535447743534508,0.605774009036249
YGL136C,0.0471288822591305,-1.36958515644073,0.0209040544272268,0.198159693950473,0.016263490030542,0.0977679361899693,-1.78878689823413,-1.00980366368851
YGL134W,0.0389442853629589,-1.43803179264069,0.013964206194996,0.160598498998878,0.0167313903414955,0.0714782622953256,-1.77646798434025,-1.14582602215707
YGL131C,0.0478688217699528,-1.32573354244232,0.00782401011870156,0.0710728580567887,0.0338327593480547,0.0649798512458801,-1.47066258037676,-1.18722128719183
YGL130W,0.424398928880692,-0.375169694423676,0.0493735157428147,0.0506887740132069,0.332185770074526,0.529345991710822,-0.478618993966576,-0.276260406845184
YGL129C,0.273526698350906,-0.567346334457397,0.0387844711507915,0.0615452773067662,0.203129926323891,0.358538139859835,-0.692226349880206,-0.445464647203788
YGL128C,0.0938663110136986,-1.06156623363495,0.0367810396296409,0.176383275030212,0.0362099176893632,0.179850989952683,-1.44117253451044,-0.745087173060018
YGL126W,0.426971733570099,-0.373925924301147,0.0600381948362458,0.0615580230715244,0.31676039993763,0.552170290052891,-0.499269126986478,-0.25792696850289
YGL120C,1.9684202671051,0.293561637401581,0.0998208008690261,0.0219811687934244,1.78414472838243,2.1740022222201,0.251430079648383,0.337259969374873
YGL117W,0.468853324651718,-0.338461339473724,0.0983272862679732,0.0912559786072559,0.300758785754442,0.68545219351848,-0.52178184569303,-0.164022837600661
YGL116W,0.200088083744049,-0.702257633209229,0.0253636039866546,0.0550568573384602,0.153647492080927,0.254244658350945,-0.813474524530856,-0.594748165226407
YGL113W,0.0464599318802357,-1.34447348117828,0.0106411843468159,0.101219689915725,0.0278488493679712,0.0688306203112006,-1.55519287669752,-1.16221839330862
YGL112C,0.684221625328064,-0.16627599298954,0.0563747046058754,0.035803973882307,0.579522135357062,0.7977665523688,-0.236929972522421,-0.0981241764905235
YGL100W,1.03097641468048,0.0108653819188476,0.108201453647031,0.0455124200895067,0.833759186168512,1.26103057563305,-0.0789593697209781,0.100725602463058
YGL099W,1.09268760681152,0.0376297384500504,0.0690949071986094,0.0274221295310296,0.963081835210323,1.23731682201227,-0.016336810017633,0.092480916414866
YGL097W,1.60284030437469,0.203813165426254,0.113158430736907,0.0305765440615746,1.39692928393682,1.84262960751851,0.145174416725857,0.265438024943387
YGL095C,0.230276346206665,-0.641198754310608,0.0290550924193694,0.0548163900401846,0.177287550394734,0.290721540153026,-0.751321761297164,-0.536523096571929
YGL094C,0.163213700056076,-0.789699673652649,0.0173632230773784,0.0462707726846238,0.131403298676014,0.198998908822735,-0.881393883040035,-0.701149342046233
YGL092W,0.584010899066925,-0.234317362308502,0.0341652447976578,0.0253170166062712,0.521744549274445,0.655445293585459,-0.282542079363412,-0.183463554002659
YGL090W,0.0259855110198259,-1.63070225715637,0.0118365999202068,0.204891492297937,0.0083363694526876,0.0535140261054039,-2.07902310294026,-1.27153237383261
YGL085W,0.0408094599843025,-1.45564329624176,0.0224145859345241,0.249815574808407,0.00944875035590182,0.0963733847563465,-2.02462755744846,-1.01604303418275
YGL084C,0.441809862852097,-0.356777608394623,0.0426088085316135,0.0418417656669613,0.363655901203553,0.53099232763052,-0.439309362172552,-0.274911815148294
YGL082W,0.446998178958893,-0.353632837533951,0.0602810276206855,0.0585708513815164,0.339825828373432,0.573774414757887,-0.46874364126358,-0.241259030681637
YGL081W,0.0275031309574842,-1.6291766166687,0.0150682285153893,0.257610791223117,0.00605301245426138,0.0635993422319491,-2.21803295105482,-1.19654741816681
YGL078C,1.58196806907654,0.19841755926609,0.0950031862383377,0.0260165150199468,1.40733473996321,1.77520247399807,0.148397406147686,0.249247892107468
YGL077C,0.734468877315521,-0.135379016399384,0.057915641949414,0.0343187008618696,0.624297112226486,0.855318367481232,-0.20460867569926,-0.0678722016408237
YGL075C,0.0803498849272728,-1.11095261573792,0.0215904889482695,0.119205640813301,0.0435282884786526,0.128063146397471,-1.36122898531286,-0.892576066162194
YGL067W,0.591234624385834,-0.231072336435318,0.0676091683754652,0.0496635189418202,0.469348756968975,0.739052879313628,-0.32850442496295,-0.131324486816691
YGL065C,0.433883935213089,-0.365001648664474,0.0452871219707216,0.0455365345121188,0.34875914901495,0.525352021555106,-0.45747472225689,-0.2795495988342
YGL063W,0.0370682626962662,-1.46960318088531,0.0156343188287511,0.187099157464538,0.0138652420525129,0.0746116522078712,-1.85807301916941,-1.12719363742561
YGL061C,0.182574212551117,-0.765914916992188,0.064679179272646,0.156637920204079,0.0808000952626268,0.329863002896309,-1.092588133528,-0.481666448380249
YGL059W,0.085995577275753,-1.0751918554306,0.0182063483755389,0.0919439021017027,0.0549070425331593,0.126662430167198,-1.260371948134,-0.897352187004646
YGL057C,0.217272460460663,-0.676542699337006,0.0542701416103489,0.109331113661876,0.124724504599969,0.335923257718483,-0.904048234541048,-0.473760134136718
YGL056C,0.560920536518097,-0.25280836224556,0.0497362470672984,0.0385887685931613,0.465549848228693,0.663974582155546,-0.332033829377427,-0.177848548872844
YGL050W,0.412435263395309,-0.392964035272598,0.0810047765823851,0.0853677033846658,0.268041689197222,0.591323627531528,-0.571797663836667,-0.228174775216875
YGL048C,2.07242441177368,0.31546151638031,0.142106897438434,0.0297121615309428,1.81319877505302,2.37216671307882,0.258445416569679,0.375145206009057
YGL045W,0.0411256812512875,-1.40391564369202,0.0118402494460068,0.126684542964889,0.0210378058254719,0.0677017797405521,-1.67699955765429,-1.16939992351425
YGL044C,0.486047744750977,-0.319297045469284,0.0806311895984997,0.0723141752002019,0.340320408344269,0.658539852003256,-0.468112006338983,-0.181417963366339
YGL043W,1.3401540517807,0.124678932130337,0.143358297369958,0.0463998274099597,1.07850348850091,1.64298934936523,0.0328215225872821,0.215634745937231
YGL040C,1.7518824338913,0.24193549156189,0.149282310090784,0.036902443631577,1.48087440927823,2.06469804445902,0.170518182122767,0.314856513719736
YGL039W,0.840222358703613,-0.0783844739198685,0.0952130390876527,0.0491726806344012,0.667559623718262,1.03858407735825,-0.175509938809211,0.0164416435137065
YGL038C,0.412037193775177,-0.387653738260269,0.045059651063536,0.0474866190253317,0.330025520175695,0.506351558367411,-0.481452478493927,-0.295547879503589
YGL035C,0.379223495721817,-0.423464983701706,0.0395644173250753,0.0453241698060893,0.307957686732213,0.46188597753644,-0.511508954961224,-0.335465251869193
YGL028C,1.43860495090485,0.157122284173965,0.0885614385921513,0.0266703140030217,1.2757418602705,1.6231086264054,0.105762796035101,0.210347581621402
YGL027C,0.863692700862885,-0.0643913447856903,0.0508218405880143,0.025524263405887,0.767024311920007,0.969937071700891,-0.11519087193571,-0.0132564413025327
YGL026C,6.67973136901855,0.824373543262482,0.282150971212343,0.0182656014682852,6.16628646453222,7.27977387110392,0.790023696600832,0.862117889033029
YGL020C,1.09454011917114,0.0306064859032631,0.219237652546208,0.0867974565290787,0.717649851739407,1.59086400270462,-0.144087423345747,0.201633052946096
YGL014W,0.512823164463043,-0.29111447930336,0.0361643505354853,0.0306609267936735,0.444951123992602,0.5868017633756,-0.351687702274677,-0.23150858998355
YGL011C,3.15224075317383,0.495885252952576,0.354422717472779,0.0487412490463956,2.52018725077311,3.88530483841896,0.401432810101103,0.589425092983665
YGL009C,11.9256401062012,1.07616531848907,0.458279315698588,0.0165819479970561,11.113282585144,12.9109296798706,1.04584235652119,1.11095751572117
YGL005C,0.29125565290451,-0.546975314617157,0.0663081875593416,0.0994475302729511,0.179345803583662,0.438206995030244,-0.74630881643699,-0.358320712699067
YGL004C,0.270197153091431,-0.573485553264618,0.0417717662711158,0.0671078767376096,0.196543640022477,0.356343723833561,-0.706541034716648,-0.448130891828655
YGL001C,1.67346107959747,0.221957355737686,0.146354337830178,0.0379712275517955,1.40307068824768,1.97375074426333,0.147079551814213,0.29529229891007
YGR002C,0.212658762931824,-0.677269399166107,0.0320410809317135,0.0658532884948382,0.154972826192776,0.279274896035592,-0.809744467169447,-0.553968101225723
YGR004W,0.17338964343071,-0.767700135707855,0.0305013756656132,0.0767114491980316,0.120248662183682,0.237823532645901,-0.919919768291692,-0.623745175422014
YGR006W,0.0636592134833336,-1.27876842021942,0.0388773329231628,0.281059505270251,0.0130902785885458,0.159525846689939,-1.88305111071,-0.797168948613186
YGR007W,0.548807144165039,-0.265283733606339,0.080782790473697,0.0641141306895762,0.400605680793524,0.721832994123299,-0.397282896485315,-0.141563358957336
YGR009C,0.351163595914841,-0.45649778842926,0.0337796730848781,0.0417815333468595,0.288593168059985,0.422091680268447,-0.539713964645351,-0.374593208194734
YGR012W,0.496199280023575,-0.30784547328949,0.0627802770730541,0.0553631491739233,0.379168790082137,0.627535528937975,-0.421167427565443,-0.202361744610151
YGR014W,0.482948184013367,-0.316978752613068,0.0307638776869286,0.0276312929731385,0.426839930812518,0.547518134117126,-0.369734959211043,-0.261601492165325
YGR015C,0.14078226685524,-0.865663647651672,0.0359078991565594,0.112157970456458,0.0806635200356444,0.219428950423996,-1.09332289121963,-0.658706145987619
YGR017W,0.526633143424988,-0.284080624580383,0.0844249452789506,0.0699403870174623,0.374479356159767,0.709114163617293,-0.426572210594377,-0.149283840084627
YGR021W,0.0821360424160957,-1.11845004558563,0.0318224835343575,0.173120241349369,0.0328981056809425,0.157703729346395,-1.48282910861535,-0.802158045931017
YGR023W,0.0501600317656994,-1.31499207019806,0.01328128256338,0.116728782899241,0.0276610220316797,0.0797006373604138,-1.55813296729116,-1.09853823223733
YGR024C,0.361085414886475,-0.462752729654312,0.110781961191259,0.134332423617591,0.186315848802527,0.611833285291989,-0.729750541395214,-0.213366919077086
YGR028W,0.226218849420547,-0.652822017669678,0.0415961628642319,0.0802804786025867,0.153152266020576,0.314856892079115,-0.814876696623834,-0.501886846596594
YGR040W,0.216163262724876,-0.672945976257324,0.0407078926621975,0.0823613970918463,0.144176895916462,0.304563105106354,-0.841104336016726,-0.516322708416959
YGR043C,0.0956453680992126,-1.03813207149506,0.0279003713879437,0.129847966445879,0.0475214251006643,0.160912977407376,-1.32311068251913,-0.793408971019992
YGR044C,0.845674932003021,-0.0765085592865944,0.110590254626263,0.0568994576796002,0.647485256195068,1.07898164689541,-0.188770116398875,0.0330140482389822
YGR048W,0.527524471282959,-0.281200677156448,0.066192155610337,0.0548968183559074,0.403992656866709,0.663481368124485,-0.393626558679764,-0.178171268483947
YGR052W,0.0271133780479431,-1.62051296234131,0.0133671237930383,0.223461318580503,0.00804527391834805,0.0595067888498306,-2.09446211316774,-1.22543348482891
YGR053C,0.0509751103818417,-1.34877324104309,0.0252788944098139,0.230081119096895,0.0143412006087601,0.110122498869896,-1.84341558055079,-0.958123956470649
YGR054W,2.03188538551331,0.307262659072876,0.110399332931426,0.0234830842682614,1.83618083298206,2.26233839790026,0.26391544965517,0.354557528045176
YGR055W,1.28781676292419,0.10891605168581,0.0847589541812024,0.0285542003049266,1.13206100463867,1.46393155256907,0.053869830795784,0.165520771367076
YGR056W,0.241047725081444,-0.619829118251801,0.0227826623366001,0.0409903519400132,0.198907968526085,0.288278396924337,-0.701347823539276,-0.540187915860241
YGR057C,0.226002782583237,-0.678022146224976,0.0869448800046654,0.170223450785061,0.0934017478177945,0.42643017321825,-1.02964503043201,-0.370152079791571
YGR058W,0.163293913006783,-0.799438238143921,0.0386900219821316,0.105143305440901,0.0949168469756842,0.249878033995628,-1.02265700933519,-0.602271919678989
YGR059W,0.00862330105155706,-2.15741109848022,0.00549008180319311,0.304491102058869,0.00141956023289822,0.0222362258005887,-2.84784781183797,-1.65293906414328
YGR060W,6.83967208862305,0.833781659603119,0.520673886370373,0.033036141681622,5.8770770907402,7.90783630212148,0.76916138736065,0.898057667463008
YGR061C,3.42293643951416,0.5340656042099,0.134376503137565,0.0169653110295417,3.17921538352966,3.70736135840416,0.502319951214261,0.569064918739162
YGR062C,0.160470649600029,-0.809429466724396,0.0418617515436651,0.114528429268558,0.0914439260338744,0.252696624894937,-1.03884513683691,-0.597400567213087
YGR065C,0.234095945954323,-0.633885324001312,0.0287949036543358,0.0534684668676426,0.182109098757307,0.294380910942952,-0.739668706731005,-0.531090357582156
YGR067C,0.0130739454180002,-1.91906869411469,0.00519909633717665,0.180618517521752,0.00491269489284605,0.0251172797909627,-2.30868038970577,-1.60002739861599
YGR070W,0.0036798061337322,-2.51026320457458,0.00215990337443712,0.269681777937601,0.000756691985103923,0.00897947978228331,-3.12108089682761,-2.04674882304629
YGR071C,0.0952712669968605,-1.02567148208618,0.0139285295880573,0.0636023375737241,0.0699568091581265,0.124901153147221,-1.15517001400346,-0.903433551992855
YGR072W,0.310933470726013,-0.511609256267548,0.0437184850932344,0.0610615539686144,0.230333545555671,0.407497781515121,-0.637642812876522,-0.389874807661766
YGR075C,0.0689175426959991,-1.22868371009827,0.037596019795957,0.251596301633371,0.016277539342021,0.161333383371433,-1.78841150015148,-0.792275777590155
YGR077C,0.114333480596542,-0.947993278503418,0.0192454701936316,0.0734452547889355,0.0805418645342191,0.154689039041599,-1.09397844504854,-0.81054047609459
YGR080W,0.614161491394043,-0.215256854891777,0.0785283583663885,0.0555040544328974,0.470541632175446,0.785725263754527,-0.327401962218501,-0.104729284018415
YGR083C,0.901549875736237,-0.0458514541387558,0.0561297516363252,0.0270580948916797,0.794260885814826,1.01360627015432,-0.100036824300855,0.00586928811093203
YGR084C,0.257935047149658,-0.595446944236755,0.0460155747499175,0.078168990743818,0.174860656261444,0.357709411531687,-0.757307896014028,-0.446469674391325
YGR086C,8.87343692779541,0.94731867313385,0.530197166170384,0.02590829377243,7.90279565652212,9.99354804356893,0.897780750960696,0.999719700318827
YGR088W,0.0105148646980524,-2.03064918518066,0.00513612846494122,0.220624529929917,0.00313958843859533,0.0228658314794302,-2.50313078812251,-1.64081335781459
YGR093W,0.349770069122314,-0.45904803276062,0.0400137952419183,0.0496182293949945,0.277434882024924,0.432644704729318,-0.55683893578177,-0.363868641886304
YGR096W,0.0598793402314186,-1.25804579257965,0.0240274175491,0.178916156694411,0.0231595892614375,0.116620650390784,-1.63527301694954,-0.93322471455857
YGR098C,0.0628619343042374,-1.20501840114594,0.00787571897088431,0.0544868923848176,0.0484387466994425,0.0796110056961576,-1.31480710456315,-1.09902688988294
YGR101W,0.152416676282883,-0.829206943511963,0.0358242020268475,0.10440823043137,0.0893784830967585,0.230451728279392,-1.04876702118137,-0.637420031900582
YGR103W,2.211669921875,0.344151645898819,0.113348587345719,0.022199971514093,2.00287805596987,2.45385189056396,0.301654503017613,0.389848344099002
YGR106C,4.73784351348877,0.673735857009888,0.438655094766723,0.0399998379681703,3.95213241179784,5.70601778825124,0.596831479491413,0.756333120422162
YGR108W,0.280755609273911,-0.555272340774536,0.0362308981579528,0.0559836902492689,0.216109748805563,0.356111525247494,-0.665325642154466,-0.448413981738818
YGR110W,0.0151843763887882,-1.87502419948578,0.00763275191821176,0.229397344267492,0.00417471965386843,0.0332661759418746,-2.37937603994456,-1.47799712024377
YGR111W,0.454667150974274,-0.34538546204567,0.054137906199608,0.0518125658305202,0.357798251509666,0.567240687211354,-0.446361794723945,-0.24623264661164
YGR113W,0.237754106521606,-0.631250381469727,0.0437946691313953,0.0804521762344107,0.161411553621292,0.33074825356404,-0.792065382288114,-0.480502586348884
YGR117C,0.433764219284058,-0.365275412797928,0.0468479639803601,0.0469335175869594,0.345137226333221,0.532736778259277,-0.462008203889459,-0.273487320028199
YGR119C,0.653316617012024,-0.186354890465736,0.0540190938353561,0.0358354277319834,0.554337322711945,0.76648146857818,-0.256225889978382,-0.115498341756298
YGR120C,0.235677927732468,-0.646825850009918,0.0696752265740855,0.130695111815165,0.119043292850256,0.394263390700022,-0.924295192768918,-0.404213547731476
YGR121C,0.0369122512638569,-1.4565943479538,0.0120965301401338,0.146415732513278,0.0167203130666167,0.0646502209206422,-1.77675560098438,-1.18943002329787
YGR123C,1.15288436412811,0.0606559254229069,0.0832381027200431,0.0313187286710838,1.00125166575114,1.32549357414246,0.000543240714815988,0.122377626658899
YGR126W,0.154179707169533,-0.858990848064423,0.0716316405125667,0.207252114722319,0.0507264246543249,0.323339719822009,-1.29476583371214,-0.490341045998634
YGR127W,0.0486691892147064,-1.35632598400116,0.0215514980878965,0.200281292199749,0.0163535208906978,0.100295603275299,-1.78638874089794,-0.998718105016759
YGR128C,0.950350284576416,-0.0228982977569103,0.0571418323728302,0.0260717431868447,0.845112860202789,1.0675120929877,-0.0730852895232796,0.0283728002707035
YGR132C,1.77437210083008,0.246673047542572,0.185974742060827,0.0453979439875166,1.43262315988541,2.17104268670082,0.156131967468593,0.336668350970716
YGR135W,2.58772754669189,0.410090386867523,0.296001705870352,0.0495956207529791,2.05769605636597,3.20923226674398,0.313381225104659,0.50640114805935
YGR136W,1.56946301460266,0.19037239253521,0.247949475967737,0.0684369906804977,1.1364179879427,2.09848341147105,0.0555380982739628,0.321905539557684
YGR142W,0.307170033454895,-0.5165696144104,0.0414024332712096,0.0587149935245793,0.232753028720617,0.395149720211824,-0.633104659982845,-0.4032383341914
YGR144W,0.0371734388172626,-1.4842871427536,0.018198229108058,0.226398877549696,0.0105528202916806,0.080334818859895,-1.97663397079357,-1.0950965701323
YGR147C,0.585118532180786,-0.238631784915924,0.0963799569909069,0.0716102074962388,0.41605070233345,0.79271340717872,-0.380853740522641,-0.10088379748144
YGR149W,0.0821746215224266,-1.10009908676147,0.0214542155554712,0.114528315423265,0.0468344427645206,0.129706290985147,-1.32943464263225,-0.887039087540142
YGR150C,0.0846319869160652,-1.07756447792053,0.0129744135035247,0.0667383012445033,0.0618314321463307,0.112736652481059,-1.20879070250792,-0.947934978589425
YGR152C,0.707182228565216,-0.156988427042961,0.122339501167075,0.0756164714589364,0.491770856330792,0.970365057885647,-0.308237212298735,-0.0130648513200724
YGR154C,0.0156004298478365,-1.90056478977203,0.010155164406716,0.302125293459294,0.00264180385080787,0.0407903196911017,-2.57809943533432,-1.38944294306018
YGR156W,0.229804396629333,-0.644343316555023,0.0373050446892659,0.0705695223021316,0.162060831487179,0.311547845602036,-0.790321945905855,-0.506475247607367
YGR157W,1.00520884990692,0.0015452450606972,0.0576674254468764,0.0248270028745547,0.898112267255783,1.12372328241666,-0.0466693718504094,0.0506593764753803
YGR158C,0.936850011348724,-0.0351828373968601,0.167647187022676,0.0772191248955651,0.643783349792163,1.31856009761492,-0.191260262097168,0.120099883520532
YGR161C,0.771311104297638,-0.120131380856037,0.142821861331726,0.0801222261084068,0.525886132816474,1.07459553976854,-0.279108390133253,0.0312450318045999
YGR162W,2.7448046207428,0.438091069459915,0.1213621387776,0.0190893458234521,2.52190190752347,3.00389811595281,0.401728183470743,0.477685197094039
YGR165W,0.378755897283554,-0.427063852548599,0.0598219730554744,0.0688650332496372,0.271945520490408,0.509374085068703,-0.565518092295083,-0.292963169361738
YGR166W,0.168059334158897,-0.779699146747589,0.0257818611209861,0.0673402845548719,0.120691115160783,0.22236890171965,-0.918324700113822,-0.652925950205512
YGR167W,3.21383142471313,0.502512395381927,0.465181916912319,0.062623992503746,2.39728668729464,4.20035419464111,0.379719972510699,0.623285913495911
YGR168C,0.0649482756853104,-1.21143138408661,0.0214626699773101,0.146722009549481,0.0305288179311901,0.112614374235272,-1.51529006797282,-0.948406190589607
YGR171C,0.0996372699737549,-1.00867640972137,0.0180091215527243,0.0788923310287852,0.0676230862736702,0.138576953858137,-1.16990501220027,-0.85830899773562
YGR172C,1.46695053577423,0.161194309592247,0.229281389535625,0.0672902009841768,1.07648995916049,1.97334744830926,0.0320099832862091,0.295203506569591
YGR175C,4.66948175430298,0.668685615062714,0.242399538186982,0.022478867454321,4.21638545592626,5.19634115695953,0.624940306290874,0.715697654121903
YGR177C,0.198790088295937,-0.705791771411896,0.0275245864338982,0.0605195776101387,0.147501245141029,0.255993134280046,-0.831204313546186,-0.591771682294862
YGR178C,1.12401986122131,0.0500469319522381,0.0652404189879055,0.0251265059893543,1.00323773920536,1.2626020292441,0.00140383588035831,0.101266482566714
YGR179C,0.109336353838444,-0.973397254943848,0.0257344261416753,0.103825384596115,0.0651061909273267,0.164975894615054,-1.18637771255149,-0.78257958398091
YGR186W,0.704067468643188,-0.153429105877876,0.0488919722835316,0.0300952189734759,0.612682727475961,0.805137318372726,-0.212764367742068,-0.0941300725850043
YGR187C,1.06638443470001,0.0261317081749439,0.0966950028744244,0.0393779135115266,0.887923114001751,1.2660642216603,-0.0516246386218021,0.102455702592298
YGR188C,0.0381797254085541,-1.42773926258087,0.00798415590915775,0.0919151102712355,0.0240853514367094,0.0554893327876925,-1.61824755793911,-1.25579049731855
YGR191W,0.790189862251282,-0.103549264371395,0.0608221342111648,0.033357564346011,0.677884725232919,0.91675887008508,-0.168844151974201,-0.0377449051027879
YGR193C,0.833684980869293,-0.0808574557304382,0.0775057359512816,0.0401521313211979,0.695235078036785,0.997184567650159,-0.15786833120302,-0.00122445904369684
YGR195W,0.712725341320038,-0.15630316734314,0.147012483390319,0.089989352415982,0.457143530249596,1.0380744934082,-0.339947471579069,0.0162285200974892
YGR197C,0.111156411468983,-0.961297392845154,0.020284811161859,0.0795928509852032,0.0760955804338058,0.155085987970233,-1.11864078572861,-0.809427441178871
YGR198W,0.233725607395172,-0.633480191230774,0.0235147172770088,0.0436013656397998,0.190724769607186,0.283825777719418,-0.71959290713116,-0.546948176427759
YGR199W,0.316076695919037,-0.502135694026947,0.0298223917410258,0.0409497558083105,0.261693055679401,0.378311181316773,-0.582207824056522,-0.422150822568751
YGR200C,1.06735551357269,0.0275867860764265,0.0616710534373269,0.0250471593252584,0.949456639091174,1.19855690002441,-0.0225248669747162,0.0786586564589867
YGR202C,0.55799126625061,-0.255813598632812,0.0593882028431533,0.0460202320809035,0.451169752826293,0.687539006769657,-0.345660029408112,-0.162702657591886
YGR204W,4.34958076477051,0.638082206249237,0.179172046066819,0.0178035031478065,4.02456349134445,4.72370396852493,0.604718782325397,0.674282672784562
YGR207C,1.51369822025299,0.17636501789093,0.197851689028911,0.056510247017493,1.16106136739254,1.94778645038605,0.0648551658768549,0.289541340374822
YGR208W,0.884001672267914,-0.0572501569986343,0.115812878104744,0.0567656300924316,0.673750839134057,1.13173962732156,-0.171500691412735,0.0537464737565632
YGR210C,0.54635488986969,-0.264898210763931,0.0572118340667741,0.0454341737749361,0.439599101245403,0.670246358215809,-0.35694321664199,-0.173765540860211
YGR212W,0.0442716553807259,-1.37628185749054,0.0141404241547956,0.141162955968714,0.0223107262514532,0.0756580606102943,-1.65148629991099,-1.12114479543876
YGR213C,0.0382974483072758,-1.47774755954742,0.0200826664090324,0.237253748760111,0.0110401353022705,0.0848710081850488,-1.95702587029918,-1.07124069240828
YGR216C,0.130149602890015,-0.890921890735626,0.0204667883069002,0.0684516794450006,0.0940414877608418,0.173254700129231,-1.02668051009057,-0.761314975928556
YGR218W,1.20961141586304,0.082157239317894,0.0575157136735075,0.0205993793628785,1.10213630100091,1.32868320147196,0.0422353033100095,0.123421443677092
YGR220C,0.623788595199585,-0.212167605757713,0.113567549558075,0.0794914696635234,0.42296114563942,0.863885462284088,-0.373699526264274,-0.0635438343676616
YGR223C,0.154201731085777,-0.818717062473297,0.0272041379748476,0.0773356646588749,0.105970384490987,0.210597427686055,-0.974815506423539,-0.676547012349458
YGR224W,0.0128797637298703,-1.93482303619385,0.00581725948943294,0.20221512841566,0.00441581895574927,0.0265848450362682,-2.35498874056211,-1.57536586685591
YGR225W,0.00778688210994005,-2.18422675132751,0.00457110952895676,0.267515801738446,0.00164992003507602,0.0195638228052606,-2.78253710380927,-1.70854849388723
YGR227W,0.326357543468475,-0.489127337932587,0.0370537189933741,0.0496731803048454,0.258009253938993,0.401476331800222,-0.588364720667157,-0.396340053088835
YGR229C,0.991098523139954,-0.00503529235720634,0.0723477489775053,0.0316117681231678,0.856068270901839,1.14033116996288,-0.0674915994480923,0.0570309949491314
YGR231C,2.17241930961609,0.335107386112213,0.200822304265181,0.0398796122338355,1.80926837027073,2.61033380826314,0.257502990103031,0.416696047536988
YGR232W,1.17972075939178,0.0609276443719864,0.265339712200952,0.0974581616757466,0.730018896857897,1.76813069581985,-0.136665908357811,0.247514357442041
YGR233C,0.364659458398819,-0.43923956155777,0.0263050194162218,0.0312828435265669,0.315582066774368,0.420015647013982,-0.500887683923387,-0.376734556464139
YGR234W,12.7292566299438,1.10426414012909,0.634271799346678,0.021617000501649,11.5586101770401,14.0011768341064,1.06290560450404,1.14616454075528
YGR235C,0.764477431774139,-0.127283692359924,0.168312325729651,0.0970424195631733,0.471999903023243,1.11923189759254,-0.326058108831934,0.0489200737246512
YGR237C,0.136099860072136,-0.869433999061584,0.0167733960883518,0.0535585517553443,0.105615907659133,0.171532120928168,-0.976270700589668,-0.765654544430584
YGR240C,9.5149097442627,0.978106558322906,0.354801158927382,0.0161147821334271,8.88499626318614,10.279927055041,0.948657248414482,1.01199003297406
YGR244C,1.03434550762177,0.0131307598203421,0.0870929067380615,0.036515288094018,0.872623767952124,1.21527896622817,-0.0591729624960002,0.0846759658281497
YGR245C,0.941893875598907,-0.0267713963985443,0.0562444429169231,0.0259153765882005,0.836107459664345,1.05775760610898,-0.0777379041342958,0.0243861506988996
YGR246C,0.255208283662796,-0.595910012722015,0.0290261104551082,0.049434916050173,0.201430003220836,0.316518518825372,-0.695875840910636,-0.499600877559508
YGR247W,0.395578771829605,-0.419857710599899,0.110471074195865,0.123182974584429,0.211673151204983,0.639221562445163,-0.674334367467424,-0.194348649547813
YGR248W,0.03918481990695,-1.50796401500702,0.026752766469272,0.312768784802008,0.00674166253302246,0.105837101054688,-2.17123324816347,-0.97536214280039
YGR249W,0.00686601549386978,-2.28159332275391,0.00504283139968304,0.342159416840472,0.0008830028862576,0.0201993540395051,-3.0540382511919,-1.69466251892241
YGR252W,0.223957732319832,-0.654739022254944,0.0336920921283512,0.0654413333890823,0.164247318978111,0.295081143826246,-0.784501751241553,-0.530058552565524
YGR253C,3.22911047935486,0.506593286991119,0.346969805468748,0.0464970331027424,2.61743847330411,3.97009482979774,0.417876440587287,0.598800816012289
YGR256W,0.0687028244137764,-1.17770755290985,0.017804410397027,0.113985446156207,0.0394176179232697,0.107463772719105,-1.40430984381659,-0.968737926967023
YGR266W,0.379593282938004,-0.422528326511383,0.0351295319995315,0.0400203713542509,0.316705553233623,0.453170388936996,-0.499344329981909,-0.343738475567064
YGR267C,1.3416827917099,0.12121644616127,0.23168911546978,0.0749336215915379,0.936312079429626,1.85164020260175,-0.0285793737144479,0.267556586653545
YGR271C-A,0.810064077377319,-0.10384227335453,0.193499581723414,0.104342643289504,0.474198270340761,1.23911542793115,-0.324040050206476,0.0931117229071657
YGR276C,0.474175453186035,-0.326092630624771,0.0459566609407835,0.0420050795304424,0.390378002822399,0.571805987755457,-0.408514671619724,-0.242751336274414
YGR277C,0.489751666784286,-0.315889865159988,0.0806154968516226,0.0716190213937908,0.346412090460459,0.668886303901672,-0.460406977567117,-0.17464769655869
YGR278W,0.127063304185867,-0.902273714542389,0.0217186478110266,0.0740673880835167,0.089022737244765,0.174040689319372,-1.05049905645962,-0.759349227771044
YGR286C,0.44342714548111,-0.357305437326431,0.0613029479932993,0.0599610459143438,0.33272400846084,0.574125760793686,-0.477915862274607,-0.240992967185095
YGR289C,0.00722448341548443,-2.22795557975769,0.00450618854839714,0.290940332593558,0.00131699929091459,0.0183757330756634,-2.88041471380253,-1.73575533060348
YHL047C,0.136989116668701,-0.868659555912018,0.0214442554490868,0.0684529311439244,0.0989250619585315,0.182518139481544,-1.00469366940736,-0.738693966904729
YHL044W,0.0332167260348797,-1.65413451194763,0.0311941321733882,0.419965555447557,0.00257668998092413,0.116827599704266,-2.5889378900259,-0.932454546065215
YHL039W,0.592884838581085,-0.228603467345238,0.0505111208265164,0.0369968826809762,0.498202787836393,0.695146499574184,-0.302593847236771,-0.157923659879357
YHL036W,0.0313044264912605,-1.53031957149506,0.0107915729275229,0.152478781791337,0.0142325379420072,0.0564499422907829,-1.84671764979935,-1.24833649772143
YHL035C,0.0305906683206558,-1.52228784561157,0.0058181752815916,0.083117138169951,0.020450119410331,0.0429674951359629,-1.68930429846142,-1.36686012521964
YHL032C,0.0332031771540642,-1.49704146385193,0.00957036538377086,0.1275188459231,0.0169728626031429,0.0540448179158071,-1.77024490456869,-1.26724600024845
YHL028W,0.0655616000294685,-1.19502019882202,0.0151214354213666,0.101726262405547,0.0393452062892417,0.0994001384824514,-1.40510817560645,-1.00261301416731
YHL026C,0.0218650419265032,-1.76859569549561,0.0156236793287757,0.326105510790216,0.00329095596874443,0.0622919162735342,-2.48268397956785,-1.20556844547786
YHL025W,0.445112496614456,-0.357123792171478,0.0716188035790742,0.0698639716513383,0.317892766247193,0.599239408473173,-0.497719665990636,-0.222399681703655
YHL024W,0.00391021836549044,-2.53070497512817,0.00294198819685058,0.35035726798851,0.000492351654005082,0.011615935829468,-3.30773265236933,-1.93494715944254
YHL022C,0.0242758933454752,-1.67412388324738,0.0125336863909601,0.235938989243007,0.00648959307000041,0.0537440359902878,-2.18778253478578,-1.26966977879617
YHL021C,0.37263959646225,-0.432084143161774,0.0464866064641994,0.0542321749317612,0.286293845872084,0.472930719703436,-0.543188010219474,-0.325202495837927
YHL020C,0.235106036067009,-0.634875655174255,0.0395664960935697,0.0732793999552278,0.164060169706742,0.319506310174863,-0.784996844566685,-0.495520560228772
YHL019C,0.10217509418726,-0.997457444667816,0.0180712657913887,0.0771744237665413,0.0702992343654235,0.141074746847153,-1.15304940510256,-0.850550720380858
YHL017W,0.554310977458954,-0.258206367492676,0.0526894117215829,0.0413052206939388,0.458614205569029,0.664407598972321,-0.338552497145878,-0.177565409073256
YHL016C,0.0273840632289648,-1.58041822910309,0.00784959267005011,0.126076008483334,0.0145345766252528,0.0453125181607902,-1.83759761418624,-1.34378180365563
YHL014C,0.092324860394001,-1.04826152324677,0.0230627876846273,0.109545876503201,0.0535372933062414,0.142744199062387,-1.27134361774123,-0.845441534175241
YHL011C,2.83190107345581,0.450677782297134,0.227925688406961,0.0348829734708825,2.41325783729553,3.31169747710228,0.382603725279082,0.520050654348064
YHL010C,0.0594065114855766,-1.23814868927002,0.0139772720194469,0.10276649774271,0.0350922085344791,0.0895075341686606,-1.45478929852285,-1.04814041609274
YHL009C,0.221925467252731,-0.663468778133392,0.0466733384503181,0.0924111822735446,0.138875678554177,0.323358782380819,-0.857373915032379,-0.490315408525984
YHL002W,0.379355102777481,-0.424089252948761,0.0456322397406079,0.0522734891067111,0.294244922449191,0.477082955837249,-0.53129103789939,-0.321406163275097
YHR001W,0.554838180541992,-0.258163839578629,0.0574936390745489,0.0450402519345275,0.447429546962182,0.674860390524069,-0.349275340230851,-0.170786061342155
YHR002W,0.0428460799157619,-1.40667927265167,0.0178679141293323,0.18842930769628,0.0152686953001345,0.0862131293863058,-1.81620046659389,-1.06442663085149
YHR003C,0.58749783039093,-0.233451098203659,0.0627735454959569,0.0461760480281028,0.474200944354137,0.722918002307415,-0.324037588501788,-0.140910960465785
YHR004C,0.0191500466316938,-1.76939761638641,0.00912317729615093,0.220629435027287,0.00556283307960257,0.040842680974553,-2.25470588842939,-1.38888575798889
YHR006W,0.316648900508881,-0.502360045909882,0.0368707396962807,0.0505929444957556,0.248627692461014,0.392796401679516,-0.604450500741798,-0.405832547324025
YHR009C,0.62741893529892,-0.204033747315407,0.0538338598413144,0.0371598352382095,0.530697246889273,0.738184186816215,-0.275153167105536,-0.13183526411551
YHR011W,0.0416693463921547,-1.40372097492218,0.0137071011997875,0.145064131945758,0.0198234536529829,0.0725132336219152,-1.70282072541739,-1.13958273094498
YHR012W,0.627672970294952,-0.207520678639412,0.0973331686073549,0.0678551881663689,0.44604086453716,0.832734964291255,-0.350625491081749,-0.0794932015435732
YHR013C,1.06621146202087,0.0208135601133108,0.192106193308256,0.0784278038052145,0.72479184816281,1.48080526491006,-0.139786704763926,0.170497949357352
YHR016C,0.45865860581398,-0.340038478374481,0.0385086492175513,0.0364360665049392,0.388650116076072,0.539082272847493,-0.410441198377813,-0.268344955490729
YHR017W,0.226928934454918,-0.649611830711365,0.0361235452057105,0.0693075934757535,0.163193392008543,0.305401425808668,-0.787297430685157,-0.515128946840697
YHR018C,2.89202642440796,0.46037420630455,0.178569424992629,0.0268323495359782,2.55501671433449,3.24564897020658,0.407393744817479,0.511301547164228
YHR022C,0.0209571085870266,-1.80400609970093,0.0158692149013835,0.349061440660036,0.00285175020884102,0.0616185934282838,-2.54488999294017,-1.21028977257337
YHR024C,0.463884621858597,-0.335976153612137,0.0487265006152591,0.045527225250391,0.377504862844944,0.567205052574476,-0.423077457074097,-0.246259918686221
YHR025W,3.79913282394409,0.578687787055969,0.258078077106225,0.029418671278251,3.331051303943,4.33009769916534,0.522581316657532,0.636497695234079
YHR029C,0.991421580314636,-0.00671186903491616,0.115816665643462,0.050935398944134,0.778125822544098,1.23209630548954,-0.108950172138323,0.0906446476732298
YHR030C,0.57674515247345,-0.240785211324692,0.0521296804069757,0.0392150151589754,0.481198730816444,0.686618312199909,-0.317675531734214,-0.16328514412309
YHR031C,0.17195925116539,-0.767689764499664,0.0206422585266729,0.0520509502451087,0.13376134087642,0.215618827069799,-0.873669395262782,-0.666313355591105
YHR033W,0.0120997270569205,-1.9967325925827,0.00719755286755733,0.275536370094737,0.00251211888583687,0.0299323946237564,-2.59996339458449,-1.5238585377444
YHR034C,0.342007428407669,-0.471118301153183,0.0525801310220332,0.0671697821931107,0.246653268362085,0.454743024458488,-0.607913125924154,-0.342233957667646
YHR036W,0.165830507874489,-0.785973310470581,0.0267268340442799,0.0701747146926719,0.119143368800481,0.222475191826622,-0.923930166545249,-0.652718419967379
YHR037W,0.89142519235611,-0.0509973205626011,0.0630278167553185,0.0306691857556127,0.77563308229049,1.01997778912385,-0.110343677703605,0.00859071243066054
YHR038W,0.297757387161255,-0.551713645458221,0.102405160941211,0.15099285970473,0.134796386832992,0.532889723777771,-0.870323314437296,-0.273362654594216
YHR039C,0.739487767219543,-0.132141888141632,0.0520978991684517,0.0305068340462092,0.643144122759501,0.849630773067474,-0.191691698064245,-0.0707697661174032
YHR040W,0.279449820518494,-0.55992466211319,0.047261699403153,0.0739137033702374,0.195463419705629,0.380020650972923,-0.708934544278051,-0.420192803577199
YHR042W,2.31612014770508,0.364196181297302,0.118442970755955,0.0221289177837325,2.0967643002669,2.5624828338623,0.321549611985585,0.408660964723773
YHR045W,0.3009352684021,-0.524344861507416,0.0343733224269778,0.0494971927424175,0.2401040657113,0.375480070213477,-0.61960048720197,-0.425413116398048
YHR046C,0.435507655143738,-0.367053359746933,0.0726100440151504,0.0727617592381661,0.304943820337454,0.589520016809304,-0.515780302443166,-0.229501450577076
YHR048W,0.02409328520298,-1.64877986907959,0.00900011551267224,0.166521054724429,0.0101682177356755,0.0443791386981805,-1.99275516324077,-1.35282114535854
YHR049W,1.22534132003784,0.0819875970482826,0.208820412390269,0.0739834374174027,0.864721796909968,1.66895400087039,-0.0631236027387086,0.222444354144384
YHR061C,0.157776162028313,-0.815355658531189,0.0393887677726121,0.10850343687958,0.0906995683908463,0.24755399748683,-1.04239477959834,-0.606330130373213
YHR062C,0.577957510948181,-0.243474945425987,0.0909276348675165,0.0685170636901394,0.413543889174859,0.772398422161738,-0.383478594982308,-0.112158626392746
YHR063C,1.10606610774994,0.0420505106449127,0.0987337794819443,0.0388227226396239,0.922024677693844,1.30951505800088,-0.0352574920175367,0.117110496700682
YHR064C,8.58291721343994,0.93320643901825,0.382776200266714,0.0192883331176184,7.88255161444346,9.37838969230652,0.896666819203621,0.972128274629793
YHR065C,0.877565145492554,-0.057993721216917,0.0672214760371659,0.0332692658591941,0.75063176403443,1.01602165400982,-0.124573080436486,0.00690295097914346
YHR067W,0.0551049634814262,-1.31629204750061,0.0280783683498172,0.231652750337977,0.0155423489942526,0.123131297528744,-1.80848356684212,-0.909631544010744
YHR068W,4.00890874862671,0.602192103862762,0.249698255651035,0.0269253244890487,3.55282885034879,4.53160190582275,0.550574259079915,0.65625174945635
YHR069C,0.567884266376495,-0.248975679278374,0.0693715131856406,0.053108236704415,0.438646741459767,0.713765122493108,-0.357885094015916,-0.146444685539942
YHR070W,0.573916673660278,-0.243009522557259,0.0532128736272271,0.0401561380312431,0.476746262361606,0.686717513700326,-0.321712703533576,-0.163221878472465
YHR071W,0.211741551756859,-0.715034186840057,0.0907119083505359,0.193564739408955,0.0744450508927306,0.421665907651186,-1.12816531898406,-0.375031548217061
YHR072W,0.32251563668251,-0.493282526731491,0.0296923812583292,0.0399091987117894,0.268525742242734,0.385078293333451,-0.571014074516466,-0.414450964550098
YHR074W,1.11813485622406,0.0476471148431301,0.0700082787180105,0.0271040605635406,0.992432637512684,1.25877614418666,-0.00329898552557604,0.0999485026752956
YHR075C,0.0755056366324425,-1.13989388942719,0.0214252980470287,0.126414705154033,0.0400358800465862,0.121542491018772,-1.39755062553615,-0.91527186701272
YHR076W,0.80845445394516,-0.0952487960457802,0.0934730701375994,0.0503106988745884,0.637580438951651,1.00786719719569,-0.195465028854389,0.00340331041256735
YHR078W,0.127295404672623,-0.902123153209686,0.022747245466501,0.0779193675347419,0.0870216997340321,0.174880408495665,-1.06037244374472,-0.757258841004068
YHR080C,0.0102199735119939,-2.01559925079346,0.00343598705229684,0.150504620189261,0.00462684462157388,0.0180323474109173,-2.33471534131551,-1.74394778859434
YHR083W,0.386777609586716,-0.419194966554642,0.0675366725189881,0.07646334038885,0.265371155738831,0.528827472527822,-0.576146287816489,-0.276685991394571
YHR084W,0.302345961332321,-0.521716713905334,0.0305944380862419,0.0439547369705789,0.246501881877581,0.365755070994298,-0.608179840357621,-0.436809654668802
YHR085W,0.238759398460388,-0.630829989910126,0.0478403044127357,0.0880436915445787,0.155036697164178,0.342069640010595,-0.809565509533778,-0.465885484132066
YHR091C,0.0675125792622566,-1.17979955673218,0.0138227606982259,0.0899680200771099,0.0434120592971643,0.0964445694039265,-1.36238961502017,-1.01572222851194
YHR098C,0.923856437206268,-0.0350887700915337,0.0523016825525722,0.0245247097848958,0.828458788990974,1.02951281567415,-0.081729090861936,0.0126317572038824
YHR103W,0.245707765221596,-0.611666321754456,0.0241239802278265,0.0425601751327823,0.202746505414446,0.296942379822334,-0.6930466451699,-0.527327815310615
YHR104W,0.934916377067566,-0.0322291180491447,0.110250494256285,0.0511018873218103,0.735489958524704,1.17540005147457,-0.13342326770248,0.0701856990047432
YHR106W,0.115273915231228,-0.953748464584351,0.0308814820645493,0.116755846880604,0.0640130717307329,0.1851334999005,-1.19373180174232,-0.732515086342896
YHR107C,0.719818532466888,-0.144988983869553,0.0727270191869597,0.0438717716845845,0.58455001115799,0.871490302681923,-0.233178327306642,-0.0597374411606095
YHR108W,1.41707766056061,0.15052393078804,0.0899114768133517,0.0274581453408311,1.2540605177482,1.60488048891226,0.0983184940609403,0.205442696622702
YHR109W,0.0684439688920975,-1.17569613456726,0.015369932706128,0.0988189338662105,0.0416817793622613,0.102855129353702,-1.38005375708782,-0.987774083119277
YHR111W,0.536266446113586,-0.273408263921738,0.0606360221427867,0.0493657766740633,0.423216475298007,0.659564332664013,-0.373437477918325,-0.18074284685021
YHR112C,0.220372945070267,-0.664060115814209,0.0402951627375308,0.0794365406920122,0.150033995881677,0.308594864110152,-0.823810326448723,-0.51061131336649
YHR113W,0.521123051643372,-0.285464197397232,0.054963301964974,0.0457020856258201,0.421900550524394,0.637121511995792,-0.374789908248853,-0.195777735411439
YHR117W,0.578238070011139,-0.239359349012375,0.0475859055436797,0.0357058794056794,0.488968751827876,0.679735838373502,-0.310718956136385,-0.167659843031544
YHR123W,0.83099502325058,-0.0827737674117088,0.0868228557023328,0.0454579173945213,0.671984724700451,1.00866998831431,-0.172640601697678,0.00374909902086591
YHR127W,0.398214191198349,-0.416869908571243,0.111425766873839,0.12251914099849,0.215285533169905,0.647374482949574,-0.66698553151951,-0.188844464054232
YHR129C,0.0714939758181572,-1.16575050354004,0.0216689552557419,0.133412352879201,0.0368718939833343,0.120901377188663,-1.43330507150203,-0.917568762833008
YHR131C,0.0523816831409931,-1.28902316093445,0.0101856610215412,0.0847640661456661,0.034577361214906,0.074811825963358,-1.46120816357233,-1.12602986370506
YHR132C,1.32204532623291,0.119982749223709,0.100945478262794,0.0331281225092421,1.13321461081505,1.53069672187169,0.0543121630610791,0.18488912710678
YHR133C,1.66476583480835,0.218757376074791,0.182365488817512,0.0475204210789941,1.32802769740423,2.03829321265221,0.123207131610755,0.309266618117568
YHR134W,0.0754395350813866,-1.16891670227051,0.0346810625091162,0.207577686015028,0.0235416318910817,0.156542826319734,-1.6281664835056,-0.805366841262769
YHR137W,1.67533123493195,0.223300337791443,0.101974614023566,0.0263759832369835,1.48644705414772,1.88392082353433,0.172149439222858,0.275062646302687
YHR140W,0.101275719702244,-1.05353760719299,0.0526104105809807,0.233929711772496,0.0281098807385812,0.228895650058985,-1.55114136144021,-0.640362514891337
YHR143W,3.58052968978882,0.552710592746735,0.270996382429639,0.0327659854839525,3.07985997200012,4.14799895683924,0.488530971445217,0.617838614924269
YHR144C,0.39909639954567,-0.406173020601273,0.0731430622712186,0.0795987393375304,0.271493017673492,0.562399101257324,-0.566241335227497,-0.249955385767281
YHR146W,1.98211109638214,0.296244293451309,0.126655773242888,0.027682267437153,1.7466936558485,2.24695702195168,0.242216733167877,0.351594761756994
YHR150W,0.0374025143682957,-1.44744181632996,0.0114277315818635,0.13471554779436,0.0182268937428792,0.063270724316438,-1.73928808380277,-1.19879730227527
YHR151C,0.115391284227371,-0.944448709487915,0.0200932732122476,0.0762389236411795,0.0782458142066995,0.158385770395398,-1.1065388859327,-0.800283856704478
YHR154W,0.309864103794098,-0.510230302810669,0.024910432306004,0.0348785145387582,0.262810443341732,0.360270575682322,-0.580357394999251,-0.443371216293582
YHR156C,0.0820718482136726,-1.10501396656036,0.0244690323922364,0.130599903383446,0.0413211234224339,0.13970559835434,-1.38382790149488,-0.854786190266048
YHR160C,0.0165747422724962,-1.89974439144135,0.0123721065545927,0.33949683010099,0.00235765788820572,0.0499684587121009,-2.6275192458823,-1.30130435290559
YHR161C,0.2005675137043,-0.70097017288208,0.024480486155349,0.0530521983529069,0.155806324630976,0.253378975391388,-0.807414918029137,-0.59622944717586
YHR165C,0.193281829357147,-0.714959561824799,0.0141073606409682,0.0316297325470614,0.166960766663154,0.222975726425648,-0.777385569894659,-0.651742422133499
YHR169W,0.721520185470581,-0.143768072128296,0.0694836031343545,0.0419198872011062,0.592827866474787,0.864611302316189,-0.227071390784043,-0.0631790916156884
YHR171W,0.0445123612880707,-1.36561048030853,0.0112713337217921,0.111835344867955,0.0252961178620656,0.0690798631558815,-1.59694612871582,-1.16064854054055
YHR177W,0.0109097026288509,-2.03401708602905,0.00616397565812155,0.261232850251082,0.00254147168210087,0.0263878543705989,-2.59492689283244,-1.57859751476404
YHR181W,0.753365576267242,-0.135073885321617,0.178325414427925,0.102967104544104,0.454612755278746,1.14595807790756,-0.34235851791182,0.0591687263217841
YHR183W,9.5355224609375,0.978888988494873,0.437258687907431,0.0198445677553566,8.73819441000621,10.4444312493006,0.941421699238911,1.01888479497041
YHR185C,0.0293534081429243,-1.68038809299469,0.0249667748284244,0.385565937193256,0.00295157980290242,0.0982589733476439,-2.52994566994177,-1.00762806524712
YHR188C,0.607651352882385,-0.217674270272255,0.0476151068915868,0.0339776899213651,0.521390167872111,0.70892507036527,-0.282837174154059,-0.149399665585835
YHR192W,0.349322348833084,-0.465567469596863,0.0699055871160436,0.0881365778517454,0.22415402084589,0.499373151361942,-0.649453472345273,-0.301574813715399
YHR195W,0.213317915797234,-0.681084752082825,0.0461048042248181,0.0942524864677644,0.132960819453001,0.31453161612153,-0.876276547392396,-0.502335716511136
YHR196W,0.730382442474365,-0.137684419751167,0.0550980928255653,0.0327667262619229,0.626505611340205,0.843003365894159,-0.203075036843652,-0.0741706959310714
YHR197W,0.419482260942459,-0.378634572029114,0.0330716151321807,0.0342409657488403,0.356763482093811,0.489983409643173,-0.447619605912513,-0.309818624506997
YHR199C,0.458693504333496,-0.343756705522537,0.0716960797289088,0.0678301179815393,0.331459028522174,0.611383739610513,-0.479570152238172,-0.213686121443533
YHR205W,0.622174978256226,-0.207036599516869,0.041220629487992,0.0286864382154132,0.547168695429961,0.70753985196352,-0.261878759046523,-0.15024910123407
YHR206W,0.315519869327545,-0.503190398216248,0.0318431460667927,0.0439598165524756,0.255508706221978,0.382012480994066,-0.592594317201382,-0.417922451450675
YHR208W,12.5763864517212,1.09893560409546,0.673931788334969,0.0231820091282067,11.3645448684692,13.9912238756816,1.0555520476219,1.14585570458075
YHR209W,0.169458076357841,-0.788761615753174,0.0482710411295296,0.125912812832868,0.0903195635105173,0.273550115774075,-1.04421817643422,-0.562963122253823
YHR210C,0.0173673927783966,-1.85221016407013,0.0111429063625785,0.298345674997834,0.00314149832896267,0.0448500016704202,-2.50286317441016,-1.34823755131256
YIL162W,0.403804063796997,-0.3963942527771,0.0439370147500571,0.0472637758405589,0.322260713328918,0.494433723390102,-0.491792677211879,-0.305891922358116
YIL160C,0.0077304900623858,-2.24472832679749,0.00600179457394943,0.365706663711531,0.000898961989635912,0.0234002430457621,-3.0462588532742,-1.63078147194564
YIL155C,0.274104833602905,-0.564798593521118,0.0306370019719667,0.0486368725319042,0.217744105309248,0.336612847944101,-0.662053594128653,-0.472869312354925
YIL154C,0.515586912631989,-0.29212361574173,0.0737969433567911,0.0620989486352041,0.380216363072395,0.679240584373474,-0.419969281471434,-0.167976373054327
YIL153W,0.397842943668365,-0.404500842094421,0.0556610717304606,0.0605109554309362,0.299198973923922,0.519586539268494,-0.52403990210768,-0.284342109978991
YIL152W,0.0590983591973782,-1.35368251800537,0.0448135360130157,0.353195635727373,0.00692481626368438,0.177721744030714,-2.15959231488638,-0.750259436816355
YIL151C,0.0485080853104591,-1.32131636142731,0.00878702287386013,0.0790962759064509,0.0329465757745008,0.067379176740845,-1.48218971696467,-1.17147430041027
YIL150C,0.175974518060684,-0.758800625801086,0.0245615023793034,0.0609741325492963,0.132578922311465,0.226718478774031,-0.877525516039079,-0.644513085281505
YIL146C,0.035781841725111,-1.46833765506744,0.0113296727138527,0.140141789414384,0.0174953080713749,0.061657074249039,-1.75707840570922,-1.21001777273187
YIL145C,0.792421638965607,-0.104882031679153,0.105361367237219,0.0578821040329096,0.597903192043304,1.01434078812599,-0.223369127992975,0.00618388672694462
YIL144W,0.155105218291283,-0.812886893749237,0.0196979139698374,0.0554120335447471,0.119415365407864,0.195352369174361,-0.922939790787161,-0.709181319661005
YIL142W,2.69594168663025,0.43004047870636,0.150022042661568,0.0241196741041575,2.41811647812525,3.00000379880269,0.383477215505029,0.47712180431351
YIL140W,0.467539012432098,-0.331446796655655,0.0357167446538485,0.033123453706962,0.402187182257573,0.543475522597631,-0.395571776357625,-0.264820011190589
YIL137C,0.73060667514801,-0.137110009789467,0.0442141864118421,0.0262547031905117,0.648126770555973,0.823075522482395,-0.188340044462604,-0.0845603143836046
YIL136W,0.078754834830761,-1.12200462818146,0.0225834807784582,0.128365190342905,0.0401772710494697,0.129179298877716,-1.39601963964301,-0.888807141413631
YIL131C,0.352011203765869,-0.456526309251785,0.0421144112293932,0.0517597400558269,0.27787969186902,0.440923362970352,-0.556143194361169,-0.355636888834623
YIL130W,0.309228867292404,-0.511305093765259,0.0264224933818944,0.0371652327065215,0.259737581014633,0.364445465803146,-0.585465208451265,-0.438367452409013
YIL128W,0.259632140398026,-0.58735603094101,0.023021787439408,0.0386848447826202,0.215592307349046,0.305502992123365,-0.666366740353537,-0.514984547709242
YIL126W,0.602241635322571,-0.220901370048523,0.0336650282111989,0.0241260527810501,0.541830279429754,0.671860710779826,-0.26613673058952,-0.172720755079192
YIL125W,0.812823176383972,-0.0906841531395912,0.0455690087050651,0.0242823013547677,0.72915453116099,0.907327711582184,-0.137180421580929,-0.0422358247080407
YIL124W,1.13900971412659,0.0531388185918331,0.142618833243477,0.0543150951840418,0.87998391042153,1.44630653162797,-0.05552533697965,0.160260329852607
YIL123W,5.43411588668823,0.734519064426422,0.288562703427315,0.0229939382673481,4.90538413127263,6.03003561894099,0.690673021414733,0.780319876157812
YIL121W,0.515976369380951,-0.289583891630173,0.0520865821818508,0.0439248421463881,0.420310479402542,0.623543497920036,-0.376429790429109,-0.205133256440987
YIL120W,0.0363146625459194,-1.46232640743256,0.0115584962044822,0.142013870325789,0.017121637534971,0.0626860409975052,-1.76645471919132,-1.20282915761726
YIL118W,0.918688952922821,-0.0485687889158726,0.214684418638124,0.101389728825536,0.556948732336362,1.39612877368927,-0.254184979993939,0.144925477831122
YIL117C,1.29310894012451,0.10929249227047,0.134359819918775,0.0451654150639377,1.03754787147045,1.57703571915627,0.0160081437625548,0.197841528319543
YIL115C,0.670569658279419,-0.174162894487381,0.0355216662000127,0.0229236277480256,0.605027884741624,0.744955604771773,-0.218224611139631,-0.127869613940821
YIL110W,0.421211928129196,-0.379151970148087,0.0545782142528402,0.0564811863137684,0.322695589065552,0.532533151904742,-0.491206971168755,-0.273653358545989
YIL108W,0.38979959487915,-0.410909086465836,0.0350716868606308,0.0390088622073057,0.324676060428222,0.464560683816671,-0.488549733116645,-0.332957551486005
YIL106W,0.482885986566544,-0.322050303220749,0.0795162510124821,0.0718326647356787,0.340282594164213,0.653500145177046,-0.468160316610838,-0.184754312217327
YIL104C,0.220681518316269,-0.660487055778503,0.0309031655664377,0.060905513407401,0.163824900488059,0.285767021526893,-0.785620087714657,-0.543988009812359
YIL103W,0.548393487930298,-0.263501971960068,0.0600840487461683,0.0474902005894623,0.437630937496821,0.675008198618889,-0.35889198726908,-0.170690956408907
YIL101C,0.0322436802089214,-1.51189565658569,0.0098008318399828,0.135122552154788,0.0160982174488405,0.0542821206152438,-1.79322224230208,-1.26534432600943
YIL099W,0.0116707468405366,-1.99950444698334,0.0063805846513147,0.252327234654843,0.00267957340499076,0.0276521043541531,-2.57193449433465,-1.55827194463004
YIL097W,0.0758128762245178,-1.13288903236389,0.0183566585709915,0.105307632582837,0.0449110785499215,0.118068031966686,-1.34764652067432,-0.92786767579754
YIL096C,0.267657428979874,-0.580634355545044,0.0520335289632176,0.0849168816706625,0.175720334922274,0.380790808300177,-0.755177980651334,-0.419313557544356
YIL094C,2.83346772193909,0.451133996248245,0.209503011571456,0.0320549027119366,2.44232403437297,3.28140987356504,0.387803278702545,0.516060466201919
YIL092W,0.041295163333416,-1.40053188800812,0.0112498591531358,0.121257793923227,0.0217208842902134,0.0665426277245084,-1.66312251432206,-1.17690011294791
YIL091C,0.477953284978867,-0.322107672691345,0.0396968724816668,0.0360225205636705,0.40477565775315,0.562171066800753,-0.392785629739788,-0.250131514094474
YIL084C,0.265686094760895,-0.584423661231995,0.0536407228500069,0.0877231273421894,0.171631582205494,0.384192913770676,-0.765402794083467,-0.41545064972595
YIL083C,0.546388208866119,-0.266186028718948,0.0710819416667141,0.0567737958165015,0.414417154590289,0.695705364147822,-0.382562276260235,-0.157574686395471
YIL079C,0.468764662742615,-0.333388417959213,0.0663462290471386,0.0615643127078921,0.348019288480282,0.609395247201125,-0.458396698402784,-0.215100938504337
YIL077C,0.11531313508749,-0.951941967010498,0.0290363489955788,0.110651578956509,0.0654264946778615,0.183581218123436,-1.18424635236546,-0.736171761347423
YIL076W,2.01515579223633,0.30232310295105,0.192365490670926,0.0415970248559431,1.65276371538639,2.41549005905787,0.218210769807894,0.383005251256769
YIL075C,2.76299405097961,0.440977245569229,0.119352765465475,0.0186458976264607,2.54898381233215,3.01703863541285,0.406367077431942,0.479580870067708
YIL073C,0.00580785190686584,-2.2884213924408,0.00282281556580314,0.221841509400265,0.00165621938843591,0.0126555984218915,-2.78088232562717,-1.89771950205198
YIL072W,0.0126574924215674,-1.94697892665863,0.00592367430055123,0.214344206842185,0.00386613417649642,0.0268825348466635,-2.41272308250103,-1.57052978256708
YIL071C,0.0387475974857807,-1.43599474430084,0.0128243427453625,0.147663999788067,0.0180808309155206,0.0674527305488785,-1.74278164524517,-1.17100046513785
YIL070C,0.727118909358978,-0.143771588802338,0.114850155333865,0.0683959862897799,0.52500216960907,0.971554698546727,-0.279838904709523,-0.0125327457593352
YIL068C,0.232916191220284,-0.634771287441254,0.0221592122798453,0.0414339555973786,0.19182087170581,0.278076334049304,-0.717104139769219,-0.555835974133978
YIL067C,0.12860643863678,-0.895500659942627,0.0191117193406656,0.0644366214314904,0.0956590468063951,0.169354136536519,-1.01927395117008,-0.771204191493065
YIL061C,0.167399570345879,-0.793204367160797,0.0470044935234611,0.122399854255805,0.0889300854255756,0.272333754102389,-1.05095130868147,-0.564898564137277
YIL055C,0.050840001553297,-1.30743646621704,0.0127153536442361,0.109952432699926,0.0289766336325556,0.0788908540581663,-1.53795213533584,-1.10297338363128
YIL050W,0.26764190196991,-0.584626019001007,0.0634122669604452,0.103519084260828,0.162344699104627,0.407233461240927,-0.789561909238999,-0.390156580754368
YIL046W,0.102096237242222,-0.997937679290771,0.0182412074405747,0.0780314272550847,0.069284255678455,0.141617449621359,-1.15936556875088,-0.848883231711864
YIL045W,0.0788416415452957,-1.11228549480438,0.0160671860825374,0.0891131831981969,0.0511437679640949,0.113070481580992,-1.29120728200337,-0.946650910296133
YIL044C,0.825892388820648,-0.086644671857357,0.106047464268763,0.0557371546391971,0.639678613344828,1.04878807067871,-0.19403816929084,0.020687738876657
YIL039W,0.877255201339722,-0.0582612715661526,0.070323790862266,0.0346939567085414,0.744923275212447,1.02042209804058,-0.127888455984089,0.00877984948615834
YIL038C,0.671197891235352,-0.173985883593559,0.0417246767073077,0.0269655377892605,0.593393398324649,0.757696042954922,-0.226657295565351,-0.120504981666593
YIL037C,0.00647149886935949,-2.26428413391113,0.00378913336453615,0.268181350606392,0.00141727354202885,0.0160691449418664,-2.84854642008155,-1.79400723553651
YIL036W,0.271117955446243,-0.569684743881226,0.0310307613007306,0.0497645562370074,0.213000997155905,0.336258812993765,-0.671618364193066,-0.473326361160165
YIL035C,0.89114910364151,-0.0520501881837845,0.0856766752428503,0.0417024421897729,0.735001330077648,1.07057908475399,-0.133711880374632,0.0296187545811652
YIL034C,1.22115099430084,0.0836554616689682,0.14644752674764,0.052065179561818,0.962338091929754,1.52847166061401,-0.0166723234314508,0.184257386111766
YIL030C,0.645725250244141,-0.190577417612076,0.0347152692858431,0.0232875929922776,0.582006614406904,0.716549791395664,-0.235072080703789,-0.144753653019129
YIL023C,0.251742362976074,-0.607607126235962,0.0497995705874428,0.0867882203303254,0.166232854127884,0.353791163116693,-0.779283138455875,-0.451253110585779
YIL022W,0.817377686500549,-0.0894117876887321,0.0754339993922131,0.039892359666448,0.682146549224854,0.975095908343792,-0.166122313492295,-0.0109526659263699
YIL020C,0.675439655780792,-0.17799799144268,0.126936860143025,0.081277563848219,0.464378327131271,0.94972303211689,-0.33312807871654,-0.0224030442008457
YIL019W,0.53721159696579,-0.273574382066727,0.0705844006162609,0.056853969571245,0.410412537803253,0.689608871936798,-0.386779384416409,-0.161397159874164
YIL015W,1.21300542354584,0.0828825607895851,0.0816643148940385,0.0291622485989822,1.06336553394794,1.38554000854492,0.0266825579870197,0.141619070634994
YIL013C,0.0118694026023149,-1.94741368293762,0.00373435774684705,0.139881732779914,0.00572153786197305,0.0200959439855069,-2.24248722379401,-1.69689160495565
YIL006W,0.0156094348058105,-1.90149474143982,0.0103409273355674,0.302704188164677,0.00267240917116093,0.042076367046684,-2.57309746378611,-1.3759618781769
YIL005W,0.414166063070297,-0.384482890367508,0.0363457549165148,0.0378981370828478,0.348417423913876,0.493541779865821,-0.457900135029918,-0.306676080992134
YIL003W,0.309892266988754,-0.518255293369293,0.0647170630340606,0.0911953269457179,0.197085744142532,0.451928344368934,-0.705344788604808,-0.344930675178967
YIL002C,0.0825694426894188,-1.08789503574371,0.012175573704705,0.0641146536238435,0.0605823019519448,0.108339816580216,-1.21765455781488,-0.965211908721979
YIR002C,0.126025795936584,-0.902630269527435,0.0150577635573338,0.0518820683636037,0.0994333376487096,0.15813708777229,-1.00246799503978,-0.800966263520846
YIR003W,0.348222285509109,-0.460006505250931,0.0323625858372603,0.0402083872572281,0.28976420412461,0.416363924990098,-0.537955273816337,-0.380526908854922
YIR004W,0.500023901462555,-0.303557544946671,0.0543803911475637,0.0470525339986965,0.401421823104223,0.613945683340231,-0.396399024241399,-0.211870079574528
YIR006C,1.40455770492554,0.147078648209572,0.0648263004390546,0.0199854913185204,1.28582377334436,1.54300852020582,0.109181450177079,0.188368323913068
YIR008C,0.34300497174263,-0.469218164682388,0.049580039339349,0.0627517584247057,0.255037363866965,0.449556634823481,-0.593396196888348,-0.347215590030008
YIR010W,0.157383814454079,-0.80820095539093,0.0243246982121204,0.0670842522369163,0.114311048264305,0.21046868947645,-0.941911808339469,-0.676812544285703
YIR011C,0.456056535243988,-0.346278011798859,0.070995979230282,0.0681695277364931,0.323973449071248,0.605666526655356,-0.489490585778077,-0.217766428382542
YIR014W,0.0293656438589096,-1.69057250022888,0.0250979749588824,0.403634990013257,0.00238281082323131,0.096446026985844,-2.62291357143234,-1.0157156720368
YIR016W,0.0350596345961094,-1.56159496307373,0.0244539316793844,0.322532046614695,0.00535379828652367,0.0981919428954521,-2.27133999414193,-1.00792427379941
YIR018W,0.120795533061028,-0.968550384044647,0.0581119597840467,0.215647071247812,0.0387353817932308,0.261234991749128,-1.4118922863094,-0.582968685585259
YIR021W,0.139371067285538,-0.868296802043915,0.0333430291410077,0.104911422201713,0.082333681670328,0.213362018888195,-1.08442257426561,-0.670882896112394
YIR023W,0.130719199776649,-0.886954128742218,0.0160634532939082,0.0536534999296513,0.101093841530383,0.163725983351469,-0.995275305541263,-0.785882393095729
YIR026C,0.911148130893707,-0.0426628403365612,0.0926996138129734,0.0443058851033453,0.74060173779726,1.09097540378571,-0.130415276882734,0.0378149594604257
YIR027C,0.027776038274169,-1.59086132049561,0.010981650151267,0.17748393765159,0.0108520993652443,0.0540529038136204,-1.96448688932814,-1.26718115585117
YIR028W,0.00929228030145168,-2.09187197685242,0.00482765538126762,0.237743670231387,0.00239134079311043,0.0210981722921133,-2.62135855887814,-1.67575516545255
YIR029W,0.0104142148047686,-2.116623878479,0.0081870882167292,0.366997121602134,0.00110751595154094,0.0316389516927302,-2.95566034381753,-1.49977791797014
YIR030C,0.241250872612,-0.644843459129333,0.0849951587465862,0.157032135586116,0.106202945299447,0.441167689859867,-0.973863680098239,-0.355396331877984
YIR031C,0.0265888329595327,-1.6027899980545,0.00938984148141491,0.157638519526379,0.0116377519676462,0.0480323041789233,-1.93413092268128,-1.31846672167807
YIR034C,1.78228294849396,0.249539524316788,0.145014541231867,0.0353773963174715,1.50509267052015,2.07587868173917,0.177563217268114,0.317201958574343
YIR036C,0.665465533733368,-0.184602975845337,0.125737940102378,0.0822623664214211,0.441534907619158,0.941427240769068,-0.355034979433945,-0.0262133370159507
YIR038C,0.467068701982498,-0.349643915891647,0.137864164888126,0.130250660851151,0.237750262394547,0.775629537800947,-0.623879024971337,-0.110345983908032
YIR042C,0.054874986410141,-1.37449657917023,0.0396738829845454,0.338967201358792,0.00721265855245292,0.157059784481923,-2.14190504171583,-0.803935641991029
YJL216C,0.00510790571570396,-2.41294074058533,0.00381345430628202,0.347763280787702,0.000619692361215129,0.0149085150721172,-3.20782444434982,-1.82656566913576
YJL214W,0.00798417162150145,-2.18134737014771,0.00489657017323243,0.284030573680105,0.00154598017688841,0.0199586021093031,-2.81079608279558,-1.69986991100497
YJL212C,0.558099150657654,-0.2545006275177,0.0417338467033059,0.0324619449907851,0.481269389390945,0.644193174938361,-0.317611760266059,-0.190983925576216
YJL210W,0.0961663573980331,-1.05450308322906,0.0398888386592751,0.184488803284068,0.0357515247849127,0.191436811039845,-1.44670709578762,-0.717974612701328
YJL208C,0.637701988220215,-0.198699027299881,0.0789443679368007,0.0537557241807281,0.492873545736074,0.806053936481476,-0.307264508574655,-0.0936358967401319
YJL207C,0.26999294757843,-0.569520354270935,0.0171273857978418,0.0275485002294673,0.237682468568285,0.304383575667938,-0.624002853055297,-0.516578785869448
YJL206C,0.0547968000173569,-1.27059078216553,0.0112857688051438,0.0909255556245609,0.0344155249806742,0.0785929035395384,-1.46324565912247,-1.10461666741312
YJL200C,2.82441926002502,0.450475037097931,0.129265926437275,0.0198544523052888,2.58649522662163,3.09131243228912,0.412711673391919,0.490142899560557
YJL194W,0.245950147509575,-0.613021790981293,0.0327248113307794,0.0582211828861179,0.184908242151141,0.314748925218979,-0.733043730951838,-0.502035755475534
YJL193W,0.183408886194229,-0.744885742664337,0.0359157473098629,0.0853491305958473,0.121056526899338,0.260412295162678,-0.917011790113618,-0.584338539994615
YJL192C,1.74750220775604,0.236176654696465,0.298133141668377,0.0736874777148361,1.22983356217543,2.39590841134389,0.0898463145554164,0.379470211453179
YJL186W,0.89242160320282,-0.0505889877676964,0.065133835072433,0.0317609027793626,0.768007852633794,1.02458087603251,-0.114634343486256,0.0105462335513804
YJL185C,0.0484303869307041,-1.36963701248169,0.0240403517051023,0.225303936027063,0.0137244719235847,0.106837414205074,-1.86250477914341,-0.971276631789353
YJL180C,0.278463423252106,-0.564211308956146,0.0567965068405109,0.0885169757982365,0.184296499316891,0.401851591467857,-0.734482914840205,-0.395934401670438
YJL176C,0.259198397397995,-0.58812403678894,0.0232830796826884,0.0391317290534798,0.215869480123123,0.306107720484336,-0.665808782692189,-0.514125720449099
YJL174W,2.0623631477356,0.31200185418129,0.215545202776239,0.0453320030670867,1.66667425632477,2.51363127827644,0.221850727299833,0.400301570903152
YJL172W,2.22422075271606,0.346587270498276,0.116273410417774,0.0226103810068922,2.00960922241211,2.46900397539139,0.303111615107211,0.392521788440567
YJL171C,2.09750199317932,0.320582956075668,0.150878764278999,0.0311938550739648,1.81975258092086,2.40153395136197,0.26001234337903,0.380488730726624
YJL167W,3.86077737808228,0.585677921772003,0.261545095195078,0.0294413105645636,3.37148862878482,4.38807773590088,0.527821686622897,0.642274312606812
YJL165C,0.256549060344696,-0.592498064041138,0.0224761185965196,0.0381201810214482,0.215127217893799,0.301915259410938,-0.667304639577097,-0.520114940014348
YJL164C,0.151024058461189,-0.829484403133392,0.030007537657612,0.0863837339199094,0.0991915988425414,0.216342531144619,-1.00352521270421,-0.66485809842588
YJL163C,0.0341469459235668,-1.48794174194336,0.0106262557195123,0.138709721303435,0.0165126362660279,0.057524576721092,-1.78218358547099,-1.24014658845355
YJL162C,0.100263155996799,-1.0050607919693,0.0169399663113899,0.0736990097333278,0.069922998547554,0.136654377728701,-1.15537995587804,-0.86437645551165
YJL160C,0.0622441023588181,-1.25774395465851,0.0300177284380671,0.220568987500993,0.0182637226146956,0.133527185892065,-1.73841091649468,-0.874430312649674
YJL155C,0.118081517517567,-0.937020301818848,0.0242550175549372,0.0900794648156023,0.0745802847047647,0.172859159857035,-1.12737596333974,-0.762307603167725
YJL153C,0.0148599212989211,-1.8781031370163,0.00710754497924443,0.215427662899571,0.00428589517250657,0.0324253290891647,-2.36795850066104,-1.48911560750655
YJL146W,0.137250781059265,-0.869733810424805,0.0250003443075849,0.0797816638812526,0.0930744707584381,0.190338808298111,-1.03116942459486,-0.720472692047132
YJL139C,0.116248205304146,-0.943484485149384,0.023477061479791,0.0882217659397565,0.0761742227400343,0.166646663844585,-1.11819196869851,-0.77820338150374
YJL137C,0.172953143715858,-0.769309401512146,0.0314606740107845,0.0797236318577626,0.117051606314878,0.237548408905665,-0.931622661040974,-0.624247893413963
YJL133W,0.178832769393921,-0.75866162776947,0.0403313075016839,0.0989548647004953,0.110229008831084,0.265016162892183,-0.957704099422399,-0.576727649582884
YJL132W,0.0476452559232712,-1.33190274238586,0.0101191321838928,0.0937202028764207,0.0295229231628279,0.069228535083433,-1.52984068752649,-1.15971489660954
YJL130C,2.94433569908142,0.4687120616436,0.105624670876041,0.0154678306906979,2.76296918789546,3.18346286614736,0.441376041488932,0.5028997881238
YJL129C,0.092915304005146,-1.03507769107819,0.0112255353820694,0.0524737820235825,0.0725877025475105,0.116847811701397,-1.13913694960509,-0.932379426808475
YJL128C,0.371786952018738,-0.431592494249344,0.0346878273595149,0.0405051087085907,0.307870396971703,0.44340318441391,-0.51163208704383,-0.353201192212908
YJL127C,0.168833166360855,-0.77657687664032,0.0229675835824974,0.0594025363720823,0.126184180378914,0.21579892175893,-0.898995088869955,-0.665950733003946
YJL126W,0.203239783644676,-0.705217719078064,0.0500353562436443,0.108187508919416,0.117751765809953,0.313148653010527,-0.929032655195619,-0.504249452240924
YJL125C,0.490520060062408,-0.312893331050873,0.0627770949629316,0.055620385484883,0.376180946826935,0.621917803585529,-0.424603204791683,-0.206267016981354
YJL123C,1.1350964307785,0.0537417978048325,0.0878112646606543,0.0334753315531252,0.976044206817945,1.3205379207929,-0.0105305123314597,0.120750863586812
YJL116C,0.0731064602732658,-1.16352581977844,0.0258160358254618,0.157867629270284,0.0322026302417119,0.133311769242088,-1.4921087624781,-0.875131515177199
YJL111W,2.02141904830933,0.304886400699615,0.120628242813509,0.0258448011662819,1.79895126819611,2.26817700862884,0.255019398898538,0.355676941888518
YJL110C,0.223261207342148,-0.654627323150635,0.0280894776618044,0.0548169528262765,0.171158283948898,0.282164247334003,-0.766602076448798,-0.549498043257238
YJL109C,1.04137372970581,0.0171268805861473,0.0490820338837046,0.0204000066202452,0.951276714603106,1.14345765113831,-0.0216931357554776,0.0582200847997647
YJL105W,0.00525713479146361,-2.38921618461609,0.00374425629373748,0.325955256182345,0.000791418504862425,0.0152353417050714,-3.10159386733489,-1.81714785585469
YJL103C,0.0150453140959144,-1.86336755752563,0.00645587220480066,0.193495769752669,0.00525924816805248,0.0298734792508185,-2.27907635975066,-1.52471432019858
YJL102W,0.0559355653822422,-1.26117300987244,0.011265614832526,0.0883659938210237,0.0364205329678953,0.0802094129224618,-1.43865370394265,-1.09577467266969
YJL101C,0.482732236385345,-0.317891448736191,0.0414244929872779,0.037313481924481,0.4049179961284,0.569391041497389,-0.392632933899505,-0.244589378412555
YJL100W,0.0440692417323589,-1.37272572517395,0.0123563185158256,0.121906273295712,0.0237393889731417,0.0718865508213639,-1.62453050745565,-1.14335255818581
YJL092W,0.107821591198444,-0.970570504665375,0.0132534979645078,0.053424735922076,0.08303313087672,0.136204743136962,-1.08074862433928,-0.865807774645944
YJL091C,0.309324622154236,-0.513146996498108,0.0395960239969801,0.0557646616177541,0.236586779356003,0.393447106331587,-0.6260095277265,-0.405113645200379
YJL088W,0.0644109472632408,-1.21845483779907,0.0226670261664824,0.157582230218946,0.028545133691902,0.116395722764234,-1.544467927127,-0.934062985548317
YJL081C,0.404957383871078,-0.395156294107437,0.0439463655027752,0.0473289045461405,0.323151588439941,0.49451157450676,-0.490593785450448,-0.305823538878555
YJL079C,1.36634314060211,0.132881283760071,0.152031272366749,0.0482810100723836,1.09040502707164,1.68878387113412,0.0375878447801223,0.227574072554424
YJL078C,1.1576075553894,0.0628963485360146,0.0642675560518049,0.0240120366906092,1.04095972776413,1.29546315670013,0.0174339057893192,0.112425066051606
YJL071W,0.08231271058321,-1.09399557113647,0.0170801433212471,0.0914486153147507,0.0522463882962863,0.118515945971012,-1.28194374672241,-0.926223212680776
YJL070C,0.0616628862917423,-1.21718716621399,0.011172688249727,0.0797376167721169,0.0415769306942821,0.0854954909533261,-1.38114801796249,-1.06805696731027
YJL068C,0.919953346252441,-0.0401582345366478,0.123835124079739,0.0585122555009613,0.695640456179778,1.18286192417145,-0.157615170251915,0.0729340522609077
YJL066C,0.206674724817276,-0.712330341339111,0.0737243359269839,0.157434462287812,0.0908816978335381,0.381958899646997,-1.0415235681554,-0.417983369363122
YJL063C,0.568574130535126,-0.259193599224091,0.144180413313832,0.111167687540279,0.321596266080936,0.892265846331914,-0.492689021726342,-0.0495057309850862
YJL062W,0.353465735912323,-0.453430861234665,0.0319565457212865,0.0393782047119935,0.293177699794372,0.417909505218267,-0.532869185630183,-0.378917754275641
YJL061W,0.428228914737701,-0.369791895151138,0.0351574106157308,0.035784715160366,0.36227500885725,0.499449763943752,-0.440961628030537,-0.301508191260923
YJL060W,0.849198639392853,-0.0726468414068222,0.0742423528233682,0.0379388104019809,0.712480828662713,1.00266076525052,-0.147226875667323,0.00115402104159943
YJL059W,0.119746871292591,-0.932194650173187,0.0262446991199641,0.0959956845326205,0.0739897976318995,0.174577640493711,-1.13082846554541,-0.75801157852533
YJL058C,0.0764806568622589,-1.12650752067566,0.0165242540888192,0.0938301786647423,0.0486858454532921,0.112571374264856,-1.31259737176163,-0.948572035441275
YJL057C,0.0714171156287193,-1.15420699119568,0.0137734133746693,0.0836484979337326,0.0476167218759656,0.101933843021591,-1.32224052489571,-0.991681666108814
YJL055W,1.1955828666687,0.0708027705550194,0.211187726412717,0.0770417695281183,0.818094074726105,1.65681612491608,-0.0871967528259041,0.219274312664727
YJL053W,0.365074008703232,-0.44242799282074,0.0542191885338179,0.0649102035651305,0.266196842739979,0.480863054593404,-0.574797301265744,-0.317978589156293
YJL051W,0.143373981118202,-0.84711354970932,0.0184226664468891,0.0559150116951701,0.109451143195232,0.182801337788502,-0.960779716008071,-0.738020658905435
YJL050W,1.24762880802155,0.0955652147531509,0.0612380546299914,0.0212480486822386,1.13399666349093,1.37708041469256,0.054611775476275,0.138959283987911
YJL048C,0.162931963801384,-0.797325968742371,0.0336950687131635,0.0906511906070393,0.103540838013093,0.235449009637038,-0.984888324610164,-0.628103140429349
YJL047C,0.0782026425004005,-1.11308896541595,0.0133508393288586,0.0742496281939246,0.0541542611084878,0.106749663253625,-1.26636736611617,-0.97163349004772
YJL045W,0.00943032931536436,-2.09296107292175,0.0052030888796277,0.253405884912181,0.00223214456345886,0.0222490983859946,-2.65127773586605,-1.65268798581584
YJL044C,0.230149537324905,-0.643347561359406,0.036135383462941,0.0684696534148125,0.16363173921903,0.306983142594496,-0.786132468386429,-0.512885475748731
YJL043W,0.0227651745080948,-1.80138432979584,0.0196764488545736,0.4020036167058,0.00196280903765,0.0740499573449292,-2.70712197536896,-1.13047618759688
YJL041W,1.59126365184784,0.201151192188263,0.0832175969804253,0.022643469728684,1.44063559671243,1.76097633341948,0.158554141398943,0.245753518816534
YJL036W,0.25520721077919,-0.597739219665527,0.0372872668928308,0.0636160345304473,0.186493718748291,0.334221240133047,-0.729335928356454,-0.475965987805534
YJL034W,7.49904203414917,0.874627530574799,0.314638237340911,0.018106088360222,6.93159383932749,8.20756657918294,0.840833098994225,0.914214413721452
YJL033W,0.748468339443207,-0.126583993434906,0.0443980577916803,0.0256034978272442,0.668811305363973,0.844231153527896,-0.174696394616402,-0.0735386264803009
YJL031C,0.491722524166107,-0.313607066869736,0.0768863808486336,0.0683042917393922,0.353029633810123,0.653040046989918,-0.452188838839886,-0.185060188942978
YJL025W,0.0390562973916531,-1.42735195159912,0.011519908263562,0.130282961598767,0.0201844663824886,0.0640900583316882,-1.69498273042769,-1.19320942134623
YJL023C,0.0598501227796078,-1.25028705596924,0.0211810137331464,0.156573473361158,0.0266520418226719,0.108586258937915,-1.57426951390377,-0.964225131423247
YJL020C,0.922676980495453,-0.0354997664690018,0.0465336230200029,0.0218349612703199,0.837069057921569,1.02052076260249,-0.0772387119850914,0.00882184244175387
YJL014W,2.82301998138428,0.450125485658646,0.147570487249343,0.0225913393271604,2.55311614473661,3.13424688577652,0.407070570004109,0.496133202545254
YJL013C,0.0572063401341438,-1.25567162036896,0.0140115985599337,0.107650920129729,0.0333543764116863,0.0883172457416852,-1.4768474488862,-1.05395459938801
YJL012C,4.97799158096313,0.696664154529572,0.211645597932449,0.0183807790427357,4.60209523439407,5.42215710481008,0.662955580995164,0.734172093874022
YJL010C,0.476881235837936,-0.322968542575836,0.0380333543571804,0.0346110323004315,0.406316211322943,0.556801904737949,-0.39113586245466,-0.254299287818244
YJL008C,2.58586120605469,0.411986470222473,0.138245241951162,0.0231773534557678,2.32961985468864,2.87412707010905,0.367285057978496,0.458505964579197
YJL005W,0.134685724973679,-0.872247934341431,0.0114497107380894,0.0369412982717644,0.113408684978882,0.15772071480751,-0.945353808405443,-0.802111263324316
YJL002C,2.1618447303772,0.333964675664902,0.136278492656263,0.0273173121383675,1.91290639042854,2.44593524932861,0.2816937179664,0.388444955876269
YJR001W,0.794190406799316,-0.101296044886112,0.0597076864459296,0.0325394007692694,0.684481110672156,0.921295262376467,-0.164638542776085,-0.0356011639247127
YJR002W,0.954753637313843,-0.0210850033909082,0.0642121245337966,0.029098648767089,0.83599790285031,1.0905393431584,-0.0777948213325916,0.0376413373720784
YJR003C,0.21921494603157,-0.662783563137054,0.0284336541252239,0.0564595814921181,0.16805816963315,0.278297202040752,-0.77454043628471,-0.555491161098559
YJR004C,0.00935146491974592,-2.08909392356873,0.00483104638804912,0.237218158157851,0.0025797771231737,0.0210498664993793,-2.58841805431065,-1.67675070177968
YJR005W,0.215702936053276,-0.668741881847382,0.0236085520900077,0.0475533447267192,0.173693253969153,0.264711410303911,-0.760217049742397,-0.577227338263201
YJR008W,0.0558679066598415,-1.28696095943451,0.0220017207825927,0.175946952284721,0.0220910716646661,0.106483386829495,-1.65578326491754,-0.972718262911806
YJR010W,0.258980453014374,-0.590369701385498,0.0334712589830132,0.0563635234375476,0.197705873474479,0.327857132256031,-0.703980431449752,-0.484315379390521
YJR011C,0.103853173553944,-1.02518033981323,0.0449268763287398,0.195902904790448,0.0362442970275879,0.208100876460473,-1.44076058837354,-0.681726111449252
YJR013W,0.214470729231834,-0.675684452056885,0.0385886313276626,0.0786423333312369,0.146126389503479,0.294403701027234,-0.835271346140971,-0.53105674269371
YJR015W,0.92845344543457,-0.0336573012173176,0.075138318149172,0.0350980873590909,0.791035613417625,1.08157002031803,-0.101803973701266,0.0340546372555822
YJR019C,0.165498241782188,-0.7925945520401,0.0377553136161648,0.100352604601874,0.0997396488363544,0.246149763216575,-1.00113216650775,-0.608800660901908
YJR024C,0.958529472351074,-0.0268628243356943,0.18908361403736,0.0862550584849068,0.627249267697334,1.37173820932706,-0.202559855871473,0.137270911124111
YJR030C,0.111932970583439,-0.956099390983582,0.0170521217651658,0.0665851280485905,0.0804726619273424,0.147777115181088,-1.09435163427024,-0.830392815742098
YJR035W,0.0890985503792763,-1.05435752868652,0.0124548954398077,0.0606968909361692,0.0667526243254542,0.115425052431722,-1.17553170572616,-0.93769998815412
YJR036C,0.0156541466712952,-1.83294630050659,0.00558285538863349,0.15712177148983,0.00708301065023989,0.0283179680351168,-2.14978213351592,-1.54793791281271
YJR039W,0.0374608412384987,-1.43565714359283,0.00774462089877277,0.0899523617578051,0.0240260446133713,0.0547293456271291,-1.61931772566454,-1.26177974670841
YJR042W,0.487373441457748,-0.313475549221039,0.0383046515375335,0.0340792628177682,0.415251485506693,0.564255751669407,-0.381688810220473,-0.248524005728824
YJR046W,0.255797058343887,-0.595238745212555,0.0307584828990927,0.0522547251265118,0.199246417110165,0.321168709546327,-0.700609525345006,-0.493266833094109
YJR049C,0.253059774637222,-0.600665807723999,0.0339440534070636,0.0582110703568817,0.193007356425126,0.323153436183929,-0.714426138978973,-0.49059122173795
YJR051W,0.397958934307098,-0.402810990810394,0.0439593147116778,0.0480747516134816,0.316868523756663,0.490272682408492,-0.499120936981138,-0.309562309481033
YJR052W,0.1371069252491,-0.868791520595551,0.0224750438221209,0.0715873597882318,0.0964467350393534,0.184757683922847,-1.01571247002821,-0.733397496329157
YJR054W,0.0621442571282387,-1.22154819965363,0.0162659970720424,0.115071452265242,0.0343214312568307,0.0981695925816893,-1.46443490568715,-1.0080230130616
YJR056C,0.4087173640728,-0.408655315637589,0.124021518872657,0.133755644919804,0.206942187994719,0.68980197062095,-0.684151072738495,-0.161275606345909
YJR060W,0.915585279464722,-0.0408634319901466,0.0996050599977444,0.0472094998643431,0.736346483230591,1.11724180877209,-0.132917783017323,0.0481471697578623
YJR061W,0.00605664309114218,-2.28277111053467,0.00326487209131185,0.24828775229321,0.00144137079381229,0.0141438596649095,-2.84122437147453,-1.84943234394051
YJR062C,0.250493943691254,-0.605455636978149,0.0350225907939664,0.0610077930148271,0.186879937723279,0.324863898009062,-0.728437325523352,-0.488298553392358
YJR064W,3.09913778305054,0.490657329559326,0.160808456406384,0.0224886404628832,2.79675173163414,3.42552009423574,0.446653914504257,0.534726517643715
YJR068W,0.56510728597641,-0.251165986061096,0.0699193712937046,0.053523897572312,0.441372245550156,0.710973376532395,-0.355194979700386,-0.148146682509304
YJR072C,1.11114156246185,0.0440483838319778,0.0989789742559785,0.0386891614203997,0.928913095593452,1.31716859340668,-0.0320249145615907,0.119641366837329
YJR075W,1.45261061191559,0.160796001553535,0.114904213578389,0.034263334780702,1.2445387929678,1.69197800954183,0.0950084360087549,0.228394714132011
YJR076C,1.30645835399628,0.114730335772038,0.103900620838645,0.0344266704305765,1.11724218428135,1.52370699942112,0.0481473248540372,0.182901406330374
YJR078W,0.0642000064253807,-1.20961761474609,0.0179625187116532,0.123571481000618,0.034332786158969,0.105828470612566,-1.4642909525558,-0.975397962244359
YJR083C,0.156929299235344,-0.819990456104279,0.0420102313552942,0.118118643898737,0.0847825330371658,0.252604403098424,-1.07169361224042,-0.597559117773871
YJR088C,1.07204008102417,0.0267711095511913,0.135172561256608,0.0547257847121444,0.829124386111895,1.36039772629738,-0.0813803893273269,0.133665889705564
YJR089W,0.0817130506038666,-1.09287822246552,0.0125805286247372,0.067290633494951,0.0587746873497963,0.109121196592847,-1.23080967241348,-0.962090881210112
YJR091C,0.293314754962921,-0.534077167510986,0.0236410464078586,0.0350346282770765,0.249606806784868,0.342324240754048,-0.602743576045061,-0.465562362648255
YJR092W,0.388694763183594,-0.411230623722076,0.0241588858734556,0.0270227736984742,0.343053248524666,0.437187504520019,-0.464638465131284,-0.359332259544109
YJR093C,0.178728446364403,-0.759311378002167,0.0410066620365922,0.10087378065118,0.108146889445682,0.270481552928686,-0.965986071270191,-0.567862373817379
YJR094C,0.125237613916397,-0.914258718490601,0.029419003680476,0.102916825484367,0.074057088047266,0.190786585211754,-1.13043337205101,-0.719452165131542
YJR095W,0.0271115507930517,-1.63385045528412,0.0149120043861426,0.251775279597041,0.00666533387654151,0.0624077674932778,-2.17617809259664,-1.20476135416427
YJR096W,0.211677834391594,-0.689444601535797,0.0558362793860584,0.11568084396013,0.116982844285667,0.334425303836663,-0.931879528702648,-0.47570092806019
YJR098C,0.0582404062151909,-1.2449197769165,0.0125460968217912,0.0946521122353289,0.0359547989442945,0.0850601433465877,-1.44424314568789,-1.07027411547073
YJR099W,0.285780310630798,-0.570139765739441,0.0993551675631842,0.153169679448737,0.125823729733626,0.512913609544435,-0.900237552514752,-0.289956598525911
YJR101W,0.540270686149597,-0.275394082069397,0.103771150749747,0.0838231074252723,0.354627404610316,0.767831950386365,-0.450227707280675,-0.114733820340932
YJR103W,0.572106301784515,-0.244170188903809,0.0498125406693468,0.0378888499075198,0.481985025604566,0.673377711077531,-0.316966454848976,-0.171741276911462
YJR105W,6.71742963790894,0.826318442821503,0.429941206505591,0.0277087656679192,5.92483134269714,7.61817514499029,0.772675992137681,0.881850953002926
YJR106W,0.0866126641631126,-1.06900131702423,0.0150204265532885,0.0761229284455636,0.0594070797475676,0.118269637227058,-1.2261619074902,-0.927126735314896
YJR113C,0.498599916696548,-0.31515696644783,0.121720843756202,0.106633095073696,0.293131067107121,0.765148590505123,-0.532938220506204,-0.116254309471034
YJR116W,0.193437054753304,-0.733404755592346,0.0579636851479711,0.134004933862453,0.0947292481238643,0.32145317296187,-1.02351591178875,-0.492882637445009
YJR119C,0.0279421806335449,-1.57275354862213,0.00825444473439193,0.13010430630976,0.0142546284788599,0.0468101601737241,-1.8460442590043,-1.32965987471112
YJR121W,4.96994400024414,0.695777714252472,0.256149069750242,0.0223253657496064,4.50164367755254,5.50740997393926,0.653371113468255,0.740947406686176
YJR122W,0.0863591358065605,-1.07481062412262,0.0194878587928359,0.0990780563128657,0.0529068558476865,0.128131523604194,-1.27648851118436,-0.892344056730414
YJR124C,0.409998685121536,-0.390401870012283,0.0495941841904816,0.0527412357106003,0.317978044350942,0.511419127881527,-0.497602866670283,-0.291223034043663
YJR125C,1.34191918373108,0.126403719186783,0.104782645558962,0.0339029965619694,1.14401134153207,1.55478009680907,0.0584303246937441,0.191668965202739
YJR130C,0.159350052475929,-0.801751375198364,0.0219314519990614,0.0597956355331275,0.120793530220787,0.204826575641831,-0.917956361883976,-0.688613695647421
YJR132W,0.336852014064789,-0.473791271448135,0.0253976321638347,0.0326888564787489,0.289548358072837,0.389368998259306,-0.538278896247418,-0.409638640646032
YJR135C,0.101600766181946,-1.04653286933899,0.0501431437106722,0.222206933932783,0.0299515675287694,0.222307354211807,-1.52358082673732,-0.653046170046052
YJR139C,8.79987716674805,0.9438117146492,0.489481998331772,0.0240428878289324,7.899462834994,9.81359806060791,0.897597559777493,0.991828242841943
YJR141W,0.077742837369442,-1.13245689868927,0.0252627098768858,0.143824706153497,0.0365437342785299,0.137536212801933,-1.43719005495781,-0.861582938565082
YJR142W,0.526863038539886,-0.282316833734512,0.0717329679578396,0.0591556331011158,0.395056219647328,0.676848649481932,-0.403341270165234,-0.169508434582897
YJR144W,1.41461503505707,0.14731627702713,0.175211507629196,0.0537834718080154,1.0991590231657,1.79057483375072,0.0410605294063823,0.252992475397099
YJR150C,0.0152674010023475,-1.94365859031677,0.0116773497413184,0.354942498150574,0.00196020375005901,0.0459649605676532,-2.70769878429285,-1.33757311196444
YJR153W,0.0154266739264131,-1.89386391639709,0.00954469120704294,0.277456985782762,0.00324650352316288,0.0386199482095738,-2.48858412448558,-1.41318836628244
YJR154W,0.0106726223602891,-2.09209012985229,0.00802059899084628,0.340910585356818,0.00151949831827854,0.0319628094012538,-2.81829977921639,-1.49535509916687
YKL222C,0.0085358927026391,-2.12499046325684,0.00429723488183828,0.228993429826828,0.00241341807025795,0.019049945861722,-2.61736744394524,-1.72010630495397
YKL221W,0.0106256445869803,-2.05322909355164,0.00636093305461054,0.277885606155782,0.00216107221009831,0.0262116661760956,-2.66533549093311,-1.58150537273614
YKL217W,0.0150981321930885,-1.85840880870819,0.00622838030072557,0.184712269601745,0.00568712257081643,0.0303252885583788,-2.24510747691921,-1.5181950594272
YKL215C,0.375490188598633,-0.426444292068481,0.0260413878892838,0.0301235935928564,0.32742071573933,0.429274152467648,-0.484893857144994,-0.367265260910884
YKL212W,2.1683657169342,0.335586369037628,0.109069593671609,0.0217935160493649,1.96513795653979,2.39445066849391,0.29339304257595,0.379205883709594
YKL211C,1.2320830821991,0.0895575731992722,0.0871067937331655,0.0306608973679754,1.07246090471745,1.4095120459795,0.0303814694472085,0.149068786966095
YKL210W,5.31915760040283,0.725534498691559,0.201614273060867,0.0163774874369149,4.96975088119507,5.75160284837087,0.696334619390491,0.759788885494413
YKL209C,0.666310667991638,-0.177029520273209,0.0380901279344971,0.0247456985892198,0.596305810908477,0.745198494692643,-0.224530961327854,-0.127728031064418
YKL207W,2.06969499588013,0.312214344739914,0.271025317566658,0.0566422651316511,1.59552978177865,2.64259360233943,0.202904915032949,0.422030378047624
YKL206C,0.528078675270081,-0.285485416650772,0.102554451832109,0.0846803157871778,0.351411154121161,0.751099142928917,-0.454184482259925,-0.124302954163893
YKL205W,0.390108168125153,-0.409900307655334,0.0276427146217169,0.030684028643046,0.339985032131275,0.448679234832525,-0.468540251468081,-0.348064032249805
YKL204W,0.473816603422165,-0.326023459434509,0.0411155213608805,0.0376960084164079,0.398289268960555,0.558882274727027,-0.399801394937472,-0.252679666034988
YKL203C,0.124514438211918,-0.906357228755951,0.0106056796243069,0.0370333561142435,0.104707434400916,0.145813553904494,-0.980022520817241,-0.836202106927826
YKL198C,0.0965635851025581,-1.02201235294342,0.0170578606237035,0.0774453191021236,0.0660831710323691,0.132898200303316,-1.17990924578017,-0.876480902122052
YKL195W,1.03011202812195,0.0111448504030704,0.0920800902702121,0.0389264105431564,0.857639909287294,1.21428075333436,-0.066695027092762,0.0843190407204279
YKL194C,0.149707660079002,-0.831740617752075,0.0267453069160962,0.0783128595730183,0.102310528792441,0.204282022764285,-0.990079676268414,-0.689769850493668
YKL193C,0.534018993377686,-0.276319175958633,0.0713720198239186,0.0581492031022154,0.405890847494205,0.681959675252438,-0.391590743652188,-0.166241304717859
YKL191W,0.828946948051453,-0.0828297212719917,0.0656489286053669,0.0343335452374753,0.705931643148263,0.966254468758901,-0.151237366281963,-0.0149084859157098
YKL189W,0.148028299212456,-0.839297771453857,0.0310851991235116,0.0921430654443533,0.0940837138642867,0.213010322178404,-1.0264855497033,-0.671599351142218
YKL188C,0.0100561212748289,-2.0396945476532,0.00440079438082757,0.196382718493648,0.00350893549233054,0.0203323380866398,-2.45482461701007,-1.69181288492763
YKL187C,0.00392249412834644,-2.52323031425476,0.00282551104401455,0.341771173873277,0.000550954886421096,0.0109912401918943,-3.25888409116349,-1.95895332545382
YKL185W,0.701426863670349,-0.155374795198441,0.0556100491257527,0.0343209091021131,0.600382327536742,0.8180842846632,-0.221572107702891,-0.0872019610118554
YKL184W,1.68880522251129,0.226493284106255,0.119788433287009,0.0306926597363155,1.47155183752378,1.93769821226597,0.167775565329024,0.287286107366315
YKL183W,0.486753165721893,-0.319145560264587,0.0838082651662153,0.0752088763649102,0.335077720880508,0.669198016822338,-0.474854453848335,-0.174445364275264
YKL182W,6.49553823471069,0.812349677085876,0.22832284441377,0.0151791664768577,6.10165074666341,6.98322651783625,0.785447345308504,0.844056129656277
YKL179C,0.424485146999359,-0.373635023832321,0.0353201482885451,0.0360738702028142,0.359218911081553,0.497757153213024,-0.444640813737592,-0.302982507618267
YKL175W,0.977267980575562,-0.0113283190876245,0.0769739078157662,0.0341407622349859,0.834813117980957,1.13901233077049,-0.0784107351911761,0.0565284200715218
YKL174C,0.277298599481583,-0.559861481189728,0.0315571660755182,0.0494771005906023,0.21893521596988,0.343325226008892,-0.659684404833078,-0.464294324626983
YKL173W,0.242179423570633,-0.617680013179779,0.0221702026825443,0.0397669395405623,0.200863376259804,0.288495300710201,-0.697099241640115,-0.53986125703122
YKL172W,1.96966874599457,0.293338060379028,0.137620364414245,0.0302227359015456,1.7167871405681,2.26117003361384,0.234716449797099,0.354333130370896
YKL168C,0.0898993983864784,-1.05284667015076,0.0156457584295076,0.0761185055614399,0.0620740033996602,0.123942048413058,-1.20709026251963,-0.906781364781179
YKL166C,0.456767439842224,-0.343542069196701,0.0558493087441627,0.0530882305810698,0.356149672716856,0.572459079821904,-0.448367450432624,-0.242255553817617
YKL165C,0.453319042921066,-0.344694495201111,0.0323099390769554,0.0309131185259999,0.394356477508942,0.520256400108337,-0.404111023971163,-0.283782568464461
YKL162C,0.03457260876894,-1.49549686908722,0.0135553033084902,0.177083174387543,0.013154723860013,0.0663515615587433,-1.88091864509539,-1.1781488520977
YKL161C,0.0446317121386528,-1.3751106262207,0.0150608934215543,0.148815076361107,0.0203875484721114,0.0785339288413524,-1.69063500715592,-1.10494268020638
YKL155C,0.170902147889137,-0.771190702915192,0.0230500436277595,0.0585915366390528,0.128813957919677,0.220448490728934,-0.89003708683539,-0.656692943345415
YKL150W,0.989884197711945,-0.00772729190066457,0.122141897192961,0.0537628226662665,0.761925999323527,1.24646403491497,-0.118087208027144,0.0956797099886886
YKL149C,0.118173353374004,-0.939419507980347,0.0276939570639351,0.102546405529312,0.0707537840430935,0.179894269133608,-1.1502503388769,-0.744982684889467
YKL148C,0.295529007911682,-0.531981587409973,0.0321527886545866,0.0474954805137689,0.234437941759825,0.362391939262549,-0.629972101168121,-0.440821474427692
YKL145W,3.44523906707764,0.536525011062622,0.195454545819986,0.024598568859863,3.0730214158694,3.85305817921956,0.4875655787847,0.585805566055219
YKL143W,0.749876737594604,-0.126758635044098,0.0673344549172318,0.0390033960237402,0.625959139068921,0.888551780084769,-0.203454088458504,-0.0513172589547499
YKL140W,0.26473194360733,-0.580659151077271,0.0333489186870269,0.0550628007544737,0.201875148092707,0.333328336725632,-0.694917154707717,-0.477127765814803
YKL139W,0.202347874641418,-0.698435664176941,0.0292087959447998,0.0629818011062914,0.149571490163604,0.263755288968484,-0.825151180413382,-0.578798829321281
YKL135C,0.408193051815033,-0.39083269238472,0.0361934327331742,0.0383946367111566,0.340734262019396,0.484775925179322,-0.467584195137441,-0.314458964031057
YKL133C,0.0307834073901176,-1.54472434520721,0.0119029704818751,0.173800101860975,0.0122514824693402,0.0587072397892673,-1.91181144187226,-1.23130902699153
YKL132C,0.0218801964074373,-1.71726059913635,0.0111425942396604,0.232485145483991,0.00563952936014781,0.0491529362276196,-2.24875804215332,-1.30845053850785
YKL130C,0.681627511978149,-0.176315978169441,0.145670396744321,0.0929989032571737,0.431056033571561,1.00410112738609,-0.365466390457351,0.00177744373431013
YKL126W,0.978914141654968,-0.0101337796077132,0.0623097859362382,0.0276202058997387,0.860052022834619,1.11135454873244,-0.065475281788939,0.0458526305821205
YKL124W,0.0835151001811028,-1.08583736419678,0.0156693109646194,0.0815165356948402,0.0563579278687636,0.118074968084693,-1.24904498900028,-0.927842166779431
YKL114C,0.768267095088959,-0.116793751716614,0.0792658477364991,0.0447965303726432,0.622458707292875,0.932999730110168,-0.205889459538348,-0.030118481882312
YKL113C,0.741883635520935,-0.131829917430878,0.0741101241758531,0.0434254467230606,0.606405392289162,0.894402599334717,-0.217236945551868,-0.0484669491583291
YKL110C,0.684889614582062,-0.168137207627296,0.0897165828995848,0.0573939467976534,0.516625881195068,0.868518329660098,-0.28682384094502,-0.0612210118575238
YKL107W,0.0135626895353198,-2.00513005256653,0.0107932512823063,0.371093870464105,0.00151530508107195,0.0411112554060916,-2.81949998113458,-1.38603932203051
YKL104C,1.8787122964859,0.273290634155273,0.0963614118489746,0.0222164575844313,1.69815585315228,2.07511390447617,0.229977546339358,0.317041940415467
YKL103C,0.601886510848999,-0.221289470791817,0.036530203880982,0.0264504121479613,0.529378334681193,0.675983190536499,-0.27623383669049,-0.170064103389737
YKL100C,0.628588020801544,-0.203067317605019,0.0512406085949263,0.0352393202049715,0.535099088648955,0.735346528887749,-0.271565793997195,-0.133507956034887
YKL098W,0.0768170803785324,-1.13138556480408,0.0213621091833705,0.122135797102145,0.0420554683543742,0.123266016691923,-1.37617752644122,-0.909156645759355
YKL096W,6.0533013343811,0.779094219207764,0.700229255566476,0.0501981739980054,4.8029903848966,7.55392115116119,0.681511716927816,0.878172446466976
YKL095W,0.19117633998394,-0.732277929782867,0.0480302786851419,0.110054117397744,0.11107764672488,0.297270822773377,-0.954373464451895,-0.526847733277108
YKL093W,0.0250106994062662,-1.66393005847931,0.0132628542892524,0.241465816124033,0.00629952169256285,0.0576331480095783,-2.20069378706389,-1.2393284168309
YKL091C,0.192671671509743,-0.726610004901886,0.0442037506578381,0.100312040608682,0.116475715177755,0.291444850216309,-0.933764615091106,-0.535443615122686
YKL089W,0.0973440408706665,-1.01790463924408,0.016507582212788,0.0736642186200321,0.0674005599692464,0.134087399641673,-1.1713364961601,-0.872612031660043
YKL088W,0.300683677196503,-0.524204432964325,0.031082274109461,0.0448574817464567,0.243331981326143,0.366736471652985,-0.61380080811156,-0.435645897647793
YKL085W,1.57451951503754,0.195474296808243,0.138433035828061,0.0381464370689941,1.32052262425423,1.85939240455627,0.120745844884762,0.26937105257429
YKL082C,0.699835956096649,-0.156651094555855,0.06093118203863,0.0378720147476818,0.588880677521229,0.82353675365448,-0.229972699201108,-0.0843170139160328
YKL079W,0.167872846126556,-0.77818763256073,0.0202715087294237,0.0525440937774294,0.130460517853498,0.210517908011874,-0.884520942054181,-0.676710960884224
YKL078W,0.283389896154404,-0.54962146282196,0.0273323705955959,0.0417272435049514,0.234236637999614,0.341194614768028,-0.630345177701364,-0.466997835610057
YKL077W,2.21399331092834,0.344107508659363,0.155561898951061,0.030485571289346,1.92243432998657,2.52838444709778,0.2838515133049,0.40284311017954
YKL075C,0.155227050185204,-0.816427409648895,0.0286085204567678,0.0805787568307056,0.104960158467293,0.214947659646471,-0.978975522276543,-0.667667447901938
YKL073W,0.562186658382416,-0.25112321972847,0.0382205299722649,0.0295588925944416,0.490529374778271,0.639648428559303,-0.309334985674048,-0.19405866495814
YKL072W,0.131408587098122,-0.884962916374207,0.0168508974304635,0.055991930505805,0.0998774968708555,0.165887924407919,-1.00053239785392,-0.780185228661678
YKL057C,0.406713932752609,-0.39171826839447,0.0278059529802053,0.0295450034484322,0.355530738830566,0.464832544326782,-0.449122844646233,-0.332703473288226
YKL055C,0.0809131190180779,-1.13001954555511,0.0334190454956124,0.187064858000806,0.0293095869477838,0.156758916874727,-1.53299039156187,-0.804767758152263
YKL054C,2.68647265434265,0.428711533546448,0.125569743866975,0.0202021267414553,2.45910661617915,2.94675788084666,0.390777352942992,0.469344453523814
YKL052C,0.322618305683136,-0.499937832355499,0.0642857509679869,0.0869867792148441,0.210980435709159,0.464541458338499,-0.675757821023905,-0.332975523488052
YKL049C,0.210267975926399,-0.717748582363129,0.0898018718641474,0.193073301910916,0.0720631266633669,0.429311885933081,-1.14228733679159,-0.367227143176107
YKL048C,0.0458601601421833,-1.35038638114929,0.010688817135128,0.102096164231119,0.0276129111647606,0.0698258614167571,-1.55888782840246,-1.1559836989214
YKL047W,0.33547168970108,-0.476980358362198,0.036918251491203,0.0479566383836661,0.267265093823274,0.410846411188443,-0.573057760098609,-0.386320527419782
YKL045W,0.237512916326523,-0.627851247787476,0.0304179128164049,0.0554551252233851,0.183981276924411,0.300955083717902,-0.73522637171735,-0.521498367743932
YKL042W,0.216025218367577,-0.673316299915314,0.0411344323151779,0.0826343268343802,0.146576568111777,0.306347525368134,-0.833935454128153,-0.513785641115103
YKL040C,1.70344161987305,0.227530688047409,0.225536456605768,0.0575029606743677,1.29936778048674,2.17602322300275,0.113732075570519,0.337663525746791
YKL034W,0.249845460057259,-0.604635238647461,0.0257644517766924,0.0448083271786543,0.202685729041696,0.302968604117632,-0.693176828596728,-0.518602374783305
YKL033W-A,1.75319004058838,0.237793475389481,0.29338998393594,0.0725505566413536,1.22847112119198,2.37277262409528,0.0893649475414085,0.37525611280052
YKL033W,0.109589979052544,-0.963793039321899,0.0141161912322855,0.0556083345863862,0.0851282679165403,0.140427795300881,-1.06992620365518,-0.852547260418262
YKL032C,0.567378222942352,-0.247737571597099,0.0490068217535713,0.0373928075341525,0.478824170927207,0.671325141688188,-0.319823947385246,-0.173067089026501
YKL029C,2.23325157165527,0.348315834999084,0.119854725604934,0.0231768624713997,2.01168591181437,2.49213653008143,0.303560168347056,0.396571813693266
YKL025C,0.508439302444458,-0.295243054628372,0.0421320656430479,0.0358921717539622,0.430960467457771,0.598759094874064,-0.365562574039992,-0.222747877104489
YKL023W,0.122285678982735,-0.938922047615051,0.0423771214949277,0.153880075465522,0.0559048905658225,0.217596885810296,-1.25255035984264,-0.662347324479181
YKL019W,0.435453236103058,-0.367093205451965,0.0728954883314525,0.0724836263839982,0.30981258302927,0.595659652352333,-0.508900949297085,-0.225001849215538
YKL018W,0.415622502565384,-0.386842906475067,0.0665240890137268,0.0695585518716508,0.298439682275057,0.557670084138711,-0.525143445896486,-0.253622652755687
YKL017C,0.0749140307307243,-1.1331033706665,0.0140706394939999,0.0819800393017918,0.0504148558713496,0.104983583527307,-1.29744153881679,-0.978878607035248
YKL014C,0.544087648391724,-0.264960914850235,0.0293888733732002,0.0233787045015985,0.491085976362228,0.605961951116721,-0.308842467569596,-0.217554644937943
YKL011C,0.0658886283636093,-1.20841121673584,0.0230983998698117,0.156957348471933,0.0282876707458248,0.118453703510265,-1.54840404869783,-0.926451360478994
YKL010C,0.37959960103035,-0.421583294868469,0.0245954901073291,0.0281027077620324,0.333909551550945,0.430753188828627,-0.476371158493463,-0.365771559366001
YKL009W,3.43559455871582,0.531520187854767,0.496496277553169,0.062387029055062,2.57308597366015,4.49705557028452,0.410454297137029,0.652928248605772
YKL008C,1.03698968887329,0.0139574417844415,0.0950046370811361,0.0397481892593373,0.865491905808449,1.23076769709587,-0.0627370279971019,0.0901760883351028
YKL002W,0.856034696102142,-0.08053258061409,0.209530766747562,0.107135868802536,0.495504291852315,1.3200088173151,-0.304953116861049,0.120576823697227
YKR001C,1.95747268199921,0.291110098361969,0.101834515202068,0.0225281345136203,1.76888079543908,2.17172219355901,0.247698566863192,0.336804265980422
YKR002W,0.467586755752563,-0.332014441490173,0.0435611744078496,0.0403719444766607,0.388615915427605,0.558298945426941,-0.410479440260563,-0.253133192489339
YKR005C,0.00875749625265598,-2.14366483688354,0.00544060189606341,0.288200472030776,0.00172179717628751,0.0223501360509544,-2.76401801271842,-1.65072023169118
YKR006C,0.659802794456482,-0.187648236751556,0.119371830838262,0.0785076011524284,0.456181472788254,0.920623157421747,-0.340862362181522,-0.0359181267197313
YKR008W,0.57902717590332,-0.238646626472473,0.0455538440144431,0.0342042528158652,0.492777813225985,0.670218989749749,-0.307348858487412,-0.173783274358819
YKR013W,3.00461149215698,0.476524263620377,0.230097730672365,0.0331191814486695,2.58252709706624,3.48362792730331,0.412044787205592,0.542031763082788
YKR016W,0.2447519749403,-0.614520728588104,0.0298920135341915,0.0532470087455943,0.188053990279635,0.30644793137908,-0.725717544938842,-0.513643307788551
YKR017C,0.0726742893457413,-1.14974343776703,0.0164823997546343,0.0988699828151751,0.0443428792059422,0.109109543263912,-1.35317611134204,-0.962137262192611
YKR018C,1.29353499412537,0.111063793301582,0.0743799905044336,0.0248872685615695,1.15665133098761,1.44678484698137,0.063202457652221,0.160403949309688
YKR019C,0.0915383398532867,-1.04630613327026,0.0174887166530884,0.083225391435204,0.0612876220295827,0.129815219715238,-1.21262729341403,-0.886674419614294
YKR022C,0.120254248380661,-0.938476145267487,0.0349980626703637,0.128914457117703,0.0609771256024639,0.199900699655215,-1.21483309085563,-0.699185995628698
YKR023W,0.153785541653633,-0.818580567836761,0.0244825737016107,0.0693122762952915,0.110119297293325,0.207703497136632,-0.958136568742192,-0.682556248231953
YKR025W,0.932411551475525,-0.0347741767764091,0.132262803355728,0.0619043129696624,0.690466878811518,1.2119932581981,-0.160857166780007,0.0835001987101084
YKR026C,0.755463540554047,-0.125979959964752,0.105197615380477,0.0604564102436974,0.567751419047515,0.981956828633944,-0.245841788642672,-0.00790760618356467
YKR028W,0.342420935630798,-0.46668666601181,0.0259987870489938,0.0329164035680096,0.294314070542653,0.397251397371292,-0.531188978222268,-0.40093456644387
YKR029C,0.186713621020317,-0.731644034385681,0.0212141663528875,0.0496584929773804,0.147209584712982,0.230194332574805,-0.832063912468328,-0.637905376491439
YKR030W,0.339700549840927,-0.479946970939636,0.0766624432119389,0.0985419024378286,0.209947766487797,0.509612202147642,-0.677888742052727,-0.292760545410674
YKR036C,0.175327226519585,-0.759877562522888,0.0230337498557189,0.0569441469040243,0.133450753986835,0.223168679575125,-0.8746789691048,-0.651366774641515
YKR037C,0.27787321805954,-0.566619992256165,0.0611394049133757,0.0958309390539505,0.171713241686424,0.412832472473383,-0.765196252884301,-0.384226156466982
YKR041W,0.0421604290604591,-1.48381960391998,0.0296939377408169,0.32725583491431,0.00609100061701611,0.120574875113865,-2.21531151152028,-0.918743386184509
YKR043C,3.74044227600098,0.570918321609497,0.360148840639768,0.0417301839682012,3.09321860074997,4.51075184345245,0.490410611048794,0.654248928324416
YKR046C,0.339497983455658,-0.479682803153992,0.0747338103624564,0.0961946738603048,0.209175371875366,0.504156241814295,-0.679489543795133,-0.297434851611888
YKR048C,3.36875081062317,0.526829957962036,0.183094431226576,0.0235283588054762,3.02736668984095,3.76711868643761,0.481065027918049,0.576009301196543
YKR050W,0.0136216478422284,-1.8903683423996,0.00457638942096957,0.147923590073838,0.00640955929411575,0.0241923611611128,-2.19317223397847,-1.61632191455063
YKR051W,0.0877155661582947,-1.06805229187012,0.0197519079054805,0.0991585101835726,0.0539647163512806,0.129513991003235,-1.26789014107809,-0.887683346899607
YKR053C,0.0187254752963781,-1.78578102588654,0.00955029783190755,0.23449846035944,0.00491423550605153,0.0419160562877853,-2.30854438034041,-1.37762003028132
YKR055W,0.279549181461334,-0.563144385814667,0.0591419050577029,0.0915717651932817,0.180242653315266,0.40696724653244,-0.744142428082067,-0.390440550585376
YKR058W,0.0225991476327181,-1.67057251930237,0.00756753544014164,0.148955382860303,0.0103811425467332,0.0397864932504793,-1.98375519983411,-1.40026435915246
YKR060W,0.584572732448578,-0.240092888474464,0.104437778247095,0.0778852359893269,0.401252681016922,0.807876987258593,-0.396582077491947,-0.0926548079442655
YKR061W,0.0316304117441177,-1.5375120639801,0.0130766225379977,0.185583301783212,0.011485208865876,0.0630194180955489,-1.93986115132136,-1.20052562027955
YKR062W,0.880410075187683,-0.0578350052237511,0.0950197470761521,0.0468215811848914,0.707782623171806,1.07566251556079,-0.150100113166944,0.0316760331243888
YKR063C,0.116869762539864,-0.939216017723083,0.0208724360113368,0.0777874538938789,0.0801556929945946,0.161133590340614,-1.09606562679288,-0.792813933362084
YKR066C,1.62808609008789,0.210208967328072,0.134302629344216,0.0357109147329222,1.38220632274946,1.90851276218891,0.140572835054173,0.28069506567793
YKR067W,0.359051525592804,-0.446417182683945,0.0306612533221061,0.0369762854323937,0.302924413730701,0.42301138912638,-0.518665724030335,-0.373647940743378
YKR069W,0.0444939807057381,-1.36511647701263,0.0110161030141239,0.109108754080456,0.0251509910294165,0.0690643696735302,-1.59944500287232,-1.16074596398017
YKR070W,0.771447539329529,-0.115841470658779,0.0925560713708259,0.0524853393578806,0.598633664349715,0.958694300552209,-0.22283887124518,-0.0183198582907906
YKR071C,1.39964008331299,0.144246593117714,0.126647691841324,0.0392140711196121,1.16681628425916,1.6655630449454,0.0670024804975969,0.221561055898069
YKR075C,0.214939460158348,-0.679377853870392,0.0497723385528318,0.101576111871709,0.128830651193857,0.324739787975947,-0.889980857676891,-0.48846450949061
YKR077W,0.286944687366486,-0.54858922958374,0.0492947408090241,0.074687949093462,0.200939130534728,0.390055759251118,-0.696935483906318,-0.408873315763525
YKR079C,0.218898639082909,-0.661949694156647,0.0220462804055735,0.0436816051836081,0.177344269429644,0.265064982821544,-0.75118284059961,-0.576647643363662
YKR080W,1.46337914466858,0.163500368595123,0.136038244668334,0.0400983107472075,1.22309873104095,1.75267777939637,0.0874614568220073,0.243702045817551
YKR081C,1.92339622974396,0.282778769731522,0.148296722362594,0.0335000432719433,1.64675847192605,2.23270637194316,0.216629896444615,0.348831589229094
YKR082W,0.630001842975616,-0.201351284980774,0.0357158939391166,0.0245047304271614,0.56475841452678,0.704641769826412,-0.248137289741231,-0.152031618421918
YKR084C,0.757855713367462,-0.121567055583,0.0553008893422798,0.0316617740486041,0.652978009482225,0.872824895878633,-0.185101446546885,-0.0590729006172492
YKR088C,0.576366424560547,-0.24289558827877,0.0742819855488688,0.0559518968180511,0.443419562031825,0.734259270628293,-0.353185151388139,-0.134150562994235
YKR090W,0.242345720529556,-0.617775917053223,0.0244132196757749,0.0439041567516412,0.196412466342251,0.291638355950514,-0.706830975634327,-0.535155362654906
YKR091W,0.211952611804008,-0.698736071586609,0.0719445027291206,0.149284325166523,0.0983810591200988,0.375700841844082,-1.00708883054759,-0.425157934958162
YKR093W,2.48894047737122,0.395417511463165,0.130884502617432,0.022774612946871,2.25167212883631,2.75436867872874,0.352505152088479,0.440022062391148
YKR096W,0.0991034880280495,-1.00719499588013,0.0121850841638889,0.053504636516964,0.0771696920817097,0.124202411373456,-1.11255323322503,-0.905869972794102
YKR097W,0.020369216799736,-1.72853064537048,0.00844632166552307,0.184379721435612,0.00765789396439989,0.0402794251528879,-2.11589068274819,-1.3949169668711
YKR099W,0.142317950725555,-0.85025954246521,0.0181471953024896,0.0553627454428562,0.10951784880211,0.180696075409651,-0.960515095988028,-0.743051279906179
YKR100C,0.336912602186203,-0.478008091449738,0.0535901771159383,0.0696566645437495,0.238557023927569,0.452172841876745,-0.622407792506431,-0.344695574918487
YLL063C,0.065081313252449,-1.20315659046173,0.0178802669933285,0.1217456888142,0.0344049942990144,0.104824624955654,-1.4633785123547,-0.979536682752024
YLL062C,0.197231784462929,-0.716585397720337,0.0455853865229791,0.100835065741409,0.119903054833412,0.29654043118159,-0.92116994785598,-0.527916092092786
YLL061W,0.360880583524704,-0.445139199495316,0.0386708232948558,0.0467324174549443,0.288000929603974,0.440371608237425,-0.540606114056662,-0.356180688934479
YLL060C,0.119128659367561,-0.985738575458527,0.0633081512904103,0.241133055681421,0.0324405826628208,0.276999210566282,-1.48891177696449,-0.557521470955888
YLL057C,0.0224372521042824,-1.70304369926453,0.0110323841275855,0.224512236778322,0.00655227504903451,0.0482108411068717,-2.18360823367002,-1.31685532351424
YLL056C,0.0234922803938389,-1.72559261322021,0.0155241180351684,0.30689526572583,0.00406456924974918,0.0630656331777573,-2.390985472793,-1.20020723960222
YLL055W,0.0151265431195498,-1.87224102020264,0.0073034573390274,0.219331734159282,0.00451309290559342,0.0323675643963118,-2.34552793793242,-1.4898900313636
YLL043W,0.476494252681732,-0.323442697525024,0.0396189910903715,0.0361307069448486,0.403415919591983,0.55650441745917,-0.394246967748914,-0.254531386709413
YLL041C,0.624099552631378,-0.212540060281754,0.117950936892547,0.0827456654453507,0.416976130505403,0.875083518524964,-0.379888882680525,-0.0579505776143147
YLL040C,0.377085089683533,-0.424099624156952,0.0188332334180517,0.0216508808486992,0.34237207348148,0.416546761989594,-0.465501667483394,-0.380336237152572
YLL038C,0.158155560493469,-0.841552734375,0.068181159818245,0.192351788957872,0.0572962994066377,0.321532754103343,-1.2418734864784,-0.492774786789653
YLL034C,0.573975145816803,-0.242174580693245,0.040343157628255,0.0304457687478217,0.500031016767025,0.657228090862433,-0.301003057743073,-0.182283889044118
YLL029W,0.545853734016418,-0.264186561107635,0.0416411990077838,0.0331268644398609,0.467620340486368,0.633910023669402,-0.330106608550565,-0.197972417733829
YLL028W,0.272765010595322,-0.567098557949066,0.031412849566147,0.0502137653037686,0.215359107404947,0.33689588829875,-0.666836799733545,-0.472504309106361
YLL027W,0.66340309381485,-0.187365308403969,0.136225942994556,0.0895962311734098,0.429804904013872,0.966098470489184,-0.366728634381543,-0.0149786325652122
YLL026W,2.34137415885925,0.369042664766312,0.104427143601886,0.0192737865306221,2.15606331825256,2.56785757541656,0.333661510857884,0.409570932115214
YLL023C,0.683871507644653,-0.170912310481071,0.112784554634185,0.0717061656515842,0.482902046044668,0.93042136033376,-0.316140967080893,-0.0313204370306659
YLL021W,0.594268560409546,-0.226663574576378,0.0324811560075804,0.0236790313954674,0.533719047904015,0.662034239371618,-0.272687297406925,-0.179119549436656
YLL019C,0.0763807594776154,-1.12473320960999,0.0144407414411846,0.0821753864780233,0.0516129101626575,0.108263306133449,-1.28724170562613,-0.965518994935956
YLL018C,7.20900249481201,0.857403814792633,0.336770665709224,0.0202410813305047,6.59429114262263,7.90474469264348,0.819168111698968,0.897887845900583
YLL015W,0.270053118467331,-0.569589138031006,0.0186659066148776,0.030055856202053,0.234138512611389,0.30731438746055,-0.630527145083271,-0.512417107220571
YLL013C,0.410880565643311,-0.387533962726593,0.0312332568540395,0.0329371980788094,0.352827347069979,0.476409134020408,-0.452437761208453,-0.322019923259117
YLL012W,0.240577608346939,-0.622362494468689,0.031042497869645,0.0561766737597855,0.184022290383776,0.306115728865067,-0.735129704960821,-0.514114357345012
YLL008W,1.14726567268372,0.0589399300515652,0.066511491519385,0.0250600549382614,1.02356713414192,1.29231909910838,0.0101163325604258,0.111369757980564
YLL006W,0.237011298537254,-0.631147682666779,0.0391833967704564,0.0719066253569006,0.167306356877089,0.321433298289776,-0.776487616179499,-0.492909262910247
YLL002W,0.0905594080686569,-1.05602121353149,0.021978092845575,0.107222454325872,0.0519329411908984,0.137983338410656,-1.28455744819447,-0.860173352129726
YLL001W,0.551009356975555,-0.260118246078491,0.0422827432529819,0.0333291722115037,0.472169210513433,0.63716958463192,-0.325902353254368,-0.195744969487363
YLR002C,0.541701197624207,-0.267681539058685,0.0441586916902949,0.0354046046281049,0.457439013073842,0.634914245208104,-0.339666799612454,-0.19728492932769
YLR004C,0.0268335323780775,-1.60749113559723,0.010860013333584,0.182341188561526,0.00967943742095182,0.0522543913684785,-2.01415017460753,-1.28187721738948
YLR005W,0.321309953927994,-0.496804088354111,0.0422210845009763,0.0569760343506758,0.246240006387234,0.411960346500079,-0.608641409051084,-0.385144612617371
YLR006C,0.132678627967834,-0.881501972675323,0.0186164386799172,0.0614211674308391,0.0979139675696691,0.17178360534211,-1.00915535207292,-0.765018291127496
YLR019W,0.464325487613678,-0.336529791355133,0.0578171646001935,0.0540343237746375,0.360583493610223,0.58499774535497,-0.442994178094046,-0.232845811640516
YLR020C,0.357749193906784,-0.448971480131149,0.0387828727678705,0.0471206798203243,0.286837280044953,0.43974541798234,-0.54236440442095,-0.356798685233346
YLR022C,0.951687276363373,-0.0278958473354578,0.163525212476604,0.0747368821487817,0.665558182199796,1.30601201852163,-0.176813981988476,0.115947141033986
YLR024C,0.0971257910132408,-1.01502549648285,0.0101149318185642,0.0453496396431727,0.0785934312889973,0.118424091860652,-1.10461463395898,-0.926559956847307
YLR025W,0.969404280185699,-0.0202161390334368,0.171398678658457,0.0765211856319878,0.666811548670133,1.35377111136913,-0.175996913660316,0.131545140155609
YLR026C,0.438731700181961,-0.363134533166885,0.0687540886215896,0.0682391642417775,0.31833004578948,0.582395434379578,-0.497122378574521,-0.234782038282121
YLR027C,6.92050838470459,0.839519441127777,0.370416324080376,0.0231588759815587,6.2646443327268,7.70894050598145,0.796896419504564,0.886994694001146
YLR028C,1.75875413417816,0.24448649585247,0.101248613733644,0.0249779409265948,1.57097243269285,1.96683189471563,0.196168561489059,0.293767242130705
YLR030W,0.0194681901484728,-1.85627281665802,0.0158730062031498,0.3831601413336,0.00205379937542602,0.0610724799335003,-2.68744885682278,-1.21415444451097
YLR033W,0.373164415359497,-0.430446922779083,0.038877997680196,0.0451696549057726,0.301995149254799,0.455835312604904,-0.520000041496303,-0.3411920622624
YLR045C,0.27691125869751,-0.559149503707886,0.0229888229338708,0.0359808539156767,0.23438854465882,0.326485097408295,-0.63006361754004,-0.486136637546803
YLR049C,0.251712709665298,-0.603959381580353,0.0378337205451588,0.0650636053889218,0.183802299077312,0.335129764924447,-0.735649072204957,-0.474786999483401
YLR052W,0.42593514919281,-0.383062720298767,0.102069360237337,0.104394894163038,0.254982438186804,0.655471747616927,-0.593489736028654,-0.183446028009495
YLR054C,0.0217020809650421,-1.68510544300079,0.00678464392137538,0.139274189054319,0.0105139818042517,0.0369659143189589,-1.97823277891736,-1.43219875461844
YLR055C,0.372935056686401,-0.430363416671753,0.0357465411098718,0.041692913469852,0.305310401072105,0.44599075516065,-0.515258419614994,-0.350674146576933
YLR060W,4.83859825134277,0.684242606163025,0.227365493062388,0.0203588745527944,4.41963688929876,5.30095136960347,0.645386576068481,0.724353819652989
YLR064W,0.557372331619263,-0.261191755533218,0.102863144763915,0.0800288967846406,0.380022408316533,0.780466757714748,-0.420190801173238,-0.107645645845385
YLR069C,0.301343202590942,-0.522691190242767,0.0270910872556991,0.0390455000363581,0.250951664646467,0.357970626900593,-0.600409922097359,-0.44615266417167
YLR071C,0.240026369690895,-0.621344685554504,0.0206535883143928,0.0373368428613017,0.202194526791573,0.282771338522434,-0.694230604513511,-0.548564613779462
YLR072W,0.173926427960396,-0.763100624084473,0.022068110394122,0.0549058472157763,0.133827020103733,0.221318879723549,-0.873456238675418,-0.654981539916823
YLR078C,0.848907589912415,-0.0792171359062195,0.16412438633231,0.084060581696791,0.560503834982713,1.21693301995595,-0.251421447559613,0.08526661907063
YLR079W,0.751429319381714,-0.128971934318542,0.112688300874914,0.0651113323400819,0.548758149147034,0.995350156724453,-0.260619017358824,-0.00202411188303708
YLR082C,0.143695339560509,-0.852217972278595,0.0301923560096036,0.0924254315079745,0.0883912680049737,0.210191705450415,-1.05359072676665,-0.677384572357993
YLR085C,0.195894122123718,-0.713967680931091,0.0324868219565472,0.0724525354249094,0.137387034917871,0.264655196170012,-0.862054255555157,-0.577319646839498
YLR088W,0.578096449375153,-0.239524513483047,0.0484291778037026,0.0364357038641262,0.487129567066828,0.67742153853178,-0.31235551054815,-0.169141012490834
YLR089C,1.11346411705017,0.0457299016416073,0.0736561141342606,0.0286784596979851,0.975776320695877,1.265474725763,-0.0106497343480317,0.102253470806911
YLR090W,0.3623928129673,-0.443898588418961,0.043189311733764,0.0517861495629525,0.284044428914785,0.453555595129728,-0.546613728944917,-0.343369477767697
YLR091W,0.111965768039227,-0.977853298187256,0.0391238312256273,0.15575245079283,0.0499187782717248,0.20259175846974,-1.30173607629568,-0.693378812748067
YLR092W,0.0252343360334635,-1.61364448070526,0.00672549898228599,0.117933019854433,0.0137815228818605,0.0397511221468449,-1.86070280576658,-1.40065061389137
YLR093C,1.05078375339508,0.015516122803092,0.175211810607817,0.0723236308690757,0.746012614667416,1.43143763740857,-0.127253830910626,0.155772416205156
YLR097C,0.118106946349144,-0.944653213024139,0.0325757421507156,0.123213753238805,0.0621794497594237,0.189702399695913,-1.20635314773027,-0.72192724959796
YLR099C,0.184508100152016,-0.742335140705109,0.036126236059358,0.0856395046842571,0.122227110092839,0.261983126650254,-0.912832495156667,-0.581726790544224
YLR100W,1.99200999736786,0.297707796096802,0.169935593106106,0.0371296319133113,1.67426899671555,2.33743176460266,0.223825192672312,0.368738918156961
YLR102C,0.134690836071968,-0.902818858623505,0.051229697602344,0.171354888612063,0.0552933615632355,0.249748557806015,-1.25732706252678,-0.602497010964634
YLR103C,0.107837416231632,-0.973247051239014,0.0179187152219824,0.0726427759218045,0.0760337063421806,0.145726090917985,-1.11899384080842,-0.836462685553924
YLR105C,0.0989945456385612,-1.0204039812088,0.0268577238783294,0.119082510954879,0.0544318966567516,0.158848856513699,-1.26414653260907,-0.799015921604802
YLR113W,1.29318559169769,0.110281921923161,0.102987688577597,0.0346412824620826,1.09731297492981,1.50397629539172,0.0403305077526056,0.177240983808961
YLR114C,0.320875257253647,-0.495546519756317,0.0298766164417801,0.0404991646546404,0.266935378313065,0.382417138665914,-0.573593863125482,-0.417462662633165
YLR117C,0.156366527080536,-0.809834837913513,0.0211648342656151,0.0589402621989509,0.117592835240066,0.200470383837819,-0.929619138675445,-0.697949807015238
YLR118C,0.63163024187088,-0.217523172497749,0.182731602775352,0.126020313029109,0.335384348034859,1.06180655260881,-0.474457215391474,0.0260453934675631
YLR120C,0.707257747650146,-0.151836916804314,0.0572670728915468,0.0350450987198839,0.600094269712766,0.826992057760556,-0.221780529034838,-0.0824986836842339
YLR126C,0.345755934715271,-0.477423012256622,0.0947861631423666,0.119623386489267,0.189848121255636,0.561251503229141,-0.721595151005058,-0.250842502075962
YLR129W,0.771851778030396,-0.113289304077625,0.0476605241453505,0.0267300908555185,0.681964821120103,0.86985969543457,-0.166238027830281,-0.0605507915336127
YLR131C,0.230412155389786,-0.639712810516357,0.023336865023547,0.0439201070768301,0.187832870334387,0.280481040477753,-0.72622840504103,-0.552096490180299
YLR132C,0.0997444093227386,-1.03129744529724,0.0372409558265584,0.164607640978312,0.0431756671828528,0.185503512745102,-1.36476094440626,-0.731649023671828
YLR133W,0.354125380516052,-0.453170448541641,0.0366764365681203,0.0450352812914271,0.28688824698329,0.429847944776217,-0.54228724663437,-0.366685147198458
YLR136C,0.364451795816422,-0.448119133710861,0.0771846444841142,0.0926880443486919,0.230288178970416,0.536579145987828,-0.637728364483928,-0.270366224270917
YLR137W,0.225309133529663,-0.655450463294983,0.0439956826713505,0.08484146608173,0.149134103829662,0.322836145013571,-0.826423219870934,-0.491017849083478
YLR139C,0.105611108243465,-0.982964336872101,0.0184474042606546,0.0766218782336634,0.0721065299585462,0.144295689836144,-1.14202540428096,-0.840746642020808
YLR141W,0.0581113584339619,-1.26772129535675,0.0221743951947748,0.170568381800077,0.0233077279447267,0.107964410384496,-1.63250005986736,-0.966719385196437
YLR148W,0.22557158768177,-0.649010419845581,0.0232968518504399,0.0446298765039463,0.183393172174692,0.275707870721817,-0.736616850152201,-0.559550835772127
YLR149C,0.0188302528113127,-1.75456428527832,0.00691824797494435,0.162858879188516,0.00784863252968838,0.0351724276319146,-2.10520675959317,-1.45379767447933
YLR151C,0.150883182883263,-0.834004759788513,0.0363656817005652,0.105648038498782,0.0886787859722972,0.229737937450409,-1.05218088340445,-0.638767282275925
YLR152C,0.0228202641010284,-1.67168200016022,0.0084407127223513,0.164717304176711,0.00965174592565745,0.0427134993796547,-2.01539442238915,-1.36943538470405
YLR153C,3.62602233886719,0.558985114097595,0.164967922249806,0.0196893048641759,3.3202429652214,3.97023224830627,0.521169864741098,0.598815912608869
YLR163C,0.49760776758194,-0.305298537015915,0.0498970988255162,0.0436385761328742,0.407783631235361,0.598030930260817,-0.389570211691901,-0.223276385242445
YLR165C,0.0576311163604259,-1.31244242191315,0.0329249312064467,0.264826387494562,0.0127857567043975,0.136896999677022,-1.89327357132237,-0.863606092173594
YLR172C,2.6200737953186,0.416522860527039,0.23879554622415,0.0394261952828895,2.19148123661677,3.11355515122414,0.340737753528882,0.493256549415134
YLR173W,0.0818343460559845,-1.09564387798309,0.016219832596796,0.0868751620987539,0.0532487708454331,0.117093916423619,-1.27369062333733,-0.93146568136255
YLR174W,0.0123489154502749,-1.9919638633728,0.00759567007317933,0.283767558659486,0.00234363835382586,0.0312621504689256,-2.63011172242778,-1.50498117090076
YLR175W,4.5266318321228,0.655183970928192,0.236925827388379,0.0226333083750911,4.09636469284693,5.03529453277588,0.612398606903471,0.702024879103769
YLR177W,0.0552614144980907,-1.26851224899292,0.0123846800772909,0.0982363636573396,0.0332106181420386,0.0827516988540689,-1.4787230568239,-1.08222308595791
YLR181C,0.277069419622421,-0.564477324485779,0.0497648884196244,0.078907867806912,0.186562702556451,0.383752305308978,-0.729175187045827,-0.415949002645756
YLR182W,0.260175853967667,-0.586525738239288,0.0237076041857468,0.0394596813792523,0.216362769405047,0.310600454360247,-0.664817468339177,-0.507797914261458
YLR183C,0.469755917787552,-0.330204099416733,0.0459494510175508,0.0425086133723191,0.385640073070923,0.567628355820974,-0.413817849890358,-0.245935917568073
YLR186W,1.38271450996399,0.136140301823616,0.20154516529979,0.0632940529599364,1.02001848717531,1.80542922814687,0.00860804039351318,0.256580357944513
YLR187W,0.228825971484184,-0.642016589641571,0.0191824873082025,0.0363833962565267,0.192855570216974,0.268734630445639,-0.71476781714167,-0.57067636877565
YLR188W,0.301794290542603,-0.522095322608948,0.0276212985807751,0.0395815311798594,0.251306714117527,0.360073447724183,-0.599795920433027,-0.443608902885978
YLR195C,1.13768923282623,0.054918896406889,0.0813942140607003,0.0309653552639188,0.990134751300017,1.30559265613556,-0.00430569681852436,0.115807698541547
YLR196W,1.37834322452545,0.138584733009338,0.0823971331554534,0.025884732229395,1.22800672550996,1.548583984375,0.0892007422191985,0.189934763429689
YLR197W,6.44525527954102,0.808732330799103,0.311799169506633,0.0209839773425797,5.86862519184748,7.09984350204468,0.768536373559497,0.851248775909569
YLR199C,0.549487471580505,-0.265953719615936,0.0906452727662498,0.0718973674385735,0.389896437774102,0.740870490670204,-0.409050740917497,-0.130257709927141
YLR205C,0.0867973417043686,-1.08624708652496,0.0289826881057256,0.149308847020214,0.0390878284970919,0.151945822561781,-1.40795849061557,-0.818311238968456
YLR206W,0.456739217042923,-0.341847807168961,0.0381770800988529,0.0363223094284549,0.386490204930306,0.53409019211928,-0.412861536532038,-0.272385397899205
YLR209C,0.739064037799835,-0.134694024920464,0.0925859614970854,0.0541463822067073,0.577373296519121,0.940353810787201,-0.238543310345449,-0.0267087111218435
YLR212C,0.392666548490524,-0.408710658550262,0.044157020247866,0.0487802151239397,0.311358687281609,0.485398444781701,-0.506739022693131,-0.313901619483706
YLR215C,0.275559574365616,-0.565957963466644,0.0463528308559851,0.0735564989929464,0.19256154683729,0.372695416212082,-0.715430709920545,-0.428645963740185
YLR216C,5.70119571685791,0.755181849002838,0.344039069355835,0.0260833869220831,5.07509218056997,6.4259623169899,0.705443928379839,0.807938171559999
YLR220W,0.679451048374176,-0.171076133847237,0.0826515969298983,0.053214553776214,0.524285035828749,0.845546720921993,-0.280432538494992,-0.0728624069933553
YLR222C,0.96408349275589,-0.016582427546382,0.0546817137858768,0.0245917754497742,0.858784088989099,1.08034229079882,-0.0661160104967944,0.0335613593282475
YLR224W,0.102245129644871,-1.00483751296997,0.0262927100671549,0.113383440260541,0.0575298675025503,0.160665270065268,-1.24010670831194,-0.794078038383266
YLR225C,0.686329245567322,-0.165480941534042,0.0661454584487795,0.0418517903960309,0.565169220666091,0.827034663657347,-0.247821509775006,-0.0824762977186377
YLR226W,0.202791005373001,-0.6992227435112,0.0344161522200517,0.0741697105469999,0.141542409112056,0.279433131217957,-0.849113654366453,-0.553722102688196
YLR227C,0.0490701943635941,-1.32658267021179,0.0138728068066273,0.124410487143077,0.025935578548039,0.0811279584343234,-1.58610406842781,-1.09082963331728
YLR231C,0.926489353179932,-0.0349200665950775,0.0834585294939428,0.0391494528253012,0.767391461630662,1.10025756061077,-0.114983046120156,0.0414943590102053
YLR233C,0.0252497643232346,-1.6184458732605,0.00774449735546829,0.136272225765419,0.0125200899473081,0.0431875327602029,-1.90239273402869,-1.3646416481948
YLR234W,0.0541872382164001,-1.27786684036255,0.0125410062536351,0.102007692539869,0.032624688372016,0.0814824254562457,-1.48645363035126,-1.08893605467371
YLR238W,0.138701036572456,-0.863779604434967,0.0227599046029045,0.0716016396471639,0.0987682099764546,0.187627041712403,-1.00538289153944,-0.726704569408738
YLR239C,0.285744249820709,-0.551469624042511,0.05304541955926,0.0806983329997253,0.192800664032499,0.401166187723478,-0.714891477121625,-0.396675698044218
YLR240W,0.133917093276978,-0.876269936561584,0.0160435056279025,0.0519874333093162,0.10413411060969,0.168235740189751,-0.982406990293868,-0.774081761693415
YLR241W,0.242351591587067,-0.617838382720947,0.0248906503131406,0.0445777655353687,0.197514146193862,0.294566480567058,-0.704401795842733,-0.530816731645303
YLR243W,0.50716906785965,-0.302517712116241,0.0950110528736975,0.0821300802475779,0.336738172670205,0.709875404834747,-0.472707691603172,-0.148817870634673
YLR246W,0.0587838813662529,-1.25820159912109,0.0207104204196318,0.157752124171306,0.0252694897353649,0.10816745236516,-1.5974035276627,-0.965903535591406
YLR247C,0.159577295184135,-0.798649609088898,0.0137823924702552,0.0375900121448411,0.133524161577225,0.188238149757187,-0.874440140491701,-0.725292355872045
YLR248W,0.615970492362976,-0.211810082197189,0.0489697286583203,0.0345048981253757,0.526290476322174,0.715827320516109,-0.278774488842973,-0.145191732034593
YLR253W,0.177445918321609,-0.755491375923157,0.0257357866143124,0.0630610548320259,0.13092262322704,0.231654206787546,-0.8829853016414,-0.635159808992014
YLR257W,1.50923633575439,0.176702752709389,0.146725195975684,0.0423074823030484,1.23261896073818,1.81812726259232,0.0908288394314562,0.259624254504933
YLR258W,0.200254023075104,-0.701508462429047,0.0239145960742822,0.0518807579415505,0.156781279792388,0.25011333823204,-0.804705800837803,-0.601863147269452
YLR263W,0.0122885853052139,-1.94614470005035,0.00492948709930161,0.180470801420236,0.00466151793953031,0.0236191975108037,-2.33147314216106,-1.62673491560048
YLR266C,0.0461553670465946,-1.34959852695465,0.0115497461291117,0.111013767561115,0.025886308013772,0.0711704857026537,-1.58693002182687,-1.1477000761272
YLR267W,0.0454283505678177,-1.3591114282608,0.0124723619944329,0.120712587917699,0.0248949881643057,0.0728838537509242,-1.60388807586283,-1.13736878037683
YLR270W,0.618307054042816,-0.212179228663445,0.0773573503433495,0.0542335337187849,0.478567982216676,0.786566266914208,-0.320056362261377,-0.104264757085825
YLR271W,0.0416802689433098,-1.4553656578064,0.0246132603957629,0.266001742724755,0.00936624763223032,0.101358778961003,-2.02843482491785,-0.994138648520078
YLR273C,0.0261567775160074,-1.60481548309326,0.00837208646220754,0.141456852336551,0.0125532544683665,0.0448829168453812,-1.90124378509586,-1.34791920328961
YLR274W,0.462094783782959,-0.336586833000183,0.0359440266342509,0.0338869072169579,0.394310979296764,0.534450627863407,-0.404161130152167,-0.272092409160205
YLR276C,0.832437515258789,-0.0807846933603287,0.0603312702847224,0.0313840446181629,0.72273180882136,0.958877196411292,-0.141022833109203,-0.0182370257682035
YLR286C,8.21771335601807,0.91428679227829,0.381650972567698,0.0201136221318744,7.51654665470123,9.02808921337128,0.876018357433574,0.955595841872055
YLR287C,0.531924545764923,-0.277913242578506,0.0700060936604299,0.0573101937165114,0.404935124019782,0.681010483205318,-0.392614552243184,-0.166846250321295
YLR288C,0.0676361098885536,-1.18516850471497,0.0178727445921286,0.11685942582411,0.037689800063769,0.106659196317196,-1.4237762140898,-0.972001693073187
YLR290C,0.197849676012993,-0.722632765769958,0.0585143166785411,0.129999251982481,0.102117925696075,0.330545631299416,-0.990898015531138,-0.480768643555917
YLR291C,1.09714579582214,0.0382634401321411,0.105963443087462,0.0416378384690197,0.904330211877823,1.33108691374461,-0.0436729665489923,0.124206412292234
YLR298C,0.225084260106087,-0.687938749790192,0.097459642864183,0.192105204322472,0.0820134587585926,0.452873813609282,-1.08611494773957,-0.344022794423671
YLR299W,0.332252621650696,-0.480672985315323,0.0330191169657724,0.0431841846530881,0.272018839170535,0.400639151285092,-0.565401018547472,-0.397246623546591
YLR304C,6.46948671340942,0.810487627983093,0.273063049055662,0.0182575890517609,5.97781744798024,7.0382444024086,0.776542647825124,0.847464343295942
YLR312C,0.0177916567772627,-1.82572364807129,0.0103775033809177,0.270050681664493,0.00374747322251399,0.0432573281849424,-2.42626225644453,-1.36394032358351
YLR312W-A,0.484897077083588,-0.326542973518372,0.11487969270716,0.103679405957943,0.287910431126753,0.735403027137121,-0.540742600161996,-0.133474587262353
YLR313C,0.0282647125422955,-1.57705068588257,0.0100947694495682,0.160262061265506,0.0118278126542767,0.0515218620498974,-1.9270955892302,-1.28800897289305
YLR314C,2.02198624610901,0.304992437362671,0.121737637199119,0.0261156938578909,1.79260057806969,2.2705361366272,0.253483530691915,0.356128417990359
YLR316C,0.237298458814621,-0.634676814079285,0.0508434780938006,0.0935890883111105,0.150209776187936,0.346525227278471,-0.823301811029227,-0.460265154859878
YLR318W,0.0191528405994177,-1.73968577384949,0.00603335979424736,0.140257115764945,0.009372103967083,0.0330147095955908,-2.02816321236094,-1.48129254500196
YLR320W,0.0205653123557568,-1.69776427745819,0.00458827154296636,0.0981434399748147,0.0125672075509404,0.0304455550697943,-1.90076122566963,-1.51647610407968
YLR323C,0.22508542239666,-0.67019122838974,0.0718674807398955,0.142671175862163,0.102769639032582,0.390853357315063,-0.988135259735226,-0.407986155506952
YLR326W,0.102876149117947,-1.05408918857574,0.0564786531226584,0.251037308284445,0.0250020298175514,0.239902161806821,-1.60203355474577,-0.619967272161529
YLR328W,0.566334009170532,-0.24990339577198,0.0663164035877785,0.0509461901607708,0.445680322498083,0.699924592177073,-0.350976560958945,-0.154948747427854
YLR330W,1.22466266155243,0.0872078761458397,0.0749153741347176,0.0265020029987673,1.08690587083499,1.38165876766046,0.0361919327598764,0.140400787364966
YLR332W,0.67433488368988,-0.173769444227219,0.0745454455648199,0.0479811402869924,0.536848462124666,0.835116695364316,-0.270148292940777,-0.0782528446000072
YLR335W,1.24047458171844,0.0928442850708961,0.0727621432256315,0.0253740070596074,1.11009068588416,1.39387980699539,0.0453584586339139,0.144225314350924
YLR336C,0.424564301967621,-0.373298197984695,0.032141307202894,0.0328617799481283,0.364028549691041,0.491416066884995,-0.438864604460843,-0.3085506483333
YLR337C,0.441952735185623,-0.355816930532455,0.0328444149710416,0.032199806969858,0.380100101232529,0.511276540656884,-0.420102014730696,-0.291344156607208
YLR340W,54.9612236022949,1.73933517932892,3.17372716185566,0.0249772802600428,49.0373197873433,61.4336252530416,1.69052670571843,1.78840610287148
YLR343W,0.00523998960852623,-2.3932626247406,0.00375692973535442,0.33197375529036,0.000753562053432688,0.0149651295350243,-3.12288143443305,-1.82492041226807
YLR348C,1.38475668430328,0.138565316796303,0.157897441967893,0.0494067360984069,1.09792196750641,1.71435757577419,0.0405714746444512,0.234101408005051
YLR351C,1.2770322561264,0.103088892996311,0.153220757885388,0.0520535401226865,1.00005769431591,1.60020028054714,2.50549646576392e-05,0.204174342209103
YLR352W,0.0934730395674706,-1.03450834751129,0.0144302888312446,0.067474310023899,0.0674268200993538,0.124153660299877,-1.17116736675674,-0.906040482570056
YLR353W,0.0857570916414261,-1.07050609588623,0.0113773446670577,0.0572930183666615,0.065032737950484,0.111843448566894,-1.18686801141489,-0.951389452224411
YLR354C,5.69192981719971,0.754335224628448,0.372739235617025,0.0282879502683692,5.01879018942515,6.49772754510244,0.700599034579777,0.812761494891908
YLR355C,34.1762542724609,1.53314793109894,1.76095550988236,0.0223310631529167,31.0013847351074,37.8670539855957,1.49138109284669,1.57826151881062
YLR359W,3.02663421630859,0.480256408452988,0.172515456156807,0.0247247701506778,2.70675657987595,3.37882119019826,0.432449170533276,0.528765196815387
YLR361C,0.155365958809853,-0.813450157642365,0.0230600024171413,0.0648772238024543,0.113861449373265,0.20400569823881,-0.943623317561721,-0.69035771442255
YLR362W,0.254404515028,-0.596622467041016,0.025311811941488,0.0432278976136861,0.208183774352074,0.30756652628382,-0.681553123691821,-0.512060932343993
YLR371W,0.130812913179398,-0.885400712490082,0.0127075753911574,0.0422946907068848,0.106868428550661,0.156857860088348,-0.971150577205305,-0.804493720267125
YLR373C,0.194700449705124,-0.712733507156372,0.0191540800639835,0.0427721617238421,0.15968132118384,0.234420928359031,-0.796745891005897,-0.630003769927254
YLR377C,0.0104244379326701,-2.11388826370239,0.00821888233702533,0.36374425608239,0.00111663734811979,0.0321043646894394,-2.95208909754749,-1.49343804361024
YLR380W,1.1123149394989,0.0446214228868484,0.0959587769725172,0.0373581590446607,0.932491692403952,1.31568017502626,-0.0303550370880512,0.119150328585015
YLR381W,0.0541941449046135,-1.2766330242157,0.012022651324044,0.0961938170310062,0.0342002449867626,0.0814131615062555,-1.46597081470375,-1.08930538022702
YLR383W,0.094384640455246,-1.02811181545258,0.0111265054570101,0.051203346675542,0.0745589532578985,0.117601202366253,-1.12750020016427,-0.929588239351779
YLR384C,0.00913489609956741,-2.06351470947266,0.00303787875219103,0.147538183834337,0.0042527585872449,0.0161604303866625,-2.37132986390917,-1.79154707722086
YLR386W,0.200872197747231,-0.699119746685028,0.0195045251098246,0.0421053102912154,0.164946973323822,0.240988314151764,-0.782655649083914,-0.618004016439457
YLR387C,0.79701554775238,-0.100328020751476,0.0726967593545637,0.0394804514658169,0.667231831947962,0.947643160820007,-0.175723242999696,-0.0233551673677046
YLR390W-A,11.6764669418335,1.06496560573578,1.21700626733086,0.0451267638921743,9.47455989519755,14.2653837045034,0.976559044774438,1.1542834571213
YLR393W,0.211852788925171,-0.689695775508881,0.0568533348055197,0.118019022871588,0.117268261996408,0.336108752340078,-0.930819511386118,-0.473520202890291
YLR396C,0.160751208662987,-0.797399580478668,0.0206027324891376,0.055617982630693,0.124194720511635,0.202947508916259,-0.905896867090606,-0.692616276069527
YLR399C,0.77694696187973,-0.110631041228771,0.0535231711121115,0.0297733776066402,0.682454014321168,0.890212444961071,-0.165926611126459,-0.0505063416142552
YLR401C,0.547921359539032,-0.262719094753265,0.0447107385978894,0.0353250243886978,0.46599341755112,0.639303466677666,-0.331620218242172,-0.194292942255769
YLR403W,0.281941324472427,-0.552163124084473,0.029155438471723,0.0449903500122611,0.227527717749278,0.342736330876748,-0.64296571137837,-0.465039860676587
YLR404W,0.103200733661652,-1.01727020740509,0.0385548884208762,0.167831930726282,0.0420301036598782,0.190577039743463,-1.3764395467381,-0.719929470423943
YLR405W,0.182970941066742,-0.748110473155975,0.0400902868198256,0.0962410184072515,0.112114653860529,0.270012520750364,-0.950337638355669,-0.568616096883723
YLR407W,0.220440864562988,-0.702895641326904,0.100536273991735,0.207192178474872,0.0693497364098827,0.458127437035241,-1.15895519183275,-0.339015690739188
YLR409C,1.00544035434723,0.00166126189287752,0.0570862847470719,0.0245512505355964,0.901688859363397,1.1247341632843,-0.0449432962445931,0.0510498868372398
YLR410W,1.08935070037842,0.0366457924246788,0.0535565433034579,0.021298580491814,0.987616497278214,1.20234865546226,-0.00541166416656681,0.080030404465708
YLR413W,3.6885449886322,0.566377818584442,0.173675915160142,0.0203780699472038,3.36560643116633,4.05787394841512,0.527063328880874,0.608298551885481
YLR414C,0.774255394935608,-0.117619812488556,0.134210028681439,0.075393258305747,0.538448546330134,1.06190456350644,-0.268855793741739,0.0260854713747321
YLR418C,0.542182385921478,-0.268837183713913,0.0635824640555433,0.0509803975149874,0.425251597414414,0.675289427737395,-0.371354077593038,-0.170510049677481
YLR419W,0.174333527684212,-0.760194778442383,0.0148699272571336,0.0369859040501856,0.146077178791165,0.20472339267532,-0.835417675951391,-0.688832529968567
YLR420W,1.86829495429993,0.269958943128586,0.154968940820517,0.0359174668021338,1.58329812685649,2.19211529493332,0.199562691696188,0.340863389545223
YLR423C,0.04583440721035,-1.36451721191406,0.0156156662913452,0.152417434088039,0.0206996877522518,0.0802428095911939,-1.68403625805219,-1.09559398037654
YLR426W,0.197862938046455,-0.715370774269104,0.0458076853113536,0.101896625882614,0.116875650733709,0.296363860368729,-0.93227595902934,-0.528174756830922
YLR429W,1.65626776218414,0.218417480587959,0.0951478624718803,0.0248780810208346,1.48237722615401,1.85587107042471,0.170958704586666,0.268547744466264
YLR431C,0.0364358834922314,-1.46877539157867,0.0133955168025651,0.166514354389186,0.0146472951707741,0.0665542002767324,-1.83424265531851,-1.1768245337317
YLR433C,0.393855392932892,-0.407020568847656,0.0409288581365281,0.0453696377783752,0.315607666969299,0.47744983881712,-0.500852455139375,-0.321072249625762
YLR439W,0.360180407762527,-0.450814515352249,0.0662015255565343,0.0801314722863799,0.24289484731853,0.503398914138476,-0.614581702569053,-0.298087767276087
YLR440C,0.353865325450897,-0.453011184930801,0.0326562203202957,0.0401116387932475,0.292589179426432,0.420171127219995,-0.533741739487873,-0.376573807284283
YLR446W,0.0613285154104233,-1.23215758800507,0.0184543084099036,0.133240284309226,0.0309236159548163,0.102355547870199,-1.50970973153512,-0.989889081616882
YLR447C,5.51980781555176,0.741000711917877,0.360917636605504,0.0282741892464486,4.8797469218572,6.25749304294586,0.688397298157618,0.796400375370048
YLR449W,1.96725976467133,0.292748838663101,0.141123965957729,0.0310591508174058,1.7096181790034,2.26287882526716,0.232899124689506,0.354661295144164
YLR450W,0.40146940946579,-0.397483825683594,0.0290684016642064,0.0314356534351108,0.347143771747748,0.461515225221713,-0.459490622996468,-0.335813967195414
YLR452C,0.618548154830933,-0.209873288869858,0.047005627831483,0.0329013656370963,0.531161189079285,0.719784598549207,-0.27477366553854,-0.142797452438978
YLR453C,0.0186248570680618,-1.80409955978394,0.0107522383724802,0.266598236845744,0.00401550698637341,0.0446870046357314,-2.39626086781248,-1.34981876283749
YLR457C,0.107488624751568,-0.990299224853516,0.0336557005604531,0.139771027543214,0.0514792170065145,0.183640613034367,-1.28836813121622,-0.736031309777809
YLR459W,0.409843593835831,-0.391743719577789,0.0582132401893435,0.0616731166389631,0.303012200444937,0.538666573166847,-0.518539893719544,-0.268679986463523
YML130C,0.985379695892334,-0.00767980050295591,0.0757872886316428,0.0334332656101053,0.845277691880862,1.14243991176287,-0.0730006166793947,0.0578333670122267
YML125C,2.75249028205872,0.438089340925217,0.239808449337403,0.0376891363969482,2.31402098139127,3.27323607802391,0.364367291835159,0.514977329019179
YML121W,0.513185620307922,-0.295151323080063,0.0811973545647561,0.0688234279828982,0.367338893562555,0.688149562478065,-0.434933097531172,-0.162317206726611
YML119W,0.245832666754723,-0.616519451141357,0.0446846987815017,0.0792060797338312,0.166715997084975,0.341668792565664,-0.778022795263855,-0.466394689468766
YML118W,0.0194354895502329,-1.75328242778778,0.0083642215645857,0.197738430218239,0.00665290653705597,0.0392720068494479,-2.17698857767013,-1.40591691259457
YML116W,0.273831129074097,-0.565776109695435,0.0335056672164401,0.0533477009832213,0.211864111820857,0.343225781122843,-0.673942612500749,-0.464420152603472
YML115C,0.777029871940613,-0.110916845500469,0.0613011533962527,0.0343394174564533,0.658969418207804,0.903430815041065,-0.181134740262503,-0.0441051019847907
YML114C,0.139261454343796,-0.862104952335358,0.0229840040360122,0.0721066956833401,0.0978622921432058,0.188139569138487,-1.00938467295535,-0.72551989983012
YML113W,0.537785410881042,-0.280649751424789,0.12342819287426,0.0991799738723208,0.328120671461026,0.814848972856998,-0.483966916728028,-0.0889228826478247
YML112W,0.332431018352509,-0.487205654382706,0.0675240880815015,0.0883276959631012,0.216988863920172,0.475157618522644,-0.663562809277903,-0.323162303007052
YML110C,1.59592378139496,0.200784742832184,0.161596342421573,0.0440463916945558,1.29680899878343,1.93040723999341,0.112875893986046,0.285648937565759
YML107C,0.094336673617363,-1.04735779762268,0.0298674377146045,0.140509796637619,0.0460583658888936,0.161875266830126,-1.33669147848256,-0.790819515901056
YML106W,3.74828290939331,0.568491637706757,0.592801415476029,0.0680528786022194,2.71744217077891,5.06550271113714,0.434160250800371,0.704622552123577
YML103C,0.576908648014069,-0.239547967910767,0.0317300088812257,0.0238309179002047,0.51802463978529,0.643960028886795,-0.28564958269385,-0.191141090256611
YML100W,0.184084802865982,-0.737106621265411,0.0182156200255791,0.0429767389890233,0.150225717077653,0.221696768204371,-0.823255720876597,-0.654240644828315
YML096W,0.174559265375137,-0.763520896434784,0.0276559616551346,0.0691760597376339,0.123530179883043,0.232892006635666,-0.908226936781684,-0.632845417148427
YML092C,2.93526911735535,0.464163333177567,0.373251214908838,0.0550414830941918,2.24149677753448,3.74698580702146,0.350538117305739,0.573681915021346
YML088W,0.36861526966095,-0.435517221689224,0.0361688649895346,0.0426942840310078,0.301312916725874,0.443421953419844,-0.520982274294401,-0.353182824680063
YML087C,0.0395019091665745,-1.45806908607483,0.0195547603131652,0.226997648195444,0.0107156384193028,0.0876937287549178,-1.96998218532871,-1.05703149077317
YML086C,1.49815833568573,0.174814507365227,0.0878618140152617,0.0253876904479058,1.33372329672178,1.68544942140579,0.12506572844473,0.226715723858912
YML082W,0.24998539686203,-0.604925394058228,0.0285048698856016,0.0498316939379083,0.194898456335068,0.307705609003703,-0.710191600635159,-0.511864587158251
YML081W,0.115855149924755,-0.938532412052155,0.0122963729413806,0.0461826125559147,0.0928095028425256,0.14141857723395,-1.03240755926336,-0.849493561977923
YML080W,0.344258934259415,-0.467079401016235,0.0464407430563429,0.0588803177924209,0.259195462117592,0.441916271795829,-0.586372606747209,-0.354660007516854
YML075C,0.37937992811203,-0.42194864153862,0.026110957146765,0.0298079419140387,0.331306556115548,0.433888788024584,-0.479769971143589,-0.362621587454861
YML070W,1.58277344703674,0.198694318532944,0.0916329858641505,0.0250614833745252,1.41169217924277,1.77250834504763,0.14973999782437,0.248588287508659
YML069W,1.48737847805023,0.171640306711197,0.0893348555422217,0.0260109815019011,1.32598429421584,1.67419123649597,0.122538352359632,0.223805064297233
YML067C,0.967041492462158,-0.0171682499349117,0.10662598544372,0.0476150897771151,0.773973455031713,1.19178541302681,-0.111273934065603,0.0761980345473689
YML064C,0.348838090896606,-0.475691318511963,0.101064262268317,0.127747959907781,0.182140007739266,0.57883479843537,-0.739594751474337,-0.237445367931716
YML060W,0.305355876684189,-0.520405530929565,0.0473741784291882,0.0674325337996501,0.22219469435513,0.406269018103679,-0.653266368569134,-0.391186304307319
YML057W,0.491440773010254,-0.310132920742035,0.042240994256319,0.0373474393527497,0.412600412468115,0.58012461711963,-0.384470444290228,-0.236478707521045
YML054C,0.00994324032217264,-2.06141567230225,0.0050972121326599,0.235689767036066,0.00266939548891969,0.0221124831587076,-2.57358723114872,-1.65536248484912
YML051W,0.0886874943971634,-1.06213510036469,0.0189340791630208,0.0939036391890238,0.0555681272720297,0.128218546509743,-1.25517429349962,-0.892049197160412
YML050W,0.0594420284032822,-1.25858390331268,0.0229461267092737,0.172111527294843,0.0238465902240326,0.113089859485626,-1.62257385364939,-0.946576335542072
YML048W,2.30593752861023,0.361852139234543,0.156232350067818,0.0293891457047112,2.01395129760106,2.63387662768364,0.304048963829929,0.420595422323232
YML046W,0.18297104537487,-0.740864276885986,0.0224164555995786,0.0531628342499911,0.142122041682402,0.231283973778288,-0.847338626817187,-0.635854460731908
YML042W,0.0133163314312696,-1.91325044631958,0.00549489712529791,0.185879409354859,0.00487464638038849,0.0262523649415622,-2.31205720285167,-1.58083194492568
YML037C,0.0696101039648056,-1.18186724185944,0.0230348907949145,0.149336420717488,0.0312116387455414,0.121813466089467,-1.50568557466435,-0.914304702225255
YML035C,0.701733767986298,-0.154693841934204,0.0444050765488186,0.0274502784413303,0.618514180183411,0.793785438438257,-0.208650339196036,-0.100296872440895
YML034W,0.260173082351685,-0.586457669734955,0.0231826707403949,0.0387100878039087,0.216980369016528,0.307876643538475,-0.663579556809244,-0.511623267350066
YML032C,0.262783110141754,-0.58420991897583,0.0347963009603014,0.0576257012429568,0.200380316004157,0.335367909322182,-0.698144944012111,-0.474478498943353
YML027W,0.379981100559235,-0.424348622560501,0.0524191330471202,0.0598160957577981,0.288502246141434,0.492772381752729,-0.539850801284566,-0.307353646273322
YML025C,0.477121889591217,-0.32841545343399,0.0860387925841995,0.0784916232559504,0.327154763787985,0.661597013473511,-0.485246751841167,-0.179406463907296
YML023C,0.0574989393353462,-1.25452351570129,0.014617602358815,0.112074400267804,0.0328270124271512,0.0895793609321117,-1.48376881802201,-1.04779206314651
YML021C,0.469149321317673,-0.333095163106918,0.0669765178827555,0.0619591129374877,0.351273145029942,0.612099309265614,-0.454355051116874,-0.213178111496985
YML020W,0.103619508445263,-0.990586698055267,0.017194324663806,0.0727300764907461,0.0722831361616651,0.140367130562663,-1.14096307980397,-0.852734593582358
YML019W,0.649371802806854,-0.191184565424919,0.0848373961835715,0.0565539654891047,0.495984151711067,0.830978082120418,-0.304532204906699,-0.0804106245693898
YML017W,0.604690372943878,-0.219912007451057,0.04946705027767,0.0354019871713451,0.515159004429976,0.708999436597029,-0.288058713559003,-0.149354111303515
YML016C,0.330858558416367,-0.482468992471695,0.0326860767540381,0.0428577623407244,0.269871487468481,0.398523485908905,-0.568843003685922,-0.399546120836134
YML015C,0.16518372297287,-0.793474912643433,0.0379810631619284,0.100298763245189,0.100398688328763,0.250547416508198,-0.998271973857254,-0.601110106611273
YML014W,0.60660982131958,-0.223446428775787,0.103754774983381,0.0745976463805663,0.41983323469758,0.830924039582411,-0.376923234865127,-0.0804386911513465
YML010W,1.43849408626556,0.157433122396469,0.0674200749681899,0.0203039052837997,1.31681191921234,1.57856976787249,0.119523748908869,0.198263781088458
YML007W,0.592353701591492,-0.228738382458687,0.0462340049616041,0.033862238885971,0.506597380340099,0.687374280393124,-0.295337061226235,-0.162806723924142
YML006C,0.150542765855789,-0.825761914253235,0.0189188933079128,0.0545817506519908,0.117360103378693,0.190348151947061,-0.930479516879129,-0.720451335748217
YML004C,3.04673838615417,0.48250624537468,0.239372840789439,0.0339432954518169,2.62097369829814,3.56262634793917,0.418462657500836,0.551770268689998
YML003W,0.0260992310941219,-1.68276226520538,0.0175238398595779,0.310105760245841,0.00439169222954661,0.0720985955248276,-2.35736885853063,-1.14207321876535
YML002W,0.0121015915647149,-1.95889627933502,0.00529063855544135,0.194928115255579,0.004308283686017,0.0248209508135915,-2.36569874430808,-1.60518159655111
YMR001C,0.39339491724968,-0.406882077455521,0.0349629738550275,0.0385849822998374,0.328337552398443,0.466009335964918,-0.483679463817532,-0.331605382662558
YMR005W,0.471771776676178,-0.32969006896019,0.0593985520256009,0.0545839517208158,0.366573437551657,0.60041731595993,-0.435839061876127,-0.221546791249879
YMR010W,0.293311804533005,-0.537516951560974,0.0437355345947586,0.0651742553932428,0.215061163405577,0.38592462738355,-0.6674380145564,-0.413497538728845
YMR014W,0.522371351718903,-0.284007579088211,0.0501814202369254,0.0415159965183733,0.431004550059636,0.629016280174255,-0.365518146057798,-0.201338114016822
YMR015C,1.54997086524963,0.189356863498688,0.103644318026419,0.0289767427514061,1.36434643864632,1.75748629967372,0.134924661555563,0.244891947875747
YMR017W,0.0185876078903675,-1.80505919456482,0.0107517893777214,0.266280403505647,0.00404065220306317,0.04499575526764,-2.39354860842332,-1.34682845568499
YMR021C,0.204426005482674,-0.696961641311646,0.0379513953105511,0.081080650859252,0.137224117914836,0.288188627113899,-0.862569552210236,-0.540323169426394
YMR023C,0.0247857682406902,-1.63797283172607,0.00958736564409669,0.169794177161615,0.0101914763605843,0.0478811912859479,-1.9917629561931,-1.31983507250832
YMR026C,0.1025620251894,-1.00258910655975,0.0256001568095642,0.109486403950461,0.0596267859761914,0.160841204226017,-1.22455863761687,-0.793602740202241
YMR027W,0.956457018852234,-0.020759642124176,0.0775712985188263,0.0351854358828041,0.816608427464962,1.11243226826191,-0.0879861431675419,0.0462735778159961
YMR028W,0.193374335765839,-0.722104072570801,0.0380823702241964,0.0865477869977831,0.126590188095967,0.272361835340659,-0.897599961110142,-0.564853974495088
YMR029C,0.404733300209045,-0.395088642835617,0.0414261440066075,0.0442731207485726,0.330482744425535,0.49116929123799,-0.480851212171914,-0.30876879413097
YMR032W,0.220416679978371,-0.659506857395172,0.0248179255382547,0.0489807176441416,0.175056661168734,0.272088191906611,-0.756821565513893,-0.565290305370767
YMR033W,0.63301682472229,-0.200380355119705,0.0576892458761561,0.0394871105039786,0.526062019169331,0.752990175783634,-0.278963053988614,-0.123210690143692
YMR034C,0.0165941063314676,-1.84576606750488,0.00907829907215731,0.24939725157528,0.0039285763942947,0.0394930923978488,-2.40576488495973,-1.40347887767771
YMR036C,0.131163030862808,-0.888788759708405,0.0229102448000745,0.0759584419980704,0.0901537016655008,0.181463945657015,-1.04501647002327,-0.741209678225848
YMR038C,2.2218496799469,0.342313230037689,0.318228337754556,0.0618109249408753,1.65356680651506,2.91266614198685,0.21842174257455,0.464290679656751
YMR039C,0.661561548709869,-0.184564456343651,0.101808049400334,0.0669781899634371,0.475136371701956,0.8803292820851,-0.323181723065981,-0.055354908154863
YMR043W,0.507745027542114,-0.302194833755493,0.096762895901036,0.0828318947671973,0.338573921720187,0.719984650115172,-0.470346505133324,-0.142676771570898
YMR044W,0.444140076637268,-0.355178892612457,0.0495048995090312,0.0484979169082698,0.353217304497957,0.548573331038157,-0.451958030445467,-0.260765314309124
YMR047C,0.48856195807457,-0.312120616436005,0.0338796972481308,0.03003052189507,0.426047384738922,0.560319113731384,-0.370542096234817,-0.251564571838829
YMR048W,0.251261442899704,-0.60852175951004,0.0501114546491765,0.0871685540173007,0.163952865327398,0.363100254784028,-0.785280990687539,-0.439973446363018
YMR049C,1.32187438011169,0.120562486350536,0.0712124530465653,0.0233260974146608,1.19373469551404,1.47020828723907,0.0769078159654554,0.167378866442461
YMR053C,0.00839995313435793,-2.12130784988403,0.00382130539265261,0.204856807633007,0.00274401857168414,0.0175153078356137,-2.56161296256621,-1.75658231492047
YMR055C,0.0981497690081596,-1.03448748588562,0.0342590840385328,0.153408201502861,0.0449399262045821,0.17742415231963,-1.34736774237725,-0.750987363015518
YMR056C,0.031700175255537,-1.57021605968475,0.0182152717148606,0.258503508020132,0.00735884305710594,0.077711179666221,-2.13319078551009,-1.10951725084962
YMR058W,4.77509832382202,0.678503632545471,0.224898500529757,0.0203558472762603,4.3652849038442,5.25341897805532,0.640012593524258,0.720442038490706
YMR061W,0.299176186323166,-0.526292145252228,0.0303583329537154,0.0439051775975281,0.24416850383083,0.362879288693269,-0.612310358461102,-0.440237829308598
YMR062C,1.71675765514374,0.233707129955292,0.116701205887097,0.0295095492884052,1.49308455189069,1.95796873569489,0.174084385576959,0.291805752256804
YMR063W,0.0520953796803951,-1.38424944877625,0.0353302639218207,0.310592564034877,0.00881412418869634,0.143357007826368,-2.05482085941213,-0.843581121383683
YMR064W,0.0790479704737663,-1.11193001270294,0.016740042578213,0.0930790685423677,0.0495071655449768,0.114960637316108,-1.30533204474224,-0.939450869471317
YMR065W,0.00911410618573427,-2.11948895454407,0.00543454453383164,0.275741340299776,0.00187311678018887,0.0232825104147196,-2.72743516318148,-1.63297035736004
YMR066W,0.0656517222523689,-1.18776547908783,0.00996078305264954,0.066234134166538,0.047678166286399,0.0870310440659523,-1.32168063929123,-1.06032580644249
YMR067C,0.595428943634033,-0.227332547307014,0.059660419339272,0.0433249058945403,0.488745480775833,0.722922563552856,-0.310917308130598,-0.140908220026068
YMR068W,0.0309440549463034,-1.54731214046478,0.0128169973633348,0.186062638062646,0.0113537577213719,0.0607746524115403,-1.94486071343866,-1.21627761290793
YMR075W,0.171668529510498,-0.768461942672729,0.0206662828925945,0.0524721180902364,0.133841128523151,0.214989212031166,-0.873410417860886,-0.667583332073116
YMR078C,0.157638669013977,-0.805495977401733,0.0189787924948916,0.0525286954982564,0.123374916613102,0.197051890318592,-0.908773127854075,-0.705419673266734
YMR080C,0.642958521842957,-0.192589953541756,0.0384626283442495,0.0259019371332162,0.57152778506279,0.726764559745789,-0.242962675419219,-0.138606258967352
YMR081C,0.0180608239024878,-1.82708275318146,0.0110893433225917,0.284177668718331,0.00351706442694801,0.0465308115507166,-2.45382729603434,-1.3322593757885
YMR083W,4.54222202301025,0.656458079814911,0.278368052353511,0.0265255955673513,4.04103339115779,5.1321698029836,0.606492437490765,0.710301016846894
YMR087W,0.100189916789532,-1.02757740020752,0.0360878522913703,0.160004689447778,0.0431572701161106,0.18314367805918,-1.36494605893778,-0.737208121964086
YMR089C,0.374154895544052,-0.428353577852249,0.030163995901176,0.0349224382073475,0.319068491458893,0.438675388942162,-0.496116080987221,-0.357856760835558
YMR090W,0.101092882454395,-1.07102298736572,0.0602612217399035,0.265849621549297,0.0232004153697441,0.253873680780331,-1.63450424012652,-0.595382432393534
YMR091C,1.17199921607971,0.0676131322979927,0.0914535391984088,0.0337576180984154,1.00664055844148,1.36419976055622,0.00287441943772984,0.134877811910215
YMR092C,1.42579698562622,0.153289243578911,0.08483703117305,0.0258324437689655,1.26491641302903,1.6024632314841,0.102061827639751,0.204788073363372
YMR096W,0.0657710656523705,-1.22052574157715,0.0277869493124346,0.187522400074293,0.0237841444090009,0.131882750739654,-1.62371249612422,-0.879812331182751
YMR097C,0.15514512360096,-0.818851411342621,0.0326082375091103,0.0918396484877851,0.0967705427358548,0.228841713070869,-1.01425683192331,-0.640464831692852
YMR101C,0.0174757856875658,-1.85285723209381,0.0114739537051747,0.304461982604075,0.00294802576924364,0.0470740679961939,-2.53046872797023,-1.32721833825374
YMR105C,0.0681599006056786,-1.17689299583435,0.0148936587864001,0.0958639953202434,0.04253321805348,0.100596783744792,-1.37127176199629,-0.997415925290432
YMR108W,6.9324779510498,0.840512096881866,0.289353327464827,0.0180492335616504,6.39433668851852,7.55658992131551,0.805795499394208,0.878325854175532
YMR110C,0.44390019774437,-0.354761719703674,0.0431776549656542,0.0422029528750285,0.363205846399069,0.535590501626333,-0.439847169868175,-0.271167133552936
YMR119W,0.195775717496872,-0.711702167987823,0.0246847925255763,0.0549928620702571,0.15058915776511,0.247344812502464,-0.822206311972699,-0.606697200795945
YMR120C,2.16687250137329,0.335208863019943,0.116524761472489,0.0232588883811194,1.95174668431282,2.41053959131241,0.290423445199704,0.382114265152501
YMR125W,1.1074059009552,0.0436437018215656,0.0612923733562774,0.0240148630288913,0.99553825010856,1.23279458085696,-0.00194205097432401,0.0908907117741776
YMR126C,0.0862736627459526,-1.08652627468109,0.0273997168325211,0.142038827763214,0.0412095523749789,0.147082626819611,-1.38500216416653,-0.832438622459181
YMR127C,0.11634549498558,-0.951514959335327,0.0329638018442873,0.123404701619736,0.063148390998443,0.189595599969228,-1.19963772082895,-0.722171762632079
YMR130W,0.565808355808258,-0.252852112054825,0.0905204354688258,0.0693934363384282,0.404869169990222,0.763786379496256,-0.392685304344502,-0.117028183532681
YMR131C,1.67041325569153,0.221938133239746,0.106800928952811,0.0277294130571045,1.47104794283708,1.88781055907408,0.167626826335738,0.27595840942414
YMR133W,0.007543311920017,-2.25339484214783,0.00579180600303311,0.360333553370751,0.000913923924963456,0.0224705157801509,-3.03909116305033,-1.64838697125087
YMR134W,0.343702435493469,-0.486595064401627,0.111000486579303,0.142779997741441,0.162124931812286,0.59379520068566,-0.790150193566639,-0.226363316892039
YMR135C,0.160082593560219,-0.803268074989319,0.0300155429821592,0.0816529725515965,0.107253335416317,0.226802999650439,-0.969589193032495,-0.644351246015658
YMR136W,0.152426183223724,-0.822255492210388,0.0238514507068828,0.068159673407394,0.110205938170354,0.202228230858843,-0.957795089337373,-0.694158218888307
YMR139W,0.219069927930832,-0.667121946811676,0.0412229664476483,0.08224512500052,0.14636411331594,0.308438022683064,-0.834565403023783,-0.510832093164955
YMR140W,0.255173534154892,-0.597178280353546,0.0347030019380087,0.0591696235704623,0.192379513507088,0.329204292843739,-0.715841200919588,-0.482534655255724
YMR145C,1.68827521800995,0.226669356226921,0.100955252732286,0.0259296497797684,1.49919856886069,1.89760625362396,0.175859158648231,0.278206102918308
YMR146C,4.6704683303833,0.668380618095398,0.314099509872108,0.0291972443142723,4.08089503447215,5.32632780075073,0.610755422586233,0.726427890919368
YMR149W,2.03253555297852,0.305562287569046,0.217474882467782,0.0463967337588588,1.64691779017448,2.50528501470884,0.216671920441135,0.39885713891358
YMR152W,0.829661130905151,-0.0833869799971581,0.085505153876946,0.0445565942118503,0.677515451610088,1.01062028606733,-0.169080796934184,0.0045880112974227
YMR155W,0.144420623779297,-0.846490144729614,0.0241812802126836,0.0732411924930379,0.101092914181451,0.195131944492459,-0.995279492338549,-0.709671663063388
YMR156C,0.105353988707066,-1.03750133514404,0.0544793540274101,0.238377645411863,0.0280410628765821,0.235899011294047,-1.55220552876935,-0.627274277746395
YMR160W,0.0622600018978119,-1.21300196647644,0.0112982517132907,0.0796117752375969,0.0425764958684643,0.0866850224634011,-1.37083009227695,-1.06205597022693
YMR163C,0.055146150290966,-1.26869606971741,0.0119250047963861,0.0949108798326846,0.0342813030506174,0.0816150357325871,-1.46494267869961,-1.08822992965379
YMR167W,0.122101292014122,-0.917473137378693,0.0169733196223286,0.0605059839419337,0.0914762359733383,0.158321554089586,-1.03869175766301,-0.800460001492373
YMR177W,0.105773255228996,-0.984630882740021,0.0215384043739404,0.0889610224802387,0.0676595916971564,0.153093249723315,-1.16967132284318,-0.81504395836424
YMR178W,0.997802734375,-0.0057214954867959,0.148068540442257,0.0644763196767055,0.73502401659886,1.30981611808141,-0.133698470383312,0.117210330371675
YMR180C,0.0741162076592445,-1.16279554367065,0.0284077695686929,0.173401845669493,0.0289816372406979,0.140516638631622,-1.53787712408521,-0.852272607935798
YMR183C,2.39782381057739,0.377723515033722,0.235856413012389,0.0426628715773804,1.96536247432232,2.89382471839587,0.293442650770127,0.46147222119144
YMR185W,0.140397161245346,-0.855616331100464,0.0164639823830802,0.0508580727124817,0.110462435893714,0.175548208753268,-0.956785440775432,-0.755603600391026
YMR187C,0.0854028761386871,-1.08381378650665,0.0226161713281289,0.11637336535284,0.047268303266416,0.135449691986044,-1.32543047439586,-0.868221985235861
YMR188C,0.498445302248001,-0.318087160587311,0.134304356025454,0.117729483416117,0.277724912762642,0.802387277285258,-0.556385189838105,-0.0956159661416722
YMR191W,0.461479097604752,-0.33966276049614,0.0612593120495524,0.0576501687262035,0.350661590695381,0.594273745516936,-0.45511180160203,-0.226013480979512
YMR192W,0.174912005662918,-0.760318279266357,0.021057625087476,0.0522517842910429,0.137373411282897,0.219699040055275,-0.862097439411574,-0.658171840665324
YMR193W,0.361467808485031,-0.454195201396942,0.086360470291889,0.10368732841005,0.215646889681617,0.556005954742432,-0.666256833939226,-0.254920557162671
YMR196W,0.0946188792586327,-1.02768075466156,0.0122750787716237,0.0565442836193522,0.0724789548044403,0.120373060802619,-1.13978808737111,-0.919470698061859
YMR199W,0.326840549707413,-0.488302797079086,0.0360281772755962,0.0479648766522575,0.260799982150396,0.40075507586201,-0.583692495608369,-0.397120968618457
YMR200W,1.14860761165619,0.0549341961741447,0.179376415818638,0.0674720808631958,0.842810482780139,1.5475339114666,-0.0742701066257011,0.189639916428852
YMR201C,0.161083921790123,-0.802795767784119,0.0342902727685943,0.0930753563483074,0.101376705740889,0.236694127569596,-0.99406189335878,-0.625812530658092
YMR204C,0.087479256093502,-1.07107532024384,0.0214147625296497,0.107008428820679,0.0520858761544029,0.135657811040679,-1.28328035308138,-0.867555372801767
YMR208W,0.837270975112915,-0.078883059322834,0.0755251178951095,0.0389270669855904,0.701688695947329,1.00162255267302,-0.15385552072733,0.000704085215821346
YMR209C,0.275024771690369,-0.564649283885956,0.0374540133312223,0.0592439202971183,0.206853876511256,0.354811892161767,-0.684336343702278,-0.450001835328147
YMR210W,0.147585317492485,-0.838477849960327,0.027448712425019,0.0812990285968314,0.0995983108878136,0.207141203681628,-1.0017480268205,-0.683733505300813
YMR211W,0.103146053850651,-0.995825409889221,0.0213069416353233,0.0903269792123475,0.0665126868834098,0.149590920408567,-1.17709556202159,-0.825094771513083
YMR212C,0.467843651771545,-0.331167906522751,0.0358119797166384,0.0332060490049996,0.400602221488953,0.541251729925473,-0.397286646710644,-0.266600708545834
YMR213W,0.139276996254921,-0.860608696937561,0.0200969779712932,0.0624834761532262,0.10303782808284,0.184403769175212,-0.987003331830777,-0.734230209868205
YMR215W,1.69718980789185,0.22886948287487,0.107136625083125,0.0273345331427905,1.50350900888443,1.91713599363963,0.177105973457596,0.282652920774934
YMR216C,0.366847693920135,-0.436908394098282,0.0294603466023613,0.0347645683074407,0.313112288713455,0.427454921106497,-0.504299887324851,-0.369109680299222
YMR220W,0.618490695953369,-0.210455417633057,0.0562530278344632,0.0394312840026657,0.513722075025241,0.739017679790655,-0.28927177194665,-0.131345200320052
YMR221C,0.647794425487518,-0.190109685063362,0.0547377874569489,0.0366589477717894,0.548279598851999,0.760671049853166,-0.260997914965374,-0.118803113696442
YMR223W,0.230340480804443,-0.642567157745361,0.0346213568043994,0.0657830659316669,0.166420797010263,0.303967475891113,-0.778792402479396,-0.517172882827666
YMR224C,0.0903166234493256,-1.04970347881317,0.0143291038277119,0.0691520643738766,0.0653586000204086,0.120710613888999,-1.18469731007994,-0.91825458395507
YMR226C,4.84130525588989,0.683114171028137,0.44802122965605,0.040023370319424,4.02559118668238,5.78538465499878,0.604829667212273,0.762332239344779
YMR227C,0.177939057350159,-0.75330263376236,0.0227497696697842,0.0559276750962916,0.134996761381626,0.22454764607052,-0.86967665663917,-0.648691677594707
YMR228W,0.269339293241501,-0.576458811759949,0.0475733977781874,0.0769334525896081,0.186622708787521,0.371351326008637,-0.729035520381119,-0.430215223736776
YMR232W,0.00612099142745137,-2.28407788276672,0.00348320532675023,0.259786633667352,0.00138996772584505,0.0148805287977059,-2.85699744837096,-1.82738251103643
YMR234W,0.177332729101181,-0.760666131973267,0.0368346362045911,0.0912956034757698,0.113483824270467,0.253751542419195,-0.94506604638808,-0.595591314875003
YMR237W,0.929736256599426,-0.0324981100857258,0.0584928876287971,0.0273087769609165,0.820096956690152,1.04934197068214,-0.0861348015478037,0.0209170432315272
YMR238W,0.655171155929565,-0.18553301692009,0.0609844645756819,0.0405707227695163,0.544317724307378,0.779624524712562,-0.264147530555174,-0.108114512724445
YMR239C,0.317201793193817,-0.501712381839752,0.0375667823012281,0.0515612951593084,0.248718540618817,0.395750703662634,-0.604291841257918,-0.402578313053246
YMR240C,0.0833967328071594,-1.09017086029053,0.0190439491447534,0.099846925961064,0.0508380926524599,0.126301039382815,-1.29381085943162,-0.898593082436343
YMR241W,2.64926695823669,0.421691805124283,0.215891761517824,0.0352828442005998,2.24718552827835,3.11200037002563,0.351638928836815,0.493039579100138
YMR251W,0.0153655987232924,-1.89694106578827,0.00961863453194489,0.282839640479515,0.00294687314308248,0.0404914758789042,-2.53063884409442,-1.3926364290908
YMR253C,0.140148147940636,-0.861719906330109,0.0272166809915184,0.0857067478078404,0.0897706551477313,0.199210441857576,-1.04686583203861,-0.700687903424909
YMR257C,0.0170325543731451,-1.7946902513504,0.0058286074514864,0.153300915845719,0.00751229437688986,0.0301646721083671,-2.12422741640645,-1.52050139199317
YMR261C,0.738388538360596,-0.132427677512169,0.0423538263255433,0.0248909321050323,0.659068824847539,0.825030811627706,-0.181069263461657,-0.0835298320170955
YMR262W,0.222175613045692,-0.664172291755676,0.04965909546357,0.0978282843672108,0.135881274938583,0.330492991705735,-0.866840386910974,-0.48083789889733
YMR267W,0.383459657430649,-0.422546058893204,0.0649552438090763,0.0741441753570438,0.266872699807088,0.524371782938639,-0.573696158012176,-0.280360687098422
YMR270C,0.135842725634575,-0.877851188182831,0.0305083585163982,0.0976877447840332,0.0835539028048515,0.20299268749853,-1.07803325939088,-0.692519626255065
YMR271C,0.0390118546783924,-1.58863639831543,0.0359584380008826,0.427237060451379,0.00304911318429125,0.140287600581845,-2.51582713209761,-0.852980817965363
YMR272C,0.956713378429413,-0.0211641602218151,0.0903351551237457,0.0412250547726127,0.788033711413542,1.14126419226329,-0.103455209009086,0.0573861865778363
YMR273C,0.11600536108017,-0.939102530479431,0.0149031873927605,0.0558850602804898,0.0892176068698367,0.147783199325204,-1.04954943075056,-0.830374969168933
YMR274C,0.131928622722626,-0.89889132976532,0.0392833101444383,0.130642961072618,0.0677618248388171,0.219852515185873,-1.16901490836287,-0.657868562348351
YMR276W,4.10767698287964,0.612585663795471,0.281183725071836,0.029614763381366,3.59450848301252,4.70892179012299,0.555639507254367,0.672921477231101
YMR279C,0.0151045909151435,-1.87516391277313,0.00747679617939431,0.224680366906915,0.00441520365032678,0.0328992151034375,-2.35505018112987,-1.48281464727494
YMR280C,0.00695950398221612,-2.19172978401184,0.00274303997645109,0.176567749983455,0.00267954572918825,0.0133548266642416,-2.57193884746929,-1.87436179319403
YMR281W,0.262643188238144,-0.591849625110626,0.0596415180134945,0.0994686413442873,0.160265685245395,0.394760740548372,-0.795159512497049,-0.403666390671276
YMR283C,0.105267494916916,-0.985974788665771,0.0204491991060758,0.085371846182847,0.0693409976859887,0.148370735595624,-1.15900991896468,-0.828651756890705
YMR285C,0.321169257164001,-0.496372252702713,0.0384761357041714,0.0520057900674331,0.251413106918335,0.407230259726445,-0.59961208498766,-0.390159958985918
YMR287C,0.0671742036938667,-1.17876410484314,0.0111163282648356,0.0723120887982869,0.04728739336133,0.090789349998037,-1.32525462508356,-1.04196510475352
YMR289W,0.21711853146553,-0.670942068099976,0.040722231897023,0.081817262699237,0.145964012170831,0.304370926568905,-0.835754209103951,-0.516597090430902
YMR291W,0.348205357789993,-0.460330307483673,0.0348148324525774,0.043408109152041,0.283679499228795,0.421501130113999,-0.547172083369038,-0.375201259715627
YMR293C,0.0734248086810112,-1.14760887622833,0.0181589334691242,0.109299045824766,0.0422202748246491,0.113339941948652,-1.37447894439065,-0.945617028817328
YMR294W,0.0807426869869232,-1.11114192008972,0.0232694044256188,0.127562571253142,0.0415943076834083,0.132404326895873,-1.38096610315821,-0.878097848510083
YMR296C,1.09384179115295,0.0378416776657104,0.0785005721091118,0.0310645008851289,0.948559546470642,1.26090468466282,-0.022935407841878,0.100682252277216
YMR299C,0.185535281896591,-0.744683086872101,0.045768236073909,0.107333901535195,0.108904352411628,0.28518869454662,-0.962954763319995,-0.544867728257022
YMR300C,1.25363826751709,0.0970916375517845,0.0884039616765627,0.0306508140812435,1.08862102031708,1.43399283885956,0.0368767159075454,0.156546977805289
YMR301C,0.290195226669312,-0.539719998836517,0.0305673869877536,0.0458235611824916,0.233906611676017,0.353281121949355,-0.630957510334168,-0.451879601319691
YMR306W,0.00446714088320732,-2.40072274208069,0.00211518051492021,0.218470190109769,0.00134011326008476,0.00942388654220849,-2.87285872784395,-2.0257699512668
YMR307W,10.9972066879272,1.04086053371429,0.48541922452632,0.0191092902782185,10.1045062383016,12.0060769637426,1.00451509030868,1.07940112262843
YMR308C,1.107466340065,0.0437523908913136,0.057139324395746,0.0223884345278904,1.00238311290741,1.22393369674683,0.00103374151272514,0.0877578917336271
YMR312W,0.465092092752457,-0.340996295213699,0.0917098160085422,0.0868124474994921,0.299311094979445,0.663158104817072,-0.523877213827518,-0.178382918890581
YMR313C,0.226496413350105,-0.647874236106873,0.0264238129211896,0.0505164537280712,0.178975757459799,0.28434574653705,-0.747205792545096,-0.546153264018962
YMR314W,2.12893462181091,0.323019593954086,0.328004724166158,0.0670260612051179,1.54286259015401,2.83749279379845,0.188327248196003,0.452934762285584
YMR315W,1.3768150806427,0.1371159106493,0.124354708540282,0.0390782071363058,1.14269798398018,1.63386608461539,0.0579314536010253,0.21321644228382
YMR316W,0.0994279533624649,-1.02126371860504,0.0291666165038157,0.129328628167592,0.0508742365054786,0.16599999293685,-1.29350209971462,-0.779891969536438
YMR317W,0.018712256103754,-1.74354517459869,0.0050338632592743,0.1178340243603,0.0101634775598844,0.0301725305616856,-1.99295941464215,-1.52038826414095
YMR319C,0.472507864236832,-0.327551156282425,0.0448750168593117,0.0413408977145662,0.388345530132453,0.566111967464288,-0.410781697992322,-0.247097725789047
YNL327W,2.19979071617126,0.341935366392136,0.1000763056245,0.0196430841586799,2.02070178786914,2.41839724580447,0.305502225201858,0.383527637335564
YNL326C,0.158710435032845,-0.811318337917328,0.0372785442303499,0.102343731982106,0.0956703978280226,0.24205573660632,-1.01922249080968,-0.61608463661223
YNL322C,2.63851189613342,0.419910937547684,0.215780763756759,0.0354651811879686,2.23221111297607,3.08950175841649,0.348735265921829,0.489888446307228
YNL320W,0.31936976313591,-0.505393922328949,0.0673783515061644,0.0923158907296651,0.199687115103006,0.465885167320569,-0.699650315330829,-0.331721119404736
YNL317W,0.200756132602692,-0.702190637588501,0.0299573740633641,0.065196772119629,0.147355481982231,0.262641276667515,-0.831633702702779,-0.580637118729522
YNL316C,0.292471081018448,-0.540430188179016,0.0508009294744586,0.075402417397158,0.204278038193782,0.405290871858597,-0.689778350184833,-0.392233177521776
YNL314W,0.15286785364151,-0.84424239397049,0.0552029985629668,0.160613187381533,0.0674432842060924,0.280696457624435,-1.17106132735116,-0.55176329680581
YNL309W,0.186459854245186,-0.736058473587036,0.0326589990216238,0.0762116560616143,0.128913604592284,0.254656351606051,-0.88970130646228,-0.594045489530004
YNL308C,1.03922426700592,0.0158354546874762,0.0660946421078295,0.0275419969635471,0.916560492416223,1.17981312870979,-0.0378388717628775,0.0718132072482758
YNL307C,1.39008033275604,0.141576752066612,0.114270531525151,0.0356708945147123,1.18018239140511,1.62919026315212,0.0719491305755093,0.211971805816015
YNL299W,0.19223840534687,-0.719424486160278,0.0235598939665863,0.053375946441619,0.149944345653057,0.24118540212512,-0.82406992823062,-0.61764902608492
YNL295W,0.171744644641876,-0.769975006580353,0.025776455624879,0.065063211751832,0.126403438424071,0.226137688631813,-0.898241121914779,-0.645627094309477
YNL293W,0.12731146812439,-0.899415135383606,0.017857966526441,0.0611927819972502,0.0942634128034115,0.166837975382805,-1.02565684846321,-0.777705089057631
YNL292W,0.636937856674194,-0.198542878031731,0.0701832377854214,0.0479647116095,0.510190811753273,0.779877700905005,-0.292267380514927,-0.107973497321965
YNL290W,0.829163670539856,-0.0842553973197937,0.0961620847675458,0.050136229331017,0.651332795619965,1.0355681180954,-0.18619705387229,0.0151786713993942
YNL289W,0.586484909057617,-0.238241896033287,0.10150384584755,0.0753831838730488,0.40598528906703,0.803068746129672,-0.391489751909054,-0.0952472855477716
YNL288W,0.416341692209244,-0.384702175855637,0.057348769712711,0.0602957281297439,0.310978287210067,0.532378776371479,-0.507269934298181,-0.273779330411931
YNL287W,2.2378249168396,0.349394470453262,0.100058096535032,0.0193427677084236,2.05353074471156,2.44348437190056,0.312501209193583,0.388009565651666
YNL286W,0.180862069129944,-0.760583102703094,0.0517124008296422,0.126326938687276,0.09500797316432,0.299149215221405,-1.02223999561887,-0.524112132134856
YNL283C,0.232700288295746,-0.637316703796387,0.0319016105412993,0.0600318519634337,0.173912947873274,0.298487717161576,-0.759668083564637,-0.525073544501421
YNL280C,0.990808606147766,-0.00541629455983639,0.0797886471819249,0.0349715250782056,0.845232830444972,1.15281105041504,-0.0730236457106577,0.0617581308101598
YNL279W,0.0146553022786975,-1.86965334415436,0.00591408161497003,0.179308242271296,0.00576221058145165,0.0285498940385878,-2.23941087436326,-1.54439551812843
YNL277W,0.0646350681781769,-1.20301783084869,0.0160797548827435,0.10932400059386,0.0369783212741216,0.101280959136784,-1.43205365196055,-0.994472221229274
YNL275W,0.10791939496994,-0.973499715328217,0.0187588885157869,0.0761957467404237,0.0745934347932537,0.147312599172195,-1.12729939789012,-0.831760212259886
YNL274C,0.146813333034515,-0.846105396747589,0.0357710571898817,0.106526042352434,0.0863927558685342,0.226637814814845,-1.06352269608533,-0.644669169190942
YNL273W,0.0844435542821884,-1.07732141017914,0.0112953746450284,0.0582753191351488,0.0641463423768679,0.10890281945467,-1.19282810207192,-0.962960876371365
YNL272C,0.215177610516548,-0.669314742088318,0.0212655827386007,0.0428392588609491,0.175936882694562,0.258695691823959,-0.75464312644814,-0.58721080372513
YNL264C,0.465414613485336,-0.336352467536926,0.0645326896338329,0.0605719133873053,0.346517311781645,0.60039698133866,-0.460275067111641,-0.221561500583028
YNL263C,1.04318475723267,0.0157023910433054,0.115698876331891,0.0480792215834048,0.832773506641388,1.2947232067585,-0.079473099662832,0.112176932398267
YNL258C,0.240367487072945,-0.621192455291748,0.0234993835395153,0.0423884944469122,0.196971243744095,0.289101576060057,-0.705597215279244,-0.538949542604093
YNL257C,0.0933393910527229,-1.03325915336609,0.0115558136363582,0.053827882380001,0.0724730214724938,0.118721004078786,-1.13982364104135,-0.925472460587296
YNL256W,0.361819595098495,-0.442816495895386,0.0281699893656762,0.0337017810438177,0.310051670173804,0.419980457425117,-0.508565928937354,-0.376770927456905
YNL251C,0.71778017282486,-0.145359322428703,0.0567611365975923,0.0342518759393418,0.614887141684691,0.834076396127542,-0.211204603944423,-0.0787941743200457
YNL250W,0.0630729645490646,-1.20460164546967,0.00902706981909365,0.0622715631014336,0.0468306226034959,0.0821799396847685,-1.3294701163288,-1.08523419659
YNL248C,2.00033664703369,0.300044178962708,0.140068050666899,0.0303091868698861,1.73393723070621,2.29743683139483,0.23903337139025,0.36124357620378
YNL247W,2.05633163452148,0.312567859888077,0.10137724945904,0.0213303456344697,1.87289485931396,2.26850748062134,0.272513397600157,0.355740215732171
YNL246W,0.432653605937958,-0.37426170706749,0.0950630396141698,0.0954862833623585,0.268990194052458,0.645086750388145,-0.570263551856113,-0.1903819148803
YNL243W,1.29641342163086,0.112072825431824,0.0721412955251511,0.024132861517853,1.16134614845117,1.44137475391229,0.0649616822307432,0.158776910358103
YNL241C,2.8777174949646,0.458345472812653,0.163938390246194,0.0246899513720644,2.57486963272095,3.21594478487968,0.41075524532937,0.50730857839118
YNL240C,0.43559867143631,-0.36351466178894,0.0476096837411215,0.0476242035851758,0.348222851753235,0.533077518641949,-0.458142732171342,-0.273209633429575
YNL239W,1.02006781101227,0.00725653907284141,0.0811619910095989,0.0345544315892928,0.870379712680976,1.18593579133352,-0.0602913196519079,0.0740611694200962
YNL238W,0.296973913908005,-0.52916693687439,0.0277246896108398,0.0404830210540117,0.245300884917378,0.356292486190796,-0.610300918057357,-0.448193336336281
YNL237W,0.0485691055655479,-1.33714926242828,0.0158151855594181,0.145408980836851,0.0232959833306571,0.0834916532039642,-1.63271921519957,-1.0783569394703
YNL234W,0.0650678351521492,-1.20366752147675,0.0181397619346569,0.123087278423553,0.0349664038047195,0.105298870181044,-1.45634947401156,-0.977576289538953
YNL233W,0.22492353618145,-0.650047242641449,0.0220293155615212,0.0425619325339164,0.183950120334824,0.270698869725068,-0.735299931465635,-0.567513558195437
YNL231C,1.01076316833496,0.00237775454297662,0.103760286217674,0.0444154151997368,0.822750065724055,1.22610664367676,-0.0847321078134526,0.0885282456686251
YNL227C,0.240949615836143,-0.621302485466003,0.0293887010603224,0.0530304719904947,0.187697211404641,0.302740770578384,-0.726542181731622,-0.518929090043718
YNL224C,0.244211062788963,-0.614452421665192,0.0247273549541235,0.0439194669484931,0.199254054576159,0.296263425548871,-0.700592836080019,-0.528321987624
YNL223W,0.0511933714151382,-1.31054592132568,0.0153908446423051,0.132779180330148,0.0261700600385666,0.0863738702610135,-1.58219528101361,-1.06361762028001
YNL221C,0.223990336060524,-0.652266025543213,0.0240037072385293,0.0466295112295149,0.178889988362789,0.274344425151745,-0.747413970475579,-0.56170386095381
YNL219C,0.49602735042572,-0.306536316871643,0.0481318952447949,0.0421562496865565,0.407039322455724,0.59244853357474,-0.390363634630964,-0.227349375020255
YNL218W,0.118098340928555,-0.933931231498718,0.0199146145616983,0.0734825735305297,0.082538032780091,0.16038142790397,-1.08334588712105,-0.794845941450248
YNL217W,0.856610059738159,-0.0702378749847412,0.101169352518398,0.0512767832032252,0.671637353301048,1.07489739457766,-0.172865159243082,0.0313669958191289
YNL216W,0.697658896446228,-0.157227948307991,0.0442906112295813,0.0275031789383621,0.615840186178684,0.78998950868845,-0.210531982492582,-0.102378677902144
YNL215W,0.510272979736328,-0.296810358762741,0.0743758865862584,0.0634787999272329,0.37594273040692,0.670085692405701,-0.424878314146543,-0.173869657568525
YNL207W,0.943354308605194,-0.0270419102162123,0.0842106150527091,0.0385689203631359,0.792583180963993,1.12183070480823,-0.100955147972181,0.0499273184005375
YNL206C,0.349634289741516,-0.459793210029602,0.0438181892818502,0.0545009257375768,0.269246983031432,0.44727451155583,-0.569849658329091,-0.349426001740197
YNL202W,0.0362452492117882,-1.51465249061584,0.0209526649710131,0.266156072413399,0.00816963573452085,0.0894439893464247,-2.08779730975023,-1.04844888531972
YNL200C,0.190184965729713,-0.754619419574738,0.0745596522769083,0.175534292100309,0.0733950575813651,0.368338716526825,-1.13433391622591,-0.433753968266243
YNL197C,0.576634287834167,-0.240510374307632,0.0465589363099305,0.035005896978364,0.491277021914721,0.6748174076279,-0.308673577041897,-0.17081372295297
YNL195C,0.126365169882774,-0.936681270599365,0.0525088321651773,0.187848641191797,0.0457362583217522,0.250219092766444,-1.3397404494734,-0.601679573452926
YNL193W,0.153505444526672,-0.819223523139954,0.0239655215739558,0.0685357237395836,0.10941372041901,0.203241063902775,-0.960928219171265,-0.69198854164374
YNL191W,0.250468760728836,-0.608684360980988,0.046620729854108,0.0805492614074377,0.171619363874197,0.354710272202889,-0.765433750019247,-0.450126254113301
YNL189W,2.90689635276794,0.462812542915344,0.155202453510441,0.0231407623200009,2.61729891498884,3.23680436809858,0.417853325052695,0.510116451445712
YNL188W,0.0701807960867882,-1.16942059993744,0.01883682600096,0.11764938010845,0.0388627083972096,0.111269278203448,-1.41046715920905,-0.953624729365525
YNL187W,0.0104210739955306,-2.11312198638916,0.00809828963823932,0.362804202166419,0.00115977194703495,0.0313411399101217,-2.93563429836057,-1.50388524700059
YNL183C,0.200232177972794,-0.700945138931274,0.0214582929733315,0.0464296217827586,0.161527035882076,0.247133460392555,-0.791754778192415,-0.607068449900284
YNL182C,0.576074779033661,-0.241004422307014,0.0475506492927229,0.0359414630368504,0.487123682846626,0.672765835622946,-0.312360755959839,-0.172136073555089
YNL180C,0.427229344844818,-0.37408509850502,0.0630776673024666,0.0644282777171081,0.312223700185617,0.558667832116286,-0.505534135279512,-0.252846340030826
YNL178W,56.123161315918,1.74735856056213,5.11987979330574,0.0392597656452112,47.0055380821228,67.1653475443522,1.67214898423155,1.82714525014171
YNL177C,0.44730082154274,-0.354991734027863,0.071744956929639,0.0699270864494554,0.320233441392581,0.597719851136208,-0.494533368533898,-0.223502325462386
YNL175C,1.49347221851349,0.172868251800537,0.117213409261735,0.0339629933630286,1.27899036208789,1.73924226760864,0.106867271329845,0.240360079986963
YNL173C,0.616953194141388,-0.212613105773926,0.0708351282138944,0.0499963601657622,0.48808345173796,0.761445645987987,-0.311505917391404,-0.118361116512018
YNL168C,0.938868284225464,-0.0333604402840137,0.155865936332401,0.0721938027637977,0.656712998449802,1.27050487697124,-0.182624387555006,0.103976235588998
YNL167C,0.15728135406971,-0.807344973087311,0.0213930365351722,0.0592712630966279,0.118165847162406,0.203684301177661,-0.927508028003537,-0.69104245414664
YNL166C,0.651458978652954,-0.188272953033447,0.0649157380165472,0.0434061875427839,0.530529669920603,0.78427559932073,-0.275290323628418,-0.10553129694456
YNL164C,0.267697960138321,-0.579660594463348,0.0491721881961636,0.0799913750596157,0.182571620245775,0.37392137820522,-0.738566795872297,-0.427219723220199
YNL163C,0.512026190757751,-0.29142552614212,0.0294582670027454,0.0249854097874455,0.456605553627014,0.572200709581375,-0.34045881055297,-0.242451614428628
YNL160W,0.0505329333245754,-1.32483899593353,0.018193646630647,0.159724094430575,0.0224752452069273,0.0922246405233939,-1.64829556765791,-1.03515309570646
YNL159C,0.224269673228264,-0.66274356842041,0.056125404281185,0.108963806508432,0.130458358551065,0.350720655918121,-0.884528093781814,-0.455038662880529
YNL155W,0.990182042121887,-0.00847255159169436,0.137533437662076,0.0604508026143567,0.738225937883059,1.28215100665887,-0.131810703014911,0.107939110446015
YNL152W,0.154550239443779,-0.818636178970337,0.0290765894796871,0.0822340779483061,0.10256693965445,0.217222953215241,-0.988992603292389,-0.663094288195047
YNL151C,0.462575674057007,-0.345553457736969,0.102621431419053,0.0973214944607085,0.280250677714745,0.691460192203522,-0.552453334146343,-0.160232817440407
YNL148C,0.230490654706955,-0.655415892601013,0.0661181060743433,0.126925245304859,0.120834445829193,0.381933075437943,-0.917809730554723,-0.418012750013148
YNL144C,0.0118704838678241,-1.95929944515228,0.00465039310302302,0.174747852057789,0.00473480474514266,0.0226153805851936,-2.32469918488456,-1.64559609928845
YNL142W,0.0368063002824783,-1.45526874065399,0.0114203773204732,0.137582590755268,0.0183618418406695,0.0621097574320932,-1.736083802618,-1.20684017556806
YNL141W,1.19369411468506,0.0750174969434738,0.111113420715352,0.0403836543973645,0.988934164742629,1.42955632905165,-0.00483262095811464,0.155201270021391
YNL138W,2.39727449417114,0.379076182842255,0.130620111392229,0.0235852363601618,2.15749086737633,2.66750989556312,0.333948965919903,0.426106025375283
YNL137C,0.470740675926208,-0.329269737005234,0.0457221154755784,0.0422764144146964,0.384377656877041,0.565458953380585,-0.415242071284022,-0.247598914995472
YNL136W,0.156712934374809,-0.810881733894348,0.0259883003497114,0.0724645402943201,0.109978480947514,0.212012275432547,-0.958692284194885,-0.673639016623871
YNL134C,0.604963779449463,-0.220907941460609,0.06695556640625,0.0478427620989143,0.484717171142499,0.749872963130474,-0.314511599935398,-0.125012326080433
YNL129W,0.590586543083191,-0.242477312684059,0.149184618037098,0.11011408682061,0.339489027609428,0.923500384390354,-0.46917427999676,-0.0345629913032681
YNL128W,0.0160974077880383,-1.86506772041321,0.00900951304408329,0.26507607006982,0.00344536380919938,0.038463488034904,-2.46276521157717,-1.41495139298811
YNL126W,0.13792122900486,-0.863600313663483,0.0168186641078972,0.0530781512167728,0.10715851187706,0.173287395760417,-0.969973326120835,-0.761233025015185
YNL125C,0.131076142191887,-0.887019038200378,0.0189628950236492,0.0629644570650275,0.0971802277490497,0.170437247802814,-1.01242211830907,-0.76843555671932
YNL123W,1.06220030784607,0.0256520695984364,0.053737022828002,0.0219336959024634,0.959737314283848,1.17128760019938,-0.0178476315321056,0.0686635439963184
YNL121C,2.20343160629272,0.342557102441788,0.110588616655694,0.0217041263161809,2.00103451013565,2.43746892015139,0.301254529622607,0.386939086004273
YNL119W,0.308692276477814,-0.513923585414886,0.0388671400558719,0.0548701174908454,0.237824168801308,0.388974766681592,-0.623744012483529,-0.41007857807589
YNL118C,0.582928240299225,-0.235247045755386,0.0368394350887328,0.0273537032285397,0.516243994235992,0.662465475996335,-0.28714498770424,-0.178836753163884
YNL108C,0.937310636043549,-0.0326715148985386,0.136198183561493,0.0629633588056686,0.697924513618151,1.23263867398103,-0.156191566497978,0.0908357726715716
YNL107W,0.370067566633224,-0.456401854753494,0.124888429918093,0.14841316048692,0.175426637132963,0.65997878263394,-0.755904618357805,-0.180470103045542
YNL103W,0.245697125792503,-0.612055778503418,0.0261303588402395,0.0462439322075616,0.198407569030921,0.299022283653418,-0.70244176763422,-0.524296460113252
YNL102W,0.362774699926376,-0.441225290298462,0.0229065630551162,0.0273527498846249,0.320969010144472,0.40985955397288,-0.49353689712609,-0.387364936963106
YNL101W,0.183801487088203,-0.739187002182007,0.0234321014326076,0.055581033001731,0.139791797846556,0.233779086296757,-0.85451831931638,-0.631194343228431
YNL100W,0.392938196659088,-0.427326023578644,0.123853236278615,0.13905976003455,0.18968233751754,0.672633681694666,-0.72197349191399,-0.172221406640796
YNL092W,0.0135219767689705,-1.96747016906738,0.00902641047438763,0.310079402675865,0.00217435382461796,0.0365110163887342,-2.66266984055953,-1.43757608175046
YNL088W,0.455795258283615,-0.342043310403824,0.027998711668251,0.0265376126493698,0.404894473900398,0.5154744759202,-0.392658153923529,-0.287792834261383
YNL087W,0.583991765975952,-0.234355181455612,0.0346875538374509,0.0257084582000434,0.520772152642409,0.657004667818546,-0.283352246998407,-0.182431545091979
YNL084C,1.22125315666199,0.084841176867485,0.116227553486021,0.0413375845761936,1.00626793901126,1.46222615242004,0.00271363461781101,0.165014547144721
YNL082W,0.186169907450676,-0.732607007026672,0.0200532557914416,0.0468100380773775,0.149323787540197,0.227063352117936,-0.825871002947199,-0.643852956830757
YNL080C,0.142743527889252,-0.857557833194733,0.0337703960599198,0.103247520245546,0.0865606152762969,0.21849613400797,-1.06267967391034,-0.66055626277689
YNL078W,0.305546402931213,-0.519593834877014,0.0448843239279923,0.06383680312065,0.224865720421076,0.402376572787762,-0.648076838930678,-0.395367312839683
YNL077W,0.134938254952431,-0.876866102218628,0.0242554819155399,0.0782735157998681,0.0918026168520252,0.187915737430255,-1.0371449798904,-0.726036856622545
YNL075W,1.07891750335693,0.0295054223388433,0.137320244397534,0.0550075113013037,0.833219321072102,1.3637485653162,-0.0792406825103823,0.134734276577975
YNL074C,0.670413672924042,-0.175670623779297,0.0646798488277649,0.0418463186131975,0.55286252250274,0.800185111165047,-0.2573829156906,-0.0968095417832562
YNL073W,0.109060987830162,-0.969833493232727,0.0202030098295764,0.0812932376256812,0.0736477067073186,0.151824501653512,-1.1328407741823,-0.818658136519978
YNL072W,0.530135631561279,-0.281500041484833,0.0874258920711379,0.071692397006895,0.372321265439192,0.717122799654802,-0.429082166672731,-0.144406477645066
YNL068C,0.174738898873329,-0.760633766651154,0.020680686649127,0.0512794802867114,0.137435083836317,0.218893870711327,-0.861902388454979,-0.65976639902374
YNL064C,10.0549402236938,1.00175321102142,0.541793539398641,0.0233036106171243,9.0905827999115,11.198711681366,0.958591726739485,1.04916805907634
YNL063W,0.0895812809467316,-1.07483327388763,0.0317406396723187,0.155421480344197,0.0403650634922087,0.165060612435142,-1.3939943976507,-0.782356550394807
YNL062C,0.857575297355652,-0.0682761445641518,0.072574605753794,0.0366842345460118,0.727398786445459,1.00712212423484,-0.138227433918414,0.00308213640265552
YNL061W,1.53925609588623,0.186586737632751,0.0889868977970265,0.0250518868997355,1.37609126170476,1.72765165468057,0.138647237011546,0.237456178848138
YNL059C,0.432876467704773,-0.364952236413956,0.0337970690392088,0.0337992390291046,0.372138437628746,0.504311167697112,-0.429295503305808,-0.297301422190082
YNL053W,0.129650071263313,-0.89436286687851,0.0235457206694999,0.0789686900185047,0.0884939082587759,0.181186527013779,-1.05308662451597,-0.74187409949096
YNL051W,0.188048794865608,-0.732457399368286,0.033187143602945,0.0766782799939922,0.128111266220609,0.260750353336334,-0.892412676326803,-0.583775094399356
YNL050C,0.328468888998032,-0.495306104421616,0.0765282960802968,0.101993558436881,0.19676759801805,0.500485538939635,-0.706046420800543,-0.300608547975084
YNL048W,0.274062633514404,-0.565219461917877,0.0326741520623143,0.051664691502428,0.213205021619797,0.343400929123163,-0.671202590844768,-0.464198559992693
YNL047C,0.089800052344799,-1.05391764640808,0.0163070495596799,0.0794745587383487,0.0602987151282529,0.125066757077972,-1.21969197786682,-0.902858161886999
YNL042W,0.0405181832611561,-1.42898905277252,0.0164212176685797,0.183865386811437,0.0151816192160671,0.0792175622656941,-1.81868294141428,-1.10117862300991
YNL040W,0.178454950451851,-0.755119025707245,0.031152639679116,0.0764092421043329,0.121369746079048,0.245652884244919,-0.915889566921976,-0.609678132386887
YNL039W,0.248320922255516,-0.608024001121521,0.0293038260637873,0.0515124108399714,0.1939456799378,0.309070698668559,-0.712319901173965,-0.509942166248147
YNL038W,0.0961134284734726,-1.09956622123718,0.0595931122876499,0.28017359959101,0.0197367040750881,0.24935976229608,-1.70472684221676,-0.603175478797366
YNL037C,2.64229226112366,0.420825481414795,0.192773799258185,0.031707826087457,2.27944683631261,3.04041871627172,0.357829453141548,0.48293338456192
YNL035C,0.5589240193367,-0.255417823791504,0.0632638595374293,0.049106469736115,0.443016582975785,0.69295034011205,-0.353580019685074,-0.159297891568883
YNL029C,0.0301666893064976,-1.54703915119171,0.0104398925608918,0.155222110542183,0.013191650986361,0.0537083555012941,-1.87970120855954,-1.26995829169464
YNL027W,0.227426320314407,-0.645752668380737,0.0247889019831387,0.0475781326184321,0.18121622564892,0.278201227635145,-0.741802926398399,-0.555640982166976
YNL026W,0.273433417081833,-0.566696763038635,0.0349186877741975,0.0556485798702858,0.209040229519208,0.348666525135438,-0.679770151453707,-0.457589746579966
YNL025C,0.0663834810256958,-1.20920646190643,0.0250345186441598,0.168389447794538,0.0278025222476572,0.124447122961283,-1.55591589477258,-0.905015140104457
YNL024C,0.0915474817156792,-1.09455096721649,0.0460175910450367,0.229299829909149,0.025147503024588,0.198484221100807,-1.59950546933228,-0.702274167164383
YNL020C,0.10365429520607,-0.990609765052795,0.017514452918551,0.0736554819215906,0.0724142417311668,0.140603706240654,-1.1401760125735,-0.852003231388383
YNL012W,0.0169890243560076,-1.80697596073151,0.00695332884322283,0.184546221820999,0.00618762654873232,0.03302933126688,-2.20847590814565,-1.48110072382004
YNL011C,0.103524230420589,-0.993291974067688,0.0201880583933172,0.085744584360706,0.0661173313856125,0.14757894401749,-1.17968468365309,-0.830975604798233
YNL009W,0.0352044813334942,-1.48086965084076,0.012384738826813,0.157304205589418,0.015424082467022,0.0628834037110209,-1.81180066330295,-1.20146398325278
YNL008C,0.184992238879204,-0.736521542072296,0.024089574925927,0.0565740465331319,0.142285349716743,0.234395411238074,-0.846839814403942,-0.630050901930324
YNL007C,4.90048456192017,0.689435839653015,0.299581226981234,0.0263644234656711,4.36842918395996,5.55043765306473,0.640325299813214,0.744327228450923
YNL006W,0.350137233734131,-0.463435590267181,0.0660482073684004,0.0818548036237457,0.235881807655096,0.493293768664201,-0.627305558689612,-0.306894385041111
YNL005C,0.598827958106995,-0.225295066833496,0.0655022759392497,0.0475678572944422,0.474726107219855,0.735825181007385,-0.323556884100238,-0.133225354062065
YNL003C,0.103017538785934,-1.01580369472504,0.0371794086832805,0.161252318483881,0.0435384431233009,0.189379364997148,-1.361127568451,-0.722667373969819
YNL001W,0.62849748134613,-0.204099521040916,0.0659631715423545,0.0457980447939933,0.504695782065392,0.760099178552627,-0.296970337633771,-0.11912974477448
YNR001C,1.62113034725189,0.20889350771904,0.106000473855586,0.0283226369857512,1.43013191024462,1.84362065792084,0.155376097026165,0.265671565785073
YNR002C,0.0179293863475323,-1.88435530662537,0.0142756624298352,0.372115585496371,0.00197440443056015,0.0548252984881401,-2.70456407414308,-1.26101899519263
YNR003C,0.487126648426056,-0.31686931848526,0.0701589596730579,0.0627839893310232,0.362135504186153,0.637367551525433,-0.441128895452625,-0.195610212948741
YNR007C,0.322410225868225,-0.498417466878891,0.0572117038386631,0.0772652074312704,0.222204276298483,0.445304946601391,-0.65324765013422,-0.351342481866146
YNR008W,0.494936615228653,-0.306805104017258,0.0391400982079871,0.0343298033778012,0.421082790195942,0.575261541704337,-0.375632508872711,-0.240134659182819
YNR009W,0.334718346595764,-0.492578417062759,0.0946032616319918,0.123404195976599,0.1824995867908,0.54842742284139,-0.738738329063824,-0.26088096799925
YNR011C,0.131533190608025,-0.884229183197021,0.0161594700603063,0.0532998129455127,0.101643860961,0.166546434660753,-0.992918954983891,-0.778464662193561
YNR012W,0.378024816513062,-0.425332456827164,0.0434741337479947,0.0497961247320005,0.298962104320526,0.468505775928497,-0.524383865234573,-0.329285050805754
YNR015W,0.492418885231018,-0.311126232147217,0.0620604590108446,0.0549833097113493,0.376405532409747,0.626308354238668,-0.424344005034252,-0.203212105970694
YNR016C,3.43547105789185,0.535716474056244,0.12150857230595,0.015289731124498,3.22076796889305,3.69114432136218,0.507959437677947,0.567161026159152
YNR021W,2.25897288322449,0.352897495031357,0.15464035264533,0.0296885965483583,1.97184095978737,2.57464001774788,0.294871875959162,0.410716515005234
YNR026C,0.445939600467682,-0.353332847356796,0.0490553504106529,0.0475945626522599,0.356331268697977,0.552606413761775,-0.448146066878746,-0.257584078802322
YNR029C,0.327300429344177,-0.488860338926315,0.0432360675856648,0.0577156591277125,0.247457054133217,0.417658024281263,-0.606500167701087,-0.379179176354347
YNR030W,0.572172820568085,-0.24406673014164,0.0490314233020409,0.0372255883534715,0.481066462149223,0.673526179293791,-0.317794922016128,-0.171645519163278
YNR032W,0.15956799685955,-0.806593775749207,0.0333840440944311,0.091629433611149,0.101950722063581,0.232223913942774,-0.991609757087722,-0.634093065046375
YNR034W,0.331627041101456,-0.485814601182938,0.0571154289161414,0.0752627949300391,0.231383761887749,0.45252077827851,-0.635667126957383,-0.344361476835787
YNR035C,2.02306747436523,0.304591119289398,0.163792444672294,0.0351133250073809,1.71768724322319,2.35962576468786,0.234944043162742,0.372843124761401
YNR038W,0.560239315032959,-0.252970218658447,0.0441571428400364,0.0341612885545408,0.478941321372986,0.653987647096316,-0.319717691940256,-0.184430454839461
YNR039C,0.186564430594444,-0.732961177825928,0.0246664012367862,0.0574643848676513,0.142809976637363,0.238084227964282,-0.84524147283578,-0.6232693748404
YNR040W,0.220407858490944,-0.68033903837204,0.0729427862076149,0.144661432352645,0.106113922906419,0.391765140742064,-0.974227840080627,-0.406974210213038
YNR043W,2.98870921134949,0.474479973316193,0.203451499427985,0.0295242723195268,2.61389641960462,3.41086623668671,0.417288366486398,0.532864682840489
YNR048W,0.101690568029881,-1.0076916217804,0.0266007667109483,0.115201383652559,0.0567733936943114,0.160337905461589,-1.24585514843739,-0.794964031416953
YNR050C,2.65320611000061,0.422933995723724,0.164873960402424,0.0269776663626175,2.34485071500142,2.9804423669974,0.370115192415719,0.474280709834196
YNR051C,0.569699704647064,-0.246149957180023,0.0519487215986844,0.0394827882276546,0.475283809751272,0.681891370316347,-0.323046980251171,-0.166284805757686
YNR052C,0.498622268438339,-0.304959088563919,0.0558573937564898,0.0488229701182143,0.393879083295663,0.614594069123268,-0.404637150162136,-0.211411645910855
YNR053C,1.73955297470093,0.239465862512589,0.116400579980076,0.0290613061617403,1.5178390989701,1.98791645963987,0.181225722516586,0.298398123689361
YNR057C,0.0559919252991676,-1.37334871292114,0.0415851289120332,0.349768735485378,0.0069404459442012,0.161667013540864,-2.15861282519835,-0.791378749755856
YNR058W,0.00657827965915203,-2.31814813613892,0.00527788905389887,0.369179375446249,0.000761547721049283,0.0203305430555095,-3.11830790382032,-1.69185103111656
YNR059W,0.0320003442466259,-1.51813054084778,0.010415215487401,0.144686280692382,0.015110298533303,0.0555355921387672,-1.82072710760741,-1.25542859318097
YNR060W,0.0105123426765203,-2.02401185035706,0.00471573367393989,0.207616267377191,0.00334319198930946,0.0217916779530545,-2.47583886223114,-1.66171009942396
YNR062C,0.0276635102927685,-1.6289314031601,0.0158171811801941,0.258312751478234,0.00651234691031277,0.0666243283078074,-2.1862644261313,-1.17636715747633
YNR063W,0.0724447295069695,-1.14981031417847,0.0153552250460682,0.0929436277057427,0.046059270016849,0.105309489928186,-1.33668294958934,-0.977532490953671
YNR064C,0.0499424114823341,-1.35950088500977,0.0254439861520265,0.232916801885646,0.0141764380658666,0.112353787757456,-1.84843287601448,-0.949412290051718
YNR067C,1.28947782516479,0.109868668019772,0.0648334329796839,0.0217432423576712,1.17137964467208,1.42590532203515,0.0686976708214622,0.154090685388119
YNR069C,0.00959206651896238,-2.10307335853577,0.00590863205351738,0.286809024579423,0.00184975248703267,0.0245133428368717,-2.73288639254521,-1.61059746232464
YNR070W,0.00317914830520749,-2.57258892059326,0.00184753705988723,0.267515913142393,0.00068678631214425,0.00774921499347934,-3.16317836904324,-2.11074272798679
YNR074C,0.202160954475403,-0.702261090278625,0.0387305264681734,0.0835140889278993,0.133676469326019,0.285315389931202,-0.873945033585016,-0.544674802480216
YNR075W,0.0469135940074921,-1.36464428901672,0.0190921844384547,0.180485394771279,0.0185088359750807,0.0921099236235022,-1.7326209505033,-1.03569359240903
YOL164W,0.0196566488593817,-1.7409040927887,0.00779030695885628,0.176604193642736,0.00754704186692834,0.0383385799825191,-2.12222324076976,-1.41636400837332
YOL158C,0.630374073982239,-0.201975494623184,0.0536708682325354,0.0370055474720013,0.528185725212097,0.736609399318695,-0.277213340246454,-0.132762743740407
YOL154W,0.0434912890195847,-1.47116780281067,0.0306606951841889,0.327978907714537,0.00618561290514966,0.122456180118024,-2.20861731728319,-0.912019307342777
YOL152W,0.235419824719429,-0.631313264369965,0.0284254981746735,0.0524302405896754,0.183326542377472,0.295631782958905,-0.736774652476046,-0.529248877384555
YOL151W,1.30313801765442,0.11299005150795,0.125219517419633,0.0417140088552833,1.07506883045038,1.5665591498216,0.0314362704489646,0.194946778851578
YOL149W,0.588913321495056,-0.245075359940529,0.155032859220652,0.115702550887925,0.332308113574982,0.924357812106609,-0.478459054936077,-0.0341599073735953
YOL147C,0.741495490074158,-0.141484797000885,0.171868101978596,0.100876462672311,0.451656229048967,1.12122995754083,-0.345191999805336,0.0496946755518214
YOL144W,0.323692142963409,-0.493050307035446,0.0392642414465567,0.0526516605642488,0.252678323537111,0.409396111965179,-0.597432031831136,-0.387856286148565
YOL136C,0.258881509304047,-0.59245353937149,0.0413184355449042,0.069783532353022,0.185438869024316,0.347779350976149,-0.73179978131435,-0.458696213334587
YOL132W,0.00973071157932281,-2.09470987319946,0.00597775537668598,0.281065164865148,0.0019786305744977,0.0248874470281104,-2.70363528991726,-1.60402088057751
YOL126C,0.852611064910889,-0.0714638158679008,0.0863084778285322,0.0438596260962588,0.696489179134369,1.03199968139331,-0.157085627902841,0.0136795591194565
YOL125W,0.179755643010139,-0.750885963439941,0.0287165768430778,0.0698697901779205,0.128208019460241,0.241800333683689,-0.892084843118909,-0.616543104531814
YOL123W,2.11151385307312,0.323844879865646,0.12445364701137,0.0254729111320427,1.88363229036331,2.37472677230835,0.274996125657482,0.375613648443033
YOL119C,0.582972288131714,-0.23637792468071,0.0563379764506638,0.0419832957634457,0.480232669164737,0.702573188642661,-0.318548306536715,-0.153308427761452
YOL117W,0.0324748754501343,-1.50850582122803,0.00979297986477399,0.134138229439817,0.0160697118534396,0.0544198585363726,-1.79399194705843,-1.2642426276965
YOL116W,0.278011292219162,-0.561975121498108,0.0463895872132669,0.0726814933732105,0.192531110097965,0.381409813712041,-0.71549909667928,-0.418608136861516
YOL113W,0.0263662543147802,-1.60093653202057,0.00835199719300037,0.14063446357461,0.0125095164403319,0.0449271339612703,-1.90275947778495,-1.34749128570456
YOL112W,0.0752352625131607,-1.13550627231598,0.0176488295455,0.102509526131361,0.0449551077249149,0.113183950632811,-1.34722115529074,-0.946215162008905
YOL110W,0.0850246921181679,-1.13360214233398,0.045483056382978,0.244473360296365,0.0206127270590514,0.200300646449129,-1.68586600209525,-0.698317671843548
YOL102C,0.397880792617798,-0.419602602720261,0.119043623411586,0.130803808114885,0.208830259367824,0.659877840677897,-0.680206572124942,-0.180536455637895
YOL101C,0.141773074865341,-0.864878714084625,0.03892140237532,0.120802421219471,0.0773703077187141,0.228835894788305,-1.11142567589791,-0.640475862759764
YOL100W,0.0689257234334946,-1.1659392118454,0.00972827982870457,0.0613657353118272,0.0515227168488006,0.0893448447808623,-1.28800124790987,-1.04893050347367
YOL097C,2.9437575340271,0.468112945556641,0.177827475341222,0.0261940948086407,2.61827359199524,3.30909466942151,0.418015024544047,0.519709191510751
YOL096C,0.274465471506119,-0.569676756858826,0.0531865553078597,0.084631351837946,0.180863650639852,0.389510959386825,-0.742648707538072,-0.409480453329729
YOL095C,0.0766580030322075,-1.12233006954193,0.0136803899585814,0.0775867727353975,0.0523544871869187,0.106439540659388,-1.28104613488058,-0.97289701764294
YOL094C,0.442253708839417,-0.359637081623077,0.069149054266692,0.0681268039571703,0.31703371082743,0.592825829982758,-0.498894555931145,-0.227072881994669
YOL093W,0.747157454490662,-0.130594402551651,0.101568180622279,0.059112915132458,0.565091133117676,0.964148899416129,-0.247881507192062,-0.0158558912367466
YOL091W,0.00681657716631889,-2.23991775512695,0.00390169224232371,0.263943878029921,0.00157363582208442,0.0162412679133316,-2.80309616589636,-1.78938007962182
YOL090W,0.579940021038055,-0.23746432363987,0.0362036902310902,0.0271488153222092,0.510763848821322,0.65231331239144,-0.291779849581087,-0.185543766794416
YOL084W,0.00437969248741865,-2.42866325378418,0.00248463733006634,0.256711574368253,0.00103032399589817,0.0105502990152066,-2.98702624303407,-1.97673524767047
YOL083W,0.0420434139668941,-1.4034059047699,0.0146813336188097,0.157031447614479,0.0180527646560222,0.0747427479053537,-1.74345628058852,-1.12643094118233
YOL082W,0.137540325522423,-0.870753049850464,0.0281206700929235,0.0899872152698621,0.0884983016178012,0.197130461906393,-1.05306517442542,-0.705246260985112
YOL080C,0.345877468585968,-0.468927055597305,0.0659189895268276,0.0828208753786012,0.234211306025585,0.488738450159629,-0.630392144895749,-0.310923500679768
YOL077C,2.51805806159973,0.399422913789749,0.220165813934105,0.0377115407413009,2.12535100579262,2.98408998847008,0.327430664875429,0.474811913558215
YOL076W,0.520195484161377,-0.284824550151825,0.0352384397943776,0.0293322320015667,0.456148864577214,0.591489732265472,-0.340893402087606,-0.228052789935714
YOL073C,0.205156490206718,-0.699142396450043,0.0466630684625221,0.0994370362767305,0.123171023651958,0.308973170816898,-0.909491585250971,-0.510079232255189
YOL072W,0.110904149711132,-0.964464545249939,0.0229668220007644,0.0912093628006138,0.0694577436273297,0.16142353216807,-1.15827940089694,-0.792033183730088
YOL070C,0.543871402740479,-0.266347378492355,0.0502212415697555,0.0400239084222771,0.451145104318857,0.651365250349045,-0.345683753991681,-0.186175416546504
YOL068C,0.111240267753601,-0.961739957332611,0.0213012572345862,0.0839208900787692,0.0736445864041646,0.156552904347579,-1.13285921602119,-0.805338882657574
YOL066C,0.215961769223213,-0.669124245643616,0.0274096486760995,0.0552737939472635,0.165993621324499,0.273916563640038,-0.779908604115335,-0.562381712297099
YOL065C,0.31683760881424,-0.503713190555573,0.0459665138555226,0.0629956477685142,0.233277306705713,0.418518003324667,-0.632127586571854,-0.378285870725359
YOL064C,1.46247828006744,0.16350956261158,0.124929415622549,0.0370653418252341,1.23202990690867,1.72591480116049,0.0906212308484784,0.237019351992895
YOL061W,1.84673047065735,0.265593707561493,0.113221506281065,0.0264505496871924,1.64563160339991,2.09127819736799,0.216332617055567,0.320411809131867
YOL060C,0.255837976932526,-0.594415962696075,0.0267906827191235,0.0455233255844547,0.207135740419229,0.312357214838266,-0.683744959124422,-0.505348458259825
YOL058W,0.770104646682739,-0.11538714915514,0.0727470701961536,0.0410547098627946,0.634526077906291,0.922786331673463,-0.19755053860185,-0.0348988468928458
YOL057W,0.612818837165833,-0.213826984167099,0.044836515202733,0.0317371441564072,0.529323464632034,0.705195126434167,-0.276278873316855,-0.151690697974422
YOL056W,0.387547135353088,-0.419175893068314,0.071842430084784,0.0811976556481152,0.259531252334515,0.541722131768862,-0.585810716180204,-0.266223421218994
YOL053W,0.13560351729393,-0.878841578960419,0.0304929280863688,0.099160449666432,0.0824592489128311,0.201283653080463,-1.08376069568396,-0.696191497146282
YOL052C,0.835793852806091,-0.0800675451755524,0.0834342130493986,0.0434570647357426,0.680890166262786,1.00991593301296,-0.166922958153334,0.00428520397544339
YOL049W,0.936358571052551,-0.0299015678465366,0.0737883296564645,0.0341860884394867,0.800012942155202,1.08836596906185,-0.0969029999839615,0.0367749538333338
YOL047C,0.0165430158376694,-1.8779000043869,0.0109353731580281,0.30605509306997,0.00277834036387503,0.0440735302865505,-2.55621455157966,-1.35582219078368
YOL043C,0.0327675007283688,-1.52963137626648,0.0148313388888914,0.20409446229403,0.0104528678193068,0.0686502960820993,-1.98076468018665,-1.16335760255623
YOL041C,1.2688205242157,0.102118924260139,0.0977381410566876,0.0333402096807045,1.09395857055982,1.47733790179094,0.0390008748557343,0.169479812278835
YOL038W,2.91208648681641,0.461120933294296,0.347460713206879,0.0518204988681577,2.27634031772614,3.65286840995153,0.357237182968756,0.562634003793054
YOL034W,0.0765445977449417,-1.12071216106415,0.0111703624756006,0.0635858548556713,0.0564922360703349,0.100175736347834,-1.2480112857243,-0.99923745939799
YOL033W,0.0884867161512375,-1.06246113777161,0.0182483299536165,0.090857262426927,0.0561975268957516,0.127332499995828,-1.25028280137808,-0.89506073640956
YOL031C,0.366757661104202,-0.439446836709976,0.0486945638271635,0.0577664966327891,0.279005080461502,0.468171457449595,-0.554387888495911,-0.329595075765423
YOL030W,2.58584880828857,0.411840975284576,0.153542915859558,0.0256991078475412,2.30690923333168,2.91579382022222,0.363030506854727,0.464756810704833
YOL025W,0.110629893839359,-0.961787104606628,0.0178288135845364,0.0704288083633589,0.079116202890873,0.149507581815123,-1.10173456447348,-0.825336851407633
YOL022C,0.61640191078186,-0.21244814991951,0.0636610687482117,0.0448720489822693,0.500452483197053,0.751019638280074,-0.300637199998212,-0.124348708097138
YOL019W,0.313828825950623,-0.506006121635437,0.0350064024646587,0.0484757247578842,0.25079649935166,0.387820798406998,-0.600678565980484,-0.411368904713624
YOL017W,0.101937912404537,-0.99741542339325,0.0166105568587334,0.0708794157136555,0.0719744569932421,0.138481744999687,-1.14282162472294,-0.858607474350785
YOL016C,0.363235890865326,-0.443316847085953,0.0462165018344772,0.0552832076701567,0.279159248868624,0.463010614862045,-0.554147980551419,-0.334409053647032
YOL015W,0.00761251850053668,-2.20539021492004,0.00481869162740211,0.290049337596824,0.00137775978752567,0.0193649215158075,-2.86082849680022,-1.71298507464446
YOL013C,0.160286843776703,-0.800613582134247,0.0254235409616161,0.069570095617737,0.114058695733547,0.212427554527918,-0.942871642108058,-0.672789151199675
YOL010W,0.609252452850342,-0.21845181286335,0.074392732807313,0.0532793281402938,0.473611335208019,0.76214694082737,-0.324577915968248,-0.11796128952577
YOL006C,0.39632523059845,-0.403470724821091,0.033259501699724,0.036350218017961,0.335071594516436,0.468648489316304,-0.474862396267667,-0.329152787973199
YOL004W,0.670026659965515,-0.174544647336006,0.0363664932061779,0.02348826047518,0.601554515957832,0.743117518226306,-0.220725011902699,-0.128942502032577
YOL003C,0.241569697856903,-0.623597204685211,0.0422313913315662,0.0762406674325497,0.167868700747689,0.332038732866446,-0.775030270959452,-0.478811357907377
YOL002C,0.576847791671753,-0.243446111679077,0.0831821882071407,0.0627313296527819,0.429539125909408,0.759872032701969,-0.366997275868901,-0.119259567068125
YOL001W,0.03709976375103,-1.4989298582077,0.0206032996482316,0.254766869025774,0.00887293314250807,0.0855005695795019,-2.05193326745977,-1.0680309947393
YOR004W,1.27910172939301,0.102337777614594,0.186322658386651,0.0630227962823973,0.954014384746552,1.68496697942416,-0.0204450816060823,0.22659139411439
YOR005C,0.0430475920438766,-1.3749885559082,0.0086939494893774,0.0888373985247544,0.0274642881937325,0.0622527721337974,-1.56123165343435,-1.20584130935945
YOR008C,0.654443621635437,-0.186810687184334,0.0726941042138093,0.0483935688554937,0.516546486318111,0.806397814055284,-0.286890601795292,-0.0934506650567877
YOR009W,0.0213429071009159,-1.71477699279785,0.00957456337420594,0.201357052582217,0.00722596642638867,0.0444306355901062,-2.1411056685609,-1.35231753952777
YOR011W,0.0347826071083546,-1.46661531925201,0.00665435888329324,0.0837460896749872,0.0228575456577043,0.0492564998567104,-1.6409704248468,-1.30753645215838
YOR014W,0.584294021129608,-0.234432861208916,0.0409175318555792,0.0304241562463371,0.508010727167129,0.670399756232897,-0.294127117178742,-0.173666153684465
YOR017W,0.0946416109800339,-1.02849185466766,0.013697695617394,0.0632913565218161,0.0693641137331724,0.123427783946196,-1.15886515840408,-0.908587076390054
YOR018W,0.153759405016899,-0.815978765487671,0.0175365603959856,0.0495570890977428,0.122211214527488,0.189080625399947,-0.912888941217007,-0.723352971023323
YOR019W,0.0118510145694017,-1.96707475185394,0.00509831381781293,0.193680054206066,0.00415715261672934,0.0238827630256612,-2.38120419928569,-1.62191703261401
YOR025W,0.32738384604454,-0.488601475954056,0.0424895194705202,0.056504319872168,0.250030119717121,0.416596506039301,-0.602007675030026,-0.380284385244325
YOR026W,0.177073568105698,-0.762596607208252,0.0393705662693819,0.0973522509082246,0.107750209358831,0.263113320867221,-0.967582069274434,-0.57985718357872
YOR028C,0.163689076900482,-0.800343632698059,0.0417106234814094,0.113107284613004,0.0892629299933712,0.254032506297032,-1.04932935079881,-0.595110739798043
YOR030W,0.0838100984692574,-1.08610427379608,0.0174424536944225,0.0908481032398291,0.0537465443213781,0.122967906296253,-1.26964949506365,-0.910208221383002
YOR037W,0.129773288965225,-0.900321781635284,0.0322757205138322,0.109271528483029,0.0740384870519241,0.200132084513704,-1.13054246935217,-0.698683293135673
YOR038C,0.178090155124664,-0.751485645771027,0.0176440672665127,0.0429993298478011,0.146460286652048,0.21456621872882,-0.834280123978995,-0.668438664512942
YOR039W,0.718216180801392,-0.150194048881531,0.124210104551497,0.0750176417692078,0.498229865978161,0.982302994529406,-0.302570259304969,-0.00775455337512005
YOR040W,0.118040636181831,-0.952526271343231,0.0393797877996993,0.148877201599334,0.053439058860143,0.208024391780297,-1.27214119912728,-0.681885760345137
YOR042W,0.626903593540192,-0.204778119921684,0.0599128730868262,0.0414988206103721,0.51808185428381,0.753133474290371,-0.285601620396767,-0.123128049128522
YOR046C,2.33963513374329,0.36838960647583,0.138745006565934,0.0256417321775208,2.08746983408928,2.63505301276843,0.319620200480064,0.420789351387104
YOR047C,0.255274534225464,-0.597056865692139,0.0349579090532935,0.0595253829680684,0.19335264377296,0.3275859169662,-0.713649886548618,-0.484674787560432
YOR048C,0.570255398750305,-0.244760915637016,0.0353144177220979,0.026833116375799,0.505380333960056,0.645612646142642,-0.296381671354987,-0.190027971443947
YOR049C,0.0449166297912598,-1.3802752494812,0.0173669773073857,0.17237237468647,0.0179608407430351,0.0862241378674903,-1.74567334430221,-1.06437224580772
YOR054C,0.090302549302578,-1.05009770393372,0.0147319079487043,0.0712939678751466,0.0637600272893906,0.120938401172558,-1.19545150573319,-0.917435793068366
YOR056C,0.774817645549774,-0.112566076219082,0.069689093066939,0.0392285928590113,0.643787119785945,0.914409458637238,-0.191257724384124,-0.0388592902541648
YOR059C,0.0830058082938194,-1.09342300891876,0.0200611472802744,0.104713339605787,0.0493077085663875,0.129140188544989,-1.3070851822081,-0.88893871132649
YOR062C,0.0977085307240486,-1.0511566400528,0.0421902703108549,0.193837172755647,0.0337626128457487,0.200712863604228,-1.47156395149455,-0.697424815894965
YOR063W,62.2583503723145,1.79363143444061,3.1787940417324,0.0221292728833922,56.3969612121582,68.6823654174805,1.75125570390629,1.83684524382827
YOR065W,0.335048228502274,-0.481571584939957,0.0589378781556835,0.0763472744524005,0.232402836034695,0.462630535910527,-0.6337585772497,-0.334765717289335
YOR066W,0.228432640433311,-0.643944680690765,0.0255146778741791,0.0485100087118542,0.182597378765543,0.28084077189366,-0.738505471077804,-0.551539990866159
YOR067C,0.547397196292877,-0.263272017240524,0.0467302077932708,0.0369927540784063,0.462316313882669,0.645645824571451,-0.335060788819321,-0.190005653342189
YOR070C,0.166409179568291,-0.782565891742706,0.0218552272811416,0.057139648340488,0.126954816902677,0.214586369072398,-0.896350820491303,-0.668397868783863
YOR073W,0.114431753754616,-0.947309195995331,0.0187569033063985,0.0716398992730492,0.0805576230709752,0.154100195815166,-1.09389336188109,-0.812196820796281
YOR074C,0.774237871170044,-0.115005321800709,0.103768803819935,0.0581187826017971,0.589421391487122,0.990364766120911,-0.229574106632967,-0.004204824051405
YOR076C,0.14304780960083,-0.84802508354187,0.018211322396033,0.0552216082127622,0.11046599863718,0.181910926476121,-0.956771376979815,-0.740141214455588
YOR077W,0.231323927640915,-0.667641997337341,0.0881072685693789,0.170319098379773,0.0933863853414853,0.437294065703948,-1.02972177220083,-0.359226416336755
YOR080W,0.0603490099310875,-1.22735273838043,0.0116072875996317,0.083843623361339,0.0398178100585938,0.0858027807747324,-1.39992262943222,-1.06649873365208
YOR084W,0.0204517431557178,-1.755974650383,0.0110454975971219,0.252610037758362,0.00499776747698585,0.0455347783863544,-2.30122891371486,-1.34165677275493
YOR086C,0.627101004123688,-0.203324750065804,0.0347009807216833,0.0239889554047969,0.562624029815197,0.697091514865557,-0.249781722953123,-0.156710204771007
YOR087W,0.307746797800064,-0.514119684696198,0.0317607689932349,0.0448668599144164,0.251434153566758,0.372619823614756,-0.59957573179165,-0.428734044123009
YOR090C,0.333759039640427,-0.479010164737701,0.035454288099182,0.0461083744577808,0.268893778324127,0.406980011860529,-0.570419246384952,-0.390427067112284
YOR092W,0.1967793405056,-0.709876596927643,0.0263377860176462,0.0578915521094439,0.149304419755936,0.253519577533006,-0.825927335964168,-0.595988622945449
YOR093C,0.0944007858633995,-1.02771055698395,0.0105090541021862,0.0483883123451834,0.0757733880231778,0.116056062281132,-1.12048331042911,-0.935332169186194
YOR099W,2.8874990940094,0.459531396627426,0.195343892435654,0.0293387124229204,2.5224356174469,3.29316186904907,0.401820090043437,0.517613078148006
YOR100C,0.0116952704265714,-2.06207132339478,0.00885607377886752,0.361499230364222,0.00138321796839591,0.034662589430809,-2.85911228040764,-1.46013899691623
YOR101W,0.808978021144867,-0.0958424657583237,0.106857743208533,0.0573851978339867,0.616373254855474,1.02953064739704,-0.210156219079694,0.0126392775215472
YOR107W,0.0431602448225021,-1.41908490657806,0.0211930882153396,0.225166384781904,0.0122719097649679,0.0934981702516476,-1.91108899107773,-1.02919693709076
YOR110W,0.172239303588867,-0.770467162132263,0.0300301710637324,0.0759836769695566,0.120535988174379,0.237678477913141,-0.918883275915764,-0.624010142421445
YOR111W,0.179119318723679,-0.788011014461517,0.0780946881379865,0.193612934282712,0.0635882189497352,0.3719527348876,-1.19662675463283,-0.429512261737146
YOR112W,0.286485493183136,-0.544847905635834,0.0272351026584186,0.0411563952474377,0.236983275289337,0.344299525022507,-0.62528232035861,-0.463063577773821
YOR115C,0.638968706130981,-0.201306089758873,0.112928119623469,0.0771019801765235,0.439607159048319,0.873694198826949,-0.356935264100287,-0.0586405715936649
YOR117W,2.58875298500061,0.412210941314697,0.165143070516129,0.0276290672766908,2.28291498422623,2.93233607610067,0.358489737976062,0.467213742318663
YOR120W,0.0128032639622688,-2.0316481590271,0.0103175456946578,0.374958393649829,0.0012321105459705,0.0391861072741449,-2.90935032516575,-1.40686792334472
YOR123C,0.551094651222229,-0.260903358459473,0.0548314155085581,0.0429737470170419,0.451986318578323,0.669098954896132,-0.344874711656421,-0.174509652734208
YOR124C,0.447332710027695,-0.350241839885712,0.028393161529876,0.0275234539611636,0.394711435834567,0.504311978816986,-0.403720322779243,-0.297300716012329
YOR125C,0.418226897716522,-0.400794446468353,0.134587667976566,0.140258025456965,0.202496643736958,0.730486006041367,-0.693582173285939,-0.136388324468764
YOR126C,0.362252354621887,-0.463620275259018,0.118327174039702,0.141242730187805,0.178661853075027,0.631461143493652,-0.747968165835374,-0.199653368284395
YOR128C,1.217400431633,0.0844319462776184,0.0828795957463361,0.0294772841916606,1.06501042842865,1.38831070860227,0.0273538603445629,0.142486671483646
YOR129C,0.040375392884016,-1.4049277305603,0.00910055617918484,0.0986558726708003,0.0247224080531547,0.0601557800235847,-1.60690923302739,-1.22072273189797
YOR130C,0.233772099018097,-0.643761217594147,0.0563669147835133,0.104979067061182,0.141631717483203,0.357604177792867,-0.84883955989551,-0.44659747659279
YOR132W,0.368267774581909,-0.436215907335281,0.0385716473651886,0.0455286034786569,0.296401545405388,0.447309586405754,-0.528119539922181,-0.34939181948868
YOR134W,0.0082696620374918,-2.2035014629364,0.00607656219741791,0.348532579476068,0.00103463140161087,0.023565534936885,-2.98521478218381,-1.62772271730552
YOR137C,0.0318285785615444,-1.51687681674957,0.00954069513453244,0.132637876826592,0.0161393703737607,0.0529979132426282,-1.79211349493531,-1.27574123868739
YOR141C,0.454176425933838,-0.343910932540894,0.0328601343808152,0.031402517453959,0.393077688912551,0.523316233356794,-0.405521668100332,-0.281235793323835
YOR142W,2.30602478981018,0.361393958330154,0.190219097581461,0.0357390711160564,1.94910732309024,2.70533330837886,0.289835727093743,0.432220779191512
YOR143C,0.264589637517929,-0.586495041847229,0.0541721074282521,0.0891930714713545,0.170001379524668,0.38177016377449,-0.769547837123742,-0.418198015739167
YOR149C,0.130452811717987,-0.89241886138916,0.0248240016943524,0.083141289711209,0.0863217346991102,0.18332627415657,-1.06388012372059,-0.736775287882906
YOR151C,1.52625346183777,0.183180451393127,0.0693930840388314,0.0196767624255304,1.40057847301165,1.67224792043368,0.146307446926869,0.223300654738386
YOR155C,0.430328845977783,-0.368965595960617,0.0487034445615387,0.0490404851687944,0.343030133595069,0.533402578532695,-0.464667727586104,-0.27294494932499
YOR161C,0.169724956154823,-0.775440812110901,0.02625064680709,0.0673008261041737,0.124042836142083,0.225554424027602,-0.906428313781517,-0.646748650679156
YOR162C,0.0403528399765491,-1.4046334028244,0.00884906623025886,0.0962404039169514,0.0250011294769744,0.0604211715050042,-1.6020403960518,-1.21881085990168
YOR164C,1.39496541023254,0.142427533864975,0.138442528151138,0.0431183330031561,1.14097925027211,1.68409447968006,0.0572777456367646,0.226366425245885
YOR165W,0.762919068336487,-0.118331737816334,0.0467201720734163,0.0265207685541412,0.677540910740693,0.858682831128438,-0.169064478513623,-0.0661672336528376
YOR168W,4.24468469619751,0.627448737621307,0.182184686377312,0.0185587393891564,3.92204310297966,4.62973443667094,0.593512360589876,0.665556079853467
YOR172W,0.0638272240757942,-1.20311880111694,0.012356226066799,0.0843837689328828,0.0421544047382971,0.0917090902104973,-1.37515705121653,-1.03758763468356
YOR173W,0.0163184199482203,-1.88223695755005,0.0106403323546093,0.306358280307754,0.00262234410232243,0.0430713895397882,-2.58131072051474,-1.36581112835078
YOR174W,0.209170624613762,-0.691631555557251,0.0491658381420744,0.103683147191318,0.120223011573156,0.318183788160483,-0.920012416320651,-0.497322058485263
YOR175C,0.705341815948486,-0.152805060148239,0.0527138648060615,0.0323229453824289,0.611127266287804,0.817919114232063,-0.213868339541259,-0.0872896531460122
YOR176W,1.82258749008179,0.259411424398422,0.140185078640391,0.0332820074516837,1.57210095226765,2.11915492812792,0.196480427898435,0.326162708465989
YOR177C,0.0418889410793781,-1.3963588476181,0.0122198079716655,0.127738751910987,0.0223824808529268,0.0679040617619951,-1.65009181713663,-1.16810429789516
YOR180C,0.0179048758000135,-1.88017463684082,0.0139498602323175,0.365478230223356,0.00203992510020422,0.0556241000381609,-2.69038684424138,-1.25473701109086
YOR187W,2.2667829990387,0.354518890380859,0.145371565299734,0.0278055458201649,1.9997775554657,2.56682037115097,0.300981689760697,0.409395470711365
YOR190W,0.0282389130443335,-1.58012437820435,0.0105717832739411,0.167354280405834,0.011735684517771,0.053141981177032,-1.93049183591588,-1.2745622747736
YOR193W,0.0325914099812508,-1.52262198925018,0.0131833017943868,0.179936992508735,0.0127524041570723,0.0619104226119815,-1.89440811610482,-1.20823664211829
YOR194C,0.876251935958862,-0.0615929812192917,0.1223810323092,0.0606493083405347,0.657416278620561,1.14090812206268,-0.182159560925824,0.0572506718609752
YOR195W,0.264800846576691,-0.5788933634758,0.0242338875408572,0.0396933898582167,0.220443185046315,0.316816958536704,-0.656703323054631,-0.499191579602504
YOR197W,2.31681942939758,0.364021211862564,0.146999293349961,0.0274818003049913,2.04569149017334,2.62376703421275,0.31084013855607,0.418925260535061
YOR204W,7.65117263793945,0.883311212062836,0.335239161392994,0.0189729344173034,7.03825200398763,8.33890726566315,0.847464812602951,0.921109144067305
YOR205C,0.0723482221364975,-1.15016305446625,0.0151576509831342,0.0920180739894516,0.0453838835159938,0.104317144552867,-1.34309943095371,-0.981644311443364
YOR206W,0.889001667499542,-0.051996998488903,0.0572185424483726,0.0279572830721856,0.782362341384093,1.00626968840758,-0.106592062291605,0.00271434414195435
YOR207C,0.694513916969299,-0.158998981118202,0.0389503792156705,0.0243109360827157,0.621219319105148,0.773432044188181,-0.20675504676403,-0.111577840384126
YOR208W,0.0419114045798779,-1.38881957530975,0.00948820273207658,0.0990518318563145,0.0258450881422808,0.0627672064428528,-1.58762198393918,-1.20226725199473
YOR209C,1.91966462135315,0.282223492860794,0.130470923445638,0.0295375268231651,1.67679567933083,2.18044808109601,0.224480096206108,0.338545746187413
YOR212W,0.590139329433441,-0.231497704982758,0.0627613378031129,0.0462155194481811,0.47382846797506,0.726744771003723,-0.324378851615222,-0.138618084335517
YOR213C,0.128949478268623,-0.929517984390259,0.0552871495852932,0.190785442512429,0.0462093849045535,0.26415383045872,-1.33526988681404,-0.578143093617296
YOR216C,0.356698840856552,-0.450525879859924,0.0407565083667081,0.0496011154553012,0.281737416982651,0.442065397401651,-0.550155471402645,-0.354513496569161
YOR217W,0.511687636375427,-0.292047083377838,0.0356206699744165,0.0302355138446532,0.444331347942352,0.583061710000038,-0.352293045845054,-0.23428547920741
YOR220W,0.296380758285522,-0.54185551404953,0.0738549066589679,0.110422487169228,0.168722846731544,0.45730896020929,-0.772826106301626,-0.339790707913672
YOR227W,0.0754030793905258,-1.12619614601135,0.0096945054212705,0.0559092484089115,0.0577928450269004,0.0953853258863091,-1.23812592565983,-1.02051843254957
YOR228C,0.0964482575654984,-1.04196393489838,0.0331677342882676,0.15416583399827,0.0436559186006586,0.171565860509872,-1.35995687394283,-0.765569733733408
YOR229W,0.297677248716354,-0.530090093612671,0.039660325640532,0.0577823002654292,0.228292744606733,0.381348335246245,-0.641507891058071,-0.418678164376484
YOR231W,0.200220614671707,-0.703484833240509,0.0304594917628133,0.0659654375750858,0.146035324037075,0.267359198133151,-0.8355420912092,-0.572904921323797
YOR232W,2.04464268684387,0.303434818983078,0.374353686316667,0.0790750082208651,1.39457206229369,2.87374556064606,0.144440959050133,0.45844830794761
YOR237W,0.0378210283815861,-1.45052993297577,0.0136130265972491,0.159487555299004,0.0165184342612823,0.0687923510869344,-1.78203167715331,-1.16245992567341
YOR238W,0.358865648508072,-0.45271572470665,0.0673319202850856,0.0818811672878161,0.242096707224846,0.504091310997804,-0.616011117389347,-0.297490788751809
YOR239W,1.20816195011139,0.0813011452555656,0.0746088130290652,0.0267249326931711,1.07275855541229,1.36301970481873,0.030501986782927,0.134502134361585
YOR242C,0.0143388081341982,-1.93953728675842,0.00964383761679,0.304745521889597,0.00240115783526562,0.038830903948595,-2.61957936918412,-1.41082356355108
YOR243C,1.13288187980652,0.0533512830734253,0.0704582049088113,0.0269050043760762,1.00239305198193,1.27988839149475,0.00103804593495423,0.107172100060933
YOR245C,0.179887354373932,-0.752202391624451,0.0327253769528702,0.0794945919179357,0.123170803673565,0.249216724932194,-0.909492551611815,-0.603422815648906
YOR246C,0.514857172966003,-0.292914807796478,0.0750909644817537,0.0633467189893316,0.380862543235223,0.677125317354997,-0.419231747496804,-0.169330947864623
YOR249C,0.0884944498538971,-1.05952787399292,0.0151785524319269,0.0752759692870424,0.0617287876705329,0.120786250879367,-1.20951225418256,-0.917982500695495
YOR250C,0.27845510840416,-0.559595584869385,0.039421235843369,0.0616131499319359,0.208984895795584,0.362900623182456,-0.67988511952548,-0.440212293005864
YOR251C,1.14501774311066,0.0557425580918789,0.136014938769069,0.0517532148658373,0.891194266577562,1.42093439698219,-0.0500276178282213,0.152574027452334
YOR254C,2.08514356613159,0.318519324064255,0.111402758460686,0.0231145574134551,1.87985668083032,2.32395172516505,0.274124737715124,0.366227102189566
YOR259C,2.70424938201904,0.431221276521683,0.167612979838771,0.0267366413866811,2.40872300664584,3.06340502301852,0.381786860769407,0.486204404588253
YOR261C,2.01462841033936,0.302662461996078,0.169351601893603,0.036519770323403,1.69789218902588,2.36108684539795,0.229910110408737,0.37311196157405
YOR262W,0.270932674407959,-0.573685526847839,0.0469656182605762,0.0757728081602421,0.187502217168609,0.373215060184399,-0.726993637298646,-0.428040842326502
YOR264W,0.600065231323242,-0.224159717559814,0.0627636489523868,0.045236604533486,0.48800246194005,0.730685783922672,-0.311577994213712,-0.136269342402601
YOR266W,0.0913365334272385,-1.05210912227631,0.0220627447885017,0.106173356019919,0.0534478544568022,0.138923916841547,-1.27206975125036,-0.857222992992574
YOR267C,0.286641836166382,-0.544739484786987,0.0280360609132239,0.0425784253188575,0.233854063476125,0.343319627394279,-0.631055103613944,-0.464301422902124
YOR269W,0.0529206804931164,-1.29533386230469,0.0154207484390378,0.130817698489317,0.0264036528766155,0.0849612802267075,-1.57833610035066,-1.07077895211
YOR272W,1.28291380405426,0.106937527656555,0.097850101711311,0.0331019163335634,1.0986430555582,1.48397947649161,0.0408566101759128,0.171427884404158
YOR273C,0.0989968180656433,-1.01085495948792,0.0170733193140656,0.0753744425478213,0.0687727108597755,0.136910140514374,-1.16258385644556,-0.86356438381387
YOR274W,0.176964566111565,-0.759621977806091,0.0328425806679666,0.0811922130356513,0.118933618006607,0.248163706312577,-0.924695378369645,-0.605261744003308
YOR279C,0.24764983355999,-0.616317689418793,0.0534960348930467,0.094536073616797,0.154455872997642,0.363732034464677,-0.811196513844457,-0.439218448249329
YOR281C,0.74568635225296,-0.13252180814743,0.113922123228166,0.0666607684485386,0.536513932049274,0.987100266416867,-0.270419015185105,-0.00563873637048782
YOR283W,0.839036226272583,-0.0896946936845779,0.210165518517299,0.108816248066959,0.485216800371806,1.31761984328429,-0.314064218297192,0.119789796779942
YOR284W,0.143991202116013,-0.886240601539612,0.0650297224079857,0.202184415923451,0.0474022179841995,0.301801313708226,-1.32420133689632,-0.520278905846213
YOR287C,0.356160432100296,-0.456258684396744,0.067981540912375,0.0832221265819411,0.236738234013319,0.502480966846148,-0.625731598277413,-0.298880456520614
YOR288C,0.352264851331711,-0.460796236991882,0.0663164562513441,0.081894289075956,0.234654068822662,0.497971208145221,-0.629571914272644,-0.302795796235681
YOR289W,0.0400947779417038,-1.51279890537262,0.0288540745825437,0.339520388261386,0.00530559874217336,0.114937135825555,-2.27526591610014,-0.939539634059111
YOR291W,0.153098553419113,-0.81693559885025,0.0143249684208952,0.040733330971874,0.12617813795805,0.182179749260346,-0.899015893840605,-0.739499968127712
YOR296W,0.0841401219367981,-1.07850933074951,0.0106829062792907,0.0553935950509273,0.0642449383313457,0.106232769787312,-1.19216109780649,-0.973741495095099
YOR298W,0.0135060055181384,-1.93373513221741,0.00723074332164926,0.248131542323747,0.00329034430518126,0.0319651199194292,-2.48275919684685,-1.49532371396891
YOR299W,0.208037212491035,-0.684731721878052,0.0240369108650154,0.0499349111787423,0.165099447717269,0.260392096390327,-0.782254456215063,-0.584372203846337
YOR305W,0.165232330560684,-0.818225860595703,0.067840130006985,0.181816088108313,0.0623258724498252,0.325485105564197,-1.20533167899606,-0.48746888045114
YOR307C,0.254507154226303,-0.599030494689941,0.0375778096318643,0.0642872974613781,0.186719352379441,0.334770619869232,-0.728810668215761,-0.47525266354783
YOR310C,4.67334938049316,0.669093191623688,0.232660171419379,0.0215085771097745,4.25859177907308,5.17318677902222,0.6292660112468,0.713758158987913
YOR311C,0.798961818218231,-0.101763248443604,0.11258772138718,0.061129693250327,0.599401858448982,1.03770089149475,-0.222281931179593,0.0160721898390491
YOR313C,0.0241284836083651,-1.67996537685394,0.01287757726158,0.242464929544444,0.00603160205840444,0.055987279334416,-2.21956767761092,-1.25191069201758
YOR315W,0.473355233669281,-0.328471302986145,0.0614042414149868,0.0565224104486782,0.358240959048271,0.60313765356938,-0.445824761115977,-0.219583703659171
YOR317W,1.48740637302399,0.171899676322937,0.073632712326184,0.0214476522151249,1.34838550488154,1.64222031235695,0.129814064200647,0.21543141938606
YOR320C,0.34268656373024,-0.468122363090515,0.0404681267193256,0.0512860702904185,0.269038118918737,0.431663453578949,-0.570186183067687,-0.364854718962143
YOR321W,0.330119967460632,-0.482914984226227,0.0283003852058326,0.0370997538768367,0.277871199945609,0.389431953430176,-0.556156464089095,-0.409568416891318
YOR323C,4.3194055557251,0.634815394878387,0.229296353159218,0.0229787307053149,3.89712611238162,4.78857540686925,0.59074445994313,0.680206325726337
YOR324C,0.0886446684598923,-1.06031167507172,0.0169170422261223,0.0836504017855873,0.0584677640348673,0.124216683208942,-1.23308355212731,-0.905820071317204
YOR326W,0.867630779743195,-0.0621218383312225,0.0398971044360844,0.0199048666248786,0.795949472486973,0.95092101196448,-0.0991145009563853,-0.0218555591665957
YOR328W,0.00385825848206878,-2.47448635101318,0.00204319809194673,0.238300361804892,0.00103913252047884,0.00890475884079933,-2.98332906528564,-2.05037783763008
YOR332W,11.0883054733276,1.04264485836029,1.12618892152649,0.0438591151461668,9.10236989657084,13.4627336899439,0.959154441992776,1.12913319813676
YOR335C,5.20162010192871,0.715818047523499,0.200241390600997,0.0166445501633362,4.84478668371836,5.62290074030558,0.685274657956515,0.74996041707608
YOR336W,0.205221116542816,-0.689176023006439,0.0164780589646063,0.0348825896780367,0.174800713111957,0.239263662075003,-0.757456833174596,-0.621123258372575
YOR337W,0.133572459220886,-0.877845585346222,0.0170580508620383,0.0558423775041022,0.101233609952033,0.169361243521174,-0.994675276350784,-0.771185966204981
YOR338W,0.0153960529714823,-1.89583539962769,0.00944799942251788,0.281223891953802,0.00322782778530382,0.0388660455743472,-2.49109124988342,-1.41042966166254
YOR340C,1.67567598819733,0.222422942519188,0.151351128003133,0.0392048907844903,1.39909529586633,1.99391331076622,0.145847293983375,0.299706272585747
YOR342C,0.403602361679077,-0.399757385253906,0.0654253637963411,0.0706623071533698,0.288306012749672,0.543468398849169,-0.540146303917945,-0.264825705647304
YOR344C,0.185752347111702,-0.746046423912048,0.0488983983754155,0.114835850126037,0.103738360106945,0.295847912629445,-0.984060621603026,-0.528931495639482
YOR346W,0.154667735099792,-0.813135385513306,0.0167297940147098,0.0469226073861485,0.1249035998558,0.188395670180519,-0.903425063144528,-0.724929082810579
YOR347C,0.290505886077881,-0.540295600891113,0.0366693385543854,0.0548300609221027,0.224761702741186,0.365440685798724,-0.648277707853994,-0.437183114778612
YOR348C,0.00762223033234477,-2.2015175819397,0.00466169097235824,0.284922360167994,0.0013766621472314,0.0193499430237959,-2.8611726292865,-1.71332036716268
YOR352W,0.124425403773785,-0.919505298137665,0.0320226038335467,0.112936032379898,0.0710112228989601,0.196387421712279,-1.14867300821174,-0.706886337414604
YOR354C,0.283777326345444,-0.549352407455444,0.0294099948452774,0.045023991266625,0.22888403882583,0.344502901037534,-0.640384518686788,-0.462807119648326
YOR355W,0.715664863586426,-0.14694732427597,0.0626265169167447,0.0379477908449415,0.60161007642746,0.844191144903501,-0.220684899341244,-0.0735592077711801
YOR358W,0.049372848123312,-1.4206737279892,0.035543284916103,0.336289166310795,0.00699315725360066,0.140570107474923,-2.15532841991859,-0.852107025345002
YOR363C,0.0617012530565262,-1.21600925922394,0.0104785026164032,0.0743979937307736,0.0424146151480575,0.0837428347518046,-1.37248449139072,-1.07705246955108
YOR370C,0.61954265832901,-0.209330022335052,0.0498186073298548,0.0348934744071992,0.525944401323795,0.723770395418008,-0.279060163598615,-0.140399184942093
YOR371C,0.150148421525955,-0.826498508453369,0.0176991577502041,0.0513194862590439,0.117297350242734,0.186242967347304,-0.93071180302956,-0.729920118568641
YOR373W,0.164469704031944,-0.786666631698608,0.0185500934522625,0.0489191137365811,0.130805545921127,0.203265887250503,-0.883373842669834,-0.691935500064736
YOR378W,0.0323478430509567,-1.51872456073761,0.0117417912414371,0.160163210508238,0.0139166799529145,0.0588032372295855,-1.85646674083581,-1.2305994078375
YOR380W,0.0153576526790857,-1.86632657051086,0.00754837697606843,0.221206681353557,0.00458806977064038,0.0338587984442711,-2.33836998965547,-1.47032845787155
YOR384W,0.0137035353109241,-1.90672183036804,0.00606909343621711,0.200937263939513,0.00470476878496508,0.0279070223371188,-2.32746189437989,-1.55428652325434
YPL274W,0.61176335811615,-0.214947357773781,0.0513816923614181,0.0364941766002213,0.516292000810305,0.714856439332167,-0.287104604005582,-0.145781171549619
YPL269W,0.0286183077841997,-1.56417870521545,0.0087603694231637,0.136960565067886,0.013907032716088,0.0483367692989607,-1.85676552559471,-1.31572259533164
YPL268W,0.0532774478197098,-1.28219604492188,0.0106490982554107,0.0876840866737108,0.0346356767850618,0.0763172588000694,-1.46047633083399,-1.1173773331107
YPL266W,1.16606283187866,0.064034178853035,0.129836956333033,0.0483674394465117,0.931951257089774,1.44550378918648,-0.0306068064051408,0.160019232270021
YPL265W,1.25037133693695,0.0961490869522095,0.0801712401912688,0.0278279966642439,1.10048626760642,1.41164308091005,0.0415845902801269,0.149724892778212
YPL263C,0.835730075836182,-0.0789484158158302,0.0572586095150432,0.0296745346879447,0.730550504724185,0.953076369067033,-0.136349763233383,-0.0208723001769939
YPL262W,1.71112477779388,0.232391595840454,0.109654355074615,0.0278053103135639,1.50595343112946,1.93055569529533,0.177811542305447,0.285682335160287
YPL260W,0.837076961994171,-0.0784433409571648,0.0625553258756344,0.0323976271653097,0.72236055880785,0.971691615879535,-0.141245976846617,-0.0124715933796838
YPL259C,0.3848976790905,-0.417492240667343,0.0440577565190656,0.0497062917253383,0.304440131038427,0.480184785773357,-0.516498100306924,-0.318591604543557
YPL258C,0.00829452089965343,-2.16707921028137,0.00513427837627353,0.28875219598158,0.00152338733314537,0.0212294632568955,-2.8171915485435,-1.67306099070991
YPL256C,0.686095833778381,-0.165232062339783,0.0593167717476174,0.0374783117315702,0.576696729660034,0.808238831659158,-0.239052515931859,-0.0924602885802625
YPL253C,0.137872248888016,-0.865613579750061,0.0211695963996607,0.0666164654197941,0.100655626133084,0.182593274737398,-0.997161953939177,-0.738515222584665
YPL248C,0.00518200732767582,-2.36958861351013,0.00324714425166816,0.282699821745091,0.00103330505662598,0.0135807785050323,-2.98577190040502,-1.86707540033749
YPL246C,1.0062814950943,-0.0025498797185719,0.15731856219342,0.0677489478308453,0.730648696422577,1.34788036942482,-0.136291386212741,0.129651348274293
YPL245W,0.495906263589859,-0.307015150785446,0.0522859434760376,0.0458639146955845,0.400725838541985,0.601520879069964,-0.397152668064452,-0.220749306638132
YPL244C,0.201642364263535,-0.705553889274597,0.0434061258567788,0.0945423192644705,0.127095957845449,0.295592477172613,-0.89586833525882,-0.529306654385675
YPL241C,0.278980761766434,-0.56881183385849,0.0717098022106756,0.112786928650938,0.157123481233915,0.438919390986363,-0.803758912403363,-0.357615242168669
YPL237W,3.94349026679993,0.594260811805725,0.342009690652158,0.0375058474427212,3.33514372905095,4.65350769758224,0.523114554580828,0.667780432010956
YPL236C,0.108812376856804,-0.97784286737442,0.0278670097448472,0.113831781375732,0.0604560072844227,0.167228121931354,-1.21856056474661,-0.776690699946424
YPL235W,1.26447153091431,0.100804977118969,0.090319844016609,0.0309720794012049,1.09377860824267,1.44804676572482,0.03892942406765,0.1607825870121
YPL232W,1.09309542179108,0.0351862162351608,0.139266645945861,0.0548440828815911,0.847526842355728,1.39040911197662,-0.0718466716511889,0.143142605241099
YPL231W,5.38426876068115,0.730866432189941,0.186583703975074,0.0149835578669055,5.06113098462423,5.77158546447754,0.704247577212111,0.761295130987809
YPL230W,0.0185617413371801,-1.80261147022247,0.0104333504451092,0.263048069868781,0.00406359229236841,0.0441474770195782,-2.39108987209642,-1.35509417353234
YPL226W,2.98069787025452,0.473962694406509,0.120803034120737,0.0175477848873287,2.75817845265071,3.22968101501465,0.44062235044774,0.50915963060975
YPL221W,0.274633824825287,-0.563632845878601,0.0287754375182536,0.0456211740011454,0.220229064052304,0.334916393458843,-0.657125374839945,-0.4750635950221
YPL217C,0.744865298271179,-0.128581404685974,0.0410968722287787,0.0239164859854761,0.667807357509931,0.829228808979193,-0.175348800455445,-0.0813256185033314
YPL216W,0.043261680752039,-1.37128937244415,0.008005041549446,0.0804521646583081,0.0291557159430037,0.059888553712517,-1.53527633976222,-1.22265618132275
YPL215W,0.39713329076767,-0.406178504228592,0.0609034452281862,0.0668845586930877,0.286769429097573,0.526900786658128,-0.542467170123445,-0.278271158369618
YPL214C,0.114655703306198,-0.947271883487701,0.020078211794148,0.0764355010030932,0.0791856695587436,0.158448070287704,-1.10135341524683,-0.800113045640641
YPL213W,0.287353485822678,-0.564101457595825,0.0910860552490505,0.142723936483263,0.134764110917846,0.489557547867297,-0.870425791731369,-0.310197080669893
YPL212C,1.01979231834412,0.00746448896825314,0.0708462339053296,0.0301543226608254,0.888679008682569,1.16367628872395,-0.0512550799226501,0.0658321629992168
YPL210C,0.844987571239471,-0.0740919858217239,0.0557424407577643,0.0286054815803222,0.742139407992363,0.959767092267672,-0.129514506654007,-0.0178341485102712
YPL208W,0.290509045124054,-0.53961318731308,0.0329031082099838,0.0491223246001182,0.231230843439698,0.360338634997606,-0.635954242390166,-0.443289177100243
YPL207W,0.580970823764801,-0.236984685063362,0.0421874529785318,0.03145949727933,0.501651998857657,0.670350747307142,-0.29959745536477,-0.173697902984842
YPL206C,0.841104865074158,-0.0782427713274956,0.100301776339532,0.0519361079103463,0.659742520749569,1.05152997970581,-0.180625539310411,0.0218216492119957
YPL204W,0.81019514799118,-0.0926113650202751,0.06028748910296,0.0323174830474834,0.695572049419085,0.935936556259791,-0.157657885758187,-0.028753591837838
YPL203W,0.188516318798065,-0.732436060905457,0.0355071742799893,0.0827944791052673,0.12396948064367,0.264067106197278,-0.906685224664414,-0.578285697699099
YPL202C,0.187393426895142,-0.734027445316315,0.0331145904853025,0.0770190397183913,0.130466629192233,0.257381604611874,-0.884500571581423,-0.589422496177315
YPL199C,0.864105641841888,-0.0732797607779503,0.183552270626986,0.0930760267554939,0.547775750358899,1.25490200519562,-0.261397205266766,0.0986098132557442
YPL196W,0.356876581907272,-0.458679437637329,0.0809088595863835,0.0992167626579879,0.218835835779707,0.533482603232066,-0.65988161830327,-0.272879797993676
YPL195W,0.533665418624878,-0.273616909980774,0.0341614027161234,0.027725073814533,0.469492783397436,0.604586179554462,-0.328371080502305,-0.218541784762621
YPL193W,0.158535674214363,-0.808318436145782,0.0311877582637661,0.0861527526895922,0.102889311561982,0.225243151187897,-0.987629743695551,-0.647348405438905
YPL191C,0.0887381434440613,-1.07069730758667,0.0261082105752904,0.129066216309086,0.0464337339314322,0.146203788866599,-1.33316639508955,-0.835041391872212
YPL190C,0.746442794799805,-0.127802655100822,0.0453809598154492,0.0263239740423163,0.665215374032656,0.83888755440712,-0.177037722970743,-0.0762962487402624
YPL189W,0.00490532582625747,-2.41523337364197,0.00336096329385573,0.32145301786434,0.000728684123896528,0.0134651885678371,-3.13746070116072,-1.87078757565403
YPL188W,0.466721534729004,-0.333908975124359,0.0543952716694816,0.0509440010221105,0.364864728848139,0.578090029458205,-0.437868117548776,-0.238004521758769
YPL186C,0.0214292053133249,-1.75567698478699,0.0135081888244543,0.288917169895803,0.00409455801127478,0.056408961613973,-2.38779437756208,-1.24865191711006
YPL183C,0.453986376523972,-0.343978732824326,0.031182839077583,0.0297948116146037,0.394518508265416,0.51983517408371,-0.403932621484068,-0.2841343377753
YPL180W,0.176647990942001,-0.755836606025696,0.0205613293759771,0.0506833535852053,0.138627143204212,0.219579741731286,-0.858151726508741,-0.658407755715864
YPL179W,0.171836718916893,-0.768882036209106,0.0233030735848376,0.0590662757894043,0.130075559640924,0.220645269006491,-0.885804315353899,-0.656305380610494
YPL177C,0.813696146011353,-0.0931834056973457,0.105537453985583,0.0563456070525694,0.622126589715481,1.03919179638227,-0.20612124967099,0.0166957014845831
YPL176C,0.225501000881195,-0.649078905582428,0.0228476037464103,0.0440153967115449,0.182823975135883,0.273931705454985,-0.737966866890947,-0.562357702630118
YPL175W,0.133957281708717,-0.880655169487,0.0250857647878284,0.0818133411757645,0.0897247803087036,0.18848305431505,-1.04708775958902,-0.724727689255438
YPL174C,0.0273220464587212,-1.57865357398987,0.00720684834662682,0.115965708677306,0.0150136727374047,0.0431541663594544,-1.8235134462507,-1.36497726886537
YPL173W,0.418821632862091,-0.384151548147202,0.0704355983559937,0.0736342079627361,0.290112466613452,0.567403197288513,-0.537433641128464,-0.246108221305683
YPL172C,0.0830837190151215,-1.09221172332764,0.0192697279207384,0.101717793508507,0.0500347826008995,0.125668841103713,-1.3007280048049,-0.900772554940802
YPL171C,0.0125357070937753,-1.98290312290192,0.00755209241746967,0.278749623383922,0.00258871677021186,0.0307215909473598,-2.58691555827359,-1.51255638568455
YPL169C,0.861451864242554,-0.0658274069428444,0.0602117906743612,0.0303138849176169,0.750958754122257,0.9837532132864,-0.124383921797105,-0.00711383885738999
YPL168W,0.12107490003109,-0.926508903503418,0.0254447811078981,0.0915644371182584,0.0776987886056304,0.176100510979692,-1.10958577026845,-0.754239388128465
YPL167C,0.00668796617537737,-2.20761156082153,0.00258804095718365,0.172494935284428,0.00270146788485969,0.0126476549853881,-2.56840019249056,-1.89798999092726
YPL165C,0.00979413092136383,-2.14221405982971,0.00761259159836037,0.366986869217209,0.00104523125628475,0.030634873220697,-2.9807988972616,-1.51378391955546
YPL164C,0.0243383292108774,-1.63629710674286,0.0077811121453988,0.142556829037858,0.0114180211210623,0.0419840081284443,-1.94241018110352,-1.37691610786803
YPL163C,2.99558281898499,0.473563194274902,0.348725058268737,0.0503525358043855,2.36321738958359,3.74348478317261,0.37350367363669,0.573276071714168
YPL159C,0.351360738277435,-0.470248401165009,0.0955439382228094,0.119040658316594,0.189898625016212,0.569208124279976,-0.721478179812922,-0.244728931018059
YPL157W,0.297829210758209,-0.534925997257233,0.0599225818556284,0.0886150755857194,0.188955439751347,0.426409244785706,-0.723640640532299,-0.370173411050144
YPL156C,0.164338931441307,-0.803471565246582,0.0488436984022567,0.130936471803038,0.0817286197096109,0.273650191972653,-1.0876258358764,-0.56280424384528
YPL150W,0.110871374607086,-0.959424316883087,0.0155220870800661,0.0608291276706551,0.0827793794373671,0.142706543207169,-1.08207783521215,-0.845556113685496
YPL149W,0.0584065057337284,-1.27937889099121,0.0266630191278901,0.205397847129516,0.0192913361048947,0.119239739142358,-1.71463772782828,-0.923578982779711
YPL147W,0.015086991712451,-1.84810352325439,0.0052172174034307,0.155585766609514,0.00660956399515271,0.0267612409777939,-2.17982718820466,-1.57249375881936
YPL146C,0.632427632808685,-0.200858190655708,0.0586096980325761,0.0403605686326727,0.522150635719299,0.752282611529032,-0.282204188905428,-0.123618979112309
YPL145C,2.25348138809204,0.351942151784897,0.146056950366194,0.028161587568378,1.97632612685362,2.54874749978383,0.295858611140884,0.406326811583664
YPL141C,0.144132658839226,-0.844524323940277,0.0177475944098558,0.0535323403176996,0.112009646929801,0.182600099841753,-0.950744598245021,-0.738499239538056
YPL140C,0.126401588320732,-0.905307412147522,0.0228147026547532,0.0785974670283888,0.0871041834354401,0.177113921691974,-1.05996098644156,-0.751747329807214
YPL139C,0.340109378099442,-0.471978425979614,0.0438545150001601,0.0559705361784661,0.26028662075599,0.433957613507906,-0.584548157382036,-0.362552772154573
YPL137C,0.290260940790176,-0.538460373878479,0.0220610522680494,0.0329372175183525,0.249198347330093,0.335677466789881,-0.603454842220737,-0.474077811450545
YPL134C,0.088014654815197,-1.08506047725677,0.0323861480399658,0.163378510186809,0.0370020000574489,0.165061498930057,-1.43177533182844,-0.782354329333012
YPL133C,0.107213817536831,-0.981131434440613,0.0245474699028428,0.100053009683066,0.0657550086577733,0.160670399665833,-1.18207116806642,-0.79406412601128
YPL132W,0.217348724603653,-0.677548587322235,0.0563043444429704,0.114248939723921,0.120390269719064,0.341113339861234,-0.919408994138268,-0.467101404617652
YPL129W,1.16918528079987,0.061042919754982,0.208591930510054,0.0772148733549553,0.812663752337297,1.62549021939437,-0.0900891110440254,0.210984359896495
YPL128C,0.374731600284576,-0.42884886264801,0.040805636738358,0.0472847715525241,0.29955660700798,0.46158161337177,-0.523521099647457,-0.335751499317137
YPL127C,1.68827593326569,0.22367687523365,0.222887370971288,0.0572612017221684,1.2902345687151,2.16235460837682,0.110668633195843,0.334926897224393
YPL126W,1.31974387168884,0.119882047176361,0.0699104230442638,0.0229574997651917,1.18968425492446,1.46427125732104,0.0754317137565054,0.165621537241029
YPL125W,0.310017734766006,-0.509935975074768,0.0241678049143011,0.0339092677752195,0.264248130470514,0.358696699142456,-0.577988121594103,-0.445272619841493
YPL124W,0.117486573755741,-0.969168186187744,0.0496116384230179,0.189225728924522,0.042637164828678,0.238822318737706,-1.3702123734536,-0.621925090192635
YPL122C,0.238876506686211,-0.62563294172287,0.0315845120711271,0.0576879886654804,0.181042031322916,0.307397289822499,-0.742220594728642,-0.51229996613334
YPL120W,0.103057779371738,-0.994760036468506,0.0195757619459869,0.0829361550194031,0.068308913273116,0.146300957227747,-1.16552265372915,-0.834752833623331
YPL119C,0.0654098987579346,-1.19528687000275,0.0146486575388277,0.0982271814356395,0.0401231128101548,0.0985527663802107,-1.39660538115153,-1.00633119181745
YPL118W,0.632605969905853,-0.202592402696609,0.08294967691211,0.057017331515193,0.482376363376776,0.802426711718241,-0.316613986673513,-0.0955946380982971
YPL117C,2.90106749534607,0.460408091545105,0.289444310392563,0.0432111677806976,2.36819981535276,3.5065936088562,0.37441833760814,0.544885420345124
YPL112C,0.554547429084778,-0.259051114320755,0.0651642625327951,0.0510360054218466,0.433884976804256,0.696257948378721,-0.36262540464204,-0.157229909861317
YPL111W,3.18591666221619,0.501967549324036,0.243583394234822,0.0332062961662816,2.72546640833219,3.68109007676442,0.43544082325524,0.565976444796819
YPL109C,0.0455268174409866,-1.35548508167267,0.0113941348374388,0.110513745186091,0.0260973330587149,0.0703778173153599,-1.58340387185954,-1.1525642602036
YPL107W,0.10275599360466,-1.03690552711487,0.0484398736487503,0.212275824738755,0.0311445896824201,0.215722438693047,-1.50661742198782,-0.666104680264253
YPL104W,0.098860539495945,-1.01089370250702,0.016291263039179,0.0719853164894052,0.0694011662776271,0.133642638350526,-1.15863330465525,-0.874054959841125
YPL103C,0.198909416794777,-0.706599533557892,0.0309312045580936,0.0677843053552538,0.143930954237779,0.264325570811828,-0.841845859322683,-0.577860834820053
YPL101W,0.639592945575714,-0.195868909358978,0.0578523178167188,0.0392829767514723,0.531951117018859,0.758326804637909,-0.274128275309633,-0.120143593480762
YPL100W,0.279786586761475,-0.556487917900085,0.0346395903611563,0.0536999821327333,0.218042592828472,0.354208166897297,-0.661458670150444,-0.450741438447947
YPL093W,1.88850152492523,0.275499135255814,0.100875673306888,0.0231564554449574,1.70014087657134,2.10104809999466,0.23048490804235,0.322435994689158
YPL091W,2.35454249382019,0.371237099170685,0.131019622273165,0.0241140915286348,2.10846987167994,2.62249577244123,0.323967399063164,0.418714792789649
YPL089C,0.13128936290741,-0.885881721973419,0.0181191896030541,0.0598208307252756,0.0997231315821409,0.169204723710815,-1.00120410299586,-0.771587518188464
YPL088W,0.0860224068164825,-1.08416020870209,0.0252257528241569,0.129190975799918,0.0452316063766678,0.142126023893555,-1.34455800670589,-0.84732639907631
YPL087W,0.453864842653275,-0.347727656364441,0.066495659886883,0.0637431160106095,0.334080160160859,0.595125417908033,-0.476149316186002,-0.225391500659685
YPL086C,0.933532536029816,-0.030926464125514,0.0651529602151068,0.0302887481765879,0.810624832411607,1.0700212597847,-0.0911800965571921,0.0293924064314118
YPL085W,0.702870786190033,-0.153601616621017,0.0330865739251125,0.0203230981791435,0.644586168726285,0.774087030688921,-0.190719019529616,-0.111210212808297
YPL084W,0.399887681007385,-0.399317473173141,0.0304680555979754,0.03301861807622,0.343631248921156,0.464365775883198,-0.463907349913033,-0.333139799172686
YPL078C,1.87531292438507,0.268668621778488,0.268013245361133,0.0619097513358547,1.39767587184906,2.45391789078712,0.145406467984469,0.389860026866845
YPL077C,0.127108678221703,-0.945463180541992,0.0602310155730768,0.214800075946982,0.0391177094231049,0.271262792746226,-1.40762666487961,-0.566609777411711
YPL076W,0.0961014330387115,-1.04920554161072,0.0364935338156425,0.170381100863729,0.0396247939517101,0.178780460854371,-1.40203298324597,-0.74767995882136
YPL072W,0.0591498166322708,-1.24390089511871,0.0159877844408145,0.118335418353998,0.0328326373361051,0.0957785833626985,-1.4836943209199,-1.01873163608147
YPL069C,0.205387353897095,-0.696586310863495,0.0421384534575989,0.0896987782009719,0.132775447517633,0.296118682871262,-0.876882227973032,-0.52853443881856
YPL068C,0.205612376332283,-0.699335038661957,0.0486978557445193,0.104913512767988,0.122280656235913,0.311174195011457,-0.91264235787784,-0.506996431864098
YPL065W,0.304369956254959,-0.534620642662048,0.0871036422878774,0.126722875285704,0.163639129449924,0.495935427894195,-0.786112903159437,-0.304574866155872
YPL064C,0.168263822793961,-0.786407947540283,0.0398378856985474,0.104989978448277,0.0990587685878078,0.253539904703697,-1.0041070780319,-0.595953677275919
YPL063W,1.51249432563782,0.17882040143013,0.0959605870208266,0.0275574765462189,1.335358902812,1.70810872813066,0.125598003636008,0.232515506434378
YPL061W,22.4730453491211,1.3512487411499,0.986129922120272,0.0189638780233567,20.6722953478495,24.5096437772115,1.31538870049505,1.38933699926227
YPL060W,0.0370579846203327,-1.46134054660797,0.0136406453478021,0.16617346160698,0.0147746717557311,0.0680130380516251,-1.83048215892442,-1.16740784237739
YPL058C,0.487801551818848,-0.312417507171631,0.0269523109955811,0.0239414436301451,0.437426137179136,0.54299291074276,-0.359095270535591,-0.265205841626623
YPL057C,0.315888255834579,-0.505079567432404,0.0459028835375266,0.063577091867008,0.231530622765422,0.411147893468539,-0.635391582669645,-0.386001931426187
YPL055C,0.235102713108063,-0.636519730091095,0.0443250934850365,0.0827190284391054,0.155589317406217,0.328931876271963,-0.80802022451739,-0.482894155332317
YPL054W,0.0238929931074381,-1.71139216423035,0.0151995610882329,0.294325395887675,0.00423576192309459,0.0623563788831234,-2.37308025827458,-1.2051191128023
YPL053C,0.862775862216949,-0.0657201260328293,0.0745793135982067,0.0374915744336308,0.72530954827865,1.01740355292956,-0.139476608803825,0.00749324912434508
YPL050C,1.40290331840515,0.145630925893784,0.112871563764083,0.0348133862105894,1.19687483310699,1.64216999510924,0.0780487184764168,0.215418102125749
YPL045W,0.131564408540726,-0.884693920612335,0.0174914198542361,0.0577574735461516,0.10054882671684,0.167508841181795,-0.997622992922152,-0.775962268313814
YPL043W,1.02718484401703,0.0107987588271499,0.0643247894479087,0.0271842532473264,0.905824616551399,1.15769380132357,-0.0429558853975467,0.0635936976287892
YPL039W,0.107628494501114,-0.990495383739471,0.0347389180223601,0.141102100708171,0.0522192314577599,0.18581165013214,-1.28216955970392,-0.730927059897566
YPL032C,0.666121125221252,-0.177405685186386,0.0443976618556224,0.0288333059452157,0.585380615790685,0.759616076946259,-0.232561664550817,-0.119405852182573
YPL031C,0.718407392501831,-0.148132041096687,0.103521130973207,0.0626698399132267,0.530792383849621,0.941410076121489,-0.275075362599127,-0.0262211582179517
YPL030W,0.434792578220367,-0.363787174224854,0.0425449654526797,0.0424143506853815,0.356165406356255,0.527029772102833,-0.448348267008799,-0.278164869412006
YPL028W,8.20701599121094,0.913490891456604,0.465526560163949,0.0245138608140908,7.34065226316452,9.16912739276886,0.865734651421975,0.96232800266128
YPL024W,0.121583558619022,-0.968007802963257,0.059362010177983,0.222407746089005,0.034776872365425,0.26151424869895,-1.45870977362525,-0.582504655249243
YPL023C,0.573274195194244,-0.24291718006134,0.0440343418574769,0.0333697070670119,0.491006144384543,0.663820405801137,-0.308913073147337,-0.177949404622252
YPL017C,0.0248670019209385,-1.6407425403595,0.0100380070984822,0.182324046710546,0.00938055417500436,0.0477069541811943,-2.02777151707454,-1.32141830979876
YPL015C,0.428812444210052,-0.372124314308167,0.0609244353246045,0.0619488401091699,0.31945464387536,0.556421747306982,-0.495590893093076,-0.254595932858848
YPL012W,1.41721415519714,0.150972053408623,0.0656235300194636,0.0200280572599702,1.29982822636763,1.55665871997674,0.113885962512619,0.192193408766875
YPL011C,0.187526345252991,-0.736297726631165,0.0389140571929485,0.0906885329295485,0.120250352347891,0.272941667089859,-0.919913643774328,-0.563930799696397
YPL007C,0.158872023224831,-0.803852558135986,0.0238534493306825,0.0654426106458411,0.115337685930232,0.210607219859958,-0.938028777371975,-0.676526746758329
YPL006W,0.252054244279861,-0.600234985351562,0.0224847511849205,0.0387995962464894,0.210062071681023,0.296968638896942,-0.677652355716982,-0.527289411535113
YPL004C,4.50004863739014,0.652165174484253,0.313938952575337,0.0302358613308072,3.9178425292174,5.16891738971074,0.593046974898498,0.713399590800764
YPL003W,0.0983371958136559,-1.01835381984711,0.0221170120709811,0.0989960083226003,0.0610972940921783,0.147230937083562,-1.21397802358491,-0.832001078919331
YPL002C,0.0918205976486206,-1.12506067752838,0.0578570062496008,0.291858425568319,0.0165604975695411,0.23606115107735,-1.78092689347916,-0.626975479979781
YPL001W,0.361353248357773,-0.446898728609085,0.0539596629028816,0.0649076998151077,0.266163065532843,0.473963163793087,-0.574852263509177,-0.324255491763693
YPR001W,0.00651882728561759,-2.31135582923889,0.0048879808401811,0.354997280305196,0.000796370053042968,0.0188205336686224,-3.09889073925053,-1.72536809160342
YPR002W,0.0519697815179825,-1.30260634422302,0.0150317336197537,0.128024080992907,0.0269227977997313,0.0856341336543361,-1.56987983444573,-1.06735314898456
YPR004C,1.09172546863556,0.0358285047113895,0.112037843386505,0.0446087664480839,0.885230541725953,1.32353874643644,-0.0529436134476087,0.121736622653095
YPR005C,0.0249638464301825,-1.70283925533295,0.0170132932087661,0.309653466545836,0.0042370584133702,0.0690408211822311,-2.37293770349043,-1.16089406448291
YPR008W,0.219358220696449,-0.661565601825714,0.0245564113627631,0.048677687163985,0.173745274543762,0.270204156637192,-0.760086998349223,-0.568307974371314
YPR009W,0.200086399912834,-0.72000914812088,0.0625071446984187,0.137651720654451,0.0992013618350029,0.34434776181976,-1.00348258000172,-0.463002742737653
YPR010C,2.58424735069275,0.411961227655411,0.107522470882744,0.0179921473419016,2.39326440493266,2.81127861738205,0.378990681326163,0.448903889243451
YPR011C,0.22996823489666,-0.647857546806335,0.0481180052194607,0.0915476479706862,0.147491293524702,0.337126075228055,-0.831233678257295,-0.472207680348447
YPR013C,0.020336551591754,-1.78357362747192,0.0129474657819103,0.300466223878205,0.00332203245100876,0.0522061744704842,-2.47859613682415,-1.28227813158726
YPR015C,0.0913902372121811,-1.09913122653961,0.0475831679159948,0.238242623059346,0.0240550529832641,0.208799895644188,-1.61879378421712,-0.680269798267821
YPR018W,0.180686205625534,-0.746790111064911,0.0236450187434963,0.0569409207852438,0.137137219309807,0.231888732562462,-0.862844660840092,-0.634720385738246
YPR023C,0.535165369510651,-0.274383991956711,0.0615560732672311,0.0500445084917469,0.421707581728697,0.666783253848553,-0.37498859371899,-0.176015316003488
YPR024W,0.837200999259949,-0.0780983120203018,0.0549060019954026,0.0283605961152496,0.736090259750684,0.952710565924644,-0.133068929005747,-0.0210390275416146
YPR025C,0.174056649208069,-0.767817318439484,0.0343630436673006,0.0866087657451793,0.112581146073838,0.245699833954374,-0.948534497874094,-0.60959514107436
YPR026W,0.0294538717716932,-1.54030883312225,0.00611798567932377,0.0913844583895859,0.0184400404027353,0.0425497822153071,-1.73423830327487,-1.3711026842223
YPR027C,0.0171217136085033,-1.90090191364288,0.0135812207256958,0.365453562524915,0.00184320845582988,0.0544899673511584,-2.73442584588858,-1.26368362542915
YPR029C,0.508670747280121,-0.29461532831192,0.0355223691749043,0.0302320753453254,0.443351304282745,0.581847399969896,-0.353252010005528,-0.235190905977063
YPR030W,0.010141653008759,-2.02018094062805,0.0035213421695623,0.153511717554892,0.00461932445565859,0.0179287263813118,-2.33542155730539,-1.74645066640755
YPR034W,0.703106045722961,-0.154722794890404,0.0631413374487508,0.0389310607282314,0.587025018533071,0.834416948755582,-0.231343405689353,-0.0786168940311587
YPR036W,4.50462770462036,0.65302050113678,0.245647965199673,0.0235832631354293,4.06669203440348,5.01645065148671,0.60924128351032,0.700396533714061
YPR040W,0.258082717657089,-0.595076680183411,0.0458778705577461,0.07727591931044,0.177078738932808,0.356775233149528,-0.751833624776351,-0.447605302052447
YPR041W,4.70508098602295,0.671872973442078,0.266379854567072,0.0245949457835488,4.19852305253347,5.23867273330688,0.623096542052667,0.719221268354729
YPR045C,0.49188306927681,-0.310520172119141,0.0516000155138334,0.0455068128705235,0.399592608213425,0.598324767748515,-0.398382554084225,-0.223063019722535
YPR047W,0.0734766870737076,-1.14815020561218,0.018860349371118,0.112342044587912,0.0420204823215803,0.113853470856945,-1.37653900658025,-0.943653773446455
YPR054W,0.00906579475849867,-2.16013193130493,0.00653532934666806,0.34204856325109,0.00119244552430852,0.0251960567509134,-2.92356155090176,-1.59866749788146
YPR057W,0.0946623906493187,-1.04204094409943,0.0273563949689489,0.127419831653071,0.0481308328298231,0.157612472896775,-1.31757820171869,-0.802409417085049
YPR058W,0.864249110221863,-0.0665310546755791,0.104580080198166,0.052528954795749,0.673542474706968,1.08353696664174,-0.171635218778058,0.0348437324752226
YPR061C,0.0840890854597092,-1.10112917423248,0.0288470383502384,0.152700483361942,0.0371524188667536,0.151420196642478,-1.43001290824536,-0.819816210034292
YPR065W,0.627797424793243,-0.204758137464523,0.0686419165711402,0.0473118212453098,0.505020811657111,0.772876359522343,-0.296690724535284,-0.111889977962416
YPR066W,0.121715098619461,-0.93578976392746,0.0375743459300229,0.138128316761775,0.0594288490091761,0.201480552554131,-1.22600268267702,-0.695766866773624
YPR068C,0.0605651140213013,-1.23362457752228,0.016323698032038,0.11855993086455,0.033807773112009,0.0962237431357303,-1.47098344455776,-1.01671794697124
YPR072W,0.725005447864532,-0.141029193997383,0.0576457401423401,0.0345226317326991,0.617638838787874,0.84182741244634,-0.209265403793106,-0.0747769392467671
YPR074C,9.45011043548584,0.975080847740173,0.384054815092869,0.017557081070123,8.7558546145757,10.279101785024,0.942298541769781,1.01195516649183
YPR078C,0.0204609334468842,-1.7497923374176,0.0106164203709902,0.240260650004245,0.00543969333327065,0.0464627081838747,-2.26442562212406,-1.33289554772852
YPR079W,0.265621334314346,-0.581643760204315,0.0439178818286455,0.0718550520923974,0.18664371855557,0.360715508709351,-0.728986684946357,-0.442835205794958
YPR085C,0.0422020219266415,-1.39849019050598,0.013870764345778,0.146547596322133,0.0195368554598341,0.0746236033737659,-1.70914782009977,-1.12712404651677
YPR086W,1.04915618896484,0.0185752306133509,0.10707024765291,0.0444479777560728,0.850592997173468,1.26924729347229,-0.0702781971040651,0.103546245993284
YPR088C,2.37876963615417,0.375642031431198,0.136374223397017,0.0248153443046975,2.12888523538907,2.65846782724063,0.328152249070368,0.424631404388742
YPR089W,0.231680050492287,-0.637013673782349,0.0217249015417038,0.0406757690291742,0.192087171350916,0.276806597659985,-0.716501638988386,-0.55782358606893
YPR091C,0.285279601812363,-0.546567261219025,0.026280155745512,0.0399787218455785,0.237103591238459,0.339609320710103,-0.625061868093415,-0.469020404363762
YPR103W,3.64029169082642,0.559531092643738,0.313219446283667,0.0373429473562253,3.07005486687024,4.30010145107905,0.487146133342834,0.633478701792848
YPR105C,0.166266664862633,-0.781738698482513,0.0179892661920549,0.0470917602403805,0.132286568358541,0.20420919607083,-0.878484251001673,-0.689924725561948
YPR106W,0.213903591036797,-0.675007700920105,0.0333251359261343,0.0674470305231176,0.155744704355796,0.285108848164479,-0.807586711917412,-0.544989305240348
YPR108W,1.64928579330444,0.216123849153519,0.121351456219634,0.0319142069136295,1.41962637404601,1.90019748310248,0.152174041592194,0.278798737190624
YPR110C,3.58748364448547,0.553680956363678,0.256671998241607,0.031069223357864,3.10307991504669,4.12295801242193,0.49179295645188,0.615208911730078
YPR111W,0.0941566377878189,-1.03397035598755,0.0177650537668985,0.0830634547717616,0.0614891332574189,0.132407536605994,-1.21120165633272,-0.878087388724041
YPR112C,0.802214443683624,-0.0964255630970001,0.0461651202043714,0.0249391382130158,0.716811133921146,0.896134122212727,-0.144595259380213,-0.0476270289604014
YPR114W,0.729302763938904,-0.141003206372261,0.0976053152768238,0.0585269805836086,0.551776224374771,0.940617280205091,-0.258237025229484,-0.0265870580270826
YPR116W,0.0420620255172253,-1.4497926235199,0.0242078969271879,0.264699065373489,0.00966178528033197,0.101830458020171,-2.01494331634939,-0.992122303746154
YPR117W,0.0059452960267663,-2.25175905227661,0.00204412420363429,0.152558609251022,0.00269917335244827,0.0105464429749797,-2.56876946023696,-1.97689399507716
YPR118W,1.40233099460602,0.145376190543175,0.115601822585648,0.0358170635082162,1.18338542878628,1.64459625879923,0.0731261628351868,0.216059293357991
YPR119W,0.334931164979935,-0.478295177221298,0.0409366793063396,0.0532766011907462,0.259082638969024,0.420850574970245,-0.586561809832202,-0.375872075150233
YPR120C,0.181438624858856,-0.748157918453217,0.0322694222505329,0.0777398090763504,0.124700615430872,0.251229974379142,-0.904131465517229,-0.599928583070159
YPR125W,0.349262893199921,-0.460208594799042,0.0433960484049679,0.0541989695912726,0.269554632902145,0.440806150933107,-0.56935331629414,-0.355752356621548
YPR127W,0.295814007520676,-0.53564465045929,0.0517396085143356,0.076455422986693,0.202884343266487,0.408079954733451,-0.692751475531701,-0.389254792805181
YPR129W,1.31255686283112,0.116197593510151,0.123767088489286,0.0408282555718748,1.08951848745346,1.57482794324557,0.0372345945058152,0.197233111087782
YPR133C,0.719209253787994,-0.145333781838417,0.0722201790833303,0.0436579527867581,0.583078449467818,0.867604251702626,-0.23427322902916,-0.0616783338967606
YPR135W,0.295133471488953,-0.531555652618408,0.0251551400259619,0.0369949301485424,0.248823194950819,0.345421986530224,-0.604109159559133,-0.461650022539212
YPR137W,0.587907135486603,-0.232238352298737,0.0496936734243613,0.0366798787371004,0.495611039797465,0.689807251592477,-0.304859028607379,-0.161272258852983
YPR138C,0.0661961510777473,-1.19353628158569,0.0169801546796779,0.112787977331122,0.0377996029953162,0.104137501431008,-1.42251345320252,-0.982392906937454
YPR139C,0.474410265684128,-0.330163896083832,0.0809557494739623,0.0743367455529271,0.329253313193719,0.650484404464562,-0.482469859556636,-0.186763159474929
YPR144C,0.487680315971375,-0.313786268234253,0.0459525671808006,0.0408696944815639,0.403590978682041,0.581814282635848,-0.394058550936413,-0.235215652363296
YPR147C,0.349683582782745,-0.464778423309326,0.069163507645899,0.0860462394832544,0.229527774949869,0.50075354774793,-0.639164780431055,-0.300375979694365
YPR148C,0.790478110313416,-0.104008175432682,0.0741314500049736,0.0406010141998111,0.654299804071585,0.940231997271379,-0.184223237380262,-0.0267649736149041
YPR152C,0.142903313040733,-0.852807819843292,0.027143148080203,0.0830132202182103,0.0952832570299506,0.202793717384338,-1.0209834063247,-0.692945503715321
YPR155C,0.146172478795052,-0.840173244476318,0.0221881747583925,0.0664914440180246,0.105651398251454,0.191967720910907,-0.976124756740145,-0.716771807073593
YPR157W,0.00682166311889887,-2.29704070091248,0.0053124528589813,0.362657894079845,0.000786407099318846,0.0210201230676224,-3.10435297571415,-1.67736525868027
YPR158W,0.411638289690018,-0.400683343410492,0.108549558271951,0.116172960631602,0.226570163543026,0.655228867630164,-0.644797409615621,-0.183606979323251
YPR161C,0.369953662157059,-0.433876723051071,0.0357165539781705,0.0419754643741231,0.30264849687616,0.444081594049931,-0.519061480845066,-0.352537229300777
YPR162C,0.165032789111137,-0.787761032581329,0.0257769693538064,0.0684030053003973,0.116572908995052,0.220758794993162,-0.933402378645124,-0.65608198565213
YPR163C,8.5966682434082,0.933761060237885,0.441910430453574,0.0222529350579911,7.76492273012797,9.54287222226461,0.890137134206659,0.979679108479942
YPR167C,0.15803499519825,-0.82802140712738,0.0550002284478732,0.155552780742415,0.0700830488155286,0.282480561981598,-1.15438702419399,-0.549012357940895
YPR169W,0.666765213012695,-0.177724674344063,0.0590907988860384,0.038403975874634,0.559185323119163,0.792944433291753,-0.252444255141585,-0.100757257720667
YPR171W,0.233798503875732,-0.634343802928925,0.0282549319211636,0.0527609519744622,0.181534193083644,0.292049354314804,-0.741041563720371,-0.534543782282343
YPR173C,0.668610870838165,-0.176905065774918,0.0656807587380713,0.0424701716560166,0.55038868089517,0.806487968564033,-0.259330521565,-0.0934021071706458
YPR178W,0.226842015981674,-0.64906769990921,0.0336550848514799,0.0647415657243761,0.165801381816467,0.297404208530982,-0.780411873210092,-0.526652898307119
YPR180W,0.309802353382111,-0.514749228954315,0.0508548199061155,0.0713697003536554,0.220295383657018,0.417287483563026,-0.656994608296201,-0.379564648546797
YPR181C,2.75254678726196,0.439269155263901,0.128319909546566,0.0201327723600597,2.52150989770889,3.02783028483391,0.401660673898387,0.481131518779418
YPR185W,0.103793665766716,-0.989180445671082,0.0162644448291926,0.0684918652391255,0.0743670508886377,0.139402567222714,-1.1286198104337,-0.855729895687615
YPR186C,0.145976811647415,-0.843884587287903,0.0282169925804768,0.0848417048357077,0.0941808172812064,0.210007875536879,-1.02603782229687,-0.67776451451164
YPR191W,1.26955473423004,0.101939111948013,0.113056679631978,0.0385672270196708,1.06467140515645,1.49718596041203,0.0272155891485728,0.175275737746802
YPR192W,0.0146613158285618,-1.97223770618439,0.011978499899432,0.372692199188653,0.00152263881075972,0.0467061943374574,-2.8174047523789,-1.3306256889237
YPR198W,0.237142354249954,-0.628781259059906,0.031386119947199,0.0574650027544058,0.179460876310865,0.305903376638889,-0.746030215935311,-0.514415729142486
YPR199C,0.120649538934231,-0.94067656993866,0.0384076360374039,0.141202133083627,0.0578002522699535,0.208749118695656,-1.23807108012779,-0.680375364095093
YPR201W,0.0238701347261667,-1.67335689067841,0.0115454476951413,0.219000094363658,0.00690863706404343,0.0515817052063841,-2.16060764179611,-1.28750549851166
